Hardness,Seed,Objective,feas,surplus,Runtime,solutions
0,1,18328.876152156874,[1.],[0.05],864.2768859863281,[(42.98067;[1.];[0.05];18661.83346;[1.];[0.05];18328.87615)]
0,2,18008.345280416856,[0.9415],[-0.0085],7111.804008483887,"[(225.24738;[0.91];[-0.04];20363.93627;[0.9237];[-0.0263];18184.45898),(438.67826;[1.];[0.05];15009.16000;[0.9989];[0.0489];14317.23384),(645.29204;[0.91];[-0.04];20363.93627;[0.9237];[-0.0263];18184.45898),(834.97047;[0.91];[-0.04];20363.93627;[0.9237];[-0.0263];18184.45898),(996.05918;[0.91];[-0.04];20363.93627;[0.9237];[-0.0263];18184.45898),(1137.01344;[0.91];[-0.04];20363.93627;[0.9237];[-0.0263];18184.45898),(1326.09773;[1.];[0.05];15009.16000;[0.9989];[0.0489];14317.23384),(1478.98602;[0.91];[-0.04];20363.93627;[0.9237];[-0.0263];18184.45898),(1934.16476;[0.96];[0.01];19993.97718;[0.9415];[-0.0085];18008.34528)]"
0,3,18247.032308011978,[1.],[0.05],1075.7842063903809,[(506.31261;[1.];[0.05];18021.62079;[1.];[0.05];18247.03231)]
0,4,18213.73955181916,[1.],[0.05],686.6436004638672,[(121.08898;[1.];[0.05];17647.46256;[1.];[0.05];18213.73955)]
0,5,17939.368321919592,[1.],[0.05],936.2132549285889,[(330.90496;[1.];[0.05];18195.63156;[1.];[0.05];17939.36832)]
0,6,17833.81934403228,[1.],[0.05],658.6110591888428,[(27.79269;[1.];[0.05];17686.00061;[1.];[0.05];17833.81934)]
0,7,18298.29349698812,[1.],[0.05],698.4102725982666,[(108.56414;[1.];[0.05];18284.68733;[1.];[0.05];18298.29350)]
0,8,18161.03189376399,[0.9131],[-0.0369],691.7061805725098,[(70.24217;[0.97];[0.02];19459.56086;[0.9131];[-0.0369];18161.03189)]
0,9,18083.889285827914,[0.8968],[-0.0532],897.1848487854004,[(56.67543;[0.95];[0.];19136.21715;[0.8968];[-0.0532];18083.88929)]
0,10,18221.066567165224,[1.],[0.05],197719.88606452942,"[(243.16597;[0.9];[-0.05];20668.26229;[0.8949];[-0.0551];18097.64738),(768.51416;[1.];[0.05];14760.83620;[0.9995];[0.0495];14066.09496),(1011.75237;[0.9];[-0.05];20668.26229;[0.8949];[-0.0551];18097.64738),(1250.53525;[0.9];[-0.05];20668.26229;[0.8949];[-0.0551];18097.64738),(1482.14650;[0.9];[-0.05];20668.26229;[0.8949];[-0.0551];18097.64738),(1906.34155;[1.];[0.05];14760.83620;[0.9995];[0.0495];14066.09496),(2116.99414;[0.9];[-0.05];20668.26229;[0.8949];[-0.0551];18097.64738),(2384.51171;[0.97];[0.02];17630.72650;[0.9858];[0.0358];16403.87108),(2651.99018;[0.9];[-0.05];20628.77914;[0.8982];[-0.0518];18108.27275),(3043.92505;[1.];[0.05];14760.83620;[0.9995];[0.0495];14066.09496),(3323.08054;[0.9];[-0.05];20628.77914;[0.8982];[-0.0518];18108.27275),(3578.44973;[0.99];[0.04];16623.29187;[0.9932];[0.0432];15599.79284),(3897.69244;[0.9];[-0.05];20555.22136;[0.9119];[-0.0381];18144.65983),(4168.16592;[0.99];[0.04];16623.29187;[0.9932];[0.0432];15599.79284),(4450.35481;[0.93];[-0.02];18814.88089;[0.9721];[0.0221];17264.29215),(4725.55733;[0.97];[0.02];17630.72650;[0.9858];[0.0358];16403.87108),(4987.28442;[0.93];[-0.02];18814.88089;[0.9721];[0.0221];17264.29215),(5256.86121;[1.];[0.05];14811.55681;[0.9993];[0.0493];14103.56035),(5519.20795;[0.9];[-0.05];20668.26229;[0.8949];[-0.0551];18097.64738),(5792.13262;[0.9];[-0.05];20668.26229;[0.8949];[-0.0551];18097.64738),(6070.07551;[0.9];[-0.05];20668.26229;[0.8949];[-0.0551];18097.64738),(6432.45912;[1.];[0.05];14811.55681;[0.9993];[0.0493];14103.56035),(6666.83054;[0.9];[-0.05];20668.26229;[0.8949];[-0.0551];18097.64738),(7098.38343;[0.98];[0.03];17487.34191;[0.9877];[0.0377];16310.56724),(7340.77144;[0.9];[-0.05];20668.26229;[0.8949];[-0.0551];18097.64738),(7646.83557;[1.];[0.05];15945.26660;[0.9977];[0.0477];15035.92489),(7936.48338;[0.9];[-0.05];20668.26229;[0.8949];[-0.0551];18097.64738),(8316.62798;[1.];[0.05];14856.92264;[0.9993];[0.0493];14133.24695),(8574.02444;[0.9];[-0.05];20668.26229;[0.8949];[-0.0551];18097.64738),(8826.19119;[0.9];[-0.05];20668.26229;[0.8949];[-0.0551];18097.64738),(9330.99461;[0.93];[-0.02];19573.16640;[0.9572];[0.0072];17714.04366),(9652.57597;[0.93];[-0.02];19511.70115;[0.9592];[0.0092];17700.70678),(9946.68126;[1.];[0.05];17551.49152;[0.9999];[0.0499];16533.61591),(10209.38993;[0.9];[-0.05];20668.26229;[0.8949];[-0.0551];18097.64738),(10619.27104;[0.92];[-0.03];19616.58393;[0.9524];[0.0024];17775.41966),(11607.26547;[1.];[0.05];15417.99711;[1.];[0.05];14794.40889),(11869.82274;[0.9];[-0.05];20668.26229;[0.8949];[-0.0551];18097.64738),(12254.15754;[0.99];[0.04];16853.64928;[0.9922];[0.0422];15799.49100),(12452.83079;[0.93];[-0.02];19013.06904;[0.9684];[0.0184];17423.26012),(12748.00777;[0.97];[0.02];17753.76405;[0.9843];[0.0343];16489.35853),(13072.45159;[0.95];[0.];18418.84941;[0.9767];[0.0267];17000.79078),(13474.94197;[0.9];[-0.05];20634.14838;[0.8977];[-0.0523];18096.73690),(13817.61122;[0.98];[0.03];17405.47353;[0.9887];[0.0387];16217.79687),(14210.11949;[0.97];[0.02];18224.59343;[0.9755];[0.0255];16727.88548),(14376.26600;[0.9];[-0.05];20603.64494;[0.9041];[-0.0459];18125.50242),(14859.74264;[0.98];[0.03];17431.93174;[0.988];[0.038];16228.95870),(15404.15668;[0.97];[0.02];18120.77783;[0.982];[0.032];16709.06454),(15725.05021;[0.9];[-0.05];20668.26229;[0.8949];[-0.0551];18097.64738),(16188.53951;[1.];[0.05];14827.05300;[0.9993];[0.0493];14119.42008),(16433.53724;[0.9];[-0.05];20668.26229;[0.8949];[-0.0551];18097.64738),(16761.41548;[0.9];[-0.05];20668.26229;[0.8949];[-0.0551];18097.64738),(17082.37910;[0.9];[-0.05];20668.26229;[0.8949];[-0.0551];18097.64738),(17229.65765;[1.];[0.05];14825.78174;[0.9993];[0.0493];14118.16198),(17564.04018;[0.9];[-0.05];20616.14453;[0.9012];[-0.0488];18112.63141),(17879.80700;[1.];[0.05];15966.66104;[0.9978];[0.0478];15058.36765),(18254.21071;[0.9];[-0.05];20668.26229;[0.8949];[-0.0551];18097.64738),(18724.60675;[0.97];[0.02];17979.17313;[0.9832];[0.0332];16692.01746),(19049.27349;[0.9];[-0.05];20652.77436;[0.8966];[-0.0534];18090.35191),(19532.49121;[0.98];[0.03];17322.45385;[0.9893];[0.0393];16160.60228),(19955.30534;[0.97];[0.02];18234.08163;[0.9805];[0.0305];16777.67381),(20594.06781;[0.93];[-0.02];19037.46244;[0.9673];[0.0173];17425.96152),(21119.65299;[0.98];[0.03];17317.60718;[0.9889];[0.0389];16151.07090),(21286.31067;[0.93];[-0.02];19555.78512;[0.9579];[0.0079];17716.58226),(21572.52216;[0.93];[-0.02];19013.58832;[0.9684];[0.0184];17423.86378),(22226.92990;[0.95];[0.];18182.37485;[0.9756];[0.0256];16783.95447),(22778.81145;[0.97];[0.02];17773.28376;[0.9793];[0.0293];16459.36392),(22944.54670;[0.9];[-0.05];20603.64494;[0.9041];[-0.0459];18125.50242),(23883.51345;[0.97];[0.02];18184.15572;[0.981];[0.031];16763.28814),(24548.96522;[0.96];[0.01];18092.06223;[0.9753];[0.0253];16600.91402),(24683.44665;[0.93];[-0.02];18948.04553;[0.9678];[0.0178];17323.80698),(25027.75455;[1.];[0.05];16876.09387;[1.];[0.05];16013.31144),(25725.12794;[0.99];[0.04];18236.40430;[0.9975];[0.0475];17012.49759),(25997.82538;[0.9];[-0.05];20603.64494;[0.9041];[-0.0459];18125.50242),(26258.12125;[0.93];[-0.02];19263.96599;[0.9597];[0.0097];17452.49783),(26573.76051;[0.93];[-0.02];18792.00029;[0.9696];[0.0196];17282.54673),(27258.92782;[0.98];[0.03];17402.29262;[0.988];[0.038];16210.42416),(27501.73140;[0.97];[0.02];17985.10174;[0.9779];[0.0279];16613.34158),(28215.15441;[0.98];[0.03];17598.94763;[0.9861];[0.0361];16319.23491),(28696.94877;[0.98];[0.03];17636.34087;[0.9859];[0.0359];16389.05994),(28876.98460;[0.97];[0.02];17787.36738;[0.9789];[0.0289];16446.50188),(29263.68046;[0.9];[-0.05];20668.26229;[0.8949];[-0.0551];18097.64738),(29553.01070;[0.9];[-0.05];20603.64494;[0.9041];[-0.0459];18125.50242),(29731.44317;[1.];[0.05];15023.24791;[0.9993];[0.0493];14291.88764),(29992.87033;[0.9];[-0.05];20668.26229;[0.8949];[-0.0551];18097.64738),(30276.53480;[0.9];[-0.05];20668.26229;[0.8949];[-0.0551];18097.64738),(30500.03600;[0.9];[-0.05];20668.26229;[0.8949];[-0.0551];18097.64738),(31230.47042;[1.];[0.05];15356.87234;[1.];[0.05];15070.51123),(31964.48064;[1.];[0.05];15134.37970;[1.];[0.05];14549.67843),(32162.23264;[0.9];[-0.05];20603.64494;[0.9041];[-0.0459];18125.50242),(32405.04646;[0.9];[-0.05];20668.26229;[0.8949];[-0.0551];18097.64738),(32521.62337;[0.96];[0.01];18283.61378;[0.9793];[0.0293];16820.38387),(32736.68289;[0.93];[-0.02];19623.86352;[0.9564];[0.0064];17770.07798),(32915.36593;[0.97];[0.02];18219.50045;[0.9753];[0.0253];16721.13673),(33392.73906;[0.9];[-0.05];20611.39198;[0.9017];[-0.0483];18119.42887),(33763.38100;[1.];[0.05];15973.92510;[0.9975];[0.0475];15056.06221),(34055.16791;[0.9];[-0.05];20668.26229;[0.8949];[-0.0551];18097.64738),(34528.99241;[1.];[0.05];14911.14173;[0.9993];[0.0493];14173.99535),(34791.12363;[0.9];[-0.05];20668.26229;[0.8949];[-0.0551];18097.64738),(35063.29989;[0.9];[-0.05];20668.26229;[0.8949];[-0.0551];18097.64738),(35323.06409;[0.9];[-0.05];20668.26229;[0.8949];[-0.0551];18097.64738),(35508.11577;[1.];[0.05];15355.69580;[1.];[0.05];14682.87190),(35697.47639;[0.92];[-0.03];19657.34786;[0.9537];[0.0037];17809.36543),(36060.30893;[0.92];[-0.03];19636.37626;[0.9539];[0.0039];17792.90671),(36690.49788;[1.];[0.05];15212.81725;[1.];[0.05];14812.13983),(37234.52091;[0.97];[0.02];17751.59378;[0.9851];[0.0351];16428.49338),(37505.73063;[0.9];[-0.05];20668.26229;[0.8949];[-0.0551];18097.64738),(37756.40559;[0.92];[-0.03];19615.39237;[0.9518];[0.0018];17775.58780),(38300.77767;[0.95];[0.];18266.99738;[0.9742];[0.0242];16743.05420),(39345.38651;[0.98];[0.03];17640.98737;[0.9859];[0.0359];16397.08757),(39974.71404;[0.97];[0.02];17830.67911;[0.9788];[0.0288];16481.12519),(41117.01107;[0.93];[-0.02];19347.51395;[0.9591];[0.0091];17523.69011),(41857.47933;[0.97];[0.02];18043.46114;[0.9822];[0.0322];16749.09825),(42503.93462;[0.96];[0.01];18272.05028;[0.9788];[0.0288];16807.16609),(42686.96642;[1.];[0.05];18463.95866;[0.9988];[0.0488];17139.29540),(43009.31716;[0.93];[-0.02];19085.18199;[0.9673];[0.0173];17462.18046),(43506.79612;[0.9];[-0.05];20668.26229;[0.8949];[-0.0551];18097.64738),(44004.97198;[1.];[0.05];15379.10855;[1.];[0.05];14771.36149),(44279.46115;[0.9];[-0.05];20668.26229;[0.8949];[-0.0551];18097.64738),(44730.94296;[0.9];[-0.05];20668.26229;[0.8949];[-0.0551];18097.64738),(45332.52096;[0.9];[-0.05];20668.26229;[0.8949];[-0.0551];18097.64738),(45836.78818;[1.];[0.05];16204.45373;[1.];[0.05];16106.34954),(46402.20881;[1.];[0.05];15512.93102;[1.];[0.05];15229.26391),(46819.67735;[1.];[0.05];16180.87028;[1.];[0.05];15422.02230),(47123.94261;[0.9];[-0.05];20668.26229;[0.8949];[-0.0551];18097.64738),(47371.47760;[0.9];[-0.05];20668.26229;[0.8949];[-0.0551];18097.64738),(47885.58674;[1.];[0.05];14878.36476;[0.9993];[0.0493];14137.49606),(48446.84625;[0.9];[-0.05];20668.26229;[0.8949];[-0.0551];18097.64738),(48874.70055;[0.9];[-0.05];20668.26229;[0.8949];[-0.0551];18097.64738),(49468.72306;[0.96];[0.01];18352.13179;[0.9783];[0.0283];16867.27992),(49722.61739;[0.9];[-0.05];20668.26229;[0.8949];[-0.0551];18097.64738),(50281.41904;[1.];[0.05];15960.91346;[0.9978];[0.0478];15052.57694),(50545.22943;[0.9];[-0.05];20668.26229;[0.8949];[-0.0551];18097.64738),(51361.51886;[1.];[0.05];17451.09160;[0.9989];[0.0489];16344.31131),(51557.13654;[0.92];[-0.03];19660.79536;[0.9536];[0.0036];17812.24302),(51785.78401;[1.];[0.05];17328.35379;[1.];[0.05];16532.91108),(52115.93127;[0.9];[-0.05];20668.26229;[0.8949];[-0.0551];18097.64738),(52832.02696;[1.];[0.05];15440.38396;[1.];[0.05];14815.31181),(53369.00997;[0.9];[-0.05];20668.26229;[0.8949];[-0.0551];18097.64738),(53616.41788;[0.9];[-0.05];20668.26229;[0.8949];[-0.0551];18097.64738),(54011.63411;[0.9];[-0.05];20668.26229;[0.8949];[-0.0551];18097.64738),(54589.25152;[1.];[0.05];15501.03394;[1.];[0.05];14840.71745),(55500.83542;[1.];[0.05];18236.26693;[1.];[0.05];17289.28048),(55730.80683;[0.95];[0.];18356.67610;[0.9747];[0.0247];16852.13212),(56036.53359;[0.9];[-0.05];20668.26229;[0.8949];[-0.0551];18097.64738),(56362.79154;[1.];[0.05];16671.79505;[1.];[0.05];16147.16293),(56669.85822;[0.9];[-0.05];20668.26229;[0.8949];[-0.0551];18097.64738),(57240.75842;[0.9];[-0.05];20668.26229;[0.8949];[-0.0551];18097.64738),(57643.40234;[0.92];[-0.03];19660.79536;[0.9536];[0.0036];17812.24302),(58302.78397;[1.];[0.05];16731.58932;[1.];[0.05];16233.86238),(58947.06988;[1.];[0.05];16502.68928;[1.];[0.05];15905.12827),(59244.32921;[0.9];[-0.05];20668.26229;[0.8949];[-0.0551];18097.64738),(59542.84644;[0.9];[-0.05];20668.26229;[0.8949];[-0.0551];18097.64738),(60317.35253;[1.];[0.05];14917.92807;[0.9993];[0.0493];14195.83398),(60583.76217;[0.9];[-0.05];20668.26229;[0.8949];[-0.0551];18097.64738),(61063.23528;[0.92];[-0.03];19683.10435;[0.953];[0.003];17822.69777),(61736.96804;[0.93];[-0.02];19558.70985;[0.9558];[0.0058];17666.06761),(62110.64982;[1.];[0.05];18958.02389;[1.];[0.05];17879.93697),(62361.83119;[1.];[0.05];15205.41757;[1.];[0.05];14931.40082),(62738.52801;[1.];[0.05];15189.68547;[1.];[0.05];14786.99842),(63011.70111;[0.9];[-0.05];20668.26229;[0.8949];[-0.0551];18097.64738),(63219.34724;[1.];[0.05];14783.22112;[0.9993];[0.0493];14072.47876),(63496.04440;[0.9];[-0.05];20668.26229;[0.8949];[-0.0551];18097.64738),(63787.08100;[0.9];[-0.05];20668.26229;[0.8949];[-0.0551];18097.64738),(64093.37068;[0.9];[-0.05];20668.26229;[0.8949];[-0.0551];18097.64738),(64638.73696;[1.];[0.05];15890.32764;[1.];[0.05];15210.47711),(64828.99952;[0.97];[0.02];18012.28762;[0.9806];[0.0306];16692.85514),(65100.69251;[0.9];[-0.05];20668.26229;[0.8949];[-0.0551];18097.64738),(65333.43267;[0.97];[0.02];18042.74240;[0.9799];[0.0299];16707.05906),(65733.57320;[0.92];[-0.03];19657.34786;[0.9537];[0.0037];17809.36543),(66167.04559;[0.98];[0.03];17274.49406;[0.9888];[0.0388];16158.12169),(66589.08010;[0.91];[-0.04];20010.41710;[0.935];[-0.015];17821.57546),(67220.36839;[0.93];[-0.02];19370.26025;[0.9579];[0.0079];17532.76481),(67549.73078;[1.];[0.05];16159.03259;[1.];[0.05];15594.32538),(68376.96457;[1.];[0.05];18768.72003;[1.];[0.05];17699.63563),(68802.57607;[1.];[0.05];14856.92264;[0.9993];[0.0493];14133.24695),(69321.29622;[0.92];[-0.03];19676.70454;[0.9531];[0.0031];17818.29641),(69746.76847;[0.96];[0.01];18366.13568;[0.978];[0.028];16865.24580),(70173.52676;[1.];[0.05];18340.49313;[1.];[0.05];17240.28959),(70528.20277;[0.9];[-0.05];20668.26229;[0.8949];[-0.0551];18097.64738),(71077.42763;[1.];[0.05];14925.89609;[0.999];[0.049];14183.38296),(71352.54550;[0.9];[-0.05];20668.26229;[0.8949];[-0.0551];18097.64738),(71636.58667;[0.9];[-0.05];20668.26229;[0.8949];[-0.0551];18097.64738),(71903.71227;[0.9];[-0.05];20668.26229;[0.8949];[-0.0551];18097.64738),(72409.54876;[1.];[0.05];14861.42031;[0.9993];[0.0493];14137.72308),(72671.89598;[0.97];[0.02];18012.28762;[0.9806];[0.0306];16692.85514),(72837.69989;[0.97];[0.02];18012.28762;[0.9806];[0.0306];16692.85514),(73690.23871;[1.];[0.05];15140.83320;[1.];[0.05];14558.22572),(74013.04555;[0.9];[-0.05];20668.26229;[0.8949];[-0.0551];18097.64738),(74288.05470;[0.9];[-0.05];20668.26229;[0.8949];[-0.0551];18097.64738),(74838.49835;[1.];[0.05];17988.16763;[1.];[0.05];17112.85609),(75341.90726;[0.91];[-0.04];20011.61115;[0.9317];[-0.0183];17801.72710),(75817.06929;[1.];[0.05];19987.38527;[1.];[0.05];18221.06657)]"
1,1,15874.155095915541,[1.],[0.05],934.614896774292,[(155.93362;[1.];[0.05];16183.98375;[1.];[0.05];15874.15510)]
1,2,15388.618103767267,[0.9364],[-0.0136],14555.433511734009,"[(141.93892;[0.86];[-0.09];17802.10552;[0.8827];[-0.0673];15811.46862),(486.31811;[1.];[0.05];12426.39118;[0.9992];[0.0492];12030.85089),(737.53047;[0.86];[-0.09];17802.10552;[0.8827];[-0.0673];15811.46862),(1072.27349;[0.92];[-0.03];17112.69372;[0.9274];[-0.0226];15480.55695),(1602.48756;[1.];[0.05];12426.39118;[0.9992];[0.0492];12030.85089),(1946.68984;[0.92];[-0.03];17199.98021;[0.9232];[-0.0268];15528.12098),(2316.51974;[0.96];[0.01];16643.00682;[0.9437];[-0.0063];15232.61943),(2463.36532;[0.96];[0.01];16900.38188;[0.9388];[-0.0112];15371.21445),(2639.29415;[0.92];[-0.03];17112.69372;[0.9274];[-0.0226];15480.55695),(3145.24031;[0.96];[0.01];16402.68848;[0.9522];[0.0022];15106.44036),(3439.99290;[0.96];[0.01];16777.75704;[0.9421];[-0.0079];15299.37430),(3595.54052;[0.96];[0.01];16900.38188;[0.9388];[-0.0112];15371.21445),(4065.43231;[1.];[0.05];12567.70056;[0.9992];[0.0492];12118.27367),(4251.05619;[0.86];[-0.09];17802.10552;[0.8827];[-0.0673];15811.46862),(4575.28043;[0.95];[0.];16942.63363;[0.9364];[-0.0136];15388.61810)]"
1,3,15857.808919121531,[1.],[0.05],643.7294483184814,[(110.55040;[1.];[0.05];15612.49440;[1.];[0.05];15857.80892)]
1,4,15761.598384054523,[1.],[0.05],966.9203758239746,[(170.57061;[1.];[0.05];15263.34438;[1.];[0.05];15761.59838)]
1,5,15528.496497143946,[1.],[0.05],1103.4343242645264,[(109.27296;[1.];[0.05];15795.01940;[1.];[0.05];15528.49650)]
1,6,15417.066292941434,[1.],[0.05],784.2597961425781,[(55.39656;[1.];[0.05];15349.53209;[1.];[0.05];15417.06629)]
1,7,15858.806491318888,[0.9755],[0.0255],764.7948265075684,[(155.70354;[0.99];[0.04];15877.32196;[0.9755];[0.0255];15858.80649)]
1,8,15644.317607136385,[0.9108],[-0.0392],7125.882863998413,"[(137.86507;[0.88];[-0.07];16951.12419;[0.8611];[-0.0889];15759.78980),(360.54158;[1.];[0.05];13805.04461;[0.9898];[0.0398];13378.41781),(480.52049;[0.88];[-0.07];16951.12419;[0.8611];[-0.0889];15759.78980),(601.81880;[0.88];[-0.07];16951.12419;[0.8611];[-0.0889];15759.78980),(801.66554;[1.];[0.05];13805.04461;[0.9898];[0.0398];13378.41781),(1189.37206;[0.9];[-0.05];16926.13031;[0.8717];[-0.0783];15763.84581),(1697.64328;[0.99];[0.04];15382.03124;[0.9597];[0.0097];14717.91093),(1907.80044;[0.96];[0.01];16663.66749;[0.9108];[-0.0392];15644.31761)]"
1,9,15639.794773602354,[0.9094],[-0.0406],8883.340120315552,"[(91.44306;[0.91];[-0.04];16659.13843;[0.8679];[-0.0821];15735.82988),(431.14901;[1.];[0.05];13740.98262;[0.9916];[0.0416];13269.43272),(551.13387;[0.91];[-0.04];16659.13843;[0.8679];[-0.0821];15735.82988),(671.75603;[0.91];[-0.04];16659.13843;[0.8679];[-0.0821];15735.82988),(801.39685;[0.91];[-0.04];16659.13843;[0.8679];[-0.0821];15735.82988),(1000.41294;[0.91];[-0.04];16659.13843;[0.8679];[-0.0821];15735.82988),(1405.29561;[1.];[0.05];13740.98262;[0.9916];[0.0416];13269.43272),(1576.58672;[0.91];[-0.04];16659.13843;[0.8679];[-0.0821];15735.82988),(2106.23002;[0.94];[-0.01];16530.17128;[0.8981];[-0.0519];15706.83741),(2248.10171;[0.96];[0.01];16422.30966;[0.9094];[-0.0406];15639.79477)]"
1,10,15682.015754357015,[1.],[0.05],609556.4496517181,"[(557.67751;[0.85];[-0.1];18042.78329;[0.8442];[-0.1058];15690.19014),(840.85560;[1.];[0.05];11579.45234;[1.];[0.05];11196.82172),(1404.79612;[0.85];[-0.1];18042.78329;[0.8442];[-0.1058];15690.19014),(1760.98323;[0.95];[0.];15472.15764;[0.9745];[0.0245];14428.00670),(2141.95800;[0.95];[0.];15472.15764;[0.9745];[0.0245];14428.00670),(2510.59079;[1.];[0.05];11579.45234;[1.];[0.05];11196.82172),(3149.11842;[0.85];[-0.1];18042.78329;[0.8442];[-0.1058];15690.19014),(3500.16093;[0.97];[0.02];15070.77271;[0.9796];[0.0296];14087.58286),(4141.02435;[0.89];[-0.06];17860.73534;[0.8697];[-0.0803];15749.85054),(4700.72603;[1.];[0.05];11691.63899;[1.];[0.05];11290.47457),(5151.30162;[0.93];[-0.02];15932.98393;[0.9594];[0.0094];14641.17581),(5298.78354;[0.93];[-0.02];15610.16021;[0.9701];[0.0201];14522.87309),(5536.08966;[0.98];[0.03];14085.32514;[0.9901];[0.0401];13267.26521),(6037.96053;[0.93];[-0.02];15867.39179;[0.9627];[0.0127];14682.89395),(6293.28156;[0.98];[0.03];13964.88160;[0.9919];[0.0419];13177.51254),(6444.47374;[0.92];[-0.03];16433.30385;[0.9528];[0.0028];15069.66848),(7022.36962;[0.98];[0.03];14532.81914;[0.9877];[0.0377];13678.31549),(7462.36467;[0.93];[-0.02];15620.46513;[0.9709];[0.0209];14545.91337),(8126.97291;[0.93];[-0.02];16111.79815;[0.9602];[0.0102];14875.92853),(8392.69662;[0.97];[0.02];14806.51465;[0.9846];[0.0346];13872.82714),(8647.49646;[0.97];[0.02];14975.08138;[0.9814];[0.0314];14011.29045),(9007.31778;[0.93];[-0.02];15905.72419;[0.9626];[0.0126];14694.85180),(9289.82162;[0.98];[0.03];14113.60116;[0.9899];[0.0399];13310.33279),(9606.58073;[0.93];[-0.02];15826.21760;[0.9637];[0.0137];14666.97566),(9858.85286;[0.98];[0.03];14125.74458;[0.9894];[0.0394];13307.05584),(10230.46064;[0.93];[-0.02];15681.53674;[0.9694];[0.0194];14600.18700),(10519.85455;[0.93];[-0.02];15312.32377;[0.9703];[0.0203];14240.22828),(11011.66821;[0.98];[0.03];14132.85708;[0.9896];[0.0396];13316.55188),(11361.19986;[0.97];[0.02];14868.60002;[0.9826];[0.0326];13910.40965),(11777.62103;[0.95];[0.];15513.22522;[0.9737];[0.0237];14452.67389),(12292.11259;[0.93];[-0.02];15754.56773;[0.967];[0.017];14608.37106),(12619.96603;[0.97];[0.02];14361.87086;[0.9873];[0.0373];13495.54843),(13003.15118;[0.9];[-0.05];17580.20295;[0.8991];[-0.0509];15668.16768),(13207.95631;[0.98];[0.03];14102.13763;[0.99];[0.04];13298.96500),(13340.71660;[0.97];[0.02];14892.56662;[0.983];[0.033];13944.96875),(13893.26096;[0.97];[0.02];14856.55702;[0.9823];[0.0323];13897.21929),(14327.78931;[0.92];[-0.03];16154.46439;[0.9573];[0.0073];14928.20162),(14651.53265;[0.92];[-0.03];16296.75537;[0.9546];[0.0046];14978.88945),(15040.03024;[0.97];[0.02];14918.39813;[0.9816];[0.0316];13950.15439),(15848.90532;[0.9];[-0.05];17563.16269;[0.9009];[-0.0491];15668.08997),(16178.07651;[0.93];[-0.02];15864.14011;[0.9631];[0.0131];14691.58757),(16541.78953;[0.98];[0.03];14160.12360;[0.9895];[0.0395];13340.84746),(16826.76435;[0.94];[-0.01];15549.25005;[0.9722];[0.0222];14480.29356),(17471.16899;[0.97];[0.02];14859.27980;[0.9823];[0.0323];13898.94260),(17790.66992;[0.93];[-0.02];15309.29973;[0.9702];[0.0202];14237.15060),(18335.26635;[0.93];[-0.02];15958.87958;[0.9618];[0.0118];14738.24075),(18649.65487;[0.97];[0.02];14920.23889;[0.982];[0.032];13962.66255),(19070.45102;[0.93];[-0.02];15908.08821;[0.9628];[0.0128];14698.51692),(19536.34119;[0.98];[0.03];14063.27931;[0.9903];[0.0403];13263.12537),(19662.30297;[0.97];[0.02];14929.78792;[0.9816];[0.0316];13961.26668),(20262.68029;[0.93];[-0.02];16111.79815;[0.9602];[0.0102];14875.92853),(20594.86032;[0.98];[0.03];14460.29929;[0.9878];[0.0378];13626.93087),(21048.17772;[0.93];[-0.02];15618.63215;[0.9712];[0.0212];14544.31440),(21278.24974;[0.97];[0.02];14361.87086;[0.9873];[0.0373];13495.54843),(21395.75243;[0.94];[-0.01];15580.93053;[0.9724];[0.0224];14491.11987),(21835.52742;[0.93];[-0.02];15856.66434;[0.963];[0.013];14662.40453),(21950.18792;[0.97];[0.02];15140.19082;[0.9789];[0.0289];14120.78252),(22368.35313;[0.98];[0.03];14497.79338;[0.988];[0.038];13658.99394),(22873.40379;[0.93];[-0.02];15836.20694;[0.9632];[0.0132];14666.25780),(22976.66407;[0.97];[0.02];14723.58055;[0.984];[0.034];13789.23625),(23210.18267;[0.93];[-0.02];15823.89897;[0.9635];[0.0135];14663.37150),(23682.01327;[0.93];[-0.02];16106.26655;[0.9595];[0.0095];14869.63883),(24025.07019;[0.93];[-0.02];15309.29973;[0.9702];[0.0202];14237.15060),(24426.58615;[1.];[0.05];11629.00052;[1.];[0.05];11231.12001),(25085.71672;[0.85];[-0.1];18042.78329;[0.8442];[-0.1058];15690.19014),(25400.77281;[0.97];[0.02];14977.23705;[0.9814];[0.0314];13996.16281),(25737.41555;[0.89];[-0.06];17905.95935;[0.8714];[-0.0786];15760.69075),(25837.49199;[1.];[0.05];12007.57994;[1.];[0.05];11749.87512),(26012.63261;[0.97];[0.02];14650.15859;[0.9836];[0.0336];13722.20199),(26438.47871;[0.93];[-0.02];15900.89596;[0.961];[0.011];14623.16497),(26891.74819;[0.9];[-0.05];17688.00188;[0.8938];[-0.0562];15704.97709),(27251.87540;[1.];[0.05];12814.69423;[0.9987];[0.0487];12214.49280),(27678.29871;[0.93];[-0.02];16363.47136;[0.9567];[0.0067];15012.41010),(28092.07845;[0.93];[-0.02];16135.09147;[0.9593];[0.0093];14885.11194),(28562.60371;[0.97];[0.02];14611.14281;[0.9866];[0.0366];13750.85463),(28970.43276;[0.96];[0.01];15147.33762;[0.9769];[0.0269];14121.87215),(29455.07097;[0.97];[0.02];15108.16194;[0.9794];[0.0294];14112.50714),(29741.39166;[0.94];[-0.01];15602.38679;[0.972];[0.022];14518.55464),(30139.07003;[0.97];[0.02];14922.21687;[0.9814];[0.0314];13972.39278),(30409.92808;[0.89];[-0.06];17842.72783;[0.8714];[-0.0786];15729.14155),(31141.57557;[1.];[0.05];14289.22508;[1.];[0.05];13632.15565),(31335.19459;[0.97];[0.02];14354.81895;[0.9859];[0.0359];13484.01451),(31856.00042;[0.92];[-0.03];15987.98628;[0.9554];[0.0054];14671.50871),(32386.05928;[0.98];[0.03];14568.60676;[0.9872];[0.0372];13697.12164),(33029.22153;[0.9];[-0.05];17702.42677;[0.8928];[-0.0572];15734.43522),(33489.85028;[0.98];[0.03];14217.44221;[0.99];[0.04];13408.41856),(33728.37543;[0.98];[0.03];14120.58848;[0.9901];[0.0401];13317.79914),(34144.28043;[0.92];[-0.03];16014.53079;[0.9554];[0.0054];14683.54567),(34466.35842;[0.93];[-0.02];15872.53064;[0.957];[0.007];14606.17231),(34614.23492;[0.98];[0.03];14099.45777;[0.9897];[0.0397];13295.30510),(35053.16925;[0.93];[-0.02];15620.55653;[0.9711];[0.0211];14546.96681),(35757.42459;[0.93];[-0.02];16149.44266;[0.9596];[0.0096];14901.40647),(36100.48509;[0.93];[-0.02];15965.85275;[0.9585];[0.0085];14659.83307),(36433.78663;[0.97];[0.02];14544.93208;[0.9793];[0.0293];13587.42551),(37125.14782;[1.];[0.05];14890.42162;[1.];[0.05];14133.55183),(37596.47107;[0.89];[-0.06];17815.97348;[0.8789];[-0.0711];15751.50137),(38334.57923;[0.93];[-0.02];16109.31634;[0.9603];[0.0103];14890.74204),(38920.70651;[0.93];[-0.02];16142.68617;[0.959];[0.009];14910.54427),(39226.93110;[0.93];[-0.02];15393.64281;[0.9677];[0.0177];14298.16246),(39569.49687;[0.98];[0.03];14405.15807;[0.987];[0.037];13545.96981),(40172.77741;[0.95];[0.];15555.54567;[0.9734];[0.0234];14481.91297),(40686.65552;[0.93];[-0.02];15926.98608;[0.9631];[0.0131];14739.76748),(41279.97112;[0.93];[-0.02];15870.54879;[0.9581];[0.0081];14626.69479),(41754.93789;[0.98];[0.03];14555.52046;[0.9877];[0.0377];13700.21714),(42287.93335;[0.97];[0.02];14715.17555;[0.9862];[0.0362];13801.52590),(42643.59474;[0.97];[0.02];14996.19982;[0.9815];[0.0315];14016.73830),(43260.85043;[0.96];[0.01];14845.62001;[0.9728];[0.0228];13826.09019),(43657.31549;[0.97];[0.02];14699.92582;[0.9838];[0.0338];13764.62689),(44132.07150;[0.93];[-0.02];15991.67468;[0.9618];[0.0118];14753.46260),(44552.21319;[0.97];[0.02];15002.09365;[0.9804];[0.0304];14027.11092),(44864.62283;[0.97];[0.02];15059.05808;[0.9799];[0.0299];14065.63075),(45150.47383;[0.98];[0.03];14179.84270;[0.9892];[0.0392];13345.27018),(45884.60350;[0.98];[0.03];14117.16138;[0.9897];[0.0397];13283.70373),(46631.34074;[1.];[0.05];14152.92990;[1.];[0.05];13523.48541),(47143.04256;[0.93];[-0.02];15950.31068;[0.9585];[0.0085];14660.99237),(47963.52649;[0.9];[-0.05];17694.47826;[0.8936];[-0.0564];15721.43960),(48188.79485;[0.89];[-0.06];17819.38229;[0.8791];[-0.0709];15741.01097),(48499.14360;[0.97];[0.02];15057.48032;[0.9799];[0.0299];14067.26046),(49287.20117;[0.93];[-0.02];16133.35402;[0.9592];[0.0092];14901.35090),(49914.38556;[0.97];[0.02];14612.61692;[0.9866];[0.0366];13725.05598),(50189.44073;[0.97];[0.02];14632.17542;[0.9872];[0.0372];13745.39804),(50700.08969;[0.9];[-0.05];17518.82922;[0.9047];[-0.0453];15657.72153),(51233.59561;[0.97];[0.02];14592.42339;[0.9868];[0.0368];13735.28442),(51824.24688;[0.93];[-0.02];16164.70333;[0.9578];[0.0078];14920.44218),(52097.93758;[0.93];[-0.02];15625.58120;[0.9712];[0.0212];14552.88682),(52560.03690;[0.93];[-0.02];16317.91310;[0.9579];[0.0079];15007.36257),(53024.51348;[0.93];[-0.02];15638.32150;[0.9705];[0.0205];14553.95457),(53663.57064;[0.94];[-0.01];14883.54228;[0.9671];[0.0171];13817.42115),(54327.49987;[0.93];[-0.02];15898.25821;[0.9623];[0.0123];14687.28259),(54709.03778;[0.93];[-0.02];15694.13953;[0.9698];[0.0198];14614.26632),(55011.15227;[0.98];[0.03];14129.94129;[0.9895];[0.0395];13311.78525),(55812.09564;[0.93];[-0.02];15836.20694;[0.9632];[0.0132];14666.25780),(56557.85537;[0.98];[0.03];14210.12310;[0.9892];[0.0392];13365.33366),(56786.49902;[0.93];[-0.02];15669.11984;[0.9688];[0.0188];14586.90530),(57205.18303;[0.93];[-0.02];15329.30447;[0.9688];[0.0188];14274.92816),(57704.11372;[0.93];[-0.02];15958.87958;[0.9618];[0.0118];14738.24075),(58211.70712;[0.97];[0.02];14794.21955;[0.9784];[0.0284];13818.53292),(58892.40289;[1.];[0.05];14940.84106;[1.];[0.05];14145.31091),(59503.15976;[0.98];[0.03];14051.44607;[0.9902];[0.0402];13246.12694),(59694.56267;[0.93];[-0.02];16288.96328;[0.9555];[0.0055];14978.15215),(60052.43278;[0.93];[-0.02];16015.57858;[0.9561];[0.0061];14703.77000),(60662.92405;[0.93];[-0.02];15786.64338;[0.967];[0.017];14639.26735),(60918.26463;[0.97];[0.02];15055.61136;[0.9799];[0.0299];14063.50507),(61611.30261;[0.93];[-0.02];16121.64015;[0.9588];[0.0088];14891.94117),(62233.25348;[0.97];[0.02];14734.87434;[0.9801];[0.0301];13764.10441),(62759.00841;[0.97];[0.02];15012.06684;[0.9791];[0.0291];14002.68626),(63170.89629;[0.92];[-0.03];16146.47583;[0.9573];[0.0073];14921.23824),(63545.51458;[0.97];[0.02];14980.96081;[0.9801];[0.0301];14031.32515),(64139.93144;[0.97];[0.02];15142.26337;[0.9782];[0.0282];14131.72162),(64405.35021;[0.93];[-0.02];15679.75046;[0.9707];[0.0207];14589.94934),(64689.36276;[0.97];[0.02];15141.65510;[0.9791];[0.0291];14123.14201),(65247.80488;[0.93];[-0.02];15862.38699;[0.9575];[0.0075];14617.75116),(65556.16355;[0.93];[-0.02];15831.67634;[0.9637];[0.0137];14672.38253),(66183.02655;[0.93];[-0.02];15852.66362;[0.9629];[0.0129];14663.68707),(66491.55331;[0.92];[-0.03];16153.41863;[0.9572];[0.0072];14925.94682),(66703.92513;[0.91];[-0.04];16570.91860;[0.9493];[-0.0007];15147.50393),(66896.60025;[0.98];[0.03];14596.69895;[0.985];[0.035];13699.14584),(67340.69633;[0.93];[-0.02];15716.59498;[0.9683];[0.0183];14597.80635),(67493.95537;[0.98];[0.03];14351.30878;[0.9888];[0.0388];13519.66340),(67770.46251;[0.98];[0.03];14506.53244;[0.9882];[0.0382];13668.44497),(68254.55689;[0.91];[-0.04];16493.36978;[0.9516];[0.0016];15079.20205),(68742.69819;[0.97];[0.02];14794.99882;[0.9787];[0.0287];13820.19951),(69397.50504;[0.98];[0.03];14160.12360;[0.9895];[0.0395];13340.84746),(69807.91450;[0.93];[-0.02];15892.18235;[0.9628];[0.0128];14684.15695),(70456.67481;[0.93];[-0.02];16133.76502;[0.9593];[0.0093];14886.95275),(71033.27656;[0.97];[0.02];14922.53318;[0.9815];[0.0315];13954.14856),(71169.62671;[0.92];[-0.03];16142.52895;[0.9573];[0.0073];14916.32480),(71625.18215;[0.97];[0.02];14472.34804;[0.9848];[0.0348];13605.45973),(71938.60865;[0.93];[-0.02];15867.74155;[0.9649];[0.0149];14681.24737),(72328.36509;[0.97];[0.02];15032.74820;[0.9807];[0.0307];14052.95223),(72528.69463;[0.93];[-0.02];16111.55130;[0.9605];[0.0105];14894.59676),(72713.67598;[0.97];[0.02];14989.01325;[0.9814];[0.0314];14023.39725),(73071.12503;[0.94];[-0.01];14867.57479;[0.9679];[0.0179];13814.51018),(73681.87547;[0.97];[0.02];14980.71345;[0.9809];[0.0309];14014.02543),(73898.66400;[0.97];[0.02];14967.63950;[0.9811];[0.0311];13985.41229),(74568.18604;[0.93];[-0.02];16321.25990;[0.9577];[0.0077];15009.76414),(74852.17714;[0.95];[0.];15515.92767;[0.9736];[0.0236];14454.21639),(75379.45414;[0.93];[-0.02];16111.54018;[0.9601];[0.0101];14876.05101),(75911.18956;[0.91];[-0.04];16322.18338;[0.9533];[0.0033];14997.44166),(76694.24033;[0.97];[0.02];14599.55464;[0.987];[0.037];13744.02415),(76937.93321;[0.98];[0.03];14398.07819;[0.9894];[0.0394];13565.92679),(77745.51678;[0.92];[-0.03];16171.52227;[0.9562];[0.0062];14933.56050),(78098.33121;[0.97];[0.02];14975.08138;[0.9814];[0.0314];14011.29045),(78599.86067;[0.98];[0.03];14592.56630;[0.9876];[0.0376];13721.74418),(78952.64459;[0.94];[-0.01];14834.14255;[0.9679];[0.0179];13782.52727),(79368.68787;[0.98];[0.03];14171.50709;[0.9892];[0.0392];13339.00122),(79670.45188;[0.97];[0.02];14498.83735;[0.9856];[0.0356];13621.76025),(80021.97719;[0.94];[-0.01];14904.45062;[0.9671];[0.0171];13820.83340),(80216.27665;[0.92];[-0.03];16340.25827;[0.9571];[0.0071];15015.38536),(80447.84379;[0.92];[-0.03];16156.38685;[0.9584];[0.0084];14939.80155),(80569.82255;[0.93];[-0.02];15623.63176;[0.971];[0.021];14549.63372),(80908.32186;[0.97];[0.02];15109.84566;[0.9786];[0.0286];14111.10215),(81239.20012;[0.92];[-0.03];16138.74653;[0.957];[0.007];14911.96352),(81637.89678;[0.97];[0.02];15086.69819;[0.9798];[0.0298];14082.46461),(82134.24158;[0.92];[-0.03];16131.83202;[0.9569];[0.0069];14905.24073),(82268.55135;[0.98];[0.03];14479.05392;[0.9879];[0.0379];13644.78548),(82569.67926;[0.93];[-0.02];15604.02997;[0.9703];[0.0203];14517.21187),(82980.23725;[0.98];[0.03];14122.76919;[0.9901];[0.0401];13321.43821),(83343.79554;[0.93];[-0.02];16272.64993;[0.9562];[0.0062];14970.10786),(83688.13086;[0.93];[-0.02];16339.42693;[0.9576];[0.0076];15021.27288),(84003.32761;[0.97];[0.02];14844.17977;[0.9843];[0.0343];13897.88165),(84416.48769;[0.97];[0.02];15074.89716;[0.9796];[0.0296];14091.16806),(84912.18948;[0.92];[-0.03];15887.62224;[0.9557];[0.0057];14629.82788),(85047.56355;[0.93];[-0.02];15326.74246;[0.9698];[0.0198];14260.24639),(85468.01829;[0.97];[0.02];14444.51589;[0.9789];[0.0289];13502.23821),(85881.83713;[0.97];[0.02];14814.05937;[0.9828];[0.0328];13867.17898),(86324.15462;[0.93];[-0.02];15889.46658;[0.9558];[0.0058];14633.04062),(86741.84823;[0.98];[0.03];14443.57985;[0.9895];[0.0395];13614.43577),(87122.91884;[0.93];[-0.02];16111.79815;[0.9602];[0.0102];14875.92853),(87261.44791;[0.93];[-0.02];15588.56216;[0.9716];[0.0216];14503.65560),(87580.32417;[0.93];[-0.02];15647.19372;[0.969];[0.019];14543.81392),(88104.20609;[0.93];[-0.02];15890.90437;[0.9629];[0.0129];14703.91997),(88461.48300;[0.98];[0.03];14497.19211;[0.9868];[0.0368];13625.23157),(88686.92017;[0.98];[0.03];14427.87243;[0.9882];[0.0382];13589.37726),(89176.69344;[0.94];[-0.01];14867.57479;[0.9679];[0.0179];13814.51018),(89924.07107;[1.];[0.05];11605.26112;[1.];[0.05];11225.57025),(90424.66545;[0.85];[-0.1];18042.78329;[0.8442];[-0.1058];15690.19014),(90772.22347;[0.98];[0.03];14212.44196;[0.9891];[0.0391];13367.43650),(91161.34524;[0.9];[-0.05];17579.88909;[0.8979];[-0.0521];15677.64180),(91622.31374;[0.98];[0.03];14401.60016;[0.9893];[0.0393];13568.76674),(92049.86858;[0.92];[-0.03];16028.31250;[0.954];[0.004];14699.21438),(92602.50401;[0.96];[0.01];15097.31189;[0.9785];[0.0285];14102.79128),(93103.25956;[0.92];[-0.03];16154.46439;[0.9573];[0.0073];14928.20162),(93242.89083;[0.98];[0.03];14497.40752;[0.9882];[0.0382];13659.49458),(93432.39403;[0.96];[0.01];15068.48853;[0.9723];[0.0223];14014.13860),(93904.60062;[0.98];[0.03];14003.32621;[0.9915];[0.0415];13202.66256),(94339.63418;[0.9];[-0.05];17573.00025;[0.8984];[-0.0516];15654.20810),(94683.66027;[0.98];[0.03];14594.90296;[0.9877];[0.0377];13724.34474),(95084.36561;[0.98];[0.03];14475.11512;[0.9879];[0.0379];13621.17484),(95647.59994;[0.93];[-0.02];15930.72630;[0.9624];[0.0124];14731.90831),(96182.11746;[0.97];[0.02];14838.54373;[0.9784];[0.0284];13864.54581),(96340.13486;[1.];[0.05];15220.25728;[0.9999];[0.0499];14395.54269),(96581.74276;[0.89];[-0.06];17932.17608;[0.8719];[-0.0781];15763.39748),(97158.83112;[0.97];[0.02];14597.98517;[0.9868];[0.0368];13741.05666),(97609.08055;[0.93];[-0.02];16400.81217;[0.9549];[0.0049];15036.04329),(97939.99481;[0.97];[0.02];14743.49047;[0.9787];[0.0287];13781.32487),(98394.96970;[0.97];[0.02];14719.48326;[0.9855];[0.0355];13814.52942),(98672.80006;[0.92];[-0.03];15904.01912;[0.9559];[0.0059];14627.10645),(98913.50842;[0.93];[-0.02];15730.48670;[0.9681];[0.0181];14599.92434),(99116.59741;[0.91];[-0.04];16511.79192;[0.9518];[0.0018];15102.55112),(99489.14313;[0.93];[-0.02];15621.86931;[0.9715];[0.0215];14549.47211),(100168.85853;[0.98];[0.03];14477.21973;[0.9881];[0.0381];13637.67527),(100385.91790;[1.];[0.05];15190.37678;[0.9999];[0.0499];14390.54254),(100861.19556;[0.93];[-0.02];15861.17764;[0.9568];[0.0068];14594.44830),(101176.91135;[0.98];[0.03];14446.99988;[0.9878];[0.0378];13612.75051),(101361.97901;[0.93];[-0.02];16146.37417;[0.9594];[0.0094];14900.62762),(101881.32405;[0.97];[0.02];14600.23181;[0.9874];[0.0374];13745.70339),(102168.25938;[0.93];[-0.02];16392.13784;[0.9566];[0.0066];15032.89317),(102396.65055;[0.92];[-0.03];16142.52895;[0.9573];[0.0073];14916.32480),(102809.21865;[0.89];[-0.06];17830.09443;[0.8756];[-0.0744];15744.00520),(103148.24247;[0.97];[0.02];14654.73217;[0.9869];[0.0369];13784.45818),(103319.42725;[0.97];[0.02];14709.35532;[0.986];[0.036];13794.18863),(103676.79334;[0.98];[0.03];14517.89043;[0.9864];[0.0364];13654.35037),(104132.84850;[0.9];[-0.05];17749.51331;[0.8874];[-0.0626];15735.91296),(104518.37468;[0.98];[0.03];14226.11643;[0.9892];[0.0392];13379.32080),(104888.95798;[0.92];[-0.03];16186.34502;[0.9568];[0.0068];14947.40075),(105245.66650;[0.97];[0.02];15115.53455;[0.9794];[0.0294];14124.08736),(105431.19025;[1.];[0.05];14683.78730;[1.];[0.05];14128.50004),(105812.37149;[0.96];[0.01];14950.65897;[0.9722];[0.0222];13903.23450),(106018.46123;[0.92];[-0.03];15890.89341;[0.9557];[0.0057];14632.57362),(106195.60981;[0.97];[0.02];14797.55113;[0.9846];[0.0346];13864.27665),(106623.57521;[0.97];[0.02];14740.24903;[0.9787];[0.0287];13777.49324),(107152.81916;[0.92];[-0.03];15914.70621;[0.956];[0.006];14635.92880),(107492.33651;[0.93];[-0.02];16428.89182;[0.9556];[0.0056];15057.63485),(107726.04752;[0.89];[-0.06];17842.72783;[0.8714];[-0.0786];15729.14155),(107898.22459;[0.98];[0.03];14196.28395;[0.9903];[0.0403];13368.15256),(108074.57709;[0.93];[-0.02];15925.48969;[0.9615];[0.0115];14701.49525),(108533.79178;[0.97];[0.02];14509.28224;[0.9857];[0.0357];13633.10837),(108987.65326;[0.97];[0.02];15037.03847;[0.9793];[0.0293];14026.72855),(109363.76572;[0.93];[-0.02];15914.41527;[0.9594];[0.0094];14639.97744),(109674.11613;[0.98];[0.03];13984.39161;[0.9904];[0.0404];13201.23560),(109902.52447;[0.93];[-0.02];15983.54632;[0.9565];[0.0065];14663.85379),(110286.92913;[0.9];[-0.05];17716.10971;[0.893];[-0.057];15720.99966),(110496.66572;[0.96];[0.01];14911.15591;[0.9717];[0.0217];13885.62111),(111041.11004;[0.93];[-0.02];16136.51986;[0.9597];[0.0097];14907.41457),(111245.65625;[0.94];[-0.01];14958.49664;[0.9657];[0.0157];13865.98775),(111529.91939;[0.97];[0.02];14896.88334;[0.9829];[0.0329];13948.60200),(111935.08220;[0.98];[0.03];14502.97352;[0.988];[0.038];13663.94497),(112214.82706;[0.97];[0.02];14726.12441;[0.9841];[0.0341];13823.41293),(112613.83939;[0.93];[-0.02];15867.39179;[0.9627];[0.0127];14682.89395),(112936.41853;[0.99];[0.04];13548.59905;[0.9963];[0.0463];12850.42118),(113105.35049;[0.93];[-0.02];16292.90579;[0.9554];[0.0054];14982.14422),(113347.53442;[0.92];[-0.03];16022.32194;[0.9556];[0.0056];14688.69113),(113692.23380;[0.97];[0.02];15043.86907;[0.9799];[0.0299];14052.06820),(114089.06150;[0.97];[0.02];14762.82381;[0.9793];[0.0293];13800.62527),(114566.55192;[0.9];[-0.05];17624.08522;[0.8974];[-0.0526];15700.29688),(115198.30990;[0.97];[0.02];14520.30403;[0.9847];[0.0347];13639.78678),(115484.28392;[0.93];[-0.02];15674.04980;[0.9696];[0.0196];14592.26584),(115692.26718;[0.93];[-0.02];15363.65772;[0.9693];[0.0193];14283.91621),(115949.67365;[0.97];[0.02];15053.72597;[0.9801];[0.0301];14062.03318),(116254.58050;[0.97];[0.02];14692.69059;[0.9863];[0.0363];13804.67678),(116595.93487;[0.97];[0.02];14744.82753;[0.9829];[0.0329];13792.98145),(116767.63892;[0.93];[-0.02];15623.63176;[0.971];[0.021];14549.63372),(117025.90370;[0.98];[0.03];14077.09034;[0.9896];[0.0396];13262.99013),(117278.55825;[0.91];[-0.04];16529.29510;[0.9507];[0.0007];15108.25823),(117801.11051;[0.98];[0.03];14501.70227;[0.9881];[0.0381];13664.24231),(118012.36582;[0.89];[-0.06];17799.92442;[0.8828];[-0.0672];15746.72319),(118311.39636;[0.93];[-0.02];15702.01139;[0.9697];[0.0197];14596.58860),(118624.58730;[0.97];[0.02];14702.17381;[0.9846];[0.0346];13815.29138),(119136.29103;[1.];[0.05];14632.45095;[1.];[0.05];14054.21100),(119609.15375;[0.98];[0.03];14542.79145;[0.9852];[0.0352];13659.84495),(120077.56925;[0.92];[-0.03];16131.83202;[0.9569];[0.0069];14905.24073),(120325.64831;[0.98];[0.03];14349.77290;[0.988];[0.038];13509.26201),(120556.91600;[0.94];[-0.01];14991.93834;[0.9647];[0.0147];13890.12326),(120969.72728;[1.];[0.05];14464.05140;[1.];[0.05];13951.54363),(121152.83298;[0.97];[0.02];14704.95468;[0.9837];[0.0337];13765.77679),(121394.04655;[0.93];[-0.02];16352.57471;[0.9572];[0.0072];15005.71113),(121686.67197;[0.92];[-0.03];16296.39247;[0.9546];[0.0046];14983.01606),(121962.14104;[0.9];[-0.05];17601.09764;[0.8956];[-0.0544];15664.59940),(122367.19751;[0.97];[0.02];14802.03281;[0.9784];[0.0284];13803.50837),(122996.95945;[0.93];[-0.02];15691.46844;[0.9697];[0.0197];14610.64262),(123256.42610;[0.97];[0.02];14971.15643;[0.9808];[0.0308];13987.97986),(123517.85421;[0.92];[-0.03];16131.29303;[0.9571];[0.0071];14905.57967),(124016.12329;[0.97];[0.02];14365.37198;[0.9876];[0.0376];13501.67639),(124343.38093;[0.98];[0.03];14347.26850;[0.989];[0.039];13514.87547),(124721.84086;[0.92];[-0.03];16230.02962;[0.9477];[-0.0023];14811.72612),(124892.70711;[0.98];[0.03];14203.88779;[0.9897];[0.0397];13383.66597),(125341.54224;[0.97];[0.02];15147.84991;[0.9772];[0.0272];14123.75578),(125708.08363;[0.92];[-0.03];16020.93830;[0.9558];[0.0058];14690.95081),(125873.88945;[0.89];[-0.06];17842.72783;[0.8714];[-0.0786];15729.14155),(126162.93859;[1.];[0.05];11611.97651;[1.];[0.05];11233.33957),(126802.55985;[0.85];[-0.1];18042.78329;[0.8442];[-0.1058];15690.19014),(127140.20801;[1.];[0.05];12833.25134;[0.9987];[0.0487];12257.88767),(127836.06553;[0.85];[-0.1];18042.78329;[0.8442];[-0.1058];15690.19014),(128256.23703;[1.];[0.05];12170.64666;[1.];[0.05];11889.60461),(128755.52821;[0.85];[-0.1];18042.78329;[0.8442];[-0.1058];15690.19014),(129241.71615;[1.];[0.05];14068.58529;[1.];[0.05];13708.91105),(129763.57341;[1.];[0.05];11856.19373;[1.];[0.05];11605.78467),(130291.34989;[0.97];[0.02];14752.28231;[0.9824];[0.0324];13788.16447),(130944.97514;[0.85];[-0.1];18042.78329;[0.8442];[-0.1058];15690.19014),(131492.14602;[0.85];[-0.1];18042.78329;[0.8442];[-0.1058];15690.19014),(131830.25312;[0.92];[-0.03];16145.41658;[0.9513];[0.0013];14766.14685),(132189.75854;[0.97];[0.02];14650.36485;[0.9866];[0.0366];13778.89152),(132436.03086;[0.98];[0.03];14055.79780;[0.9902];[0.0402];13250.37359),(132866.01138;[0.93];[-0.02];15977.50486;[0.9619];[0.0119];14762.17718),(132992.55180;[0.98];[0.03];13959.69737;[0.9911];[0.0411];13194.47805),(133420.09735;[0.89];[-0.06];17808.60539;[0.8814];[-0.0686];15744.07370),(133715.62886;[0.97];[0.02];14826.78989;[0.9839];[0.0339];13894.00705),(133965.09171;[0.98];[0.03];14283.63116;[0.9892];[0.0392];13467.23465),(134382.42412;[0.9];[-0.05];17571.20339;[0.9001];[-0.0499];15670.63119),(134692.20734;[1.];[0.05];14809.74857;[1.];[0.05];14065.23468),(135000.11277;[0.93];[-0.02];15675.66499;[0.9697];[0.0197];14595.46891),(135429.08096;[0.96];[0.01];15216.46922;[0.9765];[0.0265];14159.43286),(135809.17406;[0.97];[0.02];15201.14787;[0.9773];[0.0273];14153.95681),(136043.07652;[0.95];[0.];14988.77766;[0.9724];[0.0224];13965.08626),(136352.09346;[0.98];[0.03];14118.37539;[0.9899];[0.0399];13285.96516),(137087.84866;[1.];[0.05];14791.52022;[1.];[0.05];14190.71885),(137250.60701;[0.97];[0.02];14682.25187;[0.9863];[0.0363];13794.01776),(137637.35080;[0.92];[-0.03];16407.85794;[0.9554];[0.0054];15059.50392),(138217.19480;[0.92];[-0.03];16133.93393;[0.9567];[0.0067];14905.76449),(138714.31112;[0.96];[0.01];15216.46922;[0.9765];[0.0265];14159.43286),(139021.00015;[1.];[0.05];11611.97651;[1.];[0.05];11233.33957),(139694.60034;[0.85];[-0.1];18042.78329;[0.8442];[-0.1058];15690.19014),(140130.55396;[1.];[0.05];14625.61674;[1.];[0.05];14028.49365),(140484.89046;[1.];[0.05];15181.11171;[0.9999];[0.0499];14359.17590),(141147.01724;[0.85];[-0.1];18042.78329;[0.8442];[-0.1058];15690.19014),(141642.76695;[0.93];[-0.02];16036.17250;[0.961];[0.011];14809.33384),(142049.77751;[0.98];[0.03];14559.65379;[0.9881];[0.0381];13707.28978),(142766.63756;[0.9];[-0.05];17718.74053;[0.8921];[-0.0579];15733.97896),(143212.65912;[1.];[0.05];15129.22048;[1.];[0.05];14316.75627),(143383.06499;[0.97];[0.02];14708.88664;[0.9833];[0.0333];13767.93221),(143795.16530;[0.91];[-0.04];16482.90795;[0.953];[0.003];15086.92606),(144324.44382;[0.9];[-0.05];17683.60543;[0.8948];[-0.0552];15722.65525),(145149.89066;[0.97];[0.02];14688.63224;[0.9863];[0.0363];13800.89486),(145733.00195;[0.99];[0.04];16035.17520;[0.9944];[0.0444];14896.28649),(146438.35855;[0.9];[-0.05];17685.26213;[0.8946];[-0.0554];15705.84467),(146885.15568;[0.93];[-0.02];16133.76502;[0.9593];[0.0093];14886.95275),(147440.84096;[0.93];[-0.02];16221.65480;[0.9601];[0.0101];14932.77291),(147679.47054;[0.98];[0.03];14508.65849;[0.9882];[0.0382];13670.55015),(148261.95765;[0.9];[-0.05];17647.50135;[0.8969];[-0.0531];15715.03608),(148660.62856;[1.];[0.05];14365.10116;[1.];[0.05];13853.48014),(148809.28326;[1.];[0.05];13937.49203;[1.];[0.05];13544.31621),(149220.98112;[0.98];[0.03];14089.80315;[0.9901];[0.0401];13303.51659),(149428.00808;[0.92];[-0.03];16138.74653;[0.957];[0.007];14911.96352),(149957.22866;[1.];[0.05];15495.57088;[1.];[0.05];14861.58863),(150255.69057;[1.];[0.05];12981.46262;[0.9987];[0.0487];12375.81224),(150634.96804;[0.93];[-0.02];15899.34168;[0.9562];[0.0062];14622.56121),(151259.59277;[0.92];[-0.03];16051.61889;[0.953];[0.003];14710.41273),(151722.68963;[0.96];[0.01];15073.83280;[0.9714];[0.0214];14025.61544),(151992.90013;[0.91];[-0.04];16511.90417;[0.9519];[0.0019];15103.70805),(152485.46052;[1.];[0.05];15147.06338;[0.9999];[0.0499];14315.92832),(152923.89178;[0.93];[-0.02];15029.45645;[0.9626];[0.0126];13908.06345),(153331.25973;[0.91];[-0.04];16724.32168;[0.9398];[-0.0102];15175.00368),(153712.23927;[1.];[0.05];15261.80114;[0.9999];[0.0499];14427.54410),(154180.46093;[0.9];[-0.05];17588.61631;[0.8973];[-0.0527];15667.93327),(154698.23527;[0.92];[-0.03];16138.74653;[0.957];[0.007];14911.96352),(155114.01033;[1.];[0.05];11724.94618;[1.];[0.05];11306.12052),(155735.47125;[0.85];[-0.1];18042.78329;[0.8442];[-0.1058];15690.19014),(156102.57888;[0.97];[0.02];14959.17807;[0.9856];[0.0356];14004.37715),(156565.73796;[0.93];[-0.02];16038.87804;[0.9566];[0.0066];14709.24927),(156756.68550;[1.];[0.05];14646.53046;[1.];[0.05];14086.46658),(157109.70044;[0.97];[0.02];15141.85142;[0.9791];[0.0291];14124.63253),(157253.11565;[1.];[0.05];14456.52190;[1.];[0.05];14110.00064),(157954.64253;[1.];[0.05];12525.27251;[1.];[0.05];12167.38132),(158561.32436;[0.85];[-0.1];18042.78329;[0.8442];[-0.1058];15690.19014),(159136.28292;[0.85];[-0.1];18042.78329;[0.8442];[-0.1058];15690.19014),(159348.30165;[0.97];[0.02];14704.15855;[0.9833];[0.0333];13763.55174),(159883.42762;[1.];[0.05];15220.00955;[1.];[0.05];14828.70310),(160485.95595;[1.];[0.05];11618.57659;[1.];[0.05];11223.04698),(160848.25921;[0.96];[0.01];15082.20277;[0.9716];[0.0216];14034.97183),(161421.97871;[0.85];[-0.1];18042.78329;[0.8442];[-0.1058];15690.19014),(161876.50847;[1.];[0.05];12862.13587;[1.];[0.05];12623.54851),(162307.82747;[1.];[0.05];11639.15455;[1.];[0.05];11242.44619),(163077.49844;[0.85];[-0.1];18042.78329;[0.8442];[-0.1058];15690.19014),(163682.65510;[0.85];[-0.1];18042.78329;[0.8442];[-0.1058];15690.19014),(164279.79565;[1.];[0.05];14901.53326;[0.9999];[0.0499];14108.65141),(164866.67013;[0.92];[-0.03];16084.78372;[0.9532];[0.0032];14728.50515),(165405.22289;[0.89];[-0.06];17957.66880;[0.8661];[-0.0839];15765.80023),(166036.61013;[0.97];[0.02];14746.99300;[0.9829];[0.0329];13794.68962),(166460.11424;[0.98];[0.03];14521.74479;[0.9867];[0.0367];13664.90527),(166683.44188;[0.91];[-0.04];16603.94105;[0.9488];[-0.0012];15168.80575),(167371.83881;[1.];[0.05];15424.91158;[0.9997];[0.0497];14531.79939),(167888.55577;[0.9];[-0.05];17746.52662;[0.8884];[-0.0616];15737.92801),(168288.98549;[0.97];[0.02];14759.78172;[0.9793];[0.0293];13798.08277),(168758.67033;[1.];[0.05];15199.97054;[0.9999];[0.0499];14354.56715),(169148.33546;[0.92];[-0.03];16204.76596;[0.9495];[-0.0005];14797.61846),(169314.67438;[0.97];[0.02];14653.93457;[0.9837];[0.0337];13726.47401),(169757.39884;[0.89];[-0.06];17895.13930;[0.866];[-0.084];15748.66204),(170496.55557;[0.89];[-0.06];17947.23016;[0.8704];[-0.0796];15765.72393),(171042.19484;[1.];[0.05];14966.54912;[1.];[0.05];14499.34529),(171207.48234;[0.98];[0.03];14001.37462;[0.9905];[0.0405];13220.00445),(171832.36957;[0.92];[-0.03];16180.14129;[0.9565];[0.0065];14940.89176),(172075.61588;[0.93];[-0.02];15039.94664;[0.9633];[0.0133];13920.06355),(172314.34870;[0.96];[0.01];15240.95628;[0.9769];[0.0269];14217.79354),(172817.50774;[0.91];[-0.04];16616.21569;[0.9481];[-0.0019];15161.83293),(173046.52309;[0.98];[0.03];14277.33761;[0.989];[0.039];13459.82018),(173390.73396;[1.];[0.05];15054.47539;[1.];[0.05];14258.38752),(173688.28797;[0.93];[-0.02];15625.72908;[0.9712];[0.0212];14552.64323),(174011.16085;[0.92];[-0.03];16156.45434;[0.9511];[0.0011];14775.18681),(174329.15902;[0.96];[0.01];15067.28560;[0.9711];[0.0211];14018.78686),(175133.95405;[1.];[0.05];15554.78351;[1.];[0.05];15005.40535),(175835.86788;[1.];[0.05];12446.70134;[1.];[0.05];12277.57840),(176338.23061;[1.];[0.05];12118.08381;[1.];[0.05];11803.50156),(177044.13223;[0.97];[0.02];15098.64248;[0.9793];[0.0293];14093.27098),(177244.25960;[0.92];[-0.03];16171.52227;[0.9562];[0.0062];14933.56050),(177865.79776;[0.9];[-0.05];17698.85878;[0.8926];[-0.0574];15704.25282),(178240.15141;[0.89];[-0.06];17930.95936;[0.8726];[-0.0774];15779.07596),(179081.08974;[0.97];[0.02];14645.84433;[0.9866];[0.0366];13774.36294),(179267.23289;[0.97];[0.02];14709.97090;[0.9861];[0.0361];13796.22924),(179912.54616;[0.89];[-0.06];17894.98962;[0.873];[-0.077];15748.58394),(180305.37271;[0.92];[-0.03];16059.21943;[0.9547];[0.0047];14713.61309),(180861.20725;[0.89];[-0.06];17970.74724;[0.8625];[-0.0875];15758.84867),(181054.79646;[0.92];[-0.03];16131.83202;[0.9569];[0.0069];14905.24073),(181213.27043;[0.97];[0.02];14860.62859;[0.9832];[0.0332];13911.14912),(181810.30679;[0.97];[0.02];14419.52288;[0.985];[0.035];13519.68024),(182000.44847;[0.97];[0.02];14951.80519;[0.9822];[0.0322];13964.04058),(182230.31402;[1.];[0.05];14787.51184;[1.];[0.05];14632.26313),(182751.96934;[1.];[0.05];11699.33456;[1.];[0.05];11303.61147),(182965.04855;[0.92];[-0.03];16218.27532;[0.9561];[0.0061];14968.49167),(183339.55979;[0.89];[-0.06];17971.88845;[0.8625];[-0.0875];15759.10654),(183683.12716;[0.92];[-0.03];16079.66038;[0.9532];[0.0032];14721.28174),(184087.11219;[1.];[0.05];14588.24534;[1.];[0.05];13872.18715),(184398.31376;[0.89];[-0.06];17818.11719;[0.8782];[-0.0718];15751.76435),(184637.10260;[0.97];[0.02];14709.97090;[0.9861];[0.0361];13796.22924),(185434.04293;[1.];[0.05];11936.19742;[1.];[0.05];11850.94151),(185921.07773;[1.];[0.05];11735.99480;[1.];[0.05];11320.05081),(186427.44827;[0.85];[-0.1];18042.78329;[0.8442];[-0.1058];15690.19014),(187023.29683;[0.85];[-0.1];18042.78329;[0.8442];[-0.1058];15690.19014),(187170.14575;[0.97];[0.02];14709.68277;[0.9837];[0.0337];13770.15727),(187510.53882;[0.93];[-0.02];16000.17575;[0.9688];[0.0188];14780.96948),(187742.58900;[0.97];[0.02];15080.93757;[0.9793];[0.0293];14074.69931),(187922.39308;[0.89];[-0.06];17958.05101;[0.8691];[-0.0809];15765.71978),(188489.67028;[1.];[0.05];14298.91037;[1.];[0.05];13564.91473),(188950.14954;[0.89];[-0.06];17842.72783;[0.8714];[-0.0786];15729.14155),(189653.44882;[1.];[0.05];14643.34345;[1.];[0.05];13871.29378),(190281.84152;[0.97];[0.02];14755.50771;[0.9828];[0.0328];13794.20206),(190849.97439;[0.89];[-0.06];17903.46476;[0.8714];[-0.0786];15755.31884),(191171.71097;[0.97];[0.02];15132.54869;[0.9781];[0.0281];14123.85059),(191449.64361;[0.97];[0.02];14944.96302;[0.983];[0.033];13986.15859),(191944.01383;[0.92];[-0.03];16103.18894;[0.9554];[0.0054];14784.37352),(192382.39574;[0.96];[0.01];15068.73673;[0.9714];[0.0214];14022.73902),(192778.51343;[0.98];[0.03];14077.52698;[0.9897];[0.0397];13264.43596),(192984.04193;[0.97];[0.02];15141.83282;[0.9791];[0.0291];14123.75552),(193455.32823;[0.9];[-0.05];17716.10971;[0.893];[-0.057];15720.99966),(193682.51038;[0.93];[-0.02];15990.35208;[0.9612];[0.0112];14782.32319),(193988.43193;[0.97];[0.02];14833.00110;[0.9783];[0.0283];13845.74205),(194511.63459;[0.93];[-0.02];15978.11961;[0.9618];[0.0118];14747.45740),(194997.95461;[1.];[0.05];14984.37810;[1.];[0.05];14327.99063),(195227.29015;[0.98];[0.03];13879.73439;[0.9913];[0.0413];13106.08439),(195434.18646;[0.89];[-0.06];17944.86148;[0.8704];[-0.0796];15762.81427),(195669.09218;[0.97];[0.02];14692.69059;[0.9863];[0.0363];13804.67678),(195829.15831;[1.];[0.05];15138.15661;[1.];[0.05];14321.69489),(196274.42837;[0.88];[-0.07];17995.74870;[0.8549];[-0.0951];15730.35316),(196633.49366;[0.97];[0.02];15018.04158;[0.9786];[0.0286];14019.76033),(196908.77604;[1.];[0.05];14885.90025;[1.];[0.05];14102.68976),(197080.10912;[0.97];[0.02];14740.63036;[0.9829];[0.0329];13786.46827),(197498.72470;[0.99];[0.04];16066.10716;[0.9952];[0.0452];14976.63411),(198332.87787;[0.86];[-0.09];18041.29579;[0.8435];[-0.1065];15692.78557),(198689.20946;[1.];[0.05];15211.43312;[0.9999];[0.0499];14354.78638),(199338.17673;[0.88];[-0.07];17990.85827;[0.8522];[-0.0978];15684.82213),(199850.18253;[1.];[0.05];15217.66391;[1.];[0.05];14671.58701),(200448.77410;[1.];[0.05];14775.08414;[1.];[0.05];13945.47238),(200964.15043;[0.92];[-0.03];16385.16729;[0.9559];[0.0059];15046.14629),(201562.99186;[1.];[0.05];15828.92791;[1.];[0.05];14966.88240),(201930.70602;[0.97];[0.02];15201.14787;[0.9773];[0.0273];14153.95681),(202404.07753;[0.9];[-0.05];17677.35932;[0.8945];[-0.0555];15716.29064),(202821.62833;[1.];[0.05];16021.43990;[1.];[0.05];15295.90253),(203524.62482;[1.];[0.05];13303.34686;[1.];[0.05];13178.52574),(204392.17424;[1.];[0.05];11618.57659;[1.];[0.05];11223.04698),(204826.11394;[0.89];[-0.06];17782.06944;[0.8844];[-0.0656];15752.90219),(205444.07582;[0.89];[-0.06];17835.82839;[0.8735];[-0.0765];15735.66807),(205788.19227;[1.];[0.05];16008.94116;[1.];[0.05];15096.62993),(206033.68711;[1.];[0.05];14392.85475;[1.];[0.05];14151.84858),(206341.47239;[1.];[0.05];12306.55915;[1.];[0.05];12158.26417),(206659.17015;[1.];[0.05];12281.66304;[1.];[0.05];11949.16023),(207302.92845;[0.91];[-0.04];16758.08266;[0.9287];[-0.0213];15047.34271),(207753.84641;[0.97];[0.02];14730.55066;[0.9829];[0.0329];13777.29589),(208006.54697;[0.91];[-0.04];16570.22855;[0.9487];[-0.0013];15100.84806),(208452.32058;[0.99];[0.04];16062.71583;[0.994];[0.044];14910.89546),(208829.08607;[0.92];[-0.03];16115.97107;[0.952];[0.002];14749.41691),(209015.75685;[0.88];[-0.07];17989.04582;[0.8591];[-0.0909];15755.18847),(209521.94452;[0.9];[-0.05];17687.70418;[0.8945];[-0.0555];15706.49477),(209764.44817;[0.92];[-0.03];16205.90041;[0.9558];[0.0058];14954.34189),(210236.56821;[0.91];[-0.04];16792.13645;[0.9282];[-0.0218];15067.56695),(210846.51446;[0.91];[-0.04];16787.42206;[0.9249];[-0.0251];15034.64647),(211030.56431;[0.89];[-0.06];17947.23016;[0.8704];[-0.0796];15765.72393),(211873.57640;[0.9];[-0.05];17623.99323;[0.9043];[-0.0457];15705.94036),(212402.64225;[0.99];[0.04];13521.56411;[0.9963];[0.0463];12826.15353),(212623.24691;[0.92];[-0.03];16218.27532;[0.9561];[0.0061];14968.49167),(212899.84608;[1.];[0.05];13536.10639;[1.];[0.05];13517.38053),(213122.72644;[1.];[0.05];12328.51204;[1.];[0.05];12020.76687),(213591.18915;[1.];[0.05];14924.90852;[1.];[0.05];14208.46016),(213825.21272;[1.];[0.05];13109.97129;[0.9982];[0.0482];12497.97990),(214194.50498;[1.];[0.05];15312.38236;[0.9999];[0.0499];14465.21312),(214628.22056;[0.97];[0.02];15153.29119;[0.9782];[0.0282];14121.13412),(215031.30889;[0.92];[-0.03];16210.80627;[0.9561];[0.0061];14961.08591),(215193.95900;[0.91];[-0.04];16804.81086;[0.928];[-0.022];15083.88904),(215402.42839;[1.];[0.05];15098.70885;[1.];[0.05];14294.69125),(215856.90451;[0.98];[0.03];16328.32186;[0.9901];[0.0401];14985.88810),(216028.13196;[0.92];[-0.03];16049.08873;[0.9544];[0.0044];14701.64940),(216272.45498;[0.88];[-0.07];18041.22626;[0.8482];[-0.1018];15713.37793),(216959.06186;[0.88];[-0.07];17989.04582;[0.8591];[-0.0909];15755.18847),(217553.30658;[1.];[0.05];12324.85270;[1.];[0.05];12117.24761),(217934.51405;[1.];[0.05];12063.66378;[1.];[0.05];11791.03182),(218492.92350;[0.85];[-0.1];18042.78329;[0.8442];[-0.1058];15690.19014),(218950.76227;[0.88];[-0.07];17989.04582;[0.8591];[-0.0909];15755.18847),(219445.19925;[0.87];[-0.08];18014.09909;[0.8476];[-0.1024];15712.35054),(220323.22979;[1.];[0.05];12468.47622;[1.];[0.05];12257.72985),(220861.89580;[1.];[0.05];12936.08930;[1.];[0.05];12517.70534),(221078.80282;[0.98];[0.03];14032.30559;[0.9901];[0.0401];13234.00772),(221673.57755;[0.92];[-0.03];16385.00665;[0.95];[0.];14947.44899),(222545.81904;[0.85];[-0.1];18042.78329;[0.8442];[-0.1058];15690.19014),(223032.20105;[1.];[0.05];13107.20070;[0.9984];[0.0484];12496.30525),(223746.63424;[1.];[0.05];15482.61956;[1.];[0.05];14813.82894),(224391.45064;[0.97];[0.02];14786.71939;[0.9849];[0.0349];13855.71230),(225180.90725;[0.85];[-0.1];18042.78329;[0.8442];[-0.1058];15690.19014),(225778.08428;[1.];[0.05];11726.32114;[1.];[0.05];11308.41187),(226548.13099;[0.85];[-0.1];18042.78329;[0.8442];[-0.1058];15690.19014),(227612.54954;[1.];[0.05];12422.63913;[1.];[0.05];12103.39369),(228254.53949;[0.85];[-0.1];18042.78329;[0.8442];[-0.1058];15690.19014),(228965.05690;[1.];[0.05];12973.80273;[1.];[0.05];12734.80652),(229527.29988;[1.];[0.05];14297.75839;[1.];[0.05];13944.18402),(229759.96614;[1.];[0.05];12489.00311;[1.];[0.05];12625.02197),(230043.58840;[1.];[0.05];14539.63359;[1.];[0.05];14187.50259),(230781.19254;[1.];[0.05];16596.49979;[1.];[0.05];15420.01862),(231370.58926;[0.85];[-0.1];18042.78329;[0.8442];[-0.1058];15690.19014),(231926.66817;[0.85];[-0.1];18042.78329;[0.8442];[-0.1058];15690.19014),(232104.04110;[0.89];[-0.06];17968.52860;[0.8673];[-0.0827];15765.92356),(232632.01833;[0.85];[-0.1];18042.78329;[0.8442];[-0.1058];15690.19014),(233146.30079;[0.88];[-0.07];18041.22626;[0.8482];[-0.1018];15713.37793),(233804.99816;[0.85];[-0.1];18042.78329;[0.8442];[-0.1058];15690.19014),(234454.35190;[0.89];[-0.06];17958.30700;[0.8691];[-0.0809];15766.54125),(234630.27573;[1.];[0.05];15806.90713;[1.];[0.05];15045.71757),(234793.42818;[1.];[0.05];14356.25038;[1.];[0.05];13680.19815),(236536.83543;[1.];[0.05];17236.86706;[1.];[0.05];15682.01575)]"
2,1,13738.13434395335,[0.9998],[0.0498],625.7059574127197,[(110.47602;[1.];[0.05];13995.95232;[0.9998];[0.0498];13738.13434)]
2,2,12832.372272377783,[0.9344],[-0.0156],127916.85962677002,"[(388.13519;[0.78];[-0.17];15496.14978;[0.8054];[-0.1446];13649.68240),(789.67166;[1.];[0.05];10027.04048;[0.9992];[0.0492];9805.61201),(1245.96214;[0.78];[-0.17];15496.14978;[0.8054];[-0.1446];13649.68240),(1686.90968;[0.78];[-0.17];15496.14978;[0.8054];[-0.1446];13649.68240),(1810.56190;[0.78];[-0.17];15496.07233;[0.799];[-0.151];13640.75194),(2284.75332;[0.82];[-0.13];14776.98933;[0.8728];[-0.0772];13338.46545),(2875.07987;[1.];[0.05];11011.53248;[0.9933];[0.0433];10701.59332),(3328.74274;[0.78];[-0.17];15496.14978;[0.8054];[-0.1446];13649.68240),(3838.39107;[0.78];[-0.17];15496.14978;[0.8054];[-0.1446];13649.68240),(4356.04286;[0.78];[-0.17];15496.14978;[0.8054];[-0.1446];13649.68240),(4961.39431;[0.78];[-0.17];15496.14978;[0.8054];[-0.1446];13649.68240),(5131.18291;[0.96];[0.01];13147.09524;[0.9492];[-0.0008];12410.32746),(5528.39398;[0.96];[0.01];13353.53340;[0.9435];[-0.0065];12596.12734),(5832.81350;[0.95];[0.];13505.06425;[0.9404];[-0.0096];12678.94562),(6269.75226;[0.93];[-0.02];13906.73440;[0.9261];[-0.0239];12922.34554),(6482.26953;[0.94];[-0.01];13855.64544;[0.9333];[-0.0167];12852.09729),(6745.97335;[0.96];[0.01];13327.52695;[0.946];[-0.004];12557.03603),(6972.50128;[0.96];[0.01];13188.46662;[0.9526];[0.0026];12440.86324),(7197.16072;[0.95];[0.];13516.60437;[0.941];[-0.009];12691.10170),(7836.53593;[0.92];[-0.03];13965.02502;[0.9234];[-0.0266];12960.29270),(8294.84868;[0.96];[0.01];12713.07638;[0.9576];[0.0076];12011.79820),(8608.37197;[0.97];[0.02];12654.12880;[0.962];[0.012];11986.66138),(8751.42407;[0.94];[-0.01];13831.31283;[0.928];[-0.022];12892.66485),(9041.85128;[0.91];[-0.04];14115.87182;[0.9148];[-0.0352];13031.65945),(9310.63795;[0.96];[0.01];13355.34225;[0.9444];[-0.0056];12533.03314),(9445.38093;[0.97];[0.02];12642.81644;[0.9614];[0.0114];11975.07860),(9748.41452;[0.96];[0.01];13330.04474;[0.9463];[-0.0037];12559.74449),(9936.60235;[0.94];[-0.01];13774.03002;[0.928];[-0.022];12851.22893),(10153.56636;[0.95];[0.];13579.93692;[0.9374];[-0.0126];12721.03959),(10308.55989;[0.96];[0.01];13226.71023;[0.9493];[-0.0007];12465.74586),(10623.83461;[0.96];[0.01];13043.13434;[0.9527];[0.0027];12302.74493),(11194.22317;[0.94];[-0.01];13920.36092;[0.929];[-0.021];12884.30561),(11602.17547;[0.94];[-0.01];13768.71266;[0.9279];[-0.0221];12845.94805),(11814.60810;[0.95];[0.];13638.70660;[0.9367];[-0.0133];12750.61207),(12129.65775;[0.96];[0.01];13148.16657;[0.9506];[0.0006];12435.62425),(12274.02425;[0.93];[-0.02];13861.76586;[0.9263];[-0.0237];12905.44087),(12528.73015;[0.97];[0.02];12777.56964;[0.9595];[0.0095];12099.59499),(12778.80168;[0.93];[-0.02];13903.04074;[0.9261];[-0.0239];12918.93329),(12993.80636;[0.95];[0.];13454.46508;[0.9411];[-0.0089];12648.17283),(13874.64952;[0.92];[-0.03];13979.32327;[0.9228];[-0.0272];12961.19049),(14182.54161;[0.93];[-0.02];13810.36385;[0.9192];[-0.0308];12846.45717),(14499.58706;[0.96];[0.01];12670.44214;[0.9547];[0.0047];11967.00407),(14872.00832;[0.94];[-0.01];13885.61192;[0.928];[-0.022];12917.28871),(15183.29215;[0.96];[0.01];13431.68961;[0.9446];[-0.0054];12618.28792),(15854.19679;[0.95];[0.];13604.07805;[0.9359];[-0.0141];12755.71027),(16019.70816;[0.95];[0.];13591.79087;[0.9378];[-0.0122];12733.48139),(16384.05371;[0.96];[0.01];13431.27520;[0.9438];[-0.0062];12648.77971),(16761.52182;[0.97];[0.02];12859.73296;[0.9604];[0.0104];12176.95791),(16986.38511;[0.97];[0.02];12629.65046;[0.9606];[0.0106];11961.07894),(17333.59194;[0.96];[0.01];13435.13823;[0.9444];[-0.0056];12620.72211),(17707.11637;[0.97];[0.02];12528.43059;[0.9645];[0.0145];11898.43689),(18154.76394;[0.94];[-0.01];13892.55450;[0.9312];[-0.0188];12873.08029),(18368.63971;[0.97];[0.02];12517.47254;[0.9634];[0.0134];11885.43135),(18731.31394;[0.96];[0.01];12885.88995;[0.9467];[-0.0033];12141.63593),(18885.16808;[0.96];[0.01];13327.52695;[0.946];[-0.004];12557.03603),(19320.83917;[1.];[0.05];10757.29083;[0.9968];[0.0468];10493.81285),(19739.88175;[0.78];[-0.17];15496.14978;[0.8054];[-0.1446];13649.68240),(20421.00549;[0.78];[-0.17];15496.14978;[0.8054];[-0.1446];13649.68240),(20901.91889;[0.78];[-0.17];15382.97887;[0.8266];[-0.1234];13613.90819),(21395.49541;[1.];[0.05];7651.97666;[1.];[0.05];7568.30448),(21962.51178;[0.79];[-0.16];15488.92502;[0.8187];[-0.1313];13682.18585),(22096.98272;[0.96];[0.01];13474.72537;[0.9419];[-0.0081];12669.82477),(22529.94871;[0.92];[-0.03];13919.86077;[0.9247];[-0.0253];12931.81449),(22788.79166;[0.95];[0.];13633.44032;[0.9368];[-0.0132];12746.15033),(22927.40798;[0.95];[0.];13786.22794;[0.9359];[-0.0141];12814.34583),(23276.55339;[0.99];[0.04];11784.92488;[0.9824];[0.0324];11297.89361),(23719.68961;[0.94];[-0.01];13904.97920;[0.9306];[-0.0194];12889.69167),(24017.04812;[0.95];[0.];13725.62801;[0.9345];[-0.0155];12838.73125),(24430.75538;[0.96];[0.01];13405.45684;[0.9423];[-0.0077];12591.49735),(24555.70269;[0.96];[0.01];13068.77879;[0.9545];[0.0045];12329.22869),(24714.57648;[0.96];[0.01];13381.59162;[0.9452];[-0.0048];12624.55675),(25026.65257;[0.93];[-0.02];13978.53610;[0.9266];[-0.0234];12928.97119),(25144.63115;[0.95];[0.];13476.23138;[0.9402];[-0.0098];12660.71754),(25628.57246;[0.95];[0.];13644.27465;[0.9333];[-0.0167];12782.25587),(25804.14534;[0.95];[0.];13626.18633;[0.9361];[-0.0139];12738.00589),(26203.43184;[0.92];[-0.03];14068.05080;[0.9226];[-0.0274];12965.42199),(26436.74278;[0.92];[-0.03];14080.18903;[0.9214];[-0.0286];12981.66568),(26568.32242;[0.99];[0.04];12181.56147;[0.9761];[0.0261];11667.26403),(26705.11532;[0.96];[0.01];13165.77648;[0.9514];[0.0014];12454.74714),(27201.06173;[0.97];[0.02];12547.73996;[0.9618];[0.0118];11864.81792),(27415.51161;[0.93];[-0.02];13874.99328;[0.9263];[-0.0237];12907.41494),(27812.52003;[0.87];[-0.08];14449.58627;[0.8999];[-0.0501];13167.28449),(28255.27358;[0.95];[0.];13551.76074;[0.9398];[-0.0102];12709.80355),(28435.93264;[0.97];[0.02];12426.40423;[0.9676];[0.0176];11805.67835),(28575.82140;[0.95];[0.];13679.66886;[0.9359];[-0.0141];12811.84955),(28834.92541;[0.96];[0.01];12958.14539;[0.9438];[-0.0062];12322.47016),(29109.08175;[0.95];[0.];13547.98804;[0.9356];[-0.0144];12697.84266),(29634.08947;[0.96];[0.01];13407.21374;[0.942];[-0.008];12607.92470),(29814.22520;[0.88];[-0.07];14322.29148;[0.9095];[-0.0405];13114.28378),(30033.73003;[0.99];[0.04];11672.32076;[0.9853];[0.0353];11223.76386),(30162.48417;[0.96];[0.01];13235.25548;[0.9513];[0.0013];12499.53120),(30491.27603;[0.96];[0.01];13627.18548;[0.9372];[-0.0128];12779.18553),(30697.41702;[0.96];[0.01];13428.40539;[0.9438];[-0.0062];12647.01971),(30917.24133;[0.91];[-0.04];14128.69437;[0.9129];[-0.0371];13031.74228),(31244.67683;[0.96];[0.01];12708.37510;[0.957];[0.007];12006.46910),(31432.82461;[0.96];[0.01];12866.21623;[0.9548];[0.0048];12153.56045),(31685.25386;[0.96];[0.01];13324.36028;[0.9467];[-0.0033];12518.87345),(32151.17288;[0.94];[-0.01];13927.16345;[0.9291];[-0.0209];12889.69374),(32491.87922;[0.95];[0.];13518.34267;[0.9388];[-0.0112];12683.22244),(33113.64198;[0.99];[0.04];12192.43834;[0.9762];[0.0262];11676.68079),(33303.61342;[0.96];[0.01];13282.84699;[0.948];[-0.002];12537.67698),(33520.60747;[0.95];[0.];13443.32808;[0.9433];[-0.0067];12638.51981),(33694.10753;[0.91];[-0.04];14139.12551;[0.9154];[-0.0346];13046.14230),(33879.10628;[0.88];[-0.07];13914.72594;[0.9139];[-0.0361];12900.76347),(34100.80338;[0.97];[0.02];12921.13611;[0.961];[0.011];12242.22012),(34258.86893;[0.97];[0.02];12745.30231;[0.9615];[0.0115];12140.73950),(34687.79564;[0.97];[0.02];12800.29815;[0.9523];[0.0023];12200.12702),(35102.79226;[0.96];[0.01];13264.83934;[0.9497];[-0.0003];12478.43953),(35405.83634;[0.94];[-0.01];13902.54773;[0.9295];[-0.0205];12886.24366),(35597.62597;[0.95];[0.];13818.92150;[0.9344];[-0.0156];12832.37227),(35854.94924;[0.96];[0.01];13182.01790;[0.9518];[0.0018];12433.32859),(36095.48402;[0.95];[0.];13664.79841;[0.9347];[-0.0153];12804.52332),(36356.25553;[0.97];[0.02];12416.20207;[0.9672];[0.0172];11795.66474),(36512.98833;[0.95];[0.];13681.02919;[0.9358];[-0.0142];12773.50673),(36820.13750;[0.93];[-0.02];13913.74877;[0.9262];[-0.0238];12928.86830),(37293.70904;[0.96];[0.01];13602.29881;[0.9353];[-0.0147];12766.91845),(37469.29598;[0.96];[0.01];13176.90921;[0.9518];[0.0018];12428.75776),(37620.89348;[0.95];[0.];13713.71218;[0.934];[-0.016];12788.44934),(38000.86546;[0.93];[-0.02];13781.79943;[0.9238];[-0.0262];12842.94445),(38180.19152;[0.96];[0.01];13398.21435;[0.9456];[-0.0044];12615.39627),(38457.71718;[0.96];[0.01];12721.81737;[0.9576];[0.0076];12020.04030),(38724.20096;[0.87];[-0.08];14411.96683;[0.904];[-0.046];13155.42939),(38947.65210;[0.97];[0.02];12642.16182;[0.9636];[0.0136];11982.90017),(39179.61907;[0.97];[0.02];12643.67026;[0.9609];[0.0109];11974.28158),(39370.31651;[0.97];[0.02];12748.22366;[0.959];[0.009];12070.96989),(39708.94980;[0.87];[-0.08];14342.10906;[0.9095];[-0.0405];13139.73897),(40197.27755;[0.95];[0.];13508.92227;[0.9403];[-0.0097];12681.71710),(40580.76692;[0.95];[0.];13562.42317;[0.9397];[-0.0103];12719.08107),(40843.85085;[0.97];[0.02];12637.06451;[0.9641];[0.0141];11987.32169),(41210.79564;[0.96];[0.01];13460.22790;[0.9423];[-0.0077];12659.36915),(41518.22519;[0.95];[0.];13510.64195;[0.9397];[-0.0103];12660.53574),(41680.72462;[0.96];[0.01];13201.01294;[0.9504];[0.0004];12472.69220),(41955.99937;[0.96];[0.01];13187.04766;[0.9523];[0.0023];12438.72543),(42175.31466;[0.98];[0.03];12286.97367;[0.9732];[0.0232];11737.49269),(42309.63135;[0.96];[0.01];13092.80599;[0.9554];[0.0054];12392.71048),(42470.54005;[0.96];[0.01];13278.82981;[0.9485];[-0.0015];12495.28570),(42899.69826;[0.88];[-0.07];13914.72594;[0.9139];[-0.0361];12900.76347)]"
2,3,13710.591072692563,[0.9886],[0.0386],807.9068660736084,[(53.33209;[0.99];[0.04];13458.76354;[0.9886];[0.0386];13710.59107)]
2,4,13602.219706889839,[1.],[0.05],654.996395111084,[(108.54650;[1.];[0.05];13151.99834;[1.];[0.05];13602.21971)]
2,5,13452.434397276522,[1.],[0.05],748.0242252349854,[(94.20085;[1.];[0.05];13652.63505;[1.];[0.05];13452.43440)]
2,6,13346.841324130133,[1.],[0.05],727.0464897155762,[(140.61069;[1.];[0.05];13244.64005;[1.];[0.05];13346.84132)]
2,7,13712.250115134466,[0.9459],[-0.0041],914.6497249603271,[(64.06021;[0.97];[0.02];13757.00501;[0.9459];[-0.0041];13712.25012)]
2,8,13258.761793542046,[0.8972],[-0.0528],33534.17205810547,"[(269.33527;[0.81];[-0.14];14707.97558;[0.7791];[-0.1709];13611.93386),(641.25156;[1.];[0.05];10295.41253;[0.9979];[0.0479];10073.16773),(1142.72380;[0.85];[-0.1];14677.20676;[0.8027];[-0.1473];13636.29722),(1322.38817;[0.98];[0.03];12967.30109;[0.9519];[0.0019];12460.08885),(1818.54844;[0.97];[0.02];13736.56269;[0.9102];[-0.0398];13069.27267),(2263.11588;[0.86];[-0.09];14409.81097;[0.8469];[-0.1031];13504.34763),(2416.66579;[1.];[0.05];11253.84265;[0.9863];[0.0363];10968.40987),(2821.15507;[0.97];[0.02];13568.19340;[0.9247];[-0.0253];12958.14437),(3393.56685;[0.97];[0.02];13733.66097;[0.9117];[-0.0383];13067.27887),(3713.01460;[0.94];[-0.01];14095.12292;[0.8892];[-0.0608];13303.18445),(4235.08525;[0.97];[0.02];13736.56269;[0.9102];[-0.0398];13069.27267),(4492.88845;[0.9];[-0.05];14244.09731;[0.8729];[-0.0771];13413.73526),(4902.81820;[0.94];[-0.01];13958.68246;[0.8903];[-0.0597];13199.39133),(5561.89895;[0.97];[0.02];13698.47631;[0.914];[-0.036];13046.03107),(5978.62601;[0.97];[0.02];13733.66097;[0.9117];[-0.0383];13067.27887),(6254.65703;[0.94];[-0.01];14012.52304;[0.8968];[-0.0532];13247.56028),(6865.13019;[0.97];[0.02];13736.56269;[0.9102];[-0.0398];13069.27267),(7127.13528;[0.94];[-0.01];14095.12292;[0.8892];[-0.0608];13303.18445),(7351.96805;[1.];[0.05];11013.78390;[0.9933];[0.0433];10734.12855),(8122.74003;[0.84];[-0.11];14688.91768;[0.7968];[-0.1532];13631.75604),(8257.46274;[1.];[0.05];10950.53530;[0.9942];[0.0442];10688.02564),(8734.56693;[0.95];[0.];13804.12146;[0.8976];[-0.0524];13055.08045),(9407.77445;[0.96];[0.01];13787.55571;[0.905];[-0.045];13084.16081),(9575.19317;[0.93];[-0.02];14102.78383;[0.8866];[-0.0634];13304.49773),(9931.84543;[0.9];[-0.05];14205.62703;[0.8752];[-0.0748];13383.02724),(10173.88868;[0.97];[0.02];13321.12750;[0.9372];[-0.0128];12757.42490),(10735.35013;[0.97];[0.02];13572.16220;[0.918];[-0.032];12956.26367),(11040.69448;[0.95];[0.];13855.56106;[0.8963];[-0.0537];13127.81227),(11373.49200;[0.96];[0.01];13798.54420;[0.9084];[-0.0416];13085.27622),(12344.96355;[0.92];[-0.03];13917.19834;[0.8886];[-0.0614];13142.68059),(12552.20389;[0.96];[0.01];13797.19383;[0.9099];[-0.0401];13081.79970),(12727.96392;[0.96];[0.01];13998.97559;[0.8972];[-0.0528];13258.76179)]"
2,9,13142.314351474,[0.9045],[-0.0455],9196.887254714966,"[(72.06154;[0.83];[-0.12];14429.34156;[0.7743];[-0.1757];13568.85444),(333.80842;[1.];[0.05];9841.29614;[0.9994];[0.0494];9657.74425),(431.69808;[0.83];[-0.12];14429.34156;[0.7743];[-0.1757];13568.85444),(744.81392;[1.];[0.05];9841.29614;[0.9994];[0.0494];9657.74425),(922.56832;[0.9];[-0.05];14027.62009;[0.867];[-0.083];13402.14520),(1047.75405;[0.97];[0.02];13105.28444;[0.9466];[-0.0034];12586.77441),(1219.36369;[0.97];[0.02];13551.75088;[0.9171];[-0.0329];13015.39206),(1801.80812;[0.94];[-0.01];13741.53254;[0.8975];[-0.0525];13154.71174),(1982.02395;[0.96];[0.01];13618.82769;[0.911];[-0.039];13057.28560),(2148.29326;[0.96];[0.01];13715.64089;[0.9045];[-0.0455];13142.31435)]"
2,10,11840.783509880122,[0.9722],[0.0222],177374.19271469116,"[(47.88113;[0.79];[-0.16];15693.15045;[0.7582];[-0.1918];13521.87599),(597.88036;[1.];[0.05];9953.11468;[0.9994];[0.0494];9657.08782),(745.17941;[0.79];[-0.16];15693.15045;[0.7582];[-0.1918];13521.87599),(876.62005;[0.79];[-0.16];15693.15045;[0.7582];[-0.1918];13521.87599),(1031.93784;[0.79];[-0.16];15693.15045;[0.7582];[-0.1918];13521.87599),(1178.49422;[0.79];[-0.16];15693.15045;[0.7582];[-0.1918];13521.87599),(1298.45834;[0.79];[-0.16];15693.15045;[0.7582];[-0.1918];13521.87599),(1425.32325;[0.79];[-0.16];15693.15045;[0.7582];[-0.1918];13521.87599),(1606.49014;[0.79];[-0.16];15693.15045;[0.7582];[-0.1918];13521.87599),(1762.69221;[0.79];[-0.16];15693.15045;[0.7582];[-0.1918];13521.87599),(2087.75616;[0.81];[-0.14];15687.62559;[0.7662];[-0.1838];13564.27946),(3279.22344;[1.];[0.05];7624.82330;[1.];[0.05];7524.80466),(3438.83848;[0.79];[-0.16];15693.15045;[0.7582];[-0.1918];13521.87599),(3593.07361;[0.79];[-0.16];15693.15045;[0.7582];[-0.1918];13521.87599),(3747.05410;[0.79];[-0.16];15693.15045;[0.7582];[-0.1918];13521.87599),(3887.83669;[0.79];[-0.16];15693.15045;[0.7582];[-0.1918];13521.87599),(4034.51371;[0.79];[-0.16];15693.15045;[0.7582];[-0.1918];13521.87599),(4166.98408;[0.79];[-0.16];15693.15045;[0.7582];[-0.1918];13521.87599),(4262.00747;[0.79];[-0.16];15693.15045;[0.7582];[-0.1918];13521.87599),(4459.95998;[0.84];[-0.11];15356.94232;[0.8271];[-0.1229];13605.46033),(5154.57463;[1.];[0.05];8401.02289;[1.];[0.05];8264.16441),(5299.55816;[0.79];[-0.16];15693.15045;[0.7582];[-0.1918];13521.87599),(5454.59819;[0.79];[-0.16];15693.15045;[0.7582];[-0.1918];13521.87599),(5615.01598;[0.79];[-0.16];15693.15045;[0.7582];[-0.1918];13521.87599),(6200.17815;[0.83];[-0.12];15497.87570;[0.8067];[-0.1433];13576.46021),(6589.69784;[0.92];[-0.03];13210.23210;[0.956];[0.006];12380.36430),(6734.21240;[1.];[0.05];10392.25838;[0.9991];[0.0491];10046.20054),(6920.72845;[0.97];[0.02];12228.02138;[0.9756];[0.0256];11568.19169),(7458.67300;[0.9];[-0.05];14393.24806;[0.9079];[-0.0421];13159.33150),(7615.65304;[0.99];[0.04];10903.52888;[0.9966];[0.0466];10486.36024),(8116.11509;[0.9];[-0.05];14566.34401;[0.8926];[-0.0574];13247.44959),(8278.37849;[0.99];[0.04];11017.89810;[0.9955];[0.0455];10576.83791),(8909.12271;[0.97];[0.02];11763.79528;[0.9827];[0.0327];11158.33767),(9131.16884;[0.93];[-0.02];12815.49050;[0.9636];[0.0136];12028.16086),(9444.51141;[0.99];[0.04];11087.36904;[0.9954];[0.0454];10632.00816),(9557.67536;[0.9];[-0.05];14418.38878;[0.9059];[-0.0441];13172.14628),(9758.04830;[0.97];[0.02];11620.24418;[0.9856];[0.0356];11075.02629),(10193.38012;[0.9];[-0.05];14694.66642;[0.8886];[-0.0614];13316.51981),(10535.18510;[0.97];[0.02];11669.68857;[0.9855];[0.0355];11110.24212),(10861.24563;[0.97];[0.02];11880.41583;[0.9719];[0.0219];11228.24668),(11228.54137;[0.95];[0.];12384.08704;[0.9703];[0.0203];11687.31615),(11599.52831;[0.97];[0.02];11645.83679;[0.9834];[0.0334];11084.96569),(12183.39372;[0.92];[-0.03];13179.86137;[0.9541];[0.0041];12349.18177),(12497.08271;[0.93];[-0.02];12528.36345;[0.9641];[0.0141];11796.64945),(12902.43316;[0.97];[0.02];11671.81316;[0.985];[0.035];11110.39193),(13582.83830;[0.98];[0.03];11512.81038;[0.9888];[0.0388];10967.21850),(13779.80018;[0.95];[0.];12509.25526;[0.9717];[0.0217];11810.39935),(14146.94738;[0.89];[-0.06];14744.89538;[0.8857];[-0.0643];13342.58279),(14326.87330;[0.95];[0.];12465.82678;[0.9732];[0.0232];11768.74967),(14727.26297;[0.96];[0.01];12356.08363;[0.9752];[0.0252];11682.58033),(14989.94565;[0.97];[0.02];11720.83439;[0.9833];[0.0333];11151.23978),(15389.03069;[0.95];[0.];12098.03835;[0.9647];[0.0147];11355.63335),(15578.58014;[0.97];[0.02];11650.61226;[0.9847];[0.0347];11058.65284),(15746.36030;[0.93];[-0.02];12863.14590;[0.9604];[0.0104];12080.27738),(16148.00501;[0.97];[0.02];11949.65649;[0.9721];[0.0221];11313.62604),(16392.33351;[0.94];[-0.01];12507.07530;[0.9659];[0.0159];11779.07432),(16748.11316;[0.97];[0.02];11835.70454;[0.9825];[0.0325];11214.89546),(16994.19880;[0.94];[-0.01];12481.04318;[0.969];[0.019];11753.09757),(17323.17448;[0.92];[-0.03];12611.45620;[0.959];[0.009];11832.23034),(17958.70614;[0.95];[0.];12442.12469;[0.9687];[0.0187];11709.59202),(18414.73293;[0.92];[-0.03];12750.99774;[0.9545];[0.0045];11937.23777),(18821.19513;[0.97];[0.02];12280.63881;[0.9748];[0.0248];11604.89232),(19162.84704;[0.97];[0.02];11718.74797;[0.9849];[0.0349];11142.83674),(19429.45862;[0.97];[0.02];11855.26543;[0.9814];[0.0314];11219.97567),(19794.49105;[0.97];[0.02];11617.98986;[0.9844];[0.0344];11058.71325),(20109.26843;[0.93];[-0.02];12856.74236;[0.9584];[0.0084];12077.81975),(20268.34345;[0.98];[0.03];11204.63939;[0.9926];[0.0426];10725.30102),(20487.60796;[0.95];[0.];12465.82678;[0.9732];[0.0232];11768.74967),(20817.29126;[0.96];[0.01];12446.06985;[0.9742];[0.0242];11764.85998),(21062.61325;[0.97];[0.02];11572.44789;[0.9877];[0.0377];11030.77080),(22508.76379;[0.97];[0.02];11656.47540;[0.9847];[0.0347];11093.97686),(22731.04167;[0.9];[-0.05];14328.24150;[0.9105];[-0.0395];13102.38858),(22890.25998;[0.93];[-0.02];12999.77426;[0.9616];[0.0116];12215.96924),(23045.85934;[0.92];[-0.03];13199.60594;[0.9552];[0.0052];12369.56425),(23268.43238;[0.93];[-0.02];13218.82091;[0.9567];[0.0067];12390.88287),(23556.07057;[0.97];[0.02];11801.99368;[0.9755];[0.0255];11203.98778),(23883.62479;[0.97];[0.02];11645.30289;[0.9856];[0.0356];11070.76344),(24046.64278;[0.96];[0.01];12065.01225;[0.9664];[0.0164];11336.66186),(24473.00053;[0.98];[0.03];11390.53260;[0.9904];[0.0404];10890.78925),(24960.42538;[0.9];[-0.05];14463.59333;[0.8997];[-0.0503];13165.96523),(25156.72731;[1.];[0.05];11972.16152;[1.];[0.05];11545.06072),(25562.23750;[0.97];[0.02];11933.36355;[0.9691];[0.0191];11250.45082),(25911.38816;[0.9];[-0.05];14415.05954;[0.9056];[-0.0444];13168.63573),(26064.98885;[0.9];[-0.05];14505.14769;[0.901];[-0.049];13220.28461),(26262.41422;[0.96];[0.01];12469.00346;[0.9734];[0.0234];11772.91317),(26696.93136;[0.92];[-0.03];13170.01330;[0.9494];[-0.0006];12306.08049),(26868.49594;[0.97];[0.02];11624.26130;[0.9847];[0.0347];11066.32195),(27392.85731;[0.92];[-0.03];12749.72662;[0.9574];[0.0074];11959.15805),(27623.58260;[0.93];[-0.02];12595.51350;[0.9636];[0.0136];11832.21184),(27839.76626;[0.92];[-0.03];12962.17062;[0.9538];[0.0038];12144.68042),(28030.98631;[1.];[0.05];11982.11546;[1.];[0.05];11555.71806),(28328.21155;[0.97];[0.02];11544.11008;[0.9868];[0.0368];10995.63700),(28670.64691;[0.94];[-0.01];12583.05361;[0.9685];[0.0185];11854.29213),(29137.20465;[0.93];[-0.02];12804.43668;[0.9623];[0.0123];12015.07821),(29288.33151;[0.96];[0.01];12414.54627;[0.974];[0.024];11733.66263),(29698.58217;[0.97];[0.02];11832.72675;[0.982];[0.032];11210.57084),(30080.19376;[0.94];[-0.01];12515.34962;[0.9676];[0.0176];11778.62939),(30244.17210;[0.93];[-0.02];12981.85165;[0.961];[0.011];12196.89488),(30552.71530;[0.96];[0.01];12386.22584;[0.9737];[0.0237];11708.42717),(30805.74036;[0.92];[-0.03];12775.34041;[0.952];[0.002];11948.78196),(30902.62961;[0.95];[0.];12543.56335;[0.9722];[0.0222];11840.78351),(31111.57060;[0.95];[0.];12100.13724;[0.9691];[0.0191];11403.82763),(31482.71346;[0.93];[-0.02];12857.35941;[0.962];[0.012];12087.83135),(31838.34291;[0.97];[0.02];11706.15180;[0.9845];[0.0345];11128.74980),(32057.84011;[0.99];[0.04];10707.46182;[0.9973];[0.0473];10312.36953),(32290.00258;[0.98];[0.03];11476.58996;[0.9898];[0.0398];10945.60536),(32444.13233;[0.97];[0.02];11677.60979;[0.9855];[0.0355];11118.21949),(32638.01670;[0.99];[0.04];11030.51050;[0.9958];[0.0458];10590.88988),(33000.69737;[0.93];[-0.02];12821.15871;[0.9641];[0.0141];12033.78325),(33353.07503;[0.95];[0.];12480.31887;[0.9707];[0.0207];11779.81137),(33877.45762;[0.93];[-0.02];12790.01085;[0.9642];[0.0142];12026.47685),(34225.16704;[0.97];[0.02];11703.44108;[0.9843];[0.0343];11125.91896),(34748.91233;[0.93];[-0.02];12619.86533;[0.9612];[0.0112];11842.64304),(34882.50661;[0.97];[0.02];11790.29522;[0.9833];[0.0333];11183.44632),(35590.68871;[0.97];[0.02];11759.61608;[0.9842];[0.0342];11168.19613),(35864.48240;[0.97];[0.02];11962.93936;[0.9696];[0.0196];11278.30351),(36388.49163;[0.9];[-0.05];14456.06418;[0.9041];[-0.0459];13196.74768),(36595.96682;[0.97];[0.02];11926.79610;[0.9707];[0.0207];11256.92573),(37047.44601;[1.];[0.05];12076.77468;[1.];[0.05];11577.11992),(37491.55068;[0.95];[0.];12115.75284;[0.965];[0.015];11383.97373),(37877.70414;[0.96];[0.01];12054.99002;[0.9664];[0.0164];11327.52228),(38165.50541;[0.9];[-0.05];14479.86404;[0.9026];[-0.0474];13207.24224),(38341.79688;[0.93];[-0.02];12850.70846;[0.9611];[0.0111];12080.26821),(38628.61681;[0.99];[0.04];10881.92036;[0.9966];[0.0466];10464.79996),(38863.37376;[0.93];[-0.02];12551.88554;[0.9631];[0.0131];11788.87867),(39041.06927;[1.];[0.05];10543.44830;[0.9978];[0.0478];10171.04331),(39391.73961;[0.9];[-0.05];14635.94898;[0.8894];[-0.0606];13293.82314),(39565.06610;[0.93];[-0.02];12832.66972;[0.9622];[0.0122];12067.68756),(39902.00472;[0.92];[-0.03];12692.12854;[0.9584];[0.0084];11898.16652),(40251.45721;[0.98];[0.03];11412.09368;[0.9897];[0.0397];10897.01059),(40724.84374;[0.97];[0.02];11575.76576;[0.9867];[0.0367];11000.35151),(41474.06936;[0.93];[-0.02];12685.90009;[0.963];[0.013];11922.06659),(41670.94326;[0.96];[0.01];12414.55475;[0.974];[0.024];11733.90307),(42090.68775;[0.93];[-0.02];13119.46795;[0.9593];[0.0093];12312.34115),(42280.86615;[0.97];[0.02];11741.77137;[0.9839];[0.0339];11149.97438),(42791.61716;[0.94];[-0.01];12541.63294;[0.9679];[0.0179];11803.74773),(43169.63911;[0.99];[0.04];10845.87451;[0.9963];[0.0463];10427.49889),(43542.38629;[0.97];[0.02];11923.16093;[0.9706];[0.0206];11253.48103),(44177.24490;[0.97];[0.02];12245.10766;[0.9754];[0.0254];11561.38889),(44359.43866;[0.96];[0.01];12369.93971;[0.9734];[0.0234];11692.15052),(44891.10446;[0.97];[0.02];11569.87362;[0.9876];[0.0376];11028.50851),(45115.16857;[0.93];[-0.02];12890.07272;[0.9605];[0.0105];12103.33818),(45316.58888;[0.97];[0.02];11591.27958;[0.9854];[0.0354];11047.83862),(45451.71070;[0.9];[-0.05];14506.50973;[0.901];[-0.049];13222.63776),(45628.16310;[0.97];[0.02];11858.45904;[0.9817];[0.0317];11223.80831),(45976.05777;[0.9];[-0.05];14286.51429;[0.9077];[-0.0423];13085.91557),(46199.98741;[0.99];[0.04];11010.57032;[0.9956];[0.0456];10570.36756),(46544.26789;[0.9];[-0.05];14617.79183;[0.8882];[-0.0618];13272.94537),(46796.17691;[0.98];[0.03];11811.73961;[0.9857];[0.0357];11246.06345),(47184.49354;[0.9];[-0.05];14569.10243;[0.8968];[-0.0532];13259.21012),(47864.60996;[0.9];[-0.05];14304.80532;[0.9063];[-0.0437];13091.49612),(48024.43027;[0.98];[0.03];11432.62372;[0.9902];[0.0402];10925.10924),(48233.92773;[0.98];[0.03];11547.26802;[0.9883];[0.0383];10987.54922),(48674.79920;[0.97];[0.02];11671.98737;[0.9849];[0.0349];11078.85475),(48837.65006;[0.9];[-0.05];14471.80759;[0.9021];[-0.0479];13198.61279),(49330.48964;[0.93];[-0.02];12571.72890;[0.9648];[0.0148];11824.00997),(49516.98422;[0.97];[0.02];12094.65536;[0.9808];[0.0308];11482.91628),(50043.40529;[0.97];[0.02];11903.97840;[0.979];[0.029];11264.40472),(50295.07113;[0.93];[-0.02];12629.44611;[0.961];[0.011];11848.36529),(50625.46086;[0.97];[0.02];11715.71765;[0.9846];[0.0346];11138.11096),(51128.63183;[0.97];[0.02];11654.44388;[0.9865];[0.0365];11082.32510),(51418.65373;[0.97];[0.02];12029.59897;[0.9708];[0.0208];11361.09427),(51669.69633;[0.99];[0.04];10745.35520;[0.9976];[0.0476];10350.13592),(51935.94909;[0.92];[-0.03];13338.56336;[0.9514];[0.0014];12470.55569),(52435.46939;[0.93];[-0.02];12947.85405;[0.958];[0.008];12134.54407),(52770.28298;[0.95];[0.];12308.07688;[0.9729];[0.0229];11630.36195),(53128.09396;[0.93];[-0.02];12633.42495;[0.9618];[0.0118];11854.67849),(53254.43411;[0.93];[-0.02];12546.50463;[0.9646];[0.0146];11801.07403),(53727.87046;[0.97];[0.02];11798.46327;[0.9833];[0.0333];11191.35900),(54169.25335;[0.99];[0.04];11078.33479;[0.9956];[0.0456];10623.45591),(54571.72513;[0.89];[-0.06];14777.01033;[0.8823];[-0.0677];13357.70518),(55089.65135;[0.97];[0.02];11625.13770;[0.9843];[0.0343];11063.31073),(55338.99164;[0.95];[0.];12339.85705;[0.9716];[0.0216];11645.78834),(55572.54052;[0.93];[-0.02];12995.52334;[0.9613];[0.0113];12210.47169),(55724.93076;[0.92];[-0.03];12858.12625;[0.9476];[-0.0024];11999.91165),(56409.60717;[0.93];[-0.02];12548.75814;[0.9645];[0.0145];11802.96969),(57101.85599;[0.97];[0.02];11752.57840;[0.9838];[0.0338];11158.71658),(57268.78190;[1.];[0.05];10530.59697;[0.9978];[0.0478];10158.31751),(57600.31486;[0.95];[0.];12530.69045;[0.9731];[0.0231];11819.25581),(57873.31319;[0.99];[0.04];11172.41338;[0.9941];[0.0441];10711.05354),(58337.40973;[0.93];[-0.02];13002.04548;[0.9615];[0.0115];12217.65134),(58616.22810;[0.96];[0.01];12465.88733;[0.9736];[0.0236];11769.05633),(58835.67953;[0.92];[-0.03];12971.84842;[0.9559];[0.0059];12153.31724),(59110.68416;[0.9];[-0.05];14502.42042;[0.901];[-0.049];13218.50493),(59316.06889;[0.97];[0.02];11825.27717;[0.9819];[0.0319];11203.22252),(59755.28407;[0.97];[0.02];11832.72675;[0.982];[0.032];11210.57084),(60190.97424;[0.97];[0.02];11933.36355;[0.9691];[0.0191];11250.45082)]"
3,1,12014.860110128027,[0.96],[0.01],12500.092267990112,"[(103.48892;[0.91];[-0.04];12269.21611;[0.96];[0.01];12014.86011),(432.95622;[0.8];[-0.15];12253.11610;[0.8563];[-0.0937];12001.78066),(542.90199;[0.91];[-0.04];12269.21611;[0.96];[0.01];12014.86011),(713.14335;[0.91];[-0.04];12269.21611;[0.96];[0.01];12014.86011),(825.06990;[0.91];[-0.04];12269.21611;[0.96];[0.01];12014.86011),(1035.74276;[0.8];[-0.15];12253.11610;[0.8563];[-0.0937];12001.78066),(1508.50725;[0.79];[-0.16];11741.29741;[0.8241];[-0.1259];11608.00753),(2424.41487;[0.85];[-0.1];10835.03230;[0.9069];[-0.0431];10840.53407),(2533.20813;[0.91];[-0.04];12269.21611;[0.96];[0.01];12014.86011),(2649.78218;[0.91];[-0.04];12269.21611;[0.96];[0.01];12014.86011),(2754.10175;[0.91];[-0.04];12269.21611;[0.96];[0.01];12014.86011),(2854.30360;[0.91];[-0.04];12269.21611;[0.96];[0.01];12014.86011),(2965.40236;[0.91];[-0.04];12269.21611;[0.96];[0.01];12014.86011),(3087.68868;[0.91];[-0.04];12269.21611;[0.96];[0.01];12014.86011),(3192.17300;[0.91];[-0.04];12269.21611;[0.96];[0.01];12014.86011)]"
3,2,11911.138374307517,[0.7713],[-0.1787],13698.143005371094,"[(329.41103;[0.74];[-0.21];13664.86578;[0.7075];[-0.2425];11963.72793),(1258.95143;[0.78];[-0.17];13486.66975;[0.7713];[-0.1787];11911.13837),(1641.08276;[0.74];[-0.21];13664.86578;[0.7075];[-0.2425];11963.72793),(1987.03146;[0.74];[-0.21];13664.86578;[0.7075];[-0.2425];11963.72793),(2366.68444;[0.74];[-0.21];13664.86578;[0.7075];[-0.2425];11963.72793),(2748.55804;[0.74];[-0.21];13664.86578;[0.7075];[-0.2425];11963.72793),(3114.41135;[0.74];[-0.21];13664.86578;[0.7075];[-0.2425];11963.72793),(3443.28332;[0.74];[-0.21];13664.86578;[0.7075];[-0.2425];11963.72793),(3827.65937;[0.74];[-0.21];13664.86578;[0.7075];[-0.2425];11963.72793),(4214.62774;[0.74];[-0.21];13664.86578;[0.7075];[-0.2425];11963.72793),(4610.10623;[0.74];[-0.21];13664.86578;[0.7075];[-0.2425];11963.72793),(5054.32272;[0.74];[-0.21];13664.86578;[0.7075];[-0.2425];11963.72793),(5456.59208;[0.74];[-0.21];13664.86578;[0.7075];[-0.2425];11963.72793),(5577.32844;[0.73];[-0.22];13646.74451;[0.7121];[-0.2379];11948.36811)]"
3,3,11304.357211199762,[0.8674],[-0.0826],10839.271783828735,"[(197.17050;[0.8];[-0.15];11756.73400;[0.7701];[-0.1799];12002.22753),(889.74738;[0.86];[-0.09];11334.94819;[0.8674];[-0.0826];11304.35721),(1164.67905;[0.8];[-0.15];11756.73400;[0.7701];[-0.1799];12002.22753),(1440.84978;[0.8];[-0.15];11756.73400;[0.7701];[-0.1799];12002.22753),(1756.20317;[0.8];[-0.15];11756.73400;[0.7701];[-0.1799];12002.22753),(2044.84391;[0.8];[-0.15];11756.73400;[0.7701];[-0.1799];12002.22753),(2348.34933;[0.8];[-0.15];11756.73400;[0.7701];[-0.1799];12002.22753),(2612.93912;[0.8];[-0.15];11756.73400;[0.7701];[-0.1799];12002.22753),(2888.92198;[0.8];[-0.15];11756.73400;[0.7701];[-0.1799];12002.22753),(3163.32030;[0.8];[-0.15];11756.73400;[0.7701];[-0.1799];12002.22753),(3431.76436;[0.8];[-0.15];11756.73400;[0.7701];[-0.1799];12002.22753),(3589.89596;[0.81];[-0.14];11747.33192;[0.7803];[-0.1697];11947.76871)]"
3,4,11872.610710059304,[1.],[0.05],750.1904964447021,[(49.93224;[1.];[0.05];11479.49491;[1.];[0.05];11872.61071)]
3,5,11916.30762765793,[1.],[0.05],892.0803070068359,[(88.72294;[1.];[0.05];11965.49797;[1.];[0.05];11916.30763)]
3,6,11616.990283758061,[1.],[0.05],1078.014612197876,[(277.72593;[1.];[0.05];11540.06975;[1.];[0.05];11616.99028)]
3,7,11076.47454586556,[1.],[0.05],38839.58077430725,"[(112.93602;[0.78];[-0.17];12070.75097;[0.7514];[-0.1986];12007.64126),(799.24870;[0.78];[-0.17];12070.75097;[0.7514];[-0.1986];12007.64126),(927.41680;[0.78];[-0.17];12070.75097;[0.7514];[-0.1986];12007.64126),(1047.98269;[0.78];[-0.17];12070.75097;[0.7514];[-0.1986];12007.64126),(1156.98147;[0.78];[-0.17];12070.75097;[0.7514];[-0.1986];12007.64126),(1312.74033;[0.78];[-0.17];12070.75097;[0.7514];[-0.1986];12007.64126),(1434.57913;[0.78];[-0.17];12070.75097;[0.7514];[-0.1986];12007.64126),(1537.84132;[0.78];[-0.17];12070.75097;[0.7514];[-0.1986];12007.64126),(1666.70942;[0.78];[-0.17];12070.75097;[0.7514];[-0.1986];12007.64126),(1807.75738;[0.78];[-0.17];12070.75097;[0.7514];[-0.1986];12007.64126),(1930.06301;[0.78];[-0.17];12070.75097;[0.7514];[-0.1986];12007.64126),(2060.88233;[0.78];[-0.17];12070.75097;[0.7514];[-0.1986];12007.64126),(2235.16440;[0.77];[-0.18];12045.88652;[0.7433];[-0.2067];11944.31677),(2706.85148;[0.96];[0.01];9798.16929;[0.9459];[-0.0041];9778.64120),(2854.69818;[0.92];[-0.03];10929.57051;[0.8819];[-0.0681];10918.87753),(3777.99058;[1.];[0.05];10933.49191;[1.];[0.05];11076.47455),(3904.75965;[0.78];[-0.17];12070.75097;[0.7514];[-0.1986];12007.64126),(4050.78554;[0.78];[-0.17];12070.75097;[0.7514];[-0.1986];12007.64126),(4182.98411;[0.78];[-0.17];12070.75097;[0.7514];[-0.1986];12007.64126),(4335.03342;[0.78];[-0.17];12070.75097;[0.7514];[-0.1986];12007.64126),(4524.65129;[0.78];[-0.17];12070.75097;[0.7514];[-0.1986];12007.64126),(4707.53741;[0.78];[-0.17];12070.75097;[0.7514];[-0.1986];12007.64126),(4850.43478;[0.78];[-0.17];12070.75097;[0.7514];[-0.1986];12007.64126),(4994.61985;[0.78];[-0.17];12070.75097;[0.7514];[-0.1986];12007.64126),(5184.10492;[0.78];[-0.17];12070.75097;[0.7514];[-0.1986];12007.64126),(5361.68909;[0.78];[-0.17];12070.75097;[0.7514];[-0.1986];12007.64126),(5543.98918;[0.78];[-0.17];12070.75097;[0.7514];[-0.1986];12007.64126),(5870.41950;[0.78];[-0.17];11972.79422;[0.7583];[-0.1917];11878.65531),(6033.64849;[0.92];[-0.03];11008.88356;[0.8831];[-0.0669];10993.91988),(6985.84270;[1.];[0.05];10932.59435;[1.];[0.05];11033.01160),(7123.17133;[0.78];[-0.17];12070.75097;[0.7514];[-0.1986];12007.64126),(7265.93089;[0.78];[-0.17];12070.75097;[0.7514];[-0.1986];12007.64126),(7405.72667;[0.78];[-0.17];12070.75097;[0.7514];[-0.1986];12007.64126),(7553.52139;[0.78];[-0.17];12070.75097;[0.7514];[-0.1986];12007.64126),(7702.88444;[0.78];[-0.17];12070.75097;[0.7514];[-0.1986];12007.64126),(7855.10182;[0.78];[-0.17];12070.75097;[0.7514];[-0.1986];12007.64126),(7997.60866;[0.78];[-0.17];12070.75097;[0.7514];[-0.1986];12007.64126),(8152.98486;[0.78];[-0.17];12070.75097;[0.7514];[-0.1986];12007.64126),(8293.90311;[0.78];[-0.17];12070.75097;[0.7514];[-0.1986];12007.64126),(8454.67496;[0.78];[-0.17];12070.75097;[0.7514];[-0.1986];12007.64126),(8609.96127;[0.78];[-0.17];12070.75097;[0.7514];[-0.1986];12007.64126),(8756.32071;[0.78];[-0.17];12070.75097;[0.7514];[-0.1986];12007.64126),(8866.47129;[0.94];[-0.01];10735.37817;[0.9012];[-0.0488];10730.32637),(9196.65003;[0.94];[-0.01];10565.00487;[0.9116];[-0.0384];10537.68638),(9447.07274;[0.94];[-0.01];10303.29566;[0.9252];[-0.0248];10279.78717)]"
3,8,10470.313653760415,[0.9124],[-0.0376],19183.443307876587,"[(102.74434;[0.71];[-0.24];12932.82155;[0.692];[-0.258];11944.20906),(1554.12579;[0.97];[0.02];9932.02879;[0.9454];[-0.0046];9659.81194),(1692.89064;[0.71];[-0.24];12932.82155;[0.692];[-0.258];11944.20906),(1827.24023;[0.71];[-0.24];12932.82155;[0.692];[-0.258];11944.20906),(1949.53585;[0.71];[-0.24];12932.82155;[0.692];[-0.258];11944.20906),(2084.26285;[0.71];[-0.24];12932.82155;[0.692];[-0.258];11944.20906),(2215.51061;[0.71];[-0.24];12932.82155;[0.692];[-0.258];11944.20906),(2337.95261;[0.71];[-0.24];12932.82155;[0.692];[-0.258];11944.20906),(2532.97639;[0.71];[-0.24];12932.82155;[0.692];[-0.258];11944.20906),(2731.35829;[0.71];[-0.24];12932.82155;[0.692];[-0.258];11944.20906),(2930.21655;[0.71];[-0.24];12932.82155;[0.692];[-0.258];11944.20906),(3114.73584;[0.71];[-0.24];12919.68197;[0.7093];[-0.2407];11958.30730),(3456.74968;[0.84];[-0.11];12403.24507;[0.8002];[-0.1498];11690.54689),(3694.47899;[0.79];[-0.16];12509.51231;[0.7738];[-0.1762];11743.07348),(3896.67964;[0.91];[-0.04];11738.00215;[0.8717];[-0.0783];11212.22771),(4276.61610;[0.96];[0.01];10852.93975;[0.9124];[-0.0376];10470.31365),(4522.59755;[0.94];[-0.01];11026.34701;[0.904];[-0.046];10617.25128),(4928.92766;[0.96];[0.01];10852.93975;[0.9124];[-0.0376];10470.31365),(5310.67181;[0.94];[-0.01];11019.57770;[0.9039];[-0.0461];10610.63860),(5647.97497;[0.96];[0.01];10852.93975;[0.9124];[-0.0376];10470.31365)]"
3,9,11013.966376699811,[0.8864],[-0.0636],14250.60486793518,"[(58.14528;[0.75];[-0.2];12639.29511;[0.7124];[-0.2376];11953.71295),(1155.25270;[0.94];[-0.01];11466.22925;[0.8864];[-0.0636];11013.96638),(1243.73889;[0.75];[-0.2];12639.29511;[0.7124];[-0.2376];11953.71295),(1327.70514;[0.75];[-0.2];12639.29511;[0.7124];[-0.2376];11953.71295),(1428.69592;[0.75];[-0.2];12639.29511;[0.7124];[-0.2376];11953.71295),(1522.39227;[0.75];[-0.2];12639.29511;[0.7124];[-0.2376];11953.71295),(1598.09852;[0.75];[-0.2];12639.29511;[0.7124];[-0.2376];11953.71295),(1690.56821;[0.75];[-0.2];12639.29511;[0.7124];[-0.2376];11953.71295),(1829.17786;[0.75];[-0.2];12639.29511;[0.7124];[-0.2376];11953.71295),(1969.90609;[0.75];[-0.2];12639.29511;[0.7124];[-0.2376];11953.71295),(2111.86147;[0.75];[-0.2];12639.29511;[0.7124];[-0.2376];11953.71295),(2256.43516;[0.75];[-0.2];12639.29511;[0.7124];[-0.2376];11953.71295),(2405.18260;[0.75];[-0.2];12639.29511;[0.7124];[-0.2376];11953.71295),(2670.89128;[0.83];[-0.12];12389.60941;[0.7718];[-0.1782];11846.77231),(3088.46116;[0.85];[-0.1];12017.06800;[0.8153];[-0.1347];11536.85654)]"
3,10,11960.63675658115,[0.712],[-0.238],13962.61477470398,"[(102.19312;[0.75];[-0.2];13833.46547;[0.6721];[-0.2779];11879.07274),(782.47595;[0.75];[-0.2];13833.46547;[0.6721];[-0.2779];11879.07274),(918.02859;[0.75];[-0.2];13833.46547;[0.6721];[-0.2779];11879.07274),(1062.76774;[0.75];[-0.2];13833.46547;[0.6721];[-0.2779];11879.07274),(1180.39203;[0.75];[-0.2];13833.46547;[0.6721];[-0.2779];11879.07274),(1339.41555;[0.75];[-0.2];13833.46547;[0.6721];[-0.2779];11879.07274),(1501.77097;[0.75];[-0.2];13833.46547;[0.6721];[-0.2779];11879.07274),(1664.48784;[0.75];[-0.2];13833.46547;[0.6721];[-0.2779];11879.07274),(1858.91604;[0.75];[-0.2];13833.46547;[0.6721];[-0.2779];11879.07274),(2048.81382;[0.75];[-0.2];13833.46547;[0.6721];[-0.2779];11879.07274),(2241.00304;[0.75];[-0.2];13833.46547;[0.6721];[-0.2779];11879.07274),(2435.17375;[0.75];[-0.2];13833.46547;[0.6721];[-0.2779];11879.07274),(2609.99680;[0.75];[-0.2];13833.46547;[0.6721];[-0.2779];11879.07274),(2821.07496;[0.76];[-0.19];13715.47269;[0.712];[-0.238];11960.63676)]"
4,1,10627.19683854342,[0.6381],[-0.3119],1604.4087409973145,[(134.24349;[0.61];[-0.34];10855.13904;[0.6381];[-0.3119];10627.19684)]
4,2,10608.978703714361,[0.6015],[-0.3485],1589.4222259521484,[(62.25276;[0.65];[-0.3];12125.96157;[0.6015];[-0.3485];10608.97870)]
4,3,9948.336334559346,[0.7412],[-0.2088],16708.20426940918,"[(89.76793;[0.73];[-0.22];10354.00071;[0.6473];[-0.3027];10619.92450),(856.94528;[0.73];[-0.22];10354.00071;[0.6473];[-0.3027];10619.92450),(982.91898;[0.73];[-0.22];10354.00071;[0.6473];[-0.3027];10619.92450),(1144.99760;[0.73];[-0.22];10354.00071;[0.6473];[-0.3027];10619.92450),(1308.34031;[0.73];[-0.22];10354.00071;[0.6473];[-0.3027];10619.92450),(1476.88460;[0.73];[-0.22];10354.00071;[0.6473];[-0.3027];10619.92450),(1639.79769;[0.73];[-0.22];10354.00071;[0.6473];[-0.3027];10619.92450),(1825.78206;[0.73];[-0.22];10354.00071;[0.6473];[-0.3027];10619.92450),(1991.24599;[0.73];[-0.22];10354.00071;[0.6473];[-0.3027];10619.92450),(2158.89525;[0.73];[-0.22];10354.00071;[0.6473];[-0.3027];10619.92450),(2328.57704;[0.73];[-0.22];10354.00071;[0.6473];[-0.3027];10619.92450),(2762.52031;[0.75];[-0.2];10341.20265;[0.6696];[-0.2804];10553.41989),(3273.31901;[0.75];[-0.2];10341.20265;[0.6696];[-0.2804];10553.41989),(3472.90540;[0.75];[-0.2];10275.65329;[0.6687];[-0.2813];10441.71591),(3937.83808;[0.79];[-0.16];9955.44164;[0.7412];[-0.2088];9948.33633)]"
4,4,10452.101375111008,[0.8069],[-0.1431],11955.892086029053,"[(66.84709;[0.78];[-0.17];10106.32110;[0.8144];[-0.1356];10521.56939),(893.42713;[0.78];[-0.17];10106.32110;[0.8144];[-0.1356];10521.56939),(996.31357;[0.78];[-0.17];10106.32110;[0.8144];[-0.1356];10521.56939),(1144.57417;[0.78];[-0.17];10106.32110;[0.8144];[-0.1356];10521.56939),(1286.25178;[0.78];[-0.17];10106.32110;[0.8144];[-0.1356];10521.56939),(1424.34525;[0.78];[-0.17];10106.32110;[0.8144];[-0.1356];10521.56939),(1569.28277;[0.78];[-0.17];10106.32110;[0.8144];[-0.1356];10521.56939),(2056.29468;[0.79];[-0.16];10090.48127;[0.8069];[-0.1431];10452.10138),(2438.73692;[0.69];[-0.26];10061.37375;[0.7022];[-0.2478];10505.10533),(2837.22353;[0.69];[-0.26];10061.37375;[0.7022];[-0.2478];10505.10533),(2963.68408;[0.67];[-0.28];9964.52197;[0.6931];[-0.2569];10294.03138)]"
4,5,10565.305276543759,[0.9493],[-0.0007],16254.968643188477,"[(266.83593;[0.9];[-0.05];10554.48871;[0.9292];[-0.0208];10557.40369),(702.81434;[0.9];[-0.05];10554.48871;[0.9292];[-0.0208];10557.40369),(954.18382;[0.9];[-0.05];10554.48871;[0.9292];[-0.0208];10557.40369),(1244.01331;[0.9];[-0.05];10554.48871;[0.9292];[-0.0208];10557.40369),(1366.05644;[0.92];[-0.03];10541.56337;[0.9493];[-0.0007];10565.30528),(1817.07597;[0.63];[-0.32];10476.10762;[0.6842];[-0.2658];10573.72425),(2136.37948;[0.73];[-0.22];9539.49811;[0.7786];[-0.1714];9854.63786),(2413.47241;[0.9];[-0.05];10554.48871;[0.9292];[-0.0208];10557.40369),(2670.96710;[0.9];[-0.05];10554.48871;[0.9292];[-0.0208];10557.40369),(2910.72583;[0.9];[-0.05];10554.48871;[0.9292];[-0.0208];10557.40369),(3168.44153;[0.9];[-0.05];10554.48871;[0.9292];[-0.0208];10557.40369),(3471.21692;[0.9];[-0.05];10554.48871;[0.9292];[-0.0208];10557.40369),(3788.70773;[0.9];[-0.05];10554.48871;[0.9292];[-0.0208];10557.40369),(4055.12834;[0.9];[-0.05];10554.48871;[0.9292];[-0.0208];10557.40369),(4297.12868;[0.9];[-0.05];10554.48871;[0.9292];[-0.0208];10557.40369),(4548.29621;[0.9];[-0.05];10554.48871;[0.9292];[-0.0208];10557.40369),(4819.09323;[0.9];[-0.05];10554.48871;[0.9292];[-0.0208];10557.40369),(5047.26696;[0.9];[-0.05];10554.48871;[0.9292];[-0.0208];10557.40369)]"
4,6,10359.59878793915,[0.9999],[0.0499],759.9828243255615,[(144.08207;[1.];[0.05];10134.12089;[0.9999];[0.0499];10359.59879)]
4,7,10627.712129436975,[0.6361],[-0.3139],1567.6701068878174,[(100.84510;[0.63];[-0.32];10689.54272;[0.6361];[-0.3139];10627.71213)]
4,8,10580.136951224626,[0.5893],[-0.3607],1157.8941345214844,[(115.22126;[0.57];[-0.38];11480.09609;[0.5893];[-0.3607];10580.13695)]
4,9,9700.829498191617,[0.7923],[-0.1577],18591.310262680054,"[(539.83879;[0.67];[-0.28];11193.61205;[0.6058];[-0.3442];10562.68417),(2112.23841;[0.67];[-0.28];11193.61205;[0.6058];[-0.3442];10562.68417),(2639.18924;[0.67];[-0.28];11193.61205;[0.6058];[-0.3442];10562.68417),(3174.54910;[0.67];[-0.28];11193.61205;[0.6058];[-0.3442];10562.68417),(3730.02291;[0.67];[-0.28];11193.61205;[0.6058];[-0.3442];10562.68417),(4295.68005;[0.67];[-0.28];11193.61205;[0.6058];[-0.3442];10562.68417),(4866.17208;[0.67];[-0.28];11193.61205;[0.6058];[-0.3442];10562.68417),(5455.64532;[0.67];[-0.28];11193.61205;[0.6058];[-0.3442];10562.68417),(6046.22912;[0.67];[-0.28];11193.61205;[0.6058];[-0.3442];10562.68417),(6507.86114;[0.67];[-0.28];11193.61205;[0.6058];[-0.3442];10562.68417),(6935.80127;[0.67];[-0.28];11193.61205;[0.6058];[-0.3442];10562.68417),(7439.46648;[0.67];[-0.28];11193.61205;[0.6058];[-0.3442];10562.68417),(8139.20712;[0.67];[-0.28];11193.61205;[0.6058];[-0.3442];10562.68417),(8308.27093;[0.67];[-0.28];11193.29046;[0.6082];[-0.3418];10574.35819),(8489.36796;[0.68];[-0.27];11073.89140;[0.6375];[-0.3125];10531.82142),(8624.48525;[0.68];[-0.27];10793.17298;[0.6594];[-0.2906];10348.17172),(8742.32602;[0.83];[-0.12];10087.64682;[0.7923];[-0.1577];9700.82950)]"
4,10,10496.104134464813,[0.5667],[-0.3833],2101.911783218384,[(1035.18319;[0.66];[-0.29];12300.28851;[0.5667];[-0.3833];10496.10413)]
5,1,9383.555621298541,[0.4848],[-0.4652],1027.9474258422852,[(136.48009;[0.46];[-0.49];9621.07654;[0.4848];[-0.4652];9383.55562)]
5,2,9349.862516809802,[0.4788],[-0.4712],1184.7662925720215,[(273.50402;[0.53];[-0.42];10804.91262;[0.4788];[-0.4712];9349.86252)]
5,3,9342.549701921256,[0.5155],[-0.4345],1540.8408641815186,[(138.65805;[0.56];[-0.39];9113.73727;[0.5155];[-0.4345];9342.54970)]
5,4,9259.607642846537,[0.5589],[-0.3911],1583.7271213531494,[(79.81277;[0.51];[-0.44];8912.55586;[0.5589];[-0.3911];9259.60764)]
5,5,9381.856480411478,[0.4854],[-0.4646],1477.332592010498,[(71.26403;[0.47];[-0.48];9305.37406;[0.4854];[-0.4646];9381.85648)]
5,6,8813.095634355617,[0.9018],[-0.0482],1040.8961772918701,[(120.02206;[0.96];[0.01];8862.50925;[0.9018];[-0.0482];8813.09563)]
5,7,9380.40207003053,[0.4967],[-0.4533],1271.6443538665771,[(82.73411;[0.49];[-0.46];9452.44169;[0.4967];[-0.4533];9380.40207)]
5,8,9311.166194259986,[0.4759],[-0.4741],1616.910696029663,[(84.88655;[0.49];[-0.46];10176.09417;[0.4759];[-0.4741];9311.16619)]
5,9,9267.287072600408,[0.4751],[-0.4749],1600.6052494049072,[(190.08946;[0.51];[-0.44];9900.12729;[0.4751];[-0.4749];9267.28707)]
5,10,9275.372525535764,[0.4719],[-0.4781],1191.807508468628,[(173.79832;[0.59];[-0.36];10939.26503;[0.4719];[-0.4781];9275.37253)]
6,1,8257.056654254096,[0.3583],[-0.5917],1450.777530670166,[(85.17027;[0.38];[-0.57];8473.48599;[0.3583];[-0.5917];8257.05665)]
6,2,8222.652112419419,[0.3712],[-0.5788],1538.7308597564697,[(110.57639;[0.47];[-0.48];9519.09223;[0.3712];[-0.5788];8222.65211)]
6,3,8241.044101154148,[0.3715],[-0.5785],1052.236795425415,[(125.93126;[0.42];[-0.53];7978.60832;[0.3715];[-0.5785];8241.04410)]
6,4,8107.263405346357,[0.3322],[-0.6178],1238.5642528533936,[(111.50432;[0.25];[-0.7];7794.98047;[0.3322];[-0.6178];8107.26341)]
6,5,8168.458336877864,[0.3227],[-0.6273],1450.0987529754639,[(78.64976;[0.3];[-0.65];8120.83434;[0.3227];[-0.6273];8168.45834)]
6,6,7740.609232330666,[0.2727],[-0.6773],1465.144157409668,[(55.76730;[0.3];[-0.65];7667.15887;[0.2727];[-0.6773];7740.60923)]
6,7,8247.203451481786,[0.3767],[-0.5733],1375.2734661102295,[(65.22465;[0.36];[-0.59];8325.02731;[0.3767];[-0.5733];8247.20345)]
6,8,8191.335430256817,[0.3768],[-0.5732],1479.0430068969727,[(64.34989;[0.37];[-0.58];8974.53738;[0.3768];[-0.5732];8191.33543)]
6,9,8161.2417472159195,[0.3761],[-0.5739],1591.158151626587,[(142.30061;[0.4];[-0.55];8714.60119;[0.3761];[-0.5739];8161.24175)]
6,10,8098.3012523182715,[0.3706],[-0.5794],1397.8416919708252,[(539.24012;[0.49];[-0.46];9702.99710;[0.3706];[-0.5794];8098.30125)]
7,1,7203.875598279888,[0.2568],[-0.6932],1105.8297157287598,[(74.87226;[0.31];[-0.64];7416.24931;[0.2568];[-0.6932];7203.87560)]
7,2,7164.850157770787,[0.2693],[-0.6807],1076.3540267944336,[(86.28893;[0.32];[-0.63];8405.95663;[0.2693];[-0.6807];7164.85016)]
7,3,7177.802003031133,[0.2564],[-0.6936],1342.5543308258057,[(94.77758;[0.29];[-0.66];6923.74851;[0.2564];[-0.6936];7177.80200)]
7,4,7123.840998597965,[0.2352],[-0.7148],1313.8072490692139,[(91.70651;[0.21];[-0.74];6799.56127;[0.2352];[-0.7148];7123.84100)]
7,5,7199.132421323406,[0.2532],[-0.6968],1214.2891883850098,[(432.70350;[0.21];[-0.74];7034.30729;[0.2532];[-0.6968];7199.13242)]
7,6,6798.32853270301,[0.1394],[-0.8106],1181.9493770599365,[(328.53723;[0.12];[-0.83];6569.39746;[0.1394];[-0.8106];6798.32853)]
7,7,7204.318569171837,[0.2652],[-0.6848],924.5831966400146,[(109.68733;[0.19];[-0.76];7263.64946;[0.2652];[-0.6848];7204.31857)]
7,8,7140.754818140476,[0.2841],[-0.6659],1128.9551258087158,[(298.99216;[0.32];[-0.63];7853.49103;[0.2841];[-0.6659];7140.75482)]
7,9,7146.564096118311,[0.282],[-0.668],995.783805847168,[(99.03741;[0.34];[-0.61];7603.56454;[0.282];[-0.668];7146.56410)]
7,10,7052.546101038144,[0.2844],[-0.6656],1063.4965896606445,[(55.80401;[0.38];[-0.57];8545.76272;[0.2844];[-0.6656];7052.54610)]
8,1,6655.55339338886,[0.1947],[-0.7553],951.6232013702393,[(176.50294;[0.27];[-0.68];6868.61642;[0.1947];[-0.7553];6655.55339)]
8,2,6623.902576702174,[0.2236],[-0.7264],1027.977466583252,[(125.94485;[0.27];[-0.68];7839.14730;[0.2236];[-0.7264];6623.90258)]
8,3,6628.536637108491,[0.1963],[-0.7537],1395.9341049194336,[(60.68158;[0.18];[-0.77];6380.87428;[0.1963];[-0.7537];6628.53664)]
8,4,6591.3041643300385,[0.1755],[-0.7745],1124.9196529388428,[(262.46834;[0.17];[-0.78];6285.63246;[0.1755];[-0.7745];6591.30416)]
8,5,6632.308356411171,[0.1967],[-0.7533],1245.309829711914,[(78.34291;[0.18];[-0.77];6506.15634;[0.1967];[-0.7533];6632.30836)]
8,6,6215.043644138108,[0.0643],[-0.8857],873.9578723907471,[(46.11182;[0.04];[-0.91];6034.44210;[0.0643];[-0.8857];6215.04364)]
8,7,6655.752986919801,[0.2088],[-0.7412],870.213508605957,[(112.74552;[0.15];[-0.8];6732.23404;[0.2088];[-0.7412];6655.75299)]
8,8,6613.817654657389,[0.2242],[-0.7258],1345.31831741333,[(131.43969;[0.26];[-0.69];7273.67060;[0.2242];[-0.7258];6613.81765)]
8,9,6614.077379201419,[0.2239],[-0.7261],1034.2557430267334,[(106.74429;[0.27];[-0.68];7034.87147;[0.2239];[-0.7261];6614.07738)]
8,10,6533.791606060879,[0.2315],[-0.7185],1187.5801086425781,[(287.88257;[0.3];[-0.65];7941.58797;[0.2315];[-0.7185];6533.79161)]
