hardness,objective,feas,runtime
0,0,0.0,4553.3294677734375
1,0,0.0,4926.625728607178
2,0,0.0,4834.275722503662
