Hardness,Seed,Objective,ObjRatio,deter_feas,prob_feas,feas,surplus,Runtime,solutions
0,4,19676.54227610379,0.9813,1,1,[0.9752],[0.0252],40681.22839927673,[(40441.20550;[0.9759];[0.0259];19959.00261;1;1;[0.9752];[0.0252];19676.54228;100)]
1,4,14327.10889254873,0.95467,1,1,[0.9807],[0.0307],41023.76627922058,[(40782.67837;[0.9822];[0.0322];14529.12535;1;1;[0.9807];[0.0307];14327.10889;100)]
0,6,19613.21463833538,0.97814,1,1,[1.],[0.05],40936.240673065186,[(40693.40754;[0.9999];[0.0499];19716.86886;1;1;[1.];[0.05];19613.21464;100)]
0,3,19007.33073316298,0.94793,1,1,[0.9669],[0.0169],41088.385343551636,[(40848.71602;[0.9669];[0.0169];18979.53627;1;1;[0.9669];[0.0169];19007.33073;100)]
1,3,14322.510492531586,0.95436,1,1,[0.975],[0.025],41133.652448654175,[(40812.05845;[0.9758];[0.0258];14342.94655;1;1;[0.975];[0.025];14322.51049;100)]
1,6,14591.134740438803,0.97226,1,1,[1.],[0.05],30291.996955871582,[(30055.05633;[1.];[0.05];14666.49899;1;1;[1.];[0.05];14591.13474;100)]
0,1,19684.06420717464,0.98168,1,1,[0.9639],[0.0139],70367.96164512634,"[(37751.53136;[0.9455];[-0.0045];19790.44353;1;0;[0.9456];[-0.0044];19667.00892;100),(48382.82585;[0.9475];[-0.0025];19795.72013;1;0;[0.9483];[-0.0017];19673.20412;100),(52820.04714;[0.9475];[-0.0025];19795.72013;1;0;[0.9483];[-0.0017];19673.20412;100),(57894.19651;[0.9475];[-0.0025];19795.72013;1;0;[0.9483];[-0.0017];19673.20412;100),(63052.01459;[0.9475];[-0.0025];19795.72013;1;0;[0.9483];[-0.0017];19673.20412;100),(68014.40310;[0.9475];[-0.0025];19795.72013;1;0;[0.9483];[-0.0017];19673.20412;100),(68652.50945;[0.9911];[0.0411];19368.16695;1;1;[0.9905];[0.0405];19265.27639;100),(69294.14701;[0.9681];[0.0181];19780.53208;1;1;[0.9685];[0.0185];19666.08779;100),(69698.71235;[0.949];[-0.001];19799.61337;1;1;[0.9506];[0.0006];19677.83402;100),(70133.82673;[0.963];[0.013];19801.93885;1;1;[0.9639];[0.0139];19684.06421;100)]"
1,5,14878.708918920644,0.99142,1,0,[0.9498],[-0.0002],543510.7231140137,"[(41148.10181;[0.8495];[-0.1005];14744.87004;1;0;[0.8476];[-0.1024];14917.91308;100),(51425.53616;[0.8491];[-0.1009];14745.30643;1;0;[0.8471];[-0.1029];14917.60675;100),(68114.68935;[0.8581];[-0.0919];14644.15605;1;0;[0.8543];[-0.0957];14800.11923;200),(102514.81104;[0.8276];[-0.1224];14852.76629;1;0;[0.8247];[-0.1253];15005.04001;400),(123823.81892;[0.8276];[-0.1224];14852.76629;1;0;[0.8247];[-0.1253];15005.04001;400),(142549.47329;[0.8276];[-0.1224];14852.76629;1;0;[0.8247];[-0.1253];15005.04001;400),(160312.54005;[0.8276];[-0.1224];14852.76629;1;0;[0.8247];[-0.1253];15005.04001;400),(177043.69879;[0.8276];[-0.1224];14852.76629;1;0;[0.8247];[-0.1253];15005.04001;400),(193940.94038;[0.8276];[-0.1224];14852.76629;1;0;[0.8247];[-0.1253];15005.04001;400),(210185.88829;[0.8276];[-0.1224];14852.76629;1;0;[0.8247];[-0.1253];15005.04001;400),(210652.15087;[0.9476];[-0.0024];14609.03529;1;0;[0.9478];[-0.0022];14713.81391;400),(211127.66623;[0.9863];[0.0363];14253.22594;1;1;[0.9825];[0.0325];14332.35593;400),(215348.30165;[0.9786];[0.0286];14469.99040;1;1;[0.9754];[0.0254];14569.10503;400),(215960.11853;[0.9523];[0.0023];14597.67582;1;1;[0.9517];[0.0017];14701.06315;400),(216440.75251;[0.9476];[-0.0024];14609.03529;1;0;[0.9478];[-0.0022];14713.81391;400),(216847.16916;[0.9476];[-0.0024];14609.03529;1;0;[0.9478];[-0.0022];14713.81391;400),(217321.29908;[0.9479];[-0.0021];14603.66238;1;0;[0.948];[-0.002];14707.51415;400),(217803.06506;[0.9498];[-0.0002];14601.66708;1;0;[0.9495];[-0.0005];14705.35513;400),(218237.76126;[0.9482];[-0.0018];14601.25744;1;0;[0.9481];[-0.0019];14704.63894;400),(218755.38611;[0.9477];[-0.0023];14599.40408;1;0;[0.9479];[-0.0021];14702.52439;400),(219303.06625;[0.9502];[0.0002];14599.02865;1;1;[0.9501];[0.0001];14702.82350;400),(219801.06330;[0.9502];[0.0002];14599.02865;1;1;[0.9501];[0.0001];14702.82350;400),(220301.89919;[0.9518];[0.0018];14598.34975;1;1;[0.951];[0.001];14701.72193;400),(220794.25883;[0.9518];[0.0018];14598.34975;1;1;[0.951];[0.001];14701.72193;400),(221279.33645;[0.9518];[0.0018];14598.34975;1;1;[0.951];[0.001];14701.72193;400),(221757.40695;[0.9518];[0.0018];14598.34975;1;1;[0.951];[0.001];14701.72193;400),(293141.93344;[0.9463];[-0.0037];14766.59047;1;0;[0.9459];[-0.0041];14889.77944;800),(330028.77951;[0.9463];[-0.0037];14766.59047;1;0;[0.9459];[-0.0041];14889.77944;800),(366887.03132;[0.9463];[-0.0037];14766.59047;1;0;[0.9459];[-0.0041];14889.77944;800),(404556.53358;[0.9463];[-0.0037];14766.59047;1;0;[0.9459];[-0.0041];14889.77944;800),(438840.80100;[0.9463];[-0.0037];14766.59047;1;0;[0.9459];[-0.0041];14889.77944;800),(472056.18834;[0.9463];[-0.0037];14766.59047;1;0;[0.9459];[-0.0041];14889.77944;800),(506583.27270;[0.9463];[-0.0037];14766.59047;1;0;[0.9459];[-0.0041];14889.77944;800),(539475.69609;[0.9463];[-0.0037];14766.59047;1;0;[0.9459];[-0.0041];14889.77944;800),(539963.66787;[0.9533];[0.0033];14603.52698;1;1;[0.9526];[0.0026];14708.41524;800),(540524.04785;[0.9456];[-0.0044];14766.95057;1;0;[0.9453];[-0.0047];14890.05680;800),(541023.45634;[0.9543];[0.0043];14600.58439;1;1;[0.9537];[0.0037];14704.79097;800),(541577.63886;[0.9543];[0.0043];14600.58439;1;1;[0.9537];[0.0037];14704.79097;800),(542132.58815;[0.9463];[-0.0037];14766.59047;1;0;[0.9459];[-0.0041];14889.77944;800),(542717.23747;[0.9494];[-0.0006];14761.15484;1;0;[0.948];[-0.002];14883.37272;800),(543266.04509;[0.9509];[0.0009];14756.57594;1;0;[0.9498];[-0.0002];14878.70892;800)]"
2,3,10989.478848786473,0.96893,1,1,[0.9582],[0.0082],28653.361558914185,[(28414.15453;[0.9571];[0.0071];11006.09232;1;1;[0.9582];[0.0082];10989.47885;100)]
0,5,19897.77634850671,0.99233,1,0,[0.9497],[-0.0003],595070.1906681061,"[(41267.59887;[0.8114];[-0.1386];19695.07901;1;0;[0.804];[-0.146];19947.13518;100),(50955.29938;[0.8116];[-0.1384];19695.06183;1;0;[0.8045];[-0.1455];19946.94115;100),(66339.94603;[0.8128];[-0.1372];19696.45702;1;0;[0.8055];[-0.1445];19947.05157;200),(75270.05553;[0.8128];[-0.1372];19696.45702;1;0;[0.8055];[-0.1445];19947.05157;200),(84562.20818;[0.8128];[-0.1372];19696.45702;1;0;[0.8055];[-0.1445];19947.05157;200),(93566.64443;[0.8128];[-0.1372];19696.45702;1;0;[0.8055];[-0.1445];19947.05157;200),(103336.75909;[0.8128];[-0.1372];19696.45702;1;0;[0.8055];[-0.1445];19947.05157;200),(115609.88641;[0.8128];[-0.1372];19696.45702;1;0;[0.8055];[-0.1445];19947.05157;200),(120942.12937;[0.9242];[-0.0258];19392.20169;1;0;[0.9215];[-0.0285];19568.62597;200),(153193.83812;[0.8623];[-0.0877];19823.66974;1;0;[0.8603];[-0.0897];20047.93203;400),(170273.95415;[0.8623];[-0.0877];19823.66974;1;0;[0.8603];[-0.0897];20047.93203;400),(188368.11423;[0.8623];[-0.0877];19823.66974;1;0;[0.8603];[-0.0897];20047.93203;400),(206830.84393;[0.8623];[-0.0877];19823.66974;1;0;[0.8603];[-0.0897];20047.93203;400),(223558.97355;[0.8623];[-0.0877];19823.66974;1;0;[0.8603];[-0.0897];20047.93203;400),(240741.02640;[0.8623];[-0.0877];19823.66974;1;0;[0.8603];[-0.0897];20047.93203;400),(258565.90462;[0.8623];[-0.0877];19823.66974;1;0;[0.8603];[-0.0897];20047.93203;400),(261082.28183;[0.9768];[0.0268];19526.35377;1;1;[0.9726];[0.0226];19680.39186;400),(262894.04058;[0.9252];[-0.0248];19755.59764;1;0;[0.9234];[-0.0266];19936.36552;400),(335240.52238;[0.9425];[-0.0075];19729.49977;1;0;[0.941];[-0.009];19907.13610;800),(371569.18955;[0.9425];[-0.0075];19729.49977;1;0;[0.941];[-0.009];19907.13610;800),(413909.53803;[0.9425];[-0.0075];19729.49977;1;0;[0.941];[-0.009];19907.13610;800),(451792.38510;[0.9425];[-0.0075];19729.49977;1;0;[0.941];[-0.009];19907.13610;800),(486669.94500;[0.9425];[-0.0075];19729.49977;1;0;[0.941];[-0.009];19907.13610;800),(523862.13136;[0.9425];[-0.0075];19729.49977;1;0;[0.941];[-0.009];19907.13610;800),(559894.75560;[0.9425];[-0.0075];19729.49977;1;0;[0.941];[-0.009];19907.13610;800),(593712.55231;[0.9425];[-0.0075];19729.49977;1;0;[0.941];[-0.009];19907.13610;800),(594265.54012;[0.9912];[0.0412];19501.68976;1;1;[0.9899];[0.0399];19652.91165;800),(594820.34230;[0.9512];[0.0012];19719.48107;1;0;[0.9497];[-0.0003];19897.77635;800)]"
0,7,19686.323537398603,0.98179,1,1,[0.9631],[0.0131],606957.6168060303,"[(40691.34331;[0.944];[-0.006];19628.62072;1;0;[0.944];[-0.006];19628.62072;100),(51593.25981;[0.944];[-0.006];19624.59441;1;0;[0.944];[-0.006];19624.59441;100),(67693.25662;[0.9327];[-0.0173];19904.46743;1;0;[0.9327];[-0.0173];19904.46743;200),(76853.54686;[0.9327];[-0.0173];19904.46743;1;0;[0.9327];[-0.0173];19904.46743;200),(85871.86718;[0.9327];[-0.0173];19904.46743;1;0;[0.9327];[-0.0173];19904.46743;200),(95533.98705;[0.9327];[-0.0173];19904.46743;1;0;[0.9327];[-0.0173];19904.46743;200),(104292.98401;[0.9318];[-0.0182];19907.10834;1;0;[0.9318];[-0.0182];19907.10834;200),(113227.84996;[0.9804];[0.0304];19662.61526;1;1;[0.9804];[0.0304];19662.61526;200),(154975.00420;[0.9211];[-0.0289];19931.53578;1;0;[0.9211];[-0.0289];19931.53578;400),(172770.84351;[0.9211];[-0.0289];19931.53578;1;0;[0.9211];[-0.0289];19931.53578;400),(191941.63680;[0.9211];[-0.0289];19931.53578;1;0;[0.9211];[-0.0289];19931.53578;400),(210805.79686;[0.9211];[-0.0289];19931.53578;1;0;[0.9211];[-0.0289];19931.53578;400),(228208.81081;[0.9211];[-0.0289];19931.53578;1;0;[0.9211];[-0.0289];19931.53578;400),(251092.00406;[0.9622];[0.0122];19680.60767;1;1;[0.9622];[0.0122];19680.60767;400),(320542.35530;[0.9227];[-0.0273];19936.61244;1;0;[0.9227];[-0.0273];19936.61244;800),(355636.53970;[0.9227];[-0.0273];19936.61244;1;0;[0.9227];[-0.0273];19936.61244;800),(393629.35495;[0.9227];[-0.0273];19936.61244;1;0;[0.9227];[-0.0273];19936.61244;800),(431630.05137;[0.9227];[-0.0273];19936.61244;1;0;[0.9227];[-0.0273];19936.61244;800),(467355.95465;[0.9227];[-0.0273];19936.61244;1;0;[0.9227];[-0.0273];19936.61244;800),(503040.78937;[0.9178];[-0.0322];19857.22057;1;0;[0.9178];[-0.0322];19857.22057;800),(537825.66404;[0.9631];[0.0131];19686.32354;1;1;[0.9631];[0.0131];19686.32354;800)]"
0,2,19262.578673141474,0.96066,1,1,[0.9615],[0.0115],600098.8986492157,"[(41348.41037;[0.8152];[-0.1348];19908.63511;1;0;[0.8091];[-0.1409];19745.34942;100),(51843.60313;[0.8152];[-0.1348];19908.63511;1;0;[0.8091];[-0.1409];19745.34942;100),(56281.16059;[0.8152];[-0.1348];19908.63511;1;0;[0.8091];[-0.1409];19745.34942;100),(61744.50469;[0.8152];[-0.1348];19908.63511;1;0;[0.8091];[-0.1409];19745.34942;100),(66736.62400;[0.8152];[-0.1348];19908.63511;1;0;[0.8091];[-0.1409];19745.34942;100),(71943.48216;[0.8152];[-0.1348];19908.63511;1;0;[0.8091];[-0.1409];19745.34942;100),(72416.06379;[0.9129];[-0.0371];19805.77977;1;0;[0.9149];[-0.0351];19577.01967;100),(76735.68940;[0.9567];[0.0067];19486.93741;1;1;[0.9573];[0.0073];19316.83957;100),(93512.41612;[0.8438];[-0.1062];20138.28440;1;0;[0.8419];[-0.1081];20003.82296;200),(102595.46614;[0.8438];[-0.1062];20138.28440;1;0;[0.8419];[-0.1081];20003.82296;200),(111429.61097;[0.8438];[-0.1062];20138.28440;1;0;[0.8419];[-0.1081];20003.82296;200),(119378.54862;[0.8438];[-0.1062];20138.28440;1;0;[0.8419];[-0.1081];20003.82296;200),(128246.35100;[0.8438];[-0.1062];20138.28440;1;0;[0.8419];[-0.1081];20003.82296;200),(136975.60954;[0.8438];[-0.1062];20138.28440;1;0;[0.8419];[-0.1081];20003.82296;200),(137674.43180;[0.9175];[-0.0325];19845.82193;1;0;[0.9205];[-0.0295];19624.22191;200),(138297.94288;[0.9583];[0.0083];19462.75035;1;1;[0.9592];[0.0092];19222.35886;200),(170103.79481;[0.77];[-0.18];19898.23017;1;0;[0.7697];[-0.1803];19754.01707;400),(188181.20837;[0.77];[-0.18];19898.23017;1;0;[0.7697];[-0.1803];19754.01707;400),(207555.78041;[0.77];[-0.18];19898.23017;1;0;[0.7697];[-0.1803];19754.01707;400),(226757.28512;[0.77];[-0.18];19898.23017;1;0;[0.7697];[-0.1803];19754.01707;400),(245056.31328;[0.7922];[-0.1578];20028.79060;1;0;[0.7879];[-0.1621];19905.02068;400),(264629.12536;[0.8023];[-0.1477];20056.30147;1;0;[0.7967];[-0.1533];19940.00741;400),(284638.41009;[0.8427];[-0.1073];20132.71643;1;0;[0.8403];[-0.1097];19997.79793;400),(285212.11004;[0.9233];[-0.0267];19869.31849;1;0;[0.9261];[-0.0239];19655.38198;400),(285843.27006;[0.9618];[0.0118];19487.88109;1;1;[0.9615];[0.0115];19262.57867;400),(351306.27966;[0.8541];[-0.0959];20162.42456;1;0;[0.8524];[-0.0976];20035.65341;800),(387596.02380;[0.8541];[-0.0959];20162.42456;1;0;[0.8524];[-0.0976];20035.65341;800),(425434.11088;[0.8541];[-0.0959];20162.42456;1;0;[0.8524];[-0.0976];20035.65341;800),(461600.04425;[0.8541];[-0.0959];20162.42456;1;0;[0.8524];[-0.0976];20035.65341;800),(496820.01543;[0.8541];[-0.0959];20162.42456;1;0;[0.8524];[-0.0976];20035.65341;800),(531821.89345;[0.8541];[-0.0959];20162.42456;1;0;[0.8524];[-0.0976];20035.65341;800),(566108.47902;[0.8541];[-0.0959];20162.42456;1;0;[0.8524];[-0.0976];20035.65341;800),(599063.63177;[0.8541];[-0.0959];20162.42456;1;0;[0.8524];[-0.0976];20035.65341;800),(599857.26047;[0.9351];[-0.0149];19854.68185;1;0;[0.9379];[-0.0121];19652.87908;800)]"
1,2,14632.1684809259,0.97499,1,0,[0.9234],[-0.0266],609055.7465553284,"[(41088.75370;[0.7992];[-0.1508];15058.00720;1;0;[0.7935];[-0.1565];14940.66716;100),(51458.39667;[0.7992];[-0.1508];15058.00720;1;0;[0.7935];[-0.1565];14940.66716;100),(55838.88865;[0.7996];[-0.1504];15059.70383;1;0;[0.7938];[-0.1562];14942.90594;100),(61258.83102;[0.7996];[-0.1504];15059.70383;1;0;[0.7938];[-0.1562];14942.90594;100),(66598.11115;[0.7996];[-0.1504];15059.70383;1;0;[0.7938];[-0.1562];14942.90594;100),(71986.21678;[0.7996];[-0.1504];15059.70383;1;0;[0.7938];[-0.1562];14942.90594;100),(74579.53119;[0.9126];[-0.0374];14791.68993;1;0;[0.9124];[-0.0376];14586.56052;100),(91896.54231;[0.8051];[-0.1449];15076.75373;1;0;[0.7979];[-0.1521];14961.89724;200),(101002.61784;[0.8051];[-0.1449];15076.75373;1;0;[0.7979];[-0.1521];14961.89724;200),(110852.43917;[0.8051];[-0.1449];15076.75373;1;0;[0.7979];[-0.1521];14961.89724;200),(119161.61442;[0.8051];[-0.1449];15076.75373;1;0;[0.7979];[-0.1521];14961.89724;200),(127753.84641;[0.8051];[-0.1449];15076.75373;1;0;[0.7979];[-0.1521];14961.89724;200),(136932.89161;[0.8051];[-0.1449];15076.75373;1;0;[0.7979];[-0.1521];14961.89724;200),(137585.33978;[0.9193];[-0.0307];14821.64844;1;0;[0.92];[-0.03];14624.02138;200),(169822.42012;[0.728];[-0.222];14941.33940;1;0;[0.7267];[-0.2233];14875.10976;400),(187933.31909;[0.728];[-0.222];14941.33940;1;0;[0.7267];[-0.2233];14875.10976;400),(206410.76469;[0.728];[-0.222];14941.33940;1;0;[0.7267];[-0.2233];14875.10976;400),(228164.07514;[0.803];[-0.147];15070.07331;1;0;[0.7963];[-0.1537];14954.46564;400),(247150.23637;[0.803];[-0.147];15070.07331;1;0;[0.7963];[-0.1537];14954.46564;400),(266830.91307;[0.803];[-0.147];15070.07331;1;0;[0.7963];[-0.1537];14954.46564;400),(284505.45096;[0.803];[-0.147];15070.07331;1;0;[0.7963];[-0.1537];14954.46564;400),(285541.24713;[0.9228];[-0.0272];14827.09670;1;0;[0.9234];[-0.0266];14632.16848;400),(350846.21930;[0.8777];[-0.0723];15054.47241;1;0;[0.8753];[-0.0747];14898.78290;800),(386224.17712;[0.8777];[-0.0723];15054.47241;1;0;[0.8753];[-0.0747];14898.78290;800),(424217.63659;[0.8777];[-0.0723];15054.47241;1;0;[0.8753];[-0.0747];14898.78290;800),(459591.19582;[0.8777];[-0.0723];15054.47241;1;0;[0.8753];[-0.0747];14898.78290;800),(493512.95114;[0.8777];[-0.0723];15054.47241;1;0;[0.8753];[-0.0747];14898.78290;800),(533323.19093;[0.8777];[-0.0723];15054.47241;1;0;[0.8753];[-0.0747];14898.78290;800),(573671.87667;[0.8777];[-0.0723];15054.47241;1;0;[0.8753];[-0.0747];14898.78290;800)]"
2,4,10994.760682179582,0.9694,1,1,[0.9554],[0.0054],29872.576236724854,[(29573.34518;[0.9538];[0.0038];11153.54444;1;1;[0.9554];[0.0054];10994.76068;100)]
1,1,14648.284480824224,0.97607,1,1,[0.9553],[0.0053],606464.7946357727,"[(38136.35445;[0.9];[-0.05];14999.76718;1;0;[0.9026];[-0.0474];14905.34274;100),(50091.01439;[0.9];[-0.05];14999.76718;1;0;[0.9026];[-0.0474];14905.34274;100),(55538.22947;[0.9];[-0.05];14999.76718;1;0;[0.9026];[-0.0474];14905.34274;100),(60960.69670;[0.9];[-0.05];14999.76718;1;0;[0.9026];[-0.0474];14905.34274;100),(66274.38402;[0.9];[-0.05];14999.76718;1;0;[0.9026];[-0.0474];14905.34274;100),(72092.51642;[0.9];[-0.05];14999.76718;1;0;[0.9026];[-0.0474];14905.34274;100),(73480.20506;[0.972];[0.022];14685.84517;1;1;[0.9705];[0.0205];14611.04340;100),(75498.38400;[0.9529];[0.0029];14730.98084;1;1;[0.9553];[0.0053];14648.28448;100),(77637.07137;[0.9184];[-0.0316];15008.39171;1;0;[0.918];[-0.032];14917.89826;100),(79820.11223;[0.9507];[0.0007];14726.16856;1;1;[0.9524];[0.0024];14643.04288;100),(81833.46772;[0.9507];[0.0007];14726.16856;1;1;[0.9524];[0.0024];14643.04288;100),(84424.66521;[0.9507];[0.0007];14726.16856;1;1;[0.9524];[0.0024];14643.04288;100),(87245.15057;[0.9507];[0.0007];14726.16856;1;1;[0.9524];[0.0024];14643.04288;100),(89646.95883;[0.9189];[-0.0311];15007.19754;1;0;[0.9185];[-0.0315];14916.89978;100),(91298.87009;[0.9507];[0.0007];14726.16856;1;1;[0.9524];[0.0024];14643.04288;100),(94146.39235;[0.9186];[-0.0314];15007.90743;1;0;[0.9182];[-0.0318];14917.46186;100),(96787.06074;[0.9186];[-0.0314];15007.90743;1;0;[0.9182];[-0.0318];14917.46186;100),(98599.69902;[0.9195];[-0.0305];15005.53671;1;0;[0.919];[-0.031];14915.22872;100),(101304.73065;[0.9195];[-0.0305];15005.53671;1;0;[0.919];[-0.031];14915.22872;100),(103928.21479;[0.9195];[-0.0305];15005.53671;1;0;[0.919];[-0.031];14915.22872;100),(106665.45725;[0.9195];[-0.0305];15005.53671;1;0;[0.919];[-0.031];14915.22872;100),(108838.15551;[0.9195];[-0.0305];15005.53671;1;0;[0.919];[-0.031];14915.22872;100),(129739.28881;[0.9437];[-0.0063];14800.95292;1;0;[0.9441];[-0.0059];14719.31353;200),(139491.74237;[0.9437];[-0.0063];14800.95292;1;0;[0.9441];[-0.0059];14719.31353;200),(149018.33653;[0.9437];[-0.0063];14800.95292;1;0;[0.9441];[-0.0059];14719.31353;200),(157561.06186;[0.9437];[-0.0063];14800.95292;1;0;[0.9441];[-0.0059];14719.31353;200),(166313.94148;[0.9437];[-0.0063];14800.95292;1;0;[0.9441];[-0.0059];14719.31353;200),(178844.06114;[0.9437];[-0.0063];14800.95292;1;0;[0.9441];[-0.0059];14719.31353;200),(179980.64590;[0.9488];[-0.0012];14767.57020;1;1;[0.9503];[0.0003];14688.19023;200),(180464.52999;[0.9737];[0.0237];14401.53906;1;1;[0.9726];[0.0226];14334.93001;200),(182317.07811;[0.9737];[0.0237];14401.53906;1;1;[0.9726];[0.0226];14334.93001;200),(187056.47111;[0.9682];[0.0182];14648.41579;1;1;[0.9674];[0.0174];14574.41345;200),(188749.73893;[0.9761];[0.0261];14685.63563;1;1;[0.9739];[0.0239];14611.79481;200),(190357.71394;[0.9461];[-0.0039];14730.81078;1;0;[0.9474];[-0.0026];14650.99510;200),(193169.37566;[0.9459];[-0.0041];14693.42217;1;0;[0.9474];[-0.0026];14613.84415;200),(195870.33844;[0.9717];[0.0217];14690.23851;1;1;[0.9705];[0.0205];14615.65904;200),(197781.39305;[0.9753];[0.0253];14692.75804;1;1;[0.9733];[0.0233];14618.63334;200),(200810.38785;[0.9461];[-0.0039];14689.69305;1;0;[0.9478];[-0.0022];14610.17347;200),(202832.02124;[0.9753];[0.0253];14692.75804;1;1;[0.9733];[0.0233];14618.63334;200),(204512.90226;[0.9473];[-0.0027];14687.67655;1;0;[0.9489];[-0.0011];14608.43309;200),(206127.29383;[0.9473];[-0.0027];14687.67655;1;0;[0.9489];[-0.0011];14608.43309;200),(208093.90426;[0.9716];[0.0216];14692.56534;1;1;[0.9705];[0.0205];14617.97634;200),(209692.14368;[0.9716];[0.0216];14692.56534;1;1;[0.9705];[0.0205];14617.97634;200),(211270.26367;[0.9716];[0.0216];14692.56534;1;1;[0.9705];[0.0205];14617.97634;200),(247181.99372;[0.8194];[-0.1306];15106.46444;1;0;[0.8182];[-0.1318];15007.44323;400),(266034.16181;[0.8194];[-0.1306];15106.46444;1;0;[0.8182];[-0.1318];15007.44323;400),(284636.10935;[0.8194];[-0.1306];15106.46444;1;0;[0.8182];[-0.1318];15007.44323;400),(302892.65776;[0.8194];[-0.1306];15106.46444;1;0;[0.8182];[-0.1318];15007.44323;400),(319598.73796;[0.9009];[-0.0491];15008.82636;1;0;[0.9036];[-0.0464];14916.41083;400),(336594.94638;[0.9009];[-0.0491];15008.82636;1;0;[0.9036];[-0.0464];14916.41083;400),(353066.48540;[0.9009];[-0.0491];15008.82636;1;0;[0.9036];[-0.0464];14916.41083;400),(355222.06450;[0.9675];[0.0175];14624.61257;1;1;[0.9667];[0.0167];14551.25693;400),(358484.10535;[0.9429];[-0.0071];14800.25219;1;0;[0.9434];[-0.0066];14718.48801;400),(358915.45796;[0.9429];[-0.0071];14800.25219;1;0;[0.9434];[-0.0066];14718.48801;400),(360096.26079;[0.9484];[-0.0016];14737.23279;1;0;[0.9496];[-0.0004];14657.84012;400),(362092.79490;[0.9671];[0.0171];14666.21008;1;1;[0.9665];[0.0165];14591.60530;400),(365516.54863;[0.9757];[0.0257];14686.18384;1;1;[0.9739];[0.0239];14612.29359;400),(368477.90170;[0.9469];[-0.0031];14706.38218;1;0;[0.9484];[-0.0016];14626.89593;400),(370172.44172;[0.9753];[0.0253];14692.75804;1;1;[0.9733];[0.0233];14618.63334;400),(373026.09324;[0.9459];[-0.0041];14693.63356;1;0;[0.9473];[-0.0027];14614.04867;400),(374599.01071;[0.9473];[-0.0027];14689.91388;1;0;[0.9487];[-0.0013];14610.63383;400),(376149.07408;[0.9473];[-0.0027];14687.67655;1;0;[0.9489];[-0.0011];14608.43309;400),(378042.38939;[0.9473];[-0.0027];14685.64744;1;0;[0.949];[-0.001];14606.41984;400),(379803.89452;[0.9753];[0.0253];14692.75804;1;1;[0.9733];[0.0233];14618.63334;400),(382861.68170;[0.9753];[0.0253];14692.75804;1;1;[0.9733];[0.0233];14618.63334;400),(385826.36809;[0.9473];[-0.0027];14685.64744;1;0;[0.949];[-0.001];14606.41984;400),(389051.89347;[0.9753];[0.0253];14692.75804;1;1;[0.9733];[0.0233];14618.63334;400),(462373.89541;[0.8099];[-0.1401];15068.04294;1;0;[0.8098];[-0.1402];14931.05924;800),(497538.29002;[0.8099];[-0.1401];15068.04294;1;0;[0.8098];[-0.1402];14931.05924;800),(535297.64080;[0.8099];[-0.1401];15068.04294;1;0;[0.8098];[-0.1402];14931.05924;800),(571746.80233;[0.8099];[-0.1401];15068.04294;1;0;[0.8098];[-0.1402];14931.05924;800)]"
2,6,11137.324737731302,0.98197,1,1,[1.],[0.05],29392.14777946472,[(29159.07454;[1.];[0.05];11195.67459;1;1;[1.];[0.05];11137.32474;100)]
0,10,19324.157153383538,0.96373,1,1,[0.9569],[0.0069],648664.9515628815,"[(37539.88028;[0.6757];[-0.2743];19844.07494;1;0;[0.669];[-0.281];19283.01986;100),(38224.27249;[0.7231];[-0.2269];20157.57756;1;0;[0.7235];[-0.2265];19601.81439;200),(39966.72416;[0.7234];[-0.2266];20162.69192;1;0;[0.7241];[-0.2259];19610.14556;400),(72732.06973;[0.7234];[-0.2266];20162.69192;1;0;[0.7241];[-0.2259];19610.14556;400),(91212.32748;[0.7234];[-0.2266];20162.69192;1;0;[0.7241];[-0.2259];19610.14556;400),(114666.34059;[0.7234];[-0.2266];20162.69192;1;0;[0.7241];[-0.2259];19610.14556;400),(134671.23723;[0.7234];[-0.2266];20162.69192;1;0;[0.7241];[-0.2259];19610.14556;400),(154960.78706;[0.7234];[-0.2266];20162.69192;1;0;[0.7241];[-0.2259];19610.14556;400),(171707.27992;[0.7234];[-0.2266];20162.69192;1;0;[0.7241];[-0.2259];19610.14556;400),(187204.99134;[0.7234];[-0.2266];20162.69192;1;0;[0.7241];[-0.2259];19610.14556;400),(187678.83110;[0.8996];[-0.0504];20347.48620;1;0;[0.9038];[-0.0462];19910.27656;400),(190236.26924;[0.9573];[0.0073];19539.23118;1;1;[0.9593];[0.0093];19174.29836;400),(257106.92811;[0.8487];[-0.1013];20504.68164;1;0;[0.8523];[-0.0977];20041.17550;800),(290950.86575;[0.8487];[-0.1013];20504.68164;1;0;[0.8523];[-0.0977];20041.17550;800),(326913.19299;[0.8487];[-0.1013];20504.68164;1;0;[0.8523];[-0.0977];20041.17550;800),(361740.36694;[0.8487];[-0.1013];20504.68164;1;0;[0.8523];[-0.0977];20041.17550;800),(394792.33360;[0.8487];[-0.1013];20504.68164;1;0;[0.8523];[-0.0977];20041.17550;800),(433468.27698;[0.8487];[-0.1013];20504.68164;1;0;[0.8523];[-0.0977];20041.17550;800),(470338.26065;[0.8487];[-0.1013];20504.68164;1;0;[0.8523];[-0.0977];20041.17550;800),(503764.06074;[0.8487];[-0.1013];20504.68164;1;0;[0.8523];[-0.0977];20041.17550;800),(504305.16219;[0.8982];[-0.0518];20363.70714;1;0;[0.9023];[-0.0477];19923.38742;800),(509825.23584;[0.954];[0.004];19686.54182;1;1;[0.9569];[0.0069];19324.15715;800)]"
0,8,19553.800853860033,0.97518,1,1,[0.9514],[0.0014],658705.4178714752,"[(40676.04733;[0.8028];[-0.1472];20448.66711;1;0;[0.7922];[-0.1578];19932.97446;100),(50550.29440;[0.8028];[-0.1472];20448.66711;1;0;[0.7922];[-0.1578];19932.97446;100),(54977.96059;[0.8028];[-0.1472];20448.66711;1;0;[0.7922];[-0.1578];19932.97446;100),(60251.93048;[0.8028];[-0.1472];20448.66711;1;0;[0.7922];[-0.1578];19932.97446;100),(65272.62926;[0.8028];[-0.1472];20448.66711;1;0;[0.7922];[-0.1578];19932.97446;100),(70545.28594;[0.8028];[-0.1472];20448.66711;1;0;[0.7922];[-0.1578];19932.97446;100),(71037.10151;[0.8925];[-0.0575];20385.50419;1;0;[0.8836];[-0.0664];19890.47863;100),(73565.43183;[0.9259];[-0.0241];19913.00247;1;0;[0.9202];[-0.0298];19446.35477;100),(74161.39078;[0.9424];[-0.0076];19866.45913;1;0;[0.9378];[-0.0122];19455.71872;100),(90331.45738;[0.807];[-0.143];20454.40930;1;0;[0.7961];[-0.1539];19945.24738;200),(99082.24201;[0.807];[-0.143];20454.40930;1;0;[0.7961];[-0.1539];19945.24738;200),(109275.20585;[0.807];[-0.143];20454.40930;1;0;[0.7961];[-0.1539];19945.24738;200),(118045.39514;[0.807];[-0.143];20454.40930;1;0;[0.7961];[-0.1539];19945.24738;200),(127159.92355;[0.807];[-0.143];20454.40930;1;0;[0.7961];[-0.1539];19945.24738;200),(135751.02758;[0.807];[-0.143];20454.40930;1;0;[0.7961];[-0.1539];19945.24738;200),(136323.20452;[0.9012];[-0.0488];20399.76428;1;0;[0.8928];[-0.0572];19920.39509;200),(136999.56799;[0.9366];[-0.0134];20113.55265;1;0;[0.9328];[-0.0172];19661.04626;200),(139254.12107;[0.9528];[0.0028];19955.98894;1;1;[0.9514];[0.0014];19553.80085;200),(171070.49060;[0.8516];[-0.0984];20523.02871;1;0;[0.8469];[-0.1031];20023.64917;400),(187938.99584;[0.8516];[-0.0984];20523.02871;1;0;[0.8469];[-0.1031];20023.64917;400),(205079.03361;[0.8516];[-0.0984];20523.02871;1;0;[0.8469];[-0.1031];20023.64917;400),(225994.74335;[0.8516];[-0.0984];20523.02871;1;0;[0.8469];[-0.1031];20023.64917;400),(246384.55009;[0.8516];[-0.0984];20523.02871;1;0;[0.8469];[-0.1031];20023.64917;400),(263543.01333;[0.8516];[-0.0984];20523.02871;1;0;[0.8469];[-0.1031];20023.64917;400),(279421.26322;[0.8516];[-0.0984];20523.02871;1;0;[0.8469];[-0.1031];20023.64917;400),(281691.18810;[0.9228];[-0.0272];20106.77927;1;0;[0.9175];[-0.0325];19679.84608;400),(282593.51277;[0.9597];[0.0097];19582.90005;1;1;[0.9583];[0.0083];19186.53363;400),(283698.61603;[0.947];[-0.003];20042.76718;1;0;[0.9444];[-0.0056];19619.27883;400),(345158.92744;[0.8497];[-0.1003];20521.07207;1;0;[0.8455];[-0.1045];20014.26337;800),(381329.58245;[0.8497];[-0.1003];20521.07207;1;0;[0.8455];[-0.1045];20014.26337;800),(418154.34361;[0.8497];[-0.1003];20521.07207;1;0;[0.8455];[-0.1045];20014.26337;800),(452757.96437;[0.8497];[-0.1003];20521.07207;1;0;[0.8455];[-0.1045];20014.26337;800),(486014.54544;[0.8497];[-0.1003];20521.07207;1;0;[0.8455];[-0.1045];20014.26337;800),(517652.78268;[0.8497];[-0.1003];20521.07207;1;0;[0.8455];[-0.1045];20014.26337;800),(550928.00784;[0.8497];[-0.1003];20521.07207;1;0;[0.8455];[-0.1045];20014.26337;800),(582236.98640;[0.8497];[-0.1003];20521.07207;1;0;[0.8455];[-0.1045];20014.26337;800),(584668.12229;[0.929];[-0.021];20121.28893;1;0;[0.9236];[-0.0264];19649.77298;800),(585267.90595;[0.962];[0.012];19670.03997;1;1;[0.9615];[0.0115];19268.92186;800),(586547.61553;[0.9489];[-0.0011];20023.55231;1;0;[0.9458];[-0.0042];19602.83851;800)]"
1,9,14719.313529134695,0.9808,1,0,[0.9441],[-0.0059],625006.3877105713,"[(31580.49941;[0.8189];[-0.1311];14907.55941;1;0;[0.8131];[-0.1369];14998.74546;100),(41343.39380;[0.8189];[-0.1311];14906.53958;1;0;[0.8132];[-0.1368];14997.70354;100),(46694.70882;[0.8189];[-0.1311];14906.53958;1;0;[0.8132];[-0.1368];14997.70354;100),(51990.59343;[0.8189];[-0.1311];14906.53958;1;0;[0.8132];[-0.1368];14997.70354;100),(56477.94437;[0.8189];[-0.1311];14906.53958;1;0;[0.8132];[-0.1368];14997.70354;100),(61549.30234;[0.8189];[-0.1311];14906.53958;1;0;[0.8132];[-0.1368];14997.70354;100),(62624.21107;[0.8905];[-0.0595];14841.93488;1;0;[0.8886];[-0.0614];14901.02982;100),(65209.88250;[0.9377];[-0.0123];14686.83030;1;0;[0.9379];[-0.0121];14711.35520;100),(81812.70003;[0.8305];[-0.1195];14910.15608;1;0;[0.8255];[-0.1245];15000.65676;200),(89983.00076;[0.8305];[-0.1195];14910.15608;1;0;[0.8255];[-0.1245];15000.65676;200),(99251.74809;[0.8305];[-0.1195];14910.15608;1;0;[0.8255];[-0.1245];15000.65676;200),(108161.35144;[0.8305];[-0.1195];14910.15608;1;0;[0.8255];[-0.1245];15000.65676;200),(116180.23491;[0.8305];[-0.1195];14910.15608;1;0;[0.8255];[-0.1245];15000.65676;200),(124669.48771;[0.8305];[-0.1195];14910.15608;1;0;[0.8255];[-0.1245];15000.65676;200),(127008.63218;[0.9121];[-0.0379];14537.91088;1;0;[0.9077];[-0.0423];14597.01433;200),(160890.76805;[0.926];[-0.024];14856.10779;1;0;[0.9224];[-0.0276];14915.53160;400),(229396.48056;[0.8251];[-0.1249];14917.29091;1;0;[0.8186];[-0.1314];15007.43351;800),(264459.41496;[0.8251];[-0.1249];14917.29091;1;0;[0.8186];[-0.1314];15007.43351;800),(301413.14054;[0.8251];[-0.1249];14917.29091;1;0;[0.8186];[-0.1314];15007.43351;800),(338043.15948;[0.8251];[-0.1249];14917.29091;1;0;[0.8186];[-0.1314];15007.43351;800),(373615.27634;[0.8251];[-0.1249];14917.29091;1;0;[0.8186];[-0.1314];15007.43351;800),(407845.76678;[0.8251];[-0.1249];14917.29091;1;0;[0.8186];[-0.1314];15007.43351;800),(443564.51082;[0.8251];[-0.1249];14917.29091;1;0;[0.8186];[-0.1314];15007.43351;800),(477889.69636;[0.8251];[-0.1249];14917.29091;1;0;[0.8186];[-0.1314];15007.43351;800),(478324.81456;[0.9432];[-0.0068];14694.07968;1;0;[0.9441];[-0.0059];14719.31353;800)]"
0,9,19655.907182636965,0.98027,1,1,[0.9692],[0.0192],673651.9255638123,"[(44155.32422;[0.8531];[-0.0969];19889.31474;1;0;[0.8524];[-0.0976];20038.69352;100),(58062.51574;[0.8531];[-0.0969];19889.31474;1;0;[0.8524];[-0.0976];20038.69352;100),(62724.91407;[0.8531];[-0.0969];19889.31474;1;0;[0.8524];[-0.0976];20038.69352;100),(68155.55286;[0.8531];[-0.0969];19889.31474;1;0;[0.8524];[-0.0976];20038.69352;100),(73322.53695;[0.8531];[-0.0969];19889.31474;1;0;[0.8524];[-0.0976];20038.69352;100),(78486.60064;[0.8531];[-0.0969];19889.31474;1;0;[0.8524];[-0.0976];20038.69352;100),(79190.66238;[0.9016];[-0.0484];19821.63045;1;0;[0.8988];[-0.0512];19914.02524;100),(79660.67076;[0.9352];[-0.0148];19586.25013;1;0;[0.9338];[-0.0162];19648.25831;100),(80139.90498;[0.9399];[-0.0101];19562.17092;1;0;[0.9393];[-0.0107];19625.90013;100),(97097.37349;[0.8614];[-0.0886];19896.40102;1;0;[0.8605];[-0.0895];20045.16903;200),(106533.72312;[0.8614];[-0.0886];19896.40102;1;0;[0.8605];[-0.0895];20045.16903;200),(115970.94417;[0.8614];[-0.0886];19896.40102;1;0;[0.8605];[-0.0895];20045.16903;200),(124074.86534;[0.8614];[-0.0886];19896.40102;1;0;[0.8605];[-0.0895];20045.16903;200),(132588.33551;[0.8614];[-0.0886];19896.40102;1;0;[0.8605];[-0.0895];20045.16903;200),(141474.22290;[0.8614];[-0.0886];19896.40102;1;0;[0.8605];[-0.0895];20045.16903;200),(143840.05427;[0.941];[-0.009];19593.40936;1;0;[0.9402];[-0.0098];19656.44372;200),(174780.13611;[0.9268];[-0.0232];19840.30924;1;0;[0.9254];[-0.0246];19932.51831;400),(193018.89563;[0.9268];[-0.0232];19840.30924;1;0;[0.9254];[-0.0246];19932.51831;400),(211482.81908;[0.9268];[-0.0232];19840.30924;1;0;[0.9254];[-0.0246];19932.51831;400),(230085.99639;[0.9268];[-0.0232];19840.30924;1;0;[0.9254];[-0.0246];19932.51831;400),(249909.27577;[0.9268];[-0.0232];19840.30924;1;0;[0.9254];[-0.0246];19932.51831;400),(270832.98326;[0.9268];[-0.0232];19840.30924;1;0;[0.9254];[-0.0246];19932.51831;400),(287434.58366;[0.9268];[-0.0232];19840.30924;1;0;[0.9254];[-0.0246];19932.51831;400),(288460.42800;[0.9708];[0.0208];19593.81404;1;1;[0.9692];[0.0192];19655.90718;400),(352920.93015;[0.8593];[-0.0907];19900.53260;1;0;[0.8583];[-0.0917];20049.17733;800),(387326.96486;[0.8593];[-0.0907];19900.53260;1;0;[0.8583];[-0.0917];20049.17733;800),(426076.08628;[0.8593];[-0.0907];19900.53260;1;0;[0.8583];[-0.0917];20049.17733;800),(461619.23027;[0.8593];[-0.0907];19900.53260;1;0;[0.8583];[-0.0917];20049.17733;800),(495244.14086;[0.8593];[-0.0907];19900.53260;1;0;[0.8583];[-0.0917];20049.17733;800),(529666.32676;[0.8593];[-0.0907];19900.53260;1;0;[0.8583];[-0.0917];20049.17733;800),(562416.51082;[0.8593];[-0.0907];19900.53260;1;0;[0.8583];[-0.0917];20049.17733;800),(593748.89350;[0.8593];[-0.0907];19900.53260;1;0;[0.8583];[-0.0917];20049.17733;800),(594517.13157;[0.955];[0.005];19558.96426;1;1;[0.9568];[0.0068];19618.92888;800)]"
1,8,14708.766761675635,0.9801,1,0,[0.9353],[-0.0147],654377.8202533722,"[(30145.75672;[0.7391];[-0.2109];15295.05034;1;0;[0.7321];[-0.2179];14901.41826;100),(40099.45512;[0.7391];[-0.2109];15295.05034;1;0;[0.7321];[-0.2179];14901.41826;100),(46252.81143;[0.7391];[-0.2109];15295.05034;1;0;[0.7321];[-0.2179];14901.41826;100),(51781.25453;[0.7391];[-0.2109];15295.05034;1;0;[0.7321];[-0.2179];14901.41826;100),(56119.02881;[0.7391];[-0.2109];15295.05034;1;0;[0.7321];[-0.2179];14901.41826;100),(62051.37634;[0.7391];[-0.2109];15295.05034;1;0;[0.7321];[-0.2179];14901.41826;100),(62687.10613;[0.8761];[-0.0739];15055.82661;1;0;[0.8682];[-0.0818];14687.51754;100),(67348.24634;[0.915];[-0.035];14743.44218;1;0;[0.9078];[-0.0422];14439.17970;100),(85270.69211;[0.7439];[-0.2061];15300.72594;1;0;[0.7364];[-0.2136];14913.81677;200),(93876.85871;[0.7439];[-0.2061];15300.72594;1;0;[0.7364];[-0.2136];14913.81677;200),(104012.05063;[0.7439];[-0.2061];15300.72594;1;0;[0.7364];[-0.2136];14913.81677;200),(113155.51686;[0.7439];[-0.2061];15300.72594;1;0;[0.7364];[-0.2136];14913.81677;200),(121161.41510;[0.7439];[-0.2061];15300.72594;1;0;[0.7364];[-0.2136];14913.81677;200),(130053.50232;[0.7439];[-0.2061];15300.72594;1;0;[0.7364];[-0.2136];14913.81677;200),(130616.03928;[0.8791];[-0.0709];15264.79301;1;0;[0.8703];[-0.0797];14891.36597;200),(131129.67348;[0.9379];[-0.0121];15027.43323;1;0;[0.9353];[-0.0147];14708.76676;200),(163030.05815;[0.7417];[-0.2083];15300.50428;1;0;[0.7341];[-0.2159];14911.02046;400),(180433.06279;[0.7417];[-0.2083];15300.50428;1;0;[0.7341];[-0.2159];14911.02046;400),(201213.96899;[0.7417];[-0.2083];15300.50428;1;0;[0.7341];[-0.2159];14911.02046;400),(220549.85642;[0.7417];[-0.2083];15300.50428;1;0;[0.7341];[-0.2159];14911.02046;400),(237465.61337;[0.7417];[-0.2083];15300.50428;1;0;[0.7341];[-0.2159];14911.02046;400),(253596.61078;[0.7417];[-0.2083];15300.50428;1;0;[0.7341];[-0.2159];14911.02046;400),(268798.06352;[0.7417];[-0.2083];15300.50428;1;0;[0.7341];[-0.2159];14911.02046;400),(270502.81024;[0.9075];[-0.0425];15203.44102;1;0;[0.9024];[-0.0476];14870.29722;400),(334497.64681;[0.739];[-0.211];15297.70268;1;0;[0.732];[-0.218];14900.68974;800),(368079.98419;[0.739];[-0.211];15297.70268;1;0;[0.732];[-0.218];14900.68974;800),(406233.29377;[0.739];[-0.211];15297.70268;1;0;[0.732];[-0.218];14900.68974;800),(441169.54947;[0.739];[-0.211];15297.70268;1;0;[0.732];[-0.218];14900.68974;800),(474171.79322;[0.739];[-0.211];15297.70268;1;0;[0.732];[-0.218];14900.68974;800),(507532.90153;[0.739];[-0.211];15297.70268;1;0;[0.732];[-0.218];14900.68974;800),(546903.66578;[0.739];[-0.211];15297.70268;1;0;[0.732];[-0.218];14900.68974;800),(580217.30924;[0.739];[-0.211];15297.70268;1;0;[0.732];[-0.218];14900.68974;800),(582534.32965;[0.9124];[-0.0376];15185.24319;1;0;[0.9056];[-0.0444];14858.65573;800)]"
2,2,10976.121746048639,0.96775,1,1,[0.9541],[0.0041],601395.5330848694,"[(31140.15269;[0.7588];[-0.1912];11390.84470;1;0;[0.7521];[-0.1979];11280.72277;100),(42153.22852;[0.7588];[-0.1912];11390.84470;1;0;[0.7521];[-0.1979];11280.72277;100),(46815.51003;[0.7588];[-0.1912];11390.84470;1;0;[0.7521];[-0.1979];11280.72277;100),(52432.26886;[0.7588];[-0.1912];11390.84470;1;0;[0.7521];[-0.1979];11280.72277;100),(57758.59380;[0.7588];[-0.1912];11390.84470;1;0;[0.7521];[-0.1979];11280.72277;100),(61806.59580;[0.7588];[-0.1912];11390.84470;1;0;[0.7521];[-0.1979];11280.72277;100),(64042.53387;[0.9028];[-0.0472];11227.59574;1;0;[0.9039];[-0.0461];11104.09392;100),(65178.12943;[0.9579];[0.0079];10957.42337;1;1;[0.9583];[0.0083];10807.53128;100),(66886.51586;[0.9343];[-0.0157];11041.87278;1;0;[0.936];[-0.014];10871.22368;100),(67452.13032;[0.9428];[-0.0072];11139.88197;1;0;[0.9459];[-0.0041];10985.67789;100),(68002.81572;[0.9491];[-0.0009];11120.01344;1;1;[0.9519];[0.0019];10972.33316;100),(68556.44774;[0.9507];[0.0007];11091.88246;1;1;[0.9533];[0.0033];10946.58466;100),(69519.52338;[0.9507];[0.0007];11109.20842;1;1;[0.9533];[0.0033];10962.44318;100),(70294.10052;[0.9479];[-0.0021];11109.69893;1;1;[0.9511];[0.0011];10961.19351;100),(70859.36236;[0.9488];[-0.0012];11107.02928;1;1;[0.9515];[0.0015];10959.37181;100),(71433.60925;[0.9491];[-0.0009];11105.45265;1;1;[0.9518];[0.0018];10958.53491;100),(71962.26549;[0.9492];[-0.0008];11101.25213;1;1;[0.9519];[0.0019];10954.03233;100),(72500.30327;[0.9494];[-0.0006];11100.55585;1;1;[0.9521];[0.0021];10953.38650;100),(73062.91771;[0.9507];[0.0007];11109.01829;1;1;[0.9532];[0.0032];10962.61064;100),(73663.59496;[0.9507];[0.0007];11109.01829;1;1;[0.9532];[0.0032];10962.61064;100),(74284.82270;[0.9507];[0.0007];11109.01829;1;1;[0.9532];[0.0032];10962.61064;100),(74914.93416;[0.9507];[0.0007];11109.01829;1;1;[0.9532];[0.0032];10962.61064;100),(91824.71704;[0.7633];[-0.1867];11403.31939;1;0;[0.7564];[-0.1936];11294.75849;200),(100272.03584;[0.7633];[-0.1867];11403.31939;1;0;[0.7564];[-0.1936];11294.75849;200),(107857.07688;[0.7633];[-0.1867];11403.31939;1;0;[0.7564];[-0.1936];11294.75849;200),(116267.76791;[0.7633];[-0.1867];11403.31939;1;0;[0.7564];[-0.1936];11294.75849;200),(124444.26250;[0.7633];[-0.1867];11403.31939;1;0;[0.7564];[-0.1936];11294.75849;200),(132769.94371;[0.7633];[-0.1867];11403.31939;1;0;[0.7564];[-0.1936];11294.75849;200),(135281.49605;[0.9073];[-0.0427];11198.52871;1;0;[0.9074];[-0.0426];11078.96421;200),(136392.23289;[0.9603];[0.0103];10953.71395;1;1;[0.9607];[0.0107];10806.69491;200),(136940.91868;[0.9378];[-0.0122];11133.05137;1;0;[0.939];[-0.011];10975.57724;200),(137572.01123;[0.9475];[-0.0025];11142.07712;1;1;[0.9508];[0.0008];10992.85967;200),(138069.75365;[0.9534];[0.0034];11106.07031;1;1;[0.955];[0.005];10962.74912;200),(139160.44211;[0.9479];[-0.0021];11124.13002;1;1;[0.9512];[0.0012];10976.85444;200),(139777.39382;[0.9502];[0.0002];11113.89055;1;1;[0.9528];[0.0028];10968.03784;200),(140437.35385;[0.9497];[-0.0003];11116.94614;1;1;[0.9523];[0.0023];10970.02729;200),(141301.14150;[0.9514];[0.0014];11119.28427;1;1;[0.9537];[0.0037];10973.71285;200),(141824.62454;[0.9522];[0.0022];11121.20230;1;1;[0.9541];[0.0041];10975.81789;200),(142535.41112;[0.9475];[-0.0025];11113.79605;1;1;[0.9508];[0.0008];10966.37807;200),(143119.89045;[0.9511];[0.0011];11120.38492;1;1;[0.9536];[0.0036];10974.56475;200),(143829.64683;[0.9511];[0.0011];11120.38492;1;1;[0.9536];[0.0036];10974.56475;200),(144515.37085;[0.9511];[0.0011];11120.38492;1;1;[0.9536];[0.0036];10974.56475;200),(145174.17812;[0.9521];[0.0021];11121.59868;1;1;[0.9541];[0.0041];10976.12175;200),(145852.46730;[0.9475];[-0.0025];11113.79605;1;1;[0.9508];[0.0008];10966.37807;200),(176528.17655;[0.6662];[-0.2838];11290.02310;1;0;[0.6575];[-0.2925];11232.87684;400),(193395.69378;[0.6662];[-0.2838];11290.02310;1;0;[0.6575];[-0.2925];11232.87684;400),(210802.27876;[0.6662];[-0.2838];11290.02310;1;0;[0.6575];[-0.2925];11232.87684;400),(228388.39531;[0.7613];[-0.1887];11396.14279;1;0;[0.7535];[-0.1965];11286.87280;400),(244146.50750;[0.7613];[-0.1887];11396.14279;1;0;[0.7535];[-0.1965];11286.87280;400),(259881.62422;[0.7613];[-0.1887];11396.14279;1;0;[0.7535];[-0.1965];11286.87280;400),(274052.18530;[0.7613];[-0.1887];11396.14279;1;0;[0.7535];[-0.1965];11286.87280;400),(276476.70221;[0.9081];[-0.0419];11120.98403;1;0;[0.9083];[-0.0417];11004.04483;400),(277180.32670;[0.9627];[0.0127];10929.76553;1;1;[0.9628];[0.0128];10785.09745;400),(277733.71124;[0.9343];[-0.0157];11126.45807;1;0;[0.9355];[-0.0145];10966.67099;400),(278258.70204;[0.9467];[-0.0033];11108.21695;1;0;[0.9498];[-0.0002];10960.31058;400),(279190.07421;[0.9495];[-0.0005];11029.65352;1;1;[0.9521];[0.0021];10886.92061;400),(282070.44125;[0.9601];[0.0101];10949.46206;1;1;[0.9608];[0.0108];10802.47438;400),(284542.89412;[0.959];[0.009];10952.58829;1;1;[0.9597];[0.0097];10803.49468;400),(285106.72426;[0.947];[-0.003];10999.48717;1;1;[0.9502];[0.0002];10856.33850;400),(287532.79424;[0.9602];[0.0102];10957.44621;1;1;[0.9608];[0.0108];10808.42926;400),(289369.03811;[0.947];[-0.003];10988.25462;1;1;[0.9502];[0.0002];10845.17526;400),(290482.68509;[0.9471];[-0.0029];10986.94076;1;1;[0.9503];[0.0003];10843.97472;400),(291649.81866;[0.9472];[-0.0028];10985.12516;1;1;[0.9503];[0.0003];10842.26795;400),(292793.38813;[0.9602];[0.0102];10957.44621;1;1;[0.9608];[0.0108];10808.42926;400),(294921.57292;[0.9472];[-0.0028];10985.12516;1;1;[0.9503];[0.0003];10842.26795;400),(297531.79073;[0.9602];[0.0102];10957.44621;1;1;[0.9608];[0.0108];10808.42926;400),(298972.05162;[0.9472];[-0.0028];10985.12516;1;1;[0.9503];[0.0003];10842.26795;400),(363110.36468;[0.7812];[-0.1688];11432.32282;1;0;[0.776];[-0.174];11333.04357;800),(396567.55567;[0.7812];[-0.1688];11432.32282;1;0;[0.776];[-0.174];11333.04357;800),(431194.57984;[0.7812];[-0.1688];11432.32282;1;0;[0.776];[-0.174];11333.04357;800),(467140.18345;[0.7812];[-0.1688];11432.32282;1;0;[0.776];[-0.174];11333.04357;800),(500929.41141;[0.7812];[-0.1688];11432.32282;1;0;[0.776];[-0.174];11333.04357;800),(533815.90009;[0.7812];[-0.1688];11432.32282;1;0;[0.776];[-0.174];11333.04357;800),(566369.14539;[0.7812];[-0.1688];11432.32282;1;0;[0.776];[-0.174];11333.04357;800),(599174.22032;[0.7812];[-0.1688];11432.32282;1;0;[0.776];[-0.174];11333.04357;800),(599645.54739;[0.9468];[-0.0032];11152.45924;1;1;[0.9502];[0.0002];11001.69456;800),(601029.82688;[0.9757];[0.0257];10772.65423;1;1;[0.9755];[0.0255];10641.21574;800)]"
1,10,14581.441596383085,0.97161,1,1,[0.955],[0.005],661182.3496818542,"[(29873.89684;[0.5758];[-0.3742];14557.04250;1;0;[0.5704];[-0.3796];14101.96854;100),(30509.73010;[0.5773];[-0.3727];14570.75306;1;0;[0.5724];[-0.3776];14116.16175;200),(31268.01801;[0.6352];[-0.3148];14897.74073;1;0;[0.6306];[-0.3194];14454.45435;400),(64098.64140;[0.6352];[-0.3148];14897.74073;1;0;[0.6306];[-0.3194];14454.45435;400),(82875.99540;[0.6352];[-0.3148];14897.74073;1;0;[0.6306];[-0.3194];14454.45435;400),(101209.40757;[0.6352];[-0.3148];14897.74073;1;0;[0.6306];[-0.3194];14454.45435;400),(119464.93173;[0.6352];[-0.3148];14897.74073;1;0;[0.6306];[-0.3194];14454.45435;400),(135568.14575;[0.6352];[-0.3148];14897.74073;1;0;[0.6306];[-0.3194];14454.45435;400),(156976.70770;[0.6352];[-0.3148];14897.74073;1;0;[0.6306];[-0.3194];14454.45435;400),(174337.00657;[0.6352];[-0.3148];14897.74073;1;0;[0.6306];[-0.3194];14454.45435;400),(174829.58436;[0.8706];[-0.0794];15232.30694;1;0;[0.8713];[-0.0787];14891.31218;400),(178109.65180;[0.9525];[0.0025];14806.80303;1;1;[0.9558];[0.0058];14541.76232;400),(242390.53273;[0.8115];[-0.1385];15370.85874;1;0;[0.8104];[-0.1396];14998.60746;800),(277588.61446;[0.8115];[-0.1385];15370.85874;1;0;[0.8104];[-0.1396];14998.60746;800),(313482.07903;[0.8115];[-0.1385];15370.85874;1;0;[0.8104];[-0.1396];14998.60746;800),(349263.98373;[0.8115];[-0.1385];15370.85874;1;0;[0.8104];[-0.1396];14998.60746;800),(382092.62204;[0.8115];[-0.1385];15370.85874;1;0;[0.8104];[-0.1396];14998.60746;800),(415617.01393;[0.8115];[-0.1385];15370.85874;1;0;[0.8104];[-0.1396];14998.60746;800),(449130.72658;[0.8115];[-0.1385];15370.85874;1;0;[0.8104];[-0.1396];14998.60746;800),(481348.00768;[0.8115];[-0.1385];15370.85874;1;0;[0.8104];[-0.1396];14998.60746;800),(481955.63912;[0.8739];[-0.0761];15239.23275;1;0;[0.8746];[-0.0754];14900.15356;800),(483794.48581;[0.9492];[-0.0008];14853.66407;1;1;[0.9518];[0.0018];14582.75433;800),(484209.08475;[0.9732];[0.0232];14540.15216;1;1;[0.972];[0.022];14324.01856;800),(488085.10327;[0.9621];[0.0121];14628.50954;1;1;[0.9618];[0.0118];14375.06939;800),(491904.00958;[0.9598];[0.0098];14771.72090;1;1;[0.9605];[0.0105];14514.56629;800),(493675.85397;[0.9549];[0.0049];14821.03810;1;1;[0.9578];[0.0078];14555.82605;800),(495446.61665;[0.952];[0.002];14839.70100;1;1;[0.9554];[0.0054];14572.54609;800),(497709.81193;[0.9523];[0.0023];14848.98972;1;1;[0.9551];[0.0051];14580.53056;800),(499919.14821;[0.9497];[-0.0003];14850.41649;1;1;[0.9526];[0.0026];14580.55000;800),(503269.65666;[0.9486];[-0.0014];14845.65340;1;1;[0.9518];[0.0018];14574.75158;800),(505281.31938;[0.9521];[0.0021];14850.00939;1;1;[0.955];[0.005];14581.44160;800),(508426.18728;[0.9499];[-0.0001];14847.46417;1;1;[0.9527];[0.0027];14577.85239;800),(510512.21848;[0.9521];[0.0021];14850.00939;1;1;[0.955];[0.005];14581.44160;800),(514001.71423;[0.9509];[0.0009];14848.58986;1;1;[0.9538];[0.0038];14580.13565;800),(517298.86675;[0.9509];[0.0009];14848.88941;1;1;[0.9539];[0.0039];14579.41112;800),(520899.11032;[0.9499];[-0.0001];14847.46417;1;1;[0.9527];[0.0027];14577.85239;800),(523154.04677;[0.9509];[0.0009];14848.88941;1;1;[0.9539];[0.0039];14579.41112;800)]"
2,1,11002.679734007124,0.97009,1,1,[0.9534],[0.0034],624582.8747749329,"[(30237.16044;[0.8957];[-0.0543];11252.66367;1;0;[0.8994];[-0.0506];11188.85407;100),(40248.68059;[0.8957];[-0.0543];11252.66367;1;0;[0.8994];[-0.0506];11188.85407;100),(45793.27989;[0.8956];[-0.0544];11253.03437;1;0;[0.8994];[-0.0506];11189.20536;100),(51470.72506;[0.8956];[-0.0544];11253.03437;1;0;[0.8994];[-0.0506];11189.20536;100),(56767.17329;[0.8956];[-0.0544];11253.03437;1;0;[0.8994];[-0.0506];11189.20536;100),(61384.09901;[0.8956];[-0.0544];11253.03437;1;0;[0.8994];[-0.0506];11189.20536;100),(61920.78638;[0.95];[0.];11047.88271;1;1;[0.9511];[0.0011];11000.25610;100),(63881.05702;[0.9777];[0.0277];10632.29201;1;1;[0.977];[0.027];10593.58643;100),(66359.66134;[0.9906];[0.0406];10852.73015;1;1;[0.9898];[0.0398];10813.40541;100),(67266.08300;[0.9562];[0.0062];11020.27609;1;1;[0.958];[0.008];10975.20720;100),(67773.79060;[0.9543];[0.0043];11042.00521;1;1;[0.9551];[0.0051];10995.73167;100),(68313.80415;[0.9526];[0.0026];11049.44087;1;1;[0.9534];[0.0034];11002.54726;100),(68799.71933;[0.9523];[0.0023];11049.29709;1;1;[0.9532];[0.0032];11002.29725;100),(69265.33580;[0.9484];[-0.0016];11049.13284;1;1;[0.9505];[0.0005];11001.64711;100),(69743.26539;[0.9521];[0.0021];11048.69921;1;1;[0.9532];[0.0032];11001.67025;100),(70204.19383;[0.948];[-0.002];11049.02112;1;0;[0.9496];[-0.0004];11001.44017;100),(70690.49478;[0.9521];[0.0021];11048.69921;1;1;[0.9532];[0.0032];11001.67025;100),(71129.35042;[0.9521];[0.0021];11048.69921;1;1;[0.9532];[0.0032];11001.67025;100),(71597.49198;[0.948];[-0.002];11049.02112;1;0;[0.9496];[-0.0004];11001.44017;100),(72093.35351;[0.9485];[-0.0015];11048.36363;1;1;[0.9505];[0.0005];11000.87618;100),(72604.66337;[0.948];[-0.002];11048.44010;1;0;[0.9496];[-0.0004];11000.85992;100),(73051.29695;[0.948];[-0.002];11048.44010;1;0;[0.9496];[-0.0004];11000.85992;100),(90568.93015;[0.9188];[-0.0312];11263.62044;1;0;[0.9187];[-0.0313];11203.40136;200),(99868.39461;[0.9188];[-0.0312];11263.62044;1;0;[0.9187];[-0.0313];11203.40136;200),(108018.44931;[0.9188];[-0.0312];11263.62044;1;0;[0.9187];[-0.0313];11203.40136;200),(117220.91269;[0.9188];[-0.0312];11263.62044;1;0;[0.9187];[-0.0313];11203.40136;200),(126064.22520;[0.9188];[-0.0312];11263.62044;1;0;[0.9187];[-0.0313];11203.40136;200),(134108.71387;[0.9188];[-0.0312];11263.62044;1;0;[0.9187];[-0.0313];11203.40136;200),(134519.52386;[0.952];[0.002];11049.60324;1;1;[0.9534];[0.0034];11002.67973;200),(137161.29851;[0.952];[0.002];11049.60324;1;1;[0.9534];[0.0034];11002.67973;200),(137973.77801;[0.9188];[-0.0312];11263.62044;1;0;[0.9187];[-0.0313];11203.40136;200),(139635.23650;[0.9526];[0.0026];11049.09460;1;1;[0.9536];[0.0036];11002.28513;200),(141720.46924;[0.9022];[-0.0478];11259.70283;1;0;[0.9049];[-0.0451];11198.44716;200),(143658.66113;[0.9526];[0.0026];11049.09460;1;1;[0.9536];[0.0036];11002.28513;200),(147143.52512;[0.952];[0.002];11049.60324;1;1;[0.9534];[0.0034];11002.67973;200),(149831.64740;[0.9061];[-0.0439];11257.05353;1;0;[0.9075];[-0.0425];11196.39406;200),(151328.84502;[0.9117];[-0.0383];11254.38273;1;0;[0.9124];[-0.0376];11194.32160;200),(153905.40099;[0.9117];[-0.0383];11254.38273;1;0;[0.9124];[-0.0376];11194.32160;200),(156478.92118;[0.9117];[-0.0383];11254.38273;1;0;[0.9124];[-0.0376];11194.32160;200),(159116.59694;[0.9117];[-0.0383];11254.38273;1;0;[0.9124];[-0.0376];11194.32160;200),(161958.24075;[0.9117];[-0.0383];11254.38273;1;0;[0.9124];[-0.0376];11194.32160;200),(164546.65208;[0.9117];[-0.0383];11254.38273;1;0;[0.9124];[-0.0376];11194.32160;200),(166912.90617;[0.9117];[-0.0383];11254.38273;1;0;[0.9124];[-0.0376];11194.32160;200),(169566.52713;[0.9117];[-0.0383];11254.38273;1;0;[0.9124];[-0.0376];11194.32160;200),(201940.21654;[0.7849];[-0.1651];11420.75344;1;0;[0.7853];[-0.1647];11341.68362;400),(219193.28499;[0.7849];[-0.1651];11420.75344;1;0;[0.7853];[-0.1647];11341.68362;400),(235700.75893;[0.7849];[-0.1651];11420.75344;1;0;[0.7853];[-0.1647];11341.68362;400),(253895.67256;[0.795];[-0.155];11407.39877;1;0;[0.7959];[-0.1541];11329.67999;400),(272475.99626;[0.9019];[-0.0481];11262.34942;1;0;[0.9047];[-0.0453];11201.03811;400),(288021.59572;[0.9019];[-0.0481];11262.34942;1;0;[0.9047];[-0.0453];11201.03811;400),(303425.96245;[0.9019];[-0.0481];11262.34942;1;0;[0.9047];[-0.0453];11201.03811;400),(304672.88303;[0.9576];[0.0076];11025.79667;1;1;[0.9591];[0.0091];10980.96636;400),(306422.01900;[0.9515];[0.0015];11049.01922;1;1;[0.9529];[0.0029];11002.02201;400),(307908.27322;[0.9071];[-0.0429];11254.17926;1;0;[0.908];[-0.042];11193.66074;400),(309826.73287;[0.9028];[-0.0472];11211.35542;1;0;[0.905];[-0.045];11150.99018;400),(311706.52151;[0.9124];[-0.0376];11173.73158;1;0;[0.9126];[-0.0374];11115.28318;400),(313534.93524;[0.952];[0.002];11049.60324;1;1;[0.9534];[0.0034];11002.67973;400),(316755.82409;[0.952];[0.002];11049.60324;1;1;[0.9534];[0.0034];11002.67973;400),(320567.09838;[0.9138];[-0.0362];11165.33166;1;0;[0.9146];[-0.0354];11107.24090;400),(322385.29706;[0.952];[0.002];11049.60324;1;1;[0.9534];[0.0034];11002.67973;400),(326058.13861;[0.952];[0.002];11049.60324;1;1;[0.9534];[0.0034];11002.67973;400),(329878.97968;[0.9106];[-0.0394];11165.01301;1;0;[0.9117];[-0.0383];11106.50404;400),(331864.03465;[0.9128];[-0.0372];11163.75346;1;0;[0.9129];[-0.0371];11105.43002;400),(335582.80277;[0.9128];[-0.0372];11163.75346;1;0;[0.9129];[-0.0371];11105.43002;400),(339269.97638;[0.9128];[-0.0372];11163.75346;1;0;[0.9129];[-0.0371];11105.43002;400),(342928.99108;[0.9128];[-0.0372];11163.75346;1;0;[0.9129];[-0.0371];11105.43002;400),(344845.93105;[0.9147];[-0.0353];11163.99162;1;0;[0.9158];[-0.0342];11105.99645;400),(408495.40114;[0.6708];[-0.2792];11335.24648;1;0;[0.6623];[-0.2877];11206.37402;800),(443037.38236;[0.6708];[-0.2792];11335.24648;1;0;[0.6623];[-0.2877];11206.37402;800),(477974.26248;[0.7694];[-0.1806];11386.49027;1;0;[0.7704];[-0.1796];11269.35466;800),(515005.79381;[0.7887];[-0.1613];11386.27987;1;0;[0.7903];[-0.1597];11273.26929;800),(551793.49852;[0.8561];[-0.0939];11218.09210;1;0;[0.8601];[-0.0899];11113.78654;800)]"
3,6,8334.80837413901,0.97403,1,1,[0.9976],[0.0476],31631.3316822052,[(31230.88527;[0.9969];[0.0469];8388.07304;1;1;[0.9976];[0.0476];8334.80837;100)]
1,7,14712.433213168264,0.98034,1,0,[0.9459],[-0.0041],752868.1893348694,"[(30194.15283;[0.938];[-0.012];14679.03210;1;0;[0.938];[-0.012];14679.03210;100),(39922.18781;[0.938];[-0.012];14679.03210;1;0;[0.938];[-0.012];14679.03210;100),(57703.71771;[0.9338];[-0.0162];14888.59161;1;0;[0.9338];[-0.0162];14888.59161;200),(90996.40107;[0.9126];[-0.0374];14906.99665;1;0;[0.9126];[-0.0374];14906.99665;400),(162734.97033;[0.9459];[-0.0041];14712.43321;1;0;[0.9459];[-0.0041];14712.43321;800),(306621.12904;[0.9162];[-0.0338];14919.92408;1;0;[0.9162];[-0.0338];14919.92408;1600),(594904.58798;[0.8214];[-0.1286];15008.15025;1;0;[0.8214];[-0.1286];15008.15025;3200)]"
2,5,11167.584568384713,0.98463,1,1,[0.9713],[0.0213],604774.2917537689,"[(31487.68568;[0.8176];[-0.1324];11209.04718;1;0;[0.8157];[-0.1343];11319.21442;100),(40635.47230;[0.8177];[-0.1323];11210.36941;1;0;[0.8156];[-0.1344];11320.27205;100),(45697.05224;[0.8177];[-0.1323];11210.36941;1;0;[0.8156];[-0.1344];11320.27205;100),(51061.30528;[0.8177];[-0.1323];11210.36941;1;0;[0.8156];[-0.1344];11320.27205;100),(55456.50959;[0.8177];[-0.1323];11210.36941;1;0;[0.8156];[-0.1344];11320.27205;100),(60469.72680;[0.8177];[-0.1323];11210.36941;1;0;[0.8156];[-0.1344];11320.27205;100),(63419.55686;[0.9201];[-0.0299];10881.32674;1;0;[0.9186];[-0.0314];10958.62124;100),(63866.45269;[0.9906];[0.0406];10718.72048;1;1;[0.9868];[0.0368];10769.25112;100),(64425.02594;[1.];[0.05];10803.65569;1;1;[1.];[0.05];10863.99773;100),(64933.81238;[1.];[0.05];10810.25944;1;1;[1.];[0.05];10873.60840;100),(68858.00862;[1.];[0.05];10810.25944;1;1;[1.];[0.05];10873.60840;100),(71720.06035;[0.9173];[-0.0327];10805.70791;1;0;[0.9139];[-0.0361];10882.47729;100),(73910.43568;[1.];[0.05];10809.32364;1;1;[1.];[0.05];10871.71249;100),(78591.26210;[0.9148];[-0.0352];10766.33452;1;0;[0.9111];[-0.0389];10843.07270;100),(80757.36833;[1.];[0.05];10810.93911;1;1;[1.];[0.05];10873.81597;100),(86949.38397;[0.9142];[-0.0358];10754.37507;1;0;[0.9107];[-0.0393];10831.16413;100),(91969.53797;[1.];[0.05];10804.61027;1;1;[1.];[0.05];10867.45245;100),(96477.66447;[0.9123];[-0.0377];10752.98587;1;0;[0.9094];[-0.0406];10829.69661;100),(99177.83689;[0.9174];[-0.0326];10746.47329;1;0;[0.9148];[-0.0352];10823.46050;100),(104243.95442;[1.];[0.05];10804.61027;1;1;[1.];[0.05];10867.45245;100),(108721.43340;[0.9174];[-0.0326];10746.47329;1;0;[0.9148];[-0.0352];10823.46050;100),(114938.11607;[1.];[0.05];10804.61027;1;1;[1.];[0.05];10867.45245;100),(132859.45225;[0.8344];[-0.1156];10916.49870;1;0;[0.834];[-0.116];11032.02828;200),(141935.98652;[0.8344];[-0.1156];10916.49870;1;0;[0.834];[-0.116];11032.02828;200),(151239.31766;[0.8344];[-0.1156];10916.49870;1;0;[0.834];[-0.116];11032.02828;200),(161744.14825;[0.8344];[-0.1156];10916.49870;1;0;[0.834];[-0.116];11032.02828;200),(172220.90077;[0.8344];[-0.1156];10916.49870;1;0;[0.834];[-0.116];11032.02828;200),(180792.36770;[0.8344];[-0.1156];10916.49870;1;0;[0.834];[-0.116];11032.02828;200),(183174.87478;[0.9661];[0.0161];10926.64085;1;1;[0.9633];[0.0133];10986.18538;200),(183880.19395;[0.9723];[0.0223];11082.99281;1;1;[0.9713];[0.0213];11167.58457;200),(187526.45040;[0.8166];[-0.1334];10898.02620;1;0;[0.8131];[-0.1369];11009.65488;200),(221377.77758;[0.8];[-0.15];11230.09962;1;0;[0.7932];[-0.1568];11337.58024;400),(240123.74997;[0.8];[-0.15];11230.09962;1;0;[0.7932];[-0.1568];11337.58024;400),(260092.06796;[0.8];[-0.15];11230.09962;1;0;[0.7932];[-0.1568];11337.58024;400),(278572.18766;[0.8];[-0.15];11230.09962;1;0;[0.7932];[-0.1568];11337.58024;400),(296183.59661;[0.8];[-0.15];11230.09962;1;0;[0.7932];[-0.1568];11337.58024;400),(313717.32306;[0.8];[-0.15];11230.09962;1;0;[0.7932];[-0.1568];11337.58024;400),(332529.30212;[0.8];[-0.15];11230.09962;1;0;[0.7932];[-0.1568];11337.58024;400),(335200.87314;[0.9572];[0.0072];10936.74653;1;1;[0.9561];[0.0061];10997.05462;400),(336022.12644;[0.924];[-0.026];11115.41921;1;0;[0.9223];[-0.0277];11203.42950;400),(338001.21021;[0.9572];[0.0072];10936.74653;1;1;[0.9561];[0.0061];10997.05462;400),(338787.74524;[0.9241];[-0.0259];11115.55212;1;0;[0.9217];[-0.0283];11204.23506;400),(340020.80059;[0.9327];[-0.0173];11107.78635;1;0;[0.9326];[-0.0174];11193.65795;400),(342046.08822;[0.9586];[0.0086];10936.74594;1;1;[0.9574];[0.0074];10997.29162;400),(345123.95000;[0.9586];[0.0086];10936.74594;1;1;[0.9574];[0.0074];10997.29162;400),(347841.78138;[0.9586];[0.0086];10936.74594;1;1;[0.9574];[0.0074];10997.29162;400),(350401.13759;[0.9326];[-0.0174];11107.42307;1;0;[0.9322];[-0.0178];11193.53526;400),(351709.18345;[0.9315];[-0.0185];11107.19405;1;0;[0.9312];[-0.0188];11193.09320;400),(352986.39822;[0.9304];[-0.0196];11107.40682;1;0;[0.93];[-0.02];11193.17427;400),(354203.22156;[0.9572];[0.0072];10936.74653;1;1;[0.9561];[0.0061];10997.05462;400),(356636.75833;[0.9572];[0.0072];10936.74653;1;1;[0.9561];[0.0061];10997.05462;400),(359061.28454;[0.9572];[0.0072];10936.74653;1;1;[0.9561];[0.0061];10997.05462;400),(361479.72012;[0.9572];[0.0072];10936.74653;1;1;[0.9561];[0.0061];10997.05462;400),(363872.81084;[0.9572];[0.0072];10936.74653;1;1;[0.9561];[0.0061];10997.05462;400),(439499.44186;[0.9656];[0.0156];10927.61487;1;1;[0.9627];[0.0127];10987.10576;800),(465650.15841;[0.9656];[0.0156];10927.61487;1;1;[0.9627];[0.0127];10987.10576;800),(488982.22280;[0.9656];[0.0156];10927.61487;1;1;[0.9627];[0.0127];10987.10576;800),(510147.29190;[0.9656];[0.0156];10927.61487;1;1;[0.9627];[0.0127];10987.10576;800),(529530.06911;[0.9656];[0.0156];10927.61487;1;1;[0.9627];[0.0127];10987.10576;800),(549076.38264;[0.9656];[0.0156];10927.61487;1;1;[0.9627];[0.0127];10987.10576;800),(567872.02930;[0.9656];[0.0156];10927.61487;1;1;[0.9627];[0.0127];10987.10576;800),(587697.75534;[0.9656];[0.0156];10927.61487;1;1;[0.9627];[0.0127];10987.10576;800)]"
2,8,11189.363449730434,0.98655,1,0,[0.8817],[-0.0683],610659.2395305634,"[(31137.30049;[0.6742];[-0.2758];11555.69209;1;0;[0.6619];[-0.2881];11255.90649;100),(43412.91714;[0.6742];[-0.2758];11555.69209;1;0;[0.6619];[-0.2881];11255.90649;100),(48530.04146;[0.6742];[-0.2758];11555.69209;1;0;[0.6619];[-0.2881];11255.90649;100),(55360.62956;[0.6742];[-0.2758];11555.69209;1;0;[0.6619];[-0.2881];11255.90649;100),(59959.30910;[0.6742];[-0.2758];11555.69209;1;0;[0.6619];[-0.2881];11255.90649;100),(64902.56238;[0.6742];[-0.2758];11555.69209;1;0;[0.6619];[-0.2881];11255.90649;100),(67597.94545;[0.8645];[-0.0855];11353.60102;1;0;[0.8599];[-0.0901];11079.81875;100),(84092.62729;[0.6787];[-0.2713];11559.64399;1;0;[0.6674];[-0.2826];11267.06149;200),(92548.17343;[0.6787];[-0.2713];11559.64399;1;0;[0.6674];[-0.2826];11267.06149;200),(101814.43095;[0.6787];[-0.2713];11559.64399;1;0;[0.6674];[-0.2826];11267.06149;200),(111102.63515;[0.6787];[-0.2713];11559.64399;1;0;[0.6674];[-0.2826];11267.06149;200),(119804.09932;[0.6787];[-0.2713];11559.64399;1;0;[0.6674];[-0.2826];11267.06149;200),(129594.27762;[0.6787];[-0.2713];11559.64399;1;0;[0.6674];[-0.2826];11267.06149;200),(130552.89102;[0.8678];[-0.0822];11457.04864;1;0;[0.8616];[-0.0884];11179.03090;200),(167355.16906;[0.675];[-0.275];11558.03089;1;0;[0.6632];[-0.2868];11261.55002;400),(184996.70672;[0.675];[-0.275];11558.03089;1;0;[0.6632];[-0.2868];11261.55002;400),(203941.01024;[0.675];[-0.275];11558.03089;1;0;[0.6632];[-0.2868];11261.55002;400),(224133.39281;[0.675];[-0.275];11558.03089;1;0;[0.6632];[-0.2868];11261.55002;400),(244816.06555;[0.675];[-0.275];11558.03089;1;0;[0.6632];[-0.2868];11261.55002;400),(261497.63608;[0.675];[-0.275];11558.03089;1;0;[0.6632];[-0.2868];11261.55002;400),(277651.86739;[0.675];[-0.275];11558.03089;1;0;[0.6632];[-0.2868];11261.55002;400),(278367.09642;[0.8896];[-0.0604];11445.28219;1;0;[0.8817];[-0.0683];11189.36345;400),(348055.68242;[0.6748];[-0.2752];11555.56481;1;0;[0.6631];[-0.2869];11252.52522;800),(386611.24396;[0.6748];[-0.2752];11555.56481;1;0;[0.6631];[-0.2869];11252.52522;800),(428940.53626;[0.6748];[-0.2752];11555.56481;1;0;[0.6631];[-0.2869];11252.52522;800),(465371.48762;[0.6748];[-0.2752];11555.56481;1;0;[0.6631];[-0.2869];11252.52522;800),(500552.40726;[0.6748];[-0.2752];11555.56481;1;0;[0.6631];[-0.2869];11252.52522;800),(534451.69330;[0.6748];[-0.2752];11555.56481;1;0;[0.6631];[-0.2869];11252.52522;800),(573498.52657;[0.6748];[-0.2752];11555.56481;1;0;[0.6631];[-0.2869];11252.52522;800)]"
2,9,10999.905036157887,0.96985,1,1,[0.9583],[0.0083],612879.9283504486,"[(29219.19489;[0.7807];[-0.1693];11275.51542;1;0;[0.7757];[-0.1743];11331.83741;100),(39212.56351;[0.7807];[-0.1693];11275.51542;1;0;[0.7757];[-0.1743];11331.83741;100),(43496.98901;[0.7807];[-0.1693];11275.51542;1;0;[0.7757];[-0.1743];11331.83741;100),(48700.88005;[0.7807];[-0.1693];11275.51542;1;0;[0.7757];[-0.1743];11331.83741;100),(54312.19649;[0.7807];[-0.1693];11275.51542;1;0;[0.7757];[-0.1743];11331.83741;100),(58786.67688;[0.7807];[-0.1693];11275.51542;1;0;[0.7757];[-0.1743];11331.83741;100),(59733.69884;[0.8791];[-0.0709];11156.97150;1;0;[0.8776];[-0.0724];11183.00319;100),(78322.65115;[0.6799];[-0.2701];11178.53036;1;0;[0.6752];[-0.2748];11270.38581;200),(87782.34315;[0.6799];[-0.2701];11178.53036;1;0;[0.6752];[-0.2748];11270.38581;200),(96741.22453;[0.6799];[-0.2701];11178.53036;1;0;[0.6752];[-0.2748];11270.38581;200),(107541.27741;[0.7963];[-0.1537];11278.85633;1;0;[0.7906];[-0.1594];11334.44056;200),(116631.84953;[0.7963];[-0.1537];11278.85633;1;0;[0.7906];[-0.1594];11334.44056;200),(124500.31519;[0.7963];[-0.1537];11278.85633;1;0;[0.7906];[-0.1594];11334.44056;200),(126422.54376;[0.9148];[-0.0352];11082.33072;1;0;[0.9113];[-0.0387];11108.34789;200),(164194.63611;[0.9313];[-0.0187];11173.65398;1;0;[0.9304];[-0.0196];11199.80221;400),(182761.99603;[0.9313];[-0.0187];11173.65398;1;0;[0.9304];[-0.0196];11199.80221;400),(201102.52333;[0.9313];[-0.0187];11173.65398;1;0;[0.9304];[-0.0196];11199.80221;400),(217769.67812;[0.9313];[-0.0187];11173.65398;1;0;[0.9304];[-0.0196];11199.80221;400),(235822.02244;[0.9313];[-0.0187];11173.65398;1;0;[0.9304];[-0.0196];11199.80221;400),(254108.28114;[0.9313];[-0.0187];11173.65398;1;0;[0.9304];[-0.0196];11199.80221;400),(270524.31202;[0.9313];[-0.0187];11173.65398;1;0;[0.9304];[-0.0196];11199.80221;400),(270967.90743;[0.9569];[0.0069];11004.57737;1;1;[0.9583];[0.0083];10999.47463;400),(271517.23194;[0.9313];[-0.0187];11173.65398;1;0;[0.9304];[-0.0196];11199.80221;400),(273573.29488;[0.9204];[-0.0296];11145.64045;1;0;[0.9169];[-0.0331];11171.59714;400),(275628.58152;[0.9569];[0.0069];11005.02390;1;1;[0.9583];[0.0083];10999.90504;400),(278858.05869;[0.9569];[0.0069];11005.02390;1;1;[0.9583];[0.0083];10999.90504;400),(283565.94467;[0.9569];[0.0069];11005.02390;1;1;[0.9583];[0.0083];10999.90504;400),(287578.42588;[0.9569];[0.0069];11005.02390;1;1;[0.9583];[0.0083];10999.90504;400),(291767.34304;[0.9569];[0.0069];11005.02390;1;1;[0.9583];[0.0083];10999.90504;400),(295907.53555;[0.9569];[0.0069];11005.02390;1;1;[0.9583];[0.0083];10999.90504;400),(300487.31160;[0.9251];[-0.0249];11144.23745;1;0;[0.9227];[-0.0273];11170.70270;400),(302470.19506;[0.9219];[-0.0281];11147.15179;1;0;[0.9191];[-0.0309];11172.99631;400),(306415.36713;[0.9219];[-0.0281];11147.15179;1;0;[0.9191];[-0.0309];11172.99631;400),(310413.59520;[0.9219];[-0.0281];11147.15179;1;0;[0.9191];[-0.0309];11172.99631;400),(314372.98155;[0.9219];[-0.0281];11147.15179;1;0;[0.9191];[-0.0309];11172.99631;400),(318306.85735;[0.9219];[-0.0281];11147.15179;1;0;[0.9191];[-0.0309];11172.99631;400),(322296.17381;[0.9219];[-0.0281];11147.15179;1;0;[0.9191];[-0.0309];11172.99631;400),(391571.06733;[0.792];[-0.158];11285.93562;1;0;[0.7871];[-0.1629];11341.43829;800),(429740.08727;[0.792];[-0.158];11285.93562;1;0;[0.7871];[-0.1629];11341.43829;800),(467327.53992;[0.792];[-0.158];11285.93562;1;0;[0.7871];[-0.1629];11341.43829;800),(504139.91690;[0.792];[-0.158];11285.93562;1;0;[0.7871];[-0.1629];11341.43829;800),(542894.76013;[0.792];[-0.158];11285.93562;1;0;[0.7871];[-0.1629];11341.43829;800),(579285.66217;[0.792];[-0.158];11285.93562;1;0;[0.7871];[-0.1629];11341.43829;800)]"
2,7,10994.417146756043,0.96937,1,1,[0.9567],[0.0067],639699.236869812,"[(30589.97583;[0.8676];[-0.0824];11138.80608;1;0;[0.8676];[-0.0824];11138.80608;100),(39938.68971;[0.8694];[-0.0806];11146.21515;1;0;[0.8694];[-0.0806];11146.21515;100),(56622.81036;[0.948];[-0.002];11173.64804;1;0;[0.948];[-0.002];11173.64804;200),(87060.75621;[0.9166];[-0.0334];11197.37765;1;0;[0.9166];[-0.0334];11197.37765;400),(105123.37780;[0.9163];[-0.0337];11198.83965;1;0;[0.9163];[-0.0337];11198.83965;400),(126667.20939;[0.9163];[-0.0337];11198.83965;1;0;[0.9163];[-0.0337];11198.83965;400),(151288.31601;[0.9163];[-0.0337];11198.83965;1;0;[0.9163];[-0.0337];11198.83965;400),(170177.33145;[0.9163];[-0.0337];11198.83965;1;0;[0.9163];[-0.0337];11198.83965;400),(188836.60030;[0.9163];[-0.0337];11198.83965;1;0;[0.9163];[-0.0337];11198.83965;400),(207038.40899;[0.9163];[-0.0337];11198.83965;1;0;[0.9163];[-0.0337];11198.83965;400),(207604.87032;[0.9541];[0.0041];10991.08944;1;1;[0.9541];[0.0041];10991.08944;400),(210544.42668;[0.9539];[0.0039];10993.32539;1;1;[0.9539];[0.0039];10993.32539;400),(213147.48693;[0.9113];[-0.0387];11189.23158;1;0;[0.9113];[-0.0387];11189.23158;400),(287805.46069;[0.9567];[0.0067];10994.41715;1;1;[0.9567];[0.0067];10994.41715;800),(314809.12638;[0.9567];[0.0067];10994.41715;1;1;[0.9567];[0.0067];10994.41715;800),(339823.58575;[0.9567];[0.0067];10994.41715;1;1;[0.9567];[0.0067];10994.41715;800),(362188.40861;[0.9567];[0.0067];10994.41715;1;1;[0.9567];[0.0067];10994.41715;800),(386038.78713;[0.9567];[0.0067];10994.41715;1;1;[0.9567];[0.0067];10994.41715;800),(407668.51044;[0.9567];[0.0067];10994.41715;1;1;[0.9567];[0.0067];10994.41715;800),(432331.21681;[0.9567];[0.0067];10994.41715;1;1;[0.9567];[0.0067];10994.41715;800),(450871.40918;[0.9567];[0.0067];10994.41715;1;1;[0.9567];[0.0067];10994.41715;800),(470608.67190;[0.9567];[0.0067];10994.41715;1;1;[0.9567];[0.0067];10994.41715;800),(491351.34411;[0.9567];[0.0067];10994.41715;1;1;[0.9567];[0.0067];10994.41715;800),(491836.82871;[0.9567];[0.0067];10994.41715;1;1;[0.9567];[0.0067];10994.41715;800),(492296.08965;[0.9567];[0.0067];10994.41715;1;1;[0.9567];[0.0067];10994.41715;800),(492758.41784;[0.9567];[0.0067];10994.41715;1;1;[0.9567];[0.0067];10994.41715;800),(493223.01149;[0.9567];[0.0067];10994.41715;1;1;[0.9567];[0.0067];10994.41715;800),(493679.94952;[0.9567];[0.0067];10994.41715;1;1;[0.9567];[0.0067];10994.41715;800),(494137.64906;[0.9567];[0.0067];10994.41715;1;1;[0.9567];[0.0067];10994.41715;800),(494601.78971;[0.9567];[0.0067];10994.41715;1;1;[0.9567];[0.0067];10994.41715;800),(495071.18583;[0.9567];[0.0067];10994.41715;1;1;[0.9567];[0.0067];10994.41715;800),(495523.46778;[0.9567];[0.0067];10994.41715;1;1;[0.9567];[0.0067];10994.41715;800),(496019.40012;[0.9567];[0.0067];10994.41715;1;1;[0.9567];[0.0067];10994.41715;800),(496475.87395;[0.9567];[0.0067];10994.41715;1;1;[0.9567];[0.0067];10994.41715;800),(496932.06429;[0.9567];[0.0067];10994.41715;1;1;[0.9567];[0.0067];10994.41715;800),(497398.10085;[0.9567];[0.0067];10994.41715;1;1;[0.9567];[0.0067];10994.41715;800),(497872.87593;[0.9567];[0.0067];10994.41715;1;1;[0.9567];[0.0067];10994.41715;800),(498307.69062;[0.9567];[0.0067];10994.41715;1;1;[0.9567];[0.0067];10994.41715;800),(498769.09208;[0.9567];[0.0067];10994.41715;1;1;[0.9567];[0.0067];10994.41715;800)]"
3,1,7811.604754323636,0.91289,1,1,[0.9534],[0.0034],629983.9732646942,"[(29293.85328;[0.7557];[-0.1943];8603.03105;1;0;[0.7544];[-0.1956];8550.13381;100),(39376.51920;[0.7557];[-0.1943];8603.03105;1;0;[0.7544];[-0.1956];8550.13381;100),(44615.63253;[0.7557];[-0.1943];8603.03105;1;0;[0.7544];[-0.1956];8550.13381;100),(48966.74156;[0.7557];[-0.1943];8603.03105;1;0;[0.7544];[-0.1956];8550.13381;100),(54048.70868;[0.7557];[-0.1943];8603.03105;1;0;[0.7544];[-0.1956];8550.13381;100),(59123.71349;[0.7557];[-0.1943];8603.03105;1;0;[0.7544];[-0.1956];8550.13381;100),(60062.94584;[0.9165];[-0.0335];8234.14101;1;0;[0.918];[-0.032];8204.21875;100),(63218.73188;[0.9799];[0.0299];7281.71690;1;1;[0.9791];[0.0291];7260.57155;100),(64733.44302;[0.9521];[0.0021];7836.94703;1;1;[0.9534];[0.0034];7810.66009;100),(65893.20660;[0.9345];[-0.0155];7959.34678;1;0;[0.9361];[-0.0139];7930.05330;100),(67883.61526;[0.9465];[-0.0035];7916.23925;1;0;[0.9487];[-0.0013];7889.26049;100),(68727.76127;[0.9471];[-0.0029];7879.92313;1;0;[0.9489];[-0.0011];7853.14466;100),(69497.58363;[0.9477];[-0.0023];7857.88415;1;0;[0.9496];[-0.0004];7831.21683;100),(70224.70188;[0.9483];[-0.0017];7848.67461;1;1;[0.9501];[0.0001];7822.06283;100),(71304.22807;[0.9472];[-0.0028];7843.68710;1;0;[0.9493];[-0.0007];7817.00271;100),(73020.80417;[0.9474];[-0.0026];7839.48079;1;0;[0.9495];[-0.0005];7812.86925;100),(74885.89478;[0.952];[0.002];7837.87933;1;1;[0.9534];[0.0034];7811.60475;100),(75487.76484;[0.9474];[-0.0026];7839.48079;1;0;[0.9495];[-0.0005];7812.86925;100),(75954.35810;[0.9474];[-0.0026];7839.48079;1;0;[0.9495];[-0.0005];7812.86925;100),(77973.05512;[0.952];[0.002];7837.87933;1;1;[0.9534];[0.0034];7811.60475;100),(78420.34125;[0.9474];[-0.0026];7839.48079;1;0;[0.9495];[-0.0005];7812.86925;100),(78836.68113;[0.9474];[-0.0026];7839.48079;1;0;[0.9495];[-0.0005];7812.86925;100),(95245.75329;[0.8914];[-0.0586];8420.45767;1;0;[0.8948];[-0.0552];8386.69454;200),(104099.47062;[0.8914];[-0.0586];8420.45767;1;0;[0.8948];[-0.0552];8386.69454;200),(113208.38428;[0.8914];[-0.0586];8420.45767;1;0;[0.8948];[-0.0552];8386.69454;200),(122372.70784;[0.8914];[-0.0586];8420.45767;1;0;[0.8948];[-0.0552];8386.69454;200),(130684.54838;[0.8914];[-0.0586];8420.45767;1;0;[0.8948];[-0.0552];8386.69454;200),(140484.70807;[0.8914];[-0.0586];8420.45767;1;0;[0.8948];[-0.0552];8386.69454;200),(141325.47617;[0.9163];[-0.0337];8317.68847;1;0;[0.9177];[-0.0323];8287.25153;200),(142503.05271;[0.9756];[0.0256];7317.49820;1;1;[0.9747];[0.0247];7295.57712;200),(144183.00056;[0.9452];[-0.0048];7895.68505;1;0;[0.9475];[-0.0025];7868.61202;200),(145300.74263;[0.9555];[0.0055];7691.67689;1;1;[0.9554];[0.0054];7666.33327;200),(147384.93705;[0.9473];[-0.0027];7809.75363;1;0;[0.949];[-0.001];7783.23043;200),(149751.02615;[0.9504];[0.0004];7753.27762;1;1;[0.952];[0.002];7727.29387;200),(151344.37203;[0.9527];[0.0027];7783.08863;1;1;[0.9533];[0.0033];7757.07665;200),(152047.98031;[0.9509];[0.0009];7797.58460;1;1;[0.9527];[0.0027];7771.42549;200),(152882.74050;[0.9508];[0.0008];7803.34442;1;1;[0.9522];[0.0022];7777.13262;200),(153639.05740;[0.9503];[0.0003];7806.51414;1;1;[0.9517];[0.0017];7780.23030;200),(154227.07868;[0.9499];[-0.0001];7808.68966;1;1;[0.9516];[0.0016];7782.39980;200),(156638.80992;[0.9499];[-0.0001];7807.11534;1;1;[0.9516];[0.0016];7780.81105;200),(158510.06746;[0.9499];[-0.0001];7807.61125;1;1;[0.9516];[0.0016];7781.30471;200),(160801.67198;[0.9503];[0.0003];7806.51414;1;1;[0.9517];[0.0017];7780.23030;200),(161459.91874;[0.9503];[0.0003];7806.51414;1;1;[0.9517];[0.0017];7780.23030;200),(162125.84138;[0.9503];[0.0003];7806.51414;1;1;[0.9517];[0.0017];7780.23030;200),(192950.37007;[0.7662];[-0.1838];8609.15623;1;0;[0.765];[-0.185];8557.07923;400),(256774.82510;[0.6067];[-0.3433];8463.31962;1;0;[0.5976];[-0.3524];8350.22326;800),(296082.51238;[0.6067];[-0.3433];8463.31962;1;0;[0.5976];[-0.3524];8350.22326;800),(335352.65636;[0.7479];[-0.2021];8587.53597;1;0;[0.745];[-0.205];8489.35489;800),(476157.77612;[0.4909];[-0.4591];8366.13765;1;0;[0.4858];[-0.4642];8261.45361;1600),(553617.50579;[0.607];[-0.343];8464.70079;1;0;[0.5981];[-0.3519];8352.74773;1600)]"
3,2,7321.558952989961,0.85562,1,1,[0.9593],[0.0093],619391.3705348969,"[(30684.11279;[0.5641];[-0.3859];8390.45971;1;0;[0.5609];[-0.3891];8317.98352;100),(31335.76655;[0.7487];[-0.2013];8637.30379;1;0;[0.7404];[-0.2096];8532.30450;200),(51493.38126;[0.7487];[-0.2013];8637.30379;1;0;[0.7404];[-0.2096];8532.30450;200),(61216.76779;[0.7487];[-0.2013];8637.30379;1;0;[0.7404];[-0.2096];8532.30450;200),(72244.88115;[0.7487];[-0.2013];8637.07514;1;0;[0.7404];[-0.2096];8532.26383;200),(81199.74852;[0.7487];[-0.2013];8637.07514;1;0;[0.7404];[-0.2096];8532.26383;200),(90173.95115;[0.7487];[-0.2013];8637.07514;1;0;[0.7404];[-0.2096];8532.26383;200),(97998.78144;[0.7487];[-0.2013];8637.07514;1;0;[0.7404];[-0.2096];8532.26383;200),(98638.63587;[0.9117];[-0.0383];8421.81858;1;0;[0.9089];[-0.0411];8311.49827;200),(100645.90192;[0.9641];[0.0141];7397.77304;1;1;[0.9641];[0.0141];7316.47556;200),(101343.17207;[0.9389];[-0.0111];7996.97092;1;0;[0.9402];[-0.0098];7897.97149;200),(103971.57478;[0.9415];[-0.0085];7832.47968;1;0;[0.9426];[-0.0074];7739.19155;200),(105104.14743;[0.9416];[-0.0084];7699.06803;1;0;[0.9429];[-0.0071];7608.44670;200),(107048.04373;[0.9249];[-0.0251];7522.93467;1;0;[0.9255];[-0.0245];7431.15505;200),(107751.89042;[0.9563];[0.0063];7399.26185;1;1;[0.9575];[0.0075];7315.13270;200),(109230.90100;[0.9271];[-0.0229];7428.05809;1;0;[0.9266];[-0.0234];7337.76314;200),(112554.25596;[0.9591];[0.0091];7402.50327;1;1;[0.9597];[0.0097];7318.65243;200),(114654.66070;[0.9586];[0.0086];7405.29930;1;1;[0.9593];[0.0093];7321.55895;200),(117645.59293;[0.9262];[-0.0238];7406.61148;1;0;[0.9261];[-0.0239];7316.58564;200),(120812.47926;[0.9581];[0.0081];7404.33945;1;1;[0.9587];[0.0087];7320.37627;200),(122911.33904;[0.9256];[-0.0244];7403.06634;1;0;[0.9259];[-0.0241];7313.03146;200),(124869.31086;[0.9583];[0.0083];7404.85140;1;1;[0.9588];[0.0088];7320.82964;200),(126920.36486;[0.9583];[0.0083];7404.85140;1;1;[0.9588];[0.0088];7320.82964;200),(129584.75685;[0.9583];[0.0083];7404.85140;1;1;[0.9588];[0.0088];7320.82964;200),(163060.35423;[0.5709];[-0.3791];8430.55379;1;0;[0.569];[-0.381];8363.92284;400),(181304.14033;[0.5777];[-0.3723];8447.24416;1;0;[0.574];[-0.376];8382.99068;400),(201627.46716;[0.7415];[-0.2085];8620.60047;1;0;[0.7337];[-0.2163];8512.94324;400),(220744.61579;[0.7415];[-0.2085];8620.60047;1;0;[0.7337];[-0.2163];8512.94324;400),(238261.05046;[0.7415];[-0.2085];8620.60047;1;0;[0.7337];[-0.2163];8512.94324;400),(256275.55966;[0.7415];[-0.2085];8620.60047;1;0;[0.7337];[-0.2163];8512.94324;400),(273491.84871;[0.742];[-0.208];8620.81250;1;0;[0.7342];[-0.2158];8514.23079;400),(275250.37313;[0.9142];[-0.0358];8360.76806;1;0;[0.9124];[-0.0376];8253.68873;400),(277112.45918;[0.963];[0.013];7373.76258;1;1;[0.9628];[0.0128];7293.45568;400),(278804.38328;[0.9386];[-0.0114];7947.71066;1;0;[0.9394];[-0.0106];7849.55838;400),(279946.13791;[0.9441];[-0.0059];7761.09795;1;0;[0.9457];[-0.0043];7670.09286;400),(282003.13640;[0.9261];[-0.0239];7528.76231;1;0;[0.9265];[-0.0235];7437.07012;400),(283272.27759;[0.9557];[0.0057];7382.12858;1;1;[0.9565];[0.0065];7298.54506;400),(286223.71626;[0.957];[0.007];7397.51803;1;1;[0.9577];[0.0077];7313.68900;400),(286983.40225;[0.9258];[-0.0242];7478.93710;1;0;[0.9259];[-0.0241];7387.90333;400),(290058.66313;[0.9263];[-0.0237];7426.18096;1;0;[0.9264];[-0.0236];7335.85263;400),(293234.35712;[0.9571];[0.0071];7397.51628;1;1;[0.9577];[0.0077];7313.63284;400),(295647.86792;[0.9256];[-0.0244];7403.90745;1;0;[0.9259];[-0.0241];7313.84871;400),(298276.36099;[0.9259];[-0.0241];7384.69774;1;0;[0.9258];[-0.0242];7294.72364;400),(300152.04906;[0.9571];[0.0071];7398.41418;1;1;[0.958];[0.008];7314.46895;400),(302486.40013;[0.9571];[0.0071];7398.41418;1;1;[0.958];[0.008];7314.46895;400),(304406.76808;[0.9259];[-0.0241];7384.69774;1;0;[0.9258];[-0.0242];7294.72364;400),(305649.22428;[0.9571];[0.0071];7398.41418;1;1;[0.958];[0.008];7314.46895;400),(370973.74725;[0.7669];[-0.1831];8652.85244;1;0;[0.7574];[-0.1926];8555.10823;800),(406947.12353;[0.7669];[-0.1831];8652.85244;1;0;[0.7574];[-0.1926];8555.10823;800),(441892.50827;[0.7669];[-0.1831];8652.85244;1;0;[0.7574];[-0.1926];8555.10823;800),(477468.85347;[0.7669];[-0.1831];8652.85244;1;0;[0.7574];[-0.1926];8555.10823;800),(512420.95685;[0.7669];[-0.1831];8652.85244;1;0;[0.7574];[-0.1926];8555.10823;800),(548110.24475;[0.7669];[-0.1831];8652.85244;1;0;[0.7574];[-0.1926];8555.10823;800),(585419.03687;[0.7669];[-0.1831];8652.85244;1;0;[0.7574];[-0.1926];8555.10823;800)]"
2,10,10985.914128657088,0.96862,1,1,[0.9549],[0.0049],663858.2923412323,"[(30329.54001;[0.5507];[-0.3993];11146.01885;1;0;[0.5434];[-0.4066];10804.55422;100),(31821.54465;[0.5532];[-0.3968];11155.20000;1;0;[0.5452];[-0.4048];10813.43878;200),(32646.20900;[0.5543];[-0.3957];11163.34154;1;0;[0.547];[-0.403];10824.58817;400),(33511.80148;[0.6693];[-0.2807];11574.11335;1;0;[0.6649];[-0.2851];11263.56918;800),(101719.92946;[0.6693];[-0.2807];11574.11335;1;0;[0.6649];[-0.2851];11263.56918;800),(136142.16304;[0.6693];[-0.2807];11574.11335;1;0;[0.6649];[-0.2851];11263.56918;800),(174812.81543;[0.6693];[-0.2807];11574.11335;1;0;[0.6649];[-0.2851];11263.56918;800),(211072.98517;[0.6693];[-0.2807];11574.11335;1;0;[0.6649];[-0.2851];11263.56918;800),(251370.93711;[0.6693];[-0.2807];11574.11335;1;0;[0.6649];[-0.2851];11263.56918;800),(289902.44865;[0.6693];[-0.2807];11574.11335;1;0;[0.6649];[-0.2851];11263.56918;800),(328381.94346;[0.6693];[-0.2807];11574.11335;1;0;[0.6649];[-0.2851];11263.56918;800),(362401.80969;[0.6693];[-0.2807];11574.11335;1;0;[0.6649];[-0.2851];11263.56918;800),(364116.57500;[0.8888];[-0.0612];11408.72240;1;0;[0.8933];[-0.0567];11183.77875;800),(366280.49278;[0.9526];[0.0026];11048.22521;1;1;[0.9549];[0.0049];10893.13499;800),(366735.15439;[0.9397];[-0.0103];11165.81485;1;0;[0.9452];[-0.0048];10993.57966;800),(367174.19195;[0.941];[-0.009];11167.90408;1;0;[0.9468];[-0.0032];10997.12267;800),(367729.90513;[0.9517];[0.0017];11145.90030;1;1;[0.9541];[0.0041];10985.41902;800),(368303.39670;[0.9467];[-0.0033];11162.87065;1;1;[0.9511];[0.0011];10997.12746;800),(368816.10489;[0.9474];[-0.0026];11154.94428;1;1;[0.9516];[0.0016];10991.70834;800),(369295.59398;[0.9469];[-0.0031];11148.34134;1;1;[0.9511];[0.0011];10985.69059;800),(369800.72379;[0.9491];[-0.0009];11147.26734;1;1;[0.953];[0.003];10985.02108;800),(370490.15975;[0.9481];[-0.0019];11144.90257;1;1;[0.9521];[0.0021];10982.45461;800),(371044.30819;[0.9523];[0.0023];11146.82261;1;1;[0.9549];[0.0049];10985.91413;800),(371543.68567;[0.9488];[-0.0012];11144.00631;1;1;[0.9523];[0.0023];10982.57100;800),(371941.89739;[0.9488];[-0.0012];11144.00631;1;1;[0.9523];[0.0023];10982.57100;800),(372344.47002;[0.9488];[-0.0012];11144.00631;1;1;[0.9523];[0.0023];10982.57100;800),(372761.41906;[0.9488];[-0.0012];11144.00631;1;1;[0.9523];[0.0023];10982.57100;800),(373169.63172;[0.9488];[-0.0012];11144.00631;1;1;[0.9523];[0.0023];10982.57100;800),(511719.48433;[0.7863];[-0.1637];11608.21260;1;0;[0.7836];[-0.1664];11341.52096;1600),(586452.41618;[0.7863];[-0.1637];11608.21260;1;0;[0.7836];[-0.1664];11341.52096;1600)]"
3,3,8017.260628046344,0.93692,1,1,[0.9712],[0.0212],614984.436750412,"[(29242.66243;[0.8998];[-0.0502];8395.00427;1;0;[0.901];[-0.049];8379.77296;100),(39083.70328;[0.8998];[-0.0502];8395.00427;1;0;[0.901];[-0.049];8379.77296;100),(44403.15127;[0.8998];[-0.0502];8395.00427;1;0;[0.901];[-0.049];8379.77296;100),(48970.24179;[0.8998];[-0.0502];8395.00427;1;0;[0.901];[-0.049];8379.77296;100),(54425.51446;[0.8998];[-0.0502];8395.00427;1;0;[0.901];[-0.049];8379.77296;100),(59678.66564;[0.8998];[-0.0502];8395.00427;1;0;[0.901];[-0.049];8379.77296;100),(61737.69689;[0.9552];[0.0052];7801.11425;1;1;[0.9547];[0.0047];7789.34708;100),(62934.54719;[0.9169];[-0.0331];8265.23844;1;0;[0.918];[-0.032];8251.33119;100),(64100.04973;[0.9621];[0.0121];7956.99316;1;1;[0.962];[0.012];7945.91404;100),(65434.76009;[0.9776];[0.0276];8011.87492;1;1;[0.9754];[0.0254];8001.59581;100),(68285.70366;[0.9129];[-0.0371];8110.44025;1;0;[0.9147];[-0.0353];8096.40321;100),(69287.37783;[0.9749];[0.0249];8023.89760;1;1;[0.9739];[0.0239];8013.59760;100),(70167.08255;[0.9098];[-0.0402];8042.47159;1;0;[0.9109];[-0.0391];8028.32049;100),(72401.29089;[0.9744];[0.0244];8025.81932;1;1;[0.9732];[0.0232];8015.43953;100),(74296.61655;[0.9861];[0.0361];8027.68021;1;1;[0.9866];[0.0366];8018.15022;100),(76348.93751;[0.9093];[-0.0407];8034.21149;1;0;[0.9105];[-0.0395];8020.08917;100),(79275.37036;[0.9721];[0.0221];8027.83313;1;1;[0.9712];[0.0212];8017.26063;100),(81310.86588;[0.9721];[0.0221];8027.83313;1;1;[0.9712];[0.0212];8017.26063;100),(83717.73887;[0.9721];[0.0221];8027.83313;1;1;[0.9712];[0.0212];8017.26063;100),(85484.27892;[0.9098];[-0.0402];8034.22569;1;0;[0.911];[-0.039];8020.11965;100),(89341.52269;[0.9721];[0.0221];8027.83313;1;1;[0.9712];[0.0212];8017.26063;100),(106494.74573;[0.9429];[-0.0071];8372.42765;1;0;[0.9431];[-0.0069];8361.42651;200),(115845.92724;[0.9429];[-0.0071];8372.42765;1;0;[0.9431];[-0.0069];8361.42651;200),(125213.19270;[0.9429];[-0.0071];8372.42765;1;0;[0.9431];[-0.0069];8361.42651;200),(133191.50949;[0.9429];[-0.0071];8372.42765;1;0;[0.9431];[-0.0069];8361.42651;200),(142212.94570;[0.9429];[-0.0071];8372.42765;1;0;[0.9431];[-0.0069];8361.42651;200),(150781.93045;[0.9429];[-0.0071];8372.42765;1;0;[0.9431];[-0.0069];8361.42651;200),(153261.51776;[0.9587];[0.0087];7772.20529;1;1;[0.9583];[0.0083];7760.80263;200),(153906.77714;[0.9111];[-0.0389];8147.41629;1;0;[0.9123];[-0.0377];8133.58967;200),(154609.24172;[0.9767];[0.0267];7926.06961;1;1;[0.9743];[0.0243];7915.92648;200),(157992.37061;[0.9924];[0.0424];7981.46687;1;1;[0.992];[0.042];7972.11191;200),(159174.53814;[1.];[0.05];7991.63920;1;1;[1.];[0.05];7984.03280;200),(160218.23168;[0.9998];[0.0498];8015.74114;1;1;[0.9998];[0.0498];8007.25705;200),(160925.64726;[0.9999];[0.0499];8018.84450;1;1;[0.9999];[0.0499];8010.98234;200),(163622.40124;[0.9151];[-0.0349];8110.65254;1;0;[0.9161];[-0.0339];8097.20931;200),(164364.06064;[0.9069];[-0.0431];8099.20766;1;0;[0.9087];[-0.0413];8085.24796;200),(167517.85159;[0.9999];[0.0499];8021.15632;1;1;[0.9999];[0.0499];8013.07312;200),(169749.01485;[0.9072];[-0.0428];8093.64091;1;0;[0.9089];[-0.0411];8079.73225;200),(170582.67164;[0.9093];[-0.0407];8089.34990;1;0;[0.9118];[-0.0382];8075.60303;200),(174038.45263;[0.9089];[-0.0411];8087.72537;1;0;[0.9114];[-0.0386];8073.97050;200),(176774.79196;[0.9089];[-0.0411];8087.72537;1;0;[0.9114];[-0.0386];8073.97050;200),(179438.86566;[0.9999];[0.0499];8021.15632;1;1;[0.9999];[0.0499];8013.07312;200),(210967.50784;[0.8986];[-0.0514];8355.11007;1;0;[0.9003];[-0.0497];8321.37813;400),(228558.92277;[0.8986];[-0.0514];8355.11007;1;0;[0.9003];[-0.0497];8321.37813;400),(247167.14573;[0.8986];[-0.0514];8355.11007;1;0;[0.9003];[-0.0497];8321.37813;400),(265223.90008;[0.8986];[-0.0514];8355.11007;1;0;[0.9003];[-0.0497];8321.37813;400),(282678.82347;[0.8986];[-0.0514];8355.11007;1;0;[0.9003];[-0.0497];8321.37813;400),(302486.90844;[0.8986];[-0.0514];8355.11007;1;0;[0.9003];[-0.0497];8321.37813;400),(318922.70660;[0.8973];[-0.0527];8362.25317;1;0;[0.8983];[-0.0517];8331.99943;400),(320015.41448;[0.9552];[0.0052];7631.06876;1;1;[0.955];[0.005];7619.06948;400),(321809.99112;[0.982];[0.032];7965.35114;1;1;[0.9812];[0.0312];7950.18591;400),(322337.78167;[0.9161];[-0.0339];8313.87984;1;0;[0.9175];[-0.0325];8293.10708;400),(325786.26585;[0.9135];[-0.0365];8200.36065;1;0;[0.9145];[-0.0355];8185.40392;400),(329438.86542;[0.9781];[0.0281];7981.37618;1;1;[0.9754];[0.0254];7965.84316;400),(332644.01317;[0.9089];[-0.0411];8106.66985;1;0;[0.9114];[-0.0386];8091.73804;400),(334425.64130;[0.9771];[0.0271];7987.02593;1;1;[0.9752];[0.0252];7971.58953;400),(337939.71205;[0.9049];[-0.0451];8079.35575;1;0;[0.9061];[-0.0439];8065.32202;400),(339474.42627;[0.9007];[-0.0493];8054.82947;1;0;[0.9031];[-0.0469];8039.51091;400),(342652.64082;[0.9771];[0.0271];7987.02593;1;1;[0.9752];[0.0252];7971.58953;400),(346474.54000;[0.9771];[0.0271];7987.02593;1;1;[0.9752];[0.0252];7971.58953;400),(349995.10670;[0.9007];[-0.0493];8050.79109;1;0;[0.9028];[-0.0472];8035.48611;400),(354022.22061;[0.974];[0.024];7994.94607;1;1;[0.9726];[0.0226];7979.54899;400),(356643.24355;[0.9771];[0.0271];7987.91839;1;1;[0.975];[0.025];7972.39105;400),(359773.91481;[0.9007];[-0.0493];8055.33927;1;0;[0.9028];[-0.0472];8040.83209;400),(431022.45784;[0.8943];[-0.0557];8388.78940;1;0;[0.8948];[-0.0552];8367.79082;800),(470481.32992;[0.8943];[-0.0557];8388.78940;1;0;[0.8948];[-0.0552];8367.79082;800),(510026.62849;[0.8943];[-0.0557];8388.78940;1;0;[0.8948];[-0.0552];8367.79082;800),(546659.38425;[0.8943];[-0.0557];8388.78940;1;0;[0.8948];[-0.0552];8367.79082;800),(581522.45855;[0.8943];[-0.0557];8388.78940;1;0;[0.8948];[-0.0552];8367.79082;800)]"
3,8,8409.625373904471,0.98278,1,0,[0.7602],[-0.1898],602551.0892868042,"[(30970.47400;[0.4946];[-0.4554];8523.03030;1;0;[0.4833];[-0.4667];8275.84181;100),(47488.17563;[0.4946];[-0.4554];8522.83649;1;0;[0.4833];[-0.4667];8275.64796;100),(53814.19754;[0.4946];[-0.4554];8522.83649;1;0;[0.4833];[-0.4667];8275.64796;100),(59112.88834;[0.4946];[-0.4554];8522.83649;1;0;[0.4833];[-0.4667];8275.64796;100),(64561.59377;[0.4946];[-0.4554];8522.83649;1;0;[0.4833];[-0.4667];8275.64796;100),(69750.84138;[0.4946];[-0.4554];8522.83649;1;0;[0.4833];[-0.4667];8275.64796;100),(70264.92596;[0.7544];[-0.1956];8647.60536;1;0;[0.7451];[-0.2049];8448.34654;100),(87384.72390;[0.759];[-0.191];8748.40727;1;0;[0.7493];[-0.2007];8547.32046;200),(121950.79017;[0.4957];[-0.4543];8529.26578;1;0;[0.4842];[-0.4658];8291.22958;400),(142469.12527;[0.4957];[-0.4543];8529.26578;1;0;[0.4842];[-0.4658];8291.22958;400),(161770.84064;[0.4957];[-0.4543];8529.26578;1;0;[0.4842];[-0.4658];8291.22958;400),(179499.06850;[0.4957];[-0.4543];8529.26578;1;0;[0.4842];[-0.4658];8291.22958;400),(196706.68840;[0.4957];[-0.4543];8529.26578;1;0;[0.4842];[-0.4658];8291.22958;400),(214279.83212;[0.4957];[-0.4543];8529.26578;1;0;[0.4842];[-0.4658];8291.22958;400),(230640.66172;[0.4957];[-0.4543];8529.26578;1;0;[0.4842];[-0.4658];8291.22958;400),(232348.93537;[0.769];[-0.181];8595.17497;1;0;[0.7602];[-0.1898];8409.62537;400),(304056.16379;[0.7541];[-0.1959];8743.28272;1;0;[0.7448];[-0.2052];8531.00933;800),(448700.03557;[0.7524];[-0.1976];8748.06649;1;0;[0.7428];[-0.2072];8539.19368;1600)]"
3,4,7350.656341264901,0.85902,1,1,[0.9879],[0.0379],636399.0612030029,"[(29879.55713;[0.9019];[-0.0481];8495.47124;1;0;[0.9012];[-0.0488];8374.48500;100),(41281.46696;[0.9029];[-0.0471];8495.54011;1;0;[0.9027];[-0.0473];8374.90838;100),(59331.54821;[0.9274];[-0.0226];8490.50424;1;0;[0.9271];[-0.0229];8376.79807;200),(67360.46028;[0.9274];[-0.0226];8490.50424;1;0;[0.9271];[-0.0229];8376.79807;200),(76652.13943;[0.9274];[-0.0226];8490.50424;1;0;[0.9271];[-0.0229];8376.79807;200),(85385.76865;[0.9274];[-0.0226];8490.50424;1;0;[0.9271];[-0.0229];8376.79807;200),(93349.64705;[0.9274];[-0.0226];8490.50424;1;0;[0.9271];[-0.0229];8376.79807;200),(101970.61276;[0.9274];[-0.0226];8490.50424;1;0;[0.9271];[-0.0229];8376.79807;200),(104621.28305;[0.948];[-0.002];7832.63841;1;0;[0.9498];[-0.0002];7738.82905;200),(105688.05480;[0.9813];[0.0313];7227.47840;1;1;[0.9803];[0.0303];7152.42339;200),(107049.42203;[0.9938];[0.0438];7385.40400;1;1;[0.9932];[0.0432];7309.64127;200),(109679.05068;[0.9485];[-0.0015];7639.66199;1;0;[0.9497];[-0.0003];7550.27490;200),(112251.31488;[0.9986];[0.0486];7411.46185;1;1;[0.998];[0.048];7335.89295;200),(112992.91706;[0.9413];[-0.0087];7543.70632;1;0;[0.9432];[-0.0068];7454.09978;200),(113645.50805;[0.9318];[-0.0182];7476.34527;1;0;[0.9331];[-0.0169];7385.44317;200),(114376.93620;[1.];[0.05];7411.67152;1;1;[1.];[0.05];7339.59041;200),(115178.18546;[0.932];[-0.018];7452.36987;1;0;[0.9336];[-0.0164];7361.93771;200),(116074.17130;[0.932];[-0.018];7445.60654;1;0;[0.9335];[-0.0165];7355.24258;200),(116759.30882;[1.];[0.05];7413.06941;1;1;[1.];[0.05];7340.91024;200),(117225.34871;[1.];[0.05];7413.06941;1;1;[1.];[0.05];7340.91024;200),(117964.99896;[1.];[0.05];7413.06941;1;1;[1.];[0.05];7340.91024;200),(118512.65311;[0.932];[-0.018];7444.87390;1;0;[0.9335];[-0.0165];7354.53707;200),(119448.83680;[1.];[0.05];7413.06941;1;1;[1.];[0.05];7340.91024;200),(152262.86340;[0.7712];[-0.1788];8679.41638;1;0;[0.7639];[-0.1861];8552.33657;400),(214423.02203;[0.7689];[-0.1811];8694.61411;1;0;[0.7621];[-0.1879];8556.29751;800),(251492.29479;[0.7689];[-0.1811];8694.61411;1;0;[0.7621];[-0.1879];8556.29751;800),(292047.78457;[0.7771];[-0.1729];8674.28470;1;0;[0.7698];[-0.1802];8539.86271;800),(328356.60815;[0.8905];[-0.0595];8515.04330;1;0;[0.8896];[-0.0604];8389.66188;800),(362650.54226;[0.8905];[-0.0595];8515.04330;1;0;[0.8896];[-0.0604];8389.66188;800),(398534.58452;[0.8905];[-0.0595];8515.04330;1;0;[0.8896];[-0.0604];8389.66188;800),(432854.86341;[0.8905];[-0.0595];8515.04330;1;0;[0.8896];[-0.0604];8389.66188;800),(464819.05627;[0.8972];[-0.0528];8510.72465;1;0;[0.896];[-0.054];8387.32126;800),(467442.33751;[0.926];[-0.024];7457.47282;1;0;[0.9264];[-0.0236];7364.72745;800),(468872.84732;[0.9806];[0.0306];7003.62502;1;1;[0.9788];[0.0288];6932.26728;800),(472863.63697;[0.9777];[0.0277];7298.52438;1;1;[0.9774];[0.0274];7221.41141;800),(475806.78821;[0.9709];[0.0209];7374.40500;1;1;[0.9716];[0.0216];7292.91932;800),(476637.70652;[0.9948];[0.0448];7401.84550;1;1;[0.994];[0.044];7325.77444;800),(480159.36303;[0.9925];[0.0425];7416.48186;1;1;[0.9917];[0.0417];7338.96889;800),(482047.70255;[0.9889];[0.0389];7427.81475;1;1;[0.9892];[0.0392];7347.16260;800),(485077.16012;[0.9883];[0.0383];7430.50548;1;1;[0.9882];[0.0382];7349.58649;800),(485926.67270;[0.9262];[-0.0238];7429.98487;1;0;[0.9266];[-0.0234];7337.76314;800),(487946.08545;[0.9881];[0.0381];7431.65370;1;1;[0.9879];[0.0379];7350.65634;800),(488736.68218;[0.926];[-0.024];7426.90794;1;0;[0.9265];[-0.0235];7334.69323;800),(491306.63943;[0.9881];[0.0381];7431.65370;1;1;[0.9879];[0.0379];7350.65634;800),(493499.57299;[0.9881];[0.0381];7431.65370;1;1;[0.9879];[0.0379];7350.65634;800),(495708.71544;[0.926];[-0.024];7424.72392;1;0;[0.9265];[-0.0235];7332.53975;800),(500242.22708;[0.9881];[0.0381];7431.65370;1;1;[0.9879];[0.0379];7350.65634;800)]"
3,10,7335.861452837945,0.85729,1,1,[0.9584],[0.0084],629051.6977310181,"[(30743.97063;[0.4885];[-0.4615];8526.94589;1;0;[0.479];[-0.471];8250.65848;100),(31679.27074;[0.4911];[-0.4589];8540.27750;1;0;[0.4816];[-0.4684];8264.90812;200),(32386.77955;[0.4901];[-0.4599];8535.94637;1;0;[0.4809];[-0.4691];8261.21242;400),(67465.70921;[0.4901];[-0.4599];8535.94637;1;0;[0.4809];[-0.4691];8261.21242;400),(84929.91948;[0.4901];[-0.4599];8535.94637;1;0;[0.4809];[-0.4691];8261.21242;400),(101886.03187;[0.4901];[-0.4599];8535.94637;1;0;[0.4809];[-0.4691];8261.21242;400),(119066.81633;[0.4901];[-0.4599];8535.94637;1;0;[0.4809];[-0.4691];8261.21242;400),(136028.87011;[0.4901];[-0.4599];8535.94637;1;0;[0.4809];[-0.4691];8261.21242;400),(152605.57199;[0.4901];[-0.4599];8535.94637;1;0;[0.4809];[-0.4691];8261.21242;400),(167345.41035;[0.4901];[-0.4599];8535.94637;1;0;[0.4809];[-0.4691];8261.21242;400),(169223.74582;[0.7769];[-0.1731];8428.60626;1;0;[0.7758];[-0.1742];8258.86280;400),(170374.97544;[0.9282];[-0.0218];7978.86422;1;0;[0.9347];[-0.0153];7878.01518;400),(171340.97815;[0.9746];[0.0246];7231.56187;1;1;[0.975];[0.025];7161.19521;400),(172860.04901;[0.923];[-0.027];7521.51468;1;0;[0.9291];[-0.0209];7431.58635;400),(173662.77838;[0.9636];[0.0136];7349.15381;1;1;[0.9642];[0.0142];7271.14762;400),(174886.52158;[0.9586];[0.0086];7390.64660;1;1;[0.9603];[0.0103];7308.16620;400),(177920.50195;[0.9566];[0.0066];7410.08037;1;1;[0.9587];[0.0087];7326.89204;400),(180727.85592;[0.9543];[0.0043];7418.76243;1;1;[0.9569];[0.0069];7334.52342;400),(182566.34688;[0.9244];[-0.0256];7464.94606;1;0;[0.9297];[-0.0203];7376.14367;400),(185143.36181;[0.9212];[-0.0288];7426.35081;1;0;[0.9266];[-0.0234];7337.76314;400),(188304.33297;[0.9565];[0.0065];7420.42607;1;1;[0.9584];[0.0084];7335.86145;400),(190017.64941;[0.92];[-0.03];7422.09352;1;0;[0.9262];[-0.0238];7333.44141;400),(193496.91558;[0.9544];[0.0044];7418.02605;1;1;[0.9565];[0.0065];7333.36405;400),(196314.53848;[0.9537];[0.0037];7418.93349;1;1;[0.956];[0.006];7333.63016;400),(198435.08554;[0.9537];[0.0037];7418.93349;1;1;[0.956];[0.006];7333.63016;400),(200811.10287;[0.9537];[0.0037];7418.93349;1;1;[0.956];[0.006];7333.63016;400),(202739.39037;[0.9199];[-0.0301];7420.08700;1;0;[0.9262];[-0.0238];7331.46291;400),(268632.70283;[0.7513];[-0.1987];8738.77349;1;0;[0.7472];[-0.2028];8545.59816;800),(403462.19015;[0.7606];[-0.1894];8741.91785;1;0;[0.7583];[-0.1917];8555.76291;1600),(477623.06190;[0.7606];[-0.1894];8741.91785;1;0;[0.7583];[-0.1917];8555.76291;1600),(553566.45966;[0.7606];[-0.1894];8741.91785;1;0;[0.7583];[-0.1917];8555.76291;1600)]"
3,5,8359.50772185724,0.97692,1,1,[0.9566],[0.0066],661909.0375900269,"[(30238.79576;[0.773];[-0.177];8481.12240;1;0;[0.7691];[-0.1809];8552.76376;100),(40968.30940;[0.773];[-0.177];8481.12240;1;0;[0.7691];[-0.1809];8552.76376;100),(47103.83844;[0.773];[-0.177];8481.12240;1;0;[0.7691];[-0.1809];8552.76376;100),(53260.16331;[0.7734];[-0.1766];8483.63750;1;0;[0.7693];[-0.1807];8555.29473;100),(58515.66887;[0.7734];[-0.1766];8483.63750;1;0;[0.7693];[-0.1807];8555.29473;100),(63754.14491;[0.7734];[-0.1766];8483.63750;1;0;[0.7693];[-0.1807];8555.29473;100),(64583.43363;[0.9204];[-0.0296];8191.92727;1;0;[0.9193];[-0.0307];8231.79596;100),(65505.07998;[1.];[0.05];7251.73247;1;1;[1.];[0.05];7279.65994;100),(66481.80008;[0.9525];[0.0025];7805.27731;1;1;[0.9515];[0.0015];7838.97169;100),(67740.42392;[0.9986];[0.0486];7895.43976;1;1;[0.9986];[0.0486];7932.13393;100),(70445.87088;[1.];[0.05];7940.68725;1;1;[1.];[0.05];7978.90245;100),(72540.70687;[0.909];[-0.041];8049.39214;1;0;[0.906];[-0.044];8089.01274;100),(76989.58445;[1.];[0.05];7951.84915;1;1;[1.];[0.05];7989.97078;100),(78129.59194;[1.];[0.05];7959.68932;1;1;[1.];[0.05];7997.80364;100),(81234.82895;[1.];[0.05];7955.20477;1;1;[1.];[0.05];7993.96120;100),(83948.13561;[1.];[0.05];7960.99703;1;1;[1.];[0.05];7999.21769;100),(86377.95758;[0.908];[-0.042];8040.32092;1;0;[0.9054];[-0.0446];8079.91204;100),(89037.42528;[1.];[0.05];7962.29683;1;1;[1.];[0.05];8000.53753;100),(91486.80258;[1.];[0.05];7962.29683;1;1;[1.];[0.05];8000.53753;100),(94081.64573;[0.9066];[-0.0434];8039.08808;1;0;[0.9035];[-0.0465];8078.68189;100),(97051.34010;[1.];[0.05];7962.29683;1;1;[1.];[0.05];8000.53753;100),(99812.41465;[0.9066];[-0.0434];8039.08808;1;0;[0.9035];[-0.0465];8078.68189;100),(115563.50231;[0.7763];[-0.1737];8480.67347;1;0;[0.7744];[-0.1756];8551.13723;200),(124072.76750;[0.7763];[-0.1737];8480.67347;1;0;[0.7744];[-0.1756];8551.13723;200),(133169.97170;[0.7763];[-0.1737];8480.67347;1;0;[0.7744];[-0.1756];8551.13723;200),(140812.97803;[0.7763];[-0.1737];8480.67347;1;0;[0.7744];[-0.1756];8551.13723;200),(149512.60161;[0.7763];[-0.1737];8480.67347;1;0;[0.7744];[-0.1756];8551.13723;200),(157739.74252;[0.7763];[-0.1737];8480.67347;1;0;[0.7744];[-0.1756];8551.13723;200),(158376.73593;[0.9224];[-0.0276];8238.95795;1;0;[0.9213];[-0.0287];8279.01080;200),(159904.14405;[1.];[0.05];7278.68522;1;1;[1.];[0.05];7307.35935;200),(161335.14261;[0.9466];[-0.0034];7842.14479;1;0;[0.9469];[-0.0031];7876.09059;200),(162420.52412;[0.9548];[0.0048];7660.45639;1;1;[0.9546];[0.0046];7692.55381;200),(163975.22330;[0.953];[0.003];7765.72306;1;1;[0.9528];[0.0028];7798.92748;200),(164971.22717;[0.9509];[0.0009];7805.81594;1;0;[0.9497];[-0.0003];7839.52229;200),(165614.66813;[0.9512];[0.0012];7822.94924;1;1;[0.9502];[0.0002];7856.81173;200),(167244.00187;[0.9501];[0.0001];7830.14176;1;0;[0.9494];[-0.0006];7864.00816;200),(168619.29464;[0.9469];[-0.0031];7838.72069;1;0;[0.9475];[-0.0025];7872.66991;200),(170525.53082;[0.9515];[0.0015];7831.88466;1;1;[0.9505];[0.0005];7865.93369;200),(171823.74787;[0.9473];[-0.0027];7836.71146;1;0;[0.9477];[-0.0023];7870.62931;200),(174477.73862;[0.9494];[-0.0006];7835.49109;1;0;[0.949];[-0.001];7869.62436;200),(175785.68339;[0.9494];[-0.0006];7835.49109;1;0;[0.949];[-0.001];7869.62436;200),(177755.53513;[0.9515];[0.0015];7831.88466;1;1;[0.9505];[0.0005];7865.93369;200),(179278.80597;[0.9515];[0.0015];7831.88466;1;1;[0.9505];[0.0005];7865.93369;200),(180805.90320;[0.9515];[0.0015];7831.88466;1;1;[0.9505];[0.0005];7865.93369;200),(211602.51546;[0.9009];[-0.0491];8340.16297;1;0;[0.8975];[-0.0525];8387.61645;400),(231128.66259;[0.9009];[-0.0491];8340.16297;1;0;[0.8975];[-0.0525];8387.61645;400),(250792.93203;[0.9009];[-0.0491];8340.16297;1;0;[0.8975];[-0.0525];8387.61645;400),(268207.89528;[0.9009];[-0.0491];8340.16297;1;0;[0.8975];[-0.0525];8387.61645;400),(283031.47125;[0.9009];[-0.0491];8340.16297;1;0;[0.8975];[-0.0525];8387.61645;400),(299245.06092;[0.9009];[-0.0491];8340.16297;1;0;[0.8975];[-0.0525];8387.61645;400),(315187.61516;[0.9009];[-0.0491];8340.16297;1;0;[0.8975];[-0.0525];8387.61645;400),(318928.76577;[0.9064];[-0.0436];7974.75213;1;0;[0.903];[-0.047];8014.11461;400),(321053.03168;[0.9822];[0.0322];7248.88395;1;1;[0.9776];[0.0276];7276.29614;400),(322936.51104;[0.953];[0.003];7765.72306;1;1;[0.9528];[0.0028];7798.92748;400),(323907.22871;[0.9412];[-0.0088];7887.01790;1;0;[0.9408];[-0.0092];7921.76387;400),(326242.75851;[0.9466];[-0.0034];7842.14479;1;0;[0.9469];[-0.0031];7876.09059;400),(327018.62144;[0.9509];[0.0009];7805.81594;1;0;[0.9497];[-0.0003];7839.52229;400),(327723.62375;[0.9491];[-0.0009];7822.80084;1;0;[0.9487];[-0.0013];7856.52733;400),(328449.43190;[0.949];[-0.001];7814.54788;1;0;[0.9488];[-0.0012];7848.25151;400),(329084.79333;[0.9467];[-0.0033];7811.14861;1;0;[0.947];[-0.003];7844.72233;400),(329840.85369;[0.9468];[-0.0032];7808.63002;1;0;[0.9472];[-0.0028];7842.29915;400),(330241.19306;[0.9468];[-0.0032];7808.63002;1;0;[0.9472];[-0.0028];7842.29915;400),(331167.44733;[0.9509];[0.0009];7805.81594;1;0;[0.9497];[-0.0003];7839.52229;400),(331697.50190;[0.9469];[-0.0031];7807.04709;1;0;[0.9472];[-0.0028];7840.70573;400),(332164.99949;[0.9469];[-0.0031];7807.04709;1;0;[0.9472];[-0.0028];7840.70573;400),(333107.09190;[0.9509];[0.0009];7805.81594;1;0;[0.9497];[-0.0003];7839.52229;400),(333753.12090;[0.9509];[0.0009];7805.81594;1;0;[0.9497];[-0.0003];7839.52229;400),(394396.27314;[0.9581];[0.0081];8314.04695;1;1;[0.9566];[0.0066];8359.50772;800),(418706.06780;[0.9581];[0.0081];8314.04695;1;1;[0.9566];[0.0066];8359.50772;800),(441845.98303;[0.9581];[0.0081];8314.04695;1;1;[0.9566];[0.0066];8359.50772;800),(463016.83068;[0.9581];[0.0081];8314.04695;1;1;[0.9566];[0.0066];8359.50772;800),(482159.87110;[0.9581];[0.0081];8314.04695;1;1;[0.9566];[0.0066];8359.50772;800),(500633.78882;[0.9581];[0.0081];8314.04695;1;1;[0.9566];[0.0066];8359.50772;800),(519932.08218;[0.9581];[0.0081];8314.04695;1;1;[0.9566];[0.0066];8359.50772;800),(538502.90918;[0.9581];[0.0081];8314.04695;1;1;[0.9566];[0.0066];8359.50772;800),(556754.86684;[0.9581];[0.0081];8314.04695;1;1;[0.9566];[0.0066];8359.50772;800),(574985.77714;[0.9581];[0.0081];8314.04695;1;1;[0.9566];[0.0066];8359.50772;800),(575341.39037;[0.9581];[0.0081];8314.04695;1;1;[0.9566];[0.0066];8359.50772;800),(575697.65639;[0.9581];[0.0081];8314.04695;1;1;[0.9566];[0.0066];8359.50772;800),(576136.00326;[0.9581];[0.0081];8314.04695;1;1;[0.9566];[0.0066];8359.50772;800),(576473.96970;[0.9581];[0.0081];8314.04695;1;1;[0.9566];[0.0066];8359.50772;800),(576821.84315;[0.9581];[0.0081];8314.04695;1;1;[0.9566];[0.0066];8359.50772;800),(577170.43424;[0.9581];[0.0081];8314.04695;1;1;[0.9566];[0.0066];8359.50772;800),(577548.75970;[0.9581];[0.0081];8314.04695;1;1;[0.9566];[0.0066];8359.50772;800),(577923.06995;[0.9581];[0.0081];8314.04695;1;1;[0.9566];[0.0066];8359.50772;800),(578267.26055;[0.9581];[0.0081];8314.04695;1;1;[0.9566];[0.0066];8359.50772;800),(578606.41813;[0.9581];[0.0081];8314.04695;1;1;[0.9566];[0.0066];8359.50772;800),(578953.20392;[0.9581];[0.0081];8314.04695;1;1;[0.9566];[0.0066];8359.50772;800),(579309.03840;[0.9581];[0.0081];8314.04695;1;1;[0.9566];[0.0066];8359.50772;800),(579657.96399;[0.9581];[0.0081];8314.04695;1;1;[0.9566];[0.0066];8359.50772;800),(580083.22692;[0.9581];[0.0081];8314.04695;1;1;[0.9566];[0.0066];8359.50772;800),(580498.84796;[0.9581];[0.0081];8314.04695;1;1;[0.9566];[0.0066];8359.50772;800),(580973.38581;[0.9581];[0.0081];8314.04695;1;1;[0.9566];[0.0066];8359.50772;800)]"
4,1,4604.087535965211,0.72372,1,1,[0.9719],[0.0219],604031.9681167603,"[(29740.33761;[0.5248];[-0.4252];6333.95814;1;0;[0.5193];[-0.4307];6291.85519;100),(39887.06183;[0.5248];[-0.4252];6333.95814;1;0;[0.5193];[-0.4307];6291.85519;100),(45200.84095;[0.525];[-0.425];6334.44910;1;0;[0.5191];[-0.4309];6292.45440;100),(49649.44625;[0.525];[-0.425];6334.44910;1;0;[0.5191];[-0.4309];6292.45440;100),(55005.42831;[0.525];[-0.425];6334.44910;1;0;[0.5191];[-0.4309];6292.45440;100),(60313.91168;[0.525];[-0.425];6334.44910;1;0;[0.5191];[-0.4309];6292.45440;100),(62138.85331;[0.7927];[-0.1573];5844.56246;1;0;[0.791];[-0.159];5826.13556;100),(64366.19902;[0.8915];[-0.0585];4535.85021;1;0;[0.8947];[-0.0553];4530.46481;100),(65722.49413;[0.9368];[-0.0132];4281.95063;1;0;[0.9376];[-0.0124];4278.47733;100),(66699.10884;[0.8737];[-0.0763];4134.23567;1;0;[0.8763];[-0.0737];4130.92427;100),(68832.63540;[0.7444];[-0.2056];3956.67021;1;0;[0.7442];[-0.2058];3953.65801;100),(69843.57834;[0.6852];[-0.2648];3877.69766;1;0;[0.6847];[-0.2653];3874.77081;100),(71657.19843;[0.6675];[-0.2825];3844.84964;1;0;[0.6669];[-0.2831];3842.09661;100),(73576.11084;[0.6657];[-0.2843];3839.01413;1;0;[0.6661];[-0.2839];3836.33067;100),(76022.62568;[0.6431];[-0.3069];3802.08097;1;0;[0.6407];[-0.3093];3799.55607;100),(77221.56429;[0.643];[-0.307];3799.51182;1;0;[0.6402];[-0.3098];3797.03620;100),(85988.92164;[0.7273];[-0.2227];6384.29728;1;0;[0.7273];[-0.2227];6357.21620;100),(92363.78908;[0.9695];[0.0195];4609.45483;1;1;[0.9719];[0.0219];4604.08754;100),(98375.26178;[0.8413];[-0.1087];5403.57617;1;0;[0.8413];[-0.1087];5390.13439;100),(106101.22728;[0.8347];[-0.1153];5230.18906;1;0;[0.835];[-0.115];5217.77906;100),(111322.81208;[0.8243];[-0.1257];5005.30432;1;0;[0.8235];[-0.1265];4994.11879;100),(113962.79812;[0.8945];[-0.0555];4508.68888;1;0;[0.8977];[-0.0523];4503.56238;100),(116903.30243;[0.9564];[0.0064];4360.33146;1;1;[0.9576];[0.0076];4356.62869;100),(117891.85238;[0.9108];[-0.0392];4438.69214;1;0;[0.9127];[-0.0373];4434.10362;100),(119834.45334;[0.9587];[0.0087];4400.52568;1;1;[0.9603];[0.0103];4396.59440;100),(121241.69469;[0.915];[-0.035];4418.76725;1;0;[0.9159];[-0.0341];4414.30819;100),(122814.56065;[0.9198];[-0.0302];4410.99761;1;0;[0.9201];[-0.0299];4406.65655;100),(125037.10556;[0.9241];[-0.0259];4405.46366;1;0;[0.9255];[-0.0245];4401.19528;100),(127766.38913;[0.9585];[0.0085];4402.93683;1;1;[0.9586];[0.0086];4399.01758;100),(129450.17099;[0.9213];[-0.0287];4404.22471;1;0;[0.9235];[-0.0265];4399.95414;100),(130748.58069;[0.9213];[-0.0287];4404.22471;1;0;[0.9235];[-0.0265];4399.95414;100),(133244.75622;[0.9345];[-0.0155];4402.06792;1;0;[0.9352];[-0.0148];4397.92245;100),(135770.92433;[0.9585];[0.0085];4402.93683;1;1;[0.9586];[0.0086];4399.01758;100),(137147.55297;[0.9345];[-0.0155];4402.06792;1;0;[0.9352];[-0.0148];4397.92245;100),(143127.35748;[0.7273];[-0.2227];6384.29728;1;0;[0.7273];[-0.2227];6357.21620;100),(149218.35065;[0.8481];[-0.1019];5366.76802;1;0;[0.847];[-0.103];5353.83382;100),(156663.88226;[0.8678];[-0.0822];4559.07192;1;0;[0.8695];[-0.0805];4553.14902;100),(164577.80170;[0.9259];[-0.0241];4432.79557;1;0;[0.9274];[-0.0226];4428.38145;100),(172076.17807;[0.9214];[-0.0286];4374.75746;1;0;[0.923];[-0.027];4370.58701;100),(173167.85431;[0.9405];[-0.0095];4310.76018;1;0;[0.9408];[-0.0092];4307.19266;100),(175369.19546;[0.9461];[-0.0039];4265.45856;1;0;[0.9465];[-0.0035];4262.13365;100),(177552.80137;[0.9089];[-0.0411];4221.29165;1;0;[0.9107];[-0.0393];4217.86227;100),(178284.38449;[0.9191];[-0.0309];4197.43983;1;0;[0.9209];[-0.0291];4194.25940;100),(180275.82574;[0.873];[-0.077];4148.49208;1;0;[0.8782];[-0.0718];4145.23867;100),(187989.31575;[0.8719];[-0.0781];4147.48822;1;0;[0.877];[-0.073];4144.28705;100),(188356.17924;[0.8719];[-0.0781];4147.48822;1;0;[0.877];[-0.073];4144.28705;100),(204325.01626;[0.7487];[-0.2013];6385.89913;1;0;[0.7469];[-0.2031];6360.21472;200),(213325.80709;[0.7487];[-0.2013];6385.89913;1;0;[0.7469];[-0.2031];6360.21472;200),(222209.11860;[0.7487];[-0.2013];6385.89913;1;0;[0.7469];[-0.2031];6360.21472;200),(230727.87285;[0.7487];[-0.2013];6385.89913;1;0;[0.7469];[-0.2031];6360.21472;200),(238968.02807;[0.7487];[-0.2013];6385.89913;1;0;[0.7469];[-0.2031];6360.21472;200),(247726.87411;[0.7487];[-0.2013];6385.89913;1;0;[0.7469];[-0.2031];6360.21472;200),(248710.02865;[0.7955];[-0.1545];5914.77555;1;0;[0.7949];[-0.1551];5895.58372;200),(250162.48488;[0.8866];[-0.0634];4548.71105;1;0;[0.8906];[-0.0594];4543.13174;200),(250934.47351;[0.9495];[-0.0005];4303.63582;1;0;[0.9492];[-0.0008];4300.17473;200),(252004.08769;[0.9113];[-0.0387];4173.24161;1;0;[0.9117];[-0.0383];4170.20459;200),(253410.71010;[0.8277];[-0.1223];4050.81723;1;0;[0.8288];[-0.1212];4047.83435;200),(253917.63258;[0.6852];[-0.2648];3877.69766;1;0;[0.6847];[-0.2653];3874.77081;200),(255252.45523;[0.6675];[-0.2825];3844.84964;1;0;[0.6669];[-0.2831];3842.09661;200),(256103.77336;[0.6644];[-0.2856];3840.42433;1;0;[0.6648];[-0.2852];3837.69829;200),(256700.99807;[0.6657];[-0.2843];3839.01413;1;0;[0.6661];[-0.2839];3836.33067;200),(257523.90122;[0.6609];[-0.2891];3834.11473;1;0;[0.6616];[-0.2884];3831.42446;200),(267073.24958;[0.7487];[-0.2013];6385.89913;1;0;[0.7469];[-0.2031];6360.21472;200),(276944.30232;[0.8294];[-0.1206];5267.45948;1;0;[0.8285];[-0.1215];5254.69914;200),(289210.33931;[0.8977];[-0.0523];4500.73957;1;0;[0.9001];[-0.0499];4495.65770;200),(298742.26260;[0.9231];[-0.0269];4310.63002;1;0;[0.9243];[-0.0257];4306.80403;200),(307305.05490;[0.8702];[-0.0798];4103.68374;1;0;[0.8737];[-0.0763];4100.63130;200),(334105.33524;[0.7487];[-0.2013];6385.89913;1;0;[0.7469];[-0.2031];6360.21472;200),(346640.54775;[0.8196];[-0.1304];5298.85165;1;0;[0.8191];[-0.1309];5285.41996;200),(359464.91957;[0.8749];[-0.0751];4520.39180;1;0;[0.8796];[-0.0704];4514.85492;200),(370537.38523;[0.9134];[-0.0366];4349.70276;1;0;[0.9166];[-0.0334];4345.58520;200),(379082.66163;[0.9131];[-0.0369];4203.08055;1;0;[0.9156];[-0.0344];4199.79892;200),(388789.55030;[0.7949];[-0.1551];4006.60866;1;0;[0.7938];[-0.1562];4003.68161;200),(389524.01924;[0.6833];[-0.2667];3875.81963;1;0;[0.6822];[-0.2678];3872.87601;200),(391519.84501;[0.6658];[-0.2842];3840.42536;1;0;[0.6663];[-0.2837];3837.72877;200),(392493.13951;[0.6657];[-0.2843];3839.01413;1;0;[0.6661];[-0.2839];3836.33067;200),(392912.81271;[0.6657];[-0.2843];3839.01413;1;0;[0.6661];[-0.2839];3836.33067;200),(401900.62761;[0.7487];[-0.2013];6385.89913;1;0;[0.7469];[-0.2031];6360.21472;200),(412670.51744;[0.8296];[-0.1204];5269.42504;1;0;[0.8289];[-0.1211];5256.69760;200),(424254.08363;[0.891];[-0.059];4511.30331;1;0;[0.8953];[-0.0547];4506.13033;200),(434039.09731;[0.9207];[-0.0293];4330.51276;1;0;[0.9223];[-0.0277];4326.61504;200),(445863.44504;[0.8726];[-0.0774];4164.45209;1;0;[0.8763];[-0.0737];4161.02121;200),(465160.27308;[0.7808];[-0.1692];4027.11749;1;0;[0.7806];[-0.1694];4023.83137;200),(466800.10986;[0.6858];[-0.2642];3880.71515;1;0;[0.6864];[-0.2636];3877.75027;200),(467521.89207;[0.6657];[-0.2843];3839.01413;1;0;[0.6661];[-0.2839];3836.33067;200),(478055.54843;[0.7487];[-0.2013];6385.89913;1;0;[0.7469];[-0.2031];6360.21472;200),(491153.36180;[0.8256];[-0.1244];5272.15217;1;0;[0.8237];[-0.1263];5259.23447;200),(503694.81301;[0.891];[-0.059];4511.30331;1;0;[0.8953];[-0.0547];4506.13033;200),(514073.57526;[0.9361];[-0.0139];4331.39848;1;0;[0.9359];[-0.0141];4327.61534;200),(525453.15313;[0.8787];[-0.0713];4171.13929;1;0;[0.8835];[-0.0665];4167.73864;200),(545446.17701;[0.8286];[-0.1214];4043.85557;1;0;[0.8304];[-0.1196];4040.94938;200),(546316.11538;[0.7007];[-0.2493];3916.95141;1;0;[0.7012];[-0.2488];3913.72789;200),(548290.11512;[0.6657];[-0.2843];3839.01413;1;0;[0.6661];[-0.2839];3836.33067;200),(550444.02957;[0.6657];[-0.2843];3839.01413;1;0;[0.6661];[-0.2839];3836.33067;200),(559737.71906;[0.7487];[-0.2013];6385.89913;1;0;[0.7469];[-0.2031];6360.21472;200),(570466.26687;[0.824];[-0.126];5257.82062;1;0;[0.822];[-0.128];5244.94756;200),(583719.66267;[0.8977];[-0.0523];4500.73957;1;0;[0.9001];[-0.0499];4495.65770;200),(594537.32157;[0.9361];[-0.0139];4331.39848;1;0;[0.9359];[-0.0141];4327.61534;200)]"
3,9,8381.918063390058,0.97954,1,0,[0.8981],[-0.0519],716121.0851669312,"[(31687.40439;[0.5961];[-0.3539];8344.46880;1;0;[0.592];[-0.358];8405.50968;100),(42387.19249;[0.596];[-0.354];8344.60000;1;0;[0.592];[-0.358];8405.64057;100),(48985.19731;[0.596];[-0.354];8344.60000;1;0;[0.592];[-0.358];8405.64057;100),(54912.75525;[0.596];[-0.354];8344.60000;1;0;[0.592];[-0.358];8405.64057;100),(60079.48065;[0.596];[-0.354];8344.60000;1;0;[0.592];[-0.358];8405.64057;100),(68096.95983;[0.596];[-0.354];8344.60000;1;0;[0.592];[-0.358];8405.64057;100),(71063.05242;[0.7885];[-0.1615];8201.75800;1;0;[0.7855];[-0.1645];8226.74997;100),(91345.73603;[0.5047];[-0.4453];8205.48798;1;0;[0.4941];[-0.4559];8302.23251;200),(101003.70789;[0.5047];[-0.4453];8205.48798;1;0;[0.4941];[-0.4559];8302.23251;200),(109823.84157;[0.6041];[-0.3459];8356.10434;1;0;[0.6007];[-0.3493];8416.43481;200),(119282.07088;[0.6041];[-0.3459];8356.10434;1;0;[0.6007];[-0.3493];8416.43481;200),(129525.87914;[0.6041];[-0.3459];8356.10434;1;0;[0.6007];[-0.3493];8416.43481;200),(138572.56508;[0.6041];[-0.3459];8356.10434;1;0;[0.6007];[-0.3493];8416.43481;200),(141002.70462;[0.8993];[-0.0507];8388.74415;1;0;[0.8981];[-0.0519];8381.91806;200),(176222.68486;[0.7749];[-0.1751];8530.52628;1;0;[0.7691];[-0.1809];8555.52542;400),(253174.01004;[0.7714];[-0.1786];8530.87208;1;0;[0.7658];[-0.1842];8555.67845;800),(395942.72685;[0.7705];[-0.1795];8530.27205;1;0;[0.7651];[-0.1849];8554.90921;1600)]"
3,7,7829.3085340057905,0.91496,1,1,[0.9507],[0.0007],750262.6514434814,"[(29595.22462;[0.7536];[-0.1964];8507.27107;1;0;[0.7536];[-0.1964];8507.27107;100),(40864.93158;[0.7541];[-0.1959];8510.52392;1;0;[0.7541];[-0.1959];8510.52392;100),(60600.54541;[0.7645];[-0.1855];8529.33462;1;0;[0.7645];[-0.1855];8529.33462;200),(92971.01855;[0.7668];[-0.1832];8542.44389;1;0;[0.7668];[-0.1832];8542.44389;400),(165333.45079;[0.8961];[-0.0539];8387.39136;1;0;[0.8961];[-0.0539];8387.39136;800),(205032.03034;[0.8961];[-0.0539];8387.39136;1;0;[0.8961];[-0.0539];8387.39136;800),(245849.09439;[0.8961];[-0.0539];8387.39136;1;0;[0.8961];[-0.0539];8387.39136;800),(283114.95018;[0.8961];[-0.0539];8387.39136;1;0;[0.8961];[-0.0539];8387.39136;800),(317889.40835;[0.8961];[-0.0539];8387.39136;1;0;[0.8961];[-0.0539];8387.39136;800),(353651.10254;[0.8961];[-0.0539];8387.39136;1;0;[0.8961];[-0.0539];8387.39136;800),(389327.49534;[0.8961];[-0.0539];8387.39136;1;0;[0.8961];[-0.0539];8387.39136;800),(424482.38873;[0.8961];[-0.0539];8387.39136;1;0;[0.8961];[-0.0539];8387.39136;800),(425321.17844;[0.9174];[-0.0326];8201.43331;1;0;[0.9174];[-0.0326];8201.43331;800),(426111.79304;[0.9731];[0.0231];7292.02636;1;1;[0.9731];[0.0231];7292.02636;800),(426970.93177;[0.9493];[-0.0007];7843.12638;1;0;[0.9493];[-0.0007];7843.12638;800),(427661.58342;[0.955];[0.005];7631.16286;1;1;[0.955];[0.005];7631.16286;800),(429660.42733;[0.9534];[0.0034];7753.67273;1;1;[0.9534];[0.0034];7753.67273;800),(431017.90047;[0.9504];[0.0004];7804.84219;1;1;[0.9504];[0.0004];7804.84219;800),(431435.70590;[0.9501];[0.0001];7825.84624;1;1;[0.9501];[0.0001];7825.84624;800),(432079.12254;[0.9478];[-0.0022];7834.19907;1;0;[0.9478];[-0.0022];7834.19907;800),(432825.21820;[0.9502];[0.0002];7828.79237;1;1;[0.9502];[0.0002];7828.79237;800),(433707.00097;[0.9497];[-0.0003];7830.05491;1;0;[0.9497];[-0.0003];7830.05491;800),(434742.39874;[0.9485];[-0.0015];7828.68580;1;0;[0.9485];[-0.0015];7828.68580;800),(435704.97608;[0.9502];[0.0002];7828.79237;1;1;[0.9502];[0.0002];7828.79237;800),(436492.38133;[0.9507];[0.0007];7829.30853;1;1;[0.9507];[0.0007];7829.30853;800),(437479.29311;[0.9507];[0.0007];7829.30853;1;1;[0.9507];[0.0007];7829.30853;800),(438637.10165;[0.9507];[0.0007];7829.30853;1;1;[0.9507];[0.0007];7829.30853;800),(439698.68660;[0.9507];[0.0007];7829.30853;1;1;[0.9507];[0.0007];7829.30853;800),(583091.98570;[0.7694];[-0.1806];8555.32052;1;0;[0.7694];[-0.1806];8555.32052;1600)]"
4,2,4300.0476252230765,0.67593,1,0,[0.8742],[-0.0758],616696.4702606201,"[(29542.47522;[0.4112];[-0.5388];6245.62600;1;0;[0.4083];[-0.5417];6218.65967;100),(30185.01234;[0.5003];[-0.4497];6329.43319;1;0;[0.4954];[-0.4546];6250.65171;200),(46381.47187;[0.5003];[-0.4497];6329.43319;1;0;[0.4954];[-0.4546];6250.65171;200),(54037.53185;[0.5003];[-0.4497];6329.43319;1;0;[0.4954];[-0.4546];6250.65171;200),(63142.94529;[0.5003];[-0.4497];6329.43319;1;0;[0.4954];[-0.4546];6250.65171;200),(71982.25284;[0.5003];[-0.4497];6329.43319;1;0;[0.4954];[-0.4546];6250.65171;200),(79695.14322;[0.5003];[-0.4497];6329.43319;1;0;[0.4954];[-0.4546];6250.65171;200),(88473.40870;[0.5003];[-0.4497];6329.43319;1;0;[0.4954];[-0.4546];6250.65171;200),(91906.84104;[0.7764];[-0.1736];6068.08059;1;0;[0.7688];[-0.1812];5994.07782;200),(92858.30092;[0.8271];[-0.1229];4577.18838;1;0;[0.8244];[-0.1256];4554.76605;200),(94733.91533;[0.871];[-0.079];4347.61568;1;0;[0.8699];[-0.0801];4333.23936;200),(95896.88063;[0.7314];[-0.2186];3989.13270;1;0;[0.7209];[-0.2291];3977.09742;200),(96986.35197;[0.6962];[-0.2538];3895.96052;1;0;[0.6884];[-0.2616];3884.94962;200),(100801.29480;[0.6774];[-0.2726];3857.23677;1;0;[0.6687];[-0.2813];3846.68589;200),(102277.94600;[0.6774];[-0.2726];3857.23677;1;0;[0.6687];[-0.2813];3846.68589;200),(112020.64610;[0.7161];[-0.2339];6430.99519;1;0;[0.7046];[-0.2454];6329.97813;200),(145568.49098;[0.4134];[-0.5366];6255.34330;1;0;[0.4106];[-0.5394];6229.81146;400),(163388.13734;[0.418];[-0.532];6281.19481;1;0;[0.4145];[-0.5355];6262.29051;400),(183882.31373;[0.4964];[-0.4536];6317.27067;1;0;[0.4925];[-0.4575];6236.67355;400),(201391.65449;[0.4964];[-0.4536];6317.27067;1;0;[0.4925];[-0.4575];6236.67355;400),(217312.31666;[0.4964];[-0.4536];6317.27067;1;0;[0.4925];[-0.4575];6236.67355;400),(234523.23318;[0.4964];[-0.4536];6317.27067;1;0;[0.4925];[-0.4575];6236.67355;400),(255136.23977;[0.4979];[-0.4521];6318.01286;1;0;[0.4942];[-0.4558];6237.32509;400),(259309.95893;[0.7739];[-0.1761];6032.29651;1;0;[0.767];[-0.183];5958.54965;400),(260193.72582;[0.8353];[-0.1147];4556.81801;1;0;[0.8316];[-0.1184];4535.21495;400),(260957.02004;[0.8752];[-0.0748];4313.40707;1;0;[0.8742];[-0.0758];4300.04763;400),(263022.73750;[0.8221];[-0.1279];4186.92661;1;0;[0.8196];[-0.1304];4174.50182;400),(264957.04603;[0.7584];[-0.1916];4075.35706;1;0;[0.7461];[-0.2039];4062.01593;400),(266215.44886;[0.7345];[-0.2155];4008.66219;1;0;[0.7248];[-0.2252];3996.24222;400),(267624.56059;[0.7221];[-0.2279];3958.08740;1;0;[0.7109];[-0.2391];3946.46960;400),(268737.15472;[0.7061];[-0.2439];3924.87412;1;0;[0.6989];[-0.2511];3913.44533;400),(269390.03038;[0.6962];[-0.2538];3895.96052;1;0;[0.6884];[-0.2616];3884.94962;400),(271664.13951;[0.6738];[-0.2762];3851.47290;1;0;[0.6637];[-0.2863];3840.90590;400),(274545.21656;[0.6349];[-0.3151];3792.82225;1;0;[0.627];[-0.323];3783.01674;400),(276055.59134;[0.6349];[-0.3151];3792.10482;1;0;[0.6266];[-0.3234];3782.32414;400),(294458.44007;[0.7085];[-0.2415];6421.30859;1;0;[0.6999];[-0.2501];6317.88167;400),(313250.82684;[0.8093];[-0.1407];5376.11403;1;0;[0.8038];[-0.1462];5329.22854;400),(334607.12934;[0.8571];[-0.0929];4528.66144;1;0;[0.857];[-0.093];4510.33147;400),(357201.12300;[0.8701];[-0.0799];4354.19952;1;0;[0.8685];[-0.0815];4339.65453;400),(374042.72771;[0.8556];[-0.0944];4209.34951;1;0;[0.8556];[-0.0944];4197.49547;400),(392644.31596;[0.7425];[-0.2075];4041.98826;1;0;[0.7332];[-0.2168];4028.96829;400),(429689.51035;[0.7226];[-0.2274];3957.85875;1;0;[0.7111];[-0.2389];3946.26508;400),(430710.18219;[0.7041];[-0.2459];3921.55184;1;0;[0.6969];[-0.2531];3910.14926;400),(434128.67165;[0.6774];[-0.2726];3857.95420;1;0;[0.669];[-0.281];3847.37848;400),(436818.87698;[0.6738];[-0.2762];3851.47290;1;0;[0.6637];[-0.2863];3840.90590;400),(439952.24476;[0.6349];[-0.3151];3792.10482;1;0;[0.6266];[-0.3234];3782.32414;400),(456337.48102;[0.7081];[-0.2419];6419.27377;1;0;[0.6992];[-0.2508];6315.29767;400),(475775.25711;[0.8003];[-0.1497];5358.63650;1;0;[0.7931];[-0.1569];5310.31655;400),(496949.30768;[0.8468];[-0.1032];4526.05004;1;0;[0.8459];[-0.1041];4507.24196;400),(516431.45466;[0.8701];[-0.0799];4354.19952;1;0;[0.8685];[-0.0815];4339.65453;400),(535500.91958;[0.8549];[-0.0951];4209.25130;1;0;[0.8546];[-0.0954];4197.36839;400),(554231.70018;[0.7469];[-0.2031];4046.60567;1;0;[0.7369];[-0.2131];4033.70629;400),(573012.14886;[0.6349];[-0.3151];3792.10482;1;0;[0.6266];[-0.3234];3782.32414;400),(595073.39597;[0.7085];[-0.2415];6421.30859;1;0;[0.6999];[-0.2501];6317.88167;400)]"
4,4,4335.767755770023,0.68154,1,0,[0.9344],[-0.0156],606589.6389484406,"[(31477.85783;[0.7588];[-0.1912];6442.94833;1;0;[0.7498];[-0.2002];6352.31409;100),(40926.98503;[0.7588];[-0.1912];6442.94833;1;0;[0.7498];[-0.2002];6352.31409;100),(60629.48418;[0.7607];[-0.1893];6445.42871;1;0;[0.7517];[-0.1983];6356.31373;200),(71121.60850;[0.7607];[-0.1893];6445.42871;1;0;[0.7517];[-0.1983];6356.31373;200),(80227.32759;[0.7607];[-0.1893];6445.42871;1;0;[0.7517];[-0.1983];6356.31373;200),(89487.80084;[0.7607];[-0.1893];6445.42871;1;0;[0.7517];[-0.1983];6356.31373;200),(98493.72816;[0.7607];[-0.1893];6445.42871;1;0;[0.7517];[-0.1983];6356.31373;200),(106836.50851;[0.7607];[-0.1893];6445.42871;1;0;[0.7517];[-0.1983];6356.31373;200),(109464.55956;[0.8385];[-0.1115];5197.29213;1;0;[0.8323];[-0.1177];5154.61767;200),(112144.90271;[0.8348];[-0.1152];4087.48557;1;0;[0.8288];[-0.1212];4076.27539;200),(114154.33526;[0.7555];[-0.1945];3967.24443;1;0;[0.7434];[-0.2066];3955.92666;200),(115965.47723;[0.7119];[-0.2381];3926.28739;1;0;[0.701];[-0.249];3914.16919;200),(117021.63625;[0.697];[-0.253];3889.21030;1;0;[0.6864];[-0.2636];3877.75027;200),(119322.04795;[0.675];[-0.275];3848.92292;1;0;[0.6645];[-0.2855];3838.06412;200),(121729.41542;[0.673];[-0.277];3842.75441;1;0;[0.6617];[-0.2883];3831.99478;200),(122872.74718;[0.6638];[-0.2862];3832.87503;1;0;[0.6547];[-0.2953];3822.11340;200),(124304.73852;[0.6532];[-0.2968];3815.29884;1;0;[0.6418];[-0.3082];3804.75909;200),(124827.20041;[0.6532];[-0.2968];3815.29884;1;0;[0.6418];[-0.3082];3804.75909;200),(133765.37323;[0.7607];[-0.1893];6445.42871;1;0;[0.7517];[-0.1983];6356.31373;200),(145248.86513;[0.8313];[-0.1187];5307.91725;1;0;[0.8233];[-0.1267];5261.91118;200),(157500.04673;[0.8959];[-0.0541];4524.01293;1;0;[0.8953];[-0.0547];4506.13033;200),(167385.45370;[0.9062];[-0.0438];4332.01433;1;0;[0.9067];[-0.0433];4318.26565;200),(177942.60931;[0.8381];[-0.1119];4099.25393;1;0;[0.8323];[-0.1177];4087.94065;200),(194969.83051;[0.6532];[-0.2968];3815.29884;1;0;[0.6418];[-0.3082];3804.75909;200),(208710.19673;[0.7607];[-0.1893];6445.42871;1;0;[0.7517];[-0.1983];6356.31373;200),(223115.33546;[0.8312];[-0.1188];5326.80017;1;0;[0.8245];[-0.1255];5280.44025;200),(235034.49774;[0.8803];[-0.0697];4533.65374;1;0;[0.8796];[-0.0704];4514.85492;200),(246642.57145;[0.9318];[-0.0182];4351.90194;1;0;[0.9317];[-0.0183];4338.68356;200),(256336.46607;[0.8743];[-0.0757];4167.58078;1;0;[0.871];[-0.079];4156.13305;200),(275137.26091;[0.7678];[-0.1822];4007.39244;1;0;[0.757];[-0.193];3995.48414;200),(275923.41757;[0.7119];[-0.2381];3926.28739;1;0;[0.701];[-0.249];3914.16919;200),(276610.54277;[0.6959];[-0.2541];3886.06812;1;0;[0.6847];[-0.2653];3874.77081;200),(278106.35233;[0.6728];[-0.2772];3842.15529;1;0;[0.6616];[-0.2884];3831.42446;200),(281725.58904;[0.6728];[-0.2772];3842.15529;1;0;[0.6616];[-0.2884];3831.42446;200),(290729.46429;[0.7607];[-0.1893];6445.42871;1;0;[0.7517];[-0.1983];6356.31373;200),(302091.88557;[0.8337];[-0.1163];5306.95205;1;0;[0.8275];[-0.1225];5261.36783;200),(314911.89861;[0.8863];[-0.0637];4528.64161;1;0;[0.8873];[-0.0627];4510.35226;200),(325552.75822;[0.9342];[-0.0158];4348.92049;1;0;[0.9346];[-0.0154];4335.89960;200),(335603.43075;[0.8785];[-0.0715];4172.43195;1;0;[0.8763];[-0.0737];4161.02121;200),(344536.90839;[0.6728];[-0.2772];3842.15529;1;0;[0.6616];[-0.2884];3831.42446;200),(356982.69486;[0.7607];[-0.1893];6445.42871;1;0;[0.7517];[-0.1983];6356.31373;200),(368199.66459;[0.8337];[-0.1163];5306.95205;1;0;[0.8275];[-0.1225];5261.36783;200),(382176.82886;[0.8863];[-0.0637];4528.64161;1;0;[0.8873];[-0.0627];4510.35226;200),(390787.94646;[0.9342];[-0.0158];4348.92049;1;0;[0.9346];[-0.0154];4335.89960;200),(400394.36507;[0.8785];[-0.0715];4172.43195;1;0;[0.8763];[-0.0737];4161.02121;200),(420705.53970;[0.7697];[-0.1803];4014.32032;1;0;[0.7585];[-0.1915];4002.33686;200),(421652.81796;[0.7119];[-0.2381];3926.28739;1;0;[0.701];[-0.249];3914.16919;200),(422468.59956;[0.6943];[-0.2557];3884.22340;1;0;[0.6822];[-0.2678];3872.87601;200),(425484.24149;[0.6728];[-0.2772];3842.15529;1;0;[0.6616];[-0.2884];3831.42446;200),(425955.52063;[0.6728];[-0.2772];3842.15529;1;0;[0.6616];[-0.2884];3831.42446;200),(435441.58792;[0.7607];[-0.1893];6445.42871;1;0;[0.7517];[-0.1983];6356.31373;200),(447068.45284;[0.8337];[-0.1163];5306.95205;1;0;[0.8275];[-0.1225];5261.36783;200),(460564.86177;[0.8935];[-0.0565];4528.12911;1;0;[0.8938];[-0.0562];4510.10869;200),(470737.21290;[0.9354];[-0.0146];4348.80774;1;0;[0.9344];[-0.0156];4335.76776;200),(480640.18178;[0.876];[-0.074];4177.12262;1;0;[0.8732];[-0.0768];4165.54446;200),(501630.19705;[0.7868];[-0.1632];4022.06401;1;0;[0.7775];[-0.1725];4010.58821;200),(502591.46047;[0.7238];[-0.2262];3929.56199;1;0;[0.7127];[-0.2373];3918.09060;200),(503325.52648;[0.6943];[-0.2557];3884.22340;1;0;[0.6822];[-0.2678];3872.87601;200),(504618.64877;[0.6638];[-0.2862];3832.87503;1;0;[0.6547];[-0.2953];3822.11340;200),(514798.93374;[0.7607];[-0.1893];6445.42871;1;0;[0.7517];[-0.1983];6356.31373;200),(526726.21131;[0.8288];[-0.1212];5290.76067;1;0;[0.822];[-0.128];5244.94756;200),(540129.25839;[0.8993];[-0.0507];4517.13978;1;0;[0.8976];[-0.0524];4499.50417;200),(550795.71247;[0.9223];[-0.0277];4346.88171;1;0;[0.9218];[-0.0282];4333.49575;200),(560751.94955;[0.8759];[-0.0741];4178.24014;1;0;[0.8722];[-0.0778];4166.62146;200),(581998.58022;[0.7729];[-0.1771];4030.29959;1;0;[0.7626];[-0.1874];4017.94999;200),(583302.50287;[0.7309];[-0.2191];3941.98229;1;0;[0.7182];[-0.2318];3930.33096;200),(585438.69281;[0.7119];[-0.2381];3926.28739;1;0;[0.701];[-0.249];3914.16919;200),(586047.58167;[0.6991];[-0.2509];3896.59192;1;0;[0.6884];[-0.2616];3884.94962;200),(586873.43121;[0.697];[-0.253];3889.21030;1;0;[0.6864];[-0.2636];3877.75027;200),(597219.95831;[0.7607];[-0.1893];6445.42871;1;0;[0.7517];[-0.1983];6356.31373;200)]"
4,3,4396.594396931056,0.6911,1,1,[0.9603],[0.0103],601823.570728302,"[(30561.08832;[0.7573];[-0.1927];6366.71042;1;0;[0.7517];[-0.1983];6356.31373;100),(41083.05740;[0.7573];[-0.1927];6366.71042;1;0;[0.7517];[-0.1983];6356.31373;100),(45808.64930;[0.7573];[-0.1927];6366.71042;1;0;[0.7517];[-0.1983];6356.31373;100),(51092.94701;[0.7573];[-0.1927];6366.71042;1;0;[0.7517];[-0.1983];6356.31373;100),(56756.23751;[0.7573];[-0.1927];6366.71042;1;0;[0.7517];[-0.1983];6356.31373;100),(61253.66402;[0.7573];[-0.1927];6366.71042;1;0;[0.7517];[-0.1983];6356.31373;100),(64052.52314;[0.8363];[-0.1137];5181.04108;1;0;[0.8344];[-0.1156];5175.44891;100),(65045.75205;[0.9157];[-0.0343];4147.17235;1;0;[0.9162];[-0.0338];4146.29956;100),(66536.09252;[0.8519];[-0.0981];4030.50404;1;0;[0.848];[-0.102];4029.56099;100),(67696.35081;[0.7447];[-0.2053];3908.51473;1;0;[0.7393];[-0.2107];3907.17709;100),(69106.83417;[0.7246];[-0.2254];3893.68069;1;0;[0.7197];[-0.2303];3892.20474;100),(69769.56487;[0.6962];[-0.2538];3868.75357;1;0;[0.6939];[-0.2561];3867.15489;100),(70779.61159;[0.6964];[-0.2536];3868.17616;1;0;[0.6938];[-0.2562];3866.58457;100),(77396.34347;[0.7573];[-0.1927];6366.71042;1;0;[0.7517];[-0.1983];6356.31373;100),(83889.46104;[0.8207];[-0.1293];5312.49247;1;0;[0.8182];[-0.1318];5306.32083;100),(92249.55773;[0.9237];[-0.0263];4475.99020;1;0;[0.9255];[-0.0245];4474.41045;100),(97690.87029;[0.9447];[-0.0053];4269.00092;1;0;[0.945];[-0.005];4267.89983;100),(109903.78046;[0.8962];[-0.0538];4094.31544;1;0;[0.8963];[-0.0537];4093.44745;100),(111932.67775;[0.8409];[-0.1091];4014.33411;1;0;[0.8371];[-0.1129];4013.38751;100),(112441.49017;[0.7627];[-0.1873];3946.16409;1;0;[0.7552];[-0.1948];3944.75864;100),(113301.82409;[0.7242];[-0.2258];3894.85358;1;0;[0.7193];[-0.2307];3893.36414;100),(114286.58247;[0.6962];[-0.2538];3868.75357;1;0;[0.6939];[-0.2561];3867.15489;100),(114815.65833;[0.6964];[-0.2536];3868.17616;1;0;[0.6938];[-0.2562];3866.58457;100),(116167.22727;[0.6964];[-0.2536];3868.17616;1;0;[0.6938];[-0.2562];3866.58457;100),(120794.00134;[0.7573];[-0.1927];6366.71042;1;0;[0.7517];[-0.1983];6356.31373;100),(127375.48828;[0.8143];[-0.1357];5320.71100;1;0;[0.8102];[-0.1398];5314.34622;100),(136216.66145;[0.9124];[-0.0376];4481.16561;1;0;[0.9118];[-0.0382];4479.30170;100),(141443.22634;[0.9413];[-0.0087];4278.59514;1;0;[0.9407];[-0.0093];4277.43667;100),(147046.87715;[0.6964];[-0.2536];3868.17616;1;0;[0.6938];[-0.2562];3866.58457;100),(148716.85624;[0.6964];[-0.2536];3868.17616;1;0;[0.6938];[-0.2562];3866.58457;100),(153797.28913;[0.7573];[-0.1927];6366.71042;1;0;[0.7517];[-0.1983];6356.31373;100),(159901.88503;[0.8143];[-0.1357];5320.71100;1;0;[0.8102];[-0.1398];5314.34622;100),(167839.46991;[0.9124];[-0.0376];4481.16561;1;0;[0.9118];[-0.0382];4479.30170;100),(174247.49565;[0.9413];[-0.0087];4278.59514;1;0;[0.9407];[-0.0093];4277.43667;100),(180115.27061;[0.6964];[-0.2536];3868.17616;1;0;[0.6938];[-0.2562];3866.58457;100),(186415.55333;[0.7573];[-0.1927];6366.71042;1;0;[0.7517];[-0.1983];6356.31373;100),(195644.85908;[0.8218];[-0.1282];5295.91208;1;0;[0.8183];[-0.1317];5289.76357;100),(204038.58399;[0.9124];[-0.0376];4481.16561;1;0;[0.9118];[-0.0382];4479.30170;100),(210167.77706;[0.9413];[-0.0087];4278.59514;1;0;[0.9407];[-0.0093];4277.43667;100),(220120.09454;[0.8958];[-0.0542];4112.19111;1;0;[0.8957];[-0.0543];4111.25695;100),(221854.73418;[0.8999];[-0.0501];4036.13392;1;0;[0.9008];[-0.0492];4035.50749;100),(222995.78118;[0.8114];[-0.1386];3957.46550;1;0;[0.8049];[-0.1451];3956.51664;100),(224553.63035;[0.7242];[-0.2258];3894.85358;1;0;[0.7193];[-0.2307];3893.36414;100),(225226.74561;[0.7246];[-0.2254];3893.68069;1;0;[0.7197];[-0.2303];3892.20474;100),(231313.26509;[0.7573];[-0.1927];6366.71042;1;0;[0.7517];[-0.1983];6356.31373;100),(236466.57681;[0.8278];[-0.1222];5310.56192;1;0;[0.8247];[-0.1253];5304.58191;100),(245104.63405;[0.8962];[-0.0538];4489.03480;1;0;[0.8963];[-0.0537];4487.11202;100),(250924.72816;[0.9757];[0.0257];4289.56964;1;1;[0.9741];[0.0241];4288.72403;100),(256012.32433;[0.9263];[-0.0237];4362.39014;1;0;[0.9278];[-0.0222];4360.93734;100),(256624.20535;[0.9208];[-0.0292];4167.76201;1;0;[0.9217];[-0.0283];4166.88618;100),(257720.44539;[0.8542];[-0.0958];4062.45194;1;0;[0.8504];[-0.0996];4061.38463;100),(258623.63267;[0.8409];[-0.1091];4014.33411;1;0;[0.8371];[-0.1129];4013.38751;100),(259524.59955;[0.842];[-0.108];4014.01802;1;0;[0.8379];[-0.1121];4013.07947;100),(260263.22627;[0.842];[-0.108];4014.01802;1;0;[0.8379];[-0.1121];4013.07947;100),(265541.14079;[0.7573];[-0.1927];6366.71042;1;0;[0.7517];[-0.1983];6356.31373;100),(271401.00002;[0.8215];[-0.1285];5314.60039;1;0;[0.818];[-0.132];5308.35841;100),(280374.91012;[0.8912];[-0.0588];4467.39572;1;0;[0.892];[-0.058];4465.32727;100),(286181.67615;[0.975];[0.025];4282.77164;1;1;[0.974];[0.024];4282.00658;100),(292442.73114;[0.9397];[-0.0103];4363.61113;1;0;[0.9397];[-0.0103];4362.23767;100),(293426.00274;[0.8731];[-0.0769];4102.01774;1;0;[0.8733];[-0.0767];4100.93935;100),(294466.99142;[0.8718];[-0.0782];4079.68885;1;0;[0.8734];[-0.0766];4078.69794;100),(295496.23275;[0.8718];[-0.0782];4079.68885;1;0;[0.8734];[-0.0766];4078.69794;100),(300696.81239;[0.7573];[-0.1927];6366.71042;1;0;[0.7517];[-0.1983];6356.31373;100),(310012.60519;[0.8199];[-0.1301];5308.33981;1;0;[0.8157];[-0.1343];5301.94662;100),(319833.08506;[0.8912];[-0.0588];4467.39572;1;0;[0.892];[-0.058];4465.32727;100),(327083.12249;[0.9056];[-0.0444];4250.75085;1;0;[0.907];[-0.043];4249.30412;100),(337647.98808;[0.7573];[-0.1927];6366.71042;1;0;[0.7517];[-0.1983];6356.31373;100),(343590.18803;[0.8174];[-0.1326];5335.42050;1;0;[0.8129];[-0.1371];5329.08459;100),(352356.16302;[0.8967];[-0.0533];4502.22734;1;0;[0.897];[-0.053];4500.31835;100),(357502.79808;[0.9655];[0.0155];4309.34729;1;1;[0.9645];[0.0145];4308.33987;100),(363113.82103;[0.9603];[0.0103];4397.76157;1;1;[0.9603];[0.0103];4396.59440;100),(371642.43293;[0.8989];[-0.0511];4430.08301;1;0;[0.8987];[-0.0513];4428.19365;100),(373165.31658;[0.9407];[-0.0093];4308.40625;1;0;[0.9408];[-0.0092];4307.19266;100),(374654.22368;[0.9255];[-0.0245];4259.24567;1;0;[0.9268];[-0.0232];4258.07481;100),(376437.70170;[0.912];[-0.038];4208.13355;1;0;[0.914];[-0.036];4207.00944;100),(377333.95553;[0.8805];[-0.0695];4181.11711;1;0;[0.88];[-0.07];4179.73856;100),(379009.54103;[0.877];[-0.073];4146.45919;1;0;[0.8782];[-0.0718];4145.23867;100),(389964.25009;[0.7573];[-0.1927];6366.71042;1;0;[0.7517];[-0.1983];6356.31373;100),(398080.92403;[0.8188];[-0.1312];5338.87084;1;0;[0.8151];[-0.1349];5332.79583;100),(406101.83716;[0.898];[-0.052];4501.40134;1;0;[0.8976];[-0.0524];4499.50417;100),(411897.51482;[0.9176];[-0.0324];4345.08690;1;0;[0.9188];[-0.0312];4343.46401;100),(425988.80911;[0.877];[-0.073];4146.45919;1;0;[0.8782];[-0.0718];4145.23867;100),(431351.84360;[0.7573];[-0.1927];6366.71042;1;0;[0.7517];[-0.1983];6356.31373;100),(437359.05123;[0.7993];[-0.1507];5848.04063;1;0;[0.7906];[-0.1594];5839.02273;100),(442901.53122;[0.8975];[-0.0525];4525.28972;1;0;[0.8981];[-0.0519];4523.59008;100),(449213.73153;[0.9154];[-0.0346];4388.75260;1;0;[0.9166];[-0.0334];4387.09763;100),(456065.47213;[0.9702];[0.0202];4295.64907;1;1;[0.9696];[0.0196];4294.76011;100),(458556.49543;[0.9085];[-0.0415];4228.67533;1;0;[0.9091];[-0.0409];4227.46918;100),(461799.86501;[0.9181];[-0.0319];4195.28926;1;0;[0.9209];[-0.0291];4194.25940;100),(464702.44288;[0.8798];[-0.0702];4182.64042;1;0;[0.879];[-0.071];4181.25204;100),(465456.19750;[0.877];[-0.073];4146.45919;1;0;[0.8782];[-0.0718];4145.23867;100),(466265.54418;[0.877];[-0.073];4146.45919;1;0;[0.8782];[-0.0718];4145.23867;100),(471829.29540;[0.7573];[-0.1927];6366.71042;1;0;[0.7517];[-0.1983];6356.31373;100),(481733.02960;[0.817];[-0.133];5349.25774;1;0;[0.812];[-0.138];5343.17718;100),(487555.07326;[0.8869];[-0.0631];4531.48379;1;0;[0.888];[-0.062];4529.51001;100),(493562.90317;[0.915];[-0.035];4393.76158;1;0;[0.9158];[-0.0342];4392.02792;100),(498882.60412;[0.9276];[-0.0224];4297.76777;1;0;[0.9286];[-0.0214];4296.41797;100),(502387.96592;[0.9069];[-0.0431];4241.83666;1;0;[0.9075];[-0.0425];4240.47823;100),(504593.11748;[0.912];[-0.038];4208.13355;1;0;[0.914];[-0.036];4207.00944;100),(507728.85919;[0.9181];[-0.0319];4195.28926;1;0;[0.9209];[-0.0291];4194.25940;100),(508339.37144;[0.8784];[-0.0716];4187.89216;1;0;[0.8773];[-0.0727];4186.46431;100),(508879.47559;[0.8798];[-0.0702];4182.64042;1;0;[0.879];[-0.071];4181.25204;100),(514795.24469;[0.7573];[-0.1927];6366.71042;1;0;[0.7517];[-0.1983];6356.31373;100),(521219.38705;[0.8171];[-0.1329];5335.99644;1;0;[0.8126];[-0.1374];5329.64879;100),(531108.30498;[0.8948];[-0.0552];4508.13426;1;0;[0.8953];[-0.0547];4506.13033;100),(537275.98858;[0.9106];[-0.0394];4351.73495;1;0;[0.9117];[-0.0383];4350.03705;100),(545300.07839;[0.8798];[-0.0702];4182.64042;1;0;[0.879];[-0.071];4181.25204;100),(550359.65633;[0.7573];[-0.1927];6366.71042;1;0;[0.7517];[-0.1983];6356.31373;100),(555601.48120;[0.7946];[-0.1554];5862.81970;1;0;[0.7875];[-0.1625];5853.48343;100),(561794.53802;[0.8863];[-0.0637];4534.26642;1;0;[0.8877];[-0.0623];4532.18672;100),(568956.72464;[0.9254];[-0.0246];4395.31854;1;0;[0.9262];[-0.0238];4393.77474;100),(575155.17092;[0.9253];[-0.0247];4299.91704;1;0;[0.9259];[-0.0241];4298.53916;100),(578028.43666;[0.9056];[-0.0444];4250.75085;1;0;[0.907];[-0.043];4249.30412;100),(580192.50488;[0.893];[-0.057];4216.52988;1;0;[0.8937];[-0.0563];4215.09864;100),(583096.89260;[0.9181];[-0.0319];4195.28926;1;0;[0.9209];[-0.0291];4194.25940;100),(587212.32486;[0.8784];[-0.0716];4187.89216;1;0;[0.8773];[-0.0727];4186.46431;100),(589142.51828;[0.8798];[-0.0702];4182.64042;1;0;[0.879];[-0.071];4181.25204;100),(596562.09040;[0.7573];[-0.1927];6366.71042;1;0;[0.7517];[-0.1983];6356.31373;100)]"
4,7,4380.565731200904,0.68859,1,0,[0.9315],[-0.0185],615342.7691459656,"[(31590.61980;[0.7275];[-0.2225];6315.04650;1;0;[0.7275];[-0.2225];6315.04650;100),(41700.12140;[0.7275];[-0.2225];6315.04650;1;0;[0.7275];[-0.2225];6315.04650;100),(57830.08909;[0.7421];[-0.2079];6337.23448;1;0;[0.7421];[-0.2079];6337.23448;200),(90881.59227;[0.7446];[-0.2054];6347.50898;1;0;[0.7446];[-0.2054];6347.50898;400),(109151.23892;[0.7446];[-0.2054];6347.50898;1;0;[0.7446];[-0.2054];6347.50898;400),(127275.41161;[0.7446];[-0.2054];6347.50898;1;0;[0.7446];[-0.2054];6347.50898;400),(146251.86825;[0.7446];[-0.2054];6347.50898;1;0;[0.7446];[-0.2054];6347.50898;400),(164951.05600;[0.7446];[-0.2054];6347.50898;1;0;[0.7446];[-0.2054];6347.50898;400),(186441.85686;[0.7446];[-0.2054];6347.50898;1;0;[0.7446];[-0.2054];6347.50898;400),(205965.99007;[0.7446];[-0.2054];6347.50898;1;0;[0.7446];[-0.2054];6347.50898;400),(209198.19069;[0.8355];[-0.1145];5112.25849;1;0;[0.8355];[-0.1145];5112.25849;400),(209967.05365;[0.7773];[-0.1727];4011.28080;1;0;[0.7773];[-0.1727];4011.28080;400),(212208.00614;[0.6277];[-0.3223];3780.87587;1;0;[0.6277];[-0.3223];3780.87587;400),(216886.94739;[0.6249];[-0.3251];3778.48439;1;0;[0.6249];[-0.3251];3778.48439;400),(217463.34291;[0.6249];[-0.3251];3778.48439;1;0;[0.6249];[-0.3251];3778.48439;400),(237297.97029;[0.7446];[-0.2054];6347.50898;1;0;[0.7446];[-0.2054];6347.50898;400),(258337.71396;[0.8151];[-0.1349];5332.79583;1;0;[0.8151];[-0.1349];5332.79583;400),(277476.43995;[0.8892];[-0.0608];4544.75622;1;0;[0.8892];[-0.0608];4544.75622;400),(298454.70905;[0.9315];[-0.0185];4380.56573;1;0;[0.9315];[-0.0185];4380.56573;400),(318680.90010;[0.9262];[-0.0238];4216.89865;1;0;[0.9262];[-0.0238];4216.89865;400),(336578.78375;[0.7995];[-0.1505];4038.62204;1;0;[0.7995];[-0.1505];4038.62204;400),(374871.83285;[0.7182];[-0.2318];3930.33096;1;0;[0.7182];[-0.2318];3930.33096;400),(376259.03773;[0.6864];[-0.2636];3877.75027;1;0;[0.6864];[-0.2636];3877.75027;400),(378539.11304;[0.6277];[-0.3223];3780.87587;1;0;[0.6277];[-0.3223];3780.87587;400),(383251.39284;[0.6249];[-0.3251];3778.48439;1;0;[0.6249];[-0.3251];3778.48439;400),(404044.12317;[0.7436];[-0.2064];6347.87221;1;0;[0.7436];[-0.2064];6347.87221;400),(423507.36690;[0.8089];[-0.1411];5317.87506;1;0;[0.8089];[-0.1411];5317.87506;400),(443337.69131;[0.8899];[-0.0601];4544.19203;1;0;[0.8899];[-0.0601];4544.19203;400),(463020.04290;[0.9193];[-0.0307];4379.14707;1;0;[0.9193];[-0.0307];4379.14707;400),(484263.40699;[0.9262];[-0.0238];4216.89865;1;0;[0.9262];[-0.0238];4216.89865;400),(507366.48822;[0.8304];[-0.1196];4040.94938;1;0;[0.8304];[-0.1196];4040.94938;400),(548338.01603;[0.7164];[-0.2336];3931.11979;1;0;[0.7164];[-0.2336];3931.11979;400),(549811.84506;[0.6863];[-0.2637];3878.37209;1;0;[0.6863];[-0.2637];3878.37209;400),(551923.21324;[0.6729];[-0.2771];3849.34695;1;0;[0.6729];[-0.2771];3849.34695;400),(553269.78946;[0.6523];[-0.2977];3818.76417;1;0;[0.6523];[-0.2977];3818.76417;400),(554857.67603;[0.6281];[-0.3219];3782.55354;1;0;[0.6281];[-0.3219];3782.55354;400),(556823.59076;[0.6255];[-0.3245];3779.29342;1;0;[0.6255];[-0.3245];3779.29342;400),(559066.97416;[0.6249];[-0.3251];3778.48439;1;0;[0.6249];[-0.3251];3778.48439;400),(576885.61368;[0.7436];[-0.2064];6347.87221;1;0;[0.7436];[-0.2064];6347.87221;400),(596303.10512;[0.8108];[-0.1392];5325.42083;1;0;[0.8108];[-0.1392];5325.42083;400)]"
4,5,5387.697693319133,0.8469,1,1,[0.9986],[0.0486],615657.8054428101,"[(30188.63010;[0.411];[-0.539];6181.81216;1;0;[0.4119];[-0.5381];6261.36607;100),(39275.25878;[0.411];[-0.539];6181.81216;1;0;[0.4119];[-0.5381];6261.36607;100),(44388.04317;[0.411];[-0.539];6181.81216;1;0;[0.4119];[-0.5381];6261.36607;100),(49713.33051;[0.411];[-0.539];6181.81216;1;0;[0.4119];[-0.5381];6261.36607;100),(54247.76483;[0.411];[-0.539];6181.81216;1;0;[0.4119];[-0.5381];6261.36607;100),(59384.14621;[0.411];[-0.539];6181.81216;1;0;[0.4119];[-0.5381];6261.36607;100),(59977.62680;[0.7641];[-0.1859];6294.98314;1;0;[0.7636];[-0.1864];6328.14160;100),(61844.22016;[0.8018];[-0.1482];4938.57425;1;0;[0.7999];[-0.1501];4951.40659;100),(62891.56890;[0.9267];[-0.0233];4468.62044;1;0;[0.9255];[-0.0245];4474.41045;100),(63689.07309;[0.9657];[0.0157];4302.80833;1;1;[0.9643];[0.0143];4306.89185;100),(65320.37091;[0.9583];[0.0083];4393.97219;1;1;[0.9586];[0.0086];4399.01758;100),(66714.18285;[0.9395];[-0.0105];4429.53247;1;0;[0.9392];[-0.0108];4435.10739;100),(68304.22497;[0.9458];[-0.0042];4411.16281;1;0;[0.9464];[-0.0036];4416.52050;100),(69185.72116;[0.9219];[-0.0281];4407.34426;1;0;[0.9188];[-0.0312];4412.48825;100),(70483.83427;[0.9246];[-0.0254];4401.88435;1;0;[0.923];[-0.027];4406.98443;100),(71762.96782;[0.9286];[-0.0214];4398.60670;1;0;[0.9271];[-0.0229];4403.65630;100),(73823.40693;[0.9583];[0.0083];4393.97219;1;1;[0.9586];[0.0086];4399.01758;100),(74645.34163;[0.9286];[-0.0214];4398.60670;1;0;[0.9271];[-0.0229];4403.65630;100),(75884.15933;[0.9583];[0.0083];4393.97219;1;1;[0.9586];[0.0086];4399.01758;100),(76925.65584;[0.9583];[0.0083];4393.97219;1;1;[0.9586];[0.0086];4399.01758;100),(77752.83623;[0.9286];[-0.0214];4398.60670;1;0;[0.9271];[-0.0229];4403.65630;100),(83460.02316;[0.7536];[-0.1964];6317.11803;1;0;[0.752];[-0.198];6352.17011;100),(89267.61007;[0.9773];[0.0273];5306.80528;1;1;[0.9778];[0.0278];5324.22135;100),(95176.61285;[0.8474];[-0.1026];6022.25232;1;0;[0.8438];[-0.1062];6050.96085;100),(101321.44451;[0.7988];[-0.1512];5837.87254;1;0;[0.7993];[-0.1507];5862.44341;100),(107476.67265;[0.9851];[0.0351];5355.69470;1;1;[0.9836];[0.0336];5373.88036;100),(113223.76728;[0.9988];[0.0488];5368.87234;1;1;[0.9986];[0.0486];5387.69769;100),(117078.33505;[0.9171];[-0.0329];4491.32538;1;0;[0.9153];[-0.0347];4497.35611;100),(118719.85531;[0.9593];[0.0093];4391.45360;1;1;[0.9603];[0.0103];4396.59440;100),(119716.34007;[0.9368];[-0.0132];4442.48811;1;0;[0.9354];[-0.0146];4447.99489;100),(121107.23591;[0.9343];[-0.0157];4417.16438;1;0;[0.9322];[-0.0178];4422.39292;100),(121875.52738;[0.9491];[-0.0009];4405.56670;1;0;[0.9495];[-0.0005];4410.81182;100),(123734.46965;[0.9286];[-0.0214];4398.60670;1;0;[0.9271];[-0.0229];4403.65630;100),(124976.29714;[0.9583];[0.0083];4393.97219;1;1;[0.9586];[0.0086];4399.01758;100),(125898.25773;[0.9286];[-0.0214];4398.60670;1;0;[0.9271];[-0.0229];4403.65630;100),(127253.13687;[0.9583];[0.0083];4393.97219;1;1;[0.9586];[0.0086];4399.01758;100),(128478.53565;[0.9583];[0.0083];4393.97219;1;1;[0.9586];[0.0086];4399.01758;100),(129370.48864;[0.955];[0.005];4395.96177;1;1;[0.9553];[0.0053];4401.03640;100),(130241.78839;[0.955];[0.005];4395.96177;1;1;[0.9553];[0.0053];4401.03640;100),(149125.10586;[0.7585];[-0.1915];6318.17535;1;0;[0.757];[-0.193];6351.80623;200),(158531.61097;[0.7585];[-0.1915];6318.17535;1;0;[0.757];[-0.193];6351.80623;200),(167012.88414;[0.7585];[-0.1915];6318.17535;1;0;[0.757];[-0.193];6351.80623;200),(176567.77811;[0.7585];[-0.1915];6318.17535;1;0;[0.757];[-0.193];6351.80623;200),(185757.95484;[0.7585];[-0.1915];6318.17535;1;0;[0.757];[-0.193];6351.80623;200),(193411.33595;[0.7585];[-0.1915];6318.17535;1;0;[0.757];[-0.193];6351.80623;200),(193773.17548;[0.7585];[-0.1915];6318.17535;1;0;[0.757];[-0.193];6351.80623;200),(195064.44359;[0.8295];[-0.1205];5014.57107;1;0;[0.8257];[-0.1243];5027.65325;200),(198563.35449;[0.9012];[-0.0488];4498.40082;1;0;[0.8967];[-0.0533];4504.37656;200),(200909.90758;[0.9207];[-0.0293];4339.28950;1;0;[0.9188];[-0.0312];4343.46401;200),(203322.29996;[0.9363];[-0.0137];4209.24351;1;0;[0.9367];[-0.0133];4213.05372;200),(203754.82440;[0.833];[-0.117];4091.87296;1;0;[0.8331];[-0.1169];4095.33252;200),(205894.09304;[0.7507];[-0.1993];3962.92555;1;0;[0.7479];[-0.2021];3966.01662;200),(206707.85975;[0.7004];[-0.2496];3908.54174;1;0;[0.6992];[-0.2508];3911.37291;200),(207271.78597;[0.6799];[-0.2701];3863.32529;1;0;[0.6775];[-0.2725];3865.97244;200),(211353.37496;[0.6601];[-0.2899];3828.92256;1;0;[0.6616];[-0.2884];3831.42446;200),(212948.15326;[0.6601];[-0.2899];3828.92256;1;0;[0.6616];[-0.2884];3831.42446;200),(223113.20519;[0.7585];[-0.1915];6318.17535;1;0;[0.757];[-0.193];6351.80623;200),(235793.54262;[0.8329];[-0.1171];5228.59958;1;0;[0.8301];[-0.1199];5243.65164;200),(249135.43391;[0.9288];[-0.0212];4482.45150;1;0;[0.9279];[-0.0221];4488.49547;200),(258431.16832;[0.9657];[0.0157];4302.80833;1;1;[0.9643];[0.0143];4306.89185;200),(267647.47000;[0.9593];[0.0093];4391.45360;1;1;[0.9603];[0.0103];4396.59440;200),(277729.94995;[0.9265];[-0.0235];4431.21653;1;0;[0.9258];[-0.0242];4436.65933;200),(286716.09473;[0.9228];[-0.0272];4406.14076;1;0;[0.9205];[-0.0295];4411.27436;200),(287546.30518;[0.9603];[0.0103];4277.72150;1;1;[0.9604];[0.0104];4281.53466;200),(289460.52527;[0.9693];[0.0193];4348.48248;1;1;[0.9666];[0.0166];4352.95695;200),(290962.82077;[0.9377];[-0.0123];4378.16204;1;0;[0.9366];[-0.0134];4383.00526;200),(293205.86610;[0.9584];[0.0084];4363.02380;1;1;[0.9592];[0.0092];4367.93609;200),(293985.73613;[0.9423];[-0.0077];4371.31069;1;0;[0.9414];[-0.0086];4376.11744;200),(296118.55984;[0.955];[0.005];4365.54812;1;1;[0.9557];[0.0057];4370.48743;200),(297016.41154;[0.9353];[-0.0147];4370.98436;1;0;[0.9352];[-0.0148];4375.90646;200),(299634.36794;[0.9231];[-0.0269];4368.04909;1;0;[0.9212];[-0.0288];4372.70820;200),(300563.22241;[0.9231];[-0.0269];4368.04909;1;0;[0.9212];[-0.0288];4372.70820;200),(301508.46004;[0.9231];[-0.0269];4368.04909;1;0;[0.9212];[-0.0288];4372.70820;200),(304141.13069;[0.955];[0.005];4365.54812;1;1;[0.9557];[0.0057];4370.48743;200),(313145.80774;[0.7585];[-0.1915];6318.17535;1;0;[0.757];[-0.193];6351.80623;200),(322758.51703;[0.8717];[-0.0783];5343.98146;1;0;[0.8696];[-0.0804];5361.29251;200),(333217.89336;[1.];[0.05];4573.23401;1;1;[1.];[0.05];4581.15436;200),(345245.20254;[0.8338];[-0.1162];5164.05471;1;0;[0.8312];[-0.1188];5178.26968;200),(355660.98833;[1.];[0.05];4605.69325;1;1;[1.];[0.05];4614.46120;200),(365920.16554;[0.8295];[-0.1205];5014.57107;1;0;[0.8257];[-0.1243];5027.65325;200),(369834.13386;[0.9034];[-0.0466];4496.31485;1;0;[0.8984];[-0.0516];4502.26074;200),(372406.09455;[0.9567];[0.0067];4357.50975;1;1;[0.9571];[0.0071];4362.04712;200),(373436.44810;[0.9249];[-0.0251];4434.08069;1;0;[0.9235];[-0.0265];4439.51745;200),(375331.75445;[0.9583];[0.0083];4393.97219;1;1;[0.9586];[0.0086];4399.01758;200),(376467.76152;[0.9352];[-0.0148];4414.64579;1;0;[0.9339];[-0.0161];4419.96973;200),(378052.79422;[0.9219];[-0.0281];4407.34426;1;0;[0.9188];[-0.0312];4412.48825;200),(380333.60338;[0.9252];[-0.0248];4401.10272;1;0;[0.9236];[-0.0264];4406.19258;200),(382446.43116;[0.9286];[-0.0214];4398.60670;1;0;[0.9271];[-0.0229];4403.65630;200),(384976.17006;[0.9583];[0.0083];4393.97219;1;1;[0.9586];[0.0086];4399.01758;200),(385951.60127;[0.9286];[-0.0214];4398.60670;1;0;[0.9271];[-0.0229];4403.65630;200),(386746.46378;[0.9286];[-0.0214];4398.60670;1;0;[0.9271];[-0.0229];4403.65630;200),(387426.49722;[0.9286];[-0.0214];4398.60670;1;0;[0.9271];[-0.0229];4403.65630;200),(422519.53959;[0.7532];[-0.1968];6322.19023;1;0;[0.7517];[-0.1983];6356.31373;400),(442489.08997;[0.7532];[-0.1968];6322.19023;1;0;[0.7517];[-0.1983];6356.31373;400),(464245.97049;[0.7532];[-0.1968];6322.19023;1;0;[0.7517];[-0.1983];6356.31373;400),(482797.19639;[0.7532];[-0.1968];6322.19023;1;0;[0.7517];[-0.1983];6356.31373;400),(501999.11356;[0.7532];[-0.1968];6322.19023;1;0;[0.7517];[-0.1983];6356.31373;400),(520751.73211;[0.7532];[-0.1968];6322.19023;1;0;[0.7517];[-0.1983];6356.31373;400),(539571.84958;[0.7532];[-0.1968];6322.19023;1;0;[0.7517];[-0.1983];6356.31373;400),(540668.43033;[0.7548];[-0.1952];6279.61135;1;0;[0.7535];[-0.1965];6311.16991;400),(543001.29056;[0.7997];[-0.1503];4916.46865;1;0;[0.7998];[-0.1502];4929.37282;400),(545071.43903;[0.905];[-0.045];4463.00087;1;0;[0.9014];[-0.0486];4468.55174;400),(545976.36080;[0.9295];[-0.0205];4297.27376;1;0;[0.9277];[-0.0223];4301.03578;400),(547209.67245;[0.8739];[-0.0761];4116.90908;1;0;[0.8724];[-0.0776];4120.43288;400),(549919.51108;[0.6679];[-0.2821];3841.00608;1;0;[0.6678];[-0.2822];3843.53954;400),(553619.97294;[0.6601];[-0.2899];3828.92256;1;0;[0.6616];[-0.2884];3831.42446;400),(556227.05245;[0.6403];[-0.3097];3802.48083;1;0;[0.6418];[-0.3082];3804.75909;400),(558064.95476;[0.6382];[-0.3118];3799.26580;1;0;[0.6394];[-0.3106];3801.53451;400),(576783.34117;[0.7532];[-0.1968];6322.19023;1;0;[0.7517];[-0.1983];6356.31373;400),(596436.25450;[0.8175];[-0.1325];5293.91407;1;0;[0.8168];[-0.1332];5309.81617;400)]"
4,6,5371.624633186447,0.84437,1,1,[0.9916],[0.0416],604663.6972427368,"[(29161.61847;[0.7736];[-0.1764];6386.15369;1;0;[0.7682];[-0.1818];6338.99328;100),(39159.63125;[0.7736];[-0.1764];6386.15369;1;0;[0.7682];[-0.1818];6338.99328;100),(43651.78823;[0.7736];[-0.1764];6386.15369;1;0;[0.7682];[-0.1818];6338.99328;100),(48718.35613;[0.7736];[-0.1764];6386.15369;1;0;[0.7682];[-0.1818];6338.99328;100),(53914.31284;[0.7736];[-0.1764];6386.15369;1;0;[0.7682];[-0.1818];6338.99328;100),(58054.27551;[0.7736];[-0.1764];6386.15369;1;0;[0.7682];[-0.1818];6338.99328;100),(58988.53350;[0.9284];[-0.0216];5194.42156;1;0;[0.927];[-0.023];5175.48582;100),(59693.89176;[0.9497];[-0.0003];4266.43055;1;0;[0.9442];[-0.0058];4259.86665;100),(61270.94388;[0.8862];[-0.0638];4111.89917;1;0;[0.8812];[-0.0688];4105.87638;100),(63505.85341;[0.7579];[-0.1921];3990.59905;1;0;[0.7518];[-0.1982];3983.25043;100),(64473.07944;[0.738];[-0.212];3933.57907;1;0;[0.733];[-0.217];3926.71367;100),(65111.61828;[0.6935];[-0.2565];3869.82781;1;0;[0.6894];[-0.2606];3862.73243;100),(67131.59633;[0.6738];[-0.2762];3829.62527;1;0;[0.6695];[-0.2805];3822.94823;100),(74469.70224;[0.7736];[-0.1764];6386.15369;1;0;[0.7682];[-0.1818];6338.99328;100),(80335.49023;[1.];[0.05];4625.15247;1;1;[1.];[0.05];4625.68377;100),(86439.18753;[0.9935];[0.0435];5387.40604;1;1;[0.9928];[0.0428];5368.51560;100),(93565.02557;[0.8233];[-0.1267];6030.38374;1;0;[0.8205];[-0.1295];5994.14233;100),(100440.85789;[0.799];[-0.151];5784.35681;1;0;[0.7935];[-0.1565];5748.02057;100),(102757.75266;[1.];[0.05];4530.40218;1;1;[1.];[0.05];4523.79938;100),(105204.85473;[0.8848];[-0.0652];5248.39503;1;0;[0.88];[-0.07];5226.68198;100),(106107.72753;[1.];[0.05];4613.83755;1;1;[1.];[0.05];4612.47765;100),(108944.66686;[0.8492];[-0.1008];5193.78776;1;0;[0.8437];[-0.1063];5170.28302;100),(111510.12802;[0.8466];[-0.1034];5125.60172;1;0;[0.8411];[-0.1089];5102.82062;100),(114006.28448;[0.84];[-0.11];5066.37976;1;0;[0.834];[-0.116];5044.11464;100),(115101.09925;[1.];[0.05];4611.79230;1;1;[1.];[0.05];4611.13562;100),(115798.26689;[0.8389];[-0.1111];5035.35737;1;0;[0.8341];[-0.1159];5013.41878;100),(116651.03698;[1.];[0.05];4617.25490;1;1;[1.];[0.05];4616.18631;100),(117603.94812;[1.];[0.05];4617.25490;1;1;[1.];[0.05];4616.18631;100),(120558.76875;[1.];[0.05];4612.97551;1;1;[1.];[0.05];4612.61155;100),(121297.03140;[0.8389];[-0.1111];5035.35737;1;0;[0.8341];[-0.1159];5013.41878;100),(124607.11360;[1.];[0.05];4612.97551;1;1;[1.];[0.05];4612.61155;100),(125268.84222;[0.8389];[-0.1111];5035.35737;1;0;[0.8341];[-0.1159];5013.41878;100),(142924.12996;[0.7658];[-0.1842];6393.75871;1;0;[0.761];[-0.189];6345.87317;200),(151582.99136;[0.7658];[-0.1842];6393.75871;1;0;[0.761];[-0.189];6345.87317;200),(161216.06231;[0.7658];[-0.1842];6393.75871;1;0;[0.761];[-0.189];6345.87317;200),(170695.82367;[0.7658];[-0.1842];6393.75871;1;0;[0.761];[-0.189];6345.87317;200),(179182.12605;[0.7658];[-0.1842];6393.75871;1;0;[0.761];[-0.189];6345.87317;200),(188155.95150;[0.7658];[-0.1842];6393.75871;1;0;[0.761];[-0.189];6345.87317;200),(190643.79025;[0.8575];[-0.0925];5121.02747;1;0;[0.8523];[-0.0977];5099.11215;200),(192612.12778;[0.8787];[-0.0713];4084.57318;1;0;[0.8734];[-0.0766];4078.69794;200),(193625.59009;[0.7381];[-0.2119];3899.22400;1;0;[0.7315];[-0.2185];3892.92459;200),(195536.06367;[0.6198];[-0.3302];3764.09405;1;0;[0.6128];[-0.3372];3757.29190;200),(199386.45744;[0.5257];[-0.4243];3655.58322;1;0;[0.5204];[-0.4296];3649.98963;200),(200956.45785;[0.5023];[-0.4477];3636.40773;1;0;[0.4978];[-0.4522];3631.61823;200),(204237.96248;[0.497];[-0.453];3632.03467;1;0;[0.4919];[-0.4581];3627.28187;200),(215434.73530;[0.766];[-0.184];6393.27085;1;0;[0.7614];[-0.1886];6345.36396;200),(225765.24830;[1.];[0.05];4631.86137;1;1;[1.];[0.05];4629.64523;200),(235676.86868;[0.9922];[0.0422];5390.65762;1;1;[0.9916];[0.0416];5371.62463;200),(245238.54303;[0.8504];[-0.0996];6057.39159;1;0;[0.8448];[-0.1052];6023.92001;200),(254912.86826;[0.8062];[-0.1438];5931.38471;1;0;[0.8005];[-0.1495];5893.61314;200),(265492.86819;[0.8023];[-0.1477];5810.19925;1;0;[0.797];[-0.153];5773.90549;200),(270460.56080;[0.9279];[-0.0221];4522.15133;1;0;[0.9234];[-0.0266];4512.40966;200),(271200.86384;[0.9718];[0.0218];4306.52560;1;1;[0.969];[0.019];4300.00580;200),(273023.87166;[0.936];[-0.014];4436.57611;1;0;[0.9302];[-0.0198];4427.75657;200),(274852.76246;[0.9478];[-0.0022];4384.10660;1;0;[0.9414];[-0.0086];4376.11744;200),(278041.17990;[0.9571];[0.0071];4344.30760;1;1;[0.9522];[0.0022];4337.03913;200),(279170.88413;[0.9603];[0.0103];4369.53732;1;1;[0.9571];[0.0071];4362.04712;200),(279971.50517;[0.9855];[0.0355];4368.69244;1;1;[0.9845];[0.0345];4361.85903;200),(281590.66629;[0.9616];[0.0116];4375.49799;1;1;[0.9592];[0.0092];4367.93609;200),(282512.89392;[0.9846];[0.0346];4373.80012;1;1;[0.9839];[0.0339];4366.90157;200),(283072.16835;[0.9478];[-0.0022];4384.10660;1;0;[0.9414];[-0.0086];4376.11744;200),(284999.53532;[0.9585];[0.0085];4378.16536;1;1;[0.9557];[0.0057];4370.48743;200),(285565.54914;[0.9478];[-0.0022];4384.10660;1;0;[0.9414];[-0.0086];4376.11744;200),(286049.08323;[0.9478];[-0.0022];4384.10660;1;0;[0.9414];[-0.0086];4376.11744;200),(322616.62602;[0.7535];[-0.1965];6410.71195;1;0;[0.7481];[-0.2019];6360.11003;400),(341805.01366;[0.7535];[-0.1965];6410.71195;1;0;[0.7481];[-0.2019];6360.11003;400),(361923.75207;[0.7535];[-0.1965];6410.71195;1;0;[0.7481];[-0.2019];6360.11003;400),(382138.96918;[0.7535];[-0.1965];6410.71195;1;0;[0.7481];[-0.2019];6360.11003;400),(400560.01854;[0.7535];[-0.1965];6410.71195;1;0;[0.7481];[-0.2019];6360.11003;400),(418618.01696;[0.7535];[-0.1965];6410.71195;1;0;[0.7481];[-0.2019];6360.11003;400),(435022.86077;[0.7535];[-0.1965];6410.71195;1;0;[0.7481];[-0.2019];6360.11003;400),(436169.77167;[0.8321];[-0.1179];5054.21884;1;0;[0.8273];[-0.1227];5031.61239;400),(438146.49653;[0.9008];[-0.0492];4519.47415;1;0;[0.8946];[-0.0554];4508.80704;400),(439271.46173;[0.9728];[0.0228];4355.56355;1;1;[0.9693];[0.0193];4348.48861;400),(440669.73710;[0.9467];[-0.0033];4442.74032;1;0;[0.9401];[-0.0099];4434.05186;400),(441687.89411;[0.962];[0.012];4404.42162;1;1;[0.9603];[0.0103];4396.59440;400),(442809.85379;[0.9322];[-0.0178];4423.80605;1;0;[0.9266];[-0.0234];4415.13010;400),(443847.72468;[0.9274];[-0.0226];4415.79608;1;0;[0.923];[-0.027];4406.98443;400),(445167.56439;[0.9287];[-0.0213];4409.92594;1;0;[0.9255];[-0.0245];4401.19528;400),(447075.97804;[0.9361];[-0.0139];4406.11987;1;0;[0.9301];[-0.0199];4397.60542;400),(448900.91944;[0.962];[0.012];4404.42162;1;1;[0.9603];[0.0103];4396.59440;400),(449912.56738;[0.962];[0.012];4404.42162;1;1;[0.9603];[0.0103];4396.59440;400),(450976.50552;[0.9311];[-0.0189];4406.40522;1;0;[0.9252];[-0.0248];4397.83295;400),(452002.04635;[0.9311];[-0.0189];4406.40522;1;0;[0.9252];[-0.0248];4397.83295;400),(452869.64798;[0.9311];[-0.0189];4406.40522;1;0;[0.9252];[-0.0248];4397.83295;400),(453937.84046;[0.9311];[-0.0189];4406.40522;1;0;[0.9252];[-0.0248];4397.83295;400),(471120.42117;[0.7535];[-0.1965];6410.71195;1;0;[0.7481];[-0.2019];6360.11003;400),(490233.37197;[0.8938];[-0.0562];5421.33563;1;0;[0.8889];[-0.0611];5398.98594;400),(508671.16904;[0.832];[-0.118];5056.74380;1;0;[0.8268];[-0.1232];5034.01340;400),(527681.83494;[0.9998];[0.0498];4569.20050;1;1;[0.9997];[0.0497];4561.62660;400),(548858.45423;[0.9957];[0.0457];4621.80274;1;1;[0.9969];[0.0469];4613.52225;400),(569387.64191;[1.];[0.05];4636.87199;1;1;[1.];[0.05];4631.60870;400),(586806.10895;[0.7934];[-0.1566];4926.60093;1;0;[0.7867];[-0.1633];4903.19751;400)]"
4,8,4357.070526459559,0.68489,1,0,[0.8924],[-0.0576],618030.9383869171,"[(30917.68432;[0.4134];[-0.5366];6243.41610;1;0;[0.4071];[-0.5429];6067.41378;100),(43982.65100;[0.4134];[-0.5366];6243.41610;1;0;[0.4071];[-0.5429];6067.41378;100),(48416.32366;[0.4134];[-0.5366];6243.41610;1;0;[0.4071];[-0.5429];6067.41378;100),(53846.45367;[0.4134];[-0.5366];6243.41610;1;0;[0.4071];[-0.5429];6067.41378;100),(59326.91836;[0.4134];[-0.5366];6243.41610;1;0;[0.4071];[-0.5429];6067.41378;100),(63889.50896;[0.4134];[-0.5366];6243.41610;1;0;[0.4071];[-0.5429];6067.41378;100),(64411.41987;[0.7238];[-0.2262];6480.70704;1;0;[0.7138];[-0.2362];6344.59792;100),(82140.23566;[0.4191];[-0.5309];6451.65338;1;0;[0.4154];[-0.5346];6273.75748;200),(91511.05905;[0.4191];[-0.5309];6451.65338;1;0;[0.4154];[-0.5346];6273.75748;200),(101089.13016;[0.4191];[-0.5309];6451.65338;1;0;[0.4154];[-0.5346];6273.75748;200),(110063.45558;[0.4191];[-0.5309];6451.65338;1;0;[0.4154];[-0.5346];6273.75748;200),(119531.38041;[0.4191];[-0.5309];6451.65338;1;0;[0.4154];[-0.5346];6273.75748;200),(129158.48446;[0.4191];[-0.5309];6451.65338;1;0;[0.4154];[-0.5346];6273.75748;200),(129596.21048;[0.7346];[-0.2154];6485.13437;1;0;[0.7239];[-0.2261];6354.10234;200),(165453.95827;[0.4135];[-0.5365];6441.27535;1;0;[0.4111];[-0.5389];6258.28758;400),(184105.33333;[0.4135];[-0.5365];6441.27535;1;0;[0.4111];[-0.5389];6258.28758;400),(204371.87934;[0.4135];[-0.5365];6441.27535;1;0;[0.4111];[-0.5389];6258.28758;400),(223181.80084;[0.4135];[-0.5365];6441.27535;1;0;[0.4111];[-0.5389];6258.28758;400),(241357.15342;[0.4135];[-0.5365];6441.27535;1;0;[0.4111];[-0.5389];6258.28758;400),(258832.42607;[0.4135];[-0.5365];6441.27535;1;0;[0.4111];[-0.5389];6258.28758;400),(277069.59724;[0.4147];[-0.5353];6445.76768;1;0;[0.4126];[-0.5374];6263.36095;400),(277725.88825;[0.735];[-0.215];6486.06705;1;0;[0.7247];[-0.2253];6355.00354;400),(280442.74449;[0.8222];[-0.1278];5150.83371;1;0;[0.812];[-0.138];5100.04561;400),(281523.90051;[0.712];[-0.238];3928.09974;1;0;[0.7012];[-0.2488];3913.72789;400),(284373.58141;[0.6879];[-0.2621];3887.41976;1;0;[0.6788];[-0.2712];3873.58538;400),(285905.01499;[0.6316];[-0.3184];3790.17689;1;0;[0.6237];[-0.3263];3778.09952;400),(305807.39021;[0.735];[-0.215];6487.43301;1;0;[0.7255];[-0.2245];6356.48877;400),(330005.51152;[0.8225];[-0.1275];5356.00255;1;0;[0.8124];[-0.1376];5299.42137;400),(350910.65717;[0.8941];[-0.0559];4552.41391;1;0;[0.888];[-0.062];4529.51001;400),(369463.31382;[0.899];[-0.051];4375.57704;1;0;[0.8924];[-0.0576];4357.07053;400),(388727.55361;[0.8592];[-0.0908];4215.51209;1;0;[0.8521];[-0.0979];4199.36619;400),(408823.09556;[0.7601];[-0.1899];4037.18386;1;0;[0.7479];[-0.2021];4021.33263;400),(446184.25798;[0.7212];[-0.2288];3958.65854;1;0;[0.7089];[-0.2411];3943.50242;400),(447619.21573;[0.6995];[-0.2505];3899.36816;1;0;[0.6896];[-0.2604];3885.55767;400),(451567.10887;[0.6772];[-0.2728];3860.57998;1;0;[0.669];[-0.281];3847.37848;400),(452625.58985;[0.6611];[-0.2889];3834.99062;1;0;[0.6547];[-0.2953];3822.11340;400),(455144.87505;[0.654];[-0.296];3825.67687;1;0;[0.6466];[-0.3034];3812.83440;400),(474257.98750;[0.735];[-0.215];6487.43301;1;0;[0.7255];[-0.2245];6356.48877;400),(497295.99738;[0.8236];[-0.1264];5349.86100;1;0;[0.8142];[-0.1358];5293.53210;400),(520106.43744;[0.8706];[-0.0794];4549.50999;1;0;[0.8641];[-0.0859];4525.03872;400),(541484.89404;[0.8869];[-0.0631];4374.80842;1;0;[0.8796];[-0.0704];4355.75921;400),(561999.18604;[0.8592];[-0.0908];4215.51209;1;0;[0.8521];[-0.0979];4199.36619;400),(580958.46915;[0.7587];[-0.1913];4043.73330;1;0;[0.746];[-0.204];4027.55115;400)]"
4,10,4371.376654695255,0.68714,1,0,[0.8862],[-0.0638],612118.0543899536,"[(33832.86381;[0.4132];[-0.5368];6432.35936;1;0;[0.4083];[-0.5417];6230.49179;100),(34434.01623;[0.4139];[-0.5361];6336.35684;1;0;[0.4065];[-0.5435];6122.02705;200),(35203.23753;[0.4157];[-0.5343];6442.61713;1;0;[0.4103];[-0.5397];6241.31490;400),(68844.48791;[0.4157];[-0.5343];6442.61713;1;0;[0.4103];[-0.5397];6241.31490;400),(86621.61040;[0.4157];[-0.5343];6442.61713;1;0;[0.4103];[-0.5397];6241.31490;400),(107824.86057;[0.4157];[-0.5343];6442.61713;1;0;[0.4103];[-0.5397];6241.31490;400),(130292.36579;[0.4157];[-0.5343];6442.61713;1;0;[0.4103];[-0.5397];6241.31490;400),(148238.30724;[0.4157];[-0.5343];6442.61713;1;0;[0.4103];[-0.5397];6241.31490;400),(166340.42788;[0.4157];[-0.5343];6442.61713;1;0;[0.4103];[-0.5397];6241.31490;400),(185421.31567;[0.4157];[-0.5343];6442.61713;1;0;[0.4103];[-0.5397];6241.31490;400),(186207.68237;[0.7511];[-0.1989];6408.72802;1;0;[0.7481];[-0.2019];6318.03764;400),(186988.66630;[0.7886];[-0.1614];4993.47630;1;0;[0.7884];[-0.1616];4955.38885;400),(188456.63023;[0.8601];[-0.0899];4481.36765;1;0;[0.865];[-0.085];4463.07469;400),(189125.35834;[0.8715];[-0.0785];4308.42087;1;0;[0.8757];[-0.0743];4294.49314;400),(190249.43805;[0.7995];[-0.1505];4137.52727;1;0;[0.8];[-0.15];4124.95078;400),(190850.86393;[0.7143];[-0.2357];3948.41690;1;0;[0.7074];[-0.2426];3937.28818;400),(192076.88785;[0.583];[-0.367];3722.46793;1;0;[0.5795];[-0.3705];3714.76607;400),(193240.77368;[0.5806];[-0.3694];3717.66443;1;0;[0.5768];[-0.3732];3710.09483;400),(213557.17921;[0.7116];[-0.2384];6441.73134;1;0;[0.7065];[-0.2435];6334.12209;400),(233304.16322;[0.7694];[-0.1806];5758.14109;1;0;[0.7684];[-0.1816];5694.59251;400),(255009.28760;[0.8361];[-0.1139];4573.17364;1;0;[0.8418];[-0.1082];4551.96410;400),(277625.18263;[0.8706];[-0.0794];4385.31322;1;0;[0.8741];[-0.0759];4369.71666;400),(296531.29935;[0.8691];[-0.0809];4230.84364;1;0;[0.8723];[-0.0777];4218.43805;400),(316353.36900;[0.7545];[-0.1955];4039.46613;1;0;[0.7492];[-0.2008];4027.40313;400),(356148.58150;[0.7065];[-0.2435];3924.77894;1;0;[0.701];[-0.249];3914.16919;400),(358302.36173;[0.6491];[-0.3009];3816.57031;1;0;[0.6433];[-0.3067];3807.41561;400),(359062.26873;[0.6262];[-0.3238];3779.08383;1;0;[0.6196];[-0.3304];3770.58750;400),(360031.88872;[0.5806];[-0.3694];3717.66443;1;0;[0.5768];[-0.3732];3710.09483;400),(380119.94433;[0.7115];[-0.2385];6440.93068;1;0;[0.7065];[-0.2435];6333.24630;400),(399726.54176;[0.7845];[-0.1655];5416.83743;1;0;[0.7835];[-0.1665];5366.08377;400),(419393.51344;[0.8361];[-0.1139];4573.17364;1;0;[0.8418];[-0.1082];4551.96410;400),(439668.27607;[0.8806];[-0.0694];4387.20742;1;0;[0.8862];[-0.0638];4371.37665;400),(462209.05519;[0.8685];[-0.0815];4232.42899;1;0;[0.8709];[-0.0791];4219.93476;400),(480728.77765;[0.7573];[-0.1927];4050.20663;1;0;[0.7524];[-0.1976];4037.89153;400),(516838.62185;[0.7069];[-0.2431];3933.80805;1;0;[0.7014];[-0.2486];3922.87021;400),(518840.06405;[0.6699];[-0.2801];3847.11264;1;0;[0.6648];[-0.2852];3837.69829;400),(519742.31267;[0.6262];[-0.3238];3779.67532;1;0;[0.6197];[-0.3303];3771.15783;400),(520811.77092;[0.6262];[-0.3238];3779.08383;1;0;[0.6196];[-0.3304];3770.58750;400),(521259.38177;[0.6262];[-0.3238];3779.08383;1;0;[0.6196];[-0.3304];3770.58750;400),(521681.12540;[0.6262];[-0.3238];3779.08383;1;0;[0.6196];[-0.3304];3770.58750;400),(549787.65249;[0.7063];[-0.2437];6432.88765;1;0;[0.7014];[-0.2486];6322.01942;400),(573796.88549;[0.7894];[-0.1606];5420.29394;1;0;[0.7864];[-0.1636];5369.89110;400),(593193.56179;[0.8361];[-0.1139];4573.17364;1;0;[0.8418];[-0.1082];4551.96410;400)]"
4,9,4339.353855605571,0.68211,1,0,[0.9212],[-0.0288],602424.0341186523,"[(33363.81984;[0.4158];[-0.5342];6213.19542;1;0;[0.4162];[-0.5338];6277.21411;100),(43691.43796;[0.4158];[-0.5342];6213.19542;1;0;[0.4162];[-0.5338];6277.21411;100),(48406.63576;[0.4158];[-0.5342];6213.19542;1;0;[0.4162];[-0.5338];6277.21411;100),(53627.52795;[0.4158];[-0.5342];6213.19542;1;0;[0.4162];[-0.5338];6277.21411;100),(59041.72754;[0.4158];[-0.5342];6213.19542;1;0;[0.4162];[-0.5338];6277.21411;100),(64047.67060;[0.4158];[-0.5342];6213.19542;1;0;[0.4162];[-0.5338];6277.21411;100),(64569.45729;[0.7302];[-0.2198];6359.57800;1;0;[0.7289];[-0.2211];6350.90407;100),(81505.66697;[0.4209];[-0.5291];6220.12483;1;0;[0.42];[-0.53];6283.38884;200),(91255.02634;[0.4209];[-0.5291];6220.12483;1;0;[0.42];[-0.53];6283.38884;200),(102305.46618;[0.4209];[-0.5291];6220.12483;1;0;[0.42];[-0.53];6283.38884;200),(111427.30308;[0.4209];[-0.5291];6220.12483;1;0;[0.42];[-0.53];6283.38884;200),(120171.01669;[0.4209];[-0.5291];6220.12483;1;0;[0.42];[-0.53];6283.38884;200),(128988.46698;[0.4209];[-0.5291];6220.12483;1;0;[0.42];[-0.53];6283.38884;200),(129410.34675;[0.7525];[-0.1975];6362.33358;1;0;[0.7511];[-0.1989];6355.70166;200),(131856.71997;[0.8236];[-0.1264];5167.36927;1;0;[0.8195];[-0.1305];5163.45707;200),(132758.54421;[0.8032];[-0.1468];4032.60899;1;0;[0.7988];[-0.1512];4032.32952;200),(134190.40179;[0.7105];[-0.2395];3944.10687;1;0;[0.7089];[-0.2411];3943.50242;200),(136328.44186;[0.702];[-0.248];3916.49187;1;0;[0.7005];[-0.2495];3915.86357;200),(136773.95844;[0.7028];[-0.2472];3914.34068;1;0;[0.7012];[-0.2488];3913.72789;200),(137680.84860;[0.69];[-0.26];3885.57631;1;0;[0.6884];[-0.2616];3884.94962;200),(140239.29214;[0.6881];[-0.2619];3878.37634;1;0;[0.6864];[-0.2636];3877.75027;200),(143170.35770;[0.6879];[-0.2621];3877.56332;1;0;[0.686];[-0.264];3876.94124;200),(152961.64107;[0.7525];[-0.1975];6362.33358;1;0;[0.7511];[-0.1989];6355.70166;200),(166212.18634;[0.8085];[-0.1415];5317.72658;1;0;[0.8053];[-0.1447];5313.93266;200),(178509.42945;[0.8683];[-0.0817];4521.37588;1;0;[0.8679];[-0.0821];4521.00265;200),(190293.57839;[0.9222];[-0.0278];4339.60410;1;0;[0.9212];[-0.0288];4339.35386;200),(199685.74929;[0.8412];[-0.1088];4131.59112;1;0;[0.8377];[-0.1123];4131.37116;200),(219156.25072;[0.6879];[-0.2621];3877.56332;1;0;[0.686];[-0.264];3876.94124;200),(235139.19115;[0.7525];[-0.1975];6362.33358;1;0;[0.7511];[-0.1989];6355.70166;200),(245459.82742;[0.8041];[-0.1459];5329.63591;1;0;[0.7997];[-0.1503];5325.80850;200),(259763.88693;[0.8665];[-0.0835];4530.68314;1;0;[0.8648];[-0.0852];4530.33794;200),(272964.82658;[0.8812];[-0.0688];4356.35492;1;0;[0.8796];[-0.0704];4355.75921;200),(281912.17923;[0.8804];[-0.0696];4194.90922;1;0;[0.8773];[-0.0727];4194.69258;200),(301537.49990;[0.7826];[-0.1674];4037.84612;1;0;[0.7799];[-0.1701];4037.56446;200),(302857.69796;[0.7426];[-0.2074];3955.99797;1;0;[0.7423];[-0.2077];3955.50405;200),(304766.98256;[0.7025];[-0.2475];3917.49760;1;0;[0.7006];[-0.2494];3916.85990;200),(305267.72833;[0.7027];[-0.2473];3914.78764;1;0;[0.701];[-0.249];3914.16919;200),(306467.97013;[0.69];[-0.26];3885.57631;1;0;[0.6884];[-0.2616];3884.94962;200),(308376.74189;[0.6879];[-0.2621];3877.56332;1;0;[0.686];[-0.264];3876.94124;200),(320101.09067;[0.7525];[-0.1975];6362.33358;1;0;[0.7511];[-0.1989];6355.70166;200),(334964.21099;[0.8027];[-0.1473];5316.21580;1;0;[0.7989];[-0.1511];5312.19374;200),(348624.81642;[0.8733];[-0.0767];4527.96356;1;0;[0.8732];[-0.0768];4527.62408;200),(358776.96753;[0.9123];[-0.0377];4355.42908;1;0;[0.9105];[-0.0395];4355.10751;200),(367728.97196;[0.8589];[-0.0911];4193.28561;1;0;[0.8566];[-0.0934];4192.94197;200),(387459.99932;[0.7826];[-0.1674];4037.84612;1;0;[0.7799];[-0.1701];4037.56446;200),(388371.41800;[0.7105];[-0.2395];3944.10687;1;0;[0.7089];[-0.2411];3943.50242;200),(388970.58463;[0.7027];[-0.2473];3914.78764;1;0;[0.701];[-0.249];3914.16919;200),(390533.91790;[0.7028];[-0.2472];3914.34068;1;0;[0.7012];[-0.2488];3913.72789;200),(391480.04651;[0.7003];[-0.2497];3911.99110;1;0;[0.6992];[-0.2508];3911.37291;200),(402531.16488;[0.7525];[-0.1975];6362.33358;1;0;[0.7511];[-0.1989];6355.70166;200),(418265.84530;[0.8085];[-0.1415];5317.72658;1;0;[0.8053];[-0.1447];5313.93266;200),(432369.06099;[0.8657];[-0.0843];4525.86751;1;0;[0.8647];[-0.0853];4525.46079;200),(441474.30468;[0.9123];[-0.0377];4355.42908;1;0;[0.9105];[-0.0395];4355.10751;200),(451456.21657;[0.8589];[-0.0911];4193.28561;1;0;[0.8566];[-0.0934];4192.94197;200),(471318.13407;[0.7823];[-0.1677];4038.05534;1;0;[0.7795];[-0.1705];4037.76898;200),(472233.57105;[0.7105];[-0.2395];3944.10687;1;0;[0.7089];[-0.2411];3943.50242;200),(472809.95345;[0.7027];[-0.2473];3914.78764;1;0;[0.701];[-0.249];3914.16919;200),(473543.62702;[0.7028];[-0.2472];3914.34068;1;0;[0.7012];[-0.2488];3913.72789;200),(474266.08634;[0.7003];[-0.2497];3911.99110;1;0;[0.6992];[-0.2508];3911.37291;200),(485127.59781;[0.7525];[-0.1975];6362.33358;1;0;[0.7511];[-0.1989];6355.70166;200),(501205.34682;[0.8183];[-0.1317];5310.17971;1;0;[0.8144];[-0.1356];5306.58601;200),(515902.16923;[0.8707];[-0.0793];4513.42464;1;0;[0.8704];[-0.0796];4512.98175;200),(527062.04081;[0.9123];[-0.0377];4355.42908;1;0;[0.9105];[-0.0395];4355.10751;200),(537695.82820;[0.8589];[-0.0911];4193.28561;1;0;[0.8566];[-0.0934];4192.94197;200),(546304.86608;[0.7003];[-0.2497];3911.99110;1;0;[0.6992];[-0.2508];3911.37291;200),(548551.50175;[0.7003];[-0.2497];3911.99110;1;0;[0.6992];[-0.2508];3911.37291;200),(558421.20147;[0.7525];[-0.1975];6362.33358;1;0;[0.7511];[-0.1989];6355.70166;200),(573266.51382;[0.8183];[-0.1317];5310.17971;1;0;[0.8144];[-0.1356];5306.58601;200),(585709.13553;[0.8707];[-0.0793];4513.42464;1;0;[0.8704];[-0.0796];4512.98175;200),(594761.34515;[0.9123];[-0.0377];4355.42908;1;0;[0.9105];[-0.0395];4355.10751;200)]"
5,1,4708.348988998482,0.99916,1,0,[0.4553],[-0.4947],600907.8249931335,"[(29840.45672;[0.4386];[-0.5114];4725.31157;1;0;[0.4369];[-0.5131];4705.33954;100),(40112.40578;[0.4386];[-0.5114];4725.31157;1;0;[0.4369];[-0.5131];4705.33954;100),(47972.39423;[0.4386];[-0.5114];4725.31157;1;0;[0.4369];[-0.5131];4705.33954;100),(52585.18863;[0.4386];[-0.5114];4725.31157;1;0;[0.4369];[-0.5131];4705.33954;100),(57933.92110;[0.4386];[-0.5114];4725.31157;1;0;[0.4369];[-0.5131];4705.33954;100),(63360.24690;[0.4386];[-0.5114];4725.31157;1;0;[0.4369];[-0.5131];4705.33954;100),(65060.44149;[0.3479];[-0.6021];4153.24981;1;0;[0.3469];[-0.6031];4142.15186;100),(66622.65706;[0.112];[-0.838];3556.49536;1;0;[0.1068];[-0.8432];3552.09948;100),(67219.80762;[0.0177];[-0.9323];3341.79683;1;0;[0.0161];[-0.9339];3339.05986;100),(68020.30921;[0.0004];[-0.9496];2905.40418;1;0;[0.0006];[-0.9494];2903.30146;100),(68921.68903;[0.0001];[-0.9499];2831.46484;1;0;[0.0001];[-0.9499];2829.71121;100),(70007.80010;[0.];[-0.95];2788.91964;1;0;[0.];[-0.95];2787.38598;100),(70855.96752;[0.];[-0.95];2788.91964;1;0;[0.];[-0.95];2787.38598;100),(75619.76719;[0.4386];[-0.5114];4725.31157;1;0;[0.4369];[-0.5131];4705.33954;100),(81417.29546;[0.1403];[-0.8097];3602.64673;1;0;[0.1355];[-0.8145];3597.56778;100),(90250.28992;[0.0328];[-0.9172];3393.61301;1;0;[0.0322];[-0.9178];3390.49917;100),(97980.19242;[0.0079];[-0.9421];3212.53989;1;0;[0.0076];[-0.9424];3209.82872;100),(102381.05702;[0.];[-0.95];2788.91964;1;0;[0.];[-0.95];2787.38598;100),(109013.25870;[0.4386];[-0.5114];4725.64403;1;0;[0.4376];[-0.5124];4705.66938;100),(117908.01501;[0.1295];[-0.8205];3587.86277;1;0;[0.1263];[-0.8237];3583.13781;100),(124648.20862;[0.0249];[-0.9251];3372.56177;1;0;[0.0237];[-0.9263];3369.71762;100),(131743.33167;[0.0037];[-0.9463];3128.46690;1;0;[0.0039];[-0.9461];3126.10937;100),(142826.38597;[0.];[-0.95];2788.91964;1;0;[0.];[-0.95];2787.38598;100),(148117.86914;[0.4386];[-0.5114];4725.31157;1;0;[0.4369];[-0.5131];4705.33954;100),(153885.54239;[0.1336];[-0.8164];3614.06929;1;0;[0.1298];[-0.8202];3609.35890;100),(162270.24698;[0.0403];[-0.9097];3418.68342;1;0;[0.0384];[-0.9116];3415.50992;100),(167579.30803;[0.0091];[-0.9409];3269.20060;1;0;[0.009];[-0.941];3266.71373;100),(173889.09841;[0.0017];[-0.9483];3026.49150;1;0;[0.0028];[-0.9472];3024.08697;100),(175006.35457;[0.001];[-0.949];2948.27405;1;0;[0.0011];[-0.9489];2945.92979;100),(175743.02888;[0.0004];[-0.9496];2901.64606;1;0;[0.0006];[-0.9494];2899.53978;100),(176579.56648;[0.0002];[-0.9498];2868.13231;1;0;[0.0002];[-0.9498];2866.23297;100),(177435.70232;[0.0002];[-0.9498];2867.20049;1;0;[0.0002];[-0.9498];2865.30815;100),(183395.31183;[0.4392];[-0.5108];4725.90130;1;0;[0.4381];[-0.5119];4705.86739;100),(189839.36858;[0.1252];[-0.8248];3589.84652;1;0;[0.1218];[-0.8282];3585.33070;100),(198682.33466;[0.0326];[-0.9174];3395.20607;1;0;[0.0316];[-0.9184];3392.17880;100),(205611.95874;[0.0075];[-0.9425];3224.34695;1;0;[0.0073];[-0.9427];3221.78712;100),(215799.86310;[0.0017];[-0.9483];3040.02340;1;0;[0.0025];[-0.9475];3037.73732;100),(217022.12858;[0.001];[-0.949];2949.15531;1;0;[0.0011];[-0.9489];2946.83091;100),(217870.78810;[0.0004];[-0.9496];2901.64606;1;0;[0.0006];[-0.9494];2899.53978;100),(218681.05245;[0.0002];[-0.9498];2871.53706;1;0;[0.0002];[-0.9498];2869.61109;100),(219367.35797;[0.0002];[-0.9498];2871.02340;1;0;[0.0002];[-0.9498];2869.10272;100),(219950.55079;[0.0002];[-0.9498];2868.13231;1;0;[0.0002];[-0.9498];2866.23297;100),(220498.63362;[0.0002];[-0.9498];2867.20049;1;0;[0.0002];[-0.9498];2865.30815;100),(225849.87879;[0.4401];[-0.5099];4727.50792;1;0;[0.4387];[-0.5113];4707.96726;100),(232321.25449;[0.1275];[-0.8225];3594.73080;1;0;[0.1243];[-0.8257];3590.19646;100),(240714.93697;[0.0403];[-0.9097];3399.45231;1;0;[0.0388];[-0.9112];3396.07837;100),(249119.39669;[0.0054];[-0.9446];3232.03320;1;0;[0.0052];[-0.9448];3229.87419;100),(259579.72789;[0.0017];[-0.9483];3059.99632;1;0;[0.0029];[-0.9471];3057.62612;100),(260598.29187;[0.0012];[-0.9488];2975.32934;1;0;[0.0015];[-0.9485];2973.05028;100),(261455.86109;[0.0004];[-0.9496];2903.76301;1;0;[0.0006];[-0.9494];2901.67518;100),(263034.13248;[0.0002];[-0.9498];2871.53706;1;0;[0.0002];[-0.9498];2869.61109;100),(263454.49543;[0.0002];[-0.9498];2871.02340;1;0;[0.0002];[-0.9498];2869.10272;100),(264160.70867;[0.0002];[-0.9498];2867.20049;1;0;[0.0002];[-0.9498];2865.30815;100),(269853.68013;[0.4427];[-0.5073];4729.97869;1;0;[0.4413];[-0.5087];4710.14710;100),(277682.97744;[0.121];[-0.829];3584.03954;1;0;[0.1172];[-0.8328];3579.56836;100),(286803.26152;[0.0238];[-0.9262];3378.12967;1;0;[0.022];[-0.928];3375.36320;100),(293459.41401;[0.0078];[-0.9422];3238.25258;1;0;[0.0076];[-0.9424];3235.74533;100),(306419.97743;[0.0044];[-0.9456];3070.13217;1;0;[0.0049];[-0.9451];3067.43288;100),(307896.63386;[0.0017];[-0.9483];2981.93256;1;0;[0.0028];[-0.9472];2979.34538;100),(308750.00262;[0.0004];[-0.9496];2901.64606;1;0;[0.0006];[-0.9494];2899.53978;100),(309611.65643;[0.0002];[-0.9498];2868.13231;1;0;[0.0002];[-0.9498];2866.23297;100),(310586.42578;[0.0002];[-0.9498];2867.20049;1;0;[0.0002];[-0.9498];2865.30815;100),(315073.28749;[0.4442];[-0.5058];4728.80864;1;0;[0.4431];[-0.5069];4709.72900;100),(322097.94903;[0.1308];[-0.8192];3589.19621;1;0;[0.127];[-0.823];3584.54054;100),(330940.07659;[0.0283];[-0.9217];3381.76738;1;0;[0.0274];[-0.9226];3378.78793;100),(337721.11177;[0.0099];[-0.9401];3245.72998;1;0;[0.0098];[-0.9402];3243.00724;100),(349713.69576;[0.0043];[-0.9457];3089.17712;1;0;[0.0045];[-0.9455];3086.54833;100),(350783.07104;[0.0017];[-0.9483];3001.51328;1;0;[0.0027];[-0.9473];2999.07215;100),(351704.22459;[0.0002];[-0.9498];2871.02340;1;0;[0.0002];[-0.9498];2869.10272;100),(352924.27206;[0.0002];[-0.9498];2868.13231;1;0;[0.0002];[-0.9498];2866.23297;100),(353459.57088;[0.0002];[-0.9498];2867.20049;1;0;[0.0002];[-0.9498];2865.30815;100),(358676.86963;[0.4447];[-0.5053];4728.81776;1;0;[0.4437];[-0.5063];4709.58963;100),(365536.12471;[0.1237];[-0.8263];3581.14905;1;0;[0.1194];[-0.8306];3576.54131;100),(373925.15993;[0.0303];[-0.9197];3386.31493;1;0;[0.0299];[-0.9201];3383.28045;100),(379728.39618;[0.0076];[-0.9424];3254.29663;1;0;[0.0073];[-0.9427];3251.87906;100),(384531.03089;[0.0002];[-0.9498];2867.20049;1;0;[0.0002];[-0.9498];2865.30815;100),(386040.83085;[0.0002];[-0.9498];2867.20049;1;0;[0.0002];[-0.9498];2865.30815;100),(391515.77902;[0.4447];[-0.5053];4728.81776;1;0;[0.4437];[-0.5063];4709.58963;100),(400008.10480;[0.1237];[-0.8263];3581.14905;1;0;[0.1194];[-0.8306];3576.54131;100),(408485.66079;[0.0322];[-0.9178];3387.49780;1;0;[0.0313];[-0.9187];3384.36170;100),(413847.30124;[0.0076];[-0.9424];3254.29663;1;0;[0.0073];[-0.9427];3251.87906;100),(420481.85825;[0.0002];[-0.9498];2867.20049;1;0;[0.0002];[-0.9498];2865.30815;100),(427661.69572;[0.4479];[-0.5021];4730.43813;1;0;[0.4484];[-0.5016];4711.53332;100),(434088.82213;[0.1237];[-0.8263];3581.14905;1;0;[0.1194];[-0.8306];3576.54131;100),(442821.33293;[0.0322];[-0.9178];3387.49780;1;0;[0.0313];[-0.9187];3384.36170;100),(448611.93419;[0.0076];[-0.9424];3254.29663;1;0;[0.0073];[-0.9427];3251.87906;100),(460476.33362;[0.0041];[-0.9459];3106.54632;1;0;[0.0045];[-0.9455];3104.00544;100),(461324.89777;[0.0017];[-0.9483];3023.46034;1;0;[0.0028];[-0.9472];3021.04893;100),(461959.45501;[0.001];[-0.949];2974.75229;1;0;[0.0012];[-0.9488];2972.47995;100),(463289.06393;[0.0004];[-0.9496];2899.78239;1;0;[0.0006];[-0.9494];2897.68391;100),(464157.90987;[0.0004];[-0.9496];2898.65761;1;0;[0.0006];[-0.9494];2896.55954;100),(470177.90771;[0.4492];[-0.5008];4729.29271;1;0;[0.4499];[-0.5001];4710.75889;100),(478026.19076;[0.1207];[-0.8293];3572.83665;1;0;[0.1169];[-0.8331];3568.15491;100),(485140.88321;[0.0239];[-0.9261];3370.97656;1;0;[0.0221];[-0.9279];3368.14663;100),(492855.90625;[0.0078];[-0.9422];3205.53267;1;0;[0.0076];[-0.9424];3202.85569;100),(507520.56098;[0.4492];[-0.5008];4729.29271;1;0;[0.4499];[-0.5001];4710.75889;100),(514920.32242;[0.1286];[-0.8214];3586.05247;1;0;[0.1244];[-0.8256];3581.34680;100),(523680.58324;[0.0259];[-0.9241];3390.51604;1;0;[0.0246];[-0.9254];3387.74886;100),(529240.74531;[0.0081];[-0.9419];3260.21643;1;0;[0.0079];[-0.9421];3257.76117;100),(536030.26843;[0.0031];[-0.9469];3117.90073;1;0;[0.0034];[-0.9466];3115.53145;100),(536883.74901;[0.0017];[-0.9483];3026.86273;1;0;[0.0028];[-0.9472];3024.45280;100),(537609.54547;[0.0017];[-0.9483];2981.11585;1;0;[0.0028];[-0.9472];2978.53635;100),(538385.52856;[0.0008];[-0.9492];2937.56023;1;0;[0.0009];[-0.9491];2935.29710;100),(539693.98546;[0.0008];[-0.9492];2937.56023;1;0;[0.0009];[-0.9491];2935.29710;100),(545222.75805;[0.4501];[-0.4999];4729.69650;1;0;[0.4506];[-0.4994];4711.12535;100),(554386.86943;[0.1254];[-0.8246];3578.96932;1;0;[0.121];[-0.829];3574.24546;100),(562193.42923;[0.0252];[-0.9248];3374.93712;1;0;[0.024];[-0.926];3372.05598;100),(568749.47834;[0.0069];[-0.9431];3217.77976;1;0;[0.0069];[-0.9431];3215.29983;100),(574679.43931;[0.0008];[-0.9492];2937.56023;1;0;[0.0009];[-0.9491];2935.29710;100),(581319.87977;[0.4554];[-0.4946];4726.29340;1;0;[0.4553];[-0.4947];4708.34899;100),(587602.26703;[0.1099];[-0.8401];3564.75999;1;0;[0.1053];[-0.8447];3560.48599;100),(595777.63224;[0.0252];[-0.9248];3374.93712;1;0;[0.024];[-0.926];3372.05598;100)]"
5,2,4679.508754935371,0.99304,1,0,[0.4293],[-0.5207],600236.9122505188,"[(29510.67472;[0.3106];[-0.6394];4508.93158;1;0;[0.3023];[-0.6477];4453.45115;100),(30180.05228;[0.4328];[-0.5172];4754.62507;1;0;[0.4293];[-0.5207];4679.50875;200),(47745.87822;[0.4328];[-0.5172];4754.62507;1;0;[0.4293];[-0.5207];4679.50875;200),(57292.28568;[0.4328];[-0.5172];4754.62507;1;0;[0.4293];[-0.5207];4679.50875;200),(66864.68244;[0.4328];[-0.5172];4754.62507;1;0;[0.4293];[-0.5207];4679.50875;200),(76229.36749;[0.4328];[-0.5172];4754.62507;1;0;[0.4293];[-0.5207];4679.50875;200),(85675.85182;[0.4328];[-0.5172];4754.62507;1;0;[0.4293];[-0.5207];4679.50875;200),(94320.05358;[0.4328];[-0.5172];4754.62507;1;0;[0.4293];[-0.5207];4679.50875;200),(96234.68637;[0.3653];[-0.5847];4202.09272;1;0;[0.3615];[-0.5885];4162.29121;200),(97583.21881;[0.1179];[-0.8321];3529.38243;1;0;[0.1117];[-0.8383];3513.59611;200),(98487.95271;[0.0214];[-0.9286];3282.02382;1;0;[0.018];[-0.932];3272.90452;200),(99570.10508;[0.0129];[-0.9371];3096.99932;1;0;[0.0111];[-0.9389];3086.54747;200),(101289.66594;[0.0017];[-0.9483];2963.06517;1;0;[0.0013];[-0.9487];2954.34749;200),(101805.83286;[0.0002];[-0.9498];2841.78898;1;0;[0.0001];[-0.9499];2834.72783;200),(102845.27421;[0.0002];[-0.9498];2840.94787;1;0;[0.0001];[-0.9499];2833.91058;200),(112040.82680;[0.4328];[-0.5172];4754.62507;1;0;[0.4293];[-0.5207];4679.50875;200),(122875.77057;[0.3662];[-0.5838];4212.48617;1;0;[0.3626];[-0.5874];4172.63042;200),(134869.60697;[0.0882];[-0.8618];3484.39675;1;0;[0.0817];[-0.8683];3471.11757;200),(145221.02308;[0.0239];[-0.9261];3314.95000;1;0;[0.0228];[-0.9272];3305.67046;200),(157480.69000;[0.0174];[-0.9326];3128.46200;1;0;[0.0153];[-0.9347];3117.59730;200),(180457.77440;[0.0002];[-0.9498];2840.94787;1;0;[0.0001];[-0.9499];2833.91058;200),(189656.18300;[0.4328];[-0.5172];4754.62507;1;0;[0.4293];[-0.5207];4679.50875;200),(200841.93969;[0.3772];[-0.5728];4259.44883;1;0;[0.3732];[-0.5768];4218.76412;200),(213287.83965;[0.0887];[-0.8613];3508.85010;1;0;[0.0834];[-0.8666];3495.93777;200),(223764.72449;[0.0297];[-0.9203];3347.38967;1;0;[0.0283];[-0.9217];3337.91796;200),(234716.09998;[0.0151];[-0.9349];3225.94765;1;0;[0.0132];[-0.9368];3217.18592;200),(245151.75223;[0.0072];[-0.9428];3056.62527;1;0;[0.0069];[-0.9431];3046.88079;200),(248345.93606;[0.001];[-0.949];2931.05041;1;0;[0.0006];[-0.9494];2922.77876;200),(249318.38870;[0.0002];[-0.9498];2873.26415;1;0;[0.0002];[-0.9498];2865.74567;200),(250985.39591;[0.0002];[-0.9498];2841.78898;1;0;[0.0001];[-0.9499];2834.72783;200),(251363.32989;[0.0002];[-0.9498];2841.78898;1;0;[0.0001];[-0.9499];2834.72783;200),(252041.50057;[0.0002];[-0.9498];2840.94787;1;0;[0.0001];[-0.9499];2833.91058;200),(261931.37670;[0.4328];[-0.5172];4754.62507;1;0;[0.4293];[-0.5207];4679.50875;200),(273516.08777;[0.3663];[-0.5837];4220.37791;1;0;[0.3627];[-0.5873];4180.97392;200),(284828.97997;[0.0999];[-0.8501];3493.51415;1;0;[0.0936];[-0.8564];3479.41875;200),(295468.96100;[0.0242];[-0.9258];3332.10645;1;0;[0.023];[-0.927];3323.12148;200),(305845.22867;[0.0162];[-0.9338];3188.78128;1;0;[0.014];[-0.936];3179.11121;200),(315794.26813;[0.0002];[-0.9498];2840.94787;1;0;[0.0001];[-0.9499];2833.91058;200),(325912.81605;[0.4328];[-0.5172];4754.62507;1;0;[0.4293];[-0.5207];4679.50875;200),(337139.76526;[0.3645];[-0.5855];4222.35200;1;0;[0.3616];[-0.5884];4183.53539;200),(348373.89159;[0.0999];[-0.8501];3493.51415;1;0;[0.0936];[-0.8564];3479.41875;200),(357565.56702;[0.0242];[-0.9258];3332.10645;1;0;[0.023];[-0.927];3323.12148;200),(368008.16607;[0.0162];[-0.9338];3188.78128;1;0;[0.014];[-0.936];3179.11121;200),(390451.69330;[0.0072];[-0.9428];3060.34725;1;0;[0.0069];[-0.9431];3050.65318;200),(392793.52522;[0.0017];[-0.9483];2963.06517;1;0;[0.0013];[-0.9487];2954.34749;200),(393962.36372;[0.0002];[-0.9498];2874.74809;1;0;[0.0002];[-0.9498];2867.18961;200),(394899.62578;[0.0002];[-0.9498];2874.10999;1;0;[0.0002];[-0.9498];2866.56950;200),(395625.59724;[0.0002];[-0.9498];2871.93053;1;0;[0.0002];[-0.9498];2864.35296;200),(396301.51629;[0.0002];[-0.9498];2840.94787;1;0;[0.0001];[-0.9499];2833.91058;200),(404258.81577;[0.4328];[-0.5172];4754.62507;1;0;[0.4293];[-0.5207];4679.50875;200),(415090.02256;[0.3706];[-0.5794];4223.54448;1;0;[0.3661];[-0.5839];4182.85838;200),(426099.42985;[0.0999];[-0.8501];3493.51415;1;0;[0.0936];[-0.8564];3479.41875;200),(435368.88051;[0.0242];[-0.9258];3332.10645;1;0;[0.023];[-0.927];3323.12148;200),(445188.22694;[0.017];[-0.933];3191.43696;1;0;[0.015];[-0.935];3181.66423;200),(455195.02378;[0.0002];[-0.9498];2840.94787;1;0;[0.0001];[-0.9499];2833.91058;200),(467133.65316;[0.4328];[-0.5172];4754.62507;1;0;[0.4293];[-0.5207];4679.50875;200),(478338.63139;[0.363];[-0.587];4202.57280;1;0;[0.3604];[-0.5896];4163.18456;200),(490987.10918;[0.0882];[-0.8618];3484.39675;1;0;[0.0817];[-0.8683];3471.11757;200),(502797.31584;[0.0242];[-0.9258];3332.10645;1;0;[0.023];[-0.927];3323.12148;200),(512502.23207;[0.017];[-0.933];3191.43696;1;0;[0.015];[-0.935];3181.66423;200),(531592.73458;[0.01];[-0.94];3079.56229;1;0;[0.009];[-0.941];3069.47819;200),(535403.53799;[0.0017];[-0.9483];2964.77909;1;0;[0.0013];[-0.9487];2956.07777;200),(540879.39405;[0.0008];[-0.9492];2907.16677;1;0;[0.0006];[-0.9494];2899.19377;200),(543467.94605;[0.0002];[-0.9498];2874.10999;1;0;[0.0002];[-0.9498];2866.56950;200),(545560.68563;[0.0002];[-0.9498];2871.93053;1;0;[0.0002];[-0.9498];2864.35296;200),(556350.09956;[0.4328];[-0.5172];4754.62507;1;0;[0.4293];[-0.5207];4679.50875;200),(565070.81461;[0.3637];[-0.5863];4213.44270;1;0;[0.361];[-0.589];4174.20340;200),(575894.97352;[0.0848];[-0.8652];3487.53535;1;0;[0.0786];[-0.8714];3474.38878;200),(584224.08891;[0.0245];[-0.9255];3333.24662;1;0;[0.0233];[-0.9267];3324.22885;200),(591208.35090;[0.0175];[-0.9325];3195.09499;1;0;[0.0153];[-0.9347];3185.23138;200)]"
5,3,4708.123078166436,0.99911,1,0,[0.4551],[-0.4949],600246.634721756,"[(32944.59176;[0.4542];[-0.4958];4715.47658;1;0;[0.4551];[-0.4949];4708.12308;100),(46448.76981;[0.4538];[-0.4962];4715.14838;1;0;[0.4553];[-0.4947];4707.94387;100),(51952.32272;[0.4538];[-0.4962];4715.14838;1;0;[0.4553];[-0.4947];4707.94387;100),(57651.22390;[0.4538];[-0.4962];4715.14838;1;0;[0.4553];[-0.4947];4707.94387;100),(62173.40326;[0.4538];[-0.4962];4715.14838;1;0;[0.4553];[-0.4947];4707.94387;100),(67534.83772;[0.4538];[-0.4962];4715.14838;1;0;[0.4553];[-0.4947];4707.94387;100),(69122.49064;[0.3177];[-0.6323];4059.92835;1;0;[0.3212];[-0.6288];4055.45522;100),(70472.85724;[0.0653];[-0.8847];3476.48321;1;0;[0.0643];[-0.8857];3475.41784;100),(72852.40030;[0.0211];[-0.9289];3353.51133;1;0;[0.0176];[-0.9324];3353.09852;100),(73338.92369;[0.0091];[-0.9409];3251.64870;1;0;[0.009];[-0.941];3251.17925;100),(75301.61023;[0.0023];[-0.9477];3128.75728;1;0;[0.0025];[-0.9475];3128.43351;100),(76336.21335;[0.0007];[-0.9493];3001.87732;1;0;[0.0006];[-0.9494];3001.24275;100),(77369.08555;[0.001];[-0.949];2948.04253;1;0;[0.0006];[-0.9494];2946.99084;100),(78228.25909;[0.0001];[-0.9499];2834.62425;1;0;[0.0001];[-0.9499];2833.53529;100),(80120.12482;[0.];[-0.95];2833.80139;1;0;[0.0001];[-0.9499];2832.71804;100),(80523.96488;[0.];[-0.95];2833.80139;1;0;[0.0001];[-0.9499];2832.71804;100),(86164.22248;[0.4538];[-0.4962];4715.14838;1;0;[0.4553];[-0.4947];4707.94387;100),(92938.81941;[0.3532];[-0.5968];4166.12009;1;0;[0.3527];[-0.5973];4161.02424;100),(99418.16831;[0.0641];[-0.8859];3475.36996;1;0;[0.0637];[-0.8863];3474.30678;100),(105324.58353;[0.0087];[-0.9413];3286.56315;1;0;[0.0086];[-0.9414];3286.47765;100),(110978.29604;[0.];[-0.95];2833.80139;1;0;[0.0001];[-0.9499];2832.71804;100),(113332.59845;[0.];[-0.95];2833.80139;1;0;[0.0001];[-0.9499];2832.71804;100),(118118.87670;[0.4538];[-0.4962];4715.14838;1;0;[0.4553];[-0.4947];4707.94387;100),(127002.85459;[0.3322];[-0.6178];4093.56806;1;0;[0.3351];[-0.6149];4088.60411;100),(133825.33550;[0.0543];[-0.8957];3451.35873;1;0;[0.0537];[-0.8963];3450.43435;100),(138498.17157;[0.005];[-0.945];3229.94058;1;0;[0.0051];[-0.9449];3229.85013;100),(149243.08372;[0.];[-0.95];2833.80139;1;0;[0.0001];[-0.9499];2832.71804;100),(156710.61110;[0.4538];[-0.4962];4715.14838;1;0;[0.4553];[-0.4947];4707.94387;100),(162441.83969;[0.3532];[-0.5968];4166.12009;1;0;[0.3527];[-0.5973];4161.02424;100),(169909.02019;[0.0622];[-0.8878];3476.09208;1;0;[0.0616];[-0.8884];3475.17078;100),(175711.94339;[0.0087];[-0.9413];3286.56315;1;0;[0.0086];[-0.9414];3286.47765;100),(188223.49906;[0.0024];[-0.9476];3124.54655;1;0;[0.0025];[-0.9475];3124.17149;100),(191576.42102;[0.0007];[-0.9493];3047.31450;1;0;[0.0006];[-0.9494];3047.00898;100),(193557.41453;[0.0009];[-0.9491];2993.22898;1;0;[0.0006];[-0.9494];2992.43723;100),(196718.28365;[0.0007];[-0.9493];2962.41864;1;0;[0.0006];[-0.9494];2961.49875;100),(200495.21112;[0.001];[-0.949];2946.63083;1;0;[0.0006];[-0.9494];2945.59274;100),(206057.83868;[0.0003];[-0.9497];2870.28780;1;0;[0.0002];[-0.9498];2869.10272;100),(211128.99590;[0.4538];[-0.4962];4715.14838;1;0;[0.4553];[-0.4947];4707.94387;100),(218208.25410;[0.3448];[-0.6052];4126.07396;1;0;[0.345];[-0.605];4120.81465;100),(224351.31812;[0.0648];[-0.8852];3484.56934;1;0;[0.0639];[-0.8861];3483.63743;100),(230051.12791;[0.0131];[-0.9369];3298.34362;1;0;[0.0119];[-0.9381];3297.94949;100),(237380.13387;[0.0003];[-0.9497];2870.28780;1;0;[0.0002];[-0.9498];2869.10272;100),(248747.04170;[0.0002];[-0.9498];2866.47501;1;0;[0.0002];[-0.9498];2865.30815;100),(252932.23119;[0.4538];[-0.4962];4715.14838;1;0;[0.4553];[-0.4947];4707.94387;100),(259964.52188;[0.3448];[-0.6052];4126.07396;1;0;[0.345];[-0.605];4120.81465;100),(266844.38133;[0.0648];[-0.8852];3484.56934;1;0;[0.0639];[-0.8861];3483.63743;100),(272460.51645;[0.0131];[-0.9369];3298.34362;1;0;[0.0119];[-0.9381];3297.94949;100),(281058.10618;[0.0002];[-0.9498];2866.47501;1;0;[0.0002];[-0.9498];2865.30815;100),(294597.92185;[0.4538];[-0.4962];4715.14838;1;0;[0.4553];[-0.4947];4707.94387;100),(302698.27104;[0.3448];[-0.6052];4126.07396;1;0;[0.345];[-0.605];4120.81465;100),(309176.63980;[0.0648];[-0.8852];3484.56934;1;0;[0.0639];[-0.8861];3483.63743;100),(314895.22314;[0.0131];[-0.9369];3298.34362;1;0;[0.0119];[-0.9381];3297.94949;100),(329059.14807;[0.0026];[-0.9474];3152.13218;1;0;[0.0027];[-0.9473];3151.88941;100),(332157.72009;[0.0016];[-0.9484];3083.29819;1;0;[0.001];[-0.949];3082.91199;100),(333728.81436;[0.001];[-0.949];3035.67328;1;0;[0.0006];[-0.9494];3035.28090;100),(336683.79664;[0.0007];[-0.9493];2989.27213;1;0;[0.0006];[-0.9494];2988.51126;100),(338826.81608;[0.0007];[-0.9493];2965.83096;1;0;[0.0006];[-0.9494];2964.90983;100),(342369.77077;[0.0007];[-0.9493];2962.41864;1;0;[0.0006];[-0.9494];2961.49875;100),(344642.85731;[0.001];[-0.949];2946.63083;1;0;[0.0006];[-0.9494];2945.59274;100),(345166.71538;[0.001];[-0.949];2946.63083;1;0;[0.0006];[-0.9494];2945.59274;100),(351018.00013;[0.4538];[-0.4962];4715.14838;1;0;[0.4553];[-0.4947];4707.94387;100),(359529.12498;[0.3271];[-0.6229];4082.46465;1;0;[0.3314];[-0.6186];4077.60255;100),(366788.74087;[0.0572];[-0.8928];3465.19294;1;0;[0.0573];[-0.8927];3464.23440;100),(371993.75224;[0.0142];[-0.9358];3304.29627;1;0;[0.0128];[-0.9372];3303.82903;100),(380032.90701;[0.001];[-0.949];2946.63083;1;0;[0.0006];[-0.9494];2945.59274;100),(393984.93218;[0.4538];[-0.4962];4715.14838;1;0;[0.4553];[-0.4947];4707.94387;100),(401502.18368;[0.3271];[-0.6229];4082.46465;1;0;[0.3314];[-0.6186];4077.60255;100),(409395.36405;[0.0572];[-0.8928];3465.19294;1;0;[0.0573];[-0.8927];3464.23440;100),(415701.20358;[0.0142];[-0.9358];3304.29627;1;0;[0.0128];[-0.9372];3303.82903;100),(429824.52798;[0.0036];[-0.9464];3176.72674;1;0;[0.0037];[-0.9463];3176.39546;100),(433068.62283;[0.0016];[-0.9484];3102.58068;1;0;[0.0012];[-0.9488];3102.27239;100),(437358.83641;[0.0007];[-0.9493];3047.31450;1;0;[0.0006];[-0.9494];3047.00898;100),(440327.48199;[0.0005];[-0.9495];3000.84534;1;0;[0.0006];[-0.9494];3000.24749;100),(443088.36389;[0.0007];[-0.9493];2965.83096;1;0;[0.0006];[-0.9494];2964.90983;100),(449127.54560;[0.0007];[-0.9493];2962.41864;1;0;[0.0006];[-0.9494];2961.49875;100),(457221.12870;[0.4538];[-0.4962];4715.14838;1;0;[0.4553];[-0.4947];4707.94387;100),(464784.53970;[0.3407];[-0.6093];4117.99614;1;0;[0.3422];[-0.6078];4112.82535;100),(471610.77785;[0.064];[-0.886];3472.62357;1;0;[0.0637];[-0.8863];3471.63443;100),(477742.02728;[0.0131];[-0.9369];3316.51526;1;0;[0.0122];[-0.9378];3316.22570;100),(490940.85598;[0.0053];[-0.9447];3196.96882;1;0;[0.0054];[-0.9446];3196.56004;100),(495952.27814;[0.0024];[-0.9476];3132.04836;1;0;[0.0025];[-0.9475];3131.71172;100),(497726.26066;[0.0016];[-0.9484];3082.98210;1;0;[0.001];[-0.949];3082.60394;100),(501986.22727;[0.001];[-0.949];3036.37307;1;0;[0.0006];[-0.9494];3035.97350;100),(504027.07052;[0.0007];[-0.9493];2988.67665;1;0;[0.0006];[-0.9494];2987.92219;100),(507788.77544;[0.0007];[-0.9493];2987.86043;1;0;[0.0006];[-0.9494];2987.11316;100),(510226.45664;[0.0007];[-0.9493];2987.86043;1;0;[0.0006];[-0.9494];2987.11316;100),(515691.75601;[0.4538];[-0.4962];4715.14838;1;0;[0.4553];[-0.4947];4707.94387;100),(521642.88759;[0.3274];[-0.6226];4063.72209;1;0;[0.3314];[-0.6186];4058.55644;100),(528462.72039;[0.0673];[-0.8827];3478.63247;1;0;[0.0673];[-0.8827];3477.53903;100),(533112.27942;[0.0127];[-0.9373];3325.89114;1;0;[0.0121];[-0.9379];3325.71732;100),(540018.74948;[0.0007];[-0.9493];2987.86043;1;0;[0.0006];[-0.9494];2987.11316;100),(553992.76876;[0.4538];[-0.4962];4715.14838;1;0;[0.4553];[-0.4947];4707.94387;100),(559303.79319;[0.3274];[-0.6226];4063.72209;1;0;[0.3314];[-0.6186];4058.55644;100),(565493.17694;[0.0673];[-0.8827];3478.63247;1;0;[0.0673];[-0.8827];3477.53903;100),(571407.07254;[0.0187];[-0.9313];3324.33858;1;0;[0.0158];[-0.9342];3323.78114;100),(584042.85288;[0.0055];[-0.9445];3205.11130;1;0;[0.0058];[-0.9442];3204.72605;100),(586788.19060;[0.0024];[-0.9476];3148.36916;1;0;[0.0025];[-0.9475];3148.16295;100),(588714.33306;[0.0016];[-0.9484];3082.98210;1;0;[0.001];[-0.949];3082.60394;100),(593866.55974;[0.001];[-0.949];3036.37307;1;0;[0.0006];[-0.9494];3035.97350;100),(597690.66930;[0.001];[-0.949];3034.65733;1;0;[0.0006];[-0.9494];3034.21400;100),(600022.03321;[0.0007];[-0.9493];2988.67665;1;0;[0.0006];[-0.9494];2987.92219;100)]"
5,4,4705.57042067131,0.99857,1,0,[0.4506],[-0.4994],600336.076259613,"[(31466.79711;[0.4591];[-0.4909];4773.18783;1;0;[0.4506];[-0.4994];4705.57042;100),(48901.22557;[0.4591];[-0.4909];4773.18783;1;0;[0.4506];[-0.4994];4705.57042;100),(53606.91786;[0.4591];[-0.4909];4773.18783;1;0;[0.4506];[-0.4994];4705.57042;100),(59461.95126;[0.4591];[-0.4909];4773.18783;1;0;[0.4506];[-0.4994];4705.57042;100),(65267.01665;[0.4591];[-0.4909];4773.18783;1;0;[0.4506];[-0.4994];4705.57042;100),(70029.72317;[0.4591];[-0.4909];4773.18783;1;0;[0.4506];[-0.4994];4705.57042;100),(70752.33150;[0.3296];[-0.6204];4096.68849;1;0;[0.3261];[-0.6239];4059.35155;100),(72575.06800;[0.047];[-0.903];3431.78249;1;0;[0.0467];[-0.9033];3420.38527;100),(73145.96152;[0.0104];[-0.9396];3255.12156;1;0;[0.0084];[-0.9416];3247.21389;100),(75372.49994;[0.0128];[-0.9372];3168.16926;1;0;[0.0113];[-0.9387];3157.74171;100),(77946.33031;[0.0066];[-0.9434];3088.04026;1;0;[0.0062];[-0.9438];3078.22035;100),(80351.49693;[0.0047];[-0.9453];3025.86739;1;0;[0.0046];[-0.9454];3015.75111;100),(82914.70551;[0.0023];[-0.9477];2978.64936;1;0;[0.0026];[-0.9474];2969.24356;100),(86574.26476;[0.0005];[-0.9495];2907.62787;1;0;[0.0006];[-0.9494];2899.31019;100),(88238.68775;[0.0005];[-0.9495];2905.59418;1;0;[0.0006];[-0.9494];2897.28722;100),(90421.53764;[0.0005];[-0.9495];2905.59418;1;0;[0.0006];[-0.9494];2897.28722;100),(97553.76673;[0.4591];[-0.4909];4773.18783;1;0;[0.4506];[-0.4994];4705.57042;100),(103611.88507;[0.1126];[-0.8374];3651.36704;1;0;[0.1102];[-0.8398];3638.80555;100),(111487.03027;[0.069];[-0.881];3480.27264;1;0;[0.0631];[-0.8869];3467.67553;100),(116804.18873;[0.0122];[-0.9378];3281.52720;1;0;[0.0105];[-0.9395];3273.54221;100),(130035.25805;[0.0116];[-0.9384];3157.14123;1;0;[0.0095];[-0.9405];3147.10207;100),(131778.38326;[0.0046];[-0.9454];3025.57606;1;0;[0.0046];[-0.9454];3015.48144;100),(136121.37151;[0.003];[-0.947];2999.76194;1;0;[0.0029];[-0.9471];2990.14856;100),(138951.27630;[0.0014];[-0.9486];2965.07987;1;0;[0.0013];[-0.9487];2956.07777;100),(147275.31385;[0.0014];[-0.9486];2963.39137;1;0;[0.0013];[-0.9487];2954.34749;100),(152213.86123;[0.4591];[-0.4909];4773.18783;1;0;[0.4506];[-0.4994];4705.57042;100),(157534.07216;[0.1126];[-0.8374];3651.36704;1;0;[0.1102];[-0.8398];3638.80555;100),(164757.46989;[0.069];[-0.881];3480.27264;1;0;[0.0631];[-0.8869];3467.67553;100),(169634.60684;[0.0125];[-0.9375];3284.79712;1;0;[0.0112];[-0.9388];3276.69441;100),(177038.49912;[0.0014];[-0.9486];2963.39137;1;0;[0.0013];[-0.9487];2954.34749;100),(193880.05924;[0.4591];[-0.4909];4773.18783;1;0;[0.4506];[-0.4994];4705.57042;100),(200377.45118;[0.1126];[-0.8374];3651.36704;1;0;[0.1102];[-0.8398];3638.80555;100),(206674.59440;[0.069];[-0.881];3480.27264;1;0;[0.0631];[-0.8869];3467.67553;100),(212298.31123;[0.0125];[-0.9375];3284.79712;1;0;[0.0112];[-0.9388];3276.69441;100),(225054.85845;[0.0117];[-0.9383];3161.24000;1;0;[0.0099];[-0.9401];3151.17323;100),(227127.42019;[0.003];[-0.947];2999.76194;1;0;[0.0029];[-0.9471];2990.14856;100),(234283.35118;[0.0028];[-0.9472];2997.20956;1;0;[0.0028];[-0.9472];2987.65123;100),(236387.22825;[0.0027];[-0.9473];2991.85940;1;0;[0.0026];[-0.9474];2982.36880;100),(241749.34959;[0.4591];[-0.4909];4773.18783;1;0;[0.4506];[-0.4994];4705.57042;100),(248642.99321;[0.1071];[-0.8429];3638.31274;1;0;[0.1025];[-0.8475];3626.09955;100),(256046.49711;[0.0577];[-0.8923];3479.94718;1;0;[0.0556];[-0.8944];3468.43014;100),(261286.84783;[0.0155];[-0.9345];3288.59081;1;0;[0.0137];[-0.9363];3279.65668;100),(268684.81255;[0.0027];[-0.9473];2991.85940;1;0;[0.0026];[-0.9474];2982.36880;100),(276772.55034;[0.0027];[-0.9473];2991.85940;1;0;[0.0026];[-0.9474];2982.36880;100),(282298.15078;[0.4591];[-0.4909];4773.18783;1;0;[0.4506];[-0.4994];4705.57042;100),(288641.71028;[0.1071];[-0.8429];3638.31274;1;0;[0.1025];[-0.8475];3626.09955;100),(297382.38645;[0.0577];[-0.8923];3479.94718;1;0;[0.0556];[-0.8944];3468.43014;100),(304182.30653;[0.0155];[-0.9345];3288.59081;1;0;[0.0137];[-0.9363];3279.65668;100),(311759.16648;[0.0027];[-0.9473];2991.85940;1;0;[0.0026];[-0.9474];2982.36880;100),(326900.25759;[0.4591];[-0.4909];4773.18783;1;0;[0.4506];[-0.4994];4705.57042;100),(334682.75046;[0.1071];[-0.8429];3638.31274;1;0;[0.1025];[-0.8475];3626.09955;100),(341925.12083;[0.0577];[-0.8923];3479.94718;1;0;[0.0556];[-0.8944];3468.43014;100),(347503.64828;[0.0155];[-0.9345];3288.59081;1;0;[0.0137];[-0.9363];3279.65668;100),(361951.95079;[0.0128];[-0.9372];3167.83013;1;0;[0.0111];[-0.9389];3157.43366;100),(364122.88237;[0.0074];[-0.9426];3105.79865;1;0;[0.0067];[-0.9433];3095.95118;100),(366758.19945;[0.0076];[-0.9424];3054.69141;1;0;[0.007];[-0.943];3043.92910;100),(368433.75158;[0.0046];[-0.9454];3025.57606;1;0;[0.0046];[-0.9454];3015.48144;100),(373778.74923;[0.0045];[-0.9455];3025.06559;1;0;[0.0044];[-0.9456];3014.99335;100),(376912.21309;[0.0044];[-0.9456];3024.33294;1;0;[0.0043];[-0.9457];3014.28784;100),(378812.82020;[0.0046];[-0.9454];3023.44961;1;0;[0.0046];[-0.9454];3013.32399;100),(384168.94245;[0.4591];[-0.4909];4773.18783;1;0;[0.4506];[-0.4994];4705.57042;100),(391356.42266;[0.1428];[-0.8072];3634.22884;1;0;[0.1408];[-0.8092];3617.76065;100),(400967.07988;[0.0561];[-0.8939];3462.18086;1;0;[0.0537];[-0.8963];3450.43435;100),(408650.02823;[0.0168];[-0.9332];3293.55621;1;0;[0.0152];[-0.9348];3284.48736;100),(415022.55297;[0.0046];[-0.9454];3023.44961;1;0;[0.0046];[-0.9454];3013.32399;100),(429112.28251;[0.4591];[-0.4909];4773.18783;1;0;[0.4506];[-0.4994];4705.57042;100),(435273.74363;[0.1428];[-0.8072];3634.22884;1;0;[0.1408];[-0.8092];3617.76065;100),(442632.10130;[0.0561];[-0.8939];3462.18086;1;0;[0.0537];[-0.8963];3450.43435;100),(449172.81961;[0.0168];[-0.9332];3293.55621;1;0;[0.0152];[-0.9348];3284.48736;100),(462430.10139;[0.0103];[-0.9397];3183.01309;1;0;[0.0079];[-0.9421];3173.98781;100),(464694.43083;[0.0116];[-0.9384];3118.39992;1;0;[0.0098];[-0.9402];3107.66494;100),(467004.21929;[0.0076];[-0.9424];3054.69141;1;0;[0.007];[-0.943];3043.92910;100),(467513.58318;[0.0045];[-0.9455];3025.06559;1;0;[0.0044];[-0.9456];3014.99335;100),(471246.50574;[0.0044];[-0.9456];3024.33294;1;0;[0.0043];[-0.9457];3014.28784;100),(475636.33490;[0.4591];[-0.4909];4773.18783;1;0;[0.4506];[-0.4994];4705.57042;100),(481893.10861;[0.1464];[-0.8036];3629.91565;1;0;[0.1439];[-0.8061];3612.86453;100),(490108.47759;[0.0498];[-0.9002];3462.42670;1;0;[0.0488];[-0.9012];3451.47912;100),(495161.14593;[0.0123];[-0.9377];3295.68719;1;0;[0.0105];[-0.9395];3287.94299;100),(500802.87790;[0.0044];[-0.9456];3024.33294;1;0;[0.0043];[-0.9457];3014.28784;100),(510354.19893;[0.4591];[-0.4909];4773.18783;1;0;[0.4506];[-0.4994];4705.57042;100),(515373.77429;[0.1464];[-0.8036];3629.91565;1;0;[0.1439];[-0.8061];3612.86453;100),(523995.22471;[0.0498];[-0.9002];3462.42670;1;0;[0.0488];[-0.9012];3451.47912;100),(530061.61427;[0.0123];[-0.9377];3295.68719;1;0;[0.0105];[-0.9395];3287.94299;100),(541182.78289;[0.011];[-0.939];3189.72708;1;0;[0.0089];[-0.9411];3180.41962;100),(543050.54593;[0.0125];[-0.9375];3121.43774;1;0;[0.0107];[-0.9393];3110.43287;100),(544892.68756;[0.0071];[-0.9429];3049.72182;1;0;[0.0067];[-0.9433];3039.13838;100),(547163.59782;[0.0046];[-0.9454];3025.57606;1;0;[0.0046];[-0.9454];3015.48144;100),(550365.70024;[0.0044];[-0.9456];3024.33294;1;0;[0.0043];[-0.9457];3014.28784;100),(560539.16883;[0.4591];[-0.4909];4773.18783;1;0;[0.4506];[-0.4994];4705.57042;100),(567270.98489;[0.1492];[-0.8008];3633.40095;1;0;[0.1463];[-0.8037];3616.15710;100),(574327.12507;[0.0524];[-0.8976];3468.64471;1;0;[0.0508];[-0.8992];3457.55921;100),(579894.17243;[0.0132];[-0.9368];3305.88549;1;0;[0.0119];[-0.9381];3297.94949;100),(590837.40735;[0.0088];[-0.9412];3196.31602;1;0;[0.0073];[-0.9427];3187.81451;100),(592606.95076;[0.0129];[-0.9371];3130.38910;1;0;[0.0117];[-0.9383];3119.27276;100),(594011.55066;[0.0071];[-0.9429];3049.52641;1;0;[0.0066];[-0.9434];3038.96473;100),(597730.38387;[0.0068];[-0.9432];3049.11323;1;0;[0.0066];[-0.9434];3038.57279;100),(599088.29927;[0.0066];[-0.9434];3048.48531;1;0;[0.0065];[-0.9435];3037.96826;100)]"
5,5,4697.878076844052,0.99694,1,0,[0.4572],[-0.4928],603457.0465087891,"[(32675.66347;[0.2761];[-0.6739];4482.43848;1;0;[0.2794];[-0.6706];4535.44697;100),(46888.49783;[0.2761];[-0.6739];4482.43848;1;0;[0.2794];[-0.6706];4535.44697;100),(54297.62745;[0.2761];[-0.6739];4482.43848;1;0;[0.2794];[-0.6706];4535.44697;100),(60106.63414;[0.2761];[-0.6739];4482.43848;1;0;[0.2794];[-0.6706];4535.44697;100),(66618.28279;[0.2761];[-0.6739];4482.43848;1;0;[0.2794];[-0.6706];4535.44697;100),(72748.95978;[0.2761];[-0.6739];4482.43848;1;0;[0.2794];[-0.6706];4535.44697;100),(73988.95335;[0.0441];[-0.9059];3585.02668;1;0;[0.0482];[-0.9018];3592.84013;100),(77011.41357;[0.0233];[-0.9267];3386.77032;1;0;[0.0248];[-0.9252];3390.71311;100),(79166.31699;[0.0027];[-0.9473];3029.19172;1;0;[0.0029];[-0.9471];3031.86150;100),(80045.53080;[0.0018];[-0.9482];2951.94508;1;0;[0.0013];[-0.9487];2954.34749;100),(80610.78024;[0.0005];[-0.9495];2899.97940;1;0;[0.0006];[-0.9494];2902.09856;100),(81297.64009;[0.0001];[-0.9499];2867.67657;1;0;[0.0002];[-0.9498];2869.61109;100),(81836.86709;[0.0001];[-0.9499];2832.10939;1;0;[0.0001];[-0.9499];2833.91058;100),(82819.76271;[0.0001];[-0.9499];2830.29853;1;0;[0.0001];[-0.9499];2832.10584;100),(83325.45280;[0.0001];[-0.9499];2829.27386;1;0;[0.0001];[-0.9499];2831.07751;100),(87892.22121;[0.4447];[-0.5053];4680.28979;1;0;[0.4494];[-0.5006];4707.80636;100),(95056.11396;[0.065];[-0.885];3607.84451;1;0;[0.0658];[-0.8842];3615.68292;100),(102715.25621;[0.0543];[-0.8957];3449.62012;1;0;[0.0558];[-0.8942];3454.27826;100),(107933.62474;[0.0068];[-0.9432];3248.43256;1;0;[0.0073];[-0.9427];3251.87906;100),(113284.51848;[0.0001];[-0.9499];2829.27386;1;0;[0.0001];[-0.9499];2831.07751;100),(120179.44098;[0.4447];[-0.5053];4680.28979;1;0;[0.4494];[-0.5006];4707.80636;100),(127818.12382;[0.0934];[-0.8566];3607.11881;1;0;[0.095];[-0.855];3614.50158;100),(135319.00573;[0.0372];[-0.9128];3423.09733;1;0;[0.0386];[-0.9114];3427.42110;100),(142582.18575;[0.0073];[-0.9427];3171.39158;1;0;[0.008];[-0.942];3174.63363;100),(160027.13704;[0.4447];[-0.5053];4680.28979;1;0;[0.4494];[-0.5006];4707.80636;100),(165955.98984;[0.0625];[-0.8875];3621.62075;1;0;[0.0639];[-0.8861];3629.72701;100),(172874.79138;[0.0631];[-0.8869];3469.47967;1;0;[0.0637];[-0.8863];3474.30678;100),(177579.64253;[0.0129];[-0.9371];3300.43525;1;0;[0.0128];[-0.9372];3303.82903;100),(185866.11962;[0.0028];[-0.9472];3038.70816;1;0;[0.003];[-0.947];3041.46274;100),(186488.89089;[0.0001];[-0.9499];2867.17132;1;0;[0.0002];[-0.9498];2869.10272;100),(187704.28729;[0.0001];[-0.9499];2831.86379;1;0;[0.0001];[-0.9499];2833.66684;100),(188403.62239;[0.0001];[-0.9499];2830.29853;1;0;[0.0001];[-0.9499];2832.10584;100),(188904.14357;[0.0001];[-0.9499];2830.29853;1;0;[0.0001];[-0.9499];2832.10584;100),(194204.42128;[0.4447];[-0.5053];4680.28979;1;0;[0.4494];[-0.5006];4707.80636;100),(199535.62236;[0.0495];[-0.9005];3590.70647;1;0;[0.0534];[-0.8966];3598.67039;100),(206981.78458;[0.0561];[-0.8939];3452.94692;1;0;[0.0571];[-0.8929];3457.53583;100),(213606.60934;[0.0087];[-0.9413];3264.85406;1;0;[0.009];[-0.941];3268.29290;100),(218303.07961;[0.0001];[-0.9499];2830.29853;1;0;[0.0001];[-0.9499];2832.10584;100),(219805.61042;[0.0001];[-0.9499];2829.27386;1;0;[0.0001];[-0.9499];2831.07751;100),(225090.08384;[0.4447];[-0.5053];4680.28979;1;0;[0.4494];[-0.5006];4707.80636;100),(231673.51508;[0.0495];[-0.9005];3590.70647;1;0;[0.0534];[-0.8966];3598.67039;100),(239633.77881;[0.0561];[-0.8939];3452.94692;1;0;[0.0571];[-0.8929];3457.53583;100),(245190.82642;[0.0087];[-0.9413];3264.85406;1;0;[0.009];[-0.941];3268.29290;100),(250847.44906;[0.0001];[-0.9499];2829.27386;1;0;[0.0001];[-0.9499];2831.07751;100),(257490.71717;[0.4447];[-0.5053];4680.28979;1;0;[0.4494];[-0.5006];4707.80636;100),(263880.99551;[0.0495];[-0.9005];3590.70647;1;0;[0.0534];[-0.8966];3598.67039;100),(270663.62405;[0.0561];[-0.8939];3452.94692;1;0;[0.0571];[-0.8929];3457.53583;100),(277644.11926;[0.0087];[-0.9413];3264.85406;1;0;[0.009];[-0.941];3268.29290;100),(289892.82417;[0.0036];[-0.9464];3078.87661;1;0;[0.004];[-0.946];3081.77773;100),(290585.47544;[0.0001];[-0.9499];2870.47444;1;0;[0.0002];[-0.9498];2872.37147;100),(292364.27832;[0.0001];[-0.9499];2867.17132;1;0;[0.0002];[-0.9498];2869.10272;100),(293435.71281;[0.0001];[-0.9499];2863.37855;1;0;[0.0002];[-0.9498];2865.30815;100),(302742.28096;[0.4464];[-0.5036];4675.74690;1;0;[0.451];[-0.499];4702.63410;100),(311407.15194;[0.048];[-0.902];3579.40109;1;0;[0.0515];[-0.8985];3586.94967;100),(321605.01695;[0.0377];[-0.9123];3424.41242;1;0;[0.0393];[-0.9107];3428.63040;100),(327709.31530;[0.0106];[-0.9394];3276.75470;1;0;[0.0111];[-0.9389];3280.09949;100),(341220.89553;[0.0027];[-0.9473];3091.53947;1;0;[0.0028];[-0.9472];3094.57279;100),(341946.29431;[0.0001];[-0.9499];2867.17132;1;0;[0.0002];[-0.9498];2869.10272;100),(343146.75999;[0.0001];[-0.9499];2863.37855;1;0;[0.0002];[-0.9498];2865.30815;100),(348663.85674;[0.4492];[-0.5008];4679.19542;1;0;[0.4536];[-0.4964];4705.50171;100),(354605.09658;[0.0655];[-0.8845];3587.95859;1;0;[0.0655];[-0.8845];3595.38600;100),(362846.95172;[0.0385];[-0.9115];3425.61592;1;0;[0.0401];[-0.9099];3429.84429;100),(368265.73896;[0.0108];[-0.9392];3279.78743;1;0;[0.0111];[-0.9389];3283.02244;100),(382230.50761;[0.0036];[-0.9464];3118.70458;1;0;[0.0041];[-0.9459];3121.77122;100),(385124.64333;[0.0027];[-0.9473];3054.76810;1;0;[0.0029];[-0.9471];3057.62612;100),(387517.07363;[0.0026];[-0.9474];3006.21165;1;0;[0.0026];[-0.9474];3008.81201;100),(391181.74982;[0.0001];[-0.9499];2868.99113;1;0;[0.0002];[-0.9498];2870.89425;100),(394080.50919;[0.0001];[-0.9499];2867.67657;1;0;[0.0002];[-0.9498];2869.61109;100),(394755.47552;[0.0001];[-0.9499];2867.17132;1;0;[0.0002];[-0.9498];2869.10272;100),(395400.44379;[0.0001];[-0.9499];2867.17132;1;0;[0.0002];[-0.9498];2869.10272;100),(402672.36900;[0.4506];[-0.4994];4676.62735;1;0;[0.4553];[-0.4947];4702.42033;100),(409405.35307;[0.0729];[-0.8771];3580.62066;1;0;[0.0732];[-0.8768];3587.61606;100),(417786.37266;[0.0436];[-0.9064];3428.56104;1;0;[0.0463];[-0.9037];3432.77713;100),(423802.23274;[0.0105];[-0.9395];3288.32472;1;0;[0.011];[-0.939];3291.75906;100),(437379.94695;[0.0057];[-0.9443];3150.38317;1;0;[0.0064];[-0.9436];3153.60933;100),(439183.81882;[0.0038];[-0.9462];3083.46204;1;0;[0.0045];[-0.9455];3086.35375;100),(441054.91853;[0.0027];[-0.9473];3028.82933;1;0;[0.0028];[-0.9472];3031.49567;100),(443528.90348;[0.0017];[-0.9483];2977.80473;1;0;[0.0012];[-0.9488];2980.28468;100),(460453.34673;[0.4514];[-0.4986];4675.71797;1;0;[0.456];[-0.494];4701.26300;100),(465369.34614;[0.0741];[-0.8759];3584.21655;1;0;[0.0751];[-0.8749];3591.31532;100),(473209.22828;[0.0414];[-0.9086];3430.65396;1;0;[0.0436];[-0.9064];3434.92607;100),(480088.87172;[0.0137];[-0.9363];3295.18859;1;0;[0.0139];[-0.9361];3298.35096;100),(493499.97234;[0.006];[-0.944];3170.78823;1;0;[0.0066];[-0.9434];3174.06802;100),(496579.16093;[0.0056];[-0.9444];3105.48056;1;0;[0.0064];[-0.9436];3108.42656;100),(499532.48644;[0.0037];[-0.9463];3061.06979;1;0;[0.0043];[-0.9457];3063.86640;100),(501731.80413;[0.0026];[-0.9474];3006.92307;1;0;[0.0026];[-0.9474];3009.52054;100),(505954.45752;[0.0026];[-0.9474];3006.21165;1;0;[0.0026];[-0.9474];3008.81201;100),(507654.19865;[0.0027];[-0.9473];3005.92229;1;0;[0.0028];[-0.9472];3008.51941;100),(509186.29837;[0.0027];[-0.9473];3005.23453;1;0;[0.0028];[-0.9472];3007.82682;100),(509560.87351;[0.0027];[-0.9473];3005.23453;1;0;[0.0028];[-0.9472];3007.82682;100),(515452.02756;[0.4519];[-0.4981];4672.83970;1;0;[0.4572];[-0.4928];4697.87808;100),(521435.49633;[0.0716];[-0.8784];3572.78125;1;0;[0.0713];[-0.8787];3579.61257;100),(528865.73076;[0.0311];[-0.9189];3409.46891;1;0;[0.034];[-0.916];3413.84417;100),(534647.25471;[0.0087];[-0.9413];3264.85406;1;0;[0.009];[-0.941];3268.29290;100),(542290.64918;[0.0027];[-0.9473];3005.23453;1;0;[0.0028];[-0.9472];3007.82682;100),(553368.83140;[0.4519];[-0.4981];4672.83970;1;0;[0.4572];[-0.4928];4697.87808;100),(558883.78906;[0.0716];[-0.8784];3572.78125;1;0;[0.0713];[-0.8787];3579.61257;100),(566518.95189;[0.0311];[-0.9189];3409.46891;1;0;[0.034];[-0.916];3413.84417;100),(571697.91174;[0.0087];[-0.9413];3264.85406;1;0;[0.009];[-0.941];3268.29290;100),(583229.91967;[0.0027];[-0.9473];3005.23453;1;0;[0.0028];[-0.9472];3007.82682;100),(588029.96874;[0.4519];[-0.4981];4672.83970;1;0;[0.4572];[-0.4928];4697.87808;100),(593034.62434;[0.0726];[-0.8774];3585.77229;1;0;[0.0722];[-0.8778];3592.98412;100),(599090.34610;[0.0471];[-0.9029];3436.15361;1;0;[0.0493];[-0.9007];3440.71974;100)]"
5,6,4690.307064768892,0.99533,1,0,[0.4566],[-0.4934],603906.8355560303,"[(34397.22776;[0.4587];[-0.4913];4724.59677;1;0;[0.4513];[-0.4987];4692.68122;100),(45046.70525;[0.4592];[-0.4908];4725.79229;1;0;[0.4516];[-0.4984];4693.70018;100),(51097.61834;[0.4592];[-0.4908];4725.79229;1;0;[0.4516];[-0.4984];4693.70018;100),(57203.52769;[0.4592];[-0.4908];4725.79229;1;0;[0.4516];[-0.4984];4693.70018;100),(62230.93963;[0.4592];[-0.4908];4725.79229;1;0;[0.4516];[-0.4984];4693.70018;100),(67302.41323;[0.4592];[-0.4908];4725.79229;1;0;[0.4516];[-0.4984];4693.70018;100),(68707.84926;[0.3449];[-0.6051];4150.59241;1;0;[0.3392];[-0.6108];4130.68758;100),(69738.40070;[0.014];[-0.936];3488.58826;1;0;[0.0155];[-0.9345];3489.80318;100),(70667.44351;[0.0108];[-0.9392];3311.13827;1;0;[0.0107];[-0.9393];3307.51771;100),(71372.07198;[0.0018];[-0.9482];3074.50484;1;0;[0.003];[-0.947];3070.11680;100),(73009.47261;[0.];[-0.95];2917.87126;1;0;[0.0002];[-0.9498];2913.21857;100),(73913.71369;[0.];[-0.95];2881.36312;1;0;[0.0001];[-0.9499];2877.09474;100),(74788.24830;[0.];[-0.95];2823.52883;1;0;[0.];[-0.95];2819.27965;100),(75246.18721;[0.];[-0.95];2820.71911;1;0;[0.];[-0.95];2816.53897;100),(75826.52140;[0.];[-0.95];2820.71911;1;0;[0.];[-0.95];2816.53897;100),(82346.57168;[0.4587];[-0.4913];4724.59677;1;0;[0.4513];[-0.4987];4692.68122;100),(88097.61262;[0.0395];[-0.9105];3599.36759;1;0;[0.0423];[-0.9077];3599.44051;100),(94684.92126;[0.0563];[-0.8937];3477.01300;1;0;[0.0569];[-0.8931];3470.85332;100),(100967.15879;[0.0123];[-0.9377];3321.78757;1;0;[0.0126];[-0.9374];3317.73918;100),(113894.23323;[0.0073];[-0.9427];3184.12468;1;0;[0.008];[-0.942];3179.10470;100),(115586.46703;[0.0017];[-0.9483];3025.49376;1;0;[0.0026];[-0.9474];3020.35074;100),(119522.22109;[0.];[-0.95];2896.23160;1;0;[0.0002];[-0.9498];2891.24733;100),(121181.62704;[0.];[-0.95];2858.77136;1;0;[0.0001];[-0.9499];2854.20332;100),(122398.61512;[0.];[-0.95];2856.73996;1;0;[0.0001];[-0.9499];2852.14517;100),(123223.18959;[0.];[-0.95];2855.69220;1;0;[0.0001];[-0.9499];2851.11683;100),(129470.17694;[0.4592];[-0.4908];4725.79229;1;0;[0.4516];[-0.4984];4693.70018;100),(135326.85900;[0.0374];[-0.9126];3593.93617;1;0;[0.0407];[-0.9093];3594.17319;100),(142582.87454;[0.0556];[-0.8944];3474.95574;1;0;[0.0556];[-0.8944];3468.84759;100),(148789.93773;[0.0107];[-0.9393];3320.84278;1;0;[0.0108];[-0.9392];3317.22052;100),(154925.04096;[0.];[-0.95];2855.69220;1;0;[0.0001];[-0.9499];2851.11683;100),(161442.40785;[0.4587];[-0.4913];4724.59677;1;0;[0.4513];[-0.4987];4692.68122;100),(168665.81702;[0.0374];[-0.9126];3593.93617;1;0;[0.0407];[-0.9093];3594.17319;100),(176157.33528;[0.0556];[-0.8944];3474.95574;1;0;[0.0556];[-0.8944];3468.84759;100),(182062.78729;[0.0136];[-0.9364];3324.01326;1;0;[0.0141];[-0.9359];3319.81555;100),(194833.02212;[0.0073];[-0.9427];3200.65402;1;0;[0.0079];[-0.9421];3195.81371;100),(195475.66247;[0.003];[-0.947];3056.21772;1;0;[0.0039];[-0.9461];3050.75014;100),(199055.34506;[0.0011];[-0.9489];2996.05995;1;0;[0.0011];[-0.9489];2991.10686;100),(202228.34635;[0.0012];[-0.9488];2974.17607;1;0;[0.0011];[-0.9489];2968.88277;100),(214876.79815;[0.4592];[-0.4908];4725.79229;1;0;[0.4516];[-0.4984];4693.70018;100),(222121.32835;[0.0399];[-0.9101];3584.67807;1;0;[0.0418];[-0.9082];3584.22369;100),(228936.11646;[0.0493];[-0.9007];3469.65413;1;0;[0.0499];[-0.9001];3464.19570;100),(235060.42051;[0.0128];[-0.9372];3327.98916;1;0;[0.0132];[-0.9368];3323.78936;100),(247857.22494;[0.0101];[-0.9399];3220.02897;1;0;[0.0104];[-0.9396];3214.96413;100),(248662.54044;[0.0028];[-0.9472];3076.36702;1;0;[0.0039];[-0.9461];3071.36810;100),(249408.98657;[0.003];[-0.947];3056.21772;1;0;[0.0039];[-0.9461];3050.75014;100),(253022.76802;[0.0029];[-0.9471];3033.37638;1;0;[0.0039];[-0.9461];3027.59970;100),(254287.37497;[0.0029];[-0.9471];3033.37638;1;0;[0.0039];[-0.9461];3027.59970;100),(259977.84877;[0.4587];[-0.4913];4724.59677;1;0;[0.4513];[-0.4987];4692.68122;100),(266340.52110;[0.035];[-0.915];3582.22499;1;0;[0.0374];[-0.9126];3582.12696;100),(274225.08454;[0.0498];[-0.9002];3471.38498;1;0;[0.0501];[-0.8999];3465.72553;100),(280149.47009;[0.0112];[-0.9388];3326.39807;1;0;[0.0115];[-0.9385];3322.65192;100),(286578.03822;[0.0029];[-0.9471];3033.37638;1;0;[0.0039];[-0.9461];3027.59970;100),(292097.92376;[0.0017];[-0.9483];3020.12106;1;0;[0.0026];[-0.9474];3014.98989;100),(297273.27609;[0.4637];[-0.4863];4731.95207;1;0;[0.4565];[-0.4935];4698.69366;100),(303232.90730;[0.0374];[-0.9126];3574.36001;1;0;[0.0389];[-0.9111];3573.63923;100),(311591.39132;[0.039];[-0.911];3449.18971;1;0;[0.0394];[-0.9106];3443.97640;100),(317794.49797;[0.0128];[-0.9372];3327.98916;1;0;[0.0132];[-0.9368];3323.78936;100),(324780.86495;[0.0017];[-0.9483];3020.12106;1;0;[0.0026];[-0.9474];3014.98989;100),(334460.86097;[0.4637];[-0.4863];4731.95207;1;0;[0.4565];[-0.4935];4698.69366;100),(340271.84010;[0.0374];[-0.9126];3574.36001;1;0;[0.0389];[-0.9111];3573.63923;100),(347819.29803;[0.039];[-0.911];3449.18971;1;0;[0.0394];[-0.9106];3443.97640;100),(354381.13689;[0.0128];[-0.9372];3327.98916;1;0;[0.0132];[-0.9368];3323.78936;100),(368969.70749;[0.0097];[-0.9403];3231.59789;1;0;[0.0098];[-0.9402];3226.78366;100),(369848.42420;[0.0032];[-0.9468];3056.80644;1;0;[0.0039];[-0.9461];3051.32047;100),(371518.90445;[0.003];[-0.947];3056.21772;1;0;[0.0039];[-0.9461];3050.75014;100),(371919.16943;[0.003];[-0.947];3056.21772;1;0;[0.0039];[-0.9461];3050.75014;100),(379091.47835;[0.4639];[-0.4861];4723.94607;1;0;[0.4566];[-0.4934];4690.30706;100),(385527.68111;[0.0359];[-0.9141];3571.80332;1;0;[0.0378];[-0.9122];3571.12648;100),(393732.04803;[0.039];[-0.911];3449.18971;1;0;[0.0394];[-0.9106];3443.97640;100),(398976.70388;[0.0139];[-0.9361];3332.41326;1;0;[0.014];[-0.936];3328.19714;100),(410454.85067;[0.0068];[-0.9432];3231.91940;1;0;[0.0076];[-0.9424];3227.51838;100),(413359.32589;[0.0042];[-0.9458];3153.29500;1;0;[0.0061];[-0.9439];3148.76704;100),(414940.57679;[0.0026];[-0.9474];3129.67479;1;0;[0.0035];[-0.9465];3125.54285;100),(415422.92619;[0.0028];[-0.9472];3098.03342;1;0;[0.0037];[-0.9463];3093.40588;100),(417219.47789;[0.003];[-0.947];3056.21772;1;0;[0.0039];[-0.9461];3050.75014;100),(417580.04975;[0.003];[-0.947];3056.21772;1;0;[0.0039];[-0.9461];3050.75014;100),(423094.92922;[0.4633];[-0.4867];4710.84919;1;0;[0.4558];[-0.4942];4676.93111;100),(430542.69743;[0.0546];[-0.8954];3576.09094;1;0;[0.054];[-0.896];3573.30578;100),(438756.17695;[0.0385];[-0.9115];3450.07149;1;0;[0.0392];[-0.9108];3444.92620;100),(445030.76601;[0.0124];[-0.9376];3333.93563;1;0;[0.0127];[-0.9373];3330.12510;100),(456424.39079;[0.0062];[-0.9438];3239.28565;1;0;[0.0073];[-0.9427];3235.09950;100),(459175.54760;[0.0074];[-0.9426];3179.10824;1;0;[0.0079];[-0.9421];3173.98781;100),(461181.24795;[0.0026];[-0.9474];3129.67479;1;0;[0.0035];[-0.9465];3125.54285;100),(464143.12434;[0.0026];[-0.9474];3112.84454;1;0;[0.0035];[-0.9465];3108.56596;100),(466019.72485;[0.0028];[-0.9472];3098.03342;1;0;[0.0037];[-0.9463];3093.40588;100),(469226.19247;[0.003];[-0.947];3056.21772;1;0;[0.0039];[-0.9461];3050.75014;100),(469774.95456;[0.003];[-0.947];3056.21772;1;0;[0.0039];[-0.9461];3050.75014;100),(476263.34429;[0.462];[-0.488];4689.80939;1;0;[0.4542];[-0.4958];4655.24918;100),(482270.90430;[0.0551];[-0.8949];3577.57645;1;0;[0.0552];[-0.8948];3574.86516;100),(490880.95355;[0.0385];[-0.9115];3450.07149;1;0;[0.0392];[-0.9108];3444.92620;100),(500404.97780;[0.0168];[-0.9332];3343.55579;1;0;[0.0161];[-0.9339];3339.05986;100),(505645.62654;[0.003];[-0.947];3056.21772;1;0;[0.0039];[-0.9461];3050.75014;100),(509787.91046;[0.003];[-0.947];3056.21772;1;0;[0.0039];[-0.9461];3050.75014;100),(515594.22493;[0.3432];[-0.6068];4389.21895;1;0;[0.3385];[-0.6115];4380.30751;100),(523000.75626;[0.0571];[-0.8929];3568.56446;1;0;[0.057];[-0.893];3565.22312;100),(530719.43903;[0.036];[-0.914];3433.96358;1;0;[0.0372];[-0.9128];3428.77129;100),(535691.91146;[0.0099];[-0.9401];3301.69592;1;0;[0.0099];[-0.9401];3297.86911;100),(541456.70223;[0.003];[-0.947];3056.21772;1;0;[0.0039];[-0.9461];3050.75014;100),(550018.23401;[0.3432];[-0.6068];4389.21895;1;0;[0.3385];[-0.6115];4380.30751;100),(556079.31376;[0.0571];[-0.8929];3568.56446;1;0;[0.057];[-0.893];3565.22312;100),(563851.51649;[0.036];[-0.914];3433.96358;1;0;[0.0372];[-0.9128];3428.77129;100),(569119.80009;[0.0099];[-0.9401];3301.69592;1;0;[0.0099];[-0.9401];3297.86911;100),(576893.02826;[0.003];[-0.947];3056.21772;1;0;[0.0039];[-0.9461];3050.75014;100),(581577.94833;[0.3432];[-0.6068];4389.21895;1;0;[0.3385];[-0.6115];4380.30751;100),(587268.44335;[0.0551];[-0.8949];3577.57645;1;0;[0.0552];[-0.8948];3574.86516;100),(594720.07346;[0.0385];[-0.9115];3450.07149;1;0;[0.0392];[-0.9108];3444.92620;100),(599266.01243;[0.0168];[-0.9332];3343.55579;1;0;[0.0161];[-0.9339];3339.05986;100)]"
5,8,4704.795930536792,0.99841,1,0,[0.4417],[-0.5083],605363.28291893,"[(32107.48649;[0.335];[-0.615];4621.80923;1;0;[0.3293];[-0.6207];4508.14490;100),(43359.95102;[0.335];[-0.615];4621.87910;1;0;[0.3293];[-0.6207];4508.23507;100),(48046.76747;[0.3349];[-0.6151];4622.57578;1;0;[0.3293];[-0.6207];4508.74093;100),(53522.87006;[0.3349];[-0.6151];4622.57578;1;0;[0.3293];[-0.6207];4508.74093;100),(60445.18042;[0.3349];[-0.6151];4622.57578;1;0;[0.3293];[-0.6207];4508.74093;100),(65710.56318;[0.3349];[-0.6151];4622.57578;1;0;[0.3293];[-0.6207];4508.74093;100),(67407.57704;[0.2936];[-0.6564];3854.51315;1;0;[0.287];[-0.663];3808.22060;100),(70286.02052;[0.0761];[-0.8739];3415.58533;1;0;[0.07];[-0.88];3397.48639;100),(71228.89018;[0.0287];[-0.9213];3283.69363;1;0;[0.0239];[-0.9261];3270.25074;100),(71937.93750;[0.022];[-0.928];3183.07846;1;0;[0.0162];[-0.9338];3168.96342;100),(73755.28955;[0.0138];[-0.9362];3100.97308;1;0;[0.0119];[-0.9381];3086.99525;100),(75685.26745;[0.0074];[-0.9426];3051.95351;1;0;[0.007];[-0.943];3039.13080;100),(80987.49614;[0.0071];[-0.9429];3051.19127;1;0;[0.0066];[-0.9434];3038.57279;100),(83275.85435;[0.0071];[-0.9429];3049.00698;1;0;[0.0067];[-0.9433];3036.30666;100),(92914.19244;[0.4471];[-0.5029];4795.37865;1;0;[0.4395];[-0.5105];4696.77150;100),(110368.77894;[0.4497];[-0.5003];4799.51169;1;0;[0.4417];[-0.5083];4704.79593;200),(142019.75012;[0.339];[-0.611];4726.70524;1;0;[0.3278];[-0.6222];4608.44217;400),(158328.76444;[0.339];[-0.611];4726.70524;1;0;[0.3278];[-0.6222];4608.44217;400),(175351.45164;[0.339];[-0.611];4726.70524;1;0;[0.3278];[-0.6222];4608.44217;400),(191796.08536;[0.339];[-0.611];4726.70524;1;0;[0.3278];[-0.6222];4608.44217;400),(206529.58751;[0.339];[-0.611];4726.70524;1;0;[0.3278];[-0.6222];4608.44217;400),(222225.44003;[0.339];[-0.611];4726.70524;1;0;[0.3278];[-0.6222];4608.44217;400),(237295.58039;[0.339];[-0.611];4726.70524;1;0;[0.3278];[-0.6222];4608.44217;400),(239319.02528;[0.1339];[-0.8161];3587.41733;1;0;[0.129];[-0.821];3564.74954;400),(240340.07359;[0.0239];[-0.9261];3284.66957;1;0;[0.0177];[-0.9323];3272.23064;400),(240888.79657;[0.0089];[-0.9411];3062.32112;1;0;[0.0075];[-0.9425];3049.22402;400),(241600.16942;[0.0005];[-0.9495];2878.92409;1;0;[0.0002];[-0.9498];2869.61109;400),(242632.24506;[0.0005];[-0.9495];2875.90544;1;0;[0.0002];[-0.9498];2866.56950;400),(243467.00692;[0.0002];[-0.9498];2854.59286;1;0;[0.0002];[-0.9498];2845.31479;400),(244220.62206;[0.0001];[-0.9499];2817.75646;1;0;[0.0001];[-0.9499];2809.26624;400),(244651.56674;[0.0001];[-0.9499];2817.75646;1;0;[0.0001];[-0.9499];2809.26624;400),(258382.82537;[0.4462];[-0.5038];4798.93829;1;0;[0.4388];[-0.5112];4702.43853;400),(275354.84052;[0.359];[-0.591];4192.19393;1;0;[0.3518];[-0.5982];4145.57142;400),(294320.64986;[0.1012];[-0.8488];3534.63540;1;0;[0.0957];[-0.8543];3516.49335;400),(311866.65201;[0.0368];[-0.9132];3362.02832;1;0;[0.0322];[-0.9178];3348.85105;400),(327382.21312;[0.0156];[-0.9344];3217.50444;1;0;[0.0128];[-0.9372];3205.32440;400),(343145.68853;[0.0091];[-0.9409];3062.49223;1;0;[0.0077];[-0.9423];3049.36467;400),(358315.60636;[0.0001];[-0.9499];2817.75646;1;0;[0.0001];[-0.9499];2809.26624;400),(373463.99140;[0.4462];[-0.5038];4798.93829;1;0;[0.4388];[-0.5112];4702.43853;400),(390945.27531;[0.359];[-0.591];4192.19393;1;0;[0.3518];[-0.5982];4145.57142;400),(408936.09476;[0.1012];[-0.8488];3534.63540;1;0;[0.0957];[-0.8543];3516.49335;400),(426078.48072;[0.0368];[-0.9132];3362.02832;1;0;[0.0322];[-0.9178];3348.85105;400),(441743.46685;[0.0153];[-0.9347];3216.61033;1;0;[0.0122];[-0.9378];3204.47248;400),(456827.50726;[0.0091];[-0.9409];3062.49223;1;0;[0.0077];[-0.9423];3049.36467;400),(485482.59735;[0.0022];[-0.9478];2967.93264;1;0;[0.0014];[-0.9486];2957.07424;400),(486313.07459;[0.0014];[-0.9486];2907.53855;1;0;[0.0006];[-0.9494];2897.50463;400),(487378.85141;[0.0005];[-0.9495];2876.55425;1;0;[0.0002];[-0.9498];2867.18961;400),(487937.39629;[0.0005];[-0.9495];2873.74983;1;0;[0.0002];[-0.9498];2864.35296;400),(489601.25613;[0.0002];[-0.9498];2852.53116;1;0;[0.0002];[-0.9498];2843.28516;400),(504018.37063;[0.4462];[-0.5038];4798.93829;1;0;[0.4388];[-0.5112];4702.43853;400),(519154.58536;[0.3554];[-0.5946];4174.63477;1;0;[0.3486];[-0.6014];4127.95264;400),(533867.96737;[0.1012];[-0.8488];3534.63540;1;0;[0.0957];[-0.8543];3516.49335;400),(549556.40388;[0.0368];[-0.9132];3362.02832;1;0;[0.0322];[-0.9178];3348.85105;400),(563758.66485;[0.0156];[-0.9344];3218.72748;1;0;[0.0126];[-0.9374];3206.59735;400),(576430.44257;[0.0108];[-0.9392];3072.18278;1;0;[0.0086];[-0.9414];3058.79303;400),(590405.28631;[0.0002];[-0.9498];2852.53116;1;0;[0.0002];[-0.9498];2843.28516;400)]"
5,7,4685.9478738548805,0.99441,1,0,[0.4406],[-0.5094],601123.7144470215,"[(30782.88007;[0.44];[-0.51];4660.96443;1;0;[0.44];[-0.51];4660.96443;100),(40583.78911;[0.44];[-0.51];4660.96443;1;0;[0.44];[-0.51];4660.96443;100),(57332.53169;[0.4406];[-0.5094];4685.94787;1;0;[0.4406];[-0.5094];4685.94787;200),(66323.83490;[0.4406];[-0.5094];4685.94787;1;0;[0.4406];[-0.5094];4685.94787;200),(75151.20506;[0.4406];[-0.5094];4685.94787;1;0;[0.4406];[-0.5094];4685.94787;200),(81750.57888;[0.4406];[-0.5094];4685.94787;1;0;[0.4406];[-0.5094];4685.94787;200),(89182.64651;[0.4406];[-0.5094];4685.94787;1;0;[0.4406];[-0.5094];4685.94787;200),(96740.10801;[0.4406];[-0.5094];4685.94787;1;0;[0.4406];[-0.5094];4685.94787;200),(97678.23577;[0.3249];[-0.6251];4052.60267;1;0;[0.3249];[-0.6251];4052.60267;200),(99266.49523;[0.051];[-0.899];3434.77927;1;0;[0.051];[-0.899];3434.77927;200),(100992.91635;[0.0131];[-0.9369];3291.13196;1;0;[0.0131];[-0.9369];3291.13196;200),(101677.30427;[0.0065];[-0.9435];3204.02387;1;0;[0.0065];[-0.9435];3204.02387;200),(103386.04593;[0.0039];[-0.9461];3104.97755;1;0;[0.0039];[-0.9461];3104.97755;200),(104075.29736;[0.0033];[-0.9467];3037.61626;1;0;[0.0033];[-0.9467];3037.61626;200),(104836.54428;[0.0026];[-0.9474];3001.59624;1;0;[0.0026];[-0.9474];3001.59624;200),(105772.36843;[0.0013];[-0.9487];2957.35292;1;0;[0.0013];[-0.9487];2957.35292;200),(106711.09295;[0.0009];[-0.9491];2930.82065;1;0;[0.0009];[-0.9491];2930.82065;200),(107289.71434;[0.0006];[-0.9494];2920.03337;1;0;[0.0006];[-0.9494];2920.03337;200),(107759.92751;[0.0006];[-0.9494];2896.55954;1;0;[0.0006];[-0.9494];2896.55954;200),(108292.53626;[0.0002];[-0.9498];2863.59218;1;0;[0.0002];[-0.9498];2863.59218;200),(108859.57026;[0.0002];[-0.9498];2858.47002;1;0;[0.0002];[-0.9498];2858.47002;200),(116894.78469;[0.4406];[-0.5094];4685.94787;1;0;[0.4406];[-0.5094];4685.94787;200),(125579.08726;[0.3302];[-0.6198];4063.20588;1;0;[0.3302];[-0.6198];4063.20588;200),(136785.75301;[0.0661];[-0.8839];3475.83359;1;0;[0.0661];[-0.8839];3475.83359;200),(146329.11277;[0.015];[-0.935];3317.06370;1;0;[0.015];[-0.935];3317.06370;200),(155066.14637;[0.0043];[-0.9457];3103.63961;1;0;[0.0043];[-0.9457];3103.63961;200),(183030.62081;[0.4406];[-0.5094];4685.94787;1;0;[0.4406];[-0.5094];4685.94787;200),(191874.84479;[0.3401];[-0.6099];4122.16523;1;0;[0.3401];[-0.6099];4122.16523;200),(202725.83795;[0.0741];[-0.8759];3496.76116;1;0;[0.0741];[-0.8759];3496.76116;200),(213651.04961;[0.0169];[-0.9331];3342.19125;1;0;[0.0169];[-0.9331];3342.19125;200),(221524.11222;[0.0066];[-0.9434];3205.69316;1;0;[0.0066];[-0.9434];3205.69316;200),(230505.82695;[0.0046];[-0.9454];3037.36039;1;0;[0.0046];[-0.9454];3037.36039;200),(232804.99172;[0.0026];[-0.9474];2985.07799;1;0;[0.0026];[-0.9474];2985.07799;200),(233768.88251;[0.0014];[-0.9486];2956.68230;1;0;[0.0014];[-0.9486];2956.68230;200),(235316.44869;[0.0006];[-0.9494];2920.50018;1;0;[0.0006];[-0.9494];2920.50018;200),(235993.44969;[0.0006];[-0.9494];2920.03337;1;0;[0.0006];[-0.9494];2920.03337;200),(236464.35165;[0.0006];[-0.9494];2894.22141;1;0;[0.0006];[-0.9494];2894.22141;200),(244248.88587;[0.4406];[-0.5094];4685.94787;1;0;[0.4406];[-0.5094];4685.94787;200),(252060.60624;[0.3306];[-0.6194];4074.82622;1;0;[0.3306];[-0.6194];4074.82622;200),(261038.12695;[0.0653];[-0.8847];3483.34980;1;0;[0.0653];[-0.8847];3483.34980;200),(268680.40466;[0.0163];[-0.9337];3325.05882;1;0;[0.0163];[-0.9337];3325.05882;200),(277248.73066;[0.0058];[-0.9442];3168.31848;1;0;[0.0058];[-0.9442];3168.31848;200),(291268.14508;[0.0025];[-0.9475];3046.42032;1;0;[0.0025];[-0.9475];3046.42032;200),(295164.86001;[0.0028];[-0.9472];2987.65123;1;0;[0.0028];[-0.9472];2987.65123;200),(295865.96489;[0.0013];[-0.9487];2955.26052;1;0;[0.0013];[-0.9487];2955.26052;200),(298070.78004;[0.0012];[-0.9488];2949.65107;1;0;[0.0012];[-0.9488];2949.65107;200),(298660.96425;[0.0006];[-0.9494];2920.03337;1;0;[0.0006];[-0.9494];2920.03337;200),(299138.18860;[0.0006];[-0.9494];2920.03337;1;0;[0.0006];[-0.9494];2920.03337;200),(306559.76963;[0.4406];[-0.5094];4685.94787;1;0;[0.4406];[-0.5094];4685.94787;200),(313483.21009;[0.3275];[-0.6225];4054.64801;1;0;[0.3275];[-0.6225];4054.64801;200),(322424.20721;[0.0677];[-0.8823];3477.06118;1;0;[0.0677];[-0.8823];3477.06118;200),(330243.22462;[0.0163];[-0.9337];3325.05882;1;0;[0.0163];[-0.9337];3325.05882;200),(338832.54290;[0.0065];[-0.9435];3173.62671;1;0;[0.0065];[-0.9435];3173.62671;200),(355634.37176;[0.0041];[-0.9459];3055.49330;1;0;[0.0041];[-0.9459];3055.49330;200),(357398.38171;[0.0029];[-0.9471];2990.14856;1;0;[0.0029];[-0.9471];2990.14856;200),(358428.78270;[0.0013];[-0.9487];2956.07777;1;0;[0.0013];[-0.9487];2956.07777;200),(360468.84298;[0.0006];[-0.9494];2920.03337;1;0;[0.0006];[-0.9494];2920.03337;200),(370714.07795;[0.4406];[-0.5094];4685.94787;1;0;[0.4406];[-0.5094];4685.94787;200),(377856.49085;[0.109];[-0.841];3637.88114;1;0;[0.109];[-0.841];3637.88114;200),(386688.82203;[0.0634];[-0.8866];3473.89806;1;0;[0.0634];[-0.8866];3473.89806;200),(394458.49895;[0.0163];[-0.9337];3325.05882;1;0;[0.0163];[-0.9337];3325.05882;200),(403116.53519;[0.0067];[-0.9433];3174.27254;1;0;[0.0067];[-0.9433];3174.27254;200),(419334.76877;[0.0042];[-0.9458];3055.88524;1;0;[0.0042];[-0.9458];3055.88524;200),(420559.58748;[0.0029];[-0.9471];2990.14856;1;0;[0.0029];[-0.9471];2990.14856;200),(423156.10909;[0.0026];[-0.9474];2982.36880;1;0;[0.0026];[-0.9474];2982.36880;200),(424256.13308;[0.0012];[-0.9488];2955.06403;1;0;[0.0012];[-0.9488];2955.06403;200),(425342.29946;[0.0012];[-0.9488];2950.46010;1;0;[0.0012];[-0.9488];2950.46010;200),(428203.93562;[0.0012];[-0.9488];2949.65107;1;0;[0.0012];[-0.9488];2949.65107;200),(435722.87130;[0.4406];[-0.5094];4685.94787;1;0;[0.4406];[-0.5094];4685.94787;200),(442906.38256;[0.1078];[-0.8422];3636.82085;1;0;[0.1078];[-0.8422];3636.82085;200),(451709.27262;[0.0634];[-0.8866];3473.89806;1;0;[0.0634];[-0.8866];3473.89806;200),(459367.61165;[0.0163];[-0.9337];3325.05882;1;0;[0.0163];[-0.9337];3325.05882;200),(467050.47202;[0.0091];[-0.9409];3180.65642;1;0;[0.0091];[-0.9409];3180.65642;200),(475455.47271;[0.0012];[-0.9488];2949.65107;1;0;[0.0012];[-0.9488];2949.65107;200),(488081.07471;[0.4406];[-0.5094];4685.94787;1;0;[0.4406];[-0.5094];4685.94787;200),(496004.64153;[0.1078];[-0.8422];3636.82085;1;0;[0.1078];[-0.8422];3636.82085;200),(503856.79030;[0.0634];[-0.8866];3473.89806;1;0;[0.0634];[-0.8866];3473.89806;200),(511290.32183;[0.0163];[-0.9337];3325.05882;1;0;[0.0163];[-0.9337];3325.05882;200),(520249.64094;[0.0091];[-0.9409];3180.65642;1;0;[0.0091];[-0.9409];3180.65642;200),(537166.05520;[0.0057];[-0.9443];3055.31968;1;0;[0.0057];[-0.9443];3055.31968;200),(538269.74940;[0.0029];[-0.9471];2990.14856;1;0;[0.0029];[-0.9471];2990.14856;200),(540713.01675;[0.0026];[-0.9474];2982.36880;1;0;[0.0026];[-0.9474];2982.36880;200),(542889.76407;[0.0012];[-0.9488];2950.97378;1;0;[0.0012];[-0.9488];2950.97378;200),(544010.43010;[0.0012];[-0.9488];2949.65107;1;0;[0.0012];[-0.9488];2949.65107;200),(552541.47339;[0.4406];[-0.5094];4685.94787;1;0;[0.4406];[-0.5094];4685.94787;200),(560586.22932;[0.109];[-0.841];3621.27311;1;0;[0.109];[-0.841];3621.27311;200),(569052.46854;[0.0637];[-0.8863];3474.73256;1;0;[0.0637];[-0.8863];3474.73256;200),(576837.50725;[0.0163];[-0.9337];3325.05882;1;0;[0.0163];[-0.9337];3325.05882;200),(584826.32446;[0.0073];[-0.9427];3185.73328;1;0;[0.0073];[-0.9427];3185.73328;200),(600781.54564;[0.0025];[-0.9475];3020.06213;1;0;[0.0025];[-0.9475];3020.06213;200)]"
5,9,4704.978173065685,0.99845,1,0,[0.456],[-0.494],603467.3845767975,"[(30558.66718;[0.3304];[-0.6196];4568.19090;1;0;[0.3298];[-0.6202];4592.45196;100),(41133.62622;[0.3304];[-0.6196];4568.75371;1;0;[0.3298];[-0.6202];4593.74700;100),(46884.42445;[0.3304];[-0.6196];4568.75371;1;0;[0.3298];[-0.6202];4593.74700;100),(52045.51411;[0.3304];[-0.6196];4568.75371;1;0;[0.3298];[-0.6202];4593.74700;100),(57640.77401;[0.3304];[-0.6196];4568.75371;1;0;[0.3298];[-0.6202];4593.74700;100),(63692.71684;[0.3304];[-0.6196];4568.75371;1;0;[0.3298];[-0.6202];4593.74700;100),(64498.53086;[0.1544];[-0.7956];3604.31794;1;0;[0.1571];[-0.7929];3604.12293;100),(65337.55326;[0.0267];[-0.9233];3301.30704;1;0;[0.0248];[-0.9252];3300.98579;100),(66404.66547;[0.0205];[-0.9295];3186.11857;1;0;[0.0181];[-0.9319];3185.64295;100),(67849.35021;[0.0183];[-0.9317];3126.39118;1;0;[0.016];[-0.934];3125.88435;100),(70677.30331;[0.0135];[-0.9365];3096.36529;1;0;[0.0123];[-0.9377];3095.87215;100),(72365.16333;[0.01];[-0.94];3079.93048;1;0;[0.01];[-0.94];3079.48517;100),(74735.05139;[0.009];[-0.941];3065.27678;1;0;[0.0086];[-0.9414];3064.82711;100),(79507.68709;[0.0074];[-0.9426];3053.39724;1;0;[0.0071];[-0.9429];3052.99812;100),(81967.31257;[0.0046];[-0.9454];3014.52277;1;0;[0.0046];[-0.9454];3014.02950;100),(86326.52998;[0.4512];[-0.4988];4709.17042;1;0;[0.4484];[-0.5016];4702.40298;100),(103308.10046;[0.3292];[-0.6208];4572.92487;1;0;[0.3279];[-0.6221];4601.25934;200),(111992.95998;[0.3292];[-0.6208];4572.92487;1;0;[0.3279];[-0.6221];4601.25934;200),(120417.42682;[0.3292];[-0.6208];4572.92487;1;0;[0.3279];[-0.6221];4601.25934;200),(129405.70927;[0.3292];[-0.6208];4574.66082;1;0;[0.3279];[-0.6221];4602.66146;200),(138664.22105;[0.3292];[-0.6208];4574.66082;1;0;[0.3279];[-0.6221];4602.66146;200),(146566.38408;[0.3292];[-0.6208];4574.66082;1;0;[0.3279];[-0.6221];4602.66146;200),(147580.53732;[0.1445];[-0.8055];3591.06890;1;0;[0.1477];[-0.8023];3590.86095;200),(149973.96803;[0.0231];[-0.9269];3334.02749;1;0;[0.0217];[-0.9283];3333.98280;200),(152192.39330;[0.0087];[-0.9413];3140.48489;1;0;[0.0084];[-0.9416];3140.29708;200),(153843.06002;[0.0045];[-0.9455];3015.97060;1;0;[0.0046];[-0.9454];3015.48144;200),(156392.68088;[0.0011];[-0.9489];2903.70498;1;0;[0.0006];[-0.9494];2903.29216;200),(157920.13264;[0.0004];[-0.9496];2870.12355;1;0;[0.0002];[-0.9498];2869.73573;200),(158770.28179;[0.0003];[-0.9497];2869.98471;1;0;[0.0002];[-0.9498];2869.61109;200),(159315.53888;[0.0003];[-0.9497];2869.47606;1;0;[0.0002];[-0.9498];2869.10272;200),(159744.31300;[0.0003];[-0.9497];2869.47606;1;0;[0.0002];[-0.9498];2869.10272;200),(167313.47084;[0.4574];[-0.4926];4711.00747;1;0;[0.4554];[-0.4946];4705.55818;200),(175984.60603;[0.3594];[-0.5906];4190.43605;1;0;[0.3622];[-0.5878];4186.88410;200),(186379.63104;[0.0939];[-0.8561];3516.58152;1;0;[0.0957];[-0.8543];3516.49335;200),(195668.99562;[0.0293];[-0.9207];3340.49631;1;0;[0.0291];[-0.9209];3340.29459;200),(205270.20621;[0.0096];[-0.9404];3146.98613;1;0;[0.0093];[-0.9407];3146.76429;200),(219971.68565;[0.0003];[-0.9497];2869.47606;1;0;[0.0002];[-0.9498];2869.10272;200),(221515.48362;[0.0003];[-0.9497];2869.47606;1;0;[0.0002];[-0.9498];2869.10272;200),(230163.43760;[0.4577];[-0.4923];4710.50452;1;0;[0.456];[-0.494];4704.97817;200),(238887.33292;[0.3625];[-0.5875];4205.47210;1;0;[0.3657];[-0.5843];4201.97565;200),(248986.96733;[0.0975];[-0.8525];3523.81652;1;0;[0.1002];[-0.8498];3523.65152;200),(257877.34914;[0.0281];[-0.9219];3361.96936;1;0;[0.0274];[-0.9226];3361.96524;200),(266770.39409;[0.0114];[-0.9386];3201.79519;1;0;[0.0114];[-0.9386];3201.67289;200),(274652.23527;[0.0003];[-0.9497];2869.47606;1;0;[0.0002];[-0.9498];2869.10272;200),(283626.48606;[0.4577];[-0.4923];4710.50452;1;0;[0.456];[-0.494];4704.97817;200),(292203.70626;[0.3625];[-0.5875];4205.47210;1;0;[0.3657];[-0.5843];4201.97565;200),(302880.56207;[0.0975];[-0.8525];3523.81652;1;0;[0.1002];[-0.8498];3523.65152;200),(313096.28940;[0.0281];[-0.9219];3361.96936;1;0;[0.0274];[-0.9226];3361.96524;200),(320840.29984;[0.0112];[-0.9388];3202.13241;1;0;[0.011];[-0.939];3201.98205;200),(338189.96882;[0.0061];[-0.9439];3060.32959;1;0;[0.0064];[-0.9436];3059.92097;200),(340011.14941;[0.0031];[-0.9469];2991.14229;1;0;[0.0029];[-0.9471];2990.61537;200),(342208.97317;[0.001];[-0.949];2900.65182;1;0;[0.0006];[-0.9494];2900.22497;200),(344012.84409;[0.0003];[-0.9497];2869.98471;1;0;[0.0002];[-0.9498];2869.61109;200),(345917.99712;[0.0003];[-0.9497];2869.47606;1;0;[0.0002];[-0.9498];2869.10272;200),(356764.75525;[0.4574];[-0.4926];4711.00747;1;0;[0.4554];[-0.4946];4705.55818;200),(365030.71046;[0.3597];[-0.5903];4192.17139;1;0;[0.3628];[-0.5872];4188.63550;200),(375390.92278;[0.0967];[-0.8533];3522.55479;1;0;[0.0989];[-0.8511];3522.37119;200),(384924.11089;[0.0281];[-0.9219];3361.96936;1;0;[0.0274];[-0.9226];3361.96524;200),(392239.17103;[0.0129];[-0.9371];3209.95074;1;0;[0.0124];[-0.9376];3209.79556;200),(411615.76056;[0.0032];[-0.9468];3065.34004;1;0;[0.0031];[-0.9469];3065.10381;200),(413948.20809;[0.0031];[-0.9469];2991.14229;1;0;[0.0029];[-0.9471];2990.61537;200),(418512.24923;[0.0018];[-0.9482];2956.59407;1;0;[0.0013];[-0.9487];2956.07777;200),(421080.44147;[0.0003];[-0.9497];2869.47606;1;0;[0.0002];[-0.9498];2869.10272;200),(423615.98206;[0.0003];[-0.9497];2869.47606;1;0;[0.0002];[-0.9498];2869.10272;200),(432748.94023;[0.4577];[-0.4923];4710.50452;1;0;[0.456];[-0.494];4704.97817;200),(441587.99744;[0.3611];[-0.5889];4196.36919;1;0;[0.364];[-0.586];4192.79802;200),(451824.41878;[0.0969];[-0.8531];3521.75005;1;0;[0.0994];[-0.8506];3521.59772;200),(461893.94665;[0.0284];[-0.9216];3362.17679;1;0;[0.0278];[-0.9222];3362.18724;200),(471409.45411;[0.0144];[-0.9356];3211.56639;1;0;[0.0133];[-0.9367];3211.37893;200),(494110.53205;[0.0039];[-0.9461];3077.08274;1;0;[0.004];[-0.946];3076.79303;200),(495814.30650;[0.0031];[-0.9469];3008.97685;1;0;[0.0028];[-0.9472];3008.51941;200),(499026.34692;[0.0031];[-0.9469];2990.67205;1;0;[0.0029];[-0.9471];2990.14856;200),(502678.71141;[0.0017];[-0.9483];2955.58695;1;0;[0.0012];[-0.9488];2955.06403;200),(509913.69057;[0.0019];[-0.9481];2954.88068;1;0;[0.0013];[-0.9487];2954.34749;200),(519762.24899;[0.4577];[-0.4923];4710.50452;1;0;[0.456];[-0.494];4704.97817;200),(529249.98283;[0.3579];[-0.5921];4175.78378;1;0;[0.3614];[-0.5886];4172.00307;200),(539717.77916;[0.0925];[-0.8575];3513.31395;1;0;[0.0935];[-0.8565];3513.23577;200),(549994.93074;[0.029];[-0.921];3364.11116;1;0;[0.0293];[-0.9207];3364.08643;200),(559209.76710;[0.0145];[-0.9355];3217.39168;1;0;[0.0132];[-0.9368];3217.18592;200),(570075.60134;[0.0019];[-0.9481];2954.88068;1;0;[0.0013];[-0.9487];2954.34749;200),(577209.48410;[0.0019];[-0.9481];2954.88068;1;0;[0.0013];[-0.9487];2954.34749;200),(585763.82828;[0.4574];[-0.4926];4711.00747;1;0;[0.4554];[-0.4946];4705.55818;200),(594023.27037;[0.3579];[-0.5921];4175.78378;1;0;[0.3614];[-0.5886];4172.00307;200)]"
5,10,4652.580569989333,0.98733,1,0,[0.4203],[-0.5297],600555.1927089691,"[(30535.06374;[0.3124];[-0.6376];4648.61839;1;0;[0.3068];[-0.6432];4498.42286;100),(31266.47568;[0.3126];[-0.6374];4651.00378;1;0;[0.3073];[-0.6427];4499.31907;200),(49890.47647;[0.3126];[-0.6374];4651.00378;1;0;[0.3073];[-0.6427];4499.31907;200),(60334.12862;[0.3126];[-0.6374];4651.00378;1;0;[0.3073];[-0.6427];4499.31907;200),(70471.94672;[0.3126];[-0.6374];4651.00378;1;0;[0.3073];[-0.6427];4499.31907;200),(81982.98359;[0.3126];[-0.6374];4651.00378;1;0;[0.3073];[-0.6427];4499.31907;200),(90823.83609;[0.3126];[-0.6374];4651.00378;1;0;[0.3073];[-0.6427];4499.31907;200),(98659.24501;[0.3126];[-0.6374];4651.00378;1;0;[0.3073];[-0.6427];4499.31907;200),(100758.97098;[0.1896];[-0.7604];3666.56733;1;0;[0.1814];[-0.7686];3638.78769;200),(102566.75100;[0.0998];[-0.8502];3477.80765;1;0;[0.09];[-0.86];3460.71088;200),(103361.02581;[0.0226];[-0.9274];3309.62934;1;0;[0.0196];[-0.9304];3298.55514;200),(105165.72404;[0.0074];[-0.9426];3058.55773;1;0;[0.0069];[-0.9431];3048.96203;200),(106038.73515;[0.0003];[-0.9497];2878.08205;1;0;[0.0002];[-0.9498];2871.21295;200),(107167.58275;[0.0002];[-0.9498];2841.59495;1;0;[0.0001];[-0.9499];2835.33236;200),(107814.10289;[0.];[-0.95];2804.38696;1;0;[0.];[-0.95];2798.76598;200),(108817.48509;[0.];[-0.95];2759.16027;1;0;[0.];[-0.95];2754.19299;200),(109865.34548;[0.];[-0.95];2755.95592;1;0;[0.];[-0.95];2751.01576;200),(111405.17926;[0.];[-0.95];2755.01281;1;0;[0.];[-0.95];2750.09499;200),(122951.46990;[0.437];[-0.513];4739.37023;1;0;[0.4203];[-0.5297];4652.58057;200),(135885.39219;[0.4067];[-0.5433];4344.56251;1;0;[0.3931];[-0.5569];4301.63670;200),(145463.05084;[0.1214];[-0.8286];3558.98647;1;0;[0.1148];[-0.8352];3542.39886;200),(154173.37799;[0.0328];[-0.9172];3353.14085;1;0;[0.0299];[-0.9201];3342.53576;200),(163430.02534;[0.0077];[-0.9423];3060.53432;1;0;[0.0071];[-0.9429];3050.96123;200),(177760.07891;[0.];[-0.95];2755.01281;1;0;[0.];[-0.95];2750.09499;200),(188494.76027;[0.437];[-0.513];4739.37023;1;0;[0.4203];[-0.5297];4652.58057;200),(201258.17084;[0.4099];[-0.5401];4360.82465;1;0;[0.3954];[-0.5546];4318.00954;200),(209719.68985;[0.1269];[-0.8231];3564.57585;1;0;[0.1219];[-0.8281];3546.81411;200),(219174.79300;[0.0364];[-0.9136];3375.27452;1;0;[0.0339];[-0.9161];3364.38166;200),(228468.81199;[0.0158];[-0.9342];3151.44716;1;0;[0.0144];[-0.9356];3140.74578;200),(243361.30428;[0.0012];[-0.9488];2939.77066;1;0;[0.0011];[-0.9489];2931.89552;200),(244338.27662;[0.0002];[-0.9498];2842.00454;1;0;[0.0001];[-0.9499];2835.72430;200),(245173.53702;[0.];[-0.95];2806.05097;1;0;[0.];[-0.95];2800.40399;200),(245779.64163;[0.];[-0.95];2798.65524;1;0;[0.];[-0.95];2793.03781;200),(246468.97578;[0.];[-0.95];2755.01281;1;0;[0.];[-0.95];2750.09499;200),(254737.93173;[0.437];[-0.513];4739.37023;1;0;[0.4203];[-0.5297];4652.58057;200),(266774.87135;[0.4068];[-0.5432];4355.15301;1;0;[0.3933];[-0.5567];4312.69520;200),(275370.53752;[0.1261];[-0.8239];3576.83399;1;0;[0.1198];[-0.8302];3560.86409;200),(285092.18073;[0.0395];[-0.9105];3382.38129;1;0;[0.0368];[-0.9132];3371.15782;200),(294249.21679;[0.0139];[-0.9361];3183.38376;1;0;[0.0127];[-0.9373];3173.33244;200),(309395.48302;[0.0015];[-0.9485];2965.19915;1;0;[0.0014];[-0.9486];2957.23190;200),(311280.91836;[0.0002];[-0.9498];2842.71724;1;0;[0.0001];[-0.9499];2836.50889;200),(312112.65063;[0.0002];[-0.9498];2840.96974;1;0;[0.0001];[-0.9499];2834.72783;200),(312853.19757;[0.];[-0.95];2780.92184;1;0;[0.];[-0.95];2775.51379;200),(321389.26458;[0.437];[-0.513];4739.37023;1;0;[0.4203];[-0.5297];4652.58057;200),(333018.90326;[0.4089];[-0.5411];4362.58039;1;0;[0.3941];[-0.5559];4320.29497;200),(341470.27588;[0.1338];[-0.8162];3565.97934;1;0;[0.1292];[-0.8208];3547.41745;200),(351430.32384;[0.0498];[-0.9002];3384.24058;1;0;[0.047];[-0.903];3372.10911;200),(360444.49091;[0.0124];[-0.9376];3211.02935;1;0;[0.0114];[-0.9386];3201.67289;200),(376419.86966;[0.0055];[-0.9445];3023.12362;1;0;[0.0046];[-0.9454];3014.02950;200),(377056.00691;[0.0006];[-0.9494];2910.16746;1;0;[0.0006];[-0.9494];2902.80407;200),(378628.98421;[0.0002];[-0.9498];2842.00454;1;0;[0.0001];[-0.9499];2835.72430;200),(379339.39981;[0.0002];[-0.9498];2840.96974;1;0;[0.0001];[-0.9499];2834.72783;200),(379768.93616;[0.0002];[-0.9498];2840.13106;1;0;[0.0001];[-0.9499];2833.91058;200),(380342.16046;[0.0002];[-0.9498];2840.13106;1;0;[0.0001];[-0.9499];2833.91058;200),(387698.81535;[0.437];[-0.513];4739.37023;1;0;[0.4203];[-0.5297];4652.58057;200),(399125.49543;[0.4068];[-0.5432];4349.56820;1;0;[0.3934];[-0.5566];4306.95597;200),(407662.53734;[0.1278];[-0.8222];3566.03809;1;0;[0.1207];[-0.8293];3549.66998;200),(417172.33109;[0.0437];[-0.9063];3395.62084;1;0;[0.0397];[-0.9103];3384.30034;200),(426214.49304;[0.0141];[-0.9359];3226.96835;1;0;[0.0133];[-0.9367];3217.20998;200),(432962.85987;[0.0002];[-0.9498];2840.13106;1;0;[0.0001];[-0.9499];2833.91058;200),(441632.84302;[0.437];[-0.513];4739.37023;1;0;[0.4203];[-0.5297];4652.58057;200),(453647.46666;[0.4068];[-0.5432];4349.56820;1;0;[0.3934];[-0.5566];4306.95597;200),(463311.17129;[0.1278];[-0.8222];3566.03809;1;0;[0.1207];[-0.8293];3549.66998;200),(473472.86057;[0.0437];[-0.9063];3395.62084;1;0;[0.0397];[-0.9103];3384.30034;200),(483811.09524;[0.0141];[-0.9359];3226.96835;1;0;[0.0133];[-0.9367];3217.20998;200),(503415.87758;[0.0056];[-0.9444];3032.11790;1;0;[0.005];[-0.945];3023.04356;200),(504258.50654;[0.0006];[-0.9494];2910.96331;1;0;[0.0006];[-0.9494];2903.56183;200),(504849.51544;[0.0003];[-0.9497];2875.88075;1;0;[0.0002];[-0.9498];2869.10272;200),(505446.46001;[0.0002];[-0.9498];2840.96974;1;0;[0.0001];[-0.9499];2834.72783;200),(505993.96586;[0.0002];[-0.9498];2840.13106;1;0;[0.0001];[-0.9499];2833.91058;200),(514524.56403;[0.437];[-0.513];4739.37023;1;0;[0.4203];[-0.5297];4652.58057;200),(528605.00360;[0.4068];[-0.5432];4358.32602;1;0;[0.393];[-0.557];4316.16703;200),(539490.11827;[0.1285];[-0.8215];3567.68122;1;0;[0.1218];[-0.8282];3551.11075;200),(550941.55359;[0.0425];[-0.9075];3403.15960;1;0;[0.0382];[-0.9118];3392.09683;200),(559410.93540;[0.0171];[-0.9329];3241.28518;1;0;[0.0155];[-0.9345];3231.15590;200),(576969.20037;[0.0076];[-0.9424];3060.92529;1;0;[0.007];[-0.943];3051.30696;200),(578940.41800;[0.0012];[-0.9488];2935.92071;1;0;[0.0011];[-0.9489];2928.05038;200),(579603.95455;[0.0006];[-0.9494];2909.44146;1;0;[0.0006];[-0.9494];2902.09856;200),(580566.69784;[0.0003];[-0.9497];2877.25162;1;0;[0.0002];[-0.9498];2870.40392;200),(581122.33663;[0.0003];[-0.9497];2875.88075;1;0;[0.0002];[-0.9498];2869.10272;200),(581947.00193;[0.0003];[-0.9497];2872.53987;1;0;[0.0002];[-0.9498];2865.74567;200),(582583.86064;[0.0002];[-0.9498];2840.13106;1;0;[0.0001];[-0.9499];2833.91058;200),(589652.18425;[0.437];[-0.513];4739.37023;1;0;[0.4203];[-0.5297];4652.58057;200),(600336.05194;[0.3907];[-0.5593];4303.54574;1;0;[0.3804];[-0.5696];4261.13765;200)]"
