Hardness,Seed,Objective,ObjRatio,deter_feas,prob_feas,feas,surplus,Runtime,solutions
2,1,13883.67512373633,0.99823,1,1,[1.],[0.05],3977.2064685821533,[(3643.18991;[1.];[0.05];13941.29970;1;1;[1.];[0.05];13883.67512;100)]
1,7,15981.088610404311,0.99891,1,1,[0.9932],[0.0432],4097.290515899658,[(3819.99159;[0.9932];[0.0432];15981.08861;1;1;[0.9932];[0.0432];15981.08861;100)]
0,6,17833.81934403228,0.97265,1,1,[1.],[0.05],4175.453662872314,[(3827.00992;[1.];[0.05];17768.49387;1;1;[1.];[0.05];17833.81934;100)]
1,1,15986.72313092698,0.99926,1,1,[1.],[0.05],4208.1451416015625,[(3859.81917;[1.];[0.05];16052.26352;1;1;[1.];[0.05];15986.72313;100)]
1,4,15862.273988243982,0.99148,1,1,[1.],[0.05],4499.392032623291,[(4168.69235;[1.];[0.05];15975.96298;1;1;[1.];[0.05];15862.27399;100)]
0,1,18328.876152156874,0.99965,1,1,[1.],[0.05],4254.388093948364,[(3890.10668;[1.];[0.05];18394.91100;1;1;[1.];[0.05];18328.87615;100)]
1,3,15972.192225271257,0.99835,1,1,[0.9993],[0.0493],4205.410718917847,[(3861.86171;[0.9993];[0.0493];15978.07108;1;1;[0.9993];[0.0493];15972.19223;100)]
2,7,13901.21659133537,0.99949,1,1,[0.9778],[0.0278],4436.941623687744,[(4155.57146;[0.9778];[0.0278];13901.21659;1;1;[0.9778];[0.0278];13901.21659;100)]
0,7,18298.29349698812,0.99798,1,1,[1.],[0.05],4585.904598236084,[(4297.04237;[1.];[0.05];18298.29350;1;1;[1.];[0.05];18298.29350;100)]
2,3,13896.260481816304,0.99914,1,1,[0.9977],[0.0477],4501.256227493286,[(4144.08684;[0.9967];[0.0467];13895.82902;1;1;[0.9977];[0.0477];13896.26048;100)]
1,5,15624.157446783849,0.9766,1,1,[1.],[0.05],4540.687084197998,[(4132.30300;[1.];[0.05];15534.95382;1;1;[1.];[0.05];15624.15745;100)]
0,3,18247.032308011978,0.99519,1,1,[1.],[0.05],4751.426458358765,[(4393.25643;[1.];[0.05];18257.74587;1;1;[1.];[0.05];18247.03231;100)]
2,4,13789.636200422561,0.99147,1,1,[1.],[0.05],4489.287376403809,[(4178.06983;[1.];[0.05];13905.72110;1;1;[1.];[0.05];13789.63620;100)]
0,4,18213.73955181916,0.99337,1,1,[1.],[0.05],4488.277912139893,[(4220.11423;[1.];[0.05];18352.11167;1;1;[1.];[0.05];18213.73955;100)]
2,5,13617.707022932289,0.97911,1,1,[1.],[0.05],4928.733825683594,[(4694.87095;[1.];[0.05];13527.48461;1;1;[1.];[0.05];13617.70702;100)]
2,6,13486.189258918874,0.96965,1,1,[1.],[0.05],4473.477602005005,[(4144.96851;[1.];[0.05];13422.72104;1;1;[1.];[0.05];13486.18926;100)]
1,6,15505.455823241471,0.96918,1,1,[1.],[0.05],4915.261030197144,[(4677.73700;[1.];[0.05];15431.27860;1;1;[1.];[0.05];15505.45582;100)]
0,5,17939.368321919592,0.97841,1,1,[1.],[0.05],4828.520059585571,[(4511.81889;[1.];[0.05];17842.44257;1;1;[1.];[0.05];17939.36832;100)]
1,9,15983.306403898443,0.99905,1,1,[0.9937],[0.0437],10507.283926010132,"[(4097.42188;[0.8682];[-0.0818];15808.29184;1;0;[0.8669];[-0.0831];15818.91489;100),(5420.74299;[0.8682];[-0.0818];15808.29184;1;0;[0.8669];[-0.0831];15818.91489;100),(7163.74278;[0.9061];[-0.0439];15919.07501;1;0;[0.9027];[-0.0473];15930.84200;200),(10086.83681;[0.9947];[0.0447];15972.09411;1;1;[0.9937];[0.0437];15983.30640;400)]"
2,9,13901.144251318628,0.99949,1,1,[0.9976],[0.0476],10510.444641113281,"[(4138.74078;[0.7962];[-0.1538];13727.10959;1;0;[0.7899];[-0.1601];13740.21059;100),(5245.82458;[0.7962];[-0.1538];13727.10959;1;0;[0.7899];[-0.1601];13740.21059;100),(7457.60202;[0.8434];[-0.1066];13835.72507;1;0;[0.8413];[-0.1087];13850.84210;200),(10266.38842;[0.9983];[0.0483];13886.34386;1;1;[0.9976];[0.0476];13901.14425;400)]"
0,8,18292.25497819238,0.99765,1,1,[0.9827],[0.0327],10331.98857307434,"[(3901.58558;[0.921];[-0.029];18568.12311;1;0;[0.9131];[-0.0369];18161.03189;100),(5062.10017;[0.921];[-0.029];18568.12311;1;0;[0.9131];[-0.0369];18161.03189;100),(7385.83946;[0.921];[-0.029];18568.12311;1;0;[0.9131];[-0.0369];18161.03189;200),(10087.30674;[0.9847];[0.0347];18647.63768;1;1;[0.9827];[0.0327];18292.25498;400)]"
0,9,18334.14888158054,0.99994,1,1,[1.],[0.05],10552.122831344604,"[(4502.03753;[0.8983];[-0.0517];18071.85063;1;0;[0.8968];[-0.0532];18083.88929;100),(5477.07701;[0.8983];[-0.0517];18071.85063;1;0;[0.8968];[-0.0532];18083.88929;100),(7239.24303;[0.9841];[0.0341];18274.17266;1;1;[0.9827];[0.0327];18290.57384;200),(10297.96410;[1.];[0.05];18313.82730;1;1;[1.];[0.05];18334.14888;400)]"
3,4,12103.654232917006,0.98926,1,1,[1.],[0.05],3446.5768337249756,[(3107.87487;[1.];[0.05];12187.82345;1;1;[1.];[0.05];12103.65423;100)]
3,1,12202.46230186433,0.99734,1,1,[1.],[0.05],3578.4552097320557,[(3297.26505;[1.];[0.05];12252.08972;1;1;[1.];[0.05];12202.46230;100)]
4,5,10808.483191564532,0.99464,1,1,[0.9619],[0.0119],3679.594039916992,[(3438.47489;[0.9632];[0.0132];10731.41773;1;1;[0.9619];[0.0119];10808.48319;100)]
3,6,11926.474305276139,0.97478,1,1,[1.],[0.05],3490.6020164489746,[(3246.39225;[1.];[0.05];11874.32780;1;1;[1.];[0.05];11926.47431;100)]
3,5,12120.38633566516,0.99063,1,1,[1.],[0.05],3924.384117126465,[(3590.66653;[1.];[0.05];12040.06967;1;1;[1.];[0.05];12120.38634;100)]
4,6,10524.835942541966,0.96854,1,1,[1.],[0.05],3742.0005798339844,[(3468.31179;[1.];[0.05];10488.06639;1;1;[1.];[0.05];10524.83594;100)]
0,2,18302.14669860684,0.99819,1,1,[0.9988],[0.0488],16529.979705810547,"[(4048.80214;[0.9226];[-0.0274];18431.51904;1;0;[0.9237];[-0.0263];18184.45898;100),(5315.87195;[0.9226];[-0.0274];18431.51904;1;0;[0.9237];[-0.0263];18184.45898;100),(7129.63176;[0.9204];[-0.0296];18427.60586;1;0;[0.9205];[-0.0295];18178.82317;200),(10173.00367;[0.8951];[-0.0549];18354.71383;1;0;[0.8959];[-0.0541];18097.00925;400),(16182.11913;[0.9988];[0.0488];18509.76876;1;1;[0.9988];[0.0488];18302.14670;800)]"
5,6,9090.370680579874,0.94073,1,1,[0.9916],[0.0416],4262.717247009277,[(3943.04800;[0.991];[0.041];9050.03152;1;1;[0.9916];[0.0416];9090.37068;100)]
1,2,15997.903124741135,0.99996,1,1,[0.9965],[0.0465],65511.80386543274,"[(3810.49681;[0.8947];[-0.0553];16145.12375;1;0;[0.8954];[-0.0546];15927.99921;100),(5051.15581;[0.8947];[-0.0553];16145.12375;1;0;[0.8954];[-0.0546];15927.99921;100),(6880.35703;[0.8902];[-0.0598];16142.33828;1;0;[0.8911];[-0.0589];15924.41945;200),(9837.23617;[0.8636];[-0.0864];16086.06887;1;0;[0.8627];[-0.0873];15860.45280;400),(15660.00915;[0.9105];[-0.0395];16151.42205;1;0;[0.9113];[-0.0387];15938.56979;800),(18529.11663;[0.9105];[-0.0395];16151.42205;1;0;[0.9113];[-0.0387];15938.56979;800),(22107.50103;[0.9105];[-0.0395];16151.42205;1;0;[0.9113];[-0.0387];15938.56979;800),(25267.41052;[0.9105];[-0.0395];16151.42205;1;0;[0.9113];[-0.0387];15938.56979;800),(28448.36020;[0.9105];[-0.0395];16151.42205;1;0;[0.9113];[-0.0387];15938.56979;800),(31803.67470;[0.9105];[-0.0395];16151.42205;1;0;[0.9113];[-0.0387];15938.56979;800),(35867.03587;[0.9105];[-0.0395];16151.42205;1;0;[0.9113];[-0.0387];15938.56979;800),(39630.71656;[0.9105];[-0.0395];16151.42205;1;0;[0.9113];[-0.0387];15938.56979;800),(40431.67853;[0.9423];[-0.0077];15592.79385;1;0;[0.9438];[-0.0062];15397.84419;800),(41248.06046;[0.973];[0.023];14815.44197;1;1;[0.9715];[0.0215];14672.78958;800),(42052.12808;[0.9584];[0.0084];15235.18361;1;1;[0.9589];[0.0089];15064.74757;800),(42904.32763;[0.953];[0.003];15428.47367;1;1;[0.9523];[0.0023];15243.69174;800),(43596.19069;[0.9473];[-0.0027];15521.14384;1;0;[0.9482];[-0.0018];15331.79031;800),(43977.41055;[0.9498];[-0.0002];15483.72766;1;0;[0.9497];[-0.0003];15295.85853;800),(44732.15175;[0.9509];[0.0009];15459.76632;1;1;[0.9506];[0.0006];15274.95160;800),(45215.94906;[0.951];[0.001];15467.42752;1;1;[0.9505];[0.0005];15280.15645;800),(46017.15040;[0.951];[0.001];15470.96596;1;1;[0.9505];[0.0005];15283.52568;800),(46692.17849;[0.9497];[-0.0003];15478.01720;1;0;[0.9492];[-0.0008];15290.01966;800),(47442.74235;[0.951];[0.001];15471.52598;1;1;[0.9505];[0.0005];15284.05658;800),(48026.80135;[0.951];[0.001];15471.52598;1;1;[0.9505];[0.0005];15284.05658;800),(48632.03430;[0.9497];[-0.0003];15478.01720;1;0;[0.9492];[-0.0008];15290.01966;800),(49265.64813;[0.951];[0.001];15471.52598;1;1;[0.9505];[0.0005];15284.05658;800),(49935.66322;[0.951];[0.001];15471.52598;1;1;[0.9505];[0.0005];15284.05658;800),(50589.54406;[0.9497];[-0.0003];15478.01720;1;0;[0.9492];[-0.0008];15290.01966;800),(65072.58058;[0.9972];[0.0472];16176.41010;1;1;[0.9965];[0.0465];15997.90312;1600)]"
1,10,15983.812356007511,0.99908,1,1,[0.9808],[0.0308],66379.3261051178,"[(4150.61069;[0.8387];[-0.1113];16092.58336;1;0;[0.846];[-0.104];15784.48817;100),(5228.51086;[0.8387];[-0.1113];16092.58336;1;0;[0.846];[-0.104];15784.48817;100),(7302.04272;[0.8433];[-0.1067];16106.53725;1;0;[0.8473];[-0.1027];15802.97504;200),(10286.63254;[0.8498];[-0.1002];16126.96821;1;0;[0.8539];[-0.0961];15825.88819;400),(16046.14830;[0.8825];[-0.0675];16204.92032;1;0;[0.8846];[-0.0654];15916.06220;800),(19208.06503;[0.8825];[-0.0675];16204.92032;1;0;[0.8846];[-0.0654];15916.06220;800),(22976.70460;[0.8825];[-0.0675];16204.92032;1;0;[0.8846];[-0.0654];15916.06220;800),(26449.45025;[0.8825];[-0.0675];16204.92032;1;0;[0.8846];[-0.0654];15916.06220;800),(29998.15845;[0.8825];[-0.0675];16204.92032;1;0;[0.8846];[-0.0654];15916.06220;800),(33928.27320;[0.8825];[-0.0675];16204.92032;1;0;[0.8846];[-0.0654];15916.06220;800),(37351.36008;[0.8825];[-0.0675];16204.92032;1;0;[0.8846];[-0.0654];15916.06220;800),(41420.23993;[0.8825];[-0.0675];16204.92032;1;0;[0.8846];[-0.0654];15916.06220;800),(42059.57055;[0.9245];[-0.0255];15825.95975;1;0;[0.9306];[-0.0194];15589.40495;800),(42744.83967;[0.9643];[0.0143];15094.26478;1;1;[0.9635];[0.0135];14933.53858;800),(43287.94646;[0.9465];[-0.0035];15520.53980;1;0;[0.949];[-0.001];15315.38837;800),(43884.79733;[0.9554];[0.0054];15304.74598;1;1;[0.9564];[0.0064];15127.47684;800),(44473.76275;[0.9521];[0.0021];15420.96310;1;1;[0.9533];[0.0033];15225.45522;800),(45311.43594;[0.9481];[-0.0019];15463.91863;1;1;[0.9506];[0.0006];15264.10149;800),(45975.76499;[0.9513];[0.0013];15441.71100;1;1;[0.9524];[0.0024];15244.45539;800),(46411.00001;[0.9506];[0.0006];15458.73580;1;1;[0.9517];[0.0017];15260.18441;800),(47060.88328;[0.9503];[0.0003];15460.17473;1;1;[0.9514];[0.0014];15261.36374;800),(47783.04362;[0.9476];[-0.0024];15459.07601;1;1;[0.9504];[0.0004];15259.04461;800),(48430.71151;[0.9505];[0.0005];15461.13635;1;1;[0.9516];[0.0016];15262.45562;800),(49167.11450;[0.9505];[0.0005];15461.13635;1;1;[0.9516];[0.0016];15262.45562;800),(49726.51553;[0.9505];[0.0005];15461.13635;1;1;[0.9516];[0.0016];15262.45562;800),(50297.71447;[0.9505];[0.0005];15461.13635;1;1;[0.9516];[0.0016];15262.45562;800),(50983.67190;[0.9505];[0.0005];15461.13635;1;1;[0.9516];[0.0016];15262.45562;800),(51644.80996;[0.9505];[0.0005];15461.13635;1;1;[0.9516];[0.0016];15262.45562;800),(65964.52403;[0.9817];[0.0317];16234.30399;1;1;[0.9808];[0.0308];15983.81236;1600)]"
0,10,18302.14669860684,0.99819,1,1,[0.9988],[0.0488],66052.9842376709,"[(4244.87996;[0.8895];[-0.0605];18430.75747;1;0;[0.8949];[-0.0551];18097.64738;100),(5468.50657;[0.8895];[-0.0605];18430.75747;1;0;[0.8949];[-0.0551];18097.64738;100),(6063.15494;[0.8895];[-0.0605];18430.75747;1;0;[0.8949];[-0.0551];18097.64738;100),(7019.39297;[0.8895];[-0.0605];18430.75747;1;0;[0.8949];[-0.0551];18097.64738;100),(7615.90695;[0.8895];[-0.0605];18430.75747;1;0;[0.8949];[-0.0551];18097.64738;100),(8261.91545;[0.8895];[-0.0605];18430.75747;1;0;[0.8949];[-0.0551];18097.64738;100),(9068.96210;[0.9502];[0.0002];18074.56654;1;1;[0.9517];[0.0017];17811.11264;100),(10283.72240;[0.9164];[-0.0336];18411.55890;1;0;[0.9204];[-0.0296];18096.89089;100),(10990.88740;[0.9291];[-0.0209];18301.13797;1;0;[0.9362];[-0.0138];18008.51079;100),(11541.81433;[0.9404];[-0.0096];18211.93882;1;0;[0.9443];[-0.0057];17931.57870;100),(12480.85809;[0.9475];[-0.0025];18156.98966;1;0;[0.9493];[-0.0007];17884.87225;100),(12938.88354;[0.9494];[-0.0006];18103.85795;1;1;[0.9508];[0.0008];17834.95203;100),(14005.03850;[0.9496];[-0.0004];18097.83492;1;1;[0.9512];[0.0012];17832.69907;100),(14526.40247;[0.9507];[0.0007];18100.27621;1;1;[0.9522];[0.0022];17836.63455;100),(15118.08372;[0.9512];[0.0012];18080.39978;1;1;[0.9529];[0.0029];17814.31825;100),(15747.18189;[0.9514];[0.0014];18082.36966;1;1;[0.9532];[0.0032];17816.33775;100),(16323.29178;[0.9493];[-0.0007];18091.88735;1;1;[0.9509];[0.0009];17827.05801;100),(17060.24170;[0.9516];[0.0016];18083.39415;1;1;[0.9533];[0.0033];17817.39527;100),(17854.78210;[0.9493];[-0.0007];18088.00730;1;1;[0.9509];[0.0009];17822.84231;100),(18764.83130;[0.9516];[0.0016];18083.39415;1;1;[0.9533];[0.0033];17817.39527;100),(19620.04638;[0.9516];[0.0016];18083.39415;1;1;[0.9533];[0.0033];17817.39527;100),(20308.01678;[0.9493];[-0.0007];18090.01325;1;1;[0.9509];[0.0009];17824.88115;100),(21311.95378;[0.9516];[0.0016];18083.39415;1;1;[0.9533];[0.0033];17817.39527;100),(23007.88641;[0.8895];[-0.0605];18430.75747;1;0;[0.8949];[-0.0551];18097.64738;200),(24257.73501;[0.8895];[-0.0605];18430.75747;1;0;[0.8949];[-0.0551];18097.64738;200),(25628.97539;[0.8895];[-0.0605];18430.75747;1;0;[0.8949];[-0.0551];18097.64738;200),(26837.16702;[0.8895];[-0.0605];18430.75747;1;0;[0.8949];[-0.0551];18097.64738;200),(27866.80484;[0.8895];[-0.0605];18430.75747;1;0;[0.8949];[-0.0551];18097.64738;200),(29000.92077;[0.8895];[-0.0605];18430.75747;1;0;[0.8949];[-0.0551];18097.64738;200),(31565.94515;[0.9475];[-0.0025];18162.37389;1;0;[0.9492];[-0.0008];17890.81435;200),(32080.81150;[0.9726];[0.0226];17485.53615;1;1;[0.9723];[0.0223];17270.49821;200),(32650.35963;[0.9623];[0.0123];17878.12224;1;1;[0.962];[0.012];17636.15363;200),(32954.90575;[0.9554];[0.0054];18046.93633;1;1;[0.9564];[0.0064];17789.65068;200),(33506.41680;[0.9508];[0.0008];18105.16830;1;1;[0.9521];[0.0021];17842.27386;200),(34194.73004;[0.9474];[-0.0026];18118.23571;1;0;[0.9489];[-0.0011];17849.99871;200),(35103.82175;[0.95];[0.];18113.47786;1;1;[0.9515];[0.0015];17849.17258;200),(35700.98472;[0.9493];[-0.0007];18110.33612;1;1;[0.9512];[0.0012];17844.82438;200),(36157.23801;[0.9493];[-0.0007];18110.33612;1;1;[0.9512];[0.0012];17844.82438;200),(37065.26160;[0.9493];[-0.0007];18099.40266;1;1;[0.9509];[0.0009];17834.04545;200),(37838.47976;[0.9508];[0.0008];18105.16830;1;1;[0.9521];[0.0021];17842.27386;200),(38463.63473;[0.9496];[-0.0004];18094.41035;1;1;[0.9512];[0.0012];17829.89526;200),(39184.40533;[0.9508];[0.0008];18105.16830;1;1;[0.9521];[0.0021];17842.27386;200),(39695.99676;[0.9496];[-0.0004];18096.88083;1;1;[0.9512];[0.0012];17831.65695;200),(40495.37015;[0.9508];[0.0008];18105.16830;1;1;[0.9521];[0.0021];17842.27386;200),(41099.29967;[0.9496];[-0.0004];18096.88083;1;1;[0.9512];[0.0012];17831.65695;200),(44920.23683;[0.8895];[-0.0605];18430.75747;1;0;[0.8949];[-0.0551];18097.64738;400),(53006.10304;[0.9093];[-0.0407];18482.60613;1;0;[0.9147];[-0.0353];18160.11929;800),(65755.82361;[0.9982];[0.0482];18581.13230;1;1;[0.9988];[0.0488];18302.14670;1600)]"
2,2,13905.803260697225,0.99982,1,1,[0.9706],[0.0206],70167.14429855347,"[(3840.38281;[0.8121];[-0.1379];14013.75591;1;0;[0.8051];[-0.1449];13810.42378;100),(5187.07943;[0.8121];[-0.1379];14013.75591;1;0;[0.8051];[-0.1449];13810.42378;100),(7232.19776;[0.8121];[-0.1379];14015.04751;1;0;[0.8049];[-0.1451];13811.55248;200),(10455.63674;[0.8011];[-0.1489];13992.52363;1;0;[0.7928];[-0.1572];13785.92539;400),(16444.50903;[0.848];[-0.102];14059.44856;1;0;[0.8471];[-0.1029];13868.47687;800),(19740.11850;[0.848];[-0.102];14059.44856;1;0;[0.8471];[-0.1029];13868.47687;800),(23907.96709;[0.848];[-0.102];14059.44856;1;0;[0.8471];[-0.1029];13868.47687;800),(27412.12440;[0.848];[-0.102];14059.44856;1;0;[0.8471];[-0.1029];13868.47687;800),(30815.57965;[0.848];[-0.102];14059.44856;1;0;[0.8471];[-0.1029];13868.47687;800),(35486.77492;[0.848];[-0.102];14059.44856;1;0;[0.8471];[-0.1029];13868.47687;800),(39754.43363;[0.848];[-0.102];14059.44856;1;0;[0.8471];[-0.1029];13868.47687;800),(44480.65639;[0.848];[-0.102];14059.44856;1;0;[0.8471];[-0.1029];13868.47687;800),(45281.82149;[0.9207];[-0.0293];13371.11834;1;0;[0.9217];[-0.0283];13213.60013;800),(45952.62003;[0.9679];[0.0179];12287.55245;1;1;[0.9668];[0.0168];12185.69378;800),(46837.90374;[0.9453];[-0.0047];12930.36166;1;0;[0.9462];[-0.0038];12802.60037;800),(47692.68656;[0.9593];[0.0093];12650.59852;1;1;[0.9593];[0.0093];12537.65304;800),(48471.94004;[0.9527];[0.0027];12790.02740;1;1;[0.9523];[0.0023];12667.12489;800),(48905.78604;[0.9485];[-0.0015];12876.30057;1;1;[0.9502];[0.0002];12751.97917;800),(49459.29313;[0.9492];[-0.0008];12837.37333;1;1;[0.9507];[0.0007];12714.95943;800),(49893.54300;[0.9522];[0.0022];12821.12260;1;1;[0.9522];[0.0022];12701.08664;800),(50498.46554;[0.9512];[0.0012];12815.67262;1;1;[0.9512];[0.0012];12691.32811;800),(51237.59222;[0.9523];[0.0023];12825.84473;1;1;[0.9524];[0.0024];12705.82283;800),(51668.33353;[0.9489];[-0.0011];12833.26685;1;1;[0.9506];[0.0006];12710.87128;800),(52442.31963;[0.9491];[-0.0009];12836.98438;1;1;[0.9506];[0.0006];12716.65215;800),(53334.52487;[0.9494];[-0.0006];12836.85841;1;1;[0.9508];[0.0008];12716.57267;800),(53879.98009;[0.9494];[-0.0006];12836.85841;1;1;[0.9508];[0.0008];12716.57267;800),(54470.40129;[0.9494];[-0.0006];12836.85841;1;1;[0.9508];[0.0008];12716.57267;800),(55248.27456;[0.9494];[-0.0006];12834.63340;1;1;[0.9507];[0.0007];12714.73187;800),(55796.36264;[0.9494];[-0.0006];12834.63340;1;1;[0.9507];[0.0007];12714.73187;800),(69836.84158;[0.9695];[0.0195];14059.90333;1;1;[0.9706];[0.0206];13905.80326;1600)]"
4,4,10778.02004449192,0.99183,1,1,[0.9827],[0.0327],70931.97274208069,"[(3252.14171;[0.8887];[-0.0613];10841.30825;1;0;[0.8862];[-0.0638];10735.36816;100),(4588.02700;[0.8887];[-0.0613];10841.30825;1;0;[0.8862];[-0.0638];10735.36816;100),(5161.26132;[0.8887];[-0.0613];10841.30825;1;0;[0.8862];[-0.0638];10735.36816;100),(6013.93700;[0.8887];[-0.0613];10841.30825;1;0;[0.8862];[-0.0638];10735.36816;100),(6592.70120;[0.8887];[-0.0613];10841.30825;1;0;[0.8862];[-0.0638];10735.36816;100),(7171.10777;[0.8887];[-0.0613];10841.30825;1;0;[0.8862];[-0.0638];10735.36816;100),(7769.23132;[0.8247];[-0.1253];10070.25347;1;0;[0.8202];[-0.1298];9968.40356;100),(8148.88120;[0.8631];[-0.0869];9326.04684;1;0;[0.8622];[-0.0878];9258.62290;100),(8595.26467;[0.8789];[-0.0711];8812.00598;1;0;[0.8762];[-0.0738];8758.94360;100),(9182.23596;[0.8776];[-0.0724];8268.07321;1;0;[0.8761];[-0.0739];8226.26581;100),(9737.93435;[0.8773];[-0.0727];8090.72155;1;0;[0.8743];[-0.0757];8052.59535;100),(10058.89964;[0.8749];[-0.0751];8077.88030;1;0;[0.8709];[-0.0791];8039.68432;100),(10473.28639;[0.8727];[-0.0773];8069.28621;1;0;[0.868];[-0.082];8030.86114;100),(10976.07732;[0.8727];[-0.0773];8069.28621;1;0;[0.868];[-0.082];8030.86114;100),(11256.97637;[0.8727];[-0.0773];8069.28621;1;0;[0.868];[-0.082];8030.86114;100),(11850.74878;[0.8887];[-0.0613];10841.30825;1;0;[0.8862];[-0.0638];10735.36816;100),(12865.81731;[0.9116];[-0.0384];10307.15159;1;0;[0.9114];[-0.0386];10220.66116;100),(13638.54289;[0.8459];[-0.1041];9805.49410;1;0;[0.8426];[-0.1074];9718.78585;100),(14605.23272;[0.8785];[-0.0715];9034.10609;1;0;[0.8746];[-0.0754];8976.85612;100),(15408.94246;[0.8727];[-0.0773];8069.28621;1;0;[0.868];[-0.082];8030.86114;100),(16121.11449;[0.8727];[-0.0773];8069.28621;1;0;[0.868];[-0.082];8030.86114;100),(16702.89254;[0.8887];[-0.0613];10841.30825;1;0;[0.8862];[-0.0638];10735.36816;100),(17794.62552;[0.9395];[-0.0105];10280.39901;1;0;[0.9378];[-0.0122];10200.25214;100),(18482.79166;[0.8475];[-0.1025];9681.12892;1;0;[0.8428];[-0.1072];9597.68517;100),(19440.12070;[0.8855];[-0.0645];8794.55878;1;0;[0.883];[-0.067];8743.48476;100),(20961.17878;[0.8727];[-0.0773];8069.28621;1;0;[0.868];[-0.082];8030.86114;100),(21799.77059;[0.8727];[-0.0773];8069.28621;1;0;[0.868];[-0.082];8030.86114;100),(22715.41572;[0.8887];[-0.0613];10841.30825;1;0;[0.8862];[-0.0638];10735.36816;100),(23926.76997;[0.9116];[-0.0384];10307.15159;1;0;[0.9114];[-0.0386];10220.66116;100),(24713.28425;[0.8459];[-0.1041];9805.49410;1;0;[0.8426];[-0.1074];9718.78585;100),(25669.33894;[0.8785];[-0.0715];9034.10609;1;0;[0.8746];[-0.0754];8976.85612;100),(26836.83729;[0.8727];[-0.0773];8069.28621;1;0;[0.868];[-0.082];8030.86114;100),(28072.26634;[0.8727];[-0.0773];8069.28621;1;0;[0.868];[-0.082];8030.86114;100),(29163.18130;[0.8887];[-0.0613];10841.30825;1;0;[0.8862];[-0.0638];10735.36816;100),(30394.76800;[0.9116];[-0.0384];10307.15159;1;0;[0.9114];[-0.0386];10220.66116;100),(31275.93923;[0.8459];[-0.1041];9805.49410;1;0;[0.8426];[-0.1074];9718.78585;100),(32338.13548;[0.8785];[-0.0715];9034.10609;1;0;[0.8746];[-0.0754];8976.85612;100),(33289.23225;[0.8727];[-0.0773];8069.28621;1;0;[0.868];[-0.082];8030.86114;100),(34361.76205;[0.8727];[-0.0773];8069.28621;1;0;[0.868];[-0.082];8030.86114;100),(35409.69157;[0.8887];[-0.0613];10841.30825;1;0;[0.8862];[-0.0638];10735.36816;100),(36803.98011;[0.9395];[-0.0105];10280.39901;1;0;[0.9378];[-0.0122];10200.25214;100),(37618.08348;[0.8459];[-0.1041];9805.49410;1;0;[0.8426];[-0.1074];9718.78585;100),(38584.82766;[0.8785];[-0.0715];9034.10609;1;0;[0.8746];[-0.0754];8976.85612;100),(39390.52916;[0.8727];[-0.0773];8069.28621;1;0;[0.868];[-0.082];8030.86114;100),(40354.77352;[0.8727];[-0.0773];8069.28621;1;0;[0.868];[-0.082];8030.86114;100),(41277.52280;[0.8887];[-0.0613];10841.30825;1;0;[0.8862];[-0.0638];10735.36816;100),(43129.04692;[0.9395];[-0.0105];10280.39901;1;0;[0.9378];[-0.0122];10200.25214;100),(43943.09711;[0.8459];[-0.1041];9805.49410;1;0;[0.8426];[-0.1074];9718.78585;100),(44666.98742;[0.8785];[-0.0715];9034.10609;1;0;[0.8746];[-0.0754];8976.85612;100),(45462.99458;[0.8727];[-0.0773];8069.28621;1;0;[0.868];[-0.082];8030.86114;100),(46295.64905;[0.8727];[-0.0773];8069.28621;1;0;[0.868];[-0.082];8030.86114;100),(46969.12479;[0.8887];[-0.0613];10841.30825;1;0;[0.8862];[-0.0638];10735.36816;100),(48141.26301;[0.9395];[-0.0105];10280.39901;1;0;[0.9378];[-0.0122];10200.25214;100),(49217.51451;[0.8459];[-0.1041];9805.49410;1;0;[0.8426];[-0.1074];9718.78585;100),(50483.36363;[0.8785];[-0.0715];9034.10609;1;0;[0.8746];[-0.0754];8976.85612;100),(51188.63964;[0.8727];[-0.0773];8069.28621;1;0;[0.868];[-0.082];8030.86114;100),(52064.88514;[0.8727];[-0.0773];8069.28621;1;0;[0.868];[-0.082];8030.86114;100),(52761.97338;[0.8887];[-0.0613];10841.30825;1;0;[0.8862];[-0.0638];10735.36816;100),(53863.69133;[0.9403];[-0.0097];10279.77016;1;0;[0.9387];[-0.0113];10199.78543;100),(54594.44618;[0.8459];[-0.1041];9805.49410;1;0;[0.8426];[-0.1074];9718.78585;100),(55495.50867;[0.8785];[-0.0715];9034.10609;1;0;[0.8746];[-0.0754];8976.85612;100),(56184.17978;[0.8727];[-0.0773];8069.28621;1;0;[0.868];[-0.082];8030.86114;100),(56946.97809;[0.8727];[-0.0773];8069.28621;1;0;[0.868];[-0.082];8030.86114;100),(57873.41094;[0.9738];[0.0238];10807.82115;1;1;[0.9734];[0.0234];10708.18586;100),(58457.31044;[0.8887];[-0.0613];10841.30825;1;0;[0.8862];[-0.0638];10735.36816;100),(59048.69246;[0.8887];[-0.0613];10841.30825;1;0;[0.8862];[-0.0638];10735.36816;100),(59731.47821;[0.8887];[-0.0613];10841.30825;1;0;[0.8862];[-0.0638];10735.36816;100),(60710.59728;[0.8887];[-0.0613];10841.30825;1;0;[0.8862];[-0.0638];10735.36816;100),(61163.61976;[0.9983];[0.0483];10563.02900;1;1;[0.999];[0.049];10472.93657;100),(61709.83624;[0.858];[-0.092];10755.91194;1;0;[0.8528];[-0.0972];10644.86623;100),(62382.68042;[0.9339];[-0.0161];10672.14757;1;0;[0.9321];[-0.0179];10569.41239;100),(63049.75867;[0.9812];[0.0312];10621.72623;1;1;[0.9802];[0.0302];10524.86661;100),(63603.64985;[0.9877];[0.0377];10650.47358;1;1;[0.9868];[0.0368];10554.48377;100),(64341.73965;[0.9944];[0.0444];10652.27485;1;1;[0.9953];[0.0453];10557.45913;100),(64804.35228;[0.9339];[-0.0161];10672.14757;1;0;[0.9321];[-0.0179];10569.41239;100),(65266.24298;[0.9339];[-0.0161];10672.14757;1;0;[0.9321];[-0.0179];10569.41239;100),(65751.16324;[0.9634];[0.0134];10663.25381;1;1;[0.962];[0.012];10563.19491;100),(66063.86614;[0.9339];[-0.0161];10672.14757;1;0;[0.9321];[-0.0179];10569.41239;100),(66663.05494;[0.9308];[-0.0192];10668.79276;1;0;[0.9291];[-0.0209];10565.97663;100),(67122.77293;[0.9308];[-0.0192];10668.79276;1;0;[0.9291];[-0.0209];10565.97663;100),(67799.10636;[0.9297];[-0.0203];10666.70239;1;0;[0.927];[-0.023];10563.76168;100),(68131.71148;[0.9297];[-0.0203];10666.70239;1;0;[0.927];[-0.023];10563.76168;100),(68647.35389;[0.9634];[0.0134];10663.25381;1;1;[0.962];[0.012];10563.19491;100),(70530.45702;[0.9829];[0.0329];10857.43221;1;1;[0.9827];[0.0327];10778.02004;200)]"
1,8,15998.24146975646,0.99998,1,1,[0.9955],[0.0455],159246.61803245544,"[(4619.05336;[0.8798];[-0.0702];16253.77072;1;0;[0.8723];[-0.0777];15885.29087;100),(5760.82206;[0.8798];[-0.0702];16253.77072;1;0;[0.8723];[-0.0777];15885.29087;100),(7949.24283;[0.8798];[-0.0702];16253.77072;1;0;[0.8723];[-0.0777];15885.29087;200),(10618.67952;[0.9];[-0.05];16282.74479;1;0;[0.8911];[-0.0589];15924.41945;400),(16200.20008;[0.893];[-0.057];16276.87405;1;0;[0.8846];[-0.0654];15916.06220;800),(19279.62327;[0.893];[-0.057];16276.87405;1;0;[0.8846];[-0.0654];15916.06220;800),(22827.19421;[0.893];[-0.057];16276.87405;1;0;[0.8846];[-0.0654];15916.06220;800),(26434.78656;[0.893];[-0.057];16276.87405;1;0;[0.8846];[-0.0654];15916.06220;800),(29844.30003;[0.893];[-0.057];16276.87405;1;0;[0.8846];[-0.0654];15916.06220;800),(33606.11868;[0.893];[-0.057];16276.87405;1;0;[0.8846];[-0.0654];15916.06220;800),(37361.77611;[0.893];[-0.057];16276.87405;1;0;[0.8846];[-0.0654];15916.06220;800),(41497.17379;[0.893];[-0.057];16276.87405;1;0;[0.8846];[-0.0654];15916.06220;800),(42175.35424;[0.939];[-0.011];15792.64020;1;0;[0.9374];[-0.0126];15488.44745;800),(42717.92436;[0.9656];[0.0156];15140.99706;1;1;[0.9639];[0.0139];14915.08235;800),(43501.12724;[0.9549];[0.0049];15513.99882;1;1;[0.9524];[0.0024];15244.45539;800),(44101.21870;[0.9453];[-0.0047];15675.44254;1;0;[0.9446];[-0.0054];15389.31816;800),(44912.62913;[0.9494];[-0.0006];15597.14693;1;0;[0.9486];[-0.0014];15317.11209;800),(45640.01393;[0.9531];[0.0031];15558.76127;1;1;[0.9507];[0.0007];15283.01812;800),(46369.61126;[0.952];[0.002];15579.11534;1;0;[0.9499];[-0.0001];15301.44855;800),(46771.76261;[0.9498];[-0.0002];15593.49804;1;0;[0.9489];[-0.0011];15313.90251;800),(47774.58382;[0.9487];[-0.0013];15584.46226;1;0;[0.9483];[-0.0017];15304.50723;800),(48615.51285;[0.949];[-0.001];15579.15855;1;0;[0.9483];[-0.0017];15299.39458;800),(49554.58617;[0.9511];[0.0011];15578.81148;1;0;[0.9495];[-0.0005];15300.62470;800),(50114.14742;[0.9484];[-0.0016];15574.92396;1;0;[0.9482];[-0.0018];15294.96251;800),(50813.17401;[0.9485];[-0.0015];15574.99350;1;0;[0.9482];[-0.0018];15295.10344;800),(51524.83821;[0.9485];[-0.0015];15574.99350;1;0;[0.9482];[-0.0018];15295.10344;800),(52152.02045;[0.9485];[-0.0015];15574.99350;1;0;[0.9482];[-0.0018];15295.10344;800),(52679.43740;[0.9485];[-0.0015];15574.99350;1;0;[0.9482];[-0.0018];15295.10344;800),(66514.40048;[0.9];[-0.05];16282.74479;1;0;[0.8911];[-0.0589];15924.41945;1600),(73515.55133;[0.9];[-0.05];16282.74479;1;0;[0.8911];[-0.0589];15924.41945;1600),(80906.72469;[0.9];[-0.05];16282.74479;1;0;[0.8911];[-0.0589];15924.41945;1600),(88378.91769;[0.9];[-0.05];16282.74479;1;0;[0.8911];[-0.0589];15924.41945;1600),(95289.73413;[0.9];[-0.05];16282.74479;1;0;[0.8911];[-0.0589];15924.41945;1600),(102578.25112;[0.9];[-0.05];16282.74479;1;0;[0.8911];[-0.0589];15924.41945;1600),(109984.37858;[0.9];[-0.05];16282.74479;1;0;[0.8911];[-0.0589];15924.41945;1600),(116103.23715;[0.9];[-0.05];16282.74479;1;0;[0.8911];[-0.0589];15924.41945;1600),(122719.11669;[0.9];[-0.05];16282.74479;1;0;[0.8911];[-0.0589];15924.41945;1600),(123260.19692;[0.9426];[-0.0074];15755.34803;1;0;[0.9408];[-0.0092];15457.02724;1600),(123861.27973;[0.9683];[0.0183];15067.41140;1;1;[0.9667];[0.0167];14846.81001;1600),(124246.43135;[0.9569];[0.0069];15469.32698;1;1;[0.9555];[0.0055];15203.78397;1600),(124934.93629;[0.9479];[-0.0021];15631.78705;1;0;[0.9471];[-0.0029];15348.47428;1600),(125520.95795;[0.9529];[0.0029];15555.95461;1;1;[0.9505];[0.0005];15279.93749;1600),(126061.91707;[0.9497];[-0.0003];15596.86349;1;0;[0.9488];[-0.0012];15317.16262;1600),(126645.82038;[0.9515];[0.0015];15577.39833;1;0;[0.9496];[-0.0004];15299.37413;1600),(127044.62576;[0.9496];[-0.0004];15588.72141;1;0;[0.9486];[-0.0014];15309.01984;1600),(127518.87083;[0.952];[0.002];15579.11534;1;0;[0.9499];[-0.0001];15301.44855;1600),(128284.35874;[0.949];[-0.001];15579.15855;1;0;[0.9483];[-0.0017];15299.39458;1600),(129070.64009;[0.9511];[0.0011];15578.81148;1;0;[0.9495];[-0.0005];15300.62470;1600),(129567.00206;[0.949];[-0.001];15579.15855;1;0;[0.9483];[-0.0017];15299.39458;1600),(130201.06936;[0.9511];[0.0011];15578.81148;1;0;[0.9495];[-0.0005];15300.62470;1600),(130874.57919;[0.9511];[0.0011];15578.81148;1;0;[0.9495];[-0.0005];15300.62470;1600),(131440.23156;[0.949];[-0.001];15579.15855;1;0;[0.9483];[-0.0017];15299.39458;1600),(131965.16633;[0.949];[-0.001];15579.15855;1;0;[0.9483];[-0.0017];15299.39458;1600),(158970.33668;[0.9959];[0.0459];16303.78677;1;1;[0.9955];[0.0455];15998.24147;3200)]"
3,2,10185.088973016005,0.83245,1,0,[0.9498],[-0.0002],600155.40766716,"[(3639.68325;[0.7409];[-0.2091];12373.02207;1;0;[0.7332];[-0.2168];12199.30871;100),(5206.37989;[0.7409];[-0.2091];12373.02207;1;0;[0.7332];[-0.2168];12199.30871;100),(7082.78680;[0.7375];[-0.2125];12368.20430;1;0;[0.7296];[-0.2204];12192.78182;200),(9936.18345;[0.7178];[-0.2322];12331.00292;1;0;[0.7102];[-0.2398];12148.94507;400),(11710.31761;[0.7178];[-0.2322];12331.00292;1;0;[0.7102];[-0.2398];12148.94507;400),(13376.51730;[0.7178];[-0.2322];12331.00292;1;0;[0.7102];[-0.2398];12148.94507;400),(15241.23883;[0.7178];[-0.2322];12331.00292;1;0;[0.7102];[-0.2398];12148.94507;400),(16917.82427;[0.7178];[-0.2322];12331.00292;1;0;[0.7102];[-0.2398];12148.94507;400),(18651.72362;[0.7178];[-0.2322];12331.00292;1;0;[0.7102];[-0.2398];12148.94507;400),(20623.25120;[0.7217];[-0.2283];12336.50585;1;0;[0.7145];[-0.2355];12154.76035;400),(27778.53370;[0.7742];[-0.1758];12396.96104;1;0;[0.7664];[-0.1836];12235.01421;800),(32567.90614;[0.7742];[-0.1758];12396.96104;1;0;[0.7664];[-0.1836];12235.01421;800),(36597.04614;[0.7742];[-0.1758];12396.96104;1;0;[0.7664];[-0.1836];12235.01421;800),(41448.23360;[0.7742];[-0.1758];12396.96104;1;0;[0.7664];[-0.1836];12235.01421;800),(45840.45601;[0.7742];[-0.1758];12396.96104;1;0;[0.7664];[-0.1836];12235.01421;800),(50110.60429;[0.7742];[-0.1758];12396.96104;1;0;[0.7664];[-0.1836];12235.01421;800),(53738.17253;[0.7742];[-0.1758];12396.96104;1;0;[0.7664];[-0.1836];12235.01421;800),(58001.35446;[0.7742];[-0.1758];12396.96104;1;0;[0.7664];[-0.1836];12235.01421;800),(58826.12562;[0.8849];[-0.0651];11542.30150;1;0;[0.8845];[-0.0655];11423.04471;800),(59410.73346;[0.9518];[0.0018];10173.91633;1;1;[0.9511];[0.0011];10116.25528;800),(59861.94396;[0.9191];[-0.0309];10972.79572;1;0;[0.9225];[-0.0275];10885.68635;800),(60688.78627;[0.9369];[-0.0131];10576.47887;1;0;[0.9379];[-0.0121];10501.54104;800),(61686.56468;[0.9478];[-0.0022];10339.56582;1;0;[0.9487];[-0.0013];10278.62412;800),(62065.30070;[0.9488];[-0.0012];10265.76920;1;0;[0.9483];[-0.0017];10207.42576;800),(62471.63534;[0.9492];[-0.0008];10225.56216;1;0;[0.9486];[-0.0014];10169.48899;800),(62960.31976;[0.9516];[0.0016];10208.05391;1;1;[0.9512];[0.0012];10154.52173;800),(63392.30490;[0.9499];[-0.0001];10201.28811;1;0;[0.9492];[-0.0008];10141.60651;800),(63931.42223;[0.9527];[0.0027];10210.85474;1;1;[0.9518];[0.0018];10157.45685;800),(64519.14477;[0.9527];[0.0027];10210.85474;1;1;[0.9518];[0.0018];10157.45685;800),(65163.42735;[0.9495];[-0.0005];10198.01097;1;0;[0.9492];[-0.0008];10138.28983;800),(65543.48969;[0.9495];[-0.0005];10198.01097;1;0;[0.9492];[-0.0008];10138.28983;800),(66085.41536;[0.9495];[-0.0005];10198.01097;1;0;[0.9492];[-0.0008];10138.28983;800),(66822.91007;[0.9527];[0.0027];10210.85474;1;1;[0.9518];[0.0018];10157.45685;800),(67338.08327;[0.9495];[-0.0005];10198.01097;1;0;[0.9492];[-0.0008];10138.28983;800),(67760.80513;[0.9495];[-0.0005];10198.01097;1;0;[0.9492];[-0.0008];10138.28983;800),(81303.79891;[0.7742];[-0.1758];12396.96104;1;0;[0.7664];[-0.1836];12235.01421;1600),(87807.18088;[0.7742];[-0.1758];12396.96104;1;0;[0.7664];[-0.1836];12235.01421;1600),(93914.91628;[0.7742];[-0.1758];12396.96104;1;0;[0.7664];[-0.1836];12235.01421;1600),(99664.62040;[0.7742];[-0.1758];12396.96104;1;0;[0.7664];[-0.1836];12235.01421;1600),(105879.00615;[0.7742];[-0.1758];12396.96104;1;0;[0.7664];[-0.1836];12235.01421;1600),(112291.58711;[0.7742];[-0.1758];12396.96104;1;0;[0.7664];[-0.1836];12235.01421;1600),(118835.16049;[0.7742];[-0.1758];12396.96104;1;0;[0.7664];[-0.1836];12235.01421;1600),(125363.15751;[0.7742];[-0.1758];12396.96104;1;0;[0.7664];[-0.1836];12235.01421;1600),(132081.05850;[0.7742];[-0.1758];12396.96104;1;0;[0.7664];[-0.1836];12235.01421;1600),(132855.24368;[0.8868];[-0.0632];11549.88769;1;0;[0.8856];[-0.0644];11434.58977;1600),(133200.97685;[0.9523];[0.0023];10209.95346;1;1;[0.9515];[0.0015];10156.53784;1600),(133949.21541;[0.9191];[-0.0309];10977.00278;1;0;[0.9227];[-0.0273];10889.85194;1600),(134432.46365;[0.9358];[-0.0142];10641.66898;1;0;[0.9368];[-0.0132];10567.88540;1600),(135258.27384;[0.9499];[-0.0001];10358.40704;1;1;[0.95];[0.];10297.78221;1600),(136176.19610;[0.9445];[-0.0055];10280.66350;1;0;[0.9454];[-0.0046];10220.26704;1600),(136701.19715;[0.9503];[0.0003];10241.14261;1;0;[0.9498];[-0.0002];10185.08897;1600),(137111.40156;[0.9488];[-0.0012];10265.76920;1;0;[0.9483];[-0.0017];10207.42576;1600),(137533.04172;[0.9477];[-0.0023];10256.94018;1;0;[0.9476];[-0.0024];10198.55273;1600),(138187.24918;[0.9466];[-0.0034];10241.60506;1;0;[0.9471];[-0.0029];10183.23775;1600),(138825.79470;[0.9503];[0.0003];10241.14261;1;0;[0.9498];[-0.0002];10185.08897;1600),(139358.63876;[0.9503];[0.0003];10241.14261;1;0;[0.9498];[-0.0002];10185.08897;1600),(139836.93004;[0.9503];[0.0003];10241.14261;1;0;[0.9498];[-0.0002];10185.08897;1600),(140408.05912;[0.9503];[0.0003];10241.14261;1;0;[0.9498];[-0.0002];10185.08897;1600),(141056.12254;[0.9466];[-0.0034];10241.60506;1;0;[0.9471];[-0.0029];10183.23775;1600),(141576.23768;[0.9466];[-0.0034];10241.60506;1;0;[0.9471];[-0.0029];10183.23775;1600),(142322.84951;[0.9503];[0.0003];10241.14261;1;0;[0.9498];[-0.0002];10185.08897;1600),(166859.70855;[0.7679];[-0.1821];12397.89895;1;0;[0.7601];[-0.1899];12234.48150;3200),(180188.31587;[0.7679];[-0.1821];12397.89895;1;0;[0.7601];[-0.1899];12234.48150;3200),(194487.51044;[0.7679];[-0.1821];12397.89895;1;0;[0.7601];[-0.1899];12234.48150;3200),(207202.59571;[0.7679];[-0.1821];12397.89895;1;0;[0.7601];[-0.1899];12234.48150;3200),(219146.55447;[0.7679];[-0.1821];12397.89895;1;0;[0.7601];[-0.1899];12234.48150;3200),(231553.07651;[0.7679];[-0.1821];12397.89895;1;0;[0.7601];[-0.1899];12234.48150;3200),(244470.43920;[0.7679];[-0.1821];12397.89895;1;0;[0.7601];[-0.1899];12234.48150;3200),(256717.37528;[0.7679];[-0.1821];12397.89895;1;0;[0.7601];[-0.1899];12234.48150;3200),(269187.84046;[0.7679];[-0.1821];12397.89895;1;0;[0.7601];[-0.1899];12234.48150;3200),(281411.80897;[0.7679];[-0.1821];12397.89895;1;0;[0.7601];[-0.1899];12234.48150;3200),(281940.95278;[0.8882];[-0.0618];11536.89754;1;0;[0.8876];[-0.0624];11419.51823;3200),(283017.93313;[0.951];[0.001];10170.27367;1;1;[0.9503];[0.0003];10112.48224;3200),(283690.61732;[0.9172];[-0.0328];10955.58512;1;0;[0.9201];[-0.0299];10869.04357;3200),(284407.82404;[0.9374];[-0.0126];10573.79360;1;0;[0.939];[-0.011];10499.25610;3200),(285092.47780;[0.9486];[-0.0014];10337.57011;1;0;[0.9483];[-0.0017];10276.71173;3200),(285463.92441;[0.9488];[-0.0012];10265.76920;1;0;[0.9483];[-0.0017];10207.42576;3200),(285919.97004;[0.9492];[-0.0008];10225.56216;1;0;[0.9486];[-0.0014];10169.48899;3200),(286569.60011;[0.9516];[0.0016];10208.05391;1;1;[0.9512];[0.0012];10154.52173;3200),(287223.71531;[0.9519];[0.0019];10210.95828;1;1;[0.9512];[0.0012];10157.34097;3200),(287820.91498;[0.9521];[0.0021];10212.15500;1;1;[0.9513];[0.0013];10158.55634;3200),(288689.90302;[0.9481];[-0.0019];10215.34157;1;0;[0.9477];[-0.0023];10159.03557;3200),(289189.94188;[0.949];[-0.001];10213.74254;1;0;[0.9483];[-0.0017];10157.68307;3200),(290221.11154;[0.9521];[0.0021];10212.15500;1;1;[0.9513];[0.0013];10158.55634;3200),(290814.75687;[0.9521];[0.0021];10212.15500;1;1;[0.9513];[0.0013];10158.55634;3200),(291537.45008;[0.9521];[0.0021];10212.15500;1;1;[0.9513];[0.0013];10158.55634;3200),(292483.84261;[0.949];[-0.001];10211.13395;1;0;[0.9482];[-0.0018];10155.59638;3200),(293188.15613;[0.949];[-0.001];10211.13395;1;0;[0.9482];[-0.0018];10155.59638;3200),(345187.14190;[0.7679];[-0.1821];12397.89895;1;0;[0.7601];[-0.1899];12234.48150;6400),(372104.35152;[0.7679];[-0.1821];12397.89895;1;0;[0.7601];[-0.1899];12234.48150;6400),(397901.44062;[0.7679];[-0.1821];12397.89895;1;0;[0.7601];[-0.1899];12234.48150;6400),(423602.97251;[0.7679];[-0.1821];12397.89895;1;0;[0.7601];[-0.1899];12234.48150;6400),(448397.23778;[0.7679];[-0.1821];12397.89895;1;0;[0.7601];[-0.1899];12234.48150;6400),(473783.30827;[0.7679];[-0.1821];12397.89895;1;0;[0.7601];[-0.1899];12234.48150;6400),(498569.06819;[0.7679];[-0.1821];12397.89895;1;0;[0.7601];[-0.1899];12234.48150;6400),(523544.35611;[0.7679];[-0.1821];12397.89895;1;0;[0.7601];[-0.1899];12234.48150;6400),(547680.61638;[0.7679];[-0.1821];12397.89895;1;0;[0.7601];[-0.1899];12234.48150;6400),(573712.00871;[0.7679];[-0.1821];12397.89895;1;0;[0.7601];[-0.1899];12234.48150;6400),(599697.06416;[0.7679];[-0.1821];12397.89895;1;0;[0.7601];[-0.1899];12234.48150;6400)]"
3,7,12194.334494349434,0.99668,1,1,[0.997],[0.047],600434.7341060638,"[(3286.43394;[0.7697];[-0.1803];12203.72771;1;0;[0.7697];[-0.1803];12203.72771;100),(4779.21247;[0.7697];[-0.1803];12203.72771;1;0;[0.7697];[-0.1803];12203.72771;100),(6504.34494;[1.];[0.05];12188.93909;1;1;[1.];[0.05];12188.93909;200),(7480.68953;[1.];[0.05];12188.93909;1;1;[1.];[0.05];12188.93909;200),(8239.98594;[1.];[0.05];12188.93909;1;1;[1.];[0.05];12188.93909;200),(8936.99193;[1.];[0.05];12188.93909;1;1;[1.];[0.05];12188.93909;200),(9707.62634;[1.];[0.05];12188.93909;1;1;[1.];[0.05];12188.93909;200),(10425.50540;[1.];[0.05];12188.93909;1;1;[1.];[0.05];12188.93909;200),(11423.60950;[1.];[0.05];12188.93909;1;1;[1.];[0.05];12188.93909;200),(12263.75294;[1.];[0.05];12188.93909;1;1;[1.];[0.05];12188.93909;200),(12659.99031;[1.];[0.05];12188.93909;1;1;[1.];[0.05];12188.93909;200),(13045.37892;[1.];[0.05];12188.93909;1;1;[1.];[0.05];12188.93909;200),(13342.97037;[1.];[0.05];12188.93909;1;1;[1.];[0.05];12188.93909;200),(13633.90446;[1.];[0.05];12188.93909;1;1;[1.];[0.05];12188.93909;200),(14047.39809;[1.];[0.05];12188.93909;1;1;[1.];[0.05];12188.93909;200),(14485.81004;[1.];[0.05];12188.93909;1;1;[1.];[0.05];12188.93909;200),(14833.63914;[1.];[0.05];12188.93909;1;1;[1.];[0.05];12188.93909;200),(15115.56196;[1.];[0.05];12188.93909;1;1;[1.];[0.05];12188.93909;200),(15507.26652;[1.];[0.05];12188.93909;1;1;[1.];[0.05];12188.93909;200),(15857.06925;[1.];[0.05];12188.93909;1;1;[1.];[0.05];12188.93909;200),(16173.42854;[1.];[0.05];12188.93909;1;1;[1.];[0.05];12188.93909;200),(16521.33155;[1.];[0.05];12188.93909;1;1;[1.];[0.05];12188.93909;200),(16871.99640;[1.];[0.05];12188.93909;1;1;[1.];[0.05];12188.93909;200),(17210.35337;[1.];[0.05];12188.93909;1;1;[1.];[0.05];12188.93909;200),(17552.28186;[1.];[0.05];12188.93909;1;1;[1.];[0.05];12188.93909;200),(17923.52128;[1.];[0.05];12188.93909;1;1;[1.];[0.05];12188.93909;200),(21974.87211;[0.7893];[-0.1607];12217.85802;1;0;[0.7893];[-0.1607];12217.85802;400),(24286.53836;[0.7893];[-0.1607];12217.85802;1;0;[0.7893];[-0.1607];12217.85802;400),(26604.58612;[0.7893];[-0.1607];12217.85802;1;0;[0.7893];[-0.1607];12217.85802;400),(29459.03969;[0.7893];[-0.1607];12217.85802;1;0;[0.7893];[-0.1607];12217.85802;400),(31789.01744;[0.7893];[-0.1607];12217.85802;1;0;[0.7893];[-0.1607];12217.85802;400),(34578.28355;[0.997];[0.047];12194.33449;1;1;[0.997];[0.047];12194.33449;400),(37433.71582;[0.7893];[-0.1607];12217.85802;1;0;[0.7893];[-0.1607];12217.85802;400),(38141.69097;[0.8839];[-0.0661];11450.06125;1;0;[0.8839];[-0.0661];11450.06125;400),(38758.83245;[0.9513];[0.0013];10154.34690;1;1;[0.9513];[0.0013];10154.34690;400),(39442.70015;[0.9228];[-0.0272];10916.30863;1;0;[0.9228];[-0.0272];10916.30863;400),(40288.50865;[0.9361];[-0.0139];10610.90871;1;0;[0.9361];[-0.0139];10610.90871;400),(41301.71371;[0.942];[-0.008];10371.61581;1;0;[0.942];[-0.008];10371.61581;400),(42245.13507;[0.9465];[-0.0035];10230.67828;1;0;[0.9465];[-0.0035];10230.67828;400),(43065.63044;[0.9566];[0.0066];10181.02306;1;1;[0.9566];[0.0066];10181.02306;400),(43602.94151;[0.9469];[-0.0031];10201.53123;1;0;[0.9469];[-0.0031];10201.53123;400),(44527.44532;[0.9526];[0.0026];10194.73393;1;1;[0.9526];[0.0026];10194.73393;400),(45157.87435;[0.9466];[-0.0034];10193.79299;1;0;[0.9466];[-0.0034];10193.79299;400),(45688.62963;[0.9461];[-0.0039];10190.61918;1;0;[0.9461];[-0.0039];10190.61918;400),(46190.49501;[0.9526];[0.0026];10196.89652;1;1;[0.9526];[0.0026];10196.89652;400),(47018.00823;[0.9526];[0.0026];10196.89652;1;1;[0.9526];[0.0026];10196.89652;400),(47469.38920;[0.9461];[-0.0039];10190.61918;1;0;[0.9461];[-0.0039];10190.61918;400),(47892.20071;[0.9461];[-0.0039];10190.61918;1;0;[0.9461];[-0.0039];10190.61918;400),(48592.79346;[0.9526];[0.0026];10196.89652;1;1;[0.9526];[0.0026];10196.89652;400),(55934.44991;[0.7852];[-0.1648];12221.11846;1;0;[0.7852];[-0.1648];12221.11846;800),(59661.91435;[0.7852];[-0.1648];12221.11846;1;0;[0.7852];[-0.1648];12221.11846;800),(63091.45761;[0.7852];[-0.1648];12221.11846;1;0;[0.7852];[-0.1648];12221.11846;800),(66909.33084;[0.7852];[-0.1648];12221.11846;1;0;[0.7852];[-0.1648];12221.11846;800),(71050.22287;[0.7852];[-0.1648];12221.11846;1;0;[0.7852];[-0.1648];12221.11846;800),(75313.55524;[0.7902];[-0.1598];12199.90675;1;0;[0.7902];[-0.1598];12199.90675;800),(79351.98689;[0.7902];[-0.1598];12199.90675;1;0;[0.7902];[-0.1598];12199.90675;800),(82683.21037;[0.7902];[-0.1598];12199.90675;1;0;[0.7902];[-0.1598];12199.90675;800),(83450.91963;[0.899];[-0.051];11307.94133;1;0;[0.899];[-0.051];11307.94133;800),(84075.09685;[0.9608];[0.0108];10005.70868;1;1;[0.9608];[0.0108];10005.70868;800),(84727.42534;[0.9315];[-0.0185];10755.84040;1;0;[0.9315];[-0.0185];10755.84040;800),(85330.95717;[0.9441];[-0.0059];10349.62868;1;0;[0.9441];[-0.0059];10349.62868;800),(86265.99145;[0.949];[-0.001];10172.40232;1;0;[0.949];[-0.001];10172.40232;800),(86875.12755;[0.9543];[0.0043];10097.96083;1;1;[0.9543];[0.0043];10097.96083;800),(87638.34167;[0.95];[0.];10133.90676;1;1;[0.95];[0.];10133.90676;800),(88271.60525;[0.9621];[0.0121];10100.43370;1;1;[0.9621];[0.0121];10100.43370;800),(88941.11753;[0.9593];[0.0093];10117.50869;1;1;[0.9593];[0.0093];10117.50869;800),(89845.34407;[0.96];[0.01];10121.20911;1;1;[0.96];[0.01];10121.20911;800),(90591.26759;[0.9493];[-0.0007];10124.91593;1;0;[0.9493];[-0.0007];10124.91593;800),(91546.11993;[0.9594];[0.0094];10121.81651;1;1;[0.9594];[0.0094];10121.81651;800),(92022.87889;[0.9493];[-0.0007];10124.91593;1;0;[0.9493];[-0.0007];10124.91593;800),(92940.39702;[0.9602];[0.0102];10121.02766;1;1;[0.9602];[0.0102];10121.02766;800),(93493.00671;[0.9604];[0.0104];10123.11435;1;1;[0.9604];[0.0104];10123.11435;800),(93951.10846;[0.9493];[-0.0007];10124.91593;1;0;[0.9493];[-0.0007];10124.91593;800),(106017.76266;[0.7664];[-0.1836];12235.01421;1;0;[0.7664];[-0.1836];12235.01421;1600),(112687.56652;[0.7664];[-0.1836];12235.01421;1;0;[0.7664];[-0.1836];12235.01421;1600),(120467.84091;[0.7664];[-0.1836];12235.01421;1;0;[0.7664];[-0.1836];12235.01421;1600),(127707.61657;[0.7664];[-0.1836];12235.01421;1;0;[0.7664];[-0.1836];12235.01421;1600),(134386.77311;[0.7664];[-0.1836];12235.01421;1;0;[0.7664];[-0.1836];12235.01421;1600),(141567.43884;[0.7697];[-0.1803];12203.72771;1;0;[0.7697];[-0.1803];12203.72771;1600),(148318.81952;[0.7697];[-0.1803];12203.72771;1;0;[0.7697];[-0.1803];12203.72771;1600),(155805.25589;[0.7697];[-0.1803];12203.72771;1;0;[0.7697];[-0.1803];12203.72771;1600),(162448.18401;[0.7697];[-0.1803];12203.72771;1;0;[0.7697];[-0.1803];12203.72771;1600),(163124.88508;[0.9049];[-0.0451];11277.89140;1;0;[0.9049];[-0.0451];11277.89140;1600),(163714.82849;[0.9567];[0.0067];10015.75037;1;1;[0.9567];[0.0067];10015.75037;1600),(164112.25843;[0.931];[-0.019];10753.09109;1;0;[0.931];[-0.019];10753.09109;1600),(164673.55871;[0.9441];[-0.0059];10341.59519;1;0;[0.9441];[-0.0059];10341.59519;1600),(165429.61884;[0.949];[-0.001];10178.89657;1;0;[0.949];[-0.001];10178.89657;1600),(166052.99759;[0.9546];[0.0046];10100.32568;1;1;[0.9546];[0.0046];10100.32568;1600),(166560.30512;[0.951];[0.001];10148.17339;1;1;[0.951];[0.001];10148.17339;1600),(167058.98643;[0.9513];[0.0013];10158.55634;1;1;[0.9513];[0.0013];10158.55634;1600),(167537.07600;[0.9486];[-0.0014];10169.48899;1;0;[0.9486];[-0.0014];10169.48899;1600),(168139.03785;[0.9513];[0.0013];10158.55634;1;1;[0.9513];[0.0013];10158.55634;1600),(168874.18842;[0.9507];[0.0007];10159.03989;1;1;[0.9507];[0.0007];10159.03989;1600),(169430.15456;[0.9482];[-0.0018];10162.70344;1;0;[0.9482];[-0.0018];10162.70344;1600),(170169.36183;[0.9507];[0.0007];10159.03989;1;1;[0.9507];[0.0007];10159.03989;1600),(170822.26849;[0.9507];[0.0007];10159.03989;1;1;[0.9507];[0.0007];10159.03989;1600),(171369.66372;[0.9507];[0.0007];10159.03989;1;1;[0.9507];[0.0007];10159.03989;1600),(172023.78678;[0.9482];[-0.0018];10161.78048;1;0;[0.9482];[-0.0018];10161.78048;1600),(198621.98710;[0.7664];[-0.1836];12235.01421;1;0;[0.7664];[-0.1836];12235.01421;3200),(212070.08862;[0.7664];[-0.1836];12235.01421;1;0;[0.7664];[-0.1836];12235.01421;3200),(225116.73856;[0.7664];[-0.1836];12235.01421;1;0;[0.7664];[-0.1836];12235.01421;3200),(238535.41851;[0.7664];[-0.1836];12235.01421;1;0;[0.7664];[-0.1836];12235.01421;3200),(251137.38489;[0.7664];[-0.1836];12235.01421;1;0;[0.7664];[-0.1836];12235.01421;3200),(264464.06174;[0.7785];[-0.1715];12212.54164;1;0;[0.7785];[-0.1715];12212.54164;3200),(278484.09891;[0.7836];[-0.1664];12203.92294;1;0;[0.7836];[-0.1664];12203.92294;3200),(291770.51067;[0.7836];[-0.1664];12203.92294;1;0;[0.7836];[-0.1664];12203.92294;3200),(305536.51643;[0.7846];[-0.1654];12203.79589;1;0;[0.7846];[-0.1654];12203.79589;3200),(319290.66586;[0.7868];[-0.1632];12202.59838;1;0;[0.7868];[-0.1632];12202.59838;3200),(320063.50422;[0.9042];[-0.0458];11221.95875;1;0;[0.9042];[-0.0458];11221.95875;3200),(320615.95798;[0.9625];[0.0125];9972.70544;1;1;[0.9625];[0.0125];9972.70544;3200),(321005.78713;[0.9319];[-0.0181];10695.43500;1;0;[0.9319];[-0.0181];10695.43500;3200),(321545.90154;[0.9511];[0.0011];10262.75061;1;1;[0.9511];[0.0011];10262.75061;3200),(322421.25964;[0.9378];[-0.0122];10488.12949;1;0;[0.9378];[-0.0122];10488.12949;3200),(322859.28154;[0.944];[-0.006];10348.88977;1;0;[0.944];[-0.006];10348.88977;3200),(323529.98161;[0.95];[0.];10297.78221;1;1;[0.95];[0.];10297.78221;3200),(324419.80577;[0.9485];[-0.0015];10274.14288;1;0;[0.9485];[-0.0015];10274.14288;3200),(325233.32167;[0.9519];[0.0019];10268.98729;1;1;[0.9519];[0.0019];10268.98729;3200),(326013.75175;[0.9517];[0.0017];10271.00652;1;1;[0.9517];[0.0017];10271.00652;3200),(326666.52012;[0.9523];[0.0023];10272.31503;1;1;[0.9523];[0.0023];10272.31503;3200),(327214.98179;[0.9523];[0.0023];10272.31503;1;1;[0.9523];[0.0023];10272.31503;3200),(327801.85223;[0.9485];[-0.0015];10274.14288;1;0;[0.9485];[-0.0015];10274.14288;3200),(328698.88639;[0.9523];[0.0023];10272.31503;1;1;[0.9523];[0.0023];10272.31503;3200),(329250.75698;[0.9485];[-0.0015];10274.14288;1;0;[0.9485];[-0.0015];10274.14288;3200),(329802.37722;[0.9485];[-0.0015];10274.14288;1;0;[0.9485];[-0.0015];10274.14288;3200),(379024.34993;[0.7664];[-0.1836];12235.01421;1;0;[0.7664];[-0.1836];12235.01421;6400),(403871.33098;[0.7664];[-0.1836];12235.01421;1;0;[0.7664];[-0.1836];12235.01421;6400),(429217.76891;[0.7664];[-0.1836];12235.01421;1;0;[0.7664];[-0.1836];12235.01421;6400),(454193.48383;[0.7664];[-0.1836];12235.01421;1;0;[0.7664];[-0.1836];12235.01421;6400),(479333.33421;[0.7664];[-0.1836];12235.01421;1;0;[0.7664];[-0.1836];12235.01421;6400),(503645.00332;[0.9057];[-0.0443];12218.67299;1;0;[0.9057];[-0.0443];12218.67299;6400),(527463.84001;[0.7816];[-0.1684];12204.61840;1;0;[0.7816];[-0.1684];12204.61840;6400),(551031.09598;[0.7816];[-0.1684];12204.61840;1;0;[0.7816];[-0.1684];12204.61840;6400),(574998.55900;[0.7836];[-0.1664];12203.92294;1;0;[0.7836];[-0.1664];12203.92294;6400),(600004.19068;[0.7796];[-0.1704];12203.45781;1;0;[0.7796];[-0.1704];12203.45781;6400)]"
4,8,8590.674043616465,0.79055,1,0,[0.8836],[-0.0664],601194.8902606964,"[(3144.71126;[0.6154];[-0.3346];11073.91289;1;0;[0.6131];[-0.3369];10791.29350;100),(4367.10954;[0.6154];[-0.3346];11073.91289;1;0;[0.6131];[-0.3369];10791.29350;100),(6347.32342;[0.6154];[-0.3346];11073.91289;1;0;[0.6131];[-0.3369];10791.29350;200),(9277.24385;[0.6381];[-0.3119];11120.28662;1;0;[0.6341];[-0.3159];10860.40314;400),(11025.99764;[0.6381];[-0.3119];11120.28662;1;0;[0.6341];[-0.3159];10860.40314;400),(12818.67576;[0.6381];[-0.3119];11120.28662;1;0;[0.6341];[-0.3159];10860.40314;400),(14896.89994;[0.6381];[-0.3119];11120.28662;1;0;[0.6341];[-0.3159];10860.40314;400),(16755.22065;[0.6381];[-0.3119];11120.28662;1;0;[0.6341];[-0.3159];10860.40314;400),(18621.10710;[0.6381];[-0.3119];11120.28662;1;0;[0.6341];[-0.3159];10860.40314;400),(20428.03597;[0.6381];[-0.3119];11120.28662;1;0;[0.6341];[-0.3159];10860.40314;400),(21045.27283;[0.8153];[-0.1347];10172.24522;1;0;[0.8076];[-0.1424];10030.88452;400),(21819.26179;[0.8643];[-0.0857];9399.39409;1;0;[0.854];[-0.096];9315.77153;400),(22320.14275;[0.8847];[-0.0653];8827.32585;1;0;[0.8762];[-0.0738];8761.03030;400),(22697.04676;[0.8683];[-0.0817];7857.89208;1;0;[0.8605];[-0.0895];7816.17410;400),(23466.68363;[0.8574];[-0.0926];7636.07597;1;0;[0.8502];[-0.0998];7599.01402;400),(23855.47566;[0.8398];[-0.1102];7400.70987;1;0;[0.8335];[-0.1165];7368.32897;400),(24816.81418;[0.835];[-0.115];7383.34958;1;0;[0.8269];[-0.1231];7350.87770;400),(25265.98287;[0.833];[-0.117];7378.53370;1;0;[0.8241];[-0.1259];7345.87786;400),(25578.34911;[0.8309];[-0.1191];7373.05527;1;0;[0.8225];[-0.1275];7340.32005;400),(25896.71135;[0.8314];[-0.1186];7372.34776;1;0;[0.8226];[-0.1274];7339.70179;400),(26352.77557;[0.8293];[-0.1207];7365.48861;1;0;[0.8207];[-0.1293];7332.73480;400),(29426.61810;[0.6407];[-0.3093];11080.76731;1;0;[0.636];[-0.314];10808.70668;400),(37056.13923;[0.6307];[-0.3193];11111.45763;1;0;[0.6261];[-0.3239];10843.67762;800),(41287.14108;[0.6307];[-0.3193];11111.45763;1;0;[0.6261];[-0.3239];10843.67762;800),(46255.00131;[0.6307];[-0.3193];11111.45763;1;0;[0.6261];[-0.3239];10843.67762;800),(49881.78873;[0.6307];[-0.3193];11111.45763;1;0;[0.6261];[-0.3239];10843.67762;800),(53515.39850;[0.6307];[-0.3193];11111.45763;1;0;[0.6261];[-0.3239];10843.67762;800),(57093.98103;[0.6307];[-0.3193];11111.45763;1;0;[0.6261];[-0.3239];10843.67762;800),(60998.20733;[0.6307];[-0.3193];11111.45763;1;0;[0.6261];[-0.3239];10843.67762;800),(64538.89179;[0.6307];[-0.3193];11111.45763;1;0;[0.6261];[-0.3239];10843.67762;800),(64915.04288;[0.8191];[-0.1309];10145.84396;1;0;[0.8106];[-0.1394];10007.08754;800),(65685.15062;[0.8634];[-0.0866];9363.96058;1;0;[0.8533];[-0.0967];9272.15731;800),(66326.80273;[0.8837];[-0.0663];8823.88572;1;0;[0.8746];[-0.0754];8757.35877;800),(66951.62177;[0.8749];[-0.0751];8063.03569;1;0;[0.8659];[-0.0841];8016.59367;800),(67586.53307;[0.8604];[-0.0896];7651.00250;1;0;[0.8538];[-0.0962];7613.98137;800),(68030.70641;[0.835];[-0.115];7383.34958;1;0;[0.8269];[-0.1231];7350.87770;800),(68412.99987;[0.8314];[-0.1186];7372.34776;1;0;[0.8226];[-0.1274];7339.70179;800),(68754.77839;[0.8314];[-0.1186];7372.34776;1;0;[0.8226];[-0.1274];7339.70179;800),(69407.69196;[0.8314];[-0.1186];7372.34776;1;0;[0.8226];[-0.1274];7339.70179;800),(73058.27260;[0.6423];[-0.3077];11082.50065;1;0;[0.6378];[-0.3122];10811.66467;800),(87588.64594;[0.6307];[-0.3193];11111.45763;1;0;[0.6261];[-0.3239];10843.67762;1600),(94523.30089;[0.6307];[-0.3193];11111.45763;1;0;[0.6261];[-0.3239];10843.67762;1600),(101877.61474;[0.6307];[-0.3193];11111.45763;1;0;[0.6261];[-0.3239];10843.67762;1600),(109166.44931;[0.6307];[-0.3193];11111.45763;1;0;[0.6261];[-0.3239];10843.67762;1600),(115902.02928;[0.6307];[-0.3193];11111.45763;1;0;[0.6261];[-0.3239];10843.67762;1600),(122863.67989;[0.6307];[-0.3193];11111.45763;1;0;[0.6261];[-0.3239];10843.67762;1600),(130357.51510;[0.6307];[-0.3193];11111.45763;1;0;[0.6261];[-0.3239];10843.67762;1600),(137426.45884;[0.6307];[-0.3193];11111.45763;1;0;[0.6261];[-0.3239];10843.67762;1600),(143854.91395;[0.6307];[-0.3193];11111.45763;1;0;[0.6261];[-0.3239];10843.67762;1600),(144278.21541;[0.8223];[-0.1277];10123.30156;1;0;[0.8141];[-0.1359];9987.81506;1600),(144907.06825;[0.8612];[-0.0888];9358.87755;1;0;[0.8508];[-0.0992];9266.62861;1600),(145264.34636;[0.8903];[-0.0597];8800.93184;1;0;[0.8824];[-0.0676];8739.39858;1600),(145640.04993;[0.8708];[-0.0792];7860.26418;1;0;[0.8626];[-0.0874];7818.91108;1600),(146181.98109;[0.8554];[-0.0946];7630.93716;1;0;[0.8474];[-0.1026];7593.70397;1600),(146550.53592;[0.8336];[-0.1164];7377.99163;1;0;[0.8246];[-0.1254];7345.42560;1600),(147114.38370;[0.8314];[-0.1186];7372.34776;1;0;[0.8226];[-0.1274];7339.70179;1600),(147453.49765;[0.8314];[-0.1186];7372.34776;1;0;[0.8226];[-0.1274];7339.70179;1600),(147888.98516;[0.8314];[-0.1186];7372.34776;1;0;[0.8226];[-0.1274];7339.70179;1600),(154854.49457;[0.638];[-0.312];11100.47415;1;0;[0.6338];[-0.3162];10834.92810;1600),(161918.40267;[0.7481];[-0.2019];10625.74307;1;0;[0.738];[-0.212];10419.78446;1600),(169011.57212;[0.8251];[-0.1249];10106.31835;1;0;[0.8155];[-0.1345];9976.69170;1600),(175528.55706;[0.864];[-0.086];9452.70333;1;0;[0.8539];[-0.0961];9364.98351;1600),(182141.16931;[0.878];[-0.072];9061.17368;1;0;[0.8694];[-0.0806];8988.04654;1600),(189204.61392;[0.8895];[-0.0605];8646.65282;1;0;[0.8822];[-0.0678];8588.13058;1600),(195189.46314;[0.8799];[-0.0701];8250.54918;1;0;[0.8698];[-0.0802];8199.49298;1600),(200972.10598;[0.87];[-0.08];7862.42030;1;0;[0.862];[-0.088];7820.88471;1600),(212269.22345;[0.856];[-0.094];7630.71801;1;0;[0.8481];[-0.1019];7593.56191;1600),(212979.52437;[0.8377];[-0.1123];7384.78683;1;0;[0.8307];[-0.1193];7352.60118;1600),(213323.39120;[0.8336];[-0.1164];7377.99163;1;0;[0.8246];[-0.1254];7345.42560;1600),(213902.61936;[0.8336];[-0.1164];7377.99163;1;0;[0.8246];[-0.1254];7345.42560;1600),(214221.87400;[0.8314];[-0.1186];7372.34776;1;0;[0.8226];[-0.1274];7339.70179;1600),(214549.38626;[0.8314];[-0.1186];7372.34776;1;0;[0.8226];[-0.1274];7339.70179;1600),(214842.70096;[0.8314];[-0.1186];7372.34776;1;0;[0.8226];[-0.1274];7339.70179;1600),(220609.09867;[0.6455];[-0.3045];11105.89830;1;0;[0.6426];[-0.3074];10849.14420;1600),(226737.20431;[0.7489];[-0.2011];10626.43673;1;0;[0.7386];[-0.2114];10420.03659;1600),(232949.85771;[0.8267];[-0.1233];10101.60499;1;0;[0.817];[-0.133];9971.93460;1600),(239285.76040;[0.8626];[-0.0874];9451.01735;1;0;[0.8529];[-0.0971];9362.96176;1600),(244977.16165;[0.878];[-0.072];9061.17368;1;0;[0.8694];[-0.0806];8988.04654;1600),(250544.98982;[0.8909];[-0.0591];8649.01469;1;0;[0.8836];[-0.0664];8590.67404;1600),(256776.50404;[0.8835];[-0.0665];8272.49141;1;0;[0.8744];[-0.0756];8221.55558;1600),(263381.58822;[0.8717];[-0.0783];7865.09761;1;0;[0.8632];[-0.0868];7823.73822;1600),(270552.79684;[0.8314];[-0.1186];7372.34776;1;0;[0.8226];[-0.1274];7339.70179;1600),(271383.08549;[0.8314];[-0.1186];7372.34776;1;0;[0.8226];[-0.1274];7339.70179;1600),(278334.06115;[0.6455];[-0.3045];11105.89830;1;0;[0.6426];[-0.3074];10849.14420;1600),(284913.86676;[0.7489];[-0.2011];10626.43673;1;0;[0.7386];[-0.2114];10420.03659;1600),(291753.60131;[0.8267];[-0.1233];10101.60499;1;0;[0.817];[-0.133];9971.93460;1600),(298242.62619;[0.8626];[-0.0874];9451.01735;1;0;[0.8529];[-0.0971];9362.96176;1600),(304964.72454;[0.878];[-0.072];9061.17368;1;0;[0.8694];[-0.0806];8988.04654;1600),(312242.38515;[0.8909];[-0.0591];8649.01469;1;0;[0.8836];[-0.0664];8590.67404;1600),(317663.96523;[0.8835];[-0.0665];8272.49141;1;0;[0.8744];[-0.0756];8221.55558;1600),(324056.30970;[0.8717];[-0.0783];7865.09761;1;0;[0.8632];[-0.0868];7823.73822;1600),(329670.83931;[0.8314];[-0.1186];7372.34776;1;0;[0.8226];[-0.1274];7339.70179;1600),(337086.86829;[0.6423];[-0.3077];11097.42200;1;0;[0.6378];[-0.3122];10835.74880;1600),(343229.30264;[0.7489];[-0.2011];10626.43673;1;0;[0.7386];[-0.2114];10420.03659;1600),(350060.91022;[0.8267];[-0.1233];10101.60499;1;0;[0.817];[-0.133];9971.93460;1600),(356407.06468;[0.8626];[-0.0874];9451.01735;1;0;[0.8529];[-0.0971];9362.96176;1600),(362554.11911;[0.878];[-0.072];9061.17368;1;0;[0.8694];[-0.0806];8988.04654;1600),(368577.02923;[0.8909];[-0.0591];8649.01469;1;0;[0.8836];[-0.0664];8590.67404;1600),(374414.68883;[0.8835];[-0.0665];8272.49141;1;0;[0.8744];[-0.0756];8221.55558;1600),(380416.33081;[0.8717];[-0.0783];7865.09761;1;0;[0.8632];[-0.0868];7823.73822;1600),(392505.48363;[0.856];[-0.094];7630.71801;1;0;[0.8481];[-0.1019];7593.56191;1600),(393233.20365;[0.8377];[-0.1123];7384.78683;1;0;[0.8307];[-0.1193];7352.60118;1600),(393561.26380;[0.8336];[-0.1164];7377.99163;1;0;[0.8246];[-0.1254];7345.42560;1600),(394110.74734;[0.8343];[-0.1157];7375.97596;1;0;[0.826];[-0.124];7343.62126;1600),(394535.80689;[0.8314];[-0.1186];7372.34776;1;0;[0.8226];[-0.1274];7339.70179;1600),(394914.64639;[0.8314];[-0.1186];7372.34776;1;0;[0.8226];[-0.1274];7339.70179;1600),(401571.49959;[0.6423];[-0.3077];11097.42200;1;0;[0.6378];[-0.3122];10835.74880;1600),(408180.97734;[0.7489];[-0.2011];10626.43673;1;0;[0.7386];[-0.2114];10420.03659;1600),(414574.52965;[0.8267];[-0.1233];10101.60499;1;0;[0.817];[-0.133];9971.93460;1600),(420343.61696;[0.8626];[-0.0874];9451.01735;1;0;[0.8529];[-0.0971];9362.96176;1600),(426958.17876;[0.8782];[-0.0718];9067.77901;1;0;[0.8697];[-0.0803];8994.61103;1600),(432364.83169;[0.8909];[-0.0591];8649.01469;1;0;[0.8836];[-0.0664];8590.67404;1600),(437871.16504;[0.8846];[-0.0654];8276.74746;1;0;[0.8758];[-0.0742];8225.89164;1600),(443218.06693;[0.8699];[-0.0801];7870.48671;1;0;[0.8617];[-0.0883];7828.71567;1600),(454548.72966;[0.8578];[-0.0922];7635.45475;1;0;[0.8505];[-0.0995];7598.47573;1600),(455195.03379;[0.8377];[-0.1123];7384.78683;1;0;[0.8307];[-0.1193];7352.60118;1600),(455606.53567;[0.8336];[-0.1164];7377.99163;1;0;[0.8246];[-0.1254];7345.42560;1600),(456159.35063;[0.8336];[-0.1164];7377.99163;1;0;[0.8246];[-0.1254];7345.42560;1600),(456623.27528;[0.8314];[-0.1186];7372.34776;1;0;[0.8226];[-0.1274];7339.70179;1600),(457055.16434;[0.8314];[-0.1186];7372.34776;1;0;[0.8226];[-0.1274];7339.70179;1600),(463937.80684;[0.6423];[-0.3077];11097.42200;1;0;[0.6378];[-0.3122];10835.74880;1600),(469739.78233;[0.7489];[-0.2011];10626.43673;1;0;[0.7386];[-0.2114];10420.03659;1600),(475867.58971;[0.8267];[-0.1233];10101.60499;1;0;[0.817];[-0.133];9971.93460;1600),(482149.95003;[0.8626];[-0.0874];9451.01735;1;0;[0.8529];[-0.0971];9362.96176;1600),(487738.10387;[0.8788];[-0.0712];9072.07844;1;0;[0.8702];[-0.0798];8998.97874;1600),(493165.05551;[0.8909];[-0.0591];8649.01469;1;0;[0.8836];[-0.0664];8590.67404;1600),(498923.73228;[0.884];[-0.066];8276.96660;1;0;[0.8753];[-0.0747];8226.03369;1600),(504594.26641;[0.8722];[-0.0778];7874.98038;1;0;[0.8638];[-0.0862];7833.46252;1600),(515496.84334;[0.8574];[-0.0926];7636.07597;1;0;[0.8502];[-0.0998];7599.01402;1600),(516359.47394;[0.8377];[-0.1123];7384.78683;1;0;[0.8307];[-0.1193];7352.60118;1600),(516668.40792;[0.8336];[-0.1164];7377.99163;1;0;[0.8246];[-0.1254];7345.42560;1600),(517153.83482;[0.8343];[-0.1157];7375.97596;1;0;[0.826];[-0.124];7343.62126;1600),(517494.63701;[0.8314];[-0.1186];7372.34776;1;0;[0.8226];[-0.1274];7339.70179;1600),(517763.66830;[0.8314];[-0.1186];7372.34776;1;0;[0.8226];[-0.1274];7339.70179;1600),(523446.64145;[0.652];[-0.298];11091.39172;1;0;[0.6462];[-0.3038];10828.15719;1600),(529310.81867;[0.7489];[-0.2011];10626.43673;1;0;[0.7386];[-0.2114];10420.03659;1600),(535318.38799;[0.8269];[-0.1231];10099.07456;1;0;[0.8174];[-0.1326];9969.50041;1600),(541383.31246;[0.8626];[-0.0874];9451.01735;1;0;[0.8529];[-0.0971];9362.96176;1600),(547003.33428;[0.8788];[-0.0712];9072.07844;1;0;[0.8702];[-0.0798];8998.97874;1600),(552659.39474;[0.8909];[-0.0591];8649.01469;1;0;[0.8836];[-0.0664];8590.67404;1600),(558163.84768;[0.885];[-0.065];8279.76204;1;0;[0.8765];[-0.0735];8228.98837;1600),(563562.23488;[0.8737];[-0.0763];7878.50943;1;0;[0.8651];[-0.0849];7837.07655;1600),(574943.62736;[0.8594];[-0.0906];7639.64668;1;0;[0.8522];[-0.0978];7602.75772;1600),(575765.76710;[0.8377];[-0.1123];7384.78683;1;0;[0.8307];[-0.1193];7352.60118;1600),(576087.90588;[0.8336];[-0.1164];7377.99163;1;0;[0.8246];[-0.1254];7345.42560;1600),(576628.14140;[0.8343];[-0.1157];7375.97596;1;0;[0.826];[-0.124];7343.62126;1600),(577004.42767;[0.8314];[-0.1186];7372.34776;1;0;[0.8226];[-0.1274];7339.70179;1600),(577506.03652;[0.8314];[-0.1186];7372.34776;1;0;[0.8226];[-0.1274];7339.70179;1600),(583679.54040;[0.652];[-0.298];11091.39172;1;0;[0.6462];[-0.3038];10828.15719;1600),(589185.58645;[0.7489];[-0.2011];10626.43673;1;0;[0.7386];[-0.2114];10420.03659;1600),(595627.15721;[0.8269];[-0.1231];10099.07456;1;0;[0.8174];[-0.1326];9969.50041;1600)]"
3,3,12207.6636979836,0.99776,1,1,[1.],[0.05],602126.6965866089,"[(3291.86821;[0.7971];[-0.1529];12203.10119;1;0;[0.7904];[-0.1596];12197.27483;100),(4755.44333;[0.7971];[-0.1529];12203.10119;1;0;[0.7904];[-0.1596];12197.27483;100),(5353.51062;[0.7971];[-0.1529];12203.10119;1;0;[0.7904];[-0.1596];12197.27483;100),(6338.73701;[0.7971];[-0.1529];12203.10119;1;0;[0.7904];[-0.1596];12197.27483;100),(7010.66399;[0.7971];[-0.1529];12203.10119;1;0;[0.7904];[-0.1596];12197.27483;100),(7596.07768;[0.7971];[-0.1529];12203.10119;1;0;[0.7904];[-0.1596];12197.27483;100),(8084.63764;[0.883];[-0.067];11466.05037;1;0;[0.8842];[-0.0658];11443.43734;100),(8600.95978;[1.];[0.05];10328.21424;1;1;[1.];[0.05];10319.22515;100),(9242.14196;[0.9153];[-0.0347];11000.34386;1;0;[0.9151];[-0.0349];10978.30673;100),(9804.80123;[0.9291];[-0.0209];10742.47117;1;0;[0.9309];[-0.0191];10721.46947;100),(10427.35243;[0.9474];[-0.0026];10514.45637;1;0;[0.9482];[-0.0018];10498.03528;100),(11118.81256;[1.];[0.05];10416.98634;1;1;[1.];[0.05];10406.55716;100),(11619.48895;[0.9407];[-0.0093];10491.06997;1;0;[0.9416];[-0.0084];10473.91491;100),(11993.12901;[0.94];[-0.01];10480.11288;1;0;[0.9406];[-0.0094];10462.80945;100),(12607.68628;[1.];[0.05];10423.73774;1;1;[1.];[0.05];10413.40725;100),(13111.81164;[0.9393];[-0.0107];10464.44648;1;0;[0.9397];[-0.0103];10447.06783;100),(13767.78531;[1.];[0.05];10424.04382;1;1;[1.];[0.05];10413.76836;100),(14439.75949;[1.];[0.05];10424.04382;1;1;[1.];[0.05];10413.76836;100),(14822.48807;[0.9386];[-0.0114];10459.99856;1;0;[0.9392];[-0.0108];10442.57081;100),(15504.41384;[1.];[0.05];10424.93037;1;1;[1.];[0.05];10414.57723;100),(15993.97135;[1.];[0.05];10424.93037;1;1;[1.];[0.05];10414.57723;100),(16587.86297;[1.];[0.05];10424.93037;1;1;[1.];[0.05];10414.57723;100),(18467.71359;[1.];[0.05];11761.89917;1;1;[1.];[0.05];11786.96724;200),(19279.82068;[1.];[0.05];11761.89917;1;1;[1.];[0.05];11786.96724;200),(20539.94560;[1.];[0.05];11761.89917;1;1;[1.];[0.05];11786.96724;200),(21555.19438;[1.];[0.05];11761.89917;1;1;[1.];[0.05];11786.96724;200),(22514.38093;[1.];[0.05];11761.89917;1;1;[1.];[0.05];11786.96724;200),(23326.46728;[1.];[0.05];11761.89917;1;1;[1.];[0.05];11786.96724;200),(24235.95905;[1.];[0.05];11761.89917;1;1;[1.];[0.05];11786.96724;200),(25008.00323;[1.];[0.05];11761.89917;1;1;[1.];[0.05];11786.96724;200),(25361.94634;[1.];[0.05];11761.89917;1;1;[1.];[0.05];11786.96724;200),(25720.41559;[1.];[0.05];11761.89917;1;1;[1.];[0.05];11786.96724;200),(26112.49423;[1.];[0.05];11761.89917;1;1;[1.];[0.05];11786.96724;200),(26573.96340;[1.];[0.05];11761.89917;1;1;[1.];[0.05];11786.96724;200),(26975.70395;[1.];[0.05];11761.89917;1;1;[1.];[0.05];11786.96724;200),(27467.19456;[1.];[0.05];11761.89917;1;1;[1.];[0.05];11786.96724;200),(27832.83091;[1.];[0.05];11761.89917;1;1;[1.];[0.05];11786.96724;200),(28322.11351;[1.];[0.05];11761.89917;1;1;[1.];[0.05];11786.96724;200),(28761.28626;[1.];[0.05];11761.89917;1;1;[1.];[0.05];11786.96724;200),(29191.75291;[1.];[0.05];11761.89917;1;1;[1.];[0.05];11786.96724;200),(29628.25799;[1.];[0.05];11761.89917;1;1;[1.];[0.05];11786.96724;200),(29941.46705;[1.];[0.05];11761.89917;1;1;[1.];[0.05];11786.96724;200),(30351.82261;[1.];[0.05];11761.89917;1;1;[1.];[0.05];11786.96724;200),(30793.13540;[1.];[0.05];11761.89917;1;1;[1.];[0.05];11786.96724;200),(31125.94271;[1.];[0.05];11761.89917;1;1;[1.];[0.05];11786.96724;200),(31553.53141;[1.];[0.05];11761.89917;1;1;[1.];[0.05];11786.96724;200),(35743.76607;[0.8224];[-0.1276];12183.60861;1;0;[0.8155];[-0.1345];12179.70796;400),(38019.38462;[0.8224];[-0.1276];12183.60861;1;0;[0.8155];[-0.1345];12179.70796;400),(40527.06528;[0.8224];[-0.1276];12183.60861;1;0;[0.8155];[-0.1345];12179.70796;400),(42878.81565;[0.8224];[-0.1276];12183.60861;1;0;[0.8155];[-0.1345];12179.70796;400),(44944.54765;[0.8224];[-0.1276];12183.60861;1;0;[0.8155];[-0.1345];12179.70796;400),(47184.77511;[0.8224];[-0.1276];12183.60861;1;0;[0.8155];[-0.1345];12179.70796;400),(49064.47053;[0.8224];[-0.1276];12183.60861;1;0;[0.8155];[-0.1345];12179.70796;400),(49603.65748;[0.9066];[-0.0434];11346.28456;1;0;[0.9076];[-0.0424];11324.22842;400),(50216.67027;[0.9546];[0.0046];10113.17551;1;1;[0.9543];[0.0043];10095.52547;400),(50996.96279;[0.9266];[-0.0234];10831.55995;1;0;[0.9275];[-0.0225];10809.20972;400),(51423.20037;[0.9407];[-0.0093];10491.06997;1;0;[0.9416];[-0.0084];10473.91491;400),(51857.30457;[0.9472];[-0.0028];10256.54334;1;0;[0.9468];[-0.0032];10238.47767;400),(52422.47128;[0.9521];[0.0021];10177.00078;1;1;[0.9507];[0.0007];10159.03989;400),(53019.33980;[0.9568];[0.0068];10200.08523;1;1;[0.957];[0.007];10184.03730;400),(53536.99613;[0.954];[0.004];10225.50060;1;1;[0.954];[0.004];10208.74718;400),(54460.72865;[0.9452];[-0.0048];10238.54791;1;0;[0.9452];[-0.0048];10220.28366;400),(55179.52681;[0.9548];[0.0048];10226.09729;1;1;[0.9544];[0.0044];10209.43299;400),(55916.73374;[0.9453];[-0.0047];10233.45535;1;0;[0.945];[-0.005];10215.29359;400),(56789.09636;[0.9548];[0.0048];10226.09729;1;1;[0.9544];[0.0044];10209.43299;400),(57572.58248;[0.9458];[-0.0042];10232.20976;1;0;[0.9456];[-0.0044];10214.08179;400),(58501.68562;[0.9548];[0.0048];10226.09729;1;1;[0.9544];[0.0044];10209.43299;400),(59225.32701;[0.9548];[0.0048];10226.09729;1;1;[0.9544];[0.0044];10209.43299;400),(60107.90777;[0.9548];[0.0048];10226.09729;1;1;[0.9544];[0.0044];10209.43299;400),(67863.13391;[0.7968];[-0.1532];12206.00392;1;0;[0.7902];[-0.1598];12199.90675;800),(71219.60878;[0.7968];[-0.1532];12206.00392;1;0;[0.7902];[-0.1598];12199.90675;800),(75684.05938;[0.7968];[-0.1532];12206.00392;1;0;[0.7902];[-0.1598];12199.90675;800),(79475.97265;[0.7968];[-0.1532];12206.00392;1;0;[0.7902];[-0.1598];12199.90675;800),(83448.07172;[0.7968];[-0.1532];12206.00392;1;0;[0.7902];[-0.1598];12199.90675;800),(86890.80477;[0.7968];[-0.1532];12206.00392;1;0;[0.7902];[-0.1598];12199.90675;800),(90317.16418;[0.7968];[-0.1532];12206.00392;1;0;[0.7902];[-0.1598];12199.90675;800),(93727.27060;[0.7968];[-0.1532];12206.00392;1;0;[0.7902];[-0.1598];12199.90675;800),(94262.81285;[0.9];[-0.05];11326.39421;1;0;[0.9022];[-0.0478];11303.39795;800),(94988.10840;[0.9578];[0.0078];10045.42546;1;1;[0.9576];[0.0076];10027.48102;800),(95570.10937;[0.9301];[-0.0199];10779.17387;1;0;[0.9314];[-0.0186];10758.19864;800),(95982.03135;[0.941];[-0.009];10383.83623;1;0;[0.9417];[-0.0083];10367.11461;800),(96433.20036;[0.9565];[0.0065];10196.41907;1;1;[0.9565];[0.0065];10180.33363;800),(97055.82523;[0.9518];[0.0018];10281.67013;1;1;[0.9516];[0.0016];10264.09844;800),(97576.30420;[0.9427];[-0.0073];10344.66562;1;0;[0.9437];[-0.0063];10328.54452;800),(98371.53363;[0.9492];[-0.0008];10294.31758;1;0;[0.9487];[-0.0013];10276.06909;800),(99277.00877;[0.952];[0.002];10287.07994;1;1;[0.9518];[0.0018];10269.57217;800),(99906.15439;[0.9528];[0.0028];10289.84448;1;1;[0.9523];[0.0023];10272.31503;800),(100593.34254;[0.9529];[0.0029];10290.01135;1;1;[0.9524];[0.0024];10272.51669;800),(101232.34105;[0.9529];[0.0029];10290.01135;1;1;[0.9524];[0.0024];10272.51669;800),(102030.05219;[0.9529];[0.0029];10290.01135;1;1;[0.9524];[0.0024];10272.51669;800),(102691.50615;[0.9529];[0.0029];10290.01135;1;1;[0.9524];[0.0024];10272.51669;800),(103387.66336;[0.9529];[0.0029];10290.01135;1;1;[0.9524];[0.0024];10272.51669;800),(104157.27401;[0.9529];[0.0029];10290.01135;1;1;[0.9524];[0.0024];10272.51669;800),(118263.57722;[0.94];[-0.01];12214.08897;1;0;[0.9413];[-0.0087];12219.19781;1600),(126328.16482;[0.94];[-0.01];12214.08897;1;0;[0.9413];[-0.0087];12219.19781;1600),(133954.59318;[0.94];[-0.01];12214.08897;1;0;[0.9413];[-0.0087];12219.19781;1600),(140672.50919;[0.94];[-0.01];12214.08897;1;0;[0.9413];[-0.0087];12219.19781;1600),(147522.44329;[0.94];[-0.01];12214.08897;1;0;[0.9413];[-0.0087];12219.19781;1600),(154779.77014;[0.7968];[-0.1532];12206.00392;1;0;[0.7902];[-0.1598];12199.90675;1600),(161518.93687;[0.7968];[-0.1532];12206.00392;1;0;[0.7902];[-0.1598];12199.90675;1600),(167642.77887;[0.7968];[-0.1532];12206.00392;1;0;[0.7902];[-0.1598];12199.90675;1600),(174153.54443;[0.7968];[-0.1532];12206.00392;1;0;[0.7902];[-0.1598];12199.90675;1600),(174651.11732;[0.9026];[-0.0474];11214.48615;1;0;[0.9052];[-0.0448];11192.69335;1600),(175172.69063;[0.9636];[0.0136];9932.65738;1;1;[0.9647];[0.0147];9916.27159;1600),(175482.54561;[0.9337];[-0.0163];10689.81897;1;0;[0.9343];[-0.0157];10670.15884;1600),(176178.78318;[0.9467];[-0.0033];10245.89104;1;0;[0.9462];[-0.0038];10227.75049;1600),(176887.66718;[0.9565];[0.0065];10093.01081;1;1;[0.9564];[0.0064];10076.10061;1600),(177658.92458;[0.9529];[0.0029];10175.32671;1;1;[0.9518];[0.0018];10157.45685;1600),(178313.06696;[0.9567];[0.0067];10197.06205;1;1;[0.9566];[0.0066];10181.02306;1600),(178856.02283;[0.9532];[0.0032];10219.60994;1;1;[0.953];[0.003];10202.80685;1600),(179403.20635;[0.9546];[0.0046];10225.91740;1;1;[0.9544];[0.0044];10209.21454;1600),(180030.12514;[0.9455];[-0.0045];10230.19253;1;0;[0.9452];[-0.0048];10211.97646;1600),(180742.77067;[0.9544];[0.0044];10225.84154;1;1;[0.9542];[0.0042];10209.12855;1600),(181232.15938;[0.9548];[0.0048];10226.09729;1;1;[0.9544];[0.0044];10209.43299;1600),(181687.39939;[0.9548];[0.0048];10226.09729;1;1;[0.9544];[0.0044];10209.43299;1600),(182282.84454;[0.9548];[0.0048];10226.09729;1;1;[0.9544];[0.0044];10209.43299;1600),(182839.15448;[0.9455];[-0.0045];10230.19253;1;0;[0.9452];[-0.0048];10211.97646;1600),(183391.06870;[0.9455];[-0.0045];10230.19253;1;0;[0.9452];[-0.0048];10211.97646;1600),(206170.45164;[1.];[0.05];12193.40666;1;1;[1.];[0.05];12207.66370;3200),(215965.51418;[1.];[0.05];12193.40666;1;1;[1.];[0.05];12207.66370;3200),(224251.86777;[1.];[0.05];12193.40666;1;1;[1.];[0.05];12207.66370;3200),(232472.37563;[1.];[0.05];12193.40666;1;1;[1.];[0.05];12207.66370;3200),(239894.30022;[1.];[0.05];12193.40666;1;1;[1.];[0.05];12207.66370;3200),(247060.84251;[1.];[0.05];12193.40666;1;1;[1.];[0.05];12207.66370;3200),(255230.04174;[1.];[0.05];12193.40666;1;1;[1.];[0.05];12207.66370;3200),(263129.30870;[1.];[0.05];12193.40666;1;1;[1.];[0.05];12207.66370;3200),(271772.76826;[1.];[0.05];12193.40666;1;1;[1.];[0.05];12207.66370;3200),(279542.04297;[1.];[0.05];12193.40666;1;1;[1.];[0.05];12207.66370;3200),(287628.01719;[1.];[0.05];12193.40666;1;1;[1.];[0.05];12207.66370;3200),(294816.23197;[1.];[0.05];12193.40666;1;1;[1.];[0.05];12207.66370;3200),(295537.41097;[1.];[0.05];12193.40666;1;1;[1.];[0.05];12207.66370;3200),(296106.01449;[1.];[0.05];12193.40666;1;1;[1.];[0.05];12207.66370;3200),(296695.99581;[1.];[0.05];12193.40666;1;1;[1.];[0.05];12207.66370;3200),(297261.82127;[1.];[0.05];12193.40666;1;1;[1.];[0.05];12207.66370;3200),(297820.15443;[1.];[0.05];12193.40666;1;1;[1.];[0.05];12207.66370;3200),(298465.88254;[1.];[0.05];12193.40666;1;1;[1.];[0.05];12207.66370;3200),(299048.79165;[1.];[0.05];12193.40666;1;1;[1.];[0.05];12207.66370;3200),(299623.19446;[1.];[0.05];12193.40666;1;1;[1.];[0.05];12207.66370;3200),(300286.87954;[1.];[0.05];12193.40666;1;1;[1.];[0.05];12207.66370;3200),(300904.69050;[1.];[0.05];12193.40666;1;1;[1.];[0.05];12207.66370;3200),(301682.16491;[1.];[0.05];12193.40666;1;1;[1.];[0.05];12207.66370;3200),(302353.57213;[1.];[0.05];12193.40666;1;1;[1.];[0.05];12207.66370;3200),(302916.82315;[1.];[0.05];12193.40666;1;1;[1.];[0.05];12207.66370;3200),(303683.70080;[1.];[0.05];12193.40666;1;1;[1.];[0.05];12207.66370;3200),(304279.32262;[1.];[0.05];12193.40666;1;1;[1.];[0.05];12207.66370;3200),(304986.20963;[1.];[0.05];12193.40666;1;1;[1.];[0.05];12207.66370;3200),(353331.03156;[0.7742];[-0.1758];12236.48594;1;0;[0.7664];[-0.1836];12235.01421;6400),(380045.50314;[0.7742];[-0.1758];12236.48594;1;0;[0.7664];[-0.1836];12235.01421;6400),(406990.70883;[0.7742];[-0.1758];12236.48594;1;0;[0.7664];[-0.1836];12235.01421;6400),(430769.61279;[0.7742];[-0.1758];12236.48594;1;0;[0.7664];[-0.1836];12235.01421;6400),(455670.34197;[0.7742];[-0.1758];12236.48594;1;0;[0.7664];[-0.1836];12235.01421;6400),(480582.41677;[0.7791];[-0.1709];12212.28535;1;0;[0.7697];[-0.1803];12203.72771;6400),(505192.46268;[0.7791];[-0.1709];12212.28535;1;0;[0.7697];[-0.1803];12203.72771;6400),(529546.52166;[0.7791];[-0.1709];12212.28535;1;0;[0.7697];[-0.1803];12203.72771;6400),(553220.07394;[0.7791];[-0.1709];12212.28535;1;0;[0.7697];[-0.1803];12203.72771;6400),(577962.64815;[0.7855];[-0.1645];12209.86505;1;0;[0.7777];[-0.1723];12201.41939;6400)]"
3,10,10120.758391269786,0.8272,1,1,[0.952],[0.002],607220.2050685883,"[(3519.96160;[0.6903];[-0.2597];12338.98913;1;0;[0.6839];[-0.2661];12082.83778;100),(4712.97288;[0.6903];[-0.2597];12338.98913;1;0;[0.6839];[-0.2661];12082.83778;100),(6617.77949;[0.6961];[-0.2539];12359.97192;1;0;[0.6907];[-0.2593];12106.31999;200),(9717.89622;[0.6986];[-0.2514];12370.28193;1;0;[0.6927];[-0.2573];12118.24008;400),(11480.77416;[0.6986];[-0.2514];12370.28193;1;0;[0.6927];[-0.2573];12118.24008;400),(13374.73273;[0.6986];[-0.2514];12370.28193;1;0;[0.6927];[-0.2573];12118.24008;400),(15366.51111;[0.6986];[-0.2514];12370.28193;1;0;[0.6927];[-0.2573];12118.24008;400),(17335.39748;[0.6986];[-0.2514];12370.28193;1;0;[0.6927];[-0.2573];12118.24008;400),(19066.29896;[0.6986];[-0.2514];12370.28193;1;0;[0.6927];[-0.2573];12118.24008;400),(21144.44256;[0.6986];[-0.2514];12370.28193;1;0;[0.6927];[-0.2573];12118.24008;400),(21859.68351;[0.8569];[-0.0931];11813.86228;1;0;[0.86];[-0.09];11661.17726;400),(22560.09531;[0.942];[-0.008];10375.97871;1;0;[0.9451];[-0.0049];10295.08798;400),(23110.29124;[0.9848];[0.0348];9063.57421;1;1;[0.9837];[0.0337];9022.94209;400),(23643.09478;[0.9588];[0.0088];10013.30737;1;1;[0.9608];[0.0108];9957.73842;400),(24344.11693;[0.9458];[-0.0042];10201.56006;1;0;[0.9484];[-0.0016];10132.34934;400),(25266.65401;[0.9523];[0.0023];10101.16993;1;1;[0.9538];[0.0038];10037.26069;400),(25780.99394;[0.9527];[0.0027];10163.45463;1;1;[0.9543];[0.0043];10099.84668;400),(26443.68982;[0.95];[0.];10187.21558;1;1;[0.952];[0.002];10120.75839;400),(27100.32225;[0.9482];[-0.0018];10169.75404;1;1;[0.9501];[0.0001];10103.07181;400),(28029.02722;[0.9532];[0.0032];10165.02769;1;1;[0.9548];[0.0048];10101.54106;400),(28634.64689;[0.9472];[-0.0028];10159.65701;1;0;[0.9492];[-0.0008];10092.74498;400),(29410.80952;[0.948];[-0.002];10150.11020;1;1;[0.9507];[0.0007];10087.24889;400),(30312.59918;[0.9532];[0.0032];10165.02769;1;1;[0.9548];[0.0048];10101.54106;400),(31005.14007;[0.9523];[0.0023];10164.21386;1;1;[0.9541];[0.0041];10100.44044;400),(31847.88966;[0.9523];[0.0023];10164.21386;1;1;[0.9541];[0.0041];10100.44044;400),(32545.74275;[0.9523];[0.0023];10164.21386;1;1;[0.9541];[0.0041];10100.44044;400),(33246.25897;[0.948];[-0.002];10150.11020;1;1;[0.9507];[0.0007];10087.24889;400),(41942.57784;[0.7358];[-0.2142];12446.70139;1;0;[0.7301];[-0.2199];12208.04651;800),(46283.11396;[0.7358];[-0.2142];12446.70139;1;0;[0.7301];[-0.2199];12208.04651;800),(50313.65323;[0.7358];[-0.2142];12446.70139;1;0;[0.7301];[-0.2199];12208.04651;800),(54449.81956;[0.7358];[-0.2142];12446.70139;1;0;[0.7301];[-0.2199];12208.04651;800),(57862.07485;[0.7358];[-0.2142];12446.70139;1;0;[0.7301];[-0.2199];12208.04651;800),(61644.96922;[0.7358];[-0.2142];12446.70139;1;0;[0.7301];[-0.2199];12208.04651;800),(64746.71197;[0.7358];[-0.2142];12446.70139;1;0;[0.7301];[-0.2199];12208.04651;800),(68652.81224;[0.7358];[-0.2142];12446.70139;1;0;[0.7301];[-0.2199];12208.04651;800),(69113.89780;[0.8555];[-0.0945];11837.03234;1;0;[0.8584];[-0.0916];11682.64068;800),(69742.57469;[0.9383];[-0.0117];10539.89526;1;0;[0.9411];[-0.0089];10464.63674;800),(70140.54418;[0.9834];[0.0334];9267.47313;1;1;[0.9819];[0.0319];9223.55916;800),(70762.05420;[0.9584];[0.0084];10063.47882;1;1;[0.9604];[0.0104];10004.77704;800),(71521.63529;[0.9441];[-0.0059];10266.19269;1;0;[0.9476];[-0.0024];10198.55273;800),(72233.60705;[0.9532];[0.0032];10165.02769;1;1;[0.9548];[0.0048];10101.54106;800),(72783.58126;[0.9499];[-0.0001];10220.12307;1;1;[0.9513];[0.0013];10158.55634;800),(73590.56067;[0.9471];[-0.0029];10198.19258;1;0;[0.9497];[-0.0003];10136.44002;800),(74373.22497;[0.9485];[-0.0015];10176.78669;1;1;[0.9502];[0.0002];10110.66653;800),(75030.59602;[0.9475];[-0.0025];10165.44384;1;0;[0.9494];[-0.0006];10098.61804;800),(75844.60139;[0.9523];[0.0023];10164.21386;1;1;[0.9541];[0.0041];10100.44044;800),(76577.16680;[0.9526];[0.0026];10164.50985;1;1;[0.9543];[0.0043];10100.73983;800),(77248.21115;[0.9526];[0.0026];10164.50985;1;1;[0.9543];[0.0043];10100.73983;800),(77795.79496;[0.9475];[-0.0025];10165.44384;1;0;[0.9494];[-0.0006];10098.61804;800),(78455.12557;[0.9475];[-0.0025];10162.98785;1;0;[0.9494];[-0.0006];10096.80234;800),(79383.29220;[0.9475];[-0.0025];10161.65549;1;0;[0.9494];[-0.0006];10095.60839;800),(80130.47290;[0.9475];[-0.0025];10161.65549;1;0;[0.9494];[-0.0006];10095.60839;800),(93893.94331;[0.7555];[-0.1945];12461.82767;1;0;[0.7519];[-0.1981];12231.79494;1600),(100414.11924;[0.7555];[-0.1945];12461.82767;1;0;[0.7519];[-0.1981];12231.79494;1600),(107159.51991;[0.7555];[-0.1945];12461.82767;1;0;[0.7519];[-0.1981];12231.79494;1600),(114259.84716;[0.7555];[-0.1945];12461.82767;1;0;[0.7519];[-0.1981];12231.79494;1600),(122003.01671;[0.7555];[-0.1945];12461.82767;1;0;[0.7519];[-0.1981];12231.79494;1600),(128992.85817;[0.7555];[-0.1945];12461.82767;1;0;[0.7519];[-0.1981];12231.79494;1600),(135752.51579;[0.7555];[-0.1945];12461.82767;1;0;[0.7519];[-0.1981];12231.79494;1600),(142333.17184;[0.7555];[-0.1945];12461.82767;1;0;[0.7519];[-0.1981];12231.79494;1600),(148589.29253;[0.7555];[-0.1945];12461.82767;1;0;[0.7519];[-0.1981];12231.79494;1600),(149027.79388;[0.8603];[-0.0897];11792.69181;1;0;[0.8636];[-0.0864];11642.96314;1600),(149572.72720;[0.9407];[-0.0093];10398.91948;1;0;[0.9424];[-0.0076];10325.76351;1600),(149899.73402;[0.9852];[0.0352];9074.31650;1;1;[0.984];[0.034];9033.66112;1600),(150362.51998;[0.9603];[0.0103];10029.83161;1;1;[0.9626];[0.0126];9974.37269;1600),(150954.86760;[0.9498];[-0.0002];10218.91977;1;1;[0.9512];[0.0012];10157.34097;1600),(151301.61715;[0.9547];[0.0047];10126.70451;1;1;[0.9558];[0.0058];10066.27929;1600),(151720.04890;[0.9532];[0.0032];10165.02769;1;1;[0.9548];[0.0048];10101.54106;1600),(152491.77790;[0.9476];[-0.0024];10195.45422;1;1;[0.95];[0.];10133.90676;1600),(153179.59690;[0.9481];[-0.0019];10174.92839;1;1;[0.9501];[0.0001];10108.15870;1600),(153803.70402;[0.9532];[0.0032];10165.02769;1;1;[0.9548];[0.0048];10101.54106;1600),(154399.70016;[0.9482];[-0.0018];10169.75404;1;1;[0.9501];[0.0001];10103.07181;1600),(155175.73977;[0.9532];[0.0032];10165.02769;1;1;[0.9548];[0.0048];10101.54106;1600),(155763.62848;[0.953];[0.003];10165.78046;1;1;[0.9546];[0.0046];10102.11734;1600),(156312.58988;[0.953];[0.003];10165.78046;1;1;[0.9546];[0.0046];10102.11734;1600),(157108.76322;[0.9482];[-0.0018];10168.64644;1;1;[0.9501];[0.0001];10102.17907;1600),(157746.97876;[0.953];[0.003];10165.78046;1;1;[0.9546];[0.0046];10102.11734;1600),(158373.28863;[0.953];[0.003];10165.78046;1;1;[0.9546];[0.0046];10102.11734;1600),(186309.12447;[0.7488];[-0.2012];12460.58814;1;0;[0.7459];[-0.2041];12227.83299;3200),(199920.86864;[0.7488];[-0.2012];12460.58814;1;0;[0.7459];[-0.2041];12227.83299;3200),(214073.84467;[0.7488];[-0.2012];12460.58814;1;0;[0.7459];[-0.2041];12227.83299;3200),(226753.76701;[0.7488];[-0.2012];12460.58814;1;0;[0.7459];[-0.2041];12227.83299;3200),(239919.53397;[0.7488];[-0.2012];12460.58814;1;0;[0.7459];[-0.2041];12227.83299;3200),(252406.56304;[0.7488];[-0.2012];12460.58814;1;0;[0.7459];[-0.2041];12227.83299;3200),(265455.47104;[0.7488];[-0.2012];12460.58814;1;0;[0.7459];[-0.2041];12227.83299;3200),(278668.08248;[0.7488];[-0.2012];12460.58814;1;0;[0.7459];[-0.2041];12227.83299;3200),(292085.59823;[0.7488];[-0.2012];12460.58814;1;0;[0.7459];[-0.2041];12227.83299;3200),(305096.66276;[0.7488];[-0.2012];12460.58814;1;0;[0.7459];[-0.2041];12227.83299;3200),(305814.47959;[0.8645];[-0.0855];11755.19317;1;0;[0.8691];[-0.0809];11608.78739;3200),(306540.53807;[0.9385];[-0.0115];10303.71201;1;0;[0.9422];[-0.0078];10230.62426;3200),(307132.65467;[0.9929];[0.0429];8166.13732;1;1;[0.9917];[0.0417];8138.57277;3200),(307652.63224;[0.9641];[0.0141];9917.14803;1;1;[0.965];[0.015];9862.70215;3200),(308371.97185;[0.9547];[0.0047];10131.25582;1;1;[0.9558];[0.0058];10070.73240;3200),(309212.90684;[0.9454];[-0.0046];10222.39789;1;0;[0.9483];[-0.0017];10157.68307;3200),(309839.60104;[0.9482];[-0.0018];10169.75404;1;1;[0.9501];[0.0001];10103.07181;3200),(310442.17753;[0.9524];[0.0024];10157.04195;1;1;[0.9543];[0.0043];10093.50771;3200),(311017.75026;[0.953];[0.003];10163.82439;1;1;[0.9546];[0.0046];10100.32568;3200),(311746.84763;[0.9532];[0.0032];10165.02769;1;1;[0.9548];[0.0048];10101.54106;3200),(312232.08952;[0.9475];[-0.0025];10165.44384;1;0;[0.9494];[-0.0006];10098.61804;3200),(312931.84400;[0.9532];[0.0032];10165.02769;1;1;[0.9548];[0.0048];10101.54106;3200),(313678.45869;[0.9532];[0.0032];10165.02769;1;1;[0.9548];[0.0048];10101.54106;3200),(314218.09387;[0.9532];[0.0032];10165.02769;1;1;[0.9548];[0.0048];10101.54106;3200),(314820.01662;[0.9532];[0.0032];10165.02769;1;1;[0.9548];[0.0048];10101.54106;3200),(315384.20200;[0.9475];[-0.0025];10162.98785;1;0;[0.9494];[-0.0006];10096.80234;3200),(315903.29862;[0.9475];[-0.0025];10162.98785;1;0;[0.9494];[-0.0006];10096.80234;3200),(367357.46717;[0.7555];[-0.1945];12461.82767;1;0;[0.7519];[-0.1981];12231.79494;6400),(391273.40508;[0.7555];[-0.1945];12461.82767;1;0;[0.7519];[-0.1981];12231.79494;6400),(416105.43466;[0.7555];[-0.1945];12461.82767;1;0;[0.7519];[-0.1981];12231.79494;6400),(440469.32435;[0.7555];[-0.1945];12461.82767;1;0;[0.7519];[-0.1981];12231.79494;6400),(464800.77171;[0.7555];[-0.1945];12461.82767;1;0;[0.7519];[-0.1981];12231.79494;6400),(488977.77581;[0.7555];[-0.1945];12461.82767;1;0;[0.7519];[-0.1981];12231.79494;6400),(512218.77980;[0.7555];[-0.1945];12461.82767;1;0;[0.7519];[-0.1981];12231.79494;6400),(535732.01799;[0.7555];[-0.1945];12461.82767;1;0;[0.7519];[-0.1981];12231.79494;6400),(559234.66110;[0.7555];[-0.1945];12461.82767;1;0;[0.7519];[-0.1981];12231.79494;6400),(583456.66647;[0.7555];[-0.1945];12461.82767;1;0;[0.7519];[-0.1981];12231.79494;6400)]"
3,8,10209.28153384916,0.83443,1,0,[0.9482],[-0.0018],603921.9806194305,"[(3257.40027;[0.7208];[-0.2292];12469.49879;1;0;[0.7115];[-0.2385];12161.45143;100),(4556.55885;[0.7208];[-0.2292];12469.49879;1;0;[0.7115];[-0.2385];12161.45143;100),(6370.76569;[0.7208];[-0.2292];12469.49879;1;0;[0.7115];[-0.2385];12161.45143;200),(9240.29732;[0.7457];[-0.2043];12509.80176;1;0;[0.7362];[-0.2138];12217.29098;400),(15491.36996;[0.7393];[-0.2107];12503.18174;1;0;[0.7301];[-0.2199];12208.04651;800),(19214.75101;[0.7393];[-0.2107];12503.18174;1;0;[0.7301];[-0.2199];12208.04651;800),(22877.31743;[0.7393];[-0.2107];12503.18174;1;0;[0.7301];[-0.2199];12208.04651;800),(26908.68568;[0.7393];[-0.2107];12503.18174;1;0;[0.7301];[-0.2199];12208.04651;800),(30951.42221;[0.7393];[-0.2107];12503.18174;1;0;[0.7301];[-0.2199];12208.04651;800),(35263.59868;[0.7393];[-0.2107];12503.18174;1;0;[0.7301];[-0.2199];12208.04651;800),(39410.32243;[0.7393];[-0.2107];12503.18174;1;0;[0.7301];[-0.2199];12208.04651;800),(44009.74369;[0.7393];[-0.2107];12503.18174;1;0;[0.7301];[-0.2199];12208.04651;800),(44823.11583;[0.8856];[-0.0644];11715.58287;1;0;[0.8774];[-0.0726];11530.32830;800),(45757.28321;[0.9493];[-0.0007];10329.78492;1;0;[0.9462];[-0.0038];10231.98395;800),(46257.68447;[0.9902];[0.0402];8412.51255;1;1;[0.9897];[0.0397];8371.86249;800),(46813.38024;[0.968];[0.018];9961.91277;1;1;[0.9667];[0.0167];9888.12089;800),(47635.56027;[0.9597];[0.0097];10156.49494;1;1;[0.9565];[0.0065];10074.47631;800),(48476.03059;[0.9526];[0.0026];10258.60329;1;0;[0.9486];[-0.0014];10169.48899;800),(48788.59520;[0.9516];[0.0016];10300.77064;1;0;[0.9483];[-0.0017];10207.42576;800),(49573.28725;[0.9483];[-0.0017];10314.24184;1;0;[0.9448];[-0.0052];10216.36482;800),(50253.67904;[0.9516];[0.0016];10302.78181;1;0;[0.9482];[-0.0018];10209.28153;800),(51105.03340;[0.9491];[-0.0009];10310.91729;1;0;[0.9452];[-0.0048];10220.28366;800),(51806.72622;[0.9516];[0.0016];10302.78181;1;0;[0.9482];[-0.0018];10209.28153;800),(52474.90430;[0.9472];[-0.0028];10298.29440;1;0;[0.9433];[-0.0067];10200.11770;800),(53442.34180;[0.9472];[-0.0028];10298.31181;1;0;[0.9438];[-0.0062];10200.20598;800),(54536.92532;[0.9516];[0.0016];10302.78181;1;0;[0.9482];[-0.0018];10209.28153;800),(55290.39550;[0.9472];[-0.0028];10298.31181;1;0;[0.9438];[-0.0062];10200.20598;800),(56170.10856;[0.9516];[0.0016];10302.78181;1;0;[0.9482];[-0.0018];10209.28153;800),(56922.62673;[0.9472];[-0.0028];10298.31181;1;0;[0.9438];[-0.0062];10200.20598;800),(69439.56780;[0.7457];[-0.2043];12509.80176;1;0;[0.7362];[-0.2138];12217.29098;1600),(76366.04929;[0.7457];[-0.2043];12509.80176;1;0;[0.7362];[-0.2138];12217.29098;1600),(83246.57798;[0.7457];[-0.2043];12509.80176;1;0;[0.7362];[-0.2138];12217.29098;1600),(89678.22623;[0.7457];[-0.2043];12509.80176;1;0;[0.7362];[-0.2138];12217.29098;1600),(95795.98594;[0.7457];[-0.2043];12509.80176;1;0;[0.7362];[-0.2138];12217.29098;1600),(101400.24471;[0.7457];[-0.2043];12509.80176;1;0;[0.7362];[-0.2138];12217.29098;1600),(107853.10102;[0.7457];[-0.2043];12509.80176;1;0;[0.7362];[-0.2138];12217.29098;1600),(113849.97630;[0.7457];[-0.2043];12509.80176;1;0;[0.7362];[-0.2138];12217.29098;1600),(120746.97185;[0.7457];[-0.2043];12509.80176;1;0;[0.7362];[-0.2138];12217.29098;1600),(121191.27321;[0.888];[-0.062];11689.96891;1;0;[0.8801];[-0.0699];11506.78878;1600),(121588.23085;[0.9495];[-0.0005];10327.19761;1;0;[0.9462];[-0.0038];10229.56394;1600),(121998.32034;[0.9675];[0.0175];9953.54097;1;1;[0.9662];[0.0162];9879.63724;1600),(122742.27190;[0.9587];[0.0087];10150.28440;1;1;[0.9559];[0.0059];10068.05869;1600),(123380.03278;[0.9559];[0.0059];10242.90161;1;1;[0.9513];[0.0013];10158.55634;1600),(123798.41733;[0.9508];[0.0008];10289.08592;1;0;[0.9473];[-0.0027];10195.52347;1600),(124362.84184;[0.9516];[0.0016];10302.78181;1;0;[0.9482];[-0.0018];10209.28153;1600),(125098.35124;[0.9483];[-0.0017];10314.24184;1;0;[0.9448];[-0.0052];10216.36482;1600),(125980.67689;[0.9477];[-0.0023];10300.39049;1;0;[0.9441];[-0.0059];10203.19531;1600),(126834.01060;[0.9516];[0.0016];10302.78181;1;0;[0.9482];[-0.0018];10209.28153;1600),(127357.27692;[0.9472];[-0.0028];10298.31181;1;0;[0.9438];[-0.0062];10200.20598;1600),(128119.07101;[0.9516];[0.0016];10302.78181;1;0;[0.9482];[-0.0018];10209.28153;1600),(128633.94666;[0.9516];[0.0016];10302.78181;1;0;[0.9482];[-0.0018];10209.28153;1600),(129181.54478;[0.9472];[-0.0028];10298.31181;1;0;[0.9438];[-0.0062];10200.20598;1600),(129947.59059;[0.9472];[-0.0028];10298.31181;1;0;[0.9438];[-0.0062];10200.20598;1600),(130630.44643;[0.9472];[-0.0028];10298.31181;1;0;[0.9438];[-0.0062];10200.20598;1600),(136429.94237;[0.7457];[-0.2043];12509.80176;1;0;[0.7362];[-0.2138];12217.29098;1600),(143506.62255;[0.8042];[-0.1458];12295.22950;1;0;[0.7929];[-0.1571];12031.01936;1600),(150176.77999;[0.8732];[-0.0768];11828.43559;1;0;[0.8658];[-0.0842];11628.01418;1600),(156622.56360;[0.9124];[-0.0376];11304.75051;1;0;[0.9067];[-0.0433];11169.09419;1600),(162838.84311;[0.9313];[-0.0187];10919.64043;1;0;[0.9267];[-0.0233];10800.60865;1600),(169041.45074;[0.9427];[-0.0073];10599.27651;1;0;[0.9381];[-0.0119];10494.94566;1600),(175242.64717;[0.9461];[-0.0039];10407.75449;1;0;[0.9428];[-0.0072];10315.46599;1600),(181833.53233;[0.9495];[-0.0005];10340.48588;1;0;[0.9461];[-0.0039];10249.55736;1600),(188792.94419;[0.9472];[-0.0028];10298.31181;1;0;[0.9438];[-0.0062];10200.20598;1600),(189399.18017;[0.9701];[0.0201];9888.98978;1;1;[0.969];[0.019];9813.83657;1600),(189890.03801;[0.957];[0.007];10120.36788;1;1;[0.9528];[0.0028];10030.66035;1600),(190653.98932;[0.9557];[0.0057];10234.13945;1;1;[0.9512];[0.0012];10149.90666;1600),(191112.63871;[0.9539];[0.0039];10271.69452;1;0;[0.9498];[-0.0002];10182.96471;1600),(191766.45899;[0.951];[0.001];10292.01711;1;0;[0.9476];[-0.0024];10198.55273;1600),(192267.77554;[0.9516];[0.0016];10300.77064;1;0;[0.9483];[-0.0017];10207.42576;1600),(192774.86348;[0.9513];[0.0013];10301.63419;1;0;[0.9478];[-0.0022];10208.05391;1600),(193311.57660;[0.9516];[0.0016];10302.78181;1;0;[0.9482];[-0.0018];10209.28153;1600),(194042.31381;[0.9516];[0.0016];10302.78181;1;0;[0.9482];[-0.0018];10209.28153;1600),(194732.12528;[0.9516];[0.0016];10302.78181;1;0;[0.9482];[-0.0018];10209.28153;1600),(195248.84129;[0.9516];[0.0016];10302.78181;1;0;[0.9482];[-0.0018];10209.28153;1600),(195808.84123;[0.9516];[0.0016];10302.78181;1;0;[0.9482];[-0.0018];10209.28153;1600),(196323.62175;[0.9516];[0.0016];10302.78181;1;0;[0.9482];[-0.0018];10209.28153;1600),(196845.95656;[0.9472];[-0.0028];10298.31181;1;0;[0.9438];[-0.0062];10200.20598;1600),(202027.95887;[0.7457];[-0.2043];12509.80176;1;0;[0.7362];[-0.2138];12217.29098;1600),(208284.58571;[0.8042];[-0.1458];12295.22950;1;0;[0.7929];[-0.1571];12031.01936;1600),(214293.59269;[0.8732];[-0.0768];11828.43559;1;0;[0.8658];[-0.0842];11628.01418;1600),(220341.45188;[0.9124];[-0.0376];11304.75051;1;0;[0.9067];[-0.0433];11169.09419;1600),(227435.99343;[0.9313];[-0.0187];10919.64043;1;0;[0.9267];[-0.0233];10800.60865;1600),(234594.74349;[0.9427];[-0.0073];10599.27651;1;0;[0.9381];[-0.0119];10494.94566;1600),(240437.36792;[0.9461];[-0.0039];10407.75449;1;0;[0.9428];[-0.0072];10315.46599;1600),(246849.20120;[0.9495];[-0.0005];10340.48588;1;0;[0.9461];[-0.0039];10249.55736;1600),(253739.81237;[0.9472];[-0.0028];10298.31181;1;0;[0.9438];[-0.0062];10200.20598;1600),(254291.63313;[0.9701];[0.0201];9888.98978;1;1;[0.969];[0.019];9813.83657;1600),(254729.29120;[0.9567];[0.0067];10120.55330;1;1;[0.9528];[0.0028];10030.75756;1600),(255393.44168;[0.9557];[0.0057];10234.13945;1;1;[0.9512];[0.0012];10149.90666;1600),(255887.74347;[0.9539];[0.0039];10271.69452;1;0;[0.9498];[-0.0002];10182.96471;1600),(256455.94788;[0.951];[0.001];10292.01711;1;0;[0.9476];[-0.0024];10198.55273;1600),(256955.04975;[0.9516];[0.0016];10300.77064;1;0;[0.9483];[-0.0017];10207.42576;1600),(257480.18217;[0.9513];[0.0013];10301.63419;1;0;[0.9478];[-0.0022];10208.05391;1600),(258038.49864;[0.9516];[0.0016];10302.78181;1;0;[0.9482];[-0.0018];10209.28153;1600),(258494.79771;[0.9516];[0.0016];10302.78181;1;0;[0.9482];[-0.0018];10209.28153;1600),(259046.93699;[0.9516];[0.0016];10302.78181;1;0;[0.9482];[-0.0018];10209.28153;1600),(259533.81586;[0.9516];[0.0016];10302.78181;1;0;[0.9482];[-0.0018];10209.28153;1600),(260112.63227;[0.9516];[0.0016];10302.78181;1;0;[0.9482];[-0.0018];10209.28153;1600),(260649.72711;[0.9516];[0.0016];10302.78181;1;0;[0.9482];[-0.0018];10209.28153;1600),(261203.52030;[0.9472];[-0.0028];10298.31181;1;0;[0.9438];[-0.0062];10200.20598;1600),(266658.97036;[0.7457];[-0.2043];12509.80176;1;0;[0.7362];[-0.2138];12217.29098;1600),(273819.99874;[0.8102];[-0.1398];12290.82343;1;0;[0.7997];[-0.1503];12031.51868;1600),(280220.65639;[0.8733];[-0.0767];11826.49489;1;0;[0.866];[-0.084];11626.24884;1600),(287860.64506;[0.9106];[-0.0394];11279.05664;1;0;[0.9055];[-0.0445];11143.06865;1600),(294749.75467;[0.9313];[-0.0187];10919.64043;1;0;[0.9267];[-0.0233];10800.60865;1600),(300754.69518;[0.9426];[-0.0074];10598.64707;1;0;[0.938];[-0.012];10494.25478;1600),(307787.40716;[0.9461];[-0.0039];10407.75449;1;0;[0.9428];[-0.0072];10315.46599;1600),(314342.61656;[0.9495];[-0.0005];10340.48588;1;0;[0.9461];[-0.0039];10249.55736;1600),(321337.68106;[0.9472];[-0.0028];10298.31181;1;0;[0.9438];[-0.0062];10200.20598;1600),(321788.71322;[0.9701];[0.0201];9888.98978;1;1;[0.969];[0.019];9813.83657;1600),(322309.54242;[0.957];[0.007];10120.36788;1;1;[0.9528];[0.0028];10030.66035;1600),(323006.90842;[0.9557];[0.0057];10234.13945;1;1;[0.9512];[0.0012];10149.90666;1600),(323512.69245;[0.9539];[0.0039];10271.69452;1;0;[0.9498];[-0.0002];10182.96471;1600),(324116.01877;[0.951];[0.001];10292.01711;1;0;[0.9476];[-0.0024];10198.55273;1600),(324726.50719;[0.9516];[0.0016];10300.77064;1;0;[0.9483];[-0.0017];10207.42576;1600),(325235.41689;[0.9513];[0.0013];10301.63419;1;0;[0.9478];[-0.0022];10208.05391;1600),(325830.92237;[0.9516];[0.0016];10302.78181;1;0;[0.9482];[-0.0018];10209.28153;1600),(326359.00569;[0.9516];[0.0016];10302.78181;1;0;[0.9482];[-0.0018];10209.28153;1600),(326870.80836;[0.9516];[0.0016];10302.78181;1;0;[0.9482];[-0.0018];10209.28153;1600),(327401.41678;[0.9516];[0.0016];10302.78181;1;0;[0.9482];[-0.0018];10209.28153;1600),(327887.36248;[0.9516];[0.0016];10302.78181;1;0;[0.9482];[-0.0018];10209.28153;1600),(328429.82578;[0.9516];[0.0016];10302.78181;1;0;[0.9482];[-0.0018];10209.28153;1600),(329037.00805;[0.9472];[-0.0028];10298.31181;1;0;[0.9438];[-0.0062];10200.20598;1600),(334885.36596;[0.7457];[-0.2043];12509.80176;1;0;[0.7362];[-0.2138];12217.29098;1600),(341646.59715;[0.8102];[-0.1398];12290.82343;1;0;[0.7997];[-0.1503];12031.51868;1600),(347510.09417;[0.8733];[-0.0767];11826.49489;1;0;[0.866];[-0.084];11626.24884;1600),(354185.92429;[0.9106];[-0.0394];11279.05664;1;0;[0.9055];[-0.0445];11143.06865;1600),(360626.79052;[0.9313];[-0.0187];10919.64043;1;0;[0.9267];[-0.0233];10800.60865;1600),(366765.01775;[0.9426];[-0.0074];10598.64707;1;0;[0.938];[-0.012];10494.25478;1600),(372861.03678;[0.9461];[-0.0039];10407.75449;1;0;[0.9428];[-0.0072];10315.46599;1600),(378703.56393;[0.9495];[-0.0005];10340.48588;1;0;[0.9461];[-0.0039];10249.55736;1600),(384683.76780;[0.9472];[-0.0028];10298.31181;1;0;[0.9438];[-0.0062];10200.20598;1600),(385147.77517;[0.9701];[0.0201];9888.98978;1;1;[0.969];[0.019];9813.83657;1600),(385620.75472;[0.957];[0.007];10120.36788;1;1;[0.9528];[0.0028];10030.66035;1600),(386322.65663;[0.9557];[0.0057];10234.13945;1;1;[0.9512];[0.0012];10149.90666;1600),(386801.04160;[0.9539];[0.0039];10271.69452;1;0;[0.9498];[-0.0002];10182.96471;1600),(387390.15055;[0.951];[0.001];10292.01711;1;0;[0.9476];[-0.0024];10198.55273;1600),(387802.56391;[0.9516];[0.0016];10300.77064;1;0;[0.9483];[-0.0017];10207.42576;1600),(388359.00974;[0.9513];[0.0013];10301.63419;1;0;[0.9478];[-0.0022];10208.05391;1600),(388873.34085;[0.9516];[0.0016];10302.78181;1;0;[0.9482];[-0.0018];10209.28153;1600),(389337.52561;[0.9516];[0.0016];10302.78181;1;0;[0.9482];[-0.0018];10209.28153;1600),(389862.49614;[0.9516];[0.0016];10302.78181;1;0;[0.9482];[-0.0018];10209.28153;1600),(390391.85929;[0.9516];[0.0016];10302.78181;1;0;[0.9482];[-0.0018];10209.28153;1600),(390964.56337;[0.9516];[0.0016];10302.78181;1;0;[0.9482];[-0.0018];10209.28153;1600),(391560.14228;[0.9516];[0.0016];10302.78181;1;0;[0.9482];[-0.0018];10209.28153;1600),(392287.19282;[0.9472];[-0.0028];10298.31181;1;0;[0.9438];[-0.0062];10200.20598;1600),(397956.84171;[0.7457];[-0.2043];12509.80176;1;0;[0.7362];[-0.2138];12217.29098;1600),(404581.42924;[0.8102];[-0.1398];12290.82343;1;0;[0.7997];[-0.1503];12031.51868;1600),(410768.46051;[0.8733];[-0.0767];11826.49489;1;0;[0.866];[-0.084];11626.24884;1600),(417043.47730;[0.9106];[-0.0394];11279.05664;1;0;[0.9055];[-0.0445];11143.06865;1600),(423647.41254;[0.9313];[-0.0187];10919.64043;1;0;[0.9267];[-0.0233];10800.60865;1600),(429326.07627;[0.9427];[-0.0073];10599.27651;1;0;[0.9381];[-0.0119];10494.94566;1600),(435132.50327;[0.9461];[-0.0039];10407.75449;1;0;[0.9428];[-0.0072];10315.46599;1600),(441108.50024;[0.9495];[-0.0005];10340.48588;1;0;[0.9461];[-0.0039];10249.55736;1600),(447448.22097;[0.9472];[-0.0028];10298.31181;1;0;[0.9438];[-0.0062];10200.20598;1600),(447901.92318;[0.9701];[0.0201];9888.98978;1;1;[0.969];[0.019];9813.83657;1600),(448444.16642;[0.957];[0.007];10120.36788;1;1;[0.9528];[0.0028];10030.66035;1600),(448972.88895;[0.9557];[0.0057];10234.13945;1;1;[0.9512];[0.0012];10149.90666;1600),(449529.40536;[0.9539];[0.0039];10271.69452;1;0;[0.9498];[-0.0002];10182.96471;1600),(450091.02488;[0.951];[0.001];10292.01711;1;0;[0.9476];[-0.0024];10198.55273;1600),(450529.64544;[0.9516];[0.0016];10300.77064;1;0;[0.9483];[-0.0017];10207.42576;1600),(451039.47210;[0.9513];[0.0013];10301.63419;1;0;[0.9478];[-0.0022];10208.05391;1600),(451604.66957;[0.9516];[0.0016];10302.78181;1;0;[0.9482];[-0.0018];10209.28153;1600),(452088.01436;[0.9516];[0.0016];10302.78181;1;0;[0.9482];[-0.0018];10209.28153;1600),(452639.03189;[0.9516];[0.0016];10302.78181;1;0;[0.9482];[-0.0018];10209.28153;1600),(453221.36426;[0.9516];[0.0016];10302.78181;1;0;[0.9482];[-0.0018];10209.28153;1600),(453786.38458;[0.9516];[0.0016];10302.78181;1;0;[0.9482];[-0.0018];10209.28153;1600),(454369.54594;[0.9516];[0.0016];10302.78181;1;0;[0.9482];[-0.0018];10209.28153;1600),(454832.97777;[0.9472];[-0.0028];10298.31181;1;0;[0.9438];[-0.0062];10200.20598;1600),(460106.50396;[0.7457];[-0.2043];12509.80176;1;0;[0.7362];[-0.2138];12217.29098;1600),(466421.79108;[0.8102];[-0.1398];12290.82343;1;0;[0.7997];[-0.1503];12031.51868;1600),(472781.47030;[0.8733];[-0.0767];11826.49489;1;0;[0.866];[-0.084];11626.24884;1600),(479108.45304;[0.9106];[-0.0394];11279.05664;1;0;[0.9055];[-0.0445];11143.06865;1600),(485402.66943;[0.9313];[-0.0187];10919.64043;1;0;[0.9267];[-0.0233];10800.60865;1600),(491971.79580;[0.9427];[-0.0073];10599.27651;1;0;[0.9381];[-0.0119];10494.94566;1600),(497730.45301;[0.9461];[-0.0039];10407.75449;1;0;[0.9428];[-0.0072];10315.46599;1600),(503996.13380;[0.9495];[-0.0005];10340.48588;1;0;[0.9461];[-0.0039];10249.55736;1600),(509959.89776;[0.9472];[-0.0028];10298.31181;1;0;[0.9438];[-0.0062];10200.20598;1600),(510438.22789;[0.9701];[0.0201];9888.98978;1;1;[0.969];[0.019];9813.83657;1600),(511002.40707;[0.957];[0.007];10120.36788;1;1;[0.9528];[0.0028];10030.66035;1600),(511722.59808;[0.9557];[0.0057];10234.13945;1;1;[0.9512];[0.0012];10149.90666;1600),(512222.50342;[0.9539];[0.0039];10271.69452;1;0;[0.9498];[-0.0002];10182.96471;1600),(512749.13478;[0.951];[0.001];10292.01711;1;0;[0.9476];[-0.0024];10198.55273;1600),(513150.18463;[0.9516];[0.0016];10300.77064;1;0;[0.9483];[-0.0017];10207.42576;1600),(513674.57819;[0.9513];[0.0013];10301.63419;1;0;[0.9478];[-0.0022];10208.05391;1600),(514278.58424;[0.9516];[0.0016];10302.78181;1;0;[0.9482];[-0.0018];10209.28153;1600),(514754.07004;[0.9516];[0.0016];10302.78181;1;0;[0.9482];[-0.0018];10209.28153;1600),(515293.75196;[0.9516];[0.0016];10302.78181;1;0;[0.9482];[-0.0018];10209.28153;1600),(515840.01303;[0.9516];[0.0016];10302.78181;1;0;[0.9482];[-0.0018];10209.28153;1600),(516401.83878;[0.9516];[0.0016];10302.78181;1;0;[0.9482];[-0.0018];10209.28153;1600),(516977.49424;[0.9516];[0.0016];10302.78181;1;0;[0.9482];[-0.0018];10209.28153;1600),(517533.08463;[0.9472];[-0.0028];10298.31181;1;0;[0.9438];[-0.0062];10200.20598;1600),(522677.20890;[0.7457];[-0.2043];12509.80176;1;0;[0.7362];[-0.2138];12217.29098;1600),(528540.46273;[0.8102];[-0.1398];12290.82343;1;0;[0.7997];[-0.1503];12031.51868;1600),(534601.79043;[0.8733];[-0.0767];11826.49489;1;0;[0.866];[-0.084];11626.24884;1600),(541081.97260;[0.9106];[-0.0394];11279.05664;1;0;[0.9055];[-0.0445];11143.06865;1600),(547987.46634;[0.9313];[-0.0187];10919.64043;1;0;[0.9267];[-0.0233];10800.60865;1600),(553880.10406;[0.9427];[-0.0073];10599.27651;1;0;[0.9381];[-0.0119];10494.94566;1600),(559959.61952;[0.9461];[-0.0039];10407.75449;1;0;[0.9428];[-0.0072];10315.46599;1600),(565797.04332;[0.9495];[-0.0005];10340.48588;1;0;[0.9461];[-0.0039];10249.55736;1600),(572671.07272;[0.9472];[-0.0028];10298.31181;1;0;[0.9438];[-0.0062];10200.20598;1600),(573173.05589;[0.9701];[0.0201];9888.98978;1;1;[0.969];[0.019];9813.83657;1600),(573709.85770;[0.957];[0.007];10120.36788;1;1;[0.9528];[0.0028];10030.66035;1600),(574421.25559;[0.9557];[0.0057];10234.13945;1;1;[0.9512];[0.0012];10149.90666;1600),(574967.75436;[0.9539];[0.0039];10271.69452;1;0;[0.9498];[-0.0002];10182.96471;1600),(575497.68066;[0.951];[0.001];10292.01711;1;0;[0.9476];[-0.0024];10198.55273;1600),(575966.89534;[0.9516];[0.0016];10300.77064;1;0;[0.9483];[-0.0017];10207.42576;1600),(576441.59031;[0.9513];[0.0013];10301.63419;1;0;[0.9478];[-0.0022];10208.05391;1600),(576969.29693;[0.9516];[0.0016];10302.78181;1;0;[0.9482];[-0.0018];10209.28153;1600),(577500.60678;[0.9516];[0.0016];10302.78181;1;0;[0.9482];[-0.0018];10209.28153;1600),(578147.33291;[0.9516];[0.0016];10302.78181;1;0;[0.9482];[-0.0018];10209.28153;1600),(578657.01795;[0.9516];[0.0016];10302.78181;1;0;[0.9482];[-0.0018];10209.28153;1600),(579338.89771;[0.9516];[0.0016];10302.78181;1;0;[0.9482];[-0.0018];10209.28153;1600),(579892.68136;[0.9516];[0.0016];10302.78181;1;0;[0.9482];[-0.0018];10209.28153;1600),(580485.10623;[0.9472];[-0.0028];10298.31181;1;0;[0.9438];[-0.0062];10200.20598;1600),(586201.68304;[0.7457];[-0.2043];12509.80176;1;0;[0.7362];[-0.2138];12217.29098;1600),(592352.94747;[0.8102];[-0.1398];12290.82343;1;0;[0.7997];[-0.1503];12031.51868;1600),(598349.33162;[0.8733];[-0.0767];11826.49489;1;0;[0.866];[-0.084];11626.24884;1600)]"
5,8,8477.71256650007,0.87732,1,0,[0.6899],[-0.2601],603965.1618003845,"[(3690.12356;[0.5142];[-0.4358];9863.17539;1;0;[0.5031];[-0.4469];9599.58530;100),(4884.22728;[0.5142];[-0.4358];9863.17539;1;0;[0.5031];[-0.4469];9599.58530;100),(5727.35310;[0.5142];[-0.4358];9863.17539;1;0;[0.5031];[-0.4469];9599.58530;100),(6441.88976;[0.5142];[-0.4358];9863.17539;1;0;[0.5031];[-0.4469];9599.58530;100),(7109.59601;[0.5142];[-0.4358];9863.17539;1;0;[0.5031];[-0.4469];9599.58530;100),(7778.57518;[0.5142];[-0.4358];9863.17539;1;0;[0.5031];[-0.4469];9599.58530;100),(8175.58169;[0.6604];[-0.2896];9122.26102;1;0;[0.6535];[-0.2965];8989.06252;100),(10180.92537;[0.5142];[-0.4358];9863.17539;1;0;[0.5031];[-0.4469];9599.58530;200),(11467.77344;[0.5142];[-0.4358];9863.17539;1;0;[0.5031];[-0.4469];9599.58530;200),(12567.18779;[0.5142];[-0.4358];9863.17539;1;0;[0.5031];[-0.4469];9599.58530;200),(13956.46453;[0.5142];[-0.4358];9863.17539;1;0;[0.5031];[-0.4469];9599.58530;200),(15388.37814;[0.5142];[-0.4358];9863.17539;1;0;[0.5031];[-0.4469];9599.58530;200),(16748.04735;[0.5142];[-0.4358];9863.17539;1;0;[0.5031];[-0.4469];9599.58530;200),(17285.00938;[0.6732];[-0.2768];9039.46494;1;0;[0.6656];[-0.2844];8920.55147;200),(21633.81982;[0.5182];[-0.4318];9893.76092;1;0;[0.5075];[-0.4425];9643.10464;400),(23894.66476;[0.5182];[-0.4318];9893.76092;1;0;[0.5075];[-0.4425];9643.10464;400),(26150.66624;[0.5182];[-0.4318];9893.76092;1;0;[0.5075];[-0.4425];9643.10464;400),(28827.30532;[0.5182];[-0.4318];9893.76092;1;0;[0.5075];[-0.4425];9643.10464;400),(31218.27745;[0.5182];[-0.4318];9893.76092;1;0;[0.5075];[-0.4425];9643.10464;400),(33428.01833;[0.5182];[-0.4318];9893.76092;1;0;[0.5075];[-0.4425];9643.10464;400),(35867.86270;[0.5182];[-0.4318];9893.76092;1;0;[0.5075];[-0.4425];9643.10464;400),(36731.14538;[0.6819];[-0.2681];8725.09472;1;0;[0.6736];[-0.2764];8627.98226;400),(37225.72899;[0.6785];[-0.2715];8294.61461;1;0;[0.6708];[-0.2792];8223.07042;400),(37845.71481;[0.6279];[-0.3221];7716.87437;1;0;[0.6206];[-0.3294];7664.62960;400),(38174.64328;[0.5011];[-0.4489];7097.36243;1;0;[0.4963];[-0.4537];7058.56843;400),(38670.62068;[0.3418];[-0.6082];6595.65667;1;0;[0.3347];[-0.6153];6565.41915;400),(39087.29076;[0.3401];[-0.6099];6587.86311;1;0;[0.3339];[-0.6161];6557.58771;400),(39604.42376;[0.3376];[-0.6124];6580.32347;1;0;[0.3319];[-0.6181];6549.92252;400),(40123.51322;[0.3348];[-0.6152];6570.95972;1;0;[0.3292];[-0.6208];6540.49878;400),(42205.79314;[0.5419];[-0.4081];9872.85117;1;0;[0.5302];[-0.4198];9633.53360;400),(44772.07828;[0.6136];[-0.3364];9440.70588;1;0;[0.6076];[-0.3424];9259.96506;400),(46926.98383;[0.674];[-0.276];9042.63900;1;0;[0.6658];[-0.2842];8923.82127;400),(48964.27035;[0.6931];[-0.2569];8577.31955;1;0;[0.6843];[-0.2657];8496.02945;400),(50858.78038;[0.6787];[-0.2713];8157.63068;1;0;[0.669];[-0.281];8094.22650;400),(52948.56048;[0.5932];[-0.3568];7513.98148;1;0;[0.5852];[-0.3648];7465.95175;400),(57090.61384;[0.4966];[-0.4534];7078.09800;1;0;[0.4914];[-0.4586];7038.85993;400),(57606.04239;[0.3391];[-0.6109];6587.25956;1;0;[0.3333];[-0.6167];6557.14945;400),(58181.93078;[0.3376];[-0.6124];6580.32347;1;0;[0.3319];[-0.6181];6549.92252;400),(58685.77385;[0.3376];[-0.6124];6580.32347;1;0;[0.3319];[-0.6181];6549.92252;400),(60672.13249;[0.5422];[-0.4078];9859.59422;1;0;[0.5308];[-0.4192];9618.68870;400),(67548.88701;[0.5175];[-0.4325];9889.51298;1;0;[0.5062];[-0.4438];9636.14048;800),(72456.76923;[0.5175];[-0.4325];9889.51298;1;0;[0.5062];[-0.4438];9636.14048;800),(76433.15506;[0.5175];[-0.4325];9889.51298;1;0;[0.5062];[-0.4438];9636.14048;800),(80228.23215;[0.5175];[-0.4325];9889.51298;1;0;[0.5062];[-0.4438];9636.14048;800),(83420.01843;[0.5175];[-0.4325];9889.51298;1;0;[0.5062];[-0.4438];9636.14048;800),(86817.69919;[0.5175];[-0.4325];9889.51298;1;0;[0.5062];[-0.4438];9636.14048;800),(90320.13774;[0.5175];[-0.4325];9889.51298;1;0;[0.5062];[-0.4438];9636.14048;800),(94215.57641;[0.5175];[-0.4325];9889.51298;1;0;[0.5062];[-0.4438];9636.14048;800),(94854.51961;[0.6715];[-0.2785];8713.66938;1;0;[0.6639];[-0.2861];8610.21747;800),(95499.91584;[0.6882];[-0.2618];8289.58365;1;0;[0.6807];[-0.2693];8223.35813;800),(96171.31615;[0.619];[-0.331];7728.03782;1;0;[0.6119];[-0.3381];7670.75465;800),(96861.16838;[0.5056];[-0.4444];7120.58909;1;0;[0.5012];[-0.4488];7082.08125;800),(97336.84659;[0.4363];[-0.5137];6877.04376;1;0;[0.4317];[-0.5183];6842.99104;800),(97705.25217;[0.4299];[-0.5201];6855.21656;1;0;[0.4255];[-0.5245];6820.93150;800),(98076.37334;[0.347];[-0.603];6616.08753;1;0;[0.3395];[-0.6105];6586.23283;800),(98648.18931;[0.3418];[-0.6082];6595.65667;1;0;[0.3347];[-0.6153];6565.41915;800),(99034.56640;[0.3407];[-0.6093];6594.12829;1;0;[0.3342];[-0.6158];6564.14933;800),(99368.72005;[0.3391];[-0.6109];6587.25956;1;0;[0.3333];[-0.6167];6557.14945;800),(103036.73458;[0.5371];[-0.4129];9881.54758;1;0;[0.5236];[-0.4264];9634.57978;800),(106613.23261;[0.6119];[-0.3381];9446.17918;1;0;[0.6072];[-0.3428];9262.49709;800),(110148.89002;[0.678];[-0.272];9022.41352;1;0;[0.6692];[-0.2808];8906.37374;800),(114184.09824;[0.6985];[-0.2515];8554.21996;1;0;[0.6899];[-0.2601];8477.71257;800),(117919.07072;[0.681];[-0.269];8168.62325;1;0;[0.6719];[-0.2781];8105.44911;800),(121983.94513;[0.6252];[-0.3248];7704.79427;1;0;[0.6186];[-0.3314];7652.33152;800),(125492.79141;[0.5053];[-0.4447];7117.72938;1;0;[0.501];[-0.449];7079.38204;800),(131671.22746;[0.435];[-0.515];6873.11695;1;0;[0.4304];[-0.5196];6838.99369;800),(132083.61268;[0.4296];[-0.5204];6855.02880;1;0;[0.4253];[-0.5247];6820.81276;800),(132503.69740;[0.3466];[-0.6034];6615.74839;1;0;[0.3392];[-0.6108];6585.96412;800),(133086.37404;[0.3412];[-0.6088];6594.75163;1;0;[0.3345];[-0.6155];6564.69957;800),(133495.35537;[0.3391];[-0.6109];6587.25956;1;0;[0.3333];[-0.6167];6557.14945;800),(133921.67401;[0.3391];[-0.6109];6587.25956;1;0;[0.3333];[-0.6167];6557.14945;800),(134395.56837;[0.3391];[-0.6109];6587.25956;1;0;[0.3333];[-0.6167];6557.14945;800),(134718.26458;[0.3391];[-0.6109];6587.25956;1;0;[0.3333];[-0.6167];6557.14945;800),(137930.37438;[0.5371];[-0.4129];9881.54758;1;0;[0.5236];[-0.4264];9634.57978;800),(140881.45518;[0.6121];[-0.3379];9445.73271;1;0;[0.6076];[-0.3424];9262.31866;800),(145157.61447;[0.6805];[-0.2695];9002.02280;1;0;[0.6711];[-0.2789];8888.46317;800),(148781.52418;[0.6985];[-0.2515];8554.21996;1;0;[0.6899];[-0.2601];8477.71257;800),(151947.56055;[0.681];[-0.269];8168.62325;1;0;[0.6719];[-0.2781];8105.44911;800),(155499.20726;[0.6261];[-0.3239];7708.52071;1;0;[0.6192];[-0.3308];7656.12942;800),(159166.07618;[0.5053];[-0.4447];7117.72938;1;0;[0.501];[-0.449];7079.38204;800),(162275.32744;[0.3391];[-0.6109];6587.25956;1;0;[0.3333];[-0.6167];6557.14945;800),(166441.21814;[0.5371];[-0.4129];9881.54758;1;0;[0.5236];[-0.4264];9634.57978;800),(169484.04884;[0.6121];[-0.3379];9445.73271;1;0;[0.6076];[-0.3424];9262.31866;800),(172588.67025;[0.6805];[-0.2695];9002.02280;1;0;[0.6711];[-0.2789];8888.46317;800),(176064.67247;[0.6985];[-0.2515];8554.21996;1;0;[0.6899];[-0.2601];8477.71257;800),(179228.38283;[0.681];[-0.269];8168.62325;1;0;[0.6719];[-0.2781];8105.44911;800),(182488.15894;[0.6261];[-0.3239];7708.52071;1;0;[0.6192];[-0.3308];7656.12942;800),(185801.49341;[0.5053];[-0.4447];7117.72938;1;0;[0.501];[-0.449];7079.38204;800),(190942.75141;[0.4363];[-0.5137];6877.04376;1;0;[0.4317];[-0.5183];6842.99104;800),(191316.61510;[0.4299];[-0.5201];6855.21656;1;0;[0.4255];[-0.5245];6820.93150;800),(191743.13903;[0.3466];[-0.6034];6615.74839;1;0;[0.3392];[-0.6108];6585.96412;800),(192151.80945;[0.3412];[-0.6088];6594.75163;1;0;[0.3345];[-0.6155];6564.69957;800),(192498.58809;[0.3391];[-0.6109];6587.25956;1;0;[0.3333];[-0.6167];6557.14945;800),(192917.82737;[0.3391];[-0.6109];6587.25956;1;0;[0.3333];[-0.6167];6557.14945;800),(195561.95164;[0.5354];[-0.4146];9871.24971;1;0;[0.5224];[-0.4276];9618.86093;800),(206416.42070;[0.5193];[-0.4307];9894.72007;1;0;[0.5086];[-0.4414];9646.86037;1600),(212681.87475;[0.5193];[-0.4307];9894.72007;1;0;[0.5086];[-0.4414];9646.86037;1600),(218774.63984;[0.5193];[-0.4307];9894.72007;1;0;[0.5086];[-0.4414];9646.86037;1600),(224725.32034;[0.5193];[-0.4307];9894.72007;1;0;[0.5086];[-0.4414];9646.86037;1600),(230647.38774;[0.5193];[-0.4307];9894.72007;1;0;[0.5086];[-0.4414];9646.86037;1600),(236791.73970;[0.5193];[-0.4307];9894.72007;1;0;[0.5086];[-0.4414];9646.86037;1600),(242690.17076;[0.5193];[-0.4307];9894.72007;1;0;[0.5086];[-0.4414];9646.86037;1600),(248929.07238;[0.5193];[-0.4307];9894.72007;1;0;[0.5086];[-0.4414];9646.86037;1600),(254744.44938;[0.5193];[-0.4307];9894.72007;1;0;[0.5086];[-0.4414];9646.86037;1600),(255314.49270;[0.6704];[-0.2796];8702.76139;1;0;[0.6629];[-0.2871];8599.40929;1600),(255714.86783;[0.6863];[-0.2637];8282.54390;1;0;[0.6792];[-0.2708];8216.01949;1600),(256243.64662;[0.6279];[-0.3221];7716.87437;1;0;[0.6206];[-0.3294];7664.62960;1600),(256737.45179;[0.5];[-0.45];7092.05299;1;0;[0.4952];[-0.4548];7053.16453;1600),(257255.03135;[0.434];[-0.516];6868.08960;1;0;[0.4289];[-0.5211];6833.78475;1600),(257726.12071;[0.3466];[-0.6034];6615.74839;1;0;[0.3392];[-0.6108];6585.96412;1600),(258418.55669;[0.3407];[-0.6093];6594.12829;1;0;[0.3342];[-0.6158];6564.14933;1600),(259064.81194;[0.3407];[-0.6093];6594.12829;1;0;[0.3342];[-0.6158];6564.14933;1600),(259561.47027;[0.3391];[-0.6109];6587.25956;1;0;[0.3333];[-0.6167];6557.14945;1600),(259987.78057;[0.3391];[-0.6109];6587.25956;1;0;[0.3333];[-0.6167];6557.14945;1600),(266119.79270;[0.5337];[-0.4163];9881.11850;1;0;[0.5198];[-0.4302];9630.65400;1600),(290761.06262;[0.521];[-0.429];9899.70235;1;0;[0.5101];[-0.4399];9654.43153;3200),(304241.41169;[0.521];[-0.429];9899.70235;1;0;[0.5101];[-0.4399];9654.43153;3200),(318145.50328;[0.521];[-0.429];9899.70235;1;0;[0.5101];[-0.4399];9654.43153;3200),(330895.37883;[0.521];[-0.429];9899.70235;1;0;[0.5101];[-0.4399];9654.43153;3200),(343850.41380;[0.521];[-0.429];9899.70235;1;0;[0.5101];[-0.4399];9654.43153;3200),(355935.47535;[0.521];[-0.429];9899.70235;1;0;[0.5101];[-0.4399];9654.43153;3200),(368046.10920;[0.521];[-0.429];9899.70235;1;0;[0.5101];[-0.4399];9654.43153;3200),(381160.03346;[0.521];[-0.429];9899.70235;1;0;[0.5101];[-0.4399];9654.43153;3200),(394040.89952;[0.521];[-0.429];9899.70235;1;0;[0.5101];[-0.4399];9654.43153;3200),(406464.39075;[0.521];[-0.429];9899.70235;1;0;[0.5101];[-0.4399];9654.43153;3200),(406885.28275;[0.6761];[-0.2739];8685.00480;1;0;[0.6672];[-0.2828];8585.33105;3200),(407596.81678;[0.6775];[-0.2725];8201.93835;1;0;[0.6678];[-0.2822];8134.35785;3200),(408141.97898;[0.6266];[-0.3234];7710.99199;1;0;[0.6197];[-0.3303];7658.67018;3200),(408930.11117;[0.4385];[-0.5115];6885.23288;1;0;[0.4334];[-0.5166];6851.22743;3200),(409508.37374;[0.3507];[-0.5993];6627.28727;1;0;[0.3437];[-0.6063];6597.41411;3200),(409959.75924;[0.3466];[-0.6034];6615.74839;1;0;[0.3392];[-0.6108];6585.96412;3200),(410380.34081;[0.3407];[-0.6093];6594.12829;1;0;[0.3342];[-0.6158];6564.14933;3200),(410840.94930;[0.3407];[-0.6093];6594.12829;1;0;[0.3342];[-0.6158];6564.14933;3200),(411334.23090;[0.3391];[-0.6109];6587.25956;1;0;[0.3333];[-0.6167];6557.14945;3200),(411821.31052;[0.3391];[-0.6109];6587.25956;1;0;[0.3333];[-0.6167];6557.14945;3200),(423993.91675;[0.5376];[-0.4124];9885.58480;1;0;[0.525];[-0.425];9644.47189;3200),(436696.39850;[0.6089];[-0.3411];9458.25294;1;0;[0.6039];[-0.3461];9272.66835;3200),(449438.03477;[0.6775];[-0.2725];9020.10142;1;0;[0.6691];[-0.2809];8903.96702;3200),(462493.37602;[0.6945];[-0.2555];8583.35114;1;0;[0.6855];[-0.2645];8502.21116;3200),(475195.59598;[0.6718];[-0.2782];8174.64786;1;0;[0.6631];[-0.2869];8106.67409;3200),(488074.66173;[0.6285];[-0.3215];7721.30245;1;0;[0.621];[-0.329];7669.02624;3200),(501467.08965;[0.5588];[-0.3912];7336.68588;1;0;[0.5515];[-0.3985];7293.75397;3200),(514241.18161;[0.5016];[-0.4484];7101.67768;1;0;[0.4973];[-0.4527];7063.13654;3200),(527459.70464;[0.4299];[-0.5201];6855.21656;1;0;[0.4255];[-0.5245];6820.93150;3200),(540513.51047;[0.3391];[-0.6109];6587.25956;1;0;[0.3333];[-0.6167];6557.14945;3200),(552857.86200;[0.5376];[-0.4124];9885.58480;1;0;[0.525];[-0.425];9644.47189;3200),(565401.69263;[0.6089];[-0.3411];9458.25294;1;0;[0.6039];[-0.3461];9272.66835;3200),(578304.02803;[0.6775];[-0.2725];9020.10142;1;0;[0.6691];[-0.2809];8903.96702;3200),(591474.70737;[0.6945];[-0.2555];8583.35114;1;0;[0.6855];[-0.2645];8502.21116;3200)]"
4,2,8257.22856320139,0.75986,1,0,[0.8834],[-0.0666],600001.6708374023,"[(3512.66885;[0.6142];[-0.3358];10904.06295;1;0;[0.6105];[-0.3395];10743.68269;100),(4677.67167;[0.6142];[-0.3358];10904.06295;1;0;[0.6105];[-0.3395];10743.68269;100),(7135.78582;[0.6361];[-0.3139];10997.46713;1;0;[0.6297];[-0.3203];10850.00433;200),(8131.39558;[0.6361];[-0.3139];10997.46713;1;0;[0.6297];[-0.3203];10850.00433;200),(9170.97616;[0.6361];[-0.3139];10997.46713;1;0;[0.6297];[-0.3203];10850.00433;200),(10235.06331;[0.6361];[-0.3139];10997.46713;1;0;[0.6297];[-0.3203];10850.00433;200),(11280.10392;[0.6361];[-0.3139];10997.46713;1;0;[0.6297];[-0.3203];10850.00433;200),(12464.11896;[0.6361];[-0.3139];10997.46713;1;0;[0.6297];[-0.3203];10850.00433;200),(13005.77950;[0.7741];[-0.1759];10365.17475;1;0;[0.7658];[-0.1842];10249.31404;200),(13476.83787;[0.8838];[-0.0662];8463.51318;1;0;[0.8823];[-0.0677];8426.47319;200),(13849.78938;[0.8765];[-0.0735];8256.44296;1;0;[0.8744];[-0.0756];8221.55558;200),(14401.62635;[0.8688];[-0.0812];8048.49035;1;0;[0.8659];[-0.0841];8016.59367;200),(14885.34188;[0.8677];[-0.0823];8025.89947;1;0;[0.8634];[-0.0866];7993.59693;200),(15282.65238;[0.8651];[-0.0849];8019.34710;1;0;[0.8622];[-0.0878];7986.98991;200),(15774.87135;[0.8651];[-0.0849];8019.34710;1;0;[0.8622];[-0.0878];7986.98991;200),(17409.37924;[0.6371];[-0.3129];10989.00773;1;0;[0.6317];[-0.3183];10840.17263;200),(21094.85722;[0.6168];[-0.3332];10948.91762;1;0;[0.6131];[-0.3369];10791.29350;400),(22953.95160;[0.6168];[-0.3332];10948.91762;1;0;[0.6131];[-0.3369];10791.29350;400),(25229.54988;[0.6168];[-0.3332];10948.91762;1;0;[0.6131];[-0.3369];10791.29350;400),(27371.51980;[0.6168];[-0.3332];10948.91762;1;0;[0.6131];[-0.3369];10791.29350;400),(30012.39681;[0.6168];[-0.3332];10948.91762;1;0;[0.6131];[-0.3369];10791.29350;400),(32081.27260;[0.6168];[-0.3332];10948.91762;1;0;[0.6131];[-0.3369];10791.29350;400),(34583.56714;[0.6168];[-0.3332];10948.91762;1;0;[0.6131];[-0.3369];10791.29350;400),(35770.02573;[0.7887];[-0.1613];10265.92290;1;0;[0.7784];[-0.1716];10155.90221;400),(36392.16542;[0.833];[-0.117];9500.92620;1;0;[0.8299];[-0.1201];9431.86585;400),(36952.87180;[0.8688];[-0.0812];9152.85208;1;0;[0.8679];[-0.0821];9105.19015;400),(37429.86298;[0.8816];[-0.0684];8774.65808;1;0;[0.8811];[-0.0689];8734.06123;400),(38067.02089;[0.8819];[-0.0681];8285.43641;1;0;[0.8803];[-0.0697];8250.59338;400),(38461.70688;[0.8624];[-0.0876];7844.74396;1;0;[0.8609];[-0.0891];7815.80127;400),(38998.19207;[0.8508];[-0.0992];7624.93960;1;0;[0.8488];[-0.1012];7598.58668;400),(39472.61667;[0.8502];[-0.0998];7619.89607;1;0;[0.8481];[-0.1019];7593.56191;400),(40049.15643;[0.8476];[-0.1024];7603.49794;1;0;[0.8461];[-0.1039];7577.24517;400),(40519.76943;[0.8446];[-0.1054];7597.51561;1;0;[0.8425];[-0.1075];7571.13289;400),(40972.52083;[0.8446];[-0.1054];7597.51561;1;0;[0.8425];[-0.1075];7571.13289;400),(43170.74919;[0.6168];[-0.3332];10948.91762;1;0;[0.6131];[-0.3369];10791.29350;400),(45476.89605;[0.7431];[-0.2069];10557.95210;1;0;[0.7354];[-0.2146];10424.09403;400),(47820.20879;[0.8262];[-0.1238];10035.39421;1;0;[0.8229];[-0.1271];9948.19083;400),(50408.65946;[0.8596];[-0.0904];9340.22447;1;0;[0.8582];[-0.0918];9285.45317;400),(52645.25437;[0.8755];[-0.0745];8937.81766;1;0;[0.8724];[-0.0776];8892.96798;400),(54527.37117;[0.8815];[-0.0685];8458.96588;1;0;[0.8808];[-0.0692];8421.87265;400),(58096.30585;[0.8707];[-0.0793];8052.62056;1;0;[0.8676];[-0.0824];8020.82770;400),(58623.36159;[0.8617];[-0.0883];7845.17636;1;0;[0.8605];[-0.0895];7816.17410;400),(59103.63102;[0.8494];[-0.1006];7620.08968;1;0;[0.8474];[-0.1026];7593.70397;400),(59543.13827;[0.8476];[-0.1024];7603.49794;1;0;[0.8461];[-0.1039];7577.24517;400),(60031.48699;[0.8446];[-0.1054];7597.51561;1;0;[0.8425];[-0.1075];7571.13289;400),(61909.43503;[0.6168];[-0.3332];10948.91762;1;0;[0.6131];[-0.3369];10791.29350;400),(64192.29794;[0.7443];[-0.2057];10558.90949;1;0;[0.7354];[-0.2146];10426.40161;400),(65966.19296;[0.8262];[-0.1238];10035.39421;1;0;[0.8229];[-0.1271];9948.19083;400),(68071.14697;[0.8588];[-0.0912];9339.07483;1;0;[0.8576];[-0.0924];9284.21858;400),(70261.33680;[0.8759];[-0.0741];8939.46123;1;0;[0.8731];[-0.0769];8894.67479;400),(72520.85686;[0.8825];[-0.0675];8461.68181;1;0;[0.8814];[-0.0686];8424.60525;400),(77081.36153;[0.8728];[-0.0772];8067.28250;1;0;[0.8697];[-0.0803];8035.47698;400),(77595.08204;[0.8636];[-0.0864];7849.11846;1;0;[0.8618];[-0.0882];7820.20975;400),(78052.97613;[0.8502];[-0.0998];7619.89607;1;0;[0.8481];[-0.1019];7593.56191;400),(78490.33689;[0.8476];[-0.1024];7603.49794;1;0;[0.8461];[-0.1039];7577.24517;400),(79281.45552;[0.8476];[-0.1024];7603.49794;1;0;[0.8461];[-0.1039];7577.24517;400),(79651.09563;[0.8446];[-0.1054];7597.51561;1;0;[0.8425];[-0.1075];7571.13289;400),(80008.90565;[0.8446];[-0.1054];7597.51561;1;0;[0.8425];[-0.1075];7571.13289;400),(81928.07651;[0.6168];[-0.3332];10948.91762;1;0;[0.6131];[-0.3369];10791.29350;400),(84339.68234;[0.7451];[-0.2049];10555.71169;1;0;[0.7351];[-0.2149];10425.17202;400),(86308.86292;[0.8262];[-0.1238];10035.39421;1;0;[0.8229];[-0.1271];9948.19083;400),(88246.06419;[0.8588];[-0.0912];9339.07483;1;0;[0.8576];[-0.0924];9284.21858;400),(90146.26026;[0.872];[-0.078];8992.85266;1;0;[0.8705];[-0.0795];8948.93801;400),(92865.72146;[0.8817];[-0.0683];8464.36677;1;0;[0.8811];[-0.0689];8427.13501;400),(94741.52184;[0.8446];[-0.1054];7597.51561;1;0;[0.8425];[-0.1075];7571.13289;400),(97270.97225;[0.6168];[-0.3332];10948.91762;1;0;[0.6131];[-0.3369];10791.29350;400),(99374.03750;[0.7451];[-0.2049];10555.71169;1;0;[0.7351];[-0.2149];10425.17202;400),(101422.83416;[0.8262];[-0.1238];10035.39421;1;0;[0.8229];[-0.1271];9948.19083;400),(103697.92104;[0.8588];[-0.0912];9339.07483;1;0;[0.8576];[-0.0924];9284.21858;400),(105906.57449;[0.872];[-0.078];8992.85266;1;0;[0.8705];[-0.0795];8948.93801;400),(107807.11603;[0.8817];[-0.0683];8464.36677;1;0;[0.8811];[-0.0689];8427.13501;400),(111614.43710;[0.8734];[-0.0766];8071.80888;1;0;[0.8704];[-0.0796];8039.99184;400),(112290.59339;[0.8631];[-0.0869];7849.38568;1;0;[0.8615];[-0.0885];7820.41658;400),(112690.72652;[0.8502];[-0.0998];7619.89607;1;0;[0.8481];[-0.1019];7593.56191;400),(113233.40678;[0.8446];[-0.1054];7597.51561;1;0;[0.8425];[-0.1075];7571.13289;400),(114040.73906;[0.8446];[-0.1054];7597.51561;1;0;[0.8425];[-0.1075];7571.13289;400),(116560.81820;[0.6188];[-0.3312];10949.72002;1;0;[0.6146];[-0.3354];10792.11695;400),(124067.06572;[0.6481];[-0.3019];11003.93257;1;0;[0.641];[-0.309];10860.45903;800),(127720.42513;[0.6481];[-0.3019];11003.93257;1;0;[0.641];[-0.309];10860.45903;800),(131366.65511;[0.6481];[-0.3019];11003.93257;1;0;[0.641];[-0.309];10860.45903;800),(134597.05830;[0.6481];[-0.3019];11003.93257;1;0;[0.641];[-0.309];10860.45903;800),(137839.46133;[0.6481];[-0.3019];11003.93257;1;0;[0.641];[-0.309];10860.45903;800),(140954.20861;[0.6481];[-0.3019];11003.93257;1;0;[0.641];[-0.309];10860.45903;800),(144355.85666;[0.6481];[-0.3019];11003.93257;1;0;[0.641];[-0.309];10860.45903;800),(147504.86517;[0.6481];[-0.3019];11003.93257;1;0;[0.641];[-0.309];10860.45903;800),(148111.55057;[0.8043];[-0.1457];10156.39886;1;0;[0.7984];[-0.1516];10056.78604;800),(148590.75785;[0.8554];[-0.0946];9417.17197;1;0;[0.8531];[-0.0969];9361.05272;800),(149166.20779;[0.8762];[-0.0738];8939.46470;1;0;[0.8732];[-0.0768];8894.74904;800),(149519.77515;[0.8805];[-0.0695];8450.48702;1;0;[0.88];[-0.07];8413.44958;800),(149844.50102;[0.8647];[-0.0853];7857.54784;1;0;[0.8627];[-0.0873];7828.60178;800),(150210.10995;[0.8401];[-0.1099];7404.43570;1;0;[0.8378];[-0.1122];7380.81251;800),(150678.76840;[0.8061];[-0.1439];7134.83881;1;0;[0.8006];[-0.1494];7113.51108;800),(151058.08949;[0.804];[-0.146];7122.51977;1;0;[0.7977];[-0.1523];7101.27680;800),(151365.84616;[0.8021];[-0.1479];7117.67860;1;0;[0.7954];[-0.1546];7096.38820;800),(151877.85792;[0.8004];[-0.1496];7110.87857;1;0;[0.7933];[-0.1567];7089.61448;800),(152256.37364;[0.8004];[-0.1496];7110.87857;1;0;[0.7933];[-0.1567];7089.61448;800),(155491.24885;[0.6546];[-0.2954];11004.78378;1;0;[0.6465];[-0.3035];10862.78636;800),(159183.68101;[0.7512];[-0.1988];10539.91245;1;0;[0.7412];[-0.2088];10408.99479;800),(162468.68443;[0.8323];[-0.1177];9976.20709;1;0;[0.8291];[-0.1209];9893.44887;800),(165735.03017;[0.8626];[-0.0874];9272.69848;1;0;[0.8607];[-0.0893];9221.33746;800),(169463.48286;[0.8768];[-0.0732];8796.40609;1;0;[0.875];[-0.075];8753.35677;800),(173148.87142;[0.8805];[-0.0695];8278.27383;1;0;[0.8791];[-0.0709];8243.47443;800),(176641.19244;[0.8587];[-0.0913];7645.67572;1;0;[0.8565];[-0.0935];7619.47676;800),(183346.45033;[0.835];[-0.115];7388.27223;1;0;[0.8316];[-0.1184];7364.64632;800),(183945.24431;[0.8058];[-0.1442];7124.97270;1;0;[0.7998];[-0.1502];7103.82038;800),(184424.96181;[0.8048];[-0.1452];7119.90017;1;0;[0.7985];[-0.1515];7098.79751;800),(184746.63663;[0.8004];[-0.1496];7110.87857;1;0;[0.7933];[-0.1567];7089.61448;800),(185089.51521;[0.8004];[-0.1496];7110.87857;1;0;[0.7933];[-0.1567];7089.61448;800),(185454.91314;[0.8004];[-0.1496];7110.87857;1;0;[0.7933];[-0.1567];7089.61448;800),(188233.45447;[0.6546];[-0.2954];11004.78378;1;0;[0.6465];[-0.3035];10862.78636;800),(191674.39103;[0.752];[-0.198];10541.09197;1;0;[0.7423];[-0.2077];10412.09057;800),(194667.42063;[0.8337];[-0.1163];9968.29227;1;0;[0.8302];[-0.1198];9886.63620;800),(197509.76658;[0.8628];[-0.0872];9274.53810;1;0;[0.8613];[-0.0887];9223.19496;800),(200691.55598;[0.8761];[-0.0739];8800.52688;1;0;[0.8746];[-0.0754];8757.35877;800),(203489.95900;[0.8814];[-0.0686];8279.63820;1;0;[0.8798];[-0.0702];8244.82298;800),(206876.46461;[0.8585];[-0.0915];7649.40091;1;0;[0.8564];[-0.0936];7623.30563;800),(209822.09349;[0.8004];[-0.1496];7110.87857;1;0;[0.7933];[-0.1567];7089.61448;800),(210412.48274;[0.8004];[-0.1496];7110.87857;1;0;[0.7933];[-0.1567];7089.61448;800),(213390.35845;[0.6546];[-0.2954];11004.78378;1;0;[0.6465];[-0.3035];10862.78636;800),(216656.89564;[0.752];[-0.198];10541.09197;1;0;[0.7423];[-0.2077];10412.09057;800),(219601.02749;[0.8337];[-0.1163];9968.29227;1;0;[0.8302];[-0.1198];9886.63620;800),(222588.09996;[0.8628];[-0.0872];9274.53810;1;0;[0.8613];[-0.0887];9223.19496;800),(226318.43781;[0.8761];[-0.0739];8800.52688;1;0;[0.8746];[-0.0754];8757.35877;800),(229680.65619;[0.8814];[-0.0686];8279.63820;1;0;[0.8798];[-0.0702];8244.82298;800),(232841.83836;[0.8585];[-0.0915];7649.40091;1;0;[0.8564];[-0.0936];7623.30563;800),(235583.00233;[0.8004];[-0.1496];7110.87857;1;0;[0.7933];[-0.1567];7089.61448;800),(238825.73843;[0.6569];[-0.2931];11002.39283;1;0;[0.6486];[-0.3014];10860.89755;800),(242011.67178;[0.752];[-0.198];10541.09197;1;0;[0.7423];[-0.2077];10412.09057;800),(245028.60904;[0.8337];[-0.1163];9968.29227;1;0;[0.8302];[-0.1198];9886.63620;800),(248541.51130;[0.8628];[-0.0872];9274.53810;1;0;[0.8613];[-0.0887];9223.19496;800),(252375.27776;[0.877];[-0.073];8800.43931;1;0;[0.8751];[-0.0749];8757.36077;800),(255442.60597;[0.8814];[-0.0686];8279.63820;1;0;[0.8798];[-0.0702];8244.82298;800),(258532.35579;[0.8585];[-0.0915];7649.40091;1;0;[0.8564];[-0.0936];7623.30563;800),(265331.04682;[0.8376];[-0.1124];7390.59403;1;0;[0.8351];[-0.1149];7367.11182;800),(265967.09728;[0.8062];[-0.1438];7123.61040;1;0;[0.8006];[-0.1494];7102.53100;800),(266494.99249;[0.8048];[-0.1452];7119.90017;1;0;[0.7985];[-0.1515];7098.79751;800),(266879.43769;[0.8004];[-0.1496];7110.87857;1;0;[0.7933];[-0.1567];7089.61448;800),(267693.80450;[0.8004];[-0.1496];7110.87857;1;0;[0.7933];[-0.1567];7089.61448;800),(268012.73274;[0.8004];[-0.1496];7110.87857;1;0;[0.7933];[-0.1567];7089.61448;800),(271557.27768;[0.6569];[-0.2931];11002.39283;1;0;[0.6486];[-0.3014];10860.89755;800),(274794.38615;[0.7549];[-0.1951];10530.40535;1;0;[0.7427];[-0.2073];10399.10348;800),(277992.24591;[0.8337];[-0.1163];9968.29227;1;0;[0.8302];[-0.1198];9886.63620;800),(281277.57835;[0.8628];[-0.0872];9274.53810;1;0;[0.8613];[-0.0887];9223.19496;800),(284996.51289;[0.8777];[-0.0723];8804.09351;1;0;[0.8762];[-0.0738];8761.03030;800),(287832.92127;[0.8819];[-0.0681];8285.28019;1;0;[0.8803];[-0.0697];8250.43800;800),(291182.16968;[0.8585];[-0.0915];7649.40091;1;0;[0.8564];[-0.0936];7623.30563;800),(294553.97940;[0.8004];[-0.1496];7110.87857;1;0;[0.7933];[-0.1567];7089.61448;800),(295130.05209;[0.8004];[-0.1496];7110.87857;1;0;[0.7933];[-0.1567];7089.61448;800),(298364.14576;[0.6569];[-0.2931];11002.39283;1;0;[0.6486];[-0.3014];10860.89755;800),(302506.96397;[0.7549];[-0.1951];10530.40535;1;0;[0.7427];[-0.2073];10399.10348;800),(306396.61169;[0.8337];[-0.1163];9968.29227;1;0;[0.8302];[-0.1198];9886.63620;800),(309754.21333;[0.8628];[-0.0872];9274.53810;1;0;[0.8613];[-0.0887];9223.19496;800),(314476.05276;[0.8777];[-0.0723];8804.09351;1;0;[0.8762];[-0.0738];8761.03030;800),(317770.48588;[0.8819];[-0.0681];8285.28019;1;0;[0.8803];[-0.0697];8250.43800;800),(321858.94656;[0.8585];[-0.0915];7649.40091;1;0;[0.8564];[-0.0936];7623.30563;800),(325269.58394;[0.8004];[-0.1496];7110.87857;1;0;[0.7933];[-0.1567];7089.61448;800),(329120.35513;[0.6543];[-0.2957];11001.17282;1;0;[0.6464];[-0.3036];10858.28450;800),(332701.47324;[0.7549];[-0.1951];10530.40535;1;0;[0.7427];[-0.2073];10399.10348;800),(335834.64170;[0.8337];[-0.1163];9968.29227;1;0;[0.8302];[-0.1198];9886.63620;800),(338723.25683;[0.8628];[-0.0872];9274.53810;1;0;[0.8613];[-0.0887];9223.19496;800),(341895.10918;[0.8777];[-0.0723];8804.09351;1;0;[0.8762];[-0.0738];8761.03030;800),(344897.45069;[0.8819];[-0.0681];8285.28019;1;0;[0.8803];[-0.0697];8250.43800;800),(348175.15063;[0.8585];[-0.0915];7649.40091;1;0;[0.8564];[-0.0936];7623.30563;800),(353924.10541;[0.8362];[-0.1138];7391.93635;1;0;[0.8335];[-0.1165];7368.32897;800),(354534.32560;[0.8062];[-0.1438];7123.61040;1;0;[0.8006];[-0.1494];7102.53100;800),(354885.84352;[0.8021];[-0.1479];7117.67860;1;0;[0.7954];[-0.1546];7096.38820;800),(355221.26508;[0.8004];[-0.1496];7110.87857;1;0;[0.7933];[-0.1567];7089.61448;800),(355777.66132;[0.8004];[-0.1496];7110.87857;1;0;[0.7933];[-0.1567];7089.61448;800),(358671.26060;[0.6589];[-0.2911];10998.46476;1;0;[0.6509];[-0.2991];10856.97919;800),(361638.79132;[0.7543];[-0.1957];10532.45300;1;0;[0.7438];[-0.2062];10403.95073;800),(364242.38229;[0.8328];[-0.1172];9965.14358;1;0;[0.8297];[-0.1203];9883.46072;800),(367129.16088;[0.8617];[-0.0883];9268.07664;1;0;[0.8601];[-0.0899];9216.73110;800),(369899.04284;[0.8786];[-0.0714];8807.24730;1;0;[0.8778];[-0.0722];8764.23639;800),(373053.97511;[0.8822];[-0.0678];8286.46975;1;0;[0.8801];[-0.0699];8251.57575;800),(375957.63350;[0.8599];[-0.0901];7651.97297;1;0;[0.8576];[-0.0924];7625.89422;800),(378659.15942;[0.8004];[-0.1496];7110.87857;1;0;[0.7933];[-0.1567];7089.61448;800),(382104.53224;[0.6589];[-0.2911];10998.46476;1;0;[0.6509];[-0.2991];10856.97919;800),(385265.45215;[0.7543];[-0.1957];10532.45300;1;0;[0.7438];[-0.2062];10403.95073;800),(388312.18863;[0.8328];[-0.1172];9965.14358;1;0;[0.8297];[-0.1203];9883.46072;800),(391625.71287;[0.8617];[-0.0883];9268.07664;1;0;[0.8601];[-0.0899];9216.73110;800),(394584.76591;[0.8786];[-0.0714];8807.24730;1;0;[0.8778];[-0.0722];8764.23639;800),(397530.67327;[0.8822];[-0.0678];8286.46975;1;0;[0.8801];[-0.0699];8251.57575;800),(400581.96282;[0.8599];[-0.0901];7651.97297;1;0;[0.8576];[-0.0924];7625.89422;800),(406012.73370;[0.8364];[-0.1136];7392.18666;1;0;[0.8338];[-0.1162];7368.59390;800),(406430.59731;[0.8062];[-0.1438];7123.61040;1;0;[0.8006];[-0.1494];7102.53100;800),(406791.24546;[0.8021];[-0.1479];7117.67860;1;0;[0.7954];[-0.1546];7096.38820;800),(407189.96382;[0.8004];[-0.1496];7110.87857;1;0;[0.7933];[-0.1567];7089.61448;800),(407478.84512;[0.8004];[-0.1496];7110.87857;1;0;[0.7933];[-0.1567];7089.61448;800),(407991.72807;[0.8004];[-0.1496];7110.87857;1;0;[0.7933];[-0.1567];7089.61448;800),(411258.53682;[0.6589];[-0.2911];10998.46476;1;0;[0.6509];[-0.2991];10856.97919;800),(414441.66470;[0.7543];[-0.1957];10532.45300;1;0;[0.7438];[-0.2062];10403.95073;800),(417347.03636;[0.8341];[-0.1159];9966.54816;1;0;[0.8304];[-0.1196];9884.95422;800),(420386.86156;[0.8617];[-0.0883];9268.07664;1;0;[0.8601];[-0.0899];9216.73110;800),(423245.16535;[0.8786];[-0.0714];8807.24730;1;0;[0.8778];[-0.0722];8764.23639;800),(426400.24757;[0.8836];[-0.0664];8286.97536;1;0;[0.8823];[-0.0677];8252.18461;800),(429855.10087;[0.8599];[-0.0901];7651.97297;1;0;[0.8576];[-0.0924];7625.89422;800),(432734.76768;[0.8004];[-0.1496];7110.87857;1;0;[0.7933];[-0.1567];7089.61448;800),(436371.14310;[0.6605];[-0.2895];10996.00342;1;0;[0.6537];[-0.2963];10854.45800;800),(439865.25965;[0.7547];[-0.1953];10531.85131;1;0;[0.7443];[-0.2057];10403.55579;800),(442607.93114;[0.8341];[-0.1159];9966.54816;1;0;[0.8304];[-0.1196];9884.95422;800),(445759.67956;[0.8617];[-0.0883];9268.07664;1;0;[0.8601];[-0.0899];9216.73110;800),(449222.98145;[0.8786];[-0.0714];8807.24730;1;0;[0.8778];[-0.0722];8764.23639;800),(452668.58220;[0.8836];[-0.0664];8286.97536;1;0;[0.8823];[-0.0677];8252.18461;800),(455650.48003;[0.8599];[-0.0901];7651.97297;1;0;[0.8576];[-0.0924];7625.89422;800),(461189.56423;[0.8364];[-0.1136];7392.18666;1;0;[0.8338];[-0.1162];7368.59390;800),(461654.04391;[0.8062];[-0.1438];7123.61040;1;0;[0.8006];[-0.1494];7102.53100;800),(461966.27951;[0.8021];[-0.1479];7117.67860;1;0;[0.7954];[-0.1546];7096.38820;800),(462349.26391;[0.8004];[-0.1496];7110.87857;1;0;[0.7933];[-0.1567];7089.61448;800),(462789.77895;[0.8004];[-0.1496];7110.87857;1;0;[0.7933];[-0.1567];7089.61448;800),(465830.88684;[0.6605];[-0.2895];10996.00342;1;0;[0.6537];[-0.2963];10854.45800;800),(469488.02900;[0.7547];[-0.1953];10531.85131;1;0;[0.7443];[-0.2057];10403.55579;800),(472241.66965;[0.8341];[-0.1159];9966.54816;1;0;[0.8304];[-0.1196];9884.95422;800),(475424.48235;[0.8626];[-0.0874];9268.98117;1;0;[0.8609];[-0.0891];9217.70304;800),(478460.89458;[0.877];[-0.073];8876.22820;1;0;[0.8749];[-0.0751];8834.21433;800),(481369.63463;[0.8823];[-0.0677];8288.76473;1;0;[0.8807];[-0.0693];8253.99677;800),(484101.59349;[0.8636];[-0.0864];7849.11846;1;0;[0.8618];[-0.0882];7820.20975;800),(489776.04604;[0.8383];[-0.1117];7394.49215;1;0;[0.836];[-0.114];7370.97262;800),(490147.63975;[0.8062];[-0.1438];7123.61040;1;0;[0.8006];[-0.1494];7102.53100;800),(490710.78134;[0.8021];[-0.1479];7117.67860;1;0;[0.7954];[-0.1546];7096.38820;800),(491058.08759;[0.8004];[-0.1496];7110.87857;1;0;[0.7933];[-0.1567];7089.61448;800),(494428.84302;[0.6581];[-0.2919];10992.08332;1;0;[0.6501];[-0.2999];10849.68997;800),(497515.93947;[0.7583];[-0.1917];10519.37947;1;0;[0.7468];[-0.2032];10388.98224;800),(500593.36114;[0.8316];[-0.1184];9953.31012;1;0;[0.8284];[-0.1216];9871.52459;800),(503492.32912;[0.8626];[-0.0874];9272.69848;1;0;[0.8607];[-0.0893];9221.33746;800),(506273.12255;[0.8782];[-0.0718];8894.28943;1;0;[0.8779];[-0.0721];8852.24106;800),(509115.24463;[0.8847];[-0.0653];8291.92254;1;0;[0.8834];[-0.0666];8257.22856;800),(512099.93696;[0.8661];[-0.0839];7862.37116;1;0;[0.8638];[-0.0862];7833.46252;800),(517697.26777;[0.8376];[-0.1124];7394.92455;1;0;[0.8353];[-0.1147];7371.34545;800),(518107.17463;[0.8062];[-0.1438];7123.61040;1;0;[0.8006];[-0.1494];7102.53100;800),(518433.06255;[0.8021];[-0.1479];7117.67860;1;0;[0.7954];[-0.1546];7096.38820;800),(518824.21517;[0.8004];[-0.1496];7110.87857;1;0;[0.7933];[-0.1567];7089.61448;800),(522024.74427;[0.6628];[-0.2872];10989.04136;1;0;[0.656];[-0.294];10847.58795;800),(525010.41269;[0.7583];[-0.1917];10519.37947;1;0;[0.7468];[-0.2032];10388.98224;800),(528326.24269;[0.8325];[-0.1175];9958.72815;1;0;[0.8295];[-0.1205];9877.11053;800),(531030.32494;[0.8628];[-0.0872];9274.53810;1;0;[0.8613];[-0.0887];9223.19496;800),(534113.32273;[0.878];[-0.072];8900.80333;1;0;[0.8774];[-0.0726];8858.59166;800),(537008.00991;[0.8847];[-0.0653];8291.92254;1;0;[0.8834];[-0.0666];8257.22856;800),(539837.87560;[0.867];[-0.083];7865.96441;1;0;[0.8651];[-0.0849];7837.07655;800),(545600.50726;[0.8378];[-0.1122];7395.17486;1;0;[0.8354];[-0.1146];7371.61038;800),(545928.13015;[0.8325];[-0.1175];7372.18570;1;0;[0.8283];[-0.1217];7348.72395;800),(546229.29120;[0.8021];[-0.1479];7117.67860;1;0;[0.7954];[-0.1546];7096.38820;800),(546634.90152;[0.8004];[-0.1496];7110.87857;1;0;[0.7933];[-0.1567];7089.61448;800),(549766.27731;[0.6628];[-0.2872];10989.04136;1;0;[0.656];[-0.294];10847.58795;800),(552790.56740;[0.7583];[-0.1917];10522.16847;1;0;[0.747];[-0.203];10394.90133;800),(555834.82456;[0.8327];[-0.1173];9961.51239;1;0;[0.8295];[-0.1205];9880.39138;800),(558722.31865;[0.8628];[-0.0872];9274.53810;1;0;[0.8613];[-0.0887];9223.19496;800),(561953.03011;[0.8798];[-0.0702];8905.29613;1;0;[0.8799];[-0.0701];8863.24528;800),(565356.10819;[0.8844];[-0.0656];8292.96957;1;0;[0.8827];[-0.0673];8258.38133;800),(568734.11512;[0.8683];[-0.0817];7868.57681;1;0;[0.8659];[-0.0841];7839.71799;800),(574274.58477;[0.8502];[-0.0998];7606.31052;1;0;[0.8483];[-0.1017];7580.26805;800),(574634.34887;[0.8313];[-0.1187];7373.52535;1;0;[0.8262];[-0.1238];7349.90354;800),(575048.90656;[0.8021];[-0.1479];7117.67860;1;0;[0.7954];[-0.1546];7096.38820;800),(575395.58625;[0.8004];[-0.1496];7110.87857;1;0;[0.7933];[-0.1567];7089.61448;800),(575915.69424;[0.8004];[-0.1496];7110.87857;1;0;[0.7933];[-0.1567];7089.61448;800),(580078.84049;[0.6686];[-0.2814];10983.74069;1;0;[0.6612];[-0.2888];10844.10326;800),(583231.50396;[0.7583];[-0.1917];10522.16847;1;0;[0.747];[-0.203];10394.90133;800),(586038.22327;[0.8328];[-0.1172];9965.14358;1;0;[0.8297];[-0.1203];9883.46072;800),(588728.59812;[0.8638];[-0.0862];9285.67654;1;0;[0.8627];[-0.0873];9238.36284;800),(591561.39803;[0.8799];[-0.0701];8906.64127;1;0;[0.8797];[-0.0703];8864.54222;800),(594184.03006;[0.8801];[-0.0699];8446.10994;1;0;[0.8792];[-0.0708];8409.08323;800),(596983.49690;[0.8677];[-0.0823];7869.98921;1;0;[0.8655];[-0.0845];7841.06378;800),(599610.20374;[0.8004];[-0.1496];7110.87857;1;0;[0.7933];[-0.1567];7089.61448;800)]"
5,2,8399.208594898822,0.8692,1,0,[0.6861],[-0.2639],600083.5964679718,"[(3568.95876;[0.5123];[-0.4377];9779.74916;1;0;[0.5075];[-0.4425];9643.10464;100),(4949.68915;[0.5123];[-0.4377];9779.74916;1;0;[0.5075];[-0.4425];9643.10464;100),(6807.22594;[0.5127];[-0.4373];9777.17122;1;0;[0.5078];[-0.4422];9639.08144;200),(10118.55841;[0.5088];[-0.4412];9745.32063;1;0;[0.503];[-0.447];9600.89896;400),(12034.36542;[0.5088];[-0.4412];9745.32063;1;0;[0.503];[-0.447];9600.89896;400),(13894.41848;[0.5088];[-0.4412];9745.32063;1;0;[0.503];[-0.447];9600.89896;400),(16313.75265;[0.5088];[-0.4412];9745.32063;1;0;[0.503];[-0.447];9600.89896;400),(18466.78495;[0.5088];[-0.4412];9745.32063;1;0;[0.503];[-0.447];9600.89896;400),(20561.61332;[0.5088];[-0.4412];9745.32063;1;0;[0.503];[-0.447];9600.89896;400),(22811.94043;[0.5088];[-0.4412];9745.32063;1;0;[0.503];[-0.447];9600.89896;400),(23534.22952;[0.6683];[-0.2817];8693.59487;1;0;[0.6608];[-0.2892];8629.57103;400),(24598.49644;[0.6833];[-0.2667];8290.32934;1;0;[0.6744];[-0.2756];8244.76372;400),(25355.02219;[0.6148];[-0.3352];7698.61132;1;0;[0.6097];[-0.3403];7660.13261;400),(25872.55716;[0.4922];[-0.4578];7065.92538;1;0;[0.4913];[-0.4587];7038.56250;400),(26589.91933;[0.4275];[-0.5225];6850.39198;1;0;[0.4268];[-0.5232];6825.77898;400),(27200.49286;[0.3393];[-0.6107];6586.42192;1;0;[0.3342];[-0.6158];6564.14933;400),(27811.22398;[0.3372];[-0.6128];6579.51015;1;0;[0.3333];[-0.6167];6557.14945;400),(28496.67001;[0.3372];[-0.6128];6579.51015;1;0;[0.3333];[-0.6167];6557.14945;400),(28845.68191;[0.3372];[-0.6128];6579.51015;1;0;[0.3333];[-0.6167];6557.14945;400),(31346.41457;[0.5206];[-0.4294];9750.37294;1;0;[0.5148];[-0.4352];9603.39485;400),(40692.57426;[0.5196];[-0.4304];9794.26595;1;0;[0.5153];[-0.4347];9663.14663;800),(43943.24422;[0.5196];[-0.4304];9794.26595;1;0;[0.5153];[-0.4347];9663.14663;800),(47102.26989;[0.5196];[-0.4304];9794.26595;1;0;[0.5153];[-0.4347];9663.14663;800),(50223.39606;[0.5196];[-0.4304];9794.26595;1;0;[0.5153];[-0.4347];9663.14663;800),(53630.68390;[0.5196];[-0.4304];9794.26595;1;0;[0.5153];[-0.4347];9663.14663;800),(56732.18203;[0.5196];[-0.4304];9794.26595;1;0;[0.5153];[-0.4347];9663.14663;800),(60509.04799;[0.5196];[-0.4304];9794.26595;1;0;[0.5153];[-0.4347];9663.14663;800),(63572.01409;[0.5196];[-0.4304];9794.26595;1;0;[0.5153];[-0.4347];9663.14663;800),(63997.41673;[0.669];[-0.281];8589.30500;1;0;[0.6609];[-0.2891];8528.18487;800),(64780.55835;[0.6783];[-0.2717];8139.63719;1;0;[0.6712];[-0.2788];8098.30644;800),(65263.15689;[0.5962];[-0.3538];7517.46330;1;0;[0.5907];[-0.3593];7484.88451;800),(65657.69863;[0.4264];[-0.5236];6845.43481;1;0;[0.4253];[-0.5247];6820.81276;800),(65957.00788;[0.2398];[-0.7102];6332.65737;1;0;[0.2275];[-0.7225];6313.30465;800),(66587.28147;[0.2398];[-0.7102];6332.65737;1;0;[0.2275];[-0.7225];6313.30465;800),(66974.71428;[0.2402];[-0.7098];6327.94800;1;0;[0.2282];[-0.7218];6308.40096;800),(67445.91618;[0.1264];[-0.8236];6039.02336;1;0;[0.1191];[-0.8309];6022.34881;800),(70889.13846;[0.5375];[-0.4125];9784.38685;1;0;[0.5304];[-0.4196];9651.00006;800),(74383.18419;[0.6095];[-0.3405];9388.98872;1;0;[0.6041];[-0.3459];9271.24742;800),(77610.03304;[0.6862];[-0.2638];8919.69495;1;0;[0.6784];[-0.2716];8843.87886;800),(80903.97859;[0.6946];[-0.2554];8445.44358;1;0;[0.6861];[-0.2639];8399.20859;800),(85335.82973;[0.6448];[-0.3052];7886.06777;1;0;[0.6376];[-0.3124];7845.76025;800),(88495.77117;[0.5554];[-0.3946];7323.52729;1;0;[0.5515];[-0.3985];7293.75397;800),(91658.17881;[0.4291];[-0.5209];6858.46183;1;0;[0.4289];[-0.5211];6833.78475;800),(94962.77165;[0.1264];[-0.8236];6039.02336;1;0;[0.1191];[-0.8309];6022.34881;800),(95951.93195;[0.1264];[-0.8236];6039.02336;1;0;[0.1191];[-0.8309];6022.34881;800),(99043.86115;[0.5375];[-0.4125];9784.38685;1;0;[0.5304];[-0.4196];9651.00006;800),(102820.02068;[0.6095];[-0.3405];9388.98872;1;0;[0.6041];[-0.3459];9271.24742;800),(106429.81219;[0.6862];[-0.2638];8919.69495;1;0;[0.6784];[-0.2716];8843.87886;800),(110043.93601;[0.6946];[-0.2554];8445.44358;1;0;[0.6861];[-0.2639];8399.20859;800),(113963.43184;[0.6448];[-0.3052];7886.06777;1;0;[0.6376];[-0.3124];7845.76025;800),(117153.69081;[0.5554];[-0.3946];7323.52729;1;0;[0.5515];[-0.3985];7293.75397;800),(120505.40018;[0.4291];[-0.5209];6858.46183;1;0;[0.4289];[-0.5211];6833.78475;800),(123989.53366;[0.1264];[-0.8236];6039.02336;1;0;[0.1191];[-0.8309];6022.34881;800),(125100.18468;[0.1264];[-0.8236];6039.02336;1;0;[0.1191];[-0.8309];6022.34881;800),(128311.03587;[0.5375];[-0.4125];9784.38685;1;0;[0.5304];[-0.4196];9651.00006;800),(131892.22670;[0.6119];[-0.3381];9379.60009;1;0;[0.6072];[-0.3428];9262.49709;800),(134734.91907;[0.6873];[-0.2627];8917.98363;1;0;[0.6791];[-0.2709];8842.49316;800),(137812.45279;[0.6946];[-0.2554];8445.44358;1;0;[0.6861];[-0.2639];8399.20859;800),(141255.20658;[0.6448];[-0.3052];7886.06777;1;0;[0.6376];[-0.3124];7845.76025;800),(144263.68189;[0.5554];[-0.3946];7323.52729;1;0;[0.5515];[-0.3985];7293.75397;800),(147802.02818;[0.4291];[-0.5209];6858.46183;1;0;[0.4289];[-0.5211];6833.78475;800),(151145.62201;[0.1264];[-0.8236];6039.02336;1;0;[0.1191];[-0.8309];6022.34881;800),(152239.84885;[0.1264];[-0.8236];6039.02336;1;0;[0.1191];[-0.8309];6022.34881;800),(155101.10140;[0.5375];[-0.4125];9784.38685;1;0;[0.5304];[-0.4196];9651.00006;800),(158535.90727;[0.6119];[-0.3381];9379.60009;1;0;[0.6072];[-0.3428];9262.49709;800),(161542.72056;[0.6873];[-0.2627];8917.98363;1;0;[0.6791];[-0.2709];8842.49316;800),(165128.35264;[0.6946];[-0.2554];8445.44358;1;0;[0.6861];[-0.2639];8399.20859;800),(169329.96845;[0.6448];[-0.3052];7886.06777;1;0;[0.6376];[-0.3124];7845.76025;800),(172235.86965;[0.5554];[-0.3946];7323.52729;1;0;[0.5515];[-0.3985];7293.75397;800),(175368.53552;[0.4291];[-0.5209];6858.46183;1;0;[0.4289];[-0.5211];6833.78475;800),(178870.02778;[0.1264];[-0.8236];6039.02336;1;0;[0.1191];[-0.8309];6022.34881;800),(179842.44180;[0.1264];[-0.8236];6039.02336;1;0;[0.1191];[-0.8309];6022.34881;800),(182791.33868;[0.5375];[-0.4125];9784.38685;1;0;[0.5304];[-0.4196];9651.00006;800),(186224.15709;[0.6119];[-0.3381];9379.60009;1;0;[0.6072];[-0.3428];9262.49709;800),(189422.31941;[0.6873];[-0.2627];8917.98363;1;0;[0.6791];[-0.2709];8842.49316;800),(192496.49167;[0.6946];[-0.2554];8445.44358;1;0;[0.6861];[-0.2639];8399.20859;800),(195571.60783;[0.6448];[-0.3052];7886.06777;1;0;[0.6376];[-0.3124];7845.76025;800),(198604.20203;[0.5554];[-0.3946];7323.52729;1;0;[0.5515];[-0.3985];7293.75397;800),(201489.03131;[0.4291];[-0.5209];6858.46183;1;0;[0.4289];[-0.5211];6833.78475;800),(204635.13541;[0.1264];[-0.8236];6039.02336;1;0;[0.1191];[-0.8309];6022.34881;800),(205556.00953;[0.1264];[-0.8236];6039.02336;1;0;[0.1191];[-0.8309];6022.34881;800),(208565.72199;[0.5375];[-0.4125];9784.38685;1;0;[0.5304];[-0.4196];9651.00006;800),(211898.11993;[0.6119];[-0.3381];9379.60009;1;0;[0.6072];[-0.3428];9262.49709;800),(214888.60512;[0.6873];[-0.2627];8917.98363;1;0;[0.6791];[-0.2709];8842.49316;800),(218130.62811;[0.6946];[-0.2554];8445.44358;1;0;[0.6861];[-0.2639];8399.20859;800),(221891.37912;[0.6448];[-0.3052];7886.06777;1;0;[0.6376];[-0.3124];7845.76025;800),(224934.26681;[0.5554];[-0.3946];7323.52729;1;0;[0.5515];[-0.3985];7293.75397;800),(228357.82647;[0.4291];[-0.5209];6858.46183;1;0;[0.4289];[-0.5211];6833.78475;800),(231627.28977;[0.1264];[-0.8236];6039.02336;1;0;[0.1191];[-0.8309];6022.34881;800),(232568.37106;[0.1264];[-0.8236];6039.02336;1;0;[0.1191];[-0.8309];6022.34881;800),(235465.97815;[0.5375];[-0.4125];9784.38685;1;0;[0.5304];[-0.4196];9651.00006;800),(238545.40467;[0.6119];[-0.3381];9379.60009;1;0;[0.6072];[-0.3428];9262.49709;800),(241558.43902;[0.6873];[-0.2627];8917.98363;1;0;[0.6791];[-0.2709];8842.49316;800),(245001.40786;[0.6946];[-0.2554];8445.44358;1;0;[0.6861];[-0.2639];8399.20859;800),(249384.65166;[0.6435];[-0.3065];7885.54619;1;0;[0.637];[-0.313];7845.07325;800),(252180.51457;[0.5554];[-0.3946];7323.52729;1;0;[0.5515];[-0.3985];7293.75397;800),(255005.33223;[0.4291];[-0.5209];6858.46183;1;0;[0.4289];[-0.5211];6833.78475;800),(258401.21198;[0.1264];[-0.8236];6039.02336;1;0;[0.1191];[-0.8309];6022.34881;800),(259547.44959;[0.1264];[-0.8236];6039.02336;1;0;[0.1191];[-0.8309];6022.34881;800),(262766.91484;[0.5375];[-0.4125];9784.38685;1;0;[0.5304];[-0.4196];9651.00006;800),(266720.32499;[0.6119];[-0.3381];9379.60009;1;0;[0.6072];[-0.3428];9262.49709;800),(270162.22095;[0.6873];[-0.2627];8917.98363;1;0;[0.6791];[-0.2709];8842.49316;800),(273340.79266;[0.6946];[-0.2554];8445.44358;1;0;[0.6861];[-0.2639];8399.20859;800),(277433.45618;[0.6435];[-0.3065];7885.54619;1;0;[0.637];[-0.313];7845.07325;800),(281146.94524;[0.5554];[-0.3946];7323.52729;1;0;[0.5515];[-0.3985];7293.75397;800),(284415.15470;[0.4291];[-0.5209];6858.46183;1;0;[0.4289];[-0.5211];6833.78475;800),(287708.32109;[0.1264];[-0.8236];6039.02336;1;0;[0.1191];[-0.8309];6022.34881;800),(288719.12217;[0.1264];[-0.8236];6039.02336;1;0;[0.1191];[-0.8309];6022.34881;800),(291690.56201;[0.5375];[-0.4125];9784.38685;1;0;[0.5304];[-0.4196];9651.00006;800),(295452.87299;[0.6119];[-0.3381];9379.60009;1;0;[0.6072];[-0.3428];9262.49709;800),(299077.82626;[0.6873];[-0.2627];8917.98363;1;0;[0.6791];[-0.2709];8842.49316;800),(302610.90302;[0.6946];[-0.2554];8445.44358;1;0;[0.6861];[-0.2639];8399.20859;800),(306493.04485;[0.6435];[-0.3065];7885.54619;1;0;[0.637];[-0.313];7845.07325;800),(309587.71110;[0.5554];[-0.3946];7323.52729;1;0;[0.5515];[-0.3985];7293.75397;800),(312946.94400;[0.4291];[-0.5209];6858.46183;1;0;[0.4289];[-0.5211];6833.78475;800),(316644.53053;[0.1264];[-0.8236];6039.02336;1;0;[0.1191];[-0.8309];6022.34881;800),(317722.32056;[0.1264];[-0.8236];6039.02336;1;0;[0.1191];[-0.8309];6022.34881;800),(320758.87918;[0.5375];[-0.4125];9784.38685;1;0;[0.5304];[-0.4196];9651.00006;800),(324150.12312;[0.6119];[-0.3381];9379.60009;1;0;[0.6072];[-0.3428];9262.49709;800),(327420.62759;[0.6873];[-0.2627];8917.98363;1;0;[0.6791];[-0.2709];8842.49316;800),(330839.95771;[0.6946];[-0.2554];8445.44358;1;0;[0.6861];[-0.2639];8399.20859;800),(334889.67848;[0.6435];[-0.3065];7885.54619;1;0;[0.637];[-0.313];7845.07325;800),(338520.92075;[0.5554];[-0.3946];7323.52729;1;0;[0.5515];[-0.3985];7293.75397;800),(341926.09215;[0.4291];[-0.5209];6858.46183;1;0;[0.4289];[-0.5211];6833.78475;800),(344933.02083;[0.1264];[-0.8236];6039.02336;1;0;[0.1191];[-0.8309];6022.34881;800),(348615.96036;[0.5375];[-0.4125];9784.38685;1;0;[0.5304];[-0.4196];9651.00006;800),(351896.17395;[0.6117];[-0.3383];9378.93847;1;0;[0.6072];[-0.3428];9261.86037;800),(355078.04179;[0.6862];[-0.2638];8910.93864;1;0;[0.6782];[-0.2718];8835.42690;800),(359042.77658;[0.688];[-0.262];8397.72890;1;0;[0.6809];[-0.2691];8350.15900;800),(362815.14621;[0.6435];[-0.3065];7885.54619;1;0;[0.637];[-0.313];7845.07325;800),(365770.03908;[0.5554];[-0.3946];7323.52729;1;0;[0.5515];[-0.3985];7293.75397;800),(368663.77640;[0.4291];[-0.5209];6858.46183;1;0;[0.4289];[-0.5211];6833.78475;800),(374525.80881;[0.3394];[-0.6106];6590.29031;1;0;[0.3339];[-0.6161];6568.21722;800),(374913.55777;[0.2478];[-0.7022];6353.92063;1;0;[0.2344];[-0.7156];6334.49846;800),(375330.23810;[0.2413];[-0.7087];6334.23096;1;0;[0.2294];[-0.7206];6314.77761;800),(375666.72349;[0.2402];[-0.7098];6327.94800;1;0;[0.2282];[-0.7218];6308.40096;800),(376349.23863;[0.2402];[-0.7098];6327.94800;1;0;[0.2282];[-0.7218];6308.40096;800),(379711.74502;[0.5375];[-0.4125];9784.38685;1;0;[0.5304];[-0.4196];9651.00006;800),(383037.89830;[0.6119];[-0.3381];9379.60009;1;0;[0.6072];[-0.3428];9262.49709;800),(386528.21827;[0.6862];[-0.2638];8910.93864;1;0;[0.6782];[-0.2718];8835.42690;800),(390074.63670;[0.6816];[-0.2684];8397.71525;1;0;[0.6728];[-0.2772];8347.87524;800),(393267.80105;[0.6457];[-0.3043];7892.16666;1;0;[0.6382];[-0.3118];7851.76660;800),(396252.12240;[0.556];[-0.394];7324.41290;1;0;[0.5521];[-0.3979];7294.73897;800),(399969.32173;[0.4303];[-0.5197];6863.58765;1;0;[0.4304];[-0.5196];6838.99369;800),(402657.91869;[0.2402];[-0.7098];6327.94800;1;0;[0.2282];[-0.7218];6308.40096;800),(403483.03032;[0.2402];[-0.7098];6327.94800;1;0;[0.2282];[-0.7218];6308.40096;800),(406228.10984;[0.5326];[-0.4174];9784.37275;1;0;[0.5256];[-0.4244];9647.48865;800),(409375.94843;[0.6119];[-0.3381];9379.60009;1;0;[0.6072];[-0.3428];9262.49709;800),(412521.17324;[0.6862];[-0.2638];8910.93864;1;0;[0.6782];[-0.2718];8835.42690;800),(416049.87955;[0.6816];[-0.2684];8397.71525;1;0;[0.6728];[-0.2772];8347.87524;800),(419431.83970;[0.6457];[-0.3043];7892.16666;1;0;[0.6382];[-0.3118];7851.76660;800),(422098.30332;[0.556];[-0.394];7324.41290;1;0;[0.5521];[-0.3979];7294.73897;800),(425205.19972;[0.4303];[-0.5197];6863.58765;1;0;[0.4304];[-0.5196];6838.99369;800),(427988.89399;[0.2402];[-0.7098];6327.94800;1;0;[0.2282];[-0.7218];6308.40096;800),(428839.54716;[0.2402];[-0.7098];6327.94800;1;0;[0.2282];[-0.7218];6308.40096;800),(431561.57827;[0.5326];[-0.4174];9784.37275;1;0;[0.5256];[-0.4244];9647.48865;800),(434736.43947;[0.612];[-0.338];9374.60511;1;0;[0.6076];[-0.3424];9259.96506;800),(437860.81624;[0.6862];[-0.2638];8910.93864;1;0;[0.6782];[-0.2718];8835.42690;800),(441426.22733;[0.6816];[-0.2684];8397.71525;1;0;[0.6728];[-0.2772];8347.87524;800),(444604.60567;[0.6457];[-0.3043];7892.16666;1;0;[0.6382];[-0.3118];7851.76660;800),(447834.26690;[0.556];[-0.394];7324.41290;1;0;[0.5521];[-0.3979];7294.73897;800),(450743.72792;[0.4303];[-0.5197];6863.58765;1;0;[0.4304];[-0.5196];6838.99369;800),(453717.71669;[0.2402];[-0.7098];6327.94800;1;0;[0.2282];[-0.7218];6308.40096;800),(454733.19817;[0.2402];[-0.7098];6327.94800;1;0;[0.2282];[-0.7218];6308.40096;800),(457683.61974;[0.5326];[-0.4174];9784.37275;1;0;[0.5256];[-0.4244];9647.48865;800),(461030.05886;[0.612];[-0.338];9374.60511;1;0;[0.6076];[-0.3424];9259.96506;800),(464270.01715;[0.6862];[-0.2638];8910.93864;1;0;[0.6782];[-0.2718];8835.42690;800),(467722.41282;[0.6816];[-0.2684];8397.71525;1;0;[0.6728];[-0.2772];8347.87524;800),(470587.76498;[0.6457];[-0.3043];7892.16666;1;0;[0.6382];[-0.3118];7851.76660;800),(473462.61430;[0.556];[-0.394];7324.41290;1;0;[0.5521];[-0.3979];7294.73897;800),(476604.52032;[0.4303];[-0.5197];6863.58765;1;0;[0.4304];[-0.5196];6838.99369;800),(479678.88856;[0.2402];[-0.7098];6327.94800;1;0;[0.2282];[-0.7218];6308.40096;800),(480449.37873;[0.2402];[-0.7098];6327.94800;1;0;[0.2282];[-0.7218];6308.40096;800),(483632.51305;[0.5326];[-0.4174];9784.37275;1;0;[0.5256];[-0.4244];9647.48865;800),(486778.37133;[0.612];[-0.338];9374.60511;1;0;[0.6076];[-0.3424];9259.96506;800),(489704.77676;[0.6862];[-0.2638];8910.93864;1;0;[0.6782];[-0.2718];8835.42690;800),(493210.71410;[0.6816];[-0.2684];8397.71525;1;0;[0.6728];[-0.2772];8347.87524;800),(496593.11247;[0.6457];[-0.3043];7892.16666;1;0;[0.6382];[-0.3118];7851.76660;800),(499339.53094;[0.556];[-0.394];7324.41290;1;0;[0.5521];[-0.3979];7294.73897;800),(502380.42688;[0.4303];[-0.5197];6863.58765;1;0;[0.4304];[-0.5196];6838.99369;800),(505525.20895;[0.2402];[-0.7098];6327.94800;1;0;[0.2282];[-0.7218];6308.40096;800),(506379.65322;[0.2402];[-0.7098];6327.94800;1;0;[0.2282];[-0.7218];6308.40096;800),(509513.26370;[0.5326];[-0.4174];9784.37275;1;0;[0.5256];[-0.4244];9647.48865;800),(512607.94806;[0.612];[-0.338];9374.60511;1;0;[0.6076];[-0.3424];9259.96506;800),(515690.51766;[0.6862];[-0.2638];8910.93864;1;0;[0.6782];[-0.2718];8835.42690;800),(518894.82307;[0.6816];[-0.2684];8397.71525;1;0;[0.6728];[-0.2772];8347.87524;800),(521856.14634;[0.6457];[-0.3043];7892.16666;1;0;[0.6382];[-0.3118];7851.76660;800),(525000.29325;[0.556];[-0.394];7324.41290;1;0;[0.5521];[-0.3979];7294.73897;800),(528046.44251;[0.4303];[-0.5197];6863.58765;1;0;[0.4304];[-0.5196];6838.99369;800),(530966.08353;[0.2402];[-0.7098];6327.94800;1;0;[0.2282];[-0.7218];6308.40096;800),(531949.82648;[0.2402];[-0.7098];6327.94800;1;0;[0.2282];[-0.7218];6308.40096;800),(535405.19619;[0.5375];[-0.4125];9784.38685;1;0;[0.5304];[-0.4196];9651.00006;800),(538837.82434;[0.6142];[-0.3358];9366.48014;1;0;[0.6105];[-0.3395];9250.13984;800),(542186.77688;[0.691];[-0.259];8893.76751;1;0;[0.6824];[-0.2676];8820.37326;800),(545601.28546;[0.6816];[-0.2684];8397.71525;1;0;[0.6728];[-0.2772];8347.87524;800),(548422.20354;[0.6457];[-0.3043];7892.16666;1;0;[0.6382];[-0.3118];7851.76660;800),(551561.65171;[0.556];[-0.394];7324.41290;1;0;[0.5521];[-0.3979];7294.73897;800),(554873.78120;[0.4303];[-0.5197];6863.58765;1;0;[0.4304];[-0.5196];6838.99369;800),(557570.75548;[0.2402];[-0.7098];6327.94800;1;0;[0.2282];[-0.7218];6308.40096;800),(558461.06195;[0.2402];[-0.7098];6327.94800;1;0;[0.2282];[-0.7218];6308.40096;800),(561633.48389;[0.5375];[-0.4125];9784.38685;1;0;[0.5304];[-0.4196];9651.00006;800),(564989.89820;[0.6142];[-0.3358];9366.48014;1;0;[0.6105];[-0.3395];9250.13984;800),(568624.27616;[0.691];[-0.259];8893.76751;1;0;[0.6824];[-0.2676];8820.37326;800),(572261.27172;[0.6816];[-0.2684];8397.71525;1;0;[0.6728];[-0.2772];8347.87524;800),(575657.07350;[0.6457];[-0.3043];7892.16666;1;0;[0.6382];[-0.3118];7851.76660;800),(578717.78798;[0.556];[-0.394];7324.41290;1;0;[0.5521];[-0.3979];7294.73897;800),(581678.17736;[0.4303];[-0.5197];6863.58765;1;0;[0.4304];[-0.5196];6838.99369;800),(584528.26762;[0.2402];[-0.7098];6327.94800;1;0;[0.2282];[-0.7218];6308.40096;800),(588111.81188;[0.5375];[-0.4125];9784.38685;1;0;[0.5304];[-0.4196];9651.00006;800),(591141.22081;[0.6142];[-0.3358];9366.48014;1;0;[0.6105];[-0.3395];9250.13984;800),(594308.05492;[0.691];[-0.259];8893.76751;1;0;[0.6824];[-0.2676];8820.37326;800),(597462.86798;[0.6816];[-0.2684];8397.71525;1;0;[0.6728];[-0.2772];8347.87524;800)]"
2,8,12778.244260007656,0.91875,1,0,[0.9489],[-0.0011],631920.1686382294,"[(4111.21058;[0.8045];[-0.1455];14141.25584;1;0;[0.7955];[-0.1545];13800.49622;100),(5218.50181;[0.8045];[-0.1455];14141.25584;1;0;[0.7955];[-0.1545];13800.49622;100),(7108.29329;[0.8182];[-0.1318];14164.90310;1;0;[0.8087];[-0.1413];13832.16389;200),(9883.56328;[0.8374];[-0.1126];14182.83210;1;0;[0.8301];[-0.1199];13860.51441;400),(15462.34179;[0.8313];[-0.1187];14177.90109;1;0;[0.8224];[-0.1276];13852.86341;800),(18483.04844;[0.8313];[-0.1187];14177.90109;1;0;[0.8224];[-0.1276];13852.86341;800),(22116.71925;[0.8313];[-0.1187];14177.90109;1;0;[0.8224];[-0.1276];13852.86341;800),(25642.13443;[0.8313];[-0.1187];14177.90109;1;0;[0.8224];[-0.1276];13852.86341;800),(29068.72725;[0.8313];[-0.1187];14177.90109;1;0;[0.8224];[-0.1276];13852.86341;800),(32848.92344;[0.8313];[-0.1187];14177.90109;1;0;[0.8224];[-0.1276];13852.86341;800),(36661.60846;[0.8313];[-0.1187];14177.90109;1;0;[0.8224];[-0.1276];13852.86341;800),(40736.37915;[0.8313];[-0.1187];14177.90109;1;0;[0.8224];[-0.1276];13852.86341;800),(41228.29175;[0.9193];[-0.0307];13544.76675;1;0;[0.9131];[-0.0369];13300.21500;800),(41774.62244;[0.9644];[0.0144];12609.37125;1;1;[0.9618];[0.0118];12461.62413;800),(42516.56795;[0.9397];[-0.0103];13139.99371;1;0;[0.9375];[-0.0125];12947.62607;800),(43048.59138;[0.953];[0.003];12900.70510;1;1;[0.9512];[0.0012];12730.95781;800),(43676.05066;[0.946];[-0.004];13018.78611;1;0;[0.9437];[-0.0063];12832.29893;800),(44461.03954;[0.9498];[-0.0002];12958.17591;1;0;[0.9479];[-0.0021];12779.92132;800),(45364.90488;[0.9514];[0.0014];12926.52312;1;1;[0.9503];[0.0003];12754.36607;800),(46212.08763;[0.9492];[-0.0008];12945.33833;1;0;[0.9476];[-0.0024];12767.06792;800),(47045.06850;[0.9497];[-0.0003];12938.36792;1;0;[0.9486];[-0.0014];12767.68539;800),(47894.30618;[0.9516];[0.0016];12927.69330;1;1;[0.9504];[0.0004];12755.60285;800),(48542.31334;[0.9509];[0.0009];12930.54092;1;1;[0.9502];[0.0002];12755.98154;800),(49361.61041;[0.9497];[-0.0003];12915.95714;1;0;[0.9484];[-0.0016];12735.25540;800),(50163.48052;[0.9497];[-0.0003];12915.95714;1;0;[0.9484];[-0.0016];12735.25540;800),(50986.51218;[0.9509];[0.0009];12930.54092;1;1;[0.9502];[0.0002];12755.98154;800),(51822.71528;[0.9509];[0.0009];12930.54092;1;1;[0.9502];[0.0002];12755.98154;800),(52524.41716;[0.9497];[-0.0003];12915.95714;1;0;[0.9484];[-0.0016];12735.25540;800),(66707.28421;[0.8313];[-0.1187];14177.90109;1;0;[0.8224];[-0.1276];13852.86341;1600),(73573.31157;[0.8313];[-0.1187];14177.90109;1;0;[0.8224];[-0.1276];13852.86341;1600),(81137.35414;[0.8313];[-0.1187];14177.90109;1;0;[0.8224];[-0.1276];13852.86341;1600),(88660.77852;[0.8313];[-0.1187];14177.90109;1;0;[0.8224];[-0.1276];13852.86341;1600),(95630.07164;[0.8313];[-0.1187];14177.90109;1;0;[0.8224];[-0.1276];13852.86341;1600),(103015.06710;[0.8313];[-0.1187];14177.90109;1;0;[0.8224];[-0.1276];13852.86341;1600),(110026.26252;[0.8313];[-0.1187];14177.90109;1;0;[0.8224];[-0.1276];13852.86341;1600),(116259.90558;[0.8313];[-0.1187];14177.90109;1;0;[0.8224];[-0.1276];13852.86341;1600),(122664.72125;[0.8313];[-0.1187];14177.90109;1;0;[0.8224];[-0.1276];13852.86341;1600),(123381.10709;[0.9205];[-0.0295];13521.35692;1;0;[0.9148];[-0.0352];13278.77200;1600),(123941.58435;[0.9629];[0.0129];12558.77496;1;1;[0.9612];[0.0112];12414.23799;1600),(124553.48969;[0.9414];[-0.0086];13101.31239;1;0;[0.9401];[-0.0099];12903.54108;1600),(124927.15073;[0.9544];[0.0044];12865.63761;1;1;[0.952];[0.002];12698.51408;1600),(125460.74152;[0.9479];[-0.0021];12997.81400;1;0;[0.9462];[-0.0038];12820.05393;1600),(126086.47943;[0.9509];[0.0009];12927.63999;1;1;[0.9503];[0.0003];12753.22804;1600),(126647.34101;[0.9498];[-0.0002];12958.17591;1;0;[0.9479];[-0.0021];12779.92132;1600),(126955.76310;[0.9494];[-0.0006];12945.24787;1;0;[0.9477];[-0.0023];12767.04878;1600),(127930.32146;[0.9504];[0.0004];12942.31308;1;0;[0.9491];[-0.0009];12771.80461;1600),(128564.69679;[0.9512];[0.0012];12946.98909;1;0;[0.9495];[-0.0005];12776.70203;1600),(129147.84431;[0.9484];[-0.0016];12938.46393;1;0;[0.947];[-0.003];12759.96812;1600),(129803.78723;[0.9515];[0.0015];12948.03897;1;0;[0.9496];[-0.0004];12777.84971;1600),(130356.86851;[0.9484];[-0.0016];12938.46393;1;0;[0.947];[-0.003];12759.96812;1600),(130872.77055;[0.9515];[0.0015];12948.03897;1;0;[0.9496];[-0.0004];12777.84971;1600),(131605.49307;[0.9485];[-0.0015];12936.61334;1;0;[0.947];[-0.003];12758.71345;1600),(132240.28826;[0.9485];[-0.0015];12936.61334;1;0;[0.947];[-0.003];12758.71345;1600),(159073.50183;[0.8374];[-0.1126];14182.83210;1;0;[0.8301];[-0.1199];13860.51441;3200),(173630.97525;[0.8374];[-0.1126];14182.83210;1;0;[0.8301];[-0.1199];13860.51441;3200),(188583.97722;[0.8374];[-0.1126];14182.83210;1;0;[0.8301];[-0.1199];13860.51441;3200),(202635.42199;[0.8374];[-0.1126];14182.83210;1;0;[0.8301];[-0.1199];13860.51441;3200),(215753.02005;[0.8374];[-0.1126];14182.83210;1;0;[0.8301];[-0.1199];13860.51441;3200),(228922.73760;[0.8374];[-0.1126];14182.83210;1;0;[0.8301];[-0.1199];13860.51441;3200),(241501.96171;[0.8374];[-0.1126];14182.83210;1;0;[0.8301];[-0.1199];13860.51441;3200),(254979.90346;[0.8374];[-0.1126];14182.83210;1;0;[0.8301];[-0.1199];13860.51441;3200),(267477.08058;[0.8374];[-0.1126];14182.83210;1;0;[0.8301];[-0.1199];13860.51441;3200),(280145.38217;[0.8374];[-0.1126];14182.83210;1;0;[0.8301];[-0.1199];13860.51441;3200),(280622.68972;[0.9236];[-0.0264];13489.02842;1;0;[0.9192];[-0.0308];13250.32408;3200),(281253.96967;[0.9666];[0.0166];12464.40538;1;1;[0.9646];[0.0146];12324.45836;3200),(281941.87379;[0.945];[-0.005];13052.72079;1;0;[0.9425];[-0.0075];12860.69774;3200),(282628.74174;[0.958];[0.008];12783.85555;1;1;[0.9556];[0.0056];12614.08195;3200),(283288.20300;[0.9508];[0.0008];12929.89217;1;1;[0.9501];[0.0001];12755.30407;3200),(283873.13890;[0.9472];[-0.0028];12995.20218;1;0;[0.9451];[-0.0049];12811.09393;3200),(284396.90495;[0.9489];[-0.0011];12971.26620;1;0;[0.9481];[-0.0019];12798.14976;3200),(284741.11652;[0.9494];[-0.0006];12953.17720;1;0;[0.9478];[-0.0022];12774.87113;3200),(285515.31291;[0.9484];[-0.0016];12938.46393;1;0;[0.947];[-0.003];12759.96812;3200),(286189.09192;[0.9504];[0.0004];12942.31308;1;0;[0.9491];[-0.0009];12771.80461;3200),(286571.71011;[0.9505];[0.0005];12945.12626;1;0;[0.9493];[-0.0007];12774.69079;3200),(287066.34879;[0.9515];[0.0015];12947.05862;1;0;[0.9496];[-0.0004];12776.84296;3200),(287566.90788;[0.9515];[0.0015];12947.05862;1;0;[0.9496];[-0.0004];12776.84296;3200),(287988.84702;[0.9484];[-0.0016];12938.46393;1;0;[0.947];[-0.003];12759.96812;3200),(288515.26427;[0.9484];[-0.0016];12938.46393;1;0;[0.947];[-0.003];12759.96812;3200),(289198.92216;[0.9515];[0.0015];12947.05862;1;0;[0.9496];[-0.0004];12776.84296;3200),(343757.59506;[0.847];[-0.103];14182.66678;1;0;[0.8403];[-0.1097];13866.52307;6400),(371200.79756;[0.847];[-0.103];14182.66678;1;0;[0.8403];[-0.1097];13866.52307;6400),(395926.23782;[0.847];[-0.103];14182.66678;1;0;[0.8403];[-0.1097];13866.52307;6400),(419896.32392;[0.847];[-0.103];14182.66678;1;0;[0.8403];[-0.1097];13866.52307;6400),(443382.79462;[0.847];[-0.103];14182.66678;1;0;[0.8403];[-0.1097];13866.52307;6400),(466794.56854;[0.847];[-0.103];14182.66678;1;0;[0.8403];[-0.1097];13866.52307;6400),(491027.20976;[0.847];[-0.103];14182.66678;1;0;[0.8403];[-0.1097];13866.52307;6400),(514522.77732;[0.847];[-0.103];14182.66678;1;0;[0.8403];[-0.1097];13866.52307;6400),(538369.02952;[0.847];[-0.103];14182.66678;1;0;[0.8403];[-0.1097];13866.52307;6400),(562332.84998;[0.847];[-0.103];14182.66678;1;0;[0.8403];[-0.1097];13866.52307;6400),(585762.31050;[0.847];[-0.103];14182.66678;1;0;[0.8403];[-0.1097];13866.52307;6400),(586220.84618;[0.925];[-0.025];13465.56843;1;0;[0.9205];[-0.0295];13229.16098;6400),(586683.72250;[0.9662];[0.0162];12430.08140;1;1;[0.9642];[0.0142];12293.52632;6400),(587091.18271;[0.9471];[-0.0029];13031.41866;1;0;[0.945];[-0.005];12849.94851;6400),(587665.90834;[0.9598];[0.0098];12754.67155;1;1;[0.9577];[0.0077];12603.28440;6400),(588089.86855;[0.953];[0.003];12900.70510;1;1;[0.9512];[0.0012];12730.95781;6400),(588863.10410;[0.9487];[-0.0013];12962.16288;1;0;[0.948];[-0.002];12789.08817;6400),(589537.92334;[0.9508];[0.0008];12929.89217;1;1;[0.9501];[0.0001];12755.30407;6400),(590072.74985;[0.9515];[0.0015];12950.88758;1;0;[0.9497];[-0.0003];12780.66914;6400),(590759.43136;[0.9502];[0.0002];12956.25262;1;0;[0.9489];[-0.0011];12778.24426;6400),(591450.39749;[0.9498];[-0.0002];12958.17591;1;0;[0.9479];[-0.0021];12779.92132;6400),(592123.88873;[0.9494];[-0.0006];12957.40318;1;0;[0.9478];[-0.0022];12778.99754;6400),(592604.44689;[0.9494];[-0.0006];12957.40318;1;0;[0.9478];[-0.0022];12778.99754;6400),(593206.60138;[0.9494];[-0.0006];12957.40318;1;0;[0.9478];[-0.0022];12778.99754;6400),(593683.29382;[0.9494];[-0.0006];12957.40318;1;0;[0.9478];[-0.0022];12778.99754;6400),(594179.79765;[0.9494];[-0.0006];12957.40318;1;0;[0.9478];[-0.0022];12778.99754;6400),(595049.58081;[0.9498];[-0.0002];12956.70638;1;0;[0.9479];[-0.0021];12778.45738;6400)]"
2,10,12736.822611444039,0.91577,1,1,[0.9525],[0.0025],634906.7301750183,"[(4151.79992;[0.7746];[-0.1754];14015.36278;1;0;[0.7717];[-0.1783];13736.14932;100),(5267.24076;[0.7746];[-0.1754];14015.36278;1;0;[0.7717];[-0.1783];13736.14932;100),(7274.31321;[0.7828];[-0.1672];14045.46716;1;0;[0.7798];[-0.1702];13770.02663;200),(9958.48727;[0.79];[-0.16];14045.24033;1;0;[0.7892];[-0.1608];13774.88220;400),(15492.99049;[0.8167];[-0.1333];14113.59195;1;0;[0.8224];[-0.1276];13852.86341;800),(18496.99593;[0.8134];[-0.1366];14107.03500;1;0;[0.8184];[-0.1316];13844.96241;800),(22165.10892;[0.8134];[-0.1366];14107.03500;1;0;[0.8184];[-0.1316];13844.96241;800),(25680.90820;[0.8134];[-0.1366];14107.03500;1;0;[0.8184];[-0.1316];13844.96241;800),(29229.63524;[0.8134];[-0.1366];14107.03500;1;0;[0.8184];[-0.1316];13844.96241;800),(33115.43322;[0.8134];[-0.1366];14107.03500;1;0;[0.8184];[-0.1316];13844.96241;800),(36901.74699;[0.8134];[-0.1366];14107.03500;1;0;[0.8184];[-0.1316];13844.96241;800),(40857.06711;[0.8134];[-0.1366];14107.03500;1;0;[0.8184];[-0.1316];13844.96241;800),(41332.92341;[0.8961];[-0.0539];13592.55556;1;0;[0.9021];[-0.0479];13400.44339;800),(42109.67445;[0.96];[0.01];12638.01748;1;1;[0.9607];[0.0107];12524.22828;800),(42650.20275;[0.9272];[-0.0228];13187.60634;1;0;[0.9332];[-0.0168];13039.73218;800),(43420.13764;[0.9423];[-0.0077];12933.84355;1;0;[0.9459];[-0.0041];12805.77547;800),(44006.42085;[0.9513];[0.0013];12804.38648;1;1;[0.9533];[0.0033];12684.40640;800),(44719.91014;[0.9471];[-0.0029];12873.75534;1;1;[0.9502];[0.0002];12747.22194;800),(45779.93608;[0.9508];[0.0008];12834.68619;1;1;[0.9527];[0.0027];12712.42152;800),(46381.09660;[0.9487];[-0.0013];12857.16677;1;1;[0.9512];[0.0012];12732.76910;800),(47418.85972;[0.9481];[-0.0019];12846.28750;1;1;[0.9509];[0.0009];12721.87180;800),(48460.20961;[0.9478];[-0.0022];12841.10589;1;1;[0.9506];[0.0006];12716.65215;800),(49474.02000;[0.95];[0.];12836.14565;1;1;[0.9524];[0.0024];12713.64045;800),(50183.82430;[0.95];[0.];12836.14565;1;1;[0.9524];[0.0024];12713.64045;800),(51140.34915;[0.9507];[0.0007];12836.49034;1;1;[0.9527];[0.0027];12714.25783;800),(51904.73151;[0.95];[0.];12836.14565;1;1;[0.9524];[0.0024];12713.64045;800),(52511.15823;[0.95];[0.];12836.14565;1;1;[0.9524];[0.0024];12713.64045;800),(53174.57271;[0.95];[0.];12836.14565;1;1;[0.9524];[0.0024];12713.64045;800),(54172.28270;[0.9507];[0.0007];12836.49034;1;1;[0.9527];[0.0027];12714.25783;800),(68436.56492;[0.8424];[-0.1076];14119.17616;1;0;[0.8471];[-0.1029];13868.47687;1600),(75913.40470;[0.8424];[-0.1076];14119.17616;1;0;[0.8471];[-0.1029];13868.47687;1600),(82941.89882;[0.8424];[-0.1076];14119.17616;1;0;[0.8471];[-0.1029];13868.47687;1600),(90787.64319;[0.8424];[-0.1076];14119.17616;1;0;[0.8471];[-0.1029];13868.47687;1600),(97743.73150;[0.8424];[-0.1076];14119.17616;1;0;[0.8471];[-0.1029];13868.47687;1600),(104801.78046;[0.8424];[-0.1076];14119.17616;1;0;[0.8471];[-0.1029];13868.47687;1600),(111612.96153;[0.8424];[-0.1076];14119.17616;1;0;[0.8471];[-0.1029];13868.47687;1600),(118572.83020;[0.8424];[-0.1076];14119.17616;1;0;[0.8471];[-0.1029];13868.47687;1600),(125138.93557;[0.8424];[-0.1076];14119.17616;1;0;[0.8471];[-0.1029];13868.47687;1600),(125868.78777;[0.9016];[-0.0484];13552.83891;1;0;[0.9072];[-0.0428];13365.42230;1600),(126593.62102;[0.9638];[0.0138];12548.14199;1;1;[0.9633];[0.0133];12442.33808;1600),(127069.04340;[0.9316];[-0.0184];13130.71264;1;0;[0.9373];[-0.0127];12988.13553;1600),(127763.13567;[0.9505];[0.0005];12855.82326;1;1;[0.9525];[0.0025];12736.82261;1600),(128430.10950;[0.9388];[-0.0112];13002.47425;1;0;[0.9433];[-0.0067];12872.06690;1600),(128924.68214;[0.9453];[-0.0047];12932.37668;1;0;[0.948];[-0.002];12808.96737;1600),(129443.39657;[0.9468];[-0.0032];12900.67567;1;0;[0.9496];[-0.0004];12776.84296;1600),(129972.33605;[0.9483];[-0.0017];12880.14317;1;1;[0.9513];[0.0013];12758.74654;1600),(130304.55875;[0.9479];[-0.0021];12873.76327;1;1;[0.9508];[0.0008];12752.31236;1600),(130978.75285;[0.9479];[-0.0021];12862.80709;1;1;[0.9508];[0.0008];12741.52612;1600),(131758.45337;[0.9475];[-0.0025];12858.58987;1;1;[0.95];[0.];12737.13688;1600),(132634.66620;[0.9499];[-0.0001];12855.80703;1;1;[0.9523];[0.0023];12736.56245;1600),(133371.65809;[0.9505];[0.0005];12855.82326;1;1;[0.9525];[0.0025];12736.82261;1600),(134075.70791;[0.9505];[0.0005];12855.82326;1;1;[0.9525];[0.0025];12736.82261;1600),(134754.22192;[0.9499];[-0.0001];12855.80703;1;1;[0.9523];[0.0023];12736.56245;1600),(135457.14664;[0.9499];[-0.0001];12855.80703;1;1;[0.9523];[0.0023];12736.56245;1600),(136116.13870;[0.9499];[-0.0001];12855.80703;1;1;[0.9523];[0.0023];12736.56245;1600),(162293.82300;[0.9127];[-0.0373];14132.79567;1;0;[0.9181];[-0.0319];13900.71653;3200),(176590.41476;[0.9127];[-0.0373];14132.79567;1;0;[0.9181];[-0.0319];13900.71653;3200),(189818.49098;[0.9127];[-0.0373];14132.79567;1;0;[0.9181];[-0.0319];13900.71653;3200),(203176.77689;[0.9127];[-0.0373];14132.79567;1;0;[0.9181];[-0.0319];13900.71653;3200),(214856.85563;[0.9127];[-0.0373];14132.79567;1;0;[0.9181];[-0.0319];13900.71653;3200),(226400.66099;[0.9127];[-0.0373];14132.79567;1;0;[0.9181];[-0.0319];13900.71653;3200),(237771.55113;[0.9127];[-0.0373];14132.79567;1;0;[0.9181];[-0.0319];13900.71653;3200),(250030.72047;[0.9127];[-0.0373];14132.79567;1;0;[0.9181];[-0.0319];13900.71653;3200),(261051.60475;[0.9127];[-0.0373];14132.79567;1;0;[0.9181];[-0.0319];13900.71653;3200),(273417.11736;[0.9127];[-0.0373];14132.79567;1;0;[0.9181];[-0.0319];13900.71653;3200),(274096.33017;[0.9042];[-0.0458];13518.01075;1;0;[0.9099];[-0.0401];13333.82706;3200),(274732.36442;[0.966];[0.016];12446.86633;1;1;[0.9651];[0.0151];12342.65111;3200),(275105.21865;[0.9343];[-0.0157];13068.02176;1;0;[0.9394];[-0.0106];12927.86965;3200),(275739.56323;[0.9508];[0.0008];12790.64363;1;1;[0.9527];[0.0027];12670.67457;3200),(276265.37585;[0.9436];[-0.0064];12934.96776;1;0;[0.9466];[-0.0034];12802.36012;3200),(276805.10926;[0.9463];[-0.0037];12857.46241;1;0;[0.9489];[-0.0011];12730.83428;3200),(277376.49488;[0.9505];[0.0005];12830.30838;1;1;[0.9526];[0.0026];12708.02113;3200),(278168.26940;[0.9487];[-0.0013];12846.63720;1;1;[0.9512];[0.0012];12722.40147;3200),(278788.76853;[0.9508];[0.0008];12834.68619;1;1;[0.9527];[0.0027];12712.42152;3200),(279334.87535;[0.9478];[-0.0022];12841.10589;1;1;[0.9506];[0.0006];12716.65215;3200),(280221.83084;[0.9507];[0.0007];12836.49034;1;1;[0.9527];[0.0027];12714.25783;3200),(280755.40781;[0.9478];[-0.0022];12839.85126;1;1;[0.9507];[0.0007];12715.48672;3200),(281484.07650;[0.9476];[-0.0024];12836.43014;1;1;[0.9503];[0.0003];12711.98625;3200),(282068.80403;[0.9476];[-0.0024];12836.43014;1;1;[0.9503];[0.0003];12711.98625;3200),(282804.39305;[0.9476];[-0.0024];12834.44037;1;1;[0.9503];[0.0003];12710.14544;3200),(283729.87270;[0.9507];[0.0007];12836.49034;1;1;[0.9527];[0.0027];12714.25783;3200),(284420.59040;[0.9507];[0.0007];12836.49034;1;1;[0.9527];[0.0027];12714.25783;3200),(334528.62668;[0.926];[-0.024];14134.46167;1;0;[0.9306];[-0.0194];13905.03312;6400),(360548.21038;[0.926];[-0.024];14134.46167;1;0;[0.9306];[-0.0194];13905.03312;6400),(387224.16520;[0.926];[-0.024];14134.46167;1;0;[0.9306];[-0.0194];13905.03312;6400),(413180.85599;[0.926];[-0.024];14134.46167;1;0;[0.9306];[-0.0194];13905.03312;6400),(438042.67025;[0.926];[-0.024];14134.46167;1;0;[0.9306];[-0.0194];13905.03312;6400),(462482.75018;[0.926];[-0.024];14134.46167;1;0;[0.9306];[-0.0194];13905.03312;6400),(486920.29333;[0.926];[-0.024];14134.46167;1;0;[0.9306];[-0.0194];13905.03312;6400),(511647.06373;[0.926];[-0.024];14134.46167;1;0;[0.9306];[-0.0194];13905.03312;6400),(536014.75310;[0.926];[-0.024];14134.46167;1;0;[0.9306];[-0.0194];13905.03312;6400),(559806.94056;[0.926];[-0.024];14134.46167;1;0;[0.9306];[-0.0194];13905.03312;6400),(584153.74017;[0.926];[-0.024];14134.46167;1;0;[0.9306];[-0.0194];13905.03312;6400),(584848.81186;[0.9113];[-0.0387];13520.43332;1;0;[0.9176];[-0.0324];13339.71477;6400),(585300.64654;[0.9668];[0.0168];12455.51338;1;1;[0.9655];[0.0155];12351.48320;6400),(585936.04612;[0.934];[-0.016];13074.17305;1;0;[0.9391];[-0.0109];12935.67663;6400),(586388.73816;[0.951];[0.001];12800.92505;1;1;[0.9531];[0.0031];12680.93051;6400),(587000.16093;[0.9439];[-0.0061];12935.65392;1;0;[0.9468];[-0.0032];12803.04919;6400),(587742.78140;[0.9474];[-0.0026];12869.22732;1;1;[0.9502];[0.0002];12742.93993;6400),(588280.48325;[0.9508];[0.0008];12834.68619;1;1;[0.9527];[0.0027];12712.42152;6400),(588723.36793;[0.9487];[-0.0013];12855.38044;1;1;[0.9512];[0.0012];12730.95781;6400),(589502.11930;[0.948];[-0.002];12844.28073;1;1;[0.9508];[0.0008];12719.90612;6400),(590266.22653;[0.9507];[0.0007];12836.49034;1;1;[0.9527];[0.0027];12714.25783;6400),(590781.45480;[0.9478];[-0.0022];12840.97328;1;1;[0.9508];[0.0008];12716.57267;6400),(591701.42055;[0.9507];[0.0007];12836.49034;1;1;[0.9527];[0.0027];12714.25783;6400),(592277.60720;[0.9474];[-0.0026];12836.95588;1;1;[0.9503];[0.0003];12712.38755;6400),(593260.84280;[0.9476];[-0.0024];12836.43014;1;1;[0.9503];[0.0003];12711.98625;6400),(593738.79361;[0.9476];[-0.0024];12836.43014;1;1;[0.9503];[0.0003];12711.98625;6400),(594390.75828;[0.9476];[-0.0024];12836.43014;1;1;[0.9503];[0.0003];12711.98625;6400),(595144.91010;[0.9507];[0.0007];12836.49034;1;1;[0.9527];[0.0027];12714.25783;6400)]"
4,10,8595.948805571528,0.79103,1,0,[0.8849],[-0.0651],600442.440032959,"[(3356.52351;[0.599];[-0.351];10968.74672;1;0;[0.5888];[-0.3612];10734.01701;100),(4500.00787;[0.599];[-0.351];10968.74672;1;0;[0.5888];[-0.3612];10734.01701;100),(6752.74038;[0.6013];[-0.3487];10981.75462;1;0;[0.5938];[-0.3562];10748.41964;200),(10072.12830;[0.6036];[-0.3464];11000.55088;1;0;[0.5952];[-0.3548];10770.02656;400),(11854.57850;[0.6036];[-0.3464];11000.55088;1;0;[0.5952];[-0.3548];10770.02656;400),(13781.94284;[0.6036];[-0.3464];11000.55088;1;0;[0.5952];[-0.3548];10770.02656;400),(16121.11950;[0.6036];[-0.3464];11000.55088;1;0;[0.5952];[-0.3548];10770.02656;400),(18017.06457;[0.6036];[-0.3464];11000.55088;1;0;[0.5952];[-0.3548];10770.02656;400),(20481.67515;[0.6036];[-0.3464];11000.55088;1;0;[0.5952];[-0.3548];10770.02656;400),(22685.63819;[0.6036];[-0.3464];11000.55088;1;0;[0.5952];[-0.3548];10770.02656;400),(23150.64907;[0.7887];[-0.1613];10245.25245;1;0;[0.7879];[-0.1621];10126.96596;400),(23959.80740;[0.8389];[-0.1111];9496.38177;1;0;[0.8419];[-0.1081];9423.94090;400),(24882.02977;[0.8649];[-0.0851];9087.48448;1;0;[0.8671];[-0.0829];9029.31491;400),(25518.83149;[0.8755];[-0.0745];8661.37557;1;0;[0.8777];[-0.0723];8613.49336;400),(26178.79796;[0.8761];[-0.0739];8282.90996;1;0;[0.8769];[-0.0731];8244.33877;400),(26712.19850;[0.8563];[-0.0937];7821.63778;1;0;[0.8574];[-0.0926];7790.24639;400),(27267.62509;[0.8241];[-0.1259];7375.00594;1;0;[0.8262];[-0.1238];7349.90354;400),(27691.48445;[0.8211];[-0.1289];7364.93789;1;0;[0.8226];[-0.1274];7339.70179;400),(28810.03737;[0.8211];[-0.1289];7364.93789;1;0;[0.8226];[-0.1274];7339.70179;400),(29351.93586;[0.8219];[-0.1281];7362.36493;1;0;[0.8236];[-0.1264];7337.28122;400),(31718.90235;[0.6063];[-0.3437];11005.07440;1;0;[0.5994];[-0.3506];10776.40824;400),(34010.68807;[0.7224];[-0.2276];10707.25836;1;0;[0.7175];[-0.2325];10539.91600;400),(36870.51082;[0.8039];[-0.1461];10148.22595;1;0;[0.8073];[-0.1427];10046.28972;400),(38976.38917;[0.8473];[-0.1027];9450.05368;1;0;[0.8486];[-0.1014];9382.62890;400),(41281.42500;[0.8743];[-0.0757];9035.34475;1;0;[0.8738];[-0.0762];8983.05298;400),(43499.79663;[0.8796];[-0.0704];8466.60283;1;0;[0.8815];[-0.0685];8425.07946;400),(45383.51345;[0.8219];[-0.1281];7362.36493;1;0;[0.8236];[-0.1264];7337.28122;400),(48879.46868;[0.6063];[-0.3437];11005.07440;1;0;[0.5994];[-0.3506];10776.40824;400),(51091.79211;[0.7224];[-0.2276];10707.25836;1;0;[0.7175];[-0.2325];10539.91600;400),(53454.29945;[0.8039];[-0.1461];10148.22595;1;0;[0.8073];[-0.1427];10046.28972;400),(55438.35759;[0.8473];[-0.1027];9450.05368;1;0;[0.8486];[-0.1014];9382.62890;400),(57224.50066;[0.8743];[-0.0757];9035.34475;1;0;[0.8738];[-0.0762];8983.05298;400),(59406.36873;[0.8796];[-0.0704];8466.60283;1;0;[0.8815];[-0.0685];8425.07946;400),(63508.63266;[0.8668];[-0.0832];8055.74495;1;0;[0.8676];[-0.0824];8020.82770;400),(63962.71515;[0.8614];[-0.0886];7845.18917;1;0;[0.8613];[-0.0887];7813.88636;400),(64412.64391;[0.848];[-0.102];7627.34476;1;0;[0.8502];[-0.0998];7599.01402;400),(64863.55376;[0.8255];[-0.1245];7373.67379;1;0;[0.8283];[-0.1217];7348.72395;400),(65277.30227;[0.8211];[-0.1289];7364.93789;1;0;[0.8226];[-0.1274];7339.70179;400),(66068.94994;[0.8219];[-0.1281];7362.36493;1;0;[0.8236];[-0.1264];7337.28122;400),(68430.09305;[0.6076];[-0.3424];11005.13704;1;0;[0.601];[-0.349];10777.27206;400),(70728.00565;[0.7254];[-0.2246];10693.52002;1;0;[0.7198];[-0.2302];10527.61907;400),(72886.25550;[0.8032];[-0.1468];10145.87121;1;0;[0.8069];[-0.1431];10043.77057;400),(75217.39841;[0.8479];[-0.1021];9449.81487;1;0;[0.8493];[-0.1007];9383.12510;400),(77019.94205;[0.8747];[-0.0753];9037.12794;1;0;[0.8741];[-0.0759];8984.81808;400),(79391.44564;[0.8822];[-0.0678];8473.04940;1;0;[0.8836];[-0.0664];8431.58359;400),(83535.81452;[0.8706];[-0.0794];8077.74154;1;0;[0.8713];[-0.0787];8042.78778;400),(83992.78903;[0.8629];[-0.0871];7864.88486;1;0;[0.8638];[-0.0862];7833.46252;400),(84470.99113;[0.8496];[-0.1004];7631.43021;1;0;[0.8515];[-0.0985];7603.13055;400),(85214.88380;[0.8453];[-0.1047];7610.58170;1;0;[0.8471];[-0.1029];7582.33354;400),(85607.66697;[0.8439];[-0.1061];7605.57266;1;0;[0.8461];[-0.1039];7577.24517;400),(85995.22257;[0.8417];[-0.1083];7597.81169;1;0;[0.8442];[-0.1058];7569.46176;400),(86648.66424;[0.8417];[-0.1083];7597.81169;1;0;[0.8442];[-0.1058];7569.46176;400),(87021.24643;[0.8417];[-0.1083];7597.81169;1;0;[0.8442];[-0.1058];7569.46176;400),(89154.13070;[0.6107];[-0.3393];10996.04506;1;0;[0.606];[-0.344];10764.68513;400),(90848.76013;[0.726];[-0.224];10692.91249;1;0;[0.7205];[-0.2295];10527.21645;400),(92693.16268;[0.8032];[-0.1468];10145.87121;1;0;[0.8069];[-0.1431];10043.77057;400),(95082.69668;[0.8478];[-0.1022];9452.27086;1;0;[0.8493];[-0.1007];9384.94080;400),(97392.81344;[0.8656];[-0.0844];9035.40253;1;0;[0.8682];[-0.0818];8980.88705;400),(99044.81626;[0.8817];[-0.0683];8475.71144;1;0;[0.8831];[-0.0669];8434.11336;400),(100721.00616;[0.8417];[-0.1083];7597.81169;1;0;[0.8442];[-0.1058];7569.46176;400),(101223.79565;[0.8417];[-0.1083];7597.81169;1;0;[0.8442];[-0.1058];7569.46176;400),(103142.99965;[0.6107];[-0.3393];10996.04506;1;0;[0.606];[-0.344];10764.68513;400),(104935.44459;[0.7286];[-0.2214];10679.64959;1;0;[0.7221];[-0.2279];10515.50708;400),(107760.02550;[0.8038];[-0.1462];10118.30798;1;0;[0.807];[-0.143];10016.90089;400),(109710.47711;[0.8478];[-0.1022];9452.27086;1;0;[0.8493];[-0.1007];9384.94080;400),(111527.25530;[0.8656];[-0.0844];9035.40253;1;0;[0.8682];[-0.0818];8980.88705;400),(113359.58099;[0.8817];[-0.0683];8475.71144;1;0;[0.8831];[-0.0669];8434.11336;400),(115307.43480;[0.8417];[-0.1083];7597.81169;1;0;[0.8442];[-0.1058];7569.46176;400),(117921.64016;[0.6107];[-0.3393];10996.04506;1;0;[0.606];[-0.344];10764.68513;400),(120269.93132;[0.7286];[-0.2214];10679.64959;1;0;[0.7221];[-0.2279];10515.50708;400),(122227.86975;[0.8038];[-0.1462];10118.30798;1;0;[0.807];[-0.143];10016.90089;400),(124140.99574;[0.8478];[-0.1022];9452.27086;1;0;[0.8493];[-0.1007];9384.94080;400),(125760.51235;[0.8653];[-0.0847];9034.07544;1;0;[0.8673];[-0.0827];8978.70607;400),(127648.26846;[0.8817];[-0.0683];8475.71144;1;0;[0.8831];[-0.0669];8434.11336;400),(131504.92287;[0.8718];[-0.0782];8087.47727;1;0;[0.8724];[-0.0776];8052.42115;400),(131976.68505;[0.8634];[-0.0866];7868.45957;1;0;[0.8643];[-0.0857];7836.99056;400),(132274.84584;[0.8614];[-0.0886];7845.18917;1;0;[0.8613];[-0.0887];7813.88636;400),(132633.30555;[0.8467];[-0.1033];7621.95472;1;0;[0.8481];[-0.1019];7593.56191;400),(133099.52760;[0.8439];[-0.1061];7605.57266;1;0;[0.8461];[-0.1039];7577.24517;400),(133597.06116;[0.8417];[-0.1083];7597.81169;1;0;[0.8442];[-0.1058];7569.46176;400),(133985.90994;[0.8417];[-0.1083];7597.81169;1;0;[0.8442];[-0.1058];7569.46176;400),(134247.51544;[0.8417];[-0.1083];7597.81169;1;0;[0.8442];[-0.1058];7569.46176;400),(136049.96228;[0.6107];[-0.3393];10996.04506;1;0;[0.606];[-0.344];10764.68513;400),(138031.49629;[0.7287];[-0.2213];10679.09413;1;0;[0.7226];[-0.2274];10515.11091;400),(139974.10369;[0.8065];[-0.1435];10127.38461;1;0;[0.8104];[-0.1396];10027.23612;400),(141920.57347;[0.8478];[-0.1022];9452.27086;1;0;[0.8493];[-0.1007];9384.94080;400),(144295.47548;[0.8663];[-0.0837];9049.93801;1;0;[0.8691];[-0.0809];8994.56429;400),(147451.84922;[0.8755];[-0.0745];8604.11973;1;0;[0.8778];[-0.0722];8559.29211;400),(149414.96062;[0.8417];[-0.1083];7597.81169;1;0;[0.8442];[-0.1058];7569.46176;400),(150029.31285;[0.8417];[-0.1083];7597.81169;1;0;[0.8442];[-0.1058];7569.46176;400),(151825.95134;[0.6107];[-0.3393];10996.04506;1;0;[0.606];[-0.344];10764.68513;400),(154123.30294;[0.7306];[-0.2194];10664.44524;1;0;[0.725];[-0.225];10501.87411;400),(156135.18596;[0.8065];[-0.1435];10127.38461;1;0;[0.8104];[-0.1396];10027.23612;400),(158333.28938;[0.8478];[-0.1022];9452.27086;1;0;[0.8493];[-0.1007];9384.94080;400),(160147.31336;[0.8674];[-0.0826];9049.87134;1;0;[0.8697];[-0.0803];8994.61103;400),(162570.16873;[0.8744];[-0.0756];8594.14868;1;0;[0.8769];[-0.0731];8549.36942;400),(164631.41632;[0.8417];[-0.1083];7597.81169;1;0;[0.8442];[-0.1058];7569.46176;400),(166923.33817;[0.6107];[-0.3393];10996.04506;1;0;[0.606];[-0.344];10764.68513;400),(169168.66159;[0.7306];[-0.2194];10664.44524;1;0;[0.725];[-0.225];10501.87411;400),(171600.17705;[0.8065];[-0.1435];10127.38461;1;0;[0.8104];[-0.1396];10027.23612;400),(173355.13902;[0.8478];[-0.1022];9452.27086;1;0;[0.8493];[-0.1007];9384.94080;400),(175971.06242;[0.8663];[-0.0837];9049.93801;1;0;[0.8691];[-0.0809];8994.56429;400),(178127.20037;[0.8744];[-0.0756];8594.14868;1;0;[0.8769];[-0.0731];8549.36942;400),(181655.75457;[0.8719];[-0.0781];8088.79005;1;0;[0.8726];[-0.0774];8053.74430;400),(182149.32108;[0.8668];[-0.0832];8055.74495;1;0;[0.8676];[-0.0824];8020.82770;400),(182518.97430;[0.8614];[-0.0886];7851.61133;1;0;[0.8618];[-0.0882];7820.20975;400),(182872.29705;[0.8467];[-0.1033];7621.95472;1;0;[0.8481];[-0.1019];7593.56191;400),(183290.75670;[0.8439];[-0.1061];7605.57266;1;0;[0.8461];[-0.1039];7577.24517;400),(183596.93432;[0.8439];[-0.1061];7605.57266;1;0;[0.8461];[-0.1039];7577.24517;400),(183989.44783;[0.8417];[-0.1083];7597.81169;1;0;[0.8442];[-0.1058];7569.46176;400),(184277.78697;[0.8417];[-0.1083];7597.81169;1;0;[0.8442];[-0.1058];7569.46176;400),(184650.16532;[0.8417];[-0.1083];7597.81169;1;0;[0.8442];[-0.1058];7569.46176;400),(186388.95988;[0.6107];[-0.3393];10996.04506;1;0;[0.606];[-0.344];10764.68513;400),(188555.45568;[0.7301];[-0.2199];10661.86474;1;0;[0.7241];[-0.2259];10499.15486;400),(190788.72967;[0.8069];[-0.1431];10127.58141;1;0;[0.8109];[-0.1391];10027.53794;400),(192596.68851;[0.8481];[-0.1019];9453.99248;1;0;[0.8495];[-0.1005];9386.68904;400),(194513.27085;[0.8694];[-0.0806];9056.95345;1;0;[0.8706];[-0.0794];9001.69997;400),(196280.54261;[0.8793];[-0.0707];8624.09875;1;0;[0.8819];[-0.0681];8579.36865;400),(198111.83977;[0.8417];[-0.1083];7597.81169;1;0;[0.8442];[-0.1058];7569.46176;400),(200596.74525;[0.6107];[-0.3393];10996.04506;1;0;[0.606];[-0.344];10764.68513;400),(203415.01498;[0.734];[-0.216];10653.06308;1;0;[0.7284];[-0.2216];10492.93396;400),(205172.21069;[0.8056];[-0.1444];10102.20887;1;0;[0.8093];[-0.1407];10000.27922;400),(207080.63054;[0.8511];[-0.0989];9427.42930;1;0;[0.8529];[-0.0971];9362.96176;400),(208753.90530;[0.8694];[-0.0806];9056.95345;1;0;[0.8706];[-0.0794];9001.69997;400),(210540.29298;[0.8778];[-0.0722];8620.03554;1;0;[0.8798];[-0.0702];8575.16143;400),(213707.89814;[0.8735];[-0.0765];8264.30628;1;0;[0.8758];[-0.0742];8225.89164;400),(214298.76828;[0.8697];[-0.0803];8074.95146;1;0;[0.8704];[-0.0796];8039.99184;400),(214822.44611;[0.8621];[-0.0879];7860.05686;1;0;[0.8627];[-0.0873];7828.60178;400),(215207.70097;[0.8583];[-0.0917];7841.67647;1;0;[0.8595];[-0.0905];7810.14633;400),(215686.18178;[0.8417];[-0.1083];7597.81169;1;0;[0.8442];[-0.1058];7569.46176;400),(216156.36396;[0.8417];[-0.1083];7597.81169;1;0;[0.8442];[-0.1058];7569.46176;400),(218069.60249;[0.6107];[-0.3393];10996.04506;1;0;[0.606];[-0.344];10764.68513;400),(220151.55077;[0.7334];[-0.2166];10647.88499;1;0;[0.7273];[-0.2227];10486.68090;400),(221893.50271;[0.8064];[-0.1436];10102.42474;1;0;[0.8107];[-0.1393];10002.63316;400),(223891.12854;[0.8518];[-0.0982];9429.24257;1;0;[0.8538];[-0.0962];9364.89620;400),(225781.85844;[0.8692];[-0.0808];9060.12202;1;0;[0.8703];[-0.0797];9004.77976;400),(228049.92914;[0.8804];[-0.0696];8629.47210;1;0;[0.8823];[-0.0677];8584.69844;400),(231130.60427;[0.8753];[-0.0747];8276.17448;1;0;[0.8767];[-0.0733];8237.68898;400),(231736.08756;[0.8686];[-0.0814];8080.45277;1;0;[0.8699];[-0.0801];8045.32215;400),(232104.18868;[0.8661];[-0.0839];8050.80797;1;0;[0.8664];[-0.0836];8015.80995;400),(232523.43917;[0.862];[-0.088];7850.16857;1;0;[0.8626];[-0.0874];7818.91108;400),(232837.10909;[0.8614];[-0.0886];7845.18917;1;0;[0.8613];[-0.0887];7813.88636;400),(233337.75902;[0.8583];[-0.0917];7841.67647;1;0;[0.8595];[-0.0905];7810.14633;400),(235414.66045;[0.6107];[-0.3393];10996.04506;1;0;[0.606];[-0.344];10764.68513;400),(237509.42135;[0.7347];[-0.2153];10624.23163;1;0;[0.7292];[-0.2208];10464.79598;400),(239267.42482;[0.8064];[-0.1436];10102.42474;1;0;[0.8107];[-0.1393];10002.63316;400),(241417.43684;[0.8518];[-0.0982];9429.24257;1;0;[0.8538];[-0.0962];9364.89620;400),(243257.97725;[0.8705];[-0.0795];9065.10746;1;0;[0.8715];[-0.0785];9009.83861;400),(244898.67973;[0.8815];[-0.0685];8635.44237;1;0;[0.8836];[-0.0664];8590.67404;400),(248174.98446;[0.8772];[-0.0728];8281.68071;1;0;[0.8784];[-0.0716];8243.20769;400),(248772.32122;[0.8709];[-0.0791];8084.67889;1;0;[0.8718];[-0.0782];8049.62104;400),(249241.96792;[0.8678];[-0.0822];8070.81330;1;0;[0.8688];[-0.0812];8035.75912;400),(249741.01591;[0.8614];[-0.0886];7851.61133;1;0;[0.8618];[-0.0882];7820.20975;400),(250069.25964;[0.8583];[-0.0917];7841.67647;1;0;[0.8595];[-0.0905];7810.14633;400),(250874.43471;[0.8583];[-0.0917];7841.67647;1;0;[0.8595];[-0.0905];7810.14633;400),(252800.40312;[0.6107];[-0.3393];10996.04506;1;0;[0.606];[-0.344];10764.68513;400),(255426.17941;[0.7364];[-0.2136];10626.66737;1;0;[0.731];[-0.219];10467.74855;400),(257671.25106;[0.806];[-0.144];10096.37473;1;0;[0.8095];[-0.1405];9996.86875;400),(259840.53731;[0.8518];[-0.0982];9429.24257;1;0;[0.8538];[-0.0962];9364.89620;400),(261752.44451;[0.8711];[-0.0789];9066.04518;1;0;[0.872];[-0.078];9010.76092;400),(263872.06078;[0.8814];[-0.0686];8636.37304;1;0;[0.8837];[-0.0663];8591.53462;400),(265432.47652;[0.8583];[-0.0917];7841.67647;1;0;[0.8595];[-0.0905];7810.14633;400),(266132.72095;[0.8583];[-0.0917];7841.67647;1;0;[0.8595];[-0.0905];7810.14633;400),(268262.46762;[0.6107];[-0.3393];10996.04506;1;0;[0.606];[-0.344];10764.68513;400),(270421.24033;[0.7364];[-0.2136];10626.66737;1;0;[0.731];[-0.219];10467.74855;400),(273321.69676;[0.806];[-0.144];10096.37473;1;0;[0.8095];[-0.1405];9996.86875;400),(275314.42046;[0.8518];[-0.0982];9429.24257;1;0;[0.8538];[-0.0962];9364.89620;400),(277368.93630;[0.8711];[-0.0789];9066.04518;1;0;[0.872];[-0.078];9010.76092;400),(279077.47698;[0.8814];[-0.0686];8636.37304;1;0;[0.8837];[-0.0663];8591.53462;400),(280861.46092;[0.8583];[-0.0917];7841.67647;1;0;[0.8595];[-0.0905];7810.14633;400),(281706.94065;[0.8583];[-0.0917];7841.67647;1;0;[0.8595];[-0.0905];7810.14633;400),(283626.62268;[0.6107];[-0.3393];10996.04506;1;0;[0.606];[-0.344];10764.68513;400),(286555.90820;[0.7359];[-0.2141];10605.69516;1;0;[0.7299];[-0.2201];10448.12922;400),(288549.01671;[0.8094];[-0.1406];10087.00747;1;0;[0.8136];[-0.1364];9987.41538;400),(290680.45783;[0.8518];[-0.0982];9429.24257;1;0;[0.8538];[-0.0962];9364.89620;400),(292602.50092;[0.8711];[-0.0789];9066.04518;1;0;[0.872];[-0.078];9010.76092;400),(294868.69645;[0.8814];[-0.0686];8636.37304;1;0;[0.8837];[-0.0663];8591.53462;400),(296839.28275;[0.8583];[-0.0917];7841.67647;1;0;[0.8595];[-0.0905];7810.14633;400),(299340.77597;[0.6107];[-0.3393];10996.04506;1;0;[0.606];[-0.344];10764.68513;400),(302164.53075;[0.7359];[-0.2141];10605.69516;1;0;[0.7299];[-0.2201];10448.12922;400),(304079.36597;[0.8094];[-0.1406];10087.00747;1;0;[0.8136];[-0.1364];9987.41538;400),(306251.97053;[0.8518];[-0.0982];9429.24257;1;0;[0.8538];[-0.0962];9364.89620;400),(308560.07195;[0.8711];[-0.0789];9066.04518;1;0;[0.872];[-0.078];9010.76092;400),(310612.51640;[0.8814];[-0.0686];8636.37304;1;0;[0.8837];[-0.0663];8591.53462;400),(314362.03098;[0.8782];[-0.0718];8283.97110;1;0;[0.8799];[-0.0701];8245.62023;400),(314753.05843;[0.8718];[-0.0782];8087.47727;1;0;[0.8724];[-0.0776];8052.42115;400),(315080.80506;[0.8702];[-0.0798];8074.59135;1;0;[0.8709];[-0.0791];8039.68432;400),(315698.41981;[0.8674];[-0.0826];8053.44120;1;0;[0.8682];[-0.0818];8018.67566;400),(316058.39229;[0.8652];[-0.0848];8043.21794;1;0;[0.8648];[-0.0852];8008.20706;400),(316397.40992;[0.8583];[-0.0917];7841.67647;1;0;[0.8595];[-0.0905];7810.14633;400),(318685.89544;[0.6135];[-0.3365];11001.17081;1;0;[0.6081];[-0.3419];10770.73021;400),(320724.96152;[0.7381];[-0.2119];10611.10349;1;0;[0.7328];[-0.2172];10453.61644;400),(322597.83316;[0.8089];[-0.1411];10085.40893;1;0;[0.8134];[-0.1366];9985.74468;400),(324354.93851;[0.8504];[-0.0996];9428.02326;1;0;[0.8526];[-0.0974];9363.38266;400),(326058.93540;[0.8699];[-0.0801];9066.85914;1;0;[0.8712];[-0.0788];9011.46291;400),(327675.07315;[0.8817];[-0.0683];8637.91037;1;0;[0.8835];[-0.0665];8593.12070;400),(330806.60009;[0.8783];[-0.0717];8289.06588;1;0;[0.8803];[-0.0697];8250.59338;400),(331158.53214;[0.8735];[-0.0765];8264.30628;1;0;[0.8758];[-0.0742];8225.89164;400),(331628.83568;[0.871];[-0.079];8077.54257;1;0;[0.8721];[-0.0779];8042.64572;400),(332040.69901;[0.8673];[-0.0827];8065.90874;1;0;[0.868];[-0.082];8030.86114;400),(332404.73557;[0.8661];[-0.0839];8050.80797;1;0;[0.8664];[-0.0836];8015.80995;400),(332749.61329;[0.8652];[-0.0848];8043.21794;1;0;[0.8648];[-0.0852];8008.20706;400),(333281.45838;[0.8652];[-0.0848];8043.21794;1;0;[0.8648];[-0.0852];8008.20706;400),(335212.99839;[0.6147];[-0.3353];11003.98680;1;0;[0.6098];[-0.3402];10773.91816;400),(337254.45461;[0.7364];[-0.2136];10589.28603;1;0;[0.7304];[-0.2196];10431.96787;400),(338756.97398;[0.8089];[-0.1411];10085.40893;1;0;[0.8134];[-0.1366];9985.74468;400),(340641.72697;[0.8504];[-0.0996];9428.02326;1;0;[0.8526];[-0.0974];9363.38266;400),(342412.79435;[0.8705];[-0.0795];9068.25227;1;0;[0.8717];[-0.0783];9012.83695;400),(344042.11473;[0.8818];[-0.0682];8639.53500;1;0;[0.8839];[-0.0661];8594.73042;400),(346292.91964;[0.8652];[-0.0848];8043.21794;1;0;[0.8648];[-0.0852];8008.20706;400),(347187.51740;[0.8652];[-0.0848];8043.21794;1;0;[0.8648];[-0.0852];8008.20706;400),(349048.19751;[0.6186];[-0.3314];11023.31994;1;0;[0.6127];[-0.3373];10795.73326;400),(354979.69007;[0.6284];[-0.3216];11054.65465;1;0;[0.6207];[-0.3293];10833.60416;800),(358168.65802;[0.6284];[-0.3216];11054.65465;1;0;[0.6207];[-0.3293];10833.60416;800),(361505.34129;[0.6284];[-0.3216];11054.65465;1;0;[0.6207];[-0.3293];10833.60416;800),(365368.31141;[0.6284];[-0.3216];11054.65465;1;0;[0.6207];[-0.3293];10833.60416;800),(368518.44478;[0.6284];[-0.3216];11054.65465;1;0;[0.6207];[-0.3293];10833.60416;800),(371858.40964;[0.6284];[-0.3216];11054.65465;1;0;[0.6207];[-0.3293];10833.60416;800),(375467.49043;[0.6284];[-0.3216];11054.65465;1;0;[0.6207];[-0.3293];10833.60416;800),(378814.94331;[0.6284];[-0.3216];11054.65465;1;0;[0.6207];[-0.3293];10833.60416;800),(379367.69795;[0.7867];[-0.1633];10263.96149;1;0;[0.7843];[-0.1657];10143.13905;800),(380179.02517;[0.8356];[-0.1144];9522.65738;1;0;[0.8377];[-0.1123];9448.41449;800),(380747.84112;[0.8704];[-0.0796];9139.91361;1;0;[0.8707];[-0.0793];9085.98119;800),(381219.56086;[0.8804];[-0.0696];8787.51022;1;0;[0.8824];[-0.0676];8739.68437;800),(381601.27139;[0.8798];[-0.0702];8466.13253;1;0;[0.8814];[-0.0686];8424.60525;800),(382063.95721;[0.8709];[-0.0791];8084.67889;1;0;[0.8718];[-0.0782];8049.62104;800),(382468.18995;[0.8255];[-0.1245];7373.67379;1;0;[0.8283];[-0.1217];7348.72395;800),(382861.28759;[0.824];[-0.126];7368.62240;1;0;[0.826];[-0.124];7343.62126;800),(386280.89619;[0.6284];[-0.3216];11054.65465;1;0;[0.6207];[-0.3293];10833.60416;800),(390044.88492;[0.7411];[-0.2089];10594.32557;1;0;[0.7355];[-0.2145];10438.63947;800),(393252.95854;[0.8111];[-0.1389];10072.72221;1;0;[0.8155];[-0.1345];9976.69170;800),(395967.67640;[0.8512];[-0.0988];9425.39008;1;0;[0.8531];[-0.0969];9361.05272;800),(399058.86912;[0.8675];[-0.0825];9044.88027;1;0;[0.8696];[-0.0804];8990.34671;800),(402441.74862;[0.8805];[-0.0695];8636.23024;1;0;[0.8827];[-0.0673];8591.33965;800),(405369.00687;[0.8732];[-0.0768];8264.50524;1;0;[0.8753];[-0.0747];8226.03369;800),(411131.42443;[0.8641];[-0.0859];7868.48810;1;0;[0.8651];[-0.0849];7837.07655;800),(411660.30216;[0.8504];[-0.0996];7630.98949;1;0;[0.8522];[-0.0978];7602.75772;800),(412062.48379;[0.8417];[-0.1083];7597.81169;1;0;[0.8442];[-0.1058];7569.46176;800),(412598.42706;[0.824];[-0.126];7368.62240;1;0;[0.826];[-0.124];7343.62126;800),(412995.75257;[0.824];[-0.126];7368.62240;1;0;[0.826];[-0.124];7343.62126;800),(416227.75888;[0.6284];[-0.3216];11054.65465;1;0;[0.6207];[-0.3293];10833.60416;800),(419710.20937;[0.7391];[-0.2109];10583.88762;1;0;[0.7333];[-0.2167];10428.38016;800),(423246.02628;[0.8139];[-0.1361];10066.08903;1;0;[0.8178];[-0.1322];9970.17461;800),(426373.02613;[0.8512];[-0.0988];9425.39008;1;0;[0.8531];[-0.0969];9361.05272;800),(430298.70486;[0.8691];[-0.0809];9054.20137;1;0;[0.8702];[-0.0798];8998.97874;800),(433415.59196;[0.8818];[-0.0682];8639.53500;1;0;[0.8839];[-0.0661];8594.73042;800),(436275.89393;[0.8759];[-0.0741];8276.09719;1;0;[0.877];[-0.073];8237.66983;800),(442314.98861;[0.8634];[-0.0866];7868.45957;1;0;[0.8643];[-0.0857];7836.99056;800),(442695.32895;[0.8614];[-0.0886];7845.18917;1;0;[0.8613];[-0.0887];7813.88636;800),(443129.97818;[0.8462];[-0.1038];7610.15158;1;0;[0.8475];[-0.1025];7581.98491;800),(443629.40645;[0.8417];[-0.1083];7597.81169;1;0;[0.8442];[-0.1058];7569.46176;800),(443977.46778;[0.8417];[-0.1083];7597.81169;1;0;[0.8442];[-0.1058];7569.46176;800),(446972.86248;[0.6284];[-0.3216];11054.65465;1;0;[0.6207];[-0.3293];10833.60416;800),(450611.29856;[0.7406];[-0.2094];10582.02470;1;0;[0.735];[-0.215];10427.13139;800),(453990.23533;[0.8139];[-0.1361];10066.08903;1;0;[0.8178];[-0.1322];9970.17461;800),(457131.83141;[0.8512];[-0.0988];9425.39008;1;0;[0.8531];[-0.0969];9361.05272;800),(460369.98725;[0.8694];[-0.0806];9056.95345;1;0;[0.8706];[-0.0794];9001.69997;800),(463439.82220;[0.8828];[-0.0672];8640.65244;1;0;[0.8849];[-0.0651];8595.94881;800),(466440.06848;[0.8766];[-0.0734];8279.54554;1;0;[0.8771];[-0.0729];8241.06905;800),(472548.35176;[0.8654];[-0.0846];7871.11528;1;0;[0.8659];[-0.0841];7839.71799;800),(473014.70637;[0.8614];[-0.0886];7851.61133;1;0;[0.8618];[-0.0882];7820.20975;800),(473362.63442;[0.8488];[-0.1012];7626.74289;1;0;[0.8505];[-0.0995];7598.47573;800),(473711.05242;[0.8417];[-0.1083];7597.81169;1;0;[0.8442];[-0.1058];7569.46176;800),(474209.88107;[0.8417];[-0.1083];7597.81169;1;0;[0.8442];[-0.1058];7569.46176;800),(476991.45985;[0.6281];[-0.3219];11050.31456;1;0;[0.6206];[-0.3294];10828.32496;800),(480049.90196;[0.7406];[-0.2094];10582.02470;1;0;[0.735];[-0.215];10427.13139;800),(483483.34789;[0.8136];[-0.1364];10065.44119;1;0;[0.8174];[-0.1326];9969.50041;800),(486592.63682;[0.8512];[-0.0988];9425.39008;1;0;[0.8531];[-0.0969];9361.05272;800),(490084.73325;[0.8701];[-0.0799];9058.94867;1;0;[0.8712];[-0.0788];9003.76561;800),(493055.73440;[0.8828];[-0.0672];8640.65244;1;0;[0.8849];[-0.0651];8595.94881;800),(496233.40583;[0.8772];[-0.0728];8281.68071;1;0;[0.8784];[-0.0716];8243.20769;800),(499311.10263;[0.8417];[-0.1083];7597.81169;1;0;[0.8442];[-0.1058];7569.46176;800),(502580.67679;[0.6281];[-0.3219];11050.31456;1;0;[0.6206];[-0.3294];10828.32496;800),(505897.56155;[0.7406];[-0.2094];10582.02470;1;0;[0.735];[-0.215];10427.13139;800),(509316.33902;[0.8136];[-0.1364];10065.44119;1;0;[0.8174];[-0.1326];9969.50041;800),(512308.89893;[0.8512];[-0.0988];9425.39008;1;0;[0.8531];[-0.0969];9361.05272;800),(515267.44199;[0.8701];[-0.0799];9058.94867;1;0;[0.8712];[-0.0788];9003.76561;800),(518144.68527;[0.8828];[-0.0672];8640.65244;1;0;[0.8849];[-0.0651];8595.94881;800),(521294.12365;[0.8772];[-0.0728];8281.68071;1;0;[0.8784];[-0.0716];8243.20769;800),(527288.34295;[0.8661];[-0.0839];8050.80797;1;0;[0.8664];[-0.0836];8015.80995;800),(527794.46530;[0.8615];[-0.0885];7852.27271;1;0;[0.862];[-0.088];7820.88471;800),(528104.43711;[0.8488];[-0.1012];7626.74289;1;0;[0.8505];[-0.0995];7598.47573;800),(528446.55037;[0.8417];[-0.1083];7597.81169;1;0;[0.8442];[-0.1058];7569.46176;800),(531739.53128;[0.6281];[-0.3219];11050.31456;1;0;[0.6206];[-0.3294];10828.32496;800),(534918.06436;[0.7406];[-0.2094];10582.02470;1;0;[0.735];[-0.215];10427.13139;800),(537881.17480;[0.8136];[-0.1364];10065.44119;1;0;[0.8174];[-0.1326];9969.50041;800),(541113.96766;[0.8512];[-0.0988];9425.39008;1;0;[0.8531];[-0.0969];9361.05272;800),(544125.57578;[0.8692];[-0.0808];9060.12202;1;0;[0.8703];[-0.0797];9004.77976;800),(547479.73752;[0.8828];[-0.0672];8640.65244;1;0;[0.8849];[-0.0651];8595.94881;800),(551018.26954;[0.8782];[-0.0718];8283.11080;1;0;[0.8802];[-0.0698];8244.74351;800),(557203.81737;[0.8673];[-0.0827];8065.90874;1;0;[0.868];[-0.082];8030.86114;800),(557761.44671;[0.8621];[-0.0879];7860.05686;1;0;[0.8627];[-0.0873];7828.60178;800),(558346.41480;[0.8467];[-0.1033];7621.95472;1;0;[0.8481];[-0.1019];7593.56191;800),(558740.89575;[0.8468];[-0.1032];7608.36170;1;0;[0.8483];[-0.1017];7580.26805;800),(559036.02362;[0.8439];[-0.1061];7605.57266;1;0;[0.8461];[-0.1039];7577.24517;800),(559325.76942;[0.8417];[-0.1083];7597.81169;1;0;[0.8442];[-0.1058];7569.46176;800),(559662.59909;[0.8417];[-0.1083];7597.81169;1;0;[0.8442];[-0.1058];7569.46176;800),(562687.41465;[0.6338];[-0.3162];11063.16922;1;0;[0.6267];[-0.3233];10846.21354;800),(565867.82265;[0.7415];[-0.2085];10579.26245;1;0;[0.7351];[-0.2149];10425.17202;800),(568842.58676;[0.8154];[-0.1346];10061.04590;1;0;[0.8195];[-0.1305];9967.64414;800),(572335.60276;[0.8482];[-0.1018];9403.95544;1;0;[0.8501];[-0.0999];9339.31318;800),(575148.57340;[0.8697];[-0.0803];9063.08926;1;0;[0.8711];[-0.0789];9007.75330;800),(578304.30055;[0.8713];[-0.0787];8641.26996;1;0;[0.8736];[-0.0764];8593.54399;800),(581217.72194;[0.8772];[-0.0728];8286.30751;1;0;[0.8782];[-0.0718];8247.74200;800),(583839.30159;[0.8417];[-0.1083];7597.81169;1;0;[0.8442];[-0.1058];7569.46176;800),(584457.12662;[0.8417];[-0.1083];7597.81169;1;0;[0.8442];[-0.1058];7569.46176;800),(587514.81056;[0.632];[-0.318];11058.53693;1;0;[0.6241];[-0.3259];10838.85717;800),(591224.01309;[0.7417];[-0.2083];10579.45875;1;0;[0.7355];[-0.2145];10425.45195;800),(594358.90460;[0.8154];[-0.1346];10061.04590;1;0;[0.8195];[-0.1305];9967.64414;800),(597572.52884;[0.8482];[-0.1018];9403.95544;1;0;[0.8501];[-0.0999];9339.31318;800)]"
3,9,10298.06180479749,0.84169,1,1,[0.9503],[0.0003],601353.5647392273,"[(3756.26659;[0.7142];[-0.2358];12114.69722;1;0;[0.713];[-0.237];12129.15077;100),(5233.35290;[0.7142];[-0.2358];12114.69722;1;0;[0.713];[-0.237];12129.15077;100),(7061.22041;[0.7411];[-0.2089];12202.16485;1;0;[0.7411];[-0.2089];12216.46659;200),(10195.44959;[0.7707];[-0.1793];12219.56445;1;0;[0.7664];[-0.1836];12235.01421;400),(11947.18742;[0.7707];[-0.1793];12219.56445;1;0;[0.7664];[-0.1836];12235.01421;400),(13505.90873;[0.7707];[-0.1793];12219.56445;1;0;[0.7664];[-0.1836];12235.01421;400),(15609.53689;[0.7707];[-0.1793];12219.56445;1;0;[0.7664];[-0.1836];12235.01421;400),(17487.79011;[0.7707];[-0.1793];12219.56445;1;0;[0.7664];[-0.1836];12235.01421;400),(19239.17127;[0.7707];[-0.1793];12219.56445;1;0;[0.7664];[-0.1836];12235.01421;400),(21005.77664;[0.7707];[-0.1793];12219.56445;1;0;[0.7664];[-0.1836];12235.01421;400),(21758.23665;[0.8862];[-0.0638];11551.07147;1;0;[0.8853];[-0.0647];11535.85096;400),(22812.06274;[0.9546];[0.0046];10280.35644;1;1;[0.9524];[0.0024];10272.51669;400),(23671.11516;[0.9185];[-0.0315];11048.10811;1;0;[0.9193];[-0.0307];11036.72143;400),(24212.84509;[0.9324];[-0.0176];10768.24033;1;0;[0.9319];[-0.0181];10758.20813;400),(24730.84760;[0.9399];[-0.0101];10588.58052;1;0;[0.9377];[-0.0123];10579.71757;400),(25316.88285;[0.9429];[-0.0071];10382.34201;1;0;[0.9422];[-0.0078];10374.18026;400),(25937.23893;[0.9443];[-0.0057];10342.83074;1;0;[0.9434];[-0.0066];10335.34835;400),(26651.48759;[0.9426];[-0.0074];10306.11714;1;0;[0.9409];[-0.0091];10297.45659;400),(27710.48522;[0.9508];[0.0008];10300.97267;1;0;[0.9494];[-0.0006];10292.31622;400),(28532.81260;[0.9515];[0.0015];10304.94246;1;0;[0.9497];[-0.0003];10296.26227;400),(29074.67866;[0.9516];[0.0016];10306.44674;1;1;[0.95];[0.];10297.78221;400),(29972.43452;[0.9522];[0.0022];10306.71011;1;1;[0.9503];[0.0003];10298.06180;400),(30815.93013;[0.9522];[0.0022];10306.71011;1;1;[0.9503];[0.0003];10298.06180;400),(31616.27603;[0.9429];[-0.0071];10305.61082;1;0;[0.9411];[-0.0089];10296.96190;400),(32464.39028;[0.9522];[0.0022];10306.71011;1;1;[0.9503];[0.0003];10298.06180;400),(33031.35014;[0.9429];[-0.0071];10305.61082;1;0;[0.9411];[-0.0089];10296.96190;400),(34072.91555;[0.9522];[0.0022];10306.71011;1;1;[0.9503];[0.0003];10298.06180;400),(41763.69524;[0.7481];[-0.2019];12213.12927;1;0;[0.7459];[-0.2041];12227.83299;800),(46195.47009;[0.7481];[-0.2019];12213.12927;1;0;[0.7459];[-0.2041];12227.83299;800),(49708.23812;[0.7481];[-0.2019];12213.12927;1;0;[0.7459];[-0.2041];12227.83299;800),(53546.36121;[0.7481];[-0.2019];12213.12927;1;0;[0.7459];[-0.2041];12227.83299;800),(57443.01105;[0.7481];[-0.2019];12213.12927;1;0;[0.7459];[-0.2041];12227.83299;800),(60765.25235;[0.7481];[-0.2019];12213.12927;1;0;[0.7459];[-0.2041];12227.83299;800),(64063.22885;[0.7481];[-0.2019];12213.12927;1;0;[0.7459];[-0.2041];12227.83299;800),(67916.92090;[0.7481];[-0.2019];12213.12927;1;0;[0.7459];[-0.2041];12227.83299;800),(68438.06767;[0.8827];[-0.0673];11490.70752;1;0;[0.8815];[-0.0685];11475.79266;800),(69369.53568;[0.949];[-0.001];10217.47069;1;0;[0.9466];[-0.0034];10209.18570;800),(69982.02610;[0.9699];[0.0199];9814.91262;1;1;[0.9687];[0.0187];9808.19564;800),(70346.36903;[0.9591];[0.0091];10050.59674;1;1;[0.9556];[0.0056];10043.23728;800),(71235.81624;[0.9516];[0.0016];10115.16057;1;0;[0.9488];[-0.0012];10107.02275;800),(71859.20405;[0.9519];[0.0019];10183.74933;1;0;[0.9493];[-0.0007];10175.00366;800),(72470.40200;[0.952];[0.002];10193.13608;1;0;[0.9494];[-0.0006];10184.45875;800),(73142.75074;[0.9495];[-0.0005];10208.07832;1;0;[0.9476];[-0.0024];10198.55273;800),(73809.39317;[0.9487];[-0.0013];10200.49810;1;0;[0.9467];[-0.0033];10190.89184;800),(74328.30715;[0.952];[0.002];10193.13608;1;0;[0.9494];[-0.0006];10184.45875;800),(74934.48973;[0.9479];[-0.0021];10195.50680;1;0;[0.9461];[-0.0039];10185.86050;800),(75555.04155;[0.9525];[0.0025];10193.71687;1;0;[0.9498];[-0.0002];10185.08897;800),(76201.98750;[0.9482];[-0.0018];10195.25136;1;0;[0.9463];[-0.0037];10185.61969;800),(76923.82932;[0.9525];[0.0025];10193.71687;1;0;[0.9498];[-0.0002];10185.08897;800),(77663.86676;[0.9482];[-0.0018];10195.25136;1;0;[0.9463];[-0.0037];10185.61969;800),(78524.19376;[0.9525];[0.0025];10193.71687;1;0;[0.9498];[-0.0002];10185.08897;800),(81722.89801;[0.7481];[-0.2019];12213.12927;1;0;[0.7459];[-0.2041];12227.83299;800),(84730.54576;[0.8245];[-0.1255];12052.08145;1;0;[0.8208];[-0.1292];12052.60998;800),(88391.85548;[0.8726];[-0.0774];11609.17265;1;0;[0.8709];[-0.0791];11592.76385;800),(91381.70385;[0.9084];[-0.0416];11114.60415;1;0;[0.9064];[-0.0436];11101.36025;800),(94121.41347;[0.9319];[-0.0181];10763.26851;1;0;[0.931];[-0.019];10753.09109;800),(97547.44530;[0.946];[-0.004];10366.24569;1;0;[0.9446];[-0.0054];10357.21610;800),(100661.78608;[0.948];[-0.002];10258.49925;1;0;[0.9461];[-0.0039];10249.55736;800),(104424.45159;[0.9525];[0.0025];10193.71687;1;0;[0.9498];[-0.0002];10185.08897;800),(107654.45232;[0.9499];[-0.0001];10222.40986;1;0;[0.947];[-0.003];10214.22110;800),(108084.72800;[0.9699];[0.0199];9819.00093;1;1;[0.9687];[0.0187];9812.29071;800),(108781.00324;[0.959];[0.009];10052.57131;1;1;[0.9552];[0.0052];10045.21128;800),(109334.89966;[0.9524];[0.0024];10138.25065;1;0;[0.9497];[-0.0003];10130.17491;800),(109686.07593;[0.9518];[0.0018];10187.64255;1;0;[0.949];[-0.001];10178.89657;800),(110388.06033;[0.952];[0.002];10193.13608;1;0;[0.9494];[-0.0006];10184.45875;800),(111112.98561;[0.9494];[-0.0006];10211.25330;1;0;[0.9473];[-0.0027];10201.71840;800),(111477.72765;[0.9498];[-0.0002];10207.34859;1;0;[0.9477];[-0.0023];10197.82792;800),(112195.08266;[0.9489];[-0.0011];10200.82263;1;0;[0.947];[-0.003];10191.22309;800),(112863.06691;[0.9482];[-0.0018];10195.25136;1;0;[0.9463];[-0.0037];10185.61969;800),(113517.41481;[0.9525];[0.0025];10193.71687;1;0;[0.9498];[-0.0002];10185.08897;800),(114032.81498;[0.9525];[0.0025];10193.71687;1;0;[0.9498];[-0.0002];10185.08897;800),(114607.22685;[0.9525];[0.0025];10193.71687;1;0;[0.9498];[-0.0002];10185.08897;800),(115266.49523;[0.9482];[-0.0018];10195.06259;1;0;[0.9463];[-0.0037];10185.42584;800),(116168.30564;[0.9482];[-0.0018];10195.25136;1;0;[0.9463];[-0.0037];10185.61969;800),(119084.70345;[0.7481];[-0.2019];12213.12927;1;0;[0.7459];[-0.2041];12227.83299;800),(122856.54926;[0.833];[-0.117];12042.20430;1;0;[0.8301];[-0.1199];12040.68568;800),(126882.62868;[0.8739];[-0.0761];11590.44506;1;0;[0.8717];[-0.0783];11573.81464;800),(130612.68854;[0.9079];[-0.0421];11107.94745;1;0;[0.9055];[-0.0445];11094.64641;800),(134047.14775;[0.9315];[-0.0185];10756.08716;1;0;[0.9306];[-0.0194];10745.85979;800),(137750.28205;[0.946];[-0.004];10366.06953;1;0;[0.9445];[-0.0055];10357.03694;800),(140886.35373;[0.948];[-0.002];10258.49925;1;0;[0.9461];[-0.0039];10249.55736;800),(144389.57047;[0.9482];[-0.0018];10195.25136;1;0;[0.9463];[-0.0037];10185.61969;800),(144782.03130;[0.969];[0.019];9801.05739;1;1;[0.9676];[0.0176];9794.21476;800),(145491.57834;[0.959];[0.009];10026.42629;1;1;[0.9558];[0.0058];10017.69595;800),(146015.21349;[0.9578];[0.0078];10109.79280;1;1;[0.9548];[0.0048];10101.54106;800),(146597.45979;[0.9542];[0.0042];10165.20769;1;1;[0.9512];[0.0012];10157.34097;800),(147195.72735;[0.9518];[0.0018];10187.64255;1;0;[0.949];[-0.001];10178.89657;800),(147877.99573;[0.952];[0.002];10193.13608;1;0;[0.9494];[-0.0006];10184.45875;800),(148344.84982;[0.952];[0.002];10193.13608;1;0;[0.9494];[-0.0006];10184.45875;800),(148784.45125;[0.952];[0.002];10193.13608;1;0;[0.9494];[-0.0006];10184.45875;800),(149428.78151;[0.952];[0.002];10193.13608;1;0;[0.9494];[-0.0006];10184.45875;800),(149970.30663;[0.9525];[0.0025];10193.71687;1;0;[0.9498];[-0.0002];10185.08897;800),(150543.26534;[0.9525];[0.0025];10193.71687;1;0;[0.9498];[-0.0002];10185.08897;800),(151064.44263;[0.9525];[0.0025];10193.71687;1;0;[0.9498];[-0.0002];10185.08897;800),(151706.35533;[0.9525];[0.0025];10193.71687;1;0;[0.9498];[-0.0002];10185.08897;800),(152286.08012;[0.9482];[-0.0018];10195.25136;1;0;[0.9463];[-0.0037];10185.61969;800),(155061.79953;[0.7481];[-0.2019];12213.12927;1;0;[0.7459];[-0.2041];12227.83299;800),(158529.11067;[0.833];[-0.117];12042.20430;1;0;[0.8301];[-0.1199];12040.68568;800),(162697.08276;[0.8739];[-0.0761];11590.44506;1;0;[0.8717];[-0.0783];11573.81464;800),(166226.66669;[0.9079];[-0.0421];11107.94745;1;0;[0.9055];[-0.0445];11094.64641;800),(169421.55647;[0.9315];[-0.0185];10756.08716;1;0;[0.9306];[-0.0194];10745.85979;800),(173028.69201;[0.946];[-0.004];10366.06953;1;0;[0.9445];[-0.0055];10357.03694;800),(176123.05903;[0.948];[-0.002];10258.49925;1;0;[0.9461];[-0.0039];10249.55736;800),(180217.66019;[0.9482];[-0.0018];10195.25136;1;0;[0.9463];[-0.0037];10185.61969;800),(180674.59798;[0.969];[0.019];9801.05739;1;1;[0.9676];[0.0176];9794.21476;800),(181440.28115;[0.959];[0.009];10026.42629;1;1;[0.9558];[0.0058];10017.69595;800),(182008.85105;[0.9578];[0.0078];10109.79280;1;1;[0.9548];[0.0048];10101.54106;800),(182465.23643;[0.9542];[0.0042];10165.20769;1;1;[0.9512];[0.0012];10157.34097;800),(183180.63283;[0.9518];[0.0018];10187.64255;1;0;[0.949];[-0.001];10178.89657;800),(183750.69332;[0.952];[0.002];10193.13608;1;0;[0.9494];[-0.0006];10184.45875;800),(184369.16924;[0.952];[0.002];10193.13608;1;0;[0.9494];[-0.0006];10184.45875;800),(184960.34360;[0.952];[0.002];10193.13608;1;0;[0.9494];[-0.0006];10184.45875;800),(185500.31400;[0.9525];[0.0025];10193.71687;1;0;[0.9498];[-0.0002];10185.08897;800),(186081.48885;[0.9525];[0.0025];10193.71687;1;0;[0.9498];[-0.0002];10185.08897;800),(186639.57977;[0.9525];[0.0025];10193.71687;1;0;[0.9498];[-0.0002];10185.08897;800),(187277.90499;[0.9525];[0.0025];10193.71687;1;0;[0.9498];[-0.0002];10185.08897;800),(188011.62243;[0.9525];[0.0025];10193.71687;1;0;[0.9498];[-0.0002];10185.08897;800),(188986.97829;[0.9525];[0.0025];10193.71687;1;0;[0.9498];[-0.0002];10185.08897;800),(191855.30305;[0.7481];[-0.2019];12213.12927;1;0;[0.7459];[-0.2041];12227.83299;800),(194601.61662;[0.833];[-0.117];12042.20430;1;0;[0.8301];[-0.1199];12040.68568;800),(198493.06059;[0.8739];[-0.0761];11590.44506;1;0;[0.8717];[-0.0783];11573.81464;800),(201851.59612;[0.9079];[-0.0421];11107.94745;1;0;[0.9055];[-0.0445];11094.64641;800),(205141.80827;[0.9315];[-0.0185];10756.08716;1;0;[0.9306];[-0.0194];10745.85979;800),(208678.19095;[0.946];[-0.004];10366.06953;1;0;[0.9445];[-0.0055];10357.03694;800),(211756.93822;[0.948];[-0.002];10258.49925;1;0;[0.9461];[-0.0039];10249.55736;800),(215759.23705;[0.9525];[0.0025];10193.71687;1;0;[0.9498];[-0.0002];10185.08897;800),(218697.59440;[0.9496];[-0.0004];10225.45923;1;0;[0.9469];[-0.0031];10217.23627;800),(219132.00617;[0.9701];[0.0201];9819.91706;1;1;[0.9688];[0.0188];9813.25298;800),(219521.97790;[0.9594];[0.0094];10055.56750;1;1;[0.9562];[0.0062];10048.26062;800),(220396.59119;[0.9529];[0.0029];10141.95449;1;1;[0.95];[0.];10133.90676;800),(220894.16599;[0.9518];[0.0018];10187.64255;1;0;[0.949];[-0.001];10178.89657;800),(221466.07709;[0.9521];[0.0021];10193.45157;1;0;[0.9497];[-0.0003];10184.80949;800),(222135.92196;[0.9494];[-0.0006];10211.25330;1;0;[0.9473];[-0.0027];10201.71840;800),(222669.73042;[0.9498];[-0.0002];10207.34859;1;0;[0.9477];[-0.0023];10197.82792;800),(223340.34038;[0.9489];[-0.0011];10200.82263;1;0;[0.947];[-0.003];10191.22309;800),(224091.52961;[0.9482];[-0.0018];10195.25136;1;0;[0.9463];[-0.0037];10185.61969;800),(224837.72421;[0.9525];[0.0025];10193.71687;1;0;[0.9498];[-0.0002];10185.08897;800),(225416.20207;[0.9525];[0.0025];10193.71687;1;0;[0.9498];[-0.0002];10185.08897;800),(226120.31579;[0.9482];[-0.0018];10195.25136;1;0;[0.9463];[-0.0037];10185.61969;800),(226933.25377;[0.9525];[0.0025];10193.71687;1;0;[0.9498];[-0.0002];10185.08897;800),(227559.70025;[0.9482];[-0.0018];10195.25136;1;0;[0.9463];[-0.0037];10185.61969;800),(230061.59472;[0.7481];[-0.2019];12213.12927;1;0;[0.7459];[-0.2041];12227.83299;800),(233314.97335;[0.8417];[-0.1083];12035.55117;1;0;[0.8397];[-0.1103];12033.92406;800),(236759.08589;[0.8745];[-0.0755];11589.64250;1;0;[0.8719];[-0.0781];11572.99436;800),(240365.28158;[0.9106];[-0.0394];11096.04599;1;0;[0.9089];[-0.0411];11083.65208;800),(243653.89919;[0.9315];[-0.0185];10756.08716;1;0;[0.9306];[-0.0194];10745.85979;800),(247734.41386;[0.9459];[-0.0041];10363.26250;1;0;[0.9441];[-0.0059];10354.19963;800),(251158.93841;[0.948];[-0.002];10258.49925;1;0;[0.9461];[-0.0039];10249.55736;800),(254401.95179;[0.9482];[-0.0018];10195.25136;1;0;[0.9463];[-0.0037];10185.61969;800),(254808.77328;[0.9689];[0.0189];9807.98779;1;1;[0.9675];[0.0175];9801.15010;800),(255232.04041;[0.9594];[0.0094];10030.60449;1;1;[0.9566];[0.0066];10021.91700;800),(255857.56779;[0.9578];[0.0078];10109.79280;1;1;[0.9548];[0.0048];10101.54106;800),(256426.93353;[0.9542];[0.0042];10165.20769;1;1;[0.9512];[0.0012];10157.34097;800),(257237.07604;[0.9518];[0.0018];10187.64255;1;0;[0.949];[-0.001];10178.89657;800),(257800.40026;[0.952];[0.002];10193.13608;1;0;[0.9494];[-0.0006];10184.45875;800),(258237.10895;[0.952];[0.002];10193.13608;1;0;[0.9494];[-0.0006];10184.45875;800),(258825.60515;[0.952];[0.002];10193.13608;1;0;[0.9494];[-0.0006];10184.45875;800),(259411.79252;[0.952];[0.002];10193.13608;1;0;[0.9494];[-0.0006];10184.45875;800),(259988.90996;[0.952];[0.002];10193.13608;1;0;[0.9494];[-0.0006];10184.45875;800),(260536.63802;[0.9525];[0.0025];10193.71687;1;0;[0.9498];[-0.0002];10185.08897;800),(261268.71276;[0.9525];[0.0025];10193.71687;1;0;[0.9498];[-0.0002];10185.08897;800),(261939.43501;[0.9525];[0.0025];10193.71687;1;0;[0.9498];[-0.0002];10185.08897;800),(262541.17155;[0.9525];[0.0025];10193.71687;1;0;[0.9498];[-0.0002];10185.08897;800),(266708.06599;[0.7481];[-0.2019];12213.12927;1;0;[0.7459];[-0.2041];12227.83299;800),(269899.48201;[0.8417];[-0.1083];12035.55117;1;0;[0.8397];[-0.1103];12033.92406;800),(273229.70057;[0.8745];[-0.0755];11589.64250;1;0;[0.8719];[-0.0781];11572.99436;800),(277233.58822;[0.9109];[-0.0391];11096.28839;1;0;[0.9094];[-0.0406];11083.95419;800),(280688.54785;[0.9315];[-0.0185];10756.08716;1;0;[0.9306];[-0.0194];10745.85979;800),(284296.02838;[0.9459];[-0.0041];10363.26250;1;0;[0.9441];[-0.0059];10354.19963;800),(287743.82472;[0.948];[-0.002];10258.49925;1;0;[0.9461];[-0.0039];10249.55736;800),(291239.21537;[0.9525];[0.0025];10193.71687;1;0;[0.9498];[-0.0002];10185.08897;800),(294524.62149;[0.9496];[-0.0004];10225.45923;1;0;[0.9469];[-0.0031];10217.23627;800),(294976.11690;[0.9703];[0.0203];9820.48338;1;1;[0.969];[0.019];9813.83657;800),(295454.93078;[0.9595];[0.0095];10056.02876;1;1;[0.9562];[0.0062];10048.72126;800),(296261.87348;[0.9524];[0.0024];10144.50830;1;0;[0.9497];[-0.0003];10136.44002;800),(296960.43229;[0.9518];[0.0018];10187.64255;1;0;[0.949];[-0.001];10178.89657;800),(297551.29528;[0.9525];[0.0025];10193.71687;1;0;[0.9498];[-0.0002];10185.08897;800),(298255.83768;[0.9494];[-0.0006];10211.25330;1;0;[0.9473];[-0.0027];10201.71840;800),(298748.47054;[0.9498];[-0.0002];10207.34859;1;0;[0.9477];[-0.0023];10197.82792;800),(299648.08178;[0.9489];[-0.0011];10200.42555;1;0;[0.947];[-0.003];10190.82461;800),(300339.03146;[0.9482];[-0.0018];10195.25136;1;0;[0.9463];[-0.0037];10185.61969;800),(301026.25370;[0.9525];[0.0025];10193.71687;1;0;[0.9498];[-0.0002];10185.08897;800),(301664.56580;[0.9525];[0.0025];10193.71687;1;0;[0.9498];[-0.0002];10185.08897;800),(302257.63011;[0.9482];[-0.0018];10195.25136;1;0;[0.9463];[-0.0037];10185.61969;800),(302926.76616;[0.9525];[0.0025];10193.71687;1;0;[0.9498];[-0.0002];10185.08897;800),(303685.87875;[0.9525];[0.0025];10193.71687;1;0;[0.9498];[-0.0002];10185.08897;800),(306419.76523;[0.7481];[-0.2019];12213.12927;1;0;[0.7459];[-0.2041];12227.83299;800),(310017.98630;[0.834];[-0.116];12029.55397;1;0;[0.8319];[-0.1181];12027.66866;800),(313565.73367;[0.8747];[-0.0753];11586.95148;1;0;[0.8721];[-0.0779];11570.64667;800),(317331.21324;[0.9106];[-0.0394];11096.04599;1;0;[0.9089];[-0.0411];11083.65208;800),(320449.39280;[0.9311];[-0.0189];10753.01289;1;0;[0.9302];[-0.0198];10742.74202;800),(323891.84833;[0.946];[-0.004];10362.81287;1;0;[0.9444];[-0.0056];10353.74736;800),(327119.06338;[0.948];[-0.002];10258.49925;1;0;[0.9461];[-0.0039];10249.55736;800),(330607.95116;[0.9525];[0.0025];10193.71687;1;0;[0.9498];[-0.0002];10185.08897;800),(333976.54390;[0.9496];[-0.0004];10225.45923;1;0;[0.9469];[-0.0031];10217.23627;800),(334512.80832;[0.9703];[0.0203];9820.48338;1;1;[0.969];[0.019];9813.83657;800),(334938.64632;[0.9596];[0.0096];10058.25842;1;1;[0.9566];[0.0066];10050.98671;800),(335310.33683;[0.9528];[0.0028];10149.42339;1;1;[0.95];[0.];10141.38088;800),(335859.91192;[0.9518];[0.0018];10187.64255;1;0;[0.949];[-0.001];10178.89657;800),(336425.69113;[0.9525];[0.0025];10193.71687;1;0;[0.9498];[-0.0002];10185.08897;800),(337038.02776;[0.9494];[-0.0006];10211.25330;1;0;[0.9473];[-0.0027];10201.71840;800),(337596.05551;[0.9498];[-0.0002];10207.34859;1;0;[0.9477];[-0.0023];10197.82792;800),(338283.36191;[0.9487];[-0.0013];10200.49810;1;0;[0.9467];[-0.0033];10190.89184;800),(339142.65728;[0.9479];[-0.0021];10195.50680;1;0;[0.9461];[-0.0039];10185.86050;800),(339776.04413;[0.9525];[0.0025];10193.71687;1;0;[0.9498];[-0.0002];10185.08897;800),(340368.84570;[0.9525];[0.0025];10193.71687;1;0;[0.9498];[-0.0002];10185.08897;800),(341012.51698;[0.9482];[-0.0018];10195.25136;1;0;[0.9463];[-0.0037];10185.61969;800),(341654.64187;[0.9482];[-0.0018];10195.25136;1;0;[0.9463];[-0.0037];10185.61969;800),(342205.83200;[0.9482];[-0.0018];10195.25136;1;0;[0.9463];[-0.0037];10185.61969;800),(345416.76927;[0.7481];[-0.2019];12213.12927;1;0;[0.7459];[-0.2041];12227.83299;800),(348934.25393;[0.8439];[-0.1061];12023.47093;1;0;[0.8416];[-0.1084];12021.32470;800),(352103.68156;[0.8769];[-0.0731];11568.87053;1;0;[0.875];[-0.075];11552.41095;800),(355326.96891;[0.9103];[-0.0397];11089.08980;1;0;[0.9089];[-0.0411];11076.59424;800),(358943.76493;[0.9306];[-0.0194];10740.74428;1;0;[0.9299];[-0.0201];10730.41165;800),(362434.29065;[0.9458];[-0.0042];10358.59125;1;0;[0.9436];[-0.0064];10349.49710;800),(365621.23108;[0.948];[-0.002];10258.49925;1;0;[0.9461];[-0.0039];10249.55736;800),(368861.96375;[0.9482];[-0.0018];10195.25136;1;0;[0.9463];[-0.0037];10185.61969;800),(369485.66341;[0.9696];[0.0196];9813.50786;1;1;[0.9683];[0.0183];9806.75294;800),(369954.41389;[0.9585];[0.0085];10033.21008;1;1;[0.954];[0.004];10025.69976;800),(370393.05806;[0.9557];[0.0057];10111.22716;1;1;[0.9523];[0.0023];10102.38264;800),(370831.84910;[0.9545];[0.0045];10166.38883;1;1;[0.9513];[0.0013];10158.55634;800),(371211.15446;[0.9521];[0.0021];10190.05557;1;0;[0.9494];[-0.0006];10181.35200;800),(371672.76597;[0.9523];[0.0023];10192.79897;1;0;[0.9498];[-0.0002];10184.13469;800),(372276.45516;[0.9525];[0.0025];10193.71687;1;0;[0.9498];[-0.0002];10185.08897;800),(372783.91361;[0.9525];[0.0025];10193.71687;1;0;[0.9498];[-0.0002];10185.08897;800),(373440.42754;[0.9525];[0.0025];10193.71687;1;0;[0.9498];[-0.0002];10185.08897;800),(374034.63221;[0.9525];[0.0025];10193.71687;1;0;[0.9498];[-0.0002];10185.08897;800),(374656.24070;[0.9525];[0.0025];10193.71687;1;0;[0.9498];[-0.0002];10185.08897;800),(375234.26676;[0.9525];[0.0025];10193.71687;1;0;[0.9498];[-0.0002];10185.08897;800),(375991.28222;[0.9525];[0.0025];10193.71687;1;0;[0.9498];[-0.0002];10185.08897;800),(376527.84824;[0.9482];[-0.0018];10195.25136;1;0;[0.9463];[-0.0037];10185.61969;800),(379305.89771;[0.7481];[-0.2019];12213.12927;1;0;[0.7459];[-0.2041];12227.83299;800),(382899.31035;[0.8439];[-0.1061];12023.47093;1;0;[0.8416];[-0.1084];12021.32470;800),(386526.70503;[0.8769];[-0.0731];11568.87053;1;0;[0.875];[-0.075];11552.41095;800),(390045.99738;[0.9103];[-0.0397];11089.08980;1;0;[0.9089];[-0.0411];11076.59424;800),(393671.77987;[0.9306];[-0.0194];10740.74428;1;0;[0.9299];[-0.0201];10730.41165;800),(396950.40655;[0.9458];[-0.0042];10358.59125;1;0;[0.9436];[-0.0064];10349.49710;800),(400309.65590;[0.948];[-0.002];10258.49925;1;0;[0.9461];[-0.0039];10249.55736;800),(403935.75263;[0.9482];[-0.0018];10195.25136;1;0;[0.9463];[-0.0037];10185.61969;800),(404617.49387;[0.9696];[0.0196];9813.50786;1;1;[0.9683];[0.0183];9806.75294;800),(405024.27363;[0.9585];[0.0085];10033.21008;1;1;[0.954];[0.004];10025.69976;800),(405475.26050;[0.9557];[0.0057];10111.22716;1;1;[0.9523];[0.0023];10102.38264;800),(405834.07307;[0.9545];[0.0045];10166.38883;1;1;[0.9513];[0.0013];10158.55634;800),(406330.94192;[0.9521];[0.0021];10190.05557;1;0;[0.9494];[-0.0006];10181.35200;800),(406886.70564;[0.9523];[0.0023];10192.79897;1;0;[0.9498];[-0.0002];10184.13469;800),(407384.43518;[0.9525];[0.0025];10193.71687;1;0;[0.9498];[-0.0002];10185.08897;800),(407940.87744;[0.9525];[0.0025];10193.71687;1;0;[0.9498];[-0.0002];10185.08897;800),(408461.49182;[0.9525];[0.0025];10193.71687;1;0;[0.9498];[-0.0002];10185.08897;800),(408971.11511;[0.9525];[0.0025];10193.71687;1;0;[0.9498];[-0.0002];10185.08897;800),(409581.28214;[0.9525];[0.0025];10193.71687;1;0;[0.9498];[-0.0002];10185.08897;800),(410330.48391;[0.9525];[0.0025];10193.71687;1;0;[0.9498];[-0.0002];10185.08897;800),(411014.40096;[0.9525];[0.0025];10193.71687;1;0;[0.9498];[-0.0002];10185.08897;800),(411743.32023;[0.9525];[0.0025];10193.71687;1;0;[0.9498];[-0.0002];10185.08897;800),(414534.64508;[0.7481];[-0.2019];12213.12927;1;0;[0.7459];[-0.2041];12227.83299;800),(417939.26668;[0.8439];[-0.1061];12023.47093;1;0;[0.8416];[-0.1084];12021.32470;800),(421605.37338;[0.8769];[-0.0731];11568.87053;1;0;[0.875];[-0.075];11552.41095;800),(425027.43912;[0.9103];[-0.0397];11089.08980;1;0;[0.9089];[-0.0411];11076.59424;800),(428495.04137;[0.9306];[-0.0194];10740.74428;1;0;[0.9299];[-0.0201];10730.41165;800),(432007.34448;[0.9458];[-0.0042];10358.59125;1;0;[0.9436];[-0.0064];10349.49710;800),(435038.68341;[0.948];[-0.002];10258.49925;1;0;[0.9461];[-0.0039];10249.55736;800),(438633.36921;[0.9482];[-0.0018];10195.25136;1;0;[0.9463];[-0.0037];10185.61969;800),(439251.38688;[0.9696];[0.0196];9813.50786;1;1;[0.9683];[0.0183];9806.75294;800),(439623.96884;[0.9585];[0.0085];10033.21008;1;1;[0.954];[0.004];10025.69976;800),(440069.24653;[0.9557];[0.0057];10111.22716;1;1;[0.9523];[0.0023];10102.38264;800),(440499.29142;[0.9545];[0.0045];10166.38883;1;1;[0.9513];[0.0013];10158.55634;800),(440961.59458;[0.9521];[0.0021];10190.05557;1;0;[0.9494];[-0.0006];10181.35200;800),(441549.63565;[0.952];[0.002];10193.13608;1;0;[0.9494];[-0.0006];10184.45875;800),(442129.22001;[0.952];[0.002];10193.13608;1;0;[0.9494];[-0.0006];10184.45875;800),(442642.93075;[0.952];[0.002];10193.13608;1;0;[0.9494];[-0.0006];10184.45875;800),(443157.74488;[0.952];[0.002];10193.13608;1;0;[0.9494];[-0.0006];10184.45875;800),(443700.03271;[0.9521];[0.0021];10193.45157;1;0;[0.9497];[-0.0003];10184.80949;800),(444364.52436;[0.9525];[0.0025];10193.71687;1;0;[0.9498];[-0.0002];10185.08897;800),(444923.49935;[0.9525];[0.0025];10193.71687;1;0;[0.9498];[-0.0002];10185.08897;800),(445500.45848;[0.9482];[-0.0018];10195.25136;1;0;[0.9463];[-0.0037];10185.61969;800),(446230.82733;[0.9525];[0.0025];10193.71687;1;0;[0.9498];[-0.0002];10185.08897;800),(449396.83604;[0.7481];[-0.2019];12213.12927;1;0;[0.7459];[-0.2041];12227.83299;800),(452756.06918;[0.7997];[-0.1503];11998.35993;1;0;[0.7942];[-0.1558];11993.22638;800),(456430.59492;[0.8769];[-0.0731];11568.87053;1;0;[0.875];[-0.075];11552.41095;800),(459837.00705;[0.9103];[-0.0397];11089.08980;1;0;[0.9089];[-0.0411];11076.59424;800),(462828.19390;[0.9309];[-0.0191];10740.11378;1;0;[0.9299];[-0.0201];10729.78280;800),(466255.75161;[0.9458];[-0.0042];10358.59125;1;0;[0.9436];[-0.0064];10349.49710;800),(469658.33044;[0.948];[-0.002];10258.49925;1;0;[0.9461];[-0.0039];10249.55736;800),(473239.75396;[0.9525];[0.0025];10193.71687;1;0;[0.9498];[-0.0002];10185.08897;800),(476595.35193;[0.9496];[-0.0004];10225.31217;1;0;[0.9469];[-0.0031];10217.09228;800),(476968.23478;[0.9653];[0.0153];9860.27219;1;1;[0.9643];[0.0143];9853.36982;800),(477297.13225;[0.9597];[0.0097];10059.22700;1;1;[0.9571];[0.0071];10051.99123;800),(477752.86579;[0.9536];[0.0036];10153.15636;1;1;[0.9509];[0.0009];10145.17390;800),(478424.51119;[0.9518];[0.0018];10187.64255;1;0;[0.949];[-0.001];10178.89657;800),(479067.24310;[0.9521];[0.0021];10193.45157;1;0;[0.9497];[-0.0003];10184.80949;800),(479775.08092;[0.9494];[-0.0006];10211.25330;1;0;[0.9473];[-0.0027];10201.71840;800),(480198.07076;[0.9498];[-0.0002];10207.34859;1;0;[0.9477];[-0.0023];10197.82792;800),(480913.50341;[0.9489];[-0.0011];10200.82263;1;0;[0.947];[-0.003];10191.22309;800),(481681.58031;[0.9479];[-0.0021];10195.50680;1;0;[0.9461];[-0.0039];10185.86050;800),(482584.42116;[0.9525];[0.0025];10193.71687;1;0;[0.9498];[-0.0002];10185.08897;800),(483183.34365;[0.9482];[-0.0018];10195.25136;1;0;[0.9463];[-0.0037];10185.61969;800),(483902.36139;[0.9525];[0.0025];10193.71687;1;0;[0.9498];[-0.0002];10185.08897;800),(484425.62652;[0.9517];[0.0017];10193.71890;1;0;[0.9492];[-0.0008];10185.05663;800),(484976.21393;[0.9517];[0.0017];10193.71890;1;0;[0.9492];[-0.0008];10185.05663;800),(487820.95480;[0.7481];[-0.2019];12213.12927;1;0;[0.7459];[-0.2041];12227.83299;800),(490852.46158;[0.7997];[-0.1503];11998.35993;1;0;[0.7942];[-0.1558];11993.22638;800),(494627.12383;[0.8772];[-0.0728];11567.70340;1;0;[0.8754];[-0.0746];11551.26456;800),(498393.31627;[0.9095];[-0.0405];11082.39248;1;0;[0.908];[-0.042];11069.82362;800),(501841.32981;[0.9294];[-0.0206];10731.66742;1;0;[0.9291];[-0.0209];10721.27464;800),(505132.48849;[0.9499];[-0.0001];10357.15665;1;0;[0.9488];[-0.0012];10348.98475;800),(509010.66399;[0.948];[-0.002];10258.49925;1;0;[0.9461];[-0.0039];10249.55736;800),(512612.64253;[0.9517];[0.0017];10193.71890;1;0;[0.9492];[-0.0008];10185.05663;800),(515882.90071;[0.9495];[-0.0005];10225.50014;1;0;[0.9466];[-0.0034];10217.26398;800),(516322.66736;[0.9666];[0.0166];9872.17606;1;1;[0.966];[0.016];9865.40000;800),(516814.46958;[0.9597];[0.0097];10059.22700;1;1;[0.9571];[0.0071];10051.99123;800),(517206.90727;[0.9536];[0.0036];10153.15636;1;1;[0.9509];[0.0009];10145.17390;800),(517533.04672;[0.9525];[0.0025];10189.86743;1;0;[0.9498];[-0.0002];10181.17717;800),(518192.91234;[0.9525];[0.0025];10193.71687;1;0;[0.9498];[-0.0002];10185.08897;800),(518927.23203;[0.9494];[-0.0006];10211.25330;1;0;[0.9473];[-0.0027];10201.71840;800),(519660.36010;[0.9498];[-0.0002];10207.34859;1;0;[0.9477];[-0.0023];10197.82792;800),(520286.03196;[0.9487];[-0.0013];10200.49810;1;0;[0.9467];[-0.0033];10190.89184;800),(521047.67990;[0.9479];[-0.0021];10195.50680;1;0;[0.9461];[-0.0039];10185.86050;800),(521889.05764;[0.9525];[0.0025];10193.71687;1;0;[0.9498];[-0.0002];10185.08897;800),(522665.26484;[0.9517];[0.0017];10193.71890;1;0;[0.9492];[-0.0008];10185.05663;800),(523222.61477;[0.9517];[0.0017];10193.71890;1;0;[0.9492];[-0.0008];10185.05663;800),(523904.07443;[0.9479];[-0.0021];10195.50680;1;0;[0.9461];[-0.0039];10185.86050;800),(526849.92886;[0.7481];[-0.2019];12213.12927;1;0;[0.7459];[-0.2041];12227.83299;800),(530132.92670;[0.8084];[-0.1416];12000.99404;1;0;[0.8029];[-0.1471];11996.49895;800),(533846.63200;[0.8725];[-0.0775];11537.57602;1;0;[0.8701];[-0.0799];11523.27842;800),(537100.74425;[0.909];[-0.041];11074.49303;1;0;[0.9071];[-0.0429];11061.88553;800),(540731.87995;[0.9301];[-0.0199];10719.13549;1;0;[0.93];[-0.02];10708.00186;800),(543926.03683;[0.9499];[-0.0001];10356.85101;1;0;[0.9486];[-0.0014];10348.67836;800),(547118.32213;[0.948];[-0.002];10258.49925;1;0;[0.9461];[-0.0039];10249.55736;800),(550787.59646;[0.9479];[-0.0021];10195.50680;1;0;[0.9461];[-0.0039];10185.86050;800),(551143.12649;[0.9699];[0.0199];9819.00093;1;1;[0.9687];[0.0187];9812.29071;800),(551845.11495;[0.9589];[0.0089];10039.96127;1;1;[0.9552];[0.0052];10032.54867;800),(552204.22244;[0.9557];[0.0057];10112.66229;1;1;[0.9525];[0.0025];10103.85145;800),(552687.77823;[0.9545];[0.0045];10166.38883;1;1;[0.9513];[0.0013];10158.55634;800),(553069.81826;[0.9521];[0.0021];10190.05557;1;0;[0.9494];[-0.0006];10181.35200;800),(553509.59110;[0.952];[0.002];10193.13608;1;0;[0.9494];[-0.0006];10184.45875;800),(554010.38551;[0.952];[0.002];10193.13608;1;0;[0.9494];[-0.0006];10184.45875;800),(554518.26572;[0.952];[0.002];10193.13608;1;0;[0.9494];[-0.0006];10184.45875;800),(555125.14710;[0.9525];[0.0025];10193.71687;1;0;[0.9498];[-0.0002];10185.08897;800),(555669.15488;[0.9525];[0.0025];10193.71687;1;0;[0.9498];[-0.0002];10185.08897;800),(556225.34633;[0.9517];[0.0017];10193.71890;1;0;[0.9492];[-0.0008];10185.05663;800),(556864.44807;[0.9517];[0.0017];10193.71890;1;0;[0.9492];[-0.0008];10185.05663;800),(557519.72222;[0.9517];[0.0017];10193.71890;1;0;[0.9492];[-0.0008];10185.05663;800),(560192.42477;[0.7481];[-0.2019];12213.12927;1;0;[0.7459];[-0.2041];12227.83299;800),(563388.87286;[0.8084];[-0.1416];12000.99404;1;0;[0.8029];[-0.1471];11996.49895;800),(567080.57737;[0.8725];[-0.0775];11537.57602;1;0;[0.8701];[-0.0799];11523.27842;800),(570310.87160;[0.9131];[-0.0369];11070.22255;1;0;[0.912];[-0.038];11058.68615;800),(574070.54949;[0.9301];[-0.0199];10719.13549;1;0;[0.93];[-0.02];10708.00186;800),(577534.25717;[0.9499];[-0.0001];10357.15665;1;0;[0.9488];[-0.0012];10348.98475;800),(580899.81604;[0.948];[-0.002];10258.49925;1;0;[0.9461];[-0.0039];10249.55736;800),(584390.63668;[0.9482];[-0.0018];10195.25136;1;0;[0.9463];[-0.0037];10185.61969;800),(584839.22720;[0.9699];[0.0199];9819.00093;1;1;[0.9687];[0.0187];9812.29071;800),(585643.25428;[0.9589];[0.0089];10039.96127;1;1;[0.9552];[0.0052];10032.54867;800),(586059.13210;[0.9557];[0.0057];10112.66229;1;1;[0.9525];[0.0025];10103.85145;800),(586458.43434;[0.9545];[0.0045];10166.38883;1;1;[0.9513];[0.0013];10158.55634;800),(586977.17905;[0.9521];[0.0021];10190.05557;1;0;[0.9494];[-0.0006];10181.35200;800),(587507.65014;[0.952];[0.002];10193.13608;1;0;[0.9494];[-0.0006];10184.45875;800),(588032.62949;[0.952];[0.002];10193.13608;1;0;[0.9494];[-0.0006];10184.45875;800),(588674.07990;[0.952];[0.002];10193.13608;1;0;[0.9494];[-0.0006];10184.45875;800),(589302.31118;[0.9525];[0.0025];10193.71687;1;0;[0.9498];[-0.0002];10185.08897;800),(589936.62977;[0.9525];[0.0025];10193.71687;1;0;[0.9498];[-0.0002];10185.08897;800),(590535.55250;[0.9517];[0.0017];10193.71890;1;0;[0.9492];[-0.0008];10185.05663;800),(591283.53024;[0.9517];[0.0017];10193.71890;1;0;[0.9492];[-0.0008];10185.05663;800),(591884.15146;[0.9482];[-0.0018];10195.25136;1;0;[0.9463];[-0.0037];10185.61969;800),(594747.93196;[0.7481];[-0.2019];12213.12927;1;0;[0.7459];[-0.2041];12227.83299;800),(597991.45389;[0.8084];[-0.1416];12000.99404;1;0;[0.8029];[-0.1471];11996.49895;800)]"
4,3,10582.635145685319,0.97385,1,1,[0.9756],[0.0256],602201.3216018677,"[(3790.87782;[0.6849];[-0.2651];10827.30803;1;0;[0.6784];[-0.2716];10824.78298;100),(5533.94270;[0.6849];[-0.2651];10827.30803;1;0;[0.6784];[-0.2716];10824.78298;100),(6273.87643;[0.6849];[-0.2651];10827.30803;1;0;[0.6784];[-0.2716];10824.78298;100),(7259.78756;[0.6849];[-0.2651];10827.30803;1;0;[0.6784];[-0.2716];10824.78298;100),(8085.52551;[0.6849];[-0.2651];10827.30803;1;0;[0.6784];[-0.2716];10824.78298;100),(8971.20118;[0.6849];[-0.2651];10827.30803;1;0;[0.6784];[-0.2716];10824.78298;100),(9560.23860;[0.8329];[-0.1171];9920.89047;1;0;[0.8296];[-0.1204];9901.59200;100),(9994.37737;[0.8651];[-0.0849];9253.78891;1;0;[0.8625];[-0.0875];9236.89094;100),(10454.15473;[0.8835];[-0.0665];8750.51974;1;0;[0.8824];[-0.0676];8739.68437;100),(11007.52187;[0.84];[-0.11];7372.36217;1;0;[0.8375];[-0.1125];7368.78300;100),(11380.69654;[0.8349];[-0.1151];7356.28817;1;0;[0.8307];[-0.1193];7352.60118;100),(11697.57223;[0.8342];[-0.1158];7352.45545;1;0;[0.8283];[-0.1217];7348.72395;100),(12148.42081;[0.8342];[-0.1158];7352.45545;1;0;[0.8283];[-0.1217];7348.72395;100),(12528.56994;[0.8321];[-0.1179];7347.40049;1;0;[0.826];[-0.124];7343.62126;100),(13599.92194;[0.6849];[-0.2651];10827.30803;1;0;[0.6784];[-0.2716];10824.78298;100),(14422.15800;[0.77];[-0.18];10366.22007;1;0;[0.7612];[-0.1888];10344.57785;100),(15233.14881;[0.8489];[-0.1011];9506.81378;1;0;[0.8468];[-0.1032];9488.65186;100),(16263.67569;[0.882];[-0.068];8880.23759;1;0;[0.8798];[-0.0702];8868.18010;100),(17340.04498;[0.88];[-0.07];8258.00649;1;0;[0.8803];[-0.0697];8250.59338;100),(17777.89474;[0.8566];[-0.0934];7610.14263;1;0;[0.8547];[-0.0953];7605.54838;100),(18388.76963;[0.84];[-0.11];7372.36217;1;0;[0.8375];[-0.1125];7368.78300;100),(18712.89325;[0.8374];[-0.1126];7370.75747;1;0;[0.8351];[-0.1149];7367.11182;100),(19107.49531;[0.8344];[-0.1156];7352.80230;1;0;[0.8287];[-0.1213];7349.07336;100),(19509.57727;[0.8342];[-0.1158];7352.45545;1;0;[0.8283];[-0.1217];7348.72395;100),(20053.56240;[0.8342];[-0.1158];7352.45545;1;0;[0.8283];[-0.1217];7348.72395;100),(20466.44735;[0.8342];[-0.1158];7352.45545;1;0;[0.8283];[-0.1217];7348.72395;100),(21524.96338;[0.6849];[-0.2651];10827.30803;1;0;[0.6784];[-0.2716];10824.78298;100),(22660.27856;[0.7742];[-0.1758];10384.17953;1;0;[0.767];[-0.183];10363.53694;100),(23628.27873;[0.9914];[0.0414];9567.70912;1;1;[0.9917];[0.0417];9558.46714;100),(24573.68398;[0.8151];[-0.1349];10047.93807;1;0;[0.8102];[-0.1398];10028.23243;100),(25812.36362;[0.8483];[-0.1017];9853.35031;1;0;[0.845];[-0.105];9835.54753;100),(26336.50827;[0.8639];[-0.0861];9272.67104;1;0;[0.8627];[-0.0873];9257.00752;100),(26930.19176;[0.8804];[-0.0696];8870.68586;1;0;[0.878];[-0.072];8858.49439;100),(27679.33297;[0.8839];[-0.0661];8601.13528;1;0;[0.8837];[-0.0663];8591.53462;100),(28274.10984;[0.8823];[-0.0677];8594.37299;1;0;[0.8823];[-0.0677];8584.69844;100),(28753.62992;[0.8802];[-0.0698];8578.87030;1;0;[0.8805];[-0.0695];8569.05267;100),(29225.35038;[0.8803];[-0.0697];8421.61214;1;0;[0.8806];[-0.0694];8413.21003;100),(30003.07655;[0.8803];[-0.0697];8421.61214;1;0;[0.8806];[-0.0694];8413.21003;100),(30507.08199;[0.8803];[-0.0697];8421.61214;1;0;[0.8806];[-0.0694];8413.21003;100),(30911.13544;[0.8803];[-0.0697];8421.61214;1;0;[0.8806];[-0.0694];8413.21003;100),(32368.79873;[0.6849];[-0.2651];10827.30803;1;0;[0.6784];[-0.2716];10824.78298;100),(33181.36740;[0.7673];[-0.1827];10317.13224;1;0;[0.7599];[-0.1901];10295.66170;100),(34491.18638;[0.8383];[-0.1117];9847.17451;1;0;[0.8361];[-0.1139];9827.75526;100),(35469.64622;[0.8704];[-0.0796];9112.61565;1;0;[0.8685];[-0.0815];9097.46348;100),(36915.96222;[0.8803];[-0.0697];8421.61214;1;0;[0.8806];[-0.0694];8413.21003;100),(38962.14509;[0.6849];[-0.2651];10827.30803;1;0;[0.6784];[-0.2716];10824.78298;100),(40238.76286;[0.7602];[-0.1898];10335.10551;1;0;[0.7525];[-0.1975];10314.46733;100),(41201.61462;[0.8418];[-0.1082];9914.68441;1;0;[0.839];[-0.111];9896.79424;100),(42316.75601;[0.8651];[-0.0849];9255.22676;1;0;[0.8627];[-0.0873];9238.36284;100),(44121.15622;[0.8861];[-0.0639];8886.89234;1;0;[0.8831];[-0.0669];8874.99773;100),(44807.76787;[0.8833];[-0.0667];8752.62041;1;0;[0.8817];[-0.0683];8741.76040;100),(45374.74775;[0.883];[-0.067];8739.22649;1;0;[0.8812];[-0.0688];8728.34847;100),(46059.53288;[0.8839];[-0.0661];8598.72561;1;0;[0.8835];[-0.0665];8589.03684;100),(46447.10493;[0.8822];[-0.0678];8592.54636;1;0;[0.8822];[-0.0678];8582.83060;100),(46861.28283;[0.8813];[-0.0687];8581.74031;1;0;[0.8818];[-0.0682];8571.97978;100),(47331.13003;[0.8811];[-0.0689];8577.29063;1;0;[0.8815];[-0.0685];8567.49851;100),(47797.76192;[0.8811];[-0.0689];8577.29063;1;0;[0.8815];[-0.0685];8567.49851;100),(49304.62456;[0.6849];[-0.2651];10827.30803;1;0;[0.6784];[-0.2716];10824.78298;100),(50165.16733;[0.7673];[-0.1827];10317.13224;1;0;[0.7599];[-0.1901];10295.66170;100),(50988.16681;[0.8485];[-0.1015];9852.53188;1;0;[0.8452];[-0.1048];9834.70651;100),(51724.05005;[0.8685];[-0.0815];9167.38770;1;0;[0.8664];[-0.0836];9151.37114;100),(52649.08910;[0.8811];[-0.0689];8577.29063;1;0;[0.8815];[-0.0685];8567.49851;100),(53338.80210;[0.8811];[-0.0689];8577.29063;1;0;[0.8815];[-0.0685];8567.49851;100),(54473.53625;[0.6849];[-0.2651];10827.30803;1;0;[0.6784];[-0.2716];10824.78298;100),(55511.72805;[0.7673];[-0.1827];10317.13224;1;0;[0.7599];[-0.1901];10295.66170;100),(56315.00649;[0.8485];[-0.1015];9852.53188;1;0;[0.8452];[-0.1048];9834.70651;100),(57194.66877;[0.8685];[-0.0815];9167.38770;1;0;[0.8664];[-0.0836];9151.37114;100),(58015.92374;[0.8811];[-0.0689];8577.29063;1;0;[0.8815];[-0.0685];8567.49851;100),(59645.53142;[0.6849];[-0.2651];10827.30803;1;0;[0.6784];[-0.2716];10824.78298;100),(60699.22662;[0.7673];[-0.1827];10317.13224;1;0;[0.7599];[-0.1901];10295.66170;100),(61647.40539;[0.8485];[-0.1015];9852.53188;1;0;[0.8452];[-0.1048];9834.70651;100),(62304.94547;[0.8685];[-0.0815];9167.38770;1;0;[0.8664];[-0.0836];9151.37114;100),(63482.13792;[0.8811];[-0.0689];8577.29063;1;0;[0.8815];[-0.0685];8567.49851;100),(64499.14360;[0.6849];[-0.2651];10827.30803;1;0;[0.6784];[-0.2716];10824.78298;100),(65854.64597;[0.7673];[-0.1827];10317.13224;1;0;[0.7599];[-0.1901];10295.66170;100),(66664.84571;[0.8298];[-0.1202];9937.14041;1;0;[0.8258];[-0.1242];9917.39665;100),(67483.93178;[0.8639];[-0.0861];9272.67104;1;0;[0.8627];[-0.0873];9257.00752;100),(68136.36041;[0.8792];[-0.0708];8995.99394;1;0;[0.8745];[-0.0755];8982.74205;100),(68558.38466;[0.8822];[-0.0678];8592.54636;1;0;[0.8822];[-0.0678];8582.83060;100),(69167.82784;[0.8813];[-0.0687];8581.74031;1;0;[0.8818];[-0.0682];8571.97978;100),(69571.73800;[0.8811];[-0.0689];8577.29063;1;0;[0.8815];[-0.0685];8567.49851;100),(70856.44817;[0.6982];[-0.2518];10801.01175;1;0;[0.6931];[-0.2569];10798.74724;100),(71960.43944;[0.7804];[-0.1696];10290.68773;1;0;[0.7717];[-0.1783];10268.95113;100),(73045.50529;[0.8353];[-0.1147];9889.42642;1;0;[0.8334];[-0.1166];9870.70850;100),(73928.64704;[0.8717];[-0.0783];9185.60606;1;0;[0.8692];[-0.0808];9169.81782;100),(74902.50111;[0.8811];[-0.0689];8577.29063;1;0;[0.8815];[-0.0685];8567.49851;100),(75741.04166;[0.6982];[-0.2518];10801.01175;1;0;[0.6931];[-0.2569];10798.74724;100),(76858.49929;[0.7742];[-0.1758];10292.38228;1;0;[0.7652];[-0.1848];10270.32514;100),(77584.76996;[0.8353];[-0.1147];9889.42642;1;0;[0.8334];[-0.1166];9870.70850;100),(78708.14657;[0.8627];[-0.0873];9275.06398;1;0;[0.8612];[-0.0888];9259.38528;100),(79505.86987;[0.8802];[-0.0698];8998.92652;1;0;[0.8754];[-0.0746];8985.69917;100),(79999.73917;[0.8814];[-0.0686];8734.97528;1;0;[0.8806];[-0.0694];8724.00203;100),(80413.57327;[0.8832];[-0.0668];8594.18588;1;0;[0.8833];[-0.0667];8584.53513;100),(80814.07237;[0.8822];[-0.0678];8592.54636;1;0;[0.8822];[-0.0678];8582.83060;100),(81139.42814;[0.8813];[-0.0687];8581.74031;1;0;[0.8818];[-0.0682];8571.97978;100),(81588.25088;[0.8811];[-0.0689];8577.29063;1;0;[0.8815];[-0.0685];8567.49851;100),(81925.70829;[0.8811];[-0.0689];8577.29063;1;0;[0.8815];[-0.0685];8567.49851;100),(83065.06085;[0.6982];[-0.2518];10779.42585;1;0;[0.6929];[-0.2571];10776.21165;100),(84172.30439;[0.7801];[-0.1699];10261.74453;1;0;[0.7714];[-0.1786];10239.38745;100),(84822.29257;[0.8425];[-0.1075];9826.45060;1;0;[0.8389];[-0.1111];9807.76743;100),(85455.30868;[0.8699];[-0.0801];9187.76558;1;0;[0.8681];[-0.0819];9171.85956;100),(86918.22696;[0.8811];[-0.0689];8577.29063;1;0;[0.8815];[-0.0685];8567.49851;100),(87781.59165;[0.6982];[-0.2518];10779.42585;1;0;[0.6929];[-0.2571];10776.21165;100),(88403.98335;[0.7707];[-0.1793];10302.84426;1;0;[0.7625];[-0.1875];10281.32104;100),(89139.24432;[0.8351];[-0.1149];9895.16844;1;0;[0.8325];[-0.1175];9876.48152;100),(90230.76415;[0.8748];[-0.0752];9280.48542;1;0;[0.8711];[-0.0789];9264.47513;100),(90917.67168;[0.8796];[-0.0704];9000.57352;1;0;[0.8749];[-0.0751];8987.32346;100),(91324.15223;[0.8834];[-0.0666];8746.66332;1;0;[0.8818];[-0.0682];8735.82646;100),(91817.92998;[0.8822];[-0.0678];8592.54636;1;0;[0.8822];[-0.0678];8582.83060;100),(92292.33670;[0.8811];[-0.0689];8577.29063;1;0;[0.8815];[-0.0685];8567.49851;100),(92851.08066;[0.8811];[-0.0689];8577.29063;1;0;[0.8815];[-0.0685];8567.49851;100),(94322.91389;[0.6975];[-0.2525];10760.98320;1;0;[0.6905];[-0.2595];10753.66666;100),(95388.95440;[0.7939];[-0.1561];10231.80934;1;0;[0.7866];[-0.1634];10212.10065;100),(96063.98034;[0.842];[-0.108];9830.31089;1;0;[0.8385];[-0.1115];9811.66369;100),(96884.39536;[0.8731];[-0.0769];9189.76710;1;0;[0.87];[-0.08];9173.96537;100),(98242.53726;[0.8811];[-0.0689];8577.29063;1;0;[0.8815];[-0.0685];8567.49851;100),(98886.91616;[0.6975];[-0.2525];10760.98320;1;0;[0.6905];[-0.2595];10753.66666;100),(99904.39558;[0.7771];[-0.1729];10280.40668;1;0;[0.7684];[-0.1816];10257.93891;100),(100885.82778;[0.8331];[-0.1169];9916.87881;1;0;[0.8298];[-0.1202];9897.53876;100),(101625.97251;[0.8585];[-0.0915];9343.22579;1;0;[0.8566];[-0.0934];9325.99430;100),(102471.69614;[0.8753];[-0.0747];9087.45759;1;0;[0.871];[-0.079];9072.98567;100),(102925.19045;[0.881];[-0.069];8874.01987;1;0;[0.8785];[-0.0715];8861.87026;100),(103272.20154;[0.8834];[-0.0666];8746.66332;1;0;[0.8818];[-0.0682];8735.82646;100),(103727.13423;[0.8823];[-0.0677];8737.72473;1;0;[0.881];[-0.069];8726.79410;100),(104489.34317;[0.8823];[-0.0677];8737.72473;1;0;[0.881];[-0.069];8726.79410;100),(104902.95863;[0.8814];[-0.0686];8734.97528;1;0;[0.8806];[-0.0694];8724.00203;100),(105271.74616;[0.8814];[-0.0686];8734.97528;1;0;[0.8806];[-0.0694];8724.00203;100),(105719.06519;[0.8814];[-0.0686];8734.97528;1;0;[0.8806];[-0.0694];8724.00203;100),(107148.70954;[0.6967];[-0.2533];10756.65478;1;0;[0.6897];[-0.2603];10748.53292;100),(107903.46909;[0.7918];[-0.1582];10246.37454;1;0;[0.7842];[-0.1658];10227.10369;100),(108789.15286;[0.8493];[-0.1007];9849.31290;1;0;[0.8459];[-0.1041];9831.48947;100),(109803.85852;[0.8666];[-0.0834];9210.96919;1;0;[0.8643];[-0.0857];9194.38229;100),(112443.59612;[0.6967];[-0.2533];10756.65478;1;0;[0.6897];[-0.2603];10748.53292;100),(113385.84495;[0.7918];[-0.1582];10246.37454;1;0;[0.7842];[-0.1658];10227.10369;100),(114176.86915;[0.8493];[-0.1007];9849.31290;1;0;[0.8459];[-0.1041];9831.48947;100),(115467.79180;[0.8666];[-0.0834];9210.96919;1;0;[0.8643];[-0.0857];9194.38229;100),(115857.67317;[0.8801];[-0.0699];8996.76960;1;0;[0.8755];[-0.0745];8983.58193;100),(116352.56410;[0.8832];[-0.0668];8744.68543;1;0;[0.8813];[-0.0687];8733.81742;100),(116712.37636;[0.8814];[-0.0686];8734.97528;1;0;[0.8806];[-0.0694];8724.00203;100),(117307.16443;[0.8814];[-0.0686];8734.97528;1;0;[0.8806];[-0.0694];8724.00203;100),(119570.14489;[1.];[0.05];10494.31279;1;1;[1.];[0.05];10514.36398;200),(120629.91571;[1.];[0.05];10494.31279;1;1;[1.];[0.05];10514.36398;200),(121486.85193;[1.];[0.05];10494.31279;1;1;[1.];[0.05];10514.36398;200),(122226.60804;[1.];[0.05];10494.31279;1;1;[1.];[0.05];10514.36398;200),(123284.13415;[1.];[0.05];10494.31279;1;1;[1.];[0.05];10514.36398;200),(123914.54911;[1.];[0.05];10494.31279;1;1;[1.];[0.05];10514.36398;200),(124864.55512;[1.];[0.05];10494.31279;1;1;[1.];[0.05];10514.36398;200),(125828.77278;[1.];[0.05];10494.31279;1;1;[1.];[0.05];10514.36398;200),(126107.72371;[1.];[0.05];10494.31279;1;1;[1.];[0.05];10514.36398;200),(126414.45661;[1.];[0.05];10494.31279;1;1;[1.];[0.05];10514.36398;200),(126716.22491;[1.];[0.05];10494.31279;1;1;[1.];[0.05];10514.36398;200),(126998.30794;[1.];[0.05];10494.31279;1;1;[1.];[0.05];10514.36398;200),(127398.48471;[1.];[0.05];10494.31279;1;1;[1.];[0.05];10514.36398;200),(127671.26465;[1.];[0.05];10494.31279;1;1;[1.];[0.05];10514.36398;200),(128061.24139;[1.];[0.05];10494.31279;1;1;[1.];[0.05];10514.36398;200),(128453.93515;[1.];[0.05];10494.31279;1;1;[1.];[0.05];10514.36398;200),(128753.55673;[1.];[0.05];10494.31279;1;1;[1.];[0.05];10514.36398;200),(129057.27649;[1.];[0.05];10494.31279;1;1;[1.];[0.05];10514.36398;200),(129412.14061;[1.];[0.05];10494.31279;1;1;[1.];[0.05];10514.36398;200),(129704.03910;[1.];[0.05];10494.31279;1;1;[1.];[0.05];10514.36398;200),(129986.33552;[1.];[0.05];10494.31279;1;1;[1.];[0.05];10514.36398;200),(130256.95229;[1.];[0.05];10494.31279;1;1;[1.];[0.05];10514.36398;200),(130532.29928;[1.];[0.05];10494.31279;1;1;[1.];[0.05];10514.36398;200),(130928.79915;[1.];[0.05];10494.31279;1;1;[1.];[0.05];10514.36398;200),(131201.17140;[1.];[0.05];10494.31279;1;1;[1.];[0.05];10514.36398;200),(134255.42355;[0.814];[-0.136];10769.94199;1;0;[0.8093];[-0.1407];10772.19194;400),(136804.82864;[0.814];[-0.136];10769.94199;1;0;[0.8093];[-0.1407];10772.19194;400),(138483.06561;[0.814];[-0.136];10769.94199;1;0;[0.8093];[-0.1407];10772.19194;400),(140281.56447;[0.814];[-0.136];10769.94199;1;0;[0.8093];[-0.1407];10772.19194;400),(142132.23553;[0.814];[-0.136];10769.94199;1;0;[0.8093];[-0.1407];10772.19194;400),(143929.00014;[0.814];[-0.136];10769.94199;1;0;[0.8093];[-0.1407];10772.19194;400),(145591.15243;[0.814];[-0.136];10769.94199;1;0;[0.8093];[-0.1407];10772.19194;400),(146241.63079;[0.8416];[-0.1084];9762.84637;1;0;[0.8381];[-0.1119];9744.77612;400),(146679.83985;[0.8765];[-0.0735];9027.58619;1;0;[0.8725];[-0.0775];9013.74876;400),(147617.19584;[0.8775];[-0.0725];8069.18201;1;0;[0.8783];[-0.0717];8062.77598;400),(147957.43108;[0.8667];[-0.0833];7842.50274;1;0;[0.8651];[-0.0849];7837.07655;400),(148556.62894;[0.8384];[-0.1116];7374.57886;1;0;[0.836];[-0.114];7370.97262;400),(149011.35540;[0.8374];[-0.1126];7370.75747;1;0;[0.8351];[-0.1149];7367.11182;400),(149324.34797;[0.8336];[-0.1164];7353.75734;1;0;[0.8275];[-0.1225];7350.01333;400),(149643.35465;[0.8342];[-0.1158];7352.45545;1;0;[0.8283];[-0.1217];7348.72395;400),(149925.27533;[0.8321];[-0.1179];7347.40049;1;0;[0.826];[-0.124];7343.62126;400),(151933.00796;[0.814];[-0.136];10769.94199;1;0;[0.8093];[-0.1407];10772.19194;400),(153943.99452;[0.9658];[0.0158];10378.20593;1;1;[0.967];[0.017];10366.78487;400),(155782.85289;[0.7369];[-0.2131];10707.23013;1;0;[0.7324];[-0.2176];10699.55138;400),(157939.34035;[0.9927];[0.0427];10528.25525;1;1;[0.9933];[0.0433];10522.22707;400),(159831.37035;[0.9033];[-0.0467];10618.65373;1;0;[0.9062];[-0.0438];10612.79296;400),(161461.04550;[0.9623];[0.0123];10580.80149;1;1;[0.9618];[0.0118];10574.30448;400),(163709.43785;[0.9754];[0.0254];10588.46666;1;1;[0.9756];[0.0256];10582.63515;400),(165809.92293;[0.9128];[-0.0372];10605.35171;1;0;[0.9138];[-0.0362];10598.97954;400),(166513.36312;[0.8085];[-0.1415];10226.09864;1;0;[0.8011];[-0.1489];10207.61456;400),(166990.98444;[0.828];[-0.122];9937.02787;1;0;[0.8251];[-0.1249];9918.48643;400),(167455.64055;[0.8588];[-0.0912];9355.88888;1;0;[0.857];[-0.093];9338.75801;400),(167823.28987;[0.8713];[-0.0787];9187.91862;1;0;[0.8691];[-0.0809];9172.10954;400),(168190.53912;[0.8775];[-0.0725];9099.24916;1;0;[0.8725];[-0.0775];9084.88592;400),(168569.26656;[0.8797];[-0.0703];8996.11343;1;0;[0.8751];[-0.0749];8982.89117;400),(168975.84987;[0.8788];[-0.0712];8988.70816;1;0;[0.8741];[-0.0759];8975.39225;400),(169389.21261;[0.8788];[-0.0712];8988.70816;1;0;[0.8741];[-0.0759];8975.39225;400),(169893.19968;[0.8788];[-0.0712];8988.70816;1;0;[0.8741];[-0.0759];8975.39225;400),(170213.70077;[0.8788];[-0.0712];8988.70816;1;0;[0.8741];[-0.0759];8975.39225;400),(176080.48344;[0.6813];[-0.2687];10829.69400;1;0;[0.6745];[-0.2755];10825.88643;800),(179141.68644;[0.6813];[-0.2687];10829.69400;1;0;[0.6745];[-0.2755];10825.88643;800),(182105.57389;[0.6813];[-0.2687];10829.69400;1;0;[0.6745];[-0.2755];10825.88643;800),(185209.22518;[0.6813];[-0.2687];10829.69400;1;0;[0.6745];[-0.2755];10825.88643;800),(188056.38146;[0.6813];[-0.2687];10829.69400;1;0;[0.6745];[-0.2755];10825.88643;800),(191045.19773;[0.6813];[-0.2687];10829.69400;1;0;[0.6745];[-0.2755];10825.88643;800),(194212.77857;[0.6813];[-0.2687];10829.69400;1;0;[0.6745];[-0.2755];10825.88643;800),(196821.58399;[0.6813];[-0.2687];10829.69400;1;0;[0.6745];[-0.2755];10825.88643;800),(197132.38645;[0.8453];[-0.1047];9734.34056;1;0;[0.8426];[-0.1074];9716.97306;800),(197695.98722;[0.8789];[-0.0711];8999.36522;1;0;[0.8742];[-0.0758];8986.06070;800),(198263.14497;[0.8744];[-0.0756];8050.75744;1;0;[0.874];[-0.076];8044.37188;800),(198641.83521;[0.8573];[-0.0927];7621.86136;1;0;[0.8554];[-0.0946];7617.30423;800),(199102.56290;[0.8384];[-0.1116];7374.57886;1;0;[0.836];[-0.114];7370.97262;800),(199603.24168;[0.8353];[-0.1147];7368.36030;1;0;[0.8316];[-0.1184];7364.64632;800),(199914.67214;[0.8336];[-0.1164];7353.75734;1;0;[0.8275];[-0.1225];7350.01333;800),(200276.11375;[0.8321];[-0.1179];7347.40049;1;0;[0.826];[-0.124];7343.62126;800),(200614.81237;[0.8321];[-0.1179];7347.40049;1;0;[0.826];[-0.124];7343.62126;800),(200878.93939;[0.8321];[-0.1179];7347.40049;1;0;[0.826];[-0.124];7343.62126;800),(201141.00289;[0.8321];[-0.1179];7347.40049;1;0;[0.826];[-0.124];7343.62126;800),(203961.99679;[0.6813];[-0.2687];10829.69400;1;0;[0.6745];[-0.2755];10825.88643;800),(207406.27670;[0.752];[-0.198];10436.23898;1;0;[0.7441];[-0.2059];10415.83950;800),(210835.14333;[0.8258];[-0.1242];9958.84540;1;0;[0.8225];[-0.1275];9938.51548;800),(213897.82786;[0.8634];[-0.0866];9274.30737;1;0;[0.8622];[-0.0878];9258.62290;800),(216979.36797;[0.8789];[-0.0711];8861.87427;1;0;[0.8767];[-0.0733];8849.62667;800),(219910.12168;[0.8827];[-0.0673];8267.13357;1;0;[0.8836];[-0.0664];8259.75538;800),(222787.70661;[0.8689];[-0.0811];7853.33687;1;0;[0.8674];[-0.0826];7848.00353;800),(225690.18269;[0.8321];[-0.1179];7347.40049;1;0;[0.826];[-0.124];7343.62126;800),(228857.97620;[0.6813];[-0.2687];10829.69400;1;0;[0.6745];[-0.2755];10825.88643;800),(232115.65089;[0.752];[-0.198];10436.23898;1;0;[0.7441];[-0.2059];10415.83950;800),(235901.93224;[0.8258];[-0.1242];9958.84540;1;0;[0.8225];[-0.1275];9938.51548;800),(239341.31384;[0.8634];[-0.0866];9274.30737;1;0;[0.8622];[-0.0878];9258.62290;800),(242406.66103;[0.8789];[-0.0711];8861.87427;1;0;[0.8767];[-0.0733];8849.62667;800),(246097.77403;[0.8827];[-0.0673];8267.13357;1;0;[0.8836];[-0.0664];8259.75538;800),(249518.53824;[0.8689];[-0.0811];7853.33687;1;0;[0.8674];[-0.0826];7848.00353;800),(256510.86569;[0.8568];[-0.0932];7608.94127;1;0;[0.855];[-0.095];7604.35847;800),(257047.77837;[0.8363];[-0.1137];7372.26250;1;0;[0.8338];[-0.1162];7368.59390;800),(257367.53941;[0.8336];[-0.1164];7353.75734;1;0;[0.8275];[-0.1225];7350.01333;800),(257679.65579;[0.8321];[-0.1179];7347.40049;1;0;[0.826];[-0.124];7343.62126;800),(260828.82905;[0.6813];[-0.2687];10829.69400;1;0;[0.6745];[-0.2755];10825.88643;800),(264032.88484;[0.7607];[-0.1893];10430.91932;1;0;[0.7541];[-0.1959];10410.39144;800),(267724.14279;[0.8292];[-0.1208];9946.84650;1;0;[0.8253];[-0.1247];9926.76885;800),(271288.97333;[0.8634];[-0.0866];9274.30737;1;0;[0.8622];[-0.0878];9258.62290;800),(274097.95952;[0.8798];[-0.0702];8864.83479;1;0;[0.8776];[-0.0724];8852.63598;800),(277288.31816;[0.8827];[-0.0673];8266.74113;1;0;[0.8835];[-0.0665];8259.36341;800),(280460.00218;[0.8689];[-0.0811];7853.33687;1;0;[0.8674];[-0.0826];7848.00353;800),(287371.43660;[0.8558];[-0.0942];7610.40271;1;0;[0.8538];[-0.0962];7605.79246;800),(287877.53201;[0.8361];[-0.1139];7372.00325;1;0;[0.8335];[-0.1165];7368.32897;800),(288348.42014;[0.8342];[-0.1158];7352.45545;1;0;[0.8283];[-0.1217];7348.72395;800),(288680.20535;[0.8321];[-0.1179];7347.40049;1;0;[0.826];[-0.124];7343.62126;800),(289106.88567;[0.8321];[-0.1179];7347.40049;1;0;[0.826];[-0.124];7343.62126;800),(289471.91238;[0.8321];[-0.1179];7347.40049;1;0;[0.826];[-0.124];7343.62126;800),(293043.25128;[0.6813];[-0.2687];10829.69400;1;0;[0.6745];[-0.2755];10825.88643;800),(296658.40864;[0.7617];[-0.1883];10430.55124;1;0;[0.7548];[-0.1952];10410.08229;800),(300361.61351;[0.8303];[-0.1197];9946.57708;1;0;[0.8263];[-0.1237];9926.59851;800),(304003.41845;[0.8634];[-0.0866];9274.30737;1;0;[0.8622];[-0.0878];9258.62290;800),(307428.10512;[0.8804];[-0.0696];8870.68586;1;0;[0.878];[-0.072];8858.49439;800),(311729.95615;[0.8827];[-0.0673];8267.13357;1;0;[0.8836];[-0.0664];8259.75538;800),(315083.66251;[0.8709];[-0.0791];7854.41934;1;0;[0.8685];[-0.0815];7849.13645;800),(318137.86793;[0.8321];[-0.1179];7347.40049;1;0;[0.826];[-0.124];7343.62126;800),(318787.90498;[0.8321];[-0.1179];7347.40049;1;0;[0.826];[-0.124];7343.62126;800),(321879.41718;[0.6813];[-0.2687];10829.69400;1;0;[0.6745];[-0.2755];10825.88643;800),(324917.52052;[0.7555];[-0.1945];10428.56802;1;0;[0.7489];[-0.2011];10407.76709;800),(328473.38748;[0.8303];[-0.1197];9946.57708;1;0;[0.8263];[-0.1237];9926.59851;800),(332125.27061;[0.8634];[-0.0866];9274.30737;1;0;[0.8622];[-0.0878];9258.62290;800),(335481.30894;[0.8804];[-0.0696];8870.68586;1;0;[0.878];[-0.072];8858.49439;800),(338625.70906;[0.8827];[-0.0673];8267.13357;1;0;[0.8836];[-0.0664];8259.75538;800),(341932.13534;[0.8709];[-0.0791];7854.41934;1;0;[0.8685];[-0.0815];7849.13645;800),(344751.33705;[0.8321];[-0.1179];7347.40049;1;0;[0.826];[-0.124];7343.62126;800),(347762.06946;[0.6813];[-0.2687];10829.69400;1;0;[0.6745];[-0.2755];10825.88643;800),(350868.43967;[0.7555];[-0.1945];10428.56802;1;0;[0.7489];[-0.2011];10407.76709;800),(354271.05927;[0.8292];[-0.1208];9946.84650;1;0;[0.8253];[-0.1247];9926.76885;800),(357384.91940;[0.8634];[-0.0866];9274.30737;1;0;[0.8622];[-0.0878];9258.62290;800),(360438.25889;[0.8804];[-0.0696];8870.68586;1;0;[0.878];[-0.072];8858.49439;800),(363550.49539;[0.8827];[-0.0673];8267.13357;1;0;[0.8836];[-0.0664];8259.75538;800),(366839.55956;[0.8709];[-0.0791];7854.41934;1;0;[0.8685];[-0.0815];7849.13645;800),(373580.89733;[0.8562];[-0.0938];7610.93733;1;0;[0.854];[-0.096];7606.33210;800),(374010.26988;[0.8361];[-0.1139];7372.00325;1;0;[0.8335];[-0.1165];7368.32897;800),(374307.92379;[0.8342];[-0.1158];7352.45545;1;0;[0.8283];[-0.1217];7348.72395;800),(374637.75682;[0.8321];[-0.1179];7347.40049;1;0;[0.826];[-0.124];7343.62126;800),(378087.19492;[0.6813];[-0.2687];10829.69400;1;0;[0.6745];[-0.2755];10825.88643;800),(381233.88267;[0.7555];[-0.1945];10428.56802;1;0;[0.7489];[-0.2011];10407.76709;800),(384573.54498;[0.8292];[-0.1208];9946.84650;1;0;[0.8253];[-0.1247];9926.76885;800),(387601.09234;[0.8634];[-0.0866];9274.30737;1;0;[0.8622];[-0.0878];9258.62290;800),(390612.26869;[0.881];[-0.069];8874.01987;1;0;[0.8785];[-0.0715];8861.87026;800),(393625.40770;[0.8827];[-0.0673];8267.13357;1;0;[0.8836];[-0.0664];8259.75538;800),(397041.78309;[0.8704];[-0.0796];7854.44620;1;0;[0.8678];[-0.0822];7849.15559;800),(403558.41279;[0.8553];[-0.0947];7613.63468;1;0;[0.8535];[-0.0965];7608.99289;800),(403929.02756;[0.8361];[-0.1139];7372.00325;1;0;[0.8335];[-0.1165];7368.32897;800),(404282.73249;[0.8342];[-0.1158];7352.45545;1;0;[0.8283];[-0.1217];7348.72395;800),(404646.66510;[0.8321];[-0.1179];7347.40049;1;0;[0.826];[-0.124];7343.62126;800),(404960.65569;[0.8321];[-0.1179];7347.40049;1;0;[0.826];[-0.124];7343.62126;800),(405268.00394;[0.8321];[-0.1179];7347.40049;1;0;[0.826];[-0.124];7343.62126;800),(407792.77802;[0.6813];[-0.2687];10829.69400;1;0;[0.6745];[-0.2755];10825.88643;800),(411083.56214;[0.7486];[-0.2014];10418.59827;1;0;[0.7413];[-0.2087];10397.47868;800),(414292.09208;[0.8305];[-0.1195];9946.10103;1;0;[0.8268];[-0.1232];9926.14031;800),(417094.40804;[0.8639];[-0.0861];9272.67104;1;0;[0.8627];[-0.0873];9257.00752;800),(420279.98209;[0.881];[-0.069];8875.71412;1;0;[0.8788];[-0.0712];8863.60464;800),(423245.02611;[0.879];[-0.071];8406.37825;1;0;[0.879];[-0.071];8397.95406;800),(426558.24995;[0.8714];[-0.0786];7855.25133;1;0;[0.8688];[-0.0812];7850.00783;800),(429583.80079;[0.8321];[-0.1179];7347.40049;1;0;[0.826];[-0.124];7343.62126;800),(430130.63049;[0.8321];[-0.1179];7347.40049;1;0;[0.826];[-0.124];7343.62126;800),(433621.01245;[0.6813];[-0.2687];10829.69400;1;0;[0.6745];[-0.2755];10825.88643;800),(437069.59581;[0.7486];[-0.2014];10418.59827;1;0;[0.7413];[-0.2087];10397.47868;800),(440005.55038;[0.8305];[-0.1195];9946.10103;1;0;[0.8268];[-0.1232];9926.14031;800),(442842.78560;[0.8639];[-0.0861];9272.67104;1;0;[0.8627];[-0.0873];9257.00752;800),(445920.50362;[0.881];[-0.069];8875.71412;1;0;[0.8788];[-0.0712];8863.60464;800),(449018.07857;[0.879];[-0.071];8406.37825;1;0;[0.879];[-0.071];8397.95406;800),(452909.65796;[0.8704];[-0.0796];7854.44620;1;0;[0.8678];[-0.0822];7849.15559;800),(455987.59556;[0.8321];[-0.1179];7347.40049;1;0;[0.826];[-0.124];7343.62126;800),(459218.18066;[0.6813];[-0.2687];10829.69400;1;0;[0.6745];[-0.2755];10825.88643;800),(463218.62936;[0.7486];[-0.2014];10418.59827;1;0;[0.7413];[-0.2087];10397.47868;800),(466337.54110;[0.8305];[-0.1195];9946.10103;1;0;[0.8268];[-0.1232];9926.14031;800),(469141.39867;[0.8639];[-0.0861];9272.67104;1;0;[0.8627];[-0.0873];9257.00752;800),(473041.37206;[0.881];[-0.069];8875.71412;1;0;[0.8788];[-0.0712];8863.60464;800),(476049.92342;[0.879];[-0.071];8406.37825;1;0;[0.879];[-0.071];8397.95406;800),(479282.91059;[0.8704];[-0.0796];7854.44620;1;0;[0.8678];[-0.0822];7849.15559;800),(485090.28673;[0.8568];[-0.0932];7618.32493;1;0;[0.8551];[-0.0949];7613.72407;800),(485483.65259;[0.8361];[-0.1139];7372.00325;1;0;[0.8335];[-0.1165];7368.32897;800),(485771.90924;[0.8321];[-0.1179];7347.40049;1;0;[0.826];[-0.124];7343.62126;800),(486252.59566;[0.8321];[-0.1179];7347.40049;1;0;[0.826];[-0.124];7343.62126;800),(486558.28667;[0.8321];[-0.1179];7347.40049;1;0;[0.826];[-0.124];7343.62126;800),(489241.18471;[0.6813];[-0.2687];10829.69400;1;0;[0.6745];[-0.2755];10825.88643;800),(492755.68080;[0.7643];[-0.1857];10412.75115;1;0;[0.7568];[-0.1932];10392.03942;800),(495712.63647;[0.8305];[-0.1195];9946.10103;1;0;[0.8268];[-0.1232];9926.14031;800),(498905.31445;[0.8639];[-0.0861];9272.67104;1;0;[0.8627];[-0.0873];9257.00752;800),(501887.82001;[0.882];[-0.068];8876.62509;1;0;[0.88];[-0.07];8864.57878;800),(504863.43169;[0.88];[-0.07];8421.85888;1;0;[0.88];[-0.07];8413.44958;800),(508177.87743;[0.8711];[-0.0789];7857.79732;1;0;[0.8687];[-0.0813];7852.45915;800),(511193.03346;[0.8321];[-0.1179];7347.40049;1;0;[0.826];[-0.124];7343.62126;800),(511711.25793;[0.8321];[-0.1179];7347.40049;1;0;[0.826];[-0.124];7343.62126;800),(514396.90208;[0.6813];[-0.2687];10829.69400;1;0;[0.6745];[-0.2755];10825.88643;800),(517848.01674;[0.7643];[-0.1857];10412.75115;1;0;[0.7568];[-0.1932];10392.03942;800),(520994.22503;[0.8305];[-0.1195];9946.10103;1;0;[0.8268];[-0.1232];9926.14031;800),(523893.10169;[0.8639];[-0.0861];9272.67104;1;0;[0.8627];[-0.0873];9257.00752;800),(527010.15401;[0.882];[-0.068];8876.62509;1;0;[0.88];[-0.07];8864.57878;800),(530147.76039;[0.88];[-0.07];8421.85888;1;0;[0.88];[-0.07];8413.44958;800),(533242.51270;[0.8711];[-0.0789];7857.79732;1;0;[0.8687];[-0.0813];7852.45915;800),(536192.48605;[0.8321];[-0.1179];7347.40049;1;0;[0.826];[-0.124];7343.62126;800),(539428.23052;[0.6813];[-0.2687];10829.69400;1;0;[0.6745];[-0.2755];10825.88643;800),(542575.71459;[0.7643];[-0.1857];10412.75115;1;0;[0.7568];[-0.1932];10392.03942;800),(545663.15794;[0.8305];[-0.1195];9946.10103;1;0;[0.8268];[-0.1232];9926.14031;800),(549301.76735;[0.8639];[-0.0861];9272.67104;1;0;[0.8627];[-0.0873];9257.00752;800),(552811.57780;[0.882];[-0.068];8876.62509;1;0;[0.88];[-0.07];8864.57878;800),(555786.21268;[0.88];[-0.07];8421.85888;1;0;[0.88];[-0.07];8413.44958;800),(558907.33099;[0.8711];[-0.0789];7857.79732;1;0;[0.8687];[-0.0813];7852.45915;800),(565112.10918;[0.8581];[-0.0919];7621.77490;1;0;[0.8557];[-0.0943];7617.22476;800),(565538.39684;[0.8361];[-0.1139];7372.00325;1;0;[0.8335];[-0.1165];7368.32897;800),(565881.99353;[0.8321];[-0.1179];7347.40049;1;0;[0.826];[-0.124];7343.62126;800),(566381.62327;[0.8321];[-0.1179];7347.40049;1;0;[0.826];[-0.124];7343.62126;800),(570478.94287;[0.6813];[-0.2687];10829.69400;1;0;[0.6745];[-0.2755];10825.88643;800),(573731.12822;[0.7583];[-0.1917];10412.09090;1;0;[0.7518];[-0.1982];10390.80514;800),(577019.08517;[0.8302];[-0.1198];9942.00135;1;0;[0.8259];[-0.1241];9921.94411;800),(580511.80959;[0.8639];[-0.0861];9272.67104;1;0;[0.8627];[-0.0873];9257.00752;800),(583644.79733;[0.882];[-0.068];8880.23759;1;0;[0.8798];[-0.0702];8868.18010;800),(586825.15049;[0.8806];[-0.0694];8424.53424;1;0;[0.8808];[-0.0692];8416.17247;800),(590327.31795;[0.8719];[-0.0781];7860.15104;1;0;[0.8696];[-0.0804];7854.84531;800),(595417.64069;[0.8573];[-0.0927];7621.86136;1;0;[0.8554];[-0.0946];7617.30423;800),(595784.07621;[0.8504];[-0.0996];7584.98014;1;0;[0.8483];[-0.1017];7580.26805;800),(596122.09129;[0.8321];[-0.1179];7347.40049;1;0;[0.826];[-0.124];7343.62126;800),(596485.43906;[0.8321];[-0.1179];7347.40049;1;0;[0.826];[-0.124];7343.62126;800),(596793.91289;[0.8321];[-0.1179];7347.40049;1;0;[0.826];[-0.124];7343.62126;800),(599289.58201;[0.6813];[-0.2687];10829.69400;1;0;[0.6745];[-0.2755];10825.88643;800)]"
4,7,10786.970970617018,0.99266,1,1,[0.9896],[0.0396],600114.102602005,"[(3236.90581;[0.6622];[-0.2878];10832.47191;1;0;[0.6622];[-0.2878];10832.47191;100),(4560.48274;[0.6622];[-0.2878];10832.47191;1;0;[0.6622];[-0.2878];10832.47191;100),(6832.59082;[0.9896];[0.0396];10786.97097;1;1;[0.9896];[0.0396];10786.97097;200),(7805.25851;[0.9896];[0.0396];10786.97097;1;1;[0.9896];[0.0396];10786.97097;200),(8982.12695;[0.9896];[0.0396];10786.97097;1;1;[0.9896];[0.0396];10786.97097;200),(10083.05049;[0.9896];[0.0396];10786.97097;1;1;[0.9896];[0.0396];10786.97097;200),(11331.93588;[0.9896];[0.0396];10786.97097;1;1;[0.9896];[0.0396];10786.97097;200),(12481.57072;[0.9896];[0.0396];10786.97097;1;1;[0.9896];[0.0396];10786.97097;200),(13601.77517;[0.9896];[0.0396];10786.97097;1;1;[0.9896];[0.0396];10786.97097;200),(14411.42130;[0.9896];[0.0396];10786.97097;1;1;[0.9896];[0.0396];10786.97097;200),(15066.53094;[0.9896];[0.0396];10786.97097;1;1;[0.9896];[0.0396];10786.97097;200),(15618.88218;[0.9896];[0.0396];10786.97097;1;1;[0.9896];[0.0396];10786.97097;200),(16036.43227;[0.9896];[0.0396];10786.97097;1;1;[0.9896];[0.0396];10786.97097;200),(16465.88612;[0.9896];[0.0396];10786.97097;1;1;[0.9896];[0.0396];10786.97097;200),(17041.49938;[0.9896];[0.0396];10786.97097;1;1;[0.9896];[0.0396];10786.97097;200),(17535.50529;[0.9896];[0.0396];10786.97097;1;1;[0.9896];[0.0396];10786.97097;200),(18062.29854;[0.9896];[0.0396];10786.97097;1;1;[0.9896];[0.0396];10786.97097;200),(18580.37925;[0.9896];[0.0396];10786.97097;1;1;[0.9896];[0.0396];10786.97097;200),(19123.75021;[0.9896];[0.0396];10786.97097;1;1;[0.9896];[0.0396];10786.97097;200),(19600.40689;[0.9896];[0.0396];10786.97097;1;1;[0.9896];[0.0396];10786.97097;200),(20107.76877;[0.9896];[0.0396];10786.97097;1;1;[0.9896];[0.0396];10786.97097;200),(20706.93779;[0.9896];[0.0396];10786.97097;1;1;[0.9896];[0.0396];10786.97097;200),(21375.04172;[0.9896];[0.0396];10786.97097;1;1;[0.9896];[0.0396];10786.97097;200),(22027.39215;[0.9896];[0.0396];10786.97097;1;1;[0.9896];[0.0396];10786.97097;200),(22605.04866;[0.9896];[0.0396];10786.97097;1;1;[0.9896];[0.0396];10786.97097;200),(23126.37877;[0.9896];[0.0396];10786.97097;1;1;[0.9896];[0.0396];10786.97097;200),(23636.20472;[0.9896];[0.0396];10786.97097;1;1;[0.9896];[0.0396];10786.97097;200),(27441.52045;[0.7226];[-0.2274];10845.19027;1;0;[0.7226];[-0.2274];10845.19027;400),(29559.44633;[0.7226];[-0.2274];10845.19027;1;0;[0.7226];[-0.2274];10845.19027;400),(31573.49253;[0.7226];[-0.2274];10845.19027;1;0;[0.7226];[-0.2274];10845.19027;400),(34003.37291;[0.7226];[-0.2274];10845.19027;1;0;[0.7226];[-0.2274];10845.19027;400),(36112.87880;[0.7226];[-0.2274];10845.19027;1;0;[0.7226];[-0.2274];10845.19027;400),(38328.86386;[0.7724];[-0.1776];10824.90371;1;0;[0.7724];[-0.1776];10824.90371;400),(40439.51941;[0.6692];[-0.2808];10832.80587;1;0;[0.6692];[-0.2808];10832.80587;400),(41004.49824;[0.8415];[-0.1085];9634.54760;1;0;[0.8415];[-0.1085];9634.54760;400),(41453.54056;[0.8797];[-0.0703];8868.92175;1;0;[0.8797];[-0.0703];8868.92175;400),(41987.52880;[0.8706];[-0.0794];7857.99886;1;0;[0.8706];[-0.0794];7857.99886;400),(42434.55434;[0.8557];[-0.0943];7617.22476;1;0;[0.8557];[-0.0943];7617.22476;400),(42978.59693;[0.826];[-0.124];7343.62126;1;0;[0.826];[-0.124];7343.62126;400),(43603.79553;[0.799];[-0.151];7104.68475;1;0;[0.799];[-0.151];7104.68475;400),(44176.11217;[0.7933];[-0.1567];7089.61448;1;0;[0.7933];[-0.1567];7089.61448;400),(44708.01520;[0.7933];[-0.1567];7089.61448;1;0;[0.7933];[-0.1567];7089.61448;400),(47010.10609;[0.7346];[-0.2154];10838.59389;1;0;[0.7346];[-0.2154];10838.59389;400),(49142.82346;[0.7392];[-0.2108];10418.13429;1;0;[0.7392];[-0.2108];10418.13429;400),(52336.70759;[0.8195];[-0.1305];9967.64414;1;0;[0.8195];[-0.1305];9967.64414;400),(54303.76863;[0.8601];[-0.0899];9216.73110;1;0;[0.8601];[-0.0899];9216.73110;400),(56639.50610;[0.8772];[-0.0728];8608.93426;1;0;[0.8772];[-0.0728];8608.93426;400),(58868.69931;[0.8695];[-0.0805];7860.44713;1;0;[0.8695];[-0.0805];7860.44713;400),(62546.57793;[0.8522];[-0.0978];7602.75772;1;0;[0.8522];[-0.0978];7602.75772;400),(63020.70212;[0.8351];[-0.1149];7367.11182;1;0;[0.8351];[-0.1149];7367.11182;400),(63485.78358;[0.7998];[-0.1502];7103.82038;1;0;[0.7998];[-0.1502];7103.82038;400),(63960.35290;[0.7975];[-0.1525];7100.73716;1;0;[0.7975];[-0.1525];7100.73716;400),(64364.11881;[0.7918];[-0.1582];7091.18471;1;0;[0.7918];[-0.1582];7091.18471;400),(64713.36389;[0.7933];[-0.1567];7089.61448;1;0;[0.7933];[-0.1567];7089.61448;400),(67108.73342;[0.747];[-0.203];10841.23267;1;0;[0.747];[-0.203];10841.23267;400),(69166.36229;[0.7465];[-0.2035];10413.79162;1;0;[0.7465];[-0.2035];10413.79162;400),(71345.06321;[0.8191];[-0.1309];9965.50932;1;0;[0.8191];[-0.1309];9965.50932;400),(74193.10951;[0.8591];[-0.0909];9234.70206;1;0;[0.8591];[-0.0909];9234.70206;400),(76660.79998;[0.8786];[-0.0714];8614.42364;1;0;[0.8786];[-0.0714];8614.42364;400),(78563.45129;[0.8733];[-0.0767];8041.08612;1;0;[0.8733];[-0.0767];8041.08612;400),(82628.66569;[0.8551];[-0.0949];7613.72407;1;0;[0.8551];[-0.0949];7613.72407;400),(83081.15673;[0.836];[-0.114];7370.97262;1;0;[0.836];[-0.114];7370.97262;400),(83713.73773;[0.7998];[-0.1502];7103.82038;1;0;[0.7998];[-0.1502];7103.82038;400),(84083.80032;[0.7985];[-0.1515];7098.79751;1;0;[0.7985];[-0.1515];7098.79751;400),(84435.48250;[0.7933];[-0.1567];7089.61448;1;0;[0.7933];[-0.1567];7089.61448;400),(86378.52144;[0.7512];[-0.1988];10838.33359;1;0;[0.7512];[-0.1988];10838.33359;400),(88576.15590;[0.7424];[-0.2076];10411.80292;1;0;[0.7424];[-0.2076];10411.80292;400),(90552.07610;[0.8192];[-0.1308];9959.16460;1;0;[0.8192];[-0.1308];9959.16460;400),(92505.35417;[0.8609];[-0.0891];9248.19812;1;0;[0.8609];[-0.0891];9248.19812;400),(94883.93998;[0.8795];[-0.0705];8620.54259;1;0;[0.8795];[-0.0705];8620.54259;400),(96613.44314;[0.8743];[-0.0757];8054.77385;1;0;[0.8743];[-0.0757];8054.77385;400),(100533.94294;[0.8565];[-0.0935];7619.47676;1;0;[0.8565];[-0.0935];7619.47676;400),(101258.85510;[0.8354];[-0.1146];7371.61038;1;0;[0.8354];[-0.1146];7371.61038;400),(101802.25539;[0.8006];[-0.1494];7102.53100;1;0;[0.8006];[-0.1494];7102.53100;400),(102189.59689;[0.7954];[-0.1546];7096.38820;1;0;[0.7954];[-0.1546];7096.38820;400),(102656.11339;[0.7933];[-0.1567];7089.61448;1;0;[0.7933];[-0.1567];7089.61448;400),(105321.39277;[0.7564];[-0.1936];10832.24206;1;0;[0.7564];[-0.1936];10832.24206;400),(107646.65604;[0.7443];[-0.2057];10403.55579;1;0;[0.7443];[-0.2057];10403.55579;400),(109849.59102;[0.8237];[-0.1263];9948.82820;1;0;[0.8237];[-0.1263];9948.82820;400),(112080.34921;[0.8627];[-0.0873];9250.87539;1;0;[0.8627];[-0.0873];9250.87539;400),(114097.98241;[0.881];[-0.069];8726.79410;1;0;[0.881];[-0.069];8726.79410;400),(115957.51143;[0.8758];[-0.0742];8060.23102;1;0;[0.8758];[-0.0742];8060.23102;400),(120178.29370;[0.8589];[-0.0911];7625.15601;1;0;[0.8589];[-0.0911];7625.15601;400),(120782.55486;[0.8367];[-0.1133];7377.89806;1;0;[0.8367];[-0.1133];7377.89806;400),(121216.18843;[0.8275];[-0.1225];7350.01333;1;0;[0.8275];[-0.1225];7350.01333;400),(121697.68548;[0.7954];[-0.1546];7096.38820;1;0;[0.7954];[-0.1546];7096.38820;400),(122214.09154;[0.7933];[-0.1567];7089.61448;1;0;[0.7933];[-0.1567];7089.61448;400),(122517.57169;[0.7933];[-0.1567];7089.61448;1;0;[0.7933];[-0.1567];7089.61448;400),(123153.88918;[0.7933];[-0.1567];7089.61448;1;0;[0.7933];[-0.1567];7089.61448;400),(125646.53492;[0.7851];[-0.1649];10821.71066;1;0;[0.7851];[-0.1649];10821.71066;400),(127760.98156;[0.7446];[-0.2054];10402.23345;1;0;[0.7446];[-0.2054];10402.23345;400),(129683.86745;[0.8237];[-0.1263];9948.82820;1;0;[0.8237];[-0.1263];9948.82820;400),(131547.18661;[0.8624];[-0.0876];9255.84485;1;0;[0.8624];[-0.0876];9255.84485;400),(133248.80171;[0.8818];[-0.0682];8735.82646;1;0;[0.8818];[-0.0682];8735.82646;400),(135096.08269;[0.8784];[-0.0716];8061.82715;1;0;[0.8784];[-0.0716];8061.82715;400),(137118.97302;[0.7933];[-0.1567];7089.61448;1;0;[0.7933];[-0.1567];7089.61448;400),(138017.54856;[0.7933];[-0.1567];7089.61448;1;0;[0.7933];[-0.1567];7089.61448;400),(139821.94304;[0.7851];[-0.1649];10821.71066;1;0;[0.7851];[-0.1649];10821.71066;400),(141941.98012;[0.7446];[-0.2054];10402.23345;1;0;[0.7446];[-0.2054];10402.23345;400),(143591.59946;[0.8237];[-0.1263];9948.82820;1;0;[0.8237];[-0.1263];9948.82820;400),(145966.71462;[0.8624];[-0.0876];9255.84485;1;0;[0.8624];[-0.0876];9255.84485;400),(147677.11282;[0.8818];[-0.0682];8735.82646;1;0;[0.8818];[-0.0682];8735.82646;400),(149926.78285;[0.8784];[-0.0716];8061.82715;1;0;[0.8784];[-0.0716];8061.82715;400),(151763.07869;[0.7933];[-0.1567];7089.61448;1;0;[0.7933];[-0.1567];7089.61448;400),(152402.74739;[0.7933];[-0.1567];7089.61448;1;0;[0.7933];[-0.1567];7089.61448;400),(154485.75091;[0.7918];[-0.1582];10815.74036;1;0;[0.7918];[-0.1582];10815.74036;400),(156542.42635;[0.747];[-0.203];10394.90133;1;0;[0.747];[-0.203];10394.90133;400),(158518.62621;[0.8237];[-0.1263];9948.82820;1;0;[0.8237];[-0.1263];9948.82820;400),(160166.12196;[0.8624];[-0.0876];9255.84485;1;0;[0.8624];[-0.0876];9255.84485;400),(162541.18180;[0.8818];[-0.0682];8735.82646;1;0;[0.8818];[-0.0682];8735.82646;400),(164761.78837;[0.8784];[-0.0716];8061.82715;1;0;[0.8784];[-0.0716];8061.82715;400),(166789.53362;[0.7933];[-0.1567];7089.61448;1;0;[0.7933];[-0.1567];7089.61448;400),(169604.06661;[0.7918];[-0.1582];10815.74036;1;0;[0.7918];[-0.1582];10815.74036;400),(171478.64461;[0.747];[-0.203];10394.90133;1;0;[0.747];[-0.203];10394.90133;400),(173622.95508;[0.8237];[-0.1263];9948.82820;1;0;[0.8237];[-0.1263];9948.82820;400),(176325.51384;[0.8624];[-0.0876];9255.84485;1;0;[0.8624];[-0.0876];9255.84485;400),(178204.23484;[0.8818];[-0.0682];8735.82646;1;0;[0.8818];[-0.0682];8735.82646;400),(180367.17558;[0.8784];[-0.0716];8061.82715;1;0;[0.8784];[-0.0716];8061.82715;400),(184064.32366;[0.8589];[-0.0911];7627.34405;1;0;[0.8589];[-0.0911];7627.34405;400),(184579.08988;[0.8522];[-0.0978];7602.75772;1;0;[0.8522];[-0.0978];7602.75772;400),(185008.85606;[0.8351];[-0.1149];7367.11182;1;0;[0.8351];[-0.1149];7367.11182;400),(185402.40741;[0.8275];[-0.1225];7350.01333;1;0;[0.8275];[-0.1225];7350.01333;400),(185769.41586;[0.826];[-0.124];7343.62126;1;0;[0.826];[-0.124];7343.62126;400),(186097.91470;[0.826];[-0.124];7343.62126;1;0;[0.826];[-0.124];7343.62126;400),(188125.44560;[0.6692];[-0.2808];10832.80587;1;0;[0.6692];[-0.2808];10832.80587;400),(189987.59460;[0.747];[-0.203];10394.90133;1;0;[0.747];[-0.203];10394.90133;400),(192037.54282;[0.8237];[-0.1263];9948.82820;1;0;[0.8237];[-0.1263];9948.82820;400),(193774.04785;[0.8627];[-0.0873];9257.00752;1;0;[0.8627];[-0.0873];9257.00752;400),(195555.58300;[0.8824];[-0.0676];8739.39858;1;0;[0.8824];[-0.0676];8739.39858;400),(197441.62321;[0.8781];[-0.0719];8065.73915;1;0;[0.8781];[-0.0719];8065.73915;400),(200927.82044;[0.8618];[-0.0882];7820.20975;1;0;[0.8618];[-0.0882];7820.20975;400),(201532.49097;[0.8538];[-0.0962];7605.79246;1;0;[0.8538];[-0.0962];7605.79246;400),(202011.80267;[0.8335];[-0.1165];7368.32897;1;0;[0.8335];[-0.1165];7368.32897;400),(202370.45336;[0.8275];[-0.1225];7350.01333;1;0;[0.8275];[-0.1225];7350.01333;400),(202809.55386;[0.826];[-0.124];7343.62126;1;0;[0.826];[-0.124];7343.62126;400),(203205.16872;[0.826];[-0.124];7343.62126;1;0;[0.826];[-0.124];7343.62126;400),(205218.98460;[0.6692];[-0.2808];10832.80587;1;0;[0.6692];[-0.2808];10832.80587;400),(207521.80529;[0.7504];[-0.1996];10383.31987;1;0;[0.7504];[-0.1996];10383.31987;400),(209508.91662;[0.8257];[-0.1243];9926.81688;1;0;[0.8257];[-0.1243];9926.81688;400),(211452.09169;[0.8649];[-0.0851];9198.59465;1;0;[0.8649];[-0.0851];9198.59465;400),(213248.32630;[0.8835];[-0.0665];8740.13228;1;0;[0.8835];[-0.0665];8740.13228;400),(215163.90610;[0.8781];[-0.0719];8065.73915;1;0;[0.8781];[-0.0719];8065.73915;400),(218496.02556;[0.866];[-0.084];7835.71556;1;0;[0.866];[-0.084];7835.71556;400),(219279.92129;[0.854];[-0.096];7606.33210;1;0;[0.854];[-0.096];7606.33210;400),(219707.65758;[0.8316];[-0.1184];7364.64632;1;0;[0.8316];[-0.1184];7364.64632;400),(220303.79963;[0.8283];[-0.1217];7348.72395;1;0;[0.8283];[-0.1217];7348.72395;400),(220739.60352;[0.826];[-0.124];7343.62126;1;0;[0.826];[-0.124];7343.62126;400),(221283.50830;[0.826];[-0.124];7343.62126;1;0;[0.826];[-0.124];7343.62126;400),(223498.34418;[0.6707];[-0.2793];10829.75143;1;0;[0.6707];[-0.2793];10829.75143;400),(225043.76626;[0.7504];[-0.1996];10383.31987;1;0;[0.7504];[-0.1996];10383.31987;400),(226812.63900;[0.8268];[-0.1232];9926.14031;1;0;[0.8268];[-0.1232];9926.14031;400),(229519.47832;[0.8584];[-0.0916];9204.36904;1;0;[0.8584];[-0.0916];9204.36904;400),(231316.77914;[0.8817];[-0.0683];8741.76040;1;0;[0.8817];[-0.0683];8741.76040;400),(233152.86350;[0.8779];[-0.0721];8066.73554;1;0;[0.8779];[-0.0721];8066.73554;400),(234903.21803;[0.826];[-0.124];7343.62126;1;0;[0.826];[-0.124];7343.62126;400),(237015.92278;[0.6707];[-0.2793];10829.75143;1;0;[0.6707];[-0.2793];10829.75143;400),(239075.79827;[0.7499];[-0.2001];10376.10769;1;0;[0.7499];[-0.2001];10376.10769;400),(241658.55002;[0.8268];[-0.1232];9926.14031;1;0;[0.8268];[-0.1232];9926.14031;400),(243926.07760;[0.8584];[-0.0916];9204.36904;1;0;[0.8584];[-0.0916];9204.36904;400),(245873.88849;[0.8817];[-0.0683];8741.76040;1;0;[0.8817];[-0.0683];8741.76040;400),(247998.05784;[0.8779];[-0.0721];8066.73554;1;0;[0.8779];[-0.0721];8066.73554;400),(251230.87049;[0.8665];[-0.0835];7839.41046;1;0;[0.8665];[-0.0835];7839.41046;400),(251688.63750;[0.8551];[-0.0949];7613.72407;1;0;[0.8551];[-0.0949];7613.72407;400),(252280.56836;[0.8307];[-0.1193];7352.60118;1;0;[0.8307];[-0.1193];7352.60118;400),(252623.08478;[0.8283];[-0.1217];7348.72395;1;0;[0.8283];[-0.1217];7348.72395;400),(252955.60527;[0.826];[-0.124];7343.62126;1;0;[0.826];[-0.124];7343.62126;400),(253747.94102;[0.826];[-0.124];7343.62126;1;0;[0.826];[-0.124];7343.62126;400),(255944.32998;[0.6799];[-0.2701];10828.91906;1;0;[0.6799];[-0.2701];10828.91906;400),(258188.39860;[0.7669];[-0.1831];10371.90949;1;0;[0.7669];[-0.1831];10371.90949;400),(260049.89076;[0.8265];[-0.1235];9926.50118;1;0;[0.8265];[-0.1235];9926.50118;400),(261854.68388;[0.8582];[-0.0918];9230.64804;1;0;[0.8582];[-0.0918];9230.64804;400),(263704.61130;[0.882];[-0.068];8742.46564;1;0;[0.882];[-0.068];8742.46564;400),(265653.05042;[0.8761];[-0.0739];8226.26581;1;0;[0.8761];[-0.0739];8226.26581;400),(267978.29652;[0.826];[-0.124];7343.62126;1;0;[0.826];[-0.124];7343.62126;400),(270309.76081;[0.6799];[-0.2701];10828.91906;1;0;[0.6799];[-0.2701];10828.91906;400),(272771.12269;[0.7669];[-0.1831];10371.90949;1;0;[0.7669];[-0.1831];10371.90949;400),(274658.73003;[0.8268];[-0.1232];9926.14031;1;0;[0.8268];[-0.1232];9926.14031;400),(276651.90291;[0.8582];[-0.0918];9230.64804;1;0;[0.8582];[-0.0918];9230.64804;400),(278622.05100;[0.882];[-0.068];8742.46564;1;0;[0.882];[-0.068];8742.46564;400),(280517.71855;[0.8761];[-0.0739];8226.26581;1;0;[0.8761];[-0.0739];8226.26581;400),(283802.45471;[0.8664];[-0.0836];7845.15750;1;0;[0.8664];[-0.0836];7845.15750;400),(284188.37070;[0.8557];[-0.0943];7617.22476;1;0;[0.8557];[-0.0943];7617.22476;400),(284532.79281;[0.8275];[-0.1225];7350.01333;1;0;[0.8275];[-0.1225];7350.01333;400),(284843.74237;[0.826];[-0.124];7343.62126;1;0;[0.826];[-0.124];7343.62126;400),(286821.04564;[0.6832];[-0.2668];10825.80932;1;0;[0.6832];[-0.2668];10825.80932;400),(288863.11126;[0.7603];[-0.1897];10368.10067;1;0;[0.7603];[-0.1897];10368.10067;400),(290772.19582;[0.8259];[-0.1241];9915.21903;1;0;[0.8259];[-0.1241];9915.21903;400),(292664.42966;[0.8609];[-0.0891];9248.19812;1;0;[0.8609];[-0.0891];9248.19812;400),(294883.04424;[0.8757];[-0.0743];8755.60816;1;0;[0.8757];[-0.0743];8755.60816;400),(296610.92567;[0.8791];[-0.0709];8243.47443;1;0;[0.8791];[-0.0709];8243.47443;400),(299673.21682;[0.8674];[-0.0826];7848.00353;1;0;[0.8674];[-0.0826];7848.00353;400),(300158.67519;[0.8565];[-0.0935];7619.47676;1;0;[0.8565];[-0.0935];7619.47676;400),(300455.13487;[0.8283];[-0.1217];7348.72395;1;0;[0.8283];[-0.1217];7348.72395;400),(300900.87318;[0.826];[-0.124];7343.62126;1;0;[0.826];[-0.124];7343.62126;400),(302775.87557;[0.6791];[-0.2709];10827.46402;1;0;[0.6791];[-0.2709];10827.46402;400),(305103.70612;[0.7604];[-0.1896];10364.01310;1;0;[0.7604];[-0.1896];10364.01310;400),(306881.86264;[0.8259];[-0.1241];9921.94411;1;0;[0.8259];[-0.1241];9921.94411;400),(309322.50309;[0.8621];[-0.0879];9250.93707;1;0;[0.8621];[-0.0879];9250.93707;400),(311488.42144;[0.8778];[-0.0722];8764.23639;1;0;[0.8778];[-0.0722];8764.23639;400),(313571.94066;[0.8803];[-0.0697];8250.59338;1;0;[0.8803];[-0.0697];8250.59338;400),(318148.43774;[0.8688];[-0.0812];7850.00783;1;0;[0.8688];[-0.0812];7850.00783;400),(318625.43106;[0.8618];[-0.0882];7820.20975;1;0;[0.8618];[-0.0882];7820.20975;400),(318947.17431;[0.8522];[-0.0978];7602.75772;1;0;[0.8522];[-0.0978];7602.75772;400),(319465.12580;[0.8505];[-0.0995];7598.47573;1;0;[0.8505];[-0.0995];7598.47573;400),(320084.27119;[0.8492];[-0.1008];7591.86384;1;0;[0.8492];[-0.1008];7591.86384;400),(322460.32929;[0.6818];[-0.2682];10823.68012;1;0;[0.6818];[-0.2682];10823.68012;400),(324285.16722;[0.77];[-0.18];10359.90324;1;0;[0.77];[-0.18];10359.90324;400),(325824.06211;[0.8259];[-0.1241];9921.94411;1;0;[0.8259];[-0.1241];9921.94411;400),(327573.16995;[0.8624];[-0.0876];9255.84485;1;0;[0.8624];[-0.0876];9255.84485;400),(329111.30929;[0.8764];[-0.0736];8849.64581;1;0;[0.8764];[-0.0736];8849.64581;400),(330779.97613;[0.882];[-0.068];8253.84954;1;0;[0.882];[-0.068];8253.84954;400),(334320.98007;[0.8687];[-0.0813];7852.45915;1;0;[0.8687];[-0.0813];7852.45915;400),(334727.88525;[0.8638];[-0.0862];7833.46252;1;0;[0.8638];[-0.0862];7833.46252;400),(335109.18784;[0.8522];[-0.0978];7602.75772;1;0;[0.8522];[-0.0978];7602.75772;400),(335580.20163;[0.8505];[-0.0995];7598.47573;1;0;[0.8505];[-0.0995];7598.47573;400),(335886.91640;[0.8505];[-0.0995];7598.47573;1;0;[0.8505];[-0.0995];7598.47573;400),(336204.23603;[0.8492];[-0.1008];7591.86384;1;0;[0.8492];[-0.1008];7591.86384;400),(338704.22840;[0.6851];[-0.2649];10817.29171;1;0;[0.6851];[-0.2649];10817.29171;400),(340510.71143;[0.7639];[-0.1861];10357.60452;1;0;[0.7639];[-0.1861];10357.60452;400),(342130.05018;[0.8259];[-0.1241];9921.94411;1;0;[0.8259];[-0.1241];9921.94411;400),(343894.23704;[0.8627];[-0.0873];9257.00752;1;0;[0.8627];[-0.0873];9257.00752;400),(346128.13950;[0.8785];[-0.0715];8861.87026;1;0;[0.8785];[-0.0715];8861.87026;400),(347933.62188;[0.8834];[-0.0666];8257.22856;1;0;[0.8834];[-0.0666];8257.22856;400),(351036.59582;[0.8696];[-0.0804];7854.84531;1;0;[0.8696];[-0.0804];7854.84531;400),(351436.48863;[0.8651];[-0.0849];7837.07655;1;0;[0.8651];[-0.0849];7837.07655;400),(351919.13056;[0.8522];[-0.0978];7602.75772;1;0;[0.8522];[-0.0978];7602.75772;400),(352337.05926;[0.8505];[-0.0995];7598.47573;1;0;[0.8505];[-0.0995];7598.47573;400),(352878.00455;[0.8481];[-0.1019];7593.56191;1;0;[0.8481];[-0.1019];7593.56191;400),(353604.55179;[0.8492];[-0.1008];7591.86384;1;0;[0.8492];[-0.1008];7591.86384;400),(355679.55041;[0.6971];[-0.2529];10805.85051;1;0;[0.6971];[-0.2529];10805.85051;400),(357829.93150;[0.7671];[-0.1829];10343.99096;1;0;[0.7671];[-0.1829];10343.99096;400),(359857.85723;[0.8296];[-0.1204];9901.34799;1;0;[0.8296];[-0.1204];9901.34799;400),(362029.41656;[0.8661];[-0.0839];9198.66238;1;0;[0.8661];[-0.0839];9198.66238;400),(363835.23703;[0.8742];[-0.0758];8750.34746;1;0;[0.8742];[-0.0758];8750.34746;400),(365782.90892;[0.8834];[-0.0666];8257.22856;1;0;[0.8834];[-0.0666];8257.22856;400),(367710.05583;[0.8492];[-0.1008];7591.86384;1;0;[0.8492];[-0.1008];7591.86384;400),(368802.72937;[0.8492];[-0.1008];7591.86384;1;0;[0.8492];[-0.1008];7591.86384;400),(370911.31735;[0.6971];[-0.2529];10805.85051;1;0;[0.6971];[-0.2529];10805.85051;400),(373474.10321;[0.7671];[-0.1829];10343.99096;1;0;[0.7671];[-0.1829];10343.99096;400),(375387.39467;[0.8296];[-0.1204];9901.34799;1;0;[0.8296];[-0.1204];9901.34799;400),(377385.99372;[0.8649];[-0.0851];9198.59465;1;0;[0.8649];[-0.0851];9198.59465;400),(379595.37840;[0.8742];[-0.0758];8750.34746;1;0;[0.8742];[-0.0758];8750.34746;400),(381376.60718;[0.8834];[-0.0666];8257.22856;1;0;[0.8834];[-0.0666];8257.22856;400),(383180.42970;[0.8492];[-0.1008];7591.86384;1;0;[0.8492];[-0.1008];7591.86384;400),(384303.90000;[0.8492];[-0.1008];7591.86384;1;0;[0.8492];[-0.1008];7591.86384;400),(386648.55266;[0.6971];[-0.2529];10805.85051;1;0;[0.6971];[-0.2529];10805.85051;400),(388761.04403;[0.7671];[-0.1829];10343.99096;1;0;[0.7671];[-0.1829];10343.99096;400),(390448.37189;[0.8296];[-0.1204];9901.34799;1;0;[0.8296];[-0.1204];9901.34799;400),(392556.76007;[0.8649];[-0.0851];9198.59465;1;0;[0.8649];[-0.0851];9198.59465;400),(394456.86531;[0.8742];[-0.0758];8750.34746;1;0;[0.8742];[-0.0758];8750.34746;400),(396377.46620;[0.8834];[-0.0666];8257.22856;1;0;[0.8834];[-0.0666];8257.22856;400),(398757.46441;[0.8492];[-0.1008];7591.86384;1;0;[0.8492];[-0.1008];7591.86384;400),(399412.89759;[0.8492];[-0.1008];7591.86384;1;0;[0.8492];[-0.1008];7591.86384;400),(401288.55538;[0.6992];[-0.2508];10800.00952;1;0;[0.6992];[-0.2508];10800.00952;400),(403133.46767;[0.7599];[-0.1901];10339.48885;1;0;[0.7599];[-0.1901];10339.48885;400),(405429.99053;[0.8299];[-0.1201];9900.48445;1;0;[0.8299];[-0.1201];9900.48445;400),(407891.53886;[0.8661];[-0.0839];9198.66238;1;0;[0.8661];[-0.0839];9198.66238;400),(409750.70858;[0.8742];[-0.0758];8750.34746;1;0;[0.8742];[-0.0758];8750.34746;400),(411789.12830;[0.8834];[-0.0666];8257.22856;1;0;[0.8834];[-0.0666];8257.22856;400),(413803.00951;[0.8492];[-0.1008];7591.86384;1;0;[0.8492];[-0.1008];7591.86384;400),(414804.18468;[0.8492];[-0.1008];7591.86384;1;0;[0.8492];[-0.1008];7591.86384;400),(416462.82911;[0.6992];[-0.2508];10800.00952;1;0;[0.6992];[-0.2508];10800.00952;400),(418285.64787;[0.7599];[-0.1901];10339.48885;1;0;[0.7599];[-0.1901];10339.48885;400),(419968.83440;[0.8296];[-0.1204];9901.34799;1;0;[0.8296];[-0.1204];9901.34799;400),(421881.38890;[0.8661];[-0.0839];9198.66238;1;0;[0.8661];[-0.0839];9198.66238;400),(424318.58969;[0.8742];[-0.0758];8750.34746;1;0;[0.8742];[-0.0758];8750.34746;400),(426280.28703;[0.8834];[-0.0666];8257.22856;1;0;[0.8834];[-0.0666];8257.22856;400),(427968.98913;[0.8492];[-0.1008];7591.86384;1;0;[0.8492];[-0.1008];7591.86384;400),(428946.95926;[0.8492];[-0.1008];7591.86384;1;0;[0.8492];[-0.1008];7591.86384;400),(430821.86556;[0.6982];[-0.2518];10792.94073;1;0;[0.6982];[-0.2518];10792.94073;400),(432818.47548;[0.7599];[-0.1901];10339.48885;1;0;[0.7599];[-0.1901];10339.48885;400),(434776.33762;[0.8296];[-0.1204];9901.34799;1;0;[0.8296];[-0.1204];9901.34799;400),(437500.40150;[0.8661];[-0.0839];9198.66238;1;0;[0.8661];[-0.0839];9198.66238;400),(439568.88032;[0.8742];[-0.0758];8750.34746;1;0;[0.8742];[-0.0758];8750.34746;400),(441418.74623;[0.8834];[-0.0666];8257.22856;1;0;[0.8834];[-0.0666];8257.22856;400),(443191.44630;[0.8492];[-0.1008];7591.86384;1;0;[0.8492];[-0.1008];7591.86384;400),(445954.38981;[0.6982];[-0.2518];10792.94073;1;0;[0.6982];[-0.2518];10792.94073;400),(447625.14400;[0.7599];[-0.1901];10339.48885;1;0;[0.7599];[-0.1901];10339.48885;400),(449836.35092;[0.8296];[-0.1204];9901.34799;1;0;[0.8296];[-0.1204];9901.34799;400),(451858.93488;[0.8649];[-0.0851];9198.59465;1;0;[0.8649];[-0.0851];9198.59465;400),(453926.42021;[0.8742];[-0.0758];8750.34746;1;0;[0.8742];[-0.0758];8750.34746;400),(455742.59639;[0.8834];[-0.0666];8257.22856;1;0;[0.8834];[-0.0666];8257.22856;400),(458848.64140;[0.8704];[-0.0796];8039.99184;1;0;[0.8704];[-0.0796];8039.99184;400),(459249.71914;[0.8659];[-0.0841];7839.71799;1;0;[0.8659];[-0.0841];7839.71799;400),(459569.65184;[0.8522];[-0.0978];7602.75772;1;0;[0.8522];[-0.0978];7602.75772;400),(460152.94170;[0.8505];[-0.0995];7598.47573;1;0;[0.8505];[-0.0995];7598.47573;400),(460426.91112;[0.8505];[-0.0995];7598.47573;1;0;[0.8505];[-0.0995];7598.47573;400),(460857.76830;[0.8492];[-0.1008];7591.86384;1;0;[0.8492];[-0.1008];7591.86384;400),(463633.17585;[0.6979];[-0.2521];10790.33966;1;0;[0.6979];[-0.2521];10790.33966;400),(465847.22877;[0.7843];[-0.1657];10326.79921;1;0;[0.7843];[-0.1657];10326.79921;400),(467540.92526;[0.8288];[-0.1212];9885.62692;1;0;[0.8288];[-0.1212];9885.62692;400),(469680.03178;[0.8593];[-0.0907];9206.05575;1;0;[0.8593];[-0.0907];9206.05575;400),(471396.39640;[0.8762];[-0.0738];8760.64500;1;0;[0.8762];[-0.0738];8760.64500;400),(473196.18201;[0.8836];[-0.0664];8259.75538;1;0;[0.8836];[-0.0664];8259.75538;400),(477017.30275;[0.8728];[-0.0772];8049.17032;1;0;[0.8728];[-0.0772];8049.17032;400),(477666.32986;[0.867];[-0.083];7841.00529;1;0;[0.867];[-0.083];7841.00529;400),(478028.31888;[0.8613];[-0.0887];7813.88636;1;0;[0.8613];[-0.0887];7813.88636;400),(478776.88503;[0.8505];[-0.0995];7598.47573;1;0;[0.8505];[-0.0995];7598.47573;400),(479170.29572;[0.8505];[-0.0995];7598.47573;1;0;[0.8505];[-0.0995];7598.47573;400),(479529.84643;[0.8492];[-0.1008];7591.86384;1;0;[0.8492];[-0.1008];7591.86384;400),(481515.92994;[0.7839];[-0.1661];10784.96487;1;0;[0.7839];[-0.1661];10784.96487;400),(483418.65849;[0.7839];[-0.1661];10325.79679;1;0;[0.7839];[-0.1661];10325.79679;400),(484993.09945;[0.829];[-0.121];9892.25493;1;0;[0.829];[-0.121];9892.25493;400),(486801.92375;[0.8603];[-0.0897];9244.98521;1;0;[0.8603];[-0.0897];9244.98521;400),(488693.95947;[0.8778];[-0.0722];8764.23639;1;0;[0.8778];[-0.0722];8764.23639;400),(490566.50281;[0.8808];[-0.0692];8416.17247;1;0;[0.8808];[-0.0692];8416.17247;400),(492239.96520;[0.8492];[-0.1008];7591.86384;1;0;[0.8492];[-0.1008];7591.86384;400),(493224.86925;[0.8492];[-0.1008];7591.86384;1;0;[0.8492];[-0.1008];7591.86384;400),(495111.35435;[0.7909];[-0.1591];10781.52754;1;0;[0.7909];[-0.1591];10781.52754;400),(496991.65893;[0.7626];[-0.1874];10320.00172;1;0;[0.7626];[-0.1874];10320.00172;400),(498597.19324;[0.829];[-0.121];9892.25493;1;0;[0.829];[-0.121];9892.25493;400),(500640.12599;[0.8603];[-0.0897];9244.98521;1;0;[0.8603];[-0.0897];9244.98521;400),(502901.13044;[0.8778];[-0.0722];8764.23639;1;0;[0.8778];[-0.0722];8764.23639;400),(504670.75706;[0.8808];[-0.0692];8416.17247;1;0;[0.8808];[-0.0692];8416.17247;400),(506374.12691;[0.8492];[-0.1008];7591.86384;1;0;[0.8492];[-0.1008];7591.86384;400),(509009.42636;[0.7909];[-0.1591];10781.52754;1;0;[0.7909];[-0.1591];10781.52754;400),(510875.00024;[0.7626];[-0.1874];10320.00172;1;0;[0.7626];[-0.1874];10320.00172;400),(513036.32545;[0.829];[-0.121];9892.25493;1;0;[0.829];[-0.121];9892.25493;400),(515103.64175;[0.8603];[-0.0897];9244.98521;1;0;[0.8603];[-0.0897];9244.98521;400),(517351.56894;[0.8778];[-0.0722];8764.23639;1;0;[0.8778];[-0.0722];8764.23639;400),(519419.22665;[0.8808];[-0.0692];8416.17247;1;0;[0.8808];[-0.0692];8416.17247;400),(522517.45129;[0.8743];[-0.0757];8054.77385;1;0;[0.8743];[-0.0757];8054.77385;400),(522949.26262;[0.8664];[-0.0836];7845.15750;1;0;[0.8664];[-0.0836];7845.15750;400),(523380.75876;[0.8632];[-0.0868];7823.73822;1;0;[0.8632];[-0.0868];7823.73822;400),(523879.54259;[0.8618];[-0.0882];7820.20975;1;0;[0.8618];[-0.0882];7820.20975;400),(524219.54656;[0.8626];[-0.0874];7818.91108;1;0;[0.8626];[-0.0874];7818.91108;400),(524635.97417;[0.8626];[-0.0874];7818.91108;1;0;[0.8626];[-0.0874];7818.91108;400),(524939.33439;[0.8609];[-0.0891];7815.80127;1;0;[0.8609];[-0.0891];7815.80127;400),(527012.23278;[0.7909];[-0.1591];10781.52754;1;0;[0.7909];[-0.1591];10781.52754;400),(529059.46636;[0.7625];[-0.1875];10316.09876;1;0;[0.7625];[-0.1875];10316.09876;400),(530703.91464;[0.8291];[-0.1209];9893.44887;1;0;[0.8291];[-0.1209];9893.44887;400),(532633.95500;[0.8619];[-0.0881];9249.58080;1;0;[0.8619];[-0.0881];9249.58080;400),(534357.18155;[0.8776];[-0.0724];8852.63598;1;0;[0.8776];[-0.0724];8852.63598;400),(536105.85833;[0.8821];[-0.0679];8424.57264;1;0;[0.8821];[-0.0679];8424.57264;400),(538039.20293;[0.8609];[-0.0891];7815.80127;1;0;[0.8609];[-0.0891];7815.80127;400),(538649.20688;[0.8609];[-0.0891];7815.80127;1;0;[0.8609];[-0.0891];7815.80127;400),(540247.53022;[0.7841];[-0.1659];10779.08489;1;0;[0.7841];[-0.1659];10779.08489;400),(542320.80579;[0.7794];[-0.1706];10309.73898;1;0;[0.7794];[-0.1706];10309.73898;400),(543877.82454;[0.8336];[-0.1164];9874.73646;1;0;[0.8336];[-0.1164];9874.73646;400),(545836.03358;[0.8645];[-0.0855];9198.55329;1;0;[0.8645];[-0.0855];9198.55329;400),(547624.76993;[0.8776];[-0.0724];8852.63598;1;0;[0.8776];[-0.0724];8852.63598;400),(549682.29079;[0.8821];[-0.0679];8424.57264;1;0;[0.8821];[-0.0679];8424.57264;400),(551717.25106;[0.8609];[-0.0891];7815.80127;1;0;[0.8609];[-0.0891];7815.80127;400),(552451.04575;[0.8609];[-0.0891];7815.80127;1;0;[0.8609];[-0.0891];7815.80127;400),(554207.64184;[0.7841];[-0.1659];10779.08489;1;0;[0.7841];[-0.1659];10779.08489;400),(556121.95063;[0.7794];[-0.1706];10309.73898;1;0;[0.7794];[-0.1706];10309.73898;400),(557688.52758;[0.8336];[-0.1164];9874.73646;1;0;[0.8336];[-0.1164];9874.73646;400),(559477.69785;[0.8645];[-0.0855];9198.55329;1;0;[0.8645];[-0.0855];9198.55329;400),(561743.94560;[0.8776];[-0.0724];8852.63598;1;0;[0.8776];[-0.0724];8852.63598;400),(563470.42751;[0.8821];[-0.0679];8424.57264;1;0;[0.8821];[-0.0679];8424.57264;400),(565185.77313;[0.8609];[-0.0891];7815.80127;1;0;[0.8609];[-0.0891];7815.80127;400),(567598.37389;[0.789];[-0.161];10772.56492;1;0;[0.789];[-0.161];10772.56492;400),(570040.04431;[0.7794];[-0.1706];10309.73898;1;0;[0.7794];[-0.1706];10309.73898;400),(571592.96227;[0.8336];[-0.1164];9874.73646;1;0;[0.8336];[-0.1164];9874.73646;400),(573686.27739;[0.8645];[-0.0855];9198.55329;1;0;[0.8645];[-0.0855];9198.55329;400),(575728.26052;[0.8776];[-0.0724];8852.63598;1;0;[0.8776];[-0.0724];8852.63598;400),(577410.31265;[0.8821];[-0.0679];8424.57264;1;0;[0.8821];[-0.0679];8424.57264;400),(580722.47696;[0.8751];[-0.0749];8055.72125;1;0;[0.8751];[-0.0749];8055.72125;400),(581093.60504;[0.8674];[-0.0826];7848.00353;1;0;[0.8674];[-0.0826];7848.00353;400),(581396.99626;[0.866];[-0.084];7835.71556;1;0;[0.866];[-0.084];7835.71556;400),(581778.96762;[0.8618];[-0.0882];7820.20975;1;0;[0.8618];[-0.0882];7820.20975;400),(582138.38053;[0.8626];[-0.0874];7818.91108;1;0;[0.8626];[-0.0874];7818.91108;400),(582677.72627;[0.8626];[-0.0874];7818.91108;1;0;[0.8626];[-0.0874];7818.91108;400),(584516.72840;[0.789];[-0.161];10772.56492;1;0;[0.789];[-0.161];10772.56492;400),(586832.20339;[0.7657];[-0.1843];10292.26969;1;0;[0.7657];[-0.1843];10292.26969;400),(588241.62817;[0.8336];[-0.1164];9874.73646;1;0;[0.8336];[-0.1164];9874.73646;400),(589721.37928;[0.8645];[-0.0855];9198.55329;1;0;[0.8645];[-0.0855];9198.55329;400),(591295.40944;[0.8785];[-0.0715];8861.87026;1;0;[0.8785];[-0.0715];8861.87026;400),(592732.33509;[0.8837];[-0.0663];8427.53071;1;0;[0.8837];[-0.0663];8427.53071;400),(594168.58625;[0.8626];[-0.0874];7818.91108;1;0;[0.8626];[-0.0874];7818.91108;400),(594786.24392;[0.8626];[-0.0874];7818.91108;1;0;[0.8626];[-0.0874];7818.91108;400),(596684.26800;[0.789];[-0.161];10772.56492;1;0;[0.789];[-0.161];10772.56492;400),(598596.39788;[0.7657];[-0.1843];10292.26969;1;0;[0.7657];[-0.1843];10292.26969;400)]"
5,10,8551.686245547906,0.88498,1,0,[0.6868],[-0.2632],602045.2296733856,"[(3825.01721;[0.4948];[-0.4552];9727.24522;1;0;[0.4839];[-0.4661];9502.47988;100),(5038.50555;[0.4948];[-0.4552];9727.24522;1;0;[0.4839];[-0.4661];9502.47988;100),(8374.87411;[0.4963];[-0.4537];9726.80268;1;0;[0.4861];[-0.4639];9502.12625;200),(12421.78512;[0.51];[-0.44];9788.39790;1;0;[0.4996];[-0.4504];9569.47643;400),(14935.53400;[0.51];[-0.44];9788.39790;1;0;[0.4996];[-0.4504];9569.47643;400),(17238.95526;[0.51];[-0.44];9788.39790;1;0;[0.4996];[-0.4504];9569.47643;400),(19936.03492;[0.51];[-0.44];9788.39790;1;0;[0.4996];[-0.4504];9569.47643;400),(22308.53772;[0.51];[-0.44];9788.39790;1;0;[0.4996];[-0.4504];9569.47643;400),(24570.68419;[0.51];[-0.44];9788.39790;1;0;[0.4996];[-0.4504];9569.47643;400),(26424.50190;[0.51];[-0.44];9788.39790;1;0;[0.4996];[-0.4504];9569.47643;400),(27171.39983;[0.6445];[-0.3055];8902.33727;1;0;[0.6389];[-0.3111];8806.84514;400),(27563.61747;[0.6491];[-0.3009];7864.01228;1;0;[0.6423];[-0.3077];7821.42477;400),(28214.49208;[0.5084];[-0.4416];7111.50068;1;0;[0.5012];[-0.4488];7082.08125;400),(28715.26337;[0.4345];[-0.5155];6851.87298;1;0;[0.4263];[-0.5237];6825.64028;400),(29256.45137;[0.3473];[-0.6027];6603.38666;1;0;[0.3388];[-0.6112];6580.45183;400),(29819.19742;[0.3424];[-0.6076];6587.00870;1;0;[0.3342];[-0.6158];6564.14933;400),(30221.49038;[0.3414];[-0.6086];6580.09528;1;0;[0.3333];[-0.6167];6557.14945;400),(30728.07765;[0.3414];[-0.6086];6580.09528;1;0;[0.3333];[-0.6167];6557.14945;400),(31034.50918;[0.3414];[-0.6086];6580.09528;1;0;[0.3333];[-0.6167];6557.14945;400),(33076.42269;[0.5112];[-0.4388];9794.05300;1;0;[0.5005];[-0.4495];9575.91965;400),(35101.80712;[0.5956];[-0.3544];9508.62918;1;0;[0.5862];[-0.3638];9360.75906;400),(37672.19567;[0.6621];[-0.2879];9058.57600;1;0;[0.6554];[-0.2946];8964.86161;400),(39567.34133;[0.6858];[-0.2642];8587.80838;1;0;[0.6801];[-0.2699];8525.24249;400),(41453.05562;[0.6717];[-0.2783];8173.50527;1;0;[0.6647];[-0.2853];8121.45492;400),(43376.11961;[0.5981];[-0.3519];7525.00229;1;0;[0.5915];[-0.3585];7488.96863;400),(45085.26993;[0.3414];[-0.6086];6580.09528;1;0;[0.3333];[-0.6167];6557.14945;400),(47819.62895;[0.5112];[-0.4388];9794.05300;1;0;[0.5005];[-0.4495];9575.91965;400),(50246.63424;[0.5956];[-0.3544];9508.62918;1;0;[0.5862];[-0.3638];9360.75906;400),(52084.66864;[0.6621];[-0.2879];9058.57600;1;0;[0.6554];[-0.2946];8964.86161;400),(54073.53115;[0.6858];[-0.2642];8587.80838;1;0;[0.6801];[-0.2699];8525.24249;400),(55890.68699;[0.6717];[-0.2783];8173.50527;1;0;[0.6647];[-0.2853];8121.45492;400),(57739.56490;[0.5981];[-0.3519];7525.00229;1;0;[0.5915];[-0.3585];7488.96863;400),(61648.71526;[0.5023];[-0.4477];7095.95054;1;0;[0.4978];[-0.4522];7066.62731;400),(62123.95453;[0.3428];[-0.6072];6587.61549;1;0;[0.3345];[-0.6155];6564.69957;400),(62642.41266;[0.3424];[-0.6076];6587.00870;1;0;[0.3342];[-0.6158];6564.14933;400),(63048.46096;[0.3414];[-0.6086];6580.09528;1;0;[0.3333];[-0.6167];6557.14945;400),(65111.50074;[0.5126];[-0.4374];9800.73180;1;0;[0.5015];[-0.4485];9583.44403;400),(67657.60994;[0.5952];[-0.3548];9487.84579;1;0;[0.5858];[-0.3642];9340.54637;400),(69836.67016;[0.6621];[-0.2879];9058.57600;1;0;[0.6554];[-0.2946];8964.86161;400),(71985.16011;[0.6855];[-0.2645];8588.54824;1;0;[0.6796];[-0.2704];8525.84273;400),(73659.64580;[0.6729];[-0.2771];8179.91914;1;0;[0.6657];[-0.2843];8127.92133;400),(75641.69955;[0.6171];[-0.3329];7655.74490;1;0;[0.6112];[-0.3388];7615.92866;400),(78847.05734;[0.5063];[-0.4437];7106.03405;1;0;[0.5005];[-0.4495];7076.72465;400),(79184.30066;[0.3424];[-0.6076];6587.00870;1;0;[0.3342];[-0.6158];6564.14933;400),(79725.15106;[0.3414];[-0.6086];6580.09528;1;0;[0.3333];[-0.6167];6557.14945;400),(80116.83917;[0.3414];[-0.6086];6580.09528;1;0;[0.3333];[-0.6167];6557.14945;400),(81917.68503;[0.5132];[-0.4368];9804.56158;1;0;[0.5023];[-0.4477];9588.19086;400),(84091.27998;[0.5972];[-0.3528];9494.82031;1;0;[0.5888];[-0.3612];9348.71375;400),(86160.79116;[0.6619];[-0.2881];9054.83225;1;0;[0.6548];[-0.2952];8961.05109;400),(88416.25881;[0.6924];[-0.2576];8606.71013;1;0;[0.6859];[-0.2641];8545.76192;400),(90136.81793;[0.674];[-0.276];8183.80345;1;0;[0.6672];[-0.2828];8131.87598;400),(92216.14814;[0.6269];[-0.3231];7691.95312;1;0;[0.6186];[-0.3314];7652.33152;400),(95404.35958;[0.5069];[-0.4431];7108.38630;1;0;[0.5008];[-0.4492];7079.05079;400),(95836.61842;[0.3414];[-0.6086];6580.09528;1;0;[0.3333];[-0.6167];6557.14945;400),(98162.15014;[0.5135];[-0.4365];9806.17137;1;0;[0.5033];[-0.4467];9590.36302;400),(100708.24766;[0.5968];[-0.3532];9477.57440;1;0;[0.5882];[-0.3618];9332.15561;400),(102807.60431;[0.666];[-0.284];9051.39665;1;0;[0.6595];[-0.2905];8959.67714;400),(105474.92385;[0.6937];[-0.2563];8612.41490;1;0;[0.6868];[-0.2632];8551.68625;400),(107741.85371;[0.6815];[-0.2685];8246.51289;1;0;[0.6744];[-0.2756];8195.05155;400),(110079.67997;[0.6278];[-0.3222];7698.12327;1;0;[0.6194];[-0.3306];7658.49536;400),(114833.74619;[0.5561];[-0.3939];7300.03021;1;0;[0.5437];[-0.4063];7267.24110;400),(115277.87495;[0.4337];[-0.5163];6847.35186;1;0;[0.4255];[-0.5245];6820.93150;400),(115752.86746;[0.4324];[-0.5176];6840.97923;1;0;[0.4231];[-0.5269];6814.53055;400),(116174.91770;[0.4324];[-0.5176];6840.97923;1;0;[0.4231];[-0.5269];6814.53055;400),(118319.58151;[0.5141];[-0.4359];9809.48204;1;0;[0.5046];[-0.4454];9594.73773;400),(120659.62362;[0.5989];[-0.3511];9477.44295;1;0;[0.5906];[-0.3594];9332.82599;400),(122223.87910;[0.666];[-0.284];9051.39665;1;0;[0.6595];[-0.2905];8959.67714;400),(124256.25277;[0.6931];[-0.2569];8611.72663;1;0;[0.6864];[-0.2636];8550.85465;400),(125995.03851;[0.6841];[-0.2659];8260.00326;1;0;[0.6775];[-0.2725];8208.67081;400),(127899.61767;[0.6293];[-0.3207];7704.13673;1;0;[0.6206];[-0.3294];7664.62960;400),(131239.69436;[0.5591];[-0.3909];7310.66048;1;0;[0.5465];[-0.4035];7278.06711;400),(131593.22309;[0.4336];[-0.5164];6847.17617;1;0;[0.4253];[-0.5247];6820.81276;400),(132057.28602;[0.4324];[-0.5176];6840.97923;1;0;[0.4231];[-0.5269];6814.53055;400),(132577.82888;[0.4324];[-0.5176];6840.97923;1;0;[0.4231];[-0.5269];6814.53055;400),(132895.61081;[0.4324];[-0.5176];6840.97923;1;0;[0.4231];[-0.5269];6814.53055;400),(134679.11148;[0.5149];[-0.4351];9813.06551;1;0;[0.5056];[-0.4444];9599.16806;400),(136738.48891;[0.5982];[-0.3518];9462.36745;1;0;[0.5895];[-0.3605];9317.86499;400),(138638.83686;[0.6658];[-0.2842];9049.45235;1;0;[0.6592];[-0.2908];8957.67226;400),(140900.24686;[0.6936];[-0.2564];8615.03076;1;0;[0.6869];[-0.2631];8554.23445;400),(142756.41155;[0.6857];[-0.2643];8267.15509;1;0;[0.6792];[-0.2708];8216.01949;400),(144882.16996;[0.6299];[-0.3201];7705.85388;1;0;[0.621];[-0.329];7666.35269;400),(146537.93073;[0.4324];[-0.5176];6840.97923;1;0;[0.4231];[-0.5269];6814.53055;400),(148648.62609;[0.5162];[-0.4338];9810.73843;1;0;[0.5063];[-0.4437];9597.79820;400),(150436.62095;[0.5982];[-0.3518];9462.36745;1;0;[0.5895];[-0.3605];9317.86499;400),(152573.94171;[0.6658];[-0.2842];9049.45235;1;0;[0.6592];[-0.2908];8957.67226;400),(154546.22507;[0.6936];[-0.2564];8615.03076;1;0;[0.6869];[-0.2631];8554.23445;400),(156382.81131;[0.6857];[-0.2643];8267.15509;1;0;[0.6792];[-0.2708];8216.01949;400),(158353.24430;[0.6299];[-0.3201];7705.85388;1;0;[0.621];[-0.329];7666.35269;400),(161688.94124;[0.5612];[-0.3888];7317.09327;1;0;[0.5489];[-0.4011];7284.61220;400),(162227.64373;[0.5044];[-0.4456];7102.68920;1;0;[0.4991];[-0.4509];7073.22403;400),(162652.16660;[0.5005];[-0.4495];7088.14751;1;0;[0.4963];[-0.4537];7058.56843;400),(163026.41153;[0.4956];[-0.4544];7067.65274;1;0;[0.4913];[-0.4587];7038.08270;400),(163334.54061;[0.4337];[-0.5163];6847.35186;1;0;[0.4255];[-0.5245];6820.93150;400),(163706.02298;[0.4336];[-0.5164];6847.17617;1;0;[0.4253];[-0.5247];6820.81276;400),(164030.18808;[0.4324];[-0.5176];6840.97923;1;0;[0.4231];[-0.5269];6814.53055;400),(164354.78520;[0.4324];[-0.5176];6840.97923;1;0;[0.4231];[-0.5269];6814.53055;400),(166555.83811;[0.5171];[-0.4329];9807.20176;1;0;[0.5067];[-0.4433];9595.52212;400),(168501.23453;[0.5989];[-0.3511];9441.21360;1;0;[0.5903];[-0.3597];9296.77502;400),(170137.21347;[0.6692];[-0.2808];9034.87448;1;0;[0.6631];[-0.2869];8945.07071;400),(171942.21258;[0.6857];[-0.2643];8585.23274;1;0;[0.6806];[-0.2694];8522.75956;400),(173729.19321;[0.6851];[-0.2649];8268.88499;1;0;[0.6782];[-0.2718];8217.52650;400),(175244.97986;[0.6296];[-0.3204];7707.74503;1;0;[0.6208];[-0.3292];7668.11268;400),(178520.79654;[0.5621];[-0.3879];7321.34513;1;0;[0.55];[-0.4];7288.83958;400),(178882.72429;[0.5549];[-0.3951];7294.17743;1;0;[0.5422];[-0.4078];7261.47635;400),(179270.61486;[0.5016];[-0.4484];7092.64343;1;0;[0.4975];[-0.4525];7063.19822;400),(179664.74509;[0.4993];[-0.4507];7082.80316;1;0;[0.4952];[-0.4548];7053.16453;400),(179973.83142;[0.4956];[-0.4544];7067.65274;1;0;[0.4913];[-0.4587];7038.08270;400),(180248.75927;[0.4324];[-0.5176];6840.97923;1;0;[0.4231];[-0.5269];6814.53055;400),(180737.40077;[0.4324];[-0.5176];6840.97923;1;0;[0.4231];[-0.5269];6814.53055;400),(182180.14455;[0.518];[-0.432];9820.23050;1;0;[0.5077];[-0.4423];9611.11066;400),(187522.23206;[0.5159];[-0.4341];9836.88664;1;0;[0.5052];[-0.4448];9627.45425;800),(190758.76641;[0.5159];[-0.4341];9836.88664;1;0;[0.5052];[-0.4448];9627.45425;800),(193712.75902;[0.5159];[-0.4341];9836.88664;1;0;[0.5052];[-0.4448];9627.45425;800),(196781.44073;[0.5159];[-0.4341];9836.88664;1;0;[0.5052];[-0.4448];9627.45425;800),(199881.78658;[0.5159];[-0.4341];9836.88664;1;0;[0.5052];[-0.4448];9627.45425;800),(202751.61695;[0.5159];[-0.4341];9836.88664;1;0;[0.5052];[-0.4448];9627.45425;800),(205672.26624;[0.5159];[-0.4341];9836.88664;1;0;[0.5052];[-0.4448];9627.45425;800),(208494.00425;[0.5159];[-0.4341];9836.88664;1;0;[0.5052];[-0.4448];9627.45425;800),(209019.57059;[0.6829];[-0.2671];8945.20605;1;0;[0.6754];[-0.2746];8864.48887;800),(209610.28051;[0.6406];[-0.3094];7871.87218;1;0;[0.6328];[-0.3172];7825.98789;800),(210180.67551;[0.5608];[-0.3892];7314.48874;1;0;[0.5482];[-0.4018];7281.96791;800),(210628.37577;[0.4386];[-0.5114];6869.23287;1;0;[0.4317];[-0.5183];6842.99104;800),(210960.54363;[0.3424];[-0.6076];6587.00870;1;0;[0.3342];[-0.6158];6564.14933;800),(211452.03996;[0.3414];[-0.6086];6580.09528;1;0;[0.3333];[-0.6167];6557.14945;800),(211753.96776;[0.3414];[-0.6086];6580.09528;1;0;[0.3333];[-0.6167];6557.14945;800),(215102.39887;[0.5313];[-0.4187];9824.32995;1;0;[0.5174];[-0.4326];9620.09313;800),(217934.17287;[0.6067];[-0.3433];9427.50313;1;0;[0.5998];[-0.3502];9288.09886;800),(220897.52221;[0.6725];[-0.2775];9013.43334;1;0;[0.6665];[-0.2835];8925.81170;800),(223744.72284;[0.6914];[-0.2586];8562.65121;1;0;[0.6858];[-0.2642];8503.31975;800),(226718.21952;[0.674];[-0.276];8183.80345;1;0;[0.6672];[-0.2828];8131.87598;800),(229991.11581;[0.6298];[-0.3202];7708.65161;1;0;[0.621];[-0.329];7669.02624;800),(233315.85884;[0.5551];[-0.3949];7294.06518;1;0;[0.5423];[-0.4077];7261.41468;800),(236695.27268;[0.3414];[-0.6086];6580.09528;1;0;[0.3333];[-0.6167];6557.14945;800),(240074.10502;[0.5313];[-0.4187];9824.32995;1;0;[0.5174];[-0.4326];9620.09313;800),(243443.93992;[0.6067];[-0.3433];9427.50313;1;0;[0.5998];[-0.3502];9288.09886;800),(246944.13948;[0.6725];[-0.2775];9013.43334;1;0;[0.6665];[-0.2835];8925.81170;800),(250718.90163;[0.6914];[-0.2586];8562.65121;1;0;[0.6858];[-0.2642];8503.31975;800),(254452.31318;[0.674];[-0.276];8183.80345;1;0;[0.6672];[-0.2828];8131.87598;800),(257270.40052;[0.6298];[-0.3202];7708.65161;1;0;[0.621];[-0.329];7669.02624;800),(260385.14638;[0.5551];[-0.3949];7294.06518;1;0;[0.5423];[-0.4077];7261.41468;800),(266678.97248;[0.4358];[-0.5142];6854.23186;1;0;[0.4274];[-0.5226];6827.72075;800),(267636.54637;[0.3498];[-0.6002];6617.00701;1;0;[0.3418];[-0.6082];6594.39567;800),(267952.41117;[0.3481];[-0.6019];6609.03947;1;0;[0.3395];[-0.6105];6586.23283;800),(268645.06865;[0.3427];[-0.6073];6590.86152;1;0;[0.3339];[-0.6161];6568.21722;800),(268981.33206;[0.3424];[-0.6076];6587.00870;1;0;[0.3342];[-0.6158];6564.14933;800),(269360.90970;[0.3414];[-0.6086];6580.09528;1;0;[0.3333];[-0.6167];6557.14945;800),(269646.47841;[0.3414];[-0.6086];6580.09528;1;0;[0.3333];[-0.6167];6557.14945;800),(272706.61592;[0.5313];[-0.4187];9824.32995;1;0;[0.5174];[-0.4326];9620.09313;800),(276423.58136;[0.6067];[-0.3433];9427.50313;1;0;[0.5998];[-0.3502];9288.09886;800),(280053.57862;[0.6695];[-0.2805];8989.63254;1;0;[0.663];[-0.287];8902.06549;800),(283708.56500;[0.6904];[-0.2596];8562.21319;1;0;[0.6845];[-0.2655];8502.65383;800),(287206.69150;[0.674];[-0.276];8183.80345;1;0;[0.6672];[-0.2828];8131.87598;800),(290038.49435;[0.6298];[-0.3202];7708.65161;1;0;[0.621];[-0.329];7669.02624;800),(292883.17275;[0.5562];[-0.3938];7298.86801;1;0;[0.5437];[-0.4063];7266.22643;800),(299196.63596;[0.4368];[-0.5132];6860.23114;1;0;[0.4289];[-0.5211];6833.78475;800),(299742.48362;[0.3498];[-0.6002];6617.00701;1;0;[0.3418];[-0.6082];6594.39567;800),(300068.63689;[0.3481];[-0.6019];6609.03947;1;0;[0.3395];[-0.6105];6586.23283;800),(300574.73588;[0.3427];[-0.6073];6590.86152;1;0;[0.3339];[-0.6161];6568.21722;800),(300883.86464;[0.3424];[-0.6076];6587.00870;1;0;[0.3342];[-0.6158];6564.14933;800),(301284.19280;[0.3414];[-0.6086];6580.09528;1;0;[0.3333];[-0.6167];6557.14945;800),(301792.31024;[0.3414];[-0.6086];6580.09528;1;0;[0.3333];[-0.6167];6557.14945;800),(304828.40061;[0.5313];[-0.4187];9824.32995;1;0;[0.5174];[-0.4326];9620.09313;800),(307703.75824;[0.6067];[-0.3433];9427.50313;1;0;[0.5998];[-0.3502];9288.09886;800),(311349.69568;[0.6737];[-0.2763];8994.52314;1;0;[0.6683];[-0.2817];8908.55086;800),(314234.67612;[0.6908];[-0.2592];8562.43911;1;0;[0.6851];[-0.2649];8502.95004;800),(317647.63570;[0.6733];[-0.2767];8184.22838;1;0;[0.6664];[-0.2836];8132.14211;800),(320771.51036;[0.6441];[-0.3059];7834.48128;1;0;[0.6367];[-0.3133];7791.76362;800),(323842.48042;[0.5573];[-0.3927];7305.93720;1;0;[0.5455];[-0.4045];7273.20879;800),(326873.35515;[0.3414];[-0.6086];6580.09528;1;0;[0.3333];[-0.6167];6557.14945;800),(327665.72976;[0.3414];[-0.6086];6580.09528;1;0;[0.3333];[-0.6167];6557.14945;800),(330551.23401;[0.5313];[-0.4187];9824.32995;1;0;[0.5174];[-0.4326];9620.09313;800),(333590.91806;[0.6094];[-0.3406];9419.45939;1;0;[0.6026];[-0.3474];9281.71358;800),(337124.17960;[0.6743];[-0.2757];8995.16733;1;0;[0.669];[-0.281];8909.45657;800),(340735.75091;[0.6908];[-0.2592];8562.43911;1;0;[0.6851];[-0.2649];8502.95004;800),(343958.00877;[0.6733];[-0.2767];8184.22838;1;0;[0.6664];[-0.2836];8132.14211;800),(346869.07649;[0.6441];[-0.3059];7834.48128;1;0;[0.6367];[-0.3133];7791.76362;800),(349962.80336;[0.5573];[-0.3927];7305.93720;1;0;[0.5455];[-0.4045];7273.20879;800),(352856.80556;[0.3414];[-0.6086];6580.09528;1;0;[0.3333];[-0.6167];6557.14945;800),(353611.14478;[0.3414];[-0.6086];6580.09528;1;0;[0.3333];[-0.6167];6557.14945;800),(356907.40800;[0.5313];[-0.4187];9824.32995;1;0;[0.5174];[-0.4326];9620.09313;800),(360597.36824;[0.6094];[-0.3406];9419.45939;1;0;[0.6026];[-0.3474];9281.71358;800),(364049.38865;[0.6737];[-0.2763];8994.52314;1;0;[0.6683];[-0.2817];8908.55086;800),(367395.24102;[0.6908];[-0.2592];8562.43911;1;0;[0.6851];[-0.2649];8502.95004;800),(370902.46010;[0.6733];[-0.2767];8184.22838;1;0;[0.6664];[-0.2836];8132.14211;800),(374355.39293;[0.6441];[-0.3059];7834.48128;1;0;[0.6367];[-0.3133];7791.76362;800),(377358.39629;[0.5573];[-0.3927];7305.93720;1;0;[0.5455];[-0.4045];7273.20879;800),(381123.56520;[0.3414];[-0.6086];6580.09528;1;0;[0.3333];[-0.6167];6557.14945;800),(381857.42593;[0.3414];[-0.6086];6580.09528;1;0;[0.3333];[-0.6167];6557.14945;800),(384935.61435;[0.5313];[-0.4187];9824.32995;1;0;[0.5174];[-0.4326];9620.09313;800),(388367.04969;[0.6094];[-0.3406];9419.45939;1;0;[0.6026];[-0.3474];9281.71358;800),(391609.72190;[0.6743];[-0.2757];8995.16733;1;0;[0.669];[-0.281];8909.45657;800),(394965.49988;[0.6908];[-0.2592];8562.43911;1;0;[0.6851];[-0.2649];8502.95004;800),(398102.82183;[0.6733];[-0.2767];8184.22838;1;0;[0.6664];[-0.2836];8132.14211;800),(401968.16969;[0.6441];[-0.3059];7834.48128;1;0;[0.6367];[-0.3133];7791.76362;800),(404753.28183;[0.5573];[-0.3927];7305.93720;1;0;[0.5455];[-0.4045];7273.20879;800),(407579.52380;[0.3414];[-0.6086];6580.09528;1;0;[0.3333];[-0.6167];6557.14945;800),(408542.06157;[0.3414];[-0.6086];6580.09528;1;0;[0.3333];[-0.6167];6557.14945;800),(411752.51389;[0.5313];[-0.4187];9824.32995;1;0;[0.5174];[-0.4326];9620.09313;800),(414858.68263;[0.6094];[-0.3406];9419.45939;1;0;[0.6026];[-0.3474];9281.71358;800),(418262.46858;[0.6743];[-0.2757];8994.64151;1;0;[0.669];[-0.281];8908.89253;800),(421483.49833;[0.6908];[-0.2592];8562.43911;1;0;[0.6851];[-0.2649];8502.95004;800),(425004.30870;[0.6733];[-0.2767];8184.22838;1;0;[0.6664];[-0.2836];8132.14211;800),(428110.23307;[0.6441];[-0.3059];7834.48128;1;0;[0.6367];[-0.3133];7791.76362;800),(431440.39321;[0.5573];[-0.3927];7305.93720;1;0;[0.5455];[-0.4045];7273.20879;800),(434345.98970;[0.3414];[-0.6086];6580.09528;1;0;[0.3333];[-0.6167];6557.14945;800),(435112.82873;[0.3414];[-0.6086];6580.09528;1;0;[0.3333];[-0.6167];6557.14945;800),(437940.75656;[0.5313];[-0.4187];9824.32995;1;0;[0.5174];[-0.4326];9620.09313;800),(441315.81330;[0.6094];[-0.3406];9419.45939;1;0;[0.6026];[-0.3474];9281.71358;800),(444572.96348;[0.6752];[-0.2748];8994.58660;1;0;[0.6692];[-0.2808];8909.06805;800),(448035.06064;[0.6905];[-0.2595];8557.37162;1;0;[0.6844];[-0.2656];8497.96921;800),(451382.76196;[0.6733];[-0.2767];8184.22838;1;0;[0.6664];[-0.2836];8132.14211;800),(454250.73647;[0.6441];[-0.3059];7834.48128;1;0;[0.6367];[-0.3133];7791.76362;800),(457182.88898;[0.5573];[-0.3927];7305.93720;1;0;[0.5455];[-0.4045];7273.20879;800),(460226.67980;[0.3414];[-0.6086];6580.09528;1;0;[0.3333];[-0.6167];6557.14945;800),(460848.40941;[0.3414];[-0.6086];6580.09528;1;0;[0.3333];[-0.6167];6557.14945;800),(464039.22701;[0.5313];[-0.4187];9824.32995;1;0;[0.5174];[-0.4326];9620.09313;800),(467617.91968;[0.6094];[-0.3406];9419.45939;1;0;[0.6026];[-0.3474];9281.71358;800),(470761.65199;[0.6752];[-0.2748];8994.58660;1;0;[0.6692];[-0.2808];8909.06805;800),(473974.81942;[0.6905];[-0.2595];8557.37162;1;0;[0.6844];[-0.2656];8497.96921;800),(477185.23216;[0.6733];[-0.2767];8184.22838;1;0;[0.6664];[-0.2836];8132.14211;800),(480572.83044;[0.6441];[-0.3059];7834.48128;1;0;[0.6367];[-0.3133];7791.76362;800),(483453.24636;[0.5573];[-0.3927];7305.93720;1;0;[0.5455];[-0.4045];7273.20879;800),(486493.80660;[0.3414];[-0.6086];6580.09528;1;0;[0.3333];[-0.6167];6557.14945;800),(487184.45492;[0.3414];[-0.6086];6580.09528;1;0;[0.3333];[-0.6167];6557.14945;800),(490445.09983;[0.5313];[-0.4187];9824.32995;1;0;[0.5174];[-0.4326];9620.09313;800),(493779.67191;[0.6094];[-0.3406];9419.45939;1;0;[0.6026];[-0.3474];9281.71358;800),(496765.22756;[0.6752];[-0.2748];8994.58660;1;0;[0.6692];[-0.2808];8909.06805;800),(500010.69403;[0.6905];[-0.2595];8557.37162;1;0;[0.6844];[-0.2656];8497.96921;800),(503155.88021;[0.6733];[-0.2767];8184.22838;1;0;[0.6664];[-0.2836];8132.14211;800),(505995.85128;[0.6441];[-0.3059];7834.48128;1;0;[0.6367];[-0.3133];7791.76362;800),(509011.49201;[0.5573];[-0.3927];7305.93720;1;0;[0.5455];[-0.4045];7273.20879;800),(511853.54590;[0.3414];[-0.6086];6580.09528;1;0;[0.3333];[-0.6167];6557.14945;800),(512539.03270;[0.3414];[-0.6086];6580.09528;1;0;[0.3333];[-0.6167];6557.14945;800),(515653.35131;[0.5313];[-0.4187];9824.32995;1;0;[0.5174];[-0.4326];9620.09313;800),(519766.91222;[0.6094];[-0.3406];9419.45939;1;0;[0.6026];[-0.3474];9281.71358;800),(523054.04425;[0.6752];[-0.2748];8994.58660;1;0;[0.6692];[-0.2808];8909.06805;800),(526462.84485;[0.6905];[-0.2595];8557.37162;1;0;[0.6844];[-0.2656];8497.96921;800),(529659.52754;[0.6733];[-0.2767];8184.22838;1;0;[0.6664];[-0.2836];8132.14211;800),(532579.46992;[0.6441];[-0.3059];7834.48128;1;0;[0.6367];[-0.3133];7791.76362;800),(535892.44866;[0.5573];[-0.3927];7305.93720;1;0;[0.5455];[-0.4045];7273.20879;800),(538917.63377;[0.3414];[-0.6086];6580.09528;1;0;[0.3333];[-0.6167];6557.14945;800),(539503.90410;[0.3414];[-0.6086];6580.09528;1;0;[0.3333];[-0.6167];6557.14945;800),(542789.95466;[0.5313];[-0.4187];9824.32995;1;0;[0.5174];[-0.4326];9620.09313;800),(546298.34127;[0.6094];[-0.3406];9419.45939;1;0;[0.6026];[-0.3474];9281.71358;800),(549628.97706;[0.6752];[-0.2748];8994.58660;1;0;[0.6692];[-0.2808];8909.06805;800),(553167.99998;[0.6905];[-0.2595];8557.37162;1;0;[0.6844];[-0.2656];8497.96921;800),(556639.19544;[0.6733];[-0.2767];8184.22838;1;0;[0.6664];[-0.2836];8132.14211;800),(559859.68757;[0.6441];[-0.3059];7834.48128;1;0;[0.6367];[-0.3133];7791.76362;800),(563050.24409;[0.5573];[-0.3927];7305.93720;1;0;[0.5455];[-0.4045];7273.20879;800),(565875.93961;[0.3414];[-0.6086];6580.09528;1;0;[0.3333];[-0.6167];6557.14945;800),(566592.17739;[0.3414];[-0.6086];6580.09528;1;0;[0.3333];[-0.6167];6557.14945;800),(569847.39470;[0.5313];[-0.4187];9824.32995;1;0;[0.5174];[-0.4326];9620.09313;800),(572803.98917;[0.6094];[-0.3406];9419.45939;1;0;[0.6026];[-0.3474];9281.71358;800),(575916.06998;[0.6752];[-0.2748];8994.58660;1;0;[0.6692];[-0.2808];8909.06805;800),(579314.18395;[0.6905];[-0.2595];8557.37162;1;0;[0.6844];[-0.2656];8497.96921;800),(582542.67573;[0.6733];[-0.2767];8184.22838;1;0;[0.6664];[-0.2836];8132.14211;800),(585801.37014;[0.6441];[-0.3059];7834.48128;1;0;[0.6367];[-0.3133];7791.76362;800),(589091.08925;[0.5573];[-0.3927];7305.93720;1;0;[0.5455];[-0.4045];7273.20879;800),(592073.51518;[0.3414];[-0.6086];6580.09528;1;0;[0.3333];[-0.6167];6557.14945;800),(592687.42251;[0.3414];[-0.6086];6580.09528;1;0;[0.3333];[-0.6167];6557.14945;800),(595738.95073;[0.5313];[-0.4187];9824.32995;1;0;[0.5174];[-0.4326];9620.09313;800),(599340.54542;[0.6094];[-0.3406];9419.45939;1;0;[0.6026];[-0.3474];9281.71358;800)]"
4,9,8431.957080585098,0.77594,1,0,[0.8851],[-0.0649],600832.103729248,"[(4276.21150;[0.6134];[-0.3366];10737.75883;1;0;[0.6092];[-0.3408];10754.54525;100),(6193.89653;[0.6134];[-0.3366];10737.75883;1;0;[0.6092];[-0.3408];10754.54525;100),(7428.92337;[0.6134];[-0.3366];10737.75883;1;0;[0.6092];[-0.3408];10754.54525;100),(8454.87165;[0.6134];[-0.3366];10737.75883;1;0;[0.6092];[-0.3408];10754.54525;100),(9219.10620;[0.6134];[-0.3366];10737.75883;1;0;[0.6092];[-0.3408];10754.54525;100),(9927.92344;[0.6134];[-0.3366];10737.75883;1;0;[0.6092];[-0.3408];10754.54525;100),(10750.48113;[0.7555];[-0.1945];10336.67747;1;0;[0.751];[-0.199];10329.78754;100),(12457.08513;[0.6309];[-0.3191];10831.43566;1;0;[0.6295];[-0.3205];10849.31342;200),(16168.67971;[0.6608];[-0.2892];10844.71697;1;0;[0.6571];[-0.2929];10862.13936;400),(18803.47157;[0.6608];[-0.2892];10844.71697;1;0;[0.6571];[-0.2929];10862.13936;400),(20768.37301;[0.6608];[-0.2892];10844.71697;1;0;[0.6571];[-0.2929];10862.13936;400),(23031.12578;[0.6608];[-0.2892];10844.71697;1;0;[0.6571];[-0.2929];10862.13936;400),(25179.88157;[0.6608];[-0.2892];10844.71697;1;0;[0.6571];[-0.2929];10862.13936;400),(27393.42690;[0.6608];[-0.2892];10844.71697;1;0;[0.6571];[-0.2929];10862.13936;400),(29528.72920;[0.6608];[-0.2892];10844.71697;1;0;[0.6571];[-0.2929];10862.13936;400),(30393.65125;[0.8195];[-0.1305];10025.08457;1;0;[0.8148];[-0.1352];10013.94480;400),(30887.93278;[0.8596];[-0.0904];9330.93481;1;0;[0.8561];[-0.0939];9323.30449;400),(31455.27387;[0.8845];[-0.0655];8873.11799;1;0;[0.8805];[-0.0695];8868.45649;400),(31913.79046;[0.8804];[-0.0696];8061.56039;1;0;[0.8758];[-0.0742];8060.23102;400),(32402.08650;[0.8399];[-0.1101];7367.70921;1;0;[0.8351];[-0.1149];7367.11182;400),(32793.15424;[0.8327];[-0.1173];7344.32567;1;0;[0.826];[-0.124];7343.62126;400),(33310.62651;[0.8327];[-0.1173];7344.32567;1;0;[0.826];[-0.124];7343.62126;400),(33715.59668;[0.8327];[-0.1173];7344.32567;1;0;[0.826];[-0.124];7343.62126;400),(35919.09242;[0.7232];[-0.2268];10828.73230;1;0;[0.7226];[-0.2274];10845.19027;400),(38723.28377;[0.7776];[-0.1724];10382.49663;1;0;[0.773];[-0.177];10370.73224;400),(41242.15436;[0.8335];[-0.1165];9905.34783;1;0;[0.8295];[-0.1205];9895.49763;400),(43238.79385;[0.8613];[-0.0887];9283.47807;1;0;[0.8574];[-0.0926];9275.82503;400),(45499.62783;[0.8785];[-0.0715];8884.55844;1;0;[0.8733];[-0.0767];8879.06374;400),(47577.75331;[0.8845];[-0.0655];8255.80484;1;0;[0.8807];[-0.0693];8253.99677;400),(51066.23983;[0.8703];[-0.0797];7837.93678;1;0;[0.8651];[-0.0849];7837.07655;400),(51462.32843;[0.8572];[-0.0928];7594.81333;1;0;[0.8514];[-0.0986];7594.17413;400),(51816.95962;[0.8341];[-0.1159];7349.39201;1;0;[0.8283];[-0.1217];7348.72395;400),(52305.71342;[0.8327];[-0.1173];7344.32567;1;0;[0.826];[-0.124];7343.62126;400),(52715.38997;[0.8327];[-0.1173];7344.32567;1;0;[0.826];[-0.124];7343.62126;400),(53094.95544;[0.8327];[-0.1173];7344.32567;1;0;[0.826];[-0.124];7343.62126;400),(55346.81487;[0.6716];[-0.2784];10821.38906;1;0;[0.6688];[-0.2812];10834.05397;400),(57713.69338;[0.7706];[-0.1794];10381.64091;1;0;[0.7672];[-0.1828];10370.44315;400),(61280.80726;[0.8335];[-0.1165];9902.75948;1;0;[0.8295];[-0.1205];9893.41094;400),(63562.33883;[0.8619];[-0.0881];9285.00458;1;0;[0.8578];[-0.0922];9277.39296;400),(65610.67510;[0.8788];[-0.0712];8894.92860;1;0;[0.8734];[-0.0766];8889.47123;400),(67599.12324;[0.8857];[-0.0643];8259.00008;1;0;[0.8834];[-0.0666];8257.22856;400),(69318.14051;[0.8327];[-0.1173];7344.32567;1;0;[0.826];[-0.124];7343.62126;400),(71763.00669;[0.6716];[-0.2784];10821.38906;1;0;[0.6688];[-0.2812];10834.05397;400),(74337.62908;[0.7706];[-0.1794];10381.64091;1;0;[0.7672];[-0.1828];10370.44315;400),(76381.38580;[0.8335];[-0.1165];9902.75948;1;0;[0.8295];[-0.1205];9893.41094;400),(78100.48914;[0.8619];[-0.0881];9285.00458;1;0;[0.8578];[-0.0922];9277.39296;400),(79936.82408;[0.8777];[-0.0723];8893.33514;1;0;[0.8722];[-0.0778];8887.77188;400),(81800.90570;[0.8857];[-0.0643];8259.00008;1;0;[0.8834];[-0.0666];8257.22856;400),(85151.43657;[0.8718];[-0.0782];7843.56415;1;0;[0.8668];[-0.0832];7842.68413;400),(85788.01632;[0.8566];[-0.0934];7599.36370;1;0;[0.8505];[-0.0995];7598.47573;400),(86104.84433;[0.8341];[-0.1159];7349.39201;1;0;[0.8283];[-0.1217];7348.72395;400),(86457.94201;[0.8327];[-0.1173];7344.32567;1;0;[0.826];[-0.124];7343.62126;400),(86799.14165;[0.8327];[-0.1173];7344.32567;1;0;[0.826];[-0.124];7343.62126;400),(88468.80460;[0.6716];[-0.2784];10821.38906;1;0;[0.6688];[-0.2812];10834.05397;400),(90405.53260;[0.7704];[-0.1796];10379.19713;1;0;[0.7667];[-0.1833];10367.96812;400),(92007.50422;[0.8328];[-0.1172];9903.35580;1;0;[0.8291];[-0.1209];9893.44887;400),(93897.07494;[0.8612];[-0.0888];9286.71251;1;0;[0.8574];[-0.0926];9279.05870;400),(95844.67912;[0.8794];[-0.0706];8897.90396;1;0;[0.8741];[-0.0759];8892.41353;400),(97951.52974;[0.8838];[-0.0662];8415.52993;1;0;[0.8806];[-0.0694];8413.21003;400),(99486.95135;[0.8327];[-0.1173];7344.32567;1;0;[0.826];[-0.124];7343.62126;400),(99992.31410;[0.8327];[-0.1173];7344.32567;1;0;[0.826];[-0.124];7343.62126;400),(101914.47830;[0.6716];[-0.2784];10821.38906;1;0;[0.6688];[-0.2812];10834.05397;400),(103761.25383;[0.774];[-0.176];10372.08582;1;0;[0.77];[-0.18];10359.90324;400),(105735.40378;[0.8363];[-0.1137];9883.29803;1;0;[0.8335];[-0.1165];9874.36148;400),(107761.27243;[0.8612];[-0.0888];9286.71251;1;0;[0.8574];[-0.0926];9279.05870;400),(110314.75163;[0.8794];[-0.0706];8897.90396;1;0;[0.8741];[-0.0759];8892.41353;400),(112054.23164;[0.8838];[-0.0662];8415.52993;1;0;[0.8806];[-0.0694];8413.21003;400),(113885.13517;[0.8327];[-0.1173];7344.32567;1;0;[0.826];[-0.124];7343.62126;400),(116334.24783;[0.6716];[-0.2784];10821.38906;1;0;[0.6688];[-0.2812];10834.05397;400),(118493.89672;[0.774];[-0.176];10372.08582;1;0;[0.77];[-0.18];10359.90324;400),(120301.54037;[0.8363];[-0.1137];9883.29803;1;0;[0.8335];[-0.1165];9874.36148;400),(122551.07737;[0.8612];[-0.0888];9286.71251;1;0;[0.8574];[-0.0926];9279.05870;400),(124508.50844;[0.8794];[-0.0706];8897.90396;1;0;[0.8741];[-0.0759];8892.41353;400),(126363.94453;[0.8838];[-0.0662];8415.52993;1;0;[0.8806];[-0.0694];8413.21003;400),(129795.97044;[0.8726];[-0.0774];7848.80784;1;0;[0.8674];[-0.0826];7848.00353;400),(130422.68085;[0.8587];[-0.0913];7606.61475;1;0;[0.8538];[-0.0962];7605.79246;400),(130840.09266;[0.8538];[-0.0962];7580.98643;1;0;[0.8483];[-0.1017];7580.24551;400),(131154.98805;[0.8327];[-0.1173];7344.32567;1;0;[0.826];[-0.124];7343.62126;400),(131917.87148;[0.8327];[-0.1173];7344.32567;1;0;[0.826];[-0.124];7343.62126;400),(133805.00889;[0.6716];[-0.2784];10821.38906;1;0;[0.6688];[-0.2812];10834.05397;400),(135760.17499;[0.774];[-0.176];10372.08582;1;0;[0.77];[-0.18];10359.90324;400),(137375.00930;[0.8363];[-0.1137];9883.29803;1;0;[0.8335];[-0.1165];9874.36148;400),(139396.52658;[0.8612];[-0.0888];9286.71251;1;0;[0.8574];[-0.0926];9279.05870;400),(141695.05787;[0.8789];[-0.0711];8898.79253;1;0;[0.8735];[-0.0765];8893.25576;400),(143719.42616;[0.885];[-0.065];8420.22476;1;0;[0.8818];[-0.0682];8417.97205;400),(145373.36278;[0.8327];[-0.1173];7344.32567;1;0;[0.826];[-0.124];7343.62126;400),(145976.77183;[0.8327];[-0.1173];7344.32567;1;0;[0.826];[-0.124];7343.62126;400),(147796.38243;[0.6716];[-0.2784];10821.38906;1;0;[0.6688];[-0.2812];10834.05397;400),(149813.35831;[0.8022];[-0.1478];10349.18633;1;0;[0.7966];[-0.1534];10338.02634;400),(151448.88258;[0.8363];[-0.1137];9883.29803;1;0;[0.8335];[-0.1165];9874.36148;400),(153527.23384;[0.8612];[-0.0888];9286.71251;1;0;[0.8574];[-0.0926];9279.05870;400),(155689.61287;[0.8789];[-0.0711];8898.79253;1;0;[0.8735];[-0.0765];8893.25576;400),(157995.62263;[0.885];[-0.065];8420.22476;1;0;[0.8818];[-0.0682];8417.97205;400),(159498.11220;[0.8327];[-0.1173];7344.32567;1;0;[0.826];[-0.124];7343.62126;400),(161822.52479;[0.6716];[-0.2784];10821.38906;1;0;[0.6688];[-0.2812];10834.05397;400),(163958.10533;[0.8022];[-0.1478];10349.18633;1;0;[0.7966];[-0.1534];10338.02634;400),(165852.52452;[0.8363];[-0.1137];9883.29803;1;0;[0.8335];[-0.1165];9874.36148;400),(167651.42274;[0.8612];[-0.0888];9286.71251;1;0;[0.8574];[-0.0926];9279.05870;400),(169428.62034;[0.8789];[-0.0711];8898.79253;1;0;[0.8735];[-0.0765];8893.25576;400),(171625.99182;[0.885];[-0.065];8420.22476;1;0;[0.8818];[-0.0682];8417.97205;400),(175228.09839;[0.8785];[-0.0715];8042.46945;1;0;[0.8733];[-0.0767];8041.08612;400),(175822.51334;[0.869];[-0.081];7824.63865;1;0;[0.8632];[-0.0868];7823.73822;400),(176221.99845;[0.8569];[-0.0931];7589.74750;1;0;[0.8515];[-0.0985];7589.08824;400),(176726.58253;[0.8538];[-0.0962];7580.98643;1;0;[0.8483];[-0.1017];7580.24551;400),(177438.93003;[0.8527];[-0.0973];7569.38321;1;0;[0.8476];[-0.1024];7568.64972;400),(180121.25921;[0.6716];[-0.2784];10821.38906;1;0;[0.6688];[-0.2812];10834.05397;400),(182529.82450;[0.8022];[-0.1478];10349.18633;1;0;[0.7966];[-0.1534];10338.02634;400),(184640.08951;[0.8363];[-0.1137];9883.29803;1;0;[0.8335];[-0.1165];9874.36148;400),(186488.42740;[0.8612];[-0.0888];9286.71251;1;0;[0.8574];[-0.0926];9279.05870;400),(188195.46247;[0.8797];[-0.0703];8902.04769;1;0;[0.8748];[-0.0752];8896.59003;400),(189818.27354;[0.8859];[-0.0641];8428.89317;1;0;[0.8829];[-0.0671];8426.66514;400),(193181.23007;[0.8764];[-0.0736];8046.98602;1;0;[0.8703];[-0.0797];8045.57852;400),(193615.92913;[0.8712];[-0.0788];7836.56662;1;0;[0.866];[-0.084];7835.71556;400),(193933.34508;[0.8547];[-0.0953];7587.56228;1;0;[0.8494];[-0.1006];7586.85739;400),(194580.98602;[0.8538];[-0.0962];7580.98643;1;0;[0.8483];[-0.1017];7580.24551;400),(194885.01287;[0.8538];[-0.0962];7580.98643;1;0;[0.8483];[-0.1017];7580.24551;400),(195183.82192;[0.8538];[-0.0962];7580.98643;1;0;[0.8483];[-0.1017];7580.24551;400),(197398.70071;[0.6716];[-0.2784];10821.38906;1;0;[0.6688];[-0.2812];10834.05397;400),(199443.35389;[0.7773];[-0.1727];10349.62418;1;0;[0.7733];[-0.1767];10337.57222;400),(201151.14784;[0.8358];[-0.1142];9872.81666;1;0;[0.8333];[-0.1167];9862.34236;400),(202905.71213;[0.8666];[-0.0834];9265.36907;1;0;[0.8622];[-0.0878];9258.62290;400),(204437.39605;[0.8797];[-0.0703];8903.02310;1;0;[0.8752];[-0.0748];8897.57714;400),(206124.25137;[0.8861];[-0.0639];8431.00900;1;0;[0.883];[-0.067];8428.75099;400),(210100.61884;[0.8785];[-0.0715];8053.96314;1;0;[0.8736];[-0.0764];8052.61450;400),(210588.72986;[0.8703];[-0.0797];7837.93678;1;0;[0.8651];[-0.0849];7837.07655;400),(210885.52666;[0.8547];[-0.0953];7587.56228;1;0;[0.8494];[-0.1006];7586.85739;400),(211547.64676;[0.8538];[-0.0962];7580.98643;1;0;[0.8483];[-0.1017];7580.24551;400),(211845.71075;[0.8538];[-0.0962];7580.98643;1;0;[0.8483];[-0.1017];7580.24551;400),(212164.88457;[0.8538];[-0.0962];7580.98643;1;0;[0.8483];[-0.1017];7580.24551;400),(214119.76767;[0.6716];[-0.2784];10821.38906;1;0;[0.6688];[-0.2812];10834.05397;400),(216187.70003;[0.7702];[-0.1798];10352.19547;1;0;[0.7665];[-0.1835];10339.55960;400),(218025.79308;[0.8359];[-0.1141];9872.36199;1;0;[0.8334];[-0.1166];9861.89263;400),(219840.35802;[0.8666];[-0.0834];9265.36907;1;0;[0.8622];[-0.0878];9258.62290;400),(221473.48905;[0.8774];[-0.0726];8964.08680;1;0;[0.8722];[-0.0778];8958.47140;400),(223213.28878;[0.8865];[-0.0635];8433.39999;1;0;[0.8836];[-0.0664];8431.17488;400),(225873.26765;[0.8538];[-0.0962];7580.98643;1;0;[0.8483];[-0.1017];7580.24551;400),(226837.84723;[0.8538];[-0.0962];7580.98643;1;0;[0.8483];[-0.1017];7580.24551;400),(228649.00708;[0.6716];[-0.2784];10821.38906;1;0;[0.6688];[-0.2812];10834.05397;400),(230540.88306;[0.7985];[-0.1515];10337.20592;1;0;[0.7924];[-0.1576];10325.81342;400),(232168.15710;[0.8358];[-0.1142];9872.81666;1;0;[0.8333];[-0.1167];9862.34236;400),(233832.05628;[0.8666];[-0.0834];9265.36907;1;0;[0.8622];[-0.0878];9258.62290;400),(235496.92750;[0.8774];[-0.0726];8964.08680;1;0;[0.8722];[-0.0778];8958.47140;400),(237387.10093;[0.8865];[-0.0635];8433.39999;1;0;[0.8836];[-0.0664];8431.17488;400),(239011.93523;[0.8538];[-0.0962];7580.98643;1;0;[0.8483];[-0.1017];7580.24551;400),(239836.15923;[0.8538];[-0.0962];7580.98643;1;0;[0.8483];[-0.1017];7580.24551;400),(241858.67405;[0.6716];[-0.2784];10821.38906;1;0;[0.6688];[-0.2812];10834.05397;400),(243859.70187;[0.7985];[-0.1515];10337.20592;1;0;[0.7924];[-0.1576];10325.81342;400),(245359.31706;[0.8359];[-0.1141];9872.36199;1;0;[0.8334];[-0.1166];9861.89263;400),(247007.91144;[0.8666];[-0.0834];9265.36907;1;0;[0.8622];[-0.0878];9258.62290;400),(248888.60703;[0.8774];[-0.0726];8964.08680;1;0;[0.8722];[-0.0778];8958.47140;400),(250526.46923;[0.8865];[-0.0635];8433.39999;1;0;[0.8836];[-0.0664];8431.17488;400),(252459.81860;[0.8538];[-0.0962];7580.98643;1;0;[0.8483];[-0.1017];7580.24551;400),(255281.65317;[0.6716];[-0.2784];10821.38906;1;0;[0.6688];[-0.2812];10834.05397;400),(257223.21415;[0.7985];[-0.1515];10337.20592;1;0;[0.7924];[-0.1576];10325.81342;400),(259199.62573;[0.8358];[-0.1142];9872.81666;1;0;[0.8333];[-0.1167];9862.34236;400),(261125.04363;[0.8666];[-0.0834];9265.36907;1;0;[0.8622];[-0.0878];9258.62290;400),(262705.90401;[0.8774];[-0.0726];8964.08680;1;0;[0.8722];[-0.0778];8958.47140;400),(264567.72637;[0.8865];[-0.0635];8433.39999;1;0;[0.8836];[-0.0664];8431.17488;400),(267806.98013;[0.8797];[-0.0703];8056.10518;1;0;[0.8743];[-0.0757];8054.77385;400),(268507.24292;[0.8714];[-0.0786];7840.54615;1;0;[0.8659];[-0.0841];7839.71799;400),(268854.44427;[0.8538];[-0.0962];7580.98643;1;0;[0.8483];[-0.1017];7580.24551;400),(271575.86765;[0.6716];[-0.2784];10821.38906;1;0;[0.6688];[-0.2812];10834.05397;400),(274065.55390;[0.8016];[-0.1484];10323.47064;1;0;[0.7952];[-0.1548];10311.07500;400),(275881.69932;[0.838];[-0.112];9848.24365;1;0;[0.8361];[-0.1139];9838.49396;400),(277598.24753;[0.8666];[-0.0834];9265.36907;1;0;[0.8622];[-0.0878];9258.62290;400),(279078.68409;[0.8795];[-0.0705];8978.21566;1;0;[0.8736];[-0.0764];8972.68910;400),(280850.18921;[0.8873];[-0.0627];8434.15903;1;0;[0.8851];[-0.0649];8431.95708;400),(284475.19779;[0.8813];[-0.0687];8060.63301;1;0;[0.8774];[-0.0726];8059.30954;400),(285017.01570;[0.8739];[-0.0761];8022.33351;1;0;[0.8676];[-0.0824];8020.82770;400),(285325.69218;[0.8679];[-0.0821];7819.84009;1;0;[0.8626];[-0.0874];7818.91108;400),(285753.57604;[0.8667];[-0.0833];7814.85242;1;0;[0.8613];[-0.0887];7813.88636;400),(286275.80452;[0.8667];[-0.0833];7814.85242;1;0;[0.8613];[-0.0887];7813.88636;400),(288356.61340;[0.6666];[-0.2834];10822.14541;1;0;[0.6648];[-0.2852];10832.97939;400),(290735.24618;[0.8027];[-0.1473];10323.52791;1;0;[0.7968];[-0.1532];10311.16850;400),(292506.03008;[0.848];[-0.102];9843.16655;1;0;[0.8452];[-0.1048];9834.70651;400),(294627.99120;[0.8666];[-0.0834];9265.36907;1;0;[0.8622];[-0.0878];9258.62290;400),(296463.65976;[0.8801];[-0.0699];8980.88810;1;0;[0.8741];[-0.0759];8975.39225;400),(298488.00373;[0.8856];[-0.0644];8434.89447;1;0;[0.8825];[-0.0675];8432.65287;400),(301472.25451;[0.88];[-0.07];8227.83694;1;0;[0.8758];[-0.0742];8225.89164;400),(301811.57660;[0.8768];[-0.0732];8041.10154;1;0;[0.8709];[-0.0791];8039.68432;400),(302205.87492;[0.8679];[-0.0821];7819.84009;1;0;[0.8626];[-0.0874];7818.91108;400),(302677.72579;[0.8667];[-0.0833];7814.85242;1;0;[0.8613];[-0.0887];7813.88636;400),(303153.04470;[0.8667];[-0.0833];7814.85242;1;0;[0.8613];[-0.0887];7813.88636;400),(305153.38206;[0.6695];[-0.2805];10819.45688;1;0;[0.6669];[-0.2831];10829.98649;400),(307058.84051;[0.7931];[-0.1569];10319.73676;1;0;[0.7875];[-0.1625];10307.80959;400),(309055.35173;[0.848];[-0.102];9843.16655;1;0;[0.8452];[-0.1048];9834.70651;400),(311280.26843;[0.8622];[-0.0878];9272.78868;1;0;[0.8592];[-0.0908];9264.90981;400),(313030.51472;[0.8804];[-0.0696];8982.31439;1;0;[0.8746];[-0.0754];8976.85612;400),(314660.78448;[0.8838];[-0.0662];8572.30966;1;0;[0.8805];[-0.0695];8569.05267;400),(317975.49891;[0.8814];[-0.0686];8231.57228;1;0;[0.8766];[-0.0734];8229.66333;400),(318371.12713;[0.8768];[-0.0732];8041.10154;1;0;[0.8709];[-0.0791];8039.68432;400),(318994.29440;[0.8712];[-0.0788];7836.56662;1;0;[0.866];[-0.084];7835.71556;400),(319397.10975;[0.8697];[-0.0803];7822.33553;1;0;[0.8639];[-0.0861];7821.45297;400),(319799.23487;[0.8674];[-0.0826];7821.03726;1;0;[0.8624];[-0.0876];7820.10099;400),(320095.83068;[0.8679];[-0.0821];7819.84009;1;0;[0.8626];[-0.0874];7818.91108;400),(320406.09479;[0.8679];[-0.0821];7819.84009;1;0;[0.8626];[-0.0874];7818.91108;400),(320757.24912;[0.8667];[-0.0833];7814.85242;1;0;[0.8613];[-0.0887];7813.88636;400),(321105.29876;[0.8667];[-0.0833];7814.85242;1;0;[0.8613];[-0.0887];7813.88636;400),(322643.35632;[0.6695];[-0.2805];10819.45688;1;0;[0.6669];[-0.2831];10829.98649;400),(325002.22373;[0.7844];[-0.1656];10318.74968;1;0;[0.7794];[-0.1706];10307.57456;400),(326677.14930;[0.848];[-0.102];9843.16655;1;0;[0.8452];[-0.1048];9834.70651;400),(328343.45555;[0.8624];[-0.0876];9274.31331;1;0;[0.8598];[-0.0902];9266.47095;400),(330048.53559;[0.8803];[-0.0697];8986.88032;1;0;[0.874];[-0.076];8981.42869;400),(331813.04812;[0.8849];[-0.0651];8582.57457;1;0;[0.8819];[-0.0681];8579.36865;400),(333576.60389;[0.8667];[-0.0833];7814.85242;1;0;[0.8613];[-0.0887];7813.88636;400),(334421.49162;[0.8667];[-0.0833];7814.85242;1;0;[0.8613];[-0.0887];7813.88636;400),(336742.33127;[0.6695];[-0.2805];10819.45688;1;0;[0.6669];[-0.2831];10829.98649;400),(338954.43463;[0.7844];[-0.1656];10318.74968;1;0;[0.7794];[-0.1706];10307.57456;400),(340703.21512;[0.848];[-0.102];9843.16655;1;0;[0.8452];[-0.1048];9834.70651;400),(342409.49202;[0.8624];[-0.0876];9274.31331;1;0;[0.8598];[-0.0902];9266.47095;400),(343844.71440;[0.8803];[-0.0697];8986.88032;1;0;[0.874];[-0.076];8981.42869;400),(345552.70481;[0.8849];[-0.0651];8582.57457;1;0;[0.8819];[-0.0681];8579.36865;400),(347657.67670;[0.8667];[-0.0833];7814.85242;1;0;[0.8613];[-0.0887];7813.88636;400),(349720.12377;[0.6778];[-0.2722];10814.93492;1;0;[0.6745];[-0.2755];10825.88643;400),(351571.30837;[0.7972];[-0.1528];10308.89962;1;0;[0.7916];[-0.1584];10296.33945;400),(353207.99661;[0.8389];[-0.1111];9844.23230;1;0;[0.8372];[-0.1128];9834.50646;400),(355096.30847;[0.8659];[-0.0841];9256.97193;1;0;[0.8612];[-0.0888];9250.16454;400),(356859.95936;[0.8788];[-0.0712];8896.19255;1;0;[0.8734];[-0.0766];8890.66518;400),(358828.77851;[0.8849];[-0.0651];8582.57457;1;0;[0.8819];[-0.0681];8579.36865;400),(361902.29988;[0.8829];[-0.0671];8243.08209;1;0;[0.8781];[-0.0719];8241.20997;400),(362369.09676;[0.8775];[-0.0725];8044.03533;1;0;[0.8721];[-0.0779];8042.64572;400),(362815.47308;[0.8748];[-0.0752];8020.16463;1;0;[0.8682];[-0.0818];8018.67566;400),(363220.88385;[0.8697];[-0.0803];7822.33553;1;0;[0.8639];[-0.0861];7821.45297;400),(363595.55078;[0.8674];[-0.0826];7821.03726;1;0;[0.8624];[-0.0876];7820.10099;400),(363899.89352;[0.8679];[-0.0821];7819.84009;1;0;[0.8626];[-0.0874];7818.91108;400),(364243.52145;[0.8667];[-0.0833];7814.85242;1;0;[0.8613];[-0.0887];7813.88636;400),(364877.47812;[0.8667];[-0.0833];7814.85242;1;0;[0.8613];[-0.0887];7813.88636;400),(366665.65990;[0.6778];[-0.2722];10814.93492;1;0;[0.6745];[-0.2755];10825.88643;400),(368768.89563;[0.7972];[-0.1528];10308.89962;1;0;[0.7916];[-0.1584];10296.33945;400),(370639.22572;[0.8389];[-0.1111];9844.23230;1;0;[0.8372];[-0.1128];9834.50646;400),(373065.80544;[0.8654];[-0.0846];9257.88846;1;0;[0.8608];[-0.0892];9251.03983;400),(374839.18500;[0.8794];[-0.0706];8897.90396;1;0;[0.8741];[-0.0759];8892.41353;400),(376564.29768;[0.8862];[-0.0638];8587.67147;1;0;[0.8833];[-0.0667];8584.53513;400),(378455.61981;[0.8667];[-0.0833];7814.85242;1;0;[0.8613];[-0.0887];7813.88636;400),(380579.28562;[0.6778];[-0.2722];10814.93492;1;0;[0.6745];[-0.2755];10825.88643;400),(382791.46147;[0.7969];[-0.1531];10308.66363;1;0;[0.7913];[-0.1587];10296.05192;400),(384855.89314;[0.8389];[-0.1111];9844.23230;1;0;[0.8372];[-0.1128];9834.50646;400),(386918.91265;[0.8654];[-0.0846];9257.88846;1;0;[0.8608];[-0.0892];9251.03983;400),(388670.41254;[0.8794];[-0.0706];8897.90396;1;0;[0.8741];[-0.0759];8892.41353;400),(390245.01348;[0.8862];[-0.0638];8587.67147;1;0;[0.8833];[-0.0667];8584.53513;400),(393618.95680;[0.8835];[-0.0665];8245.30950;1;0;[0.8791];[-0.0709];8243.47443;400),(394168.74981;[0.8791];[-0.0709];8044.77758;1;0;[0.8742];[-0.0758];8043.42809;400),(394551.41020;[0.8761];[-0.0739];8036.92859;1;0;[0.8697];[-0.0803];8035.47698;400),(394899.13464;[0.8674];[-0.0826];7821.03726;1;0;[0.8624];[-0.0876];7820.10099;400),(395278.11933;[0.8679];[-0.0821];7819.84009;1;0;[0.8626];[-0.0874];7818.91108;400),(395722.09263;[0.8679];[-0.0821];7819.84009;1;0;[0.8626];[-0.0874];7818.91108;400),(396074.59736;[0.8667];[-0.0833];7814.85242;1;0;[0.8613];[-0.0887];7813.88636;400),(399109.79152;[0.6808];[-0.2692];10808.22478;1;0;[0.6772];[-0.2728];10818.87654;400),(401252.89559;[0.7867];[-0.1633];10298.52703;1;0;[0.7817];[-0.1683];10287.06948;400),(403401.06940;[0.8389];[-0.1111];9844.23230;1;0;[0.8372];[-0.1128];9834.50646;400),(405499.10426;[0.866];[-0.084];9260.23155;1;0;[0.8616];[-0.0884];9253.42963;400),(407230.42178;[0.8795];[-0.0705];8898.37683;1;0;[0.8744];[-0.0756];8892.90189;400),(408874.80068;[0.8862];[-0.0638];8589.09963;1;0;[0.8835];[-0.0665];8585.97406;400),(412775.54417;[0.884];[-0.066];8246.55849;1;0;[0.8802];[-0.0698];8244.74351;400),(413331.15649;[0.8764];[-0.0736];8046.98602;1;0;[0.8703];[-0.0797];8045.57852;400),(413643.25786;[0.8768];[-0.0732];8041.10154;1;0;[0.8709];[-0.0791];8039.68432;400),(413979.83003;[0.8748];[-0.0752];8020.16463;1;0;[0.8682];[-0.0818];8018.67566;400),(414347.55540;[0.8667];[-0.0833];7814.85242;1;0;[0.8613];[-0.0887];7813.88636;400),(416263.77678;[0.6808];[-0.2692];10808.22478;1;0;[0.6772];[-0.2728];10818.87654;400),(418384.12428;[0.78];[-0.17];10299.91201;1;0;[0.7751];[-0.1749];10288.31198;400),(420108.29687;[0.8389];[-0.1111];9844.23230;1;0;[0.8372];[-0.1128];9834.50646;400),(421827.35753;[0.8664];[-0.0836];9262.61128;1;0;[0.8624];[-0.0876];9255.84485;400),(423645.40482;[0.8789];[-0.0711];8900.23880;1;0;[0.8732];[-0.0768];8894.74904;400),(425634.09162;[0.8865];[-0.0635];8593.78137;1;0;[0.8836];[-0.0664];8590.67404;400),(428973.11950;[0.8838];[-0.0662];8249.64065;1;0;[0.8794];[-0.0706];8247.82183;400),(429381.41799;[0.8791];[-0.0709];8053.94114;1;0;[0.8743];[-0.0757];8052.59535;400),(429863.21735;[0.8775];[-0.0725];8044.03533;1;0;[0.8721];[-0.0779];8042.64572;400),(430218.15872;[0.8768];[-0.0732];8041.10154;1;0;[0.8709];[-0.0791];8039.68432;400),(430662.22405;[0.8751];[-0.0749];8030.51530;1;0;[0.8689];[-0.0811];8029.02939;400),(430982.80382;[0.8748];[-0.0752];8020.16463;1;0;[0.8682];[-0.0818];8018.67566;400),(433173.56205;[0.6833];[-0.2667];10800.23774;1;0;[0.679];[-0.271];10810.72517;400),(435181.88596;[0.8182];[-0.1318];10281.49236;1;0;[0.8146];[-0.1354];10271.19835;400),(436993.88981;[0.8411];[-0.1089];9819.69986;1;0;[0.8388];[-0.1112];9810.76075;400),(439094.18106;[0.8666];[-0.0834];9263.73883;1;0;[0.8627];[-0.0873];9257.00752;400),(440743.93439;[0.8784];[-0.0716];8967.56122;1;0;[0.8727];[-0.0773];8961.98549;400),(442492.96308;[0.8865];[-0.0635];8594.63462;1;0;[0.8837];[-0.0663];8591.53462;400),(445527.90928;[0.8841];[-0.0659];8252.39707;1;0;[0.8803];[-0.0697];8250.59338;400),(445931.93531;[0.8791];[-0.0709];8053.94114;1;0;[0.8743];[-0.0757];8052.59535;400),(446333.26626;[0.8748];[-0.0752];8020.16463;1;0;[0.8682];[-0.0818];8018.67566;400),(449543.63322;[0.6865];[-0.2635];10791.60542;1;0;[0.6818];[-0.2682];10802.78870;400),(451597.16463;[0.8002];[-0.1498];10289.98340;1;0;[0.7945];[-0.1555];10276.49965;400),(453352.42200;[0.8411];[-0.1089];9819.69986;1;0;[0.8388];[-0.1112];9810.76075;400),(454919.75641;[0.8666];[-0.0834];9263.73883;1;0;[0.8627];[-0.0873];9257.00752;400),(456477.91886;[0.8795];[-0.0705];8978.21566;1;0;[0.8736];[-0.0764];8972.68910;400),(458193.83979;[0.8865];[-0.0635];8594.63462;1;0;[0.8837];[-0.0663];8591.53462;400),(462106.35114;[0.8841];[-0.0659];8252.39707;1;0;[0.8803];[-0.0697];8250.59338;400),(462601.08685;[0.8791];[-0.0709];8053.94114;1;0;[0.8743];[-0.0757];8052.59535;400),(463069.18144;[0.8775];[-0.0725];8044.03533;1;0;[0.8721];[-0.0779];8042.64572;400),(463367.09476;[0.8768];[-0.0732];8041.10154;1;0;[0.8709];[-0.0791];8039.68432;400),(463693.41922;[0.8761];[-0.0739];8036.92859;1;0;[0.8697];[-0.0803];8035.47698;400),(464019.48690;[0.8748];[-0.0752];8020.16463;1;0;[0.8682];[-0.0818];8018.67566;400),(464657.42207;[0.8748];[-0.0752];8020.16463;1;0;[0.8682];[-0.0818];8018.67566;400),(466787.49800;[0.6865];[-0.2635];10791.60542;1;0;[0.6818];[-0.2682];10802.78870;400),(468739.00938;[0.8208];[-0.1292];10267.67456;1;0;[0.8173];[-0.1327];10256.39049;400),(470410.13575;[0.8405];[-0.1095];9820.60848;1;0;[0.8385];[-0.1115];9811.66369;400),(472303.36738;[0.8666];[-0.0834];9263.73883;1;0;[0.8627];[-0.0873];9257.00752;400),(474046.77677;[0.8801];[-0.0699];8980.88810;1;0;[0.8741];[-0.0759];8975.39225;400),(476367.16557;[0.8867];[-0.0633];8596.23667;1;0;[0.8835];[-0.0665];8593.12070;400),(479980.02696;[0.8841];[-0.0659];8252.39707;1;0;[0.8803];[-0.0697];8250.59338;400),(480298.85483;[0.8809];[-0.0691];8227.50765;1;0;[0.8764];[-0.0736];8225.56745;400),(480776.78704;[0.8775];[-0.0725];8044.03533;1;0;[0.8721];[-0.0779];8042.64572;400),(481073.51017;[0.8768];[-0.0732];8041.10154;1;0;[0.8709];[-0.0791];8039.68432;400),(481416.01658;[0.8751];[-0.0749];8030.51530;1;0;[0.8689];[-0.0811];8029.02939;400),(482068.12286;[0.8748];[-0.0752];8020.16463;1;0;[0.8682];[-0.0818];8018.67566;400),(482352.02098;[0.8748];[-0.0752];8020.16463;1;0;[0.8682];[-0.0818];8018.67566;400),(484181.03194;[0.6958];[-0.2542];10785.25717;1;0;[0.6939];[-0.2561];10795.46558;400),(486205.17039;[0.8208];[-0.1292];10267.67456;1;0;[0.8173];[-0.1327];10256.39049;400),(487864.69173;[0.8405];[-0.1095];9820.60848;1;0;[0.8385];[-0.1115];9811.66369;400),(489813.47799;[0.8666];[-0.0834];9263.73883;1;0;[0.8627];[-0.0873];9257.00752;400),(491921.49997;[0.8804];[-0.0696];8982.31439;1;0;[0.8746];[-0.0754];8976.85612;400),(493958.49824;[0.8871];[-0.0629];8598.04557;1;0;[0.8848];[-0.0652];8594.96169;400),(495631.64401;[0.8748];[-0.0752];8020.16463;1;0;[0.8682];[-0.0818];8018.67566;400),(496500.38648;[0.8748];[-0.0752];8020.16463;1;0;[0.8682];[-0.0818];8018.67566;400),(499402.22597;[0.6994];[-0.2506];10773.70522;1;0;[0.6957];[-0.2543];10783.44224;400),(501060.41479;[0.813];[-0.137];10266.52963;1;0;[0.8081];[-0.1419];10255.93340;400),(503053.80392;[0.8424];[-0.1076];9816.22138;1;0;[0.8398];[-0.1102];9807.32602;400),(505031.56161;[0.8663];[-0.0837];9247.18931;1;0;[0.8624];[-0.0876];9240.12819;400),(506806.04172;[0.8804];[-0.0696];8982.31439;1;0;[0.8746];[-0.0754];8976.85612;400),(508567.53159;[0.8871];[-0.0629];8598.04557;1;0;[0.8848];[-0.0652];8594.96169;400),(510332.77655;[0.8748];[-0.0752];8020.16463;1;0;[0.8682];[-0.0818];8018.67566;400),(511669.67654;[0.8748];[-0.0752];8020.16463;1;0;[0.8682];[-0.0818];8018.67566;400),(514979.65240;[0.6994];[-0.2506];10773.70522;1;0;[0.6957];[-0.2543];10783.44224;400),(516806.49543;[0.813];[-0.137];10266.52963;1;0;[0.8081];[-0.1419];10255.93340;400),(518441.14709;[0.8424];[-0.1076];9816.22138;1;0;[0.8398];[-0.1102];9807.32602;400),(520028.29337;[0.8663];[-0.0837];9247.18931;1;0;[0.8624];[-0.0876];9240.12819;400),(521774.01948;[0.8804];[-0.0696];8982.31439;1;0;[0.8746];[-0.0754];8976.85612;400),(523547.88685;[0.8871];[-0.0629];8598.04557;1;0;[0.8848];[-0.0652];8594.96169;400),(525109.41052;[0.8748];[-0.0752];8020.16463;1;0;[0.8682];[-0.0818];8018.67566;400),(526314.39018;[0.8748];[-0.0752];8020.16463;1;0;[0.8682];[-0.0818];8018.67566;400),(528461.88760;[0.6948];[-0.2552];10771.27927;1;0;[0.6918];[-0.2582];10781.94235;400),(529971.80009;[0.813];[-0.137];10266.52963;1;0;[0.8081];[-0.1419];10255.93340;400),(531610.17299;[0.8424];[-0.1076];9816.22138;1;0;[0.8398];[-0.1102];9807.32602;400),(533615.07630;[0.8663];[-0.0837];9247.18931;1;0;[0.8624];[-0.0876];9240.12819;400),(535467.44657;[0.8804];[-0.0696];8982.31439;1;0;[0.8746];[-0.0754];8976.85612;400),(537041.24832;[0.8871];[-0.0629];8598.04557;1;0;[0.8848];[-0.0652];8594.96169;400),(538730.45135;[0.8748];[-0.0752];8020.16463;1;0;[0.8682];[-0.0818];8018.67566;400),(539930.92537;[0.8748];[-0.0752];8020.16463;1;0;[0.8682];[-0.0818];8018.67566;400),(542315.32717;[0.6948];[-0.2552];10771.27927;1;0;[0.6918];[-0.2582];10781.94235;400),(543927.08445;[0.813];[-0.137];10266.52963;1;0;[0.8081];[-0.1419];10255.93340;400),(545526.67141;[0.8424];[-0.1076];9816.22138;1;0;[0.8398];[-0.1102];9807.32602;400),(547292.26947;[0.8663];[-0.0837];9247.18931;1;0;[0.8624];[-0.0876];9240.12819;400),(549181.13518;[0.8804];[-0.0696];8982.31439;1;0;[0.8746];[-0.0754];8976.85612;400),(551163.71417;[0.8871];[-0.0629];8598.04557;1;0;[0.8848];[-0.0652];8594.96169;400),(552916.72421;[0.8748];[-0.0752];8020.16463;1;0;[0.8682];[-0.0818];8018.67566;400),(553982.30195;[0.8748];[-0.0752];8020.16463;1;0;[0.8682];[-0.0818];8018.67566;400),(555678.85327;[0.7836];[-0.1664];10769.82311;1;0;[0.7781];[-0.1719];10779.40171;400),(557741.66465;[0.825];[-0.125];10250.41158;1;0;[0.8209];[-0.1291];10238.39249;400),(559697.99852;[0.8424];[-0.1076];9816.22138;1;0;[0.8398];[-0.1102];9807.32602;400),(561373.78335;[0.8663];[-0.0837];9247.18931;1;0;[0.8624];[-0.0876];9240.12819;400),(563550.07195;[0.8804];[-0.0696];8982.31439;1;0;[0.8746];[-0.0754];8976.85612;400),(565271.92807;[0.8871];[-0.0629];8598.04557;1;0;[0.8848];[-0.0652];8594.96169;400),(567373.27623;[0.8748];[-0.0752];8020.16463;1;0;[0.8682];[-0.0818];8018.67566;400),(568315.15241;[0.8748];[-0.0752];8020.16463;1;0;[0.8682];[-0.0818];8018.67566;400),(570266.36672;[0.7836];[-0.1664];10769.82311;1;0;[0.7781];[-0.1719];10779.40171;400),(572199.86153;[0.825];[-0.125];10250.41158;1;0;[0.8209];[-0.1291];10238.39249;400),(573819.22174;[0.8424];[-0.1076];9816.22138;1;0;[0.8398];[-0.1102];9807.32602;400),(575989.06493;[0.8663];[-0.0837];9247.18931;1;0;[0.8624];[-0.0876];9240.12819;400),(577721.22145;[0.8804];[-0.0696];8982.31439;1;0;[0.8746];[-0.0754];8976.85612;400),(579279.10495;[0.8871];[-0.0629];8598.04557;1;0;[0.8848];[-0.0652];8594.96169;400),(581039.52432;[0.8748];[-0.0752];8020.16463;1;0;[0.8682];[-0.0818];8018.67566;400),(582153.43165;[0.8748];[-0.0752];8020.16463;1;0;[0.8682];[-0.0818];8018.67566;400),(584242.27285;[0.7876];[-0.1624];10766.07036;1;0;[0.7841];[-0.1659];10775.32067;400),(586128.91436;[0.825];[-0.125];10250.41158;1;0;[0.8209];[-0.1291];10238.39249;400),(588189.49175;[0.8424];[-0.1076];9816.22138;1;0;[0.8398];[-0.1102];9807.32602;400),(589899.18423;[0.8663];[-0.0837];9247.18931;1;0;[0.8624];[-0.0876];9240.12819;400),(591548.96379;[0.8804];[-0.0696];8982.31439;1;0;[0.8746];[-0.0754];8976.85612;400),(593190.93752;[0.8871];[-0.0629];8598.04557;1;0;[0.8848];[-0.0652];8594.96169;400),(594820.26649;[0.8748];[-0.0752];8020.16463;1;0;[0.8682];[-0.0818];8018.67566;400),(595779.91462;[0.8748];[-0.0752];8020.16463;1;0;[0.8682];[-0.0818];8018.67566;400),(597443.10880;[0.7876];[-0.1624];10766.07036;1;0;[0.7841];[-0.1659];10775.32067;400),(599500.64492;[0.825];[-0.125];10250.41158;1;0;[0.8209];[-0.1291];10238.39249;400)]"
5,9,8408.202998466199,0.87013,1,0,[0.6881],[-0.2619],600228.6832332611,"[(4717.97466;[0.5037];[-0.4463];9552.34596;1;0;[0.5023];[-0.4477];9569.33522;100),(7230.35955;[0.5037];[-0.4463];9552.34596;1;0;[0.5023];[-0.4477];9569.33522;100),(8269.79017;[0.5037];[-0.4463];9552.34596;1;0;[0.5023];[-0.4477];9569.33522;100),(9250.71192;[0.5037];[-0.4463];9552.34596;1;0;[0.5023];[-0.4477];9569.33522;100),(10356.19664;[0.5037];[-0.4463];9552.34596;1;0;[0.5023];[-0.4477];9569.33522;100),(11660.78353;[0.5037];[-0.4463];9552.34596;1;0;[0.5023];[-0.4477];9569.33522;100),(12714.91623;[0.65];[-0.3];9001.10250;1;0;[0.6505];[-0.2995];8995.41179;100),(14909.90806;[0.5124];[-0.4376];9633.25151;1;0;[0.5092];[-0.4408];9650.22717;200),(19253.58558;[0.5353];[-0.4147];9635.97623;1;0;[0.5321];[-0.4179];9648.84021;400),(21500.32568;[0.5353];[-0.4147];9635.97623;1;0;[0.5321];[-0.4179];9648.84021;400),(23641.32071;[0.5353];[-0.4147];9635.97623;1;0;[0.5321];[-0.4179];9648.84021;400),(26079.82039;[0.5353];[-0.4147];9635.97623;1;0;[0.5321];[-0.4179];9648.84021;400),(28154.99163;[0.5353];[-0.4147];9635.97623;1;0;[0.5321];[-0.4179];9648.84021;400),(30014.56189;[0.5353];[-0.4147];9635.97623;1;0;[0.5321];[-0.4179];9648.84021;400),(32104.05779;[0.5353];[-0.4147];9635.97623;1;0;[0.5321];[-0.4179];9648.84021;400),(33190.10901;[0.674];[-0.276];8659.50126;1;0;[0.6712];[-0.2788];8651.13608;400),(34023.48876;[0.6787];[-0.2713];8255.84894;1;0;[0.6754];[-0.2746];8250.28766;400),(34556.66661;[0.646];[-0.304];7829.13325;1;0;[0.6443];[-0.3057];7826.70914;400),(35092.63372;[0.5545];[-0.3955];7292.96689;1;0;[0.5507];[-0.3993];7291.92546;400),(35547.83916;[0.3401];[-0.6099];6606.72371;1;0;[0.3446];[-0.6054];6605.88047;400),(36191.25867;[0.3299];[-0.6201];6569.22939;1;0;[0.3339];[-0.6161];6568.21722;400),(37106.48584;[0.3299];[-0.6201];6569.22939;1;0;[0.3339];[-0.6161];6568.21722;400),(38899.15323;[0.5353];[-0.4147];9635.97623;1;0;[0.5321];[-0.4179];9648.84021;400),(41927.14763;[0.6157];[-0.3343];9249.45743;1;0;[0.6134];[-0.3366];9240.11223;400),(44892.80891;[0.6825];[-0.2675];8853.23133;1;0;[0.6785];[-0.2715];8844.86082;400),(47087.70442;[0.6863];[-0.2637];8441.08876;1;0;[0.6828];[-0.2672];8434.12983;400),(49367.66553;[0.6627];[-0.2873];7981.57449;1;0;[0.6604];[-0.2896];7978.30358;400),(51450.28830;[0.5556];[-0.3944];7297.04730;1;0;[0.552];[-0.398];7296.07604;400),(53412.73737;[0.3299];[-0.6201];6569.22939;1;0;[0.3339];[-0.6161];6568.21722;400),(54519.53793;[0.3299];[-0.6201];6569.22939;1;0;[0.3339];[-0.6161];6568.21722;400),(56348.11139;[0.5353];[-0.4147];9635.97623;1;0;[0.5321];[-0.4179];9648.84021;400),(58892.65299;[0.6157];[-0.3343];9249.45743;1;0;[0.6134];[-0.3366];9240.11223;400),(60990.40866;[0.6825];[-0.2675];8853.23133;1;0;[0.6785];[-0.2715];8844.86082;400),(62959.53369;[0.6863];[-0.2637];8441.08876;1;0;[0.6828];[-0.2672];8434.12983;400),(65288.80954;[0.6622];[-0.2878];7981.51265;1;0;[0.6597];[-0.2903];7978.22320;400),(67686.66887;[0.5556];[-0.3944];7297.04730;1;0;[0.552];[-0.398];7296.07604;400),(69680.70221;[0.3299];[-0.6201];6569.22939;1;0;[0.3339];[-0.6161];6568.21722;400),(70916.54587;[0.3299];[-0.6201];6569.22939;1;0;[0.3339];[-0.6161];6568.21722;400),(73135.66351;[0.5353];[-0.4147];9635.97623;1;0;[0.5321];[-0.4179];9648.84021;400),(75481.35161;[0.6286];[-0.3214];9234.57965;1;0;[0.6265];[-0.3235];9226.61992;400),(77383.54373;[0.6825];[-0.2675];8853.23133;1;0;[0.6785];[-0.2715];8844.86082;400),(79294.53611;[0.6863];[-0.2637];8441.08876;1;0;[0.6828];[-0.2672];8434.12983;400),(81280.12776;[0.6622];[-0.2878];7981.51265;1;0;[0.6597];[-0.2903];7978.22320;400),(83192.20304;[0.5556];[-0.3944];7297.04730;1;0;[0.552];[-0.398];7296.07604;400),(85405.49374;[0.3299];[-0.6201];6569.22939;1;0;[0.3339];[-0.6161];6568.21722;400),(86592.02075;[0.3274];[-0.6226];6562.94583;1;0;[0.3333];[-0.6167];6561.90649;400),(88296.27085;[0.5353];[-0.4147];9635.97623;1;0;[0.5321];[-0.4179];9648.84021;400),(90705.78432;[0.6286];[-0.3214];9234.57965;1;0;[0.6265];[-0.3235];9226.61992;400),(93003.70049;[0.6825];[-0.2675];8853.23133;1;0;[0.6785];[-0.2715];8844.86082;400),(94813.59076;[0.6863];[-0.2637];8441.08876;1;0;[0.6828];[-0.2672];8434.12983;400),(97057.08575;[0.6622];[-0.2878];7981.51265;1;0;[0.6597];[-0.2903];7978.22320;400),(99532.43303;[0.5556];[-0.3944];7297.04730;1;0;[0.552];[-0.398];7296.07604;400),(101564.69393;[0.3274];[-0.6226];6562.94583;1;0;[0.3333];[-0.6167];6561.90649;400),(102567.32273;[0.3274];[-0.6226];6562.94583;1;0;[0.3333];[-0.6167];6561.90649;400),(104295.48383;[0.5376];[-0.4124];9632.95638;1;0;[0.5342];[-0.4158];9645.47388;400),(107021.90614;[0.6286];[-0.3214];9234.57965;1;0;[0.6265];[-0.3235];9226.61992;400),(109515.22374;[0.6825];[-0.2675];8853.23133;1;0;[0.6785];[-0.2715];8844.86082;400),(111666.12458;[0.6863];[-0.2637];8441.08876;1;0;[0.6828];[-0.2672];8434.12983;400),(114260.22387;[0.6622];[-0.2878];7981.51265;1;0;[0.6597];[-0.2903];7978.22320;400),(116329.59390;[0.5556];[-0.3944];7297.04730;1;0;[0.552];[-0.398];7296.07604;400),(118308.94828;[0.3274];[-0.6226];6562.94583;1;0;[0.3333];[-0.6167];6561.90649;400),(119340.40380;[0.3274];[-0.6226];6562.94583;1;0;[0.3333];[-0.6167];6561.90649;400),(121180.18579;[0.5376];[-0.4124];9632.95638;1;0;[0.5342];[-0.4158];9645.47388;400),(123365.03458;[0.6286];[-0.3214];9234.57965;1;0;[0.6265];[-0.3235];9226.61992;400),(125356.09484;[0.6825];[-0.2675];8853.23133;1;0;[0.6785];[-0.2715];8844.86082;400),(127388.33761;[0.6863];[-0.2637];8441.08876;1;0;[0.6828];[-0.2672];8434.12983;400),(129500.20909;[0.6622];[-0.2878];7981.51265;1;0;[0.6597];[-0.2903];7978.22320;400),(131421.34047;[0.5556];[-0.3944];7297.04730;1;0;[0.552];[-0.398];7296.07604;400),(133320.05000;[0.3274];[-0.6226];6562.94583;1;0;[0.3333];[-0.6167];6561.90649;400),(134306.31661;[0.3274];[-0.6226];6562.94583;1;0;[0.3333];[-0.6167];6561.90649;400),(136014.56976;[0.5376];[-0.4124];9632.95638;1;0;[0.5342];[-0.4158];9645.47388;400),(138190.77682;[0.6185];[-0.3315];9238.89843;1;0;[0.6157];[-0.3343];9229.13965;400),(140459.77187;[0.6829];[-0.2671];8850.87103;1;0;[0.6791];[-0.2709];8842.49316;400),(142630.50056;[0.6863];[-0.2637];8441.08876;1;0;[0.6828];[-0.2672];8434.12983;400),(144811.34844;[0.6622];[-0.2878];7981.51265;1;0;[0.6597];[-0.2903];7978.22320;400),(146582.36599;[0.5556];[-0.3944];7297.04730;1;0;[0.552];[-0.398];7296.07604;400),(148422.12272;[0.3274];[-0.6226];6562.94583;1;0;[0.3333];[-0.6167];6561.90649;400),(149506.22058;[0.3274];[-0.6226];6562.94583;1;0;[0.3333];[-0.6167];6561.90649;400),(151392.97938;[0.5376];[-0.4124];9632.95638;1;0;[0.5342];[-0.4158];9645.47388;400),(153931.44512;[0.6185];[-0.3315];9238.89843;1;0;[0.6157];[-0.3343];9229.13965;400),(155788.90538;[0.6829];[-0.2671];8850.87103;1;0;[0.6791];[-0.2709];8842.49316;400),(157744.66729;[0.6863];[-0.2637];8441.08876;1;0;[0.6828];[-0.2672];8434.12983;400),(159932.31177;[0.6622];[-0.2878];7981.51265;1;0;[0.6597];[-0.2903];7978.22320;400),(161737.06436;[0.5556];[-0.3944];7297.04730;1;0;[0.552];[-0.398];7296.07604;400),(163605.33166;[0.3274];[-0.6226];6562.94583;1;0;[0.3333];[-0.6167];6561.90649;400),(164622.01142;[0.3274];[-0.6226];6562.94583;1;0;[0.3333];[-0.6167];6561.90649;400),(166803.07508;[0.5393];[-0.4107];9629.23053;1;0;[0.5358];[-0.4142];9641.42662;400),(168838.80734;[0.6185];[-0.3315];9238.89843;1;0;[0.6157];[-0.3343];9229.13965;400),(170673.23732;[0.6829];[-0.2671];8850.87103;1;0;[0.6791];[-0.2709];8842.49316;400),(172816.93268;[0.6863];[-0.2637];8441.08876;1;0;[0.6828];[-0.2672];8434.12983;400),(174876.23572;[0.6622];[-0.2878];7981.51265;1;0;[0.6597];[-0.2903];7978.22320;400),(176747.72716;[0.5556];[-0.3944];7297.04730;1;0;[0.552];[-0.398];7296.07604;400),(178745.78404;[0.3274];[-0.6226];6562.94583;1;0;[0.3333];[-0.6167];6561.90649;400),(179601.26662;[0.3274];[-0.6226];6562.94583;1;0;[0.3333];[-0.6167];6561.90649;400),(181440.10043;[0.5393];[-0.4107];9629.23053;1;0;[0.5358];[-0.4142];9641.42662;400),(183405.76768;[0.6185];[-0.3315];9238.89843;1;0;[0.6157];[-0.3343];9229.13965;400),(185393.58211;[0.6829];[-0.2671];8850.87103;1;0;[0.6791];[-0.2709];8842.49316;400),(187208.55260;[0.6863];[-0.2637];8441.08876;1;0;[0.6828];[-0.2672];8434.12983;400),(189131.19054;[0.6622];[-0.2878];7981.51265;1;0;[0.6597];[-0.2903];7978.22320;400),(191004.40192;[0.5556];[-0.3944];7297.04730;1;0;[0.552];[-0.398];7296.07604;400),(193100.12078;[0.3274];[-0.6226];6562.94583;1;0;[0.3333];[-0.6167];6561.90649;400),(194049.49331;[0.3274];[-0.6226];6562.94583;1;0;[0.3333];[-0.6167];6561.90649;400),(196151.66140;[0.5383];[-0.4117];9627.51329;1;0;[0.5347];[-0.4153];9639.51331;400),(197905.14016;[0.6314];[-0.3186];9225.28714;1;0;[0.6299];[-0.3201];9216.88440;400),(199908.19955;[0.6829];[-0.2671];8850.87103;1;0;[0.6791];[-0.2709];8842.49316;400),(201758.67271;[0.6863];[-0.2637];8441.08876;1;0;[0.6828];[-0.2672];8434.12983;400),(203613.84511;[0.6622];[-0.2878];7981.51265;1;0;[0.6597];[-0.2903];7978.22320;400),(205636.67607;[0.5556];[-0.3944];7297.04730;1;0;[0.552];[-0.398];7296.07604;400),(207142.60387;[0.3274];[-0.6226];6562.94583;1;0;[0.3333];[-0.6167];6561.90649;400),(207925.52853;[0.3274];[-0.6226];6562.94583;1;0;[0.3333];[-0.6167];6561.90649;400),(210235.52394;[0.5383];[-0.4117];9627.51329;1;0;[0.5347];[-0.4153];9639.51331;400),(212078.63736;[0.6314];[-0.3186];9225.28714;1;0;[0.6299];[-0.3201];9216.88440;400),(213776.14975;[0.6829];[-0.2671];8850.87103;1;0;[0.6791];[-0.2709];8842.49316;400),(215605.32284;[0.6863];[-0.2637];8441.08876;1;0;[0.6828];[-0.2672];8434.12983;400),(217830.87158;[0.6622];[-0.2878];7981.51265;1;0;[0.6597];[-0.2903];7978.22320;400),(219532.63211;[0.5556];[-0.3944];7297.04730;1;0;[0.552];[-0.398];7296.07604;400),(221392.93504;[0.3274];[-0.6226];6562.94583;1;0;[0.3333];[-0.6167];6561.90649;400),(222354.17318;[0.3274];[-0.6226];6562.94583;1;0;[0.3333];[-0.6167];6561.90649;400),(224546.65542;[0.5408];[-0.4092];9623.15751;1;0;[0.5374];[-0.4126];9635.15271;400),(226170.45522;[0.6314];[-0.3186];9225.28714;1;0;[0.6299];[-0.3201];9216.88440;400),(227785.42304;[0.6829];[-0.2671];8850.87103;1;0;[0.6791];[-0.2709];8842.49316;400),(229781.18587;[0.6863];[-0.2637];8441.08876;1;0;[0.6828];[-0.2672];8434.12983;400),(231789.76226;[0.6622];[-0.2878];7981.51265;1;0;[0.6597];[-0.2903];7978.22320;400),(233408.23102;[0.5556];[-0.3944];7297.04730;1;0;[0.552];[-0.398];7296.07604;400),(235119.61794;[0.3274];[-0.6226];6562.94583;1;0;[0.3333];[-0.6167];6561.90649;400),(235990.54790;[0.3274];[-0.6226];6562.94583;1;0;[0.3333];[-0.6167];6561.90649;400),(238155.07746;[0.5408];[-0.4092];9623.15751;1;0;[0.5374];[-0.4126];9635.15271;400),(240120.59331;[0.6314];[-0.3186];9225.28714;1;0;[0.6299];[-0.3201];9216.88440;400),(241969.80619;[0.6829];[-0.2671];8850.87103;1;0;[0.6791];[-0.2709];8842.49316;400),(243693.32099;[0.6863];[-0.2637];8441.08876;1;0;[0.6828];[-0.2672];8434.12983;400),(245619.87638;[0.6622];[-0.2878];7981.51265;1;0;[0.6597];[-0.2903];7978.22320;400),(247549.01409;[0.5556];[-0.3944];7297.04730;1;0;[0.552];[-0.398];7296.07604;400),(249171.43011;[0.3274];[-0.6226];6562.94583;1;0;[0.3333];[-0.6167];6561.90649;400),(249970.46256;[0.3274];[-0.6226];6562.94583;1;0;[0.3333];[-0.6167];6561.90649;400),(252119.74859;[0.5445];[-0.4055];9620.22626;1;0;[0.5394];[-0.4106];9631.90120;400),(254307.93643;[0.6275];[-0.3225];9221.41076;1;0;[0.6257];[-0.3243];9212.93481;400),(256156.48270;[0.6866];[-0.2634];8827.74316;1;0;[0.6827];[-0.2673];8820.16763;400),(258082.74102;[0.6864];[-0.2636];8434.02265;1;0;[0.6824];[-0.2676];8426.95263;400),(260212.30960;[0.6622];[-0.2878];7981.51265;1;0;[0.6597];[-0.2903];7978.22320;400),(261830.32870;[0.5556];[-0.3944];7297.04730;1;0;[0.552];[-0.398];7296.07604;400),(263665.99655;[0.3274];[-0.6226];6562.94583;1;0;[0.3333];[-0.6167];6561.90649;400),(264496.90747;[0.3274];[-0.6226];6562.94583;1;0;[0.3333];[-0.6167];6561.90649;400),(266741.35351;[0.5445];[-0.4055];9620.22626;1;0;[0.5394];[-0.4106];9631.90120;400),(268775.51985;[0.6275];[-0.3225];9221.41076;1;0;[0.6257];[-0.3243];9212.93481;400),(270613.27434;[0.6866];[-0.2634];8827.74316;1;0;[0.6827];[-0.2673];8820.16763;400),(272950.63019;[0.6864];[-0.2636];8434.02265;1;0;[0.6824];[-0.2676];8426.95263;400),(274678.75338;[0.6622];[-0.2878];7981.51265;1;0;[0.6597];[-0.2903];7978.22320;400),(276407.53841;[0.5556];[-0.3944];7297.04730;1;0;[0.552];[-0.398];7296.07604;400),(278604.44927;[0.3274];[-0.6226];6562.94583;1;0;[0.3333];[-0.6167];6561.90649;400),(279479.68936;[0.3274];[-0.6226];6562.94583;1;0;[0.3333];[-0.6167];6561.90649;400),(281669.83843;[0.5415];[-0.4085];9617.42602;1;0;[0.5375];[-0.4125];9628.96946;400),(284040.87377;[0.6275];[-0.3225];9221.41076;1;0;[0.6257];[-0.3243];9212.93481;400),(286081.43401;[0.6865];[-0.2635];8827.60284;1;0;[0.6827];[-0.2673];8820.03068;400),(288393.95714;[0.6864];[-0.2636];8434.02265;1;0;[0.6824];[-0.2676];8426.95263;400),(290431.15950;[0.6622];[-0.2878];7981.51265;1;0;[0.6597];[-0.2903];7978.22320;400),(292659.58238;[0.5556];[-0.3944];7297.04730;1;0;[0.552];[-0.398];7296.07604;400),(294622.14756;[0.3274];[-0.6226];6562.94583;1;0;[0.3333];[-0.6167];6561.90649;400),(295498.76237;[0.3274];[-0.6226];6562.94583;1;0;[0.3333];[-0.6167];6561.90649;400),(297767.55953;[0.5415];[-0.4085];9617.42602;1;0;[0.5375];[-0.4125];9628.96946;400),(299808.36582;[0.6275];[-0.3225];9221.41076;1;0;[0.6257];[-0.3243];9212.93481;400),(301828.86219;[0.6866];[-0.2634];8827.74316;1;0;[0.6827];[-0.2673];8820.16763;400),(303966.86363;[0.6864];[-0.2636];8434.02265;1;0;[0.6824];[-0.2676];8426.95263;400),(306489.25424;[0.6622];[-0.2878];7981.51265;1;0;[0.6597];[-0.2903];7978.22320;400),(308504.33016;[0.5556];[-0.3944];7297.04730;1;0;[0.552];[-0.398];7296.07604;400),(310442.15989;[0.3274];[-0.6226];6562.94583;1;0;[0.3333];[-0.6167];6561.90649;400),(311269.60015;[0.3274];[-0.6226];6562.94583;1;0;[0.3333];[-0.6167];6561.90649;400),(314128.45063;[0.5457];[-0.4043];9613.60531;1;0;[0.5416];[-0.4084];9624.98195;400),(315925.45843;[0.6334];[-0.3166];9213.25692;1;0;[0.6335];[-0.3165];9203.81234;400),(317741.96267;[0.6866];[-0.2634];8827.74316;1;0;[0.6827];[-0.2673];8820.16763;400),(319569.06199;[0.6864];[-0.2636];8434.02265;1;0;[0.6824];[-0.2676];8426.95263;400),(321363.64150;[0.6622];[-0.2878];7981.51265;1;0;[0.6597];[-0.2903];7978.22320;400),(322945.54734;[0.5556];[-0.3944];7297.04730;1;0;[0.552];[-0.398];7296.07604;400),(324498.71683;[0.3274];[-0.6226];6562.94583;1;0;[0.3333];[-0.6167];6561.90649;400),(325360.32152;[0.3274];[-0.6226];6562.94583;1;0;[0.3333];[-0.6167];6561.90649;400),(327454.87142;[0.5457];[-0.4043];9613.60531;1;0;[0.5416];[-0.4084];9624.98195;400),(329123.89326;[0.6334];[-0.3166];9213.25692;1;0;[0.6335];[-0.3165];9203.81234;400),(331011.12008;[0.6865];[-0.2635];8827.60284;1;0;[0.6827];[-0.2673];8820.03068;400),(332991.55521;[0.6864];[-0.2636];8434.02265;1;0;[0.6824];[-0.2676];8426.95263;400),(334736.65333;[0.6622];[-0.2878];7981.51265;1;0;[0.6597];[-0.2903];7978.22320;400),(336250.34165;[0.5556];[-0.3944];7297.04730;1;0;[0.552];[-0.398];7296.07604;400),(337953.58944;[0.3274];[-0.6226];6562.94583;1;0;[0.3333];[-0.6167];6561.90649;400),(338784.62410;[0.3274];[-0.6226];6562.94583;1;0;[0.3333];[-0.6167];6561.90649;400),(340834.28526;[0.5476];[-0.4024];9605.20979;1;0;[0.5429];[-0.4071];9616.39713;400),(342509.81092;[0.6334];[-0.3166];9213.25692;1;0;[0.6335];[-0.3165];9203.81234;400),(344076.96128;[0.6866];[-0.2634];8827.74316;1;0;[0.6827];[-0.2673];8820.16763;400),(345760.47850;[0.6864];[-0.2636];8434.02265;1;0;[0.6824];[-0.2676];8426.95263;400),(347456.76851;[0.6622];[-0.2878];7981.51265;1;0;[0.6597];[-0.2903];7978.22320;400),(348899.78957;[0.5556];[-0.3944];7297.04730;1;0;[0.552];[-0.398];7296.07604;400),(350547.93358;[0.3274];[-0.6226];6562.94583;1;0;[0.3333];[-0.6167];6561.90649;400),(351437.22796;[0.3274];[-0.6226];6562.94583;1;0;[0.3333];[-0.6167];6561.90649;400),(353581.14171;[0.5476];[-0.4024];9605.20979;1;0;[0.5429];[-0.4071];9616.39713;400),(355032.96661;[0.6334];[-0.3166];9213.25692;1;0;[0.6335];[-0.3165];9203.81234;400),(356681.93769;[0.6866];[-0.2634];8827.74316;1;0;[0.6827];[-0.2673];8820.16763;400),(358449.09120;[0.6864];[-0.2636];8434.02265;1;0;[0.6824];[-0.2676];8426.95263;400),(360028.30791;[0.6622];[-0.2878];7981.51265;1;0;[0.6597];[-0.2903];7978.22320;400),(361477.31066;[0.5556];[-0.3944];7297.04730;1;0;[0.552];[-0.398];7296.07604;400),(363165.27915;[0.3274];[-0.6226];6562.94583;1;0;[0.3333];[-0.6167];6561.90649;400),(363977.08011;[0.3274];[-0.6226];6562.94583;1;0;[0.3333];[-0.6167];6561.90649;400),(365919.63744;[0.5474];[-0.4026];9602.03892;1;0;[0.5427];[-0.4073];9613.21647;400),(367404.04868;[0.6299];[-0.3201];9210.58367;1;0;[0.6281];[-0.3219];9201.67539;400),(369400.59376;[0.6861];[-0.2639];8822.78385;1;0;[0.6819];[-0.2681];8815.08386;400),(371135.21552;[0.6864];[-0.2636];8434.02265;1;0;[0.6824];[-0.2676];8426.95263;400),(372704.02956;[0.6622];[-0.2878];7981.51265;1;0;[0.6597];[-0.2903];7978.22320;400),(374638.14354;[0.5556];[-0.3944];7297.04730;1;0;[0.552];[-0.398];7296.07604;400),(376103.96457;[0.3274];[-0.6226];6562.94583;1;0;[0.3333];[-0.6167];6561.90649;400),(376972.28193;[0.3274];[-0.6226];6562.94583;1;0;[0.3333];[-0.6167];6561.90649;400),(378976.47238;[0.5474];[-0.4026];9602.03892;1;0;[0.5427];[-0.4073];9613.21647;400),(380478.00946;[0.6299];[-0.3201];9210.58367;1;0;[0.6281];[-0.3219];9201.67539;400),(382325.49763;[0.6861];[-0.2639];8822.78385;1;0;[0.6819];[-0.2681];8815.08386;400),(384105.23462;[0.6864];[-0.2636];8434.02265;1;0;[0.6824];[-0.2676];8426.95263;400),(385803.25294;[0.6627];[-0.2873];7981.57449;1;0;[0.6604];[-0.2896];7978.30358;400),(387357.17940;[0.5556];[-0.3944];7297.04730;1;0;[0.552];[-0.398];7296.07604;400),(388852.95796;[0.3274];[-0.6226];6562.94583;1;0;[0.3333];[-0.6167];6561.90649;400),(389700.32310;[0.3274];[-0.6226];6562.94583;1;0;[0.3333];[-0.6167];6561.90649;400),(391301.57113;[0.5476];[-0.4024];9597.85782;1;0;[0.5431];[-0.4069];9608.63101;400),(392956.84075;[0.6299];[-0.3201];9210.58367;1;0;[0.6281];[-0.3219];9201.67539;400),(394836.18712;[0.6861];[-0.2639];8822.78385;1;0;[0.6819];[-0.2681];8815.08386;400),(396793.67137;[0.6864];[-0.2636];8434.02265;1;0;[0.6824];[-0.2676];8426.95263;400),(398472.46766;[0.6622];[-0.2878];7981.51265;1;0;[0.6597];[-0.2903];7978.22320;400),(400077.88968;[0.5556];[-0.3944];7297.04730;1;0;[0.552];[-0.398];7296.07604;400),(401566.75935;[0.3274];[-0.6226];6562.94583;1;0;[0.3333];[-0.6167];6561.90649;400),(402451.89023;[0.3274];[-0.6226];6562.94583;1;0;[0.3333];[-0.6167];6561.90649;400),(404033.68068;[0.5476];[-0.4024];9597.85782;1;0;[0.5431];[-0.4069];9608.63101;400),(405482.09071;[0.6299];[-0.3201];9210.58367;1;0;[0.6281];[-0.3219];9201.67539;400),(407500.18692;[0.6861];[-0.2639];8822.78385;1;0;[0.6819];[-0.2681];8815.08386;400),(409239.05158;[0.6864];[-0.2636];8434.02265;1;0;[0.6824];[-0.2676];8426.95263;400),(410814.06331;[0.6622];[-0.2878];7981.51265;1;0;[0.6597];[-0.2903];7978.22320;400),(412299.38722;[0.5556];[-0.3944];7297.04730;1;0;[0.552];[-0.398];7296.07604;400),(413735.45671;[0.3274];[-0.6226];6562.94583;1;0;[0.3333];[-0.6167];6561.90649;400),(414499.23372;[0.3274];[-0.6226];6562.94583;1;0;[0.3333];[-0.6167];6561.90649;400),(416488.41643;[0.5529];[-0.3971];9592.72255;1;0;[0.5472];[-0.4028];9604.31015;400),(418287.66108;[0.6365];[-0.3135];9199.18397;1;0;[0.6366];[-0.3134];9188.82150;400),(420266.92462;[0.6861];[-0.2639];8822.78385;1;0;[0.6819];[-0.2681];8815.08386;400),(421923.40398;[0.6864];[-0.2636];8434.02265;1;0;[0.6824];[-0.2676];8426.95263;400),(423516.13474;[0.6622];[-0.2878];7981.51265;1;0;[0.6597];[-0.2903];7978.22320;400),(425171.30470;[0.5556];[-0.3944];7297.04730;1;0;[0.552];[-0.398];7296.07604;400),(426913.00392;[0.3274];[-0.6226];6562.94583;1;0;[0.3333];[-0.6167];6561.90649;400),(427648.23413;[0.3274];[-0.6226];6562.94583;1;0;[0.3333];[-0.6167];6561.90649;400),(429791.09430;[0.5529];[-0.3971];9592.72255;1;0;[0.5472];[-0.4028];9604.31015;400),(431458.05335;[0.6365];[-0.3135];9199.18397;1;0;[0.6366];[-0.3134];9188.82150;400),(433506.73699;[0.6861];[-0.2639];8822.78385;1;0;[0.6819];[-0.2681];8815.08386;400),(435494.55023;[0.6864];[-0.2636];8434.02265;1;0;[0.6824];[-0.2676];8426.95263;400),(437223.39678;[0.6622];[-0.2878];7981.51265;1;0;[0.6597];[-0.2903];7978.22320;400),(438736.21154;[0.5556];[-0.3944];7297.04730;1;0;[0.552];[-0.398];7296.07604;400),(440483.64449;[0.3274];[-0.6226];6562.94583;1;0;[0.3333];[-0.6167];6561.90649;400),(441250.34976;[0.3274];[-0.6226];6562.94583;1;0;[0.3333];[-0.6167];6561.90649;400),(443099.67256;[0.5492];[-0.4008];9586.61516;1;0;[0.5444];[-0.4056];9596.86984;400),(444828.71222;[0.6365];[-0.3135];9199.18397;1;0;[0.6366];[-0.3134];9188.82150;400),(447042.07158;[0.6861];[-0.2639];8822.78385;1;0;[0.6819];[-0.2681];8815.08386;400),(448754.35376;[0.6864];[-0.2636];8434.02265;1;0;[0.6824];[-0.2676];8426.95263;400),(450591.93063;[0.6622];[-0.2878];7981.51265;1;0;[0.6597];[-0.2903];7978.22320;400),(452344.74540;[0.5556];[-0.3944];7297.04730;1;0;[0.552];[-0.398];7296.07604;400),(454137.79831;[0.3274];[-0.6226];6562.94583;1;0;[0.3333];[-0.6167];6561.90649;400),(454947.07274;[0.3274];[-0.6226];6562.94583;1;0;[0.3333];[-0.6167];6561.90649;400),(456701.36666;[0.5492];[-0.4008];9586.61516;1;0;[0.5444];[-0.4056];9596.86984;400),(458350.19708;[0.6365];[-0.3135];9199.18397;1;0;[0.6366];[-0.3134];9188.82150;400),(460203.00269;[0.6861];[-0.2639];8822.78385;1;0;[0.6819];[-0.2681];8815.08386;400),(462089.23173;[0.6864];[-0.2636];8434.02265;1;0;[0.6824];[-0.2676];8426.95263;400),(463825.72150;[0.6622];[-0.2878];7981.51265;1;0;[0.6597];[-0.2903];7978.22320;400),(465573.38810;[0.5556];[-0.3944];7297.04730;1;0;[0.552];[-0.398];7296.07604;400),(467193.73393;[0.3274];[-0.6226];6562.94583;1;0;[0.3333];[-0.6167];6561.90649;400),(467994.01164;[0.3274];[-0.6226];6562.94583;1;0;[0.3333];[-0.6167];6561.90649;400),(469838.56702;[0.5523];[-0.3977];9583.92230;1;0;[0.5472];[-0.4028];9594.73281;400),(471373.17491;[0.632];[-0.318];9198.10636;1;0;[0.6319];[-0.3181];9188.20090;400),(473175.59862;[0.6892];[-0.2608];8801.03914;1;0;[0.6848];[-0.2652];8794.21950;400),(474634.82738;[0.6913];[-0.2587];8414.29118;1;0;[0.6881];[-0.2619];8408.20300;400),(476657.88984;[0.6623];[-0.2877];7974.68760;1;0;[0.66];[-0.29];7971.37681;400),(478349.38741;[0.5556];[-0.3944];7297.04730;1;0;[0.552];[-0.398];7296.07604;400),(480087.43072;[0.3274];[-0.6226];6562.94583;1;0;[0.3333];[-0.6167];6561.90649;400),(480999.53723;[0.3274];[-0.6226];6562.94583;1;0;[0.3333];[-0.6167];6561.90649;400),(482744.43078;[0.5523];[-0.3977];9583.92230;1;0;[0.5472];[-0.4028];9594.73281;400),(484377.47979;[0.632];[-0.318];9198.10636;1;0;[0.6319];[-0.3181];9188.20090;400),(486138.34429;[0.6892];[-0.2608];8801.03914;1;0;[0.6848];[-0.2652];8794.21950;400),(487815.82308;[0.6913];[-0.2587];8414.29118;1;0;[0.6881];[-0.2619];8408.20300;400),(489364.12287;[0.6623];[-0.2877];7974.68760;1;0;[0.66];[-0.29];7971.37681;400),(491272.96019;[0.5556];[-0.3944];7297.04730;1;0;[0.552];[-0.398];7296.07604;400),(492813.96651;[0.3274];[-0.6226];6562.94583;1;0;[0.3333];[-0.6167];6561.90649;400),(493597.38708;[0.3274];[-0.6226];6562.94583;1;0;[0.3333];[-0.6167];6561.90649;400),(495406.08621;[0.5583];[-0.3917];9573.24918;1;0;[0.554];[-0.396];9578.94211;400),(496850.73137;[0.632];[-0.318];9198.10636;1;0;[0.6319];[-0.3181];9188.20090;400),(498758.54230;[0.6892];[-0.2608];8801.03914;1;0;[0.6848];[-0.2652];8794.21950;400),(500231.84252;[0.6913];[-0.2587];8414.29118;1;0;[0.6881];[-0.2619];8408.20300;400),(501770.91527;[0.6623];[-0.2877];7974.68760;1;0;[0.66];[-0.29];7971.37681;400),(503584.18417;[0.5556];[-0.3944];7297.04730;1;0;[0.552];[-0.398];7296.07604;400),(505317.57569;[0.3274];[-0.6226];6562.94583;1;0;[0.3333];[-0.6167];6561.90649;400),(506102.74577;[0.3274];[-0.6226];6562.94583;1;0;[0.3333];[-0.6167];6561.90649;400),(507850.56591;[0.5583];[-0.3917];9573.24918;1;0;[0.554];[-0.396];9578.94211;400),(509543.60986;[0.632];[-0.318];9198.10636;1;0;[0.6319];[-0.3181];9188.20090;400),(511051.24831;[0.6892];[-0.2608];8801.03914;1;0;[0.6848];[-0.2652];8794.21950;400),(512582.71956;[0.6913];[-0.2587];8414.29118;1;0;[0.6881];[-0.2619];8408.20300;400),(514238.33418;[0.6623];[-0.2877];7974.68760;1;0;[0.66];[-0.29];7971.37681;400),(515836.91716;[0.5556];[-0.3944];7297.04730;1;0;[0.552];[-0.398];7296.07604;400),(517428.24697;[0.3274];[-0.6226];6562.94583;1;0;[0.3333];[-0.6167];6561.90649;400),(518117.69509;[0.3274];[-0.6226];6562.94583;1;0;[0.3333];[-0.6167];6561.90649;400),(520004.37641;[0.5583];[-0.3917];9573.24918;1;0;[0.554];[-0.396];9578.94211;400),(521782.36747;[0.6394];[-0.3106];9183.89191;1;0;[0.6394];[-0.3106];9172.76240;400),(523321.80119;[0.6892];[-0.2608];8801.03914;1;0;[0.6848];[-0.2652];8794.21950;400),(524946.06256;[0.6913];[-0.2587];8414.29118;1;0;[0.6881];[-0.2619];8408.20300;400),(526478.05119;[0.6623];[-0.2877];7974.68760;1;0;[0.66];[-0.29];7971.37681;400),(527989.55917;[0.5556];[-0.3944];7297.04730;1;0;[0.552];[-0.398];7296.07604;400),(529806.00262;[0.3274];[-0.6226];6562.94583;1;0;[0.3333];[-0.6167];6561.90649;400),(530548.97356;[0.3274];[-0.6226];6562.94583;1;0;[0.3333];[-0.6167];6561.90649;400),(532390.68675;[0.5583];[-0.3917];9573.24918;1;0;[0.554];[-0.396];9578.94211;400),(534239.36009;[0.6394];[-0.3106];9183.89191;1;0;[0.6394];[-0.3106];9172.76240;400),(535870.55111;[0.6892];[-0.2608];8801.03914;1;0;[0.6848];[-0.2652];8794.21950;400),(537364.51411;[0.6913];[-0.2587];8414.29118;1;0;[0.6881];[-0.2619];8408.20300;400),(539289.96801;[0.6623];[-0.2877];7974.68760;1;0;[0.66];[-0.29];7971.37681;400),(541432.29580;[0.5556];[-0.3944];7297.04730;1;0;[0.552];[-0.398];7296.07604;400),(543180.92084;[0.3274];[-0.6226];6562.94583;1;0;[0.3333];[-0.6167];6561.90649;400),(543950.50120;[0.3274];[-0.6226];6562.94583;1;0;[0.3333];[-0.6167];6561.90649;400),(546022.13097;[0.5583];[-0.3917];9573.24918;1;0;[0.554];[-0.396];9578.94211;400),(547893.57281;[0.6394];[-0.3106];9183.89191;1;0;[0.6394];[-0.3106];9172.76240;400),(549578.58777;[0.6892];[-0.2608];8801.03914;1;0;[0.6848];[-0.2652];8794.21950;400),(551012.87818;[0.6913];[-0.2587];8414.29118;1;0;[0.6881];[-0.2619];8408.20300;400),(552757.57027;[0.6623];[-0.2877];7974.68760;1;0;[0.66];[-0.29];7971.37681;400),(554373.64554;[0.5556];[-0.3944];7297.04730;1;0;[0.552];[-0.398];7296.07604;400),(555900.33555;[0.3274];[-0.6226];6562.94583;1;0;[0.3333];[-0.6167];6561.90649;400),(556660.60901;[0.3274];[-0.6226];6562.94583;1;0;[0.3333];[-0.6167];6561.90649;400),(558930.99332;[0.5583];[-0.3917];9573.24918;1;0;[0.554];[-0.396];9578.94211;400),(560711.63321;[0.6394];[-0.3106];9183.89191;1;0;[0.6394];[-0.3106];9172.76240;400),(562440.93776;[0.6892];[-0.2608];8801.03914;1;0;[0.6848];[-0.2652];8794.21950;400),(564026.87430;[0.6913];[-0.2587];8414.29118;1;0;[0.6881];[-0.2619];8408.20300;400),(565501.48749;[0.6623];[-0.2877];7974.68760;1;0;[0.66];[-0.29];7971.37681;400),(566988.40308;[0.5556];[-0.3944];7297.04730;1;0;[0.552];[-0.398];7296.07604;400),(568547.64867;[0.3274];[-0.6226];6562.94583;1;0;[0.3333];[-0.6167];6561.90649;400),(569256.48642;[0.3274];[-0.6226];6562.94583;1;0;[0.3333];[-0.6167];6561.90649;400),(571001.50371;[0.5583];[-0.3917];9573.24918;1;0;[0.554];[-0.396];9578.94211;400),(572369.17162;[0.6345];[-0.3155];9183.14958;1;0;[0.6349];[-0.3151];9172.29788;400),(574318.50791;[0.6887];[-0.2613];8793.10328;1;0;[0.685];[-0.265];8786.22239;400),(575770.07890;[0.6913];[-0.2587];8414.29118;1;0;[0.6881];[-0.2619];8408.20300;400),(577292.18936;[0.6623];[-0.2877];7974.68760;1;0;[0.66];[-0.29];7971.37681;400),(578739.13455;[0.5556];[-0.3944];7297.04730;1;0;[0.552];[-0.398];7296.07604;400),(580313.15112;[0.3274];[-0.6226];6562.94583;1;0;[0.3333];[-0.6167];6561.90649;400),(581070.81294;[0.3274];[-0.6226];6562.94583;1;0;[0.3333];[-0.6167];6561.90649;400),(582713.42206;[0.5583];[-0.3917];9573.24918;1;0;[0.554];[-0.396];9578.94211;400),(584326.75052;[0.6345];[-0.3155];9183.14958;1;0;[0.6349];[-0.3151];9172.29788;400),(586157.23324;[0.6887];[-0.2613];8793.10328;1;0;[0.685];[-0.265];8786.22239;400),(587456.14672;[0.6913];[-0.2587];8414.29118;1;0;[0.6881];[-0.2619];8408.20300;400),(588970.54100;[0.6623];[-0.2877];7974.68760;1;0;[0.66];[-0.29];7971.37681;400),(590380.68581;[0.5556];[-0.3944];7297.04730;1;0;[0.552];[-0.398];7296.07604;400),(591831.14576;[0.3274];[-0.6226];6562.94583;1;0;[0.3333];[-0.6167];6561.90649;400),(592506.11138;[0.3274];[-0.6226];6562.94583;1;0;[0.3333];[-0.6167];6561.90649;400),(594121.12260;[0.5583];[-0.3917];9573.24918;1;0;[0.554];[-0.396];9578.94211;400),(595490.62824;[0.6345];[-0.3155];9183.14958;1;0;[0.6349];[-0.3151];9172.29788;400),(597175.86470;[0.6887];[-0.2613];8793.10328;1;0;[0.685];[-0.265];8786.22239;400),(598528.64122;[0.6913];[-0.2587];8414.29118;1;0;[0.6881];[-0.2619];8408.20300;400),(600003.64208;[0.6623];[-0.2877];7974.68760;1;0;[0.66];[-0.29];7971.37681;400)]"
5,7,8322.247645577167,0.86124,1,0,[0.6853],[-0.2647],600113.4979724884,"[(3903.06568;[0.5299];[-0.4201];9639.96397;1;0;[0.5299];[-0.4201];9639.96397;100),(5650.99335;[0.5299];[-0.4201];9639.96397;1;0;[0.5299];[-0.4201];9639.96397;100),(7866.64438;[0.5457];[-0.4043];9635.29162;1;0;[0.5457];[-0.4043];9635.29162;200),(8891.66403;[0.5457];[-0.4043];9635.29162;1;0;[0.5457];[-0.4043];9635.29162;200),(9874.55821;[0.5457];[-0.4043];9635.29162;1;0;[0.5457];[-0.4043];9635.29162;200),(10929.15821;[0.5457];[-0.4043];9635.29162;1;0;[0.5457];[-0.4043];9635.29162;200),(12052.48260;[0.5457];[-0.4043];9635.29162;1;0;[0.5457];[-0.4043];9635.29162;200),(13665.38739;[0.5632];[-0.3868];9602.26053;1;0;[0.5632];[-0.3868];9602.26053;200),(14457.97634;[0.6853];[-0.2647];8322.24765;1;0;[0.6853];[-0.2647];8322.24765;200),(14831.67720;[0.6196];[-0.3304];7658.55398;1;0;[0.6196];[-0.3304];7658.55398;200),(15357.73373;[0.5513];[-0.3987];7293.57381;1;0;[0.5513];[-0.3987];7293.57381;200),(15791.87489;[0.4926];[-0.4574];7043.71501;1;0;[0.4926];[-0.4574];7043.71501;200),(16260.31399;[0.3446];[-0.6054];6605.88047;1;0;[0.3446];[-0.6054];6605.88047;200),(16798.66028;[0.3405];[-0.6095];6590.80308;1;0;[0.3405];[-0.6095];6590.80308;200),(17277.66299;[0.3378];[-0.6122];6579.87582;1;0;[0.3378];[-0.6122];6579.87582;200),(17612.51950;[0.3342];[-0.6158];6564.14933;1;0;[0.3342];[-0.6158];6564.14933;200),(18278.64909;[0.3342];[-0.6158];6564.14933;1;0;[0.3342];[-0.6158];6564.14933;200),(18767.30490;[0.3333];[-0.6167];6557.14945;1;0;[0.3333];[-0.6167];6557.14945;200),(20565.96231;[0.6038];[-0.3462];9564.49246;1;0;[0.6038];[-0.3462];9564.49246;200),(22229.72465;[0.6334];[-0.3166];9202.73816;1;0;[0.6334];[-0.3166];9202.73816;200),(23587.57782;[0.6827];[-0.2673];8820.16763;1;0;[0.6827];[-0.2673];8820.16763;200),(24998.28911;[0.6807];[-0.2693];8223.35813;1;0;[0.6807];[-0.2693];8223.35813;200),(26515.76185;[0.5526];[-0.3974];7296.98460;1;0;[0.5526];[-0.3974];7296.98460;200),(28969.14911;[0.3333];[-0.6167];6557.14945;1;0;[0.3333];[-0.6167];6557.14945;200),(30938.42793;[0.6038];[-0.3462];9564.49246;1;0;[0.6038];[-0.3462];9564.49246;200),(32233.28781;[0.6298];[-0.3202];9214.69867;1;0;[0.6298];[-0.3202];9214.69867;200),(33700.91176;[0.6785];[-0.2715];8844.86082;1;0;[0.6785];[-0.2715];8844.86082;200),(35329.39768;[0.6845];[-0.2655];8317.54199;1;0;[0.6845];[-0.2655];8317.54199;200),(36930.62234;[0.6001];[-0.3499];7509.24039;1;0;[0.6001];[-0.3499];7509.24039;200),(39252.71583;[0.5011];[-0.4489];7080.25404;1;0;[0.5011];[-0.4489];7080.25404;200),(39710.06632;[0.4337];[-0.5163];6854.41131;1;0;[0.4337];[-0.5163];6854.41131;200),(40267.87519;[0.4266];[-0.5234];6826.12008;1;0;[0.4266];[-0.5234];6826.12008;200),(41133.51440;[0.3418];[-0.6082];6594.56761;1;0;[0.3418];[-0.6082];6594.56761;200),(41492.23804;[0.3395];[-0.6105];6586.23283;1;0;[0.3395];[-0.6105];6586.23283;200),(41913.49936;[0.3378];[-0.6122];6579.87582;1;0;[0.3378];[-0.6122];6579.87582;200),(42621.43993;[0.3342];[-0.6158];6564.14933;1;0;[0.3342];[-0.6158];6564.14933;200),(43060.46271;[0.3342];[-0.6158];6564.14933;1;0;[0.3342];[-0.6158];6564.14933;200),(43546.89980;[0.3342];[-0.6158];6564.14933;1;0;[0.3342];[-0.6158];6564.14933;200),(44895.05219;[0.61];[-0.34];9556.55190;1;0;[0.61];[-0.34];9556.55190;200),(46162.26482;[0.6241];[-0.3259];9200.27453;1;0;[0.6241];[-0.3259];9200.27453;200),(47272.17388;[0.6792];[-0.2708];8843.27410;1;0;[0.6792];[-0.2708];8843.27410;200),(48691.13779;[0.6853];[-0.2647];8322.24765;1;0;[0.6853];[-0.2647];8322.24765;200),(49967.79680;[0.6186];[-0.3314];7652.33152;1;0;[0.6186];[-0.3314];7652.33152;200),(51198.82011;[0.3342];[-0.6158];6564.14933;1;0;[0.3342];[-0.6158];6564.14933;200),(51818.10498;[0.3342];[-0.6158];6564.14933;1;0;[0.3342];[-0.6158];6564.14933;200),(53101.87912;[0.61];[-0.34];9556.55190;1;0;[0.61];[-0.34];9556.55190;200),(54408.96487;[0.6241];[-0.3259];9200.27453;1;0;[0.6241];[-0.3259];9200.27453;200),(55828.72033;[0.6792];[-0.2708];8843.27410;1;0;[0.6792];[-0.2708];8843.27410;200),(57311.36179;[0.6853];[-0.2647];8322.24765;1;0;[0.6853];[-0.2647];8322.24765;200),(58390.77067;[0.6186];[-0.3314];7652.33152;1;0;[0.6186];[-0.3314];7652.33152;200),(59499.12190;[0.3342];[-0.6158];6564.14933;1;0;[0.3342];[-0.6158];6564.14933;200),(61682.95360;[0.6162];[-0.3338];9541.71829;1;0;[0.6162];[-0.3338];9541.71829;200),(63105.80182;[0.6241];[-0.3259];9200.27453;1;0;[0.6241];[-0.3259];9200.27453;200),(64121.49715;[0.6792];[-0.2708];8843.27410;1;0;[0.6792];[-0.2708];8843.27410;200),(65731.34637;[0.6853];[-0.2647];8322.24765;1;0;[0.6853];[-0.2647];8322.24765;200),(67266.77251;[0.6186];[-0.3314];7652.33152;1;0;[0.6186];[-0.3314];7652.33152;200),(69408.89573;[0.5017];[-0.4483];7084.59227;1;0;[0.5017];[-0.4483];7084.59227;200),(70030.92146;[0.4337];[-0.5163];6854.41131;1;0;[0.4337];[-0.5163];6854.41131;200),(70385.18167;[0.4263];[-0.5237];6825.64028;1;0;[0.4263];[-0.5237];6825.64028;200),(70717.30638;[0.3392];[-0.6108];6585.96412;1;0;[0.3392];[-0.6108];6585.96412;200),(71216.95900;[0.3378];[-0.6122];6579.87582;1;0;[0.3378];[-0.6122];6579.87582;200),(71786.72385;[0.3342];[-0.6158];6564.14933;1;0;[0.3342];[-0.6158];6564.14933;200),(73578.51601;[0.6157];[-0.3343];9533.34939;1;0;[0.6157];[-0.3343];9533.34939;200),(74856.33063;[0.6228];[-0.3272];9180.66590;1;0;[0.6228];[-0.3272];9180.66590;200),(78445.22429;[0.536];[-0.414];9646.08017;1;0;[0.536];[-0.414];9646.08017;400),(80241.19067;[0.536];[-0.414];9646.08017;1;0;[0.536];[-0.414];9646.08017;400),(82190.61852;[0.536];[-0.414];9646.08017;1;0;[0.536];[-0.414];9646.08017;400),(84004.69637;[0.536];[-0.414];9646.08017;1;0;[0.536];[-0.414];9646.08017;400),(85762.25019;[0.536];[-0.414];9646.08017;1;0;[0.536];[-0.414];9646.08017;400),(88362.21313;[0.5321];[-0.4179];9648.84021;1;0;[0.5321];[-0.4179];9648.84021;400),(90258.07476;[0.5321];[-0.4179];9648.84021;1;0;[0.5321];[-0.4179];9648.84021;400),(90875.82064;[0.6744];[-0.2756];8195.05155;1;0;[0.6744];[-0.2756];8195.05155;400),(91329.90408;[0.5564];[-0.3936];7302.04204;1;0;[0.5564];[-0.3936];7302.04204;400),(92070.41168;[0.3469];[-0.6031];6612.39030;1;0;[0.3469];[-0.6031];6612.39030;400),(92458.90236;[0.3392];[-0.6108];6585.96412;1;0;[0.3392];[-0.6108];6585.96412;400),(93001.29890;[0.2294];[-0.7206];6314.77761;1;0;[0.2294];[-0.7206];6314.77761;400),(93478.37496;[0.2275];[-0.7225];6313.30465;1;0;[0.2275];[-0.7225];6313.30465;400),(93901.52383;[0.2275];[-0.7225];6313.30465;1;0;[0.2275];[-0.7225];6313.30465;400),(94199.55659;[0.2275];[-0.7225];6313.30465;1;0;[0.2275];[-0.7225];6313.30465;400),(96003.73650;[0.5358];[-0.4142];9641.42662;1;0;[0.5358];[-0.4142];9641.42662;400),(98016.19720;[0.6041];[-0.3459];9272.35896;1;0;[0.6041];[-0.3459];9272.35896;400),(99963.64975;[0.6693];[-0.2807];8907.95807;1;0;[0.6693];[-0.2807];8907.95807;400),(101892.07506;[0.6844];[-0.2656];8388.81214;1;0;[0.6844];[-0.2656];8388.81214;400),(104005.41234;[0.6423];[-0.3077];7821.42477;1;0;[0.6423];[-0.3077];7821.42477;400),(106415.35711;[0.5025];[-0.4475];7086.22863;1;0;[0.5025];[-0.4475];7086.22863;400),(108526.15428;[0.2275];[-0.7225];6313.30465;1;0;[0.2275];[-0.7225];6313.30465;400),(109397.18246;[0.2275];[-0.7225];6313.30465;1;0;[0.2275];[-0.7225];6313.30465;400),(111376.80674;[0.5358];[-0.4142];9641.42662;1;0;[0.5358];[-0.4142];9641.42662;400),(113223.29164;[0.6041];[-0.3459];9272.35896;1;0;[0.6041];[-0.3459];9272.35896;400),(115202.82984;[0.6693];[-0.2807];8907.95807;1;0;[0.6693];[-0.2807];8907.95807;400),(117147.43137;[0.6844];[-0.2656];8388.81214;1;0;[0.6844];[-0.2656];8388.81214;400),(119875.10705;[0.6423];[-0.3077];7821.42477;1;0;[0.6423];[-0.3077];7821.42477;400),(121984.67541;[0.5025];[-0.4475];7086.22863;1;0;[0.5025];[-0.4475];7086.22863;400),(123688.17306;[0.2275];[-0.7225];6313.30465;1;0;[0.2275];[-0.7225];6313.30465;400),(124462.82363;[0.2275];[-0.7225];6313.30465;1;0;[0.2275];[-0.7225];6313.30465;400),(126372.03026;[0.5358];[-0.4142];9641.42662;1;0;[0.5358];[-0.4142];9641.42662;400),(128545.51792;[0.6054];[-0.3446];9267.35570;1;0;[0.6054];[-0.3446];9267.35570;400),(130152.13704;[0.6693];[-0.2807];8907.95807;1;0;[0.6693];[-0.2807];8907.95807;400),(132293.59555;[0.6844];[-0.2656];8388.81214;1;0;[0.6844];[-0.2656];8388.81214;400),(134355.34191;[0.6423];[-0.3077];7821.42477;1;0;[0.6423];[-0.3077];7821.42477;400),(136422.61434;[0.5025];[-0.4475];7086.22863;1;0;[0.5025];[-0.4475];7086.22863;400),(138260.10180;[0.2275];[-0.7225];6313.30465;1;0;[0.2275];[-0.7225];6313.30465;400),(138970.38865;[0.2275];[-0.7225];6313.30465;1;0;[0.2275];[-0.7225];6313.30465;400),(140878.22485;[0.5358];[-0.4142];9641.42662;1;0;[0.5358];[-0.4142];9641.42662;400),(143142.20190;[0.6054];[-0.3446];9267.35570;1;0;[0.6054];[-0.3446];9267.35570;400),(145305.37605;[0.6693];[-0.2807];8907.95807;1;0;[0.6693];[-0.2807];8907.95807;400),(147122.63203;[0.6844];[-0.2656];8388.81214;1;0;[0.6844];[-0.2656];8388.81214;400),(149088.59420;[0.6423];[-0.3077];7821.42477;1;0;[0.6423];[-0.3077];7821.42477;400),(151219.58494;[0.5025];[-0.4475];7086.22863;1;0;[0.5025];[-0.4475];7086.22863;400),(153264.25362;[0.2275];[-0.7225];6313.30465;1;0;[0.2275];[-0.7225];6313.30465;400),(154038.16700;[0.2275];[-0.7225];6313.30465;1;0;[0.2275];[-0.7225];6313.30465;400),(155895.09964;[0.5391];[-0.4109];9635.62207;1;0;[0.5391];[-0.4109];9635.62207;400),(158336.08532;[0.6054];[-0.3446];9267.35570;1;0;[0.6054];[-0.3446];9267.35570;400),(160456.88343;[0.6693];[-0.2807];8907.95807;1;0;[0.6693];[-0.2807];8907.95807;400),(162413.07402;[0.6844];[-0.2656];8388.81214;1;0;[0.6844];[-0.2656];8388.81214;400),(164194.27824;[0.6423];[-0.3077];7821.42477;1;0;[0.6423];[-0.3077];7821.42477;400),(166457.10731;[0.5025];[-0.4475];7086.22863;1;0;[0.5025];[-0.4475];7086.22863;400),(168005.72276;[0.2275];[-0.7225];6313.30465;1;0;[0.2275];[-0.7225];6313.30465;400),(168774.04022;[0.2275];[-0.7225];6313.30465;1;0;[0.2275];[-0.7225];6313.30465;400),(170942.36612;[0.5391];[-0.4109];9635.62207;1;0;[0.5391];[-0.4109];9635.62207;400),(173168.26344;[0.6054];[-0.3446];9267.35570;1;0;[0.6054];[-0.3446];9267.35570;400),(175188.84730;[0.6693];[-0.2807];8907.95807;1;0;[0.6693];[-0.2807];8907.95807;400),(177457.98016;[0.684];[-0.266];8383.63236;1;0;[0.684];[-0.266];8383.63236;400),(179117.14530;[0.6423];[-0.3077];7821.42477;1;0;[0.6423];[-0.3077];7821.42477;400),(181071.37322;[0.5025];[-0.4475];7086.22863;1;0;[0.5025];[-0.4475];7086.22863;400),(182849.50972;[0.2275];[-0.7225];6313.30465;1;0;[0.2275];[-0.7225];6313.30465;400),(183610.89897;[0.2275];[-0.7225];6313.30465;1;0;[0.2275];[-0.7225];6313.30465;400),(185572.01171;[0.5364];[-0.4136];9635.87502;1;0;[0.5364];[-0.4136];9635.87502;400),(187625.21338;[0.6076];[-0.3424];9262.31866;1;0;[0.6076];[-0.3424];9262.31866;400),(189474.37954;[0.6728];[-0.2772];8888.83048;1;0;[0.6728];[-0.2772];8888.83048;400),(191635.12135;[0.684];[-0.266];8383.63236;1;0;[0.684];[-0.266];8383.63236;400),(193310.11772;[0.6423];[-0.3077];7821.42477;1;0;[0.6423];[-0.3077];7821.42477;400),(195389.15229;[0.5025];[-0.4475];7086.22863;1;0;[0.5025];[-0.4475];7086.22863;400),(197336.20071;[0.2275];[-0.7225];6313.30465;1;0;[0.2275];[-0.7225];6313.30465;400),(197848.51050;[0.2275];[-0.7225];6313.30465;1;0;[0.2275];[-0.7225];6313.30465;400),(199702.47293;[0.5364];[-0.4136];9635.87502;1;0;[0.5364];[-0.4136];9635.87502;400),(201627.63047;[0.6076];[-0.3424];9262.31866;1;0;[0.6076];[-0.3424];9262.31866;400),(203608.87122;[0.6728];[-0.2772];8888.83048;1;0;[0.6728];[-0.2772];8888.83048;400),(205480.12233;[0.684];[-0.266];8383.63236;1;0;[0.684];[-0.266];8383.63236;400),(207184.01861;[0.6423];[-0.3077];7821.42477;1;0;[0.6423];[-0.3077];7821.42477;400),(208939.63623;[0.5025];[-0.4475];7086.22863;1;0;[0.5025];[-0.4475];7086.22863;400),(210886.18875;[0.2275];[-0.7225];6313.30465;1;0;[0.2275];[-0.7225];6313.30465;400),(211483.82425;[0.2275];[-0.7225];6313.30465;1;0;[0.2275];[-0.7225];6313.30465;400),(213324.60237;[0.5411];[-0.4089];9629.20500;1;0;[0.5411];[-0.4089];9629.20500;400),(215194.77582;[0.6076];[-0.3424];9262.31866;1;0;[0.6076];[-0.3424];9262.31866;400),(217106.00257;[0.6725];[-0.2775];8888.98036;1;0;[0.6725];[-0.2775];8888.98036;400),(219224.67542;[0.684];[-0.266];8383.63236;1;0;[0.684];[-0.266];8383.63236;400),(221168.86520;[0.6423];[-0.3077];7821.42477;1;0;[0.6423];[-0.3077];7821.42477;400),(223340.22808;[0.5025];[-0.4475];7086.22863;1;0;[0.5025];[-0.4475];7086.22863;400),(225164.62159;[0.2275];[-0.7225];6313.30465;1;0;[0.2275];[-0.7225];6313.30465;400),(225825.05250;[0.2275];[-0.7225];6313.30465;1;0;[0.2275];[-0.7225];6313.30465;400),(227468.68134;[0.5411];[-0.4089];9629.20500;1;0;[0.5411];[-0.4089];9629.20500;400),(229425.08483;[0.6076];[-0.3424];9262.31866;1;0;[0.6076];[-0.3424];9262.31866;400),(231666.62741;[0.6725];[-0.2775];8888.98036;1;0;[0.6725];[-0.2775];8888.98036;400),(233723.50025;[0.684];[-0.266];8383.63236;1;0;[0.684];[-0.266];8383.63236;400),(235291.62478;[0.6423];[-0.3077];7821.42477;1;0;[0.6423];[-0.3077];7821.42477;400),(237127.60806;[0.5025];[-0.4475];7086.22863;1;0;[0.5025];[-0.4475];7086.22863;400),(238992.07401;[0.2275];[-0.7225];6313.30465;1;0;[0.2275];[-0.7225];6313.30465;400),(239710.58679;[0.2275];[-0.7225];6313.30465;1;0;[0.2275];[-0.7225];6313.30465;400),(241517.39526;[0.5415];[-0.4085];9623.73385;1;0;[0.5415];[-0.4085];9623.73385;400),(243473.30141;[0.6076];[-0.3424];9262.31866;1;0;[0.6076];[-0.3424];9262.31866;400),(245317.24215;[0.6725];[-0.2775];8888.98036;1;0;[0.6725];[-0.2775];8888.98036;400),(247657.97186;[0.684];[-0.266];8383.63236;1;0;[0.684];[-0.266];8383.63236;400),(249520.69306;[0.6423];[-0.3077];7821.42477;1;0;[0.6423];[-0.3077];7821.42477;400),(251607.53131;[0.5025];[-0.4475];7086.22863;1;0;[0.5025];[-0.4475];7086.22863;400),(253248.62623;[0.2275];[-0.7225];6313.30465;1;0;[0.2275];[-0.7225];6313.30465;400),(253952.22330;[0.2275];[-0.7225];6313.30465;1;0;[0.2275];[-0.7225];6313.30465;400),(256696.75446;[0.5415];[-0.4085];9623.73385;1;0;[0.5415];[-0.4085];9623.73385;400),(258543.26582;[0.6076];[-0.3424];9262.31866;1;0;[0.6076];[-0.3424];9262.31866;400),(260536.70883;[0.6725];[-0.2775];8888.98036;1;0;[0.6725];[-0.2775];8888.98036;400),(262625.38290;[0.684];[-0.266];8383.63236;1;0;[0.684];[-0.266];8383.63236;400),(264399.90377;[0.6423];[-0.3077];7821.42477;1;0;[0.6423];[-0.3077];7821.42477;400),(266678.45011;[0.5025];[-0.4475];7086.22863;1;0;[0.5025];[-0.4475];7086.22863;400),(268839.64920;[0.2275];[-0.7225];6313.30465;1;0;[0.2275];[-0.7225];6313.30465;400),(269559.81398;[0.2275];[-0.7225];6313.30465;1;0;[0.2275];[-0.7225];6313.30465;400),(271494.59910;[0.5415];[-0.4085];9623.73385;1;0;[0.5415];[-0.4085];9623.73385;400),(273252.71440;[0.6076];[-0.3424];9262.31866;1;0;[0.6076];[-0.3424];9262.31866;400),(275282.66668;[0.6725];[-0.2775];8888.98036;1;0;[0.6725];[-0.2775];8888.98036;400),(277137.68148;[0.684];[-0.266];8383.63236;1;0;[0.684];[-0.266];8383.63236;400),(278669.67678;[0.6423];[-0.3077];7821.42477;1;0;[0.6423];[-0.3077];7821.42477;400),(280736.37748;[0.5025];[-0.4475];7086.22863;1;0;[0.5025];[-0.4475];7086.22863;400),(282530.17688;[0.2275];[-0.7225];6313.30465;1;0;[0.2275];[-0.7225];6313.30465;400),(283099.83110;[0.2275];[-0.7225];6313.30465;1;0;[0.2275];[-0.7225];6313.30465;400),(285129.01521;[0.5415];[-0.4085];9623.73385;1;0;[0.5415];[-0.4085];9623.73385;400),(286866.10150;[0.6076];[-0.3424];9262.31866;1;0;[0.6076];[-0.3424];9262.31866;400),(288764.97602;[0.6728];[-0.2772];8888.83048;1;0;[0.6728];[-0.2772];8888.83048;400),(290828.81927;[0.684];[-0.266];8383.63236;1;0;[0.684];[-0.266];8383.63236;400),(292787.79578;[0.6423];[-0.3077];7821.42477;1;0;[0.6423];[-0.3077];7821.42477;400),(294798.65718;[0.5025];[-0.4475];7086.22863;1;0;[0.5025];[-0.4475];7086.22863;400),(296526.09181;[0.2275];[-0.7225];6313.30465;1;0;[0.2275];[-0.7225];6313.30465;400),(297246.98901;[0.2275];[-0.7225];6313.30465;1;0;[0.2275];[-0.7225];6313.30465;400),(299468.02115;[0.5454];[-0.4046];9616.97979;1;0;[0.5454];[-0.4046];9616.97979;400),(301440.06586;[0.6141];[-0.3359];9254.45196;1;0;[0.6141];[-0.3359];9254.45196;400),(303347.01824;[0.6724];[-0.2776];8884.70363;1;0;[0.6724];[-0.2776];8884.70363;400),(305618.03293;[0.682];[-0.268];8347.91635;1;0;[0.682];[-0.268];8347.91635;400),(307336.70402;[0.6423];[-0.3077];7821.42477;1;0;[0.6423];[-0.3077];7821.42477;400),(309264.63103;[0.5025];[-0.4475];7086.22863;1;0;[0.5025];[-0.4475];7086.22863;400),(310927.38271;[0.2275];[-0.7225];6313.30465;1;0;[0.2275];[-0.7225];6313.30465;400),(311480.18265;[0.2275];[-0.7225];6313.30465;1;0;[0.2275];[-0.7225];6313.30465;400),(313481.20165;[0.5454];[-0.4046];9616.97979;1;0;[0.5454];[-0.4046];9616.97979;400),(315333.43816;[0.6141];[-0.3359];9254.45196;1;0;[0.6141];[-0.3359];9254.45196;400),(317231.80318;[0.6724];[-0.2776];8884.70363;1;0;[0.6724];[-0.2776];8884.70363;400),(319244.69090;[0.682];[-0.268];8347.91635;1;0;[0.682];[-0.268];8347.91635;400),(321081.31027;[0.6423];[-0.3077];7821.42477;1;0;[0.6423];[-0.3077];7821.42477;400),(322931.89526;[0.5025];[-0.4475];7086.22863;1;0;[0.5025];[-0.4475];7086.22863;400),(324488.42263;[0.2275];[-0.7225];6313.30465;1;0;[0.2275];[-0.7225];6313.30465;400),(325073.50588;[0.2275];[-0.7225];6313.30465;1;0;[0.2275];[-0.7225];6313.30465;400),(327279.51455;[0.5429];[-0.4071];9613.20928;1;0;[0.5429];[-0.4071];9613.20928;400),(329394.08898;[0.6141];[-0.3359];9254.45196;1;0;[0.6141];[-0.3359];9254.45196;400),(330970.07251;[0.6724];[-0.2776];8884.70363;1;0;[0.6724];[-0.2776];8884.70363;400),(332838.49978;[0.682];[-0.268];8347.91635;1;0;[0.682];[-0.268];8347.91635;400),(334477.67901;[0.6423];[-0.3077];7821.42477;1;0;[0.6423];[-0.3077];7821.42477;400),(336188.55691;[0.5025];[-0.4475];7086.22863;1;0;[0.5025];[-0.4475];7086.22863;400),(337799.25442;[0.2275];[-0.7225];6313.30465;1;0;[0.2275];[-0.7225];6313.30465;400),(338602.95248;[0.2275];[-0.7225];6313.30465;1;0;[0.2275];[-0.7225];6313.30465;400),(340868.30711;[0.5429];[-0.4071];9613.20928;1;0;[0.5429];[-0.4071];9613.20928;400),(342748.73877;[0.6141];[-0.3359];9254.45196;1;0;[0.6141];[-0.3359];9254.45196;400),(344402.71330;[0.6724];[-0.2776];8884.70363;1;0;[0.6724];[-0.2776];8884.70363;400),(346048.54584;[0.682];[-0.268];8347.91635;1;0;[0.682];[-0.268];8347.91635;400),(347873.57140;[0.6423];[-0.3077];7821.42477;1;0;[0.6423];[-0.3077];7821.42477;400),(349808.58660;[0.5025];[-0.4475];7086.22863;1;0;[0.5025];[-0.4475];7086.22863;400),(352030.95889;[0.2275];[-0.7225];6313.30465;1;0;[0.2275];[-0.7225];6313.30465;400),(352755.88250;[0.2275];[-0.7225];6313.30465;1;0;[0.2275];[-0.7225];6313.30465;400),(355051.26572;[0.5454];[-0.4046];9611.90381;1;0;[0.5454];[-0.4046];9611.90381;400),(356673.91396;[0.6141];[-0.3359];9254.45196;1;0;[0.6141];[-0.3359];9254.45196;400),(358486.21964;[0.6724];[-0.2776];8884.70363;1;0;[0.6724];[-0.2776];8884.70363;400),(360277.66776;[0.682];[-0.268];8347.91635;1;0;[0.682];[-0.268];8347.91635;400),(361920.14694;[0.6423];[-0.3077];7821.42477;1;0;[0.6423];[-0.3077];7821.42477;400),(364353.26362;[0.5025];[-0.4475];7086.22863;1;0;[0.5025];[-0.4475];7086.22863;400),(366086.88188;[0.2275];[-0.7225];6313.30465;1;0;[0.2275];[-0.7225];6313.30465;400),(366688.28082;[0.2275];[-0.7225];6313.30465;1;0;[0.2275];[-0.7225];6313.30465;400),(368971.07100;[0.5454];[-0.4046];9611.90381;1;0;[0.5454];[-0.4046];9611.90381;400),(370551.39828;[0.6141];[-0.3359];9254.45196;1;0;[0.6141];[-0.3359];9254.45196;400),(372233.43205;[0.6724];[-0.2776];8884.70363;1;0;[0.6724];[-0.2776];8884.70363;400),(374290.52544;[0.682];[-0.268];8347.91635;1;0;[0.682];[-0.268];8347.91635;400),(376556.62370;[0.6423];[-0.3077];7821.42477;1;0;[0.6423];[-0.3077];7821.42477;400),(378518.19897;[0.5025];[-0.4475];7086.22863;1;0;[0.5025];[-0.4475];7086.22863;400),(380233.02984;[0.2275];[-0.7225];6313.30465;1;0;[0.2275];[-0.7225];6313.30465;400),(380819.39960;[0.2275];[-0.7225];6313.30465;1;0;[0.2275];[-0.7225];6313.30465;400),(382738.10649;[0.5472];[-0.4028];9604.31015;1;0;[0.5472];[-0.4028];9604.31015;400),(384573.03309;[0.6141];[-0.3359];9254.45196;1;0;[0.6141];[-0.3359];9254.45196;400),(386173.43616;[0.6724];[-0.2776];8884.70363;1;0;[0.6724];[-0.2776];8884.70363;400),(387828.81784;[0.682];[-0.268];8347.91635;1;0;[0.682];[-0.268];8347.91635;400),(389866.52112;[0.6423];[-0.3077];7821.42477;1;0;[0.6423];[-0.3077];7821.42477;400),(391408.17499;[0.5025];[-0.4475];7086.22863;1;0;[0.5025];[-0.4475];7086.22863;400),(392793.71190;[0.2275];[-0.7225];6313.30465;1;0;[0.2275];[-0.7225];6313.30465;400),(393365.21697;[0.2275];[-0.7225];6313.30465;1;0;[0.2275];[-0.7225];6313.30465;400),(395379.31037;[0.5472];[-0.4028];9604.31015;1;0;[0.5472];[-0.4028];9604.31015;400),(396901.85976;[0.6141];[-0.3359];9254.45196;1;0;[0.6141];[-0.3359];9254.45196;400),(398579.68998;[0.6724];[-0.2776];8884.70363;1;0;[0.6724];[-0.2776];8884.70363;400),(400494.70806;[0.682];[-0.268];8347.91635;1;0;[0.682];[-0.268];8347.91635;400),(402162.60529;[0.6423];[-0.3077];7821.42477;1;0;[0.6423];[-0.3077];7821.42477;400),(403630.24426;[0.5025];[-0.4475];7086.22863;1;0;[0.5025];[-0.4475];7086.22863;400),(405081.50196;[0.2275];[-0.7225];6313.30465;1;0;[0.2275];[-0.7225];6313.30465;400),(405618.96491;[0.2275];[-0.7225];6313.30465;1;0;[0.2275];[-0.7225];6313.30465;400),(407509.38582;[0.5481];[-0.4019];9595.54580;1;0;[0.5481];[-0.4019];9595.54580;400),(409390.91945;[0.6167];[-0.3333];9244.02915;1;0;[0.6167];[-0.3333];9244.02915;400),(411239.22849;[0.6762];[-0.2738];8866.65712;1;0;[0.6762];[-0.2738];8866.65712;400),(412906.72135;[0.682];[-0.268];8347.91635;1;0;[0.682];[-0.268];8347.91635;400),(414430.20272;[0.6423];[-0.3077];7821.42477;1;0;[0.6423];[-0.3077];7821.42477;400),(416353.39570;[0.5025];[-0.4475];7086.22863;1;0;[0.5025];[-0.4475];7086.22863;400),(417975.40355;[0.2275];[-0.7225];6313.30465;1;0;[0.2275];[-0.7225];6313.30465;400),(418580.94573;[0.2275];[-0.7225];6313.30465;1;0;[0.2275];[-0.7225];6313.30465;400),(420377.40421;[0.5481];[-0.4019];9595.54580;1;0;[0.5481];[-0.4019];9595.54580;400),(422362.19001;[0.6167];[-0.3333];9244.02915;1;0;[0.6167];[-0.3333];9244.02915;400),(424534.13773;[0.6762];[-0.2738];8866.65712;1;0;[0.6762];[-0.2738];8866.65712;400),(426193.06993;[0.6819];[-0.2681];8348.09178;1;0;[0.6819];[-0.2681];8348.09178;400),(427888.28635;[0.6423];[-0.3077];7821.42477;1;0;[0.6423];[-0.3077];7821.42477;400),(429803.18737;[0.5025];[-0.4475];7086.22863;1;0;[0.5025];[-0.4475];7086.22863;400),(431301.02062;[0.2275];[-0.7225];6313.30465;1;0;[0.2275];[-0.7225];6313.30465;400),(431883.65269;[0.2275];[-0.7225];6313.30465;1;0;[0.2275];[-0.7225];6313.30465;400),(433983.15310;[0.5538];[-0.3962];9588.36507;1;0;[0.5538];[-0.3962];9588.36507;400),(435880.39565;[0.6167];[-0.3333];9244.02915;1;0;[0.6167];[-0.3333];9244.02915;400),(437671.64826;[0.6762];[-0.2738];8866.65712;1;0;[0.6762];[-0.2738];8866.65712;400),(439428.88474;[0.682];[-0.268];8347.91635;1;0;[0.682];[-0.268];8347.91635;400),(440969.20776;[0.6423];[-0.3077];7821.42477;1;0;[0.6423];[-0.3077];7821.42477;400),(442691.46037;[0.5025];[-0.4475];7086.22863;1;0;[0.5025];[-0.4475];7086.22863;400),(444363.11889;[0.2275];[-0.7225];6313.30465;1;0;[0.2275];[-0.7225];6313.30465;400),(444983.39891;[0.2275];[-0.7225];6313.30465;1;0;[0.2275];[-0.7225];6313.30465;400),(447272.05300;[0.5538];[-0.3962];9588.36507;1;0;[0.5538];[-0.3962];9588.36507;400),(449433.28667;[0.6167];[-0.3333];9244.02915;1;0;[0.6167];[-0.3333];9244.02915;400),(451292.41657;[0.6762];[-0.2738];8866.65712;1;0;[0.6762];[-0.2738];8866.65712;400),(452865.42416;[0.6819];[-0.2681];8348.09178;1;0;[0.6819];[-0.2681];8348.09178;400),(454336.71856;[0.6423];[-0.3077];7821.42477;1;0;[0.6423];[-0.3077];7821.42477;400),(456921.64755;[0.5025];[-0.4475];7086.22863;1;0;[0.5025];[-0.4475];7086.22863;400),(458305.89628;[0.2275];[-0.7225];6313.30465;1;0;[0.2275];[-0.7225];6313.30465;400),(458849.94626;[0.2275];[-0.7225];6313.30465;1;0;[0.2275];[-0.7225];6313.30465;400),(460864.44831;[0.5495];[-0.4005];9583.68028;1;0;[0.5495];[-0.4005];9583.68028;400),(462876.82939;[0.6167];[-0.3333];9244.02915;1;0;[0.6167];[-0.3333];9244.02915;400),(464808.71367;[0.6762];[-0.2738];8866.65712;1;0;[0.6762];[-0.2738];8866.65712;400),(466575.00696;[0.6819];[-0.2681];8348.09178;1;0;[0.6819];[-0.2681];8348.09178;400),(468401.41773;[0.6423];[-0.3077];7821.42477;1;0;[0.6423];[-0.3077];7821.42477;400),(470120.50629;[0.5025];[-0.4475];7086.22863;1;0;[0.5025];[-0.4475];7086.22863;400),(471746.12737;[0.2275];[-0.7225];6313.30465;1;0;[0.2275];[-0.7225];6313.30465;400),(472274.77264;[0.2275];[-0.7225];6313.30465;1;0;[0.2275];[-0.7225];6313.30465;400),(474136.87992;[0.5495];[-0.4005];9583.68028;1;0;[0.5495];[-0.4005];9583.68028;400),(476125.43392;[0.6167];[-0.3333];9244.02915;1;0;[0.6167];[-0.3333];9244.02915;400),(477856.88114;[0.6762];[-0.2738];8866.65712;1;0;[0.6762];[-0.2738];8866.65712;400),(479675.58265;[0.682];[-0.268];8347.91635;1;0;[0.682];[-0.268];8347.91635;400),(481192.63864;[0.6423];[-0.3077];7821.42477;1;0;[0.6423];[-0.3077];7821.42477;400),(482986.15122;[0.5025];[-0.4475];7086.22863;1;0;[0.5025];[-0.4475];7086.22863;400),(484735.26597;[0.2275];[-0.7225];6313.30465;1;0;[0.2275];[-0.7225];6313.30465;400),(485297.97840;[0.2275];[-0.7225];6313.30465;1;0;[0.2275];[-0.7225];6313.30465;400),(487061.65433;[0.5556];[-0.3944];9578.64273;1;0;[0.5556];[-0.3944];9578.64273;400),(488771.40832;[0.6167];[-0.3333];9244.02915;1;0;[0.6167];[-0.3333];9244.02915;400),(490722.88871;[0.6762];[-0.2738];8866.65712;1;0;[0.6762];[-0.2738];8866.65712;400),(492376.77002;[0.6819];[-0.2681];8348.09178;1;0;[0.6819];[-0.2681];8348.09178;400),(494022.38417;[0.6423];[-0.3077];7821.42477;1;0;[0.6423];[-0.3077];7821.42477;400),(495626.53756;[0.5025];[-0.4475];7086.22863;1;0;[0.5025];[-0.4475];7086.22863;400),(497152.44937;[0.2275];[-0.7225];6313.30465;1;0;[0.2275];[-0.7225];6313.30465;400),(497825.74677;[0.2275];[-0.7225];6313.30465;1;0;[0.2275];[-0.7225];6313.30465;400),(499489.13765;[0.5556];[-0.3944];9578.64273;1;0;[0.5556];[-0.3944];9578.64273;400),(501522.76564;[0.6167];[-0.3333];9244.02915;1;0;[0.6167];[-0.3333];9244.02915;400),(503362.61320;[0.6762];[-0.2738];8866.65712;1;0;[0.6762];[-0.2738];8866.65712;400),(505232.55444;[0.682];[-0.268];8347.91635;1;0;[0.682];[-0.268];8347.91635;400),(506749.41087;[0.6423];[-0.3077];7821.42477;1;0;[0.6423];[-0.3077];7821.42477;400),(508620.89252;[0.5025];[-0.4475];7086.22863;1;0;[0.5025];[-0.4475];7086.22863;400),(510172.78504;[0.2275];[-0.7225];6313.30465;1;0;[0.2275];[-0.7225];6313.30465;400),(510670.58325;[0.2275];[-0.7225];6313.30465;1;0;[0.2275];[-0.7225];6313.30465;400),(512921.84925;[0.5535];[-0.3965];9582.70634;1;0;[0.5535];[-0.3965];9582.70634;400),(515015.09285;[0.6122];[-0.3378];9232.43151;1;0;[0.6122];[-0.3378];9232.43151;400),(516916.64052;[0.6737];[-0.2763];8853.62118;1;0;[0.6737];[-0.2763];8853.62118;400),(518601.78828;[0.6849];[-0.2651];8323.71978;1;0;[0.6849];[-0.2651];8323.71978;400),(520660.75754;[0.6264];[-0.3236];7676.06058;1;0;[0.6264];[-0.3236];7676.06058;400),(522550.53282;[0.5025];[-0.4475];7086.22863;1;0;[0.5025];[-0.4475];7086.22863;400),(524471.67277;[0.2275];[-0.7225];6313.30465;1;0;[0.2275];[-0.7225];6313.30465;400),(525117.45572;[0.2275];[-0.7225];6313.30465;1;0;[0.2275];[-0.7225];6313.30465;400),(526764.06789;[0.5535];[-0.3965];9582.70634;1;0;[0.5535];[-0.3965];9582.70634;400),(528695.65964;[0.6122];[-0.3378];9232.43151;1;0;[0.6122];[-0.3378];9232.43151;400),(530283.20503;[0.6737];[-0.2763];8853.62118;1;0;[0.6737];[-0.2763];8853.62118;400),(531906.32534;[0.6849];[-0.2651];8323.71978;1;0;[0.6849];[-0.2651];8323.71978;400),(533666.14842;[0.6264];[-0.3236];7676.06058;1;0;[0.6264];[-0.3236];7676.06058;400),(535568.99476;[0.5025];[-0.4475];7086.22863;1;0;[0.5025];[-0.4475];7086.22863;400),(536968.28914;[0.2275];[-0.7225];6313.30465;1;0;[0.2275];[-0.7225];6313.30465;400),(537680.57966;[0.2275];[-0.7225];6313.30465;1;0;[0.2275];[-0.7225];6313.30465;400),(539733.16741;[0.5535];[-0.3965];9582.70634;1;0;[0.5535];[-0.3965];9582.70634;400),(541712.21542;[0.6122];[-0.3378];9232.43151;1;0;[0.6122];[-0.3378];9232.43151;400),(543374.22538;[0.6737];[-0.2763];8853.62118;1;0;[0.6737];[-0.2763];8853.62118;400),(545193.04752;[0.6849];[-0.2651];8323.71978;1;0;[0.6849];[-0.2651];8323.71978;400),(547444.99707;[0.6264];[-0.3236];7676.06058;1;0;[0.6264];[-0.3236];7676.06058;400),(549407.80210;[0.5025];[-0.4475];7086.22863;1;0;[0.5025];[-0.4475];7086.22863;400),(551293.54763;[0.2275];[-0.7225];6313.30465;1;0;[0.2275];[-0.7225];6313.30465;400),(551969.86413;[0.2275];[-0.7225];6313.30465;1;0;[0.2275];[-0.7225];6313.30465;400),(553859.69305;[0.5535];[-0.3965];9582.70634;1;0;[0.5535];[-0.3965];9582.70634;400),(555893.68153;[0.6122];[-0.3378];9232.43151;1;0;[0.6122];[-0.3378];9232.43151;400),(557612.53834;[0.6737];[-0.2763];8853.62118;1;0;[0.6737];[-0.2763];8853.62118;400),(559369.59958;[0.6849];[-0.2651];8323.71978;1;0;[0.6849];[-0.2651];8323.71978;400),(561224.81251;[0.6264];[-0.3236];7676.06058;1;0;[0.6264];[-0.3236];7676.06058;400),(563018.52036;[0.5025];[-0.4475];7086.22863;1;0;[0.5025];[-0.4475];7086.22863;400),(564880.77569;[0.2275];[-0.7225];6313.30465;1;0;[0.2275];[-0.7225];6313.30465;400),(565435.90593;[0.2275];[-0.7225];6313.30465;1;0;[0.2275];[-0.7225];6313.30465;400),(567120.87631;[0.5535];[-0.3965];9582.70634;1;0;[0.5535];[-0.3965];9582.70634;400),(568751.16658;[0.6156];[-0.3344];9230.46604;1;0;[0.6156];[-0.3344];9230.46604;400),(570786.13591;[0.6737];[-0.2763];8853.62118;1;0;[0.6737];[-0.2763];8853.62118;400),(572352.82516;[0.6849];[-0.2651];8323.71978;1;0;[0.6849];[-0.2651];8323.71978;400),(574152.11129;[0.6264];[-0.3236];7676.06058;1;0;[0.6264];[-0.3236];7676.06058;400),(576120.36371;[0.5025];[-0.4475];7086.22863;1;0;[0.5025];[-0.4475];7086.22863;400),(577476.34339;[0.2275];[-0.7225];6313.30465;1;0;[0.2275];[-0.7225];6313.30465;400),(577984.91979;[0.2275];[-0.7225];6313.30465;1;0;[0.2275];[-0.7225];6313.30465;400),(579850.19660;[0.5535];[-0.3965];9582.70634;1;0;[0.5535];[-0.3965];9582.70634;400),(581703.07469;[0.6156];[-0.3344];9230.46604;1;0;[0.6156];[-0.3344];9230.46604;400),(583216.41612;[0.6737];[-0.2763];8853.62118;1;0;[0.6737];[-0.2763];8853.62118;400),(584629.22645;[0.6849];[-0.2651];8323.71978;1;0;[0.6849];[-0.2651];8323.71978;400),(586466.16292;[0.6264];[-0.3236];7676.06058;1;0;[0.6264];[-0.3236];7676.06058;400),(588116.96386;[0.5025];[-0.4475];7086.22863;1;0;[0.5025];[-0.4475];7086.22863;400),(589487.39910;[0.2275];[-0.7225];6313.30465;1;0;[0.2275];[-0.7225];6313.30465;400),(589984.17115;[0.2275];[-0.7225];6313.30465;1;0;[0.2275];[-0.7225];6313.30465;400),(592065.46879;[0.5535];[-0.3965];9582.70634;1;0;[0.5535];[-0.3965];9582.70634;400),(593597.06163;[0.6156];[-0.3344];9230.46604;1;0;[0.6156];[-0.3344];9230.46604;400),(595319.32235;[0.6737];[-0.2763];8853.62118;1;0;[0.6737];[-0.2763];8853.62118;400),(596935.75025;[0.6849];[-0.2651];8323.71978;1;0;[0.6849];[-0.2651];8323.71978;400),(598461.42650;[0.6264];[-0.3236];7676.06058;1;0;[0.6264];[-0.3236];7676.06058;400),(599880.72753;[0.5025];[-0.4475];7086.22863;1;0;[0.5025];[-0.4475];7086.22863;400)]"
5,5,9402.739786296619,0.97305,1,1,[0.9554],[0.0054],600502.934217453,"[(3473.08302;[0.5984];[-0.3516];9489.71026;1;0;[0.5993];[-0.3507];9565.73577;100),(4788.22780;[0.5984];[-0.3516];9489.71026;1;0;[0.5993];[-0.3507];9565.73577;100),(5748.06499;[0.5984];[-0.3516];9489.71026;1;0;[0.5993];[-0.3507];9565.73577;100),(6582.96657;[0.5984];[-0.3516];9489.71026;1;0;[0.5993];[-0.3507];9565.73577;100),(7135.00929;[0.5984];[-0.3516];9489.71026;1;0;[0.5993];[-0.3507];9565.73577;100),(7946.19584;[0.5984];[-0.3516];9489.71026;1;0;[0.5993];[-0.3507];9565.73577;100),(8630.34606;[0.8439];[-0.1061];8682.05524;1;0;[0.838];[-0.112];8689.27446;100),(9000.43058;[0.5856];[-0.3644];7458.47691;1;0;[0.5852];[-0.3648];7465.95175;100),(9695.68992;[0.4837];[-0.4663];7023.90360;1;0;[0.489];[-0.461];7031.17883;100),(10126.13559;[0.4187];[-0.5313];6807.25816;1;0;[0.4231];[-0.5269];6814.53055;100),(10811.03539;[0.3324];[-0.6176];6587.57791;1;0;[0.3418];[-0.6082];6594.39567;100),(11168.97988;[0.3305];[-0.6195];6579.23554;1;0;[0.3392];[-0.6108];6585.96412;100),(11904.46973;[0.2238];[-0.7262];6308.86122;1;0;[0.2293];[-0.7207];6315.08214;100),(12330.82366;[0.2229];[-0.7271];6307.10966;1;0;[0.2275];[-0.7225];6313.30465;100),(12740.00525;[0.2235];[-0.7265];6302.21775;1;0;[0.2282];[-0.7218];6308.40096;100),(13320.45150;[0.2235];[-0.7265];6302.21775;1;0;[0.2282];[-0.7218];6308.40096;100),(14318.21227;[0.8808];[-0.0692];9387.63597;1;0;[0.8789];[-0.0711];9447.98431;100),(15308.22754;[0.9306];[-0.0194];8984.56898;1;0;[0.9294];[-0.0206];9010.54183;100),(16722.43071;[0.7213];[-0.2287];8555.01403;1;0;[0.7194];[-0.2306];8563.91683;100),(17790.89618;[0.6542];[-0.2958];7972.58973;1;0;[0.6524];[-0.2976];7979.49282;100),(19257.97176;[0.5483];[-0.4017];7284.12580;1;0;[0.5507];[-0.3993];7291.92546;100),(19888.80086;[0.4269];[-0.5231];6835.43921;1;0;[0.4316];[-0.5184];6842.89562;100),(20290.17186;[0.3318];[-0.6182];6584.02815;1;0;[0.3405];[-0.6095];6590.80308;100),(21026.08657;[0.3286];[-0.6214];6573.17382;1;0;[0.3378];[-0.6122];6579.87582;100),(21549.77584;[0.323];[-0.627];6557.52025;1;0;[0.3342];[-0.6158];6564.14933;100),(22187.63375;[0.323];[-0.627];6557.52025;1;0;[0.3342];[-0.6158];6564.14933;100),(22546.95177;[0.323];[-0.627];6557.52025;1;0;[0.3342];[-0.6158];6564.14933;100),(22973.11664;[0.323];[-0.627];6557.52025;1;0;[0.3342];[-0.6158];6564.14933;100),(23837.00156;[0.8772];[-0.0728];9382.45631;1;0;[0.8745];[-0.0755];9440.84187;100),(25317.14916;[0.9306];[-0.0194];8984.56898;1;0;[0.9294];[-0.0206];9010.54183;100),(26728.26910;[0.7344];[-0.2156];8552.72128;1;0;[0.7343];[-0.2157];8561.24522;100),(27652.56953;[0.6737];[-0.2763];8100.07280;1;0;[0.6724];[-0.2776];8105.52127;100),(28497.88690;[0.323];[-0.627];6557.52025;1;0;[0.3342];[-0.6158];6564.14933;100),(29863.26313;[0.8772];[-0.0728];9382.45631;1;0;[0.8745];[-0.0755];9440.84187;100),(31010.87046;[0.9306];[-0.0194];8984.56898;1;0;[0.9294];[-0.0206];9010.54183;100),(32454.28228;[0.7344];[-0.2156];8552.72128;1;0;[0.7343];[-0.2157];8561.24522;100),(33556.43177;[0.6737];[-0.2763];8100.07280;1;0;[0.6724];[-0.2776];8105.52127;100),(34911.60631;[0.5887];[-0.3613];7474.68370;1;0;[0.59];[-0.36];7482.33402;100),(35545.71319;[0.4923];[-0.4577];7059.14181;1;0;[0.4978];[-0.4522];7066.62731;100),(36101.02439;[0.4203];[-0.5297];6813.51878;1;0;[0.4252];[-0.5248];6820.83474;100),(37034.73258;[0.3305];[-0.6195];6579.23554;1;0;[0.3392];[-0.6108];6585.96412;100),(37371.70792;[0.3305];[-0.6195];6579.23554;1;0;[0.3392];[-0.6108];6585.96412;100),(37886.26051;[0.323];[-0.627];6557.52025;1;0;[0.3342];[-0.6158];6564.14933;100),(38245.88060;[0.323];[-0.627];6557.52025;1;0;[0.3342];[-0.6158];6564.14933;100),(39298.44141;[0.9176];[-0.0324];9370.26558;1;0;[0.9155];[-0.0345];9429.12838;100),(40239.17317;[0.9478];[-0.0022];8958.06724;1;0;[0.9459];[-0.0041];8982.53554;100),(41542.68599;[0.7044];[-0.2456];8576.48687;1;0;[0.704];[-0.246];8586.53117;100),(42684.28516;[0.6793];[-0.2707];8101.98914;1;0;[0.6776];[-0.2724];8107.44707;100),(44268.90349;[0.6151];[-0.3349];7630.41730;1;0;[0.6154];[-0.3346];7637.19078;100),(44834.94830;[0.5434];[-0.4066];7265.63056;1;0;[0.5455];[-0.4045];7273.20879;100),(45410.52389;[0.4923];[-0.4577];7059.14181;1;0;[0.4978];[-0.4522];7066.62731;100),(45799.70503;[0.4203];[-0.5297];6813.49992;1;0;[0.4253];[-0.5247];6820.81276;100),(46365.96751;[0.4203];[-0.5297];6813.49992;1;0;[0.4253];[-0.5247];6820.81276;100),(46820.48965;[0.4187];[-0.5313];6807.25816;1;0;[0.4231];[-0.5269];6814.53055;100),(48280.57480;[0.948];[-0.002];9334.82849;1;0;[0.9483];[-0.0017];9391.01668;100),(49197.91174;[0.95];[0.];8957.17578;1;0;[0.9476];[-0.0024];8981.61544;100),(50216.18009;[0.7138];[-0.2362];8574.61283;1;0;[0.7123];[-0.2377];8584.75307;100),(51101.36104;[0.6791];[-0.2709];8195.95085;1;0;[0.6755];[-0.2745];8200.20685;100),(52583.56071;[0.6217];[-0.3283];7659.28101;1;0;[0.621];[-0.329];7666.35269;100),(53278.68962;[0.5483];[-0.4017];7284.12580;1;0;[0.5507];[-0.3993];7291.92546;100),(53867.96188;[0.5419];[-0.4081];7258.76516;1;0;[0.5438];[-0.4062];7266.33669;100),(54289.60776;[0.4923];[-0.4577];7059.14181;1;0;[0.4978];[-0.4522];7066.62731;100),(54765.76662;[0.4891];[-0.4609];7045.04443;1;0;[0.4953];[-0.4547];7052.41538;100),(55341.05968;[0.4854];[-0.4646];7030.78481;1;0;[0.4913];[-0.4587];7038.08270;100),(55863.40833;[0.4854];[-0.4646];7030.78481;1;0;[0.4913];[-0.4587];7038.08270;100),(56235.21829;[0.4854];[-0.4646];7030.78481;1;0;[0.4913];[-0.4587];7038.08270;100),(57345.42084;[0.963];[0.013];9311.08134;1;1;[0.9633];[0.0133];9365.79998;100),(58119.23885;[0.5984];[-0.3516];9489.71026;1;0;[0.5993];[-0.3507];9565.73577;100),(58640.25617;[0.6712];[-0.2788];9471.46865;1;0;[0.6753];[-0.2747];9540.24788;100),(59403.24879;[0.8302];[-0.1198];9393.26308;1;0;[0.8314];[-0.1186];9453.06985;100),(60375.63896;[0.9485];[-0.0015];9353.00746;1;0;[0.9476];[-0.0024];9411.76881;100),(61032.92203;[0.9986];[0.0486];8830.61357;1;1;[0.998];[0.048];8844.34610;100),(62004.20547;[0.9986];[0.0486];9089.62526;1;1;[0.9984];[0.0484];9127.04917;100),(63184.52621;[0.9725];[0.0225];9244.26016;1;1;[0.9708];[0.0208];9290.66458;100),(64002.60830;[0.6875];[-0.2625];9376.38819;1;0;[0.6905];[-0.2595];9432.82155;100),(64628.82519;[0.953];[0.003];9286.32368;1;1;[0.9521];[0.0021];9335.33546;100),(65332.08489;[0.7];[-0.25];9365.92642;1;0;[0.7007];[-0.2493];9422.29697;100),(66315.69600;[0.9447];[-0.0053];9286.95238;1;0;[0.943];[-0.007];9336.40991;100),(67187.54053;[0.953];[0.003];9286.32368;1;1;[0.9521];[0.0021];9335.33546;100),(67981.44221;[0.953];[0.003];9286.32368;1;1;[0.9521];[0.0021];9335.33546;100),(68723.49572;[0.6884];[-0.2616];9362.24024;1;0;[0.6903];[-0.2597];9418.12939;100),(69349.19429;[0.6884];[-0.2616];9362.24024;1;0;[0.6903];[-0.2597];9418.12939;100),(70187.44326;[0.953];[0.003];9286.32368;1;1;[0.9521];[0.0021];9335.33546;100),(70897.97449;[0.953];[0.003];9286.32368;1;1;[0.9521];[0.0021];9335.33546;100),(71780.39026;[0.6884];[-0.2616];9362.24024;1;0;[0.6903];[-0.2597];9418.12939;100),(72508.08668;[0.6884];[-0.2616];9362.24024;1;0;[0.6903];[-0.2597];9418.12939;100),(74598.61064;[0.5262];[-0.4238];9577.16744;1;0;[0.529];[-0.421];9652.78136;200),(75547.63794;[0.5262];[-0.4238];9577.16744;1;0;[0.529];[-0.421];9652.78136;200),(76636.50560;[0.5262];[-0.4238];9577.16744;1;0;[0.529];[-0.421];9652.78136;200),(77711.38906;[0.5262];[-0.4238];9577.16744;1;0;[0.529];[-0.421];9652.78136;200),(78926.78356;[0.5262];[-0.4238];9577.16744;1;0;[0.529];[-0.421];9652.78136;200),(79995.14580;[0.5262];[-0.4238];9577.16744;1;0;[0.529];[-0.421];9652.78136;200),(80622.05768;[0.8553];[-0.0947];8666.65977;1;0;[0.8488];[-0.1012];8672.82409;200),(81014.80484;[0.5407];[-0.4093];7253.87203;1;0;[0.5423];[-0.4077];7261.41468;200),(81444.13519;[0.427];[-0.523];6838.50756;1;0;[0.4322];[-0.5178];6846.01924;200),(81882.24864;[0.3348];[-0.6152];6595.04024;1;0;[0.344];[-0.606];6601.88354;200),(82296.99516;[0.3318];[-0.6182];6584.02815;1;0;[0.3405];[-0.6095];6590.80308;200),(82755.57876;[0.3286];[-0.6214];6573.17382;1;0;[0.3378];[-0.6122];6579.87582;200),(83247.54214;[0.323];[-0.627];6557.52025;1;0;[0.3342];[-0.6158];6564.14933;200),(83817.00253;[0.323];[-0.627];6557.52025;1;0;[0.3342];[-0.6158];6564.14933;200),(85034.10363;[0.5702];[-0.3798];9513.57029;1;0;[0.5699];[-0.3801];9581.36327;200),(86652.05336;[0.9994];[0.0494];8999.97866;1;1;[0.9984];[0.0484];9026.67033;200),(88231.79960;[0.9629];[0.0129];9255.75760;1;1;[0.961];[0.011];9303.73494;200),(89580.02162;[0.9485];[-0.0015];9353.00746;1;0;[0.9476];[-0.0024];9411.76881;200),(91078.95780;[0.6554];[-0.2946];9394.77886;1;0;[0.6605];[-0.2895];9452.66173;200),(92327.75068;[0.955];[0.005];9264.69855;1;1;[0.9537];[0.0037];9313.87327;200),(93702.78597;[0.7083];[-0.2417];9357.87608;1;0;[0.7091];[-0.2409];9414.00627;200),(94128.28207;[0.8777];[-0.0723];8699.12449;1;0;[0.8743];[-0.0757];8706.41956;200),(94701.40576;[0.6974];[-0.2526];8495.30148;1;0;[0.6943];[-0.2557];8498.84878;200),(95205.01924;[0.6981];[-0.2519];8419.13805;1;0;[0.6953];[-0.2547];8422.34757;200),(95576.80655;[0.6908];[-0.2592];8401.84388;1;0;[0.6875];[-0.2625];8404.87873;200),(96022.53795;[0.6891];[-0.2609];8318.57048;1;0;[0.6853];[-0.2647];8322.24765;200),(96371.29521;[0.6876];[-0.2624];8311.51195;1;0;[0.6845];[-0.2655];8315.03057;200),(96969.29431;[0.6831];[-0.2669];8214.88423;1;0;[0.6801];[-0.2699];8219.41839;200),(97406.37493;[0.6826];[-0.2674];8213.88333;1;0;[0.6796];[-0.2704];8218.33685;200),(97699.38946;[0.6826];[-0.2674];8213.88333;1;0;[0.6796];[-0.2704];8218.33685;200),(98078.22180;[0.6821];[-0.2679];8211.62479;1;0;[0.6792];[-0.2708];8216.01949;200),(98516.33191;[0.6821];[-0.2679];8211.62479;1;0;[0.6792];[-0.2708];8216.01949;200),(100225.68560;[0.97];[0.02];9274.57541;1;1;[0.9714];[0.0214];9329.13477;200),(101199.02730;[0.5262];[-0.4238];9577.16744;1;0;[0.529];[-0.421];9652.78136;200),(102256.42395;[0.5661];[-0.3839];9516.96175;1;0;[0.5664];[-0.3836];9585.11723;200),(103599.92409;[0.8645];[-0.0855];9399.05185;1;0;[0.8617];[-0.0883];9460.45556;200),(105221.92717;[0.9561];[0.0061];9344.29949;1;1;[0.9554];[0.0054];9402.73979;200),(106586.08246;[0.9411];[-0.0089];9360.17337;1;0;[0.94];[-0.01];9419.33497;200),(107331.78067;[0.993];[0.043];9074.13829;1;1;[0.9925];[0.0425];9106.26457;200),(107899.85800;[0.9785];[0.0285];9222.16182;1;1;[0.9782];[0.0282];9267.38913;200),(108675.92645;[0.6815];[-0.2685];9374.49440;1;0;[0.6821];[-0.2679];9431.28356;200),(109437.11329;[0.955];[0.005];9264.69855;1;1;[0.9537];[0.0037];9313.87327;200),(109974.00427;[0.9482];[-0.0018];9267.62933;1;0;[0.9467];[-0.0033];9317.24778;200),(110609.32112;[0.9482];[-0.0018];9267.62933;1;0;[0.9467];[-0.0033];9317.24778;200),(111135.31590;[0.9482];[-0.0018];9267.62933;1;0;[0.9467];[-0.0033];9317.24778;200),(111850.44622;[0.955];[0.005];9264.69855;1;1;[0.9537];[0.0037];9313.87327;200),(112335.95037;[0.9482];[-0.0018];9267.62933;1;0;[0.9467];[-0.0033];9317.24778;200),(112929.83627;[0.9486];[-0.0014];9263.79257;1;0;[0.9471];[-0.0029];9313.45992;200),(113655.45988;[0.955];[0.005];9264.69855;1;1;[0.9537];[0.0037];9313.87327;200),(114231.57620;[0.955];[0.005];9264.69855;1;1;[0.9537];[0.0037];9313.87327;200),(114755.24163;[0.9486];[-0.0014];9263.79257;1;0;[0.9471];[-0.0029];9313.45992;200),(115266.47711;[0.9486];[-0.0014];9263.79257;1;0;[0.9471];[-0.0029];9313.45992;200),(118506.98113;[0.5262];[-0.4238];9577.16744;1;0;[0.529];[-0.421];9652.78136;400),(120019.47784;[0.5262];[-0.4238];9577.16744;1;0;[0.529];[-0.421];9652.78136;400),(122057.38902;[0.5262];[-0.4238];9577.16744;1;0;[0.529];[-0.421];9652.78136;400),(123820.78075;[0.5262];[-0.4238];9577.16744;1;0;[0.529];[-0.421];9652.78136;400),(125349.79153;[0.5262];[-0.4238];9577.16744;1;0;[0.529];[-0.421];9652.78136;400),(126921.63920;[0.5262];[-0.4238];9577.16744;1;0;[0.529];[-0.421];9652.78136;400),(128653.05400;[0.5262];[-0.4238];9577.16744;1;0;[0.529];[-0.421];9652.78136;400),(128998.50321;[0.6777];[-0.2723];8661.97818;1;0;[0.6747];[-0.2753];8675.25923;400),(129561.87224;[0.6888];[-0.2612];8319.99271;1;0;[0.6849];[-0.2651];8323.71978;400),(130113.55543;[0.6615];[-0.2885];7964.03546;1;0;[0.6594];[-0.2906];7969.95275;400),(130961.90524;[0.591];[-0.359];7482.35803;1;0;[0.5918];[-0.3582];7490.13130;400),(131344.82145;[0.5419];[-0.4081];7258.35678;1;0;[0.5438];[-0.4062];7265.91894;400),(131684.15570;[0.4298];[-0.5202];6843.70451;1;0;[0.4334];[-0.5166];6851.22743;400),(132044.88349;[0.3357];[-0.6143];6595.23127;1;0;[0.3446];[-0.6054];6602.07435;400),(132481.84371;[0.3318];[-0.6182];6584.02815;1;0;[0.3405];[-0.6095];6590.80308;400),(133007.70116;[0.3232];[-0.6268];6561.56849;1;0;[0.3339];[-0.6161];6568.21722;400),(133502.51269;[0.2239];[-0.7261];6308.55449;1;0;[0.2294];[-0.7206];6314.77761;400),(133868.58797;[0.2235];[-0.7265];6302.21775;1;0;[0.2282];[-0.7218];6308.40096;400),(134390.24758;[0.2235];[-0.7265];6302.21775;1;0;[0.2282];[-0.7218];6308.40096;400),(136486.40347;[0.5502];[-0.3998];9546.49231;1;0;[0.5503];[-0.3997];9615.32195;400),(138829.57649;[0.6188];[-0.3312];9209.84829;1;0;[0.6176];[-0.3324];9252.44814;400),(140969.41996;[0.6783];[-0.2717];8841.84942;1;0;[0.6747];[-0.2753];8858.94739;400),(142970.31903;[0.687];[-0.263];8428.47740;1;0;[0.6833];[-0.2667];8432.65814;400),(144827.36468;[0.6617];[-0.2883];7965.76161;1;0;[0.6597];[-0.2903];7971.68755;400),(146536.69262;[0.5483];[-0.4017];7284.12580;1;0;[0.5507];[-0.3993];7291.92546;400),(148270.08986;[0.2235];[-0.7265];6302.21775;1;0;[0.2282];[-0.7218];6308.40096;400),(150860.29601;[0.5502];[-0.3998];9546.49231;1;0;[0.5503];[-0.3997];9615.32195;400),(152909.56378;[0.6188];[-0.3312];9209.84829;1;0;[0.6176];[-0.3324];9252.44814;400),(154861.36913;[0.6783];[-0.2717];8841.84942;1;0;[0.6747];[-0.2753];8858.94739;400),(156467.90648;[0.687];[-0.263];8428.47740;1;0;[0.6833];[-0.2667];8432.65814;400),(158791.72945;[0.6617];[-0.2883];7965.76161;1;0;[0.6597];[-0.2903];7971.68755;400),(160668.71500;[0.5483];[-0.4017];7284.12580;1;0;[0.5507];[-0.3993];7291.92546;400),(164496.84882;[0.4284];[-0.5216];6839.88724;1;0;[0.433];[-0.517];6847.34904;400),(164955.52707;[0.3348];[-0.6152];6595.04024;1;0;[0.344];[-0.606];6601.88354;400),(165689.95070;[0.3318];[-0.6182];6584.02815;1;0;[0.3405];[-0.6095];6590.80308;400),(166020.32423;[0.3305];[-0.6195];6579.23554;1;0;[0.3392];[-0.6108];6585.96412;400),(166485.47411;[0.3232];[-0.6268];6561.56849;1;0;[0.3339];[-0.6161];6568.21722;400),(166899.87111;[0.323];[-0.627];6557.52025;1;0;[0.3342];[-0.6158];6564.14933;400),(167180.60255;[0.323];[-0.627];6557.52025;1;0;[0.3342];[-0.6158];6564.14933;400),(167598.61612;[0.323];[-0.627];6557.52025;1;0;[0.3342];[-0.6158];6564.14933;400),(169409.91950;[0.5502];[-0.3998];9546.49231;1;0;[0.5503];[-0.3997];9615.32195;400),(170978.33323;[0.6144];[-0.3356];9211.85864;1;0;[0.6141];[-0.3359];9254.45196;400),(172945.00923;[0.6791];[-0.2709];8842.01520;1;0;[0.6757];[-0.2743];8859.15292;400),(174536.94105;[0.6877];[-0.2623];8429.57703;1;0;[0.6843];[-0.2657];8433.81018;400),(176240.16643;[0.6626];[-0.2874];7970.16021;1;0;[0.6606];[-0.2894];7976.17996;400),(177799.99471;[0.5493];[-0.4007];7285.91087;1;0;[0.5515];[-0.3985];7293.75397;400),(179383.32009;[0.323];[-0.627];6557.52025;1;0;[0.3342];[-0.6158];6564.14933;400),(181391.55579;[0.5502];[-0.3998];9546.49231;1;0;[0.5503];[-0.3997];9615.32195;400),(182892.67778;[0.6144];[-0.3356];9211.85864;1;0;[0.6141];[-0.3359];9254.45196;400),(184795.12119;[0.6785];[-0.2715];8845.02274;1;0;[0.6748];[-0.2752];8862.10610;400),(186710.79278;[0.6877];[-0.2623];8429.57703;1;0;[0.6843];[-0.2657];8433.81018;400),(188387.66956;[0.6626];[-0.2874];7970.16021;1;0;[0.6606];[-0.2894];7976.17996;400),(189857.88465;[0.5493];[-0.4007];7285.91087;1;0;[0.5515];[-0.3985];7293.75397;400),(192884.90653;[0.4298];[-0.5202];6843.70451;1;0;[0.4334];[-0.5166];6851.22743;400),(193352.55766;[0.3357];[-0.6143];6595.23127;1;0;[0.3446];[-0.6054];6602.07435;400),(193856.70900;[0.323];[-0.627];6557.52025;1;0;[0.3342];[-0.6158];6564.14933;400),(194481.38952;[0.323];[-0.627];6557.52025;1;0;[0.3342];[-0.6158];6564.14933;400),(196124.79711;[0.5502];[-0.3998];9546.49231;1;0;[0.5503];[-0.3997];9615.32195;400),(198122.00189;[0.6205];[-0.3295];9199.72712;1;0;[0.6201];[-0.3299];9241.16398;400),(199670.40038;[0.6821];[-0.2679];8828.78747;1;0;[0.6785];[-0.2715];8844.86082;400),(201406.90470;[0.6868];[-0.2632];8430.19504;1;0;[0.6828];[-0.2672];8434.45802;400),(203214.52260;[0.6626];[-0.2874];7972.19602;1;0;[0.6604];[-0.2896];7978.30358;400),(204854.08664;[0.5821];[-0.3679];7444.86479;1;0;[0.5827];[-0.3673];7452.29245;400),(206793.22791;[0.323];[-0.627];6557.52025;1;0;[0.3342];[-0.6158];6564.14933;400),(209051.40090;[0.5502];[-0.3998];9546.49231;1;0;[0.5503];[-0.3997];9615.32195;400),(210951.51544;[0.6205];[-0.3295];9199.72712;1;0;[0.6201];[-0.3299];9241.16398;400),(212661.30352;[0.6821];[-0.2679];8828.78747;1;0;[0.6785];[-0.2715];8844.86082;400),(214198.59171;[0.6871];[-0.2629];8429.85501;1;0;[0.6828];[-0.2672];8434.12983;400),(215726.19915;[0.6626];[-0.2874];7972.19602;1;0;[0.6604];[-0.2896];7978.30358;400),(217429.58140;[0.5821];[-0.3679];7444.86479;1;0;[0.5827];[-0.3673];7452.29245;400),(220494.26699;[0.4868];[-0.4632];7034.61904;1;0;[0.4921];[-0.4579];7041.93098;400),(220823.19856;[0.4203];[-0.5297];6813.49992;1;0;[0.4253];[-0.5247];6820.81276;400),(221273.39816;[0.3321];[-0.6179];6584.13556;1;0;[0.3412];[-0.6088];6590.92182;400),(221593.28341;[0.3305];[-0.6195];6579.23554;1;0;[0.3392];[-0.6108];6585.96412;400),(221940.57965;[0.3286];[-0.6214];6573.17382;1;0;[0.3378];[-0.6122];6579.87582;400),(222287.70971;[0.323];[-0.627];6557.52025;1;0;[0.3342];[-0.6158];6564.14933;400),(222684.62777;[0.323];[-0.627];6557.52025;1;0;[0.3342];[-0.6158];6564.14933;400),(224395.89524;[0.5502];[-0.3998];9546.49231;1;0;[0.5503];[-0.3997];9615.32195;400),(226469.47837;[0.6205];[-0.3295];9199.72712;1;0;[0.6201];[-0.3299];9241.16398;400),(228227.33617;[0.6821];[-0.2679];8828.78747;1;0;[0.6785];[-0.2715];8844.86082;400),(230566.89477;[0.6868];[-0.2632];8430.19504;1;0;[0.6828];[-0.2672];8434.45802;400),(232423.62428;[0.6626];[-0.2874];7972.19602;1;0;[0.6604];[-0.2896];7978.30358;400),(234224.32280;[0.5876];[-0.3624];7466.03874;1;0;[0.587];[-0.363];7473.61286;400),(235910.47311;[0.323];[-0.627];6557.52025;1;0;[0.3342];[-0.6158];6564.14933;400),(237856.88710;[0.5502];[-0.3998];9546.49231;1;0;[0.5503];[-0.3997];9615.32195;400),(239900.75684;[0.6176];[-0.3324];9201.18229;1;0;[0.6166];[-0.3334];9242.91761;400),(242032.62877;[0.6821];[-0.2679];8828.78747;1;0;[0.6785];[-0.2715];8844.86082;400),(244667.39273;[0.6876];[-0.2624];8430.08473;1;0;[0.6843];[-0.2657];8434.40077;400),(246632.81512;[0.6626];[-0.2874];7972.19602;1;0;[0.6604];[-0.2896];7978.30358;400),(248728.94049;[0.5876];[-0.3624];7466.03874;1;0;[0.587];[-0.363];7473.61286;400),(251772.77040;[0.4918];[-0.4582];7055.69221;1;0;[0.4973];[-0.4527];7063.13654;400),(252159.58238;[0.422];[-0.528];6818.30959;1;0;[0.4263];[-0.5237];6825.64028;400),(252568.53342;[0.3318];[-0.6182];6584.02815;1;0;[0.3405];[-0.6095];6590.80308;400),(252992.39922;[0.3305];[-0.6195];6579.23554;1;0;[0.3392];[-0.6108];6585.96412;400),(253454.31733;[0.323];[-0.627];6557.52025;1;0;[0.3342];[-0.6158];6564.14933;400),(254016.24155;[0.323];[-0.627];6557.52025;1;0;[0.3342];[-0.6158];6564.14933;400),(255665.21788;[0.5506];[-0.3994];9543.33105;1;0;[0.5503];[-0.3997];9612.51814;400),(257640.88702;[0.6176];[-0.3324];9201.18229;1;0;[0.6166];[-0.3334];9242.91761;400),(259424.89100;[0.6888];[-0.2612];8824.76192;1;0;[0.6851];[-0.2649];8840.32165;400),(261742.79714;[0.6811];[-0.2689];8436.36824;1;0;[0.6771];[-0.2729];8441.67688;400),(263600.15631;[0.6566];[-0.2934];7988.19104;1;0;[0.6541];[-0.2959];7995.14858;400),(265180.87769;[0.5888];[-0.3612];7474.73642;1;0;[0.5896];[-0.3604];7482.37077;400),(266693.40205;[0.323];[-0.627];6557.52025;1;0;[0.3342];[-0.6158];6564.14933;400),(269092.27705;[0.5503];[-0.3997];9542.48500;1;0;[0.5501];[-0.3999];9611.57844;400),(270843.27841;[0.6176];[-0.3324];9201.18229;1;0;[0.6166];[-0.3334];9242.91761;400),(272596.07458;[0.6888];[-0.2612];8824.76192;1;0;[0.6851];[-0.2649];8840.32165;400),(274911.65590;[0.6811];[-0.2689];8436.36824;1;0;[0.6771];[-0.2729];8441.67688;400),(277031.97813;[0.6566];[-0.2934];7988.19104;1;0;[0.6541];[-0.2959];7995.14858;400),(278948.74454;[0.5888];[-0.3612];7474.73642;1;0;[0.5896];[-0.3604];7482.37077;400),(282443.14075;[0.4937];[-0.4563];7065.73022;1;0;[0.4991];[-0.4509];7073.22403;400),(282887.48312;[0.4249];[-0.5251];6826.41789;1;0;[0.4289];[-0.5211];6833.78475;400),(283270.75648;[0.4203];[-0.5297];6813.49992;1;0;[0.4253];[-0.5247];6820.81276;400),(283633.83102;[0.3305];[-0.6195];6579.23554;1;0;[0.3392];[-0.6108];6585.96412;400),(283992.51080;[0.3286];[-0.6214];6573.17382;1;0;[0.3378];[-0.6122];6579.87582;400),(284577.84295;[0.323];[-0.627];6557.52025;1;0;[0.3342];[-0.6158];6564.14933;400),(284889.12368;[0.323];[-0.627];6557.52025;1;0;[0.3342];[-0.6158];6564.14933;400),(286378.59321;[0.5532];[-0.3968];9542.30476;1;0;[0.554];[-0.396];9610.69975;400),(287961.03740;[0.6233];[-0.3267];9189.36138;1;0;[0.6222];[-0.3278];9230.26215;400),(289823.35401;[0.6832];[-0.2668];8827.27317;1;0;[0.6792];[-0.2708];8843.27410;400),(291557.46126;[0.6877];[-0.2623];8429.57703;1;0;[0.6843];[-0.2657];8433.81018;400),(293366.75644;[0.6706];[-0.2794];8085.17756;1;0;[0.668];[-0.282];8090.38179;400),(295055.70459;[0.5898];[-0.3602];7478.86074;1;0;[0.5909];[-0.3591];7486.55341;400),(296734.12681;[0.323];[-0.627];6557.52025;1;0;[0.3342];[-0.6158];6564.14933;400),(299195.05167;[0.5565];[-0.3935];9537.19948;1;0;[0.557];[-0.393];9605.59655;400),(300893.99672;[0.6233];[-0.3267];9189.36138;1;0;[0.6222];[-0.3278];9230.26215;400),(302586.12800;[0.6832];[-0.2668];8827.27317;1;0;[0.6792];[-0.2708];8843.27410;400),(304792.17649;[0.6877];[-0.2623];8429.57703;1;0;[0.6843];[-0.2657];8433.81018;400),(306297.69969;[0.6706];[-0.2794];8085.17756;1;0;[0.668];[-0.282];8090.38179;400),(308001.88994;[0.5898];[-0.3602];7478.86074;1;0;[0.5909];[-0.3591];7486.55341;400),(311079.48875;[0.4951];[-0.4549];7069.16181;1;0;[0.5005];[-0.4495];7076.72465;400),(311595.52598;[0.4266];[-0.5234];6835.23109;1;0;[0.4313];[-0.5187];6842.68489;400),(312048.60663;[0.422];[-0.528];6818.30959;1;0;[0.4263];[-0.5237];6825.64028;400),(312349.60699;[0.4203];[-0.5297];6813.49992;1;0;[0.4253];[-0.5247];6820.81276;400),(312893.32175;[0.323];[-0.627];6557.52025;1;0;[0.3342];[-0.6158];6564.14933;400),(314932.28722;[0.5565];[-0.3935];9537.19948;1;0;[0.557];[-0.393];9605.59655;400),(316813.01808;[0.6202];[-0.3298];9188.34697;1;0;[0.6195];[-0.3305];9228.94370;400),(318767.17067;[0.6902];[-0.2598];8823.61253;1;0;[0.6862];[-0.2638];8839.07291;400),(320717.80014;[0.6877];[-0.2623];8429.57703;1;0;[0.6843];[-0.2657];8433.81018;400),(322346.32301;[0.672];[-0.278];8095.38201;1;0;[0.6706];[-0.2794];8100.69291;400),(324031.39091;[0.591];[-0.359];7482.35803;1;0;[0.5918];[-0.3582];7490.13130;400),(327724.45536;[0.4955];[-0.4545];7071.76874;1;0;[0.501];[-0.449];7079.38204;400),(328141.35242;[0.4891];[-0.4609];7045.04443;1;0;[0.4953];[-0.4547];7052.41538;400),(328424.83377;[0.4197];[-0.5303];6811.91383;1;0;[0.4243];[-0.5257];6819.21266;400),(328928.64585;[0.4187];[-0.5313];6807.25816;1;0;[0.4231];[-0.5269];6814.53055;400),(330950.49667;[0.5608];[-0.3892];9535.20114;1;0;[0.5614];[-0.3886];9603.57285;400),(332497.73145;[0.6202];[-0.3298];9188.34697;1;0;[0.6195];[-0.3305];9228.94370;400),(334355.21007;[0.6902];[-0.2598];8823.61253;1;0;[0.6862];[-0.2638];8839.07291;400),(336023.63348;[0.697];[-0.253];8424.62881;1;0;[0.6933];[-0.2567];8428.62803;400),(337758.79097;[0.6737];[-0.2763];8100.07280;1;0;[0.6724];[-0.2776];8105.52127;400),(339798.39301;[0.6161];[-0.3339];7635.04583;1;0;[0.6162];[-0.3338];7641.85069;400),(341426.77093;[0.4187];[-0.5313];6807.25816;1;0;[0.4231];[-0.5269];6814.53055;400),(343399.54877;[0.5608];[-0.3892];9535.20114;1;0;[0.5614];[-0.3886];9603.57285;400),(345012.65192;[0.6202];[-0.3298];9188.34697;1;0;[0.6195];[-0.3305];9228.94370;400),(347001.94693;[0.6902];[-0.2598];8823.61253;1;0;[0.6862];[-0.2638];8839.07291;400),(348896.56949;[0.6868];[-0.2632];8430.19504;1;0;[0.6828];[-0.2672];8434.45802;400),(350831.62951;[0.6737];[-0.2763];8100.07280;1;0;[0.6724];[-0.2776];8105.52127;400),(352568.44378;[0.6161];[-0.3339];7635.04583;1;0;[0.6162];[-0.3338];7641.85069;400),(355547.67203;[0.5419];[-0.4081];7258.35678;1;0;[0.5438];[-0.4062];7265.91894;400),(355906.61502;[0.4916];[-0.4584];7055.75350;1;0;[0.4975];[-0.4525];7063.19822;400),(356305.78303;[0.4203];[-0.5297];6813.49992;1;0;[0.4253];[-0.5247];6820.81276;400),(356642.13109;[0.4203];[-0.5297];6813.49992;1;0;[0.4253];[-0.5247];6820.81276;400),(357048.26760;[0.4197];[-0.5303];6811.91383;1;0;[0.4243];[-0.5257];6819.21266;400),(358894.65737;[0.5682];[-0.3818];9528.73739;1;0;[0.5686];[-0.3814];9597.31518;400),(360697.15118;[0.6309];[-0.3191];9175.78673;1;0;[0.6296];[-0.3204];9215.77286;400),(362402.77362;[0.6826];[-0.2674];8825.09977;1;0;[0.6788];[-0.2712];8840.96838;400),(364360.92567;[0.6974];[-0.2526];8425.13366;1;0;[0.6938];[-0.2562];8429.19598;400),(366106.73237;[0.6737];[-0.2763];8101.92048;1;0;[0.6724];[-0.2776];8107.39061;400),(368124.14837;[0.6192];[-0.3308];7649.22158;1;0;[0.6192];[-0.3308];7656.12942;400),(369725.75116;[0.4197];[-0.5303];6811.91383;1;0;[0.4243];[-0.5257];6819.21266;400),(371572.86286;[0.5682];[-0.3818];9528.73739;1;0;[0.5686];[-0.3814];9597.31518;400),(373708.69136;[0.6309];[-0.3191];9175.78673;1;0;[0.6296];[-0.3204];9215.77286;400),(375401.70312;[0.6826];[-0.2674];8825.09977;1;0;[0.6788];[-0.2712];8840.96838;400),(377301.59616;[0.6974];[-0.2526];8425.13366;1;0;[0.6938];[-0.2562];8429.19598;400),(378796.71955;[0.6737];[-0.2763];8101.92048;1;0;[0.6724];[-0.2776];8107.39061;400),(380469.30170;[0.6192];[-0.3308];7649.22158;1;0;[0.6192];[-0.3308];7656.12942;400),(383586.85017;[0.5447];[-0.4053];7270.42539;1;0;[0.5465];[-0.4035];7278.06711;400),(384066.99586;[0.4923];[-0.4577];7059.14181;1;0;[0.4978];[-0.4522];7066.62731;400),(384365.20576;[0.4203];[-0.5297];6813.49992;1;0;[0.4253];[-0.5247];6820.81276;400),(384807.45316;[0.4197];[-0.5303];6811.91383;1;0;[0.4243];[-0.5257];6819.21266;400),(386687.38723;[0.5711];[-0.3789];9520.43157;1;0;[0.5715];[-0.3785];9588.68686;400),(388242.21516;[0.6219];[-0.3281];9177.10332;1;0;[0.6218];[-0.3282];9217.15708;400),(389675.39549;[0.6831];[-0.2669];8826.56670;1;0;[0.6791];[-0.2709];8842.49316;400),(391767.67159;[0.6811];[-0.2689];8436.36824;1;0;[0.6771];[-0.2729];8441.67688;400),(393247.21146;[0.6736];[-0.2764];8102.39173;1;0;[0.6725];[-0.2775];8107.92160;400),(394763.72933;[0.6202];[-0.3298];7654.67247;1;0;[0.6198];[-0.3302];7661.64516;400),(396382.65204;[0.4197];[-0.5303];6811.91383;1;0;[0.4243];[-0.5257];6819.21266;400),(398349.47157;[0.5711];[-0.3789];9520.43157;1;0;[0.5715];[-0.3785];9588.68686;400),(399983.23154;[0.6219];[-0.3281];9177.10332;1;0;[0.6218];[-0.3282];9217.15708;400),(401350.03924;[0.6831];[-0.2669];8826.56670;1;0;[0.6791];[-0.2709];8842.49316;400),(403031.26144;[0.6811];[-0.2689];8436.36824;1;0;[0.6771];[-0.2729];8441.67688;400),(404553.16544;[0.6736];[-0.2764];8102.39173;1;0;[0.6725];[-0.2775];8107.92160;400),(406995.57590;[0.6202];[-0.3298];7654.67247;1;0;[0.6198];[-0.3302];7661.64516;400),(410050.57192;[0.5465];[-0.4035];7276.96798;1;0;[0.5492];[-0.4008];7284.71063;400),(410657.51028;[0.4937];[-0.4563];7065.73022;1;0;[0.4991];[-0.4509];7073.22403;400),(411075.86360;[0.4907];[-0.4593];7051.00829;1;0;[0.4963];[-0.4537];7058.39852;400),(411433.33507;[0.4854];[-0.4646];7030.78481;1;0;[0.4913];[-0.4587];7038.08270;400),(412099.90764;[0.4854];[-0.4646];7030.78481;1;0;[0.4913];[-0.4587];7038.08270;400),(414258.16321;[0.5679];[-0.3821];9516.41833;1;0;[0.5676];[-0.3824];9583.22732;400),(415889.09554;[0.6219];[-0.3281];9177.10332;1;0;[0.6218];[-0.3282];9217.15708;400),(417578.88150;[0.6831];[-0.2669];8826.56670;1;0;[0.6791];[-0.2709];8842.49316;400),(419455.68132;[0.6905];[-0.2595];8458.26413;1;0;[0.6871];[-0.2629];8460.68022;400),(421039.64806;[0.6729];[-0.2771];8103.36659;1;0;[0.6713];[-0.2787];8108.93081;400),(422813.47108;[0.6214];[-0.3286];7657.60233;1;0;[0.6206];[-0.3294];7664.62960;400),(424447.05772;[0.4854];[-0.4646];7030.78481;1;0;[0.4913];[-0.4587];7038.08270;400),(426699.31579;[0.5704];[-0.3796];9511.24065;1;0;[0.5706];[-0.3794];9578.89923;400),(428492.65504;[0.6332];[-0.3168];9162.76839;1;0;[0.6331];[-0.3169];9201.62662;400),(430506.37078;[0.6938];[-0.2562];8800.67093;1;0;[0.6896];[-0.2604];8815.12872;400),(432066.56766;[0.6875];[-0.2625];8429.38867;1;0;[0.6836];[-0.2664];8433.62019;400),(433690.84120;[0.672];[-0.278];8095.38201;1;0;[0.6706];[-0.2794];8100.69291;400),(435572.65019;[0.6214];[-0.3286];7657.60233;1;0;[0.6206];[-0.3294];7664.62960;400),(438841.73322;[0.5472];[-0.4028];7281.09072;1;0;[0.55];[-0.4];7288.83958;400),(439252.18534;[0.4951];[-0.4549];7069.16181;1;0;[0.5005];[-0.4495];7076.72465;400),(439553.76720;[0.4918];[-0.4582];7055.69221;1;0;[0.4973];[-0.4527];7063.13654;400),(440069.69190;[0.4868];[-0.4632];7034.61904;1;0;[0.4921];[-0.4579];7041.93098;400),(440504.71401;[0.4854];[-0.4646];7030.78481;1;0;[0.4913];[-0.4587];7038.08270;400),(441172.18757;[0.4854];[-0.4646];7030.78481;1;0;[0.4913];[-0.4587];7038.08270;400),(443412.83202;[0.5808];[-0.3692];9505.54194;1;0;[0.583];[-0.367];9573.95103;400),(445145.94078;[0.6334];[-0.3166];9162.20584;1;0;[0.634];[-0.316];9201.04059;400),(446781.11815;[0.6938];[-0.2562];8800.67093;1;0;[0.6896];[-0.2604];8815.12872;400),(448342.21172;[0.6877];[-0.2623];8429.57703;1;0;[0.6843];[-0.2657];8433.81018;400),(450040.62557;[0.6737];[-0.2763];8100.07280;1;0;[0.6724];[-0.2776];8105.52127;400),(451530.94101;[0.6217];[-0.3283];7659.28101;1;0;[0.621];[-0.329];7666.35269;400),(453314.84962;[0.4854];[-0.4646];7030.78481;1;0;[0.4913];[-0.4587];7038.08270;400),(455462.40282;[0.5808];[-0.3692];9505.54194;1;0;[0.583];[-0.367];9573.95103;400),(457225.58308;[0.6334];[-0.3166];9162.20584;1;0;[0.634];[-0.316];9201.04059;400),(458809.23319;[0.6938];[-0.2562];8800.67093;1;0;[0.6896];[-0.2604];8815.12872;400),(460470.53504;[0.6877];[-0.2623];8429.57703;1;0;[0.6843];[-0.2657];8433.81018;400),(462060.03642;[0.6737];[-0.2763];8100.07280;1;0;[0.6724];[-0.2776];8105.52127;400),(463899.85371;[0.6217];[-0.3283];7659.28101;1;0;[0.621];[-0.329];7666.35269;400),(467640.21492;[0.5472];[-0.4028];7281.09072;1;0;[0.55];[-0.4];7288.83958;400),(468123.82126;[0.5407];[-0.4093];7253.93332;1;0;[0.5422];[-0.4078];7261.47635;400),(468451.70832;[0.4918];[-0.4582];7055.69221;1;0;[0.4973];[-0.4527];7063.13654;400),(468783.82492;[0.4854];[-0.4646];7030.78481;1;0;[0.4913];[-0.4587];7038.08270;400),(470515.18154;[0.5726];[-0.3774];9499.81188;1;0;[0.5736];[-0.3764];9567.13805;400),(472167.85645;[0.6249];[-0.3251];9158.46022;1;0;[0.6239];[-0.3261];9197.40850;400),(473772.22157;[0.6938];[-0.2562];8800.67093;1;0;[0.6896];[-0.2604];8815.12872;400),(475720.33644;[0.6877];[-0.2623];8429.57703;1;0;[0.6843];[-0.2657];8433.81018;400),(477248.09694;[0.6736];[-0.2764];8100.53204;1;0;[0.6727];[-0.2773];8106.01505;400),(479061.80239;[0.6222];[-0.3278];7659.86924;1;0;[0.6216];[-0.3284];7666.99523;400),(482128.13187;[0.5821];[-0.3679];7444.86479;1;0;[0.5827];[-0.3673];7452.29245;400),(482683.11858;[0.5419];[-0.4081];7258.76516;1;0;[0.5438];[-0.4062];7266.33669;400),(483021.45052;[0.4918];[-0.4582];7055.69221;1;0;[0.4973];[-0.4527];7063.13654;400),(483583.02069;[0.4907];[-0.4593];7051.00829;1;0;[0.4963];[-0.4537];7058.39852;400),(484069.08965;[0.4854];[-0.4646];7030.78481;1;0;[0.4913];[-0.4587];7038.08270;400),(484433.66361;[0.4854];[-0.4646];7030.78481;1;0;[0.4913];[-0.4587];7038.08270;400),(485950.64735;[0.5846];[-0.3654];9493.35387;1;0;[0.5873];[-0.3627];9560.95574;400),(488216.85290;[0.6202];[-0.3298];9159.72976;1;0;[0.62];[-0.33];9198.92612;400),(489841.93540;[0.6932];[-0.2568];8800.66718;1;0;[0.6883];[-0.2617];8815.13145;400),(491353.33705;[0.6868];[-0.2632];8430.19504;1;0;[0.6828];[-0.2672];8434.45802;400),(493179.85678;[0.6737];[-0.2763];8101.92048;1;0;[0.6724];[-0.2776];8107.39061;400),(494805.87006;[0.6217];[-0.3283];7660.99653;1;0;[0.6208];[-0.3292];7668.11268;400),(497842.96227;[0.5869];[-0.3631];7462.70456;1;0;[0.5862];[-0.3638];7470.24043;400),(498223.78445;[0.5447];[-0.4053];7270.42539;1;0;[0.5465];[-0.4035];7278.06711;400),(498497.82419;[0.4918];[-0.4582];7055.69221;1;0;[0.4973];[-0.4527];7063.13654;400),(498866.32633;[0.4907];[-0.4593];7051.00829;1;0;[0.4963];[-0.4537];7058.39852;400),(499342.54265;[0.4854];[-0.4646];7030.78481;1;0;[0.4913];[-0.4587];7038.08270;400),(501393.61143;[0.5816];[-0.3684];9484.90335;1;0;[0.5841];[-0.3659];9552.45703;400),(503142.39192;[0.6361];[-0.3139];9150.50451;1;0;[0.6366];[-0.3134];9188.82150;400),(504949.72873;[0.6861];[-0.2639];8804.06222;1;0;[0.6821];[-0.2679];8818.63763;400),(506673.98095;[0.697];[-0.253];8424.62881;1;0;[0.6933];[-0.2567];8428.62803;400),(508196.76137;[0.6741];[-0.2759];8102.83051;1;0;[0.673];[-0.277];8108.34112;400),(510061.92160;[0.6219];[-0.3281];7661.86977;1;0;[0.621];[-0.329];7669.02624;400),(513265.60116;[0.5874];[-0.3626];7467.14490;1;0;[0.5871];[-0.3629];7474.68441;400),(513667.07754;[0.5454];[-0.4046];7274.28551;1;0;[0.5482];[-0.4018];7281.96791;400),(513959.37562;[0.4918];[-0.4582];7055.69221;1;0;[0.4973];[-0.4527];7063.13654;400),(514339.01310;[0.4907];[-0.4593];7051.00829;1;0;[0.4963];[-0.4537];7058.39852;400),(514609.79939;[0.4907];[-0.4593];7051.00829;1;0;[0.4963];[-0.4537];7058.39852;400),(516667.04798;[0.5491];[-0.4009];9514.49780;1;0;[0.5497];[-0.4003];9584.61363;400),(518020.05601;[0.6361];[-0.3139];9150.50451;1;0;[0.6366];[-0.3134];9188.82150;400),(519710.38294;[0.6863];[-0.2637];8805.26268;1;0;[0.6824];[-0.2676];8819.91472;400),(521821.80095;[0.6974];[-0.2526];8425.13366;1;0;[0.6938];[-0.2562];8429.19598;400),(523316.53905;[0.6741];[-0.2759];8102.83051;1;0;[0.673];[-0.277];8108.34112;400),(524886.10482;[0.6415];[-0.3085];7807.00413;1;0;[0.6416];[-0.3084];7813.64102;400),(528273.51332;[0.5887];[-0.3613];7474.68370;1;0;[0.59];[-0.36];7482.33402;400),(528760.10633;[0.5465];[-0.4035];7276.95943;1;0;[0.5495];[-0.4005];7284.69898;400),(529117.90538;[0.5407];[-0.4093];7253.87203;1;0;[0.5423];[-0.4077];7261.41468;400),(529559.49712;[0.4907];[-0.4593];7051.00829;1;0;[0.4963];[-0.4537];7058.39852;400),(530084.59187;[0.4907];[-0.4593];7051.00829;1;0;[0.4963];[-0.4537];7058.39852;400),(531889.08529;[0.5491];[-0.4009];9514.49780;1;0;[0.5497];[-0.4003];9584.61363;400),(534079.40817;[0.6231];[-0.3269];9143.20823;1;0;[0.6225];[-0.3275];9181.32896;400),(535856.41074;[0.6863];[-0.2637];8805.26268;1;0;[0.6824];[-0.2676];8819.91472;400),(537701.09916;[0.6958];[-0.2542];8425.69122;1;0;[0.692];[-0.258];8429.72719;400),(539380.07617;[0.6729];[-0.2771];8103.36659;1;0;[0.6713];[-0.2787];8108.93081;400),(541095.26849;[0.6422];[-0.3078];7810.23295;1;0;[0.6421];[-0.3079];7816.91337;400),(544432.13701;[0.5897];[-0.3603];7477.18097;1;0;[0.5907];[-0.3593];7484.88451;400),(544940.68789;[0.5465];[-0.4035];7276.96798;1;0;[0.5492];[-0.4008];7284.71063;400),(545405.96247;[0.5419];[-0.4081];7258.35678;1;0;[0.5438];[-0.4062];7265.91894;400),(545747.41030;[0.5407];[-0.4093];7253.87203;1;0;[0.5423];[-0.4077];7261.41468;400),(547584.55563;[0.5491];[-0.4009];9514.49780;1;0;[0.5497];[-0.4003];9584.61363;400),(549345.96324;[0.6382];[-0.3118];9135.43632;1;0;[0.6394];[-0.3106];9172.76240;400),(550906.79574;[0.6864];[-0.2636];8805.47834;1;0;[0.6827];[-0.2673];8820.16763;400),(552707.53288;[0.6894];[-0.2606];8454.88209;1;0;[0.6861];[-0.2639];8457.24602;400),(554451.27201;[0.6736];[-0.2764];8103.80894;1;0;[0.6726];[-0.2774];8109.42784;400),(556193.52317;[0.6425];[-0.3075];7814.75163;1;0;[0.6423];[-0.3077];7821.42477;400),(559336.72976;[0.5897];[-0.3603];7477.18097;1;0;[0.5907];[-0.3593];7484.88451;400),(559956.60567;[0.5465];[-0.4035];7276.96798;1;0;[0.5492];[-0.4008];7284.71063;400),(560295.62736;[0.5419];[-0.4081];7258.76516;1;0;[0.5438];[-0.4062];7266.33669;400),(560598.49524;[0.5407];[-0.4093];7253.87203;1;0;[0.5423];[-0.4077];7261.41468;400),(560936.15079;[0.5407];[-0.4093];7253.87203;1;0;[0.5423];[-0.4077];7261.41468;400),(562446.15674;[0.5491];[-0.4009];9514.49780;1;0;[0.5497];[-0.4003];9584.61363;400),(563874.91608;[0.6383];[-0.3117];9134.25686;1;0;[0.6396];[-0.3104];9171.50237;400),(565712.26239;[0.6855];[-0.2645];8793.15736;1;0;[0.6815];[-0.2685];8807.60719;400),(567936.62047;[0.6875];[-0.2625];8429.38867;1;0;[0.6836];[-0.2664];8433.62019;400),(569742.36512;[0.6736];[-0.2764];8103.80894;1;0;[0.6726];[-0.2774];8109.42784;400),(571581.65073;[0.643];[-0.307];7817.80375;1;0;[0.6431];[-0.3069];7824.53818;400),(574435.28533;[0.5897];[-0.3603];7477.18097;1;0;[0.5907];[-0.3593];7484.88451;400),(574852.81563;[0.5858];[-0.3642];7458.11648;1;0;[0.5855];[-0.3645];7465.59552;400),(575248.69251;[0.5419];[-0.4081];7258.76516;1;0;[0.5438];[-0.4062];7266.33669;400),(575543.18786;[0.5407];[-0.4093];7253.87203;1;0;[0.5423];[-0.4077];7261.41468;400),(577485.22592;[0.5502];[-0.3998];9509.59413;1;0;[0.5516];[-0.3984];9579.35904;400),(579400.05016;[0.6345];[-0.3155];9135.00377;1;0;[0.6349];[-0.3151];9172.29788;400),(581184.37862;[0.6855];[-0.2645];8798.50905;1;0;[0.6815];[-0.2685];8812.94314;400),(582721.39359;[0.6877];[-0.2623];8429.57703;1;0;[0.6843];[-0.2657];8433.81018;400),(584344.25974;[0.6736];[-0.2764];8103.80894;1;0;[0.6726];[-0.2774];8109.42784;400),(585709.31935;[0.6441];[-0.3059];7819.90496;1;0;[0.6443];[-0.3057];7826.70914;400),(588760.23531;[0.5897];[-0.3603];7477.18097;1;0;[0.5907];[-0.3593];7484.88451;400),(589070.15848;[0.5872];[-0.3628];7462.69600;1;0;[0.5863];[-0.3637];7470.22878;400),(589417.91058;[0.5419];[-0.4081];7258.35678;1;0;[0.5438];[-0.4062];7265.91894;400),(589742.02323;[0.5407];[-0.4093];7253.87203;1;0;[0.5423];[-0.4077];7261.41468;400),(589987.90073;[0.5407];[-0.4093];7253.87203;1;0;[0.5423];[-0.4077];7261.41468;400),(590222.57566;[0.5407];[-0.4093];7253.87203;1;0;[0.5423];[-0.4077];7261.41468;400),(591776.70193;[0.5502];[-0.3998];9509.59413;1;0;[0.5516];[-0.3984];9579.35904;400),(593287.72044;[0.6414];[-0.3086];9119.03673;1;0;[0.6426];[-0.3074];9155.38840;400),(594742.05613;[0.6859];[-0.2641];8800.61331;1;0;[0.6819];[-0.2681];8815.08386;400),(596115.35239;[0.6877];[-0.2623];8429.57703;1;0;[0.6843];[-0.2657];8433.81018;400),(597669.72446;[0.6793];[-0.2707];8104.59567;1;0;[0.6777];[-0.2723];8110.13673;400),(599279.49715;[0.6441];[-0.3059];7819.90496;1;0;[0.6443];[-0.3057];7826.70914;400)]"
5,3,9387.803879589215,0.97151,1,1,[0.9664],[0.0164],600566.4949417114,"[(3575.43039;[0.5418];[-0.4082];9635.39526;1;0;[0.5395];[-0.4105];9636.27181;100),(5275.47336;[0.5418];[-0.4082];9635.39526;1;0;[0.5395];[-0.4105];9636.27181;100),(6196.26355;[0.5418];[-0.4082];9635.39526;1;0;[0.5395];[-0.4105];9636.27181;100),(6853.68514;[0.5418];[-0.4082];9635.39526;1;0;[0.5395];[-0.4105];9636.27181;100),(7539.62898;[0.5418];[-0.4082];9635.39526;1;0;[0.5395];[-0.4105];9636.27181;100),(8286.66139;[0.5418];[-0.4082];9635.39526;1;0;[0.5395];[-0.4105];9636.27181;100),(8726.91107;[0.6982];[-0.2518];8493.96927;1;0;[0.6899];[-0.2601];8477.71257;100),(9373.91996;[0.6626];[-0.2874];7862.57332;1;0;[0.6542];[-0.2958];7854.36678;100),(9788.73610;[0.5968];[-0.3532];7495.76940;1;0;[0.5915];[-0.3585];7488.96863;100),(10286.47637;[0.5017];[-0.4483];7091.20497;1;0;[0.5021];[-0.4479];7086.32449;100),(10730.15594;[0.4308];[-0.5192];6858.47160;1;0;[0.4337];[-0.5163];6854.41131;100),(11239.88509;[0.3359];[-0.6141];6597.28234;1;0;[0.3412];[-0.6088];6594.08782;100),(11758.38280;[0.235];[-0.715];6341.02238;1;0;[0.2341];[-0.7159];6338.46788;100),(12457.07107;[0.2325];[-0.7175];6329.58210;1;0;[0.2313];[-0.7187];6326.94210;100),(13114.64071;[0.2298];[-0.7202];6320.17895;1;0;[0.2271];[-0.7229];6317.54531;100),(13658.98085;[0.2298];[-0.7202];6320.17895;1;0;[0.2271];[-0.7229];6317.54531;100),(14793.12253;[0.5418];[-0.4082];9635.39526;1;0;[0.5395];[-0.4105];9636.27181;100),(16268.19158;[0.6335];[-0.3165];9224.12738;1;0;[0.63];[-0.32];9208.51185;100),(17583.78959;[0.6886];[-0.2614];8622.81220;1;0;[0.6796];[-0.2704];8605.42221;100),(18371.63496;[0.6695];[-0.2805];7986.44414;1;0;[0.6608];[-0.2892];7976.54358;100),(20028.62740;[0.552];[-0.398];7299.52274;1;0;[0.5515];[-0.3985];7293.75397;100),(21063.70473;[0.4278];[-0.5222];6852.14877;1;0;[0.4323];[-0.5177];6848.11376;100),(21990.09323;[0.4215];[-0.5285];6832.07236;1;0;[0.4263];[-0.5237];6827.91218;100),(22480.68523;[0.3339];[-0.6161];6592.30113;1;0;[0.3391];[-0.6109];6589.06977;100),(23094.34223;[0.3339];[-0.6161];6592.30113;1;0;[0.3391];[-0.6109];6589.06977;100),(24218.77408;[0.5418];[-0.4082];9635.39526;1;0;[0.5395];[-0.4105];9636.27181;100),(25463.87720;[0.6307];[-0.3193];9237.76557;1;0;[0.6266];[-0.3234];9222.62785;100),(26809.37052;[0.6934];[-0.2566];8631.58670;1;0;[0.6853];[-0.2647];8615.62095;100),(28185.09293;[0.6767];[-0.2733];8009.14250;1;0;[0.6696];[-0.2804];7999.66275;100),(30208.17351;[0.5577];[-0.3923];7307.73038;1;0;[0.5569];[-0.3931];7302.37693;100),(30659.14249;[0.4307];[-0.5193];6860.36742;1;0;[0.4341];[-0.5159];6856.38503;100),(31502.08616;[0.4273];[-0.5227];6850.17368;1;0;[0.4322];[-0.5178];6846.08092;100),(31831.01821;[0.4262];[-0.5238];6846.81326;1;0;[0.4313];[-0.5187];6842.68489;100),(32472.85485;[0.4204];[-0.5296];6827.36216;1;0;[0.4251];[-0.5249];6823.15483;100),(33455.18780;[0.4204];[-0.5296];6827.36216;1;0;[0.4251];[-0.5249];6823.15483;100),(34372.46633;[0.5418];[-0.4082];9635.39526;1;0;[0.5395];[-0.4105];9636.27181;100),(35595.72268;[0.621];[-0.329];9228.76854;1;0;[0.6183];[-0.3317];9209.68739;100),(37493.21914;[0.6883];[-0.2617];8652.33924;1;0;[0.6787];[-0.2713];8635.55998;100),(38288.27953;[0.6787];[-0.2713];8118.58232;1;0;[0.6724];[-0.2776];8107.39061;100),(39438.44819;[0.4204];[-0.5296];6827.36216;1;0;[0.4251];[-0.5249];6823.15483;100),(41181.54407;[0.5418];[-0.4082];9635.39526;1;0;[0.5395];[-0.4105];9636.27181;100),(42323.73738;[0.621];[-0.329];9228.76854;1;0;[0.6183];[-0.3317];9209.68739;100),(43730.32308;[0.6883];[-0.2617];8652.33924;1;0;[0.6787];[-0.2713];8635.55998;100),(44496.72914;[0.6787];[-0.2713];8118.58232;1;0;[0.6724];[-0.2776];8107.39061;100),(45972.29409;[0.5968];[-0.3532];7495.76940;1;0;[0.5915];[-0.3585];7488.96863;100),(46519.85097;[0.4999];[-0.4501];7084.36198;1;0;[0.501];[-0.449];7079.38204;100),(46944.75722;[0.4262];[-0.5238];6846.81326;1;0;[0.4313];[-0.5187];6842.68489;100),(47496.06299;[0.4212];[-0.5288];6829.87157;1;0;[0.4263];[-0.5237];6825.64028;100),(48865.15212;[0.4204];[-0.5296];6827.36216;1;0;[0.4251];[-0.5249];6823.15483;100),(49728.62434;[0.5418];[-0.4082];9635.39526;1;0;[0.5395];[-0.4105];9636.27181;100),(50620.80598;[0.6335];[-0.3165];9224.12738;1;0;[0.63];[-0.32];9208.51185;100),(51429.73709;[0.8566];[-0.0934];8692.02158;1;0;[0.8518];[-0.0982];8684.86090;100),(52266.83784;[0.6871];[-0.2629];8137.03718;1;0;[0.6802];[-0.2698];8126.31032;100),(53354.22301;[0.4204];[-0.5296];6827.36216;1;0;[0.4251];[-0.5249];6823.15483;100),(55107.71608;[0.5418];[-0.4082];9635.39526;1;0;[0.5395];[-0.4105];9636.27181;100),(55971.29393;[0.6348];[-0.3152];9199.68270;1;0;[0.632];[-0.318];9182.78922;100),(57054.14295;[0.6887];[-0.2613];8623.31514;1;0;[0.6798];[-0.2702];8605.97279;100),(57975.04210;[0.6871];[-0.2629];8137.03718;1;0;[0.6802];[-0.2698];8126.31032;100),(59911.12399;[0.6269];[-0.3231];7668.27406;1;0;[0.6204];[-0.3296];7660.42580;100),(60563.29298;[0.5506];[-0.3994];7292.47277;1;0;[0.55];[-0.4];7286.68681;100),(61458.89997;[0.4964];[-0.4536];7071.63303;1;0;[0.4978];[-0.4522];7066.53903;100),(62129.95195;[0.4962];[-0.4538];7070.37483;1;0;[0.4976];[-0.4524];7065.32550;100),(62509.67526;[0.4953];[-0.4547];7068.26425;1;0;[0.4973];[-0.4527];7063.13654;100),(62901.80564;[0.4951];[-0.4549];7066.36081;1;0;[0.4972];[-0.4528];7061.26250;100),(63206.03299;[0.4951];[-0.4549];7066.36081;1;0;[0.4972];[-0.4528];7061.26250;100),(64522.66479;[0.5429];[-0.4071];9632.31088;1;0;[0.5406];[-0.4094];9632.63795;100),(65613.82604;[0.6436];[-0.3064];9195.85132;1;0;[0.6414];[-0.3086];9180.13913;100),(66350.68274;[0.6929];[-0.2571];8632.29028;1;0;[0.6844];[-0.2656];8616.21316;100),(67048.57135;[0.6876];[-0.2624];8230.85442;1;0;[0.6796];[-0.2704];8218.33685;100),(69188.20643;[0.6278];[-0.3222];7674.60657;1;0;[0.6212];[-0.3288];7666.82665;100),(69756.60300;[0.5514];[-0.3986];7297.73655;1;0;[0.5507];[-0.3993];7291.92546;100),(70347.46313;[0.4965];[-0.4535];7071.70702;1;0;[0.4978];[-0.4522];7066.62731;100),(70709.01155;[0.4962];[-0.4538];7070.37483;1;0;[0.4976];[-0.4524];7065.32550;100),(71061.10358;[0.4951];[-0.4549];7066.36081;1;0;[0.4972];[-0.4528];7061.26250;100),(71626.62911;[0.4951];[-0.4549];7066.36081;1;0;[0.4972];[-0.4528];7061.26250;100),(72551.25022;[0.546];[-0.404];9617.77257;1;0;[0.5439];[-0.4061];9618.23673;100),(73445.86706;[0.6371];[-0.3129];9179.67040;1;0;[0.635];[-0.315];9162.64518;100),(74586.43937;[0.689];[-0.261];8654.25071;1;0;[0.6796];[-0.2704];8637.52121;100),(75416.06212;[0.6876];[-0.2624];8235.97499;1;0;[0.6791];[-0.2709];8223.49704;100),(76032.97544;[0.4951];[-0.4549];7066.36081;1;0;[0.4972];[-0.4528];7061.26250;100),(77719.18964;[0.546];[-0.404];9617.77257;1;0;[0.5439];[-0.4061];9618.23673;100),(78574.56565;[0.6371];[-0.3129];9179.67040;1;0;[0.635];[-0.315];9162.64518;100),(79766.28900;[0.689];[-0.261];8654.25071;1;0;[0.6796];[-0.2704];8637.52121;100),(80913.50698;[0.6878];[-0.2622];8236.43815;1;0;[0.6801];[-0.2699];8223.99624;100),(82243.28041;[0.6507];[-0.2993];7833.28310;1;0;[0.6431];[-0.3069];7824.53818;100),(82670.87865;[0.5958];[-0.3542];7489.26112;1;0;[0.5896];[-0.3604];7482.37077;100),(83371.26637;[0.5506];[-0.3994];7292.47277;1;0;[0.55];[-0.4];7286.68681;100),(83867.87701;[0.4951];[-0.4549];7066.36081;1;0;[0.4972];[-0.4528];7061.26250;100),(85300.05860;[0.553];[-0.397];9586.86913;1;0;[0.5507];[-0.3993];9581.37013;100),(86149.54734;[0.6465];[-0.3035];9181.10095;1;0;[0.6449];[-0.3051];9164.97415;100),(87214.05172;[0.8537];[-0.0963];8683.81348;1;0;[0.8486];[-0.1014];8676.50072;100),(87988.26504;[0.6952];[-0.2548];8254.40580;1;0;[0.6875];[-0.2625];8242.46365;100),(89084.24187;[0.6526];[-0.2974];7839.33755;1;0;[0.6449];[-0.3051];7830.74060;100),(89804.98290;[0.5965];[-0.3535];7492.44599;1;0;[0.5908];[-0.3592];7485.66320;100),(90203.73154;[0.5514];[-0.3986];7297.73655;1;0;[0.5507];[-0.3993];7291.92546;100),(90621.92130;[0.5492];[-0.4008];7287.35050;1;0;[0.5483];[-0.4017];7281.47322;100),(91254.10867;[0.5464];[-0.4036];7275.93427;1;0;[0.5449];[-0.4051];7270.00345;100),(91944.83924;[0.5461];[-0.4039];7273.87165;1;0;[0.5447];[-0.4053];7267.96644;100),(92363.89971;[0.5461];[-0.4039];7273.87165;1;0;[0.5447];[-0.4053];7267.96644;100),(93419.86012;[0.5519];[-0.3981];9590.89326;1;0;[0.5497];[-0.4003];9584.61363;100),(94902.85611;[0.6351];[-0.3149];9158.67265;1;0;[0.6322];[-0.3178];9140.75905;100),(95568.22181;[0.6933];[-0.2567];8632.10777;1;0;[0.6853];[-0.2647];8616.10977;100),(96386.38854;[0.6858];[-0.2642];8130.68132;1;0;[0.6789];[-0.2711];8119.92000;100),(97200.15526;[0.5461];[-0.4039];7273.87165;1;0;[0.5447];[-0.4053];7267.96644;100),(98322.06154;[0.5452];[-0.4048];7271.90044;1;0;[0.5438];[-0.4062];7265.91894;100),(98900.67673;[0.5519];[-0.3981];9590.89326;1;0;[0.5497];[-0.4003];9584.61363;100),(100432.21116;[0.6351];[-0.3149];9158.67265;1;0;[0.6322];[-0.3178];9140.75905;100),(101119.29107;[0.6933];[-0.2567];8632.10777;1;0;[0.6853];[-0.2647];8616.10977;100),(102360.40568;[0.6858];[-0.2642];8130.68132;1;0;[0.6789];[-0.2711];8119.92000;100),(103311.16915;[0.5452];[-0.4048];7271.90044;1;0;[0.5438];[-0.4062];7265.91894;100),(104892.68088;[0.5519];[-0.3981];9590.89326;1;0;[0.5497];[-0.4003];9584.61363;100),(106282.10902;[0.6355];[-0.3145];9156.43407;1;0;[0.632];[-0.318];9138.57333;100),(107475.61741;[0.6933];[-0.2567];8632.10777;1;0;[0.6853];[-0.2647];8616.10977;100),(108441.35094;[0.6858];[-0.2642];8130.68132;1;0;[0.6789];[-0.2711];8119.92000;100),(110358.34265;[0.5519];[-0.3981];9590.89326;1;0;[0.5497];[-0.4003];9584.61363;100),(111802.13785;[0.6355];[-0.3145];9156.43407;1;0;[0.632];[-0.318];9138.57333;100),(112520.98393;[0.6875];[-0.2625];8680.13449;1;0;[0.6795];[-0.2705];8666.12066;100),(113434.55338;[0.6926];[-0.2574];8328.76898;1;0;[0.6845];[-0.2655];8315.03057;100),(114270.53928;[0.6605];[-0.2895];7850.36311;1;0;[0.6521];[-0.2979];7842.20009;100),(114674.33906;[0.6267];[-0.3233];7666.44781;1;0;[0.6196];[-0.3304];7658.55398;100),(115352.03743;[0.5943];[-0.3557];7480.52337;1;0;[0.587];[-0.363];7473.61286;100),(115694.62395;[0.5492];[-0.4008];7287.35050;1;0;[0.5483];[-0.4017];7281.47322;100),(116344.25354;[0.5492];[-0.4008];7287.35050;1;0;[0.5483];[-0.4017];7281.47322;100),(116896.00897;[0.5461];[-0.4039];7273.87165;1;0;[0.5447];[-0.4053];7267.96644;100),(117341.14504;[0.5452];[-0.4048];7271.90044;1;0;[0.5438];[-0.4062];7265.91894;100),(118038.47909;[0.5563];[-0.3937];9580.08936;1;0;[0.5534];[-0.3966];9573.50421;100),(119144.34886;[0.6519];[-0.2981];9123.12632;1;0;[0.6494];[-0.3006];9107.91508;100),(120532.23467;[0.6883];[-0.2617];8652.33924;1;0;[0.6787];[-0.2713];8635.55998;100),(121721.52972;[0.6871];[-0.2629];8222.54560;1;0;[0.6783];[-0.2717];8210.01314;100),(122665.98630;[0.5452];[-0.4048];7271.90044;1;0;[0.5438];[-0.4062];7265.91894;100),(124014.30130;[0.5563];[-0.3937];9580.08936;1;0;[0.5534];[-0.3966];9573.50421;100),(125025.72107;[0.6525];[-0.2975];9130.90333;1;0;[0.6492];[-0.3008];9113.42917;100),(126284.91807;[0.6883];[-0.2617];8652.33924;1;0;[0.6787];[-0.2713];8635.55998;100),(127230.59368;[0.6871];[-0.2629];8222.54560;1;0;[0.6783];[-0.2717];8210.01314;100),(129612.45823;[0.5563];[-0.3937];9580.08936;1;0;[0.5534];[-0.3966];9573.50421;100),(130532.54962;[0.6519];[-0.2981];9123.12632;1;0;[0.6494];[-0.3006];9107.91508;100),(131869.62199;[0.6883];[-0.2617];8652.33924;1;0;[0.6787];[-0.2713];8635.55998;100),(132634.86600;[0.6931];[-0.2569];8337.35060;1;0;[0.6849];[-0.2651];8323.71978;100),(134102.03004;[0.6679];[-0.2821];7981.73773;1;0;[0.6597];[-0.2903];7971.68755;100),(134695.53351;[0.628];[-0.322];7673.73766;1;0;[0.6213];[-0.3287];7665.94035;100),(135082.57222;[0.5962];[-0.3538];7491.69667;1;0;[0.5907];[-0.3593];7484.88451;100),(135730.93915;[0.5492];[-0.4008];7287.35050;1;0;[0.5483];[-0.4017];7281.47322;100),(136726.82023;[0.5492];[-0.4008];7287.35050;1;0;[0.5483];[-0.4017];7281.47322;100),(137177.98543;[0.5492];[-0.4008];7287.35050;1;0;[0.5483];[-0.4017];7281.47322;100),(138664.54053;[0.5712];[-0.3788];9525.30861;1;0;[0.568];[-0.382];9519.52374;100),(139690.12785;[0.6653];[-0.2847];9091.74731;1;0;[0.6592];[-0.2908];9076.63753;100),(140635.49328;[0.6864];[-0.2636];8614.64755;1;0;[0.6782];[-0.2718];8597.10427;100),(141320.27698;[0.6878];[-0.2622];8236.43815;1;0;[0.6801];[-0.2699];8223.99624;100),(142027.42410;[0.5492];[-0.4008];7287.35050;1;0;[0.5483];[-0.4017];7281.47322;100),(144312.23726;[0.5712];[-0.3788];9525.30861;1;0;[0.568];[-0.382];9519.52374;100),(145154.78969;[0.6653];[-0.2847];9091.74731;1;0;[0.6592];[-0.2908];9076.63753;100),(146645.62201;[0.6864];[-0.2636];8614.64755;1;0;[0.6782];[-0.2718];8597.10427;100),(147528.76258;[0.6878];[-0.2622];8236.43815;1;0;[0.6801];[-0.2699];8223.99624;100),(149459.49841;[0.5492];[-0.4008];7287.35050;1;0;[0.5483];[-0.4017];7281.47322;100),(150676.64337;[0.5712];[-0.3788];9525.30861;1;0;[0.568];[-0.382];9519.52374;100),(151466.40539;[0.6653];[-0.2847];9091.74731;1;0;[0.6592];[-0.2908];9076.63753;100),(152473.81330;[0.6882];[-0.2618];8657.71662;1;0;[0.6785];[-0.2715];8640.96368;100),(153715.66606;[0.699];[-0.251];8354.38651;1;0;[0.6923];[-0.2577];8341.21428;100),(154595.94274;[0.6738];[-0.2762];7991.68205;1;0;[0.6662];[-0.2838];7982.07320;100),(154970.88146;[0.6517];[-0.2983];7835.37077;1;0;[0.6443];[-0.3057];7826.70914;100),(155393.52560;[0.6271];[-0.3229];7672.51050;1;0;[0.6206];[-0.3294];7664.62960;100),(155855.65281;[0.6267];[-0.3233];7666.44781;1;0;[0.6196];[-0.3304];7658.55398;100),(156479.78354;[0.5949];[-0.3551];7485.44208;1;0;[0.5888];[-0.3612];7478.54078;100),(156822.12472;[0.5943];[-0.3557];7480.52337;1;0;[0.587];[-0.363];7473.61286;100),(157181.98419;[0.5942];[-0.3558];7479.03486;1;0;[0.5872];[-0.3628];7472.15694;100),(157571.36750;[0.5936];[-0.3564];7477.18748;1;0;[0.5863];[-0.3637];7470.22878;100),(159091.83741;[0.5796];[-0.3704];9461.72296;1;0;[0.5756];[-0.3744];9454.86484;100),(160392.87901;[0.6726];[-0.2774];9053.32255;1;0;[0.6656];[-0.2844];9037.88815;100),(161016.61968;[0.6933];[-0.2567];8632.10777;1;0;[0.6853];[-0.2647];8616.10977;100),(162158.55670;[0.6946];[-0.2554];8250.05407;1;0;[0.687];[-0.263];8238.00810;100),(164560.77194;[0.5796];[-0.3704];9461.72296;1;0;[0.5756];[-0.3744];9454.86484;100),(165760.54144;[0.6726];[-0.2774];9053.32255;1;0;[0.6656];[-0.2844];9037.88815;100),(166604.73585;[0.6933];[-0.2567];8632.10777;1;0;[0.6853];[-0.2647];8616.10977;100),(167748.03877;[0.6946];[-0.2554];8250.05407;1;0;[0.687];[-0.263];8238.00810;100),(168267.12847;[0.6742];[-0.2758];7994.10526;1;0;[0.6671];[-0.2829];7984.53121;100),(168702.30556;[0.6269];[-0.3231];7668.27406;1;0;[0.6204];[-0.3296];7660.42580;100),(169080.71876;[0.6267];[-0.3233];7666.44781;1;0;[0.6196];[-0.3304];7658.55398;100),(169618.78276;[0.626];[-0.324];7663.37727;1;0;[0.6191];[-0.3309];7655.43720;100),(170104.40660;[0.6232];[-0.3268];7653.34088;1;0;[0.6182];[-0.3318];7645.34374;100),(170496.53673;[0.622];[-0.328];7649.41679;1;0;[0.6168];[-0.3332];7641.37309;100),(171195.21141;[0.5815];[-0.3685];9443.41651;1;0;[0.5773];[-0.3727];9432.52723;100),(172274.98960;[0.6538];[-0.2962];9016.08106;1;0;[0.6501];[-0.2999];8997.73673;100),(172973.43302;[0.7013];[-0.2487];8518.42989;1;0;[0.6933];[-0.2567];8503.98787;100),(174198.23527;[0.678];[-0.272];8120.10065;1;0;[0.6721];[-0.2779];8108.89283;100),(174551.06354;[0.6695];[-0.2805];7986.13736;1;0;[0.6606];[-0.2894];7976.17996;100),(174959.44309;[0.6517];[-0.2983];7835.37077;1;0;[0.6443];[-0.3057];7826.70914;100),(175342.54432;[0.6259];[-0.3241];7664.10573;1;0;[0.6192];[-0.3308];7656.12942;100),(176057.13415;[0.6232];[-0.3268];7653.34088;1;0;[0.6182];[-0.3318];7645.34374;100),(177687.86025;[0.582];[-0.368];9440.40216;1;0;[0.578];[-0.372];9428.65492;100),(178427.00338;[0.6538];[-0.2962];9016.08106;1;0;[0.6501];[-0.2999];8997.73673;100),(179743.79730;[0.6917];[-0.2583];8600.75550;1;0;[0.6831];[-0.2669];8584.05224;100),(180741.46152;[0.6868];[-0.2632];8135.81583;1;0;[0.6789];[-0.2711];8125.02335;100),(181205.51419;[0.6693];[-0.2807];7987.48086;1;0;[0.66];[-0.29];7977.50230;100),(181701.16949;[0.6519];[-0.2981];7835.97672;1;0;[0.6442];[-0.3058];7827.34881;100),(182105.30925;[0.6507];[-0.2993];7833.28310;1;0;[0.6431];[-0.3069];7824.53818;100),(182477.84805;[0.6497];[-0.3003];7825.67606;1;0;[0.6421];[-0.3079];7816.91337;100),(182934.02839;[0.6488];[-0.3012];7822.45074;1;0;[0.6416];[-0.3084];7813.64102;100),(183391.30425;[0.6488];[-0.3012];7822.45074;1;0;[0.6416];[-0.3084];7813.64102;100),(184212.09145;[0.5922];[-0.3578];9434.36029;1;0;[0.5874];[-0.3626];9423.28456;100),(185062.09159;[0.6618];[-0.2882];8988.41172;1;0;[0.6567];[-0.2933];8969.78899;100),(185744.52472;[0.6964];[-0.2536];8574.11280;1;0;[0.6877];[-0.2623];8558.04081;100),(187394.90271;[0.6877];[-0.2623];8231.87031;1;0;[0.6797];[-0.2703];8219.40224;100),(188004.43792;[0.6742];[-0.2758];7994.10526;1;0;[0.6671];[-0.2829];7984.53121;100),(188328.85933;[0.6682];[-0.2818];7979.63575;1;0;[0.6598];[-0.2902];7969.62017;100),(188676.88251;[0.6497];[-0.3003];7825.67606;1;0;[0.6421];[-0.3079];7816.91337;100),(189312.42633;[0.6497];[-0.3003];7825.67606;1;0;[0.6421];[-0.3079];7816.91337;100),(189714.64372;[0.6488];[-0.3012];7822.45074;1;0;[0.6416];[-0.3084];7813.64102;100),(190213.88984;[0.6488];[-0.3012];7822.45074;1;0;[0.6416];[-0.3084];7813.64102;100),(190943.61258;[0.5973];[-0.3527];9413.96016;1;0;[0.5919];[-0.3581];9402.52299;100),(191859.09486;[0.6618];[-0.2882];8988.41172;1;0;[0.6567];[-0.2933];8969.78899;100),(192720.21890;[0.696];[-0.254];8574.93276;1;0;[0.6876];[-0.2624];8558.87224;100),(193785.74491;[0.6881];[-0.2619];8235.72767;1;0;[0.6807];[-0.2693];8223.35813;100),(194273.08750;[0.6784];[-0.2716];8116.68770;1;0;[0.6719];[-0.2781];8105.44911;100),(194835.27231;[0.6689];[-0.2811];7981.34474;1;0;[0.66];[-0.29];7971.37681;100),(195278.94926;[0.6497];[-0.3003];7825.67606;1;0;[0.6421];[-0.3079];7816.91337;100),(195741.15610;[0.6497];[-0.3003];7825.67606;1;0;[0.6421];[-0.3079];7816.91337;100),(196055.38201;[0.6488];[-0.3012];7822.45074;1;0;[0.6416];[-0.3084];7813.64102;100),(196465.98482;[0.6488];[-0.3012];7822.45074;1;0;[0.6416];[-0.3084];7813.64102;100),(197322.77513;[0.6013];[-0.3487];9400.13688;1;0;[0.597];[-0.353];9387.86574;100),(198345.63756;[0.6724];[-0.2776];8969.14552;1;0;[0.6659];[-0.2841];8953.62379;100),(199345.28971;[0.6975];[-0.2525];8495.45565;1;0;[0.6891];[-0.2609];8479.19001;100),(200029.75702;[0.6488];[-0.3012];7822.45074;1;0;[0.6416];[-0.3084];7813.64102;100),(201471.34185;[0.6165];[-0.3335];9348.54825;1;0;[0.6141];[-0.3359];9338.66857;100),(202088.74154;[0.6724];[-0.2776];8969.14552;1;0;[0.6659];[-0.2841];8953.62379;100),(202708.42481;[0.6975];[-0.2525];8495.45565;1;0;[0.6891];[-0.2609];8479.19001;100),(204017.21191;[0.6878];[-0.2622];8236.43815;1;0;[0.6801];[-0.2699];8223.99624;100),(204447.32738;[0.6782];[-0.2718];8117.80497;1;0;[0.6718];[-0.2782];8106.56567;100),(204945.28222;[0.6695];[-0.2805];7986.13736;1;0;[0.6606];[-0.2894];7976.17996;100),(205509.03177;[0.6497];[-0.3003];7825.67606;1;0;[0.6421];[-0.3079];7816.91337;100),(205883.92901;[0.6497];[-0.3003];7825.67606;1;0;[0.6421];[-0.3079];7816.91337;100),(206361.29808;[0.6488];[-0.3012];7822.45074;1;0;[0.6416];[-0.3084];7813.64102;100),(206638.34190;[0.6488];[-0.3012];7822.45074;1;0;[0.6416];[-0.3084];7813.64102;100),(207989.47644;[0.605];[-0.345];9369.86327;1;0;[0.6009];[-0.3491];9357.27563;100),(208937.21318;[0.6722];[-0.2778];8970.06366;1;0;[0.6656];[-0.2844];8954.52207;100),(209884.09233;[0.691];[-0.259];8592.50212;1;0;[0.6829];[-0.2671];8575.68249;100),(210934.12399;[0.6944];[-0.2556];8249.11983;1;0;[0.6869];[-0.2631];8237.10688;100),(211349.57027;[0.6785];[-0.2715];8119.11296;1;0;[0.6725];[-0.2775];8107.92160;100),(211798.09499;[0.6695];[-0.2805];7986.44414;1;0;[0.6608];[-0.2892];7976.54358;100),(212295.42255;[0.6678];[-0.2822];7980.00342;1;0;[0.6594];[-0.2906];7969.95275;100),(212769.08040;[0.6673];[-0.2827];7977.62289;1;0;[0.659];[-0.291];7967.52231;100),(213344.62023;[0.666];[-0.284];7968.01523;1;0;[0.6572];[-0.2928];7957.89434;100),(213970.93010;[0.666];[-0.284];7968.01523;1;0;[0.6572];[-0.2928];7957.89434;100),(215085.81972;[0.6278];[-0.3222];9284.63218;1;0;[0.6247];[-0.3253];9273.22895;100),(215958.32586;[0.68];[-0.27];8937.67840;1;0;[0.6722];[-0.2778];8921.84909;100),(216709.84077;[0.7008];[-0.2492];8516.26508;1;0;[0.6931];[-0.2569];8501.84201;100),(217450.50073;[0.666];[-0.284];7968.01523;1;0;[0.6572];[-0.2928];7957.89434;100),(219259.55796;[0.6278];[-0.3222];9284.63218;1;0;[0.6247];[-0.3253];9273.22895;100),(219984.63726;[0.68];[-0.27];8937.67840;1;0;[0.6722];[-0.2778];8921.84909;100),(220875.88930;[0.7008];[-0.2492];8516.26508;1;0;[0.6931];[-0.2569];8501.84201;100),(222151.83210;[0.6926];[-0.2574];8328.76898;1;0;[0.6845];[-0.2655];8315.03057;100),(222806.21195;[0.6779];[-0.2721];8120.17647;1;0;[0.6713];[-0.2787];8108.93081;100),(223295.73131;[0.6775];[-0.2725];8108.49267;1;0;[0.6705];[-0.2795];8097.18923;100),(223614.13455;[0.6689];[-0.2811];7981.34474;1;0;[0.66];[-0.29];7971.37681;100),(224047.33014;[0.6673];[-0.2827];7977.62289;1;0;[0.659];[-0.291];7967.52231;100),(225381.05226;[0.666];[-0.284];7968.01523;1;0;[0.6572];[-0.2928];7957.89434;100),(226734.96342;[0.6041];[-0.3459];9288.14811;1;0;[0.5997];[-0.3503];9271.30135;100),(227402.01354;[0.67];[-0.28];8954.23232;1;0;[0.6633];[-0.2867];8937.96898;100),(228251.41668;[0.7013];[-0.2487];8518.42989;1;0;[0.6933];[-0.2567];8503.98787;100),(229631.78587;[0.6934];[-0.2566];8335.75022;1;0;[0.6849];[-0.2651];8322.07504;100),(230016.36887;[0.6878];[-0.2622];8231.84846;1;0;[0.6801];[-0.2699];8219.41839;100),(230340.85345;[0.6787];[-0.2713];8116.72016;1;0;[0.6724];[-0.2776];8105.52127;100),(230735.37350;[0.6689];[-0.2811];7981.34474;1;0;[0.66];[-0.29];7971.37681;100),(231049.93033;[0.6673];[-0.2827];7977.62289;1;0;[0.659];[-0.291];7967.52231;100),(232221.29416;[0.6673];[-0.2827];7977.62289;1;0;[0.659];[-0.291];7967.52231;100),(233043.49709;[0.6122];[-0.3378];9287.73187;1;0;[0.6089];[-0.3411];9270.63329;100),(233986.75966;[0.684];[-0.266];8923.81274;1;0;[0.6756];[-0.2744];8907.52843;100),(234569.65733;[0.6946];[-0.2554];8565.65338;1;0;[0.6866];[-0.2634];8549.43015;100),(235262.11762;[0.6673];[-0.2827];7977.62289;1;0;[0.659];[-0.291];7967.52231;100),(237226.64762;[0.6122];[-0.3378];9287.73187;1;0;[0.6089];[-0.3411];9270.63329;100),(238333.45962;[0.684];[-0.266];8923.81274;1;0;[0.6756];[-0.2744];8907.52843;100),(238960.55031;[0.6946];[-0.2554];8565.65338;1;0;[0.6866];[-0.2634];8549.43015;100),(240365.38982;[0.6927];[-0.2573];8336.34763;1;0;[0.6846];[-0.2654];8322.63479;100),(240892.75694;[0.688];[-0.262];8235.53464;1;0;[0.6804];[-0.2696];8223.11412;100),(241253.48687;[0.6792];[-0.2708];8117.18472;1;0;[0.6727];[-0.2773];8106.01505;100),(241818.55965;[0.6689];[-0.2811];7981.34474;1;0;[0.66];[-0.29];7971.37681;100),(242396.29745;[0.6678];[-0.2822];7980.00342;1;0;[0.6594];[-0.2906];7969.95275;100),(242773.84782;[0.6673];[-0.2827];7977.62289;1;0;[0.659];[-0.291];7967.52231;100),(243741.82415;[0.6673];[-0.2827];7977.62289;1;0;[0.659];[-0.291];7967.52231;100),(244090.38329;[0.6673];[-0.2827];7977.62289;1;0;[0.659];[-0.291];7967.52231;100),(244999.00985;[0.6176];[-0.3324];9266.88388;1;0;[0.614];[-0.336];9249.32892;100),(245907.50194;[0.683];[-0.267];8924.09824;1;0;[0.6747];[-0.2753];8907.70445;100),(246716.66455;[0.6964];[-0.2536];8574.11280;1;0;[0.6877];[-0.2623];8558.04081;100),(247341.57705;[0.6673];[-0.2827];7977.62289;1;0;[0.659];[-0.291];7967.52231;100),(248417.46426;[0.6673];[-0.2827];7977.62289;1;0;[0.659];[-0.291];7967.52231;100),(249116.53686;[0.622];[-0.328];9244.12992;1;0;[0.6201];[-0.3299];9225.75055;100),(249786.01551;[0.6896];[-0.2604];8880.20887;1;0;[0.6822];[-0.2678];8864.36818;100),(250638.48352;[0.6971];[-0.2529];8488.30747;1;0;[0.6889];[-0.2611];8471.95248;100),(251483.10494;[0.6673];[-0.2827];7977.62289;1;0;[0.659];[-0.291];7967.52231;100),(253741.14823;[0.622];[-0.328];9244.12992;1;0;[0.6201];[-0.3299];9225.75055;100),(254434.21960;[0.6896];[-0.2604];8880.20887;1;0;[0.6822];[-0.2678];8864.36818;100),(255347.15319;[0.6971];[-0.2529];8488.30747;1;0;[0.6889];[-0.2611];8471.95248;100),(257449.20015;[0.6673];[-0.2827];7977.62289;1;0;[0.659];[-0.291];7967.52231;100),(258133.37731;[0.622];[-0.328];9244.12992;1;0;[0.6201];[-0.3299];9225.75055;100),(258821.70320;[0.683];[-0.267];8924.09824;1;0;[0.6747];[-0.2753];8907.70445;100),(259712.71443;[0.6964];[-0.2536];8574.11280;1;0;[0.6877];[-0.2623];8558.04081;100),(260467.27896;[0.6925];[-0.2575];8338.23743;1;0;[0.6845];[-0.2655];8324.55181;100),(260942.27529;[0.6881];[-0.2619];8235.72767;1;0;[0.6807];[-0.2693];8223.35813;100),(261477.46730;[0.6792];[-0.2708];8117.18472;1;0;[0.6727];[-0.2773];8106.01505;100),(261988.17539;[0.6775];[-0.2725];8108.49267;1;0;[0.6705];[-0.2795];8097.18923;100),(262416.99290;[0.6678];[-0.2822];7980.00342;1;0;[0.6594];[-0.2906];7969.95275;100),(262891.88480;[0.6673];[-0.2827];7977.62289;1;0;[0.659];[-0.291];7967.52231;100),(263478.44219;[0.6673];[-0.2827];7977.62289;1;0;[0.659];[-0.291];7967.52231;100),(263773.62943;[0.6673];[-0.2827];7977.62289;1;0;[0.659];[-0.291];7967.52231;100),(264504.57239;[0.6373];[-0.3127];9177.32702;1;0;[0.6351];[-0.3149];9160.37322;100),(265425.56500;[0.6873];[-0.2627];8859.88081;1;0;[0.6792];[-0.2708];8843.27410;100),(266296.91792;[0.6982];[-0.2518];8493.96927;1;0;[0.6899];[-0.2601];8477.71257;100),(267941.31565;[0.6673];[-0.2827];7977.62289;1;0;[0.659];[-0.291];7967.52231;100),(269060.17089;[0.6373];[-0.3127];9177.32702;1;0;[0.6351];[-0.3149];9160.37322;100),(269753.44181;[0.681];[-0.269];8905.04058;1;0;[0.6724];[-0.2776];8887.86135;100),(270604.29692;[0.6959];[-0.2541];8575.77882;1;0;[0.6875];[-0.2625];8559.70023;100),(271631.09469;[0.6977];[-0.2523];8346.60564;1;0;[0.6907];[-0.2593];8333.41449;100),(272107.32055;[0.6878];[-0.2622];8236.08694;1;0;[0.6798];[-0.2702];8223.65962;100),(272495.79144;[0.6878];[-0.2622];8231.84846;1;0;[0.6801];[-0.2699];8219.41839;100),(272982.97429;[0.6784];[-0.2716];8116.68770;1;0;[0.6719];[-0.2781];8105.44911;100),(273305.61209;[0.6775];[-0.2725];8108.49267;1;0;[0.6705];[-0.2795];8097.18923;100),(273737.54883;[0.6775];[-0.2725];8108.49267;1;0;[0.6705];[-0.2795];8097.18923;100),(274466.92657;[0.677];[-0.273];8105.38559;1;0;[0.6697];[-0.2803];8094.03303;100),(275177.53005;[0.6489];[-0.3011];9146.99826;1;0;[0.6467];[-0.3033];9130.15575;100),(275962.15248;[0.6866];[-0.2634];8861.52792;1;0;[0.6785];[-0.2715];8844.86082;100),(276940.02628;[0.6981];[-0.2519];8494.73781;1;0;[0.6898];[-0.2602];8478.52412;100),(277756.05154;[0.677];[-0.273];8105.38559;1;0;[0.6697];[-0.2803];8094.03303;100),(278449.66197;[0.677];[-0.273];8105.38559;1;0;[0.6697];[-0.2803];8094.03303;100),(279439.64410;[0.6438];[-0.3062];9116.23877;1;0;[0.641];[-0.309];9096.98061;100),(280169.92784;[0.6916];[-0.2584];8810.59464;1;0;[0.6845];[-0.2655];8795.21561;100),(281200.27351;[0.6988];[-0.2512];8351.66975;1;0;[0.692];[-0.258];8338.51542;100),(281636.74569;[0.6926];[-0.2574];8328.76898;1;0;[0.6845];[-0.2655];8315.03057;100),(282103.14703;[0.6877];[-0.2623];8234.51423;1;0;[0.6795];[-0.2705];8222.02467;100),(282736.14645;[0.6792];[-0.2708];8117.18472;1;0;[0.6727];[-0.2773];8106.01505;100),(283105.85880;[0.6787];[-0.2713];8116.72016;1;0;[0.6724];[-0.2776];8105.52127;100),(283581.63810;[0.6775];[-0.2725];8108.49267;1;0;[0.6705];[-0.2795];8097.18923;100),(283986.31096;[0.6775];[-0.2725];8108.49267;1;0;[0.6705];[-0.2795];8097.18923;100),(284413.57994;[0.6775];[-0.2725];8108.49267;1;0;[0.6705];[-0.2795];8097.18923;100),(284791.65673;[0.6775];[-0.2725];8108.49267;1;0;[0.6705];[-0.2795];8097.18923;100),(286230.63874;[0.6546];[-0.2954];9070.48244;1;0;[0.651];[-0.299];9053.32397;100),(287224.73335;[0.689];[-0.261];8653.07872;1;0;[0.6795];[-0.2705];8636.32726;100),(288022.45045;[0.6775];[-0.2725];8108.49267;1;0;[0.6705];[-0.2795];8097.18923;100),(288840.55924;[0.6775];[-0.2725];8108.49267;1;0;[0.6705];[-0.2795];8097.18923;100),(289928.64919;[0.6505];[-0.2995];9024.87595;1;0;[0.647];[-0.303];9007.01050;100),(290730.54552;[0.689];[-0.261];8653.07872;1;0;[0.6795];[-0.2705];8636.32726;100),(291310.94289;[0.6775];[-0.2725];8108.49267;1;0;[0.6705];[-0.2795];8097.18923;100),(292282.31668;[0.677];[-0.273];8105.38559;1;0;[0.6697];[-0.2803];8094.03303;100),(293242.91492;[0.6505];[-0.2995];9024.87595;1;0;[0.647];[-0.303];9007.01050;100),(294392.11297;[0.689];[-0.261];8653.07872;1;0;[0.6795];[-0.2705];8636.32726;100),(295100.77596;[0.677];[-0.273];8105.38559;1;0;[0.6697];[-0.2803];8094.03303;100),(295874.25160;[0.677];[-0.273];8105.38559;1;0;[0.6697];[-0.2803];8094.03303;100),(296830.80912;[0.6573];[-0.2927];9004.52356;1;0;[0.6534];[-0.2966];8985.72550;100),(297978.58691;[0.6914];[-0.2586];8589.43394;1;0;[0.6827];[-0.2673];8572.95064;100),(298676.24903;[0.677];[-0.273];8105.38559;1;0;[0.6697];[-0.2803];8094.03303;100),(299392.88306;[0.677];[-0.273];8105.38559;1;0;[0.6697];[-0.2803];8094.03303;100),(300220.18909;[0.6573];[-0.2927];9004.52356;1;0;[0.6534];[-0.2966];8985.72550;100),(301495.35394;[0.6914];[-0.2586];8589.43394;1;0;[0.6827];[-0.2673];8572.95064;100),(302332.89790;[0.677];[-0.273];8105.38559;1;0;[0.6697];[-0.2803];8094.03303;100),(303090.96336;[0.677];[-0.273];8105.38559;1;0;[0.6697];[-0.2803];8094.03303;100),(303882.23290;[0.6722];[-0.2778];8970.06366;1;0;[0.6656];[-0.2844];8954.52207;100),(304706.61664;[0.6914];[-0.2586];8589.43394;1;0;[0.6827];[-0.2673];8572.95064;100),(305379.82082;[0.677];[-0.273];8105.38559;1;0;[0.6697];[-0.2803];8094.03303;100),(306777.44532;[0.6722];[-0.2778];8970.06366;1;0;[0.6656];[-0.2844];8954.52207;100),(308125.52333;[0.6914];[-0.2586];8589.43394;1;0;[0.6827];[-0.2673];8572.95064;100),(309356.50682;[0.6966];[-0.2534];8419.73160;1;0;[0.6875];[-0.2625];8404.87873;100),(309761.24620;[0.6934];[-0.2566];8335.75022;1;0;[0.6849];[-0.2651];8322.07504;100),(310091.90655;[0.688];[-0.262];8235.53464;1;0;[0.6804];[-0.2696];8223.11412;100),(310444.78393;[0.6876];[-0.2624];8230.85442;1;0;[0.6796];[-0.2704];8218.33685;100),(310756.35862;[0.6787];[-0.2713];8116.72016;1;0;[0.6724];[-0.2776];8105.52127;100),(311167.05942;[0.6775];[-0.2725];8108.49267;1;0;[0.6705];[-0.2795];8097.18923;100),(311578.03917;[0.6775];[-0.2725];8108.49267;1;0;[0.6705];[-0.2795];8097.18923;100),(311937.57272;[0.6775];[-0.2725];8108.49267;1;0;[0.6705];[-0.2795];8097.18923;100),(312259.36222;[0.6775];[-0.2725];8108.49267;1;0;[0.6705];[-0.2795];8097.18923;100),(312654.17790;[0.6775];[-0.2725];8108.49267;1;0;[0.6705];[-0.2795];8097.18923;100),(313826.86281;[0.67];[-0.28];8953.06143;1;0;[0.6627];[-0.2873];8936.72905;100),(314622.75839;[0.6923];[-0.2577];8599.51045;1;0;[0.6838];[-0.2662];8582.81473;100),(315248.92950;[0.6775];[-0.2725];8108.49267;1;0;[0.6705];[-0.2795];8097.18923;100),(315957.77750;[0.6775];[-0.2725];8108.49267;1;0;[0.6705];[-0.2795];8097.18923;100),(317567.22450;[0.67];[-0.28];8953.06143;1;0;[0.6627];[-0.2873];8936.72905;100),(318302.19150;[0.6923];[-0.2577];8599.51045;1;0;[0.6838];[-0.2662];8582.81473;100),(318922.31274;[0.6775];[-0.2725];8108.49267;1;0;[0.6705];[-0.2795];8097.18923;100),(319646.36159;[0.6775];[-0.2725];8108.49267;1;0;[0.6705];[-0.2795];8097.18923;100),(320240.82494;[0.6771];[-0.2729];8919.47959;1;0;[0.6698];[-0.2802];8902.91996;100),(321290.54689;[0.6988];[-0.2512];8503.86743;1;0;[0.691];[-0.259];8489.33129;100),(321880.44381;[0.6775];[-0.2725];8108.49267;1;0;[0.6705];[-0.2795];8097.18923;100),(322743.85095;[0.6775];[-0.2725];8108.49267;1;0;[0.6705];[-0.2795];8097.18923;100),(323799.05295;[0.6771];[-0.2729];8919.47959;1;0;[0.6698];[-0.2802];8902.91996;100),(324683.89702;[0.6988];[-0.2512];8503.86743;1;0;[0.691];[-0.259];8489.33129;100),(325284.14750;[0.6775];[-0.2725];8108.49267;1;0;[0.6705];[-0.2795];8097.18923;100),(325971.30656;[0.6775];[-0.2725];8108.49267;1;0;[0.6705];[-0.2795];8097.18923;100),(326712.05878;[0.6831];[-0.2669];8882.66760;1;0;[0.6751];[-0.2749];8865.68080;100),(327558.30216;[0.6988];[-0.2512];8503.86743;1;0;[0.691];[-0.259];8489.33129;100),(328176.99218;[0.6775];[-0.2725];8108.49267;1;0;[0.6705];[-0.2795];8097.18923;100),(328933.19416;[0.6775];[-0.2725];8108.49267;1;0;[0.6705];[-0.2795];8097.18923;100),(330024.43671;[0.6831];[-0.2669];8882.66760;1;0;[0.6751];[-0.2749];8865.68080;100),(331065.21320;[0.6988];[-0.2512];8503.86743;1;0;[0.691];[-0.259];8489.33129;100),(331649.64795;[0.6775];[-0.2725];8108.49267;1;0;[0.6705];[-0.2795];8097.18923;100),(332351.57919;[0.6775];[-0.2725];8108.49267;1;0;[0.6705];[-0.2795];8097.18923;100),(332953.11260;[0.6894];[-0.2606];8835.87943;1;0;[0.6824];[-0.2676];8819.91472;100),(333688.88831;[0.6965];[-0.2535];8422.84313;1;0;[0.6875];[-0.2625];8408.01301;100),(334091.82143;[0.6775];[-0.2725];8108.49267;1;0;[0.6705];[-0.2795];8097.18923;100),(334594.88368;[0.6775];[-0.2725];8108.49267;1;0;[0.6705];[-0.2795];8097.18923;100),(335591.05468;[0.6882];[-0.2618];8657.71662;1;0;[0.6785];[-0.2715];8640.96368;100),(337201.57075;[0.6959];[-0.2541];8423.38587;1;0;[0.6869];[-0.2631];8408.52265;100),(337555.26185;[0.6876];[-0.2624];8230.85442;1;0;[0.6796];[-0.2704];8218.33685;100),(338378.16143;[0.6872];[-0.2628];8228.58768;1;0;[0.6792];[-0.2708];8216.01949;100),(338933.61044;[0.6872];[-0.2628];8228.58768;1;0;[0.6792];[-0.2708];8216.01949;100),(339331.56085;[0.6872];[-0.2628];8228.58768;1;0;[0.6792];[-0.2708];8216.01949;100),(340400.26188;[0.6917];[-0.2583];8622.65109;1;0;[0.6832];[-0.2668];8606.51453;100),(341056.06985;[0.6872];[-0.2628];8228.58768;1;0;[0.6792];[-0.2708];8216.01949;100),(343140.95879;[0.6917];[-0.2583];8622.65109;1;0;[0.6832];[-0.2668];8606.51453;100),(344872.90931;[0.6954];[-0.2546];8423.86639;1;0;[0.6866];[-0.2634];8408.98868;100),(345407.63187;[0.6877];[-0.2623];8231.87031;1;0;[0.6797];[-0.2703];8219.40224;100),(345787.04071;[0.6876];[-0.2624];8230.85442;1;0;[0.6796];[-0.2704];8218.33685;100),(346312.33931;[0.6872];[-0.2628];8228.58768;1;0;[0.6792];[-0.2708];8216.01949;100),(347084.59687;[0.6872];[-0.2628];8228.58768;1;0;[0.6792];[-0.2708];8216.01949;100),(348173.15173;[0.6954];[-0.2546];8567.85902;1;0;[0.6868];[-0.2632];8551.68625;100),(348867.86819;[0.6872];[-0.2628];8228.58768;1;0;[0.6792];[-0.2708];8216.01949;100),(350781.78263;[0.6957];[-0.2543];8424.65472;1;0;[0.6868];[-0.2632];8409.82128;100),(351402.32587;[0.6877];[-0.2623];8231.87031;1;0;[0.6797];[-0.2703];8219.40224;100),(351847.85676;[0.6876];[-0.2624];8230.85442;1;0;[0.6796];[-0.2704];8218.33685;100),(352456.72798;[0.6872];[-0.2628];8228.58768;1;0;[0.6792];[-0.2708];8216.01949;100),(352995.18132;[0.6872];[-0.2628];8228.58768;1;0;[0.6792];[-0.2708];8216.01949;100),(354521.27934;[0.7005];[-0.2495];8433.83531;1;0;[0.6946];[-0.2554];8419.48320;100),(354893.86320;[0.6877];[-0.2623];8234.07926;1;0;[0.68];[-0.27];8221.61107;100),(355296.58008;[0.6876];[-0.2624];8230.85442;1;0;[0.6796];[-0.2704];8218.33685;100),(355769.27853;[0.6872];[-0.2628];8228.58768;1;0;[0.6792];[-0.2708];8216.01949;100),(356983.92081;[0.6872];[-0.2628];8228.58768;1;0;[0.6792];[-0.2708];8216.01949;100),(360177.44446;[0.9663];[0.0163];9375.03521;1;1;[0.9664];[0.0164];9387.80388;200),(360924.58797;[0.9663];[0.0163];9375.03521;1;1;[0.9664];[0.0164];9387.80388;200),(361660.75420;[0.9663];[0.0163];9375.03521;1;1;[0.9664];[0.0164];9387.80388;200),(362379.34232;[0.9663];[0.0163];9375.03521;1;1;[0.9664];[0.0164];9387.80388;200),(363065.16027;[0.9663];[0.0163];9375.03521;1;1;[0.9664];[0.0164];9387.80388;200),(364093.90378;[0.9663];[0.0163];9375.03521;1;1;[0.9664];[0.0164];9387.80388;200),(364736.29665;[0.9663];[0.0163];9375.03521;1;1;[0.9664];[0.0164];9387.80388;200),(365410.12192;[0.9663];[0.0163];9375.03521;1;1;[0.9664];[0.0164];9387.80388;200),(365716.80689;[0.9663];[0.0163];9375.03521;1;1;[0.9664];[0.0164];9387.80388;200),(366053.13301;[0.9663];[0.0163];9375.03521;1;1;[0.9664];[0.0164];9387.80388;200),(366366.51278;[0.9663];[0.0163];9375.03521;1;1;[0.9664];[0.0164];9387.80388;200),(366823.67253;[0.9663];[0.0163];9375.03521;1;1;[0.9664];[0.0164];9387.80388;200),(367140.89727;[0.9663];[0.0163];9375.03521;1;1;[0.9664];[0.0164];9387.80388;200),(367516.74652;[0.9663];[0.0163];9375.03521;1;1;[0.9664];[0.0164];9387.80388;200),(367874.32694;[0.9663];[0.0163];9375.03521;1;1;[0.9664];[0.0164];9387.80388;200),(368268.50367;[0.9663];[0.0163];9375.03521;1;1;[0.9664];[0.0164];9387.80388;200),(368562.55865;[0.9663];[0.0163];9375.03521;1;1;[0.9664];[0.0164];9387.80388;200),(368863.81888;[0.9663];[0.0163];9375.03521;1;1;[0.9664];[0.0164];9387.80388;200),(369276.32618;[0.9663];[0.0163];9375.03521;1;1;[0.9664];[0.0164];9387.80388;200),(369584.83434;[0.9663];[0.0163];9375.03521;1;1;[0.9664];[0.0164];9387.80388;200),(369907.47547;[0.9663];[0.0163];9375.03521;1;1;[0.9664];[0.0164];9387.80388;200),(370199.96405;[0.9663];[0.0163];9375.03521;1;1;[0.9664];[0.0164];9387.80388;200),(370537.63628;[0.9663];[0.0163];9375.03521;1;1;[0.9664];[0.0164];9387.80388;200),(370852.24152;[0.9663];[0.0163];9375.03521;1;1;[0.9664];[0.0164];9387.80388;200),(371208.49633;[0.9663];[0.0163];9375.03521;1;1;[0.9664];[0.0164];9387.80388;200),(374143.21780;[0.5503];[-0.3997];9609.79919;1;0;[0.5468];[-0.4032];9612.13585;400),(375602.68784;[0.5503];[-0.3997];9609.79919;1;0;[0.5468];[-0.4032];9612.13585;400),(377757.41386;[0.5503];[-0.3997];9609.79919;1;0;[0.5468];[-0.4032];9612.13585;400),(379511.74808;[0.5503];[-0.3997];9609.79919;1;0;[0.5468];[-0.4032];9612.13585;400),(381091.25638;[0.5503];[-0.3997];9609.79919;1;0;[0.5468];[-0.4032];9612.13585;400),(382684.70955;[0.5503];[-0.3997];9609.79919;1;0;[0.5468];[-0.4032];9612.13585;400),(384175.76504;[0.5503];[-0.3997];9609.79919;1;0;[0.5468];[-0.4032];9612.13585;400),(384535.92587;[0.6926];[-0.2574];8328.76898;1;0;[0.6845];[-0.2655];8315.03057;400),(385061.14721;[0.5527];[-0.3973];7301.79299;1;0;[0.552];[-0.398];7296.07604;400),(386122.02716;[0.4897];[-0.4603];7047.11739;1;0;[0.4921];[-0.4579];7041.93098;400),(386596.41194;[0.3367];[-0.6133];6597.60706;1;0;[0.3418];[-0.6082];6594.39567;400),(387157.68003;[0.235];[-0.715];6341.02238;1;0;[0.2341];[-0.7159];6338.46788;400),(387688.21716;[0.2341];[-0.7159];6331.76092;1;0;[0.233];[-0.717];6329.09085;400),(388098.05751;[0.2298];[-0.7202];6320.17895;1;0;[0.2271];[-0.7229];6317.54531;400),(388503.20196;[0.2297];[-0.7203];6315.98668;1;0;[0.2275];[-0.7225];6313.30465;400),(388821.11835;[0.2297];[-0.7203];6315.98668;1;0;[0.2275];[-0.7225];6313.30465;400),(389151.14951;[0.2297];[-0.7203];6315.98668;1;0;[0.2275];[-0.7225];6313.30465;400),(390715.81888;[0.5471];[-0.4029];9621.68449;1;0;[0.5432];[-0.4068];9623.29383;400),(393079.98395;[0.6224];[-0.3276];9261.46727;1;0;[0.6204];[-0.3296];9243.34970;400),(395135.91361;[0.6893];[-0.2607];8836.32677;1;0;[0.6824];[-0.2676];8820.37326;400),(397079.62441;[0.6885];[-0.2615];8357.13702;1;0;[0.6812];[-0.2688];8342.82493;400),(398774.19567;[0.6527];[-0.2973];7838.68368;1;0;[0.6451];[-0.3049];7830.10815;400),(400434.78251;[0.5503];[-0.3997];7290.53021;1;0;[0.5495];[-0.4005];7284.69898;400),(401875.59009;[0.2297];[-0.7203];6315.98668;1;0;[0.2275];[-0.7225];6313.30465;400),(404116.11748;[0.5471];[-0.4029];9621.68449;1;0;[0.5432];[-0.4068];9623.29383;400),(406027.56953;[0.6224];[-0.3276];9261.46727;1;0;[0.6204];[-0.3296];9243.34970;400),(407794.93213;[0.6893];[-0.2607];8836.32677;1;0;[0.6824];[-0.2676];8820.37326;400),(409838.92059;[0.6885];[-0.2615];8357.13702;1;0;[0.6812];[-0.2688];8342.82493;400),(411353.00350;[0.6526];[-0.2974];7839.33755;1;0;[0.6449];[-0.3051];7830.74060;400),(413129.82988;[0.5503];[-0.3997];7290.53021;1;0;[0.5495];[-0.4005];7284.69898;400),(416481.57239;[0.4276];[-0.5224];6851.16161;1;0;[0.4328];[-0.5172];6847.02486;400),(416925.66967;[0.3397];[-0.6103];6609.03659;1;0;[0.3446];[-0.6054];6605.88047;400),(417320.28604;[0.2312];[-0.7188];6322.58294;1;0;[0.2295];[-0.7205];6319.92008;400),(417686.61785;[0.2297];[-0.7203];6315.98668;1;0;[0.2275];[-0.7225];6313.30465;400),(418100.07977;[0.2297];[-0.7203];6315.98668;1;0;[0.2275];[-0.7225];6313.30465;400),(419561.91587;[0.5471];[-0.4029];9621.68449;1;0;[0.5432];[-0.4068];9623.29383;400),(421296.60392;[0.6224];[-0.3276];9261.46727;1;0;[0.6204];[-0.3296];9243.34970;400),(423100.44169;[0.6893];[-0.2607];8836.32677;1;0;[0.6824];[-0.2676];8820.37326;400),(424969.92779;[0.6888];[-0.2612];8361.20947;1;0;[0.6818];[-0.2682];8346.86404;400),(426812.77895;[0.6526];[-0.2974];7839.33755;1;0;[0.6449];[-0.3051];7830.74060;400),(428465.60216;[0.5514];[-0.3986];7296.94112;1;0;[0.5507];[-0.3993];7291.16438;400),(431620.97669;[0.429];[-0.521];6855.33259;1;0;[0.4334];[-0.5166];6851.22743;400),(431979.27761;[0.3397];[-0.6103];6609.03659;1;0;[0.3446];[-0.6054];6605.88047;400),(432522.46857;[0.2297];[-0.7203];6315.98668;1;0;[0.2275];[-0.7225];6313.30465;400),(434193.90988;[0.5471];[-0.4029];9621.68449;1;0;[0.5432];[-0.4068];9623.29383;400),(436073.92979;[0.6224];[-0.3276];9261.46727;1;0;[0.6204];[-0.3296];9243.34970;400),(437909.62219;[0.6858];[-0.2642];8852.14798;1;0;[0.6782];[-0.2718];8835.42690;400),(439501.79482;[0.6895];[-0.2605];8362.66714;1;0;[0.6822];[-0.2678];8348.44929;400),(441206.10905;[0.6513];[-0.2987];7839.76230;1;0;[0.6441];[-0.3059];7831.09552;400),(442776.70479;[0.552];[-0.398];7299.52274;1;0;[0.5515];[-0.3985];7293.75397;400),(446299.65758;[0.4308];[-0.5192];6858.47160;1;0;[0.4337];[-0.5163];6854.41131;400),(446725.11744;[0.4195];[-0.5305];6823.45997;1;0;[0.4243];[-0.5257];6819.21266;400),(447192.41118;[0.3359];[-0.6141];6594.06105;1;0;[0.3405];[-0.6095];6590.80308;400),(447572.07441;[0.3339];[-0.6161];6592.30113;1;0;[0.3391];[-0.6109];6589.06977;400),(448080.89733;[0.3326];[-0.6174];6586.93712;1;0;[0.3377];[-0.6123];6583.65859;400),(449855.42631;[0.5471];[-0.4029];9621.68449;1;0;[0.5432];[-0.4068];9623.29383;400),(451569.27609;[0.6297];[-0.3203];9243.05994;1;0;[0.6268];[-0.3232];9225.31673;400),(453148.63634;[0.6896];[-0.2604];8836.08924;1;0;[0.6827];[-0.2673];8820.16763;400),(454906.33583;[0.6895];[-0.2605];8362.66714;1;0;[0.6822];[-0.2678];8348.44929;400),(456853.21236;[0.6578];[-0.2922];7843.84008;1;0;[0.65];[-0.3];7835.52079;400),(458533.23007;[0.5527];[-0.3973];7300.42055;1;0;[0.5521];[-0.3979];7294.73897;400),(462030.94482;[0.4307];[-0.5193];6860.36742;1;0;[0.4341];[-0.5159];6856.38503;400),(462535.49290;[0.4215];[-0.5285];6832.07236;1;0;[0.4263];[-0.5237];6827.91218;400),(462867.08856;[0.3359];[-0.6141];6594.06105;1;0;[0.3405];[-0.6095];6590.80308;400),(463500.39101;[0.3339];[-0.6161];6592.30113;1;0;[0.3391];[-0.6109];6589.06977;400),(463787.13751;[0.3339];[-0.6161];6592.30113;1;0;[0.3391];[-0.6109];6589.06977;400),(464054.16203;[0.3339];[-0.6161];6592.30113;1;0;[0.3391];[-0.6109];6589.06977;400),(465464.99658;[0.5471];[-0.4029];9621.68449;1;0;[0.5432];[-0.4068];9623.29383;400),(467527.40216;[0.6297];[-0.3203];9243.05994;1;0;[0.6268];[-0.3232];9225.31673;400),(469081.64406;[0.6896];[-0.2604];8836.08924;1;0;[0.6827];[-0.2673];8820.16763;400),(470799.08609;[0.6889];[-0.2611];8363.58297;1;0;[0.6816];[-0.2684];8349.32696;400),(473107.68056;[0.6601];[-0.2899];7852.03216;1;0;[0.652];[-0.298];7843.84085;400),(474805.67527;[0.5522];[-0.3978];7301.74381;1;0;[0.5515];[-0.3985];7295.95356;400),(476243.72315;[0.3339];[-0.6161];6592.30113;1;0;[0.3391];[-0.6109];6589.06977;400),(478174.93939;[0.5471];[-0.4029];9621.68449;1;0;[0.5432];[-0.4068];9623.29383;400),(479770.72310;[0.6297];[-0.3203];9243.05994;1;0;[0.6268];[-0.3232];9225.31673;400),(481596.22455;[0.6896];[-0.2604];8836.08924;1;0;[0.6827];[-0.2673];8820.16763;400),(483448.50063;[0.6889];[-0.2611];8363.58297;1;0;[0.6816];[-0.2684];8349.32696;400),(485576.32613;[0.6601];[-0.2899];7852.03216;1;0;[0.652];[-0.298];7843.84085;400),(487256.90603;[0.5522];[-0.3978];7301.74381;1;0;[0.5515];[-0.3985];7295.95356;400),(490097.88227;[0.4953];[-0.4547];7068.26425;1;0;[0.4973];[-0.4527];7063.13654;400),(490589.82253;[0.4252];[-0.5248];6842.28023;1;0;[0.4298];[-0.5202];6838.10606;400),(490986.62400;[0.3339];[-0.6161];6592.30113;1;0;[0.3391];[-0.6109];6589.06977;400),(491500.28181;[0.3339];[-0.6161];6592.30113;1;0;[0.3391];[-0.6109];6589.06977;400),(491827.53062;[0.3339];[-0.6161];6592.30113;1;0;[0.3391];[-0.6109];6589.06977;400),(493244.79818;[0.5471];[-0.4029];9621.68449;1;0;[0.5432];[-0.4068];9623.29383;400),(494765.91253;[0.6297];[-0.3203];9243.05994;1;0;[0.6268];[-0.3232];9225.31673;400),(496642.70473;[0.6896];[-0.2604];8836.08924;1;0;[0.6827];[-0.2673];8820.16763;400),(498494.58122;[0.6889];[-0.2611];8363.58297;1;0;[0.6816];[-0.2684];8349.32696;400),(500195.79720;[0.6619];[-0.2881];7858.24125;1;0;[0.6531];[-0.2969];7850.04701;400),(501825.40035;[0.5527];[-0.3973];7302.70779;1;0;[0.5522];[-0.3978];7296.96969;400),(503308.06184;[0.3339];[-0.6161];6592.30113;1;0;[0.3391];[-0.6109];6589.06977;400),(505370.57304;[0.5471];[-0.4029];9621.68449;1;0;[0.5432];[-0.4068];9623.29383;400),(507292.55581;[0.6297];[-0.3203];9243.05994;1;0;[0.6268];[-0.3232];9225.31673;400),(509027.91476;[0.6896];[-0.2604];8836.08924;1;0;[0.6827];[-0.2673];8820.16763;400),(511006.97660;[0.6889];[-0.2611];8363.58297;1;0;[0.6816];[-0.2684];8349.32696;400),(513028.54872;[0.6619];[-0.2881];7858.24125;1;0;[0.6531];[-0.2969];7850.04701;400),(514957.78966;[0.5528];[-0.3972];7302.34879;1;0;[0.552];[-0.398];7296.64551;400),(518527.78602;[0.4965];[-0.4535];7071.70702;1;0;[0.4978];[-0.4522];7066.62731;400),(518996.06395;[0.4262];[-0.5238];6846.81326;1;0;[0.4313];[-0.5187];6842.68489;400),(519468.13726;[0.4195];[-0.5305];6823.45997;1;0;[0.4243];[-0.5257];6819.21266;400),(519767.46035;[0.3351];[-0.6149];6596.42395;1;0;[0.3403];[-0.6097];6593.23858;400),(520061.24187;[0.3359];[-0.6141];6594.06105;1;0;[0.3405];[-0.6095];6590.80308;400),(520374.79496;[0.3339];[-0.6161];6592.30113;1;0;[0.3391];[-0.6109];6589.06977;400),(520919.31701;[0.3339];[-0.6161];6592.30113;1;0;[0.3391];[-0.6109];6589.06977;400),(522244.88521;[0.5471];[-0.4029];9621.68449;1;0;[0.5432];[-0.4068];9623.29383;400),(524403.95713;[0.6329];[-0.3171];9227.59833;1;0;[0.6296];[-0.3204];9209.77323;400),(526352.88882;[0.6892];[-0.2608];8831.01833;1;0;[0.6821];[-0.2679];8814.98348;400),(528039.98303;[0.6896];[-0.2604];8362.18018;1;0;[0.682];[-0.268];8347.91635;400),(529992.49005;[0.6633];[-0.2867];7863.25177;1;0;[0.655];[-0.295];7855.10477;400),(531894.75465;[0.5529];[-0.3971];7302.79528;1;0;[0.5525];[-0.3975];7297.11396;400),(533520.22624;[0.3339];[-0.6161];6592.30113;1;0;[0.3391];[-0.6109];6589.06977;400),(535497.46871;[0.5471];[-0.4029];9621.68449;1;0;[0.5432];[-0.4068];9623.29383;400),(537613.64532;[0.6329];[-0.3171];9227.59833;1;0;[0.6296];[-0.3204];9209.77323;400),(539473.55103;[0.6892];[-0.2608];8831.01833;1;0;[0.6821];[-0.2679];8814.98348;400),(541605.00121;[0.6896];[-0.2604];8362.18018;1;0;[0.682];[-0.268];8347.91635;400),(544694.19503;[0.6633];[-0.2867];7863.25177;1;0;[0.655];[-0.295];7855.10477;400),(546374.86911;[0.5529];[-0.3971];7302.79528;1;0;[0.5525];[-0.3975];7297.11396;400),(549380.85580;[0.4993];[-0.4507];7081.74828;1;0;[0.5005];[-0.4495];7076.72465;400),(549877.13146;[0.4267];[-0.5233];6847.15149;1;0;[0.4317];[-0.5183];6842.99104;400),(550342.89360;[0.4215];[-0.5285];6832.07236;1;0;[0.4263];[-0.5237];6827.91218;400),(550660.70676;[0.3351];[-0.6149];6596.42395;1;0;[0.3403];[-0.6097];6593.23858;400),(551021.13199;[0.3339];[-0.6161];6592.30113;1;0;[0.3391];[-0.6109];6589.06977;400),(551575.31428;[0.3339];[-0.6161];6592.30113;1;0;[0.3391];[-0.6109];6589.06977;400),(551852.28777;[0.3339];[-0.6161];6592.30113;1;0;[0.3391];[-0.6109];6589.06977;400),(553074.37921;[0.5471];[-0.4029];9621.68449;1;0;[0.5432];[-0.4068];9623.29383;400),(554781.98957;[0.6329];[-0.3171];9227.59833;1;0;[0.6296];[-0.3204];9209.77323;400),(556513.87596;[0.6899];[-0.2601];8833.20456;1;0;[0.6828];[-0.2672];8817.23829;400),(558060.13060;[0.6895];[-0.2605];8362.66714;1;0;[0.6822];[-0.2678];8348.44929;400),(559483.14524;[0.6673];[-0.2827];7977.62289;1;0;[0.659];[-0.291];7967.52231;400),(561082.60465;[0.5936];[-0.3564];7477.18748;1;0;[0.5863];[-0.3637];7470.22878;400),(562530.50685;[0.3339];[-0.6161];6592.30113;1;0;[0.3391];[-0.6109];6589.06977;400),(564533.67615;[0.5471];[-0.4029];9621.68449;1;0;[0.5432];[-0.4068];9623.29383;400),(566333.52661;[0.6375];[-0.3125];9229.43244;1;0;[0.6347];[-0.3153];9213.88709;400),(567733.54173;[0.6899];[-0.2601];8833.20456;1;0;[0.6828];[-0.2672];8817.23829;400),(569169.88778;[0.6895];[-0.2605];8362.66714;1;0;[0.6822];[-0.2678];8348.44929;400),(570514.36400;[0.6673];[-0.2827];7977.62289;1;0;[0.659];[-0.291];7967.52231;400),(571827.12913;[0.5936];[-0.3564];7477.18748;1;0;[0.5863];[-0.3637];7470.22878;400),(574666.50772;[0.4999];[-0.4501];7084.36198;1;0;[0.501];[-0.449];7079.38204;400),(575036.62109;[0.4273];[-0.5227];6850.09741;1;0;[0.4322];[-0.5178];6846.01924;400),(575652.66895;[0.4238];[-0.5262];6837.97408;1;0;[0.4286];[-0.5214];6833.73305;400),(575952.02303;[0.4195];[-0.5305];6823.45997;1;0;[0.4243];[-0.5257];6819.21266;400),(576410.83050;[0.4195];[-0.5305];6823.45997;1;0;[0.4243];[-0.5257];6819.21266;400),(576670.81165;[0.4195];[-0.5305];6823.45997;1;0;[0.4243];[-0.5257];6819.21266;400),(577832.49974;[0.5471];[-0.4029];9621.68449;1;0;[0.5432];[-0.4068];9623.29383;400),(579277.37331;[0.6329];[-0.3171];9227.59833;1;0;[0.6296];[-0.3204];9209.77323;400),(580624.43972;[0.6898];[-0.2602];8834.37655;1;0;[0.6827];[-0.2673];8818.43224;400),(582009.91964;[0.6889];[-0.2611];8363.58297;1;0;[0.6816];[-0.2684];8349.32696;400),(583424.79467;[0.6689];[-0.2811];7981.34474;1;0;[0.66];[-0.29];7971.37681;400),(585085.05559;[0.5958];[-0.3542];7489.18867;1;0;[0.59];[-0.36];7482.33402;400),(586378.97611;[0.4195];[-0.5305];6823.45997;1;0;[0.4243];[-0.5257];6819.21266;400),(588025.83480;[0.5488];[-0.4012];9615.55450;1;0;[0.5454];[-0.4046];9616.97979;400),(589549.86715;[0.6243];[-0.3257];9227.69153;1;0;[0.6219];[-0.3281];9209.23283;400),(590995.94545;[0.6929];[-0.2571];8810.51169;1;0;[0.6855];[-0.2645];8795.18306;400),(592456.34460;[0.6889];[-0.2611];8363.58297;1;0;[0.6816];[-0.2684];8349.32696;400),(594144.79828;[0.6689];[-0.2811];7981.34474;1;0;[0.66];[-0.29];7971.37681;400),(595462.41069;[0.5958];[-0.3542];7489.18867;1;0;[0.59];[-0.36];7482.33402;400),(598059.81207;[0.5006];[-0.4494];7085.17365;1;0;[0.5011];[-0.4489];7080.25404;400),(598761.72376;[0.4276];[-0.5224];6851.16161;1;0;[0.4328];[-0.5172];6847.02486;400),(599031.41761;[0.4195];[-0.5305];6823.45997;1;0;[0.4243];[-0.5257];6819.21266;400)]"
4,1,8435.167425134701,0.77624,1,0,[0.886],[-0.064],600047.5707054138,"[(4063.33756;[0.717];[-0.233];10888.73883;1;0;[0.719];[-0.231];10835.57930;100),(5848.83046;[0.717];[-0.233];10888.73883;1;0;[0.719];[-0.231];10835.57930;100),(6756.99019;[0.717];[-0.233];10888.73883;1;0;[0.719];[-0.231];10835.57930;100),(8091.93492;[0.717];[-0.233];10888.73883;1;0;[0.719];[-0.231];10835.57930;100),(9118.43705;[0.717];[-0.233];10888.73883;1;0;[0.719];[-0.231];10835.57930;100),(10332.49402;[0.717];[-0.233];10888.73883;1;0;[0.719];[-0.231];10835.57930;100),(11050.43244;[0.8013];[-0.1487];10068.67894;1;0;[0.8017];[-0.1483];10034.38084;100),(11627.37465;[0.8478];[-0.1022];9406.01979;1;0;[0.8494];[-0.1006];9382.78664;100),(12194.43989;[0.8704];[-0.0796];9019.20205;1;0;[0.8708];[-0.0792];8999.39732;100),(12682.58023;[0.8826];[-0.0674];8611.86569;1;0;[0.8849];[-0.0651];8595.94881;100),(13124.39966;[0.88];[-0.07];8258.85863;1;0;[0.8802];[-0.0698];8244.74351;100),(13507.80177;[0.8664];[-0.0836];7850.63958;1;0;[0.8665];[-0.0835];7839.41046;100),(13852.22769;[0.8539];[-0.0961];7629.16621;1;0;[0.8565];[-0.0935];7619.47676;100),(14235.26740;[0.8442];[-0.1058];7584.28881;1;0;[0.8467];[-0.1033];7574.56618;100),(14546.62800;[0.832];[-0.118];7376.57440;1;0;[0.8335];[-0.1165];7368.32897;100),(14979.18653;[0.8305];[-0.1195];7360.79543;1;0;[0.8307];[-0.1193];7352.60118;100),(15423.09475;[0.8275];[-0.1225];7351.87741;1;0;[0.826];[-0.124];7343.62126;100),(15887.93683;[0.8269];[-0.1231];7350.74568;1;0;[0.8259];[-0.1241];7342.48074;100),(16915.53211;[0.7017];[-0.2483];10843.39638;1;0;[0.7008];[-0.2492];10786.50005;100),(17897.00508;[0.7962];[-0.1538];10122.61451;1;0;[0.7947];[-0.1553];10087.38803;100),(18669.08908;[0.8538];[-0.0962];9293.21177;1;0;[0.8569];[-0.0931];9270.90573;100),(19906.99339;[0.8763];[-0.0737];8628.18590;1;0;[0.8777];[-0.0723];8611.75868;100),(21681.45347;[0.8781];[-0.0719];8074.44427;1;0;[0.8784];[-0.0716];8061.82715;100),(22482.30100;[0.8678];[-0.0822];7859.28222;1;0;[0.8674];[-0.0826];7848.00353;100),(22972.33367;[0.8547];[-0.0953];7630.20164;1;0;[0.8573];[-0.0927];7620.50301;100),(23317.45100;[0.8489];[-0.1011];7612.44299;1;0;[0.8522];[-0.0978];7602.75772;100),(23761.91497;[0.8291];[-0.1209];7356.95044;1;0;[0.8283];[-0.1217];7348.72395;100),(24158.23317;[0.8275];[-0.1225];7351.87741;1;0;[0.826];[-0.124];7343.62126;100),(24636.88731;[0.8275];[-0.1225];7351.87741;1;0;[0.826];[-0.124];7343.62126;100),(25815.96899;[0.7837];[-0.1663];10801.07062;1;0;[0.7838];[-0.1662];10753.61101;100),(27119.80486;[0.7937];[-0.1563];10129.54287;1;0;[0.7925];[-0.1575];10092.84708;100),(28405.77412;[0.8551];[-0.0949];9304.47564;1;0;[0.858];[-0.092];9282.15656;100),(29664.71672;[0.8782];[-0.0718];8751.28703;1;0;[0.8811];[-0.0689];8734.06123;100),(30380.86772;[0.8275];[-0.1225];7351.87741;1;0;[0.826];[-0.124];7343.62126;100),(31983.92272;[0.7837];[-0.1663];10801.07062;1;0;[0.7838];[-0.1662];10753.61101;100),(33225.52562;[0.7937];[-0.1563];10129.54287;1;0;[0.7925];[-0.1575];10092.84708;100),(34269.09232;[0.8551];[-0.0949];9304.47564;1;0;[0.858];[-0.092];9282.15656;100),(35039.88838;[0.8788];[-0.0712];8750.98920;1;0;[0.8813];[-0.0687];8733.81742;100),(36743.02745;[0.8788];[-0.0712];8078.27797;1;0;[0.879];[-0.071];8065.65470;100),(37262.35080;[0.8695];[-0.0805];7861.26380;1;0;[0.8688];[-0.0812];7850.00783;100),(38006.57010;[0.8549];[-0.0951];7630.32245;1;0;[0.8576];[-0.0924];7620.62882;100),(38557.56736;[0.8507];[-0.0993];7615.20693;1;0;[0.8547];[-0.0953];7605.54838;100),(39364.60519;[0.85];[-0.1];7610.34830;1;0;[0.8537];[-0.0963];7600.70658;100),(40252.30312;[0.8457];[-0.1043];7589.95362;1;0;[0.8483];[-0.1017];7580.26805;100),(41011.44457;[0.8442];[-0.1058];7584.28881;1;0;[0.8467];[-0.1033];7574.56618;100),(42524.24908;[0.8096];[-0.1404];10793.74505;1;0;[0.8109];[-0.1391];10748.94484;100),(43326.17617;[0.801];[-0.149];10123.21847;1;0;[0.7994];[-0.1506];10087.59503;100),(44164.61945;[0.8527];[-0.0973];9342.81482;1;0;[0.8548];[-0.0952];9320.38933;100),(44893.04590;[0.8808];[-0.0692];8759.11211;1;0;[0.8829];[-0.0671];8741.89763;100),(46620.32413;[0.8802];[-0.0698];8268.16692;1;0;[0.8807];[-0.0693];8253.99677;100),(46998.50583;[0.8525];[-0.0975];7626.90750;1;0;[0.8557];[-0.0943];7617.22476;100),(47436.99622;[0.8489];[-0.1011];7612.44299;1;0;[0.8522];[-0.0978];7602.75772;100),(47990.68785;[0.85];[-0.1];7610.34830;1;0;[0.8537];[-0.0963];7600.70658;100),(48277.68898;[0.85];[-0.1];7610.34830;1;0;[0.8537];[-0.0963];7600.70658;100),(48571.48838;[0.85];[-0.1];7610.34830;1;0;[0.8537];[-0.0963];7600.70658;100),(49749.07398;[0.8661];[-0.0839];10769.39187;1;0;[0.8654];[-0.0846];10728.63993;100),(50768.15653;[0.801];[-0.149];10123.21847;1;0;[0.7994];[-0.1506];10087.59503;100),(51416.12101;[0.8551];[-0.0949];9360.38967;1;0;[0.8579];[-0.0921];9338.06593;100),(52320.09411;[0.873];[-0.077];8763.35647;1;0;[0.8747];[-0.0753];8745.81160;100),(53183.28333;[0.85];[-0.1];7610.34830;1;0;[0.8537];[-0.0963];7600.70658;100),(54361.81307;[0.85];[-0.1];7610.08774;1;0;[0.8537];[-0.0963];7600.44703;100),(55505.41663;[0.6999];[-0.2501];10782.57862;1;0;[0.6989];[-0.2511];10725.71681;100),(56276.60656;[0.803];[-0.147];10076.85793;1;0;[0.8041];[-0.1459];10042.70585;100),(56959.38993;[0.8603];[-0.0897];9278.75524;1;0;[0.8627];[-0.0873];9257.00752;100),(57750.34022;[0.873];[-0.077];8763.35647;1;0;[0.8747];[-0.0753];8745.81160;100),(58440.15121;[0.85];[-0.1];7610.08774;1;0;[0.8537];[-0.0963];7600.44703;100),(60653.75566;[0.6999];[-0.2501];10782.57862;1;0;[0.6989];[-0.2511];10725.71681;100),(61535.88223;[0.803];[-0.147];10076.85793;1;0;[0.8041];[-0.1459];10042.70585;100),(62273.09465;[0.8603];[-0.0897];9278.75524;1;0;[0.8627];[-0.0873];9257.00752;100),(63114.30931;[0.873];[-0.077];8763.35647;1;0;[0.8747];[-0.0753];8745.81160;100),(64210.55007;[0.882];[-0.068];8272.51683;1;0;[0.8827];[-0.0673];8258.38133;100),(64558.48455;[0.8646];[-0.0854];7848.34226;1;0;[0.8651];[-0.0849];7837.07655;100),(64917.37175;[0.8513];[-0.0987];7613.99652;1;0;[0.855];[-0.095];7604.35847;100),(65462.28766;[0.8489];[-0.1011];7612.44299;1;0;[0.8522];[-0.0978];7602.75772;100),(65863.05571;[0.85];[-0.1];7610.34830;1;0;[0.8537];[-0.0963];7600.70658;100),(66299.27588;[0.85];[-0.1];7610.34830;1;0;[0.8537];[-0.0963];7600.70658;100),(67610.53467;[0.7026];[-0.2474];10771.79794;1;0;[0.7008];[-0.2492];10715.59000;100),(68358.60395;[0.8042];[-0.1458];10095.40798;1;0;[0.8037];[-0.1463];10061.74288;100),(69327.79002;[0.8597];[-0.0903];9280.40954;1;0;[0.8622];[-0.0878];9258.62290;100),(70545.12572;[0.8738];[-0.0762];8772.35624;1;0;[0.8763];[-0.0737];8754.67170;100),(71773.93770;[0.8793];[-0.0707];8431.02690;1;0;[0.8814];[-0.0686];8416.09299;100),(72127.55394;[0.8678];[-0.0822];7859.28222;1;0;[0.8674];[-0.0826];7848.00353;100),(72460.44397;[0.8664];[-0.0836];7850.63958;1;0;[0.8665];[-0.0835];7839.41046;100),(72845.71624;[0.8657];[-0.0843];7846.93362;1;0;[0.866];[-0.084];7835.71556;100),(73291.86893;[0.864];[-0.086];7832.64209;1;0;[0.8639];[-0.0861];7821.45297;100),(73703.37462;[0.8626];[-0.0874];7830.15749;1;0;[0.8626];[-0.0874];7818.91108;100),(74140.86533;[0.8626];[-0.0874];7830.15749;1;0;[0.8626];[-0.0874];7818.91108;100),(75850.43812;[0.7133];[-0.2367];10751.31353;1;0;[0.7119];[-0.2381];10696.88656;100),(76707.25560;[0.8205];[-0.1295];10065.43632;1;0;[0.8193];[-0.1307];10033.55343;100),(77652.61388;[0.8533];[-0.0967];9276.90326;1;0;[0.8554];[-0.0946];9254.90419;100),(78456.08521;[0.8742];[-0.0758];8780.74801;1;0;[0.8772];[-0.0728];8762.61234;100),(79097.84222;[0.8626];[-0.0874];7830.15749;1;0;[0.8626];[-0.0874];7818.91108;100),(79661.45897;[0.8626];[-0.0874];7830.15749;1;0;[0.8626];[-0.0874];7818.91108;100),(80814.38708;[0.7261];[-0.2239];10726.14787;1;0;[0.7248];[-0.2252];10675.81570;100),(81940.87768;[0.8205];[-0.1295];10065.43632;1;0;[0.8193];[-0.1307];10033.55343;100),(82784.81984;[0.8533];[-0.0967];9276.90326;1;0;[0.8554];[-0.0946];9254.90419;100),(83852.42844;[0.8742];[-0.0758];8780.74801;1;0;[0.8772];[-0.0728];8762.61234;100),(84409.72733;[0.8626];[-0.0874];7830.15749;1;0;[0.8626];[-0.0874];7818.91108;100),(84828.57323;[0.8626];[-0.0874];7830.15749;1;0;[0.8626];[-0.0874];7818.91108;100),(85872.54214;[0.7261];[-0.2239];10726.14787;1;0;[0.7248];[-0.2252];10675.81570;100),(86722.77188;[0.8205];[-0.1295];10065.43632;1;0;[0.8193];[-0.1307];10033.55343;100),(87894.78755;[0.8533];[-0.0967];9276.90326;1;0;[0.8554];[-0.0946];9254.90419;100),(88662.18328;[0.8742];[-0.0758];8780.74801;1;0;[0.8772];[-0.0728];8762.61234;100),(89339.86855;[0.8626];[-0.0874];7830.15749;1;0;[0.8626];[-0.0874];7818.91108;100),(89826.78127;[0.8626];[-0.0874];7830.15749;1;0;[0.8626];[-0.0874];7818.91108;100),(90758.70991;[0.8483];[-0.1017];10688.65599;1;0;[0.8468];[-0.1032];10648.26365;100),(91512.52651;[0.8174];[-0.1326];10025.77398;1;0;[0.8179];[-0.1321];9994.09055;100),(92396.17848;[0.8613];[-0.0887];9220.02493;1;0;[0.8649];[-0.0851];9198.59465;100),(93391.98470;[0.8826];[-0.0674];8611.86569;1;0;[0.8849];[-0.0651];8595.94881;100),(94090.76929;[0.8626];[-0.0874];7830.15749;1;0;[0.8626];[-0.0874];7818.91108;100),(95366.79006;[0.8483];[-0.1017];10688.65599;1;0;[0.8468];[-0.1032];10648.26365;100),(96344.40660;[0.8174];[-0.1326];10025.77398;1;0;[0.8179];[-0.1321];9994.09055;100),(97292.93132;[0.8613];[-0.0887];9220.02493;1;0;[0.8649];[-0.0851];9198.59465;100),(97950.08254;[0.8826];[-0.0674];8611.86569;1;0;[0.8849];[-0.0651];8595.94881;100),(99166.11505;[0.8626];[-0.0874];7830.15749;1;0;[0.8626];[-0.0874];7818.91108;100),(100307.05166;[0.8483];[-0.1017];10688.65599;1;0;[0.8468];[-0.1032];10648.26365;100),(101094.07830;[0.8205];[-0.1295];10065.43632;1;0;[0.8193];[-0.1307];10033.55343;100),(101988.78980;[0.8533];[-0.0967];9276.90326;1;0;[0.8554];[-0.0946];9254.90419;100),(102671.20624;[0.8742];[-0.0758];8780.74801;1;0;[0.8772];[-0.0728];8762.61234;100),(103470.72840;[0.8808];[-0.0692];8439.50960;1;0;[0.8821];[-0.0679];8424.57264;100),(104039.42084;[0.8674];[-0.0826];7852.23811;1;0;[0.867];[-0.083];7841.00529;100),(104490.16571;[0.8657];[-0.0843];7846.93362;1;0;[0.866];[-0.084];7835.71556;100),(104971.00592;[0.8626];[-0.0874];7830.15749;1;0;[0.8626];[-0.0874];7818.91108;100),(105355.39913;[0.8626];[-0.0874];7830.15749;1;0;[0.8626];[-0.0874];7818.91108;100),(105740.84496;[0.8626];[-0.0874];7830.15749;1;0;[0.8626];[-0.0874];7818.91108;100),(106148.63300;[0.8626];[-0.0874];7830.15749;1;0;[0.8626];[-0.0874];7818.91108;100),(107067.69347;[0.879];[-0.071];10648.16546;1;0;[0.8801];[-0.0699];10610.51524;100),(107952.23355;[0.8211];[-0.1289];9984.69864;1;0;[0.8208];[-0.1292];9953.12018;100),(108852.79012;[0.8591];[-0.0909];9238.64376;1;0;[0.8608];[-0.0892];9216.81029;100),(109720.55912;[0.8825];[-0.0675];8613.47247;1;0;[0.8851];[-0.0649];8597.55591;100),(110384.31334;[0.8626];[-0.0874];7830.15749;1;0;[0.8626];[-0.0874];7818.91108;100),(110891.55412;[0.8626];[-0.0874];7830.15749;1;0;[0.8626];[-0.0874];7818.91108;100),(111644.82617;[0.879];[-0.071];10648.16546;1;0;[0.8801];[-0.0699];10610.51524;100),(112666.17680;[0.8199];[-0.1301];9985.21968;1;0;[0.8198];[-0.1302];9953.54119;100),(113611.86910;[0.8591];[-0.0909];9238.64376;1;0;[0.8608];[-0.0892];9216.81029;100),(114353.28960;[0.8825];[-0.0675];8613.47247;1;0;[0.8851];[-0.0649];8597.55591;100),(114956.67887;[0.8626];[-0.0874];7830.15749;1;0;[0.8626];[-0.0874];7818.91108;100),(115546.20504;[0.8626];[-0.0874];7830.15749;1;0;[0.8626];[-0.0874];7818.91108;100),(116384.82857;[0.7397];[-0.2103];10644.31692;1;0;[0.7361];[-0.2139];10595.98826;100),(117251.01566;[0.8199];[-0.1301];9985.21968;1;0;[0.8198];[-0.1302];9953.54119;100),(118431.36120;[0.8591];[-0.0909];9238.64376;1;0;[0.8608];[-0.0892];9216.81029;100),(119244.97724;[0.8825];[-0.0675];8613.47247;1;0;[0.8851];[-0.0649];8597.55591;100),(119894.81711;[0.8626];[-0.0874];7830.15749;1;0;[0.8626];[-0.0874];7818.91108;100),(120595.89076;[0.8626];[-0.0874];7830.15749;1;0;[0.8626];[-0.0874];7818.91108;100),(121308.36225;[0.7397];[-0.2103];10644.31692;1;0;[0.7361];[-0.2139];10595.98826;100),(122130.73754;[0.8199];[-0.1301];9985.21968;1;0;[0.8198];[-0.1302];9953.54119;100),(123000.83041;[0.8591];[-0.0909];9238.64376;1;0;[0.8608];[-0.0892];9216.81029;100),(123877.20227;[0.8825];[-0.0675];8613.47247;1;0;[0.8851];[-0.0649];8597.55591;100),(124571.91968;[0.8626];[-0.0874];7830.15749;1;0;[0.8626];[-0.0874];7818.91108;100),(125028.92518;[0.8626];[-0.0874];7830.15749;1;0;[0.8626];[-0.0874];7818.91108;100),(125753.98731;[0.7408];[-0.2092];10629.19142;1;0;[0.7376];[-0.2124];10581.16016;100),(126603.33681;[0.8262];[-0.1238];9940.43688;1;0;[0.8271];[-0.1229];9910.05342;100),(127122.16401;[0.8649];[-0.0851];9189.58127;1;0;[0.8691];[-0.0809];9169.22194;100),(127700.66500;[0.8825];[-0.0675];8613.47247;1;0;[0.8851];[-0.0649];8597.55591;100),(128497.58387;[0.8626];[-0.0874];7830.15749;1;0;[0.8626];[-0.0874];7818.91108;100),(128992.62023;[0.8626];[-0.0874];7830.15749;1;0;[0.8626];[-0.0874];7818.91108;100),(129612.84614;[0.7408];[-0.2092];10629.19142;1;0;[0.7376];[-0.2124];10581.16016;100),(130269.48476;[0.8262];[-0.1238];9940.43688;1;0;[0.8271];[-0.1229];9910.05342;100),(130862.51378;[0.8649];[-0.0851];9189.58127;1;0;[0.8691];[-0.0809];9169.22194;100),(131529.84023;[0.8825];[-0.0675];8613.47247;1;0;[0.8851];[-0.0649];8597.55591;100),(132069.65637;[0.8626];[-0.0874];7830.15749;1;0;[0.8626];[-0.0874];7818.91108;100),(132544.24810;[0.8626];[-0.0874];7830.15749;1;0;[0.8626];[-0.0874];7818.91108;100),(133609.16853;[0.7518];[-0.1982];10588.77213;1;0;[0.7513];[-0.1987];10542.58727;100),(134573.44556;[0.8262];[-0.1238];9940.43688;1;0;[0.8271];[-0.1229];9910.05342;100),(135243.67952;[0.8649];[-0.0851];9189.58127;1;0;[0.8691];[-0.0809];9169.22194;100),(135854.12478;[0.8817];[-0.0683];8613.04354;1;0;[0.884];[-0.066];8597.03729;100),(136461.68518;[0.8626];[-0.0874];7830.15749;1;0;[0.8626];[-0.0874];7818.91108;100),(136945.89806;[0.8626];[-0.0874];7830.15749;1;0;[0.8626];[-0.0874];7818.91108;100),(137954.21743;[0.7518];[-0.1982];10588.77213;1;0;[0.7513];[-0.1987];10542.58727;100),(138721.33517;[0.8262];[-0.1238];9940.43688;1;0;[0.8271];[-0.1229];9910.05342;100),(139623.46482;[0.8649];[-0.0851];9189.58127;1;0;[0.8691];[-0.0809];9169.22194;100),(140289.39390;[0.8825];[-0.0675];8613.47247;1;0;[0.8851];[-0.0649];8597.55591;100),(140968.31560;[0.8626];[-0.0874];7830.15749;1;0;[0.8626];[-0.0874];7818.91108;100),(142251.68347;[0.7548];[-0.1952];10558.34329;1;0;[0.7514];[-0.1986];10513.95394;100),(143137.76636;[0.8314];[-0.1186];9888.49247;1;0;[0.8336];[-0.1164];9859.25003;100),(143875.45633;[0.8649];[-0.0851];9189.58127;1;0;[0.8691];[-0.0809];9169.22194;100),(144704.06246;[0.8825];[-0.0675];8613.47247;1;0;[0.8851];[-0.0649];8597.55591;100),(145544.41500;[0.8626];[-0.0874];7830.15749;1;0;[0.8626];[-0.0874];7818.91108;100),(146602.72169;[0.7548];[-0.1952];10558.34329;1;0;[0.7514];[-0.1986];10513.95394;100),(147432.50489;[0.8265];[-0.1235];9940.33507;1;0;[0.828];[-0.122];9909.98029;100),(148311.82289;[0.8591];[-0.0909];9238.64376;1;0;[0.8608];[-0.0892];9216.81029;100),(149269.55414;[0.8753];[-0.0747];8782.79042;1;0;[0.8781];[-0.0719];8764.62530;100),(150067.46674;[0.8818];[-0.0682];8442.49515;1;0;[0.8837];[-0.0663];8427.53071;100),(150427.51360;[0.8626];[-0.0874];7830.15749;1;0;[0.8626];[-0.0874];7818.91108;100),(150797.18041;[0.8626];[-0.0874];7830.15749;1;0;[0.8626];[-0.0874];7818.91108;100),(151942.77239;[0.7584];[-0.1916];10531.67068;1;0;[0.7553];[-0.1947];10487.54983;100),(152999.81618;[0.8281];[-0.1219];9904.92397;1;0;[0.8296];[-0.1204];9875.29483;100),(153729.90322;[0.8641];[-0.0859];9192.29804;1;0;[0.8681];[-0.0819];9171.85956;100),(154695.90497;[0.8737];[-0.0763];8611.90686;1;0;[0.8747];[-0.0753];8595.60863;100),(155602.07653;[0.8626];[-0.0874];7830.15749;1;0;[0.8626];[-0.0874];7818.91108;100),(156813.26914;[0.7584];[-0.1916];10531.67068;1;0;[0.7553];[-0.1947];10487.54983;100),(157971.09437;[0.8281];[-0.1219];9904.92397;1;0;[0.8296];[-0.1204];9875.29483;100),(158823.82512;[0.8641];[-0.0859];9192.29804;1;0;[0.8681];[-0.0819];9171.85956;100),(159647.54605;[0.8749];[-0.0751];8612.32040;1;0;[0.877];[-0.073];8596.04194;100),(160013.65376;[0.8735];[-0.0765];8055.26027;1;0;[0.8721];[-0.0779];8042.64572;100),(160406.48389;[0.8723];[-0.0777];8052.30948;1;0;[0.8709];[-0.0791];8039.68432;100),(160770.60866;[0.8723];[-0.0777];8052.30948;1;0;[0.8709];[-0.0791];8039.68432;100),(161088.60898;[0.8723];[-0.0777];8052.30948;1;0;[0.8709];[-0.0791];8039.68432;100),(162082.96800;[0.744];[-0.206];10454.70038;1;0;[0.7412];[-0.2088];10408.99479;100),(162731.17328;[0.8377];[-0.1123];9836.79222;1;0;[0.8397];[-0.1103];9809.02995;100),(163645.51497;[0.8721];[-0.0779];9031.47777;1;0;[0.8724];[-0.0776];9011.20883;100),(164267.79342;[0.8723];[-0.0777];8052.30948;1;0;[0.8709];[-0.0791];8039.68432;100),(165880.55086;[0.744];[-0.206];10454.70038;1;0;[0.7412];[-0.2088];10408.99479;100),(166650.04587;[0.8377];[-0.1123];9836.79222;1;0;[0.8397];[-0.1103];9809.02995;100),(167473.79518;[0.8721];[-0.0779];9031.47777;1;0;[0.8724];[-0.0776];9011.20883;100),(169389.47415;[0.8831];[-0.0669];8450.11362;1;0;[0.886];[-0.064];8435.16743;100),(169781.81148;[0.8745];[-0.0755];8053.65623;1;0;[0.8733];[-0.0767];8041.08612;100),(170207.22508;[0.8723];[-0.0777];8052.30948;1;0;[0.8709];[-0.0791];8039.68432;100),(170599.33376;[0.8723];[-0.0777];8052.30948;1;0;[0.8709];[-0.0791];8039.68432;100),(171676.80812;[0.7478];[-0.2022];10440.72939;1;0;[0.7445];[-0.2055];10395.61606;100),(172480.65209;[0.8339];[-0.1161];9864.16012;1;0;[0.8368];[-0.1132];9835.39433;100),(173023.87834;[0.8651];[-0.0849];9191.29276;1;0;[0.8689];[-0.0811];9170.94325;100),(174031.20875;[0.8793];[-0.0707];8588.06898;1;0;[0.8814];[-0.0686];8571.84904;100),(174409.20377;[0.876];[-0.074];8238.59290;1;0;[0.8766];[-0.0734];8224.46827;100),(174891.20269;[0.8723];[-0.0777];8052.30948;1;0;[0.8709];[-0.0791];8039.68432;100),(175800.17018;[0.7653];[-0.1847];10420.99945;1;0;[0.7637];[-0.1863];10379.41860;100),(176564.43644;[0.8366];[-0.1134];9827.06797;1;0;[0.8393];[-0.1107];9799.35330;100),(177304.98004;[0.8702];[-0.0798];9107.60236;1;0;[0.8713];[-0.0787];9087.72547;100),(177868.00337;[0.8723];[-0.0777];8052.30948;1;0;[0.8709];[-0.0791];8039.68432;100),(178698.96960;[0.7655];[-0.1845];10393.36669;1;0;[0.7636];[-0.1864];10352.08937;100),(179481.66752;[0.8381];[-0.1119];9562.62457;1;0;[0.8398];[-0.1102];9537.16552;100),(180059.63492;[0.8757];[-0.0743];9005.09987;1;0;[0.8763];[-0.0737];8985.81642;100),(181266.15667;[0.8824];[-0.0676];8607.75632;1;0;[0.8845];[-0.0655];8591.84913;100),(181578.11809;[0.8801];[-0.0699];8264.74859;1;0;[0.8803];[-0.0697];8250.59338;100),(182118.40272;[0.8792];[-0.0708];8257.33888;1;0;[0.8797];[-0.0703];8243.23488;100),(182406.89397;[0.8779];[-0.0721];8255.35514;1;0;[0.8781];[-0.0719];8241.20997;100),(182775.74539;[0.8751];[-0.0749];8240.06060;1;0;[0.8758];[-0.0742];8225.89164;100),(183230.77750;[0.876];[-0.074];8238.59290;1;0;[0.8766];[-0.0734];8224.46827;100),(183577.71397;[0.876];[-0.074];8238.59290;1;0;[0.8766];[-0.0734];8224.46827;100),(184176.93615;[0.762];[-0.188];10409.96806;1;0;[0.7595];[-0.1905];10368.00444;100),(184801.92947;[0.8369];[-0.1131];9838.67538;1;0;[0.8387];[-0.1113];9810.79600;100),(185720.50285;[0.8673];[-0.0827];9130.60267;1;0;[0.8694];[-0.0806];9109.83249;100),(186341.78591;[0.8822];[-0.0678];8610.86375;1;0;[0.8848];[-0.0652];8594.96169;100),(186687.91986;[0.8801];[-0.0699];8264.74859;1;0;[0.8803];[-0.0697];8250.59338;100),(187067.57355;[0.8786];[-0.0714];8253.79051;1;0;[0.8794];[-0.0706];8239.69596;100),(187489.57801;[0.876];[-0.074];8238.59290;1;0;[0.8766];[-0.0734];8224.46827;100),(188639.40787;[0.7815];[-0.1685];10348.75333;1;0;[0.7801];[-0.1699];10309.69833;100),(189497.50066;[0.8376];[-0.1124];9547.58489;1;0;[0.8407];[-0.1093];9523.51403;100),(190120.64338;[0.872];[-0.078];9031.16430;1;0;[0.8721];[-0.0779];9010.91004;100),(191309.23986;[0.8826];[-0.0674];8611.86569;1;0;[0.8849];[-0.0651];8595.94881;100),(191668.15519;[0.8801];[-0.0699];8264.74859;1;0;[0.8803];[-0.0697];8250.59338;100),(191967.20552;[0.8786];[-0.0714];8253.79051;1;0;[0.8794];[-0.0706];8239.69596;100),(192564.00084;[0.876];[-0.074];8238.59290;1;0;[0.8766];[-0.0734];8224.46827;100),(193276.88861;[0.778];[-0.172];10368.44833;1;0;[0.7766];[-0.1734];10328.70900;100),(194096.75264;[0.8377];[-0.1123];9837.30439;1;0;[0.8398];[-0.1102];9809.52563;100),(194768.23211;[0.865];[-0.085];9192.54032;1;0;[0.8691];[-0.0809];9172.10954;100),(195469.86222;[0.8795];[-0.0705];8753.00981;1;0;[0.8818];[-0.0682];8735.82646;100),(196103.67584;[0.8808];[-0.0692];8439.50960;1;0;[0.8821];[-0.0679];8424.57264;100),(196496.80924;[0.8792];[-0.0708];8257.33888;1;0;[0.8797];[-0.0703];8243.23488;100),(197066.58721;[0.8779];[-0.0721];8255.35514;1;0;[0.8781];[-0.0719];8241.20997;100),(197325.78254;[0.8779];[-0.0721];8255.35514;1;0;[0.8781];[-0.0719];8241.20997;100),(197634.75180;[0.8786];[-0.0714];8253.79051;1;0;[0.8794];[-0.0706];8239.69596;100),(197955.88660;[0.8786];[-0.0714];8253.79051;1;0;[0.8794];[-0.0706];8239.69596;100),(198760.37717;[0.7886];[-0.1614];10295.08350;1;0;[0.7863];[-0.1637];10256.85997;100),(199514.74500;[0.8397];[-0.1103];9529.08807;1;0;[0.8432];[-0.1068];9504.17205;100),(200163.02872;[0.8756];[-0.0744];9004.88545;1;0;[0.876];[-0.074];8985.61902;100),(201277.71115;[0.8786];[-0.0714];8253.79051;1;0;[0.8794];[-0.0706];8239.69596;100),(201994.47322;[0.8786];[-0.0714];8253.79051;1;0;[0.8794];[-0.0706];8239.69596;100),(202985.75950;[0.7886];[-0.1614];10295.08350;1;0;[0.7863];[-0.1637];10256.85997;100),(203627.36654;[0.8394];[-0.1106];9742.49131;1;0;[0.8423];[-0.1077];9715.83303;100),(204366.49799;[0.8651];[-0.0849];9118.13691;1;0;[0.8681];[-0.0819];9097.81674;100),(204922.32704;[0.8786];[-0.0714];8253.79051;1;0;[0.8794];[-0.0706];8239.69596;100),(206295.96162;[0.7886];[-0.1614];10295.08350;1;0;[0.7863];[-0.1637];10256.85997;100),(206955.21855;[0.8394];[-0.1106];9742.49131;1;0;[0.8423];[-0.1077];9715.83303;100),(207715.97219;[0.8651];[-0.0849];9118.13691;1;0;[0.8681];[-0.0819];9097.81674;100),(208767.22431;[0.8817];[-0.0683];8757.30756;1;0;[0.8835];[-0.0665];8740.13228;100),(209176.14412;[0.8821];[-0.0679];8446.11907;1;0;[0.8836];[-0.0664];8431.17488;100),(209569.52572;[0.8816];[-0.0684];8441.61648;1;0;[0.8829];[-0.0671];8426.66514;100),(210015.60211;[0.8808];[-0.0692];8431.52705;1;0;[0.8823];[-0.0677];8416.65071;100),(210504.34232;[0.8786];[-0.0714];8253.79051;1;0;[0.8794];[-0.0706];8239.69596;100),(211044.13486;[0.8786];[-0.0714];8253.79051;1;0;[0.8794];[-0.0706];8239.69596;100),(211387.05492;[0.8786];[-0.0714];8253.79051;1;0;[0.8794];[-0.0706];8239.69596;100),(212061.80930;[0.7957];[-0.1543];10271.36805;1;0;[0.7934];[-0.1566];10234.84457;100),(213226.65524;[0.8403];[-0.1097];9560.95678;1;0;[0.8424];[-0.1076];9537.00286;100),(213845.85309;[0.8645];[-0.0855];9184.95758;1;0;[0.8686];[-0.0814];9164.62041;100),(214779.09017;[0.8786];[-0.0714];8253.79051;1;0;[0.8794];[-0.0706];8239.69596;100),(216135.07771;[0.7927];[-0.1573];10224.92849;1;0;[0.7911];[-0.1589];10188.74371;100),(217131.82211;[0.8403];[-0.1097];9560.95678;1;0;[0.8424];[-0.1076];9537.00286;100),(217778.23019;[0.8645];[-0.0855];9184.95758;1;0;[0.8686];[-0.0814];9164.62041;100),(219063.42936;[0.8763];[-0.0737];8880.09061;1;0;[0.8785];[-0.0715];8861.87026;100),(219544.79027;[0.8813];[-0.0687];8600.40801;1;0;[0.8833];[-0.0667];8584.53513;100),(219961.11369;[0.8822];[-0.0678];8441.23283;1;0;[0.8848];[-0.0652];8426.32174;100),(220372.33281;[0.8799];[-0.0701];8432.65776;1;0;[0.8817];[-0.0683];8417.73411;100),(220719.43259;[0.8793];[-0.0707];8431.02690;1;0;[0.8814];[-0.0686];8416.09299;100),(221057.87230;[0.8786];[-0.0714];8428.15604;1;0;[0.8806];[-0.0694];8413.21003;100),(221559.01623;[0.8786];[-0.0714];8428.15604;1;0;[0.8806];[-0.0694];8413.21003;100),(222451.15352;[0.806];[-0.144];10193.86692;1;0;[0.8058];[-0.1442];10158.62048;100),(223192.43360;[0.8439];[-0.1061];9513.04516;1;0;[0.8465];[-0.1035];9489.01736;100),(223765.51390;[0.8707];[-0.0793];9101.43008;1;0;[0.8719];[-0.0781];9081.65428;100),(224306.37956;[0.8786];[-0.0714];8428.15604;1;0;[0.8806];[-0.0694];8413.21003;100),(225984.06863;[0.806];[-0.144];10193.86692;1;0;[0.8058];[-0.1442];10158.62048;100),(226834.97095;[0.8439];[-0.1061];9513.04516;1;0;[0.8465];[-0.1035];9489.01736;100),(227663.94711;[0.8707];[-0.0793];9101.43008;1;0;[0.8719];[-0.0781];9081.65428;100),(228935.99987;[0.8786];[-0.0714];8428.15604;1;0;[0.8806];[-0.0694];8413.21003;100),(229755.98311;[0.806];[-0.144];10193.86692;1;0;[0.8058];[-0.1442];10158.62048;100),(230632.61771;[0.8424];[-0.1076];9635.66526;1;0;[0.8436];[-0.1064];9609.99581;100),(231673.28572;[0.8647];[-0.0853];9191.24071;1;0;[0.8689];[-0.0811];9170.80560;100),(232296.52858;[0.8777];[-0.0723];8887.14378;1;0;[0.8804];[-0.0696];8868.92745;100),(232723.65093;[0.8816];[-0.0684];8607.49859;1;0;[0.8837];[-0.0663];8591.53462;100),(233201.67375;[0.8793];[-0.0707];8588.06898;1;0;[0.8814];[-0.0686];8571.84904;100),(233524.91903;[0.8816];[-0.0684];8441.61648;1;0;[0.8829];[-0.0671];8426.66514;100),(233981.44031;[0.8808];[-0.0692];8431.52705;1;0;[0.8823];[-0.0677];8416.65071;100),(234367.31839;[0.8786];[-0.0714];8428.15604;1;0;[0.8806];[-0.0694];8413.21003;100),(234803.50494;[0.8786];[-0.0714];8428.15604;1;0;[0.8806];[-0.0694];8413.21003;100),(235536.66568;[0.7975];[-0.1525];10139.79477;1;0;[0.7964];[-0.1536];10103.51372;100),(236582.87287;[0.8475];[-0.1025];9451.50450;1;0;[0.8486];[-0.1014];9428.19623;100),(237714.74147;[0.8708];[-0.0792];9104.54551;1;0;[0.872];[-0.078];9084.69740;100),(238506.87146;[0.8786];[-0.0714];8428.15604;1;0;[0.8806];[-0.0694];8413.21003;100),(240291.91065;[0.7975];[-0.1525];10139.79477;1;0;[0.7964];[-0.1536];10103.51372;100),(241193.23826;[0.8475];[-0.1025];9451.50450;1;0;[0.8486];[-0.1014];9428.19623;100),(242133.95190;[0.8708];[-0.0792];9104.54551;1;0;[0.872];[-0.078];9084.69740;100),(243348.11306;[0.8786];[-0.0714];8428.15604;1;0;[0.8806];[-0.0694];8413.21003;100),(244356.00734;[0.7975];[-0.1525];10139.79477;1;0;[0.7964];[-0.1536];10103.51372;100),(245045.66956;[0.839];[-0.111];9520.09350;1;0;[0.8418];[-0.1082];9495.07613;100),(245910.43282;[0.8669];[-0.0831];9193.29011;1;0;[0.8704];[-0.0796];9173.04086;100),(246500.26155;[0.8781];[-0.0719];8890.31647;1;0;[0.8809];[-0.0691];8872.09300;100),(247114.37416;[0.8785];[-0.0715];8745.50846;1;0;[0.8812];[-0.0688];8728.34847;100),(247771.06261;[0.881];[-0.069];8600.60864;1;0;[0.883];[-0.067];8584.70966;100),(248391.46471;[0.8818];[-0.0682];8442.49515;1;0;[0.8837];[-0.0663];8427.53071;100),(248717.84186;[0.8808];[-0.0692];8439.50960;1;0;[0.8821];[-0.0679];8424.57264;100),(249083.49895;[0.8808];[-0.0692];8431.52705;1;0;[0.8823];[-0.0677];8416.65071;100),(249383.17466;[0.8793];[-0.0707];8431.02690;1;0;[0.8814];[-0.0686];8416.09299;100),(249718.01424;[0.8801];[-0.0699];8429.28550;1;0;[0.8817];[-0.0683];8414.40036;100),(250075.61326;[0.8786];[-0.0714];8428.15604;1;0;[0.8806];[-0.0694];8413.21003;100),(251410.34985;[0.8152];[-0.1348];10079.42409;1;0;[0.8154];[-0.1346];10046.76422;100),(252173.44165;[0.8519];[-0.0981];9388.27832;1;0;[0.8539];[-0.0961];9364.98351;100),(252795.19415;[0.8739];[-0.0761];8996.12558;1;0;[0.8746];[-0.0754];8976.85612;100),(253361.57465;[0.8797];[-0.0703];8753.80709;1;0;[0.8821];[-0.0679];8736.60643;100),(253690.55104;[0.8808];[-0.0692];8431.52705;1;0;[0.8823];[-0.0677];8416.65071;100),(254312.25467;[0.8793];[-0.0707];8431.02690;1;0;[0.8814];[-0.0686];8416.09299;100),(254659.67369;[0.8801];[-0.0699];8429.28550;1;0;[0.8817];[-0.0683];8414.40036;100),(255738.54351;[0.8138];[-0.1362];10046.21348;1;0;[0.8152];[-0.1348];10013.78697;100),(256866.77003;[0.8538];[-0.0962];9348.30227;1;0;[0.8566];[-0.0934];9325.99430;100),(257937.70146;[0.8756];[-0.0744];9004.88545;1;0;[0.876];[-0.074];8985.61902;100),(258449.26906;[0.8772];[-0.0728];8882.77363;1;0;[0.88];[-0.07];8864.57878;100),(258775.43068;[0.8781];[-0.0719];8743.96492;1;0;[0.881];[-0.069];8726.79410;100),(259206.04801;[0.8799];[-0.0701];8589.93478;1;0;[0.8822];[-0.0678];8573.72810;100),(259762.42018;[0.8803];[-0.0697];8589.73415;1;0;[0.8824];[-0.0676];8573.55357;100),(260070.42432;[0.8793];[-0.0707];8588.06898;1;0;[0.8814];[-0.0686];8571.84904;100),(260379.06170;[0.8793];[-0.0707];8588.06898;1;0;[0.8814];[-0.0686];8571.84904;100),(261068.26544;[0.8174];[-0.1326];10025.77398;1;0;[0.8179];[-0.1321];9994.09055;100),(261930.91536;[0.8551];[-0.0949];9360.38967;1;0;[0.8579];[-0.0921];9338.06593;100),(262617.35845;[0.8749];[-0.0751];9006.73823;1;0;[0.8752];[-0.0748];8987.36482;100),(263325.06919;[0.8777];[-0.0723];8887.14378;1;0;[0.8804];[-0.0696];8868.92745;100),(263651.08371;[0.8797];[-0.0703];8753.80709;1;0;[0.8821];[-0.0679];8736.60643;100),(264017.97533;[0.8803];[-0.0697];8589.73415;1;0;[0.8824];[-0.0676];8573.55357;100),(264512.18033;[0.8793];[-0.0707];8588.06898;1;0;[0.8814];[-0.0686];8571.84904;100),(264915.51733;[0.8793];[-0.0707];8588.06898;1;0;[0.8814];[-0.0686];8571.84904;100),(265408.08725;[0.8793];[-0.0707];8588.06898;1;0;[0.8814];[-0.0686];8571.84904;100),(266952.54517;[0.8206];[-0.1294];9982.58917;1;0;[0.8206];[-0.1294];9950.98932;100),(267648.62084;[0.8603];[-0.0897];9278.75524;1;0;[0.8627];[-0.0873];9257.00752;100),(268306.13804;[0.8793];[-0.0707];8588.06898;1;0;[0.8814];[-0.0686];8571.84904;100),(268999.53485;[0.8793];[-0.0707];8588.06898;1;0;[0.8814];[-0.0686];8571.84904;100),(270071.82503;[0.8246];[-0.1254];9925.13998;1;0;[0.8257];[-0.1243];9894.63186;100),(270890.27762;[0.8603];[-0.0897];9278.75524;1;0;[0.8627];[-0.0873];9257.00752;100),(271591.04776;[0.8793];[-0.0707];8588.06898;1;0;[0.8814];[-0.0686];8571.84904;100),(272539.10279;[0.8793];[-0.0707];8588.06898;1;0;[0.8814];[-0.0686];8571.84904;100),(273784.59239;[0.8246];[-0.1254];9925.13998;1;0;[0.8257];[-0.1243];9894.63186;100),(274515.02323;[0.8603];[-0.0897];9278.75524;1;0;[0.8627];[-0.0873];9257.00752;100),(275258.60453;[0.8793];[-0.0707];8588.06898;1;0;[0.8814];[-0.0686];8571.84904;100),(275847.08190;[0.8793];[-0.0707];8588.06898;1;0;[0.8814];[-0.0686];8571.84904;100),(276567.43121;[0.8368];[-0.1132];9868.25506;1;0;[0.8392];[-0.1108];9839.69984;100),(277279.17123;[0.8647];[-0.0853];9191.24071;1;0;[0.8689];[-0.0811];9170.80560;100),(278442.52253;[0.8793];[-0.0707];8588.06898;1;0;[0.8814];[-0.0686];8571.84904;100),(279139.82725;[0.8793];[-0.0707];8588.06898;1;0;[0.8814];[-0.0686];8571.84904;100),(280228.78218;[0.8368];[-0.1132];9868.25506;1;0;[0.8392];[-0.1108];9839.69984;100),(280807.04165;[0.8603];[-0.0897];9278.75524;1;0;[0.8627];[-0.0873];9257.00752;100),(281322.91794;[0.8793];[-0.0707];8588.06898;1;0;[0.8814];[-0.0686];8571.84904;100),(282719.23518;[0.8368];[-0.1132];9868.25506;1;0;[0.8392];[-0.1108];9839.69984;100),(283533.23817;[0.8603];[-0.0897];9278.75524;1;0;[0.8627];[-0.0873];9257.00752;100),(285057.31368;[0.8755];[-0.0745];9006.45815;1;0;[0.876];[-0.074];8987.13545;100),(285454.48089;[0.8737];[-0.0763];8994.66823;1;0;[0.8741];[-0.0759];8975.39225;100),(285912.68063;[0.8772];[-0.0728];8882.77363;1;0;[0.88];[-0.07];8864.57878;100),(286326.20287;[0.8795];[-0.0705];8753.00981;1;0;[0.8818];[-0.0682];8735.82646;100),(286709.67388;[0.8781];[-0.0719];8743.96492;1;0;[0.881];[-0.069];8726.79410;100),(287201.57576;[0.8772];[-0.0728];8741.17569;1;0;[0.8806];[-0.0694];8724.00203;100),(287753.08251;[0.8772];[-0.0728];8741.17569;1;0;[0.8806];[-0.0694];8724.00203;100),(288559.43108;[0.8373];[-0.1127];9838.31093;1;0;[0.8391];[-0.1109];9810.49166;100),(289363.23619;[0.865];[-0.085];9192.54032;1;0;[0.8691];[-0.0809];9172.10954;100),(290062.88719;[0.8772];[-0.0728];8741.17569;1;0;[0.8806];[-0.0694];8724.00203;100),(291008.42333;[0.8772];[-0.0728];8741.17569;1;0;[0.8806];[-0.0694];8724.00203;100),(292086.92670;[0.841];[-0.109];9539.61227;1;0;[0.8432];[-0.1068];9514.62454;100),(292875.90146;[0.8634];[-0.0866];9192.73956;1;0;[0.8671];[-0.0829];9172.24660;100),(293756.85072;[0.8772];[-0.0728];8741.17569;1;0;[0.8806];[-0.0694];8724.00203;100),(294342.29946;[0.8772];[-0.0728];8741.17569;1;0;[0.8806];[-0.0694];8724.00203;100),(295181.06627;[0.841];[-0.109];9539.61227;1;0;[0.8432];[-0.1068];9514.62454;100),(296007.03907;[0.865];[-0.085];9192.54032;1;0;[0.8691];[-0.0809];9172.10954;100),(296641.45303;[0.8772];[-0.0728];8741.17569;1;0;[0.8806];[-0.0694];8724.00203;100),(298081.33602;[0.8478];[-0.1022];9454.13444;1;0;[0.8491];[-0.1009];9430.82611;100),(298805.69887;[0.871];[-0.079];9101.45258;1;0;[0.8721];[-0.0779];9081.66253;100),(299298.79022;[0.8785];[-0.0715];8745.50846;1;0;[0.8812];[-0.0688];8728.34847;100),(299746.84525;[0.8781];[-0.0719];8743.96492;1;0;[0.881];[-0.069];8726.79410;100),(300112.02335;[0.8781];[-0.0719];8743.96492;1;0;[0.881];[-0.069];8726.79410;100),(300467.42773;[0.8772];[-0.0728];8741.17569;1;0;[0.8806];[-0.0694];8724.00203;100),(302512.17818;[0.665];[-0.285];10897.39424;1;0;[0.6648];[-0.2852];10832.97939;200),(303594.67649;[0.665];[-0.285];10897.39424;1;0;[0.6648];[-0.2852];10832.97939;200),(304482.74922;[0.665];[-0.285];10897.39424;1;0;[0.6648];[-0.2852];10832.97939;200),(305453.75085;[0.665];[-0.285];10897.39424;1;0;[0.6648];[-0.2852];10832.97939;200),(306392.11440;[0.665];[-0.285];10897.39424;1;0;[0.6648];[-0.2852];10832.97939;200),(307661.13329;[0.665];[-0.285];10897.39424;1;0;[0.6648];[-0.2852];10832.97939;200),(308364.21323;[0.808];[-0.142];10083.90957;1;0;[0.8078];[-0.1422];10049.58191;200),(308910.97760;[0.8485];[-0.1015];9414.17167;1;0;[0.8503];[-0.0997];9390.12912;200),(309347.43047;[0.8722];[-0.0778];9033.40483;1;0;[0.8724];[-0.0776];9013.15909;200),(309901.98374;[0.8772];[-0.0728];8630.79595;1;0;[0.8795];[-0.0705];8613.96991;200),(310397.27736;[0.8821];[-0.0679];8273.90427;1;0;[0.8836];[-0.0664];8259.75538;200),(310828.69172;[0.8744];[-0.0756];8061.79892;1;0;[0.8728];[-0.0772];8049.17032;200),(311116.04095;[0.8626];[-0.0874];7830.15749;1;0;[0.8626];[-0.0874];7818.91108;200),(311546.06247;[0.8514];[-0.0986];7623.41652;1;0;[0.8551];[-0.0949];7613.72407;200),(311999.44997;[0.8489];[-0.1011];7612.44299;1;0;[0.8522];[-0.0978];7602.75772;200),(312520.24865;[0.8462];[-0.1038];7601.59130;1;0;[0.8492];[-0.1008];7591.86384;200),(312829.71001;[0.8457];[-0.1043];7589.95362;1;0;[0.8483];[-0.1017];7580.26805;200),(313378.88908;[0.8442];[-0.1058];7584.28881;1;0;[0.8467];[-0.1033];7574.56618;200),(314255.40686;[0.665];[-0.285];10897.39424;1;0;[0.6648];[-0.2852];10832.97939;200),(315644.19270;[0.778];[-0.172];10368.44833;1;0;[0.7766];[-0.1734];10328.70900;200),(316680.64523;[0.8394];[-0.1106];9742.49131;1;0;[0.8423];[-0.1077];9715.83303;200),(317896.85607;[0.8707];[-0.0793];9101.43008;1;0;[0.8719];[-0.0781];9081.65428;200),(318820.51420;[0.878];[-0.072];8424.05893;1;0;[0.8792];[-0.0708];8409.08323;200),(320560.47964;[0.8442];[-0.1058];7584.28881;1;0;[0.8467];[-0.1033];7574.56618;200),(321134.85932;[0.8442];[-0.1058];7584.28881;1;0;[0.8467];[-0.1033];7574.56618;200),(322197.50762;[0.665];[-0.285];10897.39424;1;0;[0.6648];[-0.2852];10832.97939;200),(323369.42792;[0.7746];[-0.1754];10384.98177;1;0;[0.7737];[-0.1763];10344.74724;200),(324359.54952;[0.8366];[-0.1134];9773.34284;1;0;[0.8388];[-0.1112];9745.66783;200),(325441.02359;[0.8678];[-0.0822];9133.86571;1;0;[0.8698];[-0.0802];9113.07382;200),(326691.68282;[0.881];[-0.069];8600.60864;1;0;[0.883];[-0.067];8584.70966;200),(327655.70378;[0.8442];[-0.1058];7584.28881;1;0;[0.8467];[-0.1033];7574.56618;200),(328980.38006;[0.665];[-0.285];10897.39424;1;0;[0.6648];[-0.2852];10832.97939;200),(330246.01912;[0.7746];[-0.1754];10384.98177;1;0;[0.7737];[-0.1763];10344.74724;200),(331105.27158;[0.8366];[-0.1134];9773.34284;1;0;[0.8388];[-0.1112];9745.66783;200),(332424.94392;[0.8678];[-0.0822];9133.86571;1;0;[0.8698];[-0.0802];9113.07382;200),(333531.31628;[0.881];[-0.069];8600.60864;1;0;[0.883];[-0.067];8584.70966;200),(335431.82015;[0.8769];[-0.0731];8072.85041;1;0;[0.8758];[-0.0742];8060.23102;200),(335932.62672;[0.8658];[-0.0842];7850.96651;1;0;[0.8659];[-0.0841];7839.71799;200),(336296.98110;[0.8462];[-0.1038];7601.59130;1;0;[0.8492];[-0.1008];7591.86384;200),(336788.70964;[0.8457];[-0.1043];7589.95362;1;0;[0.8483];[-0.1017];7580.26805;200),(337227.85926;[0.8457];[-0.1043];7589.95362;1;0;[0.8483];[-0.1017];7580.26805;200),(338377.09427;[0.665];[-0.285];10897.39424;1;0;[0.6648];[-0.2852];10832.97939;200),(339449.44453;[0.778];[-0.172];10368.44833;1;0;[0.7766];[-0.1734];10328.70900;200),(340356.00591;[0.8366];[-0.1134];9827.06797;1;0;[0.8393];[-0.1107];9799.35330;200),(341743.84189;[0.866];[-0.084];9134.47327;1;0;[0.8685];[-0.0815];9113.60809;200),(342993.79396;[0.8824];[-0.0676];8607.75632;1;0;[0.8845];[-0.0655];8591.84913;200),(343991.27126;[0.8457];[-0.1043];7589.95362;1;0;[0.8483];[-0.1017];7580.26805;200),(345763.32092;[0.6672];[-0.2828];10893.94093;1;0;[0.6669];[-0.2831];10829.98649;200),(346803.31826;[0.778];[-0.172];10368.44833;1;0;[0.7766];[-0.1734];10328.70900;200),(348019.05489;[0.8366];[-0.1134];9827.06797;1;0;[0.8393];[-0.1107];9799.35330;200),(349338.81855;[0.866];[-0.084];9134.47327;1;0;[0.8685];[-0.0815];9113.60809;200),(350340.84439;[0.8824];[-0.0676];8607.75632;1;0;[0.8845];[-0.0655];8591.84913;200),(352385.50687;[0.8779];[-0.0721];8075.39158;1;0;[0.8783];[-0.0717];8062.77598;200),(352836.32350;[0.8678];[-0.0822];7859.28222;1;0;[0.8674];[-0.0826];7848.00353;200),(353549.52145;[0.8462];[-0.1038];7601.59130;1;0;[0.8492];[-0.1008];7591.86384;200),(354408.11229;[0.8457];[-0.1043];7589.95362;1;0;[0.8483];[-0.1017];7580.26805;200),(355639.37640;[0.676];[-0.274];10888.10312;1;0;[0.6745];[-0.2755];10825.88643;200),(356686.44547;[0.7736];[-0.1764];10349.30217;1;0;[0.7722];[-0.1778];10309.07788;200),(358047.26505;[0.8392];[-0.1108];9745.14854;1;0;[0.8425];[-0.1075];9718.43940;200),(359174.54791;[0.8665];[-0.0835];9134.38372;1;0;[0.8685];[-0.0815];9113.50022;200),(360336.59601;[0.8826];[-0.0674];8611.86569;1;0;[0.8849];[-0.0651];8595.94881;200),(362450.86503;[0.8779];[-0.0721];8255.35514;1;0;[0.8781];[-0.0719];8241.20997;200),(363174.62540;[0.8684];[-0.0816];7860.43845;1;0;[0.8678];[-0.0822];7849.15559;200),(363551.19920;[0.8513];[-0.0987];7613.99652;1;0;[0.855];[-0.095];7604.35847;200),(364094.88750;[0.85];[-0.1];7610.34830;1;0;[0.8537];[-0.0963];7600.70658;200),(364621.33217;[0.8462];[-0.1038];7601.59130;1;0;[0.8492];[-0.1008];7591.86384;200),(365138.78345;[0.8462];[-0.1038];7601.59130;1;0;[0.8492];[-0.1008];7591.86384;200),(366174.76106;[0.6785];[-0.2715];10879.70611;1;0;[0.6772];[-0.2728];10818.05455;200),(367658.08392;[0.7676];[-0.1824];10348.35063;1;0;[0.765];[-0.185];10307.17801;200),(368727.88548;[0.8398];[-0.1102];9745.51196;1;0;[0.8426];[-0.1074];9718.78585;200),(369854.29835;[0.8659];[-0.0841];9135.78818;1;0;[0.8683];[-0.0817];9114.93092;200),(371143.77379;[0.8825];[-0.0675];8613.47247;1;0;[0.8851];[-0.0649];8597.55591;200),(373071.59042;[0.8791];[-0.0709];8261.96858;1;0;[0.8794];[-0.0706];8247.82183;200),(373736.19699;[0.8736];[-0.0764];8055.49521;1;0;[0.8723];[-0.0777];8042.88366;200),(374154.90437;[0.864];[-0.086];7832.64209;1;0;[0.8639];[-0.0861];7821.45297;200),(374475.31128;[0.862];[-0.088];7831.36790;1;0;[0.8624];[-0.0876];7820.10099;200),(374826.94602;[0.8626];[-0.0874];7830.15749;1;0;[0.8626];[-0.0874];7818.91108;200),(375324.83411;[0.8626];[-0.0874];7830.15749;1;0;[0.8626];[-0.0874];7818.91108;200),(375670.18223;[0.8603];[-0.0897];7825.16017;1;0;[0.8613];[-0.0887];7813.88636;200),(377327.73876;[0.6845];[-0.2655];10860.21324;1;0;[0.6816];[-0.2684];10799.56417;200),(378845.79539;[0.7699];[-0.1801];10325.08782;1;0;[0.7684];[-0.1816];10284.27806;200),(379992.46812;[0.8385];[-0.1115];9745.96894;1;0;[0.8414];[-0.1086];9719.18674;200),(380887.51578;[0.8623];[-0.0877];9168.34257;1;0;[0.8659];[-0.0841];9147.95080;200),(381953.87053;[0.8825];[-0.0675];8613.47247;1;0;[0.8851];[-0.0649];8597.55591;200),(382794.29555;[0.8603];[-0.0897];7825.16017;1;0;[0.8613];[-0.0887];7813.88636;200),(383307.96814;[0.8603];[-0.0897];7825.16017;1;0;[0.8613];[-0.0887];7813.88636;200),(384955.69205;[0.6845];[-0.2655];10860.21324;1;0;[0.6816];[-0.2684];10799.56417;200),(386216.15887;[0.7699];[-0.1801];10325.08782;1;0;[0.7684];[-0.1816];10284.27806;200),(387193.73751;[0.8382];[-0.1118];9745.91597;1;0;[0.8414];[-0.1086];9719.11726;200),(388210.86764;[0.8623];[-0.0877];9168.34257;1;0;[0.8659];[-0.0841];9147.95080;200),(389255.82457;[0.8825];[-0.0675];8613.47247;1;0;[0.8851];[-0.0649];8597.55591;200),(390148.22102;[0.8603];[-0.0897];7825.16017;1;0;[0.8613];[-0.0887];7813.88636;200),(392410.99691;[0.6918];[-0.2582];10852.64247;1;0;[0.6896];[-0.2604];10793.70353;200),(393912.72140;[0.7699];[-0.1801];10325.08782;1;0;[0.7684];[-0.1816];10284.27806;200),(394926.23496;[0.8382];[-0.1118];9745.91597;1;0;[0.8414];[-0.1086];9719.11726;200),(395889.32300;[0.8623];[-0.0877];9168.34257;1;0;[0.8659];[-0.0841];9147.95080;200),(397068.86029;[0.8825];[-0.0675];8613.47247;1;0;[0.8851];[-0.0649];8597.55591;200),(399106.37331;[0.8799];[-0.0701];8265.76719;1;0;[0.8801];[-0.0699];8251.57575;200),(399419.04497;[0.8757];[-0.0743];8065.21420;1;0;[0.8743];[-0.0757];8052.59535;200),(400087.70132;[0.8629];[-0.0871];7834.97486;1;0;[0.8632];[-0.0868];7823.73822;200),(400378.07155;[0.8626];[-0.0874];7830.15749;1;0;[0.8626];[-0.0874];7818.91108;200),(401914.48641;[0.6896];[-0.2604];10840.73903;1;0;[0.6872];[-0.2628];10781.28569;200),(403260.81777;[0.7738];[-0.1762];10284.10001;1;0;[0.7725];[-0.1775];10245.41373;200),(404455.53827;[0.8406];[-0.1094];9638.50747;1;0;[0.8426];[-0.1074];9612.71225;200),(405649.04022;[0.8709];[-0.0791];9106.22004;1;0;[0.8723];[-0.0777];9086.37759;200),(406836.43699;[0.8825];[-0.0675];8613.47247;1;0;[0.8851];[-0.0649];8597.55591;200),(409027.83990;[0.8813];[-0.0687];8266.32291;1;0;[0.8823];[-0.0677];8252.18461;200),(409573.79580;[0.8757];[-0.0743];8065.21420;1;0;[0.8743];[-0.0757];8052.59535;200),(410191.69402;[0.8674];[-0.0826];7852.23811;1;0;[0.867];[-0.083];7841.00529;200),(410548.93303;[0.8646];[-0.0854];7848.34226;1;0;[0.8651];[-0.0849];7837.07655;200),(410963.57107;[0.864];[-0.086];7832.64209;1;0;[0.8639];[-0.0861];7821.45297;200),(411276.39294;[0.8626];[-0.0874];7830.15749;1;0;[0.8626];[-0.0874];7818.91108;200),(411664.04200;[0.8626];[-0.0874];7830.15749;1;0;[0.8626];[-0.0874];7818.91108;200),(412817.92712;[0.6741];[-0.2759];10822.33118;1;0;[0.6713];[-0.2787];10759.12675;200),(414083.26221;[0.7739];[-0.1761];10280.61040;1;0;[0.7727];[-0.1773];10242.08475;200),(415398.71740;[0.8368];[-0.1132];9647.40489;1;0;[0.8399];[-0.1101];9621.23755;200),(416420.98641;[0.8702];[-0.0798];9107.60236;1;0;[0.8713];[-0.0787];9087.72547;200),(417814.44597;[0.8825];[-0.0675];8613.47247;1;0;[0.8851];[-0.0649];8597.55591;200),(419496.27233;[0.8817];[-0.0683];8270.28518;1;0;[0.8824];[-0.0676];8256.15493;200),(419869.50016;[0.8762];[-0.0738];8067.39792;1;0;[0.8743];[-0.0757];8054.77385;200),(420187.03651;[0.8712];[-0.0788];8048.13187;1;0;[0.8697];[-0.0803];8035.47698;200),(420501.62125;[0.8657];[-0.0843];7846.93362;1;0;[0.866];[-0.084];7835.71556;200),(420878.55506;[0.8626];[-0.0874];7830.15749;1;0;[0.8626];[-0.0874];7818.91108;200),(421639.19640;[0.8626];[-0.0874];7830.15749;1;0;[0.8626];[-0.0874];7818.91108;200),(422074.65816;[0.8626];[-0.0874];7830.15749;1;0;[0.8626];[-0.0874];7818.91108;200),(423135.27155;[0.6741];[-0.2759];10822.33118;1;0;[0.6713];[-0.2787];10759.12675;200),(424382.11465;[0.7762];[-0.1738];10262.58584;1;0;[0.7755];[-0.1745];10224.48758;200),(425332.89456;[0.8376];[-0.1124];9660.16080;1;0;[0.8411];[-0.1089];9633.52376;200),(426622.92862;[0.8651];[-0.0849];9120.66379;1;0;[0.868];[-0.082];9099.90344;200),(427581.46620;[0.8771];[-0.0729];8741.37632;1;0;[0.8803];[-0.0697];8724.17656;200),(428442.57927;[0.8626];[-0.0874];7830.15749;1;0;[0.8626];[-0.0874];7818.91108;200),(428961.85827;[0.8626];[-0.0874];7830.15749;1;0;[0.8626];[-0.0874];7818.91108;200),(430017.67850;[0.6713];[-0.2787];10823.12836;1;0;[0.6696];[-0.2804];10759.10736;200),(431323.47727;[0.7762];[-0.1738];10262.58584;1;0;[0.7755];[-0.1745];10224.48758;200),(432296.86332;[0.8376];[-0.1124];9660.16080;1;0;[0.8411];[-0.1089];9633.52376;200),(433745.72325;[0.8651];[-0.0849];9120.66379;1;0;[0.868];[-0.082];9099.90344;200),(434795.86244;[0.8771];[-0.0729];8741.37632;1;0;[0.8803];[-0.0697];8724.17656;200),(435691.14900;[0.8626];[-0.0874];7830.15749;1;0;[0.8626];[-0.0874];7818.91108;200),(436417.53364;[0.8626];[-0.0874];7830.15749;1;0;[0.8626];[-0.0874];7818.91108;200),(437451.70188;[0.6732];[-0.2768];10819.75856;1;0;[0.671];[-0.279];10756.16443;200),(438797.33872;[0.7762];[-0.1738];10262.58584;1;0;[0.7755];[-0.1745];10224.48758;200),(439865.17215;[0.8376];[-0.1124];9660.16080;1;0;[0.8411];[-0.1089];9633.52376;200),(441243.10493;[0.8651];[-0.0849];9120.66379;1;0;[0.868];[-0.082];9099.90344;200),(442251.96791;[0.8771];[-0.0729];8741.37632;1;0;[0.8803];[-0.0697];8724.17656;200),(443386.91616;[0.8626];[-0.0874];7830.15749;1;0;[0.8626];[-0.0874];7818.91108;200),(443974.57910;[0.8626];[-0.0874];7830.15749;1;0;[0.8626];[-0.0874];7818.91108;200),(445066.81991;[0.6732];[-0.2768];10819.75856;1;0;[0.671];[-0.279];10756.16443;200),(446576.68567;[0.7762];[-0.1738];10262.58584;1;0;[0.7755];[-0.1745];10224.48758;200),(447815.16886;[0.8376];[-0.1124];9660.16080;1;0;[0.8411];[-0.1089];9633.52376;200),(449300.42648;[0.8651];[-0.0849];9120.66379;1;0;[0.868];[-0.082];9099.90344;200),(450296.65208;[0.8771];[-0.0729];8741.37632;1;0;[0.8803];[-0.0697];8724.17656;200),(451193.48955;[0.8626];[-0.0874];7830.15749;1;0;[0.8626];[-0.0874];7818.91108;200),(451800.49801;[0.8626];[-0.0874];7830.15749;1;0;[0.8626];[-0.0874];7818.91108;200),(452660.80332;[0.6865];[-0.2635];10819.13822;1;0;[0.6841];[-0.2659];10759.09895;200),(453826.43676;[0.7799];[-0.1701];10246.54187;1;0;[0.779];[-0.171];10209.00435;200),(455190.89365;[0.8404];[-0.1096];9540.60793;1;0;[0.8427];[-0.1073];9515.58728;200),(456584.83100;[0.8651];[-0.0849];9120.66379;1;0;[0.868];[-0.082];9099.90344;200),(457573.47775;[0.8771];[-0.0729];8741.37632;1;0;[0.8803];[-0.0697];8724.17656;200),(458556.32234;[0.8626];[-0.0874];7830.15749;1;0;[0.8626];[-0.0874];7818.91108;200),(459081.04587;[0.8626];[-0.0874];7830.15749;1;0;[0.8626];[-0.0874];7818.91108;200),(460168.17760;[0.6865];[-0.2635];10819.13822;1;0;[0.6841];[-0.2659];10759.09895;200),(461648.75174;[0.7799];[-0.1701];10246.54187;1;0;[0.779];[-0.171];10209.00435;200),(462891.60132;[0.8404];[-0.1096];9540.60793;1;0;[0.8427];[-0.1073];9515.58728;200),(464473.20247;[0.8651];[-0.0849];9120.66379;1;0;[0.868];[-0.082];9099.90344;200),(465419.35706;[0.8771];[-0.0729];8741.37632;1;0;[0.8803];[-0.0697];8724.17656;200),(466383.52203;[0.8626];[-0.0874];7830.15749;1;0;[0.8626];[-0.0874];7818.91108;200),(466971.62271;[0.8626];[-0.0874];7830.15749;1;0;[0.8626];[-0.0874];7818.91108;200),(468201.23863;[0.6898];[-0.2602];10814.98553;1;0;[0.6867];[-0.2633];10755.53671;200),(469562.36076;[0.7799];[-0.1701];10246.54187;1;0;[0.779];[-0.171];10209.00435;200),(470949.56994;[0.8404];[-0.1096];9540.60793;1;0;[0.8427];[-0.1073];9515.58728;200),(472449.91064;[0.8651];[-0.0849];9120.66379;1;0;[0.868];[-0.082];9099.90344;200),(473416.80479;[0.8771];[-0.0729];8741.37632;1;0;[0.8803];[-0.0697];8724.17656;200),(474449.23949;[0.8626];[-0.0874];7830.15749;1;0;[0.8626];[-0.0874];7818.91108;200),(475015.23805;[0.8626];[-0.0874];7830.15749;1;0;[0.8626];[-0.0874];7818.91108;200),(476022.76087;[0.6898];[-0.2602];10814.98553;1;0;[0.6867];[-0.2633];10755.53671;200),(477252.36583;[0.7799];[-0.1701];10246.54187;1;0;[0.779];[-0.171];10209.00435;200),(478629.61674;[0.8404];[-0.1096];9540.60793;1;0;[0.8427];[-0.1073];9515.58728;200),(479760.72860;[0.8651];[-0.0849];9120.66379;1;0;[0.868];[-0.082];9099.90344;200),(481203.86815;[0.8771];[-0.0729];8741.37632;1;0;[0.8803];[-0.0697];8724.17656;200),(482289.20484;[0.8626];[-0.0874];7830.15749;1;0;[0.8626];[-0.0874];7818.91108;200),(482776.33929;[0.8626];[-0.0874];7830.15749;1;0;[0.8626];[-0.0874];7818.91108;200),(484795.15171;[0.6925];[-0.2575];10807.42824;1;0;[0.6897];[-0.2603];10748.53292;200),(486400.54870;[0.7818];[-0.1682];10217.02816;1;0;[0.782];[-0.168];10179.96465;200),(487576.32256;[0.8404];[-0.1096];9540.60793;1;0;[0.8427];[-0.1073];9515.58728;200),(488683.02250;[0.8651];[-0.0849];9120.66379;1;0;[0.868];[-0.082];9099.90344;200),(489855.16596;[0.8771];[-0.0729];8741.37632;1;0;[0.8803];[-0.0697];8724.17656;200),(490753.80874;[0.8626];[-0.0874];7830.15749;1;0;[0.8626];[-0.0874];7818.91108;200),(491296.83089;[0.8626];[-0.0874];7830.15749;1;0;[0.8626];[-0.0874];7818.91108;200),(492656.34942;[0.6925];[-0.2575];10807.42824;1;0;[0.6897];[-0.2603];10748.53292;200),(493937.97803;[0.7818];[-0.1682];10217.02816;1;0;[0.782];[-0.168];10179.96465;200),(495170.36033;[0.8404];[-0.1096];9540.60793;1;0;[0.8427];[-0.1073];9515.58728;200),(496372.35260;[0.8651];[-0.0849];9120.66379;1;0;[0.868];[-0.082];9099.90344;200),(497676.21660;[0.8771];[-0.0729];8741.37632;1;0;[0.8803];[-0.0697];8724.17656;200),(498648.26727;[0.8626];[-0.0874];7830.15749;1;0;[0.8626];[-0.0874];7818.91108;200),(499190.14812;[0.8626];[-0.0874];7830.15749;1;0;[0.8626];[-0.0874];7818.91108;200),(500160.39491;[0.7031];[-0.2469];10804.76768;1;0;[0.702];[-0.248];10748.22374;200),(501897.03298;[0.7818];[-0.1682];10217.02816;1;0;[0.782];[-0.168];10179.96465;200),(503273.23079;[0.8404];[-0.1096];9540.60793;1;0;[0.8427];[-0.1073];9515.58728;200),(504361.61447;[0.8651];[-0.0849];9120.66379;1;0;[0.868];[-0.082];9099.90344;200),(505521.28530;[0.8771];[-0.0729];8741.37632;1;0;[0.8803];[-0.0697];8724.17656;200),(506356.39358;[0.8626];[-0.0874];7830.15749;1;0;[0.8626];[-0.0874];7818.91108;200),(506818.71796;[0.8626];[-0.0874];7830.15749;1;0;[0.8626];[-0.0874];7818.91108;200),(507841.34555;[0.7031];[-0.2469];10804.76768;1;0;[0.702];[-0.248];10748.22374;200),(509427.51431;[0.7818];[-0.1682];10217.02816;1;0;[0.782];[-0.168];10179.96465;200),(510711.67970;[0.8404];[-0.1096];9540.60793;1;0;[0.8427];[-0.1073];9515.58728;200),(512012.59112;[0.8651];[-0.0849];9120.66379;1;0;[0.868];[-0.082];9099.90344;200),(513312.54506;[0.8771];[-0.0729];8741.37632;1;0;[0.8803];[-0.0697];8724.17656;200),(514158.25319;[0.8626];[-0.0874];7830.15749;1;0;[0.8626];[-0.0874];7818.91108;200),(514594.96307;[0.8626];[-0.0874];7830.15749;1;0;[0.8626];[-0.0874];7818.91108;200),(515526.63112;[0.7017];[-0.2483];10798.84672;1;0;[0.7009];[-0.2491];10742.07616;200),(516874.78757;[0.788];[-0.162];10193.47884;1;0;[0.7885];[-0.1615];10157.87150;200),(517954.40769;[0.8441];[-0.1059];9512.75317;1;0;[0.8475];[-0.1025];9488.77731;200),(519048.81382;[0.8723];[-0.0777];9034.00820;1;0;[0.8725];[-0.0775];9013.74876;200),(520223.34146;[0.8788];[-0.0712];8587.97405;1;0;[0.8815];[-0.0685];8572.07320;200),(521281.02040;[0.8626];[-0.0874];7830.15749;1;0;[0.8626];[-0.0874];7818.91108;200),(521849.27726;[0.8626];[-0.0874];7830.15749;1;0;[0.8626];[-0.0874];7818.91108;200),(522797.24169;[0.7017];[-0.2483];10798.84672;1;0;[0.7009];[-0.2491];10742.07616;200),(524016.47139;[0.788];[-0.162];10193.47884;1;0;[0.7885];[-0.1615];10157.87150;200),(525092.83972;[0.8441];[-0.1059];9512.75317;1;0;[0.8475];[-0.1025];9488.77731;200),(526112.80441;[0.8723];[-0.0777];9034.00820;1;0;[0.8725];[-0.0775];9013.74876;200),(527563.81059;[0.8788];[-0.0712];8587.97405;1;0;[0.8815];[-0.0685];8572.07320;200),(528416.27955;[0.8626];[-0.0874];7830.15749;1;0;[0.8626];[-0.0874];7818.91108;200),(530322.51048;[0.7008];[-0.2492];10778.18323;1;0;[0.6989];[-0.2511];10721.77953;200),(531629.22239;[0.788];[-0.162];10193.47884;1;0;[0.7885];[-0.1615];10157.87150;200),(532607.36895;[0.8436];[-0.1064];9513.01365;1;0;[0.8458];[-0.1042];9488.93698;200),(533590.65008;[0.8723];[-0.0777];9034.00820;1;0;[0.8725];[-0.0775];9013.74876;200),(535134.13239;[0.8788];[-0.0712];8587.97405;1;0;[0.8815];[-0.0685];8572.07320;200),(536436.17344;[0.8626];[-0.0874];7830.15749;1;0;[0.8626];[-0.0874];7818.91108;200),(538038.29741;[0.7008];[-0.2492];10778.18323;1;0;[0.6989];[-0.2511];10721.77953;200),(539186.33652;[0.788];[-0.162];10193.47884;1;0;[0.7885];[-0.1615];10157.87150;200),(540747.60818;[0.8404];[-0.1096];9540.60793;1;0;[0.8427];[-0.1073];9515.58728;200),(541774.73426;[0.8651];[-0.0849];9120.66379;1;0;[0.868];[-0.082];9099.90344;200),(543082.26991;[0.8771];[-0.0729];8741.37632;1;0;[0.8803];[-0.0697];8724.17656;200),(544208.55427;[0.8818];[-0.0682];8271.37599;1;0;[0.8834];[-0.0666];8257.22856;200),(544681.10919;[0.8774];[-0.0726];8067.26702;1;0;[0.8766];[-0.0734];8054.67800;200),(545040.68089;[0.8735];[-0.0765];8055.26027;1;0;[0.8721];[-0.0779];8042.64572;200),(545396.12913;[0.8606];[-0.0894];7831.49770;1;0;[0.8618];[-0.0882];7820.20975;200),(545749.07565;[0.8626];[-0.0874];7830.15749;1;0;[0.8626];[-0.0874];7818.91108;200),(546023.22936;[0.8626];[-0.0874];7830.15749;1;0;[0.8626];[-0.0874];7818.91108;200),(546323.81153;[0.8626];[-0.0874];7830.15749;1;0;[0.8626];[-0.0874];7818.91108;200),(546600.66271;[0.8626];[-0.0874];7830.15749;1;0;[0.8626];[-0.0874];7818.91108;200),(547825.33741;[0.7205];[-0.2295];10771.13286;1;0;[0.7185];[-0.2315];10718.45726;200),(549086.08603;[0.7876];[-0.1624];10174.89409;1;0;[0.7878];[-0.1622];10139.81172;200),(550425.51017;[0.8438];[-0.1062];9513.04926;1;0;[0.8464];[-0.1036];9489.02445;200),(551357.28073;[0.8693];[-0.0807];9099.17120;1;0;[0.8711];[-0.0789];9079.37077;200),(552730.98016;[0.881];[-0.069];8600.60864;1;0;[0.883];[-0.067];8584.70966;200),(553559.69524;[0.8626];[-0.0874];7830.15749;1;0;[0.8626];[-0.0874];7818.91108;200),(554150.60902;[0.8626];[-0.0874];7830.15749;1;0;[0.8626];[-0.0874];7818.91108;200),(555239.90488;[0.7176];[-0.2324];10759.38303;1;0;[0.7156];[-0.2344];10706.43342;200),(556516.82639;[0.7876];[-0.1624];10174.89409;1;0;[0.7878];[-0.1622];10139.81172;200),(557558.61354;[0.8438];[-0.1062];9513.04926;1;0;[0.8464];[-0.1036];9489.02445;200),(558389.35781;[0.8693];[-0.0807];9099.17120;1;0;[0.8711];[-0.0789];9079.37077;200),(559757.19619;[0.881];[-0.069];8600.60864;1;0;[0.883];[-0.067];8584.70966;200),(560857.35130;[0.8626];[-0.0874];7830.15749;1;0;[0.8626];[-0.0874];7818.91108;200),(561342.31544;[0.8626];[-0.0874];7830.15749;1;0;[0.8626];[-0.0874];7818.91108;200),(562410.27451;[0.7176];[-0.2324];10759.38303;1;0;[0.7156];[-0.2344];10706.43342;200),(563589.13779;[0.7876];[-0.1624];10174.89409;1;0;[0.7878];[-0.1622];10139.81172;200),(564626.03736;[0.8438];[-0.1062];9513.04926;1;0;[0.8464];[-0.1036];9489.02445;200),(565537.12559;[0.8693];[-0.0807];9099.17120;1;0;[0.8711];[-0.0789];9079.37077;200),(566837.17585;[0.881];[-0.069];8600.60864;1;0;[0.883];[-0.067];8584.70966;200),(567655.44868;[0.8626];[-0.0874];7830.15749;1;0;[0.8626];[-0.0874];7818.91108;200),(568141.47258;[0.8626];[-0.0874];7830.15749;1;0;[0.8626];[-0.0874];7818.91108;200),(569323.71092;[0.7207];[-0.2293];10746.48497;1;0;[0.7191];[-0.2309];10694.25033;200),(570460.16860;[0.8019];[-0.1481];10153.26214;1;0;[0.801];[-0.149];10120.39826;200),(571491.85610;[0.8438];[-0.1062];9465.01335;1;0;[0.8461];[-0.1039];9440.57774;200),(572339.50567;[0.8693];[-0.0807];9099.17120;1;0;[0.8711];[-0.0789];9079.37077;200),(573638.41558;[0.881];[-0.069];8600.60864;1;0;[0.883];[-0.067];8584.70966;200),(574469.89131;[0.8626];[-0.0874];7830.15749;1;0;[0.8626];[-0.0874];7818.91108;200),(574992.29717;[0.8626];[-0.0874];7830.15749;1;0;[0.8626];[-0.0874];7818.91108;200),(576099.91527;[0.7207];[-0.2293];10746.48497;1;0;[0.7191];[-0.2309];10694.25033;200),(577174.24774;[0.8019];[-0.1481];10153.26214;1;0;[0.801];[-0.149];10120.39826;200),(578367.47432;[0.8438];[-0.1062];9465.01335;1;0;[0.8461];[-0.1039];9440.57774;200),(579162.52375;[0.8693];[-0.0807];9099.17120;1;0;[0.8711];[-0.0789];9079.37077;200),(580485.66532;[0.881];[-0.069];8600.60864;1;0;[0.883];[-0.067];8584.70966;200),(581457.79896;[0.8626];[-0.0874];7830.15749;1;0;[0.8626];[-0.0874];7818.91108;200),(581963.40799;[0.8626];[-0.0874];7830.15749;1;0;[0.8626];[-0.0874];7818.91108;200),(583032.89437;[0.7177];[-0.2323];10723.68510;1;0;[0.7164];[-0.2336];10672.00670;200),(584268.70799;[0.8019];[-0.1481];10153.26214;1;0;[0.801];[-0.149];10120.39826;200),(585276.45659;[0.8438];[-0.1062];9464.86435;1;0;[0.8461];[-0.1039];9440.42869;200),(586161.34572;[0.8693];[-0.0807];9099.17120;1;0;[0.8711];[-0.0789];9079.37077;200),(587465.10959;[0.881];[-0.069];8600.60864;1;0;[0.883];[-0.067];8584.70966;200),(588313.14993;[0.8626];[-0.0874];7830.15749;1;0;[0.8626];[-0.0874];7818.91108;200),(588765.70439;[0.8626];[-0.0874];7830.15749;1;0;[0.8626];[-0.0874];7818.91108;200),(589939.00228;[0.7177];[-0.2323];10723.68510;1;0;[0.7164];[-0.2336];10672.00670;200),(591070.91022;[0.803];[-0.147];10152.96470;1;0;[0.8022];[-0.1478];10120.20316;200),(592091.04085;[0.8438];[-0.1062];9465.01335;1;0;[0.8461];[-0.1039];9440.57774;200),(592923.49434;[0.8693];[-0.0807];9099.17120;1;0;[0.8711];[-0.0789];9079.37077;200),(594265.21277;[0.881];[-0.069];8600.60864;1;0;[0.883];[-0.067];8584.70966;200),(595163.73920;[0.8626];[-0.0874];7830.15749;1;0;[0.8626];[-0.0874];7818.91108;200),(595632.12180;[0.8626];[-0.0874];7830.15749;1;0;[0.8626];[-0.0874];7818.91108;200),(596909.65700;[0.7351];[-0.2149];10707.68482;1;0;[0.7328];[-0.2172];10658.66557;200),(598183.00796;[0.7923];[-0.1577];10153.63793;1;0;[0.7907];[-0.1593];10117.30468;200),(599261.64675;[0.8438];[-0.1062];9465.01335;1;0;[0.8461];[-0.1039];9440.57774;200)]"
5,1,8414.480743945589,0.87078,1,0,[0.6942],[-0.2558],600236.9952201843,"[(3360.53109;[0.5363];[-0.4137];9692.85777;1;0;[0.536];[-0.414];9646.08017;100),(4551.12100;[0.5372];[-0.4128];9693.47839;1;0;[0.5361];[-0.4139];9646.31222;100),(5428.09844;[0.5372];[-0.4128];9693.47839;1;0;[0.5361];[-0.4139];9646.31222;100),(6205.46508;[0.5372];[-0.4128];9693.47839;1;0;[0.5361];[-0.4139];9646.31222;100),(6852.06270;[0.5372];[-0.4128];9693.47839;1;0;[0.5361];[-0.4139];9646.31222;100),(7501.62077;[0.5372];[-0.4128];9693.47839;1;0;[0.5361];[-0.4139];9646.31222;100),(8303.45273;[0.6783];[-0.2717];8573.49730;1;0;[0.6752];[-0.2748];8550.55498;100),(9117.76066;[0.6654];[-0.2846];8129.45851;1;0;[0.6636];[-0.2864];8111.21458;100),(9830.46460;[0.6053];[-0.3447];7524.92969;1;0;[0.6009];[-0.3491];7512.12788;100),(10445.25290;[0.4335];[-0.5165];6854.65574;1;0;[0.4322];[-0.5178];6846.01924;100),(10833.87733;[0.3371];[-0.6129];6600.41445;1;0;[0.3403];[-0.6097];6593.23858;100),(11199.12481;[0.3366];[-0.6134];6593.25104;1;0;[0.3392];[-0.6108];6585.96412;100),(12122.64895;[0.3304];[-0.6196];6571.47629;1;0;[0.3342];[-0.6158];6564.14933;100),(13193.09020;[0.3289];[-0.6211];6569.18314;1;0;[0.3333];[-0.6167];6561.90649;100),(14230.98373;[0.5532];[-0.3968];9629.52173;1;0;[0.5492];[-0.4008];9573.65012;100),(15055.48096;[0.6502];[-0.2998];9036.03819;1;0;[0.6498];[-0.3002];9003.50956;100),(16427.26684;[0.6831];[-0.2669];8437.06315;1;0;[0.6793];[-0.2707];8415.86009;100),(17489.51745;[0.6453];[-0.3047];7842.08993;1;0;[0.6443];[-0.3057];7826.70914;100),(18602.62251;[0.3289];[-0.6211];6569.18314;1;0;[0.3333];[-0.6167];6561.90649;100),(21019.12522;[0.5582];[-0.3918];9610.39002;1;0;[0.5539];[-0.3961];9556.14167;100),(21876.74069;[0.6559];[-0.2941];9005.81826;1;0;[0.6559];[-0.2941];8974.82710;100),(23238.57808;[0.6799];[-0.2701];8385.48136;1;0;[0.6766];[-0.2734];8364.46452;100),(24360.49056;[0.6007];[-0.3493];7505.44931;1;0;[0.5962];[-0.3538];7492.65706;100),(28316.99157;[0.5532];[-0.3968];9629.52173;1;0;[0.5492];[-0.4008];9573.65012;100),(29923.61259;[0.6426];[-0.3074];9043.31971;1;0;[0.6423];[-0.3077];9011.68115;100),(31208.07505;[0.6942];[-0.2558];8510.82947;1;0;[0.6912];[-0.2588];8489.53006;100),(32376.37615;[0.6619];[-0.2881];7993.86755;1;0;[0.66];[-0.29];7977.50230;100),(33726.89700;[0.55];[-0.4];7285.07430;1;0;[0.5455];[-0.4045];7273.20879;100),(34425.17042;[0.3406];[-0.6094];6609.12626;1;0;[0.344];[-0.606];6601.88354;100),(34878.40414;[0.3374];[-0.6126];6598.06953;1;0;[0.3405];[-0.6095];6590.80308;100),(35782.38463;[0.3367];[-0.6133];6596.28336;1;0;[0.3391];[-0.6109];6589.06977;100),(36311.94568;[0.3366];[-0.6134];6593.25104;1;0;[0.3392];[-0.6108];6585.96412;100),(36717.28635;[0.3366];[-0.6134];6593.25104;1;0;[0.3392];[-0.6108];6585.96412;100),(38470.63661;[0.5657];[-0.3843];9593.73365;1;0;[0.5609];[-0.3891];9543.87241;100),(39728.42360;[0.6559];[-0.2941];9005.81826;1;0;[0.6559];[-0.2941];8974.82710;100),(40705.49870;[0.6837];[-0.2663];8471.61124;1;0;[0.6794];[-0.2706];8450.50740;100),(41678.51424;[0.6487];[-0.3013];7846.45086;1;0;[0.6483];[-0.3017];7831.33795;100),(43848.11711;[0.5547];[-0.3953];7298.36064;1;0;[0.55];[-0.4];7286.68681;100),(44235.57973;[0.3374];[-0.6126];6598.06953;1;0;[0.3405];[-0.6095];6590.80308;100),(44588.54675;[0.3366];[-0.6134];6593.25104;1;0;[0.3392];[-0.6108];6585.96412;100),(46507.95460;[0.5723];[-0.3777];9582.90812;1;0;[0.5686];[-0.3814];9536.60512;100),(47398.40579;[0.6528];[-0.2972];9021.57971;1;0;[0.6533];[-0.2967];8989.69198;100),(48482.17535;[0.6936];[-0.2564];8498.18411;1;0;[0.69];[-0.26];8477.48889;100),(49433.90155;[0.6554];[-0.2946];7871.72380;1;0;[0.6551];[-0.2949];7856.67937;100),(51359.95197;[0.5571];[-0.3929];7308.83760;1;0;[0.5525];[-0.3975];7297.11396;100),(52016.11924;[0.4335];[-0.5165];6854.65574;1;0;[0.4322];[-0.5178];6846.01924;100),(52602.12851;[0.4323];[-0.5177];6847.74706;1;0;[0.4304];[-0.5196];6838.99369;100),(53330.73235;[0.4282];[-0.5218];6834.34713;1;0;[0.4263];[-0.5237];6825.64028;100),(53721.02237;[0.4282];[-0.5218];6834.34713;1;0;[0.4263];[-0.5237];6825.64028;100),(54176.35322;[0.4264];[-0.5236];6827.90729;1;0;[0.4243];[-0.5257];6819.21266;100),(54512.59613;[0.4264];[-0.5236];6827.90729;1;0;[0.4243];[-0.5257];6819.21266;100),(54885.54406;[0.4264];[-0.5236];6827.90729;1;0;[0.4243];[-0.5257];6819.21266;100),(56378.42631;[0.574];[-0.376];9570.41952;1;0;[0.5701];[-0.3799];9524.26016;100),(57093.14561;[0.6565];[-0.2935];8996.70290;1;0;[0.6559];[-0.2941];8966.84735;100),(58024.91474;[0.6879];[-0.2621];8452.02512;1;0;[0.6834];[-0.2666];8430.89546;100),(58871.88792;[0.6602];[-0.2898];7986.31637;1;0;[0.6594];[-0.2906];7969.95275;100),(59645.62631;[0.4264];[-0.5236];6827.90729;1;0;[0.4243];[-0.5257];6819.21266;100),(61710.50215;[0.574];[-0.376];9570.41952;1;0;[0.5701];[-0.3799];9524.26016;100),(62854.23279;[0.6565];[-0.2935];8996.70290;1;0;[0.6559];[-0.2941];8966.84735;100),(63897.14384;[0.6879];[-0.2621];8452.02512;1;0;[0.6834];[-0.2666];8430.89546;100),(64690.85884;[0.6602];[-0.2898];7986.31637;1;0;[0.6594];[-0.2906];7969.95275;100),(66188.55619;[0.5968];[-0.3532];7498.44300;1;0;[0.591];[-0.359];7485.40789;100),(66714.46681;[0.4973];[-0.4527];7083.01346;1;0;[0.4993];[-0.4507];7072.82764;100),(67157.51147;[0.4328];[-0.5172];6851.34745;1;0;[0.4313];[-0.5187];6842.68489;100),(67561.13601;[0.4264];[-0.5236];6827.90729;1;0;[0.4243];[-0.5257];6819.21266;100),(69380.49436;[0.5812];[-0.3688];9550.34398;1;0;[0.5777];[-0.3723];9507.33560;100),(70376.56760;[0.6559];[-0.2941];9005.81826;1;0;[0.6559];[-0.2941];8974.82710;100),(71249.68028;[0.6872];[-0.2628];8452.92875;1;0;[0.6826];[-0.2674];8432.16248;100),(72197.88504;[0.6615];[-0.2885];7990.89705;1;0;[0.6601];[-0.2899];7974.56450;100),(73163.06615;[0.5975];[-0.3525];7503.20131;1;0;[0.5917];[-0.3583];7490.12163;100),(73784.58595;[0.4983];[-0.4517];7089.51464;1;0;[0.501];[-0.449];7079.38204;100),(74175.48800;[0.4966];[-0.4534];7076.79985;1;0;[0.4978];[-0.4522];7066.62731;100),(74630.76305;[0.4953];[-0.4547];7073.34554;1;0;[0.4973];[-0.4527];7063.13654;100),(75005.66030;[0.494];[-0.456];7068.62892;1;0;[0.4963];[-0.4537];7058.39852;100),(75919.13247;[0.494];[-0.456];7068.62892;1;0;[0.4963];[-0.4537];7058.39852;100),(77464.49733;[0.5811];[-0.3689];9522.19590;1;0;[0.5771];[-0.3729];9478.42879;100),(78476.96185;[0.6596];[-0.2904];8990.03997;1;0;[0.6599];[-0.2901];8960.27332;100),(79488.80601;[0.6939];[-0.2561];8464.42281;1;0;[0.6894];[-0.2606];8443.66096;100),(80370.46671;[0.6627];[-0.2873];7992.85849;1;0;[0.6608];[-0.2892];7976.54358;100),(81054.13175;[0.494];[-0.456];7068.62892;1;0;[0.4963];[-0.4537];7058.39852;100),(83441.55169;[0.592];[-0.358];9491.02158;1;0;[0.5886];[-0.3614];9450.80610;100),(84697.13783;[0.6596];[-0.2904];8990.03997;1;0;[0.6599];[-0.2901];8960.27332;100),(85736.94253;[0.6939];[-0.2561];8464.42281;1;0;[0.6894];[-0.2606];8443.66096;100),(86367.01393;[0.6627];[-0.2873];7992.85849;1;0;[0.6608];[-0.2892];7976.54358;100),(87762.51888;[0.597];[-0.353];7503.91318;1;0;[0.5917];[-0.3583];7490.80422;100),(88256.98829;[0.4983];[-0.4517];7089.51464;1;0;[0.501];[-0.449];7079.38204;100),(88659.63554;[0.4961];[-0.4539];7075.44508;1;0;[0.4976];[-0.4524];7065.32550;100),(89070.52445;[0.4953];[-0.4547];7073.34554;1;0;[0.4973];[-0.4527];7063.13654;100),(89785.03823;[0.494];[-0.456];7068.62892;1;0;[0.4963];[-0.4537];7058.39852;100),(90080.94025;[0.494];[-0.456];7068.62892;1;0;[0.4963];[-0.4537];7058.39852;100),(91293.27750;[0.5758];[-0.3742];9514.78869;1;0;[0.5718];[-0.3782];9466.05352;100),(92520.87402;[0.6671];[-0.2829];8956.96807;1;0;[0.6666];[-0.2834];8928.27777;100),(93213.19532;[0.6913];[-0.2587];8428.74860;1;0;[0.6869];[-0.2631];8408.52265;100),(94100.29316;[0.6452];[-0.3048];7845.08832;1;0;[0.6447];[-0.3053];7829.67992;100),(96516.58988;[0.5758];[-0.3742];9514.78869;1;0;[0.5718];[-0.3782];9466.05352;100),(97597.80145;[0.6657];[-0.2843];8989.11899;1;0;[0.6652];[-0.2848];8960.29490;100),(98492.81096;[0.693];[-0.257];8498.43876;1;0;[0.6899];[-0.2601];8477.71257;100),(99416.71824;[0.6624];[-0.2876];7994.65731;1;0;[0.6604];[-0.2896];7978.30358;100),(100050.08507;[0.6199];[-0.3301];7651.89367;1;0;[0.6154];[-0.3346];7637.19078;100),(100741.52589;[0.4966];[-0.4534];7076.79985;1;0;[0.4978];[-0.4522];7066.62731;100),(101117.68341;[0.494];[-0.456];7068.62892;1;0;[0.4963];[-0.4537];7058.39852;100),(101902.30274;[0.494];[-0.456];7068.62892;1;0;[0.4963];[-0.4537];7058.39852;100),(102644.88769;[0.5782];[-0.3718];9512.78649;1;0;[0.5737];[-0.3763];9464.63645;100),(103376.91712;[0.6625];[-0.2875];8974.86400;1;0;[0.6628];[-0.2872];8945.46539;100),(104570.99009;[0.6866];[-0.2634];8439.28278;1;0;[0.6822];[-0.2678];8418.72398;100),(105765.75112;[0.6445];[-0.3055];7846.34720;1;0;[0.6439];[-0.3061];7830.88668;100),(106489.63332;[0.494];[-0.456];7068.62892;1;0;[0.4963];[-0.4537];7058.39852;100),(108487.35023;[0.5827];[-0.3673];9492.11948;1;0;[0.5786];[-0.3714];9444.91488;100),(109420.70532;[0.6705];[-0.2795];8937.65228;1;0;[0.669];[-0.281];8909.75909;100),(110464.77604;[0.6854];[-0.2646];8441.02792;1;0;[0.6811];[-0.2689];8419.82350;100),(111210.97112;[0.6445];[-0.3055];7846.34720;1;0;[0.6439];[-0.3061];7830.88668;100),(112808.96473;[0.494];[-0.456];7068.62892;1;0;[0.4963];[-0.4537];7058.39852;100),(113901.25537;[0.5827];[-0.3673];9492.11948;1;0;[0.5786];[-0.3714];9444.91488;100),(114708.42576;[0.6625];[-0.2875];8974.86400;1;0;[0.6628];[-0.2872];8945.46539;100),(115687.84857;[0.6885];[-0.2615];8485.16757;1;0;[0.6843];[-0.2657];8463.83649;100),(116558.58517;[0.6684];[-0.2816];8002.00244;1;0;[0.6672];[-0.2828];7985.99281;100),(117616.50348;[0.6238];[-0.3262];7673.31176;1;0;[0.6197];[-0.3303];7658.67018;100),(117968.59789;[0.4953];[-0.4547];7073.34554;1;0;[0.4973];[-0.4527];7063.13654;100),(118415.04478;[0.494];[-0.456];7068.62892;1;0;[0.4963];[-0.4537];7058.39852;100),(119895.34664;[0.5899];[-0.3601];9481.35616;1;0;[0.5857];[-0.3643];9436.09531;100),(120554.48723;[0.6666];[-0.2834];8955.87249;1;0;[0.6663];[-0.2837];8927.14060;100),(121436.66244;[0.6883];[-0.2617];8454.89718;1;0;[0.6843];[-0.2657];8433.81018;100),(122569.81778;[0.6522];[-0.2978];7859.74570;1;0;[0.6519];[-0.2981];7844.70281;100),(124444.72671;[0.5899];[-0.3601];9481.35616;1;0;[0.5857];[-0.3643];9436.09531;100),(125262.19726;[0.6666];[-0.2834];8955.87249;1;0;[0.6663];[-0.2837];8927.14060;100),(126246.56463;[0.6883];[-0.2617];8454.89718;1;0;[0.6843];[-0.2657];8433.81018;100),(127255.65076;[0.6711];[-0.2789];8015.65665;1;0;[0.6696];[-0.2804];7999.66275;100),(127852.11730;[0.6252];[-0.3248];7681.55448;1;0;[0.6216];[-0.3284];7666.99523;100),(128432.39021;[0.5471];[-0.4029];7273.22791;1;0;[0.5423];[-0.4077];7261.41468;100),(129043.94007;[0.5471];[-0.4029];7273.22791;1;0;[0.5423];[-0.4077];7261.41468;100),(129430.93729;[0.5471];[-0.4029];7273.22791;1;0;[0.5423];[-0.4077];7261.41468;100),(130163.12218;[0.5987];[-0.3513];9446.23954;1;0;[0.597];[-0.353];9403.88834;100),(130871.76323;[0.6713];[-0.2787];8935.79675;1;0;[0.6693];[-0.2807];8907.95807;100),(132064.65745;[0.6924];[-0.2576];8428.33006;1;0;[0.6881];[-0.2619];8408.20300;100),(132941.10847;[0.6569];[-0.2931];7959.75476;1;0;[0.6554];[-0.2946];7943.05491;100),(133801.68486;[0.5471];[-0.4029];7273.22791;1;0;[0.5423];[-0.4077];7261.41468;100),(134986.41133;[0.5987];[-0.3513];9446.23954;1;0;[0.597];[-0.353];9403.88834;100),(135838.47237;[0.6713];[-0.2787];8935.79675;1;0;[0.6693];[-0.2807];8907.95807;100),(136596.70281;[0.6924];[-0.2576];8428.33006;1;0;[0.6881];[-0.2619];8408.20300;100),(137776.32213;[0.6569];[-0.2931];7959.75476;1;0;[0.6554];[-0.2946];7943.05491;100),(139334.44428;[0.5471];[-0.4029];7273.22791;1;0;[0.5423];[-0.4077];7261.41468;100),(140283.18667;[0.5987];[-0.3513];9446.23954;1;0;[0.597];[-0.353];9403.88834;100),(140853.43933;[0.6713];[-0.2787];8935.79675;1;0;[0.6693];[-0.2807];8907.95807;100),(141682.35230;[0.6929];[-0.2571];8496.94924;1;0;[0.6897];[-0.2603];8476.19443;100),(142426.62048;[0.674];[-0.276];8123.57740;1;0;[0.6727];[-0.2773];8106.01505;100),(143326.29037;[0.625];[-0.325];7683.66095;1;0;[0.621];[-0.329];7669.02624;100),(143771.60001;[0.5484];[-0.4016];7277.69165;1;0;[0.5438];[-0.4062];7265.91894;100),(144488.12890;[0.5471];[-0.4029];7273.22791;1;0;[0.5423];[-0.4077];7261.41468;100),(144900.04826;[0.5471];[-0.4029];7273.22791;1;0;[0.5423];[-0.4077];7261.41468;100),(146169.44170;[0.612];[-0.338];9386.12869;1;0;[0.6087];[-0.3413];9347.78129;100),(147023.97561;[0.6732];[-0.2768];8906.72625;1;0;[0.6718];[-0.2782];8879.55379;100),(148008.40092;[0.6976];[-0.2524];8434.37850;1;0;[0.694];[-0.256];8414.56022;100),(149258.25477;[0.662];[-0.288];7988.15665;1;0;[0.6602];[-0.2898];7971.87473;100),(150113.18755;[0.5471];[-0.4029];7273.22791;1;0;[0.5423];[-0.4077];7261.41468;100),(150901.46923;[0.5471];[-0.4029];7273.22791;1;0;[0.5423];[-0.4077];7261.41468;100),(152286.77392;[0.612];[-0.338];9386.12869;1;0;[0.6087];[-0.3413];9347.78129;100),(153209.76853;[0.6732];[-0.2768];8906.72625;1;0;[0.6718];[-0.2782];8879.55379;100),(154412.94694;[0.6976];[-0.2524];8434.37850;1;0;[0.694];[-0.256];8414.56022;100),(155538.90085;[0.662];[-0.288];7988.15665;1;0;[0.6602];[-0.2898];7971.87473;100),(156450.94013;[0.5471];[-0.4029];7273.22791;1;0;[0.5423];[-0.4077];7261.41468;100),(157824.90945;[0.6131];[-0.3369];9353.66117;1;0;[0.6092];[-0.3408];9315.40413;100),(158952.55685;[0.6802];[-0.2698];8867.87387;1;0;[0.6794];[-0.2706];8841.60042;100),(159809.15594;[0.6952];[-0.2548];8352.55916;1;0;[0.6912];[-0.2588];8333.28488;100),(160630.12338;[0.6312];[-0.3188];7690.32940;1;0;[0.6264];[-0.3236];7676.06058;100),(161218.65296;[0.6238];[-0.3262];7673.14710;1;0;[0.6196];[-0.3304];7658.55398;100),(161777.44794;[0.596];[-0.354];7497.94928;1;0;[0.5907];[-0.3593];7484.88451;100),(162228.78814;[0.5929];[-0.3571];7486.72108;1;0;[0.587];[-0.363];7473.61286;100),(162722.18776;[0.5533];[-0.3967];7293.20251;1;0;[0.5483];[-0.4017];7281.47322;100),(163332.30281;[0.5502];[-0.3998];7284.76972;1;0;[0.5457];[-0.4043];7272.95348;100),(163739.04014;[0.5484];[-0.4016];7277.69165;1;0;[0.5438];[-0.4062];7265.91894;100),(164420.95590;[0.5471];[-0.4029];7273.22791;1;0;[0.5423];[-0.4077];7261.41468;100),(165197.83211;[0.6118];[-0.3382];9336.22904;1;0;[0.6078];[-0.3422];9297.46913;100),(166446.40231;[0.6827];[-0.2673];8836.24262;1;0;[0.6818];[-0.2682];8810.85644;100),(167655.51996;[0.6786];[-0.2714];8263.94081;1;0;[0.6746];[-0.2754];8244.78289;100),(169197.23558;[0.6453];[-0.3047];7842.08993;1;0;[0.6443];[-0.3057];7826.70914;100),(169717.27943;[0.5929];[-0.3571];7486.72108;1;0;[0.587];[-0.363];7473.61286;100),(170139.57381;[0.5918];[-0.3582];7483.37372;1;0;[0.5863];[-0.3637];7470.22878;100),(170605.39889;[0.5908];[-0.3592];7478.76128;1;0;[0.5855];[-0.3645];7465.59552;100),(172204.97942;[0.6104];[-0.3396];9303.54147;1;0;[0.6057];[-0.3443];9264.56853;100),(173089.47325;[0.6827];[-0.2673];8846.37719;1;0;[0.6821];[-0.2679];8820.55909;100),(173840.24739;[0.6925];[-0.2575];8428.44341;1;0;[0.6884];[-0.2616];8408.32845;100),(174744.05980;[0.6452];[-0.3048];7845.08832;1;0;[0.6447];[-0.3053];7829.67992;100),(175324.01347;[0.5957];[-0.3543];7495.42679;1;0;[0.59];[-0.36];7482.33402;100),(175786.89885;[0.5917];[-0.3583];7483.40988;1;0;[0.5862];[-0.3638];7470.24043;100),(176317.39211;[0.5918];[-0.3582];7483.37372;1;0;[0.5863];[-0.3637];7470.22878;100),(176591.36200;[0.5918];[-0.3582];7483.37372;1;0;[0.5863];[-0.3637];7470.22878;100),(176915.94839;[0.5908];[-0.3592];7478.76128;1;0;[0.5855];[-0.3645];7465.59552;100),(178577.72946;[0.6137];[-0.3363];9304.37732;1;0;[0.6107];[-0.3393];9266.00034;100),(179171.27609;[0.687];[-0.263];8820.00612;1;0;[0.6855];[-0.2645];8795.18306;100),(179954.94056;[0.6936];[-0.2564];8345.79521;1;0;[0.6898];[-0.2602];8326.47590;100),(181405.89356;[0.6451];[-0.3049];7846.13932;1;0;[0.6449];[-0.3051];7830.74060;100),(182058.07161;[0.5929];[-0.3571];7486.72108;1;0;[0.587];[-0.363];7473.61286;100),(182441.75339;[0.5918];[-0.3582];7483.37372;1;0;[0.5863];[-0.3637];7470.22878;100),(183063.63010;[0.5908];[-0.3592];7478.76128;1;0;[0.5855];[-0.3645];7465.59552;100),(183911.31568;[0.6127];[-0.3373];9299.20230;1;0;[0.6105];[-0.3395];9260.39463;100),(184833.22620;[0.6836];[-0.2664];8845.90846;1;0;[0.6827];[-0.2673];8820.16763;100),(185629.48442;[0.6855];[-0.2645];8369.03027;1;0;[0.6822];[-0.2678];8348.44929;100),(186322.58868;[0.6516];[-0.2984];7856.99647;1;0;[0.6516];[-0.2984];7841.92839;100),(186843.09840;[0.6207];[-0.3293];7656.03627;1;0;[0.6168];[-0.3332];7641.37309;100),(187319.75698;[0.5929];[-0.3571];7486.72108;1;0;[0.587];[-0.363];7473.61286;100),(187621.60468;[0.5918];[-0.3582];7483.37372;1;0;[0.5863];[-0.3637];7470.22878;100),(187916.92114;[0.5918];[-0.3582];7483.37372;1;0;[0.5863];[-0.3637];7470.22878;100),(188203.96638;[0.5918];[-0.3582];7483.37372;1;0;[0.5863];[-0.3637];7470.22878;100),(189022.02034;[0.6161];[-0.3339];9286.07067;1;0;[0.6136];[-0.3364];9247.78231;100),(189772.01796;[0.6876];[-0.2624];8817.80727;1;0;[0.6865];[-0.2635];8793.07059;100),(190345.94226;[0.6893];[-0.2607];8341.74149;1;0;[0.6849];[-0.2651];8322.07504;100),(191693.26067;[0.6598];[-0.2902];7983.91050;1;0;[0.659];[-0.291];7967.52231;100),(192166.01634;[0.6239];[-0.3261];7674.99169;1;0;[0.6204];[-0.3296];7660.42580;100),(192659.43432;[0.6199];[-0.3301];7651.89367;1;0;[0.6154];[-0.3346];7637.19078;100),(193884.66954;[0.6152];[-0.3348];9274.67149;1;0;[0.6132];[-0.3368];9235.88405;100),(195210.40082;[0.6818];[-0.2682];8820.62072;1;0;[0.68];[-0.27];8795.04397;100),(196273.50855;[0.6978];[-0.2522];8434.16803;1;0;[0.6942];[-0.2558];8414.38601;100),(196993.72935;[0.6627];[-0.2873];7992.85849;1;0;[0.6608];[-0.2892];7976.54358;100),(197420.65740;[0.6252];[-0.3248];7680.95840;1;0;[0.621];[-0.329];7666.35269;100),(197877.81930;[0.6239];[-0.3261];7674.99169;1;0;[0.6204];[-0.3296];7660.42580;100),(198219.17129;[0.6236];[-0.3264];7670.05670;1;0;[0.6191];[-0.3309];7655.43720;100),(198737.06722;[0.6207];[-0.3293];7656.03627;1;0;[0.6168];[-0.3332];7641.37309;100),(199204.64897;[0.6199];[-0.3301];7651.89367;1;0;[0.6154];[-0.3346];7637.19078;100),(200586.45058;[0.6279];[-0.3221];9252.12366;1;0;[0.6257];[-0.3243];9216.01829;100),(201454.25320;[0.6863];[-0.2637];8701.83113;1;0;[0.6828];[-0.2672];8678.40378;100),(202401.97802;[0.6959];[-0.2541];8357.92248;1;0;[0.692];[-0.258];8338.62942;100),(203678.34377;[0.6624];[-0.2876];7994.65731;1;0;[0.6604];[-0.2896];7978.30358;100),(204765.32769;[0.6441];[-0.3059];7833.74909;1;0;[0.6428];[-0.3072];7818.37875;100),(205251.91569;[0.6235];[-0.3265];7670.79824;1;0;[0.6192];[-0.3308];7656.12942;100),(205985.14390;[0.6207];[-0.3293];7656.03627;1;0;[0.6168];[-0.3332];7641.37309;100),(206655.64203;[0.6199];[-0.3301];7651.89367;1;0;[0.6154];[-0.3346];7637.19078;100),(207737.00953;[0.6267];[-0.3233];9238.34188;1;0;[0.6244];[-0.3256];9201.82896;100),(208566.82992;[0.6876];[-0.2624];8817.80727;1;0;[0.6865];[-0.2635];8793.07059;100),(209174.93582;[0.6899];[-0.2601];8416.02699;1;0;[0.686];[-0.264];8395.79287;100),(210363.21425;[0.6725];[-0.2775];8114.79807;1;0;[0.6705];[-0.2795];8097.18923;100),(210754.62675;[0.6453];[-0.3047];7842.08993;1;0;[0.6443];[-0.3057];7826.70914;100),(211295.42208;[0.6236];[-0.3264];7670.05670;1;0;[0.6191];[-0.3309];7655.43720;100),(211851.93276;[0.6207];[-0.3293];7656.03627;1;0;[0.6168];[-0.3332];7641.37309;100),(212477.03624;[0.6207];[-0.3293];7656.03627;1;0;[0.6168];[-0.3332];7641.37309;100),(212960.88672;[0.6199];[-0.3301];7651.89367;1;0;[0.6154];[-0.3346];7637.19078;100),(213919.12889;[0.6274];[-0.3226];9202.84664;1;0;[0.6253];[-0.3247];9166.46479;100),(214669.29960;[0.6862];[-0.2638];8820.22596;1;0;[0.6846];[-0.2654];8795.36890;100),(215288.79738;[0.6924];[-0.2576];8428.33006;1;0;[0.6881];[-0.2619];8408.20300;100),(216297.15657;[0.6199];[-0.3301];7651.89367;1;0;[0.6154];[-0.3346];7637.19078;100),(218055.36246;[0.6274];[-0.3226];9202.84664;1;0;[0.6253];[-0.3247];9166.46479;100),(218705.41906;[0.6862];[-0.2638];8820.22596;1;0;[0.6846];[-0.2654];8795.36890;100),(219405.94673;[0.6924];[-0.2576];8428.33006;1;0;[0.6881];[-0.2619];8408.20300;100),(220681.23937;[0.674];[-0.276];8123.57740;1;0;[0.6727];[-0.2773];8106.01505;100),(221208.96149;[0.6447];[-0.3053];7842.73817;1;0;[0.6442];[-0.3058];7827.34881;100),(221894.75942;[0.6207];[-0.3293];7656.03627;1;0;[0.6168];[-0.3332];7641.37309;100),(223316.88499;[0.6207];[-0.3293];7656.03627;1;0;[0.6168];[-0.3332];7641.37309;100),(224556.01096;[0.6379];[-0.3121];9184.16887;1;0;[0.6383];[-0.3117];9150.71051;100),(225692.33441;[0.6829];[-0.2671];8682.33844;1;0;[0.6805];[-0.2695];8658.69754;100),(226649.84226;[0.6978];[-0.2522];8434.27776;1;0;[0.6942];[-0.2558];8414.48074;100),(228004.84037;[0.674];[-0.276];8125.91296;1;0;[0.673];[-0.277];8108.34112;100),(228663.71012;[0.6574];[-0.2926];7963.59141;1;0;[0.6563];[-0.2937];7946.91278;100),(228978.78933;[0.6445];[-0.3055];7839.98136;1;0;[0.6431];[-0.3069];7824.53818;100),(229393.17346;[0.6436];[-0.3064];7832.33793;1;0;[0.6421];[-0.3079];7816.91337;100),(229874.84550;[0.6432];[-0.3068];7829.10305;1;0;[0.6416];[-0.3084];7813.64102;100),(230563.35473;[0.6432];[-0.3068];7829.10305;1;0;[0.6416];[-0.3084];7813.64102;100),(231190.85360;[0.6408];[-0.3092];9171.00009;1;0;[0.6405];[-0.3095];9137.04365;100),(232253.28016;[0.6864];[-0.2636];8811.02679;1;0;[0.685];[-0.265];8786.22239;100),(232860.55660;[0.6879];[-0.2621];8452.02512;1;0;[0.6834];[-0.2666];8430.89546;100),(233471.89474;[0.6432];[-0.3068];7829.10305;1;0;[0.6416];[-0.3084];7813.64102;100),(234330.55902;[0.6432];[-0.3068];7829.10305;1;0;[0.6416];[-0.3084];7813.64102;100),(234922.91570;[0.6368];[-0.3132];9123.13297;1;0;[0.6366];[-0.3134];9089.38064;100),(235933.17962;[0.6855];[-0.2645];8656.15754;1;0;[0.6829];[-0.2671];8632.79858;100),(236649.02067;[0.6948];[-0.2552];8352.73535;1;0;[0.6907];[-0.2593];8333.41449;100),(237524.44386;[0.6432];[-0.3068];7829.10305;1;0;[0.6416];[-0.3084];7813.64102;100),(238950.32740;[0.6368];[-0.3132];9123.13297;1;0;[0.6366];[-0.3134];9089.38064;100),(240042.56821;[0.6855];[-0.2645];8656.15754;1;0;[0.6829];[-0.2671];8632.79858;100),(240770.44010;[0.6948];[-0.2552];8352.73535;1;0;[0.6907];[-0.2593];8333.41449;100),(242073.16065;[0.6432];[-0.3068];7829.10305;1;0;[0.6416];[-0.3084];7813.64102;100),(242767.85970;[0.6368];[-0.3132];9123.13297;1;0;[0.6366];[-0.3134];9089.38064;100),(243798.58375;[0.6864];[-0.2636];8811.02679;1;0;[0.685];[-0.265];8786.22239;100),(244497.02883;[0.6879];[-0.2621];8452.02512;1;0;[0.6834];[-0.2666];8430.89546;100),(245264.82868;[0.6821];[-0.2679];8234.66350;1;0;[0.6792];[-0.2708];8216.01949;100),(245944.22770;[0.6602];[-0.2898];7986.31637;1;0;[0.6594];[-0.2906];7969.95275;100),(246543.10703;[0.6453];[-0.3047];7842.08993;1;0;[0.6443];[-0.3057];7826.70914;100),(246952.49248;[0.6436];[-0.3064];7832.33793;1;0;[0.6421];[-0.3079];7816.91337;100),(247532.66048;[0.6432];[-0.3068];7829.10305;1;0;[0.6416];[-0.3084];7813.64102;100),(247886.65175;[0.6432];[-0.3068];7829.10305;1;0;[0.6416];[-0.3084];7813.64102;100),(248262.58874;[0.6432];[-0.3068];7829.10305;1;0;[0.6416];[-0.3084];7813.64102;100),(249491.96911;[0.6498];[-0.3002];9049.78258;1;0;[0.6506];[-0.2994];9018.61136;100),(250427.69217;[0.6863];[-0.2637];8640.48498;1;0;[0.6855];[-0.2645];8617.23844;100),(251386.60312;[0.6959];[-0.2541];8357.92248;1;0;[0.692];[-0.258];8338.62942;100),(253402.03691;[0.6432];[-0.3068];7829.10305;1;0;[0.6416];[-0.3084];7813.64102;100),(254661.86857;[0.6498];[-0.3002];9049.78258;1;0;[0.6506];[-0.2994];9018.61136;100),(255780.33733;[0.6753];[-0.2747];8674.65538;1;0;[0.6712];[-0.2788];8649.82746;100),(256595.59870;[0.6883];[-0.2617];8454.89718;1;0;[0.6843];[-0.2657];8433.81018;100),(257205.67989;[0.6836];[-0.2664];8241.69092;1;0;[0.6804];[-0.2696];8223.11412;100),(257733.59942;[0.6615];[-0.2885];7990.89705;1;0;[0.6601];[-0.2899];7974.56450;100),(258371.83261;[0.6447];[-0.3053];7842.73817;1;0;[0.6442];[-0.3058];7827.34881;100),(258938.75289;[0.6436];[-0.3064];7832.33793;1;0;[0.6421];[-0.3079];7816.91337;100),(259292.85932;[0.6432];[-0.3068];7829.10305;1;0;[0.6416];[-0.3084];7813.64102;100),(259665.53020;[0.6432];[-0.3068];7829.10305;1;0;[0.6416];[-0.3084];7813.64102;100),(260066.47921;[0.6432];[-0.3068];7829.10305;1;0;[0.6416];[-0.3084];7813.64102;100),(261150.26665;[0.6483];[-0.3017];9022.94427;1;0;[0.6488];[-0.3012];8991.35346;100),(262447.22581;[0.6781];[-0.2719];8644.30692;1;0;[0.6747];[-0.2753];8620.25125;100),(263023.54765;[0.6917];[-0.2583];8425.04547;1;0;[0.6875];[-0.2625];8404.87873;100),(263682.45673;[0.6432];[-0.3068];7829.10305;1;0;[0.6416];[-0.3084];7813.64102;100),(264332.17359;[0.6432];[-0.3068];7829.10305;1;0;[0.6416];[-0.3084];7813.64102;100),(265345.44969;[0.6527];[-0.2973];9014.49007;1;0;[0.6526];[-0.2974];8982.60859;100),(266012.37059;[0.6864];[-0.2636];8607.10709;1;0;[0.6837];[-0.2663];8584.00667;100),(266912.65893;[0.6828];[-0.2672];8242.61224;1;0;[0.6801];[-0.2699];8223.99624;100),(267343.50157;[0.6725];[-0.2775];8114.79807;1;0;[0.6705];[-0.2795];8097.18923;100),(267742.88058;[0.6602];[-0.2898];7976.99406;1;0;[0.6584];[-0.2916];7960.39525;100),(268160.36749;[0.6453];[-0.3047];7842.08993;1;0;[0.6443];[-0.3057];7826.70914;100),(268461.25627;[0.6432];[-0.3068];7829.10305;1;0;[0.6416];[-0.3084];7813.64102;100),(268948.93122;[0.6432];[-0.3068];7829.10305;1;0;[0.6416];[-0.3084];7813.64102;100),(270231.47678;[0.6657];[-0.2843];8989.11899;1;0;[0.6652];[-0.2848];8960.29490;100),(270908.14519;[0.6904];[-0.2596];8580.13976;1;0;[0.6877];[-0.2623];8558.04081;100),(272349.50352;[0.6892];[-0.2608];8249.35901;1;0;[0.686];[-0.264];8231.12718;100),(272876.41549;[0.6739];[-0.2761];8123.07602;1;0;[0.6724];[-0.2776];8105.52127;100),(273608.71530;[0.6602];[-0.2898];7986.31637;1;0;[0.6594];[-0.2906];7969.95275;100),(274357.75733;[0.6446];[-0.3054];7839.67673;1;0;[0.6437];[-0.3063];7824.26985;100),(274767.17496;[0.6436];[-0.3064];7832.33793;1;0;[0.6421];[-0.3079];7816.91337;100),(275091.94946;[0.6432];[-0.3068];7829.10305;1;0;[0.6416];[-0.3084];7813.64102;100),(275614.38990;[0.6432];[-0.3068];7829.10305;1;0;[0.6416];[-0.3084];7813.64102;100),(276400.12074;[0.6631];[-0.2869];8974.43416;1;0;[0.6631];[-0.2869];8945.07071;100),(277328.49240;[0.6904];[-0.2596];8580.98600;1;0;[0.6876];[-0.2624];8558.87224;100),(278313.70497;[0.6893];[-0.2607];8341.74149;1;0;[0.6849];[-0.2651];8322.07504;100),(278864.50577;[0.6739];[-0.2761];8124.97446;1;0;[0.6724];[-0.2776];8107.39061;100),(279583.52661;[0.6727];[-0.2773];8115.86031;1;0;[0.6712];[-0.2788];8098.30644;100),(280077.73089;[0.6602];[-0.2898];7976.99406;1;0;[0.6584];[-0.2916];7960.39525;100),(280562.32882;[0.6582];[-0.2918];7973.23663;1;0;[0.6572];[-0.2928];7956.54075;100),(281359.65490;[0.6574];[-0.2926];7963.59141;1;0;[0.6563];[-0.2937];7946.91278;100),(282024.48201;[0.6574];[-0.2926];7963.59141;1;0;[0.6563];[-0.2937];7946.91278;100),(283392.43913;[0.6664];[-0.2836];8949.12963;1;0;[0.6656];[-0.2844];8920.43980;100),(284179.66294;[0.6883];[-0.2617];8523.92889;1;0;[0.6855];[-0.2645];8502.21116;100),(285363.34682;[0.6894];[-0.2606];8343.39776;1;0;[0.6849];[-0.2651];8323.71978;100),(285804.16298;[0.6831];[-0.2669];8237.96700;1;0;[0.6801];[-0.2699];8219.41839;100),(286237.60200;[0.6588];[-0.2912];7975.64250;1;0;[0.6577];[-0.2923];7958.97119;100),(287445.68062;[0.6582];[-0.2918];7973.23663;1;0;[0.6572];[-0.2928];7956.54075;100),(288543.91122;[0.6574];[-0.2926];7963.59141;1;0;[0.6563];[-0.2937];7946.91278;100),(289183.37488;[0.6574];[-0.2926];7963.59141;1;0;[0.6563];[-0.2937];7946.91278;100),(289906.00777;[0.6737];[-0.2763];8916.69588;1;0;[0.6721];[-0.2779];8889.21319;100),(290973.83046;[0.6967];[-0.2533];8523.13632;1;0;[0.6931];[-0.2569];8501.84201;100),(291859.90143;[0.6574];[-0.2926];7963.59141;1;0;[0.6563];[-0.2937];7946.91278;100),(293659.01828;[0.6574];[-0.2926];7963.59141;1;0;[0.6563];[-0.2937];7946.91278;100),(294364.57253;[0.6737];[-0.2763];8916.69588;1;0;[0.6721];[-0.2779];8889.21319;100),(295010.52642;[0.6967];[-0.2533];8523.13632;1;0;[0.6931];[-0.2569];8501.84201;100),(295679.07929;[0.6574];[-0.2926];7963.59141;1;0;[0.6563];[-0.2937];7946.91278;100),(297435.17065;[0.6574];[-0.2926];7963.59141;1;0;[0.6563];[-0.2937];7946.91278;100),(298230.70669;[0.6796];[-0.2704];8870.29437;1;0;[0.6786];[-0.2714];8843.96808;100),(299198.67277;[0.6967];[-0.2533];8523.13632;1;0;[0.6931];[-0.2569];8501.84201;100),(300096.02737;[0.6574];[-0.2926];7963.59141;1;0;[0.6563];[-0.2937];7946.91278;100),(302148.21672;[0.6796];[-0.2704];8870.29437;1;0;[0.6786];[-0.2714];8843.96808;100),(302808.38704;[0.6967];[-0.2533];8523.13632;1;0;[0.6931];[-0.2569];8501.84201;100),(304359.26867;[0.6891];[-0.2609];8344.30014;1;0;[0.6845];[-0.2655];8324.55181;100),(304856.67348;[0.6836];[-0.2664];8241.69092;1;0;[0.6804];[-0.2696];8223.11412;100),(305434.12495;[0.6725];[-0.2775];8114.79807;1;0;[0.6705];[-0.2795];8097.18923;100),(306077.56424;[0.6725];[-0.2775];8114.79807;1;0;[0.6705];[-0.2795];8097.18923;100),(306363.09338;[0.6725];[-0.2775];8114.79807;1;0;[0.6705];[-0.2795];8097.18923;100),(306696.53988;[0.6716];[-0.2784];8111.67742;1;0;[0.6697];[-0.2803];8094.03303;100),(307016.53767;[0.6716];[-0.2784];8111.67742;1;0;[0.6697];[-0.2803];8094.03303;100),(308068.66789;[0.6829];[-0.2671];8846.15735;1;0;[0.6824];[-0.2676];8820.37326;100),(308772.93420;[0.6926];[-0.2574];8493.83576;1;0;[0.6893];[-0.2607];8473.10015;100),(310988.53970;[0.6829];[-0.2671];8846.15735;1;0;[0.6824];[-0.2676];8820.37326;100),(311625.74625;[0.6971];[-0.2529];8525.25321;1;0;[0.6936];[-0.2564];8503.99357;100),(312308.63285;[0.6948];[-0.2552];8352.73535;1;0;[0.6907];[-0.2593];8333.41449;100),(312732.89394;[0.6837];[-0.2663];8241.92521;1;0;[0.6807];[-0.2693];8223.35813;100),(313073.34542;[0.6739];[-0.2761];8123.07602;1;0;[0.6724];[-0.2776];8105.52127;100),(313456.79569;[0.6725];[-0.2775];8114.79807;1;0;[0.6705];[-0.2795];8097.18923;100),(313938.75146;[0.6716];[-0.2784];8111.67742;1;0;[0.6697];[-0.2803];8094.03303;100),(314458.03356;[0.6716];[-0.2784];8111.67742;1;0;[0.6697];[-0.2803];8094.03303;100),(316121.18697;[0.6815];[-0.2685];8661.84389;1;0;[0.6796];[-0.2704];8637.52121;100),(316784.17563;[0.696];[-0.254];8357.82361;1;0;[0.692];[-0.258];8338.51542;100),(317310.11200;[0.6828];[-0.2672];8242.61224;1;0;[0.6801];[-0.2699];8223.99624;100),(317822.52026;[0.6739];[-0.2761];8123.07602;1;0;[0.6724];[-0.2776];8105.52127;100),(318257.03025;[0.6725];[-0.2775];8114.79807;1;0;[0.6705];[-0.2795];8097.18923;100),(318647.90940;[0.6716];[-0.2784];8111.67742;1;0;[0.6697];[-0.2803];8094.03303;100),(319981.88400;[0.6816];[-0.2684];8614.73611;1;0;[0.6783];[-0.2717];8591.12147;100),(320845.15905;[0.6919];[-0.2581];8425.95674;1;0;[0.6876];[-0.2624];8405.81905;100),(321166.98980;[0.6893];[-0.2607];8341.74149;1;0;[0.6849];[-0.2651];8322.07504;100),(321560.31132;[0.6831];[-0.2669];8237.96700;1;0;[0.6801];[-0.2699];8219.41839;100),(322087.27503;[0.6739];[-0.2761];8123.07602;1;0;[0.6724];[-0.2776];8105.52127;100),(322399.85156;[0.6725];[-0.2775];8114.79807;1;0;[0.6705];[-0.2795];8097.18923;100),(322805.39250;[0.6725];[-0.2775];8114.79807;1;0;[0.6705];[-0.2795];8097.18923;100),(323163.07616;[0.6716];[-0.2784];8111.67742;1;0;[0.6697];[-0.2803];8094.03303;100),(323556.81467;[0.6716];[-0.2784];8111.67742;1;0;[0.6697];[-0.2803];8094.03303;100),(324116.40477;[0.69];[-0.26];8581.85017;1;0;[0.6875];[-0.2625];8559.70023;100),(325145.08176;[0.6716];[-0.2784];8111.67742;1;0;[0.6697];[-0.2803];8094.03303;100),(325819.45109;[0.6716];[-0.2784];8111.67742;1;0;[0.6697];[-0.2803];8094.03303;100),(326637.29525;[0.69];[-0.26];8581.85017;1;0;[0.6875];[-0.2625];8559.70023;100),(327237.08558;[0.6716];[-0.2784];8111.67742;1;0;[0.6697];[-0.2803];8094.03303;100),(328191.85758;[0.6716];[-0.2784];8111.67742;1;0;[0.6697];[-0.2803];8094.03303;100),(328804.37803;[0.6923];[-0.2577];8499.99026;1;0;[0.6891];[-0.2609];8479.19001;100),(329353.07884;[0.6716];[-0.2784];8111.67742;1;0;[0.6697];[-0.2803];8094.03303;100),(330156.22854;[0.6716];[-0.2784];8111.67742;1;0;[0.6697];[-0.2803];8094.03303;100),(330799.40343;[0.6923];[-0.2577];8499.99026;1;0;[0.6891];[-0.2609];8479.19001;100),(331598.68145;[0.6716];[-0.2784];8111.67742;1;0;[0.6697];[-0.2803];8094.03303;100),(332238.67798;[0.6716];[-0.2784];8111.67742;1;0;[0.6697];[-0.2803];8094.03303;100),(332922.11771;[0.6924];[-0.2576];8428.33006;1;0;[0.6881];[-0.2619];8408.20300;100),(333359.44080;[0.6896];[-0.2604];8341.88690;1;0;[0.6853];[-0.2647];8322.24765;100),(333668.00451;[0.6836];[-0.2664];8241.69092;1;0;[0.6804];[-0.2696];8223.11412;100),(334048.70582;[0.6831];[-0.2669];8237.96700;1;0;[0.6801];[-0.2699];8219.41839;100),(334785.34079;[0.6813];[-0.2687];8226.16537;1;0;[0.6775];[-0.2725];8207.52980;100),(335275.08712;[0.6725];[-0.2775];8114.79807;1;0;[0.6705];[-0.2795];8097.18923;100),(335958.81701;[0.6716];[-0.2784];8111.67742;1;0;[0.6697];[-0.2803];8094.03303;100),(336502.89726;[0.6716];[-0.2784];8111.67742;1;0;[0.6697];[-0.2803];8094.03303;100),(337418.76459;[0.6716];[-0.2784];8111.67742;1;0;[0.6697];[-0.2803];8094.03303;100),(338265.89680;[0.6716];[-0.2784];8111.67742;1;0;[0.6697];[-0.2803];8094.03303;100),(339089.48088;[0.6716];[-0.2784];8111.67742;1;0;[0.6697];[-0.2803];8094.03303;100),(339842.24105;[0.6716];[-0.2784];8111.67742;1;0;[0.6697];[-0.2803];8094.03303;100),(341897.15219;[0.5376];[-0.4124];9703.37002;1;0;[0.5342];[-0.4158];9645.47388;200),(342956.34627;[0.5376];[-0.4124];9703.37002;1;0;[0.5342];[-0.4158];9645.47388;200),(344085.39605;[0.5376];[-0.4124];9703.37002;1;0;[0.5342];[-0.4158];9645.47388;200),(345196.30241;[0.5376];[-0.4124];9703.37002;1;0;[0.5342];[-0.4158];9645.47388;200),(346095.51549;[0.5376];[-0.4124];9703.37002;1;0;[0.5342];[-0.4158];9645.47388;200),(347142.74549;[0.5376];[-0.4124];9703.37002;1;0;[0.5342];[-0.4158];9645.47388;200),(347683.05707;[0.6859];[-0.2641];8569.15879;1;0;[0.6843];[-0.2657];8546.34215;200),(348387.22587;[0.6672];[-0.2828];8142.69926;1;0;[0.665];[-0.285];8124.05098;200),(348917.49477;[0.6235];[-0.3265];7670.79824;1;0;[0.6192];[-0.3308];7656.12942;200),(349256.06894;[0.4323];[-0.5177];6847.74706;1;0;[0.4304];[-0.5196];6838.99369;200),(349687.11662;[0.4282];[-0.5218];6834.34713;1;0;[0.4263];[-0.5237];6825.64028;200),(350029.27184;[0.4271];[-0.5229];6829.56046;1;0;[0.4253];[-0.5247];6820.81276;200),(350330.19137;[0.4264];[-0.5236];6827.90729;1;0;[0.4243];[-0.5257];6819.21266;200),(350660.95328;[0.4264];[-0.5236];6827.90729;1;0;[0.4243];[-0.5257];6819.21266;200),(352792.20986;[0.5449];[-0.4051];9671.06832;1;0;[0.5426];[-0.4074];9616.49813;200),(353801.34058;[0.6267];[-0.3233];9239.07024;1;0;[0.6241];[-0.3259];9202.49485;200),(354976.26996;[0.6854];[-0.2646];8691.53511;1;0;[0.6843];[-0.2657];8667.94293;200),(355998.89898;[0.6782];[-0.2718];8260.34096;1;0;[0.6742];[-0.2758];8241.19080;200),(356975.14462;[0.5975];[-0.3525];7503.20131;1;0;[0.5917];[-0.3583];7490.12163;200),(359087.17203;[0.4264];[-0.5236];6827.90729;1;0;[0.4243];[-0.5257];6819.21266;200),(360237.94842;[0.5435];[-0.4065];9683.44812;1;0;[0.5415];[-0.4085];9628.26361;200),(361466.99834;[0.6215];[-0.3285];9269.55967;1;0;[0.6193];[-0.3307];9231.86830;200),(362396.21687;[0.6813];[-0.2687];8826.98591;1;0;[0.6802];[-0.2698];8801.55799;200),(363508.92258;[0.6855];[-0.2645];8369.03027;1;0;[0.6822];[-0.2678];8348.44929;200),(364551.20611;[0.6523];[-0.2977];7859.84748;1;0;[0.6517];[-0.2983];7844.78821;200),(365858.14929;[0.555];[-0.395];7300.59401;1;0;[0.55];[-0.4];7288.83958;200),(366337.05783;[0.4983];[-0.4517];7089.51464;1;0;[0.501];[-0.449];7079.38204;200),(366633.88443;[0.4328];[-0.5172];6851.34745;1;0;[0.4313];[-0.5187];6842.68489;200),(366961.29537;[0.4282];[-0.5218];6834.34713;1;0;[0.4263];[-0.5237];6825.64028;200),(367279.36888;[0.4271];[-0.5229];6829.56046;1;0;[0.4253];[-0.5247];6820.81276;200),(367589.59150;[0.4264];[-0.5236];6827.90729;1;0;[0.4243];[-0.5257];6819.21266;200),(367923.36750;[0.4264];[-0.5236];6827.90729;1;0;[0.4243];[-0.5257];6819.21266;200),(369319.54217;[0.5477];[-0.4023];9655.81359;1;0;[0.5439];[-0.4061];9601.17806;200),(370272.85981;[0.6267];[-0.3233];9238.34188;1;0;[0.6244];[-0.3256];9201.82896;200),(371295.82977;[0.6773];[-0.2727];8715.95664;1;0;[0.6763];[-0.2737];8691.11605;200),(372347.76020;[0.6896];[-0.2604];8341.88690;1;0;[0.6853];[-0.2647];8322.24765;200),(373319.41414;[0.6419];[-0.3081];7825.20121;1;0;[0.6404];[-0.3096];7809.66959;200),(374343.46104;[0.4264];[-0.5236];6827.90729;1;0;[0.4243];[-0.5257];6819.21266;200),(375828.20940;[0.5477];[-0.4023];9655.81359;1;0;[0.5439];[-0.4061];9601.17806;200),(377094.03300;[0.6267];[-0.3233];9238.34188;1;0;[0.6244];[-0.3256];9201.82896;200),(378288.19156;[0.6773];[-0.2727];8715.95664;1;0;[0.6763];[-0.2737];8691.11605;200),(379343.73593;[0.6896];[-0.2604];8341.88690;1;0;[0.6853];[-0.2647];8322.24765;200),(380191.28108;[0.6419];[-0.3081];7825.20121;1;0;[0.6404];[-0.3096];7809.66959;200),(381955.33943;[0.5572];[-0.3928];7306.41124;1;0;[0.5521];[-0.3979];7294.73897;200),(382418.13469;[0.4986];[-0.4514];7090.45366;1;0;[0.5011];[-0.4489];7080.30574;200),(382710.66856;[0.494];[-0.456];7068.62892;1;0;[0.4963];[-0.4537];7058.39852;200),(383034.32393;[0.4282];[-0.5218];6834.34713;1;0;[0.4263];[-0.5237];6825.64028;200),(383389.42361;[0.4271];[-0.5229];6829.56046;1;0;[0.4253];[-0.5247];6820.81276;200),(383745.22448;[0.4264];[-0.5236];6827.90729;1;0;[0.4243];[-0.5257];6819.21266;200),(385072.74961;[0.5521];[-0.3979];9640.74979;1;0;[0.5497];[-0.4003];9584.61363;200),(385936.82480;[0.6228];[-0.3272];9238.73467;1;0;[0.6202];[-0.3298];9201.24566;200),(386911.36718;[0.686];[-0.264];8808.71106;1;0;[0.6844];[-0.2656];8783.86298;200),(388053.25890;[0.6888];[-0.2612];8342.35634;1;0;[0.6846];[-0.2654];8322.63479;200),(389061.36632;[0.6453];[-0.3047];7842.08993;1;0;[0.6443];[-0.3057];7826.70914;200),(390957.44252;[0.5569];[-0.3931];7308.72522;1;0;[0.5522];[-0.3978];7296.96969;200),(391327.78788;[0.5484];[-0.4016];7277.69165;1;0;[0.5438];[-0.4062];7265.91894;200),(391666.10026;[0.4973];[-0.4527];7083.01346;1;0;[0.4993];[-0.4507];7072.82764;200),(392082.33142;[0.4954];[-0.4546];7073.43119;1;0;[0.4975];[-0.4525];7063.19822;200),(392379.71711;[0.494];[-0.456];7068.62892;1;0;[0.4963];[-0.4537];7058.39852;200),(393172.25909;[0.4898];[-0.4602];7052.10906;1;0;[0.4921];[-0.4579];7041.93098;200),(393630.71823;[0.4887];[-0.4613];7048.34593;1;0;[0.4913];[-0.4587];7038.08270;200),(393934.12232;[0.4887];[-0.4613];7048.34593;1;0;[0.4913];[-0.4587];7038.08270;200),(394784.83701;[0.5521];[-0.3979];9640.74979;1;0;[0.5497];[-0.4003];9584.61363;200),(395674.89886;[0.6258];[-0.3242];9219.64569;1;0;[0.6232];[-0.3268];9182.69259;200),(397016.19530;[0.681];[-0.269];8689.95296;1;0;[0.6795];[-0.2705];8666.12066;200),(398263.96561;[0.6894];[-0.2606];8343.39776;1;0;[0.6849];[-0.2651];8323.71978;200),(399497.34974;[0.6447];[-0.3053];7842.73817;1;0;[0.6442];[-0.3058];7827.34881;200),(400435.80818;[0.4887];[-0.4613];7048.34593;1;0;[0.4913];[-0.4587];7038.08270;200),(402000.22078;[0.5521];[-0.3979];9640.74979;1;0;[0.5497];[-0.4003];9584.61363;200),(403039.71243;[0.6258];[-0.3242];9219.64569;1;0;[0.6232];[-0.3268];9182.69259;200),(404216.23135;[0.681];[-0.269];8689.95296;1;0;[0.6795];[-0.2705];8666.12066;200),(405511.68513;[0.6894];[-0.2606];8343.39776;1;0;[0.6849];[-0.2651];8323.71978;200),(406622.75982;[0.6447];[-0.3053];7842.73817;1;0;[0.6442];[-0.3058];7827.34881;200),(408267.76624;[0.5929];[-0.3571];7486.72108;1;0;[0.587];[-0.363];7473.61286;200),(408828.30000;[0.5532];[-0.3968];7293.74747;1;0;[0.5482];[-0.4018];7281.96791;200),(409208.18543;[0.4982];[-0.4518];7086.88473;1;0;[0.5005];[-0.4495];7076.72465;200),(409605.86977;[0.494];[-0.456];7068.62892;1;0;[0.4963];[-0.4537];7058.39852;200),(410206.87103;[0.4887];[-0.4613];7048.34593;1;0;[0.4913];[-0.4587];7038.08270;200),(411721.70305;[0.5521];[-0.3979];9640.74979;1;0;[0.5497];[-0.4003];9584.61363;200),(412641.31975;[0.6273];[-0.3227];9198.99101;1;0;[0.6251];[-0.3249];9162.56066;200),(414066.64205;[0.681];[-0.269];8689.95296;1;0;[0.6795];[-0.2705];8666.12066;200),(415054.21877;[0.6894];[-0.2606];8343.39776;1;0;[0.6849];[-0.2651];8323.71978;200),(416013.41677;[0.6452];[-0.3048];7845.08832;1;0;[0.6447];[-0.3053];7829.67992;200),(418100.98195;[0.5948];[-0.3552];7492.31962;1;0;[0.5887];[-0.3613];7479.15786;200),(418466.30192;[0.554];[-0.396];7296.40112;1;0;[0.5495];[-0.4005];7284.69898;200),(418887.05778;[0.4973];[-0.4527];7083.01346;1;0;[0.4993];[-0.4507];7072.82764;200),(419254.26912;[0.4953];[-0.4547];7073.34554;1;0;[0.4973];[-0.4527];7063.13654;200),(419627.27642;[0.494];[-0.456];7068.62892;1;0;[0.4963];[-0.4537];7058.39852;200),(420475.00396;[0.494];[-0.456];7068.62892;1;0;[0.4963];[-0.4537];7058.39852;200),(421535.43067;[0.5521];[-0.3979];9640.74979;1;0;[0.5497];[-0.4003];9584.61363;200),(422650.34056;[0.6383];[-0.3117];9191.34331;1;0;[0.6379];[-0.3121];9156.71801;200),(424187.00433;[0.681];[-0.269];8691.90827;1;0;[0.6797];[-0.2703];8668.05980;200),(425263.56697;[0.6894];[-0.2606];8343.36384;1;0;[0.6852];[-0.2648];8323.69811;200),(426124.26758;[0.6451];[-0.3049];7846.13932;1;0;[0.6449];[-0.3051];7830.74060;200),(427017.83776;[0.494];[-0.456];7068.62892;1;0;[0.4963];[-0.4537];7058.39852;200),(427750.49686;[0.494];[-0.456];7068.62892;1;0;[0.4963];[-0.4537];7058.39852;200),(428555.26090;[0.5521];[-0.3979];9640.74979;1;0;[0.5497];[-0.4003];9584.61363;200),(429725.22187;[0.6383];[-0.3117];9191.34331;1;0;[0.6379];[-0.3121];9156.71801;200),(430864.01725;[0.681];[-0.269];8691.90827;1;0;[0.6797];[-0.2703];8668.05980;200),(431801.17559;[0.6894];[-0.2606];8343.39776;1;0;[0.6849];[-0.2651];8323.71978;200),(432881.75988;[0.6451];[-0.3049];7846.13932;1;0;[0.6449];[-0.3051];7830.74060;200),(433897.18246;[0.494];[-0.456];7068.62892;1;0;[0.4963];[-0.4537];7058.39852;200),(435962.61883;[0.5508];[-0.3992];9638.45745;1;0;[0.5486];[-0.4014];9581.49595;200),(437356.70471;[0.6293];[-0.3207];9177.55412;1;0;[0.6277];[-0.3223];9140.96283;200),(438891.72912;[0.679];[-0.271];8666.86515;1;0;[0.6794];[-0.2706];8642.65883;200),(439916.72945;[0.6795];[-0.2705];8268.67057;1;0;[0.6753];[-0.2747];8249.13085;200),(440805.10974;[0.6451];[-0.3049];7846.13932;1;0;[0.6449];[-0.3051];7830.74060;200),(442574.74446;[0.5957];[-0.3543];7495.50694;1;0;[0.5896];[-0.3604];7482.37077;200),(442935.48417;[0.5539];[-0.3961];7296.43728;1;0;[0.5492];[-0.4008];7284.71063;200),(443325.27113;[0.4961];[-0.4539];7075.44508;1;0;[0.4976];[-0.4524];7065.32550;200),(443641.75487;[0.4953];[-0.4547];7073.34554;1;0;[0.4973];[-0.4527];7063.13654;200),(443923.94710;[0.494];[-0.456];7068.62892;1;0;[0.4963];[-0.4537];7058.39852;200),(445517.40336;[0.5511];[-0.3989];9632.13107;1;0;[0.5491];[-0.4009];9574.70618;200),(446862.65707;[0.6403];[-0.3097];9172.57737;1;0;[0.6402];[-0.3098];9138.56420;200),(448172.52827;[0.6799];[-0.2701];8667.48072;1;0;[0.6798];[-0.2702];8643.32138;200),(449248.87252;[0.6795];[-0.2705];8268.67057;1;0;[0.6753];[-0.2747];8249.13085;200),(450172.61457;[0.6454];[-0.3046];7845.72515;1;0;[0.6455];[-0.3045];7830.33927;200),(452063.95364;[0.596];[-0.354];7497.94928;1;0;[0.5907];[-0.3593];7484.88451;200),(452643.19992;[0.5539];[-0.3961];7296.43728;1;0;[0.5492];[-0.4008];7284.71063;200),(452937.12926;[0.494];[-0.456];7068.62892;1;0;[0.4963];[-0.4537];7058.39852;200),(453410.52604;[0.494];[-0.456];7068.62892;1;0;[0.4963];[-0.4537];7058.39852;200),(453678.43103;[0.494];[-0.456];7068.62892;1;0;[0.4963];[-0.4537];7058.39852;200),(455047.28460;[0.56];[-0.39];9629.63670;1;0;[0.5572];[-0.3928];9576.10649;200),(456364.81452;[0.638];[-0.312];9153.77059;1;0;[0.638];[-0.312];9119.28705;200),(457543.68711;[0.6769];[-0.2731];8678.15182;1;0;[0.6748];[-0.2752];8653.02518;200),(458522.80664;[0.6864];[-0.2636];8322.11697;1;0;[0.6828];[-0.2672];8302.37735;200),(459773.76604;[0.6445];[-0.3055];7846.55720;1;0;[0.6441];[-0.3059];7831.09552;200),(462602.11921;[0.596];[-0.354];7499.65763;1;0;[0.5909];[-0.3591];7486.55341;200),(463394.27805;[0.5547];[-0.3953];7298.36064;1;0;[0.55];[-0.4];7286.68681;200),(463900.02584;[0.5515];[-0.3985];7289.88342;1;0;[0.5465];[-0.4035];7278.06711;200),(464246.03868;[0.5471];[-0.4029];7273.22791;1;0;[0.5423];[-0.4077];7261.41468;200),(464630.09572;[0.494];[-0.456];7068.62892;1;0;[0.4963];[-0.4537];7058.39852;200),(465311.18441;[0.494];[-0.456];7068.62892;1;0;[0.4963];[-0.4537];7058.39852;200),(465627.34127;[0.494];[-0.456];7068.62892;1;0;[0.4963];[-0.4537];7058.39852;200),(466065.79447;[0.494];[-0.456];7068.62892;1;0;[0.4963];[-0.4537];7058.39852;200),(467341.79306;[0.5624];[-0.3876];9621.86952;1;0;[0.5585];[-0.3915];9568.88055;200),(469265.64121;[0.638];[-0.312];9153.77059;1;0;[0.638];[-0.312];9119.28705;200),(470749.50242;[0.6773];[-0.2727];8684.24266;1;0;[0.6757];[-0.2743];8659.13994;200),(471850.68369;[0.6888];[-0.2612];8336.08509;1;0;[0.6846];[-0.2654];8316.41036;200),(473174.76010;[0.6508];[-0.2992];7853.87068;1;0;[0.6511];[-0.2989];7838.81429;200),(474356.33826;[0.494];[-0.456];7068.62892;1;0;[0.4963];[-0.4537];7058.39852;200),(476184.17692;[0.5624];[-0.3876];9621.86952;1;0;[0.5585];[-0.3915];9568.88055;200),(477398.64373;[0.638];[-0.312];9153.77059;1;0;[0.638];[-0.312];9119.28705;200),(478622.13731;[0.6773];[-0.2727];8684.24266;1;0;[0.6757];[-0.2743];8659.13994;200),(479622.93506;[0.6888];[-0.2612];8336.08509;1;0;[0.6846];[-0.2654];8316.41036;200),(480899.03665;[0.6508];[-0.2992];7853.87068;1;0;[0.6511];[-0.2989];7838.81429;200),(482845.44539;[0.5974];[-0.3526];7502.84752;1;0;[0.5918];[-0.3582];7489.77823;200),(483359.42411;[0.5562];[-0.3938];7303.65299;1;0;[0.5507];[-0.3993];7291.92546;200),(483890.71345;[0.5532];[-0.3968];7293.74747;1;0;[0.5482];[-0.4018];7281.96791;200),(484289.13546;[0.5502];[-0.3998];7284.76972;1;0;[0.5457];[-0.4043];7272.95348;200),(484756.57630;[0.5471];[-0.4029];7273.22791;1;0;[0.5423];[-0.4077];7261.41468;200),(485051.59712;[0.5471];[-0.4029];7273.22791;1;0;[0.5423];[-0.4077];7261.41468;200),(486746.58322;[0.5665];[-0.3835];9614.12919;1;0;[0.5622];[-0.3878];9563.56096;200),(487965.69419;[0.6338];[-0.3162];9142.10387;1;0;[0.6326];[-0.3174];9106.52865;200),(489012.82001;[0.6819];[-0.2681];8663.38060;1;0;[0.68];[-0.27];8639.08269;200),(489970.64233;[0.6893];[-0.2607];8341.74149;1;0;[0.6849];[-0.2651];8322.07504;200),(491657.85933;[0.6531];[-0.2969];7862.40963;1;0;[0.6525];[-0.2975];7847.36818;200),(493418.57147;[0.5974];[-0.3526];7503.22457;1;0;[0.5918];[-0.3582];7490.13130;200),(493983.85835;[0.5562];[-0.3938];7303.65299;1;0;[0.5507];[-0.3993];7291.92546;200),(494351.92895;[0.554];[-0.396];7296.40112;1;0;[0.5495];[-0.4005];7284.69898;200),(494735.19158;[0.55];[-0.4];7285.07430;1;0;[0.5455];[-0.4045];7273.20879;200),(495065.22655;[0.5484];[-0.4016];7277.69165;1;0;[0.5438];[-0.4062];7265.91894;200),(495424.24154;[0.5471];[-0.4029];7273.22791;1;0;[0.5423];[-0.4077];7261.41468;200),(495711.72857;[0.5471];[-0.4029];7273.22791;1;0;[0.5423];[-0.4077];7261.41468;200),(495973.92440;[0.5471];[-0.4029];7273.22791;1;0;[0.5423];[-0.4077];7261.41468;200),(496927.46520;[0.5692];[-0.3808];9606.33091;1;0;[0.5659];[-0.3841];9557.13582;200),(498216.70365;[0.6342];[-0.3158];9139.30761;1;0;[0.6326];[-0.3174];9103.33747;200),(499181.59556;[0.6817];[-0.2683];8664.69096;1;0;[0.6798];[-0.2702];8640.35793;200),(500436.53250;[0.6888];[-0.2612];8342.35634;1;0;[0.6846];[-0.2654];8322.63479;200),(501975.29793;[0.6538];[-0.2962];7866.56790;1;0;[0.6535];[-0.2965];7851.52070;200),(502769.30475;[0.5471];[-0.4029];7273.22791;1;0;[0.5423];[-0.4077];7261.41468;200),(503959.05280;[0.5694];[-0.3806];9597.89499;1;0;[0.5655];[-0.3845];9548.42861;200),(504847.04304;[0.6362];[-0.3138];9129.96293;1;0;[0.6351];[-0.3149];9095.00122;200),(505725.84748;[0.6817];[-0.2683];8664.90459;1;0;[0.6799];[-0.2701];8640.56517;200),(507150.22373;[0.6888];[-0.2612];8342.35634;1;0;[0.6846];[-0.2654];8322.63479;200),(508469.55490;[0.6538];[-0.2962];7866.56790;1;0;[0.6535];[-0.2965];7851.52070;200),(510532.87005;[0.6217];[-0.3283];7659.98567;1;0;[0.6182];[-0.3318];7645.34374;200),(510933.09116;[0.5908];[-0.3592];7478.76128;1;0;[0.5855];[-0.3645];7465.59552;200),(511294.18778;[0.5532];[-0.3968];7293.74747;1;0;[0.5482];[-0.4018];7281.96791;200),(511628.97587;[0.5484];[-0.4016];7277.69165;1;0;[0.5438];[-0.4062];7265.91894;200),(511951.88642;[0.5471];[-0.4029];7273.22791;1;0;[0.5423];[-0.4077];7261.41468;200),(512280.11036;[0.5471];[-0.4029];7273.22791;1;0;[0.5423];[-0.4077];7261.41468;200),(513617.21277;[0.5711];[-0.3789];9585.64979;1;0;[0.5679];[-0.3821];9536.96561;200),(514682.18541;[0.6362];[-0.3138];9129.96293;1;0;[0.6351];[-0.3149];9095.00122;200),(516047.28031;[0.6821];[-0.2679];8664.69873;1;0;[0.6807];[-0.2693];8640.46177;200),(517151.04890;[0.6894];[-0.2606];8343.39776;1;0;[0.6849];[-0.2651];8323.71978;200),(518236.06896;[0.6598];[-0.2902];7983.91050;1;0;[0.659];[-0.291];7967.52231;200),(520134.76920;[0.6238];[-0.3262];7673.14710;1;0;[0.6196];[-0.3304];7658.55398;200),(520645.01977;[0.5917];[-0.3583];7483.40988;1;0;[0.5862];[-0.3638];7470.24043;200),(521050.42720;[0.5532];[-0.3968];7293.74747;1;0;[0.5482];[-0.4018];7281.96791;200),(521344.04755;[0.5484];[-0.4016];7277.69165;1;0;[0.5438];[-0.4062];7265.91894;200),(521779.92129;[0.5471];[-0.4029];7273.22791;1;0;[0.5423];[-0.4077];7261.41468;200),(522197.59083;[0.5471];[-0.4029];7273.22791;1;0;[0.5423];[-0.4077];7261.41468;200),(522475.38018;[0.5471];[-0.4029];7273.22791;1;0;[0.5423];[-0.4077];7261.41468;200),(523696.29455;[0.5746];[-0.3754];9561.88752;1;0;[0.5701];[-0.3799];9515.60455;200),(525013.81516;[0.6434];[-0.3066];9113.86732;1;0;[0.6433];[-0.3067];9080.31677;200),(526129.93097;[0.6854];[-0.2646];8640.64073;1;0;[0.6842];[-0.2658];8617.26523;200),(527070.83416;[0.6795];[-0.2705];8268.67057;1;0;[0.6753];[-0.2747];8249.13085;200),(528199.84484;[0.6447];[-0.3053];7842.73817;1;0;[0.6442];[-0.3058];7827.34881;200),(529009.26566;[0.5471];[-0.4029];7273.22791;1;0;[0.5423];[-0.4077];7261.41468;200),(530403.44381;[0.5746];[-0.3754];9561.88752;1;0;[0.5701];[-0.3799];9515.60455;200),(531867.36393;[0.6434];[-0.3066];9113.86732;1;0;[0.6433];[-0.3067];9080.31677;200),(533020.96057;[0.6854];[-0.2646];8640.64073;1;0;[0.6842];[-0.2658];8617.26523;200),(533949.54872;[0.6795];[-0.2705];8268.67057;1;0;[0.6753];[-0.2747];8249.13085;200),(535086.12347;[0.6447];[-0.3053];7842.73817;1;0;[0.6442];[-0.3058];7827.34881;200),(537197.11685;[0.5746];[-0.3754];9561.88752;1;0;[0.5701];[-0.3799];9515.60455;200),(538314.87465;[0.6366];[-0.3134];9130.30742;1;0;[0.6355];[-0.3145];9095.38814;200),(539561.89418;[0.6811];[-0.2689];8665.34709;1;0;[0.6785];[-0.2715];8640.96368;200),(540519.51528;[0.6891];[-0.2609];8344.30014;1;0;[0.6845];[-0.2655];8324.55181;200),(541508.39877;[0.6613];[-0.2887];7987.66793;1;0;[0.66];[-0.29];7971.37681;200),(542706.46429;[0.6239];[-0.3261];7674.99169;1;0;[0.6204];[-0.3296];7660.42580;200),(543227.27871;[0.5929];[-0.3571];7486.72108;1;0;[0.587];[-0.363];7473.61286;200),(543684.46660;[0.5515];[-0.3985];7289.88342;1;0;[0.5465];[-0.4035];7278.06711;200),(544015.02109;[0.5484];[-0.4016];7277.69165;1;0;[0.5438];[-0.4062];7265.91894;200),(544302.64544;[0.5471];[-0.4029];7273.22791;1;0;[0.5423];[-0.4077];7261.41468;200),(544558.70628;[0.5471];[-0.4029];7273.22791;1;0;[0.5423];[-0.4077];7261.41468;200),(546206.61855;[0.5757];[-0.3743];9535.98571;1;0;[0.5712];[-0.3788];9489.88074;200),(547369.50636;[0.6512];[-0.2988];9095.40009;1;0;[0.6513];[-0.2987];9063.37751;200),(548533.03742;[0.6807];[-0.2693];8656.21264;1;0;[0.6784];[-0.2716];8631.82523;200),(549427.29068;[0.6888];[-0.2612];8334.72066;1;0;[0.6845];[-0.2655];8315.03057;200),(550310.89926;[0.6451];[-0.3049];7846.13932;1;0;[0.6449];[-0.3051];7830.74060;200),(552464.42294;[0.5757];[-0.3743];9535.98571;1;0;[0.5712];[-0.3788];9489.88074;200),(553772.95852;[0.6481];[-0.3019];9113.90849;1;0;[0.6494];[-0.3006];9081.19573;200),(554837.35633;[0.6762];[-0.2738];8674.69734;1;0;[0.6743];[-0.2757];8649.53391;200),(555808.30503;[0.6937];[-0.2563];8351.12917;1;0;[0.6902];[-0.2598];8331.75054;200),(556654.90460;[0.6625];[-0.2875];7992.50589;1;0;[0.6606];[-0.2894];7976.17996;200),(557801.38230;[0.6244];[-0.3256];7679.23787;1;0;[0.6206];[-0.3294];7664.62960;200),(558224.38979;[0.5948];[-0.3552];7492.31962;1;0;[0.5887];[-0.3613];7479.15786;200),(558872.83206;[0.55];[-0.4];7285.07430;1;0;[0.5455];[-0.4045];7273.20879;200),(559205.00565;[0.5484];[-0.4016];7277.69165;1;0;[0.5438];[-0.4062];7265.91894;200),(559539.84857;[0.5471];[-0.4029];7273.22791;1;0;[0.5423];[-0.4077];7261.41468;200),(559803.91932;[0.5471];[-0.4029];7273.22791;1;0;[0.5423];[-0.4077];7261.41468;200),(560879.37450;[0.5771];[-0.3729];9534.23412;1;0;[0.5725];[-0.3775];9488.42750;200),(562269.69361;[0.6511];[-0.2989];9095.34174;1;0;[0.6515];[-0.2985];9063.32849;200),(563350.98720;[0.6819];[-0.2681];8663.38060;1;0;[0.68];[-0.27];8639.08269;200),(564155.20239;[0.6894];[-0.2606];8341.52979;1;0;[0.6852];[-0.2648];8321.89961;200),(565140.48696;[0.6445];[-0.3055];7846.55720;1;0;[0.6441];[-0.3059];7831.09552;200),(566148.17357;[0.5471];[-0.4029];7273.22791;1;0;[0.5423];[-0.4077];7261.41468;200),(567077.46696;[0.5771];[-0.3729];9534.23412;1;0;[0.5725];[-0.3775];9488.42750;200),(568419.81030;[0.6511];[-0.2989];9095.34174;1;0;[0.6515];[-0.2985];9063.32849;200),(569610.43501;[0.6819];[-0.2681];8663.38060;1;0;[0.68];[-0.27];8639.08269;200),(570720.16907;[0.6841];[-0.2659];8365.05948;1;0;[0.6809];[-0.2691];8344.37226;200),(571601.95518;[0.6619];[-0.2881];7993.86755;1;0;[0.66];[-0.29];7977.50230;200),(572556.93936;[0.6252];[-0.3248];7681.55448;1;0;[0.6216];[-0.3284];7666.99523;200),(572862.71310;[0.596];[-0.354];7497.94928;1;0;[0.5907];[-0.3593];7484.88451;200),(573157.98068;[0.5917];[-0.3583];7483.40988;1;0;[0.5862];[-0.3638];7470.24043;200),(573473.67215;[0.5908];[-0.3592];7478.76128;1;0;[0.5855];[-0.3645];7465.59552;200),(573832.45468;[0.5471];[-0.4029];7273.22791;1;0;[0.5423];[-0.4077];7261.41468;200),(574258.72993;[0.5471];[-0.4029];7273.22791;1;0;[0.5423];[-0.4077];7261.41468;200),(574973.94300;[0.572];[-0.378];9521.74351;1;0;[0.5683];[-0.3817];9471.15512;200),(576430.89890;[0.6536];[-0.2964];9073.97214;1;0;[0.6534];[-0.2966];9042.32681;200),(577236.88674;[0.6863];[-0.2637];8640.48498;1;0;[0.6855];[-0.2645];8617.23844;200),(578209.71084;[0.6888];[-0.2612];8342.35634;1;0;[0.6846];[-0.2654];8322.63479;200),(579318.61615;[0.6499];[-0.3001];7848.06371;1;0;[0.6499];[-0.3001];7833.00496;200),(580210.95634;[0.5471];[-0.4029];7273.22791;1;0;[0.5423];[-0.4077];7261.41468;200),(581280.21288;[0.572];[-0.378];9521.74351;1;0;[0.5683];[-0.3817];9471.15512;200),(582561.00082;[0.6536];[-0.2964];9073.97214;1;0;[0.6534];[-0.2966];9042.32681;200),(583359.38311;[0.6863];[-0.2637];8640.48498;1;0;[0.6855];[-0.2645];8617.23844;200),(584350.32463;[0.6888];[-0.2612];8342.35634;1;0;[0.6846];[-0.2654];8322.63479;200),(585402.11773;[0.6499];[-0.3001];7848.06371;1;0;[0.6499];[-0.3001];7833.00496;200),(587039.33787;[0.572];[-0.378];9521.74351;1;0;[0.5683];[-0.3817];9471.15512;200),(588250.80466;[0.6536];[-0.2964];9073.97214;1;0;[0.6534];[-0.2966];9042.32681;200),(589177.90627;[0.6817];[-0.2683];8664.90459;1;0;[0.6799];[-0.2701];8640.56517;200),(590104.54965;[0.6849];[-0.2651];8368.72114;1;0;[0.6819];[-0.2681];8348.09178;200),(591033.62656;[0.6624];[-0.2876];7994.65731;1;0;[0.6604];[-0.2896];7978.30358;200),(591819.19885;[0.6247];[-0.3253];7682.75722;1;0;[0.6208];[-0.3292];7668.11268;200),(592259.54890;[0.596];[-0.354];7497.94928;1;0;[0.5907];[-0.3593];7484.88451;200),(592659.04760;[0.5929];[-0.3571];7486.72108;1;0;[0.587];[-0.363];7473.61286;200),(592953.51863;[0.5918];[-0.3582];7483.37372;1;0;[0.5863];[-0.3637];7470.22878;200),(593549.74627;[0.5908];[-0.3592];7478.76128;1;0;[0.5855];[-0.3645];7465.59552;200),(593797.91570;[0.5908];[-0.3592];7478.76128;1;0;[0.5855];[-0.3645];7465.59552;200),(594048.89274;[0.5908];[-0.3592];7478.76128;1;0;[0.5855];[-0.3645];7465.59552;200),(594745.86248;[0.5782];[-0.3718];9512.78649;1;0;[0.5737];[-0.3763];9464.63645;200),(596452.82745;[0.6437];[-0.3063];9059.77638;1;0;[0.6437];[-0.3063];9025.99170;200),(597609.58242;[0.6863];[-0.2637];8640.48498;1;0;[0.6855];[-0.2645];8617.23844;200),(598501.34754;[0.6894];[-0.2606];8343.39776;1;0;[0.6849];[-0.2651];8323.71978;200),(599525.59638;[0.6521];[-0.2979];7858.90292;1;0;[0.652];[-0.298];7843.84085;200)]"
5,4,9417.725971784088,0.9746,1,0,[0.9277],[-0.0223],600425.1248836517,"[(3982.44071;[0.8778];[-0.0722];9507.09417;1;0;[0.8741];[-0.0759];9453.40437;100),(5950.95420;[0.8778];[-0.0722];9507.09417;1;0;[0.8741];[-0.0759];9453.40437;100),(7419.38639;[0.8778];[-0.0722];9507.09417;1;0;[0.8741];[-0.0759];9453.40437;100),(8126.30653;[0.8778];[-0.0722];9507.09417;1;0;[0.8741];[-0.0759];9453.40437;100),(9117.69319;[0.8778];[-0.0722];9507.09417;1;0;[0.8741];[-0.0759];9453.40437;100),(9904.63996;[0.8778];[-0.0722];9507.09417;1;0;[0.8741];[-0.0759];9453.40437;100),(10396.87920;[0.7036];[-0.2464];8546.99867;1;0;[0.6903];[-0.2597];8481.92240;100),(11012.69603;[0.673];[-0.277];8025.53284;1;0;[0.661];[-0.289];7976.47174;100),(11407.97043;[0.6304];[-0.3196];7709.78600;1;0;[0.6216];[-0.3284];7666.99523;100),(11921.38577;[0.5612];[-0.3888];7320.78883;1;0;[0.5495];[-0.4005];7284.69898;100),(12217.80133;[0.5557];[-0.3943];7297.86280;1;0;[0.5423];[-0.4077];7261.41468;100),(12645.26343;[0.5036];[-0.4464];7091.21274;1;0;[0.4963];[-0.4537];7058.39852;100),(13427.88982;[0.5036];[-0.4464];7091.21274;1;0;[0.4963];[-0.4537];7058.39852;100),(14147.85051;[0.5036];[-0.4464];7091.21274;1;0;[0.4963];[-0.4537];7058.39852;100),(15451.70116;[0.8778];[-0.0722];9507.09417;1;0;[0.8741];[-0.0759];9453.40437;100),(16771.97289;[0.6421];[-0.3079];9254.52412;1;0;[0.6323];[-0.3177];9143.37356;100),(17901.29232;[0.6943];[-0.2557];8749.84604;1;0;[0.6799];[-0.2701];8671.62476;100),(18864.68887;[0.6939];[-0.2561];8174.36239;1;0;[0.6788];[-0.2712];8123.04509;100),(19689.96310;[0.5036];[-0.4464];7091.21274;1;0;[0.4963];[-0.4537];7058.39852;100),(21940.92131;[0.8778];[-0.0722];9507.09417;1;0;[0.8741];[-0.0759];9453.40437;100),(23089.29038;[0.6543];[-0.2957];9214.55762;1;0;[0.6439];[-0.3061];9108.33434;100),(23982.62978;[0.7005];[-0.2495];8651.57495;1;0;[0.6856];[-0.2644];8580.82090;100),(25174.34812;[0.6723];[-0.2777];8027.62970;1;0;[0.6604];[-0.2896];7978.30358;100),(27578.86124;[0.5017];[-0.4483];7085.29860;1;0;[0.4953];[-0.4547];7052.41538;100),(28713.03010;[0.8778];[-0.0722];9507.09417;1;0;[0.8741];[-0.0759];9453.40437;100),(29553.20072;[0.6497];[-0.3003];9270.26124;1;0;[0.6402];[-0.3098];9162.97123;100),(30253.59964;[0.697];[-0.253];8901.35396;1;0;[0.6827];[-0.2673];8817.82802;100),(31542.91964;[0.6907];[-0.2593];8304.37222;1;0;[0.6752];[-0.2748];8247.04416;100),(32408.32853;[0.6523];[-0.2977];7867.52763;1;0;[0.6423];[-0.3077];7821.42477;100),(32849.90430;[0.6031];[-0.3469];7529.39183;1;0;[0.5917];[-0.3583];7490.12163;100),(33666.34011;[0.5935];[-0.3565];7491.95892;1;0;[0.5827];[-0.3673];7452.29245;100),(34115.64636;[0.557];[-0.393];7302.22744;1;0;[0.5438];[-0.4062];7265.91894;100),(34643.93687;[0.5557];[-0.3943];7297.86280;1;0;[0.5423];[-0.4077];7261.41468;100),(35096.96817;[0.5557];[-0.3943];7297.86280;1;0;[0.5423];[-0.4077];7261.41468;100),(35460.81662;[0.5557];[-0.3943];7297.86280;1;0;[0.5423];[-0.4077];7261.41468;100),(36444.07654;[0.8883];[-0.0617];9494.53539;1;0;[0.8871];[-0.0629];9441.92378;100),(37259.78732;[0.6485];[-0.3015];9215.54647;1;0;[0.6382];[-0.3118];9106.49596;100),(37982.78236;[0.6942];[-0.2558];8749.83088;1;0;[0.6798];[-0.2702];8671.47793;100),(38918.11633;[0.6957];[-0.2543];8177.56445;1;0;[0.6805];[-0.2695];8126.50300;100),(39664.33811;[0.5557];[-0.3943];7297.86280;1;0;[0.5423];[-0.4077];7261.41468;100),(41144.53697;[0.8883];[-0.0617];9494.53539;1;0;[0.8871];[-0.0629];9441.92378;100),(41887.69603;[0.6485];[-0.3015];9215.54647;1;0;[0.6382];[-0.3118];9106.49596;100),(42531.68774;[0.6942];[-0.2558];8749.83088;1;0;[0.6798];[-0.2702];8671.47793;100),(43763.85880;[0.6956];[-0.2544];8177.42526;1;0;[0.6802];[-0.2698];8126.31032;100),(44877.92659;[0.6543];[-0.2957];7872.56359;1;0;[0.6443];[-0.3057];7826.70914;100),(45421.84687;[0.6026];[-0.3474];7529.48652;1;0;[0.5918];[-0.3582];7490.13130;100),(45775.42210;[0.5557];[-0.3943];7297.86280;1;0;[0.5423];[-0.4077];7261.41468;100),(46290.44890;[0.5557];[-0.3943];7297.86280;1;0;[0.5423];[-0.4077];7261.41468;100),(47534.31368;[0.9271];[-0.0229];9466.37886;1;0;[0.9277];[-0.0223];9417.72597;100),(48527.33636;[0.6631];[-0.2869];9188.11365;1;0;[0.6523];[-0.2977];9090.13647;100),(49418.72573;[0.6943];[-0.2557];8749.84604;1;0;[0.6799];[-0.2701];8671.62476;100),(50263.45706;[0.6965];[-0.2535];8181.49777;1;0;[0.6812];[-0.2688];8130.43226;100),(51489.71009;[0.6542];[-0.2958];7873.19650;1;0;[0.6442];[-0.3058];7827.34881;100),(51995.84723;[0.6026];[-0.3474];7529.48652;1;0;[0.5918];[-0.3582];7490.13130;100),(52316.60914;[0.6009];[-0.3491];7521.73267;1;0;[0.59];[-0.36];7482.33402;100),(52717.24820;[0.597];[-0.353];7505.21746;1;0;[0.5855];[-0.3645];7465.59552;100),(53561.53941;[0.597];[-0.353];7505.21746;1;0;[0.5855];[-0.3645];7465.59552;100),(54964.54430;[0.5915];[-0.3585];9642.89657;1;0;[0.5757];[-0.3743];9518.93785;100),(55956.54964;[0.6593];[-0.2907];9168.89149;1;0;[0.6493];[-0.3007];9069.32371;100),(56753.64637;[0.7012];[-0.2488];8656.21381;1;0;[0.6859];[-0.2641];8585.60041;100),(57424.94607;[0.6941];[-0.2559];8274.88864;1;0;[0.6801];[-0.2699];8219.41839;100),(58527.37570;[0.6548];[-0.2952];7876.12591;1;0;[0.6455];[-0.3045];7830.33927;100),(59312.89649;[0.6265];[-0.3235];7695.54123;1;0;[0.6186];[-0.3314];7652.33152;100),(59732.46336;[0.6009];[-0.3491];7521.73267;1;0;[0.59];[-0.36];7482.33402;100),(60205.09744;[0.5981];[-0.3519];7509.76344;1;0;[0.5863];[-0.3637];7470.22878;100),(60773.02313;[0.5981];[-0.3519];7509.76344;1;0;[0.5863];[-0.3637];7470.22878;100),(61181.39625;[0.597];[-0.353];7505.21746;1;0;[0.5855];[-0.3645];7465.59552;100),(61531.78263;[0.597];[-0.353];7505.21746;1;0;[0.5855];[-0.3645];7465.59552;100),(62664.96849;[0.5951];[-0.3549];9618.96253;1;0;[0.5801];[-0.3699];9497.98704;100),(63513.24296;[0.6596];[-0.2904];9178.21435;1;0;[0.6495];[-0.3005];9075.33121;100),(64628.58415;[0.6997];[-0.2503];8686.01026;1;0;[0.6842];[-0.2658];8612.74730;100),(65362.78796;[0.6944];[-0.2556];8278.84410;1;0;[0.6807];[-0.2693];8223.35813;100),(65999.47906;[0.597];[-0.353];7505.21746;1;0;[0.5855];[-0.3645];7465.59552;100),(67648.31233;[0.665];[-0.285];9525.47959;1;0;[0.6541];[-0.2959];9444.82921;100),(68790.20429;[0.6726];[-0.2774];9117.58934;1;0;[0.6598];[-0.2902];9024.90498;100),(69802.01626;[0.6997];[-0.2503];8686.01026;1;0;[0.6842];[-0.2658];8612.74730;100),(70483.18219;[0.6948];[-0.2552];8278.42266;1;0;[0.6811];[-0.2689];8223.03617;100),(71856.32443;[0.6587];[-0.2913];7876.26178;1;0;[0.6483];[-0.3017];7831.33795;100),(72309.12542;[0.6291];[-0.3209];7701.49362;1;0;[0.6196];[-0.3304];7658.55398;100),(72658.23984;[0.6009];[-0.3491];7521.73267;1;0;[0.59];[-0.36];7482.33402;100),(72949.98431;[0.5981];[-0.3519];7509.76344;1;0;[0.5863];[-0.3637];7470.22878;100),(73742.19394;[0.597];[-0.353];7505.21746;1;0;[0.5855];[-0.3645];7465.59552;100),(74894.67216;[0.7033];[-0.2467];9497.25882;1;0;[0.6907];[-0.2593];9423.51039;100),(76141.22081;[0.6726];[-0.2774];9117.58934;1;0;[0.6598];[-0.2902];9024.90498;100),(76889.84919;[0.7007];[-0.2493];8690.25668;1;0;[0.6855];[-0.2645];8617.23844;100),(77776.19481;[0.6941];[-0.2559];8279.68869;1;0;[0.6801];[-0.2699];8223.99624;100),(78727.34451;[0.597];[-0.353];7505.21746;1;0;[0.5855];[-0.3645];7465.59552;100),(79443.88056;[0.597];[-0.353];7505.21746;1;0;[0.5855];[-0.3645];7465.59552;100),(80393.35060;[0.7033];[-0.2467];9497.25882;1;0;[0.6907];[-0.2593];9423.51039;100),(81231.45032;[0.6726];[-0.2774];9117.58934;1;0;[0.6598];[-0.2902];9024.90498;100),(82174.32523;[0.7007];[-0.2493];8690.25668;1;0;[0.6855];[-0.2645];8617.23844;100),(82923.96617;[0.6941];[-0.2559];8279.68869;1;0;[0.6801];[-0.2699];8223.99624;100),(83596.47417;[0.597];[-0.353];7505.21746;1;0;[0.5855];[-0.3645];7465.59552;100),(84813.97223;[0.911];[-0.039];9403.34951;1;0;[0.9091];[-0.0409];9347.59387;100),(85962.00180;[0.6619];[-0.2881];9111.65183;1;0;[0.6509];[-0.2991];9009.66355;100),(86957.27110;[0.7003];[-0.2497];8628.63050;1;0;[0.6875];[-0.2625];8559.70023;100),(88062.69908;[0.6861];[-0.2639];8157.79395;1;0;[0.6732];[-0.2768];8105.55620;100),(90100.16084;[0.911];[-0.039];9403.34951;1;0;[0.9091];[-0.0409];9347.59387;100),(91234.21836;[0.6726];[-0.2774];9117.58934;1;0;[0.6598];[-0.2902];9024.90498;100),(92042.74321;[0.7007];[-0.2493];8690.25668;1;0;[0.6855];[-0.2645];8617.23844;100),(92921.86952;[0.6941];[-0.2559];8279.68869;1;0;[0.6801];[-0.2699];8223.99624;100),(93968.02497;[0.6622];[-0.2878];7886.65306;1;0;[0.6516];[-0.2984];7841.92839;100),(94691.93602;[0.6291];[-0.3209];7701.49362;1;0;[0.6196];[-0.3304];7658.55398;100),(95045.45283;[0.5989];[-0.3511];7513.06818;1;0;[0.587];[-0.363];7473.61286;100),(95465.43860;[0.5981];[-0.3519];7509.76344;1;0;[0.5863];[-0.3637];7470.22878;100),(95914.35885;[0.5981];[-0.3519];7509.76344;1;0;[0.5863];[-0.3637];7470.22878;100),(96334.14102;[0.597];[-0.353];7505.21746;1;0;[0.5855];[-0.3645];7465.59552;100),(97001.02091;[0.9219];[-0.0281];9390.10056;1;0;[0.9196];[-0.0304];9335.13457;100),(97755.06067;[0.6691];[-0.2809];9095.64930;1;0;[0.6575];[-0.2925];9001.47900;100),(98586.66348;[0.6974];[-0.2526];8650.27761;1;0;[0.6834];[-0.2666];8579.75555;100),(99442.47890;[0.685];[-0.265];8161.58794;1;0;[0.6721];[-0.2779];8108.89283;100),(100183.96544;[0.597];[-0.353];7505.21746;1;0;[0.5855];[-0.3645];7465.59552;100),(101673.20371;[0.6032];[-0.3468];9561.12997;1;0;[0.5914];[-0.3586];9433.01051;100),(102546.41652;[0.6604];[-0.2896];9097.99192;1;0;[0.6506];[-0.2994];8996.43987;100),(103237.50162;[0.6974];[-0.2526];8650.27761;1;0;[0.6834];[-0.2666];8579.75555;100),(104089.96224;[0.685];[-0.265];8161.58794;1;0;[0.6721];[-0.2779];8108.89283;100),(105866.03284;[0.6032];[-0.3468];9561.12997;1;0;[0.5914];[-0.3586];9433.01051;100),(107264.71901;[0.6686];[-0.2814];9111.62837;1;0;[0.6569];[-0.2931];9012.95550;100),(107898.16451;[0.697];[-0.253];8681.79924;1;0;[0.6824];[-0.2676];8609.43851;100),(108894.31381;[0.6994];[-0.2506];8285.60532;1;0;[0.6855];[-0.2645];8231.25398;100),(109583.55069;[0.6718];[-0.2782];8020.52430;1;0;[0.66];[-0.29];7971.37681;100),(110257.81035;[0.6297];[-0.3203];7703.29775;1;0;[0.6204];[-0.3296];7660.42580;100),(110689.41140;[0.6259];[-0.3241];7690.60302;1;0;[0.6177];[-0.3323];7647.35858;100),(111283.77581;[0.5989];[-0.3511];7513.06818;1;0;[0.587];[-0.363];7473.61286;100),(111696.55704;[0.5989];[-0.3511];7513.06818;1;0;[0.587];[-0.363];7473.61286;100),(112028.12862;[0.5981];[-0.3519];7509.76344;1;0;[0.5863];[-0.3637];7470.22878;100),(112577.14796;[0.5981];[-0.3519];7509.76344;1;0;[0.5863];[-0.3637];7470.22878;100),(113550.12083;[0.6055];[-0.3445];9550.18196;1;0;[0.5943];[-0.3557];9423.15566;100),(114603.49703;[0.6604];[-0.2896];9097.99192;1;0;[0.6506];[-0.2994];8996.43987;100),(115550.76838;[0.6975];[-0.2525];8652.69619;1;0;[0.6835];[-0.2665];8581.96554;100),(116533.69665;[0.6939];[-0.2561];8171.57975;1;0;[0.6789];[-0.2711];8120.40692;100),(118495.74447;[0.6055];[-0.3445];9550.18196;1;0;[0.5943];[-0.3557];9423.15566;100),(119333.54640;[0.6604];[-0.2896];9097.99192;1;0;[0.6506];[-0.2994];8996.43987;100),(120218.33396;[0.6975];[-0.2525];8652.69619;1;0;[0.6835];[-0.2665];8581.96554;100),(121422.13893;[0.7016];[-0.2484];8296.69299;1;0;[0.6875];[-0.2625];8242.46365;100),(121997.53165;[0.673];[-0.277];8025.53284;1;0;[0.661];[-0.289];7976.47174;100),(122334.80453;[0.6504];[-0.2996];7859.69933;1;0;[0.6416];[-0.3084];7813.64102;100),(122710.78873;[0.6291];[-0.3209];7701.49362;1;0;[0.6196];[-0.3304];7658.55398;100),(123275.91443;[0.6258];[-0.3242];7691.18735;1;0;[0.6174];[-0.3326];7647.83225;100),(123786.13830;[0.6251];[-0.3249];7684.53033;1;0;[0.6168];[-0.3332];7641.37309;100),(124066.27631;[0.6251];[-0.3249];7684.53033;1;0;[0.6168];[-0.3332];7641.37309;100),(124516.02149;[0.6239];[-0.3261];7680.48285;1;0;[0.6154];[-0.3346];7637.19078;100),(124804.29935;[0.6239];[-0.3261];7680.48285;1;0;[0.6154];[-0.3346];7637.19078;100),(125655.70331;[0.6136];[-0.3364];9507.87407;1;0;[0.6016];[-0.3484];9383.49289;100),(126303.78842;[0.6633];[-0.2867];9083.40714;1;0;[0.6534];[-0.2966];8982.85590;100),(126863.94858;[0.7009];[-0.2491];8627.65201;1;0;[0.6876];[-0.2624];8558.87224;100),(127722.91493;[0.6965];[-0.2535];8181.49777;1;0;[0.6812];[-0.2688];8130.43226;100),(128808.59208;[0.6239];[-0.3261];7680.48285;1;0;[0.6154];[-0.3346];7637.19078;100),(130205.66320;[0.6136];[-0.3364];9507.87407;1;0;[0.6016];[-0.3484];9383.49289;100),(130892.80176;[0.6633];[-0.2867];9083.40714;1;0;[0.6534];[-0.2966];8982.85590;100),(131563.83157;[0.7009];[-0.2491];8627.65201;1;0;[0.6876];[-0.2624];8558.87224;100),(132880.15437;[0.6965];[-0.2535];8181.49777;1;0;[0.6812];[-0.2688];8130.43226;100),(134658.05125;[0.5981];[-0.3519];7509.76344;1;0;[0.5863];[-0.3637];7470.22878;100),(135536.44180;[0.6136];[-0.3364];9507.87407;1;0;[0.6016];[-0.3484];9383.49289;100),(136305.39680;[0.6633];[-0.2867];9083.40714;1;0;[0.6534];[-0.2966];8982.85590;100),(136969.67554;[0.7012];[-0.2488];8656.21381;1;0;[0.6859];[-0.2641];8585.60041;100),(137767.72618;[0.7];[-0.25];8380.78148;1;0;[0.6853];[-0.2647];8322.24765;100),(138585.14571;[0.6723];[-0.2777];8027.62970;1;0;[0.6604];[-0.2896];7978.30358;100),(139023.42772;[0.6543];[-0.2957];7872.56359;1;0;[0.6443];[-0.3057];7826.70914;100),(139384.76205;[0.6277];[-0.3223];7699.25965;1;0;[0.6192];[-0.3308];7656.12942;100),(139871.45901;[0.626];[-0.324];7688.41538;1;0;[0.6182];[-0.3318];7645.34374;100),(140375.08702;[0.6251];[-0.3249];7684.53033;1;0;[0.6168];[-0.3332];7641.37309;100),(140839.27345;[0.6251];[-0.3249];7684.53033;1;0;[0.6168];[-0.3332];7641.37309;100),(141994.51542;[0.6252];[-0.3248];9451.89772;1;0;[0.6113];[-0.3387];9331.93033;100),(143603.52826;[0.6682];[-0.2818];9070.46411;1;0;[0.6568];[-0.2932];8973.83026;100),(144418.64347;[0.7003];[-0.2497];8628.63050;1;0;[0.6875];[-0.2625];8559.70023;100),(145160.81166;[0.6941];[-0.2559];8277.19601;1;0;[0.68];[-0.27];8221.61107;100),(145775.49434;[0.6251];[-0.3249];7684.53033;1;0;[0.6168];[-0.3332];7641.37309;100),(147503.22008;[0.6252];[-0.3248];9451.89772;1;0;[0.6113];[-0.3387];9331.93033;100),(148488.59715;[0.6682];[-0.2818];9070.46411;1;0;[0.6568];[-0.2932];8973.83026;100),(149419.05189;[0.7003];[-0.2497];8628.63050;1;0;[0.6875];[-0.2625];8559.70023;100),(150269.44757;[0.6941];[-0.2559];8277.19601;1;0;[0.68];[-0.27];8221.61107;100),(151499.32098;[0.6251];[-0.3249];7684.53033;1;0;[0.6168];[-0.3332];7641.37309;100),(152904.05393;[0.6252];[-0.3248];9451.89772;1;0;[0.6113];[-0.3387];9331.93033;100),(153881.66595;[0.6682];[-0.2818];9070.46411;1;0;[0.6568];[-0.2932];8973.83026;100),(154527.37594;[0.7003];[-0.2497];8628.63050;1;0;[0.6875];[-0.2625];8559.70023;100),(155532.67217;[0.6941];[-0.2559];8277.19601;1;0;[0.68];[-0.27];8221.61107;100),(155933.21347;[0.6725];[-0.2775];8025.39545;1;0;[0.6606];[-0.2894];7976.17996;100),(156255.13315;[0.6544];[-0.2956];7872.61217;1;0;[0.645];[-0.305];7826.87514;100),(156896.54946;[0.6515];[-0.2985];7862.89121;1;0;[0.6421];[-0.3079];7816.91337;100),(157467.81373;[0.6515];[-0.2985];7862.89121;1;0;[0.6421];[-0.3079];7816.91337;100),(157747.24436;[0.6504];[-0.2996];7859.69933;1;0;[0.6416];[-0.3084];7813.64102;100),(158001.69134;[0.6504];[-0.2996];7859.69933;1;0;[0.6416];[-0.3084];7813.64102;100),(158255.45025;[0.6504];[-0.2996];7859.69933;1;0;[0.6416];[-0.3084];7813.64102;100),(159368.37673;[0.6431];[-0.3069];9367.07835;1;0;[0.6304];[-0.3196];9257.78980;100),(160069.24677;[0.6801];[-0.2699];9021.54767;1;0;[0.6667];[-0.2833];8927.86952;100),(160975.16227;[0.6982];[-0.2518];8494.65039;1;0;[0.6841];[-0.2659];8431.72348;100),(162270.96701;[0.6852];[-0.2648];8158.40411;1;0;[0.6727];[-0.2773];8106.01505;100),(162691.14876;[0.6703];[-0.2797];8016.92120;1;0;[0.659];[-0.291];7967.52231;100),(163118.85715;[0.6543];[-0.2957];7872.56359;1;0;[0.6443];[-0.3057];7826.70914;100),(163478.00756;[0.6515];[-0.2985];7862.89121;1;0;[0.6421];[-0.3079];7816.91337;100),(163986.79328;[0.6504];[-0.2996];7859.69933;1;0;[0.6416];[-0.3084];7813.64102;100),(164468.49608;[0.6504];[-0.2996];7859.69933;1;0;[0.6416];[-0.3084];7813.64102;100),(165634.49430;[0.6331];[-0.3169];9381.00037;1;0;[0.6218];[-0.3282];9266.10462;100),(166516.83784;[0.6801];[-0.2699];9021.54767;1;0;[0.6667];[-0.2833];8927.86952;100),(167263.37314;[0.7003];[-0.2497];8620.48363;1;0;[0.6868];[-0.2632];8551.68625;100),(168091.66741;[0.6852];[-0.2648];8159.84624;1;0;[0.6724];[-0.2776];8107.39061;100),(168659.62338;[0.6718];[-0.2782];8020.52430;1;0;[0.66];[-0.29];7971.37681;100),(169039.61253;[0.6543];[-0.2957];7872.56359;1;0;[0.6443];[-0.3057];7826.70914;100),(169347.67485;[0.6515];[-0.2985];7862.89121;1;0;[0.6421];[-0.3079];7816.91337;100),(169786.52453;[0.6504];[-0.2996];7859.69933;1;0;[0.6416];[-0.3084];7813.64102;100),(170286.40175;[0.6504];[-0.2996];7859.69933;1;0;[0.6416];[-0.3084];7813.64102;100),(170544.96551;[0.6504];[-0.2996];7859.69933;1;0;[0.6416];[-0.3084];7813.64102;100),(171202.26479;[0.6311];[-0.3189];9369.80818;1;0;[0.6213];[-0.3287];9250.99597;100),(171790.72952;[0.6836];[-0.2664];9001.16843;1;0;[0.6693];[-0.2807];8908.85346;100),(172628.19529;[0.7016];[-0.2484];8541.50436;1;0;[0.6899];[-0.2601];8477.71257;100),(173196.33603;[0.6504];[-0.2996];7859.69933;1;0;[0.6416];[-0.3084];7813.64102;100),(173918.45417;[0.6504];[-0.2996];7859.69933;1;0;[0.6416];[-0.3084];7813.64102;100),(174503.22127;[0.6311];[-0.3189];9369.80818;1;0;[0.6213];[-0.3287];9250.99597;100),(175296.51165;[0.6836];[-0.2664];9001.16843;1;0;[0.6693];[-0.2807];8908.85346;100),(176089.23197;[0.7016];[-0.2484];8541.50436;1;0;[0.6899];[-0.2601];8477.71257;100),(176695.55736;[0.6504];[-0.2996];7859.69933;1;0;[0.6416];[-0.3084];7813.64102;100),(178417.01436;[0.6377];[-0.3123];9325.28442;1;0;[0.6266];[-0.3234];9212.19284;100),(179025.65956;[0.6898];[-0.2602];8952.65572;1;0;[0.6754];[-0.2746];8864.53839;100),(179589.49232;[0.7019];[-0.2481];8469.33480;1;0;[0.6881];[-0.2619];8408.20300;100),(180748.44408;[0.6853];[-0.2647];8160.52109;1;0;[0.6727];[-0.2773];8108.01908;100),(181123.74926;[0.6729];[-0.2771];8024.64281;1;0;[0.6609];[-0.2891];7975.53048;100),(181480.14665;[0.6544];[-0.2956];7872.61217;1;0;[0.645];[-0.305];7826.87514;100),(181878.78275;[0.6515];[-0.2985];7862.89121;1;0;[0.6421];[-0.3079];7816.91337;100),(182205.03473;[0.6515];[-0.2985];7862.89121;1;0;[0.6421];[-0.3079];7816.91337;100),(182510.44607;[0.6504];[-0.2996];7859.69933;1;0;[0.6416];[-0.3084];7813.64102;100),(183697.09134;[0.6377];[-0.3123];9325.28442;1;0;[0.6266];[-0.3234];9212.19284;100),(184632.34448;[0.6838];[-0.2662];9001.39290;1;0;[0.6695];[-0.2805];8909.14647;100),(185664.54840;[0.6995];[-0.2505];8543.92747;1;0;[0.6863];[-0.2637];8477.80133;100),(186339.98370;[0.6923];[-0.2577];8162.92228;1;0;[0.6778];[-0.2722];8111.69602;100),(186720.03913;[0.673];[-0.277];8025.53284;1;0;[0.661];[-0.289];7976.47174;100),(187062.58535;[0.6714];[-0.2786];8018.83808;1;0;[0.6598];[-0.2902];7969.62017;100),(187567.45100;[0.6515];[-0.2985];7862.89121;1;0;[0.6421];[-0.3079];7816.91337;100),(187932.91283;[0.6515];[-0.2985];7862.89121;1;0;[0.6421];[-0.3079];7816.91337;100),(188334.26404;[0.6504];[-0.2996];7859.69933;1;0;[0.6416];[-0.3084];7813.64102;100),(188617.74755;[0.6504];[-0.2996];7859.69933;1;0;[0.6416];[-0.3084];7813.64102;100),(188908.16903;[0.6504];[-0.2996];7859.69933;1;0;[0.6416];[-0.3084];7813.64102;100),(189771.08955;[0.651];[-0.299];9280.56187;1;0;[0.6419];[-0.3081];9174.83305;100),(190689.00371;[0.6941];[-0.2559];8925.17088;1;0;[0.6793];[-0.2707];8840.00857;100),(191352.42081;[0.7055];[-0.2445];8474.42766;1;0;[0.6942];[-0.2558];8414.48074;100),(191911.97538;[0.6504];[-0.2996];7859.69933;1;0;[0.6416];[-0.3084];7813.64102;100),(192737.51569;[0.6504];[-0.2996];7859.69933;1;0;[0.6416];[-0.3084];7813.64102;100),(193892.12847;[0.651];[-0.299];9280.56187;1;0;[0.6419];[-0.3081];9174.83305;100),(194580.74164;[0.694];[-0.256];8924.95903;1;0;[0.6793];[-0.2707];8839.84520;100),(195295.12978;[0.7055];[-0.2445];8474.42766;1;0;[0.6942];[-0.2558];8414.48074;100),(195864.41088;[0.6504];[-0.2996];7859.69933;1;0;[0.6416];[-0.3084];7813.64102;100),(197022.07947;[0.6499];[-0.3001];9268.96266;1;0;[0.6405];[-0.3095];9161.93195;100),(197901.54862;[0.6941];[-0.2559];8925.17088;1;0;[0.6793];[-0.2707];8840.00857;100),(198780.86901;[0.7055];[-0.2445];8474.42766;1;0;[0.6942];[-0.2558];8414.48074;100),(200105.06415;[0.6939];[-0.2561];8171.57975;1;0;[0.6789];[-0.2711];8120.40692;100),(200501.52493;[0.673];[-0.277];8025.53284;1;0;[0.661];[-0.289];7976.47174;100),(200931.20861;[0.6718];[-0.2782];8020.52430;1;0;[0.66];[-0.29];7971.37681;100),(201313.52329;[0.6515];[-0.2985];7862.89121;1;0;[0.6421];[-0.3079];7816.91337;100),(201756.90246;[0.6504];[-0.2996];7859.69933;1;0;[0.6416];[-0.3084];7813.64102;100),(202263.99493;[0.6504];[-0.2996];7859.69933;1;0;[0.6416];[-0.3084];7813.64102;100),(202611.24563;[0.6504];[-0.2996];7859.69933;1;0;[0.6416];[-0.3084];7813.64102;100),(203296.55528;[0.6499];[-0.3001];9269.86535;1;0;[0.6402];[-0.3098];9162.67083;100),(204340.18970;[0.6936];[-0.2564];8926.35252;1;0;[0.6788];[-0.2712];8840.95842;100),(205223.84763;[0.7061];[-0.2439];8479.42626;1;0;[0.6946];[-0.2554];8419.48320;100),(206121.09351;[0.6504];[-0.2996];7859.69933;1;0;[0.6416];[-0.3084];7813.64102;100),(206896.71969;[0.6504];[-0.2996];7859.69933;1;0;[0.6416];[-0.3084];7813.64102;100),(207867.01512;[0.6506];[-0.2994];9236.60772;1;0;[0.6406];[-0.3094];9128.77303;100),(208567.90257;[0.6936];[-0.2564];8926.35252;1;0;[0.6788];[-0.2712];8840.95842;100),(209543.00261;[0.7061];[-0.2439];8479.42626;1;0;[0.6946];[-0.2554];8419.48320;100),(210057.27196;[0.6504];[-0.2996];7859.69933;1;0;[0.6416];[-0.3084];7813.64102;100),(211707.30209;[0.6506];[-0.2994];9236.60772;1;0;[0.6406];[-0.3094];9128.77303;100),(212818.79401;[0.6936];[-0.2564];8926.35252;1;0;[0.6788];[-0.2712];8840.95842;100),(213731.25577;[0.7061];[-0.2439];8479.42626;1;0;[0.6946];[-0.2554];8419.48320;100),(214852.90337;[0.6934];[-0.2566];8271.74252;1;0;[0.6792];[-0.2708];8216.01949;100),(215258.85439;[0.6723];[-0.2777];8027.62970;1;0;[0.6604];[-0.2896];7978.30358;100),(215611.11832;[0.6725];[-0.2775];8025.39545;1;0;[0.6606];[-0.2894];7976.17996;100),(215935.17923;[0.6718];[-0.2782];8020.52430;1;0;[0.66];[-0.29];7971.37681;100),(216652.76766;[0.6688];[-0.2812];8007.24433;1;0;[0.6572];[-0.2928];7957.89434;100),(218367.25521;[0.654];[-0.296];9215.80890;1;0;[0.6434];[-0.3066];9109.33506;100),(219040.76743;[0.6966];[-0.2534];8901.94633;1;0;[0.6828];[-0.2672];8818.28656;100),(220148.05651;[0.6978];[-0.2522];8491.85102;1;0;[0.6832];[-0.2668];8428.80877;100),(221483.35600;[0.6941];[-0.2559];8277.19601;1;0;[0.68];[-0.27];8221.61107;100),(221879.91047;[0.6839];[-0.2661];8149.71499;1;0;[0.6705];[-0.2795];8097.18923;100),(222592.53001;[0.673];[-0.277];8025.53284;1;0;[0.661];[-0.289];7976.47174;100),(223150.56157;[0.6718];[-0.2782];8020.52430;1;0;[0.66];[-0.29];7971.37681;100),(223668.45775;[0.6714];[-0.2786];8018.83808;1;0;[0.6598];[-0.2902];7969.62017;100),(224122.62893;[0.6714];[-0.2786];8018.83808;1;0;[0.6598];[-0.2902];7969.62017;100),(224593.71972;[0.6703];[-0.2797];8016.92120;1;0;[0.659];[-0.291];7967.52231;100),(225424.44015;[0.6704];[-0.2796];8015.90974;1;0;[0.659];[-0.291];7966.61754;100),(226321.88845;[0.6635];[-0.2865];9187.87561;1;0;[0.6524];[-0.2976];9089.94794;100),(227219.06734;[0.6966];[-0.2534];8901.94633;1;0;[0.6828];[-0.2672];8818.28656;100),(228120.89539;[0.7092];[-0.2408];8487.70367;1;0;[0.6971];[-0.2529];8428.38309;100),(229713.32169;[0.6948];[-0.2552];8278.42266;1;0;[0.6811];[-0.2689];8223.03617;100),(230162.47296;[0.6848];[-0.2652];8155.66065;1;0;[0.6718];[-0.2782];8103.19289;100),(230571.67745;[0.673];[-0.277];8025.53284;1;0;[0.661];[-0.289];7976.47174;100),(231142.96651;[0.6718];[-0.2782];8020.52430;1;0;[0.66];[-0.29];7971.37681;100),(231583.95553;[0.6714];[-0.2786];8018.83808;1;0;[0.6598];[-0.2902];7969.62017;100),(231996.24085;[0.6704];[-0.2796];8015.90974;1;0;[0.659];[-0.291];7966.61754;100),(234072.08514;[0.6696];[-0.2804];9146.61586;1;0;[0.6574];[-0.2926];9051.09694;100),(234850.85058;[0.7007];[-0.2493];8877.04755;1;0;[0.6855];[-0.2645];8795.18306;100),(235627.58183;[0.7018];[-0.2482];8465.23920;1;0;[0.6876];[-0.2624];8404.09573;100),(239497.23983;[0.6696];[-0.2804];9146.61586;1;0;[0.6574];[-0.2926];9051.09694;100),(240016.55006;[0.6942];[-0.2558];8923.37262;1;0;[0.6798];[-0.2702];8838.34181;100),(240726.79973;[0.7008];[-0.2492];8535.70485;1;0;[0.689];[-0.261];8471.87803;100),(241370.57328;[0.6948];[-0.2552];8278.42266;1;0;[0.6811];[-0.2689];8223.03617;100),(241807.20711;[0.6851];[-0.2649];8157.91443;1;0;[0.6724];[-0.2776];8105.52127;100),(242261.64389;[0.673];[-0.277];8025.53284;1;0;[0.661];[-0.289];7976.47174;100),(242851.15719;[0.6718];[-0.2782];8020.52430;1;0;[0.66];[-0.29];7971.37681;100),(243161.57913;[0.6714];[-0.2786];8018.83808;1;0;[0.6598];[-0.2902];7969.62017;100),(243534.54375;[0.6714];[-0.2786];8018.83808;1;0;[0.6598];[-0.2902];7969.62017;100),(244044.77763;[0.6703];[-0.2797];8016.92120;1;0;[0.659];[-0.291];7967.52231;100),(244334.08117;[0.6703];[-0.2797];8016.92120;1;0;[0.659];[-0.291];7967.52231;100),(244693.36557;[0.6704];[-0.2796];8015.90974;1;0;[0.659];[-0.291];7966.61754;100),(245749.53222;[0.6949];[-0.2551];9085.84109;1;0;[0.6824];[-0.2676];9002.76077;100),(246556.35095;[0.7007];[-0.2493];8690.25668;1;0;[0.6855];[-0.2645];8617.23844;100),(247906.93903;[0.7019];[-0.2481];8468.00405;1;0;[0.6877];[-0.2623];8406.81761;100),(248836.77936;[0.6704];[-0.2796];8015.90974;1;0;[0.659];[-0.291];7966.61754;100),(250827.79169;[0.6949];[-0.2551];9085.84109;1;0;[0.6824];[-0.2676];9002.76077;100),(251563.33303;[0.7007];[-0.2493];8690.25668;1;0;[0.6855];[-0.2645];8617.23844;100),(252558.46453;[0.7019];[-0.2481];8468.00405;1;0;[0.6877];[-0.2623];8406.81761;100),(254141.73651;[0.6703];[-0.2797];8016.92120;1;0;[0.659];[-0.291];7967.52231;100),(255502.59471;[0.6949];[-0.2551];9085.84109;1;0;[0.6824];[-0.2676];9002.76077;100),(256072.33691;[0.7007];[-0.2493];8877.04755;1;0;[0.6855];[-0.2645];8795.18306;100),(256741.33396;[0.7017];[-0.2483];8541.17414;1;0;[0.69];[-0.26];8477.48889;100),(257526.47161;[0.6941];[-0.2559];8279.68869;1;0;[0.6801];[-0.2699];8223.99624;100),(258058.27498;[0.6852];[-0.2648];8158.40411;1;0;[0.6727];[-0.2773];8106.01505;100),(258415.13610;[0.673];[-0.277];8025.53284;1;0;[0.661];[-0.289];7976.47174;100),(259130.30052;[0.6718];[-0.2782];8020.52430;1;0;[0.66];[-0.29];7971.37681;100),(259573.89045;[0.6714];[-0.2786];8018.83808;1;0;[0.6598];[-0.2902];7969.62017;100),(259964.25819;[0.6703];[-0.2797];8016.92120;1;0;[0.659];[-0.291];7967.52231;100),(260767.62438;[0.6704];[-0.2796];8015.90974;1;0;[0.659];[-0.291];7966.61754;100),(261793.88165;[0.6679];[-0.2821];9066.92663;1;0;[0.656];[-0.294];8967.99102;100),(262701.97129;[0.6975];[-0.2525];8652.69619;1;0;[0.6835];[-0.2665];8581.96554;100),(263994.92741;[0.6998];[-0.2502];8285.43005;1;0;[0.686];[-0.264];8231.12718;100),(264576.11585;[0.6852];[-0.2648];8159.84624;1;0;[0.6724];[-0.2776];8107.39061;100),(265121.23084;[0.6839];[-0.2661];8149.71499;1;0;[0.6705];[-0.2795];8097.18923;100),(265594.65957;[0.6718];[-0.2782];8020.52430;1;0;[0.66];[-0.29];7971.37681;100),(266031.94594;[0.6714];[-0.2786];8018.83808;1;0;[0.6598];[-0.2902];7969.62017;100),(266493.01291;[0.6714];[-0.2786];8018.83808;1;0;[0.6598];[-0.2902];7969.62017;100),(266828.54843;[0.6714];[-0.2786];8018.83808;1;0;[0.6598];[-0.2902];7969.62017;100),(267376.01018;[0.6703];[-0.2797];8016.92120;1;0;[0.659];[-0.291];7967.52231;100),(267990.78727;[0.6704];[-0.2796];8015.90974;1;0;[0.659];[-0.291];7966.61754;100),(268903.52869;[0.672];[-0.278];9041.80251;1;0;[0.6597];[-0.2903];8945.81447;100),(269537.26625;[0.7003];[-0.2497];8628.63050;1;0;[0.6875];[-0.2625];8559.70023;100),(270610.72659;[0.6704];[-0.2796];8015.90974;1;0;[0.659];[-0.291];7966.61754;100),(271789.47020;[0.6704];[-0.2796];8015.90974;1;0;[0.659];[-0.291];7966.61754;100),(272632.65157;[0.6753];[-0.2747];9040.17564;1;0;[0.6631];[-0.2869];8945.07071;100),(273323.57049;[0.7003];[-0.2497];8628.63050;1;0;[0.6875];[-0.2625];8559.70023;100),(274904.97923;[0.6704];[-0.2796];8015.90974;1;0;[0.659];[-0.291];7966.61754;100),(276409.30605;[0.6753];[-0.2747];9040.17564;1;0;[0.6631];[-0.2869];8945.07071;100),(277019.35601;[0.7003];[-0.2497];8628.63050;1;0;[0.6875];[-0.2625];8559.70023;100),(278026.69668;[0.7002];[-0.2498];8380.44000;1;0;[0.6852];[-0.2648];8321.89961;100),(278572.15786;[0.6856];[-0.2644];8160.74694;1;0;[0.673];[-0.277];8108.34112;100),(279120.58926;[0.6851];[-0.2649];8157.91443;1;0;[0.6724];[-0.2776];8105.52127;100),(279649.79291;[0.6718];[-0.2782];8020.52430;1;0;[0.66];[-0.29];7971.37681;100),(280056.37860;[0.6714];[-0.2786];8018.83808;1;0;[0.6598];[-0.2902];7969.62017;100),(280520.26701;[0.6714];[-0.2786];8018.83808;1;0;[0.6598];[-0.2902];7969.62017;100),(281562.54411;[0.6704];[-0.2796];8015.90974;1;0;[0.659];[-0.291];7966.61754;100),(282488.27839;[0.6801];[-0.2699];9020.65355;1;0;[0.6667];[-0.2833];8926.97414;100),(283495.14556;[0.7003];[-0.2497];8628.63050;1;0;[0.6875];[-0.2625];8559.70023;100),(284313.04026;[0.7];[-0.25];8380.78148;1;0;[0.6853];[-0.2647];8322.24765;100),(285481.73118;[0.6856];[-0.2644];8160.74694;1;0;[0.673];[-0.277];8108.34112;100),(285991.77122;[0.6852];[-0.2648];8158.40411;1;0;[0.6727];[-0.2773];8106.01505;100),(286264.75644;[0.6851];[-0.2649];8157.91443;1;0;[0.6724];[-0.2776];8105.52127;100),(286671.44728;[0.6839];[-0.2661];8149.71499;1;0;[0.6705];[-0.2795];8097.18923;100),(287049.36671;[0.6839];[-0.2661];8149.71499;1;0;[0.6705];[-0.2795];8097.18923;100),(287393.06760;[0.6714];[-0.2786];8018.83808;1;0;[0.6598];[-0.2902];7969.62017;100),(287936.85842;[0.6714];[-0.2786];8018.83808;1;0;[0.6598];[-0.2902];7969.62017;100),(288899.44625;[0.6898];[-0.2602];8994.92334;1;0;[0.6752];[-0.2748];8905.60757;100),(289644.58823;[0.7076];[-0.2424];8568.68959;1;0;[0.6936];[-0.2564];8503.99357;100),(290797.15228;[0.6998];[-0.2502];8382.34405;1;0;[0.6852];[-0.2648];8323.69811;100),(291412.83870;[0.6942];[-0.2558];8275.21028;1;0;[0.6803];[-0.2697];8219.78916;100),(291754.33326;[0.6848];[-0.2652];8155.66065;1;0;[0.6718];[-0.2782];8103.19289;100),(292273.32091;[0.6839];[-0.2661];8149.71499;1;0;[0.6705];[-0.2795];8097.18923;100),(292592.38577;[0.6839];[-0.2661];8149.71499;1;0;[0.6705];[-0.2795];8097.18923;100),(293016.92080;[0.6839];[-0.2661];8149.71499;1;0;[0.6705];[-0.2795];8097.18923;100),(294072.41082;[0.6906];[-0.2594];8951.36256;1;0;[0.676];[-0.274];8863.64747;100),(294933.58827;[0.708];[-0.242];8572.10098;1;0;[0.6946];[-0.2554];8507.56682;100),(295571.32721;[0.6839];[-0.2661];8149.71499;1;0;[0.6705];[-0.2795];8097.18923;100),(296461.77292;[0.6839];[-0.2661];8149.71499;1;0;[0.6705];[-0.2795];8097.18923;100),(297193.36677;[0.6906];[-0.2594];8951.36256;1;0;[0.676];[-0.274];8863.64747;100),(298080.18303;[0.708];[-0.242];8572.10098;1;0;[0.6946];[-0.2554];8507.56682;100),(298690.34362;[0.6839];[-0.2661];8149.71499;1;0;[0.6705];[-0.2795];8097.18923;100),(299480.03316;[0.6839];[-0.2661];8149.71499;1;0;[0.6705];[-0.2795];8097.18923;100),(300529.85930;[0.694];[-0.256];8924.95903;1;0;[0.6793];[-0.2707];8839.84520;100),(301142.41791;[0.7087];[-0.2413];8487.58344;1;0;[0.6964];[-0.2536];8428.08969;100),(301789.88266;[0.6839];[-0.2661];8149.71499;1;0;[0.6705];[-0.2795];8097.18923;100),(302607.51748;[0.6839];[-0.2661];8149.71499;1;0;[0.6705];[-0.2795];8097.18923;100),(303225.54350;[0.694];[-0.256];8924.95903;1;0;[0.6793];[-0.2707];8839.84520;100),(303874.15791;[0.7087];[-0.2413];8487.58344;1;0;[0.6964];[-0.2536];8428.08969;100),(304460.30617;[0.6839];[-0.2661];8149.71499;1;0;[0.6705];[-0.2795];8097.18923;100),(305320.10984;[0.6839];[-0.2661];8149.71499;1;0;[0.6705];[-0.2795];8097.18923;100),(307071.23733;[0.704];[-0.246];8889.56986;1;0;[0.6887];[-0.2613];8809.29344;100),(307818.33792;[0.7087];[-0.2413];8487.58344;1;0;[0.6964];[-0.2536];8428.08969;100),(308519.28234;[0.6839];[-0.2661];8149.71499;1;0;[0.6705];[-0.2795];8097.18923;100),(309326.97678;[0.6839];[-0.2661];8149.71499;1;0;[0.6705];[-0.2795];8097.18923;100),(310216.22968;[0.704];[-0.246];8889.56986;1;0;[0.6887];[-0.2613];8809.29344;100),(310971.68279;[0.7087];[-0.2413];8487.58344;1;0;[0.6964];[-0.2536];8428.08969;100),(311516.75916;[0.6839];[-0.2661];8149.71499;1;0;[0.6705];[-0.2795];8097.18923;100),(312280.16639;[0.6839];[-0.2661];8149.71499;1;0;[0.6705];[-0.2795];8097.18923;100),(313270.64991;[0.7007];[-0.2493];8690.25668;1;0;[0.6855];[-0.2645];8617.23844;100),(314147.22872;[0.7035];[-0.2465];8383.57209;1;0;[0.6898];[-0.2602];8326.16838;100),(314659.20520;[0.6943];[-0.2557];8278.64637;1;0;[0.6804];[-0.2696];8223.11412;100),(314944.89694;[0.6851];[-0.2649];8157.91443;1;0;[0.6724];[-0.2776];8105.52127;100),(315345.72697;[0.6839];[-0.2661];8149.71499;1;0;[0.6705];[-0.2795];8097.18923;100),(315837.18562;[0.6839];[-0.2661];8149.71499;1;0;[0.6705];[-0.2795];8097.18923;100),(316869.65895;[0.6975];[-0.2525];8652.69619;1;0;[0.6835];[-0.2665];8581.96554;100),(318436.90515;[0.7042];[-0.2458];8391.11035;1;0;[0.6906];[-0.2594];8333.68618;100),(318942.68060;[0.6948];[-0.2552];8278.42266;1;0;[0.6811];[-0.2689];8223.03617;100),(319250.51427;[0.6851];[-0.2649];8157.91443;1;0;[0.6724];[-0.2776];8105.52127;100),(319690.67407;[0.6839];[-0.2661];8149.71499;1;0;[0.6705];[-0.2795];8097.18923;100),(320057.61981;[0.6839];[-0.2661];8149.71499;1;0;[0.6705];[-0.2795];8097.18923;100),(320420.40062;[0.6839];[-0.2661];8149.71499;1;0;[0.6705];[-0.2795];8097.18923;100),(321035.83455;[0.7003];[-0.2497];8628.63050;1;0;[0.6875];[-0.2625];8559.70023;100),(321885.78987;[0.6839];[-0.2661];8149.71499;1;0;[0.6705];[-0.2795];8097.18923;100),(323219.82050;[0.7018];[-0.2482];8627.18956;1;0;[0.6881];[-0.2619];8558.65856;100),(324239.28881;[0.7019];[-0.2481];8466.67766;1;0;[0.6881];[-0.2619];8405.60352;100),(324690.92083;[0.699];[-0.251];8373.70377;1;0;[0.6845];[-0.2655];8315.03057;100),(325078.76182;[0.6851];[-0.2649];8157.91443;1;0;[0.6724];[-0.2776];8105.52127;100),(325540.96079;[0.6851];[-0.2649];8157.91443;1;0;[0.6724];[-0.2776];8105.52127;100),(326039.06822;[0.6839];[-0.2661];8149.71499;1;0;[0.6705];[-0.2795];8097.18923;100),(326460.18577;[0.6839];[-0.2661];8149.71499;1;0;[0.6705];[-0.2795];8097.18923;100),(326820.87398;[0.6839];[-0.2661];8149.71499;1;0;[0.6705];[-0.2795];8097.18923;100),(327273.99611;[0.6839];[-0.2661];8149.71499;1;0;[0.6705];[-0.2795];8097.18923;100),(328008.29649;[0.7014];[-0.2486];8542.37191;1;0;[0.6898];[-0.2602];8478.52412;100),(328573.97294;[0.6839];[-0.2661];8149.71499;1;0;[0.6705];[-0.2795];8097.18923;100),(329702.92306;[0.7019];[-0.2481];8469.33480;1;0;[0.6881];[-0.2619];8408.20300;100),(330289.49881;[0.7002];[-0.2498];8380.44000;1;0;[0.6852];[-0.2648];8321.89961;100),(330719.86365;[0.6941];[-0.2559];8274.88864;1;0;[0.6801];[-0.2699];8219.41839;100),(331199.23925;[0.6839];[-0.2661];8149.71499;1;0;[0.6705];[-0.2795];8097.18923;100),(331728.56617;[0.6839];[-0.2661];8149.71499;1;0;[0.6705];[-0.2795];8097.18923;100),(332010.59341;[0.6839];[-0.2661];8149.71499;1;0;[0.6705];[-0.2795];8097.18923;100),(332292.06085;[0.6839];[-0.2661];8149.71499;1;0;[0.6705];[-0.2795];8097.18923;100),(332963.58299;[0.6839];[-0.2661];8149.71499;1;0;[0.6705];[-0.2795];8097.18923;100),(336673.30718;[0.5675];[-0.3825];9707.79820;1;0;[0.5565];[-0.3935];9607.69630;200),(338237.90097;[0.5675];[-0.3825];9707.79820;1;0;[0.5565];[-0.3935];9607.69630;200),(339629.38118;[0.5675];[-0.3825];9707.79820;1;0;[0.5565];[-0.3935];9607.69630;200),(341086.18879;[0.5675];[-0.3825];9707.79820;1;0;[0.5565];[-0.3935];9607.69630;200),(342239.12191;[0.5675];[-0.3825];9707.79820;1;0;[0.5565];[-0.3935];9607.69630;200),(343647.23682;[0.5711];[-0.3789];9700.25030;1;0;[0.5595];[-0.3905];9601.16833;200),(343964.44297;[0.6939];[-0.2561];8273.98352;1;0;[0.6796];[-0.2704];8218.33685;200),(344392.78293;[0.5053];[-0.4447];7099.27480;1;0;[0.4978];[-0.4522];7066.62731;200),(344988.96837;[0.3442];[-0.6058];6619.97820;1;0;[0.3418];[-0.6082];6594.56761;200),(345288.17916;[0.3431];[-0.6069];6611.55452;1;0;[0.3392];[-0.6108];6585.96412;200),(345717.25798;[0.3412];[-0.6088];6605.53909;1;0;[0.3378];[-0.6122];6579.87582;200),(346182.58762;[0.337];[-0.613];6589.87363;1;0;[0.3342];[-0.6158];6564.14933;200),(348049.51787;[0.5675];[-0.3825];9707.79820;1;0;[0.5565];[-0.3935];9607.69630;200),(349590.12818;[0.6304];[-0.3196];9352.73718;1;0;[0.6195];[-0.3305];9231.12942;200),(350774.13940;[0.6972];[-0.2528];8901.55561;1;0;[0.683];[-0.267];8818.08094;200),(352008.37469;[0.6907];[-0.2593];8304.37222;1;0;[0.6752];[-0.2748];8247.04416;200),(353115.15212;[0.6031];[-0.3469];7529.39183;1;0;[0.5917];[-0.3583];7490.12163;200),(356488.26456;[0.5675];[-0.3825];9707.79820;1;0;[0.5565];[-0.3935];9607.69630;200),(357821.10476;[0.6342];[-0.3158];9355.65701;1;0;[0.6232];[-0.3268];9237.78206;200),(358786.58462;[0.6976];[-0.2524];8945.63946;1;0;[0.6832];[-0.2668];8861.07495;200),(359824.55897;[0.7019];[-0.2481];8469.34955;1;0;[0.6875];[-0.2625];8408.01301;200),(360935.65536;[0.664];[-0.286];7894.64590;1;0;[0.6531];[-0.2969];7850.04701;200),(362100.33512;[0.5569];[-0.3931];7302.70195;1;0;[0.5438];[-0.4062];7266.33669;200),(362502.15292;[0.5047];[-0.4453];7095.86295;1;0;[0.4973];[-0.4527];7063.13654;200),(362917.43827;[0.4306];[-0.5194];6855.26162;1;0;[0.4251];[-0.5249];6826.20286;200),(363294.21830;[0.3443];[-0.6057];6619.82191;1;0;[0.3418];[-0.6082];6594.39567;200),(363730.04031;[0.3412];[-0.6088];6605.53909;1;0;[0.3378];[-0.6122];6579.87582;200),(364590.63363;[0.3412];[-0.6088];6605.53909;1;0;[0.3378];[-0.6122];6579.87582;200),(366016.10875;[0.5711];[-0.3789];9700.25030;1;0;[0.5595];[-0.3905];9601.16833;200),(367420.64333;[0.6443];[-0.3057];9311.33054;1;0;[0.634];[-0.316];9204.09593;200),(368501.02568;[0.7016];[-0.2484];8918.90389;1;0;[0.686];[-0.264];8836.98621;200),(369764.18853;[0.6945];[-0.2555];8405.28217;1;0;[0.6817];[-0.2683];8344.77734;200),(370819.07535;[0.6515];[-0.2985];7862.89121;1;0;[0.6421];[-0.3079];7816.91337;200),(372041.27288;[0.3412];[-0.6088];6605.53909;1;0;[0.3378];[-0.6122];6579.87582;200),(374666.09669;[0.5711];[-0.3789];9700.25030;1;0;[0.5595];[-0.3905];9601.16833;200),(376020.73956;[0.6443];[-0.3057];9311.33054;1;0;[0.634];[-0.316];9204.09593;200),(376931.51546;[0.7016];[-0.2484];8918.90389;1;0;[0.686];[-0.264];8836.98621;200),(377993.80279;[0.6945];[-0.2555];8405.28217;1;0;[0.6817];[-0.2683];8344.77734;200),(378908.69832;[0.6515];[-0.2985];7862.89121;1;0;[0.6421];[-0.3079];7816.91337;200),(381220.65639;[0.5606];[-0.3894];7321.68156;1;0;[0.5487];[-0.4013];7285.32146;200),(381778.86939;[0.5072];[-0.4428];7106.01088;1;0;[0.4991];[-0.4509];7073.22403;200),(382128.49379;[0.4309];[-0.5191];6856.27116;1;0;[0.4253];[-0.5247];6827.09048;200),(382896.05403;[0.4253];[-0.5247];6838.16681;1;0;[0.4209];[-0.5291];6808.90955;200),(383178.56145;[0.3437];[-0.6063];6616.30939;1;0;[0.3405];[-0.6095];6590.80308;200),(383513.54766;[0.3431];[-0.6069];6611.55452;1;0;[0.3392];[-0.6108];6585.96412;200),(383788.25450;[0.3431];[-0.6069];6611.55452;1;0;[0.3392];[-0.6108];6585.96412;200),(384199.47577;[0.3412];[-0.6088];6605.53909;1;0;[0.3378];[-0.6122];6579.87582;200),(384576.04742;[0.3412];[-0.6088];6605.53909;1;0;[0.3378];[-0.6122];6579.87582;200),(385456.08830;[0.58];[-0.37];9685.11292;1;0;[0.5679];[-0.3821];9590.58967;200),(386590.01923;[0.6406];[-0.3094];9316.71859;1;0;[0.6301];[-0.3199];9207.09323;200),(387813.20429;[0.7016];[-0.2484];8918.90389;1;0;[0.686];[-0.264];8836.98621;200),(388829.61702;[0.696];[-0.254];8406.64479;1;0;[0.6821];[-0.2679];8346.36260;200),(390169.01398;[0.6542];[-0.2958];7873.19650;1;0;[0.6442];[-0.3058];7827.34881;200),(391288.21516;[0.3412];[-0.6088];6605.53909;1;0;[0.3378];[-0.6122];6579.87582;200),(393037.20737;[0.5829];[-0.3671];9673.47817;1;0;[0.571];[-0.379];9579.90118;200),(394265.44905;[0.6479];[-0.3021];9295.37592;1;0;[0.638];[-0.312];9189.06390;200),(395205.47223;[0.6972];[-0.2528];8901.55561;1;0;[0.683];[-0.267];8818.08094;200),(396267.45915;[0.6959];[-0.2541];8406.16585;1;0;[0.6821];[-0.2679];8345.82965;200),(397308.88891;[0.6542];[-0.2958];7873.19650;1;0;[0.6442];[-0.3058];7827.34881;200),(399349.29514;[0.5638];[-0.3862];7329.56102;1;0;[0.5513];[-0.3987];7293.57381;200),(399742.16533;[0.5096];[-0.4404];7111.90365;1;0;[0.501];[-0.449];7079.38204;200),(400389.78028;[0.4336];[-0.5164];6863.00466;1;0;[0.4286];[-0.5214];6833.73305;200),(400847.03445;[0.4253];[-0.5247];6838.17343;1;0;[0.4208];[-0.5292];6808.93153;200),(401256.71816;[0.4253];[-0.5247];6838.16681;1;0;[0.4209];[-0.5291];6808.90955;200),(401763.47399;[0.4253];[-0.5247];6838.16681;1;0;[0.4209];[-0.5291];6808.90955;200),(402108.00266;[0.4243];[-0.5257];6836.42955;1;0;[0.4204];[-0.5296];6807.30946;200),(403486.83524;[0.587];[-0.363];9662.54434;1;0;[0.5751];[-0.3749];9570.19143;200),(404720.11495;[0.6426];[-0.3074];9303.09974;1;0;[0.6322];[-0.3178];9194.02118;200),(405672.00255;[0.697];[-0.253];8901.35396;1;0;[0.6827];[-0.2673];8817.82802;200),(406841.96854;[0.6958];[-0.2542];8407.38162;1;0;[0.6818];[-0.2682];8347.04249;200),(407871.91367;[0.6545];[-0.2955];7876.60877;1;0;[0.6449];[-0.3051];7830.74060;200),(409192.79313;[0.4243];[-0.5257];6836.42955;1;0;[0.4204];[-0.5296];6807.30946;200),(410956.65073;[0.587];[-0.363];9662.54434;1;0;[0.5751];[-0.3749];9570.19143;200),(412230.66759;[0.6425];[-0.3075];9300.78510;1;0;[0.6323];[-0.3177];9191.89550;200),(413174.08991;[0.697];[-0.253];8901.35396;1;0;[0.6827];[-0.2673];8817.82802;200),(414311.39255;[0.7043];[-0.2457];8401.25415;1;0;[0.6903];[-0.2597];8344.18167;200),(415335.23679;[0.6545];[-0.2955];7876.60877;1;0;[0.6449];[-0.3051];7830.74060;200),(417694.72742;[0.5985];[-0.3515];7514.35105;1;0;[0.5871];[-0.3629];7474.68441;200),(418400.54131;[0.5569];[-0.3931];7302.70195;1;0;[0.5438];[-0.4062];7266.33669;200),(418753.83687;[0.5053];[-0.4447];7099.27480;1;0;[0.4978];[-0.4522];7066.62731;200),(419226.17340;[0.4999];[-0.4501];7076.57018;1;0;[0.4926];[-0.4574];7043.71501;200),(419568.21251;[0.4243];[-0.5257];6836.42955;1;0;[0.4204];[-0.5296];6807.30946;200),(420826.47967;[0.598];[-0.352];9643.22732;1;0;[0.5878];[-0.3622];9555.61392;200),(421692.70754;[0.647];[-0.303];9285.85160;1;0;[0.6371];[-0.3129];9177.97884;200),(422659.30152;[0.6972];[-0.2528];8901.55561;1;0;[0.683];[-0.267];8818.08094;200),(423668.45393;[0.7004];[-0.2496];8456.59025;1;0;[0.6861];[-0.2639];8395.30676;200),(424862.28466;[0.6538];[-0.2962];7877.85336;1;0;[0.6442];[-0.3058];7831.74967;200),(426799.36719;[0.6015];[-0.3485];7524.21150;1;0;[0.5907];[-0.3593];7484.88451;200),(427248.17348;[0.5612];[-0.3888];7320.78883;1;0;[0.5495];[-0.4005];7284.69898;200),(427699.75305;[0.5072];[-0.4428];7106.01088;1;0;[0.4991];[-0.4509];7073.22403;200),(428056.06318;[0.5046];[-0.4454];7095.98116;1;0;[0.4975];[-0.4525];7063.19822;200),(428333.87589;[0.5036];[-0.4464];7091.21274;1;0;[0.4963];[-0.4537];7058.39852;200),(428745.18156;[0.4985];[-0.4515];7071.02594;1;0;[0.4913];[-0.4587];7038.08270;200),(430547.79434;[0.6006];[-0.3494];9629.48707;1;0;[0.5913];[-0.3587];9542.82551;200),(431503.67785;[0.642];[-0.308];9289.48540;1;0;[0.6312];[-0.3188];9179.22494;200),(432556.07510;[0.6972];[-0.2528];8901.55561;1;0;[0.683];[-0.267];8818.08094;200),(433834.35869;[0.701];[-0.249];8463.99933;1;0;[0.687];[-0.263];8402.67750;200),(434970.17336;[0.6618];[-0.2882];7886.86122;1;0;[0.6516];[-0.2984];7842.07045;200),(436826.43104;[0.6021];[-0.3479];7528.36555;1;0;[0.5915];[-0.3585];7488.96863;200),(437452.13866;[0.5619];[-0.3881];7322.70651;1;0;[0.55];[-0.4];7286.68681;200),(437926.97144;[0.5054];[-0.4446];7101.52634;1;0;[0.498];[-0.452];7068.65804;200),(438315.30786;[0.5047];[-0.4453];7095.86295;1;0;[0.4973];[-0.4527];7063.13654;200),(438831.87342;[0.5036];[-0.4464];7091.21274;1;0;[0.4963];[-0.4537];7058.39852;200),(439432.72233;[0.4985];[-0.4515];7071.02594;1;0;[0.4913];[-0.4587];7038.08270;200),(441392.35616;[0.6227];[-0.3273];9604.84680;1;0;[0.6135];[-0.3365];9524.55149;200),(442759.42063;[0.644];[-0.306];9270.37763;1;0;[0.6346];[-0.3154];9160.81257;200),(444269.21725;[0.7011];[-0.2489];8875.77617;1;0;[0.686];[-0.264];8794.06141;200),(445550.29488;[0.699];[-0.251];8383.49108;1;0;[0.6845];[-0.2655];8324.55181;200),(446727.98014;[0.664];[-0.286];7894.64590;1;0;[0.6531];[-0.2969];7850.04701;200),(448611.27234;[0.6027];[-0.3473];7529.07254;1;0;[0.5918];[-0.3582];7489.77823;200),(449041.89515;[0.5935];[-0.3565];7491.95892;1;0;[0.5827];[-0.3673];7452.29245;200),(449415.91048;[0.5051];[-0.4449];7097.83957;1;0;[0.4976];[-0.4524];7065.32550;200),(449758.75831;[0.5047];[-0.4453];7095.86295;1;0;[0.4973];[-0.4527];7063.13654;200),(450283.15377;[0.5036];[-0.4464];7091.21274;1;0;[0.4963];[-0.4537];7058.39852;200),(450561.20110;[0.5036];[-0.4464];7091.21274;1;0;[0.4963];[-0.4537];7058.39852;200),(450917.47570;[0.5036];[-0.4464];7091.21274;1;0;[0.4963];[-0.4537];7058.39852;200),(451903.03731;[0.607];[-0.343];9608.42700;1;0;[0.5956];[-0.3544];9516.89970;200),(453501.45221;[0.6439];[-0.3061];9265.73250;1;0;[0.6342];[-0.3158];9156.84609;200),(454468.17589;[0.7007];[-0.2493];8877.04755;1;0;[0.6855];[-0.2645];8795.18306;200),(455666.05568;[0.6943];[-0.2557];8399.83751;1;0;[0.6807];[-0.2693];8339.37074;200),(456711.68017;[0.6708];[-0.2792];8019.28149;1;0;[0.6594];[-0.2906];7969.95275;200),(457620.80026;[0.5036];[-0.4464];7091.21274;1;0;[0.4963];[-0.4537];7058.39852;200),(459496.28472;[0.607];[-0.343];9608.42700;1;0;[0.5956];[-0.3544];9516.89970;200),(460929.54683;[0.6478];[-0.3022];9253.63347;1;0;[0.6384];[-0.3116];9144.90955;200),(461783.26869;[0.7007];[-0.2493];8877.04755;1;0;[0.6855];[-0.2645];8795.18306;200),(463064.36086;[0.6943];[-0.2557];8399.83751;1;0;[0.6807];[-0.2693];8339.37074;200),(464063.37476;[0.6708];[-0.2792];8019.28149;1;0;[0.6594];[-0.2906];7969.95275;200),(466447.98136;[0.6249];[-0.3251];7685.13142;1;0;[0.6162];[-0.3338];7641.85069;200),(466908.24294;[0.5989];[-0.3511];7513.06818;1;0;[0.587];[-0.363];7473.61286;200),(467276.66616;[0.5036];[-0.4464];7091.21274;1;0;[0.4963];[-0.4537];7058.39852;200),(467867.98573;[0.5036];[-0.4464];7091.21274;1;0;[0.4963];[-0.4537];7058.39852;200),(469276.46112;[0.607];[-0.343];9608.42700;1;0;[0.5956];[-0.3544];9516.89970;200),(470702.82197;[0.6477];[-0.3023];9251.43378;1;0;[0.6388];[-0.3112];9143.10320;200),(471616.53090;[0.7007];[-0.2493];8877.04755;1;0;[0.6855];[-0.2645];8795.18306;200),(472586.06172;[0.6951];[-0.2549];8406.44083;1;0;[0.6817];[-0.2683];8346.00508;200),(473767.71712;[0.6725];[-0.2775];8025.39545;1;0;[0.6606];[-0.2894];7976.17996;200),(475927.12903;[0.6287];[-0.3213];7701.72561;1;0;[0.6197];[-0.3303];7658.67018;200),(476314.26048;[0.6009];[-0.3491];7521.73267;1;0;[0.59];[-0.36];7482.33402;200),(476743.71696;[0.5557];[-0.3943];7297.86280;1;0;[0.5423];[-0.4077];7261.41468;200),(477268.77999;[0.5557];[-0.3943];7297.86280;1;0;[0.5423];[-0.4077];7261.41468;200),(477696.41495;[0.5557];[-0.3943];7297.86280;1;0;[0.5423];[-0.4077];7261.41468;200),(478879.44722;[0.607];[-0.343];9608.42700;1;0;[0.5956];[-0.3544];9516.89970;200),(480469.52963;[0.6515];[-0.2985];9234.80154;1;0;[0.6412];[-0.3088];9127.25248;200),(481823.04621;[0.697];[-0.253];8848.19548;1;0;[0.6823];[-0.2677];8766.17598;200),(482884.90200;[0.7042];[-0.2458];8400.36095;1;0;[0.6898];[-0.2602];8343.21961;200),(483959.60712;[0.672];[-0.278];8026.87765;1;0;[0.66];[-0.29];7977.50230;200),(485130.11861;[0.5557];[-0.3943];7297.86280;1;0;[0.5423];[-0.4077];7261.41468;200),(486429.63362;[0.607];[-0.343];9608.42700;1;0;[0.5956];[-0.3544];9516.89970;200),(487386.85107;[0.6515];[-0.2985];9234.80154;1;0;[0.6412];[-0.3088];9127.25248;200),(488901.25418;[0.688];[-0.262];8757.92876;1;0;[0.672];[-0.278];8678.39560;200),(489972.73040;[0.7042];[-0.2458];8400.36095;1;0;[0.6898];[-0.2602];8343.21961;200),(491030.54786;[0.672];[-0.278];8026.87765;1;0;[0.66];[-0.29];7977.50230;200),(493044.85822;[0.63];[-0.32];7707.62228;1;0;[0.6206];[-0.3294];7664.62960;200),(493542.66977;[0.6015];[-0.3485];7524.21150;1;0;[0.5907];[-0.3593];7484.88451;200),(493964.78033;[0.557];[-0.393];7302.22744;1;0;[0.5438];[-0.4062];7265.91894;200),(494334.39994;[0.5557];[-0.3943];7297.86280;1;0;[0.5423];[-0.4077];7261.41468;200),(494689.42308;[0.5557];[-0.3943];7297.86280;1;0;[0.5423];[-0.4077];7261.41468;200),(495995.02039;[0.607];[-0.343];9608.42700;1;0;[0.5956];[-0.3544];9516.89970;200),(496904.01268;[0.6511];[-0.2989];9233.76483;1;0;[0.6409];[-0.3091];9126.14125;200),(498168.83826;[0.7007];[-0.2493];8867.93033;1;0;[0.685];[-0.265];8786.22239;200),(499334.23615;[0.701];[-0.249];8458.86726;1;0;[0.6865];[-0.2635];8397.66618;200),(500537.45699;[0.6723];[-0.2777];8027.62970;1;0;[0.6604];[-0.2896];7978.30358;200),(502096.52567;[0.6301];[-0.3199];7709.29797;1;0;[0.621];[-0.329];7666.35269;200),(502527.15635;[0.6017];[-0.3483];7524.99789;1;0;[0.5908];[-0.3592];7485.66320;200),(502811.85722;[0.5981];[-0.3519];7509.76344;1;0;[0.5863];[-0.3637];7470.22878;200),(503426.82862;[0.5935];[-0.3565];7491.95892;1;0;[0.5827];[-0.3673];7452.29245;200),(505230.47352;[0.6102];[-0.3398];9604.65305;1;0;[0.6009];[-0.3491];9513.99305;200),(506485.49271;[0.6602];[-0.2898];9206.60368;1;0;[0.6491];[-0.3009];9103.63800;200),(507470.39104;[0.7011];[-0.2489];8874.39660;1;0;[0.6863];[-0.2637];8792.82506;200),(508704.97108;[0.7018];[-0.2482];8466.99683;1;0;[0.6876];[-0.2624];8405.81905;200),(509737.32424;[0.6723];[-0.2777];8027.62970;1;0;[0.6604];[-0.2896];7978.30358;200),(511737.70499;[0.6304];[-0.3196];7709.78600;1;0;[0.6216];[-0.3284];7666.99523;200),(512376.98460;[0.6015];[-0.3485];7526.00341;1;0;[0.5909];[-0.3591];7486.55341;200),(512734.07388;[0.5989];[-0.3511];7513.06818;1;0;[0.587];[-0.363];7473.61286;200),(513095.36886;[0.5981];[-0.3519];7509.76344;1;0;[0.5863];[-0.3637];7470.22878;200),(513730.84784;[0.597];[-0.353];7505.21746;1;0;[0.5855];[-0.3645];7465.59552;200),(514240.84115;[0.597];[-0.353];7505.21746;1;0;[0.5855];[-0.3645];7465.59552;200),(515047.56665;[0.6171];[-0.3329];9596.43505;1;0;[0.6062];[-0.3438];9506.79254;200),(516285.55799;[0.6594];[-0.2906];9213.39883;1;0;[0.6486];[-0.3014];9111.61167;200),(517507.47943;[0.7011];[-0.2489];8874.39660;1;0;[0.6863];[-0.2637];8792.82506;200),(518371.63949;[0.7019];[-0.2481];8469.33480;1;0;[0.6881];[-0.2619];8408.20300;200),(519751.91665;[0.6789];[-0.2711];8032.99213;1;0;[0.6669];[-0.2831];7984.90404;200),(520722.91899;[0.597];[-0.353];7505.21746;1;0;[0.5855];[-0.3645];7465.59552;200),(522965.23333;[0.6217];[-0.3283];9586.36956;1;0;[0.6107];[-0.3393];9497.87868;200),(523834.16820;[0.6628];[-0.2872];9197.19847;1;0;[0.6516];[-0.2984];9095.95544;200),(525159.01446;[0.6921];[-0.2579];8738.75365;1;0;[0.6767];[-0.2733];8661.01977;200),(526428.74146;[0.7027];[-0.2473];8383.13208;1;0;[0.6887];[-0.2613];8325.52795;200),(527517.66872;[0.6671];[-0.2829];7999.76991;1;0;[0.6552];[-0.2948];7950.15181;200),(530594.40112;[0.6217];[-0.3283];9586.36956;1;0;[0.6107];[-0.3393];9497.87868;200),(531688.66134;[0.6594];[-0.2906];9213.39883;1;0;[0.6486];[-0.3014];9111.61167;200),(533285.61926;[0.7011];[-0.2489];8874.39660;1;0;[0.6863];[-0.2637];8792.82506;200),(534118.69192;[0.7019];[-0.2481];8469.33480;1;0;[0.6881];[-0.2619];8408.20300;200),(535503.77059;[0.6789];[-0.2711];8032.99213;1;0;[0.6669];[-0.2831];7984.90404;200),(536644.90557;[0.6299];[-0.3201];7711.21576;1;0;[0.6208];[-0.3292];7668.11268;200),(537039.89673;[0.6239];[-0.3261];7680.48285;1;0;[0.6154];[-0.3346];7637.19078;200),(537404.56438;[0.5981];[-0.3519];7509.76344;1;0;[0.5863];[-0.3637];7470.22878;200),(537887.33459;[0.597];[-0.353];7505.21746;1;0;[0.5855];[-0.3645];7465.59552;200),(538297.07217;[0.597];[-0.353];7505.21746;1;0;[0.5855];[-0.3645];7465.59552;200),(539494.89975;[0.6326];[-0.3174];9576.49958;1;0;[0.6221];[-0.3279];9490.85193;200),(540476.48597;[0.6628];[-0.2872];9197.19847;1;0;[0.6516];[-0.2984];9095.95544;200),(541819.22793;[0.6921];[-0.2579];8738.75365;1;0;[0.6767];[-0.2733];8661.01977;200),(543143.72587;[0.6943];[-0.2557];8399.83751;1;0;[0.6807];[-0.2693];8339.37074;200),(544060.58526;[0.6703];[-0.2797];8016.92120;1;0;[0.659];[-0.291];7967.52231;200),(546378.91364;[0.6326];[-0.3174];9576.49958;1;0;[0.6221];[-0.3279];9490.85193;200),(547405.69425;[0.6628];[-0.2872];9197.19847;1;0;[0.6516];[-0.2984];9095.95544;200),(548408.59032;[0.701];[-0.249];8875.29723;1;0;[0.6857];[-0.2643];8793.52847;200),(549219.09451;[0.7019];[-0.2481];8469.33480;1;0;[0.6881];[-0.2619];8408.20300;200),(550458.09460;[0.6816];[-0.2684];8040.72222;1;0;[0.6683];[-0.2817];7992.74256;200),(551259.46712;[0.6515];[-0.2985];7862.89121;1;0;[0.6421];[-0.3079];7816.91337;200),(551622.38932;[0.6249];[-0.3251];7685.13142;1;0;[0.6162];[-0.3338];7641.85069;200),(551930.98831;[0.597];[-0.353];7505.21746;1;0;[0.5855];[-0.3645];7465.59552;200),(553214.68997;[0.6519];[-0.2981];9549.89528;1;0;[0.6415];[-0.3085];9468.85526;200),(554023.98205;[0.6725];[-0.2775];9170.69643;1;0;[0.6591];[-0.2909];9073.66957;200),(555329.31066;[0.6921];[-0.2579];8738.75365;1;0;[0.6767];[-0.2733];8661.01977;200),(556290.67278;[0.6951];[-0.2549];8406.44083;1;0;[0.6817];[-0.2683];8346.00508;200),(557287.35304;[0.6712];[-0.2788];8021.02354;1;0;[0.6597];[-0.2903];7971.68755;200),(559831.54845;[0.6519];[-0.2981];9549.89528;1;0;[0.6415];[-0.3085];9468.85526;200),(560638.62753;[0.6725];[-0.2775];9170.69643;1;0;[0.6591];[-0.2909];9073.66957;200),(561949.24831;[0.6921];[-0.2579];8738.75365;1;0;[0.6767];[-0.2733];8661.01977;200),(562765.19227;[0.7018];[-0.2482];8470.39153;1;0;[0.6873];[-0.2627];8408.91502;200),(563542.48023;[0.6839];[-0.2661];8149.71499;1;0;[0.6705];[-0.2795];8097.18923;200),(564354.40302;[0.6533];[-0.2967];7870.56524;1;0;[0.6431];[-0.3069];7824.53818;200),(564653.65624;[0.6277];[-0.3223];7699.25965;1;0;[0.6192];[-0.3308];7656.12942;200),(565009.45139;[0.6002];[-0.3498];7521.88185;1;0;[0.5896];[-0.3604];7482.37077;200),(565317.66224;[0.5989];[-0.3511];7513.06818;1;0;[0.587];[-0.363];7473.61286;200),(565597.08095;[0.5981];[-0.3519];7509.76344;1;0;[0.5863];[-0.3637];7470.22878;200),(565822.91961;[0.5981];[-0.3519];7509.76344;1;0;[0.5863];[-0.3637];7470.22878;200),(566079.99277;[0.597];[-0.353];7505.21746;1;0;[0.5855];[-0.3645];7465.59552;200),(566563.95864;[0.597];[-0.353];7505.21746;1;0;[0.5855];[-0.3645];7465.59552;200),(567270.81871;[0.6589];[-0.2911];9535.54988;1;0;[0.6494];[-0.3006];9455.60863;200),(568226.68076;[0.6758];[-0.2742];9149.08485;1;0;[0.6618];[-0.2882];9053.49669;200),(569262.67767;[0.691];[-0.259];8734.94492;1;0;[0.6758];[-0.2742];8657.05325;200),(570137.67600;[0.6994];[-0.2506];8454.21526;1;0;[0.6851];[-0.2649];8392.73927;200),(570970.99161;[0.6725];[-0.2775];8025.39545;1;0;[0.6606];[-0.2894];7976.17996;200),(571714.48398;[0.597];[-0.353];7505.21746;1;0;[0.5855];[-0.3645];7465.59552;200),(572452.18444;[0.597];[-0.353];7505.21746;1;0;[0.5855];[-0.3645];7465.59552;200),(573177.17242;[0.6805];[-0.2695];9511.86318;1;0;[0.6684];[-0.2816];9435.45110;200),(574126.11985;[0.6758];[-0.2742];9149.08485;1;0;[0.6618];[-0.2882];9053.49669;200),(574918.68567;[0.691];[-0.259];8734.94492;1;0;[0.6758];[-0.2742];8657.05325;200),(575888.92102;[0.6994];[-0.2506];8454.21526;1;0;[0.6851];[-0.2649];8392.73927;200),(576674.53980;[0.6725];[-0.2775];8025.39545;1;0;[0.6606];[-0.2894];7976.17996;200),(577408.94794;[0.597];[-0.353];7505.21746;1;0;[0.5855];[-0.3645];7465.59552;200),(578844.24090;[0.6805];[-0.2695];9511.86318;1;0;[0.6684];[-0.2816];9435.45110;200),(579751.68443;[0.6758];[-0.2742];9149.08485;1;0;[0.6618];[-0.2882];9053.49669;200),(580567.66438;[0.691];[-0.259];8734.94492;1;0;[0.6758];[-0.2742];8657.05325;200),(581609.07960;[0.6994];[-0.2506];8454.21526;1;0;[0.6851];[-0.2649];8392.73927;200),(582390.45691;[0.6725];[-0.2775];8025.39545;1;0;[0.6606];[-0.2894];7976.17996;200),(584592.88096;[0.6805];[-0.2695];9511.86318;1;0;[0.6684];[-0.2816];9435.45110;200),(585525.18892;[0.6758];[-0.2742];9149.08485;1;0;[0.6618];[-0.2882];9053.49669;200),(586642.22932;[0.6921];[-0.2579];8738.75365;1;0;[0.6767];[-0.2733];8661.01977;200),(587669.74878;[0.6964];[-0.2536];8479.87800;1;0;[0.6815];[-0.2685];8416.81385;200),(588433.91204;[0.6851];[-0.2649];8157.91443;1;0;[0.6724];[-0.2776];8105.52127;200),(589202.53515;[0.6543];[-0.2957];7872.56359;1;0;[0.6443];[-0.3057];7826.70914;200),(589518.20230;[0.6287];[-0.3213];7701.72561;1;0;[0.6197];[-0.3303];7658.67018;200),(589845.55435;[0.6239];[-0.3261];7680.48285;1;0;[0.6154];[-0.3346];7637.19078;200),(590123.52943;[0.5989];[-0.3511];7513.06818;1;0;[0.587];[-0.363];7473.61286;200),(590371.81282;[0.5981];[-0.3519];7509.76344;1;0;[0.5863];[-0.3637];7470.22878;200),(590627.41828;[0.597];[-0.353];7505.21746;1;0;[0.5855];[-0.3645];7465.59552;200),(591920.13144;[0.6804];[-0.2696];9485.64298;1;0;[0.6684];[-0.2816];9408.87967;200),(593078.58682;[0.6849];[-0.2651];9122.26277;1;0;[0.6714];[-0.2786];9034.53957;200),(593879.62937;[0.6918];[-0.2582];8737.13144;1;0;[0.6764];[-0.2736];8659.38214;200),(594851.59707;[0.7015];[-0.2485];8466.12517;1;0;[0.6875];[-0.2625];8404.87873;200),(595628.97778;[0.673];[-0.277];8025.53284;1;0;[0.661];[-0.289];7976.47174;200),(597666.68653;[0.6804];[-0.2696];9485.64298;1;0;[0.6684];[-0.2816];9408.87967;200),(598765.18202;[0.6849];[-0.2651];9122.26277;1;0;[0.6714];[-0.2786];9034.53957;200),(599558.99429;[0.6918];[-0.2582];8737.13144;1;0;[0.6764];[-0.2736];8659.38214;200)]"
