hardness,objective,feas,runtime
-1,0,0.0,146.21996879577637
-2,0,0.0,187.90602684020996
-3,0,0.0,258.974552154541
-4,0,0.0,204.41818237304688
