hardness,objective,feas,runtime
0,18334.44090422365,1.0,619390.1240825653
1,15895.93332536797,0.9991,615987.8249168396
2,13745.083882037796,0.9926,608169.9140071869
3,12023.958407302567,0.8687,611238.9702796936
4,10610.990362318258,0.6367,611042.6337718964
5,9340.658449914281,0.509,622127.2904872894
6,8214.562695061193,0.3812,611142.5225734711
7,7161.912909258652,0.2795,621196.9480514526
8,6627.504430188801,0.222,608323.4734535217
