hardness,computed_hardness
0,0.6020599913279624
1,0.6020599913279624
2,0.6020599913279624
3,0.6020599913279624
4,0.6020599913279624
5,0.6020599913279624
6,0.6020599913279624
7,0.6020599913279624
8,0.6020599913279624
hardness,computed_hardness
hardness,computed_hardness
hardness,computed_hardness
hardness,computed_hardness
0,0.6020599913279624
hardness,computed_hardness
0,0.6020599913279624
hardness,computed_hardness
8,0.6020599913279624
hardness,computed_hardness
