hardness,objective,feas,runtime
0,18165.8449077715,0.9445,186.84101104736328
1,15794.391192837762,0.9123,109.45653915405273
2,13672.966599200792,0.8504,600131.433725357
3,12004.114978006459,0.7491,600242.5854206085
4,10610.990362318258,0.6278,600130.0144195557
5,9340.658449914281,0.5007,600214.878320694
6,8248.231784363512,0.3627,600111.2484931946
7,7175.272934901284,0.2529,600151.0617733002
8,6620.373616873652,0.1915,600030.6599140167
