hardness,objective,feas,runtime
0,18165.8449077715,0.9445,186.84101104736328
1,15794.391192837762,0.9123,109.45653915405273
2,13672.966599200792,0.8504,600131.433725357
3,12004.114978006459,0.7491,600242.5854206085
4,10610.990362318258,0.6278,600130.0144195557
5,9340.658449914281,0.5007,600214.878320694
6,8248.231784363512,0.3627,600111.2484931946
7,7175.272934901284,0.2529,600151.0617733002
8,6620.373616873652,0.1915,600030.6599140167
Hardness,Objective,feas,surplus,bestEps,RuntimeRS,solutions
0,18165.8449077715,[0.9445],[-0.005499999999999949],,166.70560836791992,[]
1,15794.391192837762,[0.9123],[-0.037699999999999956],,104.74276542663574,[]
Hardness,Objective,feas,surplus,bestEps,RuntimeRS,solutions
0,18165.8449077715,[0.9445],[-0.005499999999999949],,165.20047187805176,[]
Hardness,Objective,feas,surplus,bestEps,RuntimeRS,solutions
0,18165.8449077715,[0.9445],[-0.005499999999999949],,167.22822189331055,[]
1,15794.391192837762,[0.9123],[-0.037699999999999956],,107.89108276367188,[]
Hardness,Objective,feas,surplus,bestEps,RuntimeRS,solutions
0,18165.8449077715,[0.9445],[-0.005499999999999949],,168.2586669921875,[(0.15017;[0.97];[0.020000000000000018];18200.38900;[0.9445];[-0.005499999999999949];18165.84491)]
Hardness,Objective,feas,surplus,bestEps,RuntimeRS,solutions
Hardness,Objective,feas,surplus,bestEps,RuntimeRS,solutions
0,18165.8449077715,[0.9445],[-0.0055],,151.7479419708252,[(136.21211;[0.97];[0.02];18200.38900;[0.9445];[-0.0055];18165.84491)]
Hardness,Objective,feas,surplus,RuntimeRS,solutions
0,18165.8449077715,[0.9445],[-0.0055],158.98680686950684,[(142.46058;[0.97];[0.02];18200.38900;[0.9445];[-0.0055];18165.84491)]
Hardness,Objective,feas,surplus,RuntimeRS,solutions
0,18165.8449077715,[0.9445],[-0.0055],177.41036415100098,[(159.78789;[0.97];[0.02];18200.38900;[0.9445];[-0.0055];18165.84491)]
Hardness,Objective,feas,surplus,RuntimeRS,solutions
0,18165.8449077715,[0.9445],[-0.0055],168.47586631774902,[(148.26441;[0.97];[0.02];18200.38900;[0.9445];[-0.0055];18165.84491)]
1,15794.391192837762,[0.9123],[-0.0377],128.3128261566162,[(109.65157;[0.96];[0.01];15757.17244;[0.9123];[-0.0377];15794.39119)]
Hardness,Objective,feas,surplus,RuntimeRS,solutions
0,18165.8449077715,[0.9445],[-0.0055],171.48876190185547,[(153.35417;[0.97];[0.02];18200.38900;[0.9445];[-0.0055];18165.84491)]
1,15794.391192837762,[0.9123],[-0.0377],105.22842407226562,[(87.19206;[0.96];[0.01];15757.17244;[0.9123];[-0.0377];15794.39119)]
Hardness,Objective,feas,surplus,RuntimeRS,solutions
Hardness,Objective,feas,surplus,RuntimeRS,solutions
Hardness,Objective,feas,surplus,RuntimeRS,solutions
Hardness,Objective,feas,surplus,RuntimeRS,solutions
Hardness,Objective,feas,surplus,RuntimeRS,solutions
Hardness,Objective,feas,surplus,RuntimeRS,solutions
Hardness,Objective,feas,surplus,RuntimeRS,solutions
Hardness,Objective,feas,surplus,RuntimeRS,solutions
Hardness,Objective,feas,surplus,RuntimeRS,solutions
Hardness,Objective,feas,surplus,RuntimeRS,solutions
Hardness,Objective,feas,surplus,RuntimeRS,solutions
Hardness,Objective,feas,surplus,RuntimeRS,solutions
2,13672.966599200792,[0.8504],[-0.0996],60058.422327041626,"[(212.85987;[0.89];[-0.06];13587.17306;[0.8504];[-0.0996];13672.96660),(974.31207;[0.89];[-0.06];13587.17306;[0.8504];[-0.0996];13672.96660),(1653.81122;[0.89];[-0.06];13587.17306;[0.8504];[-0.0996];13672.96660),(2347.03946;[0.89];[-0.06];13587.17306;[0.8504];[-0.0996];13672.96660),(3061.89537;[0.89];[-0.06];13587.17306;[0.8504];[-0.0996];13672.96660),(3770.01405;[0.89];[-0.06];13587.17306;[0.8504];[-0.0996];13672.96660),(4451.73597;[0.89];[-0.06];13587.17306;[0.8504];[-0.0996];13672.96660),(5176.79667;[0.89];[-0.06];13587.17306;[0.8504];[-0.0996];13672.96660),(5868.11829;[0.89];[-0.06];13587.17306;[0.8504];[-0.0996];13672.96660),(6571.08068;[0.89];[-0.06];13587.17306;[0.8504];[-0.0996];13672.96660),(7272.26329;[0.89];[-0.06];13587.17306;[0.8504];[-0.0996];13672.96660),(7956.97403;[0.89];[-0.06];13587.17306;[0.8504];[-0.0996];13672.96660),(8665.57455;[0.89];[-0.06];13587.17306;[0.8504];[-0.0996];13672.96660),(9356.78148;[0.89];[-0.06];13587.17306;[0.8504];[-0.0996];13672.96660),(10038.98072;[0.89];[-0.06];13587.17306;[0.8504];[-0.0996];13672.96660),(10776.89099;[0.89];[-0.06];13587.17306;[0.8504];[-0.0996];13672.96660),(11474.61390;[0.89];[-0.06];13587.17306;[0.8504];[-0.0996];13672.96660),(12168.78152;[0.89];[-0.06];13587.17306;[0.8504];[-0.0996];13672.96660),(12870.72134;[0.89];[-0.06];13587.17306;[0.8504];[-0.0996];13672.96660),(13565.77373;[0.89];[-0.06];13587.17306;[0.8504];[-0.0996];13672.96660),(14258.01420;[0.89];[-0.06];13587.17306;[0.8504];[-0.0996];13672.96660),(14971.21429;[0.89];[-0.06];13587.17306;[0.8504];[-0.0996];13672.96660),(15665.37189;[0.89];[-0.06];13587.17306;[0.8504];[-0.0996];13672.96660),(16359.35330;[0.89];[-0.06];13587.17306;[0.8504];[-0.0996];13672.96660),(17068.89653;[0.89];[-0.06];13587.17306;[0.8504];[-0.0996];13672.96660),(17773.95272;[0.89];[-0.06];13587.17306;[0.8504];[-0.0996];13672.96660),(18511.35874;[0.89];[-0.06];13587.17306;[0.8504];[-0.0996];13672.96660),(19204.80490;[0.89];[-0.06];13587.17306;[0.8504];[-0.0996];13672.96660),(19912.23884;[0.89];[-0.06];13587.17306;[0.8504];[-0.0996];13672.96660),(20634.78494;[0.89];[-0.06];13587.17306;[0.8504];[-0.0996];13672.96660),(21321.97762;[0.89];[-0.06];13587.17306;[0.8504];[-0.0996];13672.96660),(22016.04033;[0.89];[-0.06];13587.17306;[0.8504];[-0.0996];13672.96660),(22737.11061;[0.89];[-0.06];13587.17306;[0.8504];[-0.0996];13672.96660),(23428.17926;[0.89];[-0.06];13587.17306;[0.8504];[-0.0996];13672.96660),(24138.97181;[0.89];[-0.06];13587.17306;[0.8504];[-0.0996];13672.96660),(24851.48883;[0.89];[-0.06];13587.17306;[0.8504];[-0.0996];13672.96660),(25548.50698;[0.89];[-0.06];13587.17306;[0.8504];[-0.0996];13672.96660),(26216.46070;[0.89];[-0.06];13587.17306;[0.8504];[-0.0996];13672.96660),(26921.11588;[0.89];[-0.06];13587.17306;[0.8504];[-0.0996];13672.96660),(27633.14652;[0.89];[-0.06];13587.17306;[0.8504];[-0.0996];13672.96660),(28321.00415;[0.89];[-0.06];13587.17306;[0.8504];[-0.0996];13672.96660),(29009.61900;[0.89];[-0.06];13587.17306;[0.8504];[-0.0996];13672.96660),(29728.25432;[0.89];[-0.06];13587.17306;[0.8504];[-0.0996];13672.96660),(30457.51762;[0.89];[-0.06];13587.17306;[0.8504];[-0.0996];13672.96660),(31161.39913;[0.89];[-0.06];13587.17306;[0.8504];[-0.0996];13672.96660),(31834.24735;[0.89];[-0.06];13587.17306;[0.8504];[-0.0996];13672.96660),(32568.03608;[0.89];[-0.06];13587.17306;[0.8504];[-0.0996];13672.96660),(33265.22112;[0.89];[-0.06];13587.17306;[0.8504];[-0.0996];13672.96660),(33967.22484;[0.89];[-0.06];13587.17306;[0.8504];[-0.0996];13672.96660)]"
Hardness,Objective,feas,surplus,RuntimeRS,solutions
2,13672.966599200792,[0.8504],[-0.0996],60092.27967262268,"[(213.92894;[0.89];[-0.06];13587.17306;[0.8504];[-0.0996];13672.96660),(980.76582;[0.89];[-0.06];13587.17306;[0.8504];[-0.0996];13672.96660),(1667.85002;[0.89];[-0.06];13587.17306;[0.8504];[-0.0996];13672.96660),(2422.83249;[0.89];[-0.06];13587.17306;[0.8504];[-0.0996];13672.96660),(3174.93439;[0.89];[-0.06];13587.17306;[0.8504];[-0.0996];13672.96660),(3875.39411;[0.89];[-0.06];13587.17306;[0.8504];[-0.0996];13672.96660),(4570.63913;[0.89];[-0.06];13587.17306;[0.8504];[-0.0996];13672.96660),(5305.88651;[0.89];[-0.06];13587.17306;[0.8504];[-0.0996];13672.96660),(6002.19607;[0.89];[-0.06];13587.17306;[0.8504];[-0.0996];13672.96660),(6717.02290;[0.89];[-0.06];13587.17306;[0.8504];[-0.0996];13672.96660),(7429.72445;[0.89];[-0.06];13587.17306;[0.8504];[-0.0996];13672.96660),(8124.14336;[0.89];[-0.06];13587.17306;[0.8504];[-0.0996];13672.96660),(8859.86137;[0.89];[-0.06];13587.17306;[0.8504];[-0.0996];13672.96660),(9536.63564;[0.89];[-0.06];13587.17306;[0.8504];[-0.0996];13672.96660),(10218.92118;[0.89];[-0.06];13587.17306;[0.8504];[-0.0996];13672.96660),(10942.59596;[0.89];[-0.06];13587.17306;[0.8504];[-0.0996];13672.96660),(11630.38850;[0.89];[-0.06];13587.17306;[0.8504];[-0.0996];13672.96660),(12295.10403;[0.89];[-0.06];13587.17306;[0.8504];[-0.0996];13672.96660),(13053.22981;[0.89];[-0.06];13587.17306;[0.8504];[-0.0996];13672.96660),(13737.12015;[0.89];[-0.06];13587.17306;[0.8504];[-0.0996];13672.96660),(14500.86260;[0.89];[-0.06];13587.17306;[0.8504];[-0.0996];13672.96660),(15226.77612;[0.89];[-0.06];13587.17306;[0.8504];[-0.0996];13672.96660),(15969.17963;[0.89];[-0.06];13587.17306;[0.8504];[-0.0996];13672.96660),(16683.62021;[0.89];[-0.06];13587.17306;[0.8504];[-0.0996];13672.96660),(17393.62025;[0.89];[-0.06];13587.17306;[0.8504];[-0.0996];13672.96660),(18060.45175;[0.89];[-0.06];13587.17306;[0.8504];[-0.0996];13672.96660),(18774.86730;[0.89];[-0.06];13587.17306;[0.8504];[-0.0996];13672.96660),(19476.69435;[0.89];[-0.06];13587.17306;[0.8504];[-0.0996];13672.96660),(20192.99102;[0.89];[-0.06];13587.17306;[0.8504];[-0.0996];13672.96660),(20911.70073;[0.89];[-0.06];13587.17306;[0.8504];[-0.0996];13672.96660),(21633.78143;[0.89];[-0.06];13587.17306;[0.8504];[-0.0996];13672.96660),(22298.53964;[0.89];[-0.06];13587.17306;[0.8504];[-0.0996];13672.96660),(23011.86252;[0.89];[-0.06];13587.17306;[0.8504];[-0.0996];13672.96660),(23693.95304;[0.89];[-0.06];13587.17306;[0.8504];[-0.0996];13672.96660),(24385.61654;[0.89];[-0.06];13587.17306;[0.8504];[-0.0996];13672.96660),(25094.01321;[0.89];[-0.06];13587.17306;[0.8504];[-0.0996];13672.96660),(25803.64704;[0.89];[-0.06];13587.17306;[0.8504];[-0.0996];13672.96660),(26490.36121;[0.89];[-0.06];13587.17306;[0.8504];[-0.0996];13672.96660),(27194.67521;[0.89];[-0.06];13587.17306;[0.8504];[-0.0996];13672.96660),(27865.99970;[0.89];[-0.06];13587.17306;[0.8504];[-0.0996];13672.96660),(28565.90700;[0.89];[-0.06];13587.17306;[0.8504];[-0.0996];13672.96660),(29268.20493;[0.89];[-0.06];13587.17306;[0.8504];[-0.0996];13672.96660),(29962.61907;[0.89];[-0.06];13587.17306;[0.8504];[-0.0996];13672.96660),(30694.78607;[0.89];[-0.06];13587.17306;[0.8504];[-0.0996];13672.96660),(31393.43643;[0.89];[-0.06];13587.17306;[0.8504];[-0.0996];13672.96660),(32102.05603;[0.89];[-0.06];13587.17306;[0.8504];[-0.0996];13672.96660),(32818.66598;[0.89];[-0.06];13587.17306;[0.8504];[-0.0996];13672.96660),(33484.10344;[0.89];[-0.06];13587.17306;[0.8504];[-0.0996];13672.96660),(34191.63036;[0.89];[-0.06];13587.17306;[0.8504];[-0.0996];13672.96660)]"
Hardness,Objective,feas,surplus,RuntimeRS,solutions
2,13672.966599200792,[0.8504],[-0.0996],60094.136238098145,"[(203.25661;[0.89];[-0.06];13587.17306;[0.8504];[-0.0996];13672.96660),(933.50434;[0.89];[-0.06];13587.17306;[0.8504];[-0.0996];13672.96660),(1628.45016;[0.89];[-0.06];13587.17306;[0.8504];[-0.0996];13672.96660),(2305.81236;[0.89];[-0.06];13587.17306;[0.8504];[-0.0996];13672.96660),(3041.36491;[0.89];[-0.06];13587.17306;[0.8504];[-0.0996];13672.96660),(3712.25476;[0.89];[-0.06];13587.17306;[0.8504];[-0.0996];13672.96660),(4383.18181;[0.89];[-0.06];13587.17306;[0.8504];[-0.0996];13672.96660),(5087.15391;[0.89];[-0.06];13587.17306;[0.8504];[-0.0996];13672.96660),(5819.93032;[0.89];[-0.06];13587.17306;[0.8504];[-0.0996];13672.96660),(6582.39746;[0.89];[-0.06];13587.17306;[0.8504];[-0.0996];13672.96660),(7271.59119;[0.89];[-0.06];13587.17306;[0.8504];[-0.0996];13672.96660),(7955.55687;[0.89];[-0.06];13587.17306;[0.8504];[-0.0996];13672.96660),(8677.60897;[0.89];[-0.06];13587.17306;[0.8504];[-0.0996];13672.96660),(9359.98654;[0.89];[-0.06];13587.17306;[0.8504];[-0.0996];13672.96660),(10043.22839;[0.89];[-0.06];13587.17306;[0.8504];[-0.0996];13672.96660),(10746.32239;[0.89];[-0.06];13587.17306;[0.8504];[-0.0996];13672.96660),(11431.40316;[0.89];[-0.06];13587.17306;[0.8504];[-0.0996];13672.96660),(12124.35126;[0.89];[-0.06];13587.17306;[0.8504];[-0.0996];13672.96660),(12808.83908;[0.89];[-0.06];13587.17306;[0.8504];[-0.0996];13672.96660),(13483.34670;[0.89];[-0.06];13587.17306;[0.8504];[-0.0996];13672.96660),(14150.80643;[0.89];[-0.06];13587.17306;[0.8504];[-0.0996];13672.96660),(14848.46354;[0.89];[-0.06];13587.17306;[0.8504];[-0.0996];13672.96660),(15510.18047;[0.89];[-0.06];13587.17306;[0.8504];[-0.0996];13672.96660),(16197.85762;[0.89];[-0.06];13587.17306;[0.8504];[-0.0996];13672.96660),(16911.79037;[0.89];[-0.06];13587.17306;[0.8504];[-0.0996];13672.96660),(17607.80120;[0.89];[-0.06];13587.17306;[0.8504];[-0.0996];13672.96660),(18340.41905;[0.89];[-0.06];13587.17306;[0.8504];[-0.0996];13672.96660),(18991.41169;[0.89];[-0.06];13587.17306;[0.8504];[-0.0996];13672.96660),(19711.46727;[0.89];[-0.06];13587.17306;[0.8504];[-0.0996];13672.96660),(20430.05753;[0.89];[-0.06];13587.17306;[0.8504];[-0.0996];13672.96660),(21100.55256;[0.89];[-0.06];13587.17306;[0.8504];[-0.0996];13672.96660),(21802.98734;[0.89];[-0.06];13587.17306;[0.8504];[-0.0996];13672.96660),(22512.86077;[0.89];[-0.06];13587.17306;[0.8504];[-0.0996];13672.96660),(23195.12391;[0.89];[-0.06];13587.17306;[0.8504];[-0.0996];13672.96660),(23892.03787;[0.89];[-0.06];13587.17306;[0.8504];[-0.0996];13672.96660),(24606.56905;[0.89];[-0.06];13587.17306;[0.8504];[-0.0996];13672.96660),(25266.75892;[0.89];[-0.06];13587.17306;[0.8504];[-0.0996];13672.96660),(25943.54391;[0.89];[-0.06];13587.17306;[0.8504];[-0.0996];13672.96660),(26654.41561;[0.89];[-0.06];13587.17306;[0.8504];[-0.0996];13672.96660),(27341.28189;[0.89];[-0.06];13587.17306;[0.8504];[-0.0996];13672.96660),(28043.17713;[0.89];[-0.06];13587.17306;[0.8504];[-0.0996];13672.96660),(28754.43196;[0.89];[-0.06];13587.17306;[0.8504];[-0.0996];13672.96660),(29420.89844;[0.89];[-0.06];13587.17306;[0.8504];[-0.0996];13672.96660),(30159.94787;[0.89];[-0.06];13587.17306;[0.8504];[-0.0996];13672.96660),(30843.16564;[0.89];[-0.06];13587.17306;[0.8504];[-0.0996];13672.96660),(31533.57267;[0.89];[-0.06];13587.17306;[0.8504];[-0.0996];13672.96660),(32245.18132;[0.89];[-0.06];13587.17306;[0.8504];[-0.0996];13672.96660),(32932.62196;[0.89];[-0.06];13587.17306;[0.8504];[-0.0996];13672.96660),(33655.31635;[0.89];[-0.06];13587.17306;[0.8504];[-0.0996];13672.96660)]"
Hardness,Objective,feas,surplus,RuntimeRS,solutions
2,13672.966599200792,[0.8504],[-0.0996],60161.99970245361,"[(214.81156;[0.89];[-0.06];13587.17306;[0.8504];[-0.0996];13672.96660),(939.68725;[0.89];[-0.06];13587.17306;[0.8504];[-0.0996];13672.96660),(1609.92074;[0.89];[-0.06];13587.17306;[0.8504];[-0.0996];13672.96660),(2318.03679;[0.89];[-0.06];13587.17306;[0.8504];[-0.0996];13672.96660),(3062.18934;[0.89];[-0.06];13587.17306;[0.8504];[-0.0996];13672.96660),(3749.43089;[0.89];[-0.06];13587.17306;[0.8504];[-0.0996];13672.96660),(4438.73954;[0.89];[-0.06];13587.17306;[0.8504];[-0.0996];13672.96660),(5174.97230;[0.89];[-0.06];13587.17306;[0.8504];[-0.0996];13672.96660),(5876.64223;[0.89];[-0.06];13587.17306;[0.8504];[-0.0996];13672.96660),(6605.27968;[0.89];[-0.06];13587.17306;[0.8504];[-0.0996];13672.96660),(7324.05925;[0.89];[-0.06];13587.17306;[0.8504];[-0.0996];13672.96660),(8002.52771;[0.89];[-0.06];13587.17306;[0.8504];[-0.0996];13672.96660),(8731.73738;[0.89];[-0.06];13587.17306;[0.8504];[-0.0996];13672.96660),(9403.46861;[0.89];[-0.06];13587.17306;[0.8504];[-0.0996];13672.96660),(10095.86239;[0.89];[-0.06];13587.17306;[0.8504];[-0.0996];13672.96660),(10816.87713;[0.89];[-0.06];13587.17306;[0.8504];[-0.0996];13672.96660),(11507.09367;[0.89];[-0.06];13587.17306;[0.8504];[-0.0996];13672.96660),(12196.07663;[0.89];[-0.06];13587.17306;[0.8504];[-0.0996];13672.96660),(12906.44073;[0.89];[-0.06];13587.17306;[0.8504];[-0.0996];13672.96660),(13643.82768;[0.89];[-0.06];13587.17306;[0.8504];[-0.0996];13672.96660),(14345.53266;[0.89];[-0.06];13587.17306;[0.8504];[-0.0996];13672.96660),(15077.49891;[0.89];[-0.06];13587.17306;[0.8504];[-0.0996];13672.96660),(15767.74001;[0.89];[-0.06];13587.17306;[0.8504];[-0.0996];13672.96660),(16456.78902;[0.89];[-0.06];13587.17306;[0.8504];[-0.0996];13672.96660),(17172.32084;[0.89];[-0.06];13587.17306;[0.8504];[-0.0996];13672.96660),(17873.70014;[0.89];[-0.06];13587.17306;[0.8504];[-0.0996];13672.96660),(18609.13277;[0.89];[-0.06];13587.17306;[0.8504];[-0.0996];13672.96660),(19292.17339;[0.89];[-0.06];13587.17306;[0.8504];[-0.0996];13672.96660),(19977.34737;[0.89];[-0.06];13587.17306;[0.8504];[-0.0996];13672.96660),(20698.62652;[0.89];[-0.06];13587.17306;[0.8504];[-0.0996];13672.96660),(21401.96347;[0.89];[-0.06];13587.17306;[0.8504];[-0.0996];13672.96660),(22085.83713;[0.89];[-0.06];13587.17306;[0.8504];[-0.0996];13672.96660),(22824.93734;[0.89];[-0.06];13587.17306;[0.8504];[-0.0996];13672.96660),(23517.31133;[0.89];[-0.06];13587.17306;[0.8504];[-0.0996];13672.96660),(24228.75428;[0.89];[-0.06];13587.17306;[0.8504];[-0.0996];13672.96660),(24906.22568;[0.89];[-0.06];13587.17306;[0.8504];[-0.0996];13672.96660),(25570.04213;[0.89];[-0.06];13587.17306;[0.8504];[-0.0996];13672.96660),(26308.35342;[0.89];[-0.06];13587.17306;[0.8504];[-0.0996];13672.96660),(27049.00789;[0.89];[-0.06];13587.17306;[0.8504];[-0.0996];13672.96660),(27750.17047;[0.89];[-0.06];13587.17306;[0.8504];[-0.0996];13672.96660),(28405.06291;[0.89];[-0.06];13587.17306;[0.8504];[-0.0996];13672.96660),(29112.43391;[0.89];[-0.06];13587.17306;[0.8504];[-0.0996];13672.96660),(29834.00989;[0.89];[-0.06];13587.17306;[0.8504];[-0.0996];13672.96660),(30574.55659;[0.89];[-0.06];13587.17306;[0.8504];[-0.0996];13672.96660),(31253.92628;[0.89];[-0.06];13587.17306;[0.8504];[-0.0996];13672.96660),(31960.07419;[0.89];[-0.06];13587.17306;[0.8504];[-0.0996];13672.96660),(32720.46351;[0.89];[-0.06];13587.17306;[0.8504];[-0.0996];13672.96660),(33428.95412;[0.89];[-0.06];13587.17306;[0.8504];[-0.0996];13672.96660),(34125.42820;[0.89];[-0.06];13587.17306;[0.8504];[-0.0996];13672.96660)]"
Hardness,Objective,feas,surplus,RuntimeRS,solutions
2,13672.966599200792,[0.8504],[-0.0996],60059.077739715576,"[(215.72495;[0.89];[-0.06];13587.17306;[0.8504];[-0.0996];13672.96660),(966.83097;[0.89];[-0.06];13587.17306;[0.8504];[-0.0996];13672.96660),(1663.48577;[0.89];[-0.06];13587.17306;[0.8504];[-0.0996];13672.96660),(2445.34039;[0.89];[-0.06];13587.17306;[0.8504];[-0.0996];13672.96660),(3172.10770;[0.89];[-0.06];13587.17306;[0.8504];[-0.0996];13672.96660),(3878.33643;[0.89];[-0.06];13587.17306;[0.8504];[-0.0996];13672.96660),(4572.00360;[0.89];[-0.06];13587.17306;[0.8504];[-0.0996];13672.96660),(5310.13584;[0.89];[-0.06];13587.17306;[0.8504];[-0.0996];13672.96660),(5986.38439;[0.89];[-0.06];13587.17306;[0.8504];[-0.0996];13672.96660),(6696.52700;[0.89];[-0.06];13587.17306;[0.8504];[-0.0996];13672.96660),(7413.44595;[0.89];[-0.06];13587.17306;[0.8504];[-0.0996];13672.96660),(8108.21366;[0.89];[-0.06];13587.17306;[0.8504];[-0.0996];13672.96660),(8815.61184;[0.89];[-0.06];13587.17306;[0.8504];[-0.0996];13672.96660),(9488.54017;[0.89];[-0.06];13587.17306;[0.8504];[-0.0996];13672.96660),(10190.67574;[0.89];[-0.06];13587.17306;[0.8504];[-0.0996];13672.96660),(10914.69216;[0.89];[-0.06];13587.17306;[0.8504];[-0.0996];13672.96660),(11594.10381;[0.89];[-0.06];13587.17306;[0.8504];[-0.0996];13672.96660),(12291.32152;[0.89];[-0.06];13587.17306;[0.8504];[-0.0996];13672.96660),(13003.34072;[0.89];[-0.06];13587.17306;[0.8504];[-0.0996];13672.96660),(13717.17167;[0.89];[-0.06];13587.17306;[0.8504];[-0.0996];13672.96660),(14398.83423;[0.89];[-0.06];13587.17306;[0.8504];[-0.0996];13672.96660),(15109.21478;[0.89];[-0.06];13587.17306;[0.8504];[-0.0996];13672.96660),(15807.61838;[0.89];[-0.06];13587.17306;[0.8504];[-0.0996];13672.96660),(16506.37650;[0.89];[-0.06];13587.17306;[0.8504];[-0.0996];13672.96660),(17229.87723;[0.89];[-0.06];13587.17306;[0.8504];[-0.0996];13672.96660),(17903.78094;[0.89];[-0.06];13587.17306;[0.8504];[-0.0996];13672.96660),(18663.93661;[0.89];[-0.06];13587.17306;[0.8504];[-0.0996];13672.96660),(19357.97262;[0.89];[-0.06];13587.17306;[0.8504];[-0.0996];13672.96660),(20037.57119;[0.89];[-0.06];13587.17306;[0.8504];[-0.0996];13672.96660),(20766.97707;[0.89];[-0.06];13587.17306;[0.8504];[-0.0996];13672.96660),(21458.64844;[0.89];[-0.06];13587.17306;[0.8504];[-0.0996];13672.96660),(22128.78108;[0.89];[-0.06];13587.17306;[0.8504];[-0.0996];13672.96660),(22836.23981;[0.89];[-0.06];13587.17306;[0.8504];[-0.0996];13672.96660),(23534.08670;[0.89];[-0.06];13587.17306;[0.8504];[-0.0996];13672.96660),(24207.97229;[0.89];[-0.06];13587.17306;[0.8504];[-0.0996];13672.96660),(24933.76517;[0.89];[-0.06];13587.17306;[0.8504];[-0.0996];13672.96660),(25615.13162;[0.89];[-0.06];13587.17306;[0.8504];[-0.0996];13672.96660),(26270.66779;[0.89];[-0.06];13587.17306;[0.8504];[-0.0996];13672.96660),(26966.76898;[0.89];[-0.06];13587.17306;[0.8504];[-0.0996];13672.96660),(27652.42195;[0.89];[-0.06];13587.17306;[0.8504];[-0.0996];13672.96660),(28335.30712;[0.89];[-0.06];13587.17306;[0.8504];[-0.0996];13672.96660),(29038.96856;[0.89];[-0.06];13587.17306;[0.8504];[-0.0996];13672.96660),(29696.90418;[0.89];[-0.06];13587.17306;[0.8504];[-0.0996];13672.96660),(30421.67568;[0.89];[-0.06];13587.17306;[0.8504];[-0.0996];13672.96660),(31102.81968;[0.89];[-0.06];13587.17306;[0.8504];[-0.0996];13672.96660),(31782.77636;[0.89];[-0.06];13587.17306;[0.8504];[-0.0996];13672.96660),(32489.99834;[0.89];[-0.06];13587.17306;[0.8504];[-0.0996];13672.96660),(33165.34781;[0.89];[-0.06];13587.17306;[0.8504];[-0.0996];13672.96660),(33873.13437;[0.89];[-0.06];13587.17306;[0.8504];[-0.0996];13672.96660),(34578.52316;[0.89];[-0.06];13587.17306;[0.8504];[-0.0996];13672.96660),(35233.13689;[0.89];[-0.06];13587.17306;[0.8504];[-0.0996];13672.96660),(35896.82937;[0.89];[-0.06];13587.17306;[0.8504];[-0.0996];13672.96660),(36612.87141;[0.89];[-0.06];13587.17306;[0.8504];[-0.0996];13672.96660),(37301.09596;[0.89];[-0.06];13587.17306;[0.8504];[-0.0996];13672.96660),(37962.83340;[0.89];[-0.06];13587.17306;[0.8504];[-0.0996];13672.96660),(38682.24263;[0.89];[-0.06];13587.17306;[0.8504];[-0.0996];13672.96660),(39355.70288;[0.89];[-0.06];13587.17306;[0.8504];[-0.0996];13672.96660),(40060.08697;[0.89];[-0.06];13587.17306;[0.8504];[-0.0996];13672.96660),(40755.91755;[0.89];[-0.06];13587.17306;[0.8504];[-0.0996];13672.96660),(41439.68844;[0.89];[-0.06];13587.17306;[0.8504];[-0.0996];13672.96660),(42176.35393;[0.89];[-0.06];13587.17306;[0.8504];[-0.0996];13672.96660),(42874.45164;[0.89];[-0.06];13587.17306;[0.8504];[-0.0996];13672.96660),(43568.72416;[0.89];[-0.06];13587.17306;[0.8504];[-0.0996];13672.96660),(44283.34975;[0.89];[-0.06];13587.17306;[0.8504];[-0.0996];13672.96660),(44941.14161;[0.89];[-0.06];13587.17306;[0.8504];[-0.0996];13672.96660),(45606.63390;[0.89];[-0.06];13587.17306;[0.8504];[-0.0996];13672.96660),(46324.14079;[0.89];[-0.06];13587.17306;[0.8504];[-0.0996];13672.96660),(47023.65017;[0.89];[-0.06];13587.17306;[0.8504];[-0.0996];13672.96660),(47707.03936;[0.89];[-0.06];13587.17306;[0.8504];[-0.0996];13672.96660),(48422.05381;[0.89];[-0.06];13587.17306;[0.8504];[-0.0996];13672.96660),(49094.70963;[0.89];[-0.06];13587.17306;[0.8504];[-0.0996];13672.96660),(49830.96457;[0.89];[-0.06];13587.17306;[0.8504];[-0.0996];13672.96660),(50543.85662;[0.89];[-0.06];13587.17306;[0.8504];[-0.0996];13672.96660),(51280.92718;[0.89];[-0.06];13587.17306;[0.8504];[-0.0996];13672.96660),(51984.10106;[0.89];[-0.06];13587.17306;[0.8504];[-0.0996];13672.96660),(52696.35510;[0.89];[-0.06];13587.17306;[0.8504];[-0.0996];13672.96660),(53397.03131;[0.89];[-0.06];13587.17306;[0.8504];[-0.0996];13672.96660),(54119.31491;[0.89];[-0.06];13587.17306;[0.8504];[-0.0996];13672.96660),(54811.87010;[0.89];[-0.06];13587.17306;[0.8504];[-0.0996];13672.96660),(55510.44989;[0.89];[-0.06];13587.17306;[0.8504];[-0.0996];13672.96660),(56221.42076;[0.89];[-0.06];13587.17306;[0.8504];[-0.0996];13672.96660),(56944.39769;[0.89];[-0.06];13587.17306;[0.8504];[-0.0996];13672.96660),(57650.26164;[0.89];[-0.06];13587.17306;[0.8504];[-0.0996];13672.96660),(58373.09480;[0.89];[-0.06];13587.17306;[0.8504];[-0.0996];13672.96660),(59067.53230;[0.89];[-0.06];13587.17306;[0.8504];[-0.0996];13672.96660),(59773.55170;[0.89];[-0.06];13587.17306;[0.8504];[-0.0996];13672.96660)]"
Hardness,Objective,feas,surplus,RuntimeRS,solutions
Hardness,Objective,feas,surplus,RuntimeRS,solutions
Hardness,Objective,feas,surplus,RuntimeRS,solutions
Hardness,Objective,feas,surplus,RuntimeRS,solutions
Hardness,Objective,feas,surplus,RuntimeRS,solutions
Hardness,Objective,feas,surplus,RuntimeRS,solutions
2,13672.966599200792,[0.8504],[-0.0996],953.5069465637207,"[(204.28991;[0.89];[-0.06];13587.17306;[0.8504];[-0.0996];13672.96660),(938.13086;[0.89];[-0.06];13587.17306;[0.8504];[-0.0996];13672.96660)]"
Hardness,Objective,feas,surplus,RuntimeRS,solutions
2,13672.966599200792,[0.8504],[-0.0996],1009.0057849884033,"[(211.54523;[0.89];[-0.06];13587.17306;[0.8504];[-0.0996];13672.96660),(992.21325;[0.89];[-0.06];13587.17306;[0.8504];[-0.0996];13672.96660)]"
Hardness,Objective,feas,surplus,RuntimeRS,solutions
2,13672.966599200792,[0.8504],[-0.0996],980.628490447998,"[(206.70629;[0.89];[-0.06];13587.17306;[0.8504];[-0.0996];13672.96660),(963.00697;[0.89];[-0.06];13587.17306;[0.8504];[-0.0996];13672.96660)]"
Hardness,Objective,feas,surplus,RuntimeRS,solutions
Hardness,Objective,feas,surplus,RuntimeRS,solutions
Hardness,Objective,feas,surplus,RuntimeRS,solutions
2,13025.501199082173,[0.9113],[-0.0387],2714.747190475464,"[(212.82339;[0.89];[-0.06];13587.17306;[0.8504];[-0.0996];13672.96660),(962.84366;[0.89];[-0.06];13587.17306;[0.8504];[-0.0996];13672.96660),(1264.27484;[0.89];[-0.06];13587.17306;[0.8504];[-0.0996];13672.96660),(1571.34533;[0.89];[-0.06];13587.17306;[0.8504];[-0.0996];13672.96660),(1867.78426;[0.89];[-0.06];13587.17306;[0.8504];[-0.0996];13672.96660),(2160.95972;[0.89];[-0.06];13587.17306;[0.8504];[-0.0996];13672.96660),(2267.42196;[0.93];[-0.02];13368.61720;[0.8836];[-0.0664];13311.92379),(2493.27421;[0.97];[0.02];12827.69054;[0.9355];[-0.0145];12723.18327),(2698.72212;[0.96];[0.01];13139.25780;[0.9113];[-0.0387];13025.50120)]"
Hardness,Objective,feas,surplus,RuntimeRS,solutions
0,18165.8449077715,[0.9445],[-0.0055],168.58768463134766,[(149.23358;[0.97];[0.02];18200.38900;[0.9445];[-0.0055];18165.84491)]
1,15794.391192837762,[0.9123],[-0.0377],115.3712272644043,[(100.11864;[0.96];[0.01];15757.17244;[0.9123];[-0.0377];15794.39119)]
Hardness,Objective,feas,surplus,RuntimeRS,solutions
0,18165.8449077715,[0.9445],[-0.0055],165.4648780822754,[(147.42613;[0.97];[0.02];18200.38900;[0.9445];[-0.0055];18165.84491)]
1,15794.391192837762,[0.9123],[-0.0377],122.12872505187988,[(107.15389;[0.96];[0.01];15757.17244;[0.9123];[-0.0377];15794.39119)]
2,13025.501199082173,[0.9113],[-0.0387],2644.2337036132812,"[(208.03595;[0.89];[-0.06];13587.17306;[0.8504];[-0.0996];13672.96660),(908.82063;[0.89];[-0.06];13587.17306;[0.8504];[-0.0996];13672.96660),(1193.92133;[0.89];[-0.06];13587.17306;[0.8504];[-0.0996];13672.96660),(1498.03352;[0.89];[-0.06];13587.17306;[0.8504];[-0.0996];13672.96660),(1792.61518;[0.89];[-0.06];13587.17306;[0.8504];[-0.0996];13672.96660),(2085.92153;[0.89];[-0.06];13587.17306;[0.8504];[-0.0996];13672.96660),(2174.69907;[0.93];[-0.02];13368.61720;[0.8836];[-0.0664];13311.92379),(2418.87259;[0.97];[0.02];12827.69054;[0.9355];[-0.0145];12723.18327),(2628.38149;[0.96];[0.01];13139.25780;[0.9113];[-0.0387];13025.50120)]"
3,10801.765494785626,[0.902],[-0.048],600216.1827087402,"[(278.86987;[0.79];[-0.16];11873.42084;[0.7491];[-0.2009];12004.11498),(1293.87832;[0.79];[-0.16];11873.39854;[0.7505];[-0.1995];12006.57351),(1729.18844;[0.79];[-0.16];11873.42084;[0.7491];[-0.2009];12004.11498),(2209.98478;[0.79];[-0.16];11873.42084;[0.7491];[-0.2009];12004.11498),(2700.22821;[0.79];[-0.16];11873.42084;[0.7491];[-0.2009];12004.11498),(3209.61046;[0.79];[-0.16];11873.42084;[0.7491];[-0.2009];12004.11498),(3477.90861;[0.88];[-0.07];11507.71667;[0.8403];[-0.1097];11449.08525),(3705.09601;[0.97];[0.02];10438.24330;[0.9249];[-0.0251];10390.82410),(3960.05487;[0.93];[-0.02];11192.45951;[0.8846];[-0.0654];11107.32908),(4052.37365;[0.95];[0.];10859.57816;[0.902];[-0.048];10801.76549),(4363.50799;[0.96];[0.01];10691.92625;[0.9126];[-0.0374];10643.08418),(4461.96795;[0.95];[0.];10784.38081;[0.9094];[-0.0406];10734.79149),(4988.52515;[0.95];[0.];10720.85646;[0.911];[-0.039];10670.08006),(5319.30566;[0.95];[0.];10701.18272;[0.9095];[-0.0405];10655.13444),(5515.13910;[0.95];[0.];10696.27159;[0.9162];[-0.0338];10645.45702),(5668.70856;[0.96];[0.01];10695.25979;[0.9127];[-0.0373];10646.32551),(5773.67687;[0.97];[0.02];10695.92270;[0.913];[-0.037];10646.78912),(5876.66202;[0.97];[0.02];10695.92270;[0.913];[-0.037];10646.78912),(5965.73377;[0.95];[0.];10696.27159;[0.9162];[-0.0338];10645.45702),(6102.18716;[0.96];[0.01];10696.04406;[0.9129];[-0.0371];10647.47586),(6210.79135;[0.96];[0.01];10696.04406;[0.9129];[-0.0371];10647.47586),(6316.81585;[0.96];[0.01];10696.04406;[0.9129];[-0.0371];10647.47586),(7361.70197;[0.79];[-0.16];11873.39854;[0.7505];[-0.1995];12006.57351),(7785.09259;[0.79];[-0.16];11873.42084;[0.7491];[-0.2009];12004.11498),(8276.83258;[0.79];[-0.16];11873.42084;[0.7491];[-0.2009];12004.11498),(8778.27835;[0.79];[-0.16];11873.42084;[0.7491];[-0.2009];12004.11498),(9267.96246;[0.79];[-0.16];11873.42084;[0.7491];[-0.2009];12004.11498),(9514.79483;[0.88];[-0.07];11507.71667;[0.8403];[-0.1097];11449.08525),(9763.14259;[0.97];[0.02];10438.24330;[0.9249];[-0.0251];10390.82410),(10002.08664;[0.93];[-0.02];11192.45951;[0.8846];[-0.0654];11107.32908),(10100.08669;[0.95];[0.];10859.57816;[0.902];[-0.048];10801.76549),(10410.09593;[0.96];[0.01];10691.92625;[0.9126];[-0.0374];10643.08418),(10518.29791;[0.95];[0.];10784.38081;[0.9094];[-0.0406];10734.79149),(11026.65353;[0.95];[0.];10720.85646;[0.911];[-0.039];10670.08006),(11401.70932;[0.95];[0.];10701.18272;[0.9095];[-0.0405];10655.13444),(11607.17392;[0.95];[0.];10696.27159;[0.9162];[-0.0338];10645.45702),(11762.51268;[0.96];[0.01];10695.25979;[0.9127];[-0.0373];10646.32551),(11865.13686;[0.97];[0.02];10695.92270;[0.913];[-0.037];10646.78912),(11970.43324;[0.97];[0.02];10695.92270;[0.913];[-0.037];10646.78912),(12067.71135;[0.95];[0.];10696.27159;[0.9162];[-0.0338];10645.45702),(12196.10620;[0.96];[0.01];10696.04406;[0.9129];[-0.0371];10647.47586),(12290.96460;[0.96];[0.01];10696.04406;[0.9129];[-0.0371];10647.47586),(12396.99173;[0.96];[0.01];10696.04406;[0.9129];[-0.0371];10647.47586),(13150.11287;[0.79];[-0.16];11873.39854;[0.7505];[-0.1995];12006.57351),(13608.50668;[0.79];[-0.16];11873.42084;[0.7491];[-0.2009];12004.11498),(14074.63527;[0.79];[-0.16];11873.42084;[0.7491];[-0.2009];12004.11498),(14578.01461;[0.79];[-0.16];11873.42084;[0.7491];[-0.2009];12004.11498),(15096.66920;[0.79];[-0.16];11873.42084;[0.7491];[-0.2009];12004.11498),(15359.67183;[0.88];[-0.07];11507.71667;[0.8403];[-0.1097];11449.08525),(15605.47495;[0.97];[0.02];10438.24330;[0.9249];[-0.0251];10390.82410),(15877.86651;[0.93];[-0.02];11192.45951;[0.8846];[-0.0654];11107.32908),(15967.01503;[0.95];[0.];10859.57816;[0.902];[-0.048];10801.76549),(16261.00373;[0.96];[0.01];10691.92625;[0.9126];[-0.0374];10643.08418),(16358.67953;[0.95];[0.];10784.38081;[0.9094];[-0.0406];10734.79149),(16864.50791;[0.95];[0.];10720.85646;[0.911];[-0.039];10670.08006),(17237.98990;[0.95];[0.];10701.18272;[0.9095];[-0.0405];10655.13444),(17439.86964;[0.95];[0.];10696.27159;[0.9162];[-0.0338];10645.45702),(17579.36382;[0.96];[0.01];10695.25979;[0.9127];[-0.0373];10646.32551),(17687.55579;[0.97];[0.02];10695.92270;[0.913];[-0.037];10646.78912),(17782.33171;[0.97];[0.02];10695.92270;[0.913];[-0.037];10646.78912),(17874.86029;[0.95];[0.];10696.27159;[0.9162];[-0.0338];10645.45702),(18008.45838;[0.96];[0.01];10696.04406;[0.9129];[-0.0371];10647.47586),(18112.15258;[0.96];[0.01];10696.04406;[0.9129];[-0.0371];10647.47586),(18217.56124;[0.96];[0.01];10696.04406;[0.9129];[-0.0371];10647.47586),(18972.64194;[0.79];[-0.16];11873.39854;[0.7505];[-0.1995];12006.57351),(19416.33630;[0.79];[-0.16];11873.42084;[0.7491];[-0.2009];12004.11498),(19908.56624;[0.79];[-0.16];11873.42084;[0.7491];[-0.2009];12004.11498),(20364.37011;[0.79];[-0.16];11873.42084;[0.7491];[-0.2009];12004.11498),(20875.25153;[0.79];[-0.16];11873.42084;[0.7491];[-0.2009];12004.11498),(21147.53461;[0.88];[-0.07];11507.71667;[0.8403];[-0.1097];11449.08525),(21385.95295;[0.97];[0.02];10438.24330;[0.9249];[-0.0251];10390.82410),(21659.38973;[0.93];[-0.02];11192.45951;[0.8846];[-0.0654];11107.32908),(21755.51915;[0.95];[0.];10859.57816;[0.902];[-0.048];10801.76549),(22078.27449;[0.96];[0.01];10691.92625;[0.9126];[-0.0374];10643.08418),(22166.51130;[0.95];[0.];10784.38081;[0.9094];[-0.0406];10734.79149),(22633.95619;[0.95];[0.];10720.85646;[0.911];[-0.039];10670.08006),(23006.23584;[0.95];[0.];10701.18272;[0.9095];[-0.0405];10655.13444),(23201.88904;[0.95];[0.];10696.27159;[0.9162];[-0.0338];10645.45702),(23365.74125;[0.96];[0.01];10695.25979;[0.9127];[-0.0373];10646.32551),(23480.76916;[0.97];[0.02];10695.92270;[0.913];[-0.037];10646.78912),(23590.60407;[0.97];[0.02];10695.92270;[0.913];[-0.037];10646.78912),(23688.53283;[0.95];[0.];10696.27159;[0.9162];[-0.0338];10645.45702),(23811.50770;[0.96];[0.01];10696.04406;[0.9129];[-0.0371];10647.47586),(23914.88743;[0.96];[0.01];10696.04406;[0.9129];[-0.0371];10647.47586),(24005.95427;[0.96];[0.01];10696.04406;[0.9129];[-0.0371];10647.47586),(24740.19432;[0.79];[-0.16];11873.39854;[0.7505];[-0.1995];12006.57351),(25180.00078;[0.79];[-0.16];11873.42084;[0.7491];[-0.2009];12004.11498),(25697.85118;[0.79];[-0.16];11873.42084;[0.7491];[-0.2009];12004.11498),(26149.48702;[0.79];[-0.16];11873.42084;[0.7491];[-0.2009];12004.11498),(26654.37460;[0.79];[-0.16];11873.42084;[0.7491];[-0.2009];12004.11498),(26914.03031;[0.88];[-0.07];11507.71667;[0.8403];[-0.1097];11449.08525),(27144.21225;[0.97];[0.02];10438.24330;[0.9249];[-0.0251];10390.82410),(27379.55904;[0.93];[-0.02];11192.45951;[0.8846];[-0.0654];11107.32908),(27476.63498;[0.95];[0.];10859.57816;[0.902];[-0.048];10801.76549),(27765.00463;[0.96];[0.01];10691.92625;[0.9126];[-0.0374];10643.08418),(27871.85574;[0.95];[0.];10784.38081;[0.9094];[-0.0406];10734.79149),(28344.58327;[0.95];[0.];10720.85646;[0.911];[-0.039];10670.08006),(28743.03293;[0.95];[0.];10701.18272;[0.9095];[-0.0405];10655.13444),(28940.44065;[0.95];[0.];10696.27159;[0.9162];[-0.0338];10645.45702),(29084.43785;[0.96];[0.01];10695.25979;[0.9127];[-0.0373];10646.32551),(29174.91555;[0.97];[0.02];10695.92270;[0.913];[-0.037];10646.78912),(29268.94855;[0.97];[0.02];10695.92270;[0.913];[-0.037];10646.78912),(29360.39925;[0.95];[0.];10696.27159;[0.9162];[-0.0338];10645.45702),(29468.94193;[0.96];[0.01];10696.04406;[0.9129];[-0.0371];10647.47586),(29563.38000;[0.96];[0.01];10696.04406;[0.9129];[-0.0371];10647.47586),(29654.45495;[0.96];[0.01];10696.04406;[0.9129];[-0.0371];10647.47586),(30418.31803;[0.79];[-0.16];11873.39854;[0.7505];[-0.1995];12006.57351),(30838.88030;[0.79];[-0.16];11873.42084;[0.7491];[-0.2009];12004.11498),(31339.86688;[0.79];[-0.16];11873.42084;[0.7491];[-0.2009];12004.11498),(31789.40892;[0.79];[-0.16];11873.42084;[0.7491];[-0.2009];12004.11498),(32299.32427;[0.79];[-0.16];11873.42084;[0.7491];[-0.2009];12004.11498),(32545.11690;[0.88];[-0.07];11507.71667;[0.8403];[-0.1097];11449.08525),(32784.97458;[0.97];[0.02];10438.24330;[0.9249];[-0.0251];10390.82410),(33042.42182;[0.93];[-0.02];11192.45951;[0.8846];[-0.0654];11107.32908),(33137.12692;[0.95];[0.];10859.57816;[0.902];[-0.048];10801.76549),(33457.48186;[0.96];[0.01];10691.92625;[0.9126];[-0.0374];10643.08418),(33566.71357;[0.95];[0.];10784.38081;[0.9094];[-0.0406];10734.79149),(33994.73166;[0.95];[0.];10720.85646;[0.911];[-0.039];10670.08006),(34324.08714;[0.95];[0.];10701.18272;[0.9095];[-0.0405];10655.13444),(34499.76087;[0.95];[0.];10696.27159;[0.9162];[-0.0338];10645.45702),(34641.20412;[0.96];[0.01];10695.25979;[0.9127];[-0.0373];10646.32551),(34744.54784;[0.97];[0.02];10695.92270;[0.913];[-0.037];10646.78912),(34858.77132;[0.97];[0.02];10695.92270;[0.913];[-0.037];10646.78912),(34953.65691;[0.95];[0.];10696.27159;[0.9162];[-0.0338];10645.45702),(35092.26155;[0.96];[0.01];10696.04406;[0.9129];[-0.0371];10647.47586),(35204.83303;[0.96];[0.01];10696.04406;[0.9129];[-0.0371];10647.47586),(35296.01574;[0.96];[0.01];10696.04406;[0.9129];[-0.0371];10647.47586),(36068.40634;[0.79];[-0.16];11873.39854;[0.7505];[-0.1995];12006.57351),(36508.52656;[0.79];[-0.16];11873.42084;[0.7491];[-0.2009];12004.11498),(36991.81938;[0.79];[-0.16];11873.42084;[0.7491];[-0.2009];12004.11498),(37487.31756;[0.79];[-0.16];11873.42084;[0.7491];[-0.2009];12004.11498),(37967.04793;[0.79];[-0.16];11873.42084;[0.7491];[-0.2009];12004.11498),(38230.85332;[0.88];[-0.07];11507.71667;[0.8403];[-0.1097];11449.08525),(38457.82995;[0.97];[0.02];10438.24330;[0.9249];[-0.0251];10390.82410),(38714.64014;[0.93];[-0.02];11192.45951;[0.8846];[-0.0654];11107.32908),(38809.34095;[0.95];[0.];10859.57816;[0.902];[-0.048];10801.76549),(39106.53424;[0.96];[0.01];10691.92625;[0.9126];[-0.0374];10643.08418),(39211.22026;[0.95];[0.];10784.38081;[0.9094];[-0.0406];10734.79149),(39678.11155;[0.95];[0.];10720.85646;[0.911];[-0.039];10670.08006),(40077.12913;[0.95];[0.];10701.18272;[0.9095];[-0.0405];10655.13444),(40274.62053;[0.95];[0.];10696.27159;[0.9162];[-0.0338];10645.45702),(40439.56637;[0.96];[0.01];10695.25979;[0.9127];[-0.0373];10646.32551),(40545.60995;[0.97];[0.02];10695.92270;[0.913];[-0.037];10646.78912),(40658.09226;[0.97];[0.02];10695.92270;[0.913];[-0.037];10646.78912),(40768.99147;[0.95];[0.];10696.27159;[0.9162];[-0.0338];10645.45702),(40887.71749;[0.96];[0.01];10696.04406;[0.9129];[-0.0371];10647.47586),(41011.80792;[0.96];[0.01];10696.04406;[0.9129];[-0.0371];10647.47586),(41125.82898;[0.96];[0.01];10696.04406;[0.9129];[-0.0371];10647.47586),(41893.37873;[0.79];[-0.16];11873.39854;[0.7505];[-0.1995];12006.57351),(42349.81346;[0.79];[-0.16];11873.42084;[0.7491];[-0.2009];12004.11498),(42887.39657;[0.79];[-0.16];11873.42084;[0.7491];[-0.2009];12004.11498),(43364.98809;[0.79];[-0.16];11873.42084;[0.7491];[-0.2009];12004.11498),(43842.42797;[0.79];[-0.16];11873.42084;[0.7491];[-0.2009];12004.11498),(44118.71266;[0.88];[-0.07];11507.71667;[0.8403];[-0.1097];11449.08525),(44341.09330;[0.97];[0.02];10438.24330;[0.9249];[-0.0251];10390.82410),(44601.71676;[0.93];[-0.02];11192.45951;[0.8846];[-0.0654];11107.32908),(44700.14811;[0.95];[0.];10859.57816;[0.902];[-0.048];10801.76549),(44998.04187;[0.96];[0.01];10691.92625;[0.9126];[-0.0374];10643.08418),(45084.30409;[0.95];[0.];10784.38081;[0.9094];[-0.0406];10734.79149),(45534.38044;[0.95];[0.];10720.85646;[0.911];[-0.039];10670.08006),(45861.72199;[0.95];[0.];10701.18272;[0.9095];[-0.0405];10655.13444),(46046.60583;[0.95];[0.];10696.27159;[0.9162];[-0.0338];10645.45702),(46190.77229;[0.96];[0.01];10695.25979;[0.9127];[-0.0373];10646.32551),(46304.30388;[0.97];[0.02];10695.92270;[0.913];[-0.037];10646.78912),(46402.54760;[0.97];[0.02];10695.92270;[0.913];[-0.037];10646.78912),(46498.60191;[0.95];[0.];10696.27159;[0.9162];[-0.0338];10645.45702),(46614.58015;[0.96];[0.01];10696.04406;[0.9129];[-0.0371];10647.47586),(46716.43949;[0.96];[0.01];10696.04406;[0.9129];[-0.0371];10647.47586),(46813.50136;[0.96];[0.01];10696.04406;[0.9129];[-0.0371];10647.47586),(47572.51835;[0.79];[-0.16];11873.39854;[0.7505];[-0.1995];12006.57351),(48033.60558;[0.79];[-0.16];11873.42084;[0.7491];[-0.2009];12004.11498),(48533.39148;[0.79];[-0.16];11873.42084;[0.7491];[-0.2009];12004.11498),(49012.77637;[0.79];[-0.16];11873.42084;[0.7491];[-0.2009];12004.11498),(49521.54517;[0.79];[-0.16];11873.42084;[0.7491];[-0.2009];12004.11498),(49818.54248;[0.88];[-0.07];11507.71667;[0.8403];[-0.1097];11449.08525),(50053.22623;[0.97];[0.02];10438.24330;[0.9249];[-0.0251];10390.82410),(50326.14374;[0.93];[-0.02];11192.45951;[0.8846];[-0.0654];11107.32908),(50416.84508;[0.95];[0.];10859.57816;[0.902];[-0.048];10801.76549),(50756.96492;[0.96];[0.01];10691.92625;[0.9126];[-0.0374];10643.08418),(50855.15952;[0.95];[0.];10784.38081;[0.9094];[-0.0406];10734.79149),(51314.43572;[0.95];[0.];10720.85646;[0.911];[-0.039];10670.08006),(51721.86136;[0.95];[0.];10701.18272;[0.9095];[-0.0405];10655.13444),(51904.41298;[0.95];[0.];10696.27159;[0.9162];[-0.0338];10645.45702),(52067.02447;[0.96];[0.01];10695.25979;[0.9127];[-0.0373];10646.32551),(52177.11329;[0.97];[0.02];10695.92270;[0.913];[-0.037];10646.78912),(52287.25767;[0.97];[0.02];10695.92270;[0.913];[-0.037];10646.78912),(52386.14702;[0.95];[0.];10696.27159;[0.9162];[-0.0338];10645.45702),(52507.86996;[0.96];[0.01];10696.04406;[0.9129];[-0.0371];10647.47586),(52607.96380;[0.96];[0.01];10696.04406;[0.9129];[-0.0371];10647.47586),(52701.77388;[0.96];[0.01];10696.04406;[0.9129];[-0.0371];10647.47586),(53471.42005;[0.79];[-0.16];11873.39854;[0.7505];[-0.1995];12006.57351),(53928.97820;[0.79];[-0.16];11873.42084;[0.7491];[-0.2009];12004.11498),(54411.49449;[0.79];[-0.16];11873.42084;[0.7491];[-0.2009];12004.11498),(54909.57141;[0.79];[-0.16];11873.42084;[0.7491];[-0.2009];12004.11498),(55394.21558;[0.79];[-0.16];11873.42084;[0.7491];[-0.2009];12004.11498),(55635.76245;[0.88];[-0.07];11507.71667;[0.8403];[-0.1097];11449.08525),(55869.40742;[0.97];[0.02];10438.24330;[0.9249];[-0.0251];10390.82410),(56111.91082;[0.93];[-0.02];11192.45951;[0.8846];[-0.0654];11107.32908),(56208.26769;[0.95];[0.];10859.57816;[0.902];[-0.048];10801.76549),(56530.77149;[0.96];[0.01];10691.92625;[0.9126];[-0.0374];10643.08418),(56622.37406;[0.95];[0.];10784.38081;[0.9094];[-0.0406];10734.79149),(57093.68110;[0.95];[0.];10720.85646;[0.911];[-0.039];10670.08006),(57496.42181;[0.95];[0.];10701.18272;[0.9095];[-0.0405];10655.13444),(57685.55665;[0.95];[0.];10696.27159;[0.9162];[-0.0338];10645.45702),(57826.40362;[0.96];[0.01];10695.25979;[0.9127];[-0.0373];10646.32551),(57935.41431;[0.97];[0.02];10695.92270;[0.913];[-0.037];10646.78912),(58038.30504;[0.97];[0.02];10695.92270;[0.913];[-0.037];10646.78912),(58134.92322;[0.95];[0.];10696.27159;[0.9162];[-0.0338];10645.45702),(58258.90183;[0.96];[0.01];10696.04406;[0.9129];[-0.0371];10647.47586),(58366.39857;[0.96];[0.01];10696.04406;[0.9129];[-0.0371];10647.47586),(58469.02108;[0.96];[0.01];10696.04406;[0.9129];[-0.0371];10647.47586),(59201.44749;[0.79];[-0.16];11873.39854;[0.7505];[-0.1995];12006.57351),(59628.80850;[0.79];[-0.16];11873.42084;[0.7491];[-0.2009];12004.11498),(60090.53612;[0.79];[-0.16];11873.42084;[0.7491];[-0.2009];12004.11498),(60595.60847;[0.79];[-0.16];11873.42084;[0.7491];[-0.2009];12004.11498),(61072.08586;[0.79];[-0.16];11873.42084;[0.7491];[-0.2009];12004.11498),(61332.21030;[0.88];[-0.07];11507.71667;[0.8403];[-0.1097];11449.08525),(61583.46510;[0.97];[0.02];10438.24330;[0.9249];[-0.0251];10390.82410),(61841.94946;[0.93];[-0.02];11192.45951;[0.8846];[-0.0654];11107.32908),(61931.43463;[0.95];[0.];10859.57816;[0.902];[-0.048];10801.76549),(62222.28789;[0.96];[0.01];10691.92625;[0.9126];[-0.0374];10643.08418),(62328.47834;[0.95];[0.];10784.38081;[0.9094];[-0.0406];10734.79149),(62793.01810;[0.95];[0.];10720.85646;[0.911];[-0.039];10670.08006),(63145.84684;[0.95];[0.];10701.18272;[0.9095];[-0.0405];10655.13444),(63345.51716;[0.95];[0.];10696.27159;[0.9162];[-0.0338];10645.45702),(63501.81818;[0.96];[0.01];10695.25979;[0.9127];[-0.0373];10646.32551),(63607.80644;[0.97];[0.02];10695.92270;[0.913];[-0.037];10646.78912),(63712.60977;[0.97];[0.02];10695.92270;[0.913];[-0.037];10646.78912),(63812.00480;[0.95];[0.];10696.27159;[0.9162];[-0.0338];10645.45702),(63944.70882;[0.96];[0.01];10696.04406;[0.9129];[-0.0371];10647.47586),(64045.75276;[0.96];[0.01];10696.04406;[0.9129];[-0.0371];10647.47586),(64144.22274;[0.96];[0.01];10696.04406;[0.9129];[-0.0371];10647.47586),(64966.77303;[0.79];[-0.16];11873.39854;[0.7505];[-0.1995];12006.57351),(65379.77219;[0.79];[-0.16];11873.42084;[0.7491];[-0.2009];12004.11498),(65843.23859;[0.79];[-0.16];11873.42084;[0.7491];[-0.2009];12004.11498),(66371.16385;[0.79];[-0.16];11873.42084;[0.7491];[-0.2009];12004.11498),(66863.41834;[0.79];[-0.16];11873.42084;[0.7491];[-0.2009];12004.11498),(67159.06167;[0.88];[-0.07];11507.71667;[0.8403];[-0.1097];11449.08525),(67396.73305;[0.97];[0.02];10438.24330;[0.9249];[-0.0251];10390.82410),(67638.03911;[0.93];[-0.02];11192.45951;[0.8846];[-0.0654];11107.32908),(67733.73032;[0.95];[0.];10859.57816;[0.902];[-0.048];10801.76549),(68046.72003;[0.96];[0.01];10691.92625;[0.9126];[-0.0374];10643.08418),(68141.62636;[0.95];[0.];10784.38081;[0.9094];[-0.0406];10734.79149),(68649.90067;[0.95];[0.];10720.85646;[0.911];[-0.039];10670.08006),(69048.39969;[0.95];[0.];10701.18272;[0.9095];[-0.0405];10655.13444),(69224.60032;[0.95];[0.];10696.27159;[0.9162];[-0.0338];10645.45702),(69367.72776;[0.96];[0.01];10695.25979;[0.9127];[-0.0373];10646.32551),(69469.46168;[0.97];[0.02];10695.92270;[0.913];[-0.037];10646.78912),(69574.28718;[0.97];[0.02];10695.92270;[0.913];[-0.037];10646.78912),(69667.45710;[0.95];[0.];10696.27159;[0.9162];[-0.0338];10645.45702),(69809.29470;[0.96];[0.01];10696.04406;[0.9129];[-0.0371];10647.47586),(69902.49920;[0.96];[0.01];10696.04406;[0.9129];[-0.0371];10647.47586),(70005.99194;[0.96];[0.01];10696.04406;[0.9129];[-0.0371];10647.47586),(70737.89859;[0.79];[-0.16];11873.39854;[0.7505];[-0.1995];12006.57351),(71181.23984;[0.79];[-0.16];11873.42084;[0.7491];[-0.2009];12004.11498),(71663.18846;[0.79];[-0.16];11873.42084;[0.7491];[-0.2009];12004.11498),(72173.03991;[0.79];[-0.16];11873.42084;[0.7491];[-0.2009];12004.11498),(72667.54651;[0.79];[-0.16];11873.42084;[0.7491];[-0.2009];12004.11498),(72945.57333;[0.88];[-0.07];11507.71667;[0.8403];[-0.1097];11449.08525),(73163.76400;[0.97];[0.02];10438.24330;[0.9249];[-0.0251];10390.82410),(73422.30344;[0.93];[-0.02];11192.45951;[0.8846];[-0.0654];11107.32908),(73521.42143;[0.95];[0.];10859.57816;[0.902];[-0.048];10801.76549),(73837.70227;[0.96];[0.01];10691.92625;[0.9126];[-0.0374];10643.08418),(73944.29803;[0.95];[0.];10784.38081;[0.9094];[-0.0406];10734.79149),(74410.85792;[0.95];[0.];10720.85646;[0.911];[-0.039];10670.08006),(74810.95362;[0.95];[0.];10701.18272;[0.9095];[-0.0405];10655.13444),(74996.73820;[0.95];[0.];10696.27159;[0.9162];[-0.0338];10645.45702),(75133.24857;[0.96];[0.01];10695.25979;[0.9127];[-0.0373];10646.32551),(75241.19782;[0.97];[0.02];10695.92270;[0.913];[-0.037];10646.78912),(75349.86567;[0.97];[0.02];10695.92270;[0.913];[-0.037];10646.78912),(75448.20929;[0.95];[0.];10696.27159;[0.9162];[-0.0338];10645.45702),(75604.03943;[0.96];[0.01];10696.04406;[0.9129];[-0.0371];10647.47586),(75715.11650;[0.96];[0.01];10696.04406;[0.9129];[-0.0371];10647.47586),(75826.25866;[0.96];[0.01];10696.04406;[0.9129];[-0.0371];10647.47586),(76596.10772;[0.79];[-0.16];11873.39854;[0.7505];[-0.1995];12006.57351),(77048.70892;[0.79];[-0.16];11873.42084;[0.7491];[-0.2009];12004.11498),(77540.24482;[0.79];[-0.16];11873.42084;[0.7491];[-0.2009];12004.11498),(78041.98384;[0.79];[-0.16];11873.42084;[0.7491];[-0.2009];12004.11498),(78522.36366;[0.79];[-0.16];11873.42084;[0.7491];[-0.2009];12004.11498),(78779.10137;[0.88];[-0.07];11507.71667;[0.8403];[-0.1097];11449.08525),(79021.63053;[0.97];[0.02];10438.24330;[0.9249];[-0.0251];10390.82410),(79255.92494;[0.93];[-0.02];11192.45951;[0.8846];[-0.0654];11107.32908),(79351.19915;[0.95];[0.];10859.57816;[0.902];[-0.048];10801.76549),(79686.60355;[0.96];[0.01];10691.92625;[0.9126];[-0.0374];10643.08418),(79782.19795;[0.95];[0.];10784.38081;[0.9094];[-0.0406];10734.79149),(80213.12499;[0.95];[0.];10720.85646;[0.911];[-0.039];10670.08006),(80590.82866;[0.95];[0.];10701.18272;[0.9095];[-0.0405];10655.13444),(80788.65385;[0.95];[0.];10696.27159;[0.9162];[-0.0338];10645.45702),(80931.35810;[0.96];[0.01];10695.25979;[0.9127];[-0.0373];10646.32551),(81033.82349;[0.97];[0.02];10695.92270;[0.913];[-0.037];10646.78912),(81150.67029;[0.97];[0.02];10695.92270;[0.913];[-0.037];10646.78912),(81251.39952;[0.95];[0.];10696.27159;[0.9162];[-0.0338];10645.45702),(81392.11035;[0.96];[0.01];10696.04406;[0.9129];[-0.0371];10647.47586),(81487.83970;[0.96];[0.01];10696.04406;[0.9129];[-0.0371];10647.47586),(81579.44870;[0.96];[0.01];10696.04406;[0.9129];[-0.0371];10647.47586),(82340.31940;[0.79];[-0.16];11873.39854;[0.7505];[-0.1995];12006.57351),(82768.09812;[0.79];[-0.16];11873.42084;[0.7491];[-0.2009];12004.11498),(83259.15694;[0.79];[-0.16];11873.42084;[0.7491];[-0.2009];12004.11498),(83761.56449;[0.79];[-0.16];11873.42084;[0.7491];[-0.2009];12004.11498),(84245.74041;[0.79];[-0.16];11873.42084;[0.7491];[-0.2009];12004.11498),(84493.78896;[0.88];[-0.07];11507.71667;[0.8403];[-0.1097];11449.08525),(84714.91051;[0.97];[0.02];10438.24330;[0.9249];[-0.0251];10390.82410),(85007.69544;[0.93];[-0.02];11192.45951;[0.8846];[-0.0654];11107.32908),(85099.25294;[0.95];[0.];10859.57816;[0.902];[-0.048];10801.76549),(85414.82925;[0.96];[0.01];10691.92625;[0.9126];[-0.0374];10643.08418),(85523.54121;[0.95];[0.];10784.38081;[0.9094];[-0.0406];10734.79149),(86044.40379;[0.95];[0.];10720.85646;[0.911];[-0.039];10670.08006),(86446.89941;[0.95];[0.];10701.18272;[0.9095];[-0.0405];10655.13444),(86629.01855;[0.95];[0.];10696.27159;[0.9162];[-0.0338];10645.45702),(86766.01124;[0.96];[0.01];10695.25979;[0.9127];[-0.0373];10646.32551),(86869.75551;[0.97];[0.02];10695.92270;[0.913];[-0.037];10646.78912),(86978.01900;[0.97];[0.02];10695.92270;[0.913];[-0.037];10646.78912),(87073.74620;[0.95];[0.];10696.27159;[0.9162];[-0.0338];10645.45702),(87199.32604;[0.96];[0.01];10696.04406;[0.9129];[-0.0371];10647.47586),(87314.61787;[0.96];[0.01];10696.04406;[0.9129];[-0.0371];10647.47586),(87417.61184;[0.96];[0.01];10696.04406;[0.9129];[-0.0371];10647.47586),(88172.47653;[0.79];[-0.16];11873.39854;[0.7505];[-0.1995];12006.57351),(88616.63127;[0.79];[-0.16];11873.42084;[0.7491];[-0.2009];12004.11498),(89099.62678;[0.79];[-0.16];11873.42084;[0.7491];[-0.2009];12004.11498),(89583.90307;[0.79];[-0.16];11873.42084;[0.7491];[-0.2009];12004.11498),(90114.89773;[0.79];[-0.16];11873.42084;[0.7491];[-0.2009];12004.11498),(90359.69663;[0.88];[-0.07];11507.71667;[0.8403];[-0.1097];11449.08525),(90602.44203;[0.97];[0.02];10438.24330;[0.9249];[-0.0251];10390.82410),(90862.40053;[0.93];[-0.02];11192.45951;[0.8846];[-0.0654];11107.32908),(90958.32062;[0.95];[0.];10859.57816;[0.902];[-0.048];10801.76549),(91263.76843;[0.96];[0.01];10691.92625;[0.9126];[-0.0374];10643.08418),(91356.08578;[0.95];[0.];10784.38081;[0.9094];[-0.0406];10734.79149),(91829.27537;[0.95];[0.];10720.85646;[0.911];[-0.039];10670.08006),(92178.17378;[0.95];[0.];10701.18272;[0.9095];[-0.0405];10655.13444),(92361.39584;[0.95];[0.];10696.27159;[0.9162];[-0.0338];10645.45702),(92504.29463;[0.96];[0.01];10695.25979;[0.9127];[-0.0373];10646.32551),(92623.49296;[0.97];[0.02];10695.92270;[0.913];[-0.037];10646.78912),(92724.15090;[0.97];[0.02];10695.92270;[0.913];[-0.037];10646.78912),(92817.54136;[0.95];[0.];10696.27159;[0.9162];[-0.0338];10645.45702),(92953.46045;[0.96];[0.01];10696.04406;[0.9129];[-0.0371];10647.47586),(93056.34332;[0.96];[0.01];10696.04406;[0.9129];[-0.0371];10647.47586),(93161.94630;[0.96];[0.01];10696.04406;[0.9129];[-0.0371];10647.47586),(93936.88154;[0.79];[-0.16];11873.39854;[0.7505];[-0.1995];12006.57351),(94360.33010;[0.79];[-0.16];11873.42084;[0.7491];[-0.2009];12004.11498),(94812.59656;[0.79];[-0.16];11873.42084;[0.7491];[-0.2009];12004.11498),(95326.75815;[0.79];[-0.16];11873.42084;[0.7491];[-0.2009];12004.11498),(95992.61427;[0.79];[-0.16];11873.42084;[0.7491];[-0.2009];12004.11498),(96246.47760;[0.88];[-0.07];11507.71667;[0.8403];[-0.1097];11449.08525),(96463.27972;[0.97];[0.02];10438.24330;[0.9249];[-0.0251];10390.82410),(96709.12170;[0.93];[-0.02];11192.45951;[0.8846];[-0.0654];11107.32908),(96803.08294;[0.95];[0.];10859.57816;[0.902];[-0.048];10801.76549),(97128.23129;[0.96];[0.01];10691.92625;[0.9126];[-0.0374];10643.08418),(97230.82924;[0.95];[0.];10784.38081;[0.9094];[-0.0406];10734.79149),(97692.08169;[0.95];[0.];10720.85646;[0.911];[-0.039];10670.08006),(98093.12654;[0.95];[0.];10701.18272;[0.9095];[-0.0405];10655.13444),(98296.90886;[0.95];[0.];10696.27159;[0.9162];[-0.0338];10645.45702),(98453.22132;[0.96];[0.01];10695.25979;[0.9127];[-0.0373];10646.32551),(98557.66940;[0.97];[0.02];10695.92270;[0.913];[-0.037];10646.78912),(98655.11584;[0.97];[0.02];10695.92270;[0.913];[-0.037];10646.78912),(98753.24559;[0.95];[0.];10696.27159;[0.9162];[-0.0338];10645.45702),(98889.48226;[0.96];[0.01];10696.04406;[0.9129];[-0.0371];10647.47586),(99001.36447;[0.96];[0.01];10696.04406;[0.9129];[-0.0371];10647.47586),(99091.98809;[0.96];[0.01];10696.04406;[0.9129];[-0.0371];10647.47586),(99845.47186;[0.79];[-0.16];11873.39854;[0.7505];[-0.1995];12006.57351),(100293.78319;[0.79];[-0.16];11873.42084;[0.7491];[-0.2009];12004.11498),(100768.97240;[0.79];[-0.16];11873.42084;[0.7491];[-0.2009];12004.11498),(101298.57159;[0.79];[-0.16];11873.42084;[0.7491];[-0.2009];12004.11498),(101806.46873;[0.79];[-0.16];11873.42084;[0.7491];[-0.2009];12004.11498),(102081.45213;[0.88];[-0.07];11507.71667;[0.8403];[-0.1097];11449.08525),(102328.74036;[0.97];[0.02];10438.24330;[0.9249];[-0.0251];10390.82410),(102579.16975;[0.93];[-0.02];11192.45951;[0.8846];[-0.0654];11107.32908),(102675.22383;[0.95];[0.];10859.57816;[0.902];[-0.048];10801.76549),(102959.40042;[0.96];[0.01];10691.92625;[0.9126];[-0.0374];10643.08418),(103073.64726;[0.95];[0.];10784.38081;[0.9094];[-0.0406];10734.79149),(103549.90864;[0.95];[0.];10720.85646;[0.911];[-0.039];10670.08006),(103928.40147;[0.95];[0.];10701.18272;[0.9095];[-0.0405];10655.13444),(104105.80754;[0.95];[0.];10696.27159;[0.9162];[-0.0338];10645.45702),(104241.04714;[0.96];[0.01];10695.25979;[0.9127];[-0.0373];10646.32551),(104357.57136;[0.97];[0.02];10695.92270;[0.913];[-0.037];10646.78912),(104474.61486;[0.97];[0.02];10695.92270;[0.913];[-0.037];10646.78912),(104567.40928;[0.95];[0.];10696.27159;[0.9162];[-0.0338];10645.45702),(104699.41258;[0.96];[0.01];10696.04406;[0.9129];[-0.0371];10647.47586),(104812.99019;[0.96];[0.01];10696.04406;[0.9129];[-0.0371];10647.47586),(104927.16956;[0.96];[0.01];10696.04406;[0.9129];[-0.0371];10647.47586),(105671.07177;[0.79];[-0.16];11873.39854;[0.7505];[-0.1995];12006.57351),(106122.13326;[0.79];[-0.16];11873.42084;[0.7491];[-0.2009];12004.11498),(106611.01770;[0.79];[-0.16];11873.42084;[0.7491];[-0.2009];12004.11498),(107118.81709;[0.79];[-0.16];11873.42084;[0.7491];[-0.2009];12004.11498),(107601.92132;[0.79];[-0.16];11873.42084;[0.7491];[-0.2009];12004.11498),(107847.76878;[0.88];[-0.07];11507.71667;[0.8403];[-0.1097];11449.08525),(108094.55204;[0.97];[0.02];10438.24330;[0.9249];[-0.0251];10390.82410),(108328.85313;[0.93];[-0.02];11192.45951;[0.8846];[-0.0654];11107.32908),(108426.96190;[0.95];[0.];10859.57816;[0.902];[-0.048];10801.76549),(108730.32522;[0.96];[0.01];10691.92625;[0.9126];[-0.0374];10643.08418),(108843.99009;[0.95];[0.];10784.38081;[0.9094];[-0.0406];10734.79149),(109344.34962;[0.95];[0.];10720.85646;[0.911];[-0.039];10670.08006),(109667.32001;[0.95];[0.];10701.18272;[0.9095];[-0.0405];10655.13444),(109844.67506;[0.95];[0.];10696.27159;[0.9162];[-0.0338];10645.45702),(110002.08187;[0.96];[0.01];10695.25979;[0.9127];[-0.0373];10646.32551),(110104.61450;[0.97];[0.02];10695.92270;[0.913];[-0.037];10646.78912),(110203.10307;[0.97];[0.02];10695.92270;[0.913];[-0.037];10646.78912),(110297.59550;[0.95];[0.];10696.27159;[0.9162];[-0.0338];10645.45702),(110413.08975;[0.96];[0.01];10696.04406;[0.9129];[-0.0371];10647.47586),(110521.82722;[0.96];[0.01];10696.04406;[0.9129];[-0.0371];10647.47586),(110622.82562;[0.96];[0.01];10696.04406;[0.9129];[-0.0371];10647.47586),(111377.42615;[0.79];[-0.16];11873.39854;[0.7505];[-0.1995];12006.57351),(111810.33468;[0.79];[-0.16];11873.42084;[0.7491];[-0.2009];12004.11498),(112298.09976;[0.79];[-0.16];11873.42084;[0.7491];[-0.2009];12004.11498),(113055.35769;[0.79];[-0.16];11873.42084;[0.7491];[-0.2009];12004.11498),(113537.36162;[0.79];[-0.16];11873.42084;[0.7491];[-0.2009];12004.11498),(113778.21088;[0.88];[-0.07];11507.71667;[0.8403];[-0.1097];11449.08525),(114037.31704;[0.97];[0.02];10438.24330;[0.9249];[-0.0251];10390.82410),(114280.91407;[0.93];[-0.02];11192.45951;[0.8846];[-0.0654];11107.32908),(114377.35271;[0.95];[0.];10859.57816;[0.902];[-0.048];10801.76549),(114676.34845;[0.96];[0.01];10691.92625;[0.9126];[-0.0374];10643.08418),(114792.86861;[0.95];[0.];10784.38081;[0.9094];[-0.0406];10734.79149),(115300.74906;[0.95];[0.];10720.85646;[0.911];[-0.039];10670.08006),(115620.98622;[0.95];[0.];10701.18272;[0.9095];[-0.0405];10655.13444),(115796.45610;[0.95];[0.];10696.27159;[0.9162];[-0.0338];10645.45702),(115936.79214;[0.96];[0.01];10695.25979;[0.9127];[-0.0373];10646.32551),(116042.24539;[0.97];[0.02];10695.92270;[0.913];[-0.037];10646.78912),(116144.41776;[0.97];[0.02];10695.92270;[0.913];[-0.037];10646.78912),(116249.29357;[0.95];[0.];10696.27159;[0.9162];[-0.0338];10645.45702),(116375.26011;[0.96];[0.01];10696.04406;[0.9129];[-0.0371];10647.47586),(116473.24896;[0.96];[0.01];10696.04406;[0.9129];[-0.0371];10647.47586),(116575.70148;[0.96];[0.01];10696.04406;[0.9129];[-0.0371];10647.47586),(117386.82914;[0.79];[-0.16];11873.39854;[0.7505];[-0.1995];12006.57351),(117826.25914;[0.79];[-0.16];11873.42084;[0.7491];[-0.2009];12004.11498),(118371.08374;[0.79];[-0.16];11873.42084;[0.7491];[-0.2009];12004.11498),(118854.47454;[0.79];[-0.16];11873.42084;[0.7491];[-0.2009];12004.11498),(119334.91588;[0.79];[-0.16];11873.42084;[0.7491];[-0.2009];12004.11498),(119603.59383;[0.88];[-0.07];11507.71667;[0.8403];[-0.1097];11449.08525),(119841.25638;[0.97];[0.02];10438.24330;[0.9249];[-0.0251];10390.82410),(120083.15039;[0.93];[-0.02];11192.45951;[0.8846];[-0.0654];11107.32908),(120183.39491;[0.95];[0.];10859.57816;[0.902];[-0.048];10801.76549),(120485.61072;[0.96];[0.01];10691.92625;[0.9126];[-0.0374];10643.08418),(120582.25441;[0.95];[0.];10784.38081;[0.9094];[-0.0406];10734.79149),(121011.61742;[0.95];[0.];10720.85646;[0.911];[-0.039];10670.08006),(121385.88285;[0.95];[0.];10701.18272;[0.9095];[-0.0405];10655.13444),(121568.37368;[0.95];[0.];10696.27159;[0.9162];[-0.0338];10645.45702),(121716.14456;[0.96];[0.01];10695.25979;[0.9127];[-0.0373];10646.32551),(121827.47626;[0.97];[0.02];10695.92270;[0.913];[-0.037];10646.78912),(121934.32117;[0.97];[0.02];10695.92270;[0.913];[-0.037];10646.78912),(122027.68111;[0.95];[0.];10696.27159;[0.9162];[-0.0338];10645.45702),(122165.45677;[0.96];[0.01];10696.04406;[0.9129];[-0.0371];10647.47586),(122285.91871;[0.96];[0.01];10696.04406;[0.9129];[-0.0371];10647.47586),(122384.02128;[0.96];[0.01];10696.04406;[0.9129];[-0.0371];10647.47586),(123120.77284;[0.79];[-0.16];11873.39854;[0.7505];[-0.1995];12006.57351),(123553.47419;[0.79];[-0.16];11873.42084;[0.7491];[-0.2009];12004.11498),(124057.20687;[0.79];[-0.16];11873.42084;[0.7491];[-0.2009];12004.11498),(124535.75587;[0.79];[-0.16];11873.42084;[0.7491];[-0.2009];12004.11498),(125022.44353;[0.79];[-0.16];11873.42084;[0.7491];[-0.2009];12004.11498),(125274.84417;[0.88];[-0.07];11507.71667;[0.8403];[-0.1097];11449.08525),(125511.65986;[0.97];[0.02];10438.24330;[0.9249];[-0.0251];10390.82410),(125778.59259;[0.93];[-0.02];11192.45951;[0.8846];[-0.0654];11107.32908),(125873.23141;[0.95];[0.];10859.57816;[0.902];[-0.048];10801.76549),(126237.91862;[0.96];[0.01];10691.92625;[0.9126];[-0.0374];10643.08418),(126335.08468;[0.95];[0.];10784.38081;[0.9094];[-0.0406];10734.79149),(126765.98120;[0.95];[0.];10720.85646;[0.911];[-0.039];10670.08006),(127118.24179;[0.95];[0.];10701.18272;[0.9095];[-0.0405];10655.13444),(127309.31973;[0.95];[0.];10696.27159;[0.9162];[-0.0338];10645.45702),(127447.20149;[0.96];[0.01];10695.25979;[0.9127];[-0.0373];10646.32551),(127554.15201;[0.97];[0.02];10695.92270;[0.913];[-0.037];10646.78912),(127653.03016;[0.97];[0.02];10695.92270;[0.913];[-0.037];10646.78912),(127747.96081;[0.95];[0.];10696.27159;[0.9162];[-0.0338];10645.45702),(127867.33985;[0.96];[0.01];10696.04406;[0.9129];[-0.0371];10647.47586),(127968.72950;[0.96];[0.01];10696.04406;[0.9129];[-0.0371];10647.47586),(128078.12500;[0.96];[0.01];10696.04406;[0.9129];[-0.0371];10647.47586),(128841.50887;[0.79];[-0.16];11873.39854;[0.7505];[-0.1995];12006.57351),(129286.63969;[0.79];[-0.16];11873.42084;[0.7491];[-0.2009];12004.11498),(129799.59702;[0.79];[-0.16];11873.42084;[0.7491];[-0.2009];12004.11498),(130265.42115;[0.79];[-0.16];11873.42084;[0.7491];[-0.2009];12004.11498),(130776.72219;[0.79];[-0.16];11873.42084;[0.7491];[-0.2009];12004.11498),(131039.25610;[0.88];[-0.07];11507.71667;[0.8403];[-0.1097];11449.08525),(131278.05591;[0.97];[0.02];10438.24330;[0.9249];[-0.0251];10390.82410),(131521.04473;[0.93];[-0.02];11192.45951;[0.8846];[-0.0654];11107.32908),(131610.49843;[0.95];[0.];10859.57816;[0.902];[-0.048];10801.76549),(131931.94771;[0.96];[0.01];10691.92625;[0.9126];[-0.0374];10643.08418),(132023.88597;[0.95];[0.];10784.38081;[0.9094];[-0.0406];10734.79149),(132498.82865;[0.95];[0.];10720.85646;[0.911];[-0.039];10670.08006),(132848.42539;[0.95];[0.];10701.18272;[0.9095];[-0.0405];10655.13444),(133038.59448;[0.95];[0.];10696.27159;[0.9162];[-0.0338];10645.45702),(133174.78681;[0.96];[0.01];10695.25979;[0.9127];[-0.0373];10646.32551),(133281.83842;[0.97];[0.02];10695.92270;[0.913];[-0.037];10646.78912),(133400.70796;[0.97];[0.02];10695.92270;[0.913];[-0.037];10646.78912),(133492.41662;[0.95];[0.];10696.27159;[0.9162];[-0.0338];10645.45702),(133644.46139;[0.96];[0.01];10696.04406;[0.9129];[-0.0371];10647.47586),(133770.50900;[0.96];[0.01];10696.04406;[0.9129];[-0.0371];10647.47586),(133896.34180;[0.96];[0.01];10696.04406;[0.9129];[-0.0371];10647.47586),(134687.61802;[0.79];[-0.16];11873.39854;[0.7505];[-0.1995];12006.57351),(135143.59117;[0.79];[-0.16];11873.42084;[0.7491];[-0.2009];12004.11498),(135643.05258;[0.79];[-0.16];11873.42084;[0.7491];[-0.2009];12004.11498),(136135.16116;[0.79];[-0.16];11873.42084;[0.7491];[-0.2009];12004.11498),(136615.04436;[0.79];[-0.16];11873.42084;[0.7491];[-0.2009];12004.11498),(136859.61795;[0.88];[-0.07];11507.71667;[0.8403];[-0.1097];11449.08525),(137072.61157;[0.97];[0.02];10438.24330;[0.9249];[-0.0251];10390.82410),(137306.69379;[0.93];[-0.02];11192.45951;[0.8846];[-0.0654];11107.32908),(137401.35813;[0.95];[0.];10859.57816;[0.902];[-0.048];10801.76549),(137715.58452;[0.96];[0.01];10691.92625;[0.9126];[-0.0374];10643.08418),(137807.27458;[0.95];[0.];10784.38081;[0.9094];[-0.0406];10734.79149),(138249.69220;[0.95];[0.];10720.85646;[0.911];[-0.039];10670.08006),(138625.38314;[0.95];[0.];10701.18272;[0.9095];[-0.0405];10655.13444),(138852.40269;[0.95];[0.];10696.27159;[0.9162];[-0.0338];10645.45702),(139011.48057;[0.96];[0.01];10695.25979;[0.9127];[-0.0373];10646.32551),(139121.16790;[0.97];[0.02];10695.92270;[0.913];[-0.037];10646.78912),(139225.77238;[0.97];[0.02];10695.92270;[0.913];[-0.037];10646.78912),(139326.74623;[0.95];[0.];10696.27159;[0.9162];[-0.0338];10645.45702),(139444.71049;[0.96];[0.01];10696.04406;[0.9129];[-0.0371];10647.47586),(139549.80206;[0.96];[0.01];10696.04406;[0.9129];[-0.0371];10647.47586),(139641.80636;[0.96];[0.01];10696.04406;[0.9129];[-0.0371];10647.47586),(140394.34099;[0.79];[-0.16];11873.39854;[0.7505];[-0.1995];12006.57351),(140874.82548;[0.79];[-0.16];11873.42084;[0.7491];[-0.2009];12004.11498),(141384.55272;[0.79];[-0.16];11873.42084;[0.7491];[-0.2009];12004.11498),(141850.51918;[0.79];[-0.16];11873.42084;[0.7491];[-0.2009];12004.11498),(142351.36437;[0.79];[-0.16];11873.42084;[0.7491];[-0.2009];12004.11498),(142612.15854;[0.88];[-0.07];11507.71667;[0.8403];[-0.1097];11449.08525),(142855.52430;[0.97];[0.02];10438.24330;[0.9249];[-0.0251];10390.82410),(143127.82478;[0.93];[-0.02];11192.45951;[0.8846];[-0.0654];11107.32908),(143223.40465;[0.95];[0.];10859.57816;[0.902];[-0.048];10801.76549),(143546.77439;[0.96];[0.01];10691.92625;[0.9126];[-0.0374];10643.08418),(143655.10345;[0.95];[0.];10784.38081;[0.9094];[-0.0406];10734.79149),(144152.98462;[0.95];[0.];10720.85646;[0.911];[-0.039];10670.08006),(144526.64971;[0.95];[0.];10701.18272;[0.9095];[-0.0405];10655.13444),(144728.97315;[0.95];[0.];10696.27159;[0.9162];[-0.0338];10645.45702),(144891.44754;[0.96];[0.01];10695.25979;[0.9127];[-0.0373];10646.32551),(145021.67535;[0.97];[0.02];10695.92270;[0.913];[-0.037];10646.78912),(145148.20957;[0.97];[0.02];10695.92270;[0.913];[-0.037];10646.78912),(145271.79742;[0.95];[0.];10696.27159;[0.9162];[-0.0338];10645.45702),(145436.74135;[0.96];[0.01];10696.04406;[0.9129];[-0.0371];10647.47586),(145575.59133;[0.96];[0.01];10696.04406;[0.9129];[-0.0371];10647.47586),(145711.41791;[0.96];[0.01];10696.04406;[0.9129];[-0.0371];10647.47586),(146735.16107;[0.79];[-0.16];11873.39854;[0.7505];[-0.1995];12006.57351),(147163.53536;[0.79];[-0.16];11873.42084;[0.7491];[-0.2009];12004.11498),(147700.35768;[0.79];[-0.16];11873.42084;[0.7491];[-0.2009];12004.11498),(148181.59032;[0.79];[-0.16];11873.42084;[0.7491];[-0.2009];12004.11498),(148665.36283;[0.79];[-0.16];11873.42084;[0.7491];[-0.2009];12004.11498),(148902.08888;[0.88];[-0.07];11507.71667;[0.8403];[-0.1097];11449.08525),(149128.76892;[0.97];[0.02];10438.24330;[0.9249];[-0.0251];10390.82410),(149385.06842;[0.93];[-0.02];11192.45951;[0.8846];[-0.0654];11107.32908),(149482.40089;[0.95];[0.];10859.57816;[0.902];[-0.048];10801.76549),(149803.24388;[0.96];[0.01];10691.92625;[0.9126];[-0.0374];10643.08418),(149899.26267;[0.95];[0.];10784.38081;[0.9094];[-0.0406];10734.79149),(150298.29192;[0.95];[0.];10720.85646;[0.911];[-0.039];10670.08006),(150623.44503;[0.95];[0.];10701.18272;[0.9095];[-0.0405];10655.13444),(150808.43019;[0.95];[0.];10696.27159;[0.9162];[-0.0338];10645.45702),(150970.90483;[0.96];[0.01];10695.25979;[0.9127];[-0.0373];10646.32551),(151086.51042;[0.97];[0.02];10695.92270;[0.913];[-0.037];10646.78912),(151188.21239;[0.97];[0.02];10695.92270;[0.913];[-0.037];10646.78912),(151275.83957;[0.95];[0.];10696.27159;[0.9162];[-0.0338];10645.45702),(151445.49990;[0.96];[0.01];10696.04406;[0.9129];[-0.0371];10647.47586),(151596.92550;[0.96];[0.01];10696.04406;[0.9129];[-0.0371];10647.47586),(151723.22845;[0.96];[0.01];10696.04406;[0.9129];[-0.0371];10647.47586),(152440.87124;[0.79];[-0.16];11873.39854;[0.7505];[-0.1995];12006.57351),(152875.30017;[0.79];[-0.16];11873.42084;[0.7491];[-0.2009];12004.11498),(153378.34048;[0.79];[-0.16];11873.42084;[0.7491];[-0.2009];12004.11498),(153846.70115;[0.79];[-0.16];11873.42084;[0.7491];[-0.2009];12004.11498),(154308.08496;[0.79];[-0.16];11873.42084;[0.7491];[-0.2009];12004.11498),(154554.17228;[0.88];[-0.07];11507.71667;[0.8403];[-0.1097];11449.08525),(154795.01629;[0.97];[0.02];10438.24330;[0.9249];[-0.0251];10390.82410),(155029.41680;[0.93];[-0.02];11192.45951;[0.8846];[-0.0654];11107.32908),(155124.85695;[0.95];[0.];10859.57816;[0.902];[-0.048];10801.76549),(155451.63774;[0.96];[0.01];10691.92625;[0.9126];[-0.0374];10643.08418),(155553.83801;[0.95];[0.];10784.38081;[0.9094];[-0.0406];10734.79149),(156029.28281;[0.95];[0.];10720.85646;[0.911];[-0.039];10670.08006),(156370.52417;[0.95];[0.];10701.18272;[0.9095];[-0.0405];10655.13444),(156559.04770;[0.95];[0.];10696.27159;[0.9162];[-0.0338];10645.45702),(156699.00727;[0.96];[0.01];10695.25979;[0.9127];[-0.0373];10646.32551),(156810.59289;[0.97];[0.02];10695.92270;[0.913];[-0.037];10646.78912),(156947.73626;[0.97];[0.02];10695.92270;[0.913];[-0.037];10646.78912),(157068.78734;[0.95];[0.];10696.27159;[0.9162];[-0.0338];10645.45702),(157227.69237;[0.96];[0.01];10696.04406;[0.9129];[-0.0371];10647.47586),(157332.04937;[0.96];[0.01];10696.04406;[0.9129];[-0.0371];10647.47586),(157428.73073;[0.96];[0.01];10696.04406;[0.9129];[-0.0371];10647.47586),(158184.58271;[0.79];[-0.16];11873.39854;[0.7505];[-0.1995];12006.57351),(158633.50582;[0.79];[-0.16];11873.42084;[0.7491];[-0.2009];12004.11498),(159156.91233;[0.79];[-0.16];11873.42084;[0.7491];[-0.2009];12004.11498),(159631.22058;[0.79];[-0.16];11873.42084;[0.7491];[-0.2009];12004.11498),(160111.09424;[0.79];[-0.16];11873.42084;[0.7491];[-0.2009];12004.11498),(160361.75156;[0.88];[-0.07];11507.71667;[0.8403];[-0.1097];11449.08525),(160601.03273;[0.97];[0.02];10438.24330;[0.9249];[-0.0251];10390.82410),(160861.69958;[0.93];[-0.02];11192.45951;[0.8846];[-0.0654];11107.32908),(160960.06155;[0.95];[0.];10859.57816;[0.902];[-0.048];10801.76549),(161286.51285;[0.96];[0.01];10691.92625;[0.9126];[-0.0374];10643.08418),(161379.28009;[0.95];[0.];10784.38081;[0.9094];[-0.0406];10734.79149),(161834.92899;[0.95];[0.];10720.85646;[0.911];[-0.039];10670.08006),(162218.81914;[0.95];[0.];10701.18272;[0.9095];[-0.0405];10655.13444),(162416.85772;[0.95];[0.];10696.27159;[0.9162];[-0.0338];10645.45702),(162554.63505;[0.96];[0.01];10695.25979;[0.9127];[-0.0373];10646.32551),(162670.49718;[0.97];[0.02];10695.92270;[0.913];[-0.037];10646.78912),(162824.38064;[0.97];[0.02];10695.92270;[0.913];[-0.037];10646.78912),(162920.39752;[0.95];[0.];10696.27159;[0.9162];[-0.0338];10645.45702),(163031.27456;[0.96];[0.01];10696.04406;[0.9129];[-0.0371];10647.47586),(163124.92943;[0.96];[0.01];10696.04406;[0.9129];[-0.0371];10647.47586),(163262.43448;[0.96];[0.01];10696.04406;[0.9129];[-0.0371];10647.47586),(164282.27091;[0.79];[-0.16];11873.39854;[0.7505];[-0.1995];12006.57351),(164717.94438;[0.79];[-0.16];11873.42084;[0.7491];[-0.2009];12004.11498),(165223.54484;[0.79];[-0.16];11873.42084;[0.7491];[-0.2009];12004.11498),(165697.42942;[0.79];[-0.16];11873.42084;[0.7491];[-0.2009];12004.11498),(166208.28271;[0.79];[-0.16];11873.42084;[0.7491];[-0.2009];12004.11498),(166451.89452;[0.88];[-0.07];11507.71667;[0.8403];[-0.1097];11449.08525),(166668.50281;[0.97];[0.02];10438.24330;[0.9249];[-0.0251];10390.82410),(166909.75094;[0.93];[-0.02];11192.45951;[0.8846];[-0.0654];11107.32908),(167008.56829;[0.95];[0.];10859.57816;[0.902];[-0.048];10801.76549),(167292.95039;[0.96];[0.01];10691.92625;[0.9126];[-0.0374];10643.08418),(167390.63549;[0.95];[0.];10784.38081;[0.9094];[-0.0406];10734.79149),(167856.66037;[0.95];[0.];10720.85646;[0.911];[-0.039];10670.08006),(168257.85470;[0.95];[0.];10701.18272;[0.9095];[-0.0405];10655.13444),(168425.63796;[0.95];[0.];10696.27159;[0.9162];[-0.0338];10645.45702),(168567.17587;[0.96];[0.01];10695.25979;[0.9127];[-0.0373];10646.32551),(168674.48425;[0.97];[0.02];10695.92270;[0.913];[-0.037];10646.78912),(168791.39471;[0.97];[0.02];10695.92270;[0.913];[-0.037];10646.78912),(168879.62246;[0.95];[0.];10696.27159;[0.9162];[-0.0338];10645.45702),(169001.97101;[0.96];[0.01];10696.04406;[0.9129];[-0.0371];10647.47586),(169101.19915;[0.96];[0.01];10696.04406;[0.9129];[-0.0371];10647.47586),(169208.89020;[0.96];[0.01];10696.04406;[0.9129];[-0.0371];10647.47586),(169992.72895;[0.79];[-0.16];11873.39854;[0.7505];[-0.1995];12006.57351),(170451.58696;[0.79];[-0.16];11873.42084;[0.7491];[-0.2009];12004.11498),(171035.88343;[0.79];[-0.16];11873.42084;[0.7491];[-0.2009];12004.11498),(171490.08179;[0.79];[-0.16];11873.42084;[0.7491];[-0.2009];12004.11498),(171979.49076;[0.79];[-0.16];11873.42084;[0.7491];[-0.2009];12004.11498),(172254.31657;[0.88];[-0.07];11507.71667;[0.8403];[-0.1097];11449.08525),(172508.74281;[0.97];[0.02];10438.24330;[0.9249];[-0.0251];10390.82410),(172739.88557;[0.93];[-0.02];11192.45951;[0.8846];[-0.0654];11107.32908),(172828.11689;[0.95];[0.];10859.57816;[0.902];[-0.048];10801.76549),(173118.92557;[0.96];[0.01];10691.92625;[0.9126];[-0.0374];10643.08418),(173209.60927;[0.95];[0.];10784.38081;[0.9094];[-0.0406];10734.79149),(173683.82835;[0.95];[0.];10720.85646;[0.911];[-0.039];10670.08006),(174087.27312;[0.95];[0.];10701.18272;[0.9095];[-0.0405];10655.13444),(174250.37003;[0.95];[0.];10696.27159;[0.9162];[-0.0338];10645.45702),(174388.45682;[0.96];[0.01];10695.25979;[0.9127];[-0.0373];10646.32551),(174492.67817;[0.97];[0.02];10695.92270;[0.913];[-0.037];10646.78912),(174610.37755;[0.97];[0.02];10695.92270;[0.913];[-0.037];10646.78912),(174701.67112;[0.95];[0.];10696.27159;[0.9162];[-0.0338];10645.45702),(174841.68196;[0.96];[0.01];10696.04406;[0.9129];[-0.0371];10647.47586),(174942.02113;[0.96];[0.01];10696.04406;[0.9129];[-0.0371];10647.47586),(175043.35737;[0.96];[0.01];10696.04406;[0.9129];[-0.0371];10647.47586),(175801.38087;[0.79];[-0.16];11873.39854;[0.7505];[-0.1995];12006.57351),(176234.63225;[0.79];[-0.16];11873.42084;[0.7491];[-0.2009];12004.11498),(176739.44235;[0.79];[-0.16];11873.42084;[0.7491];[-0.2009];12004.11498),(177222.51606;[0.79];[-0.16];11873.42084;[0.7491];[-0.2009];12004.11498),(177701.74742;[0.79];[-0.16];11873.42084;[0.7491];[-0.2009];12004.11498),(177991.60194;[0.88];[-0.07];11507.71667;[0.8403];[-0.1097];11449.08525),(178214.89978;[0.97];[0.02];10438.24330;[0.9249];[-0.0251];10390.82410),(178446.49506;[0.93];[-0.02];11192.45951;[0.8846];[-0.0654];11107.32908),(178538.50913;[0.95];[0.];10859.57816;[0.902];[-0.048];10801.76549),(178851.22538;[0.96];[0.01];10691.92625;[0.9126];[-0.0374];10643.08418),(178955.78313;[0.95];[0.];10784.38081;[0.9094];[-0.0406];10734.79149),(179459.48172;[0.95];[0.];10720.85646;[0.911];[-0.039];10670.08006),(179863.63149;[0.95];[0.];10701.18272;[0.9095];[-0.0405];10655.13444),(180061.75518;[0.95];[0.];10696.27159;[0.9162];[-0.0338];10645.45702),(180216.96305;[0.96];[0.01];10695.25979;[0.9127];[-0.0373];10646.32551),(180316.08677;[0.97];[0.02];10695.92270;[0.913];[-0.037];10646.78912),(180425.05956;[0.97];[0.02];10695.92270;[0.913];[-0.037];10646.78912),(180516.62040;[0.95];[0.];10696.27159;[0.9162];[-0.0338];10645.45702),(180646.90900;[0.96];[0.01];10696.04406;[0.9129];[-0.0371];10647.47586),(180757.97462;[0.96];[0.01];10696.04406;[0.9129];[-0.0371];10647.47586),(180865.83638;[0.96];[0.01];10696.04406;[0.9129];[-0.0371];10647.47586),(181599.37882;[0.79];[-0.16];11873.39854;[0.7505];[-0.1995];12006.57351),(182046.37122;[0.79];[-0.16];11873.42084;[0.7491];[-0.2009];12004.11498),(182519.80233;[0.79];[-0.16];11873.42084;[0.7491];[-0.2009];12004.11498),(182978.93429;[0.79];[-0.16];11873.42084;[0.7491];[-0.2009];12004.11498),(183447.61515;[0.79];[-0.16];11873.42084;[0.7491];[-0.2009];12004.11498),(183704.55623;[0.88];[-0.07];11507.71667;[0.8403];[-0.1097];11449.08525),(183942.55710;[0.97];[0.02];10438.24330;[0.9249];[-0.0251];10390.82410),(184197.42751;[0.93];[-0.02];11192.45951;[0.8846];[-0.0654];11107.32908),(184292.72532;[0.95];[0.];10859.57816;[0.902];[-0.048];10801.76549),(184592.54384;[0.96];[0.01];10691.92625;[0.9126];[-0.0374];10643.08418),(184699.05186;[0.95];[0.];10784.38081;[0.9094];[-0.0406];10734.79149),(185137.96353;[0.95];[0.];10720.85646;[0.911];[-0.039];10670.08006),(185492.15078;[0.95];[0.];10701.18272;[0.9095];[-0.0405];10655.13444),(185666.72659;[0.95];[0.];10696.27159;[0.9162];[-0.0338];10645.45702),(185827.64864;[0.96];[0.01];10695.25979;[0.9127];[-0.0373];10646.32551),(185932.62815;[0.97];[0.02];10695.92270;[0.913];[-0.037];10646.78912),(186035.05564;[0.97];[0.02];10695.92270;[0.913];[-0.037];10646.78912),(186126.76096;[0.95];[0.];10696.27159;[0.9162];[-0.0338];10645.45702),(186261.96194;[0.96];[0.01];10696.04406;[0.9129];[-0.0371];10647.47586),(186372.25556;[0.96];[0.01];10696.04406;[0.9129];[-0.0371];10647.47586),(186475.36683;[0.96];[0.01];10696.04406;[0.9129];[-0.0371];10647.47586),(187425.08245;[0.79];[-0.16];11873.39854;[0.7505];[-0.1995];12006.57351),(187895.26224;[0.79];[-0.16];11873.42084;[0.7491];[-0.2009];12004.11498),(188374.65835;[0.79];[-0.16];11873.42084;[0.7491];[-0.2009];12004.11498),(188872.92767;[0.79];[-0.16];11873.42084;[0.7491];[-0.2009];12004.11498),(189340.14893;[0.79];[-0.16];11873.42084;[0.7491];[-0.2009];12004.11498),(189581.20632;[0.88];[-0.07];11507.71667;[0.8403];[-0.1097];11449.08525),(189811.39779;[0.97];[0.02];10438.24330;[0.9249];[-0.0251];10390.82410),(190086.23528;[0.93];[-0.02];11192.45951;[0.8846];[-0.0654];11107.32908),(190174.36481;[0.95];[0.];10859.57816;[0.902];[-0.048];10801.76549),(190471.05932;[0.96];[0.01];10691.92625;[0.9126];[-0.0374];10643.08418),(190560.91094;[0.95];[0.];10784.38081;[0.9094];[-0.0406];10734.79149),(191025.36345;[0.95];[0.];10720.85646;[0.911];[-0.039];10670.08006),(191378.33190;[0.95];[0.];10701.18272;[0.9095];[-0.0405];10655.13444),(191568.03370;[0.95];[0.];10696.27159;[0.9162];[-0.0338];10645.45702),(191709.55539;[0.96];[0.01];10695.25979;[0.9127];[-0.0373];10646.32551),(191818.81309;[0.97];[0.02];10695.92270;[0.913];[-0.037];10646.78912),(191909.97171;[0.97];[0.02];10695.92270;[0.913];[-0.037];10646.78912),(192007.57623;[0.95];[0.];10696.27159;[0.9162];[-0.0338];10645.45702),(192188.82966;[0.96];[0.01];10696.04406;[0.9129];[-0.0371];10647.47586),(192337.38470;[0.96];[0.01];10696.04406;[0.9129];[-0.0371];10647.47586),(192472.48960;[0.96];[0.01];10696.04406;[0.9129];[-0.0371];10647.47586),(193340.64007;[0.79];[-0.16];11873.39854;[0.7505];[-0.1995];12006.57351),(193812.13164;[0.79];[-0.16];11873.42084;[0.7491];[-0.2009];12004.11498),(194299.13950;[0.79];[-0.16];11873.42084;[0.7491];[-0.2009];12004.11498),(194772.49718;[0.79];[-0.16];11873.42084;[0.7491];[-0.2009];12004.11498),(195262.53605;[0.79];[-0.16];11873.42084;[0.7491];[-0.2009];12004.11498),(195535.85410;[0.88];[-0.07];11507.71667;[0.8403];[-0.1097];11449.08525),(195768.83817;[0.97];[0.02];10438.24330;[0.9249];[-0.0251];10390.82410),(196006.59943;[0.93];[-0.02];11192.45951;[0.8846];[-0.0654];11107.32908),(196102.05388;[0.95];[0.];10859.57816;[0.902];[-0.048];10801.76549),(196413.88822;[0.96];[0.01];10691.92625;[0.9126];[-0.0374];10643.08418),(196521.54469;[0.95];[0.];10784.38081;[0.9094];[-0.0406];10734.79149),(196990.27872;[0.95];[0.];10720.85646;[0.911];[-0.039];10670.08006),(197400.38013;[0.95];[0.];10701.18272;[0.9095];[-0.0405];10655.13444),(197575.87695;[0.95];[0.];10696.27159;[0.9162];[-0.0338];10645.45702),(197752.15387;[0.96];[0.01];10695.25979;[0.9127];[-0.0373];10646.32551),(197868.36910;[0.97];[0.02];10695.92270;[0.913];[-0.037];10646.78912),(197981.11081;[0.97];[0.02];10695.92270;[0.913];[-0.037];10646.78912),(198080.43313;[0.95];[0.];10696.27159;[0.9162];[-0.0338];10645.45702),(198215.84916;[0.96];[0.01];10696.04406;[0.9129];[-0.0371];10647.47586),(198325.29283;[0.96];[0.01];10696.04406;[0.9129];[-0.0371];10647.47586),(198430.14431;[0.96];[0.01];10696.04406;[0.9129];[-0.0371];10647.47586),(199175.90523;[0.79];[-0.16];11873.39854;[0.7505];[-0.1995];12006.57351),(199627.78258;[0.79];[-0.16];11873.42084;[0.7491];[-0.2009];12004.11498),(200117.81740;[0.79];[-0.16];11873.42084;[0.7491];[-0.2009];12004.11498),(200609.36761;[0.79];[-0.16];11873.42084;[0.7491];[-0.2009];12004.11498),(201084.95545;[0.79];[-0.16];11873.42084;[0.7491];[-0.2009];12004.11498),(201328.40633;[0.88];[-0.07];11507.71667;[0.8403];[-0.1097];11449.08525),(201572.63088;[0.97];[0.02];10438.24330;[0.9249];[-0.0251];10390.82410),(201823.67373;[0.93];[-0.02];11192.45951;[0.8846];[-0.0654];11107.32908),(201917.31429;[0.95];[0.];10859.57816;[0.902];[-0.048];10801.76549),(202295.26567;[0.96];[0.01];10691.92625;[0.9126];[-0.0374];10643.08418),(202392.96985;[0.95];[0.];10784.38081;[0.9094];[-0.0406];10734.79149),(202921.81230;[0.95];[0.];10720.85646;[0.911];[-0.039];10670.08006),(203277.27509;[0.95];[0.];10701.18272;[0.9095];[-0.0405];10655.13444),(203470.70932;[0.95];[0.];10696.27159;[0.9162];[-0.0338];10645.45702),(203608.99091;[0.96];[0.01];10695.25979;[0.9127];[-0.0373];10646.32551),(203721.87996;[0.97];[0.02];10695.92270;[0.913];[-0.037];10646.78912),(203820.26672;[0.97];[0.02];10695.92270;[0.913];[-0.037];10646.78912),(203910.89344;[0.95];[0.];10696.27159;[0.9162];[-0.0338];10645.45702),(204048.00797;[0.96];[0.01];10696.04406;[0.9129];[-0.0371];10647.47586),(204159.74832;[0.96];[0.01];10696.04406;[0.9129];[-0.0371];10647.47586),(204251.36065;[0.96];[0.01];10696.04406;[0.9129];[-0.0371];10647.47586),(204992.45596;[0.79];[-0.16];11873.39854;[0.7505];[-0.1995];12006.57351),(205444.13209;[0.79];[-0.16];11873.42084;[0.7491];[-0.2009];12004.11498),(205935.13250;[0.79];[-0.16];11873.42084;[0.7491];[-0.2009];12004.11498),(206393.54539;[0.79];[-0.16];11873.42084;[0.7491];[-0.2009];12004.11498),(206874.90177;[0.79];[-0.16];11873.42084;[0.7491];[-0.2009];12004.11498),(207157.62472;[0.88];[-0.07];11507.71667;[0.8403];[-0.1097];11449.08525),(207389.12320;[0.97];[0.02];10438.24330;[0.9249];[-0.0251];10390.82410),(207634.94134;[0.93];[-0.02];11192.45951;[0.8846];[-0.0654];11107.32908),(207729.83265;[0.95];[0.];10859.57816;[0.902];[-0.048];10801.76549),(208052.65284;[0.96];[0.01];10691.92625;[0.9126];[-0.0374];10643.08418),(208161.12065;[0.95];[0.];10784.38081;[0.9094];[-0.0406];10734.79149),(208603.95813;[0.95];[0.];10720.85646;[0.911];[-0.039];10670.08006),(208978.71351;[0.95];[0.];10701.18272;[0.9095];[-0.0405];10655.13444),(209179.84104;[0.95];[0.];10696.27159;[0.9162];[-0.0338];10645.45702),(209333.56071;[0.96];[0.01];10695.25979;[0.9127];[-0.0373];10646.32551),(209441.69903;[0.97];[0.02];10695.92270;[0.913];[-0.037];10646.78912),(209539.83784;[0.97];[0.02];10695.92270;[0.913];[-0.037];10646.78912),(209637.19726;[0.95];[0.];10696.27159;[0.9162];[-0.0338];10645.45702),(209770.04576;[0.96];[0.01];10696.04406;[0.9129];[-0.0371];10647.47586),(209878.23415;[0.96];[0.01];10696.04406;[0.9129];[-0.0371];10647.47586),(209974.20025;[0.96];[0.01];10696.04406;[0.9129];[-0.0371];10647.47586),(210692.06405;[0.79];[-0.16];11873.39854;[0.7505];[-0.1995];12006.57351),(211158.24556;[0.79];[-0.16];11873.42084;[0.7491];[-0.2009];12004.11498),(211637.72464;[0.79];[-0.16];11873.42084;[0.7491];[-0.2009];12004.11498),(212123.37971;[0.79];[-0.16];11873.42084;[0.7491];[-0.2009];12004.11498),(212611.50789;[0.79];[-0.16];11873.42084;[0.7491];[-0.2009];12004.11498),(212849.99490;[0.88];[-0.07];11507.71667;[0.8403];[-0.1097];11449.08525),(213095.69812;[0.97];[0.02];10438.24330;[0.9249];[-0.0251];10390.82410),(213361.61089;[0.93];[-0.02];11192.45951;[0.8846];[-0.0654];11107.32908),(213455.55973;[0.95];[0.];10859.57816;[0.902];[-0.048];10801.76549),(213796.96369;[0.96];[0.01];10691.92625;[0.9126];[-0.0374];10643.08418),(213898.29016;[0.95];[0.];10784.38081;[0.9094];[-0.0406];10734.79149),(214359.26986;[0.95];[0.];10720.85646;[0.911];[-0.039];10670.08006),(214736.68027;[0.95];[0.];10701.18272;[0.9095];[-0.0405];10655.13444),(214914.10041;[0.95];[0.];10696.27159;[0.9162];[-0.0338];10645.45702),(215057.06525;[0.96];[0.01];10695.25979;[0.9127];[-0.0373];10646.32551),(215171.45443;[0.97];[0.02];10695.92270;[0.913];[-0.037];10646.78912),(215282.11212;[0.97];[0.02];10695.92270;[0.913];[-0.037];10646.78912),(215375.98372;[0.95];[0.];10696.27159;[0.9162];[-0.0338];10645.45702),(215557.12605;[0.96];[0.01];10696.04406;[0.9129];[-0.0371];10647.47586),(215653.85437;[0.96];[0.01];10696.04406;[0.9129];[-0.0371];10647.47586),(215748.04235;[0.96];[0.01];10696.04406;[0.9129];[-0.0371];10647.47586),(216491.80603;[0.79];[-0.16];11873.39854;[0.7505];[-0.1995];12006.57351),(216951.61200;[0.79];[-0.16];11873.42084;[0.7491];[-0.2009];12004.11498),(217424.57986;[0.79];[-0.16];11873.42084;[0.7491];[-0.2009];12004.11498),(217898.02265;[0.79];[-0.16];11873.42084;[0.7491];[-0.2009];12004.11498),(218383.87156;[0.79];[-0.16];11873.42084;[0.7491];[-0.2009];12004.11498),(218660.79450;[0.88];[-0.07];11507.71667;[0.8403];[-0.1097];11449.08525),(218879.06504;[0.97];[0.02];10438.24330;[0.9249];[-0.0251];10390.82410),(219116.01210;[0.93];[-0.02];11192.45951;[0.8846];[-0.0654];11107.32908),(219206.00820;[0.95];[0.];10859.57816;[0.902];[-0.048];10801.76549),(219500.44274;[0.96];[0.01];10691.92625;[0.9126];[-0.0374];10643.08418),(219603.24860;[0.95];[0.];10784.38081;[0.9094];[-0.0406];10734.79149),(220048.85960;[0.95];[0.];10720.85646;[0.911];[-0.039];10670.08006),(220455.48391;[0.95];[0.];10701.18272;[0.9095];[-0.0405];10655.13444),(220629.35591;[0.95];[0.];10696.27159;[0.9162];[-0.0338];10645.45702),(220774.92619;[0.96];[0.01];10695.25979;[0.9127];[-0.0373];10646.32551),(220892.46464;[0.97];[0.02];10695.92270;[0.913];[-0.037];10646.78912),(220985.92138;[0.97];[0.02];10695.92270;[0.913];[-0.037];10646.78912),(221078.75872;[0.95];[0.];10696.27159;[0.9162];[-0.0338];10645.45702),(221212.70943;[0.96];[0.01];10696.04406;[0.9129];[-0.0371];10647.47586),(221309.24845;[0.96];[0.01];10696.04406;[0.9129];[-0.0371];10647.47586),(221421.70167;[0.96];[0.01];10696.04406;[0.9129];[-0.0371];10647.47586),(222171.60320;[0.79];[-0.16];11873.39854;[0.7505];[-0.1995];12006.57351),(222620.97716;[0.79];[-0.16];11873.42084;[0.7491];[-0.2009];12004.11498),(223111.81879;[0.79];[-0.16];11873.42084;[0.7491];[-0.2009];12004.11498),(223618.34145;[0.79];[-0.16];11873.42084;[0.7491];[-0.2009];12004.11498),(224082.09252;[0.79];[-0.16];11873.42084;[0.7491];[-0.2009];12004.11498),(224333.82916;[0.88];[-0.07];11507.71667;[0.8403];[-0.1097];11449.08525),(224563.74240;[0.97];[0.02];10438.24330;[0.9249];[-0.0251];10390.82410),(224807.62553;[0.93];[-0.02];11192.45951;[0.8846];[-0.0654];11107.32908),(224898.06581;[0.95];[0.];10859.57816;[0.902];[-0.048];10801.76549),(225218.56928;[0.96];[0.01];10691.92625;[0.9126];[-0.0374];10643.08418),(225324.08690;[0.95];[0.];10784.38081;[0.9094];[-0.0406];10734.79149),(225753.52120;[0.95];[0.];10720.85646;[0.911];[-0.039];10670.08006),(226133.43716;[0.95];[0.];10701.18272;[0.9095];[-0.0405];10655.13444),(226325.60515;[0.95];[0.];10696.27159;[0.9162];[-0.0338];10645.45702),(226484.27606;[0.96];[0.01];10695.25979;[0.9127];[-0.0373];10646.32551),(226596.32730;[0.97];[0.02];10695.92270;[0.913];[-0.037];10646.78912),(226697.77393;[0.97];[0.02];10695.92270;[0.913];[-0.037];10646.78912),(226797.08171;[0.95];[0.];10696.27159;[0.9162];[-0.0338];10645.45702),(226944.22030;[0.96];[0.01];10696.04406;[0.9129];[-0.0371];10647.47586),(227081.20728;[0.96];[0.01];10696.04406;[0.9129];[-0.0371];10647.47586),(227221.30084;[0.96];[0.01];10696.04406;[0.9129];[-0.0371];10647.47586),(227988.31177;[0.79];[-0.16];11873.39854;[0.7505];[-0.1995];12006.57351),(228433.94256;[0.79];[-0.16];11873.42084;[0.7491];[-0.2009];12004.11498),(228929.84319;[0.79];[-0.16];11873.42084;[0.7491];[-0.2009];12004.11498),(229418.44130;[0.79];[-0.16];11873.42084;[0.7491];[-0.2009];12004.11498),(229899.50919;[0.79];[-0.16];11873.42084;[0.7491];[-0.2009];12004.11498),(230175.44603;[0.88];[-0.07];11507.71667;[0.8403];[-0.1097];11449.08525),(230409.67369;[0.97];[0.02];10438.24330;[0.9249];[-0.0251];10390.82410),(230663.19013;[0.93];[-0.02];11192.45951;[0.8846];[-0.0654];11107.32908),(230761.06000;[0.95];[0.];10859.57816;[0.902];[-0.048];10801.76549),(231048.40922;[0.96];[0.01];10691.92625;[0.9126];[-0.0374];10643.08418),(231152.64606;[0.95];[0.];10784.38081;[0.9094];[-0.0406];10734.79149),(231658.08272;[0.95];[0.];10720.85646;[0.911];[-0.039];10670.08006),(232034.71184;[0.95];[0.];10701.18272;[0.9095];[-0.0405];10655.13444),(232233.43945;[0.95];[0.];10696.27159;[0.9162];[-0.0338];10645.45702),(232374.74394;[0.96];[0.01];10695.25979;[0.9127];[-0.0373];10646.32551),(232484.44653;[0.97];[0.02];10695.92270;[0.913];[-0.037];10646.78912),(232597.65935;[0.97];[0.02];10695.92270;[0.913];[-0.037];10646.78912),(232691.11133;[0.95];[0.];10696.27159;[0.9162];[-0.0338];10645.45702),(232832.77702;[0.96];[0.01];10696.04406;[0.9129];[-0.0371];10647.47586),(232924.13640;[0.96];[0.01];10696.04406;[0.9129];[-0.0371];10647.47586),(233030.64132;[0.96];[0.01];10696.04406;[0.9129];[-0.0371];10647.47586),(233771.66009;[0.79];[-0.16];11873.39854;[0.7505];[-0.1995];12006.57351),(234222.05615;[0.79];[-0.16];11873.42084;[0.7491];[-0.2009];12004.11498),(234675.07029;[0.79];[-0.16];11873.42084;[0.7491];[-0.2009];12004.11498),(235147.45259;[0.79];[-0.16];11873.42084;[0.7491];[-0.2009];12004.11498),(235626.61004;[0.79];[-0.16];11873.42084;[0.7491];[-0.2009];12004.11498),(235882.18522;[0.88];[-0.07];11507.71667;[0.8403];[-0.1097];11449.08525),(236120.45074;[0.97];[0.02];10438.24330;[0.9249];[-0.0251];10390.82410),(236359.33566;[0.93];[-0.02];11192.45951;[0.8846];[-0.0654];11107.32908),(236456.05326;[0.95];[0.];10859.57816;[0.902];[-0.048];10801.76549),(236779.58870;[0.96];[0.01];10691.92625;[0.9126];[-0.0374];10643.08418),(236884.86385;[0.95];[0.];10784.38081;[0.9094];[-0.0406];10734.79149),(237361.36556;[0.95];[0.];10720.85646;[0.911];[-0.039];10670.08006),(237689.27693;[0.95];[0.];10701.18272;[0.9095];[-0.0405];10655.13444),(237872.12014;[0.95];[0.];10696.27159;[0.9162];[-0.0338];10645.45702),(238017.09652;[0.96];[0.01];10695.25979;[0.9127];[-0.0373];10646.32551),(238125.90218;[0.97];[0.02];10695.92270;[0.913];[-0.037];10646.78912),(238229.55036;[0.97];[0.02];10695.92270;[0.913];[-0.037];10646.78912),(238327.59738;[0.95];[0.];10696.27159;[0.9162];[-0.0338];10645.45702),(238454.57554;[0.96];[0.01];10696.04406;[0.9129];[-0.0371];10647.47586),(238552.75607;[0.96];[0.01];10696.04406;[0.9129];[-0.0371];10647.47586),(238647.39394;[0.96];[0.01];10696.04406;[0.9129];[-0.0371];10647.47586),(239390.55800;[0.79];[-0.16];11873.39854;[0.7505];[-0.1995];12006.57351),(239851.11523;[0.79];[-0.16];11873.42084;[0.7491];[-0.2009];12004.11498),(240332.23653;[0.79];[-0.16];11873.42084;[0.7491];[-0.2009];12004.11498),(240800.88377;[0.79];[-0.16];11873.42084;[0.7491];[-0.2009];12004.11498),(241275.79021;[0.79];[-0.16];11873.42084;[0.7491];[-0.2009];12004.11498),(241525.27833;[0.88];[-0.07];11507.71667;[0.8403];[-0.1097];11449.08525),(241761.43932;[0.97];[0.02];10438.24330;[0.9249];[-0.0251];10390.82410),(242021.99316;[0.93];[-0.02];11192.45951;[0.8846];[-0.0654];11107.32908),(242117.07783;[0.95];[0.];10859.57816;[0.902];[-0.048];10801.76549),(242414.27803;[0.96];[0.01];10691.92625;[0.9126];[-0.0374];10643.08418),(242518.84723;[0.95];[0.];10784.38081;[0.9094];[-0.0406];10734.79149),(243088.86766;[0.95];[0.];10720.85646;[0.911];[-0.039];10670.08006),(243460.91461;[0.95];[0.];10701.18272;[0.9095];[-0.0405];10655.13444),(243644.05680;[0.95];[0.];10696.27159;[0.9162];[-0.0338];10645.45702),(243784.62386;[0.96];[0.01];10695.25979;[0.9127];[-0.0373];10646.32551),(243902.57001;[0.97];[0.02];10695.92270;[0.913];[-0.037];10646.78912),(244001.09863;[0.97];[0.02];10695.92270;[0.913];[-0.037];10646.78912),(244097.18156;[0.95];[0.];10696.27159;[0.9162];[-0.0338];10645.45702),(244217.38172;[0.96];[0.01];10696.04406;[0.9129];[-0.0371];10647.47586),(244318.50052;[0.96];[0.01];10696.04406;[0.9129];[-0.0371];10647.47586),(244410.57205;[0.96];[0.01];10696.04406;[0.9129];[-0.0371];10647.47586),(245211.32231;[0.79];[-0.16];11873.39854;[0.7505];[-0.1995];12006.57351),(245646.05546;[0.79];[-0.16];11873.42084;[0.7491];[-0.2009];12004.11498),(246123.15154;[0.79];[-0.16];11873.42084;[0.7491];[-0.2009];12004.11498),(246602.56934;[0.79];[-0.16];11873.42084;[0.7491];[-0.2009];12004.11498),(247080.36160;[0.79];[-0.16];11873.42084;[0.7491];[-0.2009];12004.11498),(247350.70062;[0.88];[-0.07];11507.71667;[0.8403];[-0.1097];11449.08525),(247581.46000;[0.97];[0.02];10438.24330;[0.9249];[-0.0251];10390.82410),(247834.01418;[0.93];[-0.02];11192.45951;[0.8846];[-0.0654];11107.32908),(247928.16710;[0.95];[0.];10859.57816;[0.902];[-0.048];10801.76549),(248226.67313;[0.96];[0.01];10691.92625;[0.9126];[-0.0374];10643.08418),(248334.77974;[0.95];[0.];10784.38081;[0.9094];[-0.0406];10734.79149),(248766.03961;[0.95];[0.];10720.85646;[0.911];[-0.039];10670.08006),(249142.93456;[0.95];[0.];10701.18272;[0.9095];[-0.0405];10655.13444),(249315.64236;[0.95];[0.];10696.27159;[0.9162];[-0.0338];10645.45702),(249481.52876;[0.96];[0.01];10695.25979;[0.9127];[-0.0373];10646.32551),(249591.92944;[0.97];[0.02];10695.92270;[0.913];[-0.037];10646.78912),(249703.58896;[0.97];[0.02];10695.92270;[0.913];[-0.037];10646.78912),(249804.36563;[0.95];[0.];10696.27159;[0.9162];[-0.0338];10645.45702),(249937.51287;[0.96];[0.01];10696.04406;[0.9129];[-0.0371];10647.47586),(250050.32587;[0.96];[0.01];10696.04406;[0.9129];[-0.0371];10647.47586),(250160.02035;[0.96];[0.01];10696.04406;[0.9129];[-0.0371];10647.47586),(250928.28178;[0.79];[-0.16];11873.39854;[0.7505];[-0.1995];12006.57351),(251362.55288;[0.79];[-0.16];11873.42084;[0.7491];[-0.2009];12004.11498),(251846.13371;[0.79];[-0.16];11873.42084;[0.7491];[-0.2009];12004.11498),(252316.71095;[0.79];[-0.16];11873.42084;[0.7491];[-0.2009];12004.11498),(252792.09137;[0.79];[-0.16];11873.42084;[0.7491];[-0.2009];12004.11498),(253040.79318;[0.88];[-0.07];11507.71667;[0.8403];[-0.1097];11449.08525),(253286.55195;[0.97];[0.02];10438.24330;[0.9249];[-0.0251];10390.82410),(253536.62705;[0.93];[-0.02];11192.45951;[0.8846];[-0.0654];11107.32908),(253625.93341;[0.95];[0.];10859.57816;[0.902];[-0.048];10801.76549),(253964.85972;[0.96];[0.01];10691.92625;[0.9126];[-0.0374];10643.08418),(254062.79707;[0.95];[0.];10784.38081;[0.9094];[-0.0406];10734.79149),(254508.05020;[0.95];[0.];10720.85646;[0.911];[-0.039];10670.08006),(254863.91950;[0.95];[0.];10701.18272;[0.9095];[-0.0405];10655.13444),(255030.79987;[0.95];[0.];10696.27159;[0.9162];[-0.0338];10645.45702),(255184.83162;[0.96];[0.01];10695.25979;[0.9127];[-0.0373];10646.32551),(255297.57047;[0.97];[0.02];10695.92270;[0.913];[-0.037];10646.78912),(255393.97550;[0.97];[0.02];10695.92270;[0.913];[-0.037];10646.78912),(255488.03544;[0.95];[0.];10696.27159;[0.9162];[-0.0338];10645.45702),(255607.65028;[0.96];[0.01];10696.04406;[0.9129];[-0.0371];10647.47586),(255709.55491;[0.96];[0.01];10696.04406;[0.9129];[-0.0371];10647.47586),(255804.64840;[0.96];[0.01];10696.04406;[0.9129];[-0.0371];10647.47586),(256585.88934;[0.79];[-0.16];11873.39854;[0.7505];[-0.1995];12006.57351),(257040.42387;[0.79];[-0.16];11873.42084;[0.7491];[-0.2009];12004.11498),(257505.21946;[0.79];[-0.16];11873.42084;[0.7491];[-0.2009];12004.11498),(257988.39307;[0.79];[-0.16];11873.42084;[0.7491];[-0.2009];12004.11498),(258456.41804;[0.79];[-0.16];11873.42084;[0.7491];[-0.2009];12004.11498),(258731.27174;[0.88];[-0.07];11507.71667;[0.8403];[-0.1097];11449.08525),(258978.72639;[0.97];[0.02];10438.24330;[0.9249];[-0.0251];10390.82410),(259233.15835;[0.93];[-0.02];11192.45951;[0.8846];[-0.0654];11107.32908),(259327.17371;[0.95];[0.];10859.57816;[0.902];[-0.048];10801.76549),(259616.65154;[0.96];[0.01];10691.92625;[0.9126];[-0.0374];10643.08418),(259713.91511;[0.95];[0.];10784.38081;[0.9094];[-0.0406];10734.79149),(260208.17494;[0.95];[0.];10720.85646;[0.911];[-0.039];10670.08006),(260530.03573;[0.95];[0.];10701.18272;[0.9095];[-0.0405];10655.13444),(260722.06640;[0.95];[0.];10696.27159;[0.9162];[-0.0338];10645.45702),(260877.94089;[0.96];[0.01];10695.25979;[0.9127];[-0.0373];10646.32551),(260984.30061;[0.97];[0.02];10695.92270;[0.913];[-0.037];10646.78912),(261091.30239;[0.97];[0.02];10695.92270;[0.913];[-0.037];10646.78912),(261201.17593;[0.95];[0.];10696.27159;[0.9162];[-0.0338];10645.45702),(261322.21651;[0.96];[0.01];10696.04406;[0.9129];[-0.0371];10647.47586),(261417.18173;[0.96];[0.01];10696.04406;[0.9129];[-0.0371];10647.47586),(261549.09086;[0.96];[0.01];10696.04406;[0.9129];[-0.0371];10647.47586),(262573.42339;[0.79];[-0.16];11873.39854;[0.7505];[-0.1995];12006.57351),(263026.42727;[0.79];[-0.16];11873.42084;[0.7491];[-0.2009];12004.11498),(263507.28154;[0.79];[-0.16];11873.42084;[0.7491];[-0.2009];12004.11498),(264002.21896;[0.79];[-0.16];11873.42084;[0.7491];[-0.2009];12004.11498),(264492.44809;[0.79];[-0.16];11873.42084;[0.7491];[-0.2009];12004.11498),(264756.50263;[0.88];[-0.07];11507.71667;[0.8403];[-0.1097];11449.08525),(264980.14665;[0.97];[0.02];10438.24330;[0.9249];[-0.0251];10390.82410),(265243.08014;[0.93];[-0.02];11192.45951;[0.8846];[-0.0654];11107.32908),(265335.81710;[0.95];[0.];10859.57816;[0.902];[-0.048];10801.76549),(265646.80195;[0.96];[0.01];10691.92625;[0.9126];[-0.0374];10643.08418),(265742.75231;[0.95];[0.];10784.38081;[0.9094];[-0.0406];10734.79149),(266194.18073;[0.95];[0.];10720.85646;[0.911];[-0.039];10670.08006),(266544.15202;[0.95];[0.];10701.18272;[0.9095];[-0.0405];10655.13444),(266715.86776;[0.95];[0.];10696.27159;[0.9162];[-0.0338];10645.45702),(266874.54104;[0.96];[0.01];10695.25979;[0.9127];[-0.0373];10646.32551),(266976.89843;[0.97];[0.02];10695.92270;[0.913];[-0.037];10646.78912),(267092.29088;[0.97];[0.02];10695.92270;[0.913];[-0.037];10646.78912),(267180.29213;[0.95];[0.];10696.27159;[0.9162];[-0.0338];10645.45702),(267316.24937;[0.96];[0.01];10696.04406;[0.9129];[-0.0371];10647.47586),(267413.23495;[0.96];[0.01];10696.04406;[0.9129];[-0.0371];10647.47586),(267505.01108;[0.96];[0.01];10696.04406;[0.9129];[-0.0371];10647.47586),(268280.13945;[0.79];[-0.16];11873.39854;[0.7505];[-0.1995];12006.57351),(268730.77345;[0.79];[-0.16];11873.42084;[0.7491];[-0.2009];12004.11498),(269229.55537;[0.79];[-0.16];11873.42084;[0.7491];[-0.2009];12004.11498),(269688.71260;[0.79];[-0.16];11873.42084;[0.7491];[-0.2009];12004.11498),(270161.34810;[0.79];[-0.16];11873.42084;[0.7491];[-0.2009];12004.11498),(270423.13719;[0.88];[-0.07];11507.71667;[0.8403];[-0.1097];11449.08525),(270649.83296;[0.97];[0.02];10438.24330;[0.9249];[-0.0251];10390.82410),(270925.90404;[0.93];[-0.02];11192.45951;[0.8846];[-0.0654];11107.32908),(271014.76741;[0.95];[0.];10859.57816;[0.902];[-0.048];10801.76549),(271300.26102;[0.96];[0.01];10691.92625;[0.9126];[-0.0374];10643.08418),(271393.41784;[0.95];[0.];10784.38081;[0.9094];[-0.0406];10734.79149),(271839.24723;[0.95];[0.];10720.85646;[0.911];[-0.039];10670.08006),(272218.18924;[0.95];[0.];10701.18272;[0.9095];[-0.0405];10655.13444),(272401.96943;[0.95];[0.];10696.27159;[0.9162];[-0.0338];10645.45702),(272560.83417;[0.96];[0.01];10695.25979;[0.9127];[-0.0373];10646.32551),(272664.31785;[0.97];[0.02];10695.92270;[0.913];[-0.037];10646.78912),(272768.93902;[0.97];[0.02];10695.92270;[0.913];[-0.037];10646.78912),(272865.80086;[0.95];[0.];10696.27159;[0.9162];[-0.0338];10645.45702),(272992.35678;[0.96];[0.01];10696.04406;[0.9129];[-0.0371];10647.47586),(273091.88151;[0.96];[0.01];10696.04406;[0.9129];[-0.0371];10647.47586),(273186.74779;[0.96];[0.01];10696.04406;[0.9129];[-0.0371];10647.47586),(273973.12307;[0.79];[-0.16];11873.39854;[0.7505];[-0.1995];12006.57351),(274410.81929;[0.79];[-0.16];11873.42084;[0.7491];[-0.2009];12004.11498),(274872.97511;[0.79];[-0.16];11873.42084;[0.7491];[-0.2009];12004.11498),(275363.77025;[0.79];[-0.16];11873.42084;[0.7491];[-0.2009];12004.11498),(275859.26485;[0.79];[-0.16];11873.42084;[0.7491];[-0.2009];12004.11498),(276127.27046;[0.88];[-0.07];11507.71667;[0.8403];[-0.1097];11449.08525),(276359.28702;[0.97];[0.02];10438.24330;[0.9249];[-0.0251];10390.82410),(276618.06178;[0.93];[-0.02];11192.45951;[0.8846];[-0.0654];11107.32908),(276713.56153;[0.95];[0.];10859.57816;[0.902];[-0.048];10801.76549),(277016.15047;[0.96];[0.01];10691.92625;[0.9126];[-0.0374];10643.08418),(277121.04249;[0.95];[0.];10784.38081;[0.9094];[-0.0406];10734.79149),(277596.97437;[0.95];[0.];10720.85646;[0.911];[-0.039];10670.08006),(277996.70911;[0.95];[0.];10701.18272;[0.9095];[-0.0405];10655.13444),(278163.09762;[0.95];[0.];10696.27159;[0.9162];[-0.0338];10645.45702),(278303.22695;[0.96];[0.01];10695.25979;[0.9127];[-0.0373];10646.32551),(278414.29806;[0.97];[0.02];10695.92270;[0.913];[-0.037];10646.78912),(278512.62712;[0.97];[0.02];10695.92270;[0.913];[-0.037];10646.78912),(278615.00335;[0.95];[0.];10696.27159;[0.9162];[-0.0338];10645.45702),(278749.73369;[0.96];[0.01];10696.04406;[0.9129];[-0.0371];10647.47586),(278851.62234;[0.96];[0.01];10696.04406;[0.9129];[-0.0371];10647.47586),(278960.79326;[0.96];[0.01];10696.04406;[0.9129];[-0.0371];10647.47586),(279729.68102;[0.79];[-0.16];11873.39854;[0.7505];[-0.1995];12006.57351),(280173.51699;[0.79];[-0.16];11873.42084;[0.7491];[-0.2009];12004.11498),(280641.40463;[0.79];[-0.16];11873.42084;[0.7491];[-0.2009];12004.11498),(281108.34002;[0.79];[-0.16];11873.42084;[0.7491];[-0.2009];12004.11498),(281591.34531;[0.79];[-0.16];11873.42084;[0.7491];[-0.2009];12004.11498),(281832.65781;[0.88];[-0.07];11507.71667;[0.8403];[-0.1097];11449.08525),(282063.34782;[0.97];[0.02];10438.24330;[0.9249];[-0.0251];10390.82410),(282294.44027;[0.93];[-0.02];11192.45951;[0.8846];[-0.0654];11107.32908),(282391.67023;[0.95];[0.];10859.57816;[0.902];[-0.048];10801.76549),(282727.03409;[0.96];[0.01];10691.92625;[0.9126];[-0.0374];10643.08418),(282831.82025;[0.95];[0.];10784.38081;[0.9094];[-0.0406];10734.79149),(283293.55145;[0.95];[0.];10720.85646;[0.911];[-0.039];10670.08006),(283670.44783;[0.95];[0.];10701.18272;[0.9095];[-0.0405];10655.13444),(283867.16437;[0.95];[0.];10696.27159;[0.9162];[-0.0338];10645.45702),(284029.38247;[0.96];[0.01];10695.25979;[0.9127];[-0.0373];10646.32551),(284143.85939;[0.97];[0.02];10695.92270;[0.913];[-0.037];10646.78912),(284248.80743;[0.97];[0.02];10695.92270;[0.913];[-0.037];10646.78912),(284347.27073;[0.95];[0.];10696.27159;[0.9162];[-0.0338];10645.45702),(284470.37554;[0.96];[0.01];10696.04406;[0.9129];[-0.0371];10647.47586),(284565.82522;[0.96];[0.01];10696.04406;[0.9129];[-0.0371];10647.47586),(284669.60907;[0.96];[0.01];10696.04406;[0.9129];[-0.0371];10647.47586),(285475.06022;[0.79];[-0.16];11873.39854;[0.7505];[-0.1995];12006.57351),(285917.17815;[0.79];[-0.16];11873.42084;[0.7491];[-0.2009];12004.11498),(286378.85332;[0.79];[-0.16];11873.42084;[0.7491];[-0.2009];12004.11498),(286841.69960;[0.79];[-0.16];11873.42084;[0.7491];[-0.2009];12004.11498),(287328.53794;[0.79];[-0.16];11873.42084;[0.7491];[-0.2009];12004.11498),(287568.50100;[0.88];[-0.07];11507.71667;[0.8403];[-0.1097];11449.08525),(287803.48229;[0.97];[0.02];10438.24330;[0.9249];[-0.0251];10390.82410),(288043.88022;[0.93];[-0.02];11192.45951;[0.8846];[-0.0654];11107.32908),(288140.31982;[0.95];[0.];10859.57816;[0.902];[-0.048];10801.76549),(288438.38692;[0.96];[0.01];10691.92625;[0.9126];[-0.0374];10643.08418),(288541.63122;[0.95];[0.];10784.38081;[0.9094];[-0.0406];10734.79149),(288973.51146;[0.95];[0.];10720.85646;[0.911];[-0.039];10670.08006),(289327.71063;[0.95];[0.];10701.18272;[0.9095];[-0.0405];10655.13444),(289547.27483;[0.95];[0.];10696.27159;[0.9162];[-0.0338];10645.45702),(289681.33688;[0.96];[0.01];10695.25979;[0.9127];[-0.0373];10646.32551),(289782.32694;[0.97];[0.02];10695.92270;[0.913];[-0.037];10646.78912),(289886.31892;[0.97];[0.02];10695.92270;[0.913];[-0.037];10646.78912),(289987.82539;[0.95];[0.];10696.27159;[0.9162];[-0.0338];10645.45702),(290126.98603;[0.96];[0.01];10696.04406;[0.9129];[-0.0371];10647.47586),(290233.62637;[0.96];[0.01];10696.04406;[0.9129];[-0.0371];10647.47586),(290331.25591;[0.96];[0.01];10696.04406;[0.9129];[-0.0371];10647.47586),(291131.03056;[0.79];[-0.16];11873.39854;[0.7505];[-0.1995];12006.57351),(291586.88951;[0.79];[-0.16];11873.42084;[0.7491];[-0.2009];12004.11498),(292083.13417;[0.79];[-0.16];11873.42084;[0.7491];[-0.2009];12004.11498),(292543.72358;[0.79];[-0.16];11873.42084;[0.7491];[-0.2009];12004.11498),(293030.53188;[0.79];[-0.16];11873.42084;[0.7491];[-0.2009];12004.11498),(293276.89004;[0.88];[-0.07];11507.71667;[0.8403];[-0.1097];11449.08525),(293507.02834;[0.97];[0.02];10438.24330;[0.9249];[-0.0251];10390.82410),(293775.11096;[0.93];[-0.02];11192.45951;[0.8846];[-0.0654];11107.32908),(293869.94934;[0.95];[0.];10859.57816;[0.902];[-0.048];10801.76549),(294192.31081;[0.96];[0.01];10691.92625;[0.9126];[-0.0374];10643.08418),(294298.27332;[0.95];[0.];10784.38081;[0.9094];[-0.0406];10734.79149),(294754.51565;[0.95];[0.];10720.85646;[0.911];[-0.039];10670.08006),(295105.33929;[0.95];[0.];10701.18272;[0.9095];[-0.0405];10655.13444),(295297.49012;[0.95];[0.];10696.27159;[0.9162];[-0.0338];10645.45702),(295437.07299;[0.96];[0.01];10695.25979;[0.9127];[-0.0373];10646.32551),(295544.67416;[0.97];[0.02];10695.92270;[0.913];[-0.037];10646.78912),(295646.00658;[0.97];[0.02];10695.92270;[0.913];[-0.037];10646.78912),(295738.06238;[0.95];[0.];10696.27159;[0.9162];[-0.0338];10645.45702),(295861.91177;[0.96];[0.01];10696.04406;[0.9129];[-0.0371];10647.47586),(295970.66998;[0.96];[0.01];10696.04406;[0.9129];[-0.0371];10647.47586),(296092.96775;[0.96];[0.01];10696.04406;[0.9129];[-0.0371];10647.47586),(296875.45729;[0.79];[-0.16];11873.39854;[0.7505];[-0.1995];12006.57351),(297312.51216;[0.79];[-0.16];11873.42084;[0.7491];[-0.2009];12004.11498),(297766.19506;[0.79];[-0.16];11873.42084;[0.7491];[-0.2009];12004.11498),(298252.69103;[0.79];[-0.16];11873.42084;[0.7491];[-0.2009];12004.11498),(298747.78461;[0.79];[-0.16];11873.42084;[0.7491];[-0.2009];12004.11498),(299000.69690;[0.88];[-0.07];11507.71667;[0.8403];[-0.1097];11449.08525),(299235.30841;[0.97];[0.02];10438.24330;[0.9249];[-0.0251];10390.82410),(299483.76679;[0.93];[-0.02];11192.45951;[0.8846];[-0.0654];11107.32908),(299573.45605;[0.95];[0.];10859.57816;[0.902];[-0.048];10801.76549),(299857.29933;[0.96];[0.01];10691.92625;[0.9126];[-0.0374];10643.08418),(299962.09216;[0.95];[0.];10784.38081;[0.9094];[-0.0406];10734.79149),(300387.00986;[0.95];[0.];10720.85646;[0.911];[-0.039];10670.08006),(300714.14232;[0.95];[0.];10701.18272;[0.9095];[-0.0405];10655.13444),(300883.91995;[0.95];[0.];10696.27159;[0.9162];[-0.0338];10645.45702),(301046.28158;[0.96];[0.01];10695.25979;[0.9127];[-0.0373];10646.32551),(301164.00862;[0.97];[0.02];10695.92270;[0.913];[-0.037];10646.78912),(301270.88261;[0.97];[0.02];10695.92270;[0.913];[-0.037];10646.78912),(301366.50491;[0.95];[0.];10696.27159;[0.9162];[-0.0338];10645.45702),(301496.74702;[0.96];[0.01];10696.04406;[0.9129];[-0.0371];10647.47586),(301607.33151;[0.96];[0.01];10696.04406;[0.9129];[-0.0371];10647.47586),(301715.66153;[0.96];[0.01];10696.04406;[0.9129];[-0.0371];10647.47586),(302518.11576;[0.79];[-0.16];11873.39854;[0.7505];[-0.1995];12006.57351),(302960.55341;[0.79];[-0.16];11873.42084;[0.7491];[-0.2009];12004.11498),(303454.40531;[0.79];[-0.16];11873.42084;[0.7491];[-0.2009];12004.11498),(303923.79832;[0.79];[-0.16];11873.42084;[0.7491];[-0.2009];12004.11498),(304408.70905;[0.79];[-0.16];11873.42084;[0.7491];[-0.2009];12004.11498),(304667.88173;[0.88];[-0.07];11507.71667;[0.8403];[-0.1097];11449.08525),(304880.14007;[0.97];[0.02];10438.24330;[0.9249];[-0.0251];10390.82410),(305133.07118;[0.93];[-0.02];11192.45951;[0.8846];[-0.0654];11107.32908),(305222.56994;[0.95];[0.];10859.57816;[0.902];[-0.048];10801.76549),(305528.14269;[0.96];[0.01];10691.92625;[0.9126];[-0.0374];10643.08418),(305628.16572;[0.95];[0.];10784.38081;[0.9094];[-0.0406];10734.79149),(306087.25572;[0.95];[0.];10720.85646;[0.911];[-0.039];10670.08006),(306447.53599;[0.95];[0.];10701.18272;[0.9095];[-0.0405];10655.13444),(306642.55476;[0.95];[0.];10696.27159;[0.9162];[-0.0338];10645.45702),(306782.58038;[0.96];[0.01];10695.25979;[0.9127];[-0.0373];10646.32551),(306882.88021;[0.97];[0.02];10695.92270;[0.913];[-0.037];10646.78912),(307013.06796;[0.97];[0.02];10695.92270;[0.913];[-0.037];10646.78912),(307111.12332;[0.95];[0.];10696.27159;[0.9162];[-0.0338];10645.45702),(307233.82139;[0.96];[0.01];10696.04406;[0.9129];[-0.0371];10647.47586),(307344.36941;[0.96];[0.01];10696.04406;[0.9129];[-0.0371];10647.47586),(307446.16342;[0.96];[0.01];10696.04406;[0.9129];[-0.0371];10647.47586),(308233.43182;[0.79];[-0.16];11873.39854;[0.7505];[-0.1995];12006.57351),(308681.71501;[0.79];[-0.16];11873.42084;[0.7491];[-0.2009];12004.11498),(309160.37893;[0.79];[-0.16];11873.42084;[0.7491];[-0.2009];12004.11498),(309627.55966;[0.79];[-0.16];11873.42084;[0.7491];[-0.2009];12004.11498),(310093.42098;[0.79];[-0.16];11873.42084;[0.7491];[-0.2009];12004.11498),(310358.61015;[0.88];[-0.07];11507.71667;[0.8403];[-0.1097];11449.08525),(310598.97661;[0.97];[0.02];10438.24330;[0.9249];[-0.0251];10390.82410),(310853.71137;[0.93];[-0.02];11192.45951;[0.8846];[-0.0654];11107.32908),(310947.38960;[0.95];[0.];10859.57816;[0.902];[-0.048];10801.76549),(311241.17565;[0.96];[0.01];10691.92625;[0.9126];[-0.0374];10643.08418),(311326.98607;[0.95];[0.];10784.38081;[0.9094];[-0.0406];10734.79149),(311799.83139;[0.95];[0.];10720.85646;[0.911];[-0.039];10670.08006),(312172.45245;[0.95];[0.];10701.18272;[0.9095];[-0.0405];10655.13444),(312366.22739;[0.95];[0.];10696.27159;[0.9162];[-0.0338];10645.45702),(312520.97082;[0.96];[0.01];10695.25979;[0.9127];[-0.0373];10646.32551),(312619.38548;[0.97];[0.02];10695.92270;[0.913];[-0.037];10646.78912),(312730.48830;[0.97];[0.02];10695.92270;[0.913];[-0.037];10646.78912),(312833.39167;[0.95];[0.];10696.27159;[0.9162];[-0.0338];10645.45702),(312955.49703;[0.96];[0.01];10696.04406;[0.9129];[-0.0371];10647.47586),(313053.53761;[0.96];[0.01];10696.04406;[0.9129];[-0.0371];10647.47586),(313162.26244;[0.96];[0.01];10696.04406;[0.9129];[-0.0371];10647.47586),(313941.32400;[0.79];[-0.16];11873.39854;[0.7505];[-0.1995];12006.57351),(314378.75748;[0.79];[-0.16];11873.42084;[0.7491];[-0.2009];12004.11498),(314879.05908;[0.79];[-0.16];11873.42084;[0.7491];[-0.2009];12004.11498),(315354.16126;[0.79];[-0.16];11873.42084;[0.7491];[-0.2009];12004.11498),(315835.56199;[0.79];[-0.16];11873.42084;[0.7491];[-0.2009];12004.11498),(316105.70645;[0.88];[-0.07];11507.71667;[0.8403];[-0.1097];11449.08525),(316343.36305;[0.97];[0.02];10438.24330;[0.9249];[-0.0251];10390.82410),(316602.43797;[0.93];[-0.02];11192.45951;[0.8846];[-0.0654];11107.32908),(316700.01411;[0.95];[0.];10859.57816;[0.902];[-0.048];10801.76549),(316998.75212;[0.96];[0.01];10691.92625;[0.9126];[-0.0374];10643.08418),(317091.19010;[0.95];[0.];10784.38081;[0.9094];[-0.0406];10734.79149),(317603.90830;[0.95];[0.];10720.85646;[0.911];[-0.039];10670.08006),(317927.84452;[0.95];[0.];10701.18272;[0.9095];[-0.0405];10655.13444),(318103.55401;[0.95];[0.];10696.27159;[0.9162];[-0.0338];10645.45702),(318244.91858;[0.96];[0.01];10695.25979;[0.9127];[-0.0373];10646.32551),(318347.97239;[0.97];[0.02];10695.92270;[0.913];[-0.037];10646.78912),(318461.63297;[0.97];[0.02];10695.92270;[0.913];[-0.037];10646.78912),(318568.94326;[0.95];[0.];10696.27159;[0.9162];[-0.0338];10645.45702),(318720.93105;[0.96];[0.01];10696.04406;[0.9129];[-0.0371];10647.47586),(318832.30901;[0.96];[0.01];10696.04406;[0.9129];[-0.0371];10647.47586),(318931.71525;[0.96];[0.01];10696.04406;[0.9129];[-0.0371];10647.47586),(319713.82570;[0.79];[-0.16];11873.39854;[0.7505];[-0.1995];12006.57351),(320152.28105;[0.79];[-0.16];11873.42084;[0.7491];[-0.2009];12004.11498),(320625.70453;[0.79];[-0.16];11873.42084;[0.7491];[-0.2009];12004.11498),(321095.72554;[0.79];[-0.16];11873.42084;[0.7491];[-0.2009];12004.11498),(321567.30771;[0.79];[-0.16];11873.42084;[0.7491];[-0.2009];12004.11498),(321842.65065;[0.88];[-0.07];11507.71667;[0.8403];[-0.1097];11449.08525),(322069.78440;[0.97];[0.02];10438.24330;[0.9249];[-0.0251];10390.82410),(322329.65159;[0.93];[-0.02];11192.45951;[0.8846];[-0.0654];11107.32908),(322426.78094;[0.95];[0.];10859.57816;[0.902];[-0.048];10801.76549),(322756.43682;[0.96];[0.01];10691.92625;[0.9126];[-0.0374];10643.08418),(322856.46987;[0.95];[0.];10784.38081;[0.9094];[-0.0406];10734.79149),(323289.13808;[0.95];[0.];10720.85646;[0.911];[-0.039];10670.08006),(323614.54153;[0.95];[0.];10701.18272;[0.9095];[-0.0405];10655.13444),(323799.51549;[0.95];[0.];10696.27159;[0.9162];[-0.0338];10645.45702),(323968.26077;[0.96];[0.01];10695.25979;[0.9127];[-0.0373];10646.32551),(324076.82633;[0.97];[0.02];10695.92270;[0.913];[-0.037];10646.78912),(324184.23867;[0.97];[0.02];10695.92270;[0.913];[-0.037];10646.78912),(324274.53375;[0.95];[0.];10696.27159;[0.9162];[-0.0338];10645.45702),(324412.03427;[0.96];[0.01];10696.04406;[0.9129];[-0.0371];10647.47586),(324514.44721;[0.96];[0.01];10696.04406;[0.9129];[-0.0371];10647.47586),(324614.61759;[0.96];[0.01];10696.04406;[0.9129];[-0.0371];10647.47586),(325399.94001;[0.79];[-0.16];11873.39854;[0.7505];[-0.1995];12006.57351),(325862.37216;[0.79];[-0.16];11873.42084;[0.7491];[-0.2009];12004.11498),(326347.78500;[0.79];[-0.16];11873.42084;[0.7491];[-0.2009];12004.11498),(326807.31511;[0.79];[-0.16];11873.42084;[0.7491];[-0.2009];12004.11498),(327300.60959;[0.79];[-0.16];11873.42084;[0.7491];[-0.2009];12004.11498),(327584.99932;[0.88];[-0.07];11507.71667;[0.8403];[-0.1097];11449.08525),(327799.05415;[0.97];[0.02];10438.24330;[0.9249];[-0.0251];10390.82410),(328038.92708;[0.93];[-0.02];11192.45951;[0.8846];[-0.0654];11107.32908),(328140.55181;[0.95];[0.];10859.57816;[0.902];[-0.048];10801.76549),(328460.31642;[0.96];[0.01];10691.92625;[0.9126];[-0.0374];10643.08418),(328563.23504;[0.95];[0.];10784.38081;[0.9094];[-0.0406];10734.79149),(329028.63407;[0.95];[0.];10720.85646;[0.911];[-0.039];10670.08006),(329378.01409;[0.95];[0.];10701.18272;[0.9095];[-0.0405];10655.13444),(329570.61887;[0.95];[0.];10696.27159;[0.9162];[-0.0338];10645.45702),(329722.99647;[0.96];[0.01];10695.25979;[0.9127];[-0.0373];10646.32551),(329826.16639;[0.97];[0.02];10695.92270;[0.913];[-0.037];10646.78912),(329933.29883;[0.97];[0.02];10695.92270;[0.913];[-0.037];10646.78912),(330057.23381;[0.95];[0.];10696.27159;[0.9162];[-0.0338];10645.45702),(330221.23718;[0.96];[0.01];10696.04406;[0.9129];[-0.0371];10647.47586),(330359.65085;[0.96];[0.01];10696.04406;[0.9129];[-0.0371];10647.47586),(330484.01213;[0.96];[0.01];10696.04406;[0.9129];[-0.0371];10647.47586),(331548.32339;[0.79];[-0.16];11873.39854;[0.7505];[-0.1995];12006.57351),(331982.59044;[0.79];[-0.16];11873.42084;[0.7491];[-0.2009];12004.11498),(332458.39477;[0.79];[-0.16];11873.42084;[0.7491];[-0.2009];12004.11498),(332943.96806;[0.79];[-0.16];11873.42084;[0.7491];[-0.2009];12004.11498),(333467.54694;[0.79];[-0.16];11873.42084;[0.7491];[-0.2009];12004.11498),(333716.59112;[0.88];[-0.07];11507.71667;[0.8403];[-0.1097];11449.08525),(333942.32059;[0.97];[0.02];10438.24330;[0.9249];[-0.0251];10390.82410),(334214.35308;[0.93];[-0.02];11192.45951;[0.8846];[-0.0654];11107.32908),(334311.82957;[0.95];[0.];10859.57816;[0.902];[-0.048];10801.76549),(334633.23641;[0.96];[0.01];10691.92625;[0.9126];[-0.0374];10643.08418),(334731.99534;[0.95];[0.];10784.38081;[0.9094];[-0.0406];10734.79149),(335197.29352;[0.95];[0.];10720.85646;[0.911];[-0.039];10670.08006),(335570.73903;[0.95];[0.];10701.18272;[0.9095];[-0.0405];10655.13444),(335763.21149;[0.95];[0.];10696.27159;[0.9162];[-0.0338];10645.45702),(335907.14169;[0.96];[0.01];10695.25979;[0.9127];[-0.0373];10646.32551),(336009.52482;[0.97];[0.02];10695.92270;[0.913];[-0.037];10646.78912),(336105.00026;[0.97];[0.02];10695.92270;[0.913];[-0.037];10646.78912),(336195.01495;[0.95];[0.];10696.27159;[0.9162];[-0.0338];10645.45702),(336310.59194;[0.96];[0.01];10696.04406;[0.9129];[-0.0371];10647.47586),(336425.39787;[0.96];[0.01];10696.04406;[0.9129];[-0.0371];10647.47586),(336537.31465;[0.96];[0.01];10696.04406;[0.9129];[-0.0371];10647.47586),(337274.06287;[0.79];[-0.16];11873.39854;[0.7505];[-0.1995];12006.57351),(337703.37963;[0.79];[-0.16];11873.42084;[0.7491];[-0.2009];12004.11498),(338171.58985;[0.79];[-0.16];11873.42084;[0.7491];[-0.2009];12004.11498),(338639.88805;[0.79];[-0.16];11873.42084;[0.7491];[-0.2009];12004.11498),(339141.83092;[0.79];[-0.16];11873.42084;[0.7491];[-0.2009];12004.11498),(339395.14017;[0.88];[-0.07];11507.71667;[0.8403];[-0.1097];11449.08525),(339626.55735;[0.97];[0.02];10438.24330;[0.9249];[-0.0251];10390.82410),(339864.38012;[0.93];[-0.02];11192.45951;[0.8846];[-0.0654];11107.32908),(339962.30435;[0.95];[0.];10859.57816;[0.902];[-0.048];10801.76549),(340289.09492;[0.96];[0.01];10691.92625;[0.9126];[-0.0374];10643.08418),(340398.84758;[0.95];[0.];10784.38081;[0.9094];[-0.0406];10734.79149),(340829.56815;[0.95];[0.];10720.85646;[0.911];[-0.039];10670.08006),(341149.88971;[0.95];[0.];10701.18272;[0.9095];[-0.0405];10655.13444),(341343.68086;[0.95];[0.];10696.27159;[0.9162];[-0.0338];10645.45702),(341476.08042;[0.96];[0.01];10695.25979;[0.9127];[-0.0373];10646.32551),(341569.52500;[0.97];[0.02];10695.92270;[0.913];[-0.037];10646.78912),(341689.32533;[0.97];[0.02];10695.92270;[0.913];[-0.037];10646.78912),(341785.61068;[0.95];[0.];10696.27159;[0.9162];[-0.0338];10645.45702),(341909.78551;[0.96];[0.01];10696.04406;[0.9129];[-0.0371];10647.47586),(342018.29910;[0.96];[0.01];10696.04406;[0.9129];[-0.0371];10647.47586),(342111.69243;[0.96];[0.01];10696.04406;[0.9129];[-0.0371];10647.47586),(342879.01664;[0.79];[-0.16];11873.39854;[0.7505];[-0.1995];12006.57351),(343329.79870;[0.79];[-0.16];11873.42084;[0.7491];[-0.2009];12004.11498),(343811.28669;[0.79];[-0.16];11873.42084;[0.7491];[-0.2009];12004.11498),(344283.31280;[0.79];[-0.16];11873.42084;[0.7491];[-0.2009];12004.11498),(344753.69310;[0.79];[-0.16];11873.42084;[0.7491];[-0.2009];12004.11498),(345012.06326;[0.88];[-0.07];11507.71667;[0.8403];[-0.1097];11449.08525),(345231.12607;[0.97];[0.02];10438.24330;[0.9249];[-0.0251];10390.82410),(345477.52261;[0.93];[-0.02];11192.45951;[0.8846];[-0.0654];11107.32908),(345569.23985;[0.95];[0.];10859.57816;[0.902];[-0.048];10801.76549),(345861.93848;[0.96];[0.01];10691.92625;[0.9126];[-0.0374];10643.08418),(345951.83659;[0.95];[0.];10784.38081;[0.9094];[-0.0406];10734.79149),(346390.04993;[0.95];[0.];10720.85646;[0.911];[-0.039];10670.08006),(346752.73061;[0.95];[0.];10701.18272;[0.9095];[-0.0405];10655.13444),(346957.83544;[0.95];[0.];10696.27159;[0.9162];[-0.0338];10645.45702),(347128.03936;[0.96];[0.01];10695.25979;[0.9127];[-0.0373];10646.32551),(347234.06744;[0.97];[0.02];10695.92270;[0.913];[-0.037];10646.78912),(347345.02482;[0.97];[0.02];10695.92270;[0.913];[-0.037];10646.78912),(347443.72034;[0.95];[0.];10696.27159;[0.9162];[-0.0338];10645.45702),(347564.19039;[0.96];[0.01];10696.04406;[0.9129];[-0.0371];10647.47586),(347660.76994;[0.96];[0.01];10696.04406;[0.9129];[-0.0371];10647.47586),(347768.02349;[0.96];[0.01];10696.04406;[0.9129];[-0.0371];10647.47586),(348554.05092;[0.79];[-0.16];11873.39854;[0.7505];[-0.1995];12006.57351),(348987.72573;[0.79];[-0.16];11873.42084;[0.7491];[-0.2009];12004.11498),(349474.54333;[0.79];[-0.16];11873.42084;[0.7491];[-0.2009];12004.11498),(349946.83146;[0.79];[-0.16];11873.42084;[0.7491];[-0.2009];12004.11498),(350478.61552;[0.79];[-0.16];11873.42084;[0.7491];[-0.2009];12004.11498),(350739.19749;[0.88];[-0.07];11507.71667;[0.8403];[-0.1097];11449.08525),(350956.19273;[0.97];[0.02];10438.24330;[0.9249];[-0.0251];10390.82410),(351207.88097;[0.93];[-0.02];11192.45951;[0.8846];[-0.0654];11107.32908),(351305.37176;[0.95];[0.];10859.57816;[0.902];[-0.048];10801.76549),(351623.17300;[0.96];[0.01];10691.92625;[0.9126];[-0.0374];10643.08418),(351726.11547;[0.95];[0.];10784.38081;[0.9094];[-0.0406];10734.79149),(352193.26639;[0.95];[0.];10720.85646;[0.911];[-0.039];10670.08006),(352543.42365;[0.95];[0.];10701.18272;[0.9095];[-0.0405];10655.13444),(352716.84766;[0.95];[0.];10696.27159;[0.9162];[-0.0338];10645.45702),(352876.17159;[0.96];[0.01];10695.25979;[0.9127];[-0.0373];10646.32551),(352989.98117;[0.97];[0.02];10695.92270;[0.913];[-0.037];10646.78912),(353093.61219;[0.97];[0.02];10695.92270;[0.913];[-0.037];10646.78912),(353205.17206;[0.95];[0.];10696.27159;[0.9162];[-0.0338];10645.45702),(353329.03838;[0.96];[0.01];10696.04406;[0.9129];[-0.0371];10647.47586),(353442.90423;[0.96];[0.01];10696.04406;[0.9129];[-0.0371];10647.47586),(353539.19387;[0.96];[0.01];10696.04406;[0.9129];[-0.0371];10647.47586),(354317.03782;[0.79];[-0.16];11873.39854;[0.7505];[-0.1995];12006.57351),(354746.82355;[0.79];[-0.16];11873.42084;[0.7491];[-0.2009];12004.11498),(355237.17380;[0.79];[-0.16];11873.42084;[0.7491];[-0.2009];12004.11498),(355737.26940;[0.79];[-0.16];11873.42084;[0.7491];[-0.2009];12004.11498),(356219.18082;[0.79];[-0.16];11873.42084;[0.7491];[-0.2009];12004.11498),(356461.59458;[0.88];[-0.07];11507.71667;[0.8403];[-0.1097];11449.08525),(356689.62526;[0.97];[0.02];10438.24330;[0.9249];[-0.0251];10390.82410),(356962.24952;[0.93];[-0.02];11192.45951;[0.8846];[-0.0654];11107.32908),(357057.25098;[0.95];[0.];10859.57816;[0.902];[-0.048];10801.76549),(357371.32621;[0.96];[0.01];10691.92625;[0.9126];[-0.0374];10643.08418),(357458.10556;[0.95];[0.];10784.38081;[0.9094];[-0.0406];10734.79149),(357952.76594;[0.95];[0.];10720.85646;[0.911];[-0.039];10670.08006),(358303.24244;[0.95];[0.];10701.18272;[0.9095];[-0.0405];10655.13444),(358501.29843;[0.95];[0.];10696.27159;[0.9162];[-0.0338];10645.45702),(358661.25083;[0.96];[0.01];10695.25979;[0.9127];[-0.0373];10646.32551),(358755.39470;[0.97];[0.02];10695.92270;[0.913];[-0.037];10646.78912),(358854.78640;[0.97];[0.02];10695.92270;[0.913];[-0.037];10646.78912),(358955.31845;[0.95];[0.];10696.27159;[0.9162];[-0.0338];10645.45702),(359088.38964;[0.96];[0.01];10696.04406;[0.9129];[-0.0371];10647.47586),(359198.69852;[0.96];[0.01];10696.04406;[0.9129];[-0.0371];10647.47586),(359292.61565;[0.96];[0.01];10696.04406;[0.9129];[-0.0371];10647.47586),(360077.69537;[0.79];[-0.16];11873.39854;[0.7505];[-0.1995];12006.57351),(360528.96857;[0.79];[-0.16];11873.42084;[0.7491];[-0.2009];12004.11498),(360986.41562;[0.79];[-0.16];11873.42084;[0.7491];[-0.2009];12004.11498),(361488.90471;[0.79];[-0.16];11873.42084;[0.7491];[-0.2009];12004.11498),(361963.78183;[0.79];[-0.16];11873.42084;[0.7491];[-0.2009];12004.11498),(362203.94182;[0.88];[-0.07];11507.71667;[0.8403];[-0.1097];11449.08525),(362418.84756;[0.97];[0.02];10438.24330;[0.9249];[-0.0251];10390.82410),(362645.06865;[0.93];[-0.02];11192.45951;[0.8846];[-0.0654];11107.32908),(362734.81512;[0.95];[0.];10859.57816;[0.902];[-0.048];10801.76549),(363029.65498;[0.96];[0.01];10691.92625;[0.9126];[-0.0374];10643.08418),(363132.73335;[0.95];[0.];10784.38081;[0.9094];[-0.0406];10734.79149),(363585.19340;[0.95];[0.];10720.85646;[0.911];[-0.039];10670.08006),(363910.08449;[0.95];[0.];10701.18272;[0.9095];[-0.0405];10655.13444),(364102.53572;[0.95];[0.];10696.27159;[0.9162];[-0.0338];10645.45702),(364242.37251;[0.96];[0.01];10695.25979;[0.9127];[-0.0373];10646.32551),(364342.25178;[0.97];[0.02];10695.92270;[0.913];[-0.037];10646.78912),(364444.91720;[0.97];[0.02];10695.92270;[0.913];[-0.037];10646.78912),(364547.80531;[0.95];[0.];10696.27159;[0.9162];[-0.0338];10645.45702),(364686.89823;[0.96];[0.01];10696.04406;[0.9129];[-0.0371];10647.47586),(364798.59352;[0.96];[0.01];10696.04406;[0.9129];[-0.0371];10647.47586),(364910.15410;[0.96];[0.01];10696.04406;[0.9129];[-0.0371];10647.47586),(365696.13981;[0.79];[-0.16];11873.39854;[0.7505];[-0.1995];12006.57351),(366129.13918;[0.79];[-0.16];11873.42084;[0.7491];[-0.2009];12004.11498),(366594.99359;[0.79];[-0.16];11873.42084;[0.7491];[-0.2009];12004.11498),(367068.31551;[0.79];[-0.16];11873.42084;[0.7491];[-0.2009];12004.11498),(367555.94707;[0.79];[-0.16];11873.42084;[0.7491];[-0.2009];12004.11498),(367834.34820;[0.88];[-0.07];11507.71667;[0.8403];[-0.1097];11449.08525),(368070.20211;[0.97];[0.02];10438.24330;[0.9249];[-0.0251];10390.82410),(368311.02443;[0.93];[-0.02];11192.45951;[0.8846];[-0.0654];11107.32908),(368405.61581;[0.95];[0.];10859.57816;[0.902];[-0.048];10801.76549),(368702.13866;[0.96];[0.01];10691.92625;[0.9126];[-0.0374];10643.08418),(368795.42017;[0.95];[0.];10784.38081;[0.9094];[-0.0406];10734.79149),(369262.20202;[0.95];[0.];10720.85646;[0.911];[-0.039];10670.08006),(369642.90810;[0.95];[0.];10701.18272;[0.9095];[-0.0405];10655.13444),(369814.54849;[0.95];[0.];10696.27159;[0.9162];[-0.0338];10645.45702),(369978.41287;[0.96];[0.01];10695.25979;[0.9127];[-0.0373];10646.32551),(370086.44247;[0.97];[0.02];10695.92270;[0.913];[-0.037];10646.78912),(370193.40897;[0.97];[0.02];10695.92270;[0.913];[-0.037];10646.78912),(370280.83467;[0.95];[0.];10696.27159;[0.9162];[-0.0338];10645.45702),(370419.11840;[0.96];[0.01];10696.04406;[0.9129];[-0.0371];10647.47586),(370513.47661;[0.96];[0.01];10696.04406;[0.9129];[-0.0371];10647.47586),(370608.63280;[0.96];[0.01];10696.04406;[0.9129];[-0.0371];10647.47586),(371375.54431;[0.79];[-0.16];11873.39854;[0.7505];[-0.1995];12006.57351),(371827.05379;[0.79];[-0.16];11873.42084;[0.7491];[-0.2009];12004.11498),(372303.60556;[0.79];[-0.16];11873.42084;[0.7491];[-0.2009];12004.11498),(372768.03350;[0.79];[-0.16];11873.42084;[0.7491];[-0.2009];12004.11498),(373255.62954;[0.79];[-0.16];11873.42084;[0.7491];[-0.2009];12004.11498),(373513.77964;[0.88];[-0.07];11507.71667;[0.8403];[-0.1097];11449.08525),(373758.32224;[0.97];[0.02];10438.24330;[0.9249];[-0.0251];10390.82410),(373997.49041;[0.93];[-0.02];11192.45951;[0.8846];[-0.0654];11107.32908),(374094.17200;[0.95];[0.];10859.57816;[0.902];[-0.048];10801.76549),(374411.91912;[0.96];[0.01];10691.92625;[0.9126];[-0.0374];10643.08418),(374516.25943;[0.95];[0.];10784.38081;[0.9094];[-0.0406];10734.79149),(374953.84669;[0.95];[0.];10720.85646;[0.911];[-0.039];10670.08006),(375330.75118;[0.95];[0.];10701.18272;[0.9095];[-0.0405];10655.13444),(375532.88174;[0.95];[0.];10696.27159;[0.9162];[-0.0338];10645.45702),(375689.85200;[0.96];[0.01];10695.25979;[0.9127];[-0.0373];10646.32551),(375790.16423;[0.97];[0.02];10695.92270;[0.913];[-0.037];10646.78912),(375899.32346;[0.97];[0.02];10695.92270;[0.913];[-0.037];10646.78912),(375999.11404;[0.95];[0.];10696.27159;[0.9162];[-0.0338];10645.45702),(376128.60918;[0.96];[0.01];10696.04406;[0.9129];[-0.0371];10647.47586),(376229.79355;[0.96];[0.01];10696.04406;[0.9129];[-0.0371];10647.47586),(376339.34474;[0.96];[0.01];10696.04406;[0.9129];[-0.0371];10647.47586),(377117.59591;[0.79];[-0.16];11873.39854;[0.7505];[-0.1995];12006.57351),(377544.85917;[0.79];[-0.16];11873.42084;[0.7491];[-0.2009];12004.11498),(378028.80788;[0.79];[-0.16];11873.42084;[0.7491];[-0.2009];12004.11498),(378514.17542;[0.79];[-0.16];11873.42084;[0.7491];[-0.2009];12004.11498),(379022.72677;[0.79];[-0.16];11873.42084;[0.7491];[-0.2009];12004.11498),(379278.68128;[0.88];[-0.07];11507.71667;[0.8403];[-0.1097];11449.08525),(379520.56599;[0.97];[0.02];10438.24330;[0.9249];[-0.0251];10390.82410),(379765.26189;[0.93];[-0.02];11192.45951;[0.8846];[-0.0654];11107.32908),(379859.60603;[0.95];[0.];10859.57816;[0.902];[-0.048];10801.76549),(380218.35423;[0.96];[0.01];10691.92625;[0.9126];[-0.0374];10643.08418),(380320.16492;[0.95];[0.];10784.38081;[0.9094];[-0.0406];10734.79149),(380741.84155;[0.95];[0.];10720.85646;[0.911];[-0.039];10670.08006),(381114.82310;[0.95];[0.];10701.18272;[0.9095];[-0.0405];10655.13444),(381281.15249;[0.95];[0.];10696.27159;[0.9162];[-0.0338];10645.45702),(381435.42957;[0.96];[0.01];10695.25979;[0.9127];[-0.0373];10646.32551),(381549.52931;[0.97];[0.02];10695.92270;[0.913];[-0.037];10646.78912),(381656.81243;[0.97];[0.02];10695.92270;[0.913];[-0.037];10646.78912),(381757.41196;[0.95];[0.];10696.27159;[0.9162];[-0.0338];10645.45702),(381897.70341;[0.96];[0.01];10696.04406;[0.9129];[-0.0371];10647.47586),(382000.26965;[0.96];[0.01];10696.04406;[0.9129];[-0.0371];10647.47586),(382094.80762;[0.96];[0.01];10696.04406;[0.9129];[-0.0371];10647.47586),(382816.12563;[0.79];[-0.16];11873.39854;[0.7505];[-0.1995];12006.57351),(383259.93180;[0.79];[-0.16];11873.42084;[0.7491];[-0.2009];12004.11498),(383743.02053;[0.79];[-0.16];11873.42084;[0.7491];[-0.2009];12004.11498),(384225.36826;[0.79];[-0.16];11873.42084;[0.7491];[-0.2009];12004.11498),(384714.41603;[0.79];[-0.16];11873.42084;[0.7491];[-0.2009];12004.11498),(384972.04304;[0.88];[-0.07];11507.71667;[0.8403];[-0.1097];11449.08525),(385211.36928;[0.97];[0.02];10438.24330;[0.9249];[-0.0251];10390.82410),(385460.45113;[0.93];[-0.02];11192.45951;[0.8846];[-0.0654];11107.32908),(385556.66852;[0.95];[0.];10859.57816;[0.902];[-0.048];10801.76549),(385856.41694;[0.96];[0.01];10691.92625;[0.9126];[-0.0374];10643.08418),(385995.09478;[0.95];[0.];10784.38081;[0.9094];[-0.0406];10734.79149),(386491.44554;[0.95];[0.];10720.85646;[0.911];[-0.039];10670.08006),(386822.81780;[0.95];[0.];10701.18272;[0.9095];[-0.0405];10655.13444),(386991.44816;[0.95];[0.];10696.27159;[0.9162];[-0.0338];10645.45702),(387134.85789;[0.96];[0.01];10695.25979;[0.9127];[-0.0373];10646.32551),(387247.78485;[0.97];[0.02];10695.92270;[0.913];[-0.037];10646.78912),(387344.25092;[0.97];[0.02];10695.92270;[0.913];[-0.037];10646.78912),(387441.53619;[0.95];[0.];10696.27159;[0.9162];[-0.0338];10645.45702),(387571.90919;[0.96];[0.01];10696.04406;[0.9129];[-0.0371];10647.47586),(387681.99444;[0.96];[0.01];10696.04406;[0.9129];[-0.0371];10647.47586),(387779.11806;[0.96];[0.01];10696.04406;[0.9129];[-0.0371];10647.47586),(388551.27954;[0.79];[-0.16];11873.39854;[0.7505];[-0.1995];12006.57351),(389003.92652;[0.79];[-0.16];11873.42084;[0.7491];[-0.2009];12004.11498),(389471.06528;[0.79];[-0.16];11873.42084;[0.7491];[-0.2009];12004.11498),(389963.71913;[0.79];[-0.16];11873.42084;[0.7491];[-0.2009];12004.11498),(390462.79597;[0.79];[-0.16];11873.42084;[0.7491];[-0.2009];12004.11498),(390739.35676;[0.88];[-0.07];11507.71667;[0.8403];[-0.1097];11449.08525),(390980.37291;[0.97];[0.02];10438.24330;[0.9249];[-0.0251];10390.82410),(391236.76825;[0.93];[-0.02];11192.45951;[0.8846];[-0.0654];11107.32908),(391335.51216;[0.95];[0.];10859.57816;[0.902];[-0.048];10801.76549),(391656.14867;[0.96];[0.01];10691.92625;[0.9126];[-0.0374];10643.08418),(391756.69956;[0.95];[0.];10784.38081;[0.9094];[-0.0406];10734.79149),(392228.38783;[0.95];[0.];10720.85646;[0.911];[-0.039];10670.08006),(392583.30131;[0.95];[0.];10701.18272;[0.9095];[-0.0405];10655.13444),(392780.96437;[0.95];[0.];10696.27159;[0.9162];[-0.0338];10645.45702),(392943.29166;[0.96];[0.01];10695.25979;[0.9127];[-0.0373];10646.32551),(393041.01157;[0.97];[0.02];10695.92270;[0.913];[-0.037];10646.78912),(393145.64371;[0.97];[0.02];10695.92270;[0.913];[-0.037];10646.78912),(393240.08369;[0.95];[0.];10696.27159;[0.9162];[-0.0338];10645.45702),(393364.50791;[0.96];[0.01];10696.04406;[0.9129];[-0.0371];10647.47586),(393476.09210;[0.96];[0.01];10696.04406;[0.9129];[-0.0371];10647.47586),(393584.13720;[0.96];[0.01];10696.04406;[0.9129];[-0.0371];10647.47586),(394330.71566;[0.79];[-0.16];11873.39854;[0.7505];[-0.1995];12006.57351),(394763.14306;[0.79];[-0.16];11873.42084;[0.7491];[-0.2009];12004.11498),(395236.97519;[0.79];[-0.16];11873.42084;[0.7491];[-0.2009];12004.11498),(395697.98446;[0.79];[-0.16];11873.42084;[0.7491];[-0.2009];12004.11498),(396179.36420;[0.79];[-0.16];11873.42084;[0.7491];[-0.2009];12004.11498),(396436.42163;[0.88];[-0.07];11507.71667;[0.8403];[-0.1097];11449.08525),(396678.57981;[0.97];[0.02];10438.24330;[0.9249];[-0.0251];10390.82410),(396928.81036;[0.93];[-0.02];11192.45951;[0.8846];[-0.0654];11107.32908),(397024.01257;[0.95];[0.];10859.57816;[0.902];[-0.048];10801.76549),(397334.44428;[0.96];[0.01];10691.92625;[0.9126];[-0.0374];10643.08418),(397426.89538;[0.95];[0.];10784.38081;[0.9094];[-0.0406];10734.79149),(397896.87443;[0.95];[0.];10720.85646;[0.911];[-0.039];10670.08006),(398306.32329;[0.95];[0.];10701.18272;[0.9095];[-0.0405];10655.13444),(398481.51064;[0.95];[0.];10696.27159;[0.9162];[-0.0338];10645.45702),(398634.80639;[0.96];[0.01];10695.25979;[0.9127];[-0.0373];10646.32551),(398746.48309;[0.97];[0.02];10695.92270;[0.913];[-0.037];10646.78912),(398876.28055;[0.97];[0.02];10695.92270;[0.913];[-0.037];10646.78912),(398973.92321;[0.95];[0.];10696.27159;[0.9162];[-0.0338];10645.45702),(399091.70032;[0.96];[0.01];10696.04406;[0.9129];[-0.0371];10647.47586),(399195.61458;[0.96];[0.01];10696.04406;[0.9129];[-0.0371];10647.47586),(399287.83345;[0.96];[0.01];10696.04406;[0.9129];[-0.0371];10647.47586),(400030.84970;[0.79];[-0.16];11873.39854;[0.7505];[-0.1995];12006.57351),(400471.56739;[0.79];[-0.16];11873.42084;[0.7491];[-0.2009];12004.11498),(400919.10958;[0.79];[-0.16];11873.42084;[0.7491];[-0.2009];12004.11498),(401391.64209;[0.79];[-0.16];11873.42084;[0.7491];[-0.2009];12004.11498),(401916.02111;[0.79];[-0.16];11873.42084;[0.7491];[-0.2009];12004.11498),(402172.28651;[0.88];[-0.07];11507.71667;[0.8403];[-0.1097];11449.08525),(402412.33492;[0.97];[0.02];10438.24330;[0.9249];[-0.0251];10390.82410),(402667.51194;[0.93];[-0.02];11192.45951;[0.8846];[-0.0654];11107.32908),(402756.44398;[0.95];[0.];10859.57816;[0.902];[-0.048];10801.76549),(403064.62622;[0.96];[0.01];10691.92625;[0.9126];[-0.0374];10643.08418),(403164.08205;[0.95];[0.];10784.38081;[0.9094];[-0.0406];10734.79149),(403586.85279;[0.95];[0.];10720.85646;[0.911];[-0.039];10670.08006),(403955.10745;[0.95];[0.];10701.18272;[0.9095];[-0.0405];10655.13444),(404128.22509;[0.95];[0.];10696.27159;[0.9162];[-0.0338];10645.45702),(404272.20583;[0.96];[0.01];10695.25979;[0.9127];[-0.0373];10646.32551),(404376.68896;[0.97];[0.02];10695.92270;[0.913];[-0.037];10646.78912),(404486.96566;[0.97];[0.02];10695.92270;[0.913];[-0.037];10646.78912),(404577.49486;[0.95];[0.];10696.27159;[0.9162];[-0.0338];10645.45702),(404714.33711;[0.96];[0.01];10696.04406;[0.9129];[-0.0371];10647.47586),(404842.36646;[0.96];[0.01];10696.04406;[0.9129];[-0.0371];10647.47586),(404976.34411;[0.96];[0.01];10696.04406;[0.9129];[-0.0371];10647.47586),(405976.07207;[0.79];[-0.16];11873.39854;[0.7505];[-0.1995];12006.57351),(406403.07045;[0.79];[-0.16];11873.42084;[0.7491];[-0.2009];12004.11498),(406884.07302;[0.79];[-0.16];11873.42084;[0.7491];[-0.2009];12004.11498),(407355.22795;[0.79];[-0.16];11873.42084;[0.7491];[-0.2009];12004.11498),(407844.47694;[0.79];[-0.16];11873.42084;[0.7491];[-0.2009];12004.11498),(408111.10663;[0.88];[-0.07];11507.71667;[0.8403];[-0.1097];11449.08525),(408348.11163;[0.97];[0.02];10438.24330;[0.9249];[-0.0251];10390.82410),(408610.21042;[0.93];[-0.02];11192.45951;[0.8846];[-0.0654];11107.32908),(408703.45283;[0.95];[0.];10859.57816;[0.902];[-0.048];10801.76549),(408999.12190;[0.96];[0.01];10691.92625;[0.9126];[-0.0374];10643.08418),(409093.74952;[0.95];[0.];10784.38081;[0.9094];[-0.0406];10734.79149),(409601.22108;[0.95];[0.];10720.85646;[0.911];[-0.039];10670.08006),(409976.20940;[0.95];[0.];10701.18272;[0.9095];[-0.0405];10655.13444),(410174.85166;[0.95];[0.];10696.27159;[0.9162];[-0.0338];10645.45702),(410325.96135;[0.96];[0.01];10695.25979;[0.9127];[-0.0373];10646.32551),(410436.14054;[0.97];[0.02];10695.92270;[0.913];[-0.037];10646.78912),(410535.99548;[0.97];[0.02];10695.92270;[0.913];[-0.037];10646.78912),(410639.29272;[0.95];[0.];10696.27159;[0.9162];[-0.0338];10645.45702),(410755.12838;[0.96];[0.01];10696.04406;[0.9129];[-0.0371];10647.47586),(410850.99220;[0.96];[0.01];10696.04406;[0.9129];[-0.0371];10647.47586),(410958.01735;[0.96];[0.01];10696.04406;[0.9129];[-0.0371];10647.47586),(411694.22388;[0.79];[-0.16];11873.39854;[0.7505];[-0.1995];12006.57351),(412122.26486;[0.79];[-0.16];11873.42084;[0.7491];[-0.2009];12004.11498),(412589.50400;[0.79];[-0.16];11873.42084;[0.7491];[-0.2009];12004.11498),(413050.38118;[0.79];[-0.16];11873.42084;[0.7491];[-0.2009];12004.11498),(413544.60907;[0.79];[-0.16];11873.42084;[0.7491];[-0.2009];12004.11498),(413809.36432;[0.88];[-0.07];11507.71667;[0.8403];[-0.1097];11449.08525),(414051.07903;[0.97];[0.02];10438.24330;[0.9249];[-0.0251];10390.82410),(414300.58980;[0.93];[-0.02];11192.45951;[0.8846];[-0.0654];11107.32908),(414399.50848;[0.95];[0.];10859.57816;[0.902];[-0.048];10801.76549),(414693.73560;[0.96];[0.01];10691.92625;[0.9126];[-0.0374];10643.08418),(414798.50864;[0.95];[0.];10784.38081;[0.9094];[-0.0406];10734.79149),(415244.13943;[0.95];[0.];10720.85646;[0.911];[-0.039];10670.08006),(415569.97728;[0.95];[0.];10701.18272;[0.9095];[-0.0405];10655.13444),(415748.21901;[0.95];[0.];10696.27159;[0.9162];[-0.0338];10645.45702),(415902.88830;[0.96];[0.01];10695.25979;[0.9127];[-0.0373];10646.32551),(416030.65205;[0.97];[0.02];10695.92270;[0.913];[-0.037];10646.78912),(416143.04423;[0.97];[0.02];10695.92270;[0.913];[-0.037];10646.78912),(416234.97295;[0.95];[0.];10696.27159;[0.9162];[-0.0338];10645.45702),(416364.37821;[0.96];[0.01];10696.04406;[0.9129];[-0.0371];10647.47586),(416462.07213;[0.96];[0.01];10696.04406;[0.9129];[-0.0371];10647.47586),(416552.91748;[0.96];[0.01];10696.04406;[0.9129];[-0.0371];10647.47586),(417285.09378;[0.79];[-0.16];11873.39854;[0.7505];[-0.1995];12006.57351),(417714.27822;[0.79];[-0.16];11873.42084;[0.7491];[-0.2009];12004.11498),(418200.73771;[0.79];[-0.16];11873.42084;[0.7491];[-0.2009];12004.11498),(418667.33003;[0.79];[-0.16];11873.42084;[0.7491];[-0.2009];12004.11498),(419153.90658;[0.79];[-0.16];11873.42084;[0.7491];[-0.2009];12004.11498),(419399.33538;[0.88];[-0.07];11507.71667;[0.8403];[-0.1097];11449.08525),(419638.33666;[0.97];[0.02];10438.24330;[0.9249];[-0.0251];10390.82410),(419916.67032;[0.93];[-0.02];11192.45951;[0.8846];[-0.0654];11107.32908),(420010.22911;[0.95];[0.];10859.57816;[0.902];[-0.048];10801.76549),(420297.90235;[0.96];[0.01];10691.92625;[0.9126];[-0.0374];10643.08418),(420400.05445;[0.95];[0.];10784.38081;[0.9094];[-0.0406];10734.79149),(420867.27810;[0.95];[0.];10720.85646;[0.911];[-0.039];10670.08006),(421199.09739;[0.95];[0.];10701.18272;[0.9095];[-0.0405];10655.13444),(421377.05970;[0.95];[0.];10696.27159;[0.9162];[-0.0338];10645.45702),(421551.91159;[0.96];[0.01];10695.25979;[0.9127];[-0.0373];10646.32551),(421658.39553;[0.97];[0.02];10695.92270;[0.913];[-0.037];10646.78912),(421763.14402;[0.97];[0.02];10695.92270;[0.913];[-0.037];10646.78912),(421861.62353;[0.95];[0.];10696.27159;[0.9162];[-0.0338];10645.45702),(421994.63701;[0.96];[0.01];10696.04406;[0.9129];[-0.0371];10647.47586),(422111.25493;[0.96];[0.01];10696.04406;[0.9129];[-0.0371];10647.47586),(422217.81683;[0.96];[0.01];10696.04406;[0.9129];[-0.0371];10647.47586),(423029.35576;[0.79];[-0.16];11873.39854;[0.7505];[-0.1995];12006.57351),(423462.12935;[0.79];[-0.16];11873.42084;[0.7491];[-0.2009];12004.11498),(423958.93073;[0.79];[-0.16];11873.42084;[0.7491];[-0.2009];12004.11498),(424490.16356;[0.79];[-0.16];11873.42084;[0.7491];[-0.2009];12004.11498),(424983.62422;[0.79];[-0.16];11873.42084;[0.7491];[-0.2009];12004.11498),(425246.63973;[0.88];[-0.07];11507.71667;[0.8403];[-0.1097];11449.08525),(425482.86843;[0.97];[0.02];10438.24330;[0.9249];[-0.0251];10390.82410),(425724.63083;[0.93];[-0.02];11192.45951;[0.8846];[-0.0654];11107.32908),(425820.83106;[0.95];[0.];10859.57816;[0.902];[-0.048];10801.76549),(426111.54938;[0.96];[0.01];10691.92625;[0.9126];[-0.0374];10643.08418),(426211.97057;[0.95];[0.];10784.38081;[0.9094];[-0.0406];10734.79149),(426694.88335;[0.95];[0.];10720.85646;[0.911];[-0.039];10670.08006),(427024.48845;[0.95];[0.];10701.18272;[0.9095];[-0.0405];10655.13444),(427210.14214;[0.95];[0.];10696.27159;[0.9162];[-0.0338];10645.45702),(427349.70570;[0.96];[0.01];10695.25979;[0.9127];[-0.0373];10646.32551),(427459.06758;[0.97];[0.02];10695.92270;[0.913];[-0.037];10646.78912),(427566.03503;[0.97];[0.02];10695.92270;[0.913];[-0.037];10646.78912),(427660.08592;[0.95];[0.];10696.27159;[0.9162];[-0.0338];10645.45702),(427792.96470;[0.96];[0.01];10696.04406;[0.9129];[-0.0371];10647.47586),(427900.99740;[0.96];[0.01];10696.04406;[0.9129];[-0.0371];10647.47586),(428007.06577;[0.96];[0.01];10696.04406;[0.9129];[-0.0371];10647.47586),(428823.85087;[0.79];[-0.16];11873.39854;[0.7505];[-0.1995];12006.57351),(429268.26859;[0.79];[-0.16];11873.42084;[0.7491];[-0.2009];12004.11498),(429718.02783;[0.79];[-0.16];11873.42084;[0.7491];[-0.2009];12004.11498),(430204.59747;[0.79];[-0.16];11873.42084;[0.7491];[-0.2009];12004.11498),(430687.51383;[0.79];[-0.16];11873.42084;[0.7491];[-0.2009];12004.11498),(430929.84438;[0.88];[-0.07];11507.71667;[0.8403];[-0.1097];11449.08525),(431177.09160;[0.97];[0.02];10438.24330;[0.9249];[-0.0251];10390.82410),(431443.61401;[0.93];[-0.02];11192.45951;[0.8846];[-0.0654];11107.32908),(431540.63869;[0.95];[0.];10859.57816;[0.902];[-0.048];10801.76549),(431868.58106;[0.96];[0.01];10691.92625;[0.9126];[-0.0374];10643.08418),(431960.47735;[0.95];[0.];10784.38081;[0.9094];[-0.0406];10734.79149),(432519.84620;[0.95];[0.];10720.85646;[0.911];[-0.039];10670.08006),(432889.52732;[0.95];[0.];10701.18272;[0.9095];[-0.0405];10655.13444),(433097.61262;[0.95];[0.];10696.27159;[0.9162];[-0.0338];10645.45702),(433261.86371;[0.96];[0.01];10695.25979;[0.9127];[-0.0373];10646.32551),(433363.84654;[0.97];[0.02];10695.92270;[0.913];[-0.037];10646.78912),(433480.45158;[0.97];[0.02];10695.92270;[0.913];[-0.037];10646.78912),(433572.75939;[0.95];[0.];10696.27159;[0.9162];[-0.0338];10645.45702),(433694.75389;[0.96];[0.01];10696.04406;[0.9129];[-0.0371];10647.47586),(433799.47329;[0.96];[0.01];10696.04406;[0.9129];[-0.0371];10647.47586),(433904.27876;[0.96];[0.01];10696.04406;[0.9129];[-0.0371];10647.47586),(434643.56160;[0.79];[-0.16];11873.39854;[0.7505];[-0.1995];12006.57351),(435061.48911;[0.79];[-0.16];11873.42084;[0.7491];[-0.2009];12004.11498),(435546.74649;[0.79];[-0.16];11873.42084;[0.7491];[-0.2009];12004.11498),(436075.43087;[0.79];[-0.16];11873.42084;[0.7491];[-0.2009];12004.11498),(436575.48976;[0.79];[-0.16];11873.42084;[0.7491];[-0.2009];12004.11498),(436830.91950;[0.88];[-0.07];11507.71667;[0.8403];[-0.1097];11449.08525),(437075.03366;[0.97];[0.02];10438.24330;[0.9249];[-0.0251];10390.82410),(437358.61301;[0.93];[-0.02];11192.45951;[0.8846];[-0.0654];11107.32908),(437448.12059;[0.95];[0.];10859.57816;[0.902];[-0.048];10801.76549),(437728.59359;[0.96];[0.01];10691.92625;[0.9126];[-0.0374];10643.08418),(437824.61548;[0.95];[0.];10784.38081;[0.9094];[-0.0406];10734.79149),(438330.63269;[0.95];[0.];10720.85646;[0.911];[-0.039];10670.08006),(438784.05356;[0.95];[0.];10701.18272;[0.9095];[-0.0405];10655.13444),(438961.08341;[0.95];[0.];10696.27159;[0.9162];[-0.0338];10645.45702),(439123.02065;[0.96];[0.01];10695.25979;[0.9127];[-0.0373];10646.32551),(439231.95648;[0.97];[0.02];10695.92270;[0.913];[-0.037];10646.78912),(439340.88683;[0.97];[0.02];10695.92270;[0.913];[-0.037];10646.78912),(439438.46726;[0.95];[0.];10696.27159;[0.9162];[-0.0338];10645.45702),(439574.51630;[0.96];[0.01];10696.04406;[0.9129];[-0.0371];10647.47586),(439675.53663;[0.96];[0.01];10696.04406;[0.9129];[-0.0371];10647.47586),(439783.09774;[0.96];[0.01];10696.04406;[0.9129];[-0.0371];10647.47586),(440511.13987;[0.79];[-0.16];11873.39854;[0.7505];[-0.1995];12006.57351),(440939.88395;[0.79];[-0.16];11873.42084;[0.7491];[-0.2009];12004.11498),(441440.57298;[0.79];[-0.16];11873.42084;[0.7491];[-0.2009];12004.11498),(441940.53030;[0.79];[-0.16];11873.42084;[0.7491];[-0.2009];12004.11498),(442407.92060;[0.79];[-0.16];11873.42084;[0.7491];[-0.2009];12004.11498),(442647.42446;[0.88];[-0.07];11507.71667;[0.8403];[-0.1097];11449.08525),(442897.79258;[0.97];[0.02];10438.24330;[0.9249];[-0.0251];10390.82410),(443157.39369;[0.93];[-0.02];11192.45951;[0.8846];[-0.0654];11107.32908),(443253.99470;[0.95];[0.];10859.57816;[0.902];[-0.048];10801.76549),(443573.79270;[0.96];[0.01];10691.92625;[0.9126];[-0.0374];10643.08418),(443670.73154;[0.95];[0.];10784.38081;[0.9094];[-0.0406];10734.79149),(444177.02317;[0.95];[0.];10720.85646;[0.911];[-0.039];10670.08006),(444550.40050;[0.95];[0.];10701.18272;[0.9095];[-0.0405];10655.13444),(444749.53127;[0.95];[0.];10696.27159;[0.9162];[-0.0338];10645.45702),(444915.15470;[0.96];[0.01];10695.25979;[0.9127];[-0.0373];10646.32551),(445023.87190;[0.97];[0.02];10695.92270;[0.913];[-0.037];10646.78912),(445134.66740;[0.97];[0.02];10695.92270;[0.913];[-0.037];10646.78912),(445236.72509;[0.95];[0.];10696.27159;[0.9162];[-0.0338];10645.45702),(445371.32740;[0.96];[0.01];10696.04406;[0.9129];[-0.0371];10647.47586),(445467.16142;[0.96];[0.01];10696.04406;[0.9129];[-0.0371];10647.47586),(445579.96273;[0.96];[0.01];10696.04406;[0.9129];[-0.0371];10647.47586),(446299.11995;[0.79];[-0.16];11873.39854;[0.7505];[-0.1995];12006.57351),(446729.03466;[0.79];[-0.16];11873.42084;[0.7491];[-0.2009];12004.11498),(447229.04086;[0.79];[-0.16];11873.42084;[0.7491];[-0.2009];12004.11498),(447733.95777;[0.79];[-0.16];11873.42084;[0.7491];[-0.2009];12004.11498),(448218.57738;[0.79];[-0.16];11873.42084;[0.7491];[-0.2009];12004.11498),(448477.42629;[0.88];[-0.07];11507.71667;[0.8403];[-0.1097];11449.08525),(448714.77723;[0.97];[0.02];10438.24330;[0.9249];[-0.0251];10390.82410),(448994.96818;[0.93];[-0.02];11192.45951;[0.8846];[-0.0654];11107.32908),(449085.19745;[0.95];[0.];10859.57816;[0.902];[-0.048];10801.76549),(449414.18171;[0.96];[0.01];10691.92625;[0.9126];[-0.0374];10643.08418),(449515.30004;[0.95];[0.];10784.38081;[0.9094];[-0.0406];10734.79149),(450011.82723;[0.95];[0.];10720.85646;[0.911];[-0.039];10670.08006),(450356.71926;[0.95];[0.];10701.18272;[0.9095];[-0.0405];10655.13444),(450552.16789;[0.95];[0.];10696.27159;[0.9162];[-0.0338];10645.45702),(450715.75499;[0.96];[0.01];10695.25979;[0.9127];[-0.0373];10646.32551),(450822.22056;[0.97];[0.02];10695.92270;[0.913];[-0.037];10646.78912),(450927.75154;[0.97];[0.02];10695.92270;[0.913];[-0.037];10646.78912),(451021.00277;[0.95];[0.];10696.27159;[0.9162];[-0.0338];10645.45702),(451142.64131;[0.96];[0.01];10696.04406;[0.9129];[-0.0371];10647.47586),(451250.15497;[0.96];[0.01];10696.04406;[0.9129];[-0.0371];10647.47586),(451360.58021;[0.96];[0.01];10696.04406;[0.9129];[-0.0371];10647.47586),(452079.21886;[0.79];[-0.16];11873.39854;[0.7505];[-0.1995];12006.57351),(452522.37368;[0.79];[-0.16];11873.42084;[0.7491];[-0.2009];12004.11498),(453002.95925;[0.79];[-0.16];11873.42084;[0.7491];[-0.2009];12004.11498),(453533.47015;[0.79];[-0.16];11873.42084;[0.7491];[-0.2009];12004.11498),(454027.75764;[0.79];[-0.16];11873.42084;[0.7491];[-0.2009];12004.11498),(454289.18839;[0.88];[-0.07];11507.71667;[0.8403];[-0.1097];11449.08525),(454523.91267;[0.97];[0.02];10438.24330;[0.9249];[-0.0251];10390.82410),(454760.83922;[0.93];[-0.02];11192.45951;[0.8846];[-0.0654];11107.32908),(454850.15321;[0.95];[0.];10859.57816;[0.902];[-0.048];10801.76549),(455146.94405;[0.96];[0.01];10691.92625;[0.9126];[-0.0374];10643.08418),(455251.16801;[0.95];[0.];10784.38081;[0.9094];[-0.0406];10734.79149),(455715.99984;[0.95];[0.];10720.85646;[0.911];[-0.039];10670.08006),(456070.59312;[0.95];[0.];10701.18272;[0.9095];[-0.0405];10655.13444),(456268.94689;[0.95];[0.];10696.27159;[0.9162];[-0.0338];10645.45702),(456422.27793;[0.96];[0.01];10695.25979;[0.9127];[-0.0373];10646.32551),(456537.08196;[0.97];[0.02];10695.92270;[0.913];[-0.037];10646.78912),(456647.28570;[0.97];[0.02];10695.92270;[0.913];[-0.037];10646.78912),(456747.80416;[0.95];[0.];10696.27159;[0.9162];[-0.0338];10645.45702),(456867.31935;[0.96];[0.01];10696.04406;[0.9129];[-0.0371];10647.47586),(456969.81835;[0.96];[0.01];10696.04406;[0.9129];[-0.0371];10647.47586),(457076.52473;[0.96];[0.01];10696.04406;[0.9129];[-0.0371];10647.47586),(457832.61371;[0.79];[-0.16];11873.39854;[0.7505];[-0.1995];12006.57351),(458304.97146;[0.79];[-0.16];11873.42084;[0.7491];[-0.2009];12004.11498),(458828.71580;[0.79];[-0.16];11873.42084;[0.7491];[-0.2009];12004.11498),(459327.17967;[0.79];[-0.16];11873.42084;[0.7491];[-0.2009];12004.11498),(459814.84723;[0.79];[-0.16];11873.42084;[0.7491];[-0.2009];12004.11498),(460075.68574;[0.88];[-0.07];11507.71667;[0.8403];[-0.1097];11449.08525),(460319.14663;[0.97];[0.02];10438.24330;[0.9249];[-0.0251];10390.82410),(460597.33343;[0.93];[-0.02];11192.45951;[0.8846];[-0.0654];11107.32908),(460691.87856;[0.95];[0.];10859.57816;[0.902];[-0.048];10801.76549),(460973.92106;[0.96];[0.01];10691.92625;[0.9126];[-0.0374];10643.08418),(461081.25210;[0.95];[0.];10784.38081;[0.9094];[-0.0406];10734.79149),(461520.42603;[0.95];[0.];10720.85646;[0.911];[-0.039];10670.08006),(461877.12860;[0.95];[0.];10701.18272;[0.9095];[-0.0405];10655.13444),(462067.83366;[0.95];[0.];10696.27159;[0.9162];[-0.0338];10645.45702),(462213.21583;[0.96];[0.01];10695.25979;[0.9127];[-0.0373];10646.32551),(462328.39274;[0.97];[0.02];10695.92270;[0.913];[-0.037];10646.78912),(462430.50075;[0.97];[0.02];10695.92270;[0.913];[-0.037];10646.78912),(462527.00472;[0.95];[0.];10696.27159;[0.9162];[-0.0338];10645.45702),(462662.36353;[0.96];[0.01];10696.04406;[0.9129];[-0.0371];10647.47586),(462771.25359;[0.96];[0.01];10696.04406;[0.9129];[-0.0371];10647.47586),(462879.44055;[0.96];[0.01];10696.04406;[0.9129];[-0.0371];10647.47586),(463614.06326;[0.79];[-0.16];11873.39854;[0.7505];[-0.1995];12006.57351),(464057.35254;[0.79];[-0.16];11873.42084;[0.7491];[-0.2009];12004.11498),(464562.13045;[0.79];[-0.16];11873.42084;[0.7491];[-0.2009];12004.11498),(465092.24844;[0.79];[-0.16];11873.42084;[0.7491];[-0.2009];12004.11498),(465567.30437;[0.79];[-0.16];11873.42084;[0.7491];[-0.2009];12004.11498),(465806.71358;[0.88];[-0.07];11507.71667;[0.8403];[-0.1097];11449.08525),(466055.88698;[0.97];[0.02];10438.24330;[0.9249];[-0.0251];10390.82410),(466298.00463;[0.93];[-0.02];11192.45951;[0.8846];[-0.0654];11107.32908),(466397.80092;[0.95];[0.];10859.57816;[0.902];[-0.048];10801.76549),(466735.99577;[0.96];[0.01];10691.92625;[0.9126];[-0.0374];10643.08418),(466839.62917;[0.95];[0.];10784.38081;[0.9094];[-0.0406];10734.79149),(467302.01268;[0.95];[0.];10720.85646;[0.911];[-0.039];10670.08006),(467681.61798;[0.95];[0.];10701.18272;[0.9095];[-0.0405];10655.13444),(467907.26519;[0.95];[0.];10696.27159;[0.9162];[-0.0338];10645.45702),(468073.01474;[0.96];[0.01];10695.25979;[0.9127];[-0.0373];10646.32551),(468183.09021;[0.97];[0.02];10695.92270;[0.913];[-0.037];10646.78912),(468287.90951;[0.97];[0.02];10695.92270;[0.913];[-0.037];10646.78912),(468376.74665;[0.95];[0.];10696.27159;[0.9162];[-0.0338];10645.45702),(468516.85715;[0.96];[0.01];10696.04406;[0.9129];[-0.0371];10647.47586),(468618.36338;[0.96];[0.01];10696.04406;[0.9129];[-0.0371];10647.47586),(468725.63338;[0.96];[0.01];10696.04406;[0.9129];[-0.0371];10647.47586),(469471.98749;[0.79];[-0.16];11873.39854;[0.7505];[-0.1995];12006.57351),(469914.04247;[0.79];[-0.16];11873.42084;[0.7491];[-0.2009];12004.11498),(470397.33744;[0.79];[-0.16];11873.42084;[0.7491];[-0.2009];12004.11498),(470942.41285;[0.79];[-0.16];11873.42084;[0.7491];[-0.2009];12004.11498),(471461.56645;[0.79];[-0.16];11873.42084;[0.7491];[-0.2009];12004.11498),(471699.80907;[0.88];[-0.07];11507.71667;[0.8403];[-0.1097];11449.08525),(471946.02036;[0.97];[0.02];10438.24330;[0.9249];[-0.0251];10390.82410),(472180.13048;[0.93];[-0.02];11192.45951;[0.8846];[-0.0654];11107.32908),(472274.02353;[0.95];[0.];10859.57816;[0.902];[-0.048];10801.76549),(472573.81606;[0.96];[0.01];10691.92625;[0.9126];[-0.0374];10643.08418),(472669.89136;[0.95];[0.];10784.38081;[0.9094];[-0.0406];10734.79149),(473114.79211;[0.95];[0.];10720.85646;[0.911];[-0.039];10670.08006),(473492.52534;[0.95];[0.];10701.18272;[0.9095];[-0.0405];10655.13444),(473696.36178;[0.95];[0.];10696.27159;[0.9162];[-0.0338];10645.45702),(473853.09815;[0.96];[0.01];10695.25979;[0.9127];[-0.0373];10646.32551),(473954.20766;[0.97];[0.02];10695.92270;[0.913];[-0.037];10646.78912),(474063.95602;[0.97];[0.02];10695.92270;[0.913];[-0.037];10646.78912),(474157.77636;[0.95];[0.];10696.27159;[0.9162];[-0.0338];10645.45702),(474294.96884;[0.96];[0.01];10696.04406;[0.9129];[-0.0371];10647.47586),(474394.23823;[0.96];[0.01];10696.04406;[0.9129];[-0.0371];10647.47586),(474497.93124;[0.96];[0.01];10696.04406;[0.9129];[-0.0371];10647.47586),(475234.61294;[0.79];[-0.16];11873.39854;[0.7505];[-0.1995];12006.57351),(475689.59951;[0.79];[-0.16];11873.42084;[0.7491];[-0.2009];12004.11498),(476153.59378;[0.79];[-0.16];11873.42084;[0.7491];[-0.2009];12004.11498),(476650.40731;[0.79];[-0.16];11873.42084;[0.7491];[-0.2009];12004.11498),(477132.93171;[0.79];[-0.16];11873.42084;[0.7491];[-0.2009];12004.11498),(477386.55424;[0.88];[-0.07];11507.71667;[0.8403];[-0.1097];11449.08525),(477620.42427;[0.97];[0.02];10438.24330;[0.9249];[-0.0251];10390.82410),(477873.09480;[0.93];[-0.02];11192.45951;[0.8846];[-0.0654];11107.32908),(477961.36379;[0.95];[0.];10859.57816;[0.902];[-0.048];10801.76549),(478249.84169;[0.96];[0.01];10691.92625;[0.9126];[-0.0374];10643.08418),(478345.30115;[0.95];[0.];10784.38081;[0.9094];[-0.0406];10734.79149),(478821.45739;[0.95];[0.];10720.85646;[0.911];[-0.039];10670.08006),(479150.89536;[0.95];[0.];10701.18272;[0.9095];[-0.0405];10655.13444),(479331.94470;[0.95];[0.];10696.27159;[0.9162];[-0.0338];10645.45702),(479491.81175;[0.96];[0.01];10695.25979;[0.9127];[-0.0373];10646.32551),(479598.22822;[0.97];[0.02];10695.92270;[0.913];[-0.037];10646.78912),(479702.97170;[0.97];[0.02];10695.92270;[0.913];[-0.037];10646.78912),(479799.53599;[0.95];[0.];10696.27159;[0.9162];[-0.0338];10645.45702),(479944.54026;[0.96];[0.01];10696.04406;[0.9129];[-0.0371];10647.47586),(480045.21012;[0.96];[0.01];10696.04406;[0.9129];[-0.0371];10647.47586),(480178.77746;[0.96];[0.01];10696.04406;[0.9129];[-0.0371];10647.47586),(481112.21385;[0.79];[-0.16];11873.39854;[0.7505];[-0.1995];12006.57351),(481558.34794;[0.79];[-0.16];11873.42084;[0.7491];[-0.2009];12004.11498),(482042.86528;[0.79];[-0.16];11873.42084;[0.7491];[-0.2009];12004.11498),(482540.45534;[0.79];[-0.16];11873.42084;[0.7491];[-0.2009];12004.11498),(483020.79225;[0.79];[-0.16];11873.42084;[0.7491];[-0.2009];12004.11498),(483274.84965;[0.88];[-0.07];11507.71667;[0.8403];[-0.1097];11449.08525),(483525.35677;[0.97];[0.02];10438.24330;[0.9249];[-0.0251];10390.82410),(483766.37435;[0.93];[-0.02];11192.45951;[0.8846];[-0.0654];11107.32908),(483863.80410;[0.95];[0.];10859.57816;[0.902];[-0.048];10801.76549),(484152.22573;[0.96];[0.01];10691.92625;[0.9126];[-0.0374];10643.08418),(484256.11043;[0.95];[0.];10784.38081;[0.9094];[-0.0406];10734.79149),(484723.16718;[0.95];[0.];10720.85646;[0.911];[-0.039];10670.08006),(485107.51224;[0.95];[0.];10701.18272;[0.9095];[-0.0405];10655.13444),(485308.04729;[0.95];[0.];10696.27159;[0.9162];[-0.0338];10645.45702),(485449.46980;[0.96];[0.01];10695.25979;[0.9127];[-0.0373];10646.32551),(485572.90816;[0.97];[0.02];10695.92270;[0.913];[-0.037];10646.78912),(485699.16344;[0.97];[0.02];10695.92270;[0.913];[-0.037];10646.78912),(485820.64295;[0.95];[0.];10696.27159;[0.9162];[-0.0338];10645.45702),(485990.57722;[0.96];[0.01];10696.04406;[0.9129];[-0.0371];10647.47586),(486128.51167;[0.96];[0.01];10696.04406;[0.9129];[-0.0371];10647.47586),(486261.39188;[0.96];[0.01];10696.04406;[0.9129];[-0.0371];10647.47586),(487284.98578;[0.79];[-0.16];11873.39854;[0.7505];[-0.1995];12006.57351),(487711.38763;[0.79];[-0.16];11873.42084;[0.7491];[-0.2009];12004.11498),(488168.72740;[0.79];[-0.16];11873.42084;[0.7491];[-0.2009];12004.11498),(488671.57555;[0.79];[-0.16];11873.42084;[0.7491];[-0.2009];12004.11498),(489192.57689;[0.79];[-0.16];11873.42084;[0.7491];[-0.2009];12004.11498),(489431.65946;[0.88];[-0.07];11507.71667;[0.8403];[-0.1097];11449.08525),(489671.11921;[0.97];[0.02];10438.24330;[0.9249];[-0.0251];10390.82410),(489944.44346;[0.93];[-0.02];11192.45951;[0.8846];[-0.0654];11107.32908),(490040.78746;[0.95];[0.];10859.57816;[0.902];[-0.048];10801.76549),(490359.73239;[0.96];[0.01];10691.92625;[0.9126];[-0.0374];10643.08418),(490466.56299;[0.95];[0.];10784.38081;[0.9094];[-0.0406];10734.79149),(490965.30175;[0.95];[0.];10720.85646;[0.911];[-0.039];10670.08006),(491285.60901;[0.95];[0.];10701.18272;[0.9095];[-0.0405];10655.13444),(491476.14789;[0.95];[0.];10696.27159;[0.9162];[-0.0338];10645.45702),(491635.10561;[0.96];[0.01];10695.25979;[0.9127];[-0.0373];10646.32551),(491746.76180;[0.97];[0.02];10695.92270;[0.913];[-0.037];10646.78912),(491849.39384;[0.97];[0.02];10695.92270;[0.913];[-0.037];10646.78912),(491937.17265;[0.95];[0.];10696.27159;[0.9162];[-0.0338];10645.45702),(492054.20828;[0.96];[0.01];10696.04406;[0.9129];[-0.0371];10647.47586),(492176.00346;[0.96];[0.01];10696.04406;[0.9129];[-0.0371];10647.47586),(492271.50917;[0.96];[0.01];10696.04406;[0.9129];[-0.0371];10647.47586),(493024.46365;[0.79];[-0.16];11873.39854;[0.7505];[-0.1995];12006.57351),(493478.55163;[0.79];[-0.16];11873.42084;[0.7491];[-0.2009];12004.11498),(493952.35753;[0.79];[-0.16];11873.42084;[0.7491];[-0.2009];12004.11498),(494433.88605;[0.79];[-0.16];11873.42084;[0.7491];[-0.2009];12004.11498),(494908.55932;[0.79];[-0.16];11873.42084;[0.7491];[-0.2009];12004.11498),(495166.00347;[0.88];[-0.07];11507.71667;[0.8403];[-0.1097];11449.08525),(495404.96826;[0.97];[0.02];10438.24330;[0.9249];[-0.0251];10390.82410),(495681.25343;[0.93];[-0.02];11192.45951;[0.8846];[-0.0654];11107.32908),(495779.13713;[0.95];[0.];10859.57816;[0.902];[-0.048];10801.76549),(496113.23810;[0.96];[0.01];10691.92625;[0.9126];[-0.0374];10643.08418),(496225.31319;[0.95];[0.];10784.38081;[0.9094];[-0.0406];10734.79149),(496665.69090;[0.95];[0.];10720.85646;[0.911];[-0.039];10670.08006),(497018.86535;[0.95];[0.];10701.18272;[0.9095];[-0.0405];10655.13444),(497185.72807;[0.95];[0.];10696.27159;[0.9162];[-0.0338];10645.45702),(497344.19560;[0.96];[0.01];10695.25979;[0.9127];[-0.0373];10646.32551),(497440.86552;[0.97];[0.02];10695.92270;[0.913];[-0.037];10646.78912),(497565.35029;[0.97];[0.02];10695.92270;[0.913];[-0.037];10646.78912),(497663.50937;[0.95];[0.];10696.27159;[0.9162];[-0.0338];10645.45702),(497781.21924;[0.96];[0.01];10696.04406;[0.9129];[-0.0371];10647.47586),(497890.69629;[0.96];[0.01];10696.04406;[0.9129];[-0.0371];10647.47586),(497981.57454;[0.96];[0.01];10696.04406;[0.9129];[-0.0371];10647.47586),(498741.25814;[0.79];[-0.16];11873.39854;[0.7505];[-0.1995];12006.57351),(499166.87822;[0.79];[-0.16];11873.42084;[0.7491];[-0.2009];12004.11498),(499669.19017;[0.79];[-0.16];11873.42084;[0.7491];[-0.2009];12004.11498),(500195.00804;[0.79];[-0.16];11873.42084;[0.7491];[-0.2009];12004.11498),(500662.24146;[0.79];[-0.16];11873.42084;[0.7491];[-0.2009];12004.11498),(500910.72321;[0.88];[-0.07];11507.71667;[0.8403];[-0.1097];11449.08525),(501138.41248;[0.97];[0.02];10438.24330;[0.9249];[-0.0251];10390.82410),(501383.36539;[0.93];[-0.02];11192.45951;[0.8846];[-0.0654];11107.32908),(501481.78053;[0.95];[0.];10859.57816;[0.902];[-0.048];10801.76549),(501785.90965;[0.96];[0.01];10691.92625;[0.9126];[-0.0374];10643.08418),(501891.31021;[0.95];[0.];10784.38081;[0.9094];[-0.0406];10734.79149),(502320.66417;[0.95];[0.];10720.85646;[0.911];[-0.039];10670.08006),(502673.73204;[0.95];[0.];10701.18272;[0.9095];[-0.0405];10655.13444),(502848.20437;[0.95];[0.];10696.27159;[0.9162];[-0.0338];10645.45702),(503003.54671;[0.96];[0.01];10695.25979;[0.9127];[-0.0373];10646.32551),(503108.40917;[0.97];[0.02];10695.92270;[0.913];[-0.037];10646.78912),(503213.72652;[0.97];[0.02];10695.92270;[0.913];[-0.037];10646.78912),(503315.19341;[0.95];[0.];10696.27159;[0.9162];[-0.0338];10645.45702),(503437.26945;[0.96];[0.01];10696.04406;[0.9129];[-0.0371];10647.47586),(503530.40171;[0.96];[0.01];10696.04406;[0.9129];[-0.0371];10647.47586),(503626.09911;[0.96];[0.01];10696.04406;[0.9129];[-0.0371];10647.47586),(504338.53388;[0.79];[-0.16];11873.39854;[0.7505];[-0.1995];12006.57351),(504777.99392;[0.79];[-0.16];11873.42084;[0.7491];[-0.2009];12004.11498),(505264.02664;[0.79];[-0.16];11873.42084;[0.7491];[-0.2009];12004.11498),(505726.25947;[0.79];[-0.16];11873.42084;[0.7491];[-0.2009];12004.11498),(506189.08596;[0.79];[-0.16];11873.42084;[0.7491];[-0.2009];12004.11498),(506452.07262;[0.88];[-0.07];11507.71667;[0.8403];[-0.1097];11449.08525),(506681.84543;[0.97];[0.02];10438.24330;[0.9249];[-0.0251];10390.82410),(506926.91755;[0.93];[-0.02];11192.45951;[0.8846];[-0.0654];11107.32908),(507026.50428;[0.95];[0.];10859.57816;[0.902];[-0.048];10801.76549),(507345.31736;[0.96];[0.01];10691.92625;[0.9126];[-0.0374];10643.08418),(507440.20247;[0.95];[0.];10784.38081;[0.9094];[-0.0406];10734.79149),(507904.47760;[0.95];[0.];10720.85646;[0.911];[-0.039];10670.08006),(508281.43811;[0.95];[0.];10701.18272;[0.9095];[-0.0405];10655.13444),(508449.91398;[0.95];[0.];10696.27159;[0.9162];[-0.0338];10645.45702),(508594.13266;[0.96];[0.01];10695.25979;[0.9127];[-0.0373];10646.32551),(508703.27139;[0.97];[0.02];10695.92270;[0.913];[-0.037];10646.78912),(508817.19327;[0.97];[0.02];10695.92270;[0.913];[-0.037];10646.78912),(508905.05147;[0.95];[0.];10696.27159;[0.9162];[-0.0338];10645.45702),(509033.18405;[0.96];[0.01];10696.04406;[0.9129];[-0.0371];10647.47586),(509140.25378;[0.96];[0.01];10696.04406;[0.9129];[-0.0371];10647.47586),(509239.92133;[0.96];[0.01];10696.04406;[0.9129];[-0.0371];10647.47586),(509991.51969;[0.79];[-0.16];11873.39854;[0.7505];[-0.1995];12006.57351),(510432.06096;[0.79];[-0.16];11873.42084;[0.7491];[-0.2009];12004.11498),(510921.21625;[0.79];[-0.16];11873.42084;[0.7491];[-0.2009];12004.11498),(511406.20542;[0.79];[-0.16];11873.42084;[0.7491];[-0.2009];12004.11498),(511885.11586;[0.79];[-0.16];11873.42084;[0.7491];[-0.2009];12004.11498),(512154.32978;[0.88];[-0.07];11507.71667;[0.8403];[-0.1097];11449.08525),(512398.06366;[0.97];[0.02];10438.24330;[0.9249];[-0.0251];10390.82410),(512650.49815;[0.93];[-0.02];11192.45951;[0.8846];[-0.0654];11107.32908),(512745.87822;[0.95];[0.];10859.57816;[0.902];[-0.048];10801.76549),(513066.84518;[0.96];[0.01];10691.92625;[0.9126];[-0.0374];10643.08418),(513163.44595;[0.95];[0.];10784.38081;[0.9094];[-0.0406];10734.79149),(513621.26875;[0.95];[0.];10720.85646;[0.911];[-0.039];10670.08006),(513948.36211;[0.95];[0.];10701.18272;[0.9095];[-0.0405];10655.13444),(514144.97304;[0.95];[0.];10696.27159;[0.9162];[-0.0338];10645.45702),(514285.33959;[0.96];[0.01];10695.25979;[0.9127];[-0.0373];10646.32551),(514399.42074;[0.97];[0.02];10695.92270;[0.913];[-0.037];10646.78912),(514498.50082;[0.97];[0.02];10695.92270;[0.913];[-0.037];10646.78912),(514584.06162;[0.95];[0.];10696.27159;[0.9162];[-0.0338];10645.45702),(514717.15212;[0.96];[0.01];10696.04406;[0.9129];[-0.0371];10647.47586),(514830.16396;[0.96];[0.01];10696.04406;[0.9129];[-0.0371];10647.47586),(514926.78618;[0.96];[0.01];10696.04406;[0.9129];[-0.0371];10647.47586),(515926.71132;[0.79];[-0.16];11873.39854;[0.7505];[-0.1995];12006.57351),(516369.58408;[0.79];[-0.16];11873.42084;[0.7491];[-0.2009];12004.11498),(516880.20062;[0.79];[-0.16];11873.42084;[0.7491];[-0.2009];12004.11498),(517342.61370;[0.79];[-0.16];11873.42084;[0.7491];[-0.2009];12004.11498),(517809.51667;[0.79];[-0.16];11873.42084;[0.7491];[-0.2009];12004.11498),(518051.68033;[0.88];[-0.07];11507.71667;[0.8403];[-0.1097];11449.08525),(518281.16608;[0.97];[0.02];10438.24330;[0.9249];[-0.0251];10390.82410),(518530.66254;[0.93];[-0.02];11192.45951;[0.8846];[-0.0654];11107.32908),(518618.98255;[0.95];[0.];10859.57816;[0.902];[-0.048];10801.76549),(518907.24707;[0.96];[0.01];10691.92625;[0.9126];[-0.0374];10643.08418),(518995.34345;[0.95];[0.];10784.38081;[0.9094];[-0.0406];10734.79149),(519465.57498;[0.95];[0.];10720.85646;[0.911];[-0.039];10670.08006),(519788.63430;[0.95];[0.];10701.18272;[0.9095];[-0.0405];10655.13444),(519963.72509;[0.95];[0.];10696.27159;[0.9162];[-0.0338];10645.45702),(520103.05500;[0.96];[0.01];10695.25979;[0.9127];[-0.0373];10646.32551),(520212.07118;[0.97];[0.02];10695.92270;[0.913];[-0.037];10646.78912),(520311.94830;[0.97];[0.02];10695.92270;[0.913];[-0.037];10646.78912),(520402.64082;[0.95];[0.];10696.27159;[0.9162];[-0.0338];10645.45702),(520519.95564;[0.96];[0.01];10696.04406;[0.9129];[-0.0371];10647.47586),(520615.55147;[0.96];[0.01];10696.04406;[0.9129];[-0.0371];10647.47586),(520722.63241;[0.96];[0.01];10696.04406;[0.9129];[-0.0371];10647.47586),(521483.58846;[0.79];[-0.16];11873.39854;[0.7505];[-0.1995];12006.57351),(521920.58754;[0.79];[-0.16];11873.42084;[0.7491];[-0.2009];12004.11498),(522410.88247;[0.79];[-0.16];11873.42084;[0.7491];[-0.2009];12004.11498),(522884.69243;[0.79];[-0.16];11873.42084;[0.7491];[-0.2009];12004.11498),(523380.40209;[0.79];[-0.16];11873.42084;[0.7491];[-0.2009];12004.11498),(523665.14111;[0.88];[-0.07];11507.71667;[0.8403];[-0.1097];11449.08525),(523901.52669;[0.97];[0.02];10438.24330;[0.9249];[-0.0251];10390.82410),(524143.49246;[0.93];[-0.02];11192.45951;[0.8846];[-0.0654];11107.32908),(524238.28816;[0.95];[0.];10859.57816;[0.902];[-0.048];10801.76549),(524523.70930;[0.96];[0.01];10691.92625;[0.9126];[-0.0374];10643.08418),(524628.53241;[0.95];[0.];10784.38081;[0.9094];[-0.0406];10734.79149),(525142.05527;[0.95];[0.];10720.85646;[0.911];[-0.039];10670.08006),(525468.25695;[0.95];[0.];10701.18272;[0.9095];[-0.0405];10655.13444),(525662.19926;[0.95];[0.];10696.27159;[0.9162];[-0.0338];10645.45702),(525803.04813;[0.96];[0.01];10695.25979;[0.9127];[-0.0373];10646.32551),(525920.22872;[0.97];[0.02];10695.92270;[0.913];[-0.037];10646.78912),(526020.11371;[0.97];[0.02];10695.92270;[0.913];[-0.037];10646.78912),(526113.31439;[0.95];[0.];10696.27159;[0.9162];[-0.0338];10645.45702),(526232.09500;[0.96];[0.01];10696.04406;[0.9129];[-0.0371];10647.47586),(526329.88548;[0.96];[0.01];10696.04406;[0.9129];[-0.0371];10647.47586),(526424.60012;[0.96];[0.01];10696.04406;[0.9129];[-0.0371];10647.47586),(527186.92565;[0.79];[-0.16];11873.39854;[0.7505];[-0.1995];12006.57351),(527622.43295;[0.79];[-0.16];11873.42084;[0.7491];[-0.2009];12004.11498),(528116.42003;[0.79];[-0.16];11873.42084;[0.7491];[-0.2009];12004.11498),(528602.37360;[0.79];[-0.16];11873.42084;[0.7491];[-0.2009];12004.11498),(529084.98740;[0.79];[-0.16];11873.42084;[0.7491];[-0.2009];12004.11498),(529343.87398;[0.88];[-0.07];11507.71667;[0.8403];[-0.1097];11449.08525),(529572.61634;[0.97];[0.02];10438.24330;[0.9249];[-0.0251];10390.82410),(529848.52171;[0.93];[-0.02];11192.45951;[0.8846];[-0.0654];11107.32908),(529935.76336;[0.95];[0.];10859.57816;[0.902];[-0.048];10801.76549),(530258.21352;[0.96];[0.01];10691.92625;[0.9126];[-0.0374];10643.08418),(530361.52363;[0.95];[0.];10784.38081;[0.9094];[-0.0406];10734.79149),(530830.13678;[0.95];[0.];10720.85646;[0.911];[-0.039];10670.08006),(531186.90491;[0.95];[0.];10701.18272;[0.9095];[-0.0405];10655.13444),(531371.01817;[0.95];[0.];10696.27159;[0.9162];[-0.0338];10645.45702),(531509.97710;[0.96];[0.01];10695.25979;[0.9127];[-0.0373];10646.32551),(531622.65873;[0.97];[0.02];10695.92270;[0.913];[-0.037];10646.78912),(531716.08615;[0.97];[0.02];10695.92270;[0.913];[-0.037];10646.78912),(531817.44599;[0.95];[0.];10696.27159;[0.9162];[-0.0338];10645.45702),(531951.28274;[0.96];[0.01];10696.04406;[0.9129];[-0.0371];10647.47586),(532060.57167;[0.96];[0.01];10696.04406;[0.9129];[-0.0371];10647.47586),(532167.90867;[0.96];[0.01];10696.04406;[0.9129];[-0.0371];10647.47586),(532901.38364;[0.79];[-0.16];11873.39854;[0.7505];[-0.1995];12006.57351),(533330.43909;[0.79];[-0.16];11873.42084;[0.7491];[-0.2009];12004.11498),(533808.23112;[0.79];[-0.16];11873.42084;[0.7491];[-0.2009];12004.11498),(534308.00056;[0.79];[-0.16];11873.42084;[0.7491];[-0.2009];12004.11498),(534774.05691;[0.79];[-0.16];11873.42084;[0.7491];[-0.2009];12004.11498),(535034.72972;[0.88];[-0.07];11507.71667;[0.8403];[-0.1097];11449.08525),(535273.98920;[0.97];[0.02];10438.24330;[0.9249];[-0.0251];10390.82410),(535514.13035;[0.93];[-0.02];11192.45951;[0.8846];[-0.0654];11107.32908),(535610.91518;[0.95];[0.];10859.57816;[0.902];[-0.048];10801.76549),(535929.17371;[0.96];[0.01];10691.92625;[0.9126];[-0.0374];10643.08418),(536033.66351;[0.95];[0.];10784.38081;[0.9094];[-0.0406];10734.79149),(536492.83552;[0.95];[0.];10720.85646;[0.911];[-0.039];10670.08006),(536894.89627;[0.95];[0.];10701.18272;[0.9095];[-0.0405];10655.13444),(537065.16457;[0.95];[0.];10696.27159;[0.9162];[-0.0338];10645.45702),(537207.82566;[0.96];[0.01];10695.25979;[0.9127];[-0.0373];10646.32551),(537323.56191;[0.97];[0.02];10695.92270;[0.913];[-0.037];10646.78912),(537419.69800;[0.97];[0.02];10695.92270;[0.913];[-0.037];10646.78912),(537517.48276;[0.95];[0.];10696.27159;[0.9162];[-0.0338];10645.45702),(537651.04842;[0.96];[0.01];10696.04406;[0.9129];[-0.0371];10647.47586),(537762.95137;[0.96];[0.01];10696.04406;[0.9129];[-0.0371];10647.47586),(537869.30227;[0.96];[0.01];10696.04406;[0.9129];[-0.0371];10647.47586),(538609.44986;[0.79];[-0.16];11873.39854;[0.7505];[-0.1995];12006.57351),(539051.48029;[0.79];[-0.16];11873.42084;[0.7491];[-0.2009];12004.11498),(539541.62693;[0.79];[-0.16];11873.42084;[0.7491];[-0.2009];12004.11498),(540026.00765;[0.79];[-0.16];11873.42084;[0.7491];[-0.2009];12004.11498),(540522.87579;[0.79];[-0.16];11873.42084;[0.7491];[-0.2009];12004.11498),(540769.68622;[0.88];[-0.07];11507.71667;[0.8403];[-0.1097];11449.08525),(540988.39498;[0.97];[0.02];10438.24330;[0.9249];[-0.0251];10390.82410),(541237.04004;[0.93];[-0.02];11192.45951;[0.8846];[-0.0654];11107.32908),(541326.17855;[0.95];[0.];10859.57816;[0.902];[-0.048];10801.76549),(541640.61809;[0.96];[0.01];10691.92625;[0.9126];[-0.0374];10643.08418),(541733.40416;[0.95];[0.];10784.38081;[0.9094];[-0.0406];10734.79149),(542180.66859;[0.95];[0.];10720.85646;[0.911];[-0.039];10670.08006),(542500.85926;[0.95];[0.];10701.18272;[0.9095];[-0.0405];10655.13444),(542703.21798;[0.95];[0.];10696.27159;[0.9162];[-0.0338];10645.45702),(542842.45348;[0.96];[0.01];10695.25979;[0.9127];[-0.0373];10646.32551),(542941.70070;[0.97];[0.02];10695.92270;[0.913];[-0.037];10646.78912),(543042.82188;[0.97];[0.02];10695.92270;[0.913];[-0.037];10646.78912),(543133.80527;[0.95];[0.];10696.27159;[0.9162];[-0.0338];10645.45702),(543256.12998;[0.96];[0.01];10696.04406;[0.9129];[-0.0371];10647.47586),(543360.56972;[0.96];[0.01];10696.04406;[0.9129];[-0.0371];10647.47586),(543463.31763;[0.96];[0.01];10696.04406;[0.9129];[-0.0371];10647.47586),(544182.53541;[0.79];[-0.16];11873.39854;[0.7505];[-0.1995];12006.57351),(544660.70318;[0.79];[-0.16];11873.42084;[0.7491];[-0.2009];12004.11498),(545185.89759;[0.79];[-0.16];11873.42084;[0.7491];[-0.2009];12004.11498),(545647.75419;[0.79];[-0.16];11873.42084;[0.7491];[-0.2009];12004.11498),(546124.37367;[0.79];[-0.16];11873.42084;[0.7491];[-0.2009];12004.11498),(546384.20296;[0.88];[-0.07];11507.71667;[0.8403];[-0.1097];11449.08525),(546613.97672;[0.97];[0.02];10438.24330;[0.9249];[-0.0251];10390.82410),(546903.26381;[0.93];[-0.02];11192.45951;[0.8846];[-0.0654];11107.32908),(546993.08968;[0.95];[0.];10859.57816;[0.902];[-0.048];10801.76549),(547275.86508;[0.96];[0.01];10691.92625;[0.9126];[-0.0374];10643.08418),(547377.21419;[0.95];[0.];10784.38081;[0.9094];[-0.0406];10734.79149),(547799.40677;[0.95];[0.];10720.85646;[0.911];[-0.039];10670.08006),(548130.07331;[0.95];[0.];10701.18272;[0.9095];[-0.0405];10655.13444),(548305.97472;[0.95];[0.];10696.27159;[0.9162];[-0.0338];10645.45702),(548445.45937;[0.96];[0.01];10695.25979;[0.9127];[-0.0373];10646.32551),(548546.83328;[0.97];[0.02];10695.92270;[0.913];[-0.037];10646.78912),(548643.15915;[0.97];[0.02];10695.92270;[0.913];[-0.037];10646.78912),(548743.03579;[0.95];[0.];10696.27159;[0.9162];[-0.0338];10645.45702),(548860.09264;[0.96];[0.01];10696.04406;[0.9129];[-0.0371];10647.47586),(548961.11560;[0.96];[0.01];10696.04406;[0.9129];[-0.0371];10647.47586),(549068.73512;[0.96];[0.01];10696.04406;[0.9129];[-0.0371];10647.47586),(549810.93001;[0.79];[-0.16];11873.39854;[0.7505];[-0.1995];12006.57351),(550241.32800;[0.79];[-0.16];11873.42084;[0.7491];[-0.2009];12004.11498),(550723.16217;[0.79];[-0.16];11873.42084;[0.7491];[-0.2009];12004.11498),(551216.13026;[0.79];[-0.16];11873.42084;[0.7491];[-0.2009];12004.11498),(551682.57046;[0.79];[-0.16];11873.42084;[0.7491];[-0.2009];12004.11498),(551946.96927;[0.88];[-0.07];11507.71667;[0.8403];[-0.1097];11449.08525),(552167.70220;[0.97];[0.02];10438.24330;[0.9249];[-0.0251];10390.82410),(552409.14440;[0.93];[-0.02];11192.45951;[0.8846];[-0.0654];11107.32908),(552505.95927;[0.95];[0.];10859.57816;[0.902];[-0.048];10801.76549),(552817.65008;[0.96];[0.01];10691.92625;[0.9126];[-0.0374];10643.08418),(552908.05602;[0.95];[0.];10784.38081;[0.9094];[-0.0406];10734.79149),(553336.17282;[0.95];[0.];10720.85646;[0.911];[-0.039];10670.08006),(553741.37974;[0.95];[0.];10701.18272;[0.9095];[-0.0405];10655.13444),(553937.28161;[0.95];[0.];10696.27159;[0.9162];[-0.0338];10645.45702),(554095.99757;[0.96];[0.01];10695.25979;[0.9127];[-0.0373];10646.32551),(554210.01768;[0.97];[0.02];10695.92270;[0.913];[-0.037];10646.78912),(554307.70683;[0.97];[0.02];10695.92270;[0.913];[-0.037];10646.78912),(554405.99322;[0.95];[0.];10696.27159;[0.9162];[-0.0338];10645.45702),(554531.48961;[0.96];[0.01];10696.04406;[0.9129];[-0.0371];10647.47586),(554641.37340;[0.96];[0.01];10696.04406;[0.9129];[-0.0371];10647.47586),(554746.55414;[0.96];[0.01];10696.04406;[0.9129];[-0.0371];10647.47586),(555458.18639;[0.79];[-0.16];11873.39854;[0.7505];[-0.1995];12006.57351),(555874.01628;[0.79];[-0.16];11873.42084;[0.7491];[-0.2009];12004.11498),(556347.55230;[0.79];[-0.16];11873.42084;[0.7491];[-0.2009];12004.11498),(556838.17363;[0.79];[-0.16];11873.42084;[0.7491];[-0.2009];12004.11498),(557308.46286;[0.79];[-0.16];11873.42084;[0.7491];[-0.2009];12004.11498),(557550.65966;[0.88];[-0.07];11507.71667;[0.8403];[-0.1097];11449.08525),(557783.15544;[0.97];[0.02];10438.24330;[0.9249];[-0.0251];10390.82410),(558024.21093;[0.93];[-0.02];11192.45951;[0.8846];[-0.0654];11107.32908),(558120.80669;[0.95];[0.];10859.57816;[0.902];[-0.048];10801.76549),(558428.50804;[0.96];[0.01];10691.92625;[0.9126];[-0.0374];10643.08418),(558518.61024;[0.95];[0.];10784.38081;[0.9094];[-0.0406];10734.79149),(559030.23791;[0.95];[0.];10720.85646;[0.911];[-0.039];10670.08006),(559355.29041;[0.95];[0.];10701.18272;[0.9095];[-0.0405];10655.13444),(559544.82627;[0.95];[0.];10696.27159;[0.9162];[-0.0338];10645.45702),(559679.71706;[0.96];[0.01];10695.25979;[0.9127];[-0.0373];10646.32551),(559784.13820;[0.97];[0.02];10695.92270;[0.913];[-0.037];10646.78912),(559880.59306;[0.97];[0.02];10695.92270;[0.913];[-0.037];10646.78912),(559971.07601;[0.95];[0.];10696.27159;[0.9162];[-0.0338];10645.45702),(560105.50833;[0.96];[0.01];10696.04406;[0.9129];[-0.0371];10647.47586),(560213.47404;[0.96];[0.01];10696.04406;[0.9129];[-0.0371];10647.47586),(560315.21654;[0.96];[0.01];10696.04406;[0.9129];[-0.0371];10647.47586),(561022.21918;[0.79];[-0.16];11873.39854;[0.7505];[-0.1995];12006.57351),(561449.97740;[0.79];[-0.16];11873.42084;[0.7491];[-0.2009];12004.11498),(561935.69303;[0.79];[-0.16];11873.42084;[0.7491];[-0.2009];12004.11498),(562411.30781;[0.79];[-0.16];11873.42084;[0.7491];[-0.2009];12004.11498),(562885.40721;[0.79];[-0.16];11873.42084;[0.7491];[-0.2009];12004.11498),(563144.33789;[0.88];[-0.07];11507.71667;[0.8403];[-0.1097];11449.08525),(563383.00395;[0.97];[0.02];10438.24330;[0.9249];[-0.0251];10390.82410),(563624.59850;[0.93];[-0.02];11192.45951;[0.8846];[-0.0654];11107.32908),(563712.13365;[0.95];[0.];10859.57816;[0.902];[-0.048];10801.76549),(564017.56692;[0.96];[0.01];10691.92625;[0.9126];[-0.0374];10643.08418),(564105.32784;[0.95];[0.];10784.38081;[0.9094];[-0.0406];10734.79149),(564559.07464;[0.95];[0.];10720.85646;[0.911];[-0.039];10670.08006),(564966.58134;[0.95];[0.];10701.18272;[0.9095];[-0.0405];10655.13444),(565186.61952;[0.95];[0.];10696.27159;[0.9162];[-0.0338];10645.45702),(565381.06275;[0.96];[0.01];10695.25979;[0.9127];[-0.0373];10646.32551),(565522.50195;[0.97];[0.02];10695.92270;[0.913];[-0.037];10646.78912),(565658.06770;[0.97];[0.02];10695.92270;[0.913];[-0.037];10646.78912),(565773.93556;[0.95];[0.];10696.27159;[0.9162];[-0.0338];10645.45702),(565925.05980;[0.96];[0.01];10696.04406;[0.9129];[-0.0371];10647.47586),(566062.01530;[0.96];[0.01];10696.04406;[0.9129];[-0.0371];10647.47586),(566182.00755;[0.96];[0.01];10696.04406;[0.9129];[-0.0371];10647.47586),(567208.91595;[0.79];[-0.16];11873.39854;[0.7505];[-0.1995];12006.57351),(567657.69601;[0.79];[-0.16];11873.42084;[0.7491];[-0.2009];12004.11498),(568139.14752;[0.79];[-0.16];11873.42084;[0.7491];[-0.2009];12004.11498),(568597.17679;[0.79];[-0.16];11873.42084;[0.7491];[-0.2009];12004.11498),(569061.33127;[0.79];[-0.16];11873.42084;[0.7491];[-0.2009];12004.11498),(569316.60676;[0.88];[-0.07];11507.71667;[0.8403];[-0.1097];11449.08525),(569553.87068;[0.97];[0.02];10438.24330;[0.9249];[-0.0251];10390.82410),(569798.29192;[0.93];[-0.02];11192.45951;[0.8846];[-0.0654];11107.32908),(569892.13896;[0.95];[0.];10859.57816;[0.902];[-0.048];10801.76549),(570190.46307;[0.96];[0.01];10691.92625;[0.9126];[-0.0374];10643.08418),(570284.78289;[0.95];[0.];10784.38081;[0.9094];[-0.0406];10734.79149),(570748.40975;[0.95];[0.];10720.85646;[0.911];[-0.039];10670.08006),(571122.82205;[0.95];[0.];10701.18272;[0.9095];[-0.0405];10655.13444),(571296.94033;[0.95];[0.];10696.27159;[0.9162];[-0.0338];10645.45702),(571455.26791;[0.96];[0.01];10695.25979;[0.9127];[-0.0373];10646.32551),(571572.88241;[0.97];[0.02];10695.92270;[0.913];[-0.037];10646.78912),(571683.66313;[0.97];[0.02];10695.92270;[0.913];[-0.037];10646.78912),(571786.67235;[0.95];[0.];10696.27159;[0.9162];[-0.0338];10645.45702),(571913.17177;[0.96];[0.01];10696.04406;[0.9129];[-0.0371];10647.47586),(572009.75728;[0.96];[0.01];10696.04406;[0.9129];[-0.0371];10647.47586),(572118.78061;[0.96];[0.01];10696.04406;[0.9129];[-0.0371];10647.47586),(572860.03828;[0.79];[-0.16];11873.39854;[0.7505];[-0.1995];12006.57351),(573316.58959;[0.79];[-0.16];11873.42084;[0.7491];[-0.2009];12004.11498),(573788.89942;[0.79];[-0.16];11873.42084;[0.7491];[-0.2009];12004.11498),(574277.67944;[0.79];[-0.16];11873.42084;[0.7491];[-0.2009];12004.11498),(574764.13059;[0.79];[-0.16];11873.42084;[0.7491];[-0.2009];12004.11498),(575023.28205;[0.88];[-0.07];11507.71667;[0.8403];[-0.1097];11449.08525),(575298.87772;[0.97];[0.02];10438.24330;[0.9249];[-0.0251];10390.82410),(575593.46414;[0.93];[-0.02];11192.45951;[0.8846];[-0.0654];11107.32908),(575685.19878;[0.95];[0.];10859.57816;[0.902];[-0.048];10801.76549),(576000.39840;[0.96];[0.01];10691.92625;[0.9126];[-0.0374];10643.08418),(576108.58798;[0.95];[0.];10784.38081;[0.9094];[-0.0406];10734.79149),(576542.63687;[0.95];[0.];10720.85646;[0.911];[-0.039];10670.08006),(576887.35938;[0.95];[0.];10701.18272;[0.9095];[-0.0405];10655.13444),(577084.40542;[0.95];[0.];10696.27159;[0.9162];[-0.0338];10645.45702),(577286.84354;[0.96];[0.01];10695.25979;[0.9127];[-0.0373];10646.32551),(577414.97159;[0.97];[0.02];10695.92270;[0.913];[-0.037];10646.78912),(577538.60760;[0.97];[0.02];10695.92270;[0.913];[-0.037];10646.78912),(577632.67970;[0.95];[0.];10696.27159;[0.9162];[-0.0338];10645.45702),(577807.34563;[0.96];[0.01];10696.04406;[0.9129];[-0.0371];10647.47586),(577942.46411;[0.96];[0.01];10696.04406;[0.9129];[-0.0371];10647.47586),(578081.49076;[0.96];[0.01];10696.04406;[0.9129];[-0.0371];10647.47586),(579132.91264;[0.79];[-0.16];11873.39854;[0.7505];[-0.1995];12006.57351),(579626.72949;[0.79];[-0.16];11873.42084;[0.7491];[-0.2009];12004.11498),(580111.28068;[0.79];[-0.16];11873.42084;[0.7491];[-0.2009];12004.11498),(580590.32106;[0.79];[-0.16];11873.42084;[0.7491];[-0.2009];12004.11498),(581077.28863;[0.79];[-0.16];11873.42084;[0.7491];[-0.2009];12004.11498),(581341.74919;[0.88];[-0.07];11507.71667;[0.8403];[-0.1097];11449.08525),(581576.49755;[0.97];[0.02];10438.24330;[0.9249];[-0.0251];10390.82410),(581826.59101;[0.93];[-0.02];11192.45951;[0.8846];[-0.0654];11107.32908),(581917.43803;[0.95];[0.];10859.57816;[0.902];[-0.048];10801.76549),(582199.80359;[0.96];[0.01];10691.92625;[0.9126];[-0.0374];10643.08418),(582307.42645;[0.95];[0.];10784.38081;[0.9094];[-0.0406];10734.79149),(582800.46296;[0.95];[0.];10720.85646;[0.911];[-0.039];10670.08006),(583115.12041;[0.95];[0.];10701.18272;[0.9095];[-0.0405];10655.13444),(583311.15055;[0.95];[0.];10696.27159;[0.9162];[-0.0338];10645.45702),(583452.72660;[0.96];[0.01];10695.25979;[0.9127];[-0.0373];10646.32551),(583567.08574;[0.97];[0.02];10695.92270;[0.913];[-0.037];10646.78912),(583660.16150;[0.97];[0.02];10695.92270;[0.913];[-0.037];10646.78912),(583747.20931;[0.95];[0.];10696.27159;[0.9162];[-0.0338];10645.45702),(583861.09328;[0.96];[0.01];10696.04406;[0.9129];[-0.0371];10647.47586),(583964.68449;[0.96];[0.01];10696.04406;[0.9129];[-0.0371];10647.47586),(584073.01664;[0.96];[0.01];10696.04406;[0.9129];[-0.0371];10647.47586),(584787.98342;[0.79];[-0.16];11873.39854;[0.7505];[-0.1995];12006.57351),(585260.73933;[0.79];[-0.16];11873.42084;[0.7491];[-0.2009];12004.11498),(585752.43974;[0.79];[-0.16];11873.42084;[0.7491];[-0.2009];12004.11498),(586229.31266;[0.79];[-0.16];11873.42084;[0.7491];[-0.2009];12004.11498),(586694.48209;[0.79];[-0.16];11873.42084;[0.7491];[-0.2009];12004.11498),(586961.08341;[0.88];[-0.07];11507.71667;[0.8403];[-0.1097];11449.08525),(587194.97108;[0.97];[0.02];10438.24330;[0.9249];[-0.0251];10390.82410),(587478.23548;[0.93];[-0.02];11192.45951;[0.8846];[-0.0654];11107.32908),(587568.78281;[0.95];[0.];10859.57816;[0.902];[-0.048];10801.76549),(587888.50951;[0.96];[0.01];10691.92625;[0.9126];[-0.0374];10643.08418),(587996.55128;[0.95];[0.];10784.38081;[0.9094];[-0.0406];10734.79149),(588475.50678;[0.95];[0.];10720.85646;[0.911];[-0.039];10670.08006),(588805.22227;[0.95];[0.];10701.18272;[0.9095];[-0.0405];10655.13444),(588977.67615;[0.95];[0.];10696.27159;[0.9162];[-0.0338];10645.45702),(589143.16487;[0.96];[0.01];10695.25979;[0.9127];[-0.0373];10646.32551),(589256.61206;[0.97];[0.02];10695.92270;[0.913];[-0.037];10646.78912),(589367.47766;[0.97];[0.02];10695.92270;[0.913];[-0.037];10646.78912),(589473.49620;[0.95];[0.];10696.27159;[0.9162];[-0.0338];10645.45702),(589610.42833;[0.96];[0.01];10696.04406;[0.9129];[-0.0371];10647.47586),(589723.13643;[0.96];[0.01];10696.04406;[0.9129];[-0.0371];10647.47586),(589816.15615;[0.96];[0.01];10696.04406;[0.9129];[-0.0371];10647.47586),(590635.25677;[0.79];[-0.16];11873.39854;[0.7505];[-0.1995];12006.57351),(591119.04716;[0.79];[-0.16];11873.42084;[0.7491];[-0.2009];12004.11498),(591599.81513;[0.79];[-0.16];11873.42084;[0.7491];[-0.2009];12004.11498),(592110.31437;[0.79];[-0.16];11873.42084;[0.7491];[-0.2009];12004.11498),(592595.54601;[0.79];[-0.16];11873.42084;[0.7491];[-0.2009];12004.11498),(592840.12580;[0.88];[-0.07];11507.71667;[0.8403];[-0.1097];11449.08525),(593081.16007;[0.97];[0.02];10438.24330;[0.9249];[-0.0251];10390.82410),(593336.98535;[0.93];[-0.02];11192.45951;[0.8846];[-0.0654];11107.32908),(593434.40843;[0.95];[0.];10859.57816;[0.902];[-0.048];10801.76549),(593761.10196;[0.96];[0.01];10691.92625;[0.9126];[-0.0374];10643.08418),(593853.65772;[0.95];[0.];10784.38081;[0.9094];[-0.0406];10734.79149),(594275.49601;[0.95];[0.];10720.85646;[0.911];[-0.039];10670.08006),(594603.75214;[0.95];[0.];10701.18272;[0.9095];[-0.0405];10655.13444),(594785.40492;[0.95];[0.];10696.27159;[0.9162];[-0.0338];10645.45702),(594920.60828;[0.96];[0.01];10695.25979;[0.9127];[-0.0373];10646.32551),(595033.40459;[0.97];[0.02];10695.92270;[0.913];[-0.037];10646.78912),(595153.01704;[0.97];[0.02];10695.92270;[0.913];[-0.037];10646.78912),(595243.92676;[0.95];[0.];10696.27159;[0.9162];[-0.0338];10645.45702),(595364.26187;[0.96];[0.01];10696.04406;[0.9129];[-0.0371];10647.47586),(595459.81264;[0.96];[0.01];10696.04406;[0.9129];[-0.0371];10647.47586),(595556.75960;[0.96];[0.01];10696.04406;[0.9129];[-0.0371];10647.47586),(596308.96378;[0.79];[-0.16];11873.39854;[0.7505];[-0.1995];12006.57351),(596764.98795;[0.79];[-0.16];11873.42084;[0.7491];[-0.2009];12004.11498),(597243.53075;[0.79];[-0.16];11873.42084;[0.7491];[-0.2009];12004.11498),(597704.73742;[0.79];[-0.16];11873.42084;[0.7491];[-0.2009];12004.11498),(598163.97810;[0.79];[-0.16];11873.42084;[0.7491];[-0.2009];12004.11498),(598440.19747;[0.88];[-0.07];11507.71667;[0.8403];[-0.1097];11449.08525),(598667.06014;[0.97];[0.02];10438.24330;[0.9249];[-0.0251];10390.82410),(598895.88547;[0.93];[-0.02];11192.45951;[0.8846];[-0.0654];11107.32908),(598989.04634;[0.95];[0.];10859.57816;[0.902];[-0.048];10801.76549),(599275.47240;[0.96];[0.01];10691.92625;[0.9126];[-0.0374];10643.08418),(599367.58590;[0.95];[0.];10784.38081;[0.9094];[-0.0406];10734.79149),(599846.79580;[0.95];[0.];10720.85646;[0.911];[-0.039];10670.08006),(600199.52226;[0.95];[0.];10701.18272;[0.9095];[-0.0405];10655.13444)]"
4,8958.218248858253,[0.8311],[-0.1189],600609.8880767822,"[(251.15919;[0.62];[-0.33];10446.50406;[0.6278];[-0.3222];10610.99036),(961.26390;[0.62];[-0.33];10446.50406;[0.6278];[-0.3222];10610.99036),(1319.01646;[0.62];[-0.33];10446.50406;[0.6278];[-0.3222];10610.99036),(1681.16355;[0.62];[-0.33];10446.50406;[0.6278];[-0.3222];10610.99036),(2044.85226;[0.62];[-0.33];10446.50406;[0.6278];[-0.3222];10610.99036),(2416.91923;[0.62];[-0.33];10446.50406;[0.6278];[-0.3222];10610.99036),(2769.98186;[0.8];[-0.15];9908.25202;[0.7621];[-0.1879];9861.08357),(3025.04778;[0.84];[-0.11];9216.77797;[0.8131];[-0.1369];9172.39314),(3247.79129;[0.85];[-0.1];8531.41585;[0.8361];[-0.1139];8492.51328),(3440.60493;[0.85];[-0.1];8358.27713;[0.8296];[-0.1204];8319.48626),(3665.53593;[0.85];[-0.1];8161.52365;[0.8173];[-0.1327];8120.31617),(3804.69704;[0.85];[-0.1];7986.40831;[0.8064];[-0.1436];7945.76116),(3946.38348;[0.85];[-0.1];7970.26881;[0.8036];[-0.1464];7929.34373),(4240.61227;[0.84];[-0.11];7764.81278;[0.788];[-0.162];7726.77677),(4347.57924;[0.83];[-0.12];7750.86051;[0.7833];[-0.1667];7712.39158),(4432.17707;[0.83];[-0.12];7750.86051;[0.7833];[-0.1667];7712.39158),(4586.51972;[0.83];[-0.12];7750.86051;[0.7833];[-0.1667];7712.39158),(5082.23653;[0.62];[-0.33];10446.50406;[0.6278];[-0.3222];10610.99036),(5485.07714;[0.76];[-0.19];10237.31501;[0.7002];[-0.2498];10234.93110),(6025.78354;[0.83];[-0.12];9851.70825;[0.7739];[-0.1761];9804.36274),(6536.28182;[0.84];[-0.11];9101.45899;[0.8193];[-0.1307];9058.23470),(6866.19163;[0.83];[-0.12];7750.86051;[0.7833];[-0.1667];7712.39158),(7285.61234;[0.83];[-0.12];7750.86051;[0.7833];[-0.1667];7712.39158),(7988.14869;[0.63];[-0.32];10444.61945;[0.6352];[-0.3148];10618.76856),(8480.83758;[0.76];[-0.19];10215.95311;[0.7075];[-0.2425];10222.05796),(8857.70059;[0.84];[-0.11];9803.52399;[0.7814];[-0.1686];9765.72964),(9396.37041;[0.86];[-0.09];8932.90624;[0.8298];[-0.1202];8892.73859),(9957.76081;[0.83];[-0.12];7750.86051;[0.7833];[-0.1667];7712.39158),(11071.62046;[0.63];[-0.32];10444.61945;[0.6352];[-0.3148];10618.76856),(11631.76751;[0.76];[-0.19];10237.31501;[0.7002];[-0.2498];10234.93110),(12196.63930;[0.83];[-0.12];9851.70825;[0.7739];[-0.1761];9804.36274),(12774.58572;[0.84];[-0.11];9101.45899;[0.8193];[-0.1307];9058.23470),(13575.15502;[0.85];[-0.1];8672.11374;[0.8375];[-0.1125];8634.03331),(13688.08913;[0.85];[-0.1];8514.53516;[0.833];[-0.117];8474.95542),(13990.31401;[0.85];[-0.1];8181.94378;[0.8209];[-0.1291];8142.75803),(14144.78922;[0.85];[-0.1];7986.40831;[0.8064];[-0.1436];7945.76116),(14369.78173;[0.85];[-0.1];7980.08434;[0.8058];[-0.1442];7939.33955),(14496.72699;[0.85];[-0.1];7970.26881;[0.8036];[-0.1464];7929.34373),(14589.99658;[0.85];[-0.1];7968.74851;[0.8046];[-0.1454];7928.12420),(14864.31837;[0.85];[-0.1];7968.74851;[0.8046];[-0.1454];7928.12420),(15224.91741;[0.62];[-0.33];10437.92978;[0.6304];[-0.3196];10552.96950),(15765.85531;[0.76];[-0.19];10205.48569;[0.7064];[-0.2436];10143.81296),(16105.38197;[0.83];[-0.12];9845.29321;[0.7751];[-0.1749];9791.51913),(16698.48537;[0.84];[-0.11];9097.11541;[0.8188];[-0.1312];9053.70899),(17035.42662;[0.85];[-0.1];7968.74851;[0.8046];[-0.1454];7928.12420),(17564.59928;[0.85];[-0.1];7968.74851;[0.8046];[-0.1454];7928.12420),(17910.84456;[0.62];[-0.33];10437.92978;[0.6304];[-0.3196];10552.96950),(18439.34727;[0.76];[-0.19];10205.48569;[0.7064];[-0.2436];10143.81296),(18816.87284;[0.83];[-0.12];9845.30075;[0.775];[-0.175];9786.47989),(19255.43737;[0.84];[-0.11];9097.11541;[0.8188];[-0.1312];9053.70899),(19609.85994;[0.85];[-0.1];7968.74851;[0.8046];[-0.1454];7928.12420),(20593.17350;[0.62];[-0.33];10437.92978;[0.6304];[-0.3196];10552.96950),(21160.73346;[0.76];[-0.19];10205.48569;[0.7064];[-0.2436];10143.81296),(21491.90450;[0.83];[-0.12];9845.30075;[0.775];[-0.175];9786.47989),(22052.06418;[0.84];[-0.11];9097.23142;[0.8185];[-0.1315];9053.77816),(23132.93791;[0.85];[-0.1];8672.28740;[0.8357];[-0.1143];8634.11176),(23415.51161;[0.85];[-0.1];8516.53176;[0.8336];[-0.1164];8476.85950),(23626.30177;[0.85];[-0.1];8176.41106;[0.8187];[-0.1313];8137.29987),(23844.81812;[0.85];[-0.1];7983.84440;[0.806];[-0.144];7943.17573),(24015.18941;[0.85];[-0.1];7970.26881;[0.8036];[-0.1464];7929.34373),(24163.77854;[0.85];[-0.1];7968.74851;[0.8046];[-0.1454];7928.12420),(24814.31985;[0.62];[-0.33];10437.92978;[0.6304];[-0.3196];10552.96950),(25151.98088;[0.76];[-0.19];10182.80649;[0.7133];[-0.2367];10116.62260),(25665.65514;[0.84];[-0.11];9785.61756;[0.7851];[-0.1649];9740.76336),(26002.96187;[0.84];[-0.11];9097.23142;[0.8185];[-0.1315];9053.77816),(26858.96492;[0.85];[-0.1];8767.47981;[0.8319];[-0.1181];8729.38001),(27015.41233;[0.85];[-0.1];8523.35445;[0.8357];[-0.1143];8484.39175),(27158.76627;[0.85];[-0.1];8164.15346;[0.8176];[-0.1324];8125.32120),(27354.08282;[0.85];[-0.1];7970.26881;[0.8036];[-0.1464];7929.34373),(27579.56076;[0.85];[-0.1];7970.26881;[0.8036];[-0.1464];7929.34373),(27713.65547;[0.85];[-0.1];7968.74851;[0.8046];[-0.1454];7928.12420),(28269.90294;[0.63];[-0.32];10436.38345;[0.6434];[-0.3066];10556.37266),(28559.84521;[0.76];[-0.19];10177.91485;[0.7164];[-0.2336];10107.28926),(28965.04045;[0.84];[-0.11];9785.08339;[0.7835];[-0.1665];9722.42854),(29500.09727;[0.84];[-0.11];9104.17278;[0.8192];[-0.1308];9060.93653),(29872.09702;[0.85];[-0.1];7968.74851;[0.8046];[-0.1454];7928.12420),(30315.32049;[0.85];[-0.1];7968.74851;[0.8046];[-0.1454];7928.12420),(30814.40473;[0.63];[-0.32];10436.38345;[0.6434];[-0.3066];10556.37266),(31122.88117;[0.76];[-0.19];10177.91485;[0.7164];[-0.2336];10107.28926),(31549.32094;[0.84];[-0.11];9785.08339;[0.7835];[-0.1665];9722.42854),(32148.35286;[0.84];[-0.11];9104.17278;[0.8192];[-0.1308];9060.93653),(32476.48883;[0.85];[-0.1];7968.74851;[0.8046];[-0.1454];7928.12420),(32936.90109;[0.85];[-0.1];7968.74851;[0.8046];[-0.1454];7928.12420),(33621.78659;[0.63];[-0.32];10429.77494;[0.6433];[-0.3067];10540.85319),(34093.63437;[0.77];[-0.18];10154.91537;[0.7223];[-0.2277];10077.05785),(34494.56859;[0.84];[-0.11];9785.08339;[0.7835];[-0.1665];9722.42854),(35093.89091;[0.84];[-0.11];9104.17278;[0.8192];[-0.1308];9060.93653),(35416.86678;[0.85];[-0.1];7968.74851;[0.8046];[-0.1454];7928.12420),(35846.88592;[0.85];[-0.1];7968.74851;[0.8046];[-0.1454];7928.12420),(36405.94482;[0.63];[-0.32];10429.77494;[0.6433];[-0.3067];10540.85319),(36865.77201;[0.77];[-0.18];10154.91537;[0.7223];[-0.2277];10077.05785),(37301.46456;[0.84];[-0.11];9785.08339;[0.7835];[-0.1665];9722.42854),(37909.06501;[0.84];[-0.11];9103.84302;[0.8192];[-0.1308];9062.19120),(38225.11029;[0.85];[-0.1];7968.74851;[0.8046];[-0.1454];7928.12420),(39270.50734;[0.64];[-0.31];10420.44756;[0.6558];[-0.2942];10529.66027),(39731.33588;[0.77];[-0.18];10154.91537;[0.7223];[-0.2277];10077.05785),(40148.41962;[0.84];[-0.11];9785.08339;[0.7835];[-0.1665];9722.42854),(40692.74759;[0.84];[-0.11];9103.84302;[0.8192];[-0.1308];9062.19120),(41554.48890;[0.86];[-0.09];8788.62610;[0.8344];[-0.1156];8751.24898),(41736.11259;[0.85];[-0.1];8528.74940;[0.8365];[-0.1135];8490.04249),(41839.92386;[0.85];[-0.1];8351.50576;[0.8283];[-0.1217];8312.14697),(41996.19603;[0.85];[-0.1];8335.04001;[0.8252];[-0.1248];8295.72150),(42231.87041;[0.85];[-0.1];8151.41483;[0.8132];[-0.1368];8112.14082),(42316.62107;[0.85];[-0.1];8151.41483;[0.8132];[-0.1368];8112.14082),(43045.43447;[0.64];[-0.31];10405.27051;[0.6481];[-0.3019];10442.66929),(43620.90778;[0.78];[-0.17];10119.43246;[0.728];[-0.222];10042.42633),(44003.53360;[0.84];[-0.11];9720.65758;[0.7946];[-0.1554];9667.78651),(44380.38635;[0.87];[-0.08];8998.19026;[0.8311];[-0.1189];8958.21825),(45115.15331;[0.85];[-0.1];8151.41483;[0.8132];[-0.1368];8112.14082),(45722.26357;[0.64];[-0.31];10405.27051;[0.6481];[-0.3019];10442.66929),(46159.44886;[0.77];[-0.18];10147.13840;[0.722];[-0.228];10075.79899),(46466.34221;[0.84];[-0.11];9785.08339;[0.7835];[-0.1665];9722.42854),(46977.96631;[0.84];[-0.11];9105.77478;[0.8207];[-0.1293];9062.85584),(47363.36660;[0.86];[-0.09];8793.09109;[0.8352];[-0.1148];8755.40704),(47757.88069;[0.85];[-0.1];8528.74940;[0.8365];[-0.1135];8490.04249),(47924.72219;[0.85];[-0.1];8351.50576;[0.8283];[-0.1217];8312.14697),(48109.83300;[0.85];[-0.1];8336.72747;[0.8246];[-0.1254];8297.07779),(48268.53609;[0.85];[-0.1];8336.72747;[0.8246];[-0.1254];8297.07779),(48535.62403;[0.85];[-0.1];8335.04001;[0.8252];[-0.1248];8295.72150),(49371.88315;[0.69];[-0.26];10390.34721;[0.6617];[-0.2883];10426.39789),(49693.07089;[0.78];[-0.17];10111.69216;[0.7298];[-0.2202];10030.43659),(50102.70357;[0.84];[-0.11];9720.65758;[0.7946];[-0.1554];9667.78651),(50634.78756;[0.87];[-0.08];8999.38012;[0.8315];[-0.1185];8959.23617),(51547.08886;[0.85];[-0.1];8335.04001;[0.8252];[-0.1248];8295.72150),(52255.47886;[0.69];[-0.26];10390.34721;[0.6617];[-0.2883];10426.39789),(52574.24021;[0.78];[-0.17];10111.69216;[0.7298];[-0.2202];10030.43659),(53069.76151;[0.84];[-0.11];9782.63781;[0.7831];[-0.1669];9719.91501),(53458.79126;[0.84];[-0.11];9105.77478;[0.8207];[-0.1293];9062.85584),(53764.28699;[0.86];[-0.09];8795.17374;[0.8357];[-0.1143];8758.28837),(53908.62083;[0.85];[-0.1];8645.92700;[0.8327];[-0.1173];8606.91898),(54078.85313;[0.85];[-0.1];8351.50576;[0.8283];[-0.1217];8312.14697),(54457.90362;[0.85];[-0.1];8341.97415;[0.8269];[-0.1231];8302.39839),(54569.28372;[0.85];[-0.1];8339.59252;[0.826];[-0.124];8300.18336),(54669.90185;[0.85];[-0.1];8336.72747;[0.8246];[-0.1254];8297.07779),(54734.24196;[0.85];[-0.1];8336.72747;[0.8246];[-0.1254];8297.07779),(54794.05546;[0.85];[-0.1];8336.72747;[0.8246];[-0.1254];8297.07779),(54852.09560;[0.85];[-0.1];8336.72747;[0.8246];[-0.1254];8297.07779),(55219.55252;[0.66];[-0.29];10384.12594;[0.6595];[-0.2905];10453.98269),(55664.93726;[0.79];[-0.16];10078.21883;[0.7357];[-0.2143];9992.79853),(56302.49810;[0.84];[-0.11];9726.07034;[0.7872];[-0.1628];9675.08038),(56642.02309;[0.87];[-0.08];9002.02889;[0.8316];[-0.1184];8962.70543),(56970.60037;[0.85];[-0.1];8336.72747;[0.8246];[-0.1254];8297.07779),(57833.20212;[0.66];[-0.29];10384.12594;[0.6595];[-0.2905];10453.98269),(58274.13750;[0.79];[-0.16];10078.21883;[0.7357];[-0.2143];9992.79853),(58739.12263;[0.84];[-0.11];9725.91631;[0.7872];[-0.1628];9674.94841),(59074.31316;[0.87];[-0.08];9002.02889;[0.8316];[-0.1184];8962.70543),(60127.26235;[0.66];[-0.29];10384.12594;[0.6595];[-0.2905];10453.98269),(60524.49679;[0.79];[-0.16];10078.46659;[0.7361];[-0.2139];9993.07388),(60961.97414;[0.84];[-0.11];9726.07034;[0.7872];[-0.1628];9675.08038),(61407.17268;[0.84];[-0.11];9107.04690;[0.8213];[-0.1287];9064.17805),(61740.29422;[0.86];[-0.09];8796.22135;[0.8365];[-0.1135];8759.20662),(61950.49596;[0.85];[-0.1];8654.40604;[0.8339];[-0.1161];8615.67904),(62160.18462;[0.85];[-0.1];8348.99735;[0.8276];[-0.1224];8309.61925),(62342.61608;[0.85];[-0.1];8336.72747;[0.8246];[-0.1254];8297.07779),(62505.34654;[0.85];[-0.1];8336.72747;[0.8246];[-0.1254];8297.07779),(62574.72849;[0.85];[-0.1];8336.72747;[0.8246];[-0.1254];8297.07779),(62977.34332;[0.7];[-0.25];10366.86205;[0.6724];[-0.2776];10424.43163),(63733.40726;[0.8];[-0.15];10039.55989;[0.7408];[-0.2092];9944.45936),(64278.50652;[0.84];[-0.11];9653.21743;[0.8027];[-0.1473];9602.98823),(64633.91089;[0.87];[-0.08];9003.77083;[0.832];[-0.118];8964.09623),(64992.20157;[0.85];[-0.1];8336.72747;[0.8246];[-0.1254];8297.07779),(65902.04167;[0.7];[-0.25];10366.16507;[0.6725];[-0.2775];10426.47046),(66489.86363;[0.8];[-0.15];10039.55989;[0.7408];[-0.2092];9944.45936),(66983.25562;[0.84];[-0.11];9653.21743;[0.8027];[-0.1473];9602.98823),(67315.78279;[0.87];[-0.08];9003.77083;[0.832];[-0.118];8964.09623),(68467.43798;[0.7];[-0.25];10366.16507;[0.6725];[-0.2775];10426.47046),(69025.30575;[0.8];[-0.15];10039.55989;[0.7408];[-0.2092];9944.45936),(69661.77654;[0.84];[-0.11];9730.65021;[0.7903];[-0.1597];9677.28508),(70270.71834;[0.84];[-0.11];9107.04690;[0.8213];[-0.1287];9064.17805),(70721.84801;[0.86];[-0.09];8796.22135;[0.8365];[-0.1135];8759.20662),(70914.86454;[0.85];[-0.1];8657.42391;[0.8343];[-0.1157];8619.01694),(71009.15051;[0.85];[-0.1];8336.72747;[0.8246];[-0.1254];8297.07779),(71936.84983;[0.71];[-0.24];10339.99531;[0.6723];[-0.2777];10319.39031),(72481.70185;[0.8];[-0.15];9999.41771;[0.7464];[-0.2036];9896.14609),(72830.61934;[0.84];[-0.11];9680.28658;[0.7974];[-0.1526];9629.07825),(73218.65439;[0.87];[-0.08];9004.75305;[0.8324];[-0.1176];8965.85467),(73878.90697;[0.85];[-0.1];8336.72747;[0.8246];[-0.1254];8297.07779),(74279.22988;[0.71];[-0.24];10339.99531;[0.6723];[-0.2777];10319.39031),(74944.14520;[0.8];[-0.15];9999.41771;[0.7464];[-0.2036];9896.14609),(75311.12337;[0.84];[-0.11];9680.28658;[0.7974];[-0.1526];9629.07825),(75781.03971;[0.87];[-0.08];9004.75305;[0.8324];[-0.1176];8965.85467),(75930.00197;[0.86];[-0.09];8787.63073;[0.8347];[-0.1153];8749.52404),(76013.41605;[0.85];[-0.1];8506.50371;[0.8315];[-0.1185];8466.56546),(76330.80673;[0.85];[-0.1];8501.69898;[0.8307];[-0.1193];8461.93268),(76462.13937;[0.85];[-0.1];8500.58076;[0.8315];[-0.1185];8461.20705),(76841.83717;[0.85];[-0.1];8492.51994;[0.8286];[-0.1214];8452.78935),(77352.88358;[0.73];[-0.22];10306.09482;[0.6832];[-0.2668];10276.89068),(78023.89932;[0.8];[-0.15];9964.41618;[0.7531];[-0.1969];9889.40584),(78429.27718;[0.84];[-0.11];9258.45713;[0.8176];[-0.1324];9212.85049),(78767.48538;[0.85];[-0.1];8492.51994;[0.8286];[-0.1214];8452.78935),(79220.19362;[0.85];[-0.1];8492.51994;[0.8286];[-0.1214];8452.78935),(79769.71102;[0.74];[-0.21];10283.15205;[0.6932];[-0.2568];10261.59254),(80225.65198;[0.8];[-0.15];9964.41618;[0.7531];[-0.1969];9889.40584),(80624.89128;[0.84];[-0.11];9258.45713;[0.8176];[-0.1324];9212.85049),(80950.69861;[0.85];[-0.1];8492.51994;[0.8286];[-0.1214];8452.78935),(81863.67965;[0.74];[-0.21];10283.49394;[0.692];[-0.258];10261.51064),(82389.29009;[0.8];[-0.15];9964.41618;[0.7531];[-0.1969];9889.40584),(82768.25333;[0.84];[-0.11];9258.45713;[0.8176];[-0.1324];9212.85049),(83518.30125;[0.86];[-0.09];8886.45712;[0.8306];[-0.1194];8847.40595),(83716.99452;[0.85];[-0.1];8667.17961;[0.8361];[-0.1139];8628.90235),(83780.90286;[0.85];[-0.1];8514.53516;[0.833];[-0.117];8474.95542),(84006.32787;[0.85];[-0.1];8503.54596;[0.831];[-0.119];8463.76083),(84306.10490;[0.85];[-0.1];8500.58076;[0.8315];[-0.1185];8461.20705),(84372.47372;[0.85];[-0.1];8500.58076;[0.8315];[-0.1185];8461.20705),(84436.14888;[0.85];[-0.1];8500.58076;[0.8315];[-0.1185];8461.20705),(85042.26232;[0.74];[-0.21];10259.79557;[0.6925];[-0.2575];10273.19087),(85626.34468;[0.8];[-0.15];9964.41618;[0.7531];[-0.1969];9889.40584),(85951.71452;[0.84];[-0.11];9619.73639;[0.8058];[-0.1442];9571.55928),(86320.45913;[0.87];[-0.08];8900.12091;[0.833];[-0.117];8861.87829),(86551.84507;[0.85];[-0.1];8668.67027;[0.8367];[-0.1133];8630.21663),(86635.62560;[0.85];[-0.1];8516.52207;[0.8338];[-0.1162];8476.94549),(86788.14292;[0.85];[-0.1];8506.50371;[0.8315];[-0.1185];8466.56546),(86939.83531;[0.85];[-0.1];8500.58076;[0.8315];[-0.1185];8461.20705),(87376.74522;[0.85];[-0.1];8500.58076;[0.8315];[-0.1185];8461.20705),(87825.14048;[0.75];[-0.2];10245.80085;[0.6988];[-0.2512];10250.97594),(88142.29941;[0.8];[-0.15];9938.28441;[0.7614];[-0.1886];9851.15945),(88543.26940;[0.84];[-0.11];9336.34021;[0.8125];[-0.1375];9285.14665),(88974.52736;[0.85];[-0.1];8500.58076;[0.8315];[-0.1185];8461.20705),(89677.52385;[0.85];[-0.1];8500.58076;[0.8315];[-0.1185];8461.20705),(90195.47701;[0.76];[-0.19];10227.27775;[0.7037];[-0.2463];10221.11024),(90503.03030;[0.82];[-0.13];9902.63533;[0.7674];[-0.1826];9812.77033),(90976.05252;[0.85];[-0.1];9178.97838;[0.8215];[-0.1285];9137.20266),(91317.97838;[0.85];[-0.1];8500.58076;[0.8315];[-0.1185];8461.20705),(92557.52873;[0.76];[-0.19];10227.27775;[0.7037];[-0.2463];10221.11024),(92900.09832;[0.82];[-0.13];9902.63533;[0.7674];[-0.1826];9812.77033),(93236.72128;[0.85];[-0.1];9178.97838;[0.8215];[-0.1285];9137.20266),(94283.16116;[0.86];[-0.09];8903.44524;[0.8336];[-0.1164];8864.23899),(94612.19120;[0.85];[-0.1];8668.96541;[0.8367];[-0.1133];8630.31767),(94701.24412;[0.85];[-0.1];8516.52207;[0.8338];[-0.1162];8476.94549),(94907.82738;[0.85];[-0.1];8503.54596;[0.831];[-0.119];8463.76083),(95035.82096;[0.85];[-0.1];8500.58076;[0.8315];[-0.1185];8461.20705),(95610.44884;[0.76];[-0.19];10214.94053;[0.7003];[-0.2497];10161.40065),(96030.81393;[0.82];[-0.13];9918.26286;[0.764];[-0.186];9827.99243),(96573.51780;[0.84];[-0.11];9396.51006;[0.8062];[-0.1438];9346.91461),(96926.96142;[0.86];[-0.09];8907.14442;[0.8347];[-0.1153];8868.66391),(97085.25372;[0.86];[-0.09];8781.64173;[0.8332];[-0.1168];8743.69637),(97184.93295;[0.85];[-0.1];8641.06080;[0.8311];[-0.1189];8601.95215),(97317.40618;[0.85];[-0.1];8514.53516;[0.833];[-0.117];8474.95542),(97422.97268;[0.85];[-0.1];8501.51042;[0.831];[-0.119];8461.99078),(97564.73899;[0.85];[-0.1];8500.58076;[0.8315];[-0.1185];8461.20705),(97681.68306;[0.85];[-0.1];8500.58076;[0.8315];[-0.1185];8461.20705),(98060.00137;[0.76];[-0.19];10205.48569;[0.7064];[-0.2436];10143.81296),(98392.34853;[0.83];[-0.12];9882.08941;[0.7702];[-0.1798];9794.15253),(98935.05526;[0.84];[-0.11];9198.18576;[0.8178];[-0.1322];9153.95282),(99245.76998;[0.85];[-0.1];8500.58076;[0.8315];[-0.1185];8461.20705),(99635.73050;[0.85];[-0.1];8500.58076;[0.8315];[-0.1185];8461.20705),(99929.91662;[0.76];[-0.19];10197.02903;[0.7094];[-0.2406];10131.93189),(100252.80881;[0.83];[-0.12];9881.78412;[0.7705];[-0.1795];9793.76140),(100861.25326;[0.84];[-0.11];9198.18576;[0.8178];[-0.1322];9153.95282),(101203.96352;[0.85];[-0.1];8500.58076;[0.8315];[-0.1185];8461.20705),(101864.42232;[0.76];[-0.19];10197.02903;[0.7094];[-0.2406];10131.93189),(102181.72407;[0.83];[-0.12];9882.08941;[0.7702];[-0.1798];9794.15253),(102575.59276;[0.84];[-0.11];9198.18576;[0.8178];[-0.1322];9153.95282),(103231.11129;[0.87];[-0.08];8909.57444;[0.8353];[-0.1147];8871.47169),(103435.33254;[0.86];[-0.09];8791.18994;[0.8348];[-0.1152];8753.86515),(103559.36933;[0.85];[-0.1];8660.13041;[0.835];[-0.115];8621.81705),(103806.17714;[0.85];[-0.1];8506.50371;[0.8315];[-0.1185];8466.56546),(104098.62566;[0.85];[-0.1];8500.58076;[0.8315];[-0.1185];8461.20705),(104257.69138;[0.85];[-0.1];8500.58076;[0.8315];[-0.1185];8461.20705),(104334.69558;[0.85];[-0.1];8500.58076;[0.8315];[-0.1185];8461.20705),(104847.08476;[0.76];[-0.19];10177.91485;[0.7164];[-0.2336];10107.28926),(105186.22828;[0.83];[-0.12];9881.78412;[0.7705];[-0.1795];9793.76140),(105555.34720;[0.84];[-0.11];9249.28876;[0.8139];[-0.1361];9199.13306),(105889.25290;[0.85];[-0.1];8500.58076;[0.8315];[-0.1185];8461.20705),(106312.29424;[0.85];[-0.1];8500.58076;[0.8315];[-0.1185];8461.20705),(106799.51024;[0.76];[-0.19];10177.91485;[0.7164];[-0.2336];10107.28926),(107129.34613;[0.83];[-0.12];9881.78412;[0.7705];[-0.1795];9793.76140),(107513.60154;[0.84];[-0.11];9249.28876;[0.8139];[-0.1361];9199.13306),(107866.68682;[0.85];[-0.1];8500.58076;[0.8315];[-0.1185];8461.20705),(108243.83640;[0.85];[-0.1];8500.58076;[0.8315];[-0.1185];8461.20705),(108847.69440;[0.77];[-0.18];10154.91537;[0.7223];[-0.2277];10077.05785),(109221.84563;[0.84];[-0.11];9811.52247;[0.7809];[-0.1691];9751.75772),(109590.30318;[0.84];[-0.11];9249.28876;[0.8139];[-0.1361];9199.13306),(109933.47907;[0.85];[-0.1];8500.58076;[0.8315];[-0.1185];8461.20705),(110981.03237;[0.77];[-0.18];10154.91537;[0.7223];[-0.2277];10077.05785),(111354.30169;[0.84];[-0.11];9811.52247;[0.7809];[-0.1691];9751.75772),(111713.88865;[0.84];[-0.11];9249.28876;[0.8139];[-0.1361];9199.13306),(112578.58896;[0.86];[-0.09];8910.21758;[0.8335];[-0.1165];8872.05869),(112886.72614;[0.86];[-0.09];8793.71220;[0.8352];[-0.1148];8756.76672),(113215.73043;[0.85];[-0.1];8663.04787;[0.8355];[-0.1145];8624.01834),(113388.34858;[0.85];[-0.1];8655.80289;[0.8344];[-0.1156];8616.91628),(113464.52308;[0.85];[-0.1];8651.96763;[0.8333];[-0.1167];8613.21746),(113587.11100;[0.85];[-0.1];8641.06080;[0.8311];[-0.1189];8601.95215),(114144.64474;[0.77];[-0.18];10138.98837;[0.7252];[-0.2248];10059.88260),(114553.40075;[0.84];[-0.11];9812.89451;[0.7809];[-0.1691];9753.00213),(114939.22830;[0.84];[-0.11];9253.39651;[0.8153];[-0.1347];9203.58819),(115577.29602;[0.87];[-0.08];8987.03556;[0.8293];[-0.1207];8946.95378),(115721.78197;[0.86];[-0.09];8886.06822;[0.8308];[-0.1192];8847.09843),(116065.63115;[0.85];[-0.1];8665.82262;[0.8362];[-0.1138];8627.98119),(116281.55255;[0.85];[-0.1];8641.06080;[0.8311];[-0.1189];8601.95215),(116600.17204;[0.85];[-0.1];8641.06080;[0.8311];[-0.1189];8601.95215),(116685.92644;[0.85];[-0.1];8641.06080;[0.8311];[-0.1189];8601.95215),(116990.72099;[0.78];[-0.17];10111.69216;[0.7298];[-0.2202];10030.43659),(117517.94767;[0.84];[-0.11];9785.08339;[0.7835];[-0.1665];9722.42854),(118093.51969;[0.86];[-0.09];9090.34436;[0.8276];[-0.1224];9047.28919),(118453.17292;[0.85];[-0.1];8641.06080;[0.8311];[-0.1189];8601.95215),(118851.14264;[0.85];[-0.1];8641.06080;[0.8311];[-0.1189];8601.95215),(119617.99598;[0.79];[-0.16];10080.25685;[0.7345];[-0.2155];9994.12478),(120262.89845;[0.84];[-0.11];9785.08339;[0.7835];[-0.1665];9722.42854),(120897.84551;[0.86];[-0.09];9090.34436;[0.8276];[-0.1224];9047.28919),(121485.45861;[0.85];[-0.1];8641.06080;[0.8311];[-0.1189];8601.95215),(122692.45434;[0.79];[-0.16];10080.25685;[0.7345];[-0.2155];9994.12478),(123187.53195;[0.84];[-0.11];9785.08339;[0.7835];[-0.1665];9722.42854),(123791.22663;[0.86];[-0.09];9090.34436;[0.8276];[-0.1224];9047.28919),(124527.35138;[0.85];[-0.1];8641.06080;[0.8311];[-0.1189];8601.95215),(125118.58225;[0.79];[-0.16];10080.25685;[0.7345];[-0.2155];9994.12478),(125675.99463;[0.84];[-0.11];9785.08339;[0.7835];[-0.1665];9722.42854),(126035.01844;[0.84];[-0.11];9256.87830;[0.8177];[-0.1323];9211.43344),(126379.47464;[0.87];[-0.08];8998.19026;[0.8311];[-0.1189];8958.21825),(126547.92404;[0.87];[-0.08];8900.12091;[0.833];[-0.117];8861.87829),(126701.44796;[0.86];[-0.09];8783.92191;[0.8338];[-0.1162];8746.12354),(126831.33936;[0.85];[-0.1];8654.40604;[0.8339];[-0.1161];8615.67904),(126976.75252;[0.85];[-0.1];8651.96763;[0.8333];[-0.1167];8613.21746),(127230.56030;[0.85];[-0.1];8641.06080;[0.8311];[-0.1189];8601.95215),(127884.17435;[0.8];[-0.15];10023.67283;[0.7436];[-0.2064];9923.14210),(128248.12555;[0.84];[-0.11];9742.74914;[0.7923];[-0.1577];9689.94536),(128594.32006;[0.85];[-0.1];9171.56911;[0.8206];[-0.1294];9129.17863),(129619.76171;[0.85];[-0.1];8641.06080;[0.8311];[-0.1189];8601.95215),(129985.00204;[0.8];[-0.15];10023.67283;[0.7436];[-0.2064];9923.14210),(130397.63641;[0.84];[-0.11];9742.89679;[0.7914];[-0.1586];9689.65757),(130736.46975;[0.85];[-0.1];9171.56911;[0.8206];[-0.1294];9129.17863),(130877.92873;[0.87];[-0.08];9003.77083;[0.832];[-0.118];8964.09623),(131135.10323;[0.86];[-0.09];8904.36880;[0.8335];[-0.1165];8866.18510),(131311.45382;[0.86];[-0.09];8786.34818;[0.8344];[-0.1156];8748.42733),(131442.76190;[0.85];[-0.1];8654.40604;[0.8339];[-0.1161];8615.67904),(131569.35358;[0.85];[-0.1];8651.96763;[0.8333];[-0.1167];8613.21746),(132343.69445;[0.8];[-0.15];9986.11694;[0.7462];[-0.2038];9914.60770),(132696.59376;[0.84];[-0.11];9635.36627;[0.8073];[-0.1427];9587.74993),(133551.96977;[0.87];[-0.08];9005.72182;[0.8328];[-0.1172];8966.68648),(133717.26418;[0.85];[-0.1];8773.36734;[0.8323];[-0.1177];8735.28988),(133989.81524;[0.85];[-0.1];8773.36734;[0.8323];[-0.1177];8735.28988),(134076.20549;[0.86];[-0.09];8772.19281;[0.8329];[-0.1171];8734.40981),(134713.04727;[0.62];[-0.33];10446.50406;[0.6278];[-0.3222];10610.99036),(135061.14078;[0.62];[-0.33];10446.50406;[0.6278];[-0.3222];10610.99036),(135425.02260;[0.62];[-0.33];10446.50406;[0.6278];[-0.3222];10610.99036),(135788.81145;[0.62];[-0.33];10446.50406;[0.6278];[-0.3222];10610.99036),(136174.74270;[0.62];[-0.33];10446.50406;[0.6278];[-0.3222];10610.99036),(136529.59299;[0.8];[-0.15];9908.25202;[0.7621];[-0.1879];9861.08357),(136798.97165;[0.84];[-0.11];9216.77797;[0.8131];[-0.1369];9172.39314),(137030.30872;[0.85];[-0.1];8531.41585;[0.8361];[-0.1139];8492.51328),(137231.96435;[0.85];[-0.1];8358.27713;[0.8296];[-0.1204];8319.48626),(137446.30432;[0.85];[-0.1];8161.52365;[0.8173];[-0.1327];8120.31617),(137574.77760;[0.85];[-0.1];7986.40831;[0.8064];[-0.1436];7945.76116),(137704.84281;[0.85];[-0.1];7970.26881;[0.8036];[-0.1464];7929.34373),(137980.01814;[0.84];[-0.11];7764.81278;[0.788];[-0.162];7726.77677),(138083.86016;[0.83];[-0.12];7750.86051;[0.7833];[-0.1667];7712.39158),(138174.36409;[0.83];[-0.12];7750.86051;[0.7833];[-0.1667];7712.39158),(138327.52371;[0.83];[-0.12];7750.86051;[0.7833];[-0.1667];7712.39158),(138794.36231;[0.62];[-0.33];10446.50406;[0.6278];[-0.3222];10610.99036),(139192.76166;[0.76];[-0.19];10237.31501;[0.7002];[-0.2498];10234.93110),(139753.54576;[0.83];[-0.12];9851.70825;[0.7739];[-0.1761];9804.36274),(140226.60780;[0.84];[-0.11];9101.45899;[0.8193];[-0.1307];9058.23470),(140564.82029;[0.83];[-0.12];7750.86051;[0.7833];[-0.1667];7712.39158),(140962.63576;[0.83];[-0.12];7750.86051;[0.7833];[-0.1667];7712.39158),(141742.28501;[0.63];[-0.32];10444.61945;[0.6352];[-0.3148];10618.76856),(142315.23180;[0.76];[-0.19];10215.95311;[0.7075];[-0.2425];10222.05796),(142694.87596;[0.84];[-0.11];9803.52399;[0.7814];[-0.1686];9765.72964),(143218.89925;[0.86];[-0.09];8932.90624;[0.8298];[-0.1202];8892.73859),(143792.02294;[0.83];[-0.12];7750.86051;[0.7833];[-0.1667];7712.39158),(144963.51862;[0.63];[-0.32];10444.61945;[0.6352];[-0.3148];10618.76856),(145477.73051;[0.76];[-0.19];10237.31501;[0.7002];[-0.2498];10234.93110),(146079.55503;[0.83];[-0.12];9851.70825;[0.7739];[-0.1761];9804.36274),(146647.49193;[0.84];[-0.11];9101.45899;[0.8193];[-0.1307];9058.23470),(147446.83075;[0.85];[-0.1];8672.11374;[0.8375];[-0.1125];8634.03331),(147560.24361;[0.85];[-0.1];8514.53516;[0.833];[-0.117];8474.95542),(147869.22693;[0.85];[-0.1];8181.94378;[0.8209];[-0.1291];8142.75803),(148005.74279;[0.85];[-0.1];7986.40831;[0.8064];[-0.1436];7945.76116),(148244.20428;[0.85];[-0.1];7980.08434;[0.8058];[-0.1442];7939.33955),(148367.46192;[0.85];[-0.1];7970.26881;[0.8036];[-0.1464];7929.34373),(148469.79213;[0.85];[-0.1];7968.74851;[0.8046];[-0.1454];7928.12420),(148732.10621;[0.85];[-0.1];7968.74851;[0.8046];[-0.1454];7928.12420),(149118.71433;[0.62];[-0.33];10437.92978;[0.6304];[-0.3196];10552.96950),(149681.05078;[0.76];[-0.19];10205.48569;[0.7064];[-0.2436];10143.81296),(150019.55366;[0.83];[-0.12];9845.29321;[0.7751];[-0.1749];9791.51913),(150584.53512;[0.84];[-0.11];9097.11541;[0.8188];[-0.1312];9053.70899),(150908.91671;[0.85];[-0.1];7968.74851;[0.8046];[-0.1454];7928.12420),(151430.60517;[0.85];[-0.1];7968.74851;[0.8046];[-0.1454];7928.12420),(151776.94798;[0.62];[-0.33];10437.92978;[0.6304];[-0.3196];10552.96950),(152324.69821;[0.76];[-0.19];10205.48569;[0.7064];[-0.2436];10143.81296),(152710.32524;[0.83];[-0.12];9845.30075;[0.775];[-0.175];9786.47989),(153141.79897;[0.84];[-0.11];9097.11541;[0.8188];[-0.1312];9053.70899),(153463.46307;[0.85];[-0.1];7968.74851;[0.8046];[-0.1454];7928.12420),(154457.26061;[0.62];[-0.33];10437.92978;[0.6304];[-0.3196];10552.96950),(155006.97684;[0.76];[-0.19];10205.48569;[0.7064];[-0.2436];10143.81296),(155379.09245;[0.83];[-0.12];9845.30075;[0.775];[-0.175];9786.47989),(155936.06400;[0.84];[-0.11];9097.23142;[0.8185];[-0.1315];9053.77816),(157027.57263;[0.85];[-0.1];8672.28740;[0.8357];[-0.1143];8634.11176),(157285.16459;[0.85];[-0.1];8516.53176;[0.8336];[-0.1164];8476.85950),(157493.98565;[0.85];[-0.1];8176.41106;[0.8187];[-0.1313];8137.29987),(157737.38623;[0.85];[-0.1];7983.84440;[0.806];[-0.144];7943.17573),(157915.32183;[0.85];[-0.1];7970.26881;[0.8036];[-0.1464];7929.34373),(158076.38192;[0.85];[-0.1];7968.74851;[0.8046];[-0.1454];7928.12420),(158737.40768;[0.62];[-0.33];10437.92978;[0.6304];[-0.3196];10552.96950),(159072.82352;[0.76];[-0.19];10182.80649;[0.7133];[-0.2367];10116.62260),(159665.89665;[0.84];[-0.11];9785.61756;[0.7851];[-0.1649];9740.76336),(159990.54313;[0.84];[-0.11];9097.23142;[0.8185];[-0.1315];9053.77816),(160808.34818;[0.85];[-0.1];8767.47981;[0.8319];[-0.1181];8729.38001),(160974.01500;[0.85];[-0.1];8523.35445;[0.8357];[-0.1143];8484.39175),(161125.48780;[0.85];[-0.1];8164.15346;[0.8176];[-0.1324];8125.32120),(161318.42422;[0.85];[-0.1];7970.26881;[0.8036];[-0.1464];7929.34373),(161553.79581;[0.85];[-0.1];7970.26881;[0.8036];[-0.1464];7929.34373),(161678.35188;[0.85];[-0.1];7968.74851;[0.8046];[-0.1454];7928.12420),(162174.66974;[0.63];[-0.32];10436.38345;[0.6434];[-0.3066];10556.37266),(162472.64004;[0.76];[-0.19];10177.91485;[0.7164];[-0.2336];10107.28926),(162921.13829;[0.84];[-0.11];9785.08339;[0.7835];[-0.1665];9722.42854),(163485.92544;[0.84];[-0.11];9104.17278;[0.8192];[-0.1308];9060.93653),(163856.44889;[0.85];[-0.1];7968.74851;[0.8046];[-0.1454];7928.12420),(164333.19306;[0.85];[-0.1];7968.74851;[0.8046];[-0.1454];7928.12420),(164874.01342;[0.63];[-0.32];10436.38345;[0.6434];[-0.3066];10556.37266),(165168.61081;[0.76];[-0.19];10177.91485;[0.7164];[-0.2336];10107.28926),(165576.01309;[0.84];[-0.11];9785.08339;[0.7835];[-0.1665];9722.42854),(166164.96587;[0.84];[-0.11];9104.17278;[0.8192];[-0.1308];9060.93653),(166499.91393;[0.85];[-0.1];7968.74851;[0.8046];[-0.1454];7928.12420),(166935.37021;[0.85];[-0.1];7968.74851;[0.8046];[-0.1454];7928.12420),(167571.20371;[0.63];[-0.32];10429.77494;[0.6433];[-0.3067];10540.85319),(168046.75198;[0.77];[-0.18];10154.91537;[0.7223];[-0.2277];10077.05785),(168447.08395;[0.84];[-0.11];9785.08339;[0.7835];[-0.1665];9722.42854),(169011.01875;[0.84];[-0.11];9104.17278;[0.8192];[-0.1308];9060.93653),(169389.95218;[0.85];[-0.1];7968.74851;[0.8046];[-0.1454];7928.12420),(169842.57698;[0.85];[-0.1];7968.74851;[0.8046];[-0.1454];7928.12420),(170404.94823;[0.63];[-0.32];10429.77494;[0.6433];[-0.3067];10540.85319),(170934.16238;[0.77];[-0.18];10154.91537;[0.7223];[-0.2277];10077.05785),(171361.17554;[0.84];[-0.11];9785.08339;[0.7835];[-0.1665];9722.42854),(172042.56344;[0.84];[-0.11];9103.84302;[0.8192];[-0.1308];9062.19120),(172375.85878;[0.85];[-0.1];7968.74851;[0.8046];[-0.1454];7928.12420),(173420.17078;[0.64];[-0.31];10420.44756;[0.6558];[-0.2942];10529.66027),(173904.70576;[0.77];[-0.18];10154.91537;[0.7223];[-0.2277];10077.05785),(174340.82699;[0.84];[-0.11];9785.08339;[0.7835];[-0.1665];9722.42854),(174894.17052;[0.84];[-0.11];9103.84302;[0.8192];[-0.1308];9062.19120),(175811.00106;[0.86];[-0.09];8788.62610;[0.8344];[-0.1156];8751.24898),(176003.41654;[0.85];[-0.1];8528.74940;[0.8365];[-0.1135];8490.04249),(176115.22770;[0.85];[-0.1];8351.50576;[0.8283];[-0.1217];8312.14697),(176280.61247;[0.85];[-0.1];8335.04001;[0.8252];[-0.1248];8295.72150),(176513.39722;[0.85];[-0.1];8151.41483;[0.8132];[-0.1368];8112.14082),(176600.22616;[0.85];[-0.1];8151.41483;[0.8132];[-0.1368];8112.14082),(177356.33516;[0.64];[-0.31];10405.27051;[0.6481];[-0.3019];10442.66929),(177957.40390;[0.78];[-0.17];10119.43246;[0.728];[-0.222];10042.42633),(178352.03815;[0.84];[-0.11];9720.65758;[0.7946];[-0.1554];9667.78651),(178699.46599;[0.87];[-0.08];8998.19026;[0.8311];[-0.1189];8958.21825),(179442.18969;[0.85];[-0.1];8151.41483;[0.8132];[-0.1368];8112.14082),(180072.17216;[0.64];[-0.31];10405.27051;[0.6481];[-0.3019];10442.66929),(180511.33513;[0.77];[-0.18];10147.13840;[0.722];[-0.228];10075.79899),(180843.35828;[0.84];[-0.11];9785.08339;[0.7835];[-0.1665];9722.42854),(181355.81088;[0.84];[-0.11];9105.77478;[0.8207];[-0.1293];9062.85584),(181720.58654;[0.86];[-0.09];8793.09109;[0.8352];[-0.1148];8755.40704),(182104.43377;[0.85];[-0.1];8528.74940;[0.8365];[-0.1135];8490.04249),(182275.94495;[0.85];[-0.1];8351.50576;[0.8283];[-0.1217];8312.14697),(182453.84860;[0.85];[-0.1];8336.72747;[0.8246];[-0.1254];8297.07779),(182608.47735;[0.85];[-0.1];8336.72747;[0.8246];[-0.1254];8297.07779),(182895.64419;[0.85];[-0.1];8335.04001;[0.8252];[-0.1248];8295.72150),(183713.24587;[0.69];[-0.26];10390.34721;[0.6617];[-0.2883];10426.39789),(184040.19904;[0.78];[-0.17];10111.69216;[0.7298];[-0.2202];10030.43659),(184436.15913;[0.84];[-0.11];9720.65758;[0.7946];[-0.1554];9667.78651),(185006.46400;[0.87];[-0.08];8999.38012;[0.8315];[-0.1185];8959.23617),(185889.01472;[0.85];[-0.1];8335.04001;[0.8252];[-0.1248];8295.72150),(186593.00828;[0.69];[-0.26];10390.34721;[0.6617];[-0.2883];10426.39789),(186907.71365;[0.78];[-0.17];10111.69216;[0.7298];[-0.2202];10030.43659),(187407.13191;[0.84];[-0.11];9782.63781;[0.7831];[-0.1669];9719.91501),(187823.22145;[0.84];[-0.11];9105.77478;[0.8207];[-0.1293];9062.85584),(188153.86701;[0.86];[-0.09];8795.17374;[0.8357];[-0.1143];8758.28837),(188287.37569;[0.85];[-0.1];8645.92700;[0.8327];[-0.1173];8606.91898),(188410.61306;[0.85];[-0.1];8351.50576;[0.8283];[-0.1217];8312.14697),(188699.37015;[0.85];[-0.1];8341.97415;[0.8269];[-0.1231];8302.39839),(188781.52919;[0.85];[-0.1];8339.59252;[0.826];[-0.124];8300.18336),(188895.11538;[0.85];[-0.1];8336.72747;[0.8246];[-0.1254];8297.07779),(188966.66789;[0.85];[-0.1];8336.72747;[0.8246];[-0.1254];8297.07779),(189062.08587;[0.85];[-0.1];8336.72747;[0.8246];[-0.1254];8297.07779),(189155.94029;[0.85];[-0.1];8336.72747;[0.8246];[-0.1254];8297.07779),(189631.17361;[0.66];[-0.29];10384.12594;[0.6595];[-0.2905];10453.98269),(190277.38595;[0.79];[-0.16];10078.21883;[0.7357];[-0.2143];9992.79853),(190979.48003;[0.84];[-0.11];9726.07034;[0.7872];[-0.1628];9675.08038),(191316.97702;[0.87];[-0.08];9002.02889;[0.8316];[-0.1184];8962.70543),(191643.86058;[0.85];[-0.1];8336.72747;[0.8246];[-0.1254];8297.07779),(192474.38073;[0.66];[-0.29];10384.12594;[0.6595];[-0.2905];10453.98269),(192904.37078;[0.79];[-0.16];10078.21883;[0.7357];[-0.2143];9992.79853),(193331.84481;[0.84];[-0.11];9725.91631;[0.7872];[-0.1628];9674.94841),(193660.40635;[0.87];[-0.08];9002.02889;[0.8316];[-0.1184];8962.70543),(194700.27423;[0.66];[-0.29];10384.12594;[0.6595];[-0.2905];10453.98269),(195123.57998;[0.79];[-0.16];10078.46659;[0.7361];[-0.2139];9993.07388),(195545.79377;[0.84];[-0.11];9726.07034;[0.7872];[-0.1628];9675.08038),(195936.13195;[0.84];[-0.11];9107.04690;[0.8213];[-0.1287];9064.17805),(196249.31836;[0.86];[-0.09];8796.22135;[0.8365];[-0.1135];8759.20662),(196448.30465;[0.85];[-0.1];8654.40604;[0.8339];[-0.1161];8615.67904),(196648.09155;[0.85];[-0.1];8348.99735;[0.8276];[-0.1224];8309.61925),(196815.09972;[0.85];[-0.1];8336.72747;[0.8246];[-0.1254];8297.07779),(197000.58722;[0.85];[-0.1];8336.72747;[0.8246];[-0.1254];8297.07779),(197073.15087;[0.85];[-0.1];8336.72747;[0.8246];[-0.1254];8297.07779),(197487.45728;[0.7];[-0.25];10366.86205;[0.6724];[-0.2776];10424.43163),(198167.75680;[0.8];[-0.15];10039.55989;[0.7408];[-0.2092];9944.45936),(198685.33516;[0.84];[-0.11];9653.21743;[0.8027];[-0.1473];9602.98823),(199018.03899;[0.87];[-0.08];9003.77083;[0.832];[-0.118];8964.09623),(199338.16814;[0.85];[-0.1];8336.72747;[0.8246];[-0.1254];8297.07779),(200287.28175;[0.7];[-0.25];10366.16507;[0.6725];[-0.2775];10426.47046),(200945.84703;[0.8];[-0.15];10039.55989;[0.7408];[-0.2092];9944.45936),(201430.40466;[0.84];[-0.11];9653.21743;[0.8027];[-0.1473];9602.98823),(201775.78115;[0.87];[-0.08];9003.77083;[0.832];[-0.118];8964.09623),(202937.46853;[0.7];[-0.25];10366.16507;[0.6725];[-0.2775];10426.47046),(203463.92608;[0.8];[-0.15];10039.55989;[0.7408];[-0.2092];9944.45936),(204102.66590;[0.84];[-0.11];9730.65021;[0.7903];[-0.1597];9677.28508),(204736.67789;[0.84];[-0.11];9107.04690;[0.8213];[-0.1287];9064.17805),(205187.51788;[0.86];[-0.09];8796.22135;[0.8365];[-0.1135];8759.20662),(205390.51509;[0.85];[-0.1];8657.42391;[0.8343];[-0.1157];8619.01694),(205484.32899;[0.85];[-0.1];8336.72747;[0.8246];[-0.1254];8297.07779),(206442.83438;[0.71];[-0.24];10339.99531;[0.6723];[-0.2777];10319.39031),(206967.08775;[0.8];[-0.15];9999.41771;[0.7464];[-0.2036];9896.14609),(207320.04499;[0.84];[-0.11];9680.28658;[0.7974];[-0.1526];9629.07825),(207710.30498;[0.87];[-0.08];9004.75305;[0.8324];[-0.1176];8965.85467),(208363.16276;[0.85];[-0.1];8336.72747;[0.8246];[-0.1254];8297.07779),(208792.61041;[0.71];[-0.24];10339.99531;[0.6723];[-0.2777];10319.39031),(209483.00290;[0.8];[-0.15];9999.41771;[0.7464];[-0.2036];9896.14609),(209835.85024;[0.84];[-0.11];9680.28658;[0.7974];[-0.1526];9629.07825),(210358.68979;[0.87];[-0.08];9004.75305;[0.8324];[-0.1176];8965.85467),(210500.55718;[0.86];[-0.09];8787.63073;[0.8347];[-0.1153];8749.52404),(210579.53954;[0.85];[-0.1];8506.50371;[0.8315];[-0.1185];8466.56546),(210899.11509;[0.85];[-0.1];8501.69898;[0.8307];[-0.1193];8461.93268),(211002.70844;[0.85];[-0.1];8500.58076;[0.8315];[-0.1185];8461.20705),(211332.69882;[0.85];[-0.1];8492.51994;[0.8286];[-0.1214];8452.78935),(211645.83707;[0.73];[-0.22];10306.09482;[0.6832];[-0.2668];10276.89068),(212115.27658;[0.8];[-0.15];9964.41618;[0.7531];[-0.1969];9889.40584),(212567.33751;[0.84];[-0.11];9258.45713;[0.8176];[-0.1324];9212.85049),(212911.33857;[0.85];[-0.1];8492.51994;[0.8286];[-0.1214];8452.78935),(213355.01552;[0.85];[-0.1];8492.51994;[0.8286];[-0.1214];8452.78935),(213879.26793;[0.74];[-0.21];10283.15205;[0.6932];[-0.2568];10261.59254),(214310.54258;[0.8];[-0.15];9964.41618;[0.7531];[-0.1969];9889.40584),(214719.89346;[0.84];[-0.11];9258.45713;[0.8176];[-0.1324];9212.85049),(215053.83372;[0.85];[-0.1];8492.51994;[0.8286];[-0.1214];8452.78935),(216021.57903;[0.74];[-0.21];10283.49394;[0.692];[-0.258];10261.51064),(216545.90464;[0.8];[-0.15];9964.41618;[0.7531];[-0.1969];9889.40584),(216914.53671;[0.84];[-0.11];9258.45713;[0.8176];[-0.1324];9212.85049),(217656.32153;[0.86];[-0.09];8886.45712;[0.8306];[-0.1194];8847.40595),(217870.41712;[0.85];[-0.1];8667.17961;[0.8361];[-0.1139];8628.90235),(217935.98080;[0.85];[-0.1];8514.53516;[0.833];[-0.117];8474.95542),(218158.29468;[0.85];[-0.1];8503.54596;[0.831];[-0.119];8463.76083),(218451.90096;[0.85];[-0.1];8500.58076;[0.8315];[-0.1185];8461.20705),(218512.79211;[0.85];[-0.1];8500.58076;[0.8315];[-0.1185];8461.20705),(218579.14829;[0.85];[-0.1];8500.58076;[0.8315];[-0.1185];8461.20705),(219153.46336;[0.74];[-0.21];10259.79557;[0.6925];[-0.2575];10273.19087),(219730.99518;[0.8];[-0.15];9964.41618;[0.7531];[-0.1969];9889.40584),(220042.95921;[0.84];[-0.11];9619.73639;[0.8058];[-0.1442];9571.55928),(220403.46122;[0.87];[-0.08];8900.12091;[0.833];[-0.117];8861.87829),(220636.11388;[0.85];[-0.1];8668.67027;[0.8367];[-0.1133];8630.21663),(220718.42384;[0.85];[-0.1];8516.52207;[0.8338];[-0.1162];8476.94549),(220865.00335;[0.85];[-0.1];8506.50371;[0.8315];[-0.1185];8466.56546),(221016.70337;[0.85];[-0.1];8500.58076;[0.8315];[-0.1185];8461.20705),(221572.70718;[0.85];[-0.1];8500.58076;[0.8315];[-0.1185];8461.20705),(222007.71952;[0.75];[-0.2];10245.80085;[0.6988];[-0.2512];10250.97594),(222321.86866;[0.8];[-0.15];9938.28441;[0.7614];[-0.1886];9851.15945),(222703.87959;[0.84];[-0.11];9336.34021;[0.8125];[-0.1375];9285.14665),(223137.51245;[0.85];[-0.1];8500.58076;[0.8315];[-0.1185];8461.20705),(223837.55898;[0.85];[-0.1];8500.58076;[0.8315];[-0.1185];8461.20705),(224380.10979;[0.76];[-0.19];10227.27775;[0.7037];[-0.2463];10221.11024),(224684.71622;[0.82];[-0.13];9902.63533;[0.7674];[-0.1826];9812.77033),(225105.79062;[0.85];[-0.1];9178.97838;[0.8215];[-0.1285];9137.20266),(225439.60357;[0.85];[-0.1];8500.58076;[0.8315];[-0.1185];8461.20705),(226663.90109;[0.76];[-0.19];10227.27775;[0.7037];[-0.2463];10221.11024),(227013.55219;[0.82];[-0.13];9902.63533;[0.7674];[-0.1826];9812.77033),(227335.57439;[0.85];[-0.1];9178.97838;[0.8215];[-0.1285];9137.20266),(228313.16090;[0.86];[-0.09];8903.44524;[0.8336];[-0.1164];8864.23899),(228640.30981;[0.85];[-0.1];8668.96541;[0.8367];[-0.1133];8630.31767),(228740.60845;[0.85];[-0.1];8516.52207;[0.8338];[-0.1162];8476.94549),(228951.32899;[0.85];[-0.1];8503.54596;[0.831];[-0.119];8463.76083),(229079.01287;[0.85];[-0.1];8500.58076;[0.8315];[-0.1185];8461.20705),(229638.51547;[0.76];[-0.19];10214.94053;[0.7003];[-0.2497];10161.40065),(230041.78381;[0.82];[-0.13];9918.26286;[0.764];[-0.186];9827.99243),(230634.10163;[0.84];[-0.11];9396.51006;[0.8062];[-0.1438];9346.91461),(230969.97261;[0.86];[-0.09];8907.14442;[0.8347];[-0.1153];8868.66391),(231126.95336;[0.86];[-0.09];8781.64173;[0.8332];[-0.1168];8743.69637),(231225.96788;[0.85];[-0.1];8641.06080;[0.8311];[-0.1189];8601.95215),(231364.90846;[0.85];[-0.1];8514.53516;[0.833];[-0.117];8474.95542),(231490.44013;[0.85];[-0.1];8501.51042;[0.831];[-0.119];8461.99078),(231666.15891;[0.85];[-0.1];8500.58076;[0.8315];[-0.1185];8461.20705),(231778.57971;[0.85];[-0.1];8500.58076;[0.8315];[-0.1185];8461.20705),(232147.93229;[0.76];[-0.19];10205.48569;[0.7064];[-0.2436];10143.81296),(232446.63191;[0.83];[-0.12];9882.08941;[0.7702];[-0.1798];9794.15253),(233016.00981;[0.84];[-0.11];9198.18576;[0.8178];[-0.1322];9153.95282),(233317.79623;[0.85];[-0.1];8500.58076;[0.8315];[-0.1185];8461.20705),(233690.20581;[0.85];[-0.1];8500.58076;[0.8315];[-0.1185];8461.20705),(234002.71463;[0.76];[-0.19];10197.02903;[0.7094];[-0.2406];10131.93189),(234318.30215;[0.83];[-0.12];9881.78412;[0.7705];[-0.1795];9793.76140),(234727.64850;[0.84];[-0.11];9198.18576;[0.8178];[-0.1322];9153.95282),(235050.41647;[0.85];[-0.1];8500.58076;[0.8315];[-0.1185];8461.20705),(235701.74956;[0.76];[-0.19];10197.02903;[0.7094];[-0.2406];10131.93189),(236034.47008;[0.83];[-0.12];9882.08941;[0.7702];[-0.1798];9794.15253),(236467.63611;[0.84];[-0.11];9198.18576;[0.8178];[-0.1322];9153.95282),(237325.07896;[0.87];[-0.08];8909.57444;[0.8353];[-0.1147];8871.47169),(237531.79264;[0.86];[-0.09];8791.18994;[0.8348];[-0.1152];8753.86515),(237647.65716;[0.85];[-0.1];8660.13041;[0.835];[-0.115];8621.81705),(237906.33059;[0.85];[-0.1];8506.50371;[0.8315];[-0.1185];8466.56546),(238205.00398;[0.85];[-0.1];8500.58076;[0.8315];[-0.1185];8461.20705),(238367.90347;[0.85];[-0.1];8500.58076;[0.8315];[-0.1185];8461.20705),(238448.73643;[0.85];[-0.1];8500.58076;[0.8315];[-0.1185];8461.20705),(238919.31438;[0.76];[-0.19];10177.91485;[0.7164];[-0.2336];10107.28926),(239253.50547;[0.83];[-0.12];9881.78412;[0.7705];[-0.1795];9793.76140),(239621.29545;[0.84];[-0.11];9249.28876;[0.8139];[-0.1361];9199.13306),(239984.10869;[0.85];[-0.1];8500.58076;[0.8315];[-0.1185];8461.20705),(240398.84806;[0.85];[-0.1];8500.58076;[0.8315];[-0.1185];8461.20705),(240913.13267;[0.76];[-0.19];10177.91485;[0.7164];[-0.2336];10107.28926),(241250.35286;[0.83];[-0.12];9881.78412;[0.7705];[-0.1795];9793.76140),(241610.85963;[0.84];[-0.11];9249.28876;[0.8139];[-0.1361];9199.13306),(241959.59926;[0.85];[-0.1];8500.58076;[0.8315];[-0.1185];8461.20705),(242325.60682;[0.85];[-0.1];8500.58076;[0.8315];[-0.1185];8461.20705),(242924.63851;[0.77];[-0.18];10154.91537;[0.7223];[-0.2277];10077.05785),(243313.49945;[0.84];[-0.11];9811.52247;[0.7809];[-0.1691];9751.75772),(243662.24527;[0.84];[-0.11];9249.28876;[0.8139];[-0.1361];9199.13306),(243998.37637;[0.85];[-0.1];8500.58076;[0.8315];[-0.1185];8461.20705),(244994.79294;[0.77];[-0.18];10154.91537;[0.7223];[-0.2277];10077.05785),(245390.87534;[0.84];[-0.11];9811.52247;[0.7809];[-0.1691];9751.75772),(245752.76589;[0.84];[-0.11];9249.28876;[0.8139];[-0.1361];9199.13306),(246629.81653;[0.86];[-0.09];8910.21758;[0.8335];[-0.1165];8872.05869),(246916.48412;[0.86];[-0.09];8793.71220;[0.8352];[-0.1148];8756.76672),(247257.66349;[0.85];[-0.1];8663.04787;[0.8355];[-0.1145];8624.01834),(247424.44682;[0.85];[-0.1];8655.80289;[0.8344];[-0.1156];8616.91628),(247499.52817;[0.85];[-0.1];8651.96763;[0.8333];[-0.1167];8613.21746),(247627.36106;[0.85];[-0.1];8641.06080;[0.8311];[-0.1189];8601.95215),(248172.65534;[0.77];[-0.18];10138.98837;[0.7252];[-0.2248];10059.88260),(248554.39138;[0.84];[-0.11];9812.89451;[0.7809];[-0.1691];9753.00213),(248931.32138;[0.84];[-0.11];9253.39651;[0.8153];[-0.1347];9203.58819),(249574.09859;[0.87];[-0.08];8987.03556;[0.8293];[-0.1207];8946.95378),(249709.60498;[0.86];[-0.09];8886.06822;[0.8308];[-0.1192];8847.09843),(250109.13897;[0.85];[-0.1];8665.82262;[0.8362];[-0.1138];8627.98119),(250323.83490;[0.85];[-0.1];8641.06080;[0.8311];[-0.1189];8601.95215),(250647.45402;[0.85];[-0.1];8641.06080;[0.8311];[-0.1189];8601.95215),(250750.02980;[0.85];[-0.1];8641.06080;[0.8311];[-0.1189];8601.95215),(251277.75455;[0.78];[-0.17];10111.69216;[0.7298];[-0.2202];10030.43659),(252041.44406;[0.84];[-0.11];9785.08339;[0.7835];[-0.1665];9722.42854),(252585.75368;[0.86];[-0.09];9090.34436;[0.8276];[-0.1224];9047.28919),(252931.06461;[0.85];[-0.1];8641.06080;[0.8311];[-0.1189];8601.95215),(253332.10921;[0.85];[-0.1];8641.06080;[0.8311];[-0.1189];8601.95215),(253889.00614;[0.79];[-0.16];10080.25685;[0.7345];[-0.2155];9994.12478),(254438.26699;[0.84];[-0.11];9785.08339;[0.7835];[-0.1665];9722.42854),(254983.01053;[0.86];[-0.09];9090.34436;[0.8276];[-0.1224];9047.28919),(255445.50133;[0.85];[-0.1];8641.06080;[0.8311];[-0.1189];8601.95215),(256402.86040;[0.79];[-0.16];10080.25685;[0.7345];[-0.2155];9994.12478),(256931.46110;[0.84];[-0.11];9785.08339;[0.7835];[-0.1665];9722.42854),(257535.93135;[0.86];[-0.09];9090.34436;[0.8276];[-0.1224];9047.28919),(258268.86320;[0.85];[-0.1];8641.06080;[0.8311];[-0.1189];8601.95215),(258881.35147;[0.79];[-0.16];10080.25685;[0.7345];[-0.2155];9994.12478),(259451.75862;[0.84];[-0.11];9785.08339;[0.7835];[-0.1665];9722.42854),(259791.56113;[0.84];[-0.11];9256.87830;[0.8177];[-0.1323];9211.43344),(260137.04801;[0.87];[-0.08];8998.19026;[0.8311];[-0.1189];8958.21825),(260285.08663;[0.87];[-0.08];8900.12091;[0.833];[-0.117];8861.87829),(260462.51607;[0.86];[-0.09];8783.92191;[0.8338];[-0.1162];8746.12354),(260593.79196;[0.85];[-0.1];8654.40604;[0.8339];[-0.1161];8615.67904),(260732.06830;[0.85];[-0.1];8651.96763;[0.8333];[-0.1167];8613.21746),(260990.64326;[0.85];[-0.1];8641.06080;[0.8311];[-0.1189];8601.95215),(261658.52261;[0.8];[-0.15];10023.67283;[0.7436];[-0.2064];9923.14210),(262038.73587;[0.84];[-0.11];9742.74914;[0.7923];[-0.1577];9689.94536),(262402.86326;[0.85];[-0.1];9171.56911;[0.8206];[-0.1294];9129.17863),(263407.14788;[0.85];[-0.1];8641.06080;[0.8311];[-0.1189];8601.95215),(263760.91576;[0.8];[-0.15];10023.67283;[0.7436];[-0.2064];9923.14210),(264173.62905;[0.84];[-0.11];9742.89679;[0.7914];[-0.1586];9689.65757),(264503.34573;[0.85];[-0.1];9171.56911;[0.8206];[-0.1294];9129.17863),(264655.39956;[0.87];[-0.08];9003.77083;[0.832];[-0.118];8964.09623),(264927.65832;[0.86];[-0.09];8904.36880;[0.8335];[-0.1165];8866.18510),(265095.17550;[0.86];[-0.09];8786.34818;[0.8344];[-0.1156];8748.42733),(265227.18620;[0.85];[-0.1];8654.40604;[0.8339];[-0.1161];8615.67904),(265360.90612;[0.85];[-0.1];8651.96763;[0.8333];[-0.1167];8613.21746),(266153.55206;[0.8];[-0.15];9986.11694;[0.7462];[-0.2038];9914.60770),(266533.76341;[0.84];[-0.11];9635.36627;[0.8073];[-0.1427];9587.74993),(267391.22868;[0.87];[-0.08];9005.72182;[0.8328];[-0.1172];8966.68648),(267568.40181;[0.85];[-0.1];8773.36734;[0.8323];[-0.1177];8735.28988),(267841.24446;[0.85];[-0.1];8773.36734;[0.8323];[-0.1177];8735.28988),(267930.21131;[0.86];[-0.09];8772.19281;[0.8329];[-0.1171];8734.40981),(268601.56488;[0.62];[-0.33];10446.50406;[0.6278];[-0.3222];10610.99036),(268957.32975;[0.62];[-0.33];10446.50406;[0.6278];[-0.3222];10610.99036),(269345.47520;[0.62];[-0.33];10446.50406;[0.6278];[-0.3222];10610.99036),(269714.36381;[0.62];[-0.33];10446.50406;[0.6278];[-0.3222];10610.99036),(270090.91330;[0.62];[-0.33];10446.50406;[0.6278];[-0.3222];10610.99036),(270412.08601;[0.8];[-0.15];9908.25202;[0.7621];[-0.1879];9861.08357),(270726.07970;[0.84];[-0.11];9216.77797;[0.8131];[-0.1369];9172.39314),(270972.10622;[0.85];[-0.1];8531.41585;[0.8361];[-0.1139];8492.51328),(271173.24233;[0.85];[-0.1];8358.27713;[0.8296];[-0.1204];8319.48626),(271404.68717;[0.85];[-0.1];8161.52365;[0.8173];[-0.1327];8120.31617),(271529.62852;[0.85];[-0.1];7986.40831;[0.8064];[-0.1436];7945.76116),(271662.36329;[0.85];[-0.1];7970.26881;[0.8036];[-0.1464];7929.34373),(271948.09818;[0.84];[-0.11];7764.81278;[0.788];[-0.162];7726.77677),(272046.70644;[0.83];[-0.12];7750.86051;[0.7833];[-0.1667];7712.39158),(272137.15196;[0.83];[-0.12];7750.86051;[0.7833];[-0.1667];7712.39158),(272308.36678;[0.83];[-0.12];7750.86051;[0.7833];[-0.1667];7712.39158),(272788.90014;[0.62];[-0.33];10446.50406;[0.6278];[-0.3222];10610.99036),(273208.06813;[0.76];[-0.19];10237.31501;[0.7002];[-0.2498];10234.93110),(273693.22419;[0.83];[-0.12];9851.70825;[0.7739];[-0.1761];9804.36274),(274237.00333;[0.84];[-0.11];9101.45899;[0.8193];[-0.1307];9058.23470),(274567.91878;[0.83];[-0.12];7750.86051;[0.7833];[-0.1667];7712.39158),(275003.19028;[0.83];[-0.12];7750.86051;[0.7833];[-0.1667];7712.39158),(275692.01374;[0.63];[-0.32];10444.61945;[0.6352];[-0.3148];10618.76856),(276226.22681;[0.76];[-0.19];10215.95311;[0.7075];[-0.2425];10222.05796),(276616.15849;[0.84];[-0.11];9803.52399;[0.7814];[-0.1686];9765.72964),(277122.68019;[0.86];[-0.09];8932.90624;[0.8298];[-0.1202];8892.73859),(277710.44540;[0.83];[-0.12];7750.86051;[0.7833];[-0.1667];7712.39158),(278772.92109;[0.63];[-0.32];10444.61945;[0.6352];[-0.3148];10618.76856),(279290.14039;[0.76];[-0.19];10237.31501;[0.7002];[-0.2498];10234.93110),(279858.67047;[0.83];[-0.12];9851.70825;[0.7739];[-0.1761];9804.36274),(280398.46873;[0.84];[-0.11];9101.45899;[0.8193];[-0.1307];9058.23470),(281212.50772;[0.85];[-0.1];8672.11374;[0.8375];[-0.1125];8634.03331),(281325.61374;[0.85];[-0.1];8514.53516;[0.833];[-0.117];8474.95542),(281603.23715;[0.85];[-0.1];8181.94378;[0.8209];[-0.1291];8142.75803),(281757.93004;[0.85];[-0.1];7986.40831;[0.8064];[-0.1436];7945.76116),(281989.20441;[0.85];[-0.1];7980.08434;[0.8058];[-0.1442];7939.33955),(282101.65215;[0.85];[-0.1];7970.26881;[0.8036];[-0.1464];7929.34373),(282205.05071;[0.85];[-0.1];7968.74851;[0.8046];[-0.1454];7928.12420),(282472.53847;[0.85];[-0.1];7968.74851;[0.8046];[-0.1454];7928.12420),(282842.98038;[0.62];[-0.33];10437.92978;[0.6304];[-0.3196];10552.96950),(283375.02408;[0.76];[-0.19];10205.48569;[0.7064];[-0.2436];10143.81296),(283711.47561;[0.83];[-0.12];9845.29321;[0.7751];[-0.1749];9791.51913),(284492.61856;[0.84];[-0.11];9097.11541;[0.8188];[-0.1312];9053.70899),(284851.92728;[0.85];[-0.1];7968.74851;[0.8046];[-0.1454];7928.12420),(285563.52901;[0.85];[-0.1];7968.74851;[0.8046];[-0.1454];7928.12420),(286061.52797;[0.62];[-0.33];10437.92978;[0.6304];[-0.3196];10552.96950),(286680.39107;[0.76];[-0.19];10205.48569;[0.7064];[-0.2436];10143.81296),(287061.23638;[0.83];[-0.12];9845.30075;[0.775];[-0.175];9786.47989),(287510.74624;[0.84];[-0.11];9097.11541;[0.8188];[-0.1312];9053.70899),(287856.00376;[0.85];[-0.1];7968.74851;[0.8046];[-0.1454];7928.12420),(288879.06504;[0.62];[-0.33];10437.92978;[0.6304];[-0.3196];10552.96950),(289457.68881;[0.76];[-0.19];10205.48569;[0.7064];[-0.2436];10143.81296),(289813.58290;[0.83];[-0.12];9845.30075;[0.775];[-0.175];9786.47989),(290410.88271;[0.84];[-0.11];9097.23142;[0.8185];[-0.1315];9053.77816),(291579.58627;[0.85];[-0.1];8672.28740;[0.8357];[-0.1143];8634.11176),(291873.34609;[0.85];[-0.1];8516.53176;[0.8336];[-0.1164];8476.85950),(292058.46810;[0.85];[-0.1];8176.41106;[0.8187];[-0.1313];8137.29987),(292286.48615;[0.85];[-0.1];7983.84440;[0.806];[-0.144];7943.17573),(292452.36516;[0.85];[-0.1];7970.26881;[0.8036];[-0.1464];7929.34373),(292601.49050;[0.85];[-0.1];7968.74851;[0.8046];[-0.1454];7928.12420),(293285.75993;[0.62];[-0.33];10437.92978;[0.6304];[-0.3196];10552.96950),(293614.53533;[0.76];[-0.19];10182.80649;[0.7133];[-0.2367];10116.62260),(294134.54771;[0.84];[-0.11];9785.61756;[0.7851];[-0.1649];9740.76336),(294470.96634;[0.84];[-0.11];9097.23142;[0.8185];[-0.1315];9053.77816),(295268.19348;[0.85];[-0.1];8767.47981;[0.8319];[-0.1181];8729.38001),(295434.64541;[0.85];[-0.1];8523.35445;[0.8357];[-0.1143];8484.39175),(295585.17957;[0.85];[-0.1];8164.15346;[0.8176];[-0.1324];8125.32120),(295776.34811;[0.85];[-0.1];7970.26881;[0.8036];[-0.1464];7929.34373),(296012.88986;[0.85];[-0.1];7970.26881;[0.8036];[-0.1464];7929.34373),(296146.34204;[0.85];[-0.1];7968.74851;[0.8046];[-0.1454];7928.12420),(296647.54915;[0.63];[-0.32];10436.38345;[0.6434];[-0.3066];10556.37266),(296940.61184;[0.76];[-0.19];10177.91485;[0.7164];[-0.2336];10107.28926),(297337.92806;[0.84];[-0.11];9785.08339;[0.7835];[-0.1665];9722.42854),(297883.68464;[0.84];[-0.11];9104.17278;[0.8192];[-0.1308];9060.93653),(298240.78536;[0.85];[-0.1];7968.74851;[0.8046];[-0.1454];7928.12420),(298674.89791;[0.85];[-0.1];7968.74851;[0.8046];[-0.1454];7928.12420),(299156.55088;[0.63];[-0.32];10436.38345;[0.6434];[-0.3066];10556.37266),(299484.28488;[0.76];[-0.19];10177.91485;[0.7164];[-0.2336];10107.28926),(299886.04474;[0.84];[-0.11];9785.08339;[0.7835];[-0.1665];9722.42854),(300455.20592;[0.84];[-0.11];9104.17278;[0.8192];[-0.1308];9060.93653),(300778.96094;[0.85];[-0.1];7968.74851;[0.8046];[-0.1454];7928.12420),(301247.43629;[0.85];[-0.1];7968.74851;[0.8046];[-0.1454];7928.12420),(301900.33436;[0.63];[-0.32];10429.77494;[0.6433];[-0.3067];10540.85319),(302390.87391;[0.77];[-0.18];10154.91537;[0.7223];[-0.2277];10077.05785),(302811.84196;[0.84];[-0.11];9785.08339;[0.7835];[-0.1665];9722.42854),(303402.02403;[0.84];[-0.11];9104.17278;[0.8192];[-0.1308];9060.93653),(303726.91131;[0.85];[-0.1];7968.74851;[0.8046];[-0.1454];7928.12420),(304161.26156;[0.85];[-0.1];7968.74851;[0.8046];[-0.1454];7928.12420),(304709.20300;[0.63];[-0.32];10429.77494;[0.6433];[-0.3067];10540.85319),(305179.96597;[0.77];[-0.18];10154.91537;[0.7223];[-0.2277];10077.05785),(305619.98963;[0.84];[-0.11];9785.08339;[0.7835];[-0.1665];9722.42854),(306269.44470;[0.84];[-0.11];9103.84302;[0.8192];[-0.1308];9062.19120),(306591.62831;[0.85];[-0.1];7968.74851;[0.8046];[-0.1454];7928.12420),(307658.55765;[0.64];[-0.31];10420.44756;[0.6558];[-0.2942];10529.66027),(308130.98788;[0.77];[-0.18];10154.91537;[0.7223];[-0.2277];10077.05785),(308573.63868;[0.84];[-0.11];9785.08339;[0.7835];[-0.1665];9722.42854),(309088.67979;[0.84];[-0.11];9103.84302;[0.8192];[-0.1308];9062.19120),(309984.11226;[0.86];[-0.09];8788.62610;[0.8344];[-0.1156];8751.24898),(310189.55827;[0.85];[-0.1];8528.74940;[0.8365];[-0.1135];8490.04249),(310297.59598;[0.85];[-0.1];8351.50576;[0.8283];[-0.1217];8312.14697),(310461.81417;[0.85];[-0.1];8335.04001;[0.8252];[-0.1248];8295.72150),(310677.54698;[0.85];[-0.1];8151.41483;[0.8132];[-0.1368];8112.14082),(310762.29525;[0.85];[-0.1];8151.41483;[0.8132];[-0.1368];8112.14082),(311517.25721;[0.64];[-0.31];10405.27051;[0.6481];[-0.3019];10442.66929),(312064.12148;[0.78];[-0.17];10119.43246;[0.728];[-0.222];10042.42633),(312463.29856;[0.84];[-0.11];9720.65758;[0.7946];[-0.1554];9667.78651),(312825.78397;[0.87];[-0.08];8998.19026;[0.8311];[-0.1189];8958.21825),(313595.66593;[0.85];[-0.1];8151.41483;[0.8132];[-0.1368];8112.14082),(314252.71749;[0.64];[-0.31];10405.27051;[0.6481];[-0.3019];10442.66929),(314705.42932;[0.77];[-0.18];10147.13840;[0.722];[-0.228];10075.79899),(315023.62084;[0.84];[-0.11];9785.08339;[0.7835];[-0.1665];9722.42854),(315540.97295;[0.84];[-0.11];9105.77478;[0.8207];[-0.1293];9062.85584),(315906.46958;[0.86];[-0.09];8793.09109;[0.8352];[-0.1148];8755.40704),(316242.48838;[0.85];[-0.1];8528.74940;[0.8365];[-0.1135];8490.04249),(316411.25846;[0.85];[-0.1];8351.50576;[0.8283];[-0.1217];8312.14697),(316592.11493;[0.85];[-0.1];8336.72747;[0.8246];[-0.1254];8297.07779),(316748.55399;[0.85];[-0.1];8336.72747;[0.8246];[-0.1254];8297.07779),(317051.31888;[0.85];[-0.1];8335.04001;[0.8252];[-0.1248];8295.72150),(317975.55327;[0.69];[-0.26];10390.34721;[0.6617];[-0.2883];10426.39789),(318287.36305;[0.78];[-0.17];10111.69216;[0.7298];[-0.2202];10030.43659),(318690.95898;[0.84];[-0.11];9720.65758;[0.7946];[-0.1554];9667.78651),(319241.52279;[0.87];[-0.08];8999.38012;[0.8315];[-0.1185];8959.23617),(320112.14209;[0.85];[-0.1];8335.04001;[0.8252];[-0.1248];8295.72150),(320794.31033;[0.69];[-0.26];10390.34721;[0.6617];[-0.2883];10426.39789),(321136.67870;[0.78];[-0.17];10111.69216;[0.7298];[-0.2202];10030.43659),(321653.53465;[0.84];[-0.11];9782.63781;[0.7831];[-0.1669];9719.91501),(322037.86278;[0.84];[-0.11];9105.77478;[0.8207];[-0.1293];9062.85584),(322339.69831;[0.86];[-0.09];8795.17374;[0.8357];[-0.1143];8758.28837),(322479.91824;[0.85];[-0.1];8645.92700;[0.8327];[-0.1173];8606.91898),(322594.27428;[0.85];[-0.1];8351.50576;[0.8283];[-0.1217];8312.14697),(322963.84597;[0.85];[-0.1];8341.97415;[0.8269];[-0.1231];8302.39839),(323081.87175;[0.85];[-0.1];8339.59252;[0.826];[-0.124];8300.18336),(323195.70398;[0.85];[-0.1];8336.72747;[0.8246];[-0.1254];8297.07779),(323264.53924;[0.85];[-0.1];8336.72747;[0.8246];[-0.1254];8297.07779),(323327.97217;[0.85];[-0.1];8336.72747;[0.8246];[-0.1254];8297.07779),(323389.90402;[0.85];[-0.1];8336.72747;[0.8246];[-0.1254];8297.07779),(323693.29476;[0.66];[-0.29];10384.12594;[0.6595];[-0.2905];10453.98269),(324136.18541;[0.79];[-0.16];10078.21883;[0.7357];[-0.2143];9992.79853),(324801.07069;[0.84];[-0.11];9726.07034;[0.7872];[-0.1628];9675.08038),(325132.93862;[0.87];[-0.08];9002.02889;[0.8316];[-0.1184];8962.70543),(325441.46824;[0.85];[-0.1];8336.72747;[0.8246];[-0.1254];8297.07779),(326248.05951;[0.66];[-0.29];10384.12594;[0.6595];[-0.2905];10453.98269),(326671.97871;[0.79];[-0.16];10078.21883;[0.7357];[-0.2143];9992.79853),(327103.21617;[0.84];[-0.11];9725.91631;[0.7872];[-0.1628];9674.94841),(327454.49162;[0.87];[-0.08];9002.02889;[0.8316];[-0.1184];8962.70543),(328505.25188;[0.66];[-0.29];10384.12594;[0.6595];[-0.2905];10453.98269),(328894.87052;[0.79];[-0.16];10078.46659;[0.7361];[-0.2139];9993.07388),(329318.16697;[0.84];[-0.11];9726.07034;[0.7872];[-0.1628];9675.08038),(329701.98369;[0.84];[-0.11];9107.04690;[0.8213];[-0.1287];9064.17805),(330042.05179;[0.86];[-0.09];8796.22135;[0.8365];[-0.1135];8759.20662),(330234.00521;[0.85];[-0.1];8654.40604;[0.8339];[-0.1161];8615.67904),(330418.24245;[0.85];[-0.1];8348.99735;[0.8276];[-0.1224];8309.61925),(330608.13546;[0.85];[-0.1];8336.72747;[0.8246];[-0.1254];8297.07779),(330784.13177;[0.85];[-0.1];8336.72747;[0.8246];[-0.1254];8297.07779),(330855.26252;[0.85];[-0.1];8336.72747;[0.8246];[-0.1254];8297.07779),(331254.47536;[0.7];[-0.25];10366.86205;[0.6724];[-0.2776];10424.43163),(331896.37661;[0.8];[-0.15];10039.55989;[0.7408];[-0.2092];9944.45936),(332364.01367;[0.84];[-0.11];9653.21743;[0.8027];[-0.1473];9602.98823),(332687.03794;[0.87];[-0.08];9003.77083;[0.832];[-0.118];8964.09623),(333003.93963;[0.85];[-0.1];8336.72747;[0.8246];[-0.1254];8297.07779),(333952.39210;[0.7];[-0.25];10366.16507;[0.6725];[-0.2775];10426.47046),(334533.59151;[0.8];[-0.15];10039.55989;[0.7408];[-0.2092];9944.45936),(335045.98904;[0.84];[-0.11];9653.21743;[0.8027];[-0.1473];9602.98823),(335364.49313;[0.87];[-0.08];9003.77083;[0.832];[-0.118];8964.09623),(336509.30476;[0.7];[-0.25];10366.16507;[0.6725];[-0.2775];10426.47046),(337060.25696;[0.8];[-0.15];10039.55989;[0.7408];[-0.2092];9944.45936),(337742.17010;[0.84];[-0.11];9730.65021;[0.7903];[-0.1597];9677.28508),(338361.67145;[0.84];[-0.11];9107.04690;[0.8213];[-0.1287];9064.17805),(338807.49083;[0.86];[-0.09];8796.22135;[0.8365];[-0.1135];8759.20662),(339025.67935;[0.85];[-0.1];8657.42391;[0.8343];[-0.1157];8619.01694),(339119.47608;[0.85];[-0.1];8336.72747;[0.8246];[-0.1254];8297.07779),(340078.13931;[0.71];[-0.24];10339.99531;[0.6723];[-0.2777];10319.39031),(340621.67215;[0.8];[-0.15];9999.41771;[0.7464];[-0.2036];9896.14609),(340969.34915;[0.84];[-0.11];9680.28658;[0.7974];[-0.1526];9629.07825),(341386.69562;[0.87];[-0.08];9004.75305;[0.8324];[-0.1176];8965.85467),(342031.87180;[0.85];[-0.1];8336.72747;[0.8246];[-0.1254];8297.07779),(342458.51946;[0.71];[-0.24];10339.99531;[0.6723];[-0.2777];10319.39031),(343186.18941;[0.8];[-0.15];9999.41771;[0.7464];[-0.2036];9896.14609),(343549.42703;[0.84];[-0.11];9680.28658;[0.7974];[-0.1526];9629.07825),(344040.79199;[0.87];[-0.08];9004.75305;[0.8324];[-0.1176];8965.85467),(344187.85381;[0.86];[-0.09];8787.63073;[0.8347];[-0.1153];8749.52404),(344277.69160;[0.85];[-0.1];8506.50371;[0.8315];[-0.1185];8466.56546),(344633.47077;[0.85];[-0.1];8501.69898;[0.8307];[-0.1193];8461.93268),(344740.75747;[0.85];[-0.1];8500.58076;[0.8315];[-0.1185];8461.20705),(345030.61271;[0.85];[-0.1];8492.51994;[0.8286];[-0.1214];8452.78935),(345363.97123;[0.73];[-0.22];10306.09482;[0.6832];[-0.2668];10276.89068),(345811.18083;[0.8];[-0.15];9964.41618;[0.7531];[-0.1969];9889.40584),(346238.09838;[0.84];[-0.11];9258.45713;[0.8176];[-0.1324];9212.85049),(346582.45015;[0.85];[-0.1];8492.51994;[0.8286];[-0.1214];8452.78935),(347052.18220;[0.85];[-0.1];8492.51994;[0.8286];[-0.1214];8452.78935),(347578.04704;[0.74];[-0.21];10283.15205;[0.6932];[-0.2568];10261.59254),(348051.36228;[0.8];[-0.15];9964.41618;[0.7531];[-0.1969];9889.40584),(348505.76305;[0.84];[-0.11];9258.45713;[0.8176];[-0.1324];9212.85049),(348836.95436;[0.85];[-0.1];8492.51994;[0.8286];[-0.1214];8452.78935),(349767.61818;[0.74];[-0.21];10283.49394;[0.692];[-0.258];10261.51064),(350316.29896;[0.8];[-0.15];9964.41618;[0.7531];[-0.1969];9889.40584),(350713.23156;[0.84];[-0.11];9258.45713;[0.8176];[-0.1324];9212.85049),(351745.15724;[0.86];[-0.09];8886.45712;[0.8306];[-0.1194];8847.40595),(351956.47049;[0.85];[-0.1];8667.17961;[0.8361];[-0.1139];8628.90235),(352034.12700;[0.85];[-0.1];8514.53516;[0.833];[-0.117];8474.95542),(352343.99056;[0.85];[-0.1];8503.54596;[0.831];[-0.119];8463.76083),(352696.09857;[0.85];[-0.1];8500.58076;[0.8315];[-0.1185];8461.20705),(352764.59050;[0.85];[-0.1];8500.58076;[0.8315];[-0.1185];8461.20705),(352823.10295;[0.85];[-0.1];8500.58076;[0.8315];[-0.1185];8461.20705),(353694.75508;[0.74];[-0.21];10259.79557;[0.6925];[-0.2575];10273.19087),(354301.10359;[0.8];[-0.15];9964.41618;[0.7531];[-0.1969];9889.40584),(354638.92436;[0.84];[-0.11];9619.73639;[0.8058];[-0.1442];9571.55928),(355032.92680;[0.87];[-0.08];8900.12091;[0.833];[-0.117];8861.87829),(355274.67322;[0.85];[-0.1];8668.67027;[0.8367];[-0.1133];8630.21663),(355356.69446;[0.85];[-0.1];8516.52207;[0.8338];[-0.1162];8476.94549),(355504.04954;[0.85];[-0.1];8506.50371;[0.8315];[-0.1185];8466.56546),(355663.78307;[0.85];[-0.1];8500.58076;[0.8315];[-0.1185];8461.20705),(356067.53325;[0.85];[-0.1];8500.58076;[0.8315];[-0.1185];8461.20705),(356515.69176;[0.75];[-0.2];10245.80085;[0.6988];[-0.2512];10250.97594),(356886.47223;[0.8];[-0.15];9938.28441;[0.7614];[-0.1886];9851.15945),(357288.45739;[0.84];[-0.11];9336.34021;[0.8125];[-0.1375];9285.14665),(357714.26177;[0.85];[-0.1];8500.58076;[0.8315];[-0.1185];8461.20705),(358396.73114;[0.85];[-0.1];8500.58076;[0.8315];[-0.1185];8461.20705),(358904.50549;[0.76];[-0.19];10227.27775;[0.7037];[-0.2463];10221.11024),(359219.04397;[0.82];[-0.13];9902.63533;[0.7674];[-0.1826];9812.77033),(359676.96381;[0.85];[-0.1];9178.97838;[0.8215];[-0.1285];9137.20266),(360058.41780;[0.85];[-0.1];8500.58076;[0.8315];[-0.1185];8461.20705),(361509.07969;[0.76];[-0.19];10227.27775;[0.7037];[-0.2463];10221.11024),(361845.73889;[0.82];[-0.13];9902.63533;[0.7674];[-0.1826];9812.77033),(362196.95210;[0.85];[-0.1];9178.97838;[0.8215];[-0.1285];9137.20266),(363196.37918;[0.86];[-0.09];8903.44524;[0.8336];[-0.1164];8864.23899),(363563.92193;[0.85];[-0.1];8668.96541;[0.8367];[-0.1133];8630.31767),(363651.92389;[0.85];[-0.1];8516.52207;[0.8338];[-0.1162];8476.94549),(363872.53809;[0.85];[-0.1];8503.54596;[0.831];[-0.119];8463.76083),(363998.76380;[0.85];[-0.1];8500.58076;[0.8315];[-0.1185];8461.20705),(364631.52480;[0.76];[-0.19];10214.94053;[0.7003];[-0.2497];10161.40065),(365052.26398;[0.82];[-0.13];9918.26286;[0.764];[-0.186];9827.99243),(365586.84111;[0.84];[-0.11];9396.51006;[0.8062];[-0.1438];9346.91461),(365929.38042;[0.86];[-0.09];8907.14442;[0.8347];[-0.1153];8868.66391),(366085.41250;[0.86];[-0.09];8781.64173;[0.8332];[-0.1168];8743.69637),(366179.54922;[0.85];[-0.1];8641.06080;[0.8311];[-0.1189];8601.95215),(366305.34863;[0.85];[-0.1];8514.53516;[0.833];[-0.117];8474.95542),(366406.41379;[0.85];[-0.1];8501.51042;[0.831];[-0.119];8461.99078),(366544.96622;[0.85];[-0.1];8500.58076;[0.8315];[-0.1185];8461.20705),(366667.64355;[0.85];[-0.1];8500.58076;[0.8315];[-0.1185];8461.20705),(367220.29209;[0.76];[-0.19];10205.48569;[0.7064];[-0.2436];10143.81296),(367719.44165;[0.83];[-0.12];9882.08941;[0.7702];[-0.1798];9794.15253),(368323.59695;[0.84];[-0.11];9198.18576;[0.8178];[-0.1322];9153.95282),(368639.08505;[0.85];[-0.1];8500.58076;[0.8315];[-0.1185];8461.20705),(369019.55795;[0.85];[-0.1];8500.58076;[0.8315];[-0.1185];8461.20705),(369315.44971;[0.76];[-0.19];10197.02903;[0.7094];[-0.2406];10131.93189),(369623.88420;[0.83];[-0.12];9881.78412;[0.7705];[-0.1795];9793.76140),(370033.69594;[0.84];[-0.11];9198.18576;[0.8178];[-0.1322];9153.95282),(370356.24981;[0.85];[-0.1];8500.58076;[0.8315];[-0.1185];8461.20705),(371043.83111;[0.76];[-0.19];10197.02903;[0.7094];[-0.2406];10131.93189),(371365.31615;[0.83];[-0.12];9882.08941;[0.7702];[-0.1798];9794.15253),(371778.18394;[0.84];[-0.11];9198.18576;[0.8178];[-0.1322];9153.95282),(372408.01382;[0.87];[-0.08];8909.57444;[0.8353];[-0.1147];8871.47169),(372624.09043;[0.86];[-0.09];8791.18994;[0.8348];[-0.1152];8753.86515),(372749.92895;[0.85];[-0.1];8660.13041;[0.835];[-0.115];8621.81705),(372988.67464;[0.85];[-0.1];8506.50371;[0.8315];[-0.1185];8466.56546),(373292.24968;[0.85];[-0.1];8500.58076;[0.8315];[-0.1185];8461.20705),(373450.25253;[0.85];[-0.1];8500.58076;[0.8315];[-0.1185];8461.20705),(373535.16221;[0.85];[-0.1];8500.58076;[0.8315];[-0.1185];8461.20705),(374016.97516;[0.76];[-0.19];10177.91485;[0.7164];[-0.2336];10107.28926),(374378.27182;[0.83];[-0.12];9881.78412;[0.7705];[-0.1795];9793.76140),(374726.54533;[0.84];[-0.11];9249.28876;[0.8139];[-0.1361];9199.13306),(375066.87832;[0.85];[-0.1];8500.58076;[0.8315];[-0.1185];8461.20705),(375490.03673;[0.85];[-0.1];8500.58076;[0.8315];[-0.1185];8461.20705),(375962.50367;[0.76];[-0.19];10177.91485;[0.7164];[-0.2336];10107.28926),(376300.93408;[0.83];[-0.12];9881.78412;[0.7705];[-0.1795];9793.76140),(376647.30978;[0.84];[-0.11];9249.28876;[0.8139];[-0.1361];9199.13306),(377019.67096;[0.85];[-0.1];8500.58076;[0.8315];[-0.1185];8461.20705),(377543.05840;[0.85];[-0.1];8500.58076;[0.8315];[-0.1185];8461.20705),(378120.19110;[0.77];[-0.18];10154.91537;[0.7223];[-0.2277];10077.05785),(378497.80154;[0.84];[-0.11];9811.52247;[0.7809];[-0.1691];9751.75772),(378845.78371;[0.84];[-0.11];9249.28876;[0.8139];[-0.1361];9199.13306),(379181.17094;[0.85];[-0.1];8500.58076;[0.8315];[-0.1185];8461.20705),(380207.56197;[0.77];[-0.18];10154.91537;[0.7223];[-0.2277];10077.05785),(380798.76471;[0.84];[-0.11];9811.52247;[0.7809];[-0.1691];9751.75772),(381176.97477;[0.84];[-0.11];9249.28876;[0.8139];[-0.1361];9199.13306),(382005.38301;[0.86];[-0.09];8910.21758;[0.8335];[-0.1165];8872.05869),(382353.72210;[0.86];[-0.09];8793.71220;[0.8352];[-0.1148];8756.76672),(382655.78842;[0.85];[-0.1];8663.04787;[0.8355];[-0.1145];8624.01834),(382839.62798;[0.85];[-0.1];8655.80289;[0.8344];[-0.1156];8616.91628),(382927.09517;[0.85];[-0.1];8651.96763;[0.8333];[-0.1167];8613.21746),(383052.55270;[0.85];[-0.1];8641.06080;[0.8311];[-0.1189];8601.95215),(383609.84993;[0.77];[-0.18];10138.98837;[0.7252];[-0.2248];10059.88260),(383996.86456;[0.84];[-0.11];9812.89451;[0.7809];[-0.1691];9753.00213),(384407.40561;[0.84];[-0.11];9253.39651;[0.8153];[-0.1347];9203.58819),(385034.64770;[0.87];[-0.08];8987.03556;[0.8293];[-0.1207];8946.95378),(385179.98576;[0.86];[-0.09];8886.06822;[0.8308];[-0.1192];8847.09843),(385539.90221;[0.85];[-0.1];8665.82262;[0.8362];[-0.1138];8627.98119),(385756.42300;[0.85];[-0.1];8641.06080;[0.8311];[-0.1189];8601.95215),(386074.60165;[0.85];[-0.1];8641.06080;[0.8311];[-0.1189];8601.95215),(386164.53719;[0.85];[-0.1];8641.06080;[0.8311];[-0.1189];8601.95215),(386477.63538;[0.78];[-0.17];10111.69216;[0.7298];[-0.2202];10030.43659),(387074.56732;[0.84];[-0.11];9785.08339;[0.7835];[-0.1665];9722.42854),(387615.68332;[0.86];[-0.09];9090.34436;[0.8276];[-0.1224];9047.28919),(388000.36550;[0.85];[-0.1];8641.06080;[0.8311];[-0.1189];8601.95215),(388396.56138;[0.85];[-0.1];8641.06080;[0.8311];[-0.1189];8601.95215),(388967.79370;[0.79];[-0.16];10080.25685;[0.7345];[-0.2155];9994.12478),(389517.71832;[0.84];[-0.11];9785.08339;[0.7835];[-0.1665];9722.42854),(390038.58733;[0.86];[-0.09];9090.34436;[0.8276];[-0.1224];9047.28919),(390495.93329;[0.85];[-0.1];8641.06080;[0.8311];[-0.1189];8601.95215),(391439.89134;[0.79];[-0.16];10080.25685;[0.7345];[-0.2155];9994.12478),(391963.85455;[0.84];[-0.11];9785.08339;[0.7835];[-0.1665];9722.42854),(392516.08419;[0.86];[-0.09];9090.34436;[0.8276];[-0.1224];9047.28919),(393246.44327;[0.85];[-0.1];8641.06080;[0.8311];[-0.1189];8601.95215),(393831.53319;[0.79];[-0.16];10080.25685;[0.7345];[-0.2155];9994.12478),(394387.18700;[0.84];[-0.11];9785.08339;[0.7835];[-0.1665];9722.42854),(394722.38064;[0.84];[-0.11];9256.87830;[0.8177];[-0.1323];9211.43344),(395095.08014;[0.87];[-0.08];8998.19026;[0.8311];[-0.1189];8958.21825),(395252.35295;[0.87];[-0.08];8900.12091;[0.833];[-0.117];8861.87829),(395447.59941;[0.86];[-0.09];8783.92191;[0.8338];[-0.1162];8746.12354),(395567.79075;[0.85];[-0.1];8654.40604;[0.8339];[-0.1161];8615.67904),(395695.52636;[0.85];[-0.1];8651.96763;[0.8333];[-0.1167];8613.21746),(395953.84312;[0.85];[-0.1];8641.06080;[0.8311];[-0.1189];8601.95215),(396613.02161;[0.8];[-0.15];10023.67283;[0.7436];[-0.2064];9923.14210),(397192.13152;[0.84];[-0.11];9742.74914;[0.7923];[-0.1577];9689.94536),(397552.86336;[0.85];[-0.1];9171.56911;[0.8206];[-0.1294];9129.17863),(398600.95286;[0.85];[-0.1];8641.06080;[0.8311];[-0.1189];8601.95215),(398956.10619;[0.8];[-0.15];10023.67283;[0.7436];[-0.2064];9923.14210),(399399.09101;[0.84];[-0.11];9742.89679;[0.7914];[-0.1586];9689.65757),(399743.56246;[0.85];[-0.1];9171.56911;[0.8206];[-0.1294];9129.17863),(399883.95548;[0.87];[-0.08];9003.77083;[0.832];[-0.118];8964.09623),(400156.44121;[0.86];[-0.09];8904.36880;[0.8335];[-0.1165];8866.18510),(400301.25284;[0.86];[-0.09];8786.34818;[0.8344];[-0.1156];8748.42733),(400422.10054;[0.85];[-0.1];8654.40604;[0.8339];[-0.1161];8615.67904),(400550.07911;[0.85];[-0.1];8651.96763;[0.8333];[-0.1167];8613.21746),(401381.89220;[0.8];[-0.15];9986.11694;[0.7462];[-0.2038];9914.60770),(401718.53709;[0.84];[-0.11];9635.36627;[0.8073];[-0.1427];9587.74993),(402575.59514;[0.87];[-0.08];9005.72182;[0.8328];[-0.1172];8966.68648),(402739.82906;[0.85];[-0.1];8773.36734;[0.8323];[-0.1177];8735.28988),(403007.73311;[0.85];[-0.1];8773.36734;[0.8323];[-0.1177];8735.28988),(403101.38011;[0.86];[-0.09];8772.19281;[0.8329];[-0.1171];8734.40981),(403788.16748;[0.62];[-0.33];10446.50406;[0.6278];[-0.3222];10610.99036),(404145.63870;[0.62];[-0.33];10446.50406;[0.6278];[-0.3222];10610.99036),(404513.48567;[0.62];[-0.33];10446.50406;[0.6278];[-0.3222];10610.99036),(404862.25748;[0.62];[-0.33];10446.50406;[0.6278];[-0.3222];10610.99036),(405247.76149;[0.62];[-0.33];10446.50406;[0.6278];[-0.3222];10610.99036),(405574.34201;[0.8];[-0.15];9908.25202;[0.7621];[-0.1879];9861.08357),(405847.25714;[0.84];[-0.11];9216.77797;[0.8131];[-0.1369];9172.39314),(406089.77175;[0.85];[-0.1];8531.41585;[0.8361];[-0.1139];8492.51328),(406286.67903;[0.85];[-0.1];8358.27713;[0.8296];[-0.1204];8319.48626),(406533.99277;[0.85];[-0.1];8161.52365;[0.8173];[-0.1327];8120.31617),(406665.24816;[0.85];[-0.1];7986.40831;[0.8064];[-0.1436];7945.76116),(406808.73489;[0.85];[-0.1];7970.26881;[0.8036];[-0.1464];7929.34373),(407131.35481;[0.84];[-0.11];7764.81278;[0.788];[-0.162];7726.77677),(407223.92297;[0.83];[-0.12];7750.86051;[0.7833];[-0.1667];7712.39158),(407305.81141;[0.83];[-0.12];7750.86051;[0.7833];[-0.1667];7712.39158),(407452.44479;[0.83];[-0.12];7750.86051;[0.7833];[-0.1667];7712.39158),(407948.04549;[0.62];[-0.33];10446.50406;[0.6278];[-0.3222];10610.99036),(408336.92718;[0.76];[-0.19];10237.31501;[0.7002];[-0.2498];10234.93110),(408838.18746;[0.83];[-0.12];9851.70825;[0.7739];[-0.1761];9804.36274),(409306.25153;[0.84];[-0.11];9101.45899;[0.8193];[-0.1307];9058.23470),(409648.53740;[0.83];[-0.12];7750.86051;[0.7833];[-0.1667];7712.39158),(410064.69107;[0.83];[-0.12];7750.86051;[0.7833];[-0.1667];7712.39158),(410705.56164;[0.63];[-0.32];10444.61945;[0.6352];[-0.3148];10618.76856),(411253.51381;[0.76];[-0.19];10215.95311;[0.7075];[-0.2425];10222.05796),(411651.66211;[0.84];[-0.11];9803.52399;[0.7814];[-0.1686];9765.72964),(412177.22631;[0.86];[-0.09];8932.90624;[0.8298];[-0.1202];8892.73859),(412752.06327;[0.83];[-0.12];7750.86051;[0.7833];[-0.1667];7712.39158),(413875.26894;[0.63];[-0.32];10444.61945;[0.6352];[-0.3148];10618.76856),(414461.90667;[0.76];[-0.19];10237.31501;[0.7002];[-0.2498];10234.93110),(414987.93840;[0.83];[-0.12];9851.70825;[0.7739];[-0.1761];9804.36274),(415553.02978;[0.84];[-0.11];9101.45899;[0.8193];[-0.1307];9058.23470),(416322.72816;[0.85];[-0.1];8672.11374;[0.8375];[-0.1125];8634.03331),(416428.10750;[0.85];[-0.1];8514.53516;[0.833];[-0.117];8474.95542),(416721.57383;[0.85];[-0.1];8181.94378;[0.8209];[-0.1291];8142.75803),(416863.92021;[0.85];[-0.1];7986.40831;[0.8064];[-0.1436];7945.76116),(417083.82940;[0.85];[-0.1];7980.08434;[0.8058];[-0.1442];7939.33955),(417202.27051;[0.85];[-0.1];7970.26881;[0.8036];[-0.1464];7929.34373),(417295.34578;[0.85];[-0.1];7968.74851;[0.8046];[-0.1454];7928.12420),(417552.87647;[0.85];[-0.1];7968.74851;[0.8046];[-0.1454];7928.12420),(417932.63888;[0.62];[-0.33];10437.92978;[0.6304];[-0.3196];10552.96950),(418487.81872;[0.76];[-0.19];10205.48569;[0.7064];[-0.2436];10143.81296),(418822.08729;[0.83];[-0.12];9845.29321;[0.7751];[-0.1749];9791.51913),(419394.82689;[0.84];[-0.11];9097.11541;[0.8188];[-0.1312];9053.70899),(419732.66125;[0.85];[-0.1];7968.74851;[0.8046];[-0.1454];7928.12420),(420250.56076;[0.85];[-0.1];7968.74851;[0.8046];[-0.1454];7928.12420),(420604.21729;[0.62];[-0.33];10437.92978;[0.6304];[-0.3196];10552.96950),(421120.75782;[0.76];[-0.19];10205.48569;[0.7064];[-0.2436];10143.81296),(421533.55646;[0.83];[-0.12];9845.30075;[0.775];[-0.175];9786.47989),(421944.37838;[0.84];[-0.11];9097.11541;[0.8188];[-0.1312];9053.70899),(422270.46895;[0.85];[-0.1];7968.74851;[0.8046];[-0.1454];7928.12420),(423261.80315;[0.62];[-0.33];10437.92978;[0.6304];[-0.3196];10552.96950),(423793.49780;[0.76];[-0.19];10205.48569;[0.7064];[-0.2436];10143.81296),(424134.32217;[0.83];[-0.12];9845.30075;[0.775];[-0.175];9786.47989),(424685.98604;[0.84];[-0.11];9097.23142;[0.8185];[-0.1315];9053.77816),(425736.85145;[0.85];[-0.1];8672.28740;[0.8357];[-0.1143];8634.11176),(426007.07650;[0.85];[-0.1];8516.53176;[0.8336];[-0.1164];8476.85950),(426237.07604;[0.85];[-0.1];8176.41106;[0.8187];[-0.1313];8137.29987),(426481.72927;[0.85];[-0.1];7983.84440;[0.806];[-0.144];7943.17573),(426643.93282;[0.85];[-0.1];7970.26881;[0.8036];[-0.1464];7929.34373),(426796.08345;[0.85];[-0.1];7968.74851;[0.8046];[-0.1454];7928.12420),(427492.17582;[0.62];[-0.33];10437.92978;[0.6304];[-0.3196];10552.96950),(427819.53764;[0.76];[-0.19];10182.80649;[0.7133];[-0.2367];10116.62260),(428333.29892;[0.84];[-0.11];9785.61756;[0.7851];[-0.1649];9740.76336),(428693.54033;[0.84];[-0.11];9097.23142;[0.8185];[-0.1315];9053.77816),(429486.99331;[0.85];[-0.1];8767.47981;[0.8319];[-0.1181];8729.38001),(429656.36873;[0.85];[-0.1];8523.35445;[0.8357];[-0.1143];8484.39175),(429789.96992;[0.85];[-0.1];8164.15346;[0.8176];[-0.1324];8125.32120),(429984.06959;[0.85];[-0.1];7970.26881;[0.8036];[-0.1464];7929.34373),(430219.83218;[0.85];[-0.1];7970.26881;[0.8036];[-0.1464];7929.34373),(430361.15980;[0.85];[-0.1];7968.74851;[0.8046];[-0.1454];7928.12420),(430867.08093;[0.63];[-0.32];10436.38345;[0.6434];[-0.3066];10556.37266),(431161.02290;[0.76];[-0.19];10177.91485;[0.7164];[-0.2336];10107.28926),(431572.09277;[0.84];[-0.11];9785.08339;[0.7835];[-0.1665];9722.42854),(432136.68633;[0.84];[-0.11];9104.17278;[0.8192];[-0.1308];9060.93653),(432532.18102;[0.85];[-0.1];7968.74851;[0.8046];[-0.1454];7928.12420),(432979.16245;[0.85];[-0.1];7968.74851;[0.8046];[-0.1454];7928.12420),(433475.79932;[0.63];[-0.32];10436.38345;[0.6434];[-0.3066];10556.37266),(433766.15191;[0.76];[-0.19];10177.91485;[0.7164];[-0.2336];10107.28926),(434181.96797;[0.84];[-0.11];9785.08339;[0.7835];[-0.1665];9722.42854),(434798.49577;[0.84];[-0.11];9104.17278;[0.8192];[-0.1308];9060.93653),(435129.01211;[0.85];[-0.1];7968.74851;[0.8046];[-0.1454];7928.12420),(435570.96696;[0.85];[-0.1];7968.74851;[0.8046];[-0.1454];7928.12420),(436280.58076;[0.63];[-0.32];10429.77494;[0.6433];[-0.3067];10540.85319),(436742.27667;[0.77];[-0.18];10154.91537;[0.7223];[-0.2277];10077.05785),(437128.40652;[0.84];[-0.11];9785.08339;[0.7835];[-0.1665];9722.42854),(437776.68691;[0.84];[-0.11];9104.17278;[0.8192];[-0.1308];9060.93653),(438110.55255;[0.85];[-0.1];7968.74851;[0.8046];[-0.1454];7928.12420),(438546.74935;[0.85];[-0.1];7968.74851;[0.8046];[-0.1454];7928.12420),(439117.10286;[0.63];[-0.32];10429.77494;[0.6433];[-0.3067];10540.85319),(439612.04195;[0.77];[-0.18];10154.91537;[0.7223];[-0.2277];10077.05785),(440048.81620;[0.84];[-0.11];9785.08339;[0.7835];[-0.1665];9722.42854),(440672.41979;[0.84];[-0.11];9103.84302;[0.8192];[-0.1308];9062.19120),(441000.42462;[0.85];[-0.1];7968.74851;[0.8046];[-0.1454];7928.12420),(442057.78456;[0.64];[-0.31];10420.44756;[0.6558];[-0.2942];10529.66027),(442499.23825;[0.77];[-0.18];10154.91537;[0.7223];[-0.2277];10077.05785),(442946.72036;[0.84];[-0.11];9785.08339;[0.7835];[-0.1665];9722.42854),(443508.43191;[0.84];[-0.11];9103.84302;[0.8192];[-0.1308];9062.19120),(444374.06206;[0.86];[-0.09];8788.62610;[0.8344];[-0.1156];8751.24898),(444577.75068;[0.85];[-0.1];8528.74940;[0.8365];[-0.1135];8490.04249),(444685.07576;[0.85];[-0.1];8351.50576;[0.8283];[-0.1217];8312.14697),(444854.25091;[0.85];[-0.1];8335.04001;[0.8252];[-0.1248];8295.72150),(445086.02548;[0.85];[-0.1];8151.41483;[0.8132];[-0.1368];8112.14082),(445159.31535;[0.85];[-0.1];8151.41483;[0.8132];[-0.1368];8112.14082),(445945.01185;[0.64];[-0.31];10405.27051;[0.6481];[-0.3019];10442.66929),(446528.01704;[0.78];[-0.17];10119.43246;[0.728];[-0.222];10042.42633),(446955.95193;[0.84];[-0.11];9720.65758;[0.7946];[-0.1554];9667.78651),(447305.02415;[0.87];[-0.08];8998.19026;[0.8311];[-0.1189];8958.21825),(448056.94318;[0.85];[-0.1];8151.41483;[0.8132];[-0.1368];8112.14082),(448674.10541;[0.64];[-0.31];10405.27051;[0.6481];[-0.3019];10442.66929),(449105.41940;[0.77];[-0.18];10147.13840;[0.722];[-0.228];10075.79899),(449412.90283;[0.84];[-0.11];9785.08339;[0.7835];[-0.1665];9722.42854),(449895.90979;[0.84];[-0.11];9105.77478;[0.8207];[-0.1293];9062.85584),(450262.50434;[0.86];[-0.09];8793.09109;[0.8352];[-0.1148];8755.40704),(450660.38251;[0.85];[-0.1];8528.74940;[0.8365];[-0.1135];8490.04249),(450852.11849;[0.85];[-0.1];8351.50576;[0.8283];[-0.1217];8312.14697),(451035.74371;[0.85];[-0.1];8336.72747;[0.8246];[-0.1254];8297.07779),(451176.79381;[0.85];[-0.1];8336.72747;[0.8246];[-0.1254];8297.07779),(451458.11224;[0.85];[-0.1];8335.04001;[0.8252];[-0.1248];8295.72150),(452287.63604;[0.69];[-0.26];10390.34721;[0.6617];[-0.2883];10426.39789),(452603.79148;[0.78];[-0.17];10111.69216;[0.7298];[-0.2202];10030.43659),(452979.64740;[0.84];[-0.11];9720.65758;[0.7946];[-0.1554];9667.78651),(453515.80930;[0.87];[-0.08];8999.38012;[0.8315];[-0.1185];8959.23617),(454419.77215;[0.85];[-0.1];8335.04001;[0.8252];[-0.1248];8295.72150),(455120.47291;[0.69];[-0.26];10390.34721;[0.6617];[-0.2883];10426.39789),(455433.46238;[0.78];[-0.17];10111.69216;[0.7298];[-0.2202];10030.43659),(455941.42628;[0.84];[-0.11];9782.63781;[0.7831];[-0.1669];9719.91501),(456333.22597;[0.84];[-0.11];9105.77478;[0.8207];[-0.1293];9062.85584),(456639.36901;[0.86];[-0.09];8795.17374;[0.8357];[-0.1143];8758.28837),(456786.35478;[0.85];[-0.1];8645.92700;[0.8327];[-0.1173];8606.91898),(456900.81048;[0.85];[-0.1];8351.50576;[0.8283];[-0.1217];8312.14697),(457233.65831;[0.85];[-0.1];8341.97415;[0.8269];[-0.1231];8302.39839),(457308.84814;[0.85];[-0.1];8339.59252;[0.826];[-0.124];8300.18336),(457428.73836;[0.85];[-0.1];8336.72747;[0.8246];[-0.1254];8297.07779),(457499.01533;[0.85];[-0.1];8336.72747;[0.8246];[-0.1254];8297.07779),(457559.32522;[0.85];[-0.1];8336.72747;[0.8246];[-0.1254];8297.07779),(457628.89934;[0.85];[-0.1];8336.72747;[0.8246];[-0.1254];8297.07779),(457948.72952;[0.66];[-0.29];10384.12594;[0.6595];[-0.2905];10453.98269),(458396.94619;[0.79];[-0.16];10078.21883;[0.7357];[-0.2143];9992.79853),(459121.50717;[0.84];[-0.11];9726.07034;[0.7872];[-0.1628];9675.08038),(459442.09504;[0.87];[-0.08];9002.02889;[0.8316];[-0.1184];8962.70543),(459748.80791;[0.85];[-0.1];8336.72747;[0.8246];[-0.1254];8297.07779),(460563.44748;[0.66];[-0.29];10384.12594;[0.6595];[-0.2905];10453.98269),(461015.28883;[0.79];[-0.16];10078.21883;[0.7357];[-0.2143];9992.79853),(461434.78513;[0.84];[-0.11];9725.91631;[0.7872];[-0.1628];9674.94841),(461761.93547;[0.87];[-0.08];9002.02889;[0.8316];[-0.1184];8962.70543),(462832.70741;[0.66];[-0.29];10384.12594;[0.6595];[-0.2905];10453.98269),(463234.01427;[0.79];[-0.16];10078.46659;[0.7361];[-0.2139];9993.07388),(463695.28413;[0.84];[-0.11];9726.07034;[0.7872];[-0.1628];9675.08038),(464274.36113;[0.84];[-0.11];9107.04690;[0.8213];[-0.1287];9064.17805),(464599.48540;[0.86];[-0.09];8796.22135;[0.8365];[-0.1135];8759.20662),(464781.70109;[0.85];[-0.1];8654.40604;[0.8339];[-0.1161];8615.67904),(464971.19212;[0.85];[-0.1];8348.99735;[0.8276];[-0.1224];8309.61925),(465150.25067;[0.85];[-0.1];8336.72747;[0.8246];[-0.1254];8297.07779),(465328.41372;[0.85];[-0.1];8336.72747;[0.8246];[-0.1254];8297.07779),(465401.54862;[0.85];[-0.1];8336.72747;[0.8246];[-0.1254];8297.07779),(465809.45611;[0.7];[-0.25];10366.86205;[0.6724];[-0.2776];10424.43163),(466493.10589;[0.8];[-0.15];10039.55989;[0.7408];[-0.2092];9944.45936),(466965.23142;[0.84];[-0.11];9653.21743;[0.8027];[-0.1473];9602.98823),(467323.84276;[0.87];[-0.08];9003.77083;[0.832];[-0.118];8964.09623),(467640.67268;[0.85];[-0.1];8336.72747;[0.8246];[-0.1254];8297.07779),(468674.97420;[0.7];[-0.25];10366.16507;[0.6725];[-0.2775];10426.47046),(469282.57656;[0.8];[-0.15];10039.55989;[0.7408];[-0.2092];9944.45936),(469783.36430;[0.84];[-0.11];9653.21743;[0.8027];[-0.1473];9602.98823),(470105.17383;[0.87];[-0.08];9003.77083;[0.832];[-0.118];8964.09623),(471273.89693;[0.7];[-0.25];10366.16507;[0.6725];[-0.2775];10426.47046),(471799.15977;[0.8];[-0.15];10039.55989;[0.7408];[-0.2092];9944.45936),(472473.80948;[0.84];[-0.11];9730.65021;[0.7903];[-0.1597];9677.28508),(473068.85552;[0.84];[-0.11];9107.04690;[0.8213];[-0.1287];9064.17805),(473523.30422;[0.86];[-0.09];8796.22135;[0.8365];[-0.1135];8759.20662),(473736.85312;[0.85];[-0.1];8657.42391;[0.8343];[-0.1157];8619.01694),(473823.83800;[0.85];[-0.1];8336.72747;[0.8246];[-0.1254];8297.07779),(474819.31663;[0.71];[-0.24];10339.99531;[0.6723];[-0.2777];10319.39031),(475357.23019;[0.8];[-0.15];9999.41771;[0.7464];[-0.2036];9896.14609),(475700.61445;[0.84];[-0.11];9680.28658;[0.7974];[-0.1526];9629.07825),(476097.98002;[0.87];[-0.08];9004.75305;[0.8324];[-0.1176];8965.85467),(476753.17025;[0.85];[-0.1];8336.72747;[0.8246];[-0.1254];8297.07779),(477174.09396;[0.71];[-0.24];10339.99531;[0.6723];[-0.2777];10319.39031),(477906.17561;[0.8];[-0.15];9999.41771;[0.7464];[-0.2036];9896.14609),(478248.46768;[0.84];[-0.11];9680.28658;[0.7974];[-0.1526];9629.07825),(478748.47174;[0.87];[-0.08];9004.75305;[0.8324];[-0.1176];8965.85467),(478887.21848;[0.86];[-0.09];8787.63073;[0.8347];[-0.1153];8749.52404),(478973.81544;[0.85];[-0.1];8506.50371;[0.8315];[-0.1185];8466.56546),(479316.56575;[0.85];[-0.1];8501.69898;[0.8307];[-0.1193];8461.93268),(479415.72976;[0.85];[-0.1];8500.58076;[0.8315];[-0.1185];8461.20705),(479734.23982;[0.85];[-0.1];8492.51994;[0.8286];[-0.1214];8452.78935),(480053.97749;[0.73];[-0.22];10306.09482;[0.6832];[-0.2668];10276.89068),(480551.26357;[0.8];[-0.15];9964.41618;[0.7531];[-0.1969];9889.40584),(480966.95948;[0.84];[-0.11];9258.45713;[0.8176];[-0.1324];9212.85049),(481337.21471;[0.85];[-0.1];8492.51994;[0.8286];[-0.1214];8452.78935),(481772.84026;[0.85];[-0.1];8492.51994;[0.8286];[-0.1214];8452.78935),(482317.15012;[0.74];[-0.21];10283.15205;[0.6932];[-0.2568];10261.59254),(482754.75144;[0.8];[-0.15];9964.41618;[0.7531];[-0.1969];9889.40584),(483153.85771;[0.84];[-0.11];9258.45713;[0.8176];[-0.1324];9212.85049),(483487.51974;[0.85];[-0.1];8492.51994;[0.8286];[-0.1214];8452.78935),(484434.84402;[0.74];[-0.21];10283.49394;[0.692];[-0.258];10261.51064),(485013.49950;[0.8];[-0.15];9964.41618;[0.7531];[-0.1969];9889.40584),(485421.39268;[0.84];[-0.11];9258.45713;[0.8176];[-0.1324];9212.85049),(486158.84018;[0.86];[-0.09];8886.45712;[0.8306];[-0.1194];8847.40595),(486377.65193;[0.85];[-0.1];8667.17961;[0.8361];[-0.1139];8628.90235),(486437.66022;[0.85];[-0.1];8514.53516;[0.833];[-0.117];8474.95542),(486663.36298;[0.85];[-0.1];8503.54596;[0.831];[-0.119];8463.76083),(486981.54759;[0.85];[-0.1];8500.58076;[0.8315];[-0.1185];8461.20705),(487046.45228;[0.85];[-0.1];8500.58076;[0.8315];[-0.1185];8461.20705),(487108.70600;[0.85];[-0.1];8500.58076;[0.8315];[-0.1185];8461.20705),(487761.43837;[0.74];[-0.21];10259.79557;[0.6925];[-0.2575];10273.19087),(488320.45197;[0.8];[-0.15];9964.41618;[0.7531];[-0.1969];9889.40584),(488674.52693;[0.84];[-0.11];9619.73639;[0.8058];[-0.1442];9571.55928),(489048.93875;[0.87];[-0.08];8900.12091;[0.833];[-0.117];8861.87829),(489271.07334;[0.85];[-0.1];8668.67027;[0.8367];[-0.1133];8630.21663),(489359.79581;[0.85];[-0.1];8516.52207;[0.8338];[-0.1162];8476.94549),(489504.15516;[0.85];[-0.1];8506.50371;[0.8315];[-0.1185];8466.56546),(489645.15615;[0.85];[-0.1];8500.58076;[0.8315];[-0.1185];8461.20705),(490081.43306;[0.85];[-0.1];8500.58076;[0.8315];[-0.1185];8461.20705),(490505.72801;[0.75];[-0.2];10245.80085;[0.6988];[-0.2512];10250.97594),(490816.24556;[0.8];[-0.15];9938.28441;[0.7614];[-0.1886];9851.15945),(491215.22117;[0.84];[-0.11];9336.34021;[0.8125];[-0.1375];9285.14665),(491615.55386;[0.85];[-0.1];8500.58076;[0.8315];[-0.1185];8461.20705),(492301.94378;[0.85];[-0.1];8500.58076;[0.8315];[-0.1185];8461.20705),(492849.65253;[0.76];[-0.19];10227.27775;[0.7037];[-0.2463];10221.11024),(493151.84999;[0.82];[-0.13];9902.63533;[0.7674];[-0.1826];9812.77033),(493585.61897;[0.85];[-0.1];9178.97838;[0.8215];[-0.1285];9137.20266),(493913.86580;[0.85];[-0.1];8500.58076;[0.8315];[-0.1185];8461.20705),(495129.08316;[0.76];[-0.19];10227.27775;[0.7037];[-0.2463];10221.11024),(495455.20544;[0.82];[-0.13];9902.63533;[0.7674];[-0.1826];9812.77033),(495811.33676;[0.85];[-0.1];9178.97838;[0.8215];[-0.1285];9137.20266),(496818.85505;[0.86];[-0.09];8903.44524;[0.8336];[-0.1164];8864.23899),(497149.32251;[0.85];[-0.1];8668.96541;[0.8367];[-0.1133];8630.31767),(497243.43467;[0.85];[-0.1];8516.52207;[0.8338];[-0.1162];8476.94549),(497461.06648;[0.85];[-0.1];8503.54596;[0.831];[-0.119];8463.76083),(497581.13432;[0.85];[-0.1];8500.58076;[0.8315];[-0.1185];8461.20705),(498150.57325;[0.76];[-0.19];10214.94053;[0.7003];[-0.2497];10161.40065),(498558.46834;[0.82];[-0.13];9918.26286;[0.764];[-0.186];9827.99243),(499073.10462;[0.84];[-0.11];9396.51006;[0.8062];[-0.1438];9346.91461),(499454.28729;[0.86];[-0.09];8907.14442;[0.8347];[-0.1153];8868.66391),(499610.89849;[0.86];[-0.09];8781.64173;[0.8332];[-0.1168];8743.69637),(499706.24900;[0.85];[-0.1];8641.06080;[0.8311];[-0.1189];8601.95215),(499826.95937;[0.85];[-0.1];8514.53516;[0.833];[-0.117];8474.95542),(499929.32153;[0.85];[-0.1];8501.51042;[0.831];[-0.119];8461.99078),(500060.33969;[0.85];[-0.1];8500.58076;[0.8315];[-0.1185];8461.20705),(500177.13380;[0.85];[-0.1];8500.58076;[0.8315];[-0.1185];8461.20705),(500542.76991;[0.76];[-0.19];10205.48569;[0.7064];[-0.2436];10143.81296),(500846.38166;[0.83];[-0.12];9882.08941;[0.7702];[-0.1798];9794.15253),(501463.58562;[0.84];[-0.11];9198.18576;[0.8178];[-0.1322];9153.95282),(501821.17105;[0.85];[-0.1];8500.58076;[0.8315];[-0.1185];8461.20705),(502229.69842;[0.85];[-0.1];8500.58076;[0.8315];[-0.1185];8461.20705),(502536.32307;[0.76];[-0.19];10197.02903;[0.7094];[-0.2406];10131.93189),(502920.37225;[0.83];[-0.12];9881.78412;[0.7705];[-0.1795];9793.76140),(503540.97891;[0.84];[-0.11];9198.18576;[0.8178];[-0.1322];9153.95282),(503863.94048;[0.85];[-0.1];8500.58076;[0.8315];[-0.1185];8461.20705),(504539.25300;[0.76];[-0.19];10197.02903;[0.7094];[-0.2406];10131.93189),(504879.97031;[0.83];[-0.12];9882.08941;[0.7702];[-0.1798];9794.15253),(505298.67220;[0.84];[-0.11];9198.18576;[0.8178];[-0.1322];9153.95282),(506003.91698;[0.87];[-0.08];8909.57444;[0.8353];[-0.1147];8871.47169),(506220.25871;[0.86];[-0.09];8791.18994;[0.8348];[-0.1152];8753.86515),(506334.33366;[0.85];[-0.1];8660.13041;[0.835];[-0.115];8621.81705),(506596.24863;[0.85];[-0.1];8506.50371;[0.8315];[-0.1185];8466.56546),(506888.54122;[0.85];[-0.1];8500.58076;[0.8315];[-0.1185];8461.20705),(507035.46596;[0.85];[-0.1];8500.58076;[0.8315];[-0.1185];8461.20705),(507118.48021;[0.85];[-0.1];8500.58076;[0.8315];[-0.1185];8461.20705),(507594.36846;[0.76];[-0.19];10177.91485;[0.7164];[-0.2336];10107.28926),(507929.50797;[0.83];[-0.12];9881.78412;[0.7705];[-0.1795];9793.76140),(508292.85073;[0.84];[-0.11];9249.28876;[0.8139];[-0.1361];9199.13306),(508635.07891;[0.85];[-0.1];8500.58076;[0.8315];[-0.1185];8461.20705),(509067.83199;[0.85];[-0.1];8500.58076;[0.8315];[-0.1185];8461.20705),(509553.32184;[0.76];[-0.19];10177.91485;[0.7164];[-0.2336];10107.28926),(509907.45664;[0.83];[-0.12];9881.78412;[0.7705];[-0.1795];9793.76140),(510243.15453;[0.84];[-0.11];9249.28876;[0.8139];[-0.1361];9199.13306),(510597.84603;[0.85];[-0.1];8500.58076;[0.8315];[-0.1185];8461.20705),(510964.93530;[0.85];[-0.1];8500.58076;[0.8315];[-0.1185];8461.20705),(511536.95703;[0.77];[-0.18];10154.91537;[0.7223];[-0.2277];10077.05785),(511914.82949;[0.84];[-0.11];9811.52247;[0.7809];[-0.1691];9751.75772),(512264.13083;[0.84];[-0.11];9249.28876;[0.8139];[-0.1361];9199.13306),(512628.55554;[0.85];[-0.1];8500.58076;[0.8315];[-0.1185];8461.20705),(513678.88641;[0.77];[-0.18];10154.91537;[0.7223];[-0.2277];10077.05785),(514042.18817;[0.84];[-0.11];9811.52247;[0.7809];[-0.1691];9751.75772),(514417.79780;[0.84];[-0.11];9249.28876;[0.8139];[-0.1361];9199.13306),(515236.58276;[0.86];[-0.09];8910.21758;[0.8335];[-0.1165];8872.05869),(515533.18954;[0.86];[-0.09];8793.71220;[0.8352];[-0.1148];8756.76672),(515869.87281;[0.85];[-0.1];8663.04787;[0.8355];[-0.1145];8624.01834),(516046.35787;[0.85];[-0.1];8655.80289;[0.8344];[-0.1156];8616.91628),(516127.22754;[0.85];[-0.1];8651.96763;[0.8333];[-0.1167];8613.21746),(516255.02419;[0.85];[-0.1];8641.06080;[0.8311];[-0.1189];8601.95215),(516840.65533;[0.77];[-0.18];10138.98837;[0.7252];[-0.2248];10059.88260),(517229.75516;[0.84];[-0.11];9812.89451;[0.7809];[-0.1691];9753.00213),(517605.48162;[0.84];[-0.11];9253.39651;[0.8153];[-0.1347];9203.58819),(518235.80265;[0.87];[-0.08];8987.03556;[0.8293];[-0.1207];8946.95378),(518363.85846;[0.86];[-0.09];8886.06822;[0.8308];[-0.1192];8847.09843),(518786.53455;[0.85];[-0.1];8665.82262;[0.8362];[-0.1138];8627.98119),(519030.26819;[0.85];[-0.1];8641.06080;[0.8311];[-0.1189];8601.95215),(519347.90826;[0.85];[-0.1];8641.06080;[0.8311];[-0.1189];8601.95215),(519445.85228;[0.85];[-0.1];8641.06080;[0.8311];[-0.1189];8601.95215),(519741.01162;[0.78];[-0.17];10111.69216;[0.7298];[-0.2202];10030.43659),(520311.80501;[0.84];[-0.11];9785.08339;[0.7835];[-0.1665];9722.42854),(520839.19978;[0.86];[-0.09];9090.34436;[0.8276];[-0.1224];9047.28919),(521198.33636;[0.85];[-0.1];8641.06080;[0.8311];[-0.1189];8601.95215),(521750.55623;[0.85];[-0.1];8641.06080;[0.8311];[-0.1189];8601.95215),(522327.12173;[0.79];[-0.16];10080.25685;[0.7345];[-0.2155];9994.12478),(522891.58559;[0.84];[-0.11];9785.08339;[0.7835];[-0.1665];9722.42854),(523421.85354;[0.86];[-0.09];9090.34436;[0.8276];[-0.1224];9047.28919),(523933.71463;[0.85];[-0.1];8641.06080;[0.8311];[-0.1189];8601.95215),(524860.00276;[0.79];[-0.16];10080.25685;[0.7345];[-0.2155];9994.12478),(525462.27741;[0.84];[-0.11];9785.08339;[0.7835];[-0.1665];9722.42854),(526021.47961;[0.86];[-0.09];9090.34436;[0.8276];[-0.1224];9047.28919),(526739.94708;[0.85];[-0.1];8641.06080;[0.8311];[-0.1189];8601.95215),(527344.61212;[0.79];[-0.16];10080.25685;[0.7345];[-0.2155];9994.12478),(527971.41075;[0.84];[-0.11];9785.08339;[0.7835];[-0.1665];9722.42854),(528305.73869;[0.84];[-0.11];9256.87830;[0.8177];[-0.1323];9211.43344),(528640.05041;[0.87];[-0.08];8998.19026;[0.8311];[-0.1189];8958.21825),(528794.84963;[0.87];[-0.08];8900.12091;[0.833];[-0.117];8861.87829),(528971.42863;[0.86];[-0.09];8783.92191;[0.8338];[-0.1162];8746.12354),(529103.21498;[0.85];[-0.1];8654.40604;[0.8339];[-0.1161];8615.67904),(529235.30793;[0.85];[-0.1];8651.96763;[0.8333];[-0.1167];8613.21746),(529518.23115;[0.85];[-0.1];8641.06080;[0.8311];[-0.1189];8601.95215),(530153.46456;[0.8];[-0.15];10023.67283;[0.7436];[-0.2064];9923.14210),(530519.02843;[0.84];[-0.11];9742.74914;[0.7923];[-0.1577];9689.94536),(530848.21630;[0.85];[-0.1];9171.56911;[0.8206];[-0.1294];9129.17863),(531931.03409;[0.85];[-0.1];8641.06080;[0.8311];[-0.1189];8601.95215),(532281.24905;[0.8];[-0.15];10023.67283;[0.7436];[-0.2064];9923.14210),(532707.62849;[0.84];[-0.11];9742.89679;[0.7914];[-0.1586];9689.65757),(533042.34743;[0.85];[-0.1];9171.56911;[0.8206];[-0.1294];9129.17863),(533182.72471;[0.87];[-0.08];9003.77083;[0.832];[-0.118];8964.09623),(533467.39316;[0.86];[-0.09];8904.36880;[0.8335];[-0.1165];8866.18510),(533627.12932;[0.86];[-0.09];8786.34818;[0.8344];[-0.1156];8748.42733),(533802.09112;[0.85];[-0.1];8654.40604;[0.8339];[-0.1161];8615.67904),(533934.01957;[0.85];[-0.1];8651.96763;[0.8333];[-0.1167];8613.21746),(534793.67495;[0.8];[-0.15];9986.11694;[0.7462];[-0.2038];9914.60770),(535141.22367;[0.84];[-0.11];9635.36627;[0.8073];[-0.1427];9587.74993),(536003.50332;[0.87];[-0.08];9005.72182;[0.8328];[-0.1172];8966.68648),(536167.26685;[0.85];[-0.1];8773.36734;[0.8323];[-0.1177];8735.28988),(536448.93789;[0.85];[-0.1];8773.36734;[0.8323];[-0.1177];8735.28988),(536540.53807;[0.86];[-0.09];8772.19281;[0.8329];[-0.1171];8734.40981),(537232.06353;[0.62];[-0.33];10446.50406;[0.6278];[-0.3222];10610.99036),(537595.48521;[0.62];[-0.33];10446.50406;[0.6278];[-0.3222];10610.99036),(537961.93075;[0.62];[-0.33];10446.50406;[0.6278];[-0.3222];10610.99036),(538335.73222;[0.62];[-0.33];10446.50406;[0.6278];[-0.3222];10610.99036),(538707.61514;[0.62];[-0.33];10446.50406;[0.6278];[-0.3222];10610.99036),(539084.28478;[0.8];[-0.15];9908.25202;[0.7621];[-0.1879];9861.08357),(539369.71831;[0.84];[-0.11];9216.77797;[0.8131];[-0.1369];9172.39314),(539608.41990;[0.85];[-0.1];8531.41585;[0.8361];[-0.1139];8492.51328),(539802.19340;[0.85];[-0.1];8358.27713;[0.8296];[-0.1204];8319.48626),(540016.78944;[0.85];[-0.1];8161.52365;[0.8173];[-0.1327];8120.31617),(540155.68757;[0.85];[-0.1];7986.40831;[0.8064];[-0.1436];7945.76116),(540298.51675;[0.85];[-0.1];7970.26881;[0.8036];[-0.1464];7929.34373),(540585.87146;[0.84];[-0.11];7764.81278;[0.788];[-0.162];7726.77677),(540705.34253;[0.83];[-0.12];7750.86051;[0.7833];[-0.1667];7712.39158),(540821.46096;[0.83];[-0.12];7750.86051;[0.7833];[-0.1667];7712.39158),(541019.52338;[0.83];[-0.12];7750.86051;[0.7833];[-0.1667];7712.39158),(541714.76364;[0.62];[-0.33];10446.50406;[0.6278];[-0.3222];10610.99036),(542142.42101;[0.76];[-0.19];10237.31501;[0.7002];[-0.2498];10234.93110),(542679.62432;[0.83];[-0.12];9851.70825;[0.7739];[-0.1761];9804.36274),(543202.04425;[0.84];[-0.11];9101.45899;[0.8193];[-0.1307];9058.23470),(543573.03596;[0.83];[-0.12];7750.86051;[0.7833];[-0.1667];7712.39158),(543971.17901;[0.83];[-0.12];7750.86051;[0.7833];[-0.1667];7712.39158),(544684.09944;[0.63];[-0.32];10444.61945;[0.6352];[-0.3148];10618.76856),(545208.40740;[0.76];[-0.19];10215.95311;[0.7075];[-0.2425];10222.05796),(545600.81077;[0.84];[-0.11];9803.52399;[0.7814];[-0.1686];9765.72964),(546126.65462;[0.86];[-0.09];8932.90624;[0.8298];[-0.1202];8892.73859),(546732.37920;[0.83];[-0.12];7750.86051;[0.7833];[-0.1667];7712.39158),(547856.59170;[0.63];[-0.32];10444.61945;[0.6352];[-0.3148];10618.76856),(548422.43052;[0.76];[-0.19];10237.31501;[0.7002];[-0.2498];10234.93110),(548980.58748;[0.83];[-0.12];9851.70825;[0.7739];[-0.1761];9804.36274),(549530.99489;[0.84];[-0.11];9101.45899;[0.8193];[-0.1307];9058.23470),(550345.92080;[0.85];[-0.1];8672.11374;[0.8375];[-0.1125];8634.03331),(550446.26331;[0.85];[-0.1];8514.53516;[0.833];[-0.117];8474.95542),(550774.34015;[0.85];[-0.1];8181.94378;[0.8209];[-0.1291];8142.75803),(550926.80573;[0.85];[-0.1];7986.40831;[0.8064];[-0.1436];7945.76116),(551158.15997;[0.85];[-0.1];7980.08434;[0.8058];[-0.1442];7939.33955),(551268.33582;[0.85];[-0.1];7970.26881;[0.8036];[-0.1464];7929.34373),(551367.02561;[0.85];[-0.1];7968.74851;[0.8046];[-0.1454];7928.12420),(551633.29601;[0.85];[-0.1];7968.74851;[0.8046];[-0.1454];7928.12420),(551999.27449;[0.62];[-0.33];10437.92978;[0.6304];[-0.3196];10552.96950),(552525.75421;[0.76];[-0.19];10205.48569;[0.7064];[-0.2436];10143.81296),(552859.38668;[0.83];[-0.12];9845.29321;[0.7751];[-0.1749];9791.51913),(553398.64874;[0.84];[-0.11];9097.11541;[0.8188];[-0.1312];9053.70899),(553730.35383;[0.85];[-0.1];7968.74851;[0.8046];[-0.1454];7928.12420),(554249.51172;[0.85];[-0.1];7968.74851;[0.8046];[-0.1454];7928.12420),(554623.50464;[0.62];[-0.33];10437.92978;[0.6304];[-0.3196];10552.96950),(555120.73970;[0.76];[-0.19];10205.48569;[0.7064];[-0.2436];10143.81296),(555524.84155;[0.83];[-0.12];9845.30075;[0.775];[-0.175];9786.47989),(555997.35451;[0.84];[-0.11];9097.11541;[0.8188];[-0.1312];9053.70899),(556335.31928;[0.85];[-0.1];7968.74851;[0.8046];[-0.1454];7928.12420),(557320.66989;[0.62];[-0.33];10437.92978;[0.6304];[-0.3196];10552.96950),(557910.49218;[0.76];[-0.19];10205.48569;[0.7064];[-0.2436];10143.81296),(558255.56779;[0.83];[-0.12];9845.30075;[0.775];[-0.175];9786.47989),(558793.70999;[0.84];[-0.11];9097.23142;[0.8185];[-0.1315];9053.77816),(559928.77746;[0.85];[-0.1];8672.28740;[0.8357];[-0.1143];8634.11176),(560212.97383;[0.85];[-0.1];8516.53176;[0.8336];[-0.1164];8476.85950),(560407.57489;[0.85];[-0.1];8176.41106;[0.8187];[-0.1313];8137.29987),(560638.93104;[0.85];[-0.1];7983.84440;[0.806];[-0.144];7943.17573),(560811.38325;[0.85];[-0.1];7970.26881;[0.8036];[-0.1464];7929.34373),(560978.34563;[0.85];[-0.1];7968.74851;[0.8046];[-0.1454];7928.12420),(561656.39806;[0.62];[-0.33];10437.92978;[0.6304];[-0.3196];10552.96950),(562016.49141;[0.76];[-0.19];10182.80649;[0.7133];[-0.2367];10116.62260),(562549.51572;[0.84];[-0.11];9785.61756;[0.7851];[-0.1649];9740.76336),(562896.98863;[0.84];[-0.11];9097.23142;[0.8185];[-0.1315];9053.77816),(563739.76612;[0.85];[-0.1];8767.47981;[0.8319];[-0.1181];8729.38001),(563911.20315;[0.85];[-0.1];8523.35445;[0.8357];[-0.1143];8484.39175),(564062.00886;[0.85];[-0.1];8164.15346;[0.8176];[-0.1324];8125.32120),(564261.96146;[0.85];[-0.1];7970.26881;[0.8036];[-0.1464];7929.34373),(564487.89167;[0.85];[-0.1];7970.26881;[0.8036];[-0.1464];7929.34373),(564621.79613;[0.85];[-0.1];7968.74851;[0.8046];[-0.1454];7928.12420),(565118.57009;[0.63];[-0.32];10436.38345;[0.6434];[-0.3066];10556.37266),(565453.30167;[0.76];[-0.19];10177.91485;[0.7164];[-0.2336];10107.28926),(565876.90544;[0.84];[-0.11];9785.08339;[0.7835];[-0.1665];9722.42854),(566407.15408;[0.84];[-0.11];9104.17278;[0.8192];[-0.1308];9060.93653),(566817.45720;[0.85];[-0.1];7968.74851;[0.8046];[-0.1454];7928.12420),(567266.62183;[0.85];[-0.1];7968.74851;[0.8046];[-0.1454];7928.12420),(567720.24512;[0.63];[-0.32];10436.38345;[0.6434];[-0.3066];10556.37266),(568026.05605;[0.76];[-0.19];10177.91485;[0.7164];[-0.2336];10107.28926),(568446.75684;[0.84];[-0.11];9785.08339;[0.7835];[-0.1665];9722.42854),(569068.35914;[0.84];[-0.11];9104.17278;[0.8192];[-0.1308];9060.93653),(569434.61704;[0.85];[-0.1];7968.74851;[0.8046];[-0.1454];7928.12420),(569898.26345;[0.85];[-0.1];7968.74851;[0.8046];[-0.1454];7928.12420),(570728.04666;[0.63];[-0.32];10429.77494;[0.6433];[-0.3067];10540.85319),(571200.98591;[0.77];[-0.18];10154.91537;[0.7223];[-0.2277];10077.05785),(571596.88663;[0.84];[-0.11];9785.08339;[0.7835];[-0.1665];9722.42854),(572184.89814;[0.84];[-0.11];9104.17278;[0.8192];[-0.1308];9060.93653),(572516.92605;[0.85];[-0.1];7968.74851;[0.8046];[-0.1454];7928.12420),(572953.06087;[0.85];[-0.1];7968.74851;[0.8046];[-0.1454];7928.12420),(573493.84570;[0.63];[-0.32];10429.77494;[0.6433];[-0.3067];10540.85319),(573978.24669;[0.77];[-0.18];10154.91537;[0.7223];[-0.2277];10077.05785),(574403.05805;[0.84];[-0.11];9785.08339;[0.7835];[-0.1665];9722.42854),(574993.41702;[0.84];[-0.11];9103.84302;[0.8192];[-0.1308];9062.19120),(575336.03954;[0.85];[-0.1];7968.74851;[0.8046];[-0.1454];7928.12420),(576409.13463;[0.64];[-0.31];10420.44756;[0.6558];[-0.2942];10529.66027),(576837.19563;[0.77];[-0.18];10154.91537;[0.7223];[-0.2277];10077.05785),(577246.12737;[0.84];[-0.11];9785.08339;[0.7835];[-0.1665];9722.42854),(577796.95344;[0.84];[-0.11];9103.84302;[0.8192];[-0.1308];9062.19120),(578655.23005;[0.86];[-0.09];8788.62610;[0.8344];[-0.1156];8751.24898),(578850.66462;[0.85];[-0.1];8528.74940;[0.8365];[-0.1135];8490.04249),(578953.40705;[0.85];[-0.1];8351.50576;[0.8283];[-0.1217];8312.14697),(579123.86227;[0.85];[-0.1];8335.04001;[0.8252];[-0.1248];8295.72150),(579349.61867;[0.85];[-0.1];8151.41483;[0.8132];[-0.1368];8112.14082),(579439.04781;[0.85];[-0.1];8151.41483;[0.8132];[-0.1368];8112.14082),(580173.50388;[0.64];[-0.31];10405.27051;[0.6481];[-0.3019];10442.66929),(580732.06902;[0.78];[-0.17];10119.43246;[0.728];[-0.222];10042.42633),(581149.35303;[0.84];[-0.11];9720.65758;[0.7946];[-0.1554];9667.78651),(581509.14454;[0.87];[-0.08];8998.19026;[0.8311];[-0.1189];8958.21825),(582258.00705;[0.85];[-0.1];8151.41483;[0.8132];[-0.1368];8112.14082),(582949.51940;[0.64];[-0.31];10405.27051;[0.6481];[-0.3019];10442.66929),(583407.77612;[0.77];[-0.18];10147.13840;[0.722];[-0.228];10075.79899),(583712.07094;[0.84];[-0.11];9785.08339;[0.7835];[-0.1665];9722.42854),(584229.19440;[0.84];[-0.11];9105.77478;[0.8207];[-0.1293];9062.85584),(584590.35587;[0.86];[-0.09];8793.09109;[0.8352];[-0.1148];8755.40704),(584928.61938;[0.85];[-0.1];8528.74940;[0.8365];[-0.1135];8490.04249),(585118.12520;[0.85];[-0.1];8351.50576;[0.8283];[-0.1217];8312.14697),(585297.68610;[0.85];[-0.1];8336.72747;[0.8246];[-0.1254];8297.07779),(585446.83313;[0.85];[-0.1];8336.72747;[0.8246];[-0.1254];8297.07779),(585718.73522;[0.85];[-0.1];8335.04001;[0.8252];[-0.1248];8295.72150),(586544.28291;[0.69];[-0.26];10390.34721;[0.6617];[-0.2883];10426.39789),(586902.65274;[0.78];[-0.17];10111.69216;[0.7298];[-0.2202];10030.43659),(587295.65907;[0.84];[-0.11];9720.65758;[0.7946];[-0.1554];9667.78651),(587838.65881;[0.87];[-0.08];8999.38012;[0.8315];[-0.1185];8959.23617),(588788.96117;[0.85];[-0.1];8335.04001;[0.8252];[-0.1248];8295.72150),(589445.56689;[0.69];[-0.26];10390.34721;[0.6617];[-0.2883];10426.39789),(589770.40672;[0.78];[-0.17];10111.69216;[0.7298];[-0.2202];10030.43659),(590305.63021;[0.84];[-0.11];9782.63781;[0.7831];[-0.1669];9719.91501),(590682.13606;[0.84];[-0.11];9105.77478;[0.8207];[-0.1293];9062.85584),(590986.44280;[0.86];[-0.09];8795.17374;[0.8357];[-0.1143];8758.28837),(591120.11385;[0.85];[-0.1];8645.92700;[0.8327];[-0.1173];8606.91898),(591219.16914;[0.85];[-0.1];8351.50576;[0.8283];[-0.1217];8312.14697),(591506.20222;[0.85];[-0.1];8341.97415;[0.8269];[-0.1231];8302.39839),(591589.06698;[0.85];[-0.1];8339.59252;[0.826];[-0.124];8300.18336),(591693.45570;[0.85];[-0.1];8336.72747;[0.8246];[-0.1254];8297.07779),(591760.29062;[0.85];[-0.1];8336.72747;[0.8246];[-0.1254];8297.07779),(591826.48635;[0.85];[-0.1];8336.72747;[0.8246];[-0.1254];8297.07779),(591886.37352;[0.85];[-0.1];8336.72747;[0.8246];[-0.1254];8297.07779),(592167.73152;[0.66];[-0.29];10384.12594;[0.6595];[-0.2905];10453.98269),(592603.80030;[0.79];[-0.16];10078.21883;[0.7357];[-0.2143];9992.79853),(593237.67543;[0.84];[-0.11];9726.07034;[0.7872];[-0.1628];9675.08038),(593590.86490;[0.87];[-0.08];9002.02889;[0.8316];[-0.1184];8962.70543),(593923.33937;[0.85];[-0.1];8336.72747;[0.8246];[-0.1254];8297.07779),(594715.45863;[0.66];[-0.29];10384.12594;[0.6595];[-0.2905];10453.98269),(595161.46946;[0.79];[-0.16];10078.21883;[0.7357];[-0.2143];9992.79853),(595567.94596;[0.84];[-0.11];9725.91631;[0.7872];[-0.1628];9674.94841),(595900.27547;[0.87];[-0.08];9002.02889;[0.8316];[-0.1184];8962.70543),(596934.80682;[0.66];[-0.29];10384.12594;[0.6595];[-0.2905];10453.98269),(597316.80393;[0.79];[-0.16];10078.46659;[0.7361];[-0.2139];9993.07388),(597755.61213;[0.84];[-0.11];9726.07034;[0.7872];[-0.1628];9675.08038),(598146.82841;[0.84];[-0.11];9107.04690;[0.8213];[-0.1287];9064.17805),(598465.01017;[0.86];[-0.09];8796.22135;[0.8365];[-0.1135];8759.20662),(598655.18308;[0.85];[-0.1];8654.40604;[0.8339];[-0.1161];8615.67904),(598846.45939;[0.85];[-0.1];8348.99735;[0.8276];[-0.1224];8309.61925),(599024.87874;[0.85];[-0.1];8336.72747;[0.8246];[-0.1254];8297.07779),(599250.31734;[0.85];[-0.1];8336.72747;[0.8246];[-0.1254];8297.07779),(599331.13432;[0.85];[-0.1];8336.72747;[0.8246];[-0.1254];8297.07779),(599895.21217;[0.7];[-0.25];10366.86205;[0.6724];[-0.2776];10424.43163),(600593.33301;[0.8];[-0.15];10039.55989;[0.7408];[-0.2092];9944.45936)]"
5,8194.9659781136x69,[0.606],[-0.344],600084.20586586,"[(141.02006;[0.52];[-0.43];9225.34919;[0.5007];[-0.4493];9340.65845),(688.03000;[0.52];[-0.43];9225.34919;[0.5007];[-0.4493];9340.65845),(994.67325;[0.52];[-0.43];9225.34919;[0.5007];[-0.4493];9340.65845),(1304.75640;[0.52];[-0.43];9225.34919;[0.5007];[-0.4493];9340.65845),(1649.67370;[0.52];[-0.43];9225.34919;[0.5007];[-0.4493];9340.65845),(1962.19921;[0.52];[-0.43];9225.34919;[0.5007];[-0.4493];9340.65845),(2220.14451;[0.64];[-0.31];8233.34046;[0.606];[-0.344];8194.96598),(2401.63255;[0.6];[-0.35];7862.24017;[0.5686];[-0.3814];7820.60886),(2463.82308;[0.4];[-0.55];7196.22377;[0.4335];[-0.5165];7156.67140),(2714.88285;[0.36];[-0.59];6957.62227;[0.3663];[-0.5837];6921.53499),(2809.59296;[0.36];[-0.59];6951.47271;[0.366];[-0.584];6914.94902),(2895.07174;[0.36];[-0.59];6951.47271;[0.366];[-0.584];6914.94902),(3397.65787;[0.52];[-0.43];9225.34919;[0.5007];[-0.4493];9340.65845),(3853.51133;[0.54];[-0.41];9048.56358;[0.5489];[-0.4011];9051.93764),(4196.15555;[0.6];[-0.35];8747.70286;[0.6011];[-0.3489];8694.12452),(4584.90181;[0.64];[-0.31];8254.40864;[0.6082];[-0.3418];8211.07520),(5327.38352;[0.6];[-0.35];7889.34294;[0.5725];[-0.3775];7847.91078),(5458.39787;[0.4];[-0.55];7200.64154;[0.4348];[-0.5152];7161.10318),(5617.24544;[0.4];[-0.55];7196.22377;[0.4335];[-0.5165];7156.67140),(5929.22401;[0.4];[-0.55];7196.22377;[0.4335];[-0.5165];7156.67140),(6446.91324;[0.52];[-0.43];9225.34919;[0.5007];[-0.4493];9340.65845),(6894.62495;[0.54];[-0.41];9035.39235;[0.5503];[-0.3997];9035.41142),(7370.69702;[0.6];[-0.35];8729.93904;[0.603];[-0.347];8670.71875),(7761.45029;[0.64];[-0.31];8254.40864;[0.6082];[-0.3418];8211.07520),(8765.24687;[0.6];[-0.35];7892.61625;[0.5731];[-0.3769];7850.91140),(8866.02569;[0.58];[-0.37];7737.47243;[0.5481];[-0.4019];7696.41803),(8938.94649;[0.53];[-0.42];7561.09708;[0.5158];[-0.4342];7518.54117),(9170.35580;[0.47];[-0.48];7405.04579;[0.4865];[-0.4635];7362.98829),(9232.53393;[0.4];[-0.55];7200.64154;[0.4348];[-0.5152];7161.10318),(9465.28625;[0.4];[-0.55];7200.64154;[0.4348];[-0.5152];7161.10318),(9542.53936;[0.4];[-0.55];7196.22377;[0.4335];[-0.5165];7156.67140),(9596.78435;[0.4];[-0.55];7196.22377;[0.4335];[-0.5165];7156.67140),(9947.93963;[0.52];[-0.43];9224.46709;[0.501];[-0.449];9332.01248),(10381.80447;[0.56];[-0.39];9003.48867;[0.5553];[-0.3947];9000.35967),(10840.47389;[0.6];[-0.35];8728.95879;[0.6036];[-0.3464];8670.12828),(11276.08871;[0.64];[-0.31];8253.82419;[0.6087];[-0.3413];8210.76437),(11617.81764;[0.4];[-0.55];7196.22377;[0.4335];[-0.5165];7156.67140),(12483.78897;[0.52];[-0.43];9224.46709;[0.501];[-0.449];9332.01248),(12891.71672;[0.56];[-0.39];9003.48867;[0.5553];[-0.3947];9000.35967),(13254.62294;[0.6];[-0.35];8728.95879;[0.6036];[-0.3464];8670.12828),(13804.11243;[0.64];[-0.31];8253.82419;[0.6087];[-0.3413];8210.76437),(14654.98567;[0.6];[-0.35];7893.95204;[0.5728];[-0.3772];7852.23042),(14862.04219;[0.58];[-0.37];7739.74437;[0.5487];[-0.4013];7698.75705),(15021.77000;[0.47];[-0.48];7414.64266;[0.4888];[-0.4612];7372.68736),(15113.41619;[0.46];[-0.49];7386.53088;[0.4821];[-0.4679];7344.35415),(15276.38173;[0.46];[-0.49];7386.53088;[0.4821];[-0.4679];7344.35415),(16113.15370;[0.51];[-0.44];9218.36329;[0.5045];[-0.4455];9321.89421),(16583.58669;[0.57];[-0.38];8988.17942;[0.5567];[-0.3933];8981.64788),(17061.36942;[0.6];[-0.35];8725.30180;[0.6032];[-0.3468];8691.28196),(17403.33819;[0.64];[-0.31];8254.40864;[0.6082];[-0.3418];8211.07520),(18224.10583;[0.6];[-0.35];7895.29424;[0.5723];[-0.3777];7853.38169),(18344.57278;[0.58];[-0.37];7747.10901;[0.5499];[-0.4001];7706.30502),(18434.88812;[0.54];[-0.41];7570.21852;[0.5168];[-0.4332];7529.46362),(18670.13812;[0.47];[-0.48];7406.52434;[0.4873];[-0.4627];7364.59612),(18734.43818;[0.47];[-0.48];7402.47673;[0.486];[-0.464];7360.30773),(18866.82153;[0.46];[-0.49];7386.53088;[0.4821];[-0.4679];7344.35415),(19040.01927;[0.46];[-0.49];7386.53088;[0.4821];[-0.4679];7344.35415),(19799.73888;[0.5];[-0.45];9206.07685;[0.5096];[-0.4404];9312.08020),(20207.38459;[0.57];[-0.38];8959.07200;[0.5633];[-0.3867];8943.30813),(20813.82990;[0.6];[-0.35];8675.88297;[0.6077];[-0.3423];8636.31915),(21192.10696;[0.64];[-0.31];8271.82406;[0.6097];[-0.3403];8228.91317),(21952.52514;[0.61];[-0.34];8003.17996;[0.5873];[-0.3627];7961.84906),(22069.93198;[0.58];[-0.37];7747.10901;[0.5499];[-0.4001];7706.30502),(22180.16386;[0.47];[-0.48];7409.45068;[0.4876];[-0.4624];7367.38596),(22305.76992;[0.47];[-0.48];7404.87997;[0.4865];[-0.4635];7362.86955),(22524.65320;[0.46];[-0.49];7394.03587;[0.4843];[-0.4657];7351.78976),(22800.54426;[0.46];[-0.49];7386.53088;[0.4821];[-0.4679];7344.35415),(22943.93897;[0.46];[-0.49];7386.53088;[0.4821];[-0.4679];7344.35415),(23767.73024;[0.5];[-0.45];9189.56519;[0.5117];[-0.4383];9289.83668),(24226.98092;[0.57];[-0.38];8945.15312;[0.5618];[-0.3882];8922.23756),(24848.17052;[0.6];[-0.35];8674.79470;[0.6116];[-0.3384];8629.63752),(25210.37817;[0.64];[-0.31];8302.16125;[0.619];[-0.331];8260.12157),(26287.15992;[0.61];[-0.34];8015.64906;[0.5893];[-0.3607];7974.46177),(26405.43556;[0.58];[-0.37];7749.17834;[0.5499];[-0.4001];7708.36402),(26487.51783;[0.54];[-0.41];7570.21852;[0.5168];[-0.4332];7529.46362),(26700.58227;[0.47];[-0.48];7402.47673;[0.486];[-0.464];7360.30773),(26799.91841;[0.47];[-0.48];7402.00101;[0.486];[-0.464];7359.91132),(27008.53086;[0.46];[-0.49];7394.03587;[0.4843];[-0.4657];7351.78976),(27230.96085;[0.46];[-0.49];7386.53088;[0.4821];[-0.4679];7344.35415),(27435.97841;[0.46];[-0.49];7386.53088;[0.4821];[-0.4679];7344.35415),(27989.35843;[0.52];[-0.43];9188.49227;[0.5142];[-0.4358];9250.58671),(28759.52268;[0.57];[-0.38];8911.22012;[0.5653];[-0.3847];8883.79251),(29381.43849;[0.6];[-0.35];8674.79470;[0.6116];[-0.3384];8629.63752),(29693.50433;[0.64];[-0.31];8307.46423;[0.6197];[-0.3303];8265.48085),(30075.39821;[0.46];[-0.49];7386.53088;[0.4821];[-0.4679];7344.35415),(31097.96524;[0.52];[-0.43];9188.49227;[0.5142];[-0.4358];9250.58671),(31700.27637;[0.57];[-0.38];8911.22012;[0.5653];[-0.3847];8883.79251),(32203.77564;[0.6];[-0.35];8674.79470;[0.6116];[-0.3384];8629.63752),(32525.09499;[0.64];[-0.31];8307.46423;[0.6197];[-0.3303];8265.48085),(33193.55750;[0.61];[-0.34];8019.05383;[0.5906];[-0.3594];7977.95714),(33319.08584;[0.6];[-0.35];7879.34893;[0.5712];[-0.3788];7837.66735),(33391.01243;[0.54];[-0.41];7570.21852;[0.5168];[-0.4332];7529.46362),(33496.62757;[0.54];[-0.41];7570.05271;[0.5168];[-0.4332];7529.34488),(34185.72164;[0.52];[-0.43];9187.42569;[0.5155];[-0.4345];9245.38955),(34887.21204;[0.57];[-0.38];8889.60747;[0.57];[-0.38];8849.10769),(35357.16081;[0.61];[-0.34];8633.82067;[0.6168];[-0.3332];8579.68173),(35712.34536;[0.64];[-0.31];8212.81047;[0.6099];[-0.3401];8171.44527),(36722.47124;[0.52];[-0.43];9187.42569;[0.5155];[-0.4345];9245.38955),(37318.75920;[0.57];[-0.38];8909.61708;[0.5652];[-0.3848];8882.24321),(37907.75323;[0.6];[-0.35];8674.79470;[0.6116];[-0.3384];8629.63752),(38229.82955;[0.64];[-0.31];8308.77369;[0.6198];[-0.3302];8266.89546),(38547.73498;[0.61];[-0.34];8020.28834;[0.5902];[-0.3598];7979.30144),(38667.00339;[0.6];[-0.35];7886.93753;[0.5719];[-0.3781];7845.33711),(38774.67060;[0.58];[-0.37];7745.67910;[0.5496];[-0.4004];7704.82750),(38850.72231;[0.58];[-0.37];7737.47243;[0.5481];[-0.4019];7696.41803),(38995.22948;[0.54];[-0.41];7573.09489;[0.5175];[-0.4325];7532.41422),(39071.25688;[0.54];[-0.41];7570.05271;[0.5168];[-0.4332];7529.34488),(39125.25964;[0.54];[-0.41];7570.05271;[0.5168];[-0.4332];7529.34488),(39952.42167;[0.52];[-0.43];9185.63655;[0.5193];[-0.4307];9240.83802),(40669.48652;[0.57];[-0.38];8882.63967;[0.5696];[-0.3804];8850.97407),(41223.66524;[0.6];[-0.35];8641.72989;[0.6145];[-0.3355];8593.75679),(41680.46355;[0.64];[-0.31];8223.05101;[0.6108];[-0.3392];8181.85273),(42946.70892;[0.52];[-0.43];9185.63655;[0.5193];[-0.4307];9240.83802),(43630.39374;[0.57];[-0.38];8882.63967;[0.5696];[-0.3804];8850.97407),(44364.98570;[0.6];[-0.35];8674.79470;[0.6116];[-0.3384];8629.63752),(44700.34719;[0.64];[-0.31];8310.72541;[0.6198];[-0.3302];8268.87721),(45059.23796;[0.61];[-0.34];8021.46128;[0.5896];[-0.3604];7980.07877),(45286.63588;[0.6];[-0.35];7889.34294;[0.5725];[-0.3775];7847.91078),(45396.56901;[0.58];[-0.37];7747.10901;[0.5499];[-0.4001];7706.30502),(45500.40507;[0.58];[-0.37];7741.18893;[0.5487];[-0.4013];7700.32540),(45579.10037;[0.58];[-0.37];7737.47243;[0.5481];[-0.4019];7696.41803),(45676.49889;[0.54];[-0.41];7570.05271;[0.5168];[-0.4332];7529.34488),(46418.30230;[0.52];[-0.43];9164.95691;[0.5259];[-0.4241];9209.04858),(46808.26402;[0.57];[-0.38];8874.70278;[0.5762];[-0.3738];8835.46359),(47298.72990;[0.6];[-0.35];8647.26510;[0.6145];[-0.3355];8597.07380),(47617.94043;[0.64];[-0.31];8226.72295;[0.611];[-0.339];8185.61034),(48721.12608;[0.52];[-0.43];9164.95691;[0.5259];[-0.4241];9209.04858),(49106.19807;[0.57];[-0.38];8874.70278;[0.5762];[-0.3738];8835.46359),(49574.54538;[0.6];[-0.35];8647.26510;[0.6145];[-0.3355];8597.07380),(49922.39475;[0.64];[-0.31];8311.81894;[0.6191];[-0.3309];8269.77377),(50291.22782;[0.61];[-0.34];8021.46128;[0.5896];[-0.3604];7980.07877),(50499.25709;[0.6];[-0.35];7890.80719;[0.572];[-0.378];7849.31133),(50596.25316;[0.6];[-0.35];7876.38710;[0.5705];[-0.3795];7834.66056),(50750.19383;[0.58];[-0.37];7741.18893;[0.5487];[-0.4013];7700.32540),(50841.81714;[0.58];[-0.37];7737.47243;[0.5481];[-0.4019];7696.41803),(51232.27239;[0.58];[-0.37];7736.85340;[0.548];[-0.402];7695.83429),(51418.58721;[0.58];[-0.37];7726.56589;[0.5465];[-0.4035];7685.47623),(51576.49755;[0.58];[-0.37];7722.91748;[0.5458];[-0.4042];7681.79219),(51667.67740;[0.58];[-0.37];7722.91748;[0.5458];[-0.4042];7681.79219),(52253.54171;[0.52];[-0.43];9148.89336;[0.5307];[-0.4193];9189.04549),(52767.78722;[0.58];[-0.37];8856.49104;[0.5818];[-0.3682];8810.12839),(53095.89243;[0.61];[-0.34];8607.18052;[0.621];[-0.329];8554.44795),(53437.08110;[0.64];[-0.31];8227.75640;[0.6116];[-0.3384];8186.58304),(53817.57379;[0.58];[-0.37];7722.91748;[0.5458];[-0.4042];7681.79219),(54853.95432;[0.52];[-0.43];9129.05510;[0.5349];[-0.4151];9167.63932),(55324.14556;[0.58];[-0.37];8856.49104;[0.5818];[-0.3682];8810.12839),(55698.18211;[0.61];[-0.34];8607.18052;[0.621];[-0.329];8554.44795),(56053.42674;[0.64];[-0.31];8227.75640;[0.6116];[-0.3384];8186.58304),(57560.47654;[0.52];[-0.43];9129.05510;[0.5349];[-0.4151];9167.63932),(58020.07318;[0.58];[-0.37];8856.49104;[0.5818];[-0.3682];8810.12839),(58513.74984;[0.6];[-0.35];8648.13373;[0.6149];[-0.3351];8600.26197),(58904.56462;[0.64];[-0.31];8312.22265;[0.6186];[-0.3314];8269.67151),(59511.20567;[0.61];[-0.34];8021.62753;[0.5892];[-0.3608];7979.94651),(59619.09318;[0.6];[-0.35];7891.77662;[0.5726];[-0.3774];7850.36906),(59709.66125;[0.6];[-0.35];7879.34893;[0.5712];[-0.3788];7837.66735),(59824.26548;[0.58];[-0.37];7739.74437;[0.5487];[-0.4013];7698.75705),(60142.22908;[0.58];[-0.37];7737.47243;[0.5481];[-0.4019];7696.41803),(60198.21978;[0.58];[-0.37];7737.47243;[0.5481];[-0.4019];7696.41803),(60358.54816;[0.58];[-0.37];7734.02997;[0.5475];[-0.4025];7692.89830),(60825.17600;[0.58];[-0.37];7722.91748;[0.5458];[-0.4042];7681.79219),(61380.36323;[0.52];[-0.43];9105.22003;[0.5341];[-0.4159];9129.86884),(61785.92205;[0.58];[-0.37];8840.65734;[0.5835];[-0.3665];8793.01219),(62281.46100;[0.61];[-0.34];8607.35587;[0.621];[-0.329];8554.64480),(62645.21027;[0.64];[-0.31];8228.75470;[0.6115];[-0.3385];8187.70275),(63082.52764;[0.58];[-0.37];7722.91748;[0.5458];[-0.4042];7681.79219),(64421.93460;[0.52];[-0.43];9082.14167;[0.5353];[-0.4147];9099.08877),(64826.72763;[0.58];[-0.37];8840.65734;[0.5835];[-0.3665];8793.01219),(65307.57928;[0.61];[-0.34];8607.35587;[0.621];[-0.329];8554.64480),(65689.74924;[0.64];[-0.31];8228.75470;[0.6115];[-0.3385];8187.70275),(66770.43414;[0.58];[-0.37];7722.91748;[0.5458];[-0.4042];7681.79219),(67522.34101;[0.52];[-0.43];9082.14167;[0.5353];[-0.4147];9099.08877),(68012.07352;[0.58];[-0.37];8840.65734;[0.5835];[-0.3665];8793.01219),(68456.70843;[0.61];[-0.34];8607.35587;[0.621];[-0.329];8554.64480),(68829.06008;[0.64];[-0.31];8228.75470;[0.6115];[-0.3385];8187.70275),(68963.38582;[0.61];[-0.34];8018.65175;[0.5902];[-0.3598];7977.68606),(69207.06272;[0.6];[-0.35];7889.34294;[0.5725];[-0.3775];7847.91078),(69287.06479;[0.58];[-0.37];7737.47243;[0.5481];[-0.4019];7696.41803),(69723.71626;[0.58];[-0.37];7737.47243;[0.5481];[-0.4019];7696.41803),(69782.52244;[0.58];[-0.37];7737.47243;[0.5481];[-0.4019];7696.41803),(69912.86612;[0.58];[-0.37];7734.02997;[0.5475];[-0.4025];7692.89830),(70412.35614;[0.53];[-0.42];9072.56422;[0.5416];[-0.4084];9078.45978),(70885.98490;[0.6];[-0.35];8783.04400;[0.5946];[-0.3554];8738.86653),(71292.83094;[0.64];[-0.31];8411.93003;[0.6176];[-0.3324];8366.72065),(71669.50130;[0.58];[-0.37];7734.02997;[0.5475];[-0.4025];7692.89830),(72385.34641;[0.58];[-0.37];7734.02997;[0.5475];[-0.4025];7692.89830),(72999.47834;[0.53];[-0.42];9065.16815;[0.5434];[-0.4066];9080.79041),(73479.95043;[0.6];[-0.35];8783.04400;[0.5946];[-0.3554];8738.86653),(73831.25710;[0.64];[-0.31];8411.93003;[0.6176];[-0.3324];8366.72065),(74204.67830;[0.58];[-0.37];7734.02997;[0.5475];[-0.4025];7692.89830),(75495.35203;[0.53];[-0.42];9065.16815;[0.5434];[-0.4066];9080.79041),(76002.41518;[0.6];[-0.35];8783.04400;[0.5946];[-0.3554];8738.86653),(76334.60903;[0.64];[-0.31];8411.93003;[0.6176];[-0.3324];8366.72065),(77076.63822;[0.64];[-0.31];8128.15448;[0.6029];[-0.3471];8087.88765),(77235.59952;[0.6];[-0.35];7892.34690;[0.5729];[-0.3771];7850.83902),(77313.39979;[0.6];[-0.35];7888.88263;[0.5723];[-0.3777];7847.44299),(77501.37496;[0.6];[-0.35];7879.34893;[0.5712];[-0.3788];7837.66735),(77634.20057;[0.58];[-0.37];7737.47243;[0.5481];[-0.4019];7696.41803),(77760.87952;[0.58];[-0.37];7734.02997;[0.5475];[-0.4025];7692.89830),(78856.59337;[0.54];[-0.41];9057.04629;[0.547];[-0.403];9064.29846),(79365.19027;[0.6];[-0.35];8783.00827;[0.5941];[-0.3559];8738.62007),(79687.01506;[0.61];[-0.34];8572.44428;[0.6226];[-0.3274];8521.37122),(80103.42336;[0.64];[-0.31];8129.80671;[0.6028];[-0.3472];8089.54364),(80398.84233;[0.6];[-0.35];7892.61625;[0.5731];[-0.3769];7850.91140),(80509.87697;[0.6];[-0.35];7888.88263;[0.5723];[-0.3777];7847.44299),(80568.80379;[0.6];[-0.35];7879.34893;[0.5712];[-0.3788];7837.66735),(80690.56702;[0.6];[-0.35];7876.38710;[0.5705];[-0.3795];7834.66056),(80748.29721;[0.6];[-0.35];7876.38710;[0.5705];[-0.3795];7834.66056),(81251.03092;[0.54];[-0.41];9035.39235;[0.5503];[-0.3997];9035.41142),(81708.57358;[0.6];[-0.35];8765.56237;[0.5974];[-0.3526];8718.86841),(82089.92720;[0.64];[-0.31];8445.81068;[0.6208];[-0.3292];8394.38056),(82731.67658;[0.64];[-0.31];8130.91267;[0.6028];[-0.3472];8090.68367),(82843.30106;[0.61];[-0.34];8010.60038;[0.5887];[-0.3613];7969.36324),(82939.85891;[0.6];[-0.35];7888.88263;[0.5723];[-0.3777];7847.44299),(83022.07685;[0.6];[-0.35];7876.38710;[0.5705];[-0.3795];7834.66056),(83165.68875;[0.6];[-0.35];7876.38710;[0.5705];[-0.3795];7834.66056),(83208.70352;[0.6];[-0.35];7876.38710;[0.5705];[-0.3795];7834.66056),(83661.38005;[0.55];[-0.4];9023.13766;[0.5544];[-0.3956];9030.97219),(83995.11909;[0.6];[-0.35];8765.56237;[0.5974];[-0.3526];8718.86841),(84283.33592;[0.64];[-0.31];8448.13414;[0.6209];[-0.3291];8396.78634),(84839.46586;[0.64];[-0.31];8131.25372;[0.6021];[-0.3479];8090.78070),(84966.68720;[0.61];[-0.34];8012.73075;[0.589];[-0.361];7971.54033),(85062.21914;[0.6];[-0.35];7888.88263;[0.5723];[-0.3777];7847.44299),(85225.30961;[0.6];[-0.35];7879.34893;[0.5712];[-0.3788];7837.66735),(85299.28899;[0.6];[-0.35];7876.38710;[0.5705];[-0.3795];7834.66056),(85545.04061;[0.6];[-0.35];7876.38710;[0.5705];[-0.3795];7834.66056),(85588.73105;[0.6];[-0.35];7876.38710;[0.5705];[-0.3795];7834.66056),(86112.75840;[0.56];[-0.39];9003.48867;[0.5553];[-0.3947];9000.35967),(86679.63290;[0.6];[-0.35];8730.22224;[0.6024];[-0.3476];8670.68904),(86992.67507;[0.64];[-0.31];8388.26673;[0.621];[-0.329];8344.96824),(87297.84346;[0.6];[-0.35];7876.38710;[0.5705];[-0.3795];7834.66056),(88209.05185;[0.57];[-0.38];8979.51239;[0.5571];[-0.3929];8959.67693),(88687.87503;[0.6];[-0.35];8710.44129;[0.6061];[-0.3439];8674.99098),(89030.14827;[0.64];[-0.31];8388.26673;[0.621];[-0.329];8344.96824),(89729.07639;[0.64];[-0.31];8132.35013;[0.6028];[-0.3472];8091.94276),(89873.02756;[0.61];[-0.34];8012.73075;[0.589];[-0.361];7971.54033),(89961.57241;[0.6];[-0.35];7886.93753;[0.5719];[-0.3781];7845.33711),(90049.53694;[0.6];[-0.35];7879.34893;[0.5712];[-0.3788];7837.66735),(90144.49787;[0.6];[-0.35];7876.38710;[0.5705];[-0.3795];7834.66056),(90236.80329;[0.6];[-0.35];7876.38710;[0.5705];[-0.3795];7834.66056),(90650.25544;[0.57];[-0.38];8983.04880;[0.5573];[-0.3927];8963.25914),(91288.82694;[0.6];[-0.35];8734.25763;[0.5988];[-0.3512];8685.60287),(91619.51137;[0.64];[-0.31];8449.27240;[0.6208];[-0.3292];8397.63731),(92026.22676;[0.64];[-0.31];8132.40136;[0.602];[-0.348];8091.45011),(92262.80308;[0.61];[-0.34];8015.64906;[0.5893];[-0.3607];7974.46177),(92353.99103;[0.6];[-0.35];7886.93753;[0.5719];[-0.3781];7845.33711),(92436.49650;[0.6];[-0.35];7876.38710;[0.5705];[-0.3795];7834.66056),(93132.00760;[0.57];[-0.38];8929.34816;[0.5638];[-0.3862];8903.05227),(93447.36743;[0.6];[-0.35];8689.89626;[0.609];[-0.341];8652.17075),(93759.74917;[0.64];[-0.31];8310.72541;[0.6198];[-0.3302];8268.87721),(94543.58172;[0.6];[-0.35];7876.38710;[0.5705];[-0.3795];7834.66056),(94926.73063;[0.57];[-0.38];8959.07200;[0.5633];[-0.3867];8943.30813),(95254.75216;[0.6];[-0.35];8744.33509;[0.6005];[-0.3495];8695.70124),(95564.80956;[0.64];[-0.31];8449.91964;[0.6203];[-0.3297];8398.00461),(95878.41439;[0.64];[-0.31];8222.61571;[0.6109];[-0.3391];8181.45634),(96105.97587;[0.61];[-0.34];8017.31907;[0.5898];[-0.3602];7976.30310),(96204.77200;[0.6];[-0.35];7886.81055;[0.5719];[-0.3781];7845.24032),(96320.82605;[0.6];[-0.35];7879.34893;[0.5712];[-0.3788];7837.66735),(96398.77892;[0.6];[-0.35];7876.38710;[0.5705];[-0.3795];7834.66056),(97037.76503;[0.57];[-0.38];8910.64400;[0.5654];[-0.3846];8883.33330),(97365.35788;[0.6];[-0.35];8691.09408;[0.6088];[-0.3412];8653.33896),(98010.06794;[0.64];[-0.31];8396.82718;[0.616];[-0.334];8353.23986),(98580.02687;[0.64];[-0.31];8226.31679;[0.6114];[-0.3386];8185.24561),(98726.92394;[0.61];[-0.34];8018.65175;[0.5902];[-0.3598];7977.68606),(98837.72922;[0.6];[-0.35];7886.81055;[0.5719];[-0.3781];7845.24032),(98941.82420;[0.6];[-0.35];7879.34893;[0.5712];[-0.3788];7837.66735),(99044.95740;[0.6];[-0.35];7876.38710;[0.5705];[-0.3795];7834.66056),(99895.99276;[0.57];[-0.38];8889.60747;[0.57];[-0.38];8849.10769),(100258.90517;[0.6];[-0.35];8693.33869;[0.6088];[-0.3412];8655.40310),(100566.11824;[0.64];[-0.31];8409.10384;[0.6179];[-0.3321];8364.04620),(101242.73944;[0.64];[-0.31];8227.75640;[0.6116];[-0.3384];8186.58304),(101415.91573;[0.61];[-0.34];8019.05383;[0.5906];[-0.3594];7977.95714),(101516.71004;[0.61];[-0.34];8010.60038;[0.5887];[-0.3613];7969.36324),(101660.19535;[0.61];[-0.34];8010.60038;[0.5887];[-0.3613];7969.36324),(101955.39069;[0.6];[-0.35];7876.38710;[0.5705];[-0.3795];7834.66056),(102416.82172;[0.57];[-0.38];8881.20094;[0.5731];[-0.3769];8839.63369),(102877.93136;[0.6];[-0.35];8669.87964;[0.6119];[-0.3381];8625.00554),(103224.58720;[0.64];[-0.31];8312.81932;[0.6181];[-0.3319];8269.96781),(104493.58654;[0.57];[-0.38];8881.20094;[0.5731];[-0.3769];8839.63369),(104951.75600;[0.6];[-0.35];8693.33869;[0.6088];[-0.3412];8655.40310),(105300.10319;[0.64];[-0.31];8411.02719;[0.6179];[-0.3321];8365.95275),(105598.27018;[0.64];[-0.31];8229.58460;[0.6108];[-0.3392];8188.11109),(105722.99933;[0.64];[-0.31];8126.75399;[0.6021];[-0.3479];8086.37505),(105927.50645;[0.61];[-0.34];8013.89616;[0.5898];[-0.3602];7972.87664),(106032.79853;[0.61];[-0.34];8012.73075;[0.589];[-0.361];7971.54033),(106105.90196;[0.61];[-0.34];8010.60038;[0.5887];[-0.3613];7969.36324),(107048.47002;[0.57];[-0.38];8874.70278;[0.5762];[-0.3738];8835.46359),(107401.48520;[0.6];[-0.35];8672.84552;[0.612];[-0.338];8627.97761),(107865.80038;[0.64];[-0.31];8377.51844;[0.6194];[-0.3306];8334.18627),(109563.08198;[0.57];[-0.38];8874.70278;[0.5762];[-0.3738];8835.46359),(109910.12502;[0.6];[-0.35];8672.84552;[0.612];[-0.338];8627.97761),(110286.85451;[0.64];[-0.31];8411.58088;[0.6175];[-0.3325];8366.32952),(110584.09262;[0.64];[-0.31];8230.28739;[0.6113];[-0.3387];8188.85072),(110709.19728;[0.64];[-0.31];8128.02177;[0.6029];[-0.3471];8087.78364),(110947.53957;[0.61];[-0.34];8013.89616;[0.5898];[-0.3602];7972.87664),(111043.27059;[0.61];[-0.34];8012.48485;[0.5894];[-0.3606];7971.34951),(111306.78916;[0.61];[-0.34];8010.60038;[0.5887];[-0.3613];7969.36324),(111477.06532;[0.61];[-0.34];8010.60038;[0.5887];[-0.3613];7969.36324),(111529.41298;[0.61];[-0.34];8010.60038;[0.5887];[-0.3613];7969.36324),(111958.54807;[0.58];[-0.37];8844.04456;[0.5838];[-0.3662];8796.42779),(112434.15952;[0.61];[-0.34];8633.85038;[0.6164];[-0.3336];8579.70059),(112737.66851;[0.64];[-0.31];8385.06845;[0.6211];[-0.3289];8341.88365),(113058.79998;[0.61];[-0.34];8010.60038;[0.5887];[-0.3613];7969.36324),(113463.87315;[0.61];[-0.34];8010.60038;[0.5887];[-0.3613];7969.36324),(113851.81618;[0.58];[-0.37];8844.04456;[0.5838];[-0.3662];8796.42779),(114268.95285;[0.61];[-0.34];8633.85038;[0.6164];[-0.3336];8579.70059),(114598.99139;[0.64];[-0.31];8385.06845;[0.6211];[-0.3289];8341.88365),(114928.34711;[0.61];[-0.34];8010.60038;[0.5887];[-0.3613];7969.36324),(115747.34640;[0.58];[-0.37];8829.25400;[0.5857];[-0.3643];8779.08258),(116120.24331;[0.61];[-0.34];8608.50115;[0.6206];[-0.3294];8555.60576),(116458.44102;[0.64];[-0.31];8230.28739;[0.6113];[-0.3387];8188.85072),(116592.14568;[0.64];[-0.31];8128.68449;[0.6028];[-0.3472];8088.48408),(116741.69278;[0.61];[-0.34];8013.89616;[0.5898];[-0.3602];7972.87664),(116841.03107;[0.61];[-0.34];8012.48485;[0.5894];[-0.3606];7971.34951),(117013.75222;[0.61];[-0.34];8010.60038;[0.5887];[-0.3613];7969.36324),(117073.02594;[0.61];[-0.34];8010.60038;[0.5887];[-0.3613];7969.36324),(117293.69926;[0.61];[-0.34];8010.60038;[0.5887];[-0.3613];7969.36324),(117732.90086;[0.6];[-0.35];8799.22409;[0.5919];[-0.3581];8756.45035),(118054.31080;[0.61];[-0.34];8580.62933;[0.623];[-0.327];8529.63232),(118383.99172;[0.61];[-0.34];8010.60038;[0.5887];[-0.3613];7969.36324),(118962.19707;[0.61];[-0.34];8010.60038;[0.5887];[-0.3613];7969.36324),(119351.32790;[0.6];[-0.35];8782.65698;[0.5953];[-0.3547];8738.69550),(119676.52607;[0.61];[-0.34];8580.62933;[0.623];[-0.327];8529.63232),(119973.68360;[0.61];[-0.34];8010.60038;[0.5887];[-0.3613];7969.36324),(120391.12568;[0.61];[-0.34];8010.60038;[0.5887];[-0.3613];7969.36324),(120716.52651;[0.6];[-0.35];8782.65698;[0.5953];[-0.3547];8738.69550),(121031.15606;[0.61];[-0.34];8580.62933;[0.623];[-0.327];8529.63232),(121366.72068;[0.61];[-0.34];8010.60038;[0.5887];[-0.3613];7969.36324),(122449.24521;[0.6];[-0.35];8750.06789;[0.5979];[-0.3521];8684.84177),(122744.44175;[0.64];[-0.31];8447.87079;[0.6211];[-0.3289];8396.51512),(123411.58605;[0.64];[-0.31];8230.42443;[0.6106];[-0.3394];8188.69485),(123638.62419;[0.64];[-0.31];8128.68449;[0.6028];[-0.3472];8088.48408),(123763.45682;[0.61];[-0.34];8013.89616;[0.5898];[-0.3602];7972.87664),(123861.36746;[0.61];[-0.34];8010.60038;[0.5887];[-0.3613];7969.36324),(124291.63551;[0.61];[-0.34];8010.60038;[0.5887];[-0.3613];7969.36324),(124350.87824;[0.61];[-0.34];8010.60038;[0.5887];[-0.3613];7969.36324),(124408.28204;[0.61];[-0.34];8010.60038;[0.5887];[-0.3613];7969.36324),(124734.69520;[0.6];[-0.35];8763.31039;[0.598];[-0.352];8712.21684),(125092.66591;[0.61];[-0.34];8584.06996;[0.6231];[-0.3269];8533.03981),(125394.02008;[0.64];[-0.31];8299.41202;[0.6182];[-0.3318];8257.32019),(125557.27339;[0.64];[-0.31];8130.91267;[0.6028];[-0.3472];8090.68367),(125748.33608;[0.64];[-0.31];8120.32403;[0.6012];[-0.3488];8079.86996),(125853.69015;[0.61];[-0.34];8012.48485;[0.5894];[-0.3606];7971.34951),(126015.35940;[0.61];[-0.34];8010.60038;[0.5887];[-0.3613];7969.36324),(126587.12697;[0.61];[-0.34];8010.60038;[0.5887];[-0.3613];7969.36324),(126642.80510;[0.61];[-0.34];8010.60038;[0.5887];[-0.3613];7969.36324),(127035.71963;[0.6];[-0.35];8710.44129;[0.6061];[-0.3439];8674.99098),(127339.74314;[0.64];[-0.31];8388.17771;[0.6199];[-0.3301];8344.27378),(127877.63500;[0.61];[-0.34];8010.60038;[0.5887];[-0.3613];7969.36324),(128759.63211;[0.61];[-0.34];8010.60038;[0.5887];[-0.3613];7969.36324),(129192.89923;[0.6];[-0.35];8710.44129;[0.6061];[-0.3439];8674.99098),(129490.26346;[0.64];[-0.31];8450.21506;[0.6205];[-0.3295];8398.40763),(129799.85476;[0.61];[-0.34];8010.60038;[0.5887];[-0.3613];7969.36324),(130827.00729;[0.6];[-0.35];8710.44129;[0.6061];[-0.3439];8674.99098),(131133.51059;[0.64];[-0.31];8450.21506;[0.6205];[-0.3295];8398.40763),(131924.86048;[0.64];[-0.31];8308.77369;[0.6198];[-0.3302];8266.89546),(132343.01710;[0.64];[-0.31];8130.95140;[0.6029];[-0.3471];8090.58741),(132442.07811;[0.64];[-0.31];8128.15448;[0.6029];[-0.3471];8087.88765),(132595.31331;[0.64];[-0.31];8126.75399;[0.6021];[-0.3479];8086.37505),(132697.81208;[0.64];[-0.31];8120.32403;[0.6012];[-0.3488];8079.86996),(132766.62612;[0.64];[-0.31];8120.32403;[0.6012];[-0.3488];8079.86996),(132819.12994;[0.64];[-0.31];8120.32403;[0.6012];[-0.3488];8079.86996),(132912.33993;[0.64];[-0.31];8117.48368;[0.6004];[-0.3496];8076.96063),(132970.46971;[0.64];[-0.31];8117.48368;[0.6004];[-0.3496];8076.96063),(133414.67094;[0.6];[-0.35];8689.89626;[0.609];[-0.341];8652.17075),(133763.91864;[0.64];[-0.31];8389.14897;[0.6195];[-0.3305];8344.91775),(134069.15545;[0.64];[-0.31];8117.48368;[0.6004];[-0.3496];8076.96063),(134321.39373;[0.64];[-0.31];8117.48368;[0.6004];[-0.3496];8076.96063),(134646.24906;[0.6];[-0.35];8655.19818;[0.6149];[-0.3351];8604.81473),(134953.52507;[0.64];[-0.31];8389.14897;[0.6195];[-0.3305];8344.91775),(135301.95427;[0.64];[-0.31];8117.48368;[0.6004];[-0.3496];8076.96063),(135557.96647;[0.64];[-0.31];8117.48368;[0.6004];[-0.3496];8076.96063),(135887.55274;[0.6];[-0.35];8655.19818;[0.6149];[-0.3351];8604.81473),(136228.83797;[0.64];[-0.31];8389.14897;[0.6195];[-0.3305];8344.91775),(136546.24414;[0.64];[-0.31];8117.48368;[0.6004];[-0.3496];8076.96063),(136828.65119;[0.64];[-0.31];8117.48368;[0.6004];[-0.3496];8076.96063),(137315.74225;[0.61];[-0.34];8630.72970;[0.6176];[-0.3324];8577.77707),(137628.34454;[0.64];[-0.31];8309.71779;[0.6197];[-0.3303];8267.84453),(137771.50488;[0.64];[-0.31];8223.95121;[0.6113];[-0.3387];8182.87658),(137906.29077;[0.64];[-0.31];8128.68449;[0.6028];[-0.3472];8088.48408),(137989.07185;[0.64];[-0.31];8126.75399;[0.6021];[-0.3479];8086.37505),(138068.17555;[0.64];[-0.31];8117.48368;[0.6004];[-0.3496];8076.96063),(138629.13156;[0.61];[-0.34];8585.62661;[0.6227];[-0.3273];8533.75099),(139201.66278;[0.64];[-0.31];8310.72541;[0.6198];[-0.3302];8268.87721),(139332.06820;[0.64];[-0.31];8226.31679;[0.6114];[-0.3386];8185.24561),(139608.81901;[0.64];[-0.31];8128.68449;[0.6028];[-0.3472];8088.48408),(139800.70162;[0.64];[-0.31];8126.75399;[0.6021];[-0.3479];8086.37505),(139971.92812;[0.64];[-0.31];8120.32403;[0.6012];[-0.3488];8079.86996),(140065.00149;[0.64];[-0.31];8117.48368;[0.6004];[-0.3496];8076.96063),(140781.76832;[0.64];[-0.31];8468.25518;[0.6179];[-0.3321];8414.90555),(141371.40059;[0.64];[-0.31];8311.81894;[0.6191];[-0.3309];8269.77377),(141481.34780;[0.64];[-0.31];8227.56550;[0.6117];[-0.3383];8186.53276),(141901.03388;[0.64];[-0.31];8128.68449;[0.6028];[-0.3472];8088.48408),(142013.68260;[0.64];[-0.31];8127.99668;[0.6028];[-0.3472];8087.73235),(142090.77764;[0.64];[-0.31];8126.41318;[0.6026];[-0.3474];8086.05087),(142175.60244;[0.64];[-0.31];8120.32403;[0.6012];[-0.3488];8079.86996),(142312.44254;[0.64];[-0.31];8120.32403;[0.6012];[-0.3488];8079.86996),(143034.94668;[0.64];[-0.31];8406.09114;[0.6174];[-0.3326];8360.93955),(143720.02959;[0.64];[-0.31];8117.48368;[0.6004];[-0.3496];8076.96063),(144431.18405;[0.64];[-0.31];8406.09114;[0.6174];[-0.3326];8360.93955),(144536.44776;[0.64];[-0.31];8308.94047;[0.6201];[-0.3299];8267.11721),(144648.96536;[0.64];[-0.31];8228.22169;[0.6108];[-0.3392];8186.91180),(144742.07044;[0.64];[-0.31];8223.95121;[0.6113];[-0.3387];8182.87658),(144844.67387;[0.64];[-0.31];8128.15448;[0.6029];[-0.3471];8087.88765),(145017.43531;[0.64];[-0.31];8120.32403;[0.6012];[-0.3488];8079.86996),(145140.39993;[0.64];[-0.31];8120.32403;[0.6012];[-0.3488];8079.86996),(145262.34007;[0.64];[-0.31];8120.32403;[0.6012];[-0.3488];8079.86996),(145325.92821;[0.64];[-0.31];8120.32403;[0.6012];[-0.3488];8079.86996),(145621.59991;[0.64];[-0.31];8120.32403;[0.6012];[-0.3488];8079.86996),(145875.34070;[0.64];[-0.31];8120.32403;[0.6012];[-0.3488];8079.86996),(146388.84854;[0.64];[-0.31];8120.32403;[0.6012];[-0.3488];8079.86996),(147402.86016;[0.52];[-0.43];9225.34919;[0.5007];[-0.4493];9340.65845),(147709.43761;[0.52];[-0.43];9225.34919;[0.5007];[-0.4493];9340.65845),(148027.10009;[0.52];[-0.43];9225.34919;[0.5007];[-0.4493];9340.65845),(148347.53633;[0.52];[-0.43];9225.34919;[0.5007];[-0.4493];9340.65845),(148662.85205;[0.52];[-0.43];9225.34919;[0.5007];[-0.4493];9340.65845),(148947.98183;[0.64];[-0.31];8233.34046;[0.606];[-0.344];8194.96598),(149134.19175;[0.6];[-0.35];7862.24017;[0.5686];[-0.3814];7820.60886),(149199.01228;[0.4];[-0.55];7196.22377;[0.4335];[-0.5165];7156.67140),(149457.83186;[0.36];[-0.59];6957.62227;[0.3663];[-0.5837];6921.53499),(149543.21361;[0.36];[-0.59];6951.47271;[0.366];[-0.584];6914.94902),(149631.52337;[0.36];[-0.59];6951.47271;[0.366];[-0.584];6914.94902),(150156.37660;[0.52];[-0.43];9225.34919;[0.5007];[-0.4493];9340.65845),(150600.75355;[0.54];[-0.41];9048.56358;[0.5489];[-0.4011];9051.93764),(150947.05772;[0.6];[-0.35];8747.70286;[0.6011];[-0.3489];8694.12452),(151350.85177;[0.64];[-0.31];8254.40864;[0.6082];[-0.3418];8211.07520),(152056.61273;[0.6];[-0.35];7889.34294;[0.5725];[-0.3775];7847.91078),(152171.15211;[0.4];[-0.55];7200.64154;[0.4348];[-0.5152];7161.10318),(152329.10776;[0.4];[-0.55];7196.22377;[0.4335];[-0.5165];7156.67140),(152638.47589;[0.4];[-0.55];7196.22377;[0.4335];[-0.5165];7156.67140),(153185.72450;[0.52];[-0.43];9225.34919;[0.5007];[-0.4493];9340.65845),(153634.05395;[0.54];[-0.41];9035.39235;[0.5503];[-0.3997];9035.41142),(154094.56968;[0.6];[-0.35];8729.93904;[0.603];[-0.347];8670.71875),(154476.18103;[0.64];[-0.31];8254.40864;[0.6082];[-0.3418];8211.07520),(155463.52720;[0.6];[-0.35];7892.61625;[0.5731];[-0.3769];7850.91140),(155582.24559;[0.58];[-0.37];7737.47243;[0.5481];[-0.4019];7696.41803),(155663.66839;[0.53];[-0.42];7561.09708;[0.5158];[-0.4342];7518.54117),(155941.67995;[0.47];[-0.48];7405.04579;[0.4865];[-0.4635];7362.98829),(156008.04019;[0.4];[-0.55];7200.64154;[0.4348];[-0.5152];7161.10318),(156248.49033;[0.4];[-0.55];7200.64154;[0.4348];[-0.5152];7161.10318),(156324.48721;[0.4];[-0.55];7196.22377;[0.4335];[-0.5165];7156.67140),(156370.97788;[0.4];[-0.55];7196.22377;[0.4335];[-0.5165];7156.67140),(156743.53075;[0.52];[-0.43];9224.46709;[0.501];[-0.449];9332.01248),(157153.51224;[0.56];[-0.39];9003.48867;[0.5553];[-0.3947];9000.35967),(157638.46278;[0.6];[-0.35];8728.95879;[0.6036];[-0.3464];8670.12828),(158059.21412;[0.64];[-0.31];8253.82419;[0.6087];[-0.3413];8210.76437),(158363.82532;[0.4];[-0.55];7196.22377;[0.4335];[-0.5165];7156.67140),(159237.31804;[0.52];[-0.43];9224.46709;[0.501];[-0.449];9332.01248),(159687.56628;[0.56];[-0.39];9003.48867;[0.5553];[-0.3947];9000.35967),(160046.36407;[0.6];[-0.35];8728.95879;[0.6036];[-0.3464];8670.12828),(160611.21225;[0.64];[-0.31];8253.82419;[0.6087];[-0.3413];8210.76437),(161412.49871;[0.6];[-0.35];7893.95204;[0.5728];[-0.3772];7852.23042),(161630.88918;[0.58];[-0.37];7739.74437;[0.5487];[-0.4013];7698.75705),(161791.64934;[0.47];[-0.48];7414.64266;[0.4888];[-0.4612];7372.68736),(161883.79622;[0.46];[-0.49];7386.53088;[0.4821];[-0.4679];7344.35415),(162047.89567;[0.46];[-0.49];7386.53088;[0.4821];[-0.4679];7344.35415),(162820.06693;[0.51];[-0.44];9218.36329;[0.5045];[-0.4455];9321.89421),(163351.88389;[0.57];[-0.38];8988.17942;[0.5567];[-0.3933];8981.64788),(163818.05730;[0.6];[-0.35];8725.30180;[0.6032];[-0.3468];8691.28196),(164174.25990;[0.64];[-0.31];8254.40864;[0.6082];[-0.3418];8211.07520),(164955.38568;[0.6];[-0.35];7895.29424;[0.5723];[-0.3777];7853.38169),(165068.84766;[0.58];[-0.37];7747.10901;[0.5499];[-0.4001];7706.30502),(165160.88080;[0.54];[-0.41];7570.21852;[0.5168];[-0.4332];7529.46362),(165420.30478;[0.47];[-0.48];7406.52434;[0.4873];[-0.4627];7364.59612),(165482.94163;[0.47];[-0.48];7402.47673;[0.486];[-0.464];7360.30773),(165619.76099;[0.46];[-0.49];7386.53088;[0.4821];[-0.4679];7344.35415),(165778.32079;[0.46];[-0.49];7386.53088;[0.4821];[-0.4679];7344.35415),(166550.19546;[0.5];[-0.45];9206.07685;[0.5096];[-0.4404];9312.08020),(166970.19982;[0.57];[-0.38];8959.07200;[0.5633];[-0.3867];8943.30813),(167587.79812;[0.6];[-0.35];8675.88297;[0.6077];[-0.3423];8636.31915),(167970.86358;[0.64];[-0.31];8271.82406;[0.6097];[-0.3403];8228.91317),(168696.89131;[0.61];[-0.34];8003.17996;[0.5873];[-0.3627];7961.84906),(168810.76717;[0.58];[-0.37];7747.10901;[0.5499];[-0.4001];7706.30502),(168929.04925;[0.47];[-0.48];7409.45068;[0.4876];[-0.4624];7367.38596),(169047.47677;[0.47];[-0.48];7404.87997;[0.4865];[-0.4635];7362.86955),(169213.50670;[0.46];[-0.49];7394.03587;[0.4843];[-0.4657];7351.78976),(169413.71322;[0.46];[-0.49];7386.53088;[0.4821];[-0.4679];7344.35415),(169512.22157;[0.46];[-0.49];7386.53088;[0.4821];[-0.4679];7344.35415),(170219.37132;[0.5];[-0.45];9189.56519;[0.5117];[-0.4383];9289.83668),(170745.47219;[0.57];[-0.38];8945.15312;[0.5618];[-0.3882];8922.23756),(171388.84807;[0.6];[-0.35];8674.79470;[0.6116];[-0.3384];8629.63752),(171759.07421;[0.64];[-0.31];8302.16125;[0.619];[-0.331];8260.12157),(172765.00511;[0.61];[-0.34];8015.64906;[0.5893];[-0.3607];7974.46177),(172883.96955;[0.58];[-0.37];7749.17834;[0.5499];[-0.4001];7708.36402),(172970.27683;[0.54];[-0.41];7570.21852;[0.5168];[-0.4332];7529.46362),(173194.42320;[0.47];[-0.48];7402.47673;[0.486];[-0.464];7360.30773),(173282.81665;[0.47];[-0.48];7402.00101;[0.486];[-0.464];7359.91132),(173533.88000;[0.46];[-0.49];7394.03587;[0.4843];[-0.4657];7351.78976),(173776.98016;[0.46];[-0.49];7386.53088;[0.4821];[-0.4679];7344.35415),(173986.93347;[0.46];[-0.49];7386.53088;[0.4821];[-0.4679];7344.35415),(174557.47533;[0.52];[-0.43];9188.49227;[0.5142];[-0.4358];9250.58671),(175161.29208;[0.57];[-0.38];8911.22012;[0.5653];[-0.3847];8883.79251),(175774.55831;[0.6];[-0.35];8674.79470;[0.6116];[-0.3384];8629.63752),(176096.91858;[0.64];[-0.31];8307.46423;[0.6197];[-0.3303];8265.48085),(176493.50500;[0.46];[-0.49];7386.53088;[0.4821];[-0.4679];7344.35415),(177502.87151;[0.52];[-0.43];9188.49227;[0.5142];[-0.4358];9250.58671),(178101.16339;[0.57];[-0.38];8911.22012;[0.5653];[-0.3847];8883.79251),(178668.96582;[0.6];[-0.35];8674.79470;[0.6116];[-0.3384];8629.63752),(178985.20374;[0.64];[-0.31];8307.46423;[0.6197];[-0.3303];8265.48085),(179652.28295;[0.61];[-0.34];8019.05383;[0.5906];[-0.3594];7977.95714),(179777.24886;[0.6];[-0.35];7879.34893;[0.5712];[-0.3788];7837.66735),(179850.72231;[0.54];[-0.41];7570.21852;[0.5168];[-0.4332];7529.46362),(179972.30673;[0.54];[-0.41];7570.05271;[0.5168];[-0.4332];7529.34488),(180858.26492;[0.52];[-0.43];9187.42569;[0.5155];[-0.4345];9245.38955),(181559.58939;[0.57];[-0.38];8889.60747;[0.57];[-0.38];8849.10769),(182024.67465;[0.61];[-0.34];8633.82067;[0.6168];[-0.3332];8579.68173),(182373.20685;[0.64];[-0.31];8212.81047;[0.6099];[-0.3401];8171.44527),(183399.54662;[0.52];[-0.43];9187.42569;[0.5155];[-0.4345];9245.38955),(183972.57328;[0.57];[-0.38];8909.61708;[0.5652];[-0.3848];8882.24321),(184568.38036;[0.6];[-0.35];8674.79470;[0.6116];[-0.3384];8629.63752),(184916.18109;[0.64];[-0.31];8308.77369;[0.6198];[-0.3302];8266.89546),(185233.72555;[0.61];[-0.34];8020.28834;[0.5902];[-0.3598];7979.30144),(185361.08637;[0.6];[-0.35];7886.93753;[0.5719];[-0.3781];7845.33711),(185466.56418;[0.58];[-0.37];7745.67910;[0.5496];[-0.4004];7704.82750),(185532.59254;[0.58];[-0.37];7737.47243;[0.5481];[-0.4019];7696.41803),(185736.74798;[0.54];[-0.41];7573.09489;[0.5175];[-0.4325];7532.41422),(185839.10823;[0.54];[-0.41];7570.05271;[0.5168];[-0.4332];7529.34488),(185925.90261;[0.54];[-0.41];7570.05271;[0.5168];[-0.4332];7529.34488),(186785.78734;[0.52];[-0.43];9185.63655;[0.5193];[-0.4307];9240.83802),(187332.83448;[0.57];[-0.38];8882.63967;[0.5696];[-0.3804];8850.97407),(187848.38486;[0.6];[-0.35];8641.72989;[0.6145];[-0.3355];8593.75679),(188167.56892;[0.64];[-0.31];8223.05101;[0.6108];[-0.3392];8181.85273),(189299.86072;[0.52];[-0.43];9185.63655;[0.5193];[-0.4307];9240.83802),(189942.81292;[0.57];[-0.38];8882.63967;[0.5696];[-0.3804];8850.97407),(190460.26111;[0.6];[-0.35];8674.79470;[0.6116];[-0.3384];8629.63752),(190805.54700;[0.64];[-0.31];8310.72541;[0.6198];[-0.3302];8268.87721),(191152.64130;[0.61];[-0.34];8021.46128;[0.5896];[-0.3604];7980.07877),(191381.01697;[0.6];[-0.35];7889.34294;[0.5725];[-0.3775];7847.91078),(191492.15555;[0.58];[-0.37];7747.10901;[0.5499];[-0.4001];7706.30502),(191595.86573;[0.58];[-0.37];7741.18893;[0.5487];[-0.4013];7700.32540),(191673.43068;[0.58];[-0.37];7737.47243;[0.5481];[-0.4019];7696.41803),(191768.40448;[0.54];[-0.41];7570.05271;[0.5168];[-0.4332];7529.34488),(192515.15555;[0.52];[-0.43];9164.95691;[0.5259];[-0.4241];9209.04858),(192906.71968;[0.57];[-0.38];8874.70278;[0.5762];[-0.3738];8835.46359),(193386.31606;[0.6];[-0.35];8647.26510;[0.6145];[-0.3355];8597.07380),(193706.42519;[0.64];[-0.31];8226.72295;[0.611];[-0.339];8185.61034),(194782.94563;[0.52];[-0.43];9164.95691;[0.5259];[-0.4241];9209.04858),(195168.78271;[0.57];[-0.38];8874.70278;[0.5762];[-0.3738];8835.46359),(195654.25587;[0.6];[-0.35];8647.26510;[0.6145];[-0.3355];8597.07380),(196015.98907;[0.64];[-0.31];8311.81894;[0.6191];[-0.3309];8269.77377),(196382.94053;[0.61];[-0.34];8021.46128;[0.5896];[-0.3604];7980.07877),(196583.47154;[0.6];[-0.35];7890.80719;[0.572];[-0.378];7849.31133),(196721.16637;[0.6];[-0.35];7876.38710;[0.5705];[-0.3795];7834.66056),(196914.82329;[0.58];[-0.37];7741.18893;[0.5487];[-0.4013];7700.32540),(197045.72606;[0.58];[-0.37];7737.47243;[0.5481];[-0.4019];7696.41803),(197551.10550;[0.58];[-0.37];7736.85340;[0.548];[-0.402];7695.83429),(197826.34401;[0.58];[-0.37];7726.56589;[0.5465];[-0.4035];7685.47623),(197983.22392;[0.58];[-0.37];7722.91748;[0.5458];[-0.4042];7681.79219),(198080.56736;[0.58];[-0.37];7722.91748;[0.5458];[-0.4042];7681.79219),(198764.75978;[0.52];[-0.43];9148.89336;[0.5307];[-0.4193];9189.04549),(199238.92903;[0.58];[-0.37];8856.49104;[0.5818];[-0.3682];8810.12839),(199595.92438;[0.61];[-0.34];8607.18052;[0.621];[-0.329];8554.44795),(199936.61308;[0.64];[-0.31];8227.75640;[0.6116];[-0.3384];8186.58304),(200328.87912;[0.58];[-0.37];7722.91748;[0.5458];[-0.4042];7681.79219),(201381.81853;[0.52];[-0.43];9129.05510;[0.5349];[-0.4151];9167.63932),(201844.64502;[0.58];[-0.37];8856.49104;[0.5818];[-0.3682];8810.12839),(202196.14935;[0.61];[-0.34];8607.18052;[0.621];[-0.329];8554.44795),(202569.78846;[0.64];[-0.31];8227.75640;[0.6116];[-0.3384];8186.58304),(204052.23799;[0.52];[-0.43];9129.05510;[0.5349];[-0.4151];9167.63932),(204512.33029;[0.58];[-0.37];8856.49104;[0.5818];[-0.3682];8810.12839),(205018.15510;[0.6];[-0.35];8648.13373;[0.6149];[-0.3351];8600.26197),(205377.94757;[0.64];[-0.31];8312.22265;[0.6186];[-0.3314];8269.67151),(206006.39081;[0.61];[-0.34];8021.62753;[0.5892];[-0.3608];7979.94651),(206106.33159;[0.6];[-0.35];7891.77662;[0.5726];[-0.3774];7850.36906),(206209.59282;[0.6];[-0.35];7879.34893;[0.5712];[-0.3788];7837.66735),(206324.55778;[0.58];[-0.37];7739.74437;[0.5487];[-0.4013];7698.75705),(206633.16965;[0.58];[-0.37];7737.47243;[0.5481];[-0.4019];7696.41803),(206691.85853;[0.58];[-0.37];7737.47243;[0.5481];[-0.4019];7696.41803),(206842.98062;[0.58];[-0.37];7734.02997;[0.5475];[-0.4025];7692.89830),(207231.37856;[0.58];[-0.37];7722.91748;[0.5458];[-0.4042];7681.79219),(207753.65496;[0.52];[-0.43];9105.22003;[0.5341];[-0.4159];9129.86884),(208145.86782;[0.58];[-0.37];8840.65734;[0.5835];[-0.3665];8793.01219),(208610.20231;[0.61];[-0.34];8607.35587;[0.621];[-0.329];8554.64480),(208973.18220;[0.64];[-0.31];8228.75470;[0.6115];[-0.3385];8187.70275),(209384.39059;[0.58];[-0.37];7722.91748;[0.5458];[-0.4042];7681.79219),(210692.44361;[0.52];[-0.43];9082.14167;[0.5353];[-0.4147];9099.08877),(211127.33245;[0.58];[-0.37];8840.65734;[0.5835];[-0.3665];8793.01219),(211624.96543;[0.61];[-0.34];8607.35587;[0.621];[-0.329];8554.64480),(211980.41725;[0.64];[-0.31];8228.75470;[0.6115];[-0.3385];8187.70275),(213038.40876;[0.58];[-0.37];7722.91748;[0.5458];[-0.4042];7681.79219),(213805.09925;[0.52];[-0.43];9082.14167;[0.5353];[-0.4147];9099.08877),(214250.91767;[0.58];[-0.37];8840.65734;[0.5835];[-0.3665];8793.01219),(214718.25504;[0.61];[-0.34];8607.35587;[0.621];[-0.329];8554.64480),(215095.27326;[0.64];[-0.31];8228.75470;[0.6115];[-0.3385];8187.70275),(215205.17397;[0.61];[-0.34];8018.65175;[0.5902];[-0.3598];7977.68606),(215452.02398;[0.6];[-0.35];7889.34294;[0.5725];[-0.3775];7847.91078),(215536.22079;[0.58];[-0.37];7737.47243;[0.5481];[-0.4019];7696.41803),(216001.90210;[0.58];[-0.37];7737.47243;[0.5481];[-0.4019];7696.41803),(216064.32724;[0.58];[-0.37];7737.47243;[0.5481];[-0.4019];7696.41803),(216205.29532;[0.58];[-0.37];7734.02997;[0.5475];[-0.4025];7692.89830),(216714.97941;[0.53];[-0.42];9072.56422;[0.5416];[-0.4084];9078.45978),(217182.83749;[0.6];[-0.35];8783.04400;[0.5946];[-0.3554];8738.86653),(217545.13574;[0.64];[-0.31];8411.93003;[0.6176];[-0.3324];8366.72065),(217922.85824;[0.58];[-0.37];7734.02997;[0.5475];[-0.4025];7692.89830),(218631.43563;[0.58];[-0.37];7734.02997;[0.5475];[-0.4025];7692.89830),(219251.58143;[0.53];[-0.42];9065.16815;[0.5434];[-0.4066];9080.79041),(219700.04106;[0.6];[-0.35];8783.04400;[0.5946];[-0.3554];8738.86653),(220051.28646;[0.64];[-0.31];8411.93003;[0.6176];[-0.3324];8366.72065),(220429.52394;[0.58];[-0.37];7734.02997;[0.5475];[-0.4025];7692.89830),(221720.55674;[0.53];[-0.42];9065.16815;[0.5434];[-0.4066];9080.79041),(222205.14798;[0.6];[-0.35];8783.04400;[0.5946];[-0.3554];8738.86653),(222578.41778;[0.64];[-0.31];8411.93003;[0.6176];[-0.3324];8366.72065),(223313.56788;[0.64];[-0.31];8128.15448;[0.6029];[-0.3471];8087.88765),(223473.68789;[0.6];[-0.35];7892.34690;[0.5729];[-0.3771];7850.83902),(223563.91311;[0.6];[-0.35];7888.88263;[0.5723];[-0.3777];7847.44299),(223744.87209;[0.6];[-0.35];7879.34893;[0.5712];[-0.3788];7837.66735),(223881.17194;[0.58];[-0.37];7737.47243;[0.5481];[-0.4019];7696.41803),(224010.81753;[0.58];[-0.37];7734.02997;[0.5475];[-0.4025];7692.89830),(225170.74752;[0.54];[-0.41];9057.04629;[0.547];[-0.403];9064.29846),(225661.53264;[0.6];[-0.35];8783.00827;[0.5941];[-0.3559];8738.62007),(226001.76644;[0.61];[-0.34];8572.44428;[0.6226];[-0.3274];8521.37122),(226432.45697;[0.64];[-0.31];8129.80671;[0.6028];[-0.3472];8089.54364),(226725.86679;[0.6];[-0.35];7892.61625;[0.5731];[-0.3769];7850.91140),(226836.29513;[0.6];[-0.35];7888.88263;[0.5723];[-0.3777];7847.44299),(226904.03175;[0.6];[-0.35];7879.34893;[0.5712];[-0.3788];7837.66735),(227039.25014;[0.6];[-0.35];7876.38710;[0.5705];[-0.3795];7834.66056),(227084.86247;[0.6];[-0.35];7876.38710;[0.5705];[-0.3795];7834.66056),(227577.91281;[0.54];[-0.41];9035.39235;[0.5503];[-0.3997];9035.41142),(228038.33508;[0.6];[-0.35];8765.56237;[0.5974];[-0.3526];8718.86841),(228438.90262;[0.64];[-0.31];8445.81068;[0.6208];[-0.3292];8394.38056),(229050.55571;[0.64];[-0.31];8130.91267;[0.6028];[-0.3472];8090.68367),(229169.88850;[0.61];[-0.34];8010.60038;[0.5887];[-0.3613];7969.36324),(229273.33975;[0.6];[-0.35];7888.88263;[0.5723];[-0.3777];7847.44299),(229346.13848;[0.6];[-0.35];7876.38710;[0.5705];[-0.3795];7834.66056),(229479.21276;[0.6];[-0.35];7876.38710;[0.5705];[-0.3795];7834.66056),(229519.98067;[0.6];[-0.35];7876.38710;[0.5705];[-0.3795];7834.66056),(230024.60742;[0.55];[-0.4];9023.13766;[0.5544];[-0.3956];9030.97219),(230361.26566;[0.6];[-0.35];8765.56237;[0.5974];[-0.3526];8718.86841),(230644.27352;[0.64];[-0.31];8448.13414;[0.6209];[-0.3291];8396.78634),(231183.63118;[0.64];[-0.31];8131.25372;[0.6021];[-0.3479];8090.78070),(231309.52954;[0.61];[-0.34];8012.73075;[0.589];[-0.361];7971.54033),(231405.98845;[0.6];[-0.35];7888.88263;[0.5723];[-0.3777];7847.44299),(231575.00887;[0.6];[-0.35];7879.34893;[0.5712];[-0.3788];7837.66735),(231653.50556;[0.6];[-0.35];7876.38710;[0.5705];[-0.3795];7834.66056),(231888.75031;[0.6];[-0.35];7876.38710;[0.5705];[-0.3795];7834.66056),(231932.00350;[0.6];[-0.35];7876.38710;[0.5705];[-0.3795];7834.66056),(232405.01285;[0.56];[-0.39];9003.48867;[0.5553];[-0.3947];9000.35967),(232954.18167;[0.6];[-0.35];8730.22224;[0.6024];[-0.3476];8670.68904),(233296.67521;[0.64];[-0.31];8388.26673;[0.621];[-0.329];8344.96824),(233603.37973;[0.6];[-0.35];7876.38710;[0.5705];[-0.3795];7834.66056),(234505.39637;[0.57];[-0.38];8979.51239;[0.5571];[-0.3929];8959.67693),(234998.06666;[0.6];[-0.35];8710.44129;[0.6061];[-0.3439];8674.99098),(235318.99977;[0.64];[-0.31];8388.26673;[0.621];[-0.329];8344.96824),(236069.12732;[0.64];[-0.31];8132.35013;[0.6028];[-0.3472];8091.94276),(236214.12635;[0.61];[-0.34];8012.73075;[0.589];[-0.361];7971.54033),(236314.30125;[0.6];[-0.35];7886.93753;[0.5719];[-0.3781];7845.33711),(236401.77774;[0.6];[-0.35];7879.34893;[0.5712];[-0.3788];7837.66735),(236507.49755;[0.6];[-0.35];7876.38710;[0.5705];[-0.3795];7834.66056),(236598.81973;[0.6];[-0.35];7876.38710;[0.5705];[-0.3795];7834.66056),(237011.68871;[0.57];[-0.38];8983.04880;[0.5573];[-0.3927];8963.25914),(237654.95729;[0.6];[-0.35];8734.25763;[0.5988];[-0.3512];8685.60287),(237979.62904;[0.64];[-0.31];8449.27240;[0.6208];[-0.3292];8397.63731),(238366.07623;[0.64];[-0.31];8132.40136;[0.602];[-0.348];8091.45011),(238595.67547;[0.61];[-0.34];8015.64906;[0.5893];[-0.3607];7974.46177),(238691.70332;[0.6];[-0.35];7886.93753;[0.5719];[-0.3781];7845.33711),(238784.75690;[0.6];[-0.35];7876.38710;[0.5705];[-0.3795];7834.66056),(239460.04987;[0.57];[-0.38];8929.34816;[0.5638];[-0.3862];8903.05227),(239806.96821;[0.6];[-0.35];8689.89626;[0.609];[-0.341];8652.17075),(240113.97791;[0.64];[-0.31];8310.72541;[0.6198];[-0.3302];8268.87721),(240904.29401;[0.6];[-0.35];7876.38710;[0.5705];[-0.3795];7834.66056),(241304.11577;[0.57];[-0.38];8959.07200;[0.5633];[-0.3867];8943.30813),(241619.29941;[0.6];[-0.35];8744.33509;[0.6005];[-0.3495];8695.70124),(241957.71194;[0.64];[-0.31];8449.91964;[0.6203];[-0.3297];8398.00461),(242282.24635;[0.64];[-0.31];8222.61571;[0.6109];[-0.3391];8181.45634),(242525.34175;[0.61];[-0.34];8017.31907;[0.5898];[-0.3602];7976.30310),(242618.76917;[0.6];[-0.35];7886.81055;[0.5719];[-0.3781];7845.24032),(242730.84021;[0.6];[-0.35];7879.34893;[0.5712];[-0.3788];7837.66735),(242808.36678;[0.6];[-0.35];7876.38710;[0.5705];[-0.3795];7834.66056),(243672.43886;[0.57];[-0.38];8910.64400;[0.5654];[-0.3846];8883.33330),(244007.07507;[0.6];[-0.35];8691.09408;[0.6088];[-0.3412];8653.33896),(244621.38581;[0.64];[-0.31];8396.82718;[0.616];[-0.334];8353.23986),(245240.99612;[0.64];[-0.31];8226.31679;[0.6114];[-0.3386];8185.24561),(245385.27513;[0.61];[-0.34];8018.65175;[0.5902];[-0.3598];7977.68606),(245491.11319;[0.6];[-0.35];7886.81055;[0.5719];[-0.3781];7845.24032),(245579.21171;[0.6];[-0.35];7879.34893;[0.5712];[-0.3788];7837.66735),(245677.24133;[0.6];[-0.35];7876.38710;[0.5705];[-0.3795];7834.66056),(246547.62578;[0.57];[-0.38];8889.60747;[0.57];[-0.38];8849.10769),(246910.77256;[0.6];[-0.35];8693.33869;[0.6088];[-0.3412];8655.40310),(247224.00594;[0.64];[-0.31];8409.10384;[0.6179];[-0.3321];8364.04620),(247899.02472;[0.64];[-0.31];8227.75640;[0.6116];[-0.3384];8186.58304),(248075.31333;[0.61];[-0.34];8019.05383;[0.5906];[-0.3594];7977.95714),(248182.34754;[0.61];[-0.34];8010.60038;[0.5887];[-0.3613];7969.36324),(248318.36033;[0.61];[-0.34];8010.60038;[0.5887];[-0.3613];7969.36324),(248630.94401;[0.6];[-0.35];7876.38710;[0.5705];[-0.3795];7834.66056),(249143.45479;[0.57];[-0.38];8881.20094;[0.5731];[-0.3769];8839.63369),(249612.47516;[0.6];[-0.35];8669.87964;[0.6119];[-0.3381];8625.00554),(249954.71263;[0.64];[-0.31];8312.81932;[0.6181];[-0.3319];8269.96781),(251167.97972;[0.57];[-0.38];8881.20094;[0.5731];[-0.3769];8839.63369),(251642.13109;[0.6];[-0.35];8693.33869;[0.6088];[-0.3412];8655.40310),(252003.21984;[0.64];[-0.31];8411.02719;[0.6179];[-0.3321];8365.95275),(252299.02387;[0.64];[-0.31];8229.58460;[0.6108];[-0.3392];8188.11109),(252424.16406;[0.64];[-0.31];8126.75399;[0.6021];[-0.3479];8086.37505),(252625.49996;[0.61];[-0.34];8013.89616;[0.5898];[-0.3602];7972.87664),(252746.60420;[0.61];[-0.34];8012.73075;[0.589];[-0.361];7971.54033),(252812.28495;[0.61];[-0.34];8010.60038;[0.5887];[-0.3613];7969.36324),(253754.85039;[0.57];[-0.38];8874.70278;[0.5762];[-0.3738];8835.46359),(254106.87780;[0.6];[-0.35];8672.84552;[0.612];[-0.338];8627.97761),(254536.19218;[0.64];[-0.31];8377.51844;[0.6194];[-0.3306];8334.18627),(256228.08623;[0.57];[-0.38];8874.70278;[0.5762];[-0.3738];8835.46359),(256787.60099;[0.6];[-0.35];8672.84552;[0.612];[-0.338];8627.97761),(257358.11424;[0.64];[-0.31];8411.58088;[0.6175];[-0.3325];8366.32952),(257667.01531;[0.64];[-0.31];8230.28739;[0.6113];[-0.3387];8188.85072),(257805.80616;[0.64];[-0.31];8128.02177;[0.6029];[-0.3471];8087.78364),(258029.44541;[0.61];[-0.34];8013.89616;[0.5898];[-0.3602];7972.87664),(258125.08631;[0.61];[-0.34];8012.48485;[0.5894];[-0.3606];7971.34951),(258401.68762;[0.61];[-0.34];8010.60038;[0.5887];[-0.3613];7969.36324),(258629.16136;[0.61];[-0.34];8010.60038;[0.5887];[-0.3613];7969.36324),(258709.50222;[0.61];[-0.34];8010.60038;[0.5887];[-0.3613];7969.36324),(259293.13469;[0.58];[-0.37];8844.04456;[0.5838];[-0.3662];8796.42779),(259769.82474;[0.61];[-0.34];8633.85038;[0.6164];[-0.3336];8579.70059),(260107.88321;[0.64];[-0.31];8385.06845;[0.6211];[-0.3289];8341.88365),(260422.14513;[0.61];[-0.34];8010.60038;[0.5887];[-0.3613];7969.36324),(260818.51959;[0.61];[-0.34];8010.60038;[0.5887];[-0.3613];7969.36324),(261199.71919;[0.58];[-0.37];8844.04456;[0.5838];[-0.3662];8796.42779),(261636.65962;[0.61];[-0.34];8633.85038;[0.6164];[-0.3336];8579.70059),(261940.42611;[0.64];[-0.31];8385.06845;[0.6211];[-0.3289];8341.88365),(262253.19886;[0.61];[-0.34];8010.60038;[0.5887];[-0.3613];7969.36324),(263104.09617;[0.58];[-0.37];8829.25400;[0.5857];[-0.3643];8779.08258),(263479.64787;[0.61];[-0.34];8608.50115;[0.6206];[-0.3294];8555.60576),(263812.90770;[0.64];[-0.31];8230.28739;[0.6113];[-0.3387];8188.85072),(263952.37684;[0.64];[-0.31];8128.68449;[0.6028];[-0.3472];8088.48408),(264104.80118;[0.61];[-0.34];8013.89616;[0.5898];[-0.3602];7972.87664),(264243.41607;[0.61];[-0.34];8012.48485;[0.5894];[-0.3606];7971.34951),(264462.78715;[0.61];[-0.34];8010.60038;[0.5887];[-0.3613];7969.36324),(264552.22106;[0.61];[-0.34];8010.60038;[0.5887];[-0.3613];7969.36324),(264847.62597;[0.61];[-0.34];8010.60038;[0.5887];[-0.3613];7969.36324),(265476.98569;[0.6];[-0.35];8799.22409;[0.5919];[-0.3581];8756.45035),(265802.69408;[0.61];[-0.34];8580.62933;[0.623];[-0.327];8529.63232),(266113.54494;[0.61];[-0.34];8010.60038;[0.5887];[-0.3613];7969.36324),(266672.35923;[0.61];[-0.34];8010.60038;[0.5887];[-0.3613];7969.36324),(267098.64092;[0.6];[-0.35];8782.65698;[0.5953];[-0.3547];8738.69550),(267420.59708;[0.61];[-0.34];8580.62933;[0.623];[-0.327];8529.63232),(267726.36414;[0.61];[-0.34];8010.60038;[0.5887];[-0.3613];7969.36324),(268152.97723;[0.61];[-0.34];8010.60038;[0.5887];[-0.3613];7969.36324),(268491.76908;[0.6];[-0.35];8782.65698;[0.5953];[-0.3547];8738.69550),(268817.75403;[0.61];[-0.34];8580.62933;[0.623];[-0.327];8529.63232),(269135.21123;[0.61];[-0.34];8010.60038;[0.5887];[-0.3613];7969.36324),(270315.14382;[0.6];[-0.35];8750.06789;[0.5979];[-0.3521];8684.84177),(270619.67540;[0.64];[-0.31];8447.87079;[0.6211];[-0.3289];8396.51512),(271302.90461;[0.64];[-0.31];8230.42443;[0.6106];[-0.3394];8188.69485),(271553.22862;[0.64];[-0.31];8128.68449;[0.6028];[-0.3472];8088.48408),(271666.72897;[0.61];[-0.34];8013.89616;[0.5898];[-0.3602];7972.87664),(271771.91186;[0.61];[-0.34];8010.60038;[0.5887];[-0.3613];7969.36324),(272187.34026;[0.61];[-0.34];8010.60038;[0.5887];[-0.3613];7969.36324),(272239.56013;[0.61];[-0.34];8010.60038;[0.5887];[-0.3613];7969.36324),(272297.94383;[0.61];[-0.34];8010.60038;[0.5887];[-0.3613];7969.36324),(272614.53795;[0.6];[-0.35];8763.31039;[0.598];[-0.352];8712.21684),(272956.17676;[0.61];[-0.34];8584.06996;[0.6231];[-0.3269];8533.03981),(273335.37650;[0.64];[-0.31];8299.41202;[0.6182];[-0.3318];8257.32019),(273476.57108;[0.64];[-0.31];8130.91267;[0.6028];[-0.3472];8090.68367),(273649.49322;[0.64];[-0.31];8120.32403;[0.6012];[-0.3488];8079.86996),(273754.30179;[0.61];[-0.34];8012.48485;[0.5894];[-0.3606];7971.34951),(273918.63990;[0.61];[-0.34];8010.60038;[0.5887];[-0.3613];7969.36324),(274487.54334;[0.61];[-0.34];8010.60038;[0.5887];[-0.3613];7969.36324),(274539.03008;[0.61];[-0.34];8010.60038;[0.5887];[-0.3613];7969.36324),(274944.34261;[0.6];[-0.35];8710.44129;[0.6061];[-0.3439];8674.99098),(275262.74705;[0.64];[-0.31];8388.17771;[0.6199];[-0.3301];8344.27378),(275774.80221;[0.61];[-0.34];8010.60038;[0.5887];[-0.3613];7969.36324),(276663.99097;[0.61];[-0.34];8010.60038;[0.5887];[-0.3613];7969.36324),(277063.20548;[0.6];[-0.35];8710.44129;[0.6061];[-0.3439];8674.99098),(277378.20959;[0.64];[-0.31];8450.21506;[0.6205];[-0.3295];8398.40763),(277678.60794;[0.61];[-0.34];8010.60038;[0.5887];[-0.3613];7969.36324),(278714.75267;[0.6];[-0.35];8710.44129;[0.6061];[-0.3439];8674.99098),(278998.82174;[0.64];[-0.31];8450.21506;[0.6205];[-0.3295];8398.40763),(279740.11278;[0.64];[-0.31];8308.77369;[0.6198];[-0.3302];8266.89546),(280131.70290;[0.64];[-0.31];8130.95140;[0.6029];[-0.3471];8090.58741),(280230.05056;[0.64];[-0.31];8128.15448;[0.6029];[-0.3471];8087.88765),(280406.60834;[0.64];[-0.31];8126.75399;[0.6021];[-0.3479];8086.37505),(280505.47218;[0.64];[-0.31];8120.32403;[0.6012];[-0.3488];8079.86996),(280572.74318;[0.64];[-0.31];8120.32403;[0.6012];[-0.3488];8079.86996),(280633.42285;[0.64];[-0.31];8120.32403;[0.6012];[-0.3488];8079.86996),(280726.25828;[0.64];[-0.31];8117.48368;[0.6004];[-0.3496];8076.96063),(280783.18453;[0.64];[-0.31];8117.48368;[0.6004];[-0.3496];8076.96063),(281217.83853;[0.6];[-0.35];8689.89626;[0.609];[-0.341];8652.17075),(281563.20405;[0.64];[-0.31];8389.14897;[0.6195];[-0.3305];8344.91775),(281866.90545;[0.64];[-0.31];8117.48368;[0.6004];[-0.3496];8076.96063),(282134.72462;[0.64];[-0.31];8117.48368;[0.6004];[-0.3496];8076.96063),(282458.41193;[0.6];[-0.35];8655.19818;[0.6149];[-0.3351];8604.81473),(282766.03341;[0.64];[-0.31];8389.14897;[0.6195];[-0.3305];8344.91775),(283076.27296;[0.64];[-0.31];8117.48368;[0.6004];[-0.3496];8076.96063),(283362.22863;[0.64];[-0.31];8117.48368;[0.6004];[-0.3496];8076.96063),(283865.84783;[0.6];[-0.35];8655.19818;[0.6149];[-0.3351];8604.81473),(284419.63220;[0.64];[-0.31];8389.14897;[0.6195];[-0.3305];8344.91775),(284907.61352;[0.64];[-0.31];8117.48368;[0.6004];[-0.3496];8076.96063),(285312.00767;[0.64];[-0.31];8117.48368;[0.6004];[-0.3496];8076.96063),(285976.20344;[0.61];[-0.34];8630.72970;[0.6176];[-0.3324];8577.77707),(286288.91063;[0.64];[-0.31];8309.71779;[0.6197];[-0.3303];8267.84453),(286420.50171;[0.64];[-0.31];8223.95121;[0.6113];[-0.3387];8182.87658),(286553.61104;[0.64];[-0.31];8128.68449;[0.6028];[-0.3472];8088.48408),(286644.06872;[0.64];[-0.31];8126.75399;[0.6021];[-0.3479];8086.37505),(286722.70584;[0.64];[-0.31];8117.48368;[0.6004];[-0.3496];8076.96063),(287261.08718;[0.61];[-0.34];8585.62661;[0.6227];[-0.3273];8533.75099),(287875.59891;[0.64];[-0.31];8310.72541;[0.6198];[-0.3302];8268.87721),(288000.71764;[0.64];[-0.31];8226.31679;[0.6114];[-0.3386];8185.24561),(288258.19564;[0.64];[-0.31];8128.68449;[0.6028];[-0.3472];8088.48408),(288419.02757;[0.64];[-0.31];8126.75399;[0.6021];[-0.3479];8086.37505),(288562.85977;[0.64];[-0.31];8120.32403;[0.6012];[-0.3488];8079.86996),(288658.55837;[0.64];[-0.31];8117.48368;[0.6004];[-0.3496];8076.96063),(289198.89808;[0.64];[-0.31];8468.25518;[0.6179];[-0.3321];8414.90555),(289787.18805;[0.64];[-0.31];8311.81894;[0.6191];[-0.3309];8269.77377),(289894.61875;[0.64];[-0.31];8227.56550;[0.6117];[-0.3383];8186.53276),(290365.86356;[0.64];[-0.31];8128.68449;[0.6028];[-0.3472];8088.48408),(290457.31902;[0.64];[-0.31];8127.99668;[0.6028];[-0.3472];8087.73235),(290540.61913;[0.64];[-0.31];8126.41318;[0.6026];[-0.3474];8086.05087),(290625.38338;[0.64];[-0.31];8120.32403;[0.6012];[-0.3488];8079.86996),(290766.65783;[0.64];[-0.31];8120.32403;[0.6012];[-0.3488];8079.86996),(291472.64862;[0.64];[-0.31];8406.09114;[0.6174];[-0.3326];8360.93955),(292068.47167;[0.64];[-0.31];8117.48368;[0.6004];[-0.3496];8076.96063),(292774.70446;[0.64];[-0.31];8406.09114;[0.6174];[-0.3326];8360.93955),(292879.93288;[0.64];[-0.31];8308.94047;[0.6201];[-0.3299];8267.11721),(292990.05795;[0.64];[-0.31];8228.22169;[0.6108];[-0.3392];8186.91180),(293085.26206;[0.64];[-0.31];8223.95121;[0.6113];[-0.3387];8182.87658),(293189.11457;[0.64];[-0.31];8128.15448;[0.6029];[-0.3471];8087.88765),(293308.37083;[0.64];[-0.31];8120.32403;[0.6012];[-0.3488];8079.86996),(293401.04485;[0.64];[-0.31];8120.32403;[0.6012];[-0.3488];8079.86996),(293522.61877;[0.64];[-0.31];8120.32403;[0.6012];[-0.3488];8079.86996),(293585.04963;[0.64];[-0.31];8120.32403;[0.6012];[-0.3488];8079.86996),(293872.79582;[0.64];[-0.31];8120.32403;[0.6012];[-0.3488];8079.86996),(294244.21811;[0.64];[-0.31];8120.32403;[0.6012];[-0.3488];8079.86996),(294928.98655;[0.64];[-0.31];8120.32403;[0.6012];[-0.3488];8079.86996),(295890.98001;[0.52];[-0.43];9225.34919;[0.5007];[-0.4493];9340.65845),(296219.26737;[0.52];[-0.43];9225.34919;[0.5007];[-0.4493];9340.65845),(296528.76282;[0.52];[-0.43];9225.34919;[0.5007];[-0.4493];9340.65845),(296840.72065;[0.52];[-0.43];9225.34919;[0.5007];[-0.4493];9340.65845),(297146.48652;[0.52];[-0.43];9225.34919;[0.5007];[-0.4493];9340.65845),(297413.55324;[0.64];[-0.31];8233.34046;[0.606];[-0.344];8194.96598),(297587.59952;[0.6];[-0.35];7862.24017;[0.5686];[-0.3814];7820.60886),(297658.04839;[0.4];[-0.55];7196.22377;[0.4335];[-0.5165];7156.67140),(297927.69575;[0.36];[-0.59];6957.62227;[0.3663];[-0.5837];6921.53499),(298014.42242;[0.36];[-0.59];6951.47271;[0.366];[-0.584];6914.94902),(298098.30761;[0.36];[-0.59];6951.47271;[0.366];[-0.584];6914.94902),(298618.19482;[0.52];[-0.43];9225.34919;[0.5007];[-0.4493];9340.65845),(299061.42783;[0.54];[-0.41];9048.56358;[0.5489];[-0.4011];9051.93764),(299429.86131;[0.6];[-0.35];8747.70286;[0.6011];[-0.3489];8694.12452),(299821.48671;[0.64];[-0.31];8254.40864;[0.6082];[-0.3418];8211.07520),(300529.68359;[0.6];[-0.35];7889.34294;[0.5725];[-0.3775];7847.91078),(300659.92880;[0.4];[-0.55];7200.64154;[0.4348];[-0.5152];7161.10318),(300838.93108;[0.4];[-0.55];7196.22377;[0.4335];[-0.5165];7156.67140),(301155.56264;[0.4];[-0.55];7196.22377;[0.4335];[-0.5165];7156.67140),(301680.07255;[0.52];[-0.43];9225.34919;[0.5007];[-0.4493];9340.65845),(302131.30260;[0.54];[-0.41];9035.39235;[0.5503];[-0.3997];9035.41142),(302613.04665;[0.6];[-0.35];8729.93904;[0.603];[-0.347];8670.71875),(303001.26004;[0.64];[-0.31];8254.40864;[0.6082];[-0.3418];8211.07520),(303967.40341;[0.6];[-0.35];7892.61625;[0.5731];[-0.3769];7850.91140),(304085.89840;[0.58];[-0.37];7737.47243;[0.5481];[-0.4019];7696.41803),(304162.19068;[0.53];[-0.42];7561.09708;[0.5158];[-0.4342];7518.54117),(304408.58650;[0.47];[-0.48];7405.04579;[0.4865];[-0.4635];7362.98829),(304485.70943;[0.4];[-0.55];7200.64154;[0.4348];[-0.5152];7161.10318),(304765.05208;[0.4];[-0.55];7200.64154;[0.4348];[-0.5152];7161.10318),(304867.33055;[0.4];[-0.55];7196.22377;[0.4335];[-0.5165];7156.67140),(304949.50104;[0.4];[-0.55];7196.22377;[0.4335];[-0.5165];7156.67140),(305495.50295;[0.52];[-0.43];9224.46709;[0.501];[-0.449];9332.01248),(305946.82932;[0.56];[-0.39];9003.48867;[0.5553];[-0.3947];9000.35967),(306466.98570;[0.6];[-0.35];8728.95879;[0.6036];[-0.3464];8670.12828),(306880.57685;[0.64];[-0.31];8253.82419;[0.6087];[-0.3413];8210.76437),(307198.54021;[0.4];[-0.55];7196.22377;[0.4335];[-0.5165];7156.67140),(308044.80934;[0.52];[-0.43];9224.46709;[0.501];[-0.449];9332.01248),(308467.32378;[0.56];[-0.39];9003.48867;[0.5553];[-0.3947];9000.35967),(308826.10464;[0.6];[-0.35];8728.95879;[0.6036];[-0.3464];8670.12828),(309408.98585;[0.64];[-0.31];8253.82419;[0.6087];[-0.3413];8210.76437),(310241.81747;[0.6];[-0.35];7893.95204;[0.5728];[-0.3772];7852.23042),(310455.35183;[0.58];[-0.37];7739.74437;[0.5487];[-0.4013];7698.75705),(310616.51707;[0.47];[-0.48];7414.64266;[0.4888];[-0.4612];7372.68736),(310715.50751;[0.46];[-0.49];7386.53088;[0.4821];[-0.4679];7344.35415),(310887.58755;[0.46];[-0.49];7386.53088;[0.4821];[-0.4679];7344.35415),(311678.98631;[0.51];[-0.44];9218.36329;[0.5045];[-0.4455];9321.89421),(312185.06360;[0.57];[-0.38];8988.17942;[0.5567];[-0.3933];8981.64788),(312645.94126;[0.6];[-0.35];8725.30180;[0.6032];[-0.3468];8691.28196),(313030.15780;[0.64];[-0.31];8254.40864;[0.6082];[-0.3418];8211.07520),(313811.33914;[0.6];[-0.35];7895.29424;[0.5723];[-0.3777];7853.38169),(313934.77273;[0.58];[-0.37];7747.10901;[0.5499];[-0.4001];7706.30502),(314074.57757;[0.54];[-0.41];7570.21852;[0.5168];[-0.4332];7529.46362),(314354.58755;[0.47];[-0.48];7406.52434;[0.4873];[-0.4627];7364.59612),(314462.72516;[0.47];[-0.48];7402.47673;[0.486];[-0.464];7360.30773),(314667.67764;[0.46];[-0.49];7386.53088;[0.4821];[-0.4679];7344.35415),(314911.19695;[0.46];[-0.49];7386.53088;[0.4821];[-0.4679];7344.35415),(315868.35957;[0.5];[-0.45];9206.07685;[0.5096];[-0.4404];9312.08020),(316256.50096;[0.57];[-0.38];8959.07200;[0.5633];[-0.3867];8943.30813),(316887.09235;[0.6];[-0.35];8675.88297;[0.6077];[-0.3423];8636.31915),(317287.18615;[0.64];[-0.31];8271.82406;[0.6097];[-0.3403];8228.91317),(318008.64363;[0.61];[-0.34];8003.17996;[0.5873];[-0.3627];7961.84906),(318141.62612;[0.58];[-0.37];7747.10901;[0.5499];[-0.4001];7706.30502),(318268.25643;[0.47];[-0.48];7409.45068;[0.4876];[-0.4624];7367.38596),(318397.89820;[0.47];[-0.48];7404.87997;[0.4865];[-0.4635];7362.86955),(318571.42401;[0.46];[-0.49];7394.03587;[0.4843];[-0.4657];7351.78976),(318779.37746;[0.46];[-0.49];7386.53088;[0.4821];[-0.4679];7344.35415),(318906.85630;[0.46];[-0.49];7386.53088;[0.4821];[-0.4679];7344.35415),(319536.51023;[0.5];[-0.45];9189.56519;[0.5117];[-0.4383];9289.83668),(320021.99340;[0.57];[-0.38];8945.15312;[0.5618];[-0.3882];8922.23756),(320691.67781;[0.6];[-0.35];8674.79470;[0.6116];[-0.3384];8629.63752),(321075.18029;[0.64];[-0.31];8302.16125;[0.619];[-0.331];8260.12157),(322082.23748;[0.61];[-0.34];8015.64906;[0.5893];[-0.3607];7974.46177),(322201.54452;[0.58];[-0.37];7749.17834;[0.5499];[-0.4001];7708.36402),(322287.04357;[0.54];[-0.41];7570.21852;[0.5168];[-0.4332];7529.46362),(322498.53158;[0.47];[-0.48];7402.47673;[0.486];[-0.464];7360.30773),(322588.08661;[0.47];[-0.48];7402.00101;[0.486];[-0.464];7359.91132),(322790.72213;[0.46];[-0.49];7394.03587;[0.4843];[-0.4657];7351.78976),(322973.20652;[0.46];[-0.49];7386.53088;[0.4821];[-0.4679];7344.35415),(323126.97768;[0.46];[-0.49];7386.53088;[0.4821];[-0.4679];7344.35415),(323493.62898;[0.52];[-0.43];9188.49227;[0.5142];[-0.4358];9250.58671),(324097.33915;[0.57];[-0.38];8911.22012;[0.5653];[-0.3847];8883.79251),(324707.85880;[0.6];[-0.35];8674.79470;[0.6116];[-0.3384];8629.63752),(325050.78673;[0.64];[-0.31];8307.46423;[0.6197];[-0.3303];8265.48085),(325429.40450;[0.46];[-0.49];7386.53088;[0.4821];[-0.4679];7344.35415),(326445.50323;[0.52];[-0.43];9188.49227;[0.5142];[-0.4358];9250.58671),(327048.46931;[0.57];[-0.38];8911.22012;[0.5653];[-0.3847];8883.79251),(327549.73531;[0.6];[-0.35];8674.79470;[0.6116];[-0.3384];8629.63752),(327859.02619;[0.64];[-0.31];8307.46423;[0.6197];[-0.3303];8265.48085),(328539.24751;[0.61];[-0.34];8019.05383;[0.5906];[-0.3594];7977.95714),(328672.53995;[0.6];[-0.35];7879.34893;[0.5712];[-0.3788];7837.66735),(328757.35426;[0.54];[-0.41];7570.21852;[0.5168];[-0.4332];7529.46362),(328871.13094;[0.54];[-0.41];7570.05271;[0.5168];[-0.4332];7529.34488),(329523.18311;[0.52];[-0.43];9187.42569;[0.5155];[-0.4345];9245.38955),(330150.87962;[0.57];[-0.38];8889.60747;[0.57];[-0.38];8849.10769),(330595.21627;[0.61];[-0.34];8633.82067;[0.6168];[-0.3332];8579.68173),(330939.48507;[0.64];[-0.31];8212.81047;[0.6099];[-0.3401];8171.44527),(332008.38423;[0.52];[-0.43];9187.42569;[0.5155];[-0.4345];9245.38955),(332578.48763;[0.57];[-0.38];8909.61708;[0.5652];[-0.3848];8882.24321),(333144.97423;[0.6];[-0.35];8674.79470;[0.6116];[-0.3384];8629.63752),(333472.03660;[0.64];[-0.31];8308.77369;[0.6198];[-0.3302];8266.89546),(333789.10589;[0.61];[-0.34];8020.28834;[0.5902];[-0.3598];7979.30144),(333905.42245;[0.6];[-0.35];7886.93753;[0.5719];[-0.3781];7845.33711),(334026.33119;[0.58];[-0.37];7745.67910;[0.5496];[-0.4004];7704.82750),(334105.82042;[0.58];[-0.37];7737.47243;[0.5481];[-0.4019];7696.41803),(334264.87803;[0.54];[-0.41];7573.09489;[0.5175];[-0.4325];7532.41422),(334370.38159;[0.54];[-0.41];7570.05271;[0.5168];[-0.4332];7529.34488),(334456.29621;[0.54];[-0.41];7570.05271;[0.5168];[-0.4332];7529.34488),(335186.00678;[0.52];[-0.43];9185.63655;[0.5193];[-0.4307];9240.83802),(335730.91197;[0.57];[-0.38];8882.63967;[0.5696];[-0.3804];8850.97407),(336264.28437;[0.6];[-0.35];8641.72989;[0.6145];[-0.3355];8593.75679),(336594.64502;[0.64];[-0.31];8223.05101;[0.6108];[-0.3392];8181.85273),(337712.30793;[0.52];[-0.43];9185.63655;[0.5193];[-0.4307];9240.83802),(338324.60594;[0.57];[-0.38];8882.63967;[0.5696];[-0.3804];8850.97407),(338855.50809;[0.6];[-0.35];8674.79470;[0.6116];[-0.3384];8629.63752),(339196.49220;[0.64];[-0.31];8310.72541;[0.6198];[-0.3302];8268.87721),(339545.43686;[0.61];[-0.34];8021.46128;[0.5896];[-0.3604];7980.07877),(339809.98755;[0.6];[-0.35];7889.34294;[0.5725];[-0.3775];7847.91078),(339920.34125;[0.58];[-0.37];7747.10901;[0.5499];[-0.4001];7706.30502),(340024.75452;[0.58];[-0.37];7741.18893;[0.5487];[-0.4013];7700.32540),(340101.10354;[0.58];[-0.37];7737.47243;[0.5481];[-0.4019];7696.41803),(340196.87009;[0.54];[-0.41];7570.05271;[0.5168];[-0.4332];7529.34488),(340904.85549;[0.52];[-0.43];9164.95691;[0.5259];[-0.4241];9209.04858),(341289.58726;[0.57];[-0.38];8874.70278;[0.5762];[-0.3738];8835.46359),(341773.53692;[0.6];[-0.35];8647.26510;[0.6145];[-0.3355];8597.07380),(342086.41195;[0.64];[-0.31];8226.72295;[0.611];[-0.339];8185.61034),(343140.49602;[0.52];[-0.43];9164.95691;[0.5259];[-0.4241];9209.04858),(343516.70790;[0.57];[-0.38];8874.70278;[0.5762];[-0.3738];8835.46359),(343974.31946;[0.6];[-0.35];8647.26510;[0.6145];[-0.3355];8597.07380),(344342.74673;[0.64];[-0.31];8311.81894;[0.6191];[-0.3309];8269.77377),(344707.16381;[0.61];[-0.34];8021.46128;[0.5896];[-0.3604];7980.07877),(344918.05911;[0.6];[-0.35];7890.80719;[0.572];[-0.378];7849.31133),(345004.39811;[0.6];[-0.35];7876.38710;[0.5705];[-0.3795];7834.66056),(345167.49907;[0.58];[-0.37];7741.18893;[0.5487];[-0.4013];7700.32540),(345270.93315;[0.58];[-0.37];7737.47243;[0.5481];[-0.4019];7696.41803),(345694.81206;[0.58];[-0.37];7736.85340;[0.548];[-0.402];7695.83429),(345952.31938;[0.58];[-0.37];7726.56589;[0.5465];[-0.4035];7685.47623),(346150.75207;[0.58];[-0.37];7722.91748;[0.5458];[-0.4042];7681.79219),(346302.09613;[0.58];[-0.37];7722.91748;[0.5458];[-0.4042];7681.79219),(347034.57689;[0.52];[-0.43];9148.89336;[0.5307];[-0.4193];9189.04549),(347507.11226;[0.58];[-0.37];8856.49104;[0.5818];[-0.3682];8810.12839),(347832.24130;[0.61];[-0.34];8607.18052;[0.621];[-0.329];8554.44795),(348165.66944;[0.64];[-0.31];8227.75640;[0.6116];[-0.3384];8186.58304),(348578.16339;[0.58];[-0.37];7722.91748;[0.5458];[-0.4042];7681.79219),(349613.91854;[0.52];[-0.43];9129.05510;[0.5349];[-0.4151];9167.63932),(350066.99252;[0.58];[-0.37];8856.49104;[0.5818];[-0.3682];8810.12839),(350415.62915;[0.61];[-0.34];8607.18052;[0.621];[-0.329];8554.44795),(350767.22383;[0.64];[-0.31];8227.75640;[0.6116];[-0.3384];8186.58304),(352301.81479;[0.52];[-0.43];9129.05510;[0.5349];[-0.4151];9167.63932),(352759.85336;[0.58];[-0.37];8856.49104;[0.5818];[-0.3682];8810.12839),(353240.53860;[0.6];[-0.35];8648.13373;[0.6149];[-0.3351];8600.26197),(353591.72177;[0.64];[-0.31];8312.22265;[0.6186];[-0.3314];8269.67151),(354223.00243;[0.61];[-0.34];8021.62753;[0.5892];[-0.3608];7979.94651),(354326.87521;[0.6];[-0.35];7891.77662;[0.5726];[-0.3774];7850.36906),(354430.07803;[0.6];[-0.35];7879.34893;[0.5712];[-0.3788];7837.66735),(354547.01900;[0.58];[-0.37];7739.74437;[0.5487];[-0.4013];7698.75705),(354849.36428;[0.58];[-0.37];7737.47243;[0.5481];[-0.4019];7696.41803),(354910.00676;[0.58];[-0.37];7737.47243;[0.5481];[-0.4019];7696.41803),(355054.38805;[0.58];[-0.37];7734.02997;[0.5475];[-0.4025];7692.89830),(355427.29354;[0.58];[-0.37];7722.91748;[0.5458];[-0.4042];7681.79219),(355970.47901;[0.52];[-0.43];9105.22003;[0.5341];[-0.4159];9129.86884),(356404.81973;[0.58];[-0.37];8840.65734;[0.5835];[-0.3665];8793.01219),(356893.04566;[0.61];[-0.34];8607.35587;[0.621];[-0.329];8554.64480),(357249.11356;[0.64];[-0.31];8228.75470;[0.6115];[-0.3385];8187.70275),(357663.12003;[0.58];[-0.37];7722.91748;[0.5458];[-0.4042];7681.79219),(358978.59049;[0.52];[-0.43];9082.14167;[0.5353];[-0.4147];9099.08877),(359388.37624;[0.58];[-0.37];8840.65734;[0.5835];[-0.3665];8793.01219),(359915.38358;[0.61];[-0.34];8607.35587;[0.621];[-0.329];8554.64480),(360280.33686;[0.64];[-0.31];8228.75470;[0.6115];[-0.3385];8187.70275),(361320.73498;[0.58];[-0.37];7722.91748;[0.5458];[-0.4042];7681.79219),(362272.05491;[0.52];[-0.43];9082.14167;[0.5353];[-0.4147];9099.08877),(362736.09209;[0.58];[-0.37];8840.65734;[0.5835];[-0.3665];8793.01219),(363218.20807;[0.61];[-0.34];8607.35587;[0.621];[-0.329];8554.64480),(363667.63282;[0.64];[-0.31];8228.75470;[0.6115];[-0.3385];8187.70275),(363786.63206;[0.61];[-0.34];8018.65175;[0.5902];[-0.3598];7977.68606),(364033.27847;[0.6];[-0.35];7889.34294;[0.5725];[-0.3775];7847.91078),(364110.91709;[0.58];[-0.37];7737.47243;[0.5481];[-0.4019];7696.41803),(364568.93420;[0.58];[-0.37];7737.47243;[0.5481];[-0.4019];7696.41803),(364632.02357;[0.58];[-0.37];7737.47243;[0.5481];[-0.4019];7696.41803),(364766.34049;[0.58];[-0.37];7734.02997;[0.5475];[-0.4025];7692.89830),(365268.03255;[0.53];[-0.42];9072.56422;[0.5416];[-0.4084];9078.45978),(365750.08273;[0.6];[-0.35];8783.04400;[0.5946];[-0.3554];8738.86653),(366115.87715;[0.64];[-0.31];8411.93003;[0.6176];[-0.3324];8366.72065),(366475.28481;[0.58];[-0.37];7734.02997;[0.5475];[-0.4025];7692.89830),(367165.09175;[0.58];[-0.37];7734.02997;[0.5475];[-0.4025];7692.89830),(367763.85260;[0.53];[-0.42];9065.16815;[0.5434];[-0.4066];9080.79041),(368256.33454;[0.6];[-0.35];8783.04400;[0.5946];[-0.3554];8738.86653),(368608.14691;[0.64];[-0.31];8411.93003;[0.6176];[-0.3324];8366.72065),(368992.23709;[0.58];[-0.37];7734.02997;[0.5475];[-0.4025];7692.89830),(370306.68187;[0.53];[-0.42];9065.16815;[0.5434];[-0.4066];9080.79041),(370834.03349;[0.6];[-0.35];8783.04400;[0.5946];[-0.3554];8738.86653),(371171.18716;[0.64];[-0.31];8411.93003;[0.6176];[-0.3324];8366.72065),(371937.41226;[0.64];[-0.31];8128.15448;[0.6029];[-0.3471];8087.88765),(372104.27594;[0.6];[-0.35];7892.34690;[0.5729];[-0.3771];7850.83902),(372186.78808;[0.6];[-0.35];7888.88263;[0.5723];[-0.3777];7847.44299),(372378.60584;[0.6];[-0.35];7879.34893;[0.5712];[-0.3788];7837.66735),(372513.68451;[0.58];[-0.37];7737.47243;[0.5481];[-0.4019];7696.41803),(372646.52395;[0.58];[-0.37];7734.02997;[0.5475];[-0.4025];7692.89830),(373830.97315;[0.54];[-0.41];9057.04629;[0.547];[-0.403];9064.29846),(374329.36931;[0.6];[-0.35];8783.00827;[0.5941];[-0.3559];8738.62007),(374661.02648;[0.61];[-0.34];8572.44428;[0.6226];[-0.3274];8521.37122),(375086.40671;[0.64];[-0.31];8129.80671;[0.6028];[-0.3472];8089.54364),(375430.19962;[0.6];[-0.35];7892.61625;[0.5731];[-0.3769];7850.91140),(375548.24424;[0.6];[-0.35];7888.88263;[0.5723];[-0.3777];7847.44299),(375611.53388;[0.6];[-0.35];7879.34893;[0.5712];[-0.3788];7837.66735),(375754.33731;[0.6];[-0.35];7876.38710;[0.5705];[-0.3795];7834.66056),(375797.66726;[0.6];[-0.35];7876.38710;[0.5705];[-0.3795];7834.66056),(376299.30329;[0.54];[-0.41];9035.39235;[0.5503];[-0.3997];9035.41142),(376797.68348;[0.6];[-0.35];8765.56237;[0.5974];[-0.3526];8718.86841),(377189.59403;[0.64];[-0.31];8445.81068;[0.6208];[-0.3292];8394.38056),(377807.23739;[0.64];[-0.31];8130.91267;[0.6028];[-0.3472];8090.68367),(377929.77500;[0.61];[-0.34];8010.60038;[0.5887];[-0.3613];7969.36324),(378039.39772;[0.6];[-0.35];7888.88263;[0.5723];[-0.3777];7847.44299),(378122.76316;[0.6];[-0.35];7876.38710;[0.5705];[-0.3795];7834.66056),(378329.12159;[0.6];[-0.35];7876.38710;[0.5705];[-0.3795];7834.66056),(378396.73877;[0.6];[-0.35];7876.38710;[0.5705];[-0.3795];7834.66056),(379047.59502;[0.55];[-0.4];9023.13766;[0.5544];[-0.3956];9030.97219),(379381.03843;[0.6];[-0.35];8765.56237;[0.5974];[-0.3526];8718.86841),(379701.37477;[0.64];[-0.31];8448.13414;[0.6209];[-0.3291];8396.78634),(380257.55405;[0.64];[-0.31];8131.25372;[0.6021];[-0.3479];8090.78070),(380383.04710;[0.61];[-0.34];8012.73075;[0.589];[-0.361];7971.54033),(380480.79586;[0.6];[-0.35];7888.88263;[0.5723];[-0.3777];7847.44299),(380643.68439;[0.6];[-0.35];7879.34893;[0.5712];[-0.3788];7837.66735),(380722.47624;[0.6];[-0.35];7876.38710;[0.5705];[-0.3795];7834.66056),(380990.17096;[0.6];[-0.35];7876.38710;[0.5705];[-0.3795];7834.66056),(381030.46012;[0.6];[-0.35];7876.38710;[0.5705];[-0.3795];7834.66056),(381536.10492;[0.56];[-0.39];9003.48867;[0.5553];[-0.3947];9000.35967),(382114.05730;[0.6];[-0.35];8730.22224;[0.6024];[-0.3476];8670.68904),(382430.95684;[0.64];[-0.31];8388.26673;[0.621];[-0.329];8344.96824),(382741.00566;[0.6];[-0.35];7876.38710;[0.5705];[-0.3795];7834.66056),(383671.43059;[0.57];[-0.38];8979.51239;[0.5571];[-0.3929];8959.67693),(384169.88373;[0.6];[-0.35];8710.44129;[0.6061];[-0.3439];8674.99098),(384492.11240;[0.64];[-0.31];8388.26673;[0.621];[-0.329];8344.96824),(385203.18079;[0.64];[-0.31];8132.35013;[0.6028];[-0.3472];8091.94276),(385333.72998;[0.61];[-0.34];8012.73075;[0.589];[-0.361];7971.54033),(385418.41197;[0.6];[-0.35];7886.93753;[0.5719];[-0.3781];7845.33711),(385494.52853;[0.6];[-0.35];7879.34893;[0.5712];[-0.3788];7837.66735),(385594.89322;[0.6];[-0.35];7876.38710;[0.5705];[-0.3795];7834.66056),(385684.01766;[0.6];[-0.35];7876.38710;[0.5705];[-0.3795];7834.66056),(386103.62220;[0.57];[-0.38];8983.04880;[0.5573];[-0.3927];8963.25914),(386769.81235;[0.6];[-0.35];8734.25763;[0.5988];[-0.3512];8685.60287),(387093.47939;[0.64];[-0.31];8449.27240;[0.6208];[-0.3292];8397.63731),(387499.88556;[0.64];[-0.31];8132.40136;[0.602];[-0.348];8091.45011),(387724.11108;[0.61];[-0.34];8015.64906;[0.5893];[-0.3607];7974.46177),(387825.05918;[0.6];[-0.35];7886.93753;[0.5719];[-0.3781];7845.33711),(387914.42561;[0.6];[-0.35];7876.38710;[0.5705];[-0.3795];7834.66056),(388568.08615;[0.57];[-0.38];8929.34816;[0.5638];[-0.3862];8903.05227),(388901.58534;[0.6];[-0.35];8689.89626;[0.609];[-0.341];8652.17075),(389226.38202;[0.64];[-0.31];8310.72541;[0.6198];[-0.3302];8268.87721),(390051.63050;[0.6];[-0.35];7876.38710;[0.5705];[-0.3795];7834.66056),(390437.28042;[0.57];[-0.38];8959.07200;[0.5633];[-0.3867];8943.30813),(390771.91734;[0.6];[-0.35];8744.33509;[0.6005];[-0.3495];8695.70124),(391085.38103;[0.64];[-0.31];8449.91964;[0.6203];[-0.3297];8398.00461),(391607.98502;[0.64];[-0.31];8222.61571;[0.6109];[-0.3391];8181.45634),(391828.42135;[0.61];[-0.34];8017.31907;[0.5898];[-0.3602];7976.30310),(391922.52612;[0.6];[-0.35];7886.81055;[0.5719];[-0.3781];7845.24032),(392027.96316;[0.6];[-0.35];7879.34893;[0.5712];[-0.3788];7837.66735),(392103.69611;[0.6];[-0.35];7876.38710;[0.5705];[-0.3795];7834.66056),(392768.58997;[0.57];[-0.38];8910.64400;[0.5654];[-0.3846];8883.33330),(393101.44210;[0.6];[-0.35];8691.09408;[0.6088];[-0.3412];8653.33896),(393684.61156;[0.64];[-0.31];8396.82718;[0.616];[-0.334];8353.23986),(394261.63554;[0.64];[-0.31];8226.31679;[0.6114];[-0.3386];8185.24561),(394415.25030;[0.61];[-0.34];8018.65175;[0.5902];[-0.3598];7977.68606),(394510.14900;[0.6];[-0.35];7886.81055;[0.5719];[-0.3781];7845.24032),(394609.97629;[0.6];[-0.35];7879.34893;[0.5712];[-0.3788];7837.66735),(394716.57586;[0.6];[-0.35];7876.38710;[0.5705];[-0.3795];7834.66056),(395813.79843;[0.57];[-0.38];8889.60747;[0.57];[-0.38];8849.10769),(396203.41086;[0.6];[-0.35];8693.33869;[0.6088];[-0.3412];8655.40310),(396516.25514;[0.64];[-0.31];8409.10384;[0.6179];[-0.3321];8364.04620),(397167.39011;[0.64];[-0.31];8227.75640;[0.6116];[-0.3384];8186.58304),(397333.69112;[0.61];[-0.34];8019.05383;[0.5906];[-0.3594];7977.95714),(397448.08173;[0.61];[-0.34];8010.60038;[0.5887];[-0.3613];7969.36324),(397593.15848;[0.61];[-0.34];8010.60038;[0.5887];[-0.3613];7969.36324),(397882.40504;[0.6];[-0.35];7876.38710;[0.5705];[-0.3795];7834.66056),(398347.31078;[0.57];[-0.38];8881.20094;[0.5731];[-0.3769];8839.63369),(398800.43936;[0.6];[-0.35];8669.87964;[0.6119];[-0.3381];8625.00554),(399166.76211;[0.64];[-0.31];8312.81932;[0.6181];[-0.3319];8269.96781),(400431.02884;[0.57];[-0.38];8881.20094;[0.5731];[-0.3769];8839.63369),(400881.34909;[0.6];[-0.35];8693.33869;[0.6088];[-0.3412];8655.40310),(401225.18992;[0.64];[-0.31];8411.02719;[0.6179];[-0.3321];8365.95275),(401520.28584;[0.64];[-0.31];8229.58460;[0.6108];[-0.3392];8188.11109),(401641.53934;[0.64];[-0.31];8126.75399;[0.6021];[-0.3479];8086.37505),(401833.44007;[0.61];[-0.34];8013.89616;[0.5898];[-0.3602];7972.87664),(401956.46691;[0.61];[-0.34];8012.73075;[0.589];[-0.361];7971.54033),(402023.45848;[0.61];[-0.34];8010.60038;[0.5887];[-0.3613];7969.36324),(403046.16117;[0.57];[-0.38];8874.70278;[0.5762];[-0.3738];8835.46359),(403397.59254;[0.6];[-0.35];8672.84552;[0.612];[-0.338];8627.97761),(403817.92212;[0.64];[-0.31];8377.51844;[0.6194];[-0.3306];8334.18627),(405586.65442;[0.57];[-0.38];8874.70278;[0.5762];[-0.3738];8835.46359),(405936.44285;[0.6];[-0.35];8672.84552;[0.612];[-0.338];8627.97761),(406360.94952;[0.64];[-0.31];8411.58088;[0.6175];[-0.3325];8366.32952),(406660.40492;[0.64];[-0.31];8230.28739;[0.6113];[-0.3387];8188.85072),(406785.64358;[0.64];[-0.31];8128.02177;[0.6029];[-0.3471];8087.78364),(407016.88981;[0.61];[-0.34];8013.89616;[0.5898];[-0.3602];7972.87664),(407106.31561;[0.61];[-0.34];8012.48485;[0.5894];[-0.3606];7971.34951),(407362.72001;[0.61];[-0.34];8010.60038;[0.5887];[-0.3613];7969.36324),(407543.94579;[0.61];[-0.34];8010.60038;[0.5887];[-0.3613];7969.36324),(407601.18723;[0.61];[-0.34];8010.60038;[0.5887];[-0.3613];7969.36324),(408002.50745;[0.58];[-0.37];8844.04456;[0.5838];[-0.3662];8796.42779),(408479.88749;[0.61];[-0.34];8633.85038;[0.6164];[-0.3336];8579.70059),(408780.55334;[0.64];[-0.31];8385.06845;[0.6211];[-0.3289];8341.88365),(409098.99163;[0.61];[-0.34];8010.60038;[0.5887];[-0.3613];7969.36324),(409506.16837;[0.61];[-0.34];8010.60038;[0.5887];[-0.3613];7969.36324),(409917.19985;[0.58];[-0.37];8844.04456;[0.5838];[-0.3662];8796.42779),(410338.78088;[0.61];[-0.34];8633.85038;[0.6164];[-0.3336];8579.70059),(410640.52677;[0.64];[-0.31];8385.06845;[0.6211];[-0.3289];8341.88365),(410952.54540;[0.61];[-0.34];8010.60038;[0.5887];[-0.3613];7969.36324),(411829.23317;[0.58];[-0.37];8829.25400;[0.5857];[-0.3643];8779.08258),(412205.12056;[0.61];[-0.34];8608.50115;[0.6206];[-0.3294];8555.60576),(412631.66308;[0.64];[-0.31];8230.28739;[0.6113];[-0.3387];8188.85072),(412794.21782;[0.64];[-0.31];8128.68449;[0.6028];[-0.3472];8088.48408),(412972.96858;[0.61];[-0.34];8013.89616;[0.5898];[-0.3602];7972.87664),(413060.67443;[0.61];[-0.34];8012.48485;[0.5894];[-0.3606];7971.34951),(413237.68950;[0.61];[-0.34];8010.60038;[0.5887];[-0.3613];7969.36324),(413299.25156;[0.61];[-0.34];8010.60038;[0.5887];[-0.3613];7969.36324),(413512.16125;[0.61];[-0.34];8010.60038;[0.5887];[-0.3613];7969.36324),(413957.58510;[0.6];[-0.35];8799.22409;[0.5919];[-0.3581];8756.45035),(414270.87188;[0.61];[-0.34];8580.62933;[0.623];[-0.327];8529.63232),(414579.41914;[0.61];[-0.34];8010.60038;[0.5887];[-0.3613];7969.36324),(415144.00768;[0.61];[-0.34];8010.60038;[0.5887];[-0.3613];7969.36324),(415538.15389;[0.6];[-0.35];8782.65698;[0.5953];[-0.3547];8738.69550),(415857.70369;[0.61];[-0.34];8580.62933;[0.623];[-0.327];8529.63232),(416195.03999;[0.61];[-0.34];8010.60038;[0.5887];[-0.3613];7969.36324),(416615.07726;[0.61];[-0.34];8010.60038;[0.5887];[-0.3613];7969.36324),(416948.60339;[0.6];[-0.35];8782.65698;[0.5953];[-0.3547];8738.69550),(417275.85268;[0.61];[-0.34];8580.62933;[0.623];[-0.327];8529.63232),(417593.92595;[0.61];[-0.34];8010.60038;[0.5887];[-0.3613];7969.36324),(418722.90421;[0.6];[-0.35];8750.06789;[0.5979];[-0.3521];8684.84177),(419246.71531;[0.64];[-0.31];8447.87079;[0.6211];[-0.3289];8396.51512),(419947.38913;[0.64];[-0.31];8230.42443;[0.6106];[-0.3394];8188.69485),(420210.76798;[0.64];[-0.31];8128.68449;[0.6028];[-0.3472];8088.48408),(420336.52544;[0.61];[-0.34];8013.89616;[0.5898];[-0.3602];7972.87664),(420443.63189;[0.61];[-0.34];8010.60038;[0.5887];[-0.3613];7969.36324),(420899.42646;[0.61];[-0.34];8010.60038;[0.5887];[-0.3613];7969.36324),(420957.00622;[0.61];[-0.34];8010.60038;[0.5887];[-0.3613];7969.36324),(421012.01439;[0.61];[-0.34];8010.60038;[0.5887];[-0.3613];7969.36324),(421507.63869;[0.6];[-0.35];8763.31039;[0.598];[-0.352];8712.21684),(421852.34880;[0.61];[-0.34];8584.06996;[0.6231];[-0.3269];8533.03981),(422137.63046;[0.64];[-0.31];8299.41202;[0.6182];[-0.3318];8257.32019),(422291.31389;[0.64];[-0.31];8130.91267;[0.6028];[-0.3472];8090.68367),(422492.24114;[0.64];[-0.31];8120.32403;[0.6012];[-0.3488];8079.86996),(422597.62335;[0.61];[-0.34];8012.48485;[0.5894];[-0.3606];7971.34951),(422756.43396;[0.61];[-0.34];8010.60038;[0.5887];[-0.3613];7969.36324),(423361.55605;[0.61];[-0.34];8010.60038;[0.5887];[-0.3613];7969.36324),(423422.42789;[0.61];[-0.34];8010.60038;[0.5887];[-0.3613];7969.36324),(423944.37575;[0.6];[-0.35];8710.44129;[0.6061];[-0.3439];8674.99098),(424288.25235;[0.64];[-0.31];8388.17771;[0.6199];[-0.3301];8344.27378),(424824.76640;[0.61];[-0.34];8010.60038;[0.5887];[-0.3613];7969.36324),(425725.39210;[0.61];[-0.34];8010.60038;[0.5887];[-0.3613];7969.36324),(426129.80890;[0.6];[-0.35];8710.44129;[0.6061];[-0.3439];8674.99098),(426429.11029;[0.64];[-0.31];8450.21506;[0.6205];[-0.3295];8398.40763),(426727.20170;[0.61];[-0.34];8010.60038;[0.5887];[-0.3613];7969.36324),(427785.49719;[0.6];[-0.35];8710.44129;[0.6061];[-0.3439];8674.99098),(428108.56986;[0.64];[-0.31];8450.21506;[0.6205];[-0.3295];8398.40763),(428870.25690;[0.64];[-0.31];8308.77369;[0.6198];[-0.3302];8266.89546),(429296.12684;[0.64];[-0.31];8130.95140;[0.6029];[-0.3471];8090.58741),(429396.09647;[0.64];[-0.31];8128.15448;[0.6029];[-0.3471];8087.88765),(429552.29831;[0.64];[-0.31];8126.75399;[0.6021];[-0.3479];8086.37505),(429652.60267;[0.64];[-0.31];8120.32403;[0.6012];[-0.3488];8079.86996),(429716.50100;[0.64];[-0.31];8120.32403;[0.6012];[-0.3488];8079.86996),(429778.67770;[0.64];[-0.31];8120.32403;[0.6012];[-0.3488];8079.86996),(429880.72848;[0.64];[-0.31];8117.48368;[0.6004];[-0.3496];8076.96063),(429967.29302;[0.64];[-0.31];8117.48368;[0.6004];[-0.3496];8076.96063),(430556.88334;[0.6];[-0.35];8689.89626;[0.609];[-0.341];8652.17075),(430902.43816;[0.64];[-0.31];8389.14897;[0.6195];[-0.3305];8344.91775),(431234.10583;[0.64];[-0.31];8117.48368;[0.6004];[-0.3496];8076.96063),(431504.86851;[0.64];[-0.31];8117.48368;[0.6004];[-0.3496];8076.96063),(431828.45712;[0.6];[-0.35];8655.19818;[0.6149];[-0.3351];8604.81473),(432145.55764;[0.64];[-0.31];8389.14897;[0.6195];[-0.3305];8344.91775),(432464.44750;[0.64];[-0.31];8117.48368;[0.6004];[-0.3496];8076.96063),(432729.74491;[0.64];[-0.31];8117.48368;[0.6004];[-0.3496];8076.96063),(433062.91604;[0.6];[-0.35];8655.19818;[0.6149];[-0.3351];8604.81473),(433404.45757;[0.64];[-0.31];8389.14897;[0.6195];[-0.3305];8344.91775),(433744.52281;[0.64];[-0.31];8117.48368;[0.6004];[-0.3496];8076.96063),(434028.40543;[0.64];[-0.31];8117.48368;[0.6004];[-0.3496];8076.96063),(434479.64978;[0.61];[-0.34];8630.72970;[0.6176];[-0.3324];8577.77707),(434795.75419;[0.64];[-0.31];8309.71779;[0.6197];[-0.3303];8267.84453),(434918.16401;[0.64];[-0.31];8223.95121;[0.6113];[-0.3387];8182.87658),(435042.40942;[0.64];[-0.31];8128.68449;[0.6028];[-0.3472];8088.48408),(435130.61380;[0.64];[-0.31];8126.75399;[0.6021];[-0.3479];8086.37505),(435244.99655;[0.64];[-0.31];8117.48368;[0.6004];[-0.3496];8076.96063),(436002.77781;[0.61];[-0.34];8585.62661;[0.6227];[-0.3273];8533.75099),(436579.92768;[0.64];[-0.31];8310.72541;[0.6198];[-0.3302];8268.87721),(436715.50536;[0.64];[-0.31];8226.31679;[0.6114];[-0.3386];8185.24561),(436987.94556;[0.64];[-0.31];8128.68449;[0.6028];[-0.3472];8088.48408),(437196.95258;[0.64];[-0.31];8126.75399;[0.6021];[-0.3479];8086.37505),(437389.40406;[0.64];[-0.31];8120.32403;[0.6012];[-0.3488];8079.86996),(437518.52345;[0.64];[-0.31];8117.48368;[0.6004];[-0.3496];8076.96063),(438308.35938;[0.64];[-0.31];8468.25518;[0.6179];[-0.3321];8414.90555),(438892.95173;[0.64];[-0.31];8311.81894;[0.6191];[-0.3309];8269.77377),(438998.98815;[0.64];[-0.31];8227.56550;[0.6117];[-0.3383];8186.53276),(439441.92600;[0.64];[-0.31];8128.68449;[0.6028];[-0.3472];8088.48408),(439535.35819;[0.64];[-0.31];8127.99668;[0.6028];[-0.3472];8087.73235),(439616.25957;[0.64];[-0.31];8126.41318;[0.6026];[-0.3474];8086.05087),(439699.40853;[0.64];[-0.31];8120.32403;[0.6012];[-0.3488];8079.86996),(439835.88529;[0.64];[-0.31];8120.32403;[0.6012];[-0.3488];8079.86996),(440542.66334;[0.64];[-0.31];8406.09114;[0.6174];[-0.3326];8360.93955),(441129.14228;[0.64];[-0.31];8117.48368;[0.6004];[-0.3496];8076.96063),(441806.24318;[0.64];[-0.31];8406.09114;[0.6174];[-0.3326];8360.93955),(441921.69881;[0.64];[-0.31];8308.94047;[0.6201];[-0.3299];8267.11721),(442039.26826;[0.64];[-0.31];8228.22169;[0.6108];[-0.3392];8186.91180),(442133.44002;[0.64];[-0.31];8223.95121;[0.6113];[-0.3387];8182.87658),(442242.85245;[0.64];[-0.31];8128.15448;[0.6029];[-0.3471];8087.88765),(442382.46965;[0.64];[-0.31];8120.32403;[0.6012];[-0.3488];8079.86996),(442532.48000;[0.64];[-0.31];8120.32403;[0.6012];[-0.3488];8079.86996),(442700.68049;[0.64];[-0.31];8120.32403;[0.6012];[-0.3488];8079.86996),(442794.82627;[0.64];[-0.31];8120.32403;[0.6012];[-0.3488];8079.86996),(443315.75012;[0.64];[-0.31];8120.32403;[0.6012];[-0.3488];8079.86996),(443664.34932;[0.64];[-0.31];8120.32403;[0.6012];[-0.3488];8079.86996),(444187.93344;[0.64];[-0.31];8120.32403;[0.6012];[-0.3488];8079.86996),(445189.92615;[0.52];[-0.43];9225.34919;[0.5007];[-0.4493];9340.65845),(445504.75311;[0.52];[-0.43];9225.34919;[0.5007];[-0.4493];9340.65845),(445855.57461;[0.52];[-0.43];9225.34919;[0.5007];[-0.4493];9340.65845),(446162.16230;[0.52];[-0.43];9225.34919;[0.5007];[-0.4493];9340.65845),(446476.02558;[0.52];[-0.43];9225.34919;[0.5007];[-0.4493];9340.65845),(446763.44419;[0.64];[-0.31];8233.34046;[0.606];[-0.344];8194.96598),(446963.69195;[0.6];[-0.35];7862.24017;[0.5686];[-0.3814];7820.60886),(447033.76484;[0.4];[-0.55];7196.22377;[0.4335];[-0.5165];7156.67140),(447283.80013;[0.36];[-0.59];6957.62227;[0.3663];[-0.5837];6921.53499),(447403.56827;[0.36];[-0.59];6951.47271;[0.366];[-0.584];6914.94902),(447530.76363;[0.36];[-0.59];6951.47271;[0.366];[-0.584];6914.94902),(448095.94798;[0.52];[-0.43];9225.34919;[0.5007];[-0.4493];9340.65845),(448559.38148;[0.54];[-0.41];9048.56358;[0.5489];[-0.4011];9051.93764),(448917.59658;[0.6];[-0.35];8747.70286;[0.6011];[-0.3489];8694.12452),(449359.30300;[0.64];[-0.31];8254.40864;[0.6082];[-0.3418];8211.07520),(450065.56582;[0.6];[-0.35];7889.34294;[0.5725];[-0.3775];7847.91078),(450169.65556;[0.4];[-0.55];7200.64154;[0.4348];[-0.5152];7161.10318),(450315.61613;[0.4];[-0.55];7196.22377;[0.4335];[-0.5165];7156.67140),(450621.90080;[0.4];[-0.55];7196.22377;[0.4335];[-0.5165];7156.67140),(451156.55923;[0.52];[-0.43];9225.34919;[0.5007];[-0.4493];9340.65845),(451602.81491;[0.54];[-0.41];9035.39235;[0.5503];[-0.3997];9035.41142),(452065.40489;[0.6];[-0.35];8729.93904;[0.603];[-0.347];8670.71875),(452493.44730;[0.64];[-0.31];8254.40864;[0.6082];[-0.3418];8211.07520),(453483.47378;[0.6];[-0.35];7892.61625;[0.5731];[-0.3769];7850.91140),(453594.60211;[0.58];[-0.37];7737.47243;[0.5481];[-0.4019];7696.41803),(453678.48039;[0.53];[-0.42];7561.09708;[0.5158];[-0.4342];7518.54117),(453923.77639;[0.47];[-0.48];7405.04579;[0.4865];[-0.4635];7362.98829),(453993.82830;[0.4];[-0.55];7200.64154;[0.4348];[-0.5152];7161.10318),(454280.15399;[0.4];[-0.55];7200.64154;[0.4348];[-0.5152];7161.10318),(454358.97899;[0.4];[-0.55];7196.22377;[0.4335];[-0.5165];7156.67140),(454406.77047;[0.4];[-0.55];7196.22377;[0.4335];[-0.5165];7156.67140),(454772.86983;[0.52];[-0.43];9224.46709;[0.501];[-0.449];9332.01248),(455203.06420;[0.56];[-0.39];9003.48867;[0.5553];[-0.3947];9000.35967),(455666.02778;[0.6];[-0.35];8728.95879;[0.6036];[-0.3464];8670.12828),(456248.76571;[0.64];[-0.31];8253.82419;[0.6087];[-0.3413];8210.76437),(456550.26746;[0.4];[-0.55];7196.22377;[0.4335];[-0.5165];7156.67140),(457471.83514;[0.52];[-0.43];9224.46709;[0.501];[-0.449];9332.01248),(457887.80260;[0.56];[-0.39];9003.48867;[0.5553];[-0.3947];9000.35967),(458249.10927;[0.6];[-0.35];8728.95879;[0.6036];[-0.3464];8670.12828),(458975.21853;[0.64];[-0.31];8253.82419;[0.6087];[-0.3413];8210.76437),(459889.09316;[0.6];[-0.35];7893.95204;[0.5728];[-0.3772];7852.23042),(460115.07010;[0.58];[-0.37];7739.74437;[0.5487];[-0.4013];7698.75705),(460283.44941;[0.47];[-0.48];7414.64266;[0.4888];[-0.4612];7372.68736),(460377.66147;[0.46];[-0.49];7386.53088;[0.4821];[-0.4679];7344.35415),(460534.92498;[0.46];[-0.49];7386.53088;[0.4821];[-0.4679];7344.35415),(461318.76802;[0.51];[-0.44];9218.36329;[0.5045];[-0.4455];9321.89421),(461848.34480;[0.57];[-0.38];8988.17942;[0.5567];[-0.3933];8981.64788),(462319.05174;[0.6];[-0.35];8725.30180;[0.6032];[-0.3468];8691.28196),(462675.98534;[0.64];[-0.31];8254.40864;[0.6082];[-0.3418];8211.07520),(463488.13534;[0.6];[-0.35];7895.29424;[0.5723];[-0.3777];7853.38169),(463603.07837;[0.58];[-0.37];7747.10901;[0.5499];[-0.4001];7706.30502),(463691.86926;[0.54];[-0.41];7570.21852;[0.5168];[-0.4332];7529.46362),(463924.23439;[0.47];[-0.48];7406.52434;[0.4873];[-0.4627];7364.59612),(463992.51723;[0.47];[-0.48];7402.47673;[0.486];[-0.464];7360.30773),(464130.75638;[0.46];[-0.49];7386.53088;[0.4821];[-0.4679];7344.35415),(464296.66519;[0.46];[-0.49];7386.53088;[0.4821];[-0.4679];7344.35415),(465082.55339;[0.5];[-0.45];9206.07685;[0.5096];[-0.4404];9312.08020),(465474.62416;[0.57];[-0.38];8959.07200;[0.5633];[-0.3867];8943.30813),(466106.19950;[0.6];[-0.35];8675.88297;[0.6077];[-0.3423];8636.31915),(466490.35573;[0.64];[-0.31];8271.82406;[0.6097];[-0.3403];8228.91317),(467251.21164;[0.61];[-0.34];8003.17996;[0.5873];[-0.3627];7961.84906),(467378.37934;[0.58];[-0.37];7747.10901;[0.5499];[-0.4001];7706.30502),(467512.90607;[0.47];[-0.48];7409.45068;[0.4876];[-0.4624];7367.38596),(467638.27252;[0.47];[-0.48];7404.87997;[0.4865];[-0.4635];7362.86955),(467810.86516;[0.46];[-0.49];7394.03587;[0.4843];[-0.4657];7351.78976),(468027.36688;[0.46];[-0.49];7386.53088;[0.4821];[-0.4679];7344.35415),(468128.13854;[0.46];[-0.49];7386.53088;[0.4821];[-0.4679];7344.35415),(468737.39576;[0.5];[-0.45];9189.56519;[0.5117];[-0.4383];9289.83668),(469229.04134;[0.57];[-0.38];8945.15312;[0.5618];[-0.3882];8922.23756),(469866.54615;[0.6];[-0.35];8674.79470;[0.6116];[-0.3384];8629.63752),(470226.52102;[0.64];[-0.31];8302.16125;[0.619];[-0.331];8260.12157),(471246.47999;[0.61];[-0.34];8015.64906;[0.5893];[-0.3607];7974.46177),(471365.84830;[0.58];[-0.37];7749.17834;[0.5499];[-0.4001];7708.36402),(471450.03963;[0.54];[-0.41];7570.21852;[0.5168];[-0.4332];7529.46362),(471665.81345;[0.47];[-0.48];7402.47673;[0.486];[-0.464];7360.30773),(471750.03552;[0.47];[-0.48];7402.00101;[0.486];[-0.464];7359.91132),(471961.50494;[0.46];[-0.49];7394.03587;[0.4843];[-0.4657];7351.78976),(472202.88348;[0.46];[-0.49];7386.53088;[0.4821];[-0.4679];7344.35415),(472392.18497;[0.46];[-0.49];7386.53088;[0.4821];[-0.4679];7344.35415),(472929.83389;[0.52];[-0.43];9188.49227;[0.5142];[-0.4358];9250.58671),(473537.81915;[0.57];[-0.38];8911.22012;[0.5653];[-0.3847];8883.79251),(474159.95550;[0.6];[-0.35];8674.79470;[0.6116];[-0.3384];8629.63752),(474464.64443;[0.64];[-0.31];8307.46423;[0.6197];[-0.3303];8265.48085),(474830.80912;[0.46];[-0.49];7386.53088;[0.4821];[-0.4679];7344.35415),(475878.54576;[0.52];[-0.43];9188.49227;[0.5142];[-0.4358];9250.58671),(476506.52838;[0.57];[-0.38];8911.22012;[0.5653];[-0.3847];8883.79251),(477032.45378;[0.6];[-0.35];8674.79470;[0.6116];[-0.3384];8629.63752),(477346.62986;[0.64];[-0.31];8307.46423;[0.6197];[-0.3303];8265.48085),(478006.87075;[0.61];[-0.34];8019.05383;[0.5906];[-0.3594];7977.95714),(478130.59831;[0.6];[-0.35];7879.34893;[0.5712];[-0.3788];7837.66735),(478242.20991;[0.54];[-0.41];7570.21852;[0.5168];[-0.4332];7529.46362),(478406.09813;[0.54];[-0.41];7570.05271;[0.5168];[-0.4332];7529.34488),(479358.97970;[0.52];[-0.43];9187.42569;[0.5155];[-0.4345];9245.38955),(480033.82158;[0.57];[-0.38];8889.60747;[0.57];[-0.38];8849.10769),(480491.01138;[0.61];[-0.34];8633.82067;[0.6168];[-0.3332];8579.68173),(480832.58510;[0.64];[-0.31];8212.81047;[0.6099];[-0.3401];8171.44527),(481847.71657;[0.52];[-0.43];9187.42569;[0.5155];[-0.4345];9245.38955),(482484.21216;[0.57];[-0.38];8909.61708;[0.5652];[-0.3848];8882.24321),(483037.28414;[0.6];[-0.35];8674.79470;[0.6116];[-0.3384];8629.63752),(483362.49447;[0.64];[-0.31];8308.77369;[0.6198];[-0.3302];8266.89546),(483671.40484;[0.61];[-0.34];8020.28834;[0.5902];[-0.3598];7979.30144),(483785.93612;[0.6];[-0.35];7886.93753;[0.5719];[-0.3781];7845.33711),(483893.69893;[0.58];[-0.37];7745.67910;[0.5496];[-0.4004];7704.82750),(483970.84165;[0.58];[-0.37];7737.47243;[0.5481];[-0.4019];7696.41803),(484116.35494;[0.54];[-0.41];7573.09489;[0.5175];[-0.4325];7532.41422),(484193.09115;[0.54];[-0.41];7570.05271;[0.5168];[-0.4332];7529.34488),(484242.25736;[0.54];[-0.41];7570.05271;[0.5168];[-0.4332];7529.34488),(485088.32574;[0.52];[-0.43];9185.63655;[0.5193];[-0.4307];9240.83802),(485647.62616;[0.57];[-0.38];8882.63967;[0.5696];[-0.3804];8850.97407),(486203.79281;[0.6];[-0.35];8641.72989;[0.6145];[-0.3355];8593.75679),(486523.86022;[0.64];[-0.31];8223.05101;[0.6108];[-0.3392];8181.85273),(487636.92141;[0.52];[-0.43];9185.63655;[0.5193];[-0.4307];9240.83802),(488296.13900;[0.57];[-0.38];8882.63967;[0.5696];[-0.3804];8850.97407),(488841.13884;[0.6];[-0.35];8674.79470;[0.6116];[-0.3384];8629.63752),(489207.01933;[0.64];[-0.31];8310.72541;[0.6198];[-0.3302];8268.87721),(489545.53795;[0.61];[-0.34];8021.46128;[0.5896];[-0.3604];7980.07877),(489768.23974;[0.6];[-0.35];7889.34294;[0.5725];[-0.3775];7847.91078),(489881.10042;[0.58];[-0.37];7747.10901;[0.5499];[-0.4001];7706.30502),(489985.33821;[0.58];[-0.37];7741.18893;[0.5487];[-0.4013];7700.32540),(490064.74805;[0.58];[-0.37];7737.47243;[0.5481];[-0.4019];7696.41803),(490165.01260;[0.54];[-0.41];7570.05271;[0.5168];[-0.4332];7529.34488),(490909.57713;[0.52];[-0.43];9164.95691;[0.5259];[-0.4241];9209.04858),(491272.92991;[0.57];[-0.38];8874.70278;[0.5762];[-0.3738];8835.46359),(491778.19252;[0.6];[-0.35];8647.26510;[0.6145];[-0.3355];8597.07380),(492101.70221;[0.64];[-0.31];8226.72295;[0.611];[-0.339];8185.61034),(493224.38955;[0.52];[-0.43];9164.95691;[0.5259];[-0.4241];9209.04858),(493607.88703;[0.57];[-0.38];8874.70278;[0.5762];[-0.3738];8835.46359),(494070.31131;[0.6];[-0.35];8647.26510;[0.6145];[-0.3355];8597.07380),(494432.72281;[0.64];[-0.31];8311.81894;[0.6191];[-0.3309];8269.77377),(494799.92390;[0.61];[-0.34];8021.46128;[0.5896];[-0.3604];7980.07877),(495011.36017;[0.6];[-0.35];7890.80719;[0.572];[-0.378];7849.31133),(495108.15334;[0.6];[-0.35];7876.38710;[0.5705];[-0.3795];7834.66056),(495273.26155;[0.58];[-0.37];7741.18893;[0.5487];[-0.4013];7700.32540),(495366.85014;[0.58];[-0.37];7737.47243;[0.5481];[-0.4019];7696.41803),(495698.90642;[0.58];[-0.37];7736.85340;[0.548];[-0.402];7695.83429),(495890.84959;[0.58];[-0.37];7726.56589;[0.5465];[-0.4035];7685.47623),(496062.14833;[0.58];[-0.37];7722.91748;[0.5458];[-0.4042];7681.79219),(496154.91819;[0.58];[-0.37];7722.91748;[0.5458];[-0.4042];7681.79219),(496747.49899;[0.52];[-0.43];9148.89336;[0.5307];[-0.4193];9189.04549),(497246.36006;[0.58];[-0.37];8856.49104;[0.5818];[-0.3682];8810.12839),(497571.33436;[0.61];[-0.34];8607.18052;[0.621];[-0.329];8554.44795),(497904.94442;[0.64];[-0.31];8227.75640;[0.6116];[-0.3384];8186.58304),(498283.61511;[0.58];[-0.37];7722.91748;[0.5458];[-0.4042];7681.79219),(499416.44835;[0.52];[-0.43];9129.05510;[0.5349];[-0.4151];9167.63932),(499915.16280;[0.58];[-0.37];8856.49104;[0.5818];[-0.3682];8810.12839),(500256.67024;[0.61];[-0.34];8607.18052;[0.621];[-0.329];8554.44795),(500599.27416;[0.64];[-0.31];8227.75640;[0.6116];[-0.3384];8186.58304),(502125.16236;[0.52];[-0.43];9129.05510;[0.5349];[-0.4151];9167.63932),(502597.70298;[0.58];[-0.37];8856.49104;[0.5818];[-0.3682];8810.12839),(503100.85440;[0.6];[-0.35];8648.13373;[0.6149];[-0.3351];8600.26197),(503456.36153;[0.64];[-0.31];8312.22265;[0.6186];[-0.3314];8269.67151),(504074.79024;[0.61];[-0.34];8021.62753;[0.5892];[-0.3608];7979.94651),(504181.85234;[0.6];[-0.35];7891.77662;[0.5726];[-0.3774];7850.36906),(504285.41994;[0.6];[-0.35];7879.34893;[0.5712];[-0.3788];7837.66735),(504439.56566;[0.58];[-0.37];7739.74437;[0.5487];[-0.4013];7698.75705),(504759.71413;[0.58];[-0.37];7737.47243;[0.5481];[-0.4019];7696.41803),(504827.20852;[0.58];[-0.37];7737.47243;[0.5481];[-0.4019];7696.41803),(504978.25336;[0.58];[-0.37];7734.02997;[0.5475];[-0.4025];7692.89830),(505412.90593;[0.58];[-0.37];7722.91748;[0.5458];[-0.4042];7681.79219),(505936.10954;[0.52];[-0.43];9105.22003;[0.5341];[-0.4159];9129.86884),(506332.06582;[0.58];[-0.37];8840.65734;[0.5835];[-0.3665];8793.01219),(506804.63672;[0.61];[-0.34];8607.35587;[0.621];[-0.329];8554.64480),(507199.95022;[0.64];[-0.31];8228.75470;[0.6115];[-0.3385];8187.70275),(507615.17334;[0.58];[-0.37];7722.91748;[0.5458];[-0.4042];7681.79219),(508996.87624;[0.52];[-0.43];9082.14167;[0.5353];[-0.4147];9099.08877),(509418.21551;[0.58];[-0.37];8840.65734;[0.5835];[-0.3665];8793.01219),(509910.52747;[0.61];[-0.34];8607.35587;[0.621];[-0.329];8554.64480),(510282.71937;[0.64];[-0.31];8228.75470;[0.6115];[-0.3385];8187.70275),(511365.11922;[0.58];[-0.37];7722.91748;[0.5458];[-0.4042];7681.79219),(512123.03996;[0.52];[-0.43];9082.14167;[0.5353];[-0.4147];9099.08877),(512589.85543;[0.58];[-0.37];8840.65734;[0.5835];[-0.3665];8793.01219),(513052.79016;[0.61];[-0.34];8607.35587;[0.621];[-0.329];8554.64480),(513414.02364;[0.64];[-0.31];8228.75470;[0.6115];[-0.3385];8187.70275),(513543.82443;[0.61];[-0.34];8018.65175;[0.5902];[-0.3598];7977.68606),(513783.64491;[0.6];[-0.35];7889.34294;[0.5725];[-0.3775];7847.91078),(513872.24603;[0.58];[-0.37];7737.47243;[0.5481];[-0.4019];7696.41803),(514319.39268;[0.58];[-0.37];7737.47243;[0.5481];[-0.4019];7696.41803),(514384.07803;[0.58];[-0.37];7737.47243;[0.5481];[-0.4019];7696.41803),(514520.30277;[0.58];[-0.37];7734.02997;[0.5475];[-0.4025];7692.89830),(515013.52930;[0.53];[-0.42];9072.56422;[0.5416];[-0.4084];9078.45978),(515545.13764;[0.6];[-0.35];8783.04400;[0.5946];[-0.3554];8738.86653),(515914.32571;[0.64];[-0.31];8411.93003;[0.6176];[-0.3324];8366.72065),(516292.80281;[0.58];[-0.37];7734.02997;[0.5475];[-0.4025];7692.89830),(517017.41171;[0.58];[-0.37];7734.02997;[0.5475];[-0.4025];7692.89830),(517670.09807;[0.53];[-0.42];9065.16815;[0.5434];[-0.4066];9080.79041),(518148.05627;[0.6];[-0.35];8783.04400;[0.5946];[-0.3554];8738.86653),(518508.06141;[0.64];[-0.31];8411.93003;[0.6176];[-0.3324];8366.72065),(518919.89732;[0.58];[-0.37];7734.02997;[0.5475];[-0.4025];7692.89830),(520263.19909;[0.53];[-0.42];9065.16815;[0.5434];[-0.4066];9080.79041),(520771.36707;[0.6];[-0.35];8783.04400;[0.5946];[-0.3554];8738.86653),(521115.08989;[0.64];[-0.31];8411.93003;[0.6176];[-0.3324];8366.72065),(521869.22216;[0.64];[-0.31];8128.15448;[0.6029];[-0.3471];8087.88765),(522040.83180;[0.6];[-0.35];7892.34690;[0.5729];[-0.3771];7850.83902),(522132.07603;[0.6];[-0.35];7888.88263;[0.5723];[-0.3777];7847.44299),(522306.37789;[0.6];[-0.35];7879.34893;[0.5712];[-0.3788];7837.66735),(522440.34028;[0.58];[-0.37];7737.47243;[0.5481];[-0.4019];7696.41803),(522578.78661;[0.58];[-0.37];7734.02997;[0.5475];[-0.4025];7692.89830),(523835.59012;[0.54];[-0.41];9057.04629;[0.547];[-0.403];9064.29846),(524330.11961;[0.6];[-0.35];8783.00827;[0.5941];[-0.3559];8738.62007),(524660.64548;[0.61];[-0.34];8572.44428;[0.6226];[-0.3274];8521.37122),(525059.31997;[0.64];[-0.31];8129.80671;[0.6028];[-0.3472];8089.54364),(525352.45061;[0.6];[-0.35];7892.61625;[0.5731];[-0.3769];7850.91140),(525456.76517;[0.6];[-0.35];7888.88263;[0.5723];[-0.3777];7847.44299),(525523.61393;[0.6];[-0.35];7879.34893;[0.5712];[-0.3788];7837.66735),(525660.67863;[0.6];[-0.35];7876.38710;[0.5705];[-0.3795];7834.66056),(525713.23586;[0.6];[-0.35];7876.38710;[0.5705];[-0.3795];7834.66056),(526246.06085;[0.54];[-0.41];9035.39235;[0.5503];[-0.3997];9035.41142),(526708.86898;[0.6];[-0.35];8765.56237;[0.5974];[-0.3526];8718.86841),(527116.36925;[0.64];[-0.31];8445.81068;[0.6208];[-0.3292];8394.38056),(527798.93160;[0.64];[-0.31];8130.91267;[0.6028];[-0.3472];8090.68367),(527928.93696;[0.61];[-0.34];8010.60038;[0.5887];[-0.3613];7969.36324),(528025.52986;[0.6];[-0.35];7888.88263;[0.5723];[-0.3777];7847.44299),(528107.01990;[0.6];[-0.35];7876.38710;[0.5705];[-0.3795];7834.66056),(528251.48511;[0.6];[-0.35];7876.38710;[0.5705];[-0.3795];7834.66056),(528290.35163;[0.6];[-0.35];7876.38710;[0.5705];[-0.3795];7834.66056),(528755.29528;[0.55];[-0.4];9023.13766;[0.5544];[-0.3956];9030.97219),(529089.11061;[0.6];[-0.35];8765.56237;[0.5974];[-0.3526];8718.86841),(529370.42618;[0.64];[-0.31];8448.13414;[0.6209];[-0.3291];8396.78634),(529938.26890;[0.64];[-0.31];8131.25372;[0.6021];[-0.3479];8090.78070),(530066.99157;[0.61];[-0.34];8012.73075;[0.589];[-0.361];7971.54033),(530160.01368;[0.6];[-0.35];7888.88263;[0.5723];[-0.3777];7847.44299),(530324.03731;[0.6];[-0.35];7879.34893;[0.5712];[-0.3788];7837.66735),(530401.09181;[0.6];[-0.35];7876.38710;[0.5705];[-0.3795];7834.66056),(530683.83598;[0.6];[-0.35];7876.38710;[0.5705];[-0.3795];7834.66056),(530721.86589;[0.6];[-0.35];7876.38710;[0.5705];[-0.3795];7834.66056),(531229.87533;[0.56];[-0.39];9003.48867;[0.5553];[-0.3947];9000.35967),(531780.06291;[0.6];[-0.35];8730.22224;[0.6024];[-0.3476];8670.68904),(532107.23615;[0.64];[-0.31];8388.26673;[0.621];[-0.329];8344.96824),(532413.55538;[0.6];[-0.35];7876.38710;[0.5705];[-0.3795];7834.66056),(533344.52748;[0.57];[-0.38];8979.51239;[0.5571];[-0.3929];8959.67693),(533868.85715;[0.6];[-0.35];8710.44129;[0.6061];[-0.3439];8674.99098),(534179.16989;[0.64];[-0.31];8388.26673;[0.621];[-0.329];8344.96824),(534889.78767;[0.64];[-0.31];8132.35013;[0.6028];[-0.3472];8091.94276),(535020.73169;[0.61];[-0.34];8012.73075;[0.589];[-0.361];7971.54033),(535120.07618;[0.6];[-0.35];7886.93753;[0.5719];[-0.3781];7845.33711),(535207.87525;[0.6];[-0.35];7879.34893;[0.5712];[-0.3788];7837.66735),(535312.77466;[0.6];[-0.35];7876.38710;[0.5705];[-0.3795];7834.66056),(535403.17583;[0.6];[-0.35];7876.38710;[0.5705];[-0.3795];7834.66056),(535835.73747;[0.57];[-0.38];8983.04880;[0.5573];[-0.3927];8963.25914),(536510.24795;[0.6];[-0.35];8734.25763;[0.5988];[-0.3512];8685.60287),(536874.59636;[0.64];[-0.31];8449.27240;[0.6208];[-0.3292];8397.63731),(537265.56969;[0.64];[-0.31];8132.40136;[0.602];[-0.348];8091.45011),(537475.81840;[0.61];[-0.34];8015.64906;[0.5893];[-0.3607];7974.46177),(537575.57678;[0.6];[-0.35];7886.93753;[0.5719];[-0.3781];7845.33711),(537666.16201;[0.6];[-0.35];7876.38710;[0.5705];[-0.3795];7834.66056),(538343.69159;[0.57];[-0.38];8929.34816;[0.5638];[-0.3862];8903.05227),(538675.36640;[0.6];[-0.35];8689.89626;[0.609];[-0.341];8652.17075),(538977.92816;[0.64];[-0.31];8310.72541;[0.6198];[-0.3302];8268.87721),(539810.00614;[0.6];[-0.35];7876.38710;[0.5705];[-0.3795];7834.66056),(540202.89183;[0.57];[-0.38];8959.07200;[0.5633];[-0.3867];8943.30813),(540541.40067;[0.6];[-0.35];8744.33509;[0.6005];[-0.3495];8695.70124),(541052.02293;[0.64];[-0.31];8449.91964;[0.6203];[-0.3297];8398.00461),(541564.26597;[0.64];[-0.31];8222.61571;[0.6109];[-0.3391];8181.45634),(541800.89903;[0.61];[-0.34];8017.31907;[0.5898];[-0.3602];7976.30310),(541893.98456;[0.6];[-0.35];7886.81055;[0.5719];[-0.3781];7845.24032),(542001.64437;[0.6];[-0.35];7879.34893;[0.5712];[-0.3788];7837.66735),(542092.56268;[0.6];[-0.35];7876.38710;[0.5705];[-0.3795];7834.66056),(542759.71866;[0.57];[-0.38];8910.64400;[0.5654];[-0.3846];8883.33330),(543105.11732;[0.6];[-0.35];8691.09408;[0.6088];[-0.3412];8653.33896),(543756.72197;[0.64];[-0.31];8396.82718;[0.616];[-0.334];8353.23986),(544371.96636;[0.64];[-0.31];8226.31679;[0.6114];[-0.3386];8185.24561),(544552.09279;[0.61];[-0.34];8018.65175;[0.5902];[-0.3598];7977.68606),(544673.76661;[0.6];[-0.35];7886.81055;[0.5719];[-0.3781];7845.24032),(544804.44169;[0.6];[-0.35];7879.34893;[0.5712];[-0.3788];7837.66735),(544909.92451;[0.6];[-0.35];7876.38710;[0.5705];[-0.3795];7834.66056),(545782.24611;[0.57];[-0.38];8889.60747;[0.57];[-0.38];8849.10769),(546150.98119;[0.6];[-0.35];8693.33869;[0.6088];[-0.3412];8655.40310),(546487.16593;[0.64];[-0.31];8409.10384;[0.6179];[-0.3321];8364.04620),(547253.87573;[0.64];[-0.31];8227.75640;[0.6116];[-0.3384];8186.58304),(547435.50205;[0.61];[-0.34];8019.05383;[0.5906];[-0.3594];7977.95714),(547556.60415;[0.61];[-0.34];8010.60038;[0.5887];[-0.3613];7969.36324),(547715.76166;[0.61];[-0.34];8010.60038;[0.5887];[-0.3613];7969.36324),(548047.30439;[0.6];[-0.35];7876.38710;[0.5705];[-0.3795];7834.66056),(548522.01986;[0.57];[-0.38];8881.20094;[0.5731];[-0.3769];8839.63369),(548980.43299;[0.6];[-0.35];8669.87964;[0.6119];[-0.3381];8625.00554),(549330.65462;[0.64];[-0.31];8312.81932;[0.6181];[-0.3319];8269.96781),(550646.46268;[0.57];[-0.38];8881.20094;[0.5731];[-0.3769];8839.63369),(551118.19959;[0.6];[-0.35];8693.33869;[0.6088];[-0.3412];8655.40310),(551474.21527;[0.64];[-0.31];8411.02719;[0.6179];[-0.3321];8365.95275),(551772.35031;[0.64];[-0.31];8229.58460;[0.6108];[-0.3392];8188.11109),(551882.80582;[0.64];[-0.31];8126.75399;[0.6021];[-0.3479];8086.37505),(552084.41567;[0.61];[-0.34];8013.89616;[0.5898];[-0.3602];7972.87664),(552193.05038;[0.61];[-0.34];8012.73075;[0.589];[-0.361];7971.54033),(552257.25365;[0.61];[-0.34];8010.60038;[0.5887];[-0.3613];7969.36324),(553272.71533;[0.57];[-0.38];8874.70278;[0.5762];[-0.3738];8835.46359),(553620.26095;[0.6];[-0.35];8672.84552;[0.612];[-0.338];8627.97761),(554072.06345;[0.64];[-0.31];8377.51844;[0.6194];[-0.3306];8334.18627),(555701.50304;[0.57];[-0.38];8874.70278;[0.5762];[-0.3738];8835.46359),(556045.86744;[0.6];[-0.35];8672.84552;[0.612];[-0.338];8627.97761),(556430.64594;[0.64];[-0.31];8411.58088;[0.6175];[-0.3325];8366.32952),(556729.82502;[0.64];[-0.31];8230.28739;[0.6113];[-0.3387];8188.85072),(556847.54205;[0.64];[-0.31];8128.02177;[0.6029];[-0.3471];8087.78364),(557097.06044;[0.61];[-0.34];8013.89616;[0.5898];[-0.3602];7972.87664),(557191.03694;[0.61];[-0.34];8012.48485;[0.5894];[-0.3606];7971.34951),(557450.60325;[0.61];[-0.34];8010.60038;[0.5887];[-0.3613];7969.36324),(557627.04635;[0.61];[-0.34];8010.60038;[0.5887];[-0.3613];7969.36324),(557681.64158;[0.61];[-0.34];8010.60038;[0.5887];[-0.3613];7969.36324),(558112.51092;[0.58];[-0.37];8844.04456;[0.5838];[-0.3662];8796.42779),(558594.29669;[0.61];[-0.34];8633.85038;[0.6164];[-0.3336];8579.70059),(558899.47581;[0.64];[-0.31];8385.06845;[0.6211];[-0.3289];8341.88365),(559208.24027;[0.61];[-0.34];8010.60038;[0.5887];[-0.3613];7969.36324),(559608.19650;[0.61];[-0.34];8010.60038;[0.5887];[-0.3613];7969.36324),(559980.55434;[0.58];[-0.37];8844.04456;[0.5838];[-0.3662];8796.42779),(560392.45009;[0.61];[-0.34];8633.85038;[0.6164];[-0.3336];8579.70059),(560719.99097;[0.64];[-0.31];8385.06845;[0.6211];[-0.3289];8341.88365),(561025.45786;[0.61];[-0.34];8010.60038;[0.5887];[-0.3613];7969.36324),(562079.00858;[0.58];[-0.37];8829.25400;[0.5857];[-0.3643];8779.08258),(562445.00518;[0.61];[-0.34];8608.50115;[0.6206];[-0.3294];8555.60576),(562778.35774;[0.64];[-0.31];8230.28739;[0.6113];[-0.3387];8188.85072),(562914.39247;[0.64];[-0.31];8128.68449;[0.6028];[-0.3472];8088.48408),(563072.25108;[0.61];[-0.34];8013.89616;[0.5898];[-0.3602];7972.87664),(563168.25819;[0.61];[-0.34];8012.48485;[0.5894];[-0.3606];7971.34951),(563338.90367;[0.61];[-0.34];8010.60038;[0.5887];[-0.3613];7969.36324),(563398.05150;[0.61];[-0.34];8010.60038;[0.5887];[-0.3613];7969.36324),(563622.47062;[0.61];[-0.34];8010.60038;[0.5887];[-0.3613];7969.36324),(564054.51965;[0.6];[-0.35];8799.22409;[0.5919];[-0.3581];8756.45035),(564404.94633;[0.61];[-0.34];8580.62933;[0.623];[-0.327];8529.63232),(564715.04402;[0.61];[-0.34];8010.60038;[0.5887];[-0.3613];7969.36324),(565293.58435;[0.61];[-0.34];8010.60038;[0.5887];[-0.3613];7969.36324),(565679.80623;[0.6];[-0.35];8782.65698;[0.5953];[-0.3547];8738.69550),(566000.48685;[0.61];[-0.34];8580.62933;[0.623];[-0.327];8529.63232),(566309.42726;[0.61];[-0.34];8010.60038;[0.5887];[-0.3613];7969.36324),(566739.24112;[0.61];[-0.34];8010.60038;[0.5887];[-0.3613];7969.36324),(567072.21437;[0.6];[-0.35];8782.65698;[0.5953];[-0.3547];8738.69550),(567429.20685;[0.61];[-0.34];8580.62933;[0.623];[-0.327];8529.63232),(567741.39333;[0.61];[-0.34];8010.60038;[0.5887];[-0.3613];7969.36324),(568901.73268;[0.6];[-0.35];8750.06789;[0.5979];[-0.3521];8684.84177),(569246.35720;[0.64];[-0.31];8447.87079;[0.6211];[-0.3289];8396.51512),(569955.02782;[0.64];[-0.31];8230.42443;[0.6106];[-0.3394];8188.69485),(570215.87586;[0.64];[-0.31];8128.68449;[0.6028];[-0.3472];8088.48408),(570341.80951;[0.61];[-0.34];8013.89616;[0.5898];[-0.3602];7972.87664),(570452.02827;[0.61];[-0.34];8010.60038;[0.5887];[-0.3613];7969.36324),(570921.78297;[0.61];[-0.34];8010.60038;[0.5887];[-0.3613];7969.36324),(570984.84063;[0.61];[-0.34];8010.60038;[0.5887];[-0.3613];7969.36324),(571044.49391;[0.61];[-0.34];8010.60038;[0.5887];[-0.3613];7969.36324),(571589.79845;[0.6];[-0.35];8763.31039;[0.598];[-0.352];8712.21684),(571920.77684;[0.61];[-0.34];8584.06996;[0.6231];[-0.3269];8533.03981),(572223.90509;[0.64];[-0.31];8299.41202;[0.6182];[-0.3318];8257.32019),(572366.61148;[0.64];[-0.31];8130.91267;[0.6028];[-0.3472];8090.68367),(572540.36593;[0.64];[-0.31];8120.32403;[0.6012];[-0.3488];8079.86996),(572642.72714;[0.61];[-0.34];8012.48485;[0.5894];[-0.3606];7971.34951),(572794.26837;[0.61];[-0.34];8010.60038;[0.5887];[-0.3613];7969.36324),(573366.30249;[0.61];[-0.34];8010.60038;[0.5887];[-0.3613];7969.36324),(573416.45598;[0.61];[-0.34];8010.60038;[0.5887];[-0.3613];7969.36324),(573794.20853;[0.6];[-0.35];8710.44129;[0.6061];[-0.3439];8674.99098),(574236.47928;[0.64];[-0.31];8388.17771;[0.6199];[-0.3301];8344.27378),(574811.71966;[0.61];[-0.34];8010.60038;[0.5887];[-0.3613];7969.36324),(575758.58259;[0.61];[-0.34];8010.60038;[0.5887];[-0.3613];7969.36324),(576156.20732;[0.6];[-0.35];8710.44129;[0.6061];[-0.3439];8674.99098),(576451.79081;[0.64];[-0.31];8450.21506;[0.6205];[-0.3295];8398.40763),(576754.19545;[0.61];[-0.34];8010.60038;[0.5887];[-0.3613];7969.36324),(577900.78926;[0.6];[-0.35];8710.44129;[0.6061];[-0.3439];8674.99098),(578188.79223;[0.64];[-0.31];8450.21506;[0.6205];[-0.3295];8398.40763),(578978.39785;[0.64];[-0.31];8308.77369;[0.6198];[-0.3302];8266.89546),(579380.81169;[0.64];[-0.31];8130.95140;[0.6029];[-0.3471];8090.58741),(579470.92175;[0.64];[-0.31];8128.15448;[0.6029];[-0.3471];8087.88765),(579627.91395;[0.64];[-0.31];8126.75399;[0.6021];[-0.3479];8086.37505),(579722.26334;[0.64];[-0.31];8120.32403;[0.6012];[-0.3488];8079.86996),(579784.67202;[0.64];[-0.31];8120.32403;[0.6012];[-0.3488];8079.86996),(579847.09692;[0.64];[-0.31];8120.32403;[0.6012];[-0.3488];8079.86996),(579941.87284;[0.64];[-0.31];8117.48368;[0.6004];[-0.3496];8076.96063),(579997.92647;[0.64];[-0.31];8117.48368;[0.6004];[-0.3496];8076.96063),(580434.55696;[0.6];[-0.35];8689.89626;[0.609];[-0.341];8652.17075),(580971.92693;[0.64];[-0.31];8389.14897;[0.6195];[-0.3305];8344.91775),(581277.50802;[0.64];[-0.31];8117.48368;[0.6004];[-0.3496];8076.96063),(581544.34061;[0.64];[-0.31];8117.48368;[0.6004];[-0.3496];8076.96063),(581867.28644;[0.6];[-0.35];8655.19818;[0.6149];[-0.3351];8604.81473),(582198.57311;[0.64];[-0.31];8389.14897;[0.6195];[-0.3305];8344.91775),(582523.84090;[0.64];[-0.31];8117.48368;[0.6004];[-0.3496];8076.96063),(582812.62803;[0.64];[-0.31];8117.48368;[0.6004];[-0.3496];8076.96063),(583320.46771;[0.6];[-0.35];8655.19818;[0.6149];[-0.3351];8604.81473),(583834.63454;[0.64];[-0.31];8389.14897;[0.6195];[-0.3305];8344.91775),(584317.02089;[0.64];[-0.31];8117.48368;[0.6004];[-0.3496];8076.96063),(584757.88999;[0.64];[-0.31];8117.48368;[0.6004];[-0.3496];8076.96063),(585550.69280;[0.61];[-0.34];8630.72970;[0.6176];[-0.3324];8577.77707),(586060.89497;[0.64];[-0.31];8309.71779;[0.6197];[-0.3303];8267.84453),(586255.27573;[0.64];[-0.31];8223.95121;[0.6113];[-0.3387];8182.87658),(586415.40194;[0.64];[-0.31];8128.68449;[0.6028];[-0.3472];8088.48408),(586504.93407;[0.64];[-0.31];8126.75399;[0.6021];[-0.3479];8086.37505),(586601.97353;[0.64];[-0.31];8117.48368;[0.6004];[-0.3496];8076.96063),(587325.91867;[0.61];[-0.34];8585.62661;[0.6227];[-0.3273];8533.75099),(587905.57408;[0.64];[-0.31];8310.72541;[0.6198];[-0.3302];8268.87721),(588029.83236;[0.64];[-0.31];8226.31679;[0.6114];[-0.3386];8185.24561),(588288.27000;[0.64];[-0.31];8128.68449;[0.6028];[-0.3472];8088.48408),(588438.15684;[0.64];[-0.31];8126.75399;[0.6021];[-0.3479];8086.37505),(588591.78233;[0.64];[-0.31];8120.32403;[0.6012];[-0.3488];8079.86996),(588685.00471;[0.64];[-0.31];8117.48368;[0.6004];[-0.3496];8076.96063),(589239.10451;[0.64];[-0.31];8468.25518;[0.6179];[-0.3321];8414.90555),(589995.32771;[0.64];[-0.31];8311.81894;[0.6191];[-0.3309];8269.77377),(590114.79759;[0.64];[-0.31];8227.56550;[0.6117];[-0.3383];8186.53276),(590558.18319;[0.64];[-0.31];8128.68449;[0.6028];[-0.3472];8088.48408),(590655.52950;[0.64];[-0.31];8127.99668;[0.6028];[-0.3472];8087.73235),(590736.75609;[0.64];[-0.31];8126.41318;[0.6026];[-0.3474];8086.05087),(590854.30193;[0.64];[-0.31];8120.32403;[0.6012];[-0.3488];8079.86996),(591053.65825;[0.64];[-0.31];8120.32403;[0.6012];[-0.3488];8079.86996),(591863.53135;[0.64];[-0.31];8406.09114;[0.6174];[-0.3326];8360.93955),(592452.69370;[0.64];[-0.31];8117.48368;[0.6004];[-0.3496];8076.96063),(593203.91655;[0.64];[-0.31];8406.09114;[0.6174];[-0.3326];8360.93955),(593308.75278;[0.64];[-0.31];8308.94047;[0.6201];[-0.3299];8267.11721),(593415.89141;[0.64];[-0.31];8228.22169;[0.6108];[-0.3392];8186.91180),(593507.88975;[0.64];[-0.31];8223.95121;[0.6113];[-0.3387];8182.87658),(593643.39685;[0.64];[-0.31];8128.15448;[0.6029];[-0.3471];8087.88765),(593764.65774;[0.64];[-0.31];8120.32403;[0.6012];[-0.3488];8079.86996),(593878.71647;[0.64];[-0.31];8120.32403;[0.6012];[-0.3488];8079.86996),(594006.26135;[0.64];[-0.31];8120.32403;[0.6012];[-0.3488];8079.86996),(594070.74451;[0.64];[-0.31];8120.32403;[0.6012];[-0.3488];8079.86996),(594547.97244;[0.64];[-0.31];8120.32403;[0.6012];[-0.3488];8079.86996),(594798.68817;[0.64];[-0.31];8120.32403;[0.6012];[-0.3488];8079.86996),(595350.22998;[0.64];[-0.31];8120.32403;[0.6012];[-0.3488];8079.86996),(596319.30256;[0.52];[-0.43];9225.34919;[0.5007];[-0.4493];9340.65845),(596607.03945;[0.52];[-0.43];9225.34919;[0.5007];[-0.4493];9340.65845),(596905.04575;[0.52];[-0.43];9225.34919;[0.5007];[-0.4493];9340.65845),(597201.98655;[0.52];[-0.43];9225.34919;[0.5007];[-0.4493];9340.65845),(597531.17156;[0.52];[-0.43];9225.34919;[0.5007];[-0.4493];9340.65845),(597805.49240;[0.64];[-0.31];8233.34046;[0.606];[-0.344];8194.96598),(597967.34929;[0.6];[-0.35];7862.24017;[0.5686];[-0.3814];7820.60886),(598027.83394;[0.4];[-0.55];7196.22377;[0.4335];[-0.5165];7156.67140),(598280.48396;[0.36];[-0.59];6957.62227;[0.3663];[-0.5837];6921.53499),(598360.20732;[0.36];[-0.59];6951.47271;[0.366];[-0.584];6914.94902),(598438.87925;[0.36];[-0.59];6951.47271;[0.366];[-0.584];6914.94902),(598940.36484;[0.52];[-0.43];9225.34919;[0.5007];[-0.4493];9340.65845),(599367.21778;[0.54];[-0.41];9048.56358;[0.5489];[-0.4011];9051.93764),(599704.64301;[0.6];[-0.35];8747.70286;[0.6011];[-0.3489];8694.12452),(600070.57381;[0.64];[-0.31];8254.40864;[0.6082];[-0.3418];8211.07520)]"
6,7563.111140263292,[0.3924],[-0.5576],600227.9365062714,"[(69.88025;[0.35];[-0.6];8087.18366;[0.3627];[-0.5873];8248.23178),(600.84462;[0.35];[-0.6];8087.18366;[0.3627];[-0.5873];8248.23178),(859.99274;[0.35];[-0.6];8087.18366;[0.3627];[-0.5873];8248.23178),(1127.53963;[0.35];[-0.6];8087.18366;[0.3627];[-0.5873];8248.23178),(1397.05610;[0.35];[-0.6];8087.18366;[0.3627];[-0.5873];8248.23178),(1702.75426;[0.35];[-0.6];8087.18366;[0.3627];[-0.5873];8248.23178),(2181.78296;[0.35];[-0.6];7891.86948;[0.371];[-0.579];7921.27224),(2298.77925;[0.35];[-0.6];7561.63829;[0.372];[-0.578];7525.78237),(2500.81801;[0.29];[-0.66];7131.13831;[0.3078];[-0.6422];7088.00048),(2640.33079;[0.15];[-0.8];6645.86044;[0.1869];[-0.7631];6605.31240),(2774.11962;[0.11];[-0.84];6406.20150;[0.1337];[-0.8163];6368.62662),(2858.29997;[0.06];[-0.89];5961.04596;[0.0485];[-0.9015];5927.58962),(2967.59748;[0.06];[-0.89];5955.24552;[0.0483];[-0.9017];5921.78769),(3113.32822;[0.06];[-0.89];5955.24552;[0.0483];[-0.9017];5921.78769),(3505.96929;[0.35];[-0.6];8063.08712;[0.3572];[-0.5928];8208.64518),(4223.55485;[0.36];[-0.59];7861.19373;[0.3712];[-0.5788];7879.30286),(4596.80581;[0.35];[-0.6];7616.42691;[0.3799];[-0.5701];7582.13234),(4980.16238;[0.35];[-0.6];7414.26935;[0.3643];[-0.5857];7369.24342),(5766.20674;[0.29];[-0.66];6984.37009;[0.2722];[-0.6778];6941.83933),(6234.64251;[0.15];[-0.8];6635.82594;[0.1848];[-0.7652];6595.20334),(6331.28667;[0.12];[-0.83];6443.19685;[0.1401];[-0.8099];6402.90005),(6410.28070;[0.11];[-0.84];6402.14524;[0.1331];[-0.8169];6364.59102),(6474.74313;[0.1];[-0.85];6207.24373;[0.0882];[-0.8618];6169.97933),(6592.13543;[0.1];[-0.85];6192.96831;[0.0846];[-0.8654];6155.73119),(6670.21251;[0.1];[-0.85];6188.18877;[0.0853];[-0.8647];6150.81132),(6720.80779;[0.1];[-0.85];6188.18877;[0.0853];[-0.8647];6150.81132),(7143.95308;[0.35];[-0.6];8060.76027;[0.3706];[-0.5794];8174.36056),(7563.74192;[0.35];[-0.6];7853.00780;[0.3788];[-0.5712];7871.31868),(7963.30166;[0.35];[-0.6];7616.42691;[0.3799];[-0.5701];7582.13234),(8284.78456;[0.35];[-0.6];7418.43753;[0.3648];[-0.5852];7373.44309),(9010.68258;[0.29];[-0.66];7119.11402;[0.3063];[-0.6437];7075.93958),(9145.32542;[0.25];[-0.7];6804.17986;[0.2269];[-0.7231];6760.29235),(9369.85898;[0.15];[-0.8];6637.81040;[0.1863];[-0.7637];6597.12754),(9547.68419;[0.15];[-0.8];6626.75176;[0.1856];[-0.7644];6585.99930),(9637.72845;[0.15];[-0.8];6609.01479;[0.1835];[-0.7665];6568.10936),(9744.91119;[0.15];[-0.8];6609.01479;[0.1835];[-0.7665];6568.10936),(10164.60133;[0.35];[-0.6];8060.76027;[0.3706];[-0.5794];8174.36056),(10646.07382;[0.36];[-0.59];7842.33103;[0.3784];[-0.5716];7852.47394),(11289.58273;[0.35];[-0.6];7605.26987;[0.3806];[-0.5694];7567.69125),(11616.06455;[0.35];[-0.6];7419.11466;[0.3655];[-0.5845];7373.91353),(12216.15911;[0.29];[-0.66];7129.90422;[0.3075];[-0.6425];7087.02241),(12336.08150;[0.25];[-0.7];6817.06639;[0.2286];[-0.7214];6773.29854),(12481.96411;[0.15];[-0.8];6634.07005;[0.1857];[-0.7643];6593.32881),(12598.40417;[0.15];[-0.8];6630.88931;[0.1857];[-0.7643];6590.13069),(12672.90330;[0.15];[-0.8];6626.31448;[0.1848];[-0.7652];6585.58467),(12766.18052;[0.15];[-0.8];6609.01479;[0.1835];[-0.7665];6568.10936),(12873.52896;[0.15];[-0.8];6609.01479;[0.1835];[-0.7665];6568.10936),(12934.63683;[0.15];[-0.8];6609.01479;[0.1835];[-0.7665];6568.10936),(13274.77431;[0.35];[-0.6];8059.17248;[0.3711];[-0.5789];8168.88577),(13646.93522;[0.36];[-0.59];7836.23842;[0.3814];[-0.5686];7842.29280),(14259.62353;[0.35];[-0.6];7605.26987;[0.3806];[-0.5694];7567.69125),(14806.57220;[0.35];[-0.6];7419.11466;[0.3655];[-0.5845];7373.91353),(15128.40486;[0.15];[-0.8];6609.01479;[0.1835];[-0.7665];6568.10936),(15747.57957;[0.35];[-0.6];8059.17248;[0.3711];[-0.5789];8168.88577),(16083.23240;[0.36];[-0.59];7836.23842;[0.3814];[-0.5686];7842.29280),(16778.71752;[0.35];[-0.6];7605.26987;[0.3806];[-0.5694];7567.69125),(17266.96730;[0.35];[-0.6];7419.11466;[0.3655];[-0.5845];7373.91353),(17954.66852;[0.29];[-0.66];7131.13831;[0.3078];[-0.6422];7088.00048),(18117.34176;[0.25];[-0.7];6819.51953;[0.2288];[-0.7212];6775.81681),(18375.55599;[0.15];[-0.8];6626.75176;[0.1856];[-0.7644];6585.99930),(18506.36625;[0.15];[-0.8];6609.01479;[0.1835];[-0.7665];6568.10936),(19311.82170;[0.35];[-0.6];8051.42963;[0.369];[-0.581];8162.64069),(19616.04381;[0.36];[-0.59];7817.34475;[0.3783];[-0.5717];7825.45190),(20231.00233;[0.35];[-0.6];7579.05009;[0.3807];[-0.5693];7537.84115),(20697.09849;[0.35];[-0.6];7419.41888;[0.365];[-0.585];7374.24327),(21335.14595;[0.29];[-0.66];7131.94537;[0.3084];[-0.6416];7088.62880),(21462.45623;[0.25];[-0.7];6819.51953;[0.2288];[-0.7212];6775.81681),(21618.39247;[0.25];[-0.7];6807.51703;[0.2267];[-0.7233];6763.69845),(21744.29297;[0.24];[-0.71];6799.59001;[0.2265];[-0.7235];6755.68964),(22008.66890;[0.24];[-0.71];6799.59001;[0.2265];[-0.7235];6755.68964),(22454.33688;[0.35];[-0.6];8040.22830;[0.3632];[-0.5868];8150.29703),(22953.44949;[0.36];[-0.59];7806.90878;[0.3773];[-0.5727];7811.19632),(23708.37617;[0.35];[-0.6];7574.18921;[0.3807];[-0.5693];7537.93205),(24076.71428;[0.35];[-0.6];7419.41888;[0.365];[-0.585];7374.24327),(24406.42405;[0.24];[-0.71];6799.59001;[0.2265];[-0.7235];6755.68964),(25048.00296;[0.24];[-0.71];6799.59001;[0.2265];[-0.7235];6755.68964),(25677.52409;[0.35];[-0.6];8026.01735;[0.3649];[-0.5851];8126.57390),(26010.14733;[0.36];[-0.59];7792.78311;[0.3768];[-0.5732];7793.64710),(26716.52412;[0.35];[-0.6];7574.18921;[0.3807];[-0.5693];7537.93205),(27252.44141;[0.35];[-0.6];7419.41888;[0.365];[-0.585];7374.24327),(27565.60183;[0.24];[-0.71];6799.59001;[0.2265];[-0.7235];6755.68964),(28639.62626;[0.35];[-0.6];8026.01735;[0.3649];[-0.5851];8126.57390),(28977.80252;[0.36];[-0.59];7792.78311;[0.3768];[-0.5732];7793.64710),(29699.41592;[0.35];[-0.6];7574.18921;[0.3807];[-0.5693];7537.93205),(30043.87093;[0.35];[-0.6];7419.41888;[0.365];[-0.585];7374.24327),(30704.04840;[0.33];[-0.62];7247.62597;[0.3368];[-0.6132];7203.91676),(30841.43567;[0.25];[-0.7];6819.51953;[0.2288];[-0.7212];6775.81681),(30989.30526;[0.25];[-0.7];6807.51703;[0.2267];[-0.7233];6763.69845),(31099.10703;[0.24];[-0.71];6803.61634;[0.2264];[-0.7236];6759.77076),(31359.10559;[0.24];[-0.71];6799.59001;[0.2265];[-0.7235];6755.68964),(32083.34708;[0.35];[-0.6];8006.54361;[0.3623];[-0.5877];8105.15446),(32626.36161;[0.36];[-0.59];7781.50145;[0.3797];[-0.5703];7764.07452),(33173.80691;[0.35];[-0.6];7565.15985;[0.3794];[-0.5706];7516.81903),(33543.72168;[0.35];[-0.6];7419.41888;[0.365];[-0.585];7374.24327),(34253.20005;[0.33];[-0.62];7252.28788;[0.3371];[-0.6129];7208.62777),(34373.71349;[0.25];[-0.7];6807.51703;[0.2267];[-0.7233];6763.69845),(34568.28260;[0.25];[-0.7];6804.17986;[0.2269];[-0.7231];6760.29235),(34875.71692;[0.24];[-0.71];6803.61634;[0.2264];[-0.7236];6759.77076),(34968.20426;[0.24];[-0.71];6799.59001;[0.2265];[-0.7235];6755.68964),(35353.37782;[0.35];[-0.6];7996.75899;[0.377];[-0.573];8060.18357),(35911.11922;[0.35];[-0.6];7753.16481;[0.3742];[-0.5758];7737.15661),(36367.06901;[0.35];[-0.6];7544.59517;[0.3787];[-0.5713];7515.78630),(36749.60136;[0.34];[-0.61];7372.79879;[0.363];[-0.587];7329.72491),(37104.54416;[0.24];[-0.71];6799.59001;[0.2265];[-0.7235];6755.68964),(37967.47136;[0.35];[-0.6];7996.75899;[0.377];[-0.573];8060.18357),(38434.22461;[0.35];[-0.6];7753.04969;[0.3741];[-0.5759];7737.07878),(39120.13340;[0.35];[-0.6];7544.59517;[0.3787];[-0.5713];7515.78630),(39513.97657;[0.34];[-0.61];7372.79879;[0.363];[-0.587];7329.72491),(40221.57288;[0.24];[-0.71];6803.61634;[0.2264];[-0.7236];6759.77076),(40616.29868;[0.35];[-0.6];7996.75899;[0.377];[-0.573];8060.18357),(41276.77226;[0.35];[-0.6];7753.03326;[0.3742];[-0.5758];7737.02184),(41879.97007;[0.35];[-0.6];7565.15985;[0.3794];[-0.5706];7516.81903),(42286.55195;[0.35];[-0.6];7419.41888;[0.365];[-0.585];7374.24327),(42610.57425;[0.33];[-0.62];7257.35601;[0.3379];[-0.6121];7213.79953),(42743.34669;[0.29];[-0.66];7125.10215;[0.307];[-0.643];7081.99882),(43180.38893;[0.29];[-0.66];6976.84671;[0.2718];[-0.6782];6934.21429),(43337.19563;[0.25];[-0.7];6819.51953;[0.2288];[-0.7212];6775.81681),(43429.76737;[0.25];[-0.7];6807.51703;[0.2267];[-0.7233];6763.69845),(43617.33294;[0.25];[-0.7];6807.51703;[0.2267];[-0.7233];6763.69845),(43712.04758;[0.25];[-0.7];6804.17986;[0.2269];[-0.7231];6760.29235),(43808.86531;[0.24];[-0.71];6803.61634;[0.2264];[-0.7236];6759.77076),(44434.62372;[0.35];[-0.6];7992.10629;[0.3771];[-0.5729];8049.97943),(44831.16817;[0.35];[-0.6];7732.53080;[0.3729];[-0.5771];7713.56053),(45448.67420;[0.35];[-0.6];7542.31593;[0.3788];[-0.5712];7513.50369),(45927.06347;[0.34];[-0.61];7376.19154;[0.3612];[-0.5888];7332.93982),(46586.72357;[0.24];[-0.71];6803.61634;[0.2264];[-0.7236];6759.77076),(47095.73674;[0.35];[-0.6];7992.10629;[0.3771];[-0.5729];8049.97943),(47427.30904;[0.35];[-0.6];7752.51065;[0.3738];[-0.5762];7736.96564),(48017.31229;[0.35];[-0.6];7565.15985;[0.3794];[-0.5706];7516.81903),(48574.05043;[0.35];[-0.6];7419.41888;[0.365];[-0.585];7374.24327),(48934.38125;[0.33];[-0.62];7258.71902;[0.3383];[-0.6117];7215.12842),(49091.33506;[0.29];[-0.66];7128.42422;[0.3073];[-0.6427];7085.42283),(49192.09599;[0.29];[-0.66];6982.55961;[0.2715];[-0.6785];6940.07666),(49303.58791;[0.25];[-0.7];6819.51953;[0.2288];[-0.7212];6775.81681),(49473.42968;[0.25];[-0.7];6817.06639;[0.2286];[-0.7214];6773.29854),(49625.02742;[0.25];[-0.7];6807.68875;[0.2269];[-0.7231];6763.85409),(49717.77320;[0.25];[-0.7];6807.51703;[0.2267];[-0.7233];6763.69845),(49810.89330;[0.25];[-0.7];6804.17986;[0.2269];[-0.7231];6760.29235),(49878.69477;[0.25];[-0.7];6804.17986;[0.2269];[-0.7231];6760.29235),(49972.87202;[0.24];[-0.71];6803.61634;[0.2264];[-0.7236];6759.77076),(50431.06747;[0.35];[-0.6];7977.08971;[0.3758];[-0.5742];8026.17021),(50804.27122;[0.36];[-0.59];7703.80420;[0.3759];[-0.5741];7670.11093),(51205.54590;[0.35];[-0.6];7517.77105;[0.3782];[-0.5718];7485.22832),(51561.23829;[0.34];[-0.61];7389.83817;[0.3631];[-0.5869];7346.67747),(51911.97324;[0.24];[-0.71];6803.61634;[0.2264];[-0.7236];6759.77076),(52277.09937;[0.24];[-0.71];6803.61634;[0.2264];[-0.7236];6759.77076),(52770.40386;[0.35];[-0.6];7977.08971;[0.3758];[-0.5742];8026.17021),(53169.87586;[0.36];[-0.59];7703.80420;[0.3759];[-0.5741];7670.11093),(53561.51915;[0.35];[-0.6];7517.56072;[0.3784];[-0.5716];7484.92525),(53899.59097;[0.34];[-0.61];7389.83817;[0.3631];[-0.5869];7346.67747),(54258.51607;[0.24];[-0.71];6803.61634;[0.2264];[-0.7236];6759.77076),(54568.79711;[0.24];[-0.71];6803.61634;[0.2264];[-0.7236];6759.77076),(55088.14621;[0.35];[-0.6];7964.53411;[0.3737];[-0.5763];8012.27133),(55455.68633;[0.36];[-0.59];7703.80420;[0.3759];[-0.5741];7670.11093),(55905.18546;[0.35];[-0.6];7517.56072;[0.3784];[-0.5716];7484.92525),(56222.58186;[0.34];[-0.61];7389.83817;[0.3631];[-0.5869];7346.67747),(56561.16891;[0.24];[-0.71];6803.61634;[0.2264];[-0.7236];6759.77076),(57441.12110;[0.35];[-0.6];7964.53411;[0.3737];[-0.5763];8012.27133),(57823.89522;[0.36];[-0.59];7703.80420;[0.3759];[-0.5741];7670.11093),(58290.35282;[0.35];[-0.6];7517.56072;[0.3784];[-0.5716];7484.92525),(58614.20560;[0.34];[-0.61];7389.83817;[0.3631];[-0.5869];7346.67747),(59321.68055;[0.24];[-0.71];6803.61634;[0.2264];[-0.7236];6759.77076),(59930.01151;[0.35];[-0.6];7964.53411;[0.3737];[-0.5763];8012.27133),(60321.09094;[0.36];[-0.59];7703.80420;[0.3759];[-0.5741];7670.11093),(60938.85374;[0.35];[-0.6];7534.76792;[0.3795];[-0.5705];7504.34203),(61304.06952;[0.35];[-0.6];7420.36409;[0.3653];[-0.5847];7375.00566),(61652.02236;[0.33];[-0.62];7259.95698;[0.3385];[-0.6115];7216.47308),(61786.61942;[0.29];[-0.66];7129.90422;[0.3075];[-0.6425];7087.02241),(61893.17298;[0.29];[-0.66];6982.55961;[0.2715];[-0.6785];6940.07666),(61951.64943;[0.25];[-0.7];6817.06639;[0.2286];[-0.7214];6773.29854),(62081.89988;[0.25];[-0.7];6807.51703;[0.2267];[-0.7233];6763.69845),(62231.89354;[0.24];[-0.71];6803.61634;[0.2264];[-0.7236];6759.77076),(62852.60344;[0.35];[-0.6];7933.78766;[0.374];[-0.576];7967.38635),(63494.78054;[0.35];[-0.6];7671.44383;[0.3692];[-0.5808];7639.43168),(63926.95999;[0.35];[-0.6];7517.77105;[0.3782];[-0.5718];7485.22832),(64267.33232;[0.34];[-0.61];7392.62828;[0.3632];[-0.5868];7347.95756),(65665.86471;[0.35];[-0.6];7933.78766;[0.374];[-0.576];7967.38635),(66239.12573;[0.35];[-0.6];7671.44383;[0.3692];[-0.5808];7639.43168),(66619.64393;[0.35];[-0.6];7517.77105;[0.3782];[-0.5718];7485.22832),(67021.00515;[0.34];[-0.61];7392.62828;[0.3632];[-0.5868];7347.95756),(67159.55758;[0.33];[-0.62];7260.34675;[0.3391];[-0.6109];7216.68906),(67273.28682;[0.29];[-0.66];7129.90422;[0.3075];[-0.6425];7087.02241),(67405.44581;[0.29];[-0.66];6971.29205;[0.2706];[-0.6794];6928.63934),(67704.36120;[0.29];[-0.66];6967.56813;[0.2705];[-0.6795];6924.86196),(67764.89091;[0.29];[-0.66];6967.56813;[0.2705];[-0.6795];6924.86196),(69001.66464;[0.35];[-0.6];7882.57956;[0.3682];[-0.5818];7909.23561),(69608.55675;[0.35];[-0.6];7618.43596;[0.3806];[-0.5694];7592.59174),(70080.21045;[0.35];[-0.6];7461.56914;[0.375];[-0.575];7413.67768),(70770.49875;[0.34];[-0.61];7261.41400;[0.3395];[-0.6105];7217.24453),(71026.35098;[0.33];[-0.62];7244.22823;[0.3365];[-0.6135];7200.50053),(71119.64417;[0.29];[-0.66];7125.10215;[0.307];[-0.643];7081.99882),(71238.14225;[0.29];[-0.66];7114.32437;[0.3052];[-0.6448];7071.12183),(71425.85588;[0.29];[-0.66];6971.29205;[0.2706];[-0.6794];6928.63934),(71624.77112;[0.29];[-0.66];6967.56813;[0.2705];[-0.6795];6924.86196),(71722.06068;[0.29];[-0.66];6967.56813;[0.2705];[-0.6795];6924.86196),(73249.70818;[0.35];[-0.6];7862.00253;[0.3693];[-0.5807];7882.98235),(73951.51162;[0.37];[-0.58];7616.73066;[0.3924];[-0.5576];7563.11114),(74504.71544;[0.35];[-0.6];7488.84382;[0.376];[-0.574];7449.20228),(74856.10819;[0.34];[-0.61];7358.10844;[0.3599];[-0.5901];7315.16717),(75064.37469;[0.33];[-0.62];7252.28788;[0.3371];[-0.6129];7208.62777),(75163.92851;[0.29];[-0.66];7126.08259;[0.3067];[-0.6433];7083.05559),(75298.77543;[0.29];[-0.66];7122.72623;[0.3066];[-0.6434];7079.58940),(75523.64469;[0.29];[-0.66];7114.43845;[0.3053];[-0.6447];7071.22749),(75652.85325;[0.29];[-0.66];7114.32437;[0.3052];[-0.6448];7071.12183),(75761.63912;[0.29];[-0.66];7111.25304;[0.3055];[-0.6445];7068.01614),(76251.57976;[0.35];[-0.6];7853.00780;[0.3788];[-0.5712];7871.31868),(77032.54962;[0.35];[-0.6];7605.26987;[0.3806];[-0.5694];7567.69125),(77381.80828;[0.35];[-0.6];7462.28386;[0.3751];[-0.5749];7414.20932),(78046.06628;[0.34];[-0.61];7368.22689;[0.3612];[-0.5888];7325.43607),(78163.46693;[0.33];[-0.62];7257.35601;[0.3379];[-0.6121];7213.79953),(78445.98866;[0.29];[-0.66];7126.08259;[0.3067];[-0.6433];7083.05559),(78632.30705;[0.29];[-0.66];7125.10215;[0.307];[-0.643];7081.99882),(78722.85724;[0.29];[-0.66];7122.72623;[0.3066];[-0.6434];7079.58940),(78823.45438;[0.29];[-0.66];7114.49542;[0.3057];[-0.6443];7071.26491),(78912.35280;[0.29];[-0.66];7114.32437;[0.3052];[-0.6448];7071.12183),(79068.21442;[0.29];[-0.66];7111.25304;[0.3055];[-0.6445];7068.01614),(79572.94536;[0.36];[-0.59];7842.33103;[0.3784];[-0.5716];7852.47394),(80194.25273;[0.35];[-0.6];7605.26987;[0.3806];[-0.5694];7567.69125),(80655.48182;[0.35];[-0.6];7462.00034;[0.3753];[-0.5747];7413.72671),(80993.72768;[0.34];[-0.61];7368.88529;[0.362];[-0.588];7326.04943),(81135.62632;[0.33];[-0.62];7257.35601;[0.3379];[-0.6121];7213.79953),(81249.97687;[0.29];[-0.66];7126.08259;[0.3067];[-0.6433];7083.05559),(81345.97945;[0.29];[-0.66];7122.72623;[0.3066];[-0.6434];7079.58940),(81639.58526;[0.29];[-0.66];7114.49542;[0.3057];[-0.6443];7071.26491),(81730.40771;[0.29];[-0.66];7114.32437;[0.3052];[-0.6448];7071.12183),(81801.90134;[0.29];[-0.66];7114.32437;[0.3052];[-0.6448];7071.12183),(81861.14836;[0.29];[-0.66];7114.32437;[0.3052];[-0.6448];7071.12183),(81970.80278;[0.29];[-0.66];7111.25304;[0.3055];[-0.6445];7068.01614),(82324.27192;[0.36];[-0.59];7836.23842;[0.3814];[-0.5686];7842.29280),(82982.27715;[0.35];[-0.6];7588.39404;[0.3813];[-0.5687];7554.46275),(83336.95745;[0.35];[-0.6];7437.20255;[0.3734];[-0.5766];7389.63530),(83647.50433;[0.29];[-0.66];7111.25304;[0.3055];[-0.6445];7068.01614),(84208.37140;[0.29];[-0.66];7111.25304;[0.3055];[-0.6445];7068.01614),(84560.17089;[0.36];[-0.59];7826.52800;[0.3812];[-0.5688];7828.91651),(85284.55043;[0.35];[-0.6];7588.39404;[0.3813];[-0.5687];7554.46275),(85655.55358;[0.35];[-0.6];7437.20255;[0.3734];[-0.5766];7389.63530),(85980.76701;[0.29];[-0.66];7111.25304;[0.3055];[-0.6445];7068.01614),(86878.72672;[0.36];[-0.59];7826.52800;[0.3812];[-0.5688];7828.91651),(87560.06241;[0.35];[-0.6];7588.39404;[0.3813];[-0.5687];7554.46275),(87908.57124;[0.35];[-0.6];7437.20255;[0.3734];[-0.5766];7389.63530),(88647.95160;[0.34];[-0.61];7370.99380;[0.3616];[-0.5884];7328.34320),(88910.89654;[0.33];[-0.62];7257.35601;[0.3379];[-0.6121];7213.79953),(89052.02007;[0.29];[-0.66];7125.10215;[0.307];[-0.643];7081.99882),(89184.10897;[0.29];[-0.66];7114.32437;[0.3052];[-0.6448];7071.12183),(89490.82398;[0.29];[-0.66];7114.32437;[0.3052];[-0.6448];7071.12183),(89583.39357;[0.29];[-0.66];7114.32437;[0.3052];[-0.6448];7071.12183),(90296.83638;[0.36];[-0.59];7806.90878;[0.3773];[-0.5727];7811.19632),(90953.93968;[0.35];[-0.6];7579.55134;[0.3808];[-0.5692];7538.30786),(91295.66216;[0.35];[-0.6];7462.00034;[0.3753];[-0.5747];7413.72671),(91627.40397;[0.34];[-0.61];7370.99380;[0.3616];[-0.5884];7328.34320),(91774.59979;[0.33];[-0.62];7258.14650;[0.3379];[-0.6121];7214.71040),(91845.16644;[0.29];[-0.66];7125.10215;[0.307];[-0.643];7081.99882),(92002.89989;[0.29];[-0.66];7114.49542;[0.3057];[-0.6443];7071.26491),(92157.27878;[0.29];[-0.66];7114.32437;[0.3052];[-0.6448];7071.12183),(92352.14472;[0.29];[-0.66];7114.32437;[0.3052];[-0.6448];7071.12183),(92827.48747;[0.36];[-0.59];7792.94664;[0.3804];[-0.5696];7779.33815),(93791.57257;[0.35];[-0.6];7565.15985;[0.3794];[-0.5706];7516.81903),(94106.32753;[0.35];[-0.6];7437.94087;[0.374];[-0.576];7391.92520),(94455.62410;[0.29];[-0.66];7114.32437;[0.3052];[-0.6448];7071.12183),(94821.16079;[0.29];[-0.66];7114.32437;[0.3052];[-0.6448];7071.12183),(95310.88424;[0.36];[-0.59];7774.22126;[0.3793];[-0.5707];7756.79771),(95696.47479;[0.35];[-0.6];7550.15789;[0.3794];[-0.5706];7521.32028),(96038.97810;[0.35];[-0.6];7408.30426;[0.3713];[-0.5787];7362.60005),(96618.16144;[0.29];[-0.66];7114.32437;[0.3052];[-0.6448];7071.12183),(96959.93710;[0.29];[-0.66];7114.32437;[0.3052];[-0.6448];7071.12183),(97521.49868;[0.36];[-0.59];7774.22126;[0.3793];[-0.5707];7756.79771),(98176.58639;[0.35];[-0.6];7565.15985;[0.3794];[-0.5706];7516.81903),(98503.38912;[0.35];[-0.6];7437.94087;[0.374];[-0.576];7391.92520),(98824.83411;[0.29];[-0.66];7114.32437;[0.3052];[-0.6448];7071.12183),(99200.75488;[0.29];[-0.66];7114.32437;[0.3052];[-0.6448];7071.12183),(99736.66310;[0.36];[-0.59];7774.22126;[0.3793];[-0.5707];7756.79771),(100415.02094;[0.35];[-0.6];7565.15985;[0.3794];[-0.5706];7516.81903),(100751.81413;[0.35];[-0.6];7437.87077;[0.3733];[-0.5767];7390.34004),(101060.64987;[0.29];[-0.66];7114.32437;[0.3052];[-0.6448];7071.12183),(101410.39848;[0.29];[-0.66];7114.32437;[0.3052];[-0.6448];7071.12183),(101910.84623;[0.35];[-0.6];7753.16481;[0.3742];[-0.5758];7737.15661),(102313.74645;[0.35];[-0.6];7550.15789;[0.3794];[-0.5706];7521.32028),(102663.54966;[0.35];[-0.6];7437.94087;[0.374];[-0.576];7391.92520),(102964.77437;[0.29];[-0.66];7114.32437;[0.3052];[-0.6448];7071.12183),(103304.77071;[0.29];[-0.66];7114.32437;[0.3052];[-0.6448];7071.12183),(103822.42703;[0.35];[-0.6];7753.16481;[0.3742];[-0.5758];7737.15661),(104191.66732;[0.35];[-0.6];7550.15789;[0.3794];[-0.5706];7521.32028),(104507.32899;[0.35];[-0.6];7437.94087;[0.374];[-0.576];7391.92520),(104812.20770;[0.29];[-0.66];7114.32437;[0.3052];[-0.6448];7071.12183),(105595.28947;[0.35];[-0.6];7736.95715;[0.3731];[-0.5769];7718.01013),(106014.29486;[0.35];[-0.6];7550.15789;[0.3794];[-0.5706];7521.32028),(106336.23552;[0.35];[-0.6];7437.94087;[0.374];[-0.576];7391.92520),(106950.95754;[0.34];[-0.61];7372.47624;[0.3629];[-0.5871];7329.58125),(107109.76028;[0.33];[-0.62];7258.71902;[0.3383];[-0.6117];7215.12842),(107189.27503;[0.29];[-0.66];7125.10215;[0.307];[-0.643];7081.99882),(107368.62373;[0.29];[-0.66];7114.32437;[0.3052];[-0.6448];7071.12183),(107642.88068;[0.29];[-0.66];7114.32437;[0.3052];[-0.6448];7071.12183),(108367.55610;[0.36];[-0.59];7708.81254;[0.3774];[-0.5726];7677.11815),(108777.29845;[0.35];[-0.6];7534.14936;[0.3783];[-0.5717];7504.10325),(109108.20675;[0.35];[-0.6];7411.44292;[0.3715];[-0.5785];7365.74423),(110378.06582;[0.36];[-0.59];7708.81254;[0.3774];[-0.5726];7677.11815),(110823.02594;[0.35];[-0.6];7550.15789;[0.3794];[-0.5706];7521.32028),(111140.79499;[0.35];[-0.6];7438.27063;[0.3736];[-0.5764];7390.67053),(111475.93880;[0.34];[-0.61];7372.47624;[0.3629];[-0.5871];7329.58125),(111630.28789;[0.33];[-0.62];7258.71902;[0.3383];[-0.6117];7215.12842),(111710.08682;[0.29];[-0.66];7122.72623;[0.3066];[-0.6434];7079.58940),(111906.72207;[0.29];[-0.66];7114.32437;[0.3052];[-0.6448];7071.12183),(111979.25735;[0.29];[-0.66];7114.32437;[0.3052];[-0.6448];7071.12183),(112051.39565;[0.29];[-0.66];7114.32437;[0.3052];[-0.6448];7071.12183),(112105.23462;[0.29];[-0.66];7114.32437;[0.3052];[-0.6448];7071.12183),(112771.01159;[0.35];[-0.6];7687.44914;[0.3678];[-0.5822];7662.03046),(113129.73619;[0.35];[-0.6];7534.14936;[0.3783];[-0.5717];7504.10325),(113464.57148;[0.35];[-0.6];7413.53924;[0.3721];[-0.5779];7367.88288),(113794.56949;[0.29];[-0.66];7114.32437;[0.3052];[-0.6448];7071.12183),(114159.33204;[0.29];[-0.66];7114.32437;[0.3052];[-0.6448];7071.12183),(114590.31343;[0.37];[-0.58];7668.26824;[0.3922];[-0.5578];7624.62652),(115110.86011;[0.35];[-0.6];7511.64194;[0.3765];[-0.5735];7474.50580),(115440.09709;[0.35];[-0.6];7413.53924;[0.3721];[-0.5779];7367.88288),(115757.34425;[0.29];[-0.66];7114.32437;[0.3052];[-0.6448];7071.12183),(116220.54219;[0.29];[-0.66];7114.32437;[0.3052];[-0.6448];7071.12183),(116656.96931;[0.37];[-0.58];7668.26824;[0.3922];[-0.5578];7624.62652),(117225.63815;[0.35];[-0.6];7511.64194;[0.3765];[-0.5735];7474.50580),(117552.34456;[0.35];[-0.6];7413.53924;[0.3721];[-0.5779];7367.88288),(117898.44322;[0.29];[-0.66];7114.32437;[0.3052];[-0.6448];7071.12183),(118280.79057;[0.29];[-0.66];7114.32437;[0.3052];[-0.6448];7071.12183),(119354.67362;[0.36];[-0.59];7640.12282;[0.3732];[-0.5768];7602.01681),(119948.28033;[0.35];[-0.6];7511.64194;[0.3765];[-0.5735];7474.50580),(120289.48784;[0.35];[-0.6];7413.53924;[0.3721];[-0.5779];7367.88288),(120611.28449;[0.29];[-0.66];7114.32437;[0.3052];[-0.6448];7071.12183),(120992.18130;[0.29];[-0.66];7114.32437;[0.3052];[-0.6448];7071.12183),(122088.38058;[0.36];[-0.59];7640.12282;[0.3732];[-0.5768];7602.01681),(122821.90108;[0.35];[-0.6];7511.64194;[0.3765];[-0.5735];7474.50580),(123178.95198;[0.35];[-0.6];7413.53924;[0.3721];[-0.5779];7367.88288),(123531.03924;[0.29];[-0.66];7114.32437;[0.3052];[-0.6448];7071.12183),(123896.81101;[0.29];[-0.66];7114.32437;[0.3052];[-0.6448];7071.12183),(124318.78185;[0.35];[-0.6];7625.07297;[0.3815];[-0.5685];7579.78120),(124816.24794;[0.35];[-0.6];7482.59880;[0.3766];[-0.5734];7436.98214),(125174.46232;[0.34];[-0.61];7372.79879;[0.363];[-0.587];7329.72491),(125318.70532;[0.33];[-0.62];7259.95698;[0.3385];[-0.6115];7216.47308),(125430.58825;[0.29];[-0.66];7114.32437;[0.3052];[-0.6448];7071.12183),(125641.30235;[0.29];[-0.66];7114.32437;[0.3052];[-0.6448];7071.12183),(126361.84978;[0.35];[-0.6];7616.42691;[0.3799];[-0.5701];7582.13234),(126815.96541;[0.35];[-0.6];7462.87127;[0.3755];[-0.5745];7414.29492),(127474.61295;[0.34];[-0.61];7372.79879;[0.363];[-0.587];7329.72491),(127635.24389;[0.33];[-0.62];7259.95698;[0.3385];[-0.6115];7216.47308),(127756.74605;[0.33];[-0.62];7257.35601;[0.3379];[-0.6121];7213.79953),(127878.91626;[0.33];[-0.62];7252.28788;[0.3371];[-0.6129];7208.62777),(127957.57985;[0.33];[-0.62];7250.58776;[0.337];[-0.613];7206.89442),(128151.92723;[0.29];[-0.66];7114.32437;[0.3052];[-0.6448];7071.12183),(128574.93281;[0.29];[-0.66];7114.32437;[0.3052];[-0.6448];7071.12183),(129395.96105;[0.35];[-0.6];7593.56642;[0.381];[-0.569];7554.91334),(129729.60186;[0.35];[-0.6];7462.87127;[0.3755];[-0.5745];7414.29492),(130133.80170;[0.34];[-0.61];7373.20039;[0.3633];[-0.5867];7329.43912),(130287.60386;[0.34];[-0.61];7365.34389;[0.3611];[-0.5889];7322.45870),(130367.48481;[0.33];[-0.62];7250.58776;[0.337];[-0.613];7206.89442),(130662.88900;[0.33];[-0.62];7244.22823;[0.3365];[-0.6135];7200.50053),(131963.12904;[0.35];[-0.6];7579.55134;[0.3808];[-0.5692];7538.30786),(132283.63609;[0.35];[-0.6];7439.51923;[0.3746];[-0.5754];7391.54616),(133082.47638;[0.34];[-0.61];7373.20039;[0.3633];[-0.5867];7329.43912),(133192.98244;[0.34];[-0.61];7367.57260;[0.3611];[-0.5889];7324.75458),(133277.35400;[0.33];[-0.62];7250.58776;[0.337];[-0.613];7206.89442),(133684.48734;[0.33];[-0.62];7247.62597;[0.3368];[-0.6132];7203.91676),(133758.08549;[0.33];[-0.62];7247.62597;[0.3368];[-0.6132];7203.91676),(133824.97406;[0.33];[-0.62];7247.62597;[0.3368];[-0.6132];7203.91676),(134489.41278;[0.35];[-0.6];7565.15985;[0.3794];[-0.5706];7516.81903),(134848.65355;[0.35];[-0.6];7439.62357;[0.3653];[-0.5847];7397.66803),(135176.44095;[0.33];[-0.62];7247.62597;[0.3368];[-0.6132];7203.91676),(135616.43028;[0.33];[-0.62];7247.62597;[0.3368];[-0.6132];7203.91676),(136331.48551;[0.35];[-0.6];7565.15985;[0.3794];[-0.5706];7516.81903),(136660.82239;[0.35];[-0.6];7439.62357;[0.3653];[-0.5847];7397.66803),(136990.84067;[0.33];[-0.62];7247.62597;[0.3368];[-0.6132];7203.91676),(137488.47699;[0.33];[-0.62];7247.62597;[0.3368];[-0.6132];7203.91676),(137859.95317;[0.35];[-0.6];7550.15789;[0.3794];[-0.5706];7521.32028),(138214.25009;[0.35];[-0.6];7439.62357;[0.3653];[-0.5847];7397.66803),(138556.33092;[0.33];[-0.62];7247.62597;[0.3368];[-0.6132];7203.91676),(139049.16573;[0.33];[-0.62];7247.62597;[0.3368];[-0.6132];7203.91676),(139419.75021;[0.35];[-0.6];7550.15789;[0.3794];[-0.5706];7521.32028),(139746.04917;[0.35];[-0.6];7439.62357;[0.3653];[-0.5847];7397.66803),(140082.97467;[0.33];[-0.62];7247.62597;[0.3368];[-0.6132];7203.91676),(140642.10033;[0.33];[-0.62];7247.62597;[0.3368];[-0.6132];7203.91676),(141013.41629;[0.35];[-0.6];7534.23089;[0.3787];[-0.5713];7504.14502),(141354.80928;[0.35];[-0.6];7415.57016;[0.3729];[-0.5771];7369.69230),(141688.81965;[0.33];[-0.62];7247.62597;[0.3368];[-0.6132];7203.91676),(142260.51188;[0.33];[-0.62];7247.62597;[0.3368];[-0.6132];7203.91676),(142618.01672;[0.35];[-0.6];7534.23089;[0.3787];[-0.5713];7504.14502),(142957.55053;[0.35];[-0.6];7415.57016;[0.3729];[-0.5771];7369.69230),(143287.11200;[0.33];[-0.62];7247.62597;[0.3368];[-0.6132];7203.91676),(143793.71595;[0.33];[-0.62];7247.62597;[0.3368];[-0.6132];7203.91676),(144081.02775;[0.35];[-0.6];7516.66774;[0.3782];[-0.5718];7484.10513),(144437.24751;[0.35];[-0.6];7415.57016;[0.3729];[-0.5771];7369.69230),(144772.38202;[0.33];[-0.62];7247.62597;[0.3368];[-0.6132];7203.91676),(145270.23649;[0.33];[-0.62];7247.62597;[0.3368];[-0.6132];7203.91676),(145563.96294;[0.35];[-0.6];7516.66774;[0.3782];[-0.5718];7484.10513),(145882.53903;[0.35];[-0.6];7415.57016;[0.3729];[-0.5771];7369.69230),(146206.74419;[0.33];[-0.62];7247.62597;[0.3368];[-0.6132];7203.91676),(146762.12835;[0.33];[-0.62];7247.62597;[0.3368];[-0.6132];7203.91676),(147194.92602;[0.35];[-0.6];7482.59880;[0.3766];[-0.5734];7436.98214),(147580.76024;[0.34];[-0.61];7373.48178;[0.3634];[-0.5866];7330.14064),(147721.63367;[0.34];[-0.61];7368.22689;[0.3612];[-0.5888];7325.43607),(147845.52741;[0.33];[-0.62];7247.62597;[0.3368];[-0.6132];7203.91676),(148347.49150;[0.33];[-0.62];7247.62597;[0.3368];[-0.6132];7203.91676),(148421.94009;[0.33];[-0.62];7247.62597;[0.3368];[-0.6132];7203.91676),(148909.86276;[0.35];[-0.6];7462.87127;[0.3755];[-0.5745];7414.29492),(149219.97070;[0.33];[-0.62];7247.62597;[0.3368];[-0.6132];7203.91676),(150137.21323;[0.35];[-0.6];7439.76699;[0.3745];[-0.5755];7391.82152),(151003.65257;[0.34];[-0.61];7373.48178;[0.3634];[-0.5866];7330.14064),(151206.57372;[0.34];[-0.61];7368.22689;[0.3612];[-0.5888];7325.43607),(151411.06153;[0.33];[-0.62];7258.14650;[0.3379];[-0.6121];7214.71040),(151505.16796;[0.33];[-0.62];7255.26113;[0.3375];[-0.6125];7211.64534),(151618.76011;[0.33];[-0.62];7250.58776;[0.337];[-0.613];7206.89442),(151683.24637;[0.33];[-0.62];7250.58776;[0.337];[-0.613];7206.89442),(151886.65462;[0.33];[-0.62];7247.62597;[0.3368];[-0.6132];7203.91676),(151964.16426;[0.33];[-0.62];7247.62597;[0.3368];[-0.6132];7203.91676),(152301.23878;[0.35];[-0.6];7439.76699;[0.3745];[-0.5755];7391.82152),(152659.90281;[0.33];[-0.62];7247.62597;[0.3368];[-0.6132];7203.91676),(153710.89268;[0.35];[-0.6];7416.26759;[0.3735];[-0.5765];7370.20330),(154803.23887;[0.35];[-0.6];7416.26759;[0.3735];[-0.5765];7370.20330),(154921.45848;[0.34];[-0.61];7372.79879;[0.363];[-0.587];7329.72491),(154994.23695;[0.34];[-0.61];7370.99380;[0.3616];[-0.5884];7328.34320),(155064.17298;[0.34];[-0.61];7367.57260;[0.3611];[-0.5889];7324.75458),(155224.87688;[0.33];[-0.62];7252.28788;[0.3371];[-0.6129];7208.62777),(155306.97322;[0.33];[-0.62];7247.62597;[0.3368];[-0.6132];7203.91676),(156346.97652;[0.34];[-0.61];7392.00379;[0.3631];[-0.5869];7347.32053),(156518.08429;[0.34];[-0.61];7370.99380;[0.3616];[-0.5884];7328.34320),(156719.52939;[0.34];[-0.61];7368.22689;[0.3612];[-0.5888];7325.43607),(156791.65220;[0.34];[-0.61];7367.57260;[0.3611];[-0.5889];7324.75458),(156894.08278;[0.33];[-0.62];7252.28788;[0.3371];[-0.6129];7208.62777),(156982.36418;[0.33];[-0.62];7250.58776;[0.337];[-0.613];7206.89442),(157035.25448;[0.33];[-0.62];7250.58776;[0.337];[-0.613];7206.89442),(157165.63964;[0.33];[-0.62];7247.62597;[0.3368];[-0.6132];7203.91676),(158235.78310;[0.35];[-0.6];8087.18366;[0.3627];[-0.5873];8248.23178),(158505.17821;[0.35];[-0.6];8087.18366;[0.3627];[-0.5873];8248.23178),(158787.99915;[0.35];[-0.6];8087.18366;[0.3627];[-0.5873];8248.23178),(159083.43196;[0.35];[-0.6];8087.18366;[0.3627];[-0.5873];8248.23178),(159401.60561;[0.35];[-0.6];8087.18366;[0.3627];[-0.5873];8248.23178),(159890.60426;[0.35];[-0.6];7891.86948;[0.371];[-0.579];7921.27224),(160003.55649;[0.35];[-0.6];7561.63829;[0.372];[-0.578];7525.78237),(160211.20882;[0.29];[-0.66];7131.13831;[0.3078];[-0.6422];7088.00048),(160362.73456;[0.15];[-0.8];6645.86044;[0.1869];[-0.7631];6605.31240),(160511.93237;[0.11];[-0.84];6406.20150;[0.1337];[-0.8163];6368.62662),(160605.16143;[0.06];[-0.89];5961.04596;[0.0485];[-0.9015];5927.58962),(160732.63454;[0.06];[-0.89];5955.24552;[0.0483];[-0.9017];5921.78769),(160885.75482;[0.06];[-0.89];5955.24552;[0.0483];[-0.9017];5921.78769),(161272.65167;[0.35];[-0.6];8063.08712;[0.3572];[-0.5928];8208.64518),(162015.26070;[0.36];[-0.59];7861.19373;[0.3712];[-0.5788];7879.30286),(162399.54448;[0.35];[-0.6];7616.42691;[0.3799];[-0.5701];7582.13234),(162799.79610;[0.35];[-0.6];7414.26935;[0.3643];[-0.5857];7369.24342),(163600.80647;[0.29];[-0.66];6984.37009;[0.2722];[-0.6778];6941.83933),(164105.53193;[0.15];[-0.8];6635.82594;[0.1848];[-0.7652];6595.20334),(164205.20735;[0.12];[-0.83];6443.19685;[0.1401];[-0.8099];6402.90005),(164285.95638;[0.11];[-0.84];6402.14524;[0.1331];[-0.8169];6364.59102),(164360.89945;[0.1];[-0.85];6207.24373;[0.0882];[-0.8618];6169.97933),(164493.27731;[0.1];[-0.85];6192.96831;[0.0846];[-0.8654];6155.73119),(164581.04420;[0.1];[-0.85];6188.18877;[0.0853];[-0.8647];6150.81132),(164642.20119;[0.1];[-0.85];6188.18877;[0.0853];[-0.8647];6150.81132),(165113.41810;[0.35];[-0.6];8060.76027;[0.3706];[-0.5794];8174.36056),(165535.37202;[0.35];[-0.6];7853.00780;[0.3788];[-0.5712];7871.31868),(165944.26656;[0.35];[-0.6];7616.42691;[0.3799];[-0.5701];7582.13234),(166249.50075;[0.35];[-0.6];7418.43753;[0.3648];[-0.5852];7373.44309),(166988.86347;[0.29];[-0.66];7119.11402;[0.3063];[-0.6437];7075.93958),(167114.72154;[0.25];[-0.7];6804.17986;[0.2269];[-0.7231];6760.29235),(167330.37710;[0.15];[-0.8];6637.81040;[0.1863];[-0.7637];6597.12754),(167512.88772;[0.15];[-0.8];6626.75176;[0.1856];[-0.7644];6585.99930),(167611.66406;[0.15];[-0.8];6609.01479;[0.1835];[-0.7665];6568.10936),(167720.46804;[0.15];[-0.8];6609.01479;[0.1835];[-0.7665];6568.10936),(168159.88755;[0.35];[-0.6];8060.76027;[0.3706];[-0.5794];8174.36056),(168585.64472;[0.36];[-0.59];7842.33103;[0.3784];[-0.5716];7852.47394),(169267.06314;[0.35];[-0.6];7605.26987;[0.3806];[-0.5694];7567.69125),(169593.29009;[0.35];[-0.6];7419.11466;[0.3655];[-0.5845];7373.91353),(170210.17098;[0.29];[-0.66];7129.90422;[0.3075];[-0.6425];7087.02241),(170334.27143;[0.25];[-0.7];6817.06639;[0.2286];[-0.7214];6773.29854),(170532.55272;[0.15];[-0.8];6634.07005;[0.1857];[-0.7643];6593.32881),(170722.63050;[0.15];[-0.8];6630.88931;[0.1857];[-0.7643];6590.13069),(170834.09524;[0.15];[-0.8];6626.31448;[0.1848];[-0.7652];6585.58467),(170966.29453;[0.15];[-0.8];6609.01479;[0.1835];[-0.7665];6568.10936),(171126.19543;[0.15];[-0.8];6609.01479;[0.1835];[-0.7665];6568.10936),(171190.01722;[0.15];[-0.8];6609.01479;[0.1835];[-0.7665];6568.10936),(171744.05050;[0.35];[-0.6];8059.17248;[0.3711];[-0.5789];8168.88577),(172103.10340;[0.36];[-0.59];7836.23842;[0.3814];[-0.5686];7842.29280),(172728.71852;[0.35];[-0.6];7605.26987;[0.3806];[-0.5694];7567.69125),(173277.14825;[0.35];[-0.6];7419.11466;[0.3655];[-0.5845];7373.91353),(173595.79420;[0.15];[-0.8];6609.01479;[0.1835];[-0.7665];6568.10936),(174205.99723;[0.35];[-0.6];8059.17248;[0.3711];[-0.5789];8168.88577),(174573.92454;[0.36];[-0.59];7836.23842;[0.3814];[-0.5686];7842.29280),(175212.09788;[0.35];[-0.6];7605.26987;[0.3806];[-0.5694];7567.69125),(175689.73827;[0.35];[-0.6];7419.11466;[0.3655];[-0.5845];7373.91353),(176364.95543;[0.29];[-0.66];7131.13831;[0.3078];[-0.6422];7088.00048),(176522.28546;[0.25];[-0.7];6819.51953;[0.2288];[-0.7212];6775.81681),(176788.89251;[0.15];[-0.8];6626.75176;[0.1856];[-0.7644];6585.99930),(176917.65690;[0.15];[-0.8];6609.01479;[0.1835];[-0.7665];6568.10936),(177653.34034;[0.35];[-0.6];8051.42963;[0.369];[-0.581];8162.64069),(177992.16914;[0.36];[-0.59];7817.34475;[0.3783];[-0.5717];7825.45190),(178580.81150;[0.35];[-0.6];7579.05009;[0.3807];[-0.5693];7537.84115),(179060.08530;[0.35];[-0.6];7419.41888;[0.365];[-0.585];7374.24327),(179695.87684;[0.29];[-0.66];7131.94537;[0.3084];[-0.6416];7088.62880),(179846.61794;[0.25];[-0.7];6819.51953;[0.2288];[-0.7212];6775.81681),(180005.94616;[0.25];[-0.7];6807.51703;[0.2267];[-0.7233];6763.69845),(180160.12669;[0.24];[-0.71];6799.59001;[0.2265];[-0.7235];6755.68964),(180446.77377;[0.24];[-0.71];6799.59001;[0.2265];[-0.7235];6755.68964),(180888.57770;[0.35];[-0.6];8040.22830;[0.3632];[-0.5868];8150.29703),(181421.49639;[0.36];[-0.59];7806.90878;[0.3773];[-0.5727];7811.19632),(182113.96861;[0.35];[-0.6];7574.18921;[0.3807];[-0.5693];7537.93205),(182491.35613;[0.35];[-0.6];7419.41888;[0.365];[-0.585];7374.24327),(182810.87708;[0.24];[-0.71];6799.59001;[0.2265];[-0.7235];6755.68964),(183433.73346;[0.24];[-0.71];6799.59001;[0.2265];[-0.7235];6755.68964),(184017.70782;[0.35];[-0.6];8026.01735;[0.3649];[-0.5851];8126.57390),(184338.82785;[0.36];[-0.59];7792.78311;[0.3768];[-0.5732];7793.64710),(185088.75132;[0.35];[-0.6];7574.18921;[0.3807];[-0.5693];7537.93205),(185546.60130;[0.35];[-0.6];7419.41888;[0.365];[-0.585];7374.24327),(185861.22680;[0.24];[-0.71];6799.59001;[0.2265];[-0.7235];6755.68964),(186925.15516;[0.35];[-0.6];8026.01735;[0.3649];[-0.5851];8126.57390),(187253.11399;[0.36];[-0.59];7792.78311;[0.3768];[-0.5732];7793.64710),(187920.47358;[0.35];[-0.6];7574.18921;[0.3807];[-0.5693];7537.93205),(188293.53166;[0.35];[-0.6];7419.41888;[0.365];[-0.585];7374.24327),(188909.63817;[0.33];[-0.62];7247.62597;[0.3368];[-0.6132];7203.91676),(189036.41558;[0.25];[-0.7];6819.51953;[0.2288];[-0.7212];6775.81681),(189175.23313;[0.25];[-0.7];6807.51703;[0.2267];[-0.7233];6763.69845),(189272.83430;[0.24];[-0.71];6803.61634;[0.2264];[-0.7236];6759.77076),(189542.32740;[0.24];[-0.71];6799.59001;[0.2265];[-0.7235];6755.68964),(190269.23776;[0.35];[-0.6];8006.54361;[0.3623];[-0.5877];8105.15446),(190807.52039;[0.36];[-0.59];7781.50145;[0.3797];[-0.5703];7764.07452),(191413.21898;[0.35];[-0.6];7565.15985;[0.3794];[-0.5706];7516.81903),(191796.50569;[0.35];[-0.6];7419.41888;[0.365];[-0.585];7374.24327),(192461.64513;[0.33];[-0.62];7252.28788;[0.3371];[-0.6129];7208.62777),(192578.29499;[0.25];[-0.7];6807.51703;[0.2267];[-0.7233];6763.69845),(192766.68096;[0.25];[-0.7];6804.17986;[0.2269];[-0.7231];6760.29235),(193070.52040;[0.24];[-0.71];6803.61634;[0.2264];[-0.7236];6759.77076),(193163.25164;[0.24];[-0.71];6799.59001;[0.2265];[-0.7235];6755.68964),(193575.62113;[0.35];[-0.6];7996.75899;[0.377];[-0.573];8060.18357),(194118.56771;[0.35];[-0.6];7753.16481;[0.3742];[-0.5758];7737.15661),(194577.47626;[0.35];[-0.6];7544.59517;[0.3787];[-0.5713];7515.78630),(194989.00390;[0.34];[-0.61];7372.79879;[0.363];[-0.587];7329.72491),(195316.60867;[0.24];[-0.71];6799.59001;[0.2265];[-0.7235];6755.68964),(196162.95433;[0.35];[-0.6];7996.75899;[0.377];[-0.573];8060.18357),(196632.16805;[0.35];[-0.6];7753.04969;[0.3741];[-0.5759];7737.07878),(197316.34116;[0.35];[-0.6];7544.59517;[0.3787];[-0.5713];7515.78630),(197699.72658;[0.34];[-0.61];7372.79879;[0.363];[-0.587];7329.72491),(198408.82230;[0.24];[-0.71];6803.61634;[0.2264];[-0.7236];6759.77076),(198764.51468;[0.35];[-0.6];7996.75899;[0.377];[-0.573];8060.18357),(199394.07969;[0.35];[-0.6];7753.03326;[0.3742];[-0.5758];7737.02184),(200019.61684;[0.35];[-0.6];7565.15985;[0.3794];[-0.5706];7516.81903),(200438.91549;[0.35];[-0.6];7419.41888;[0.365];[-0.585];7374.24327),(200757.06768;[0.33];[-0.62];7257.35601;[0.3379];[-0.6121];7213.79953),(200884.29761;[0.29];[-0.66];7125.10215;[0.307];[-0.643];7081.99882),(201347.06259;[0.29];[-0.66];6976.84671;[0.2718];[-0.6782];6934.21429),(201506.64926;[0.25];[-0.7];6819.51953;[0.2288];[-0.7212];6775.81681),(201600.22712;[0.25];[-0.7];6807.51703;[0.2267];[-0.7233];6763.69845),(201780.85327;[0.25];[-0.7];6807.51703;[0.2267];[-0.7233];6763.69845),(201875.40269;[0.25];[-0.7];6804.17986;[0.2269];[-0.7231];6760.29235),(201968.74690;[0.24];[-0.71];6803.61634;[0.2264];[-0.7236];6759.77076),(202629.22621;[0.35];[-0.6];7992.10629;[0.3771];[-0.5729];8049.97943),(202979.19059;[0.35];[-0.6];7732.53080;[0.3729];[-0.5771];7713.56053),(203518.05854;[0.35];[-0.6];7542.31593;[0.3788];[-0.5712];7513.50369),(204018.56184;[0.34];[-0.61];7376.19154;[0.3612];[-0.5888];7332.93982),(204682.39021;[0.24];[-0.71];6803.61634;[0.2264];[-0.7236];6759.77076),(205160.93349;[0.35];[-0.6];7992.10629;[0.3771];[-0.5729];8049.97943),(205519.23418;[0.35];[-0.6];7752.51065;[0.3738];[-0.5762];7736.96564),(206100.27504;[0.35];[-0.6];7565.15985;[0.3794];[-0.5706];7516.81903),(206594.79642;[0.35];[-0.6];7419.41888;[0.365];[-0.585];7374.24327),(206953.92585;[0.33];[-0.62];7258.71902;[0.3383];[-0.6117];7215.12842),(207113.89494;[0.29];[-0.66];7128.42422;[0.3073];[-0.6427];7085.42283),(207219.90991;[0.29];[-0.66];6982.55961;[0.2715];[-0.6785];6940.07666),(207320.99247;[0.25];[-0.7];6819.51953;[0.2288];[-0.7212];6775.81681),(207472.41259;[0.25];[-0.7];6817.06639;[0.2286];[-0.7214];6773.29854),(207615.45849;[0.25];[-0.7];6807.68875;[0.2269];[-0.7231];6763.85409),(207705.71375;[0.25];[-0.7];6807.51703;[0.2267];[-0.7233];6763.69845),(207836.55429;[0.25];[-0.7];6804.17986;[0.2269];[-0.7231];6760.29235),(207931.84471;[0.25];[-0.7];6804.17986;[0.2269];[-0.7231];6760.29235),(208057.02233;[0.24];[-0.71];6803.61634;[0.2264];[-0.7236];6759.77076),(208697.71886;[0.35];[-0.6];7977.08971;[0.3758];[-0.5742];8026.17021),(209109.27773;[0.36];[-0.59];7703.80420;[0.3759];[-0.5741];7670.11093),(209523.54956;[0.35];[-0.6];7517.77105;[0.3782];[-0.5718];7485.22832),(209851.50480;[0.34];[-0.61];7389.83817;[0.3631];[-0.5869];7346.67747),(210178.48754;[0.24];[-0.71];6803.61634;[0.2264];[-0.7236];6759.77076),(210502.25997;[0.24];[-0.71];6803.61634;[0.2264];[-0.7236];6759.77076),(210962.17418;[0.35];[-0.6];7977.08971;[0.3758];[-0.5742];8026.17021),(211345.03126;[0.36];[-0.59];7703.80420;[0.3759];[-0.5741];7670.11093),(211727.45800;[0.35];[-0.6];7517.56072;[0.3784];[-0.5716];7484.92525),(212079.22125;[0.34];[-0.61];7389.83817;[0.3631];[-0.5869];7346.67747),(212407.23968;[0.24];[-0.71];6803.61634;[0.2264];[-0.7236];6759.77076),(212890.02609;[0.24];[-0.71];6803.61634;[0.2264];[-0.7236];6759.77076),(213639.48154;[0.35];[-0.6];7964.53411;[0.3737];[-0.5763];8012.27133),(214005.09715;[0.36];[-0.59];7703.80420;[0.3759];[-0.5741];7670.11093),(214430.72581;[0.35];[-0.6];7517.56072;[0.3784];[-0.5716];7484.92525),(214750.95105;[0.34];[-0.61];7389.83817;[0.3631];[-0.5869];7346.67747),(215128.22819;[0.24];[-0.71];6803.61634;[0.2264];[-0.7236];6759.77076),(215940.48929;[0.35];[-0.6];7964.53411;[0.3737];[-0.5763];8012.27133),(216322.54362;[0.36];[-0.59];7703.80420;[0.3759];[-0.5741];7670.11093),(216778.24020;[0.35];[-0.6];7517.56072;[0.3784];[-0.5716];7484.92525),(217095.02554;[0.34];[-0.61];7389.83817;[0.3631];[-0.5869];7346.67747),(217797.20712;[0.24];[-0.71];6803.61634;[0.2264];[-0.7236];6759.77076),(218369.96150;[0.35];[-0.6];7964.53411;[0.3737];[-0.5763];8012.27133),(218727.38528;[0.36];[-0.59];7703.80420;[0.3759];[-0.5741];7670.11093),(219318.20416;[0.35];[-0.6];7534.76792;[0.3795];[-0.5705];7504.34203),(219662.80961;[0.35];[-0.6];7420.36409;[0.3653];[-0.5847];7375.00566),(220013.46254;[0.33];[-0.62];7259.95698;[0.3385];[-0.6115];7216.47308),(220148.41938;[0.29];[-0.66];7129.90422;[0.3075];[-0.6425];7087.02241),(220256.27351;[0.29];[-0.66];6982.55961;[0.2715];[-0.6785];6940.07666),(220357.61142;[0.25];[-0.7];6817.06639;[0.2286];[-0.7214];6773.29854),(220560.59885;[0.25];[-0.7];6807.51703;[0.2267];[-0.7233];6763.69845),(220773.97680;[0.24];[-0.71];6803.61634;[0.2264];[-0.7236];6759.77076),(221389.32157;[0.35];[-0.6];7933.78766;[0.374];[-0.576];7967.38635),(222019.45972;[0.35];[-0.6];7671.44383;[0.3692];[-0.5808];7639.43168),(222455.20949;[0.35];[-0.6];7517.77105;[0.3782];[-0.5718];7485.22832),(222811.55849;[0.34];[-0.61];7392.62828;[0.3632];[-0.5868];7347.95756),(224225.82793;[0.35];[-0.6];7933.78766;[0.374];[-0.576];7967.38635),(224782.36055;[0.35];[-0.6];7671.44383;[0.3692];[-0.5808];7639.43168),(225185.62460;[0.35];[-0.6];7517.77105;[0.3782];[-0.5718];7485.22832),(225571.58852;[0.34];[-0.61];7392.62828;[0.3632];[-0.5868];7347.95756),(225711.67183;[0.33];[-0.62];7260.34675;[0.3391];[-0.6109];7216.68906),(225821.04731;[0.29];[-0.66];7129.90422;[0.3075];[-0.6425];7087.02241),(225959.21850;[0.29];[-0.66];6971.29205;[0.2706];[-0.6794];6928.63934),(226276.41487;[0.29];[-0.66];6967.56813;[0.2705];[-0.6795];6924.86196),(226344.17677;[0.29];[-0.66];6967.56813;[0.2705];[-0.6795];6924.86196),(227529.91009;[0.35];[-0.6];7882.57956;[0.3682];[-0.5818];7909.23561),(228050.24934;[0.35];[-0.6];7618.43596;[0.3806];[-0.5694];7592.59174),(228514.40430;[0.35];[-0.6];7461.56914;[0.375];[-0.575];7413.67768),(229208.67491;[0.34];[-0.61];7261.41400;[0.3395];[-0.6105];7217.24453),(229431.39458;[0.33];[-0.62];7244.22823;[0.3365];[-0.6135];7200.50053),(229514.59622;[0.29];[-0.66];7125.10215;[0.307];[-0.643];7081.99882),(229628.86524;[0.29];[-0.66];7114.32437;[0.3052];[-0.6448];7071.12183),(229800.75145;[0.29];[-0.66];6971.29205;[0.2706];[-0.6794];6928.63934),(229990.73410;[0.29];[-0.66];6967.56813;[0.2705];[-0.6795];6924.86196),(230055.82976;[0.29];[-0.66];6967.56813;[0.2705];[-0.6795];6924.86196),(231273.42176;[0.35];[-0.6];7862.00253;[0.3693];[-0.5807];7882.98235),(231753.94702;[0.37];[-0.58];7616.73066;[0.3924];[-0.5576];7563.11114),(232286.71718;[0.35];[-0.6];7488.84382;[0.376];[-0.574];7449.20228),(232636.00159;[0.34];[-0.61];7358.10844;[0.3599];[-0.5901];7315.16717),(232828.11189;[0.33];[-0.62];7252.28788;[0.3371];[-0.6129];7208.62777),(232926.60642;[0.29];[-0.66];7126.08259;[0.3067];[-0.6433];7083.05559),(233020.68615;[0.29];[-0.66];7122.72623;[0.3066];[-0.6434];7079.58940),(233183.45857;[0.29];[-0.66];7114.43845;[0.3053];[-0.6447];7071.22749),(233278.96619;[0.29];[-0.66];7114.32437;[0.3052];[-0.6448];7071.12183),(233360.64959;[0.29];[-0.66];7111.25304;[0.3055];[-0.6445];7068.01614),(233882.29775;[0.35];[-0.6];7853.00780;[0.3788];[-0.5712];7871.31868),(234700.79207;[0.35];[-0.6];7605.26987;[0.3806];[-0.5694];7567.69125),(235042.56797;[0.35];[-0.6];7462.28386;[0.3751];[-0.5749];7414.20932),(235684.61704;[0.34];[-0.61];7368.22689;[0.3612];[-0.5888];7325.43607),(235825.80543;[0.33];[-0.62];7257.35601;[0.3379];[-0.6121];7213.79953),(236123.29602;[0.29];[-0.66];7126.08259;[0.3067];[-0.6433];7083.05559),(236324.24116;[0.29];[-0.66];7125.10215;[0.307];[-0.643];7081.99882),(236413.48267;[0.29];[-0.66];7122.72623;[0.3066];[-0.6434];7079.58940),(236514.70780;[0.29];[-0.66];7114.49542;[0.3057];[-0.6443];7071.26491),(236605.96466;[0.29];[-0.66];7114.32437;[0.3052];[-0.6448];7071.12183),(236753.03316;[0.29];[-0.66];7111.25304;[0.3055];[-0.6445];7068.01614),(237208.35853;[0.36];[-0.59];7842.33103;[0.3784];[-0.5716];7852.47394),(237798.61403;[0.35];[-0.6];7605.26987;[0.3806];[-0.5694];7567.69125),(238283.67448;[0.35];[-0.6];7462.00034;[0.3753];[-0.5747];7413.72671),(238626.10483;[0.34];[-0.61];7368.88529;[0.362];[-0.588];7326.04943),(238768.13459;[0.33];[-0.62];7257.35601;[0.3379];[-0.6121];7213.79953),(238878.44276;[0.29];[-0.66];7126.08259;[0.3067];[-0.6433];7083.05559),(238983.20627;[0.29];[-0.66];7122.72623;[0.3066];[-0.6434];7079.58940),(239274.52421;[0.29];[-0.66];7114.49542;[0.3057];[-0.6443];7071.26491),(239363.50012;[0.29];[-0.66];7114.32437;[0.3052];[-0.6448];7071.12183),(239438.35592;[0.29];[-0.66];7114.32437;[0.3052];[-0.6448];7071.12183),(239535.85696;[0.29];[-0.66];7114.32437;[0.3052];[-0.6448];7071.12183),(239667.36913;[0.29];[-0.66];7111.25304;[0.3055];[-0.6445];7068.01614),(240221.12179;[0.36];[-0.59];7836.23842;[0.3814];[-0.5686];7842.29280),(241179.18468;[0.35];[-0.6];7588.39404;[0.3813];[-0.5687];7554.46275),(241517.40742;[0.35];[-0.6];7437.20255;[0.3734];[-0.5766];7389.63530),(241836.41124;[0.29];[-0.66];7111.25304;[0.3055];[-0.6445];7068.01614),(242405.11322;[0.29];[-0.66];7111.25304;[0.3055];[-0.6445];7068.01614),(242753.49188;[0.36];[-0.59];7826.52800;[0.3812];[-0.5688];7828.91651),(243478.97315;[0.35];[-0.6];7588.39404;[0.3813];[-0.5687];7554.46275),(243829.56719;[0.35];[-0.6];7437.20255;[0.3734];[-0.5766];7389.63530),(244152.86064;[0.29];[-0.66];7111.25304;[0.3055];[-0.6445];7068.01614),(245037.90975;[0.36];[-0.59];7826.52800;[0.3812];[-0.5688];7828.91651),(245716.77613;[0.35];[-0.6];7588.39404;[0.3813];[-0.5687];7554.46275),(246057.04141;[0.35];[-0.6];7437.20255;[0.3734];[-0.5766];7389.63530),(246761.67178;[0.34];[-0.61];7370.99380;[0.3616];[-0.5884];7328.34320),(246994.06123;[0.33];[-0.62];7257.35601;[0.3379];[-0.6121];7213.79953),(247126.98889;[0.29];[-0.66];7125.10215;[0.307];[-0.643];7081.99882),(247228.84274;[0.29];[-0.66];7114.32437;[0.3052];[-0.6448];7071.12183),(247509.33552;[0.29];[-0.66];7114.32437;[0.3052];[-0.6448];7071.12183),(247573.71068;[0.29];[-0.66];7114.32437;[0.3052];[-0.6448];7071.12183),(248079.74958;[0.36];[-0.59];7806.90878;[0.3773];[-0.5727];7811.19632),(248784.95669;[0.35];[-0.6];7579.55134;[0.3808];[-0.5692];7538.30786),(249117.43927;[0.35];[-0.6];7462.00034;[0.3753];[-0.5747];7413.72671),(249444.92459;[0.34];[-0.61];7370.99380;[0.3616];[-0.5884];7328.34320),(249581.67982;[0.33];[-0.62];7258.14650;[0.3379];[-0.6121];7214.71040),(249659.58571;[0.29];[-0.66];7125.10215;[0.307];[-0.643];7081.99882),(249818.87627;[0.29];[-0.66];7114.49542;[0.3057];[-0.6443];7071.26491),(249957.38602;[0.29];[-0.66];7114.32437;[0.3052];[-0.6448];7071.12183),(250147.20988;[0.29];[-0.66];7114.32437;[0.3052];[-0.6448];7071.12183),(250474.60938;[0.36];[-0.59];7792.94664;[0.3804];[-0.5696];7779.33815),(251128.76892;[0.35];[-0.6];7565.15985;[0.3794];[-0.5706];7516.81903),(251441.21575;[0.35];[-0.6];7437.94087;[0.374];[-0.576];7391.92520),(251786.54623;[0.29];[-0.66];7114.32437;[0.3052];[-0.6448];7071.12183),(252146.16561;[0.29];[-0.66];7114.32437;[0.3052];[-0.6448];7071.12183),(252632.04932;[0.36];[-0.59];7774.22126;[0.3793];[-0.5707];7756.79771),(253005.95450;[0.35];[-0.6];7550.15789;[0.3794];[-0.5706];7521.32028),(253398.92960;[0.35];[-0.6];7408.30426;[0.3713];[-0.5787];7362.60005),(253950.81687;[0.29];[-0.66];7114.32437;[0.3052];[-0.6448];7071.12183),(254299.66593;[0.29];[-0.66];7114.32437;[0.3052];[-0.6448];7071.12183),(254850.86656;[0.36];[-0.59];7774.22126;[0.3793];[-0.5707];7756.79771),(255557.00397;[0.35];[-0.6];7565.15985;[0.3794];[-0.5706];7516.81903),(255881.88910;[0.35];[-0.6];7437.94087;[0.374];[-0.576];7391.92520),(256228.87444;[0.29];[-0.66];7114.32437;[0.3052];[-0.6448];7071.12183),(256622.33639;[0.29];[-0.66];7114.32437;[0.3052];[-0.6448];7071.12183),(257126.28841;[0.36];[-0.59];7774.22126;[0.3793];[-0.5707];7756.79771),(257819.33522;[0.35];[-0.6];7565.15985;[0.3794];[-0.5706];7516.81903),(258156.64887;[0.35];[-0.6];7437.87077;[0.3733];[-0.5767];7390.34004),(258474.03002;[0.29];[-0.66];7114.32437;[0.3052];[-0.6448];7071.12183),(258816.28156;[0.29];[-0.66];7114.32437;[0.3052];[-0.6448];7071.12183),(259327.23880;[0.35];[-0.6];7753.16481;[0.3742];[-0.5758];7737.15661),(259750.79894;[0.35];[-0.6];7550.15789;[0.3794];[-0.5706];7521.32028),(260079.38790;[0.35];[-0.6];7437.94087;[0.374];[-0.576];7391.92520),(260395.58339;[0.29];[-0.66];7114.32437;[0.3052];[-0.6448];7071.12183),(260722.77141;[0.29];[-0.66];7114.32437;[0.3052];[-0.6448];7071.12183),(261243.83283;[0.35];[-0.6];7753.16481;[0.3742];[-0.5758];7737.15661),(261622.67470;[0.35];[-0.6];7550.15789;[0.3794];[-0.5706];7521.32028),(261943.44497;[0.35];[-0.6];7437.94087;[0.374];[-0.576];7391.92520),(262281.87180;[0.29];[-0.66];7114.32437;[0.3052];[-0.6448];7071.12183),(263021.32249;[0.35];[-0.6];7736.95715;[0.3731];[-0.5769];7718.01013),(263436.20324;[0.35];[-0.6];7550.15789;[0.3794];[-0.5706];7521.32028),(263753.01576;[0.35];[-0.6];7437.94087;[0.374];[-0.576];7391.92520),(264360.95452;[0.34];[-0.61];7372.47624;[0.3629];[-0.5871];7329.58125),(264523.99826;[0.33];[-0.62];7258.71902;[0.3383];[-0.6117];7215.12842),(264599.92003;[0.29];[-0.66];7125.10215;[0.307];[-0.643];7081.99882),(264768.97621;[0.29];[-0.66];7114.32437;[0.3052];[-0.6448];7071.12183),(265040.79437;[0.29];[-0.66];7114.32437;[0.3052];[-0.6448];7071.12183),(265834.71060;[0.36];[-0.59];7708.81254;[0.3774];[-0.5726];7677.11815),(266201.05958;[0.35];[-0.6];7534.14936;[0.3783];[-0.5717];7504.10325),(266530.11894;[0.35];[-0.6];7411.44292;[0.3715];[-0.5785];7365.74423),(267772.35508;[0.36];[-0.59];7708.81254;[0.3774];[-0.5726];7677.11815),(268284.66940;[0.35];[-0.6];7550.15789;[0.3794];[-0.5706];7521.32028),(268622.91479;[0.35];[-0.6];7438.27063;[0.3736];[-0.5764];7390.67053),(268931.44679;[0.34];[-0.61];7372.47624;[0.3629];[-0.5871];7329.58125),(269091.12954;[0.33];[-0.62];7258.71902;[0.3383];[-0.6117];7215.12842),(269174.52955;[0.29];[-0.66];7122.72623;[0.3066];[-0.6434];7079.58940),(269394.48881;[0.29];[-0.66];7114.32437;[0.3052];[-0.6448];7071.12183),(269465.07645;[0.29];[-0.66];7114.32437;[0.3052];[-0.6448];7071.12183),(269534.38163;[0.29];[-0.66];7114.32437;[0.3052];[-0.6448];7071.12183),(269597.71514;[0.29];[-0.66];7114.32437;[0.3052];[-0.6448];7071.12183),(270283.37193;[0.35];[-0.6];7687.44914;[0.3678];[-0.5822];7662.03046),(270626.11485;[0.35];[-0.6];7534.14936;[0.3783];[-0.5717];7504.10325),(270975.37947;[0.35];[-0.6];7413.53924;[0.3721];[-0.5779];7367.88288),(271302.04821;[0.29];[-0.66];7114.32437;[0.3052];[-0.6448];7071.12183),(271676.24235;[0.29];[-0.66];7114.32437;[0.3052];[-0.6448];7071.12183),(272161.01193;[0.37];[-0.58];7668.26824;[0.3922];[-0.5578];7624.62652),(272637.06732;[0.35];[-0.6];7511.64194;[0.3765];[-0.5735];7474.50580),(272966.49718;[0.35];[-0.6];7413.53924;[0.3721];[-0.5779];7367.88288),(273290.26055;[0.29];[-0.66];7114.32437;[0.3052];[-0.6448];7071.12183),(273798.61093;[0.29];[-0.66];7114.32437;[0.3052];[-0.6448];7071.12183),(274245.59975;[0.37];[-0.58];7668.26824;[0.3922];[-0.5578];7624.62652),(274844.81239;[0.35];[-0.6];7511.64194;[0.3765];[-0.5735];7474.50580),(275225.09837;[0.35];[-0.6];7413.53924;[0.3721];[-0.5779];7367.88288),(275541.44502;[0.29];[-0.66];7114.32437;[0.3052];[-0.6448];7071.12183),(275921.15712;[0.29];[-0.66];7114.32437;[0.3052];[-0.6448];7071.12183),(276868.36696;[0.36];[-0.59];7640.12282;[0.3732];[-0.5768];7602.01681),(277442.42072;[0.35];[-0.6];7511.64194;[0.3765];[-0.5735];7474.50580),(277785.78734;[0.35];[-0.6];7413.53924;[0.3721];[-0.5779];7367.88288),(278099.47753;[0.29];[-0.66];7114.32437;[0.3052];[-0.6448];7071.12183),(278486.10687;[0.29];[-0.66];7114.32437;[0.3052];[-0.6448];7071.12183),(279445.20354;[0.36];[-0.59];7640.12282;[0.3732];[-0.5768];7602.01681),(280135.73670;[0.35];[-0.6];7511.64194;[0.3765];[-0.5735];7474.50580),(280492.59830;[0.35];[-0.6];7413.53924;[0.3721];[-0.5779];7367.88288),(280841.33291;[0.29];[-0.66];7114.32437;[0.3052];[-0.6448];7071.12183),(281209.32698;[0.29];[-0.66];7114.32437;[0.3052];[-0.6448];7071.12183),(281619.09580;[0.35];[-0.6];7625.07297;[0.3815];[-0.5685];7579.78120),(282123.93737;[0.35];[-0.6];7482.59880;[0.3766];[-0.5734];7436.98214),(282516.32714;[0.34];[-0.61];7372.79879;[0.363];[-0.587];7329.72491),(282740.95464;[0.33];[-0.62];7259.95698;[0.3385];[-0.6115];7216.47308),(282854.28524;[0.29];[-0.66];7114.32437;[0.3052];[-0.6448];7071.12183),(283140.06734;[0.29];[-0.66];7114.32437;[0.3052];[-0.6448];7071.12183),(284040.39454;[0.35];[-0.6];7616.42691;[0.3799];[-0.5701];7582.13234),(284473.21606;[0.35];[-0.6];7462.87127;[0.3755];[-0.5745];7414.29492),(285139.24241;[0.34];[-0.61];7372.79879;[0.363];[-0.587];7329.72491),(285398.58222;[0.33];[-0.62];7259.95698;[0.3385];[-0.6115];7216.47308),(285520.12348;[0.33];[-0.62];7257.35601;[0.3379];[-0.6121];7213.79953),(285641.14285;[0.33];[-0.62];7252.28788;[0.3371];[-0.6129];7208.62777),(285730.04985;[0.33];[-0.62];7250.58776;[0.337];[-0.613];7206.89442),(285925.63057;[0.29];[-0.66];7114.32437;[0.3052];[-0.6448];7071.12183),(286343.86015;[0.29];[-0.66];7114.32437;[0.3052];[-0.6448];7071.12183),(287232.59282;[0.35];[-0.6];7593.56642;[0.381];[-0.569];7554.91334),(287603.44601;[0.35];[-0.6];7462.87127;[0.3755];[-0.5745];7414.29492),(287959.96404;[0.34];[-0.61];7373.20039;[0.3633];[-0.5867];7329.43912),(288106.45866;[0.34];[-0.61];7365.34389;[0.3611];[-0.5889];7322.45870),(288195.07360;[0.33];[-0.62];7250.58776;[0.337];[-0.613];7206.89442),(288497.17736;[0.33];[-0.62];7244.22823;[0.3365];[-0.6135];7200.50053),(289783.70070;[0.35];[-0.6];7579.55134;[0.3808];[-0.5692];7538.30786),(290109.61485;[0.35];[-0.6];7439.51923;[0.3746];[-0.5754];7391.54616),(290935.48536;[0.34];[-0.61];7373.20039;[0.3633];[-0.5867];7329.43912),(291044.82698;[0.34];[-0.61];7367.57260;[0.3611];[-0.5889];7324.75458),(291124.55869;[0.33];[-0.62];7250.58776;[0.337];[-0.613];7206.89442),(291560.39977;[0.33];[-0.62];7247.62597;[0.3368];[-0.6132];7203.91676),(291631.51407;[0.33];[-0.62];7247.62597;[0.3368];[-0.6132];7203.91676),(291694.15903;[0.33];[-0.62];7247.62597;[0.3368];[-0.6132];7203.91676),(292415.70354;[0.35];[-0.6];7565.15985;[0.3794];[-0.5706];7516.81903),(292746.06371;[0.35];[-0.6];7439.62357;[0.3653];[-0.5847];7397.66803),(293070.60122;[0.33];[-0.62];7247.62597;[0.3368];[-0.6132];7203.91676),(293509.20367;[0.33];[-0.62];7247.62597;[0.3368];[-0.6132];7203.91676),(294216.60757;[0.35];[-0.6];7565.15985;[0.3794];[-0.5706];7516.81903),(294543.22171;[0.35];[-0.6];7439.62357;[0.3653];[-0.5847];7397.66803),(294881.83761;[0.33];[-0.62];7247.62597;[0.3368];[-0.6132];7203.91676),(295375.15473;[0.33];[-0.62];7247.62597;[0.3368];[-0.6132];7203.91676),(295809.08608;[0.35];[-0.6];7550.15789;[0.3794];[-0.5706];7521.32028),(296129.19235;[0.35];[-0.6];7439.62357;[0.3653];[-0.5847];7397.66803),(296470.21937;[0.33];[-0.62];7247.62597;[0.3368];[-0.6132];7203.91676),(296960.42991;[0.33];[-0.62];7247.62597;[0.3368];[-0.6132];7203.91676),(297358.03008;[0.35];[-0.6];7550.15789;[0.3794];[-0.5706];7521.32028),(297675.09151;[0.35];[-0.6];7439.62357;[0.3653];[-0.5847];7397.66803),(297991.53781;[0.33];[-0.62];7247.62597;[0.3368];[-0.6132];7203.91676),(298520.16497;[0.33];[-0.62];7247.62597;[0.3368];[-0.6132];7203.91676),(298903.29647;[0.35];[-0.6];7534.23089;[0.3787];[-0.5713];7504.14502),(299209.96189;[0.35];[-0.6];7415.57016;[0.3729];[-0.5771];7369.69230),(299540.14993;[0.33];[-0.62];7247.62597;[0.3368];[-0.6132];7203.91676),(300124.56512;[0.33];[-0.62];7247.62597;[0.3368];[-0.6132];7203.91676),(300500.96536;[0.35];[-0.6];7534.23089;[0.3787];[-0.5713];7504.14502),(300832.45182;[0.35];[-0.6];7415.57016;[0.3729];[-0.5771];7369.69230),(301158.38170;[0.33];[-0.62];7247.62597;[0.3368];[-0.6132];7203.91676),(301675.50039;[0.33];[-0.62];7247.62597;[0.3368];[-0.6132];7203.91676),(301997.06388;[0.35];[-0.6];7516.66774;[0.3782];[-0.5718];7484.10513),(302314.19086;[0.35];[-0.6];7415.57016;[0.3729];[-0.5771];7369.69230),(302635.31780;[0.33];[-0.62];7247.62597;[0.3368];[-0.6132];7203.91676),(303299.36004;[0.33];[-0.62];7247.62597;[0.3368];[-0.6132];7203.91676),(303601.61161;[0.35];[-0.6];7516.66774;[0.3782];[-0.5718];7484.10513),(303913.43117;[0.35];[-0.6];7415.57016;[0.3729];[-0.5771];7369.69230),(304246.25301;[0.33];[-0.62];7247.62597;[0.3368];[-0.6132];7203.91676),(304827.54374;[0.33];[-0.62];7247.62597;[0.3368];[-0.6132];7203.91676),(305294.44242;[0.35];[-0.6];7482.59880;[0.3766];[-0.5734];7436.98214),(305631.24371;[0.34];[-0.61];7373.48178;[0.3634];[-0.5866];7330.14064),(305766.69121;[0.34];[-0.61];7368.22689;[0.3612];[-0.5888];7325.43607),(305895.63704;[0.33];[-0.62];7247.62597;[0.3368];[-0.6132];7203.91676),(306397.51673;[0.33];[-0.62];7247.62597;[0.3368];[-0.6132];7203.91676),(306469.55419;[0.33];[-0.62];7247.62597;[0.3368];[-0.6132];7203.91676),(306924.67237;[0.35];[-0.6];7462.87127;[0.3755];[-0.5745];7414.29492),(307241.25910;[0.33];[-0.62];7247.62597;[0.3368];[-0.6132];7203.91676),(308255.92542;[0.35];[-0.6];7439.76699;[0.3745];[-0.5755];7391.82152),(309210.71243;[0.34];[-0.61];7373.48178;[0.3634];[-0.5866];7330.14064),(309397.97783;[0.34];[-0.61];7368.22689;[0.3612];[-0.5888];7325.43607),(309621.04535;[0.33];[-0.62];7258.14650;[0.3379];[-0.6121];7214.71040),(309714.79368;[0.33];[-0.62];7255.26113;[0.3375];[-0.6125];7211.64534),(309824.43094;[0.33];[-0.62];7250.58776;[0.337];[-0.613];7206.89442),(309884.84502;[0.33];[-0.62];7250.58776;[0.337];[-0.613];7206.89442),(310078.35889;[0.33];[-0.62];7247.62597;[0.3368];[-0.6132];7203.91676),(310154.76847;[0.33];[-0.62];7247.62597;[0.3368];[-0.6132];7203.91676),(310489.93134;[0.35];[-0.6];7439.76699;[0.3745];[-0.5755];7391.82152),(310807.61242;[0.33];[-0.62];7247.62597;[0.3368];[-0.6132];7203.91676),(311676.93973;[0.35];[-0.6];7416.26759;[0.3735];[-0.5765];7370.20330),(312762.98404;[0.35];[-0.6];7416.26759;[0.3735];[-0.5765];7370.20330),(312878.10826;[0.34];[-0.61];7372.79879;[0.363];[-0.587];7329.72491),(312937.88075;[0.34];[-0.61];7370.99380;[0.3616];[-0.5884];7328.34320),(313006.87003;[0.34];[-0.61];7367.57260;[0.3611];[-0.5889];7324.75458),(313129.74381;[0.33];[-0.62];7252.28788;[0.3371];[-0.6129];7208.62777),(313209.53608;[0.33];[-0.62];7247.62597;[0.3368];[-0.6132];7203.91676),(314266.95871;[0.34];[-0.61];7392.00379;[0.3631];[-0.5869];7347.32053),(314435.41741;[0.34];[-0.61];7370.99380;[0.3616];[-0.5884];7328.34320),(314658.60176;[0.34];[-0.61];7368.22689;[0.3612];[-0.5888];7325.43607),(314731.12178;[0.34];[-0.61];7367.57260;[0.3611];[-0.5889];7324.75458),(314835.05750;[0.33];[-0.62];7252.28788;[0.3371];[-0.6129];7208.62777),(314927.78349;[0.33];[-0.62];7250.58776;[0.337];[-0.613];7206.89442),(314986.54461;[0.33];[-0.62];7250.58776;[0.337];[-0.613];7206.89442),(315111.12022;[0.33];[-0.62];7247.62597;[0.3368];[-0.6132];7203.91676),(316189.82673;[0.35];[-0.6];8087.18366;[0.3627];[-0.5873];8248.23178),(316462.26525;[0.35];[-0.6];8087.18366;[0.3627];[-0.5873];8248.23178),(316743.86573;[0.35];[-0.6];8087.18366;[0.3627];[-0.5873];8248.23178),(317060.23359;[0.35];[-0.6];8087.18366;[0.3627];[-0.5873];8248.23178),(317348.85406;[0.35];[-0.6];8087.18366;[0.3627];[-0.5873];8248.23178),(317806.40721;[0.35];[-0.6];7891.86948;[0.371];[-0.579];7921.27224),(317930.92513;[0.35];[-0.6];7561.63829;[0.372];[-0.578];7525.78237),(318133.78787;[0.29];[-0.66];7131.13831;[0.3078];[-0.6422];7088.00048),(318273.08321;[0.15];[-0.8];6645.86044;[0.1869];[-0.7631];6605.31240),(318424.27969;[0.11];[-0.84];6406.20150;[0.1337];[-0.8163];6368.62662),(318513.81898;[0.06];[-0.89];5961.04596;[0.0485];[-0.9015];5927.58962),(318639.41479;[0.06];[-0.89];5955.24552;[0.0483];[-0.9017];5921.78769),(318787.74166;[0.06];[-0.89];5955.24552;[0.0483];[-0.9017];5921.78769),(319178.02453;[0.35];[-0.6];8063.08712;[0.3572];[-0.5928];8208.64518),(319856.92930;[0.36];[-0.59];7861.19373;[0.3712];[-0.5788];7879.30286),(320257.95889;[0.35];[-0.6];7616.42691;[0.3799];[-0.5701];7582.13234),(320652.19855;[0.35];[-0.6];7414.26935;[0.3643];[-0.5857];7369.24342),(321467.48590;[0.29];[-0.66];6984.37009;[0.2722];[-0.6778];6941.83933),(321917.40513;[0.15];[-0.8];6635.82594;[0.1848];[-0.7652];6595.20334),(322025.60949;[0.12];[-0.83];6443.19685;[0.1401];[-0.8099];6402.90005),(322113.93714;[0.11];[-0.84];6402.14524;[0.1331];[-0.8169];6364.59102),(322188.50851;[0.1];[-0.85];6207.24373;[0.0882];[-0.8618];6169.97933),(322322.93582;[0.1];[-0.85];6192.96831;[0.0846];[-0.8654];6155.73119),(322412.51016;[0.1];[-0.85];6188.18877;[0.0853];[-0.8647];6150.81132),(322475.22426;[0.1];[-0.85];6188.18877;[0.0853];[-0.8647];6150.81132),(322911.11517;[0.35];[-0.6];8060.76027;[0.3706];[-0.5794];8174.36056),(323298.85125;[0.35];[-0.6];7853.00780;[0.3788];[-0.5712];7871.31868),(323724.65086;[0.35];[-0.6];7616.42691;[0.3799];[-0.5701];7582.13234),(324051.31364;[0.35];[-0.6];7418.43753;[0.3648];[-0.5852];7373.44309),(324811.59472;[0.29];[-0.66];7119.11402;[0.3063];[-0.6437];7075.93958),(324936.46932;[0.25];[-0.7];6804.17986;[0.2269];[-0.7231];6760.29235),(325137.53200;[0.15];[-0.8];6637.81040;[0.1863];[-0.7637];6597.12754),(325324.48363;[0.15];[-0.8];6626.75176;[0.1856];[-0.7644];6585.99930),(325411.07512;[0.15];[-0.8];6609.01479;[0.1835];[-0.7665];6568.10936),(325517.19642;[0.15];[-0.8];6609.01479;[0.1835];[-0.7665];6568.10936),(325930.07660;[0.35];[-0.6];8060.76027;[0.3706];[-0.5794];8174.36056),(326348.20890;[0.36];[-0.59];7842.33103;[0.3784];[-0.5716];7852.47394),(327017.42816;[0.35];[-0.6];7605.26987;[0.3806];[-0.5694];7567.69125),(327336.95745;[0.35];[-0.6];7419.11466;[0.3655];[-0.5845];7373.91353),(327985.07071;[0.29];[-0.66];7129.90422;[0.3075];[-0.6425];7087.02241),(328104.43830;[0.25];[-0.7];6817.06639;[0.2286];[-0.7214];6773.29854),(328232.23591;[0.15];[-0.8];6634.07005;[0.1857];[-0.7643];6593.32881),(328352.52857;[0.15];[-0.8];6630.88931;[0.1857];[-0.7643];6590.13069),(328427.99926;[0.15];[-0.8];6626.31448;[0.1848];[-0.7652];6585.58467),(328510.75244;[0.15];[-0.8];6609.01479;[0.1835];[-0.7665];6568.10936),(328616.89019;[0.15];[-0.8];6609.01479;[0.1835];[-0.7665];6568.10936),(328677.18911;[0.15];[-0.8];6609.01479;[0.1835];[-0.7665];6568.10936),(329003.60346;[0.35];[-0.6];8059.17248;[0.3711];[-0.5789];8168.88577),(329348.62280;[0.36];[-0.59];7836.23842;[0.3814];[-0.5686];7842.29280),(329964.82229;[0.35];[-0.6];7605.26987;[0.3806];[-0.5694];7567.69125),(330502.73752;[0.35];[-0.6];7419.11466;[0.3655];[-0.5845];7373.91353),(330819.98014;[0.15];[-0.8];6609.01479;[0.1835];[-0.7665];6568.10936),(331431.15044;[0.35];[-0.6];8059.17248;[0.3711];[-0.5789];8168.88577),(331775.72274;[0.36];[-0.59];7836.23842;[0.3814];[-0.5686];7842.29280),(332380.32508;[0.35];[-0.6];7605.26987;[0.3806];[-0.5694];7567.69125),(332867.87128;[0.35];[-0.6];7419.11466;[0.3655];[-0.5845];7373.91353),(333541.46361;[0.29];[-0.66];7131.13831;[0.3078];[-0.6422];7088.00048),(333709.09667;[0.25];[-0.7];6819.51953;[0.2288];[-0.7212];6775.81681),(333974.02477;[0.15];[-0.8];6626.75176;[0.1856];[-0.7644];6585.99930),(334107.07068;[0.15];[-0.8];6609.01479;[0.1835];[-0.7665];6568.10936),(334907.09448;[0.35];[-0.6];8051.42963;[0.369];[-0.581];8162.64069),(335216.12144;[0.36];[-0.59];7817.34475;[0.3783];[-0.5717];7825.45190),(335784.27982;[0.35];[-0.6];7579.05009;[0.3807];[-0.5693];7537.84115),(336237.62798;[0.35];[-0.6];7419.41888;[0.365];[-0.585];7374.24327),(336869.36831;[0.29];[-0.66];7131.94537;[0.3084];[-0.6416];7088.62880),(337014.09531;[0.25];[-0.7];6819.51953;[0.2288];[-0.7212];6775.81681),(337178.84779;[0.25];[-0.7];6807.51703;[0.2267];[-0.7233];6763.69845),(337334.22709;[0.24];[-0.71];6799.59001;[0.2265];[-0.7235];6755.68964),(337593.49251;[0.24];[-0.71];6799.59001;[0.2265];[-0.7235];6755.68964),(338071.49506;[0.35];[-0.6];8040.22830;[0.3632];[-0.5868];8150.29703),(338597.09573;[0.36];[-0.59];7806.90878;[0.3773];[-0.5727];7811.19632),(339316.32304;[0.35];[-0.6];7574.18921;[0.3807];[-0.5693];7537.93205),(339684.88741;[0.35];[-0.6];7419.41888;[0.365];[-0.585];7374.24327),(340008.22735;[0.24];[-0.71];6799.59001;[0.2265];[-0.7235];6755.68964),(340716.39371;[0.24];[-0.71];6799.59001;[0.2265];[-0.7235];6755.68964),(341385.40077;[0.35];[-0.6];8026.01735;[0.3649];[-0.5851];8126.57390),(341739.75134;[0.36];[-0.59];7792.78311;[0.3768];[-0.5732];7793.64710),(342438.81226;[0.35];[-0.6];7574.18921;[0.3807];[-0.5693];7537.93205),(342920.98927;[0.35];[-0.6];7419.41888;[0.365];[-0.585];7374.24327),(343231.48632;[0.24];[-0.71];6799.59001;[0.2265];[-0.7235];6755.68964),(344324.74399;[0.35];[-0.6];8026.01735;[0.3649];[-0.5851];8126.57390),(344662.57024;[0.36];[-0.59];7792.78311;[0.3768];[-0.5732];7793.64710),(345419.47532;[0.35];[-0.6];7574.18921;[0.3807];[-0.5693];7537.93205),(345767.47346;[0.35];[-0.6];7419.41888;[0.365];[-0.585];7374.24327),(346395.60342;[0.33];[-0.62];7247.62597;[0.3368];[-0.6132];7203.91676),(346526.03030;[0.25];[-0.7];6819.51953;[0.2288];[-0.7212];6775.81681),(346686.99980;[0.25];[-0.7];6807.51703;[0.2267];[-0.7233];6763.69845),(346816.31899;[0.24];[-0.71];6803.61634;[0.2264];[-0.7236];6759.77076),(347094.64264;[0.24];[-0.71];6799.59001;[0.2265];[-0.7235];6755.68964),(347802.90842;[0.35];[-0.6];8006.54361;[0.3623];[-0.5877];8105.15446),(348341.65692;[0.36];[-0.59];7781.50145;[0.3797];[-0.5703];7764.07452),(348904.08516;[0.35];[-0.6];7565.15985;[0.3794];[-0.5706];7516.81903),(349298.93565;[0.35];[-0.6];7419.41888;[0.365];[-0.585];7374.24327),(349961.92813;[0.33];[-0.62];7252.28788;[0.3371];[-0.6129];7208.62777),(350087.78524;[0.25];[-0.7];6807.51703;[0.2267];[-0.7233];6763.69845),(350284.10912;[0.25];[-0.7];6804.17986;[0.2269];[-0.7231];6760.29235),(350590.36422;[0.24];[-0.71];6803.61634;[0.2264];[-0.7236];6759.77076),(350682.12175;[0.24];[-0.71];6799.59001;[0.2265];[-0.7235];6755.68964),(351072.36743;[0.35];[-0.6];7996.75899;[0.377];[-0.573];8060.18357),(351630.87916;[0.35];[-0.6];7753.16481;[0.3742];[-0.5758];7737.15661),(352129.96221;[0.35];[-0.6];7544.59517;[0.3787];[-0.5713];7515.78630),(352511.69658;[0.34];[-0.61];7372.79879;[0.363];[-0.587];7329.72491),(352845.82591;[0.24];[-0.71];6799.59001;[0.2265];[-0.7235];6755.68964),(353722.27311;[0.35];[-0.6];7996.75899;[0.377];[-0.573];8060.18357),(354188.84420;[0.35];[-0.6];7753.04969;[0.3741];[-0.5759];7737.07878),(354854.85864;[0.35];[-0.6];7544.59517;[0.3787];[-0.5713];7515.78630),(355276.38173;[0.34];[-0.61];7372.79879;[0.363];[-0.587];7329.72491),(355987.47635;[0.24];[-0.71];6803.61634;[0.2264];[-0.7236];6759.77076),(356372.06936;[0.35];[-0.6];7996.75899;[0.377];[-0.573];8060.18357),(356999.24254;[0.35];[-0.6];7753.03326;[0.3742];[-0.5758];7737.02184),(357624.10855;[0.35];[-0.6];7565.15985;[0.3794];[-0.5706];7516.81903),(358033.55336;[0.35];[-0.6];7419.41888;[0.365];[-0.585];7374.24327),(358377.89273;[0.33];[-0.62];7257.35601;[0.3379];[-0.6121];7213.79953),(358503.00860;[0.29];[-0.66];7125.10215;[0.307];[-0.643];7081.99882),(358965.03234;[0.29];[-0.66];6976.84671;[0.2718];[-0.6782];6934.21429),(359119.18521;[0.25];[-0.7];6819.51953;[0.2288];[-0.7212];6775.81681),(359208.78291;[0.25];[-0.7];6807.51703;[0.2267];[-0.7233];6763.69845),(359391.54983;[0.25];[-0.7];6807.51703;[0.2267];[-0.7233];6763.69845),(359492.14363;[0.25];[-0.7];6804.17986;[0.2269];[-0.7231];6760.29235),(359629.06146;[0.24];[-0.71];6803.61634;[0.2264];[-0.7236];6759.77076),(360277.73356;[0.35];[-0.6];7992.10629;[0.3771];[-0.5729];8049.97943),(360643.63098;[0.35];[-0.6];7732.53080;[0.3729];[-0.5771];7713.56053),(361150.39945;[0.35];[-0.6];7542.31593;[0.3788];[-0.5712];7513.50369),(361626.75071;[0.34];[-0.61];7376.19154;[0.3612];[-0.5888];7332.93982),(362281.97312;[0.24];[-0.71];6803.61634;[0.2264];[-0.7236];6759.77076),(362818.77327;[0.35];[-0.6];7992.10629;[0.3771];[-0.5729];8049.97943),(363149.30511;[0.35];[-0.6];7752.51065;[0.3738];[-0.5762];7736.96564),(363749.97139;[0.35];[-0.6];7565.15985;[0.3794];[-0.5706];7516.81903),(364283.15377;[0.35];[-0.6];7419.41888;[0.365];[-0.585];7374.24327),(364655.65991;[0.33];[-0.62];7258.71902;[0.3383];[-0.6117];7215.12842),(364811.33127;[0.29];[-0.66];7128.42422;[0.3073];[-0.6427];7085.42283),(364911.64684;[0.29];[-0.66];6982.55961;[0.2715];[-0.6785];6940.07666),(365043.67590;[0.25];[-0.7];6819.51953;[0.2288];[-0.7212];6775.81681),(365221.67683;[0.25];[-0.7];6817.06639;[0.2286];[-0.7214];6773.29854),(365371.67382;[0.25];[-0.7];6807.68875;[0.2269];[-0.7231];6763.85409),(365453.12190;[0.25];[-0.7];6807.51703;[0.2267];[-0.7233];6763.69845),(365549.52788;[0.25];[-0.7];6804.17986;[0.2269];[-0.7231];6760.29235),(365616.48107;[0.25];[-0.7];6804.17986;[0.2269];[-0.7231];6760.29235),(365709.36084;[0.24];[-0.71];6803.61634;[0.2264];[-0.7236];6759.77076),(366339.22577;[0.35];[-0.6];7977.08971;[0.3758];[-0.5742];8026.17021),(366747.36738;[0.36];[-0.59];7703.80420;[0.3759];[-0.5741];7670.11093),(367138.64517;[0.35];[-0.6];7517.77105;[0.3782];[-0.5718];7485.22832),(367491.37449;[0.34];[-0.61];7389.83817;[0.3631];[-0.5869];7346.67747),(367828.60112;[0.24];[-0.71];6803.61634;[0.2264];[-0.7236];6759.77076),(368199.50008;[0.24];[-0.71];6803.61634;[0.2264];[-0.7236];6759.77076),(368663.60688;[0.35];[-0.6];7977.08971;[0.3758];[-0.5742];8026.17021),(369062.03771;[0.36];[-0.59];7703.80420;[0.3759];[-0.5741];7670.11093),(369480.97634;[0.35];[-0.6];7517.56072;[0.3784];[-0.5716];7484.92525),(369803.73502;[0.34];[-0.61];7389.83817;[0.3631];[-0.5869];7346.67747),(370131.31595;[0.24];[-0.71];6803.61634;[0.2264];[-0.7236];6759.77076),(370473.05274;[0.24];[-0.71];6803.61634;[0.2264];[-0.7236];6759.77076),(370996.47737;[0.35];[-0.6];7964.53411;[0.3737];[-0.5763];8012.27133),(371383.77619;[0.36];[-0.59];7703.80420;[0.3759];[-0.5741];7670.11093),(371837.08453;[0.35];[-0.6];7517.56072;[0.3784];[-0.5716];7484.92525),(372181.76270;[0.34];[-0.61];7389.83817;[0.3631];[-0.5869];7346.67747),(372518.61238;[0.24];[-0.71];6803.61634;[0.2264];[-0.7236];6759.77076),(373361.56631;[0.35];[-0.6];7964.53411;[0.3737];[-0.5763];8012.27133),(373749.28880;[0.36];[-0.59];7703.80420;[0.3759];[-0.5741];7670.11093),(374207.85570;[0.35];[-0.6];7517.56072;[0.3784];[-0.5716];7484.92525),(374530.05314;[0.34];[-0.61];7389.83817;[0.3631];[-0.5869];7346.67747),(375300.09604;[0.24];[-0.71];6803.61634;[0.2264];[-0.7236];6759.77076),(375866.27960;[0.35];[-0.6];7964.53411;[0.3737];[-0.5763];8012.27133),(376226.75586;[0.36];[-0.59];7703.80420;[0.3759];[-0.5741];7670.11093),(376837.04209;[0.35];[-0.6];7534.76792;[0.3795];[-0.5705];7504.34203),(377194.68212;[0.35];[-0.6];7420.36409;[0.3653];[-0.5847];7375.00566),(377546.27395;[0.33];[-0.62];7259.95698;[0.3385];[-0.6115];7216.47308),(377667.15837;[0.29];[-0.66];7129.90422;[0.3075];[-0.6425];7087.02241),(377779.83356;[0.29];[-0.66];6982.55961;[0.2715];[-0.6785];6940.07666),(377838.98616;[0.25];[-0.7];6817.06639;[0.2286];[-0.7214];6773.29854),(377966.69865;[0.25];[-0.7];6807.51703;[0.2267];[-0.7233];6763.69845),(378163.40709;[0.24];[-0.71];6803.61634;[0.2264];[-0.7236];6759.77076),(378884.36818;[0.35];[-0.6];7933.78766;[0.374];[-0.576];7967.38635),(379481.80103;[0.35];[-0.6];7671.44383;[0.3692];[-0.5808];7639.43168),(379914.98399;[0.35];[-0.6];7517.77105;[0.3782];[-0.5718];7485.22832),(380273.01598;[0.34];[-0.61];7392.62828;[0.3632];[-0.5868];7347.95756),(381604.65908;[0.35];[-0.6];7933.78766;[0.374];[-0.576];7967.38635),(382207.03411;[0.35];[-0.6];7671.44383;[0.3692];[-0.5808];7639.43168),(382562.66284;[0.35];[-0.6];7517.77105;[0.3782];[-0.5718];7485.22832),(382931.88810;[0.34];[-0.61];7392.62828;[0.3632];[-0.5868];7347.95756),(383070.55449;[0.33];[-0.62];7260.34675;[0.3391];[-0.6109];7216.68906),(383188.28845;[0.29];[-0.66];7129.90422;[0.3075];[-0.6425];7087.02241),(383316.78486;[0.29];[-0.66];6971.29205;[0.2706];[-0.6794];6928.63934),(383610.12745;[0.29];[-0.66];6967.56813;[0.2705];[-0.6795];6924.86196),(383674.59059;[0.29];[-0.66];6967.56813;[0.2705];[-0.6795];6924.86196),(384656.61645;[0.35];[-0.6];7882.57956;[0.3682];[-0.5818];7909.23561),(385237.94198;[0.35];[-0.6];7618.43596;[0.3806];[-0.5694];7592.59174),(385697.99304;[0.35];[-0.6];7461.56914;[0.375];[-0.575];7413.67768),(386382.03192;[0.34];[-0.61];7261.41400;[0.3395];[-0.6105];7217.24453),(386614.42447;[0.33];[-0.62];7244.22823;[0.3365];[-0.6135];7200.50053),(386736.43112;[0.29];[-0.66];7125.10215;[0.307];[-0.643];7081.99882),(386877.21491;[0.29];[-0.66];7114.32437;[0.3052];[-0.6448];7071.12183),(387051.42379;[0.29];[-0.66];6971.29205;[0.2706];[-0.6794];6928.63934),(387240.02624;[0.29];[-0.66];6967.56813;[0.2705];[-0.6795];6924.86196),(387308.28261;[0.29];[-0.66];6967.56813;[0.2705];[-0.6795];6924.86196),(388552.15025;[0.35];[-0.6];7862.00253;[0.3693];[-0.5807];7882.98235),(388985.21161;[0.37];[-0.58];7616.73066;[0.3924];[-0.5576];7563.11114),(389523.66734;[0.35];[-0.6];7488.84382;[0.376];[-0.574];7449.20228),(389878.94940;[0.34];[-0.61];7358.10844;[0.3599];[-0.5901];7315.16717),(390073.19427;[0.33];[-0.62];7252.28788;[0.3371];[-0.6129];7208.62777),(390170.07184;[0.29];[-0.66];7126.08259;[0.3067];[-0.6433];7083.05559),(390263.66854;[0.29];[-0.66];7122.72623;[0.3066];[-0.6434];7079.58940),(390451.53141;[0.29];[-0.66];7114.43845;[0.3053];[-0.6447];7071.22749),(390577.47436;[0.29];[-0.66];7114.32437;[0.3052];[-0.6448];7071.12183),(390688.64918;[0.29];[-0.66];7111.25304;[0.3055];[-0.6445];7068.01614),(391287.34112;[0.35];[-0.6];7853.00780;[0.3788];[-0.5712];7871.31868),(392119.02905;[0.35];[-0.6];7605.26987;[0.3806];[-0.5694];7567.69125),(392463.28592;[0.35];[-0.6];7462.28386;[0.3751];[-0.5749];7414.20932),(393093.37211;[0.34];[-0.61];7368.22689;[0.3612];[-0.5888];7325.43607),(393217.70501;[0.33];[-0.62];7257.35601;[0.3379];[-0.6121];7213.79953),(393509.27281;[0.29];[-0.66];7126.08259;[0.3067];[-0.6433];7083.05559),(393690.55772;[0.29];[-0.66];7125.10215;[0.307];[-0.643];7081.99882),(393782.91726;[0.29];[-0.66];7122.72623;[0.3066];[-0.6434];7079.58940),(393884.94539;[0.29];[-0.66];7114.49542;[0.3057];[-0.6443];7071.26491),(393965.42001;[0.29];[-0.66];7114.32437;[0.3052];[-0.6448];7071.12183),(394116.99843;[0.29];[-0.66];7111.25304;[0.3055];[-0.6445];7068.01614),(394661.99517;[0.36];[-0.59];7842.33103;[0.3784];[-0.5716];7852.47394),(395407.45926;[0.35];[-0.6];7605.26987;[0.3806];[-0.5694];7567.69125),(395853.89948;[0.35];[-0.6];7462.00034;[0.3753];[-0.5747];7413.72671),(396196.34509;[0.34];[-0.61];7368.88529;[0.362];[-0.588];7326.04943),(396342.08202;[0.33];[-0.62];7257.35601;[0.3379];[-0.6121];7213.79953),(396458.97698;[0.29];[-0.66];7126.08259;[0.3067];[-0.6433];7083.05559),(396566.79177;[0.29];[-0.66];7122.72623;[0.3066];[-0.6434];7079.58940),(396861.13119;[0.29];[-0.66];7114.49542;[0.3057];[-0.6443];7071.26491),(396956.14314;[0.29];[-0.66];7114.32437;[0.3052];[-0.6448];7071.12183),(397030.20453;[0.29];[-0.66];7114.32437;[0.3052];[-0.6448];7071.12183),(397099.36166;[0.29];[-0.66];7114.32437;[0.3052];[-0.6448];7071.12183),(397185.96292;[0.29];[-0.66];7111.25304;[0.3055];[-0.6445];7068.01614),(397512.14647;[0.36];[-0.59];7836.23842;[0.3814];[-0.5686];7842.29280),(398230.83377;[0.35];[-0.6];7588.39404;[0.3813];[-0.5687];7554.46275),(398578.07255;[0.35];[-0.6];7437.20255;[0.3734];[-0.5766];7389.63530),(398927.77944;[0.29];[-0.66];7111.25304;[0.3055];[-0.6445];7068.01614),(399490.57841;[0.29];[-0.66];7111.25304;[0.3055];[-0.6445];7068.01614),(399830.53708;[0.36];[-0.59];7826.52800;[0.3812];[-0.5688];7828.91651),(400589.80155;[0.35];[-0.6];7588.39404;[0.3813];[-0.5687];7554.46275),(400930.51147;[0.35];[-0.6];7437.20255;[0.3734];[-0.5766];7389.63530),(401254.81391;[0.29];[-0.66];7111.25304;[0.3055];[-0.6445];7068.01614),(402123.56782;[0.36];[-0.59];7826.52800;[0.3812];[-0.5688];7828.91651),(402835.67619;[0.35];[-0.6];7588.39404;[0.3813];[-0.5687];7554.46275),(403179.73185;[0.35];[-0.6];7437.20255;[0.3734];[-0.5766];7389.63530),(403858.81591;[0.34];[-0.61];7370.99380;[0.3616];[-0.5884];7328.34320),(404107.12385;[0.33];[-0.62];7257.35601;[0.3379];[-0.6121];7213.79953),(404231.52328;[0.29];[-0.66];7125.10215;[0.307];[-0.643];7081.99882),(404332.28087;[0.29];[-0.66];7114.32437;[0.3052];[-0.6448];7071.12183),(404593.04857;[0.29];[-0.66];7114.32437;[0.3052];[-0.6448];7071.12183),(404656.66175;[0.29];[-0.66];7114.32437;[0.3052];[-0.6448];7071.12183),(405167.60206;[0.36];[-0.59];7806.90878;[0.3773];[-0.5727];7811.19632),(405859.77578;[0.35];[-0.6];7579.55134;[0.3808];[-0.5692];7538.30786),(406225.10743;[0.35];[-0.6];7462.00034;[0.3753];[-0.5747];7413.72671),(406554.19087;[0.34];[-0.61];7370.99380;[0.3616];[-0.5884];7328.34320),(406704.03814;[0.33];[-0.62];7258.14650;[0.3379];[-0.6121];7214.71040),(406782.14455;[0.29];[-0.66];7125.10215;[0.307];[-0.643];7081.99882),(406927.22726;[0.29];[-0.66];7114.49542;[0.3057];[-0.6443];7071.26491),(407071.31481;[0.29];[-0.66];7114.32437;[0.3052];[-0.6448];7071.12183),(407256.74891;[0.29];[-0.66];7114.32437;[0.3052];[-0.6448];7071.12183),(407553.53856;[0.36];[-0.59];7792.94664;[0.3804];[-0.5696];7779.33815),(408288.59639;[0.35];[-0.6];7565.15985;[0.3794];[-0.5706];7516.81903),(408596.17329;[0.35];[-0.6];7437.94087;[0.374];[-0.576];7391.92520),(408944.73433;[0.29];[-0.66];7114.32437;[0.3052];[-0.6448];7071.12183),(409304.75879;[0.29];[-0.66];7114.32437;[0.3052];[-0.6448];7071.12183),(409809.73577;[0.36];[-0.59];7774.22126;[0.3793];[-0.5707];7756.79771),(410244.51542;[0.35];[-0.6];7550.15789;[0.3794];[-0.5706];7521.32028),(410596.14921;[0.35];[-0.6];7408.30426;[0.3713];[-0.5787];7362.60005),(411145.35880;[0.29];[-0.66];7114.32437;[0.3052];[-0.6448];7071.12183),(411489.90440;[0.29];[-0.66];7114.32437;[0.3052];[-0.6448];7071.12183),(412059.70430;[0.36];[-0.59];7774.22126;[0.3793];[-0.5707];7756.79771),(412781.33225;[0.35];[-0.6];7565.15985;[0.3794];[-0.5706];7516.81903),(413140.01942;[0.35];[-0.6];7437.94087;[0.374];[-0.576];7391.92520),(413463.23156;[0.29];[-0.66];7114.32437;[0.3052];[-0.6448];7071.12183),(413831.66075;[0.29];[-0.66];7114.32437;[0.3052];[-0.6448];7071.12183),(414359.36689;[0.36];[-0.59];7774.22126;[0.3793];[-0.5707];7756.79771),(415052.62709;[0.35];[-0.6];7565.15985;[0.3794];[-0.5706];7516.81903),(415402.47202;[0.35];[-0.6];7437.87077;[0.3733];[-0.5767];7390.34004),(415718.90426;[0.29];[-0.66];7114.32437;[0.3052];[-0.6448];7071.12183),(416068.50433;[0.29];[-0.66];7114.32437;[0.3052];[-0.6448];7071.12183),(416609.88688;[0.35];[-0.6];7753.16481;[0.3742];[-0.5758];7737.15661),(417003.09277;[0.35];[-0.6];7550.15789;[0.3794];[-0.5706];7521.32028),(417318.00675;[0.35];[-0.6];7437.94087;[0.374];[-0.576];7391.92520),(417638.13519;[0.29];[-0.66];7114.32437;[0.3052];[-0.6448];7071.12183),(417969.91658;[0.29];[-0.66];7114.32437;[0.3052];[-0.6448];7071.12183),(418496.25206;[0.35];[-0.6];7753.16481;[0.3742];[-0.5758];7737.15661),(418861.54842;[0.35];[-0.6];7550.15789;[0.3794];[-0.5706];7521.32028),(419213.99760;[0.35];[-0.6];7437.94087;[0.374];[-0.576];7391.92520),(419530.76148;[0.29];[-0.66];7114.32437;[0.3052];[-0.6448];7071.12183),(420268.68320;[0.35];[-0.6];7736.95715;[0.3731];[-0.5769];7718.01013),(420678.44129;[0.35];[-0.6];7550.15789;[0.3794];[-0.5706];7521.32028),(421003.84879;[0.35];[-0.6];7437.94087;[0.374];[-0.576];7391.92520),(421650.01011;[0.34];[-0.61];7372.47624;[0.3629];[-0.5871];7329.58125),(421827.12555;[0.33];[-0.62];7258.71902;[0.3383];[-0.6117];7215.12842),(421913.45119;[0.29];[-0.66];7125.10215;[0.307];[-0.643];7081.99882),(422087.48221;[0.29];[-0.66];7114.32437;[0.3052];[-0.6448];7071.12183),(422366.19329;[0.29];[-0.66];7114.32437;[0.3052];[-0.6448];7071.12183),(423119.04979;[0.36];[-0.59];7708.81254;[0.3774];[-0.5726];7677.11815),(423497.79916;[0.35];[-0.6];7534.14936;[0.3783];[-0.5717];7504.10325),(423830.52230;[0.35];[-0.6];7411.44292;[0.3715];[-0.5785];7365.74423),(425108.75893;[0.36];[-0.59];7708.81254;[0.3774];[-0.5726];7677.11815),(425604.23398;[0.35];[-0.6];7550.15789;[0.3794];[-0.5706];7521.32028),(425918.43438;[0.35];[-0.6];7438.27063;[0.3736];[-0.5764];7390.67053),(426216.86101;[0.34];[-0.61];7372.47624;[0.3629];[-0.5871];7329.58125),(426364.92324;[0.33];[-0.62];7258.71902;[0.3383];[-0.6117];7215.12842),(426449.77403;[0.29];[-0.66];7122.72623;[0.3066];[-0.6434];7079.58940),(426655.37238;[0.29];[-0.66];7114.32437;[0.3052];[-0.6448];7071.12183),(426726.43018;[0.29];[-0.66];7114.32437;[0.3052];[-0.6448];7071.12183),(426796.56076;[0.29];[-0.66];7114.32437;[0.3052];[-0.6448];7071.12183),(426853.14512;[0.29];[-0.66];7114.32437;[0.3052];[-0.6448];7071.12183),(427512.40540;[0.35];[-0.6];7687.44914;[0.3678];[-0.5822];7662.03046),(427859.18641;[0.35];[-0.6];7534.14936;[0.3783];[-0.5717];7504.10325),(428222.04208;[0.35];[-0.6];7413.53924;[0.3721];[-0.5779];7367.88288),(428571.96403;[0.29];[-0.66];7114.32437;[0.3052];[-0.6448];7071.12183),(428955.41406;[0.29];[-0.66];7114.32437;[0.3052];[-0.6448];7071.12183),(429371.08922;[0.37];[-0.58];7668.26824;[0.3922];[-0.5578];7624.62652),(429851.57466;[0.35];[-0.6];7511.64194;[0.3765];[-0.5735];7474.50580),(430178.22742;[0.35];[-0.6];7413.53924;[0.3721];[-0.5779];7367.88288),(430487.29968;[0.29];[-0.66];7114.32437;[0.3052];[-0.6448];7071.12183),(430960.69622;[0.29];[-0.66];7114.32437;[0.3052];[-0.6448];7071.12183),(431394.50955;[0.37];[-0.58];7668.26824;[0.3922];[-0.5578];7624.62652),(432002.45905;[0.35];[-0.6];7511.64194;[0.3765];[-0.5735];7474.50580),(432363.03878;[0.35];[-0.6];7413.53924;[0.3721];[-0.5779];7367.88288),(432678.51353;[0.29];[-0.66];7114.32437;[0.3052];[-0.6448];7071.12183),(433072.71147;[0.29];[-0.66];7114.32437;[0.3052];[-0.6448];7071.12183),(434149.78552;[0.36];[-0.59];7640.12282;[0.3732];[-0.5768];7602.01681),(434717.54861;[0.35];[-0.6];7511.64194;[0.3765];[-0.5735];7474.50580),(435052.63257;[0.35];[-0.6];7413.53924;[0.3721];[-0.5779];7367.88288),(435403.05471;[0.29];[-0.66];7114.32437;[0.3052];[-0.6448];7071.12183),(435781.49199;[0.29];[-0.66];7114.32437;[0.3052];[-0.6448];7071.12183),(436748.68059;[0.36];[-0.59];7640.12282;[0.3732];[-0.5768];7602.01681),(437540.61079;[0.35];[-0.6];7511.64194;[0.3765];[-0.5735];7474.50580),(437880.19061;[0.35];[-0.6];7413.53924;[0.3721];[-0.5779];7367.88288),(438228.17326;[0.29];[-0.66];7114.32437;[0.3052];[-0.6448];7071.12183),(438589.82754;[0.29];[-0.66];7114.32437;[0.3052];[-0.6448];7071.12183),(439000.67329;[0.35];[-0.6];7625.07297;[0.3815];[-0.5685];7579.78120),(439526.04795;[0.35];[-0.6];7482.59880;[0.3766];[-0.5734];7436.98214),(439896.74902;[0.34];[-0.61];7372.79879;[0.363];[-0.587];7329.72491),(440040.09748;[0.33];[-0.62];7259.95698;[0.3385];[-0.6115];7216.47308),(440147.25327;[0.29];[-0.66];7114.32437;[0.3052];[-0.6448];7071.12183),(440347.01538;[0.29];[-0.66];7114.32437;[0.3052];[-0.6448];7071.12183),(441084.90753;[0.35];[-0.6];7616.42691;[0.3799];[-0.5701];7582.13234),(441520.56766;[0.35];[-0.6];7462.87127;[0.3755];[-0.5745];7414.29492),(442208.43458;[0.34];[-0.61];7372.79879;[0.363];[-0.587];7329.72491),(442360.29077;[0.33];[-0.62];7259.95698;[0.3385];[-0.6115];7216.47308),(442466.55512;[0.33];[-0.62];7257.35601;[0.3379];[-0.6121];7213.79953),(442590.89231;[0.33];[-0.62];7252.28788;[0.3371];[-0.6129];7208.62777),(442680.51028;[0.33];[-0.62];7250.58776;[0.337];[-0.613];7206.89442),(442878.68285;[0.29];[-0.66];7114.32437;[0.3052];[-0.6448];7071.12183),(443293.00451;[0.29];[-0.66];7114.32437;[0.3052];[-0.6448];7071.12183),(444215.72852;[0.35];[-0.6];7593.56642;[0.381];[-0.569];7554.91334),(444555.12476;[0.35];[-0.6];7462.87127;[0.3755];[-0.5745];7414.29492),(444917.30785;[0.34];[-0.61];7373.20039;[0.3633];[-0.5867];7329.43912),(445061.56516;[0.34];[-0.61];7365.34389;[0.3611];[-0.5889];7322.45870),(445146.80099;[0.33];[-0.62];7250.58776;[0.337];[-0.613];7206.89442),(445428.76959;[0.33];[-0.62];7244.22823;[0.3365];[-0.6135];7200.50053),(446676.83578;[0.35];[-0.6];7579.55134;[0.3808];[-0.5692];7538.30786),(447001.39284;[0.35];[-0.6];7439.51923;[0.3746];[-0.5754];7391.54616),(447843.49203;[0.34];[-0.61];7373.20039;[0.3633];[-0.5867];7329.43912),(447959.62024;[0.34];[-0.61];7367.57260;[0.3611];[-0.5889];7324.75458),(448046.81849;[0.33];[-0.62];7250.58776;[0.337];[-0.613];7206.89442),(448449.56827;[0.33];[-0.62];7247.62597;[0.3368];[-0.6132];7203.91676),(448513.60297;[0.33];[-0.62];7247.62597;[0.3368];[-0.6132];7203.91676),(448581.65669;[0.33];[-0.62];7247.62597;[0.3368];[-0.6132];7203.91676),(449338.92560;[0.35];[-0.6];7565.15985;[0.3794];[-0.5706];7516.81903),(449672.30964;[0.35];[-0.6];7439.62357;[0.3653];[-0.5847];7397.66803),(450006.57701;[0.33];[-0.62];7247.62597;[0.3368];[-0.6132];7203.91676),(450452.94929;[0.33];[-0.62];7247.62597;[0.3368];[-0.6132];7203.91676),(451409.27744;[0.35];[-0.6];7565.15985;[0.3794];[-0.5706];7516.81903),(451731.63962;[0.35];[-0.6];7439.62357;[0.3653];[-0.5847];7397.66803),(452091.49551;[0.33];[-0.62];7247.62597;[0.3368];[-0.6132];7203.91676),(452592.22579;[0.33];[-0.62];7247.62597;[0.3368];[-0.6132];7203.91676),(452981.57382;[0.35];[-0.6];7550.15789;[0.3794];[-0.5706];7521.32028),(453312.59632;[0.35];[-0.6];7439.62357;[0.3653];[-0.5847];7397.66803),(453647.16887;[0.33];[-0.62];7247.62597;[0.3368];[-0.6132];7203.91676),(454134.34815;[0.33];[-0.62];7247.62597;[0.3368];[-0.6132];7203.91676),(454530.07197;[0.35];[-0.6];7550.15789;[0.3794];[-0.5706];7521.32028),(454845.79062;[0.35];[-0.6];7439.62357;[0.3653];[-0.5847];7397.66803),(455208.42981;[0.33];[-0.62];7247.62597;[0.3368];[-0.6132];7203.91676),(455738.90686;[0.33];[-0.62];7247.62597;[0.3368];[-0.6132];7203.91676),(456094.23518;[0.35];[-0.6];7534.23089;[0.3787];[-0.5713];7504.14502),(456403.19920;[0.35];[-0.6];7415.57016;[0.3729];[-0.5771];7369.69230),(456732.97143;[0.33];[-0.62];7247.62597;[0.3368];[-0.6132];7203.91676),(457306.89836;[0.33];[-0.62];7247.62597;[0.3368];[-0.6132];7203.91676),(457665.93623;[0.35];[-0.6];7534.23089;[0.3787];[-0.5713];7504.14502),(457998.73877;[0.35];[-0.6];7415.57016;[0.3729];[-0.5771];7369.69230),(458351.04704;[0.33];[-0.62];7247.62597;[0.3368];[-0.6132];7203.91676),(458848.44565;[0.33];[-0.62];7247.62597;[0.3368];[-0.6132];7203.91676),(459144.60397;[0.35];[-0.6];7516.66774;[0.3782];[-0.5718];7484.10513),(459453.15909;[0.35];[-0.6];7415.57016;[0.3729];[-0.5771];7369.69230),(459781.11577;[0.33];[-0.62];7247.62597;[0.3368];[-0.6132];7203.91676),(460284.00373;[0.33];[-0.62];7247.62597;[0.3368];[-0.6132];7203.91676),(460589.43772;[0.35];[-0.6];7516.66774;[0.3782];[-0.5718];7484.10513),(460902.89474;[0.35];[-0.6];7415.57016;[0.3729];[-0.5771];7369.69230),(461276.70479;[0.33];[-0.62];7247.62597;[0.3368];[-0.6132];7203.91676),(461810.37641;[0.33];[-0.62];7247.62597;[0.3368];[-0.6132];7203.91676),(462258.00538;[0.35];[-0.6];7482.59880;[0.3766];[-0.5734];7436.98214),(462599.00999;[0.34];[-0.61];7373.48178;[0.3634];[-0.5866];7330.14064),(462737.53595;[0.34];[-0.61];7368.22689;[0.3612];[-0.5888];7325.43607),(462861.25731;[0.33];[-0.62];7247.62597;[0.3368];[-0.6132];7203.91676),(463416.46767;[0.33];[-0.62];7247.62597;[0.3368];[-0.6132];7203.91676),(463485.45122;[0.33];[-0.62];7247.62597;[0.3368];[-0.6132];7203.91676),(463966.31384;[0.35];[-0.6];7462.87127;[0.3755];[-0.5745];7414.29492),(464284.37829;[0.33];[-0.62];7247.62597;[0.3368];[-0.6132];7203.91676),(465225.91352;[0.35];[-0.6];7439.76699;[0.3745];[-0.5755];7391.82152),(466110.93330;[0.34];[-0.61];7373.48178;[0.3634];[-0.5866];7330.14064),(466308.74395;[0.34];[-0.61];7368.22689;[0.3612];[-0.5888];7325.43607),(466532.14788;[0.33];[-0.62];7258.14650;[0.3379];[-0.6121];7214.71040),(466621.97280;[0.33];[-0.62];7255.26113;[0.3375];[-0.6125];7211.64534),(466741.81771;[0.33];[-0.62];7250.58776;[0.337];[-0.613];7206.89442),(466803.65872;[0.33];[-0.62];7250.58776;[0.337];[-0.613];7206.89442),(466998.63672;[0.33];[-0.62];7247.62597;[0.3368];[-0.6132];7203.91676),(467076.71762;[0.33];[-0.62];7247.62597;[0.3368];[-0.6132];7203.91676),(467396.67940;[0.35];[-0.6];7439.76699;[0.3745];[-0.5755];7391.82152),(467727.81897;[0.33];[-0.62];7247.62597;[0.3368];[-0.6132];7203.91676),(468591.55703;[0.35];[-0.6];7416.26759;[0.3735];[-0.5765];7370.20330),(469737.25343;[0.35];[-0.6];7416.26759;[0.3735];[-0.5765];7370.20330),(469862.20169;[0.34];[-0.61];7372.79879;[0.363];[-0.587];7329.72491),(469935.75072;[0.34];[-0.61];7370.99380;[0.3616];[-0.5884];7328.34320),(469995.58997;[0.34];[-0.61];7367.57260;[0.3611];[-0.5889];7324.75458),(470128.57008;[0.33];[-0.62];7252.28788;[0.3371];[-0.6129];7208.62777),(470221.49491;[0.33];[-0.62];7247.62597;[0.3368];[-0.6132];7203.91676),(471246.93298;[0.34];[-0.61];7392.00379;[0.3631];[-0.5869];7347.32053),(471405.96461;[0.34];[-0.61];7370.99380;[0.3616];[-0.5884];7328.34320),(471620.99385;[0.34];[-0.61];7368.22689;[0.3612];[-0.5888];7325.43607),(471689.01634;[0.34];[-0.61];7367.57260;[0.3611];[-0.5889];7324.75458),(471793.19143;[0.33];[-0.62];7252.28788;[0.3371];[-0.6129];7208.62777),(471888.17024;[0.33];[-0.62];7250.58776;[0.337];[-0.613];7206.89442),(471949.60856;[0.33];[-0.62];7250.58776;[0.337];[-0.613];7206.89442),(472080.78408;[0.33];[-0.62];7247.62597;[0.3368];[-0.6132];7203.91676),(473180.67956;[0.35];[-0.6];8087.18366;[0.3627];[-0.5873];8248.23178),(473447.27159;[0.35];[-0.6];8087.18366;[0.3627];[-0.5873];8248.23178),(473757.20763;[0.35];[-0.6];8087.18366;[0.3627];[-0.5873];8248.23178),(474038.36608;[0.35];[-0.6];8087.18366;[0.3627];[-0.5873];8248.23178),(474322.22104;[0.35];[-0.6];8087.18366;[0.3627];[-0.5873];8248.23178),(474810.43744;[0.35];[-0.6];7891.86948;[0.371];[-0.579];7921.27224),(474936.68675;[0.35];[-0.6];7561.63829;[0.372];[-0.578];7525.78237),(475146.43216;[0.29];[-0.66];7131.13831;[0.3078];[-0.6422];7088.00048),(475296.76342;[0.15];[-0.8];6645.86044;[0.1869];[-0.7631];6605.31240),(475445.67251;[0.11];[-0.84];6406.20150;[0.1337];[-0.8163];6368.62662),(475530.57218;[0.06];[-0.89];5961.04596;[0.0485];[-0.9015];5927.58962),(475652.58121;[0.06];[-0.89];5955.24552;[0.0483];[-0.9017];5921.78769),(475803.48349;[0.06];[-0.89];5955.24552;[0.0483];[-0.9017];5921.78769),(476203.30215;[0.35];[-0.6];8063.08712;[0.3572];[-0.5928];8208.64518),(476894.66548;[0.36];[-0.59];7861.19373;[0.3712];[-0.5788];7879.30286),(477310.57310;[0.35];[-0.6];7616.42691;[0.3799];[-0.5701];7582.13234),(477727.44513;[0.35];[-0.6];7414.26935;[0.3643];[-0.5857];7369.24342),(478535.94613;[0.29];[-0.66];6984.37009;[0.2722];[-0.6778];6941.83933),(479020.01476;[0.15];[-0.8];6635.82594;[0.1848];[-0.7652];6595.20334),(479133.26311;[0.12];[-0.83];6443.19685;[0.1401];[-0.8099];6402.90005),(479221.17424;[0.11];[-0.84];6402.14524;[0.1331];[-0.8169];6364.59102),(479296.66448;[0.1];[-0.85];6207.24373;[0.0882];[-0.8618];6169.97933),(479480.86953;[0.1];[-0.85];6192.96831;[0.0846];[-0.8654];6155.73119),(479597.80025;[0.1];[-0.85];6188.18877;[0.0853];[-0.8647];6150.81132),(479685.71067;[0.1];[-0.85];6188.18877;[0.0853];[-0.8647];6150.81132),(480293.99061;[0.35];[-0.6];8060.76027;[0.3706];[-0.5794];8174.36056),(480705.71876;[0.35];[-0.6];7853.00780;[0.3788];[-0.5712];7871.31868),(481123.70443;[0.35];[-0.6];7616.42691;[0.3799];[-0.5701];7582.13234),(481462.16512;[0.35];[-0.6];7418.43753;[0.3648];[-0.5852];7373.44309),(482219.39516;[0.29];[-0.66];7119.11402;[0.3063];[-0.6437];7075.93958),(482339.92457;[0.25];[-0.7];6804.17986;[0.2269];[-0.7231];6760.29235),(482545.26520;[0.15];[-0.8];6637.81040;[0.1863];[-0.7637];6597.12754),(482722.67509;[0.15];[-0.8];6626.75176;[0.1856];[-0.7644];6585.99930),(482806.36144;[0.15];[-0.8];6609.01479;[0.1835];[-0.7665];6568.10936),(482912.14275;[0.15];[-0.8];6609.01479;[0.1835];[-0.7665];6568.10936),(483506.96826;[0.35];[-0.6];8060.76027;[0.3706];[-0.5794];8174.36056),(483969.99073;[0.36];[-0.59];7842.33103;[0.3784];[-0.5716];7852.47394),(484642.84563;[0.35];[-0.6];7605.26987;[0.3806];[-0.5694];7567.69125),(484997.02930;[0.35];[-0.6];7419.11466;[0.3655];[-0.5845];7373.91353),(485611.89198;[0.29];[-0.66];7129.90422;[0.3075];[-0.6425];7087.02241),(485723.09303;[0.25];[-0.7];6817.06639;[0.2286];[-0.7214];6773.29854),(485853.19710;[0.15];[-0.8];6634.07005;[0.1857];[-0.7643];6593.32881),(485980.07512;[0.15];[-0.8];6630.88931;[0.1857];[-0.7643];6590.13069),(486056.60605;[0.15];[-0.8];6626.31448;[0.1848];[-0.7652];6585.58467),(486140.12671;[0.15];[-0.8];6609.01479;[0.1835];[-0.7665];6568.10936),(486245.73398;[0.15];[-0.8];6609.01479;[0.1835];[-0.7665];6568.10936),(486306.08654;[0.15];[-0.8];6609.01479;[0.1835];[-0.7665];6568.10936),(486658.23793;[0.35];[-0.6];8059.17248;[0.3711];[-0.5789];8168.88577),(487036.18240;[0.36];[-0.59];7836.23842;[0.3814];[-0.5686];7842.29280),(487615.42487;[0.35];[-0.6];7605.26987;[0.3806];[-0.5694];7567.69125),(488214.58006;[0.35];[-0.6];7419.11466;[0.3655];[-0.5845];7373.91353),(488551.98407;[0.15];[-0.8];6609.01479;[0.1835];[-0.7665];6568.10936),(489195.60122;[0.35];[-0.6];8059.17248;[0.3711];[-0.5789];8168.88577),(489563.19284;[0.36];[-0.59];7836.23842;[0.3814];[-0.5686];7842.29280),(490218.64557;[0.35];[-0.6];7605.26987;[0.3806];[-0.5694];7567.69125),(490888.09776;[0.35];[-0.6];7419.11466;[0.3655];[-0.5845];7373.91353),(491658.30708;[0.29];[-0.66];7131.13831;[0.3078];[-0.6422];7088.00048),(491809.13925;[0.25];[-0.7];6819.51953;[0.2288];[-0.7212];6775.81681),(492111.04131;[0.15];[-0.8];6626.75176;[0.1856];[-0.7644];6585.99930),(492256.75392;[0.15];[-0.8];6609.01479;[0.1835];[-0.7665];6568.10936),(493082.38173;[0.35];[-0.6];8051.42963;[0.369];[-0.581];8162.64069),(493606.52161;[0.36];[-0.59];7817.34475;[0.3783];[-0.5717];7825.45190),(494199.49675;[0.35];[-0.6];7579.05009;[0.3807];[-0.5693];7537.84115),(494667.97304;[0.35];[-0.6];7419.41888;[0.365];[-0.585];7374.24327),(495344.35105;[0.29];[-0.66];7131.94537;[0.3084];[-0.6416];7088.62880),(495467.26918;[0.25];[-0.7];6819.51953;[0.2288];[-0.7212];6775.81681),(495623.20232;[0.25];[-0.7];6807.51703;[0.2267];[-0.7233];6763.69845),(495757.73644;[0.24];[-0.71];6799.59001;[0.2265];[-0.7235];6755.68964),(496030.38073;[0.24];[-0.71];6799.59001;[0.2265];[-0.7235];6755.68964),(496479.09832;[0.35];[-0.6];8040.22830;[0.3632];[-0.5868];8150.29703),(496974.55263;[0.36];[-0.59];7806.90878;[0.3773];[-0.5727];7811.19632),(497615.11374;[0.35];[-0.6];7574.18921;[0.3807];[-0.5693];7537.93205),(497989.99929;[0.35];[-0.6];7419.41888;[0.365];[-0.585];7374.24327),(498308.26020;[0.24];[-0.71];6799.59001;[0.2265];[-0.7235];6755.68964),(498960.42085;[0.24];[-0.71];6799.59001;[0.2265];[-0.7235];6755.68964),(499626.79029;[0.35];[-0.6];8026.01735;[0.3649];[-0.5851];8126.57390),(499960.18243;[0.36];[-0.59];7792.78311;[0.3768];[-0.5732];7793.64710),(500685.90498;[0.35];[-0.6];7574.18921;[0.3807];[-0.5693];7537.93205),(501169.67511;[0.35];[-0.6];7419.41888;[0.365];[-0.585];7374.24327),(501483.90985;[0.24];[-0.71];6799.59001;[0.2265];[-0.7235];6755.68964),(502628.63016;[0.35];[-0.6];8026.01735;[0.3649];[-0.5851];8126.57390),(502990.42559;[0.36];[-0.59];7792.78311;[0.3768];[-0.5732];7793.64710),(503697.10231;[0.35];[-0.6];7574.18921;[0.3807];[-0.5693];7537.93205),(504053.65801;[0.35];[-0.6];7419.41888;[0.365];[-0.585];7374.24327),(504734.46107;[0.33];[-0.62];7247.62597;[0.3368];[-0.6132];7203.91676),(504860.12650;[0.25];[-0.7];6819.51953;[0.2288];[-0.7212];6775.81681),(504998.04902;[0.25];[-0.7];6807.51703;[0.2267];[-0.7233];6763.69845),(505121.52863;[0.24];[-0.71];6803.61634;[0.2264];[-0.7236];6759.77076),(505423.22826;[0.24];[-0.71];6799.59001;[0.2265];[-0.7235];6755.68964),(506116.24265;[0.35];[-0.6];8006.54361;[0.3623];[-0.5877];8105.15446),(506659.68609;[0.36];[-0.59];7781.50145;[0.3797];[-0.5703];7764.07452),(507191.75935;[0.35];[-0.6];7565.15985;[0.3794];[-0.5706];7516.81903),(507554.56424;[0.35];[-0.6];7419.41888;[0.365];[-0.585];7374.24327),(508233.07109;[0.33];[-0.62];7252.28788;[0.3371];[-0.6129];7208.62777),(508356.88257;[0.25];[-0.7];6807.51703;[0.2267];[-0.7233];6763.69845),(508551.28503;[0.25];[-0.7];6804.17986;[0.2269];[-0.7231];6760.29235),(508848.89793;[0.24];[-0.71];6803.61634;[0.2264];[-0.7236];6759.77076),(508943.31908;[0.24];[-0.71];6799.59001;[0.2265];[-0.7235];6755.68964),(509333.06551;[0.35];[-0.6];7996.75899;[0.377];[-0.573];8060.18357),(509908.22625;[0.35];[-0.6];7753.16481;[0.3742];[-0.5758];7737.15661),(510364.03728;[0.35];[-0.6];7544.59517;[0.3787];[-0.5713];7515.78630),(510750.61250;[0.34];[-0.61];7372.79879;[0.363];[-0.587];7329.72491),(511081.89034;[0.24];[-0.71];6799.59001;[0.2265];[-0.7235];6755.68964),(511971.35830;[0.35];[-0.6];7996.75899;[0.377];[-0.573];8060.18357),(512438.27724;[0.35];[-0.6];7753.04969;[0.3741];[-0.5759];7737.07878),(513112.86592;[0.35];[-0.6];7544.59517;[0.3787];[-0.5713];7515.78630),(513513.24415;[0.34];[-0.61];7372.79879;[0.363];[-0.587];7329.72491),(514220.31713;[0.24];[-0.71];6803.61634;[0.2264];[-0.7236];6759.77076),(514600.47889;[0.35];[-0.6];7996.75899;[0.377];[-0.573];8060.18357),(515208.47726;[0.35];[-0.6];7753.03326;[0.3742];[-0.5758];7737.02184),(515809.89480;[0.35];[-0.6];7565.15985;[0.3794];[-0.5706];7516.81903),(516297.52994;[0.35];[-0.6];7419.41888;[0.365];[-0.585];7374.24327),(516607.61619;[0.33];[-0.62];7257.35601;[0.3379];[-0.6121];7213.79953),(516725.10171;[0.29];[-0.66];7125.10215;[0.307];[-0.643];7081.99882),(517156.37183;[0.29];[-0.66];6976.84671;[0.2718];[-0.6782];6934.21429),(517307.47890;[0.25];[-0.7];6819.51953;[0.2288];[-0.7212];6775.81681),(517398.82946;[0.25];[-0.7];6807.51703;[0.2267];[-0.7233];6763.69845),(517653.97453;[0.25];[-0.7];6807.51703;[0.2267];[-0.7233];6763.69845),(517790.65633;[0.25];[-0.7];6804.17986;[0.2269];[-0.7231];6760.29235),(517920.40110;[0.24];[-0.71];6803.61634;[0.2264];[-0.7236];6759.77076),(518765.03325;[0.35];[-0.6];7992.10629;[0.3771];[-0.5729];8049.97943),(519132.39002;[0.35];[-0.6];7732.53080;[0.3729];[-0.5771];7713.56053),(519678.16997;[0.35];[-0.6];7542.31593;[0.3788];[-0.5712];7513.50369),(520164.22725;[0.34];[-0.61];7376.19154;[0.3612];[-0.5888];7332.93982),(520947.84594;[0.24];[-0.71];6803.61634;[0.2264];[-0.7236];6759.77076),(521530.15733;[0.35];[-0.6];7992.10629;[0.3771];[-0.5729];8049.97943),(521940.94634;[0.35];[-0.6];7752.51065;[0.3738];[-0.5762];7736.96564),(522602.67401;[0.35];[-0.6];7565.15985;[0.3794];[-0.5706];7516.81903),(523177.38008;[0.35];[-0.6];7419.41888;[0.365];[-0.585];7374.24327),(523631.40345;[0.33];[-0.62];7258.71902;[0.3383];[-0.6117];7215.12842),(523793.14518;[0.29];[-0.66];7128.42422;[0.3073];[-0.6427];7085.42283),(523913.85722;[0.29];[-0.66];6982.55961;[0.2715];[-0.6785];6940.07666),(524030.52115;[0.25];[-0.7];6819.51953;[0.2288];[-0.7212];6775.81681),(524211.19952;[0.25];[-0.7];6817.06639;[0.2286];[-0.7214];6773.29854),(524368.05606;[0.25];[-0.7];6807.68875;[0.2269];[-0.7231];6763.85409),(524468.82534;[0.25];[-0.7];6807.51703;[0.2267];[-0.7233];6763.69845),(524595.08705;[0.25];[-0.7];6804.17986;[0.2269];[-0.7231];6760.29235),(524672.32370;[0.25];[-0.7];6804.17986;[0.2269];[-0.7231];6760.29235),(524784.14893;[0.24];[-0.71];6803.61634;[0.2264];[-0.7236];6759.77076),(525248.51441;[0.35];[-0.6];7977.08971;[0.3758];[-0.5742];8026.17021),(525646.44051;[0.36];[-0.59];7703.80420;[0.3759];[-0.5741];7670.11093),(526029.14476;[0.35];[-0.6];7517.77105;[0.3782];[-0.5718];7485.22832),(526353.98197;[0.34];[-0.61];7389.83817;[0.3631];[-0.5869];7346.67747),(526704.42915;[0.24];[-0.71];6803.61634;[0.2264];[-0.7236];6759.77076),(527048.14410;[0.24];[-0.71];6803.61634;[0.2264];[-0.7236];6759.77076),(527530.71094;[0.35];[-0.6];7977.08971;[0.3758];[-0.5742];8026.17021),(527955.50990;[0.36];[-0.59];7703.80420;[0.3759];[-0.5741];7670.11093),(528356.17781;[0.35];[-0.6];7517.56072;[0.3784];[-0.5716];7484.92525),(528674.25370;[0.34];[-0.61];7389.83817;[0.3631];[-0.5869];7346.67747),(529006.84619;[0.24];[-0.71];6803.61634;[0.2264];[-0.7236];6759.77076),(529340.60669;[0.24];[-0.71];6803.61634;[0.2264];[-0.7236];6759.77076),(529897.29452;[0.35];[-0.6];7964.53411;[0.3737];[-0.5763];8012.27133),(530281.11768;[0.36];[-0.59];7703.80420;[0.3759];[-0.5741];7670.11093),(530745.65434;[0.35];[-0.6];7517.56072;[0.3784];[-0.5716];7484.92525),(531062.38937;[0.34];[-0.61];7389.83817;[0.3631];[-0.5869];7346.67747),(531414.24942;[0.24];[-0.71];6803.61634;[0.2264];[-0.7236];6759.77076),(532260.09130;[0.35];[-0.6];7964.53411;[0.3737];[-0.5763];8012.27133),(532668.91766;[0.36];[-0.59];7703.80420;[0.3759];[-0.5741];7670.11093),(533134.72104;[0.35];[-0.6];7517.56072;[0.3784];[-0.5716];7484.92525),(533492.92970;[0.34];[-0.61];7389.83817;[0.3631];[-0.5869];7346.67747),(534204.05650;[0.24];[-0.71];6803.61634;[0.2264];[-0.7236];6759.77076),(534745.66627;[0.35];[-0.6];7964.53411;[0.3737];[-0.5763];8012.27133),(535131.43492;[0.36];[-0.59];7703.80420;[0.3759];[-0.5741];7670.11093),(535746.99640;[0.35];[-0.6];7534.76792;[0.3795];[-0.5705];7504.34203),(536117.00225;[0.35];[-0.6];7420.36409;[0.3653];[-0.5847];7375.00566),(536495.93782;[0.33];[-0.62];7259.95698;[0.3385];[-0.6115];7216.47308),(536626.69539;[0.29];[-0.66];7129.90422;[0.3075];[-0.6425];7087.02241),(536735.54325;[0.29];[-0.66];6982.55961;[0.2715];[-0.6785];6940.07666),(536794.37566;[0.25];[-0.7];6817.06639;[0.2286];[-0.7214];6773.29854),(536920.11952;[0.25];[-0.7];6807.51703;[0.2267];[-0.7233];6763.69845),(537065.29093;[0.24];[-0.71];6803.61634;[0.2264];[-0.7236];6759.77076),(537696.30051;[0.35];[-0.6];7933.78766;[0.374];[-0.576];7967.38635),(538278.96380;[0.35];[-0.6];7671.44383;[0.3692];[-0.5808];7639.43168),(538722.14150;[0.35];[-0.6];7517.77105;[0.3782];[-0.5718];7485.22832),(539077.10648;[0.34];[-0.61];7392.62828;[0.3632];[-0.5868];7347.95756),(540489.63475;[0.35];[-0.6];7933.78766;[0.374];[-0.576];7967.38635),(541097.25571;[0.35];[-0.6];7671.44383;[0.3692];[-0.5808];7639.43168),(541472.53942;[0.35];[-0.6];7517.77105;[0.3782];[-0.5718];7485.22832),(541839.64062;[0.34];[-0.61];7392.62828;[0.3632];[-0.5868];7347.95756),(541973.53315;[0.33];[-0.62];7260.34675;[0.3391];[-0.6109];7216.68906),(542078.04871;[0.29];[-0.66];7129.90422;[0.3075];[-0.6425];7087.02241),(542209.27835;[0.29];[-0.66];6971.29205;[0.2706];[-0.6794];6928.63934),(542521.45863;[0.29];[-0.66];6967.56813;[0.2705];[-0.6795];6924.86196),(542585.89172;[0.29];[-0.66];6967.56813;[0.2705];[-0.6795];6924.86196),(543516.66307;[0.35];[-0.6];7882.57956;[0.3682];[-0.5818];7909.23561),(544079.87785;[0.35];[-0.6];7618.43596;[0.3806];[-0.5694];7592.59174),(544579.27775;[0.35];[-0.6];7461.56914;[0.375];[-0.575];7413.67768),(545232.23972;[0.34];[-0.61];7261.41400;[0.3395];[-0.6105];7217.24453),(545444.46707;[0.33];[-0.62];7244.22823;[0.3365];[-0.6135];7200.50053),(545533.41150;[0.29];[-0.66];7125.10215;[0.307];[-0.643];7081.99882),(545645.71977;[0.29];[-0.66];7114.32437;[0.3052];[-0.6448];7071.12183),(545812.20245;[0.29];[-0.66];6971.29205;[0.2706];[-0.6794];6928.63934),(546007.98035;[0.29];[-0.66];6967.56813;[0.2705];[-0.6795];6924.86196),(546074.82386;[0.29];[-0.66];6967.56813;[0.2705];[-0.6795];6924.86196),(547322.07942;[0.35];[-0.6];7862.00253;[0.3693];[-0.5807];7882.98235),(547766.29114;[0.37];[-0.58];7616.73066;[0.3924];[-0.5576];7563.11114),(548292.24706;[0.35];[-0.6];7488.84382;[0.376];[-0.574];7449.20228),(548673.57802;[0.34];[-0.61];7358.10844;[0.3599];[-0.5901];7315.16717),(548870.57137;[0.33];[-0.62];7252.28788;[0.3371];[-0.6129];7208.62777),(548975.01612;[0.29];[-0.66];7126.08259;[0.3067];[-0.6433];7083.05559),(549070.87445;[0.29];[-0.66];7122.72623;[0.3066];[-0.6434];7079.58940),(549236.34815;[0.29];[-0.66];7114.43845;[0.3053];[-0.6447];7071.22749),(549322.82710;[0.29];[-0.66];7114.32437;[0.3052];[-0.6448];7071.12183),(549397.19200;[0.29];[-0.66];7111.25304;[0.3055];[-0.6445];7068.01614),(549892.53545;[0.35];[-0.6];7853.00780;[0.3788];[-0.5712];7871.31868),(550677.10924;[0.35];[-0.6];7605.26987;[0.3806];[-0.5694];7567.69125),(551025.98763;[0.35];[-0.6];7462.28386;[0.3751];[-0.5749];7414.20932),(551679.64864;[0.34];[-0.61];7368.22689;[0.3612];[-0.5888];7325.43607),(551822.99066;[0.33];[-0.62];7257.35601;[0.3379];[-0.6121];7213.79953),(552135.61797;[0.29];[-0.66];7126.08259;[0.3067];[-0.6433];7083.05559),(552325.68121;[0.29];[-0.66];7125.10215;[0.307];[-0.643];7081.99882),(552420.58134;[0.29];[-0.66];7122.72623;[0.3066];[-0.6434];7079.58940),(552521.12222;[0.29];[-0.66];7114.49542;[0.3057];[-0.6443];7071.26491),(552625.38052;[0.29];[-0.66];7114.32437;[0.3052];[-0.6448];7071.12183),(552793.32256;[0.29];[-0.66];7111.25304;[0.3055];[-0.6445];7068.01614),(553277.86112;[0.36];[-0.59];7842.33103;[0.3784];[-0.5716];7852.47394),(553915.19690;[0.35];[-0.6];7605.26987;[0.3806];[-0.5694];7567.69125),(554367.39826;[0.35];[-0.6];7462.00034;[0.3753];[-0.5747];7413.72671),(554705.75356;[0.34];[-0.61];7368.88529;[0.362];[-0.588];7326.04943),(554845.28399;[0.33];[-0.62];7257.35601;[0.3379];[-0.6121];7213.79953),(554953.92346;[0.29];[-0.66];7126.08259;[0.3067];[-0.6433];7083.05559),(555067.07501;[0.29];[-0.66];7122.72623;[0.3066];[-0.6434];7079.58940),(555341.05706;[0.29];[-0.66];7114.49542;[0.3057];[-0.6443];7071.26491),(555434.53550;[0.29];[-0.66];7114.32437;[0.3052];[-0.6448];7071.12183),(555539.89744;[0.29];[-0.66];7114.32437;[0.3052];[-0.6448];7071.12183),(555634.52578;[0.29];[-0.66];7114.32437;[0.3052];[-0.6448];7071.12183),(555760.97298;[0.29];[-0.66];7111.25304;[0.3055];[-0.6445];7068.01614),(556095.17336;[0.36];[-0.59];7836.23842;[0.3814];[-0.5686];7842.29280),(556814.51106;[0.35];[-0.6];7588.39404;[0.3813];[-0.5687];7554.46275),(557193.48335;[0.35];[-0.6];7437.20255;[0.3734];[-0.5766];7389.63530),(557518.53228;[0.29];[-0.66];7111.25304;[0.3055];[-0.6445];7068.01614),(558070.36161;[0.29];[-0.66];7111.25304;[0.3055];[-0.6445];7068.01614),(558417.34171;[0.36];[-0.59];7826.52800;[0.3812];[-0.5688];7828.91651),(559129.04906;[0.35];[-0.6];7588.39404;[0.3813];[-0.5687];7554.46275),(559475.78216;[0.35];[-0.6];7437.20255;[0.3734];[-0.5766];7389.63530),(559804.50916;[0.29];[-0.66];7111.25304;[0.3055];[-0.6445];7068.01614),(560876.85513;[0.36];[-0.59];7826.52800;[0.3812];[-0.5688];7828.91651),(561582.42154;[0.35];[-0.6];7588.39404;[0.3813];[-0.5687];7554.46275),(561935.27794;[0.35];[-0.6];7437.20255;[0.3734];[-0.5766];7389.63530),(562616.63294;[0.34];[-0.61];7370.99380;[0.3616];[-0.5884];7328.34320),(562838.77540;[0.33];[-0.62];7257.35601;[0.3379];[-0.6121];7213.79953),(562962.57401;[0.29];[-0.66];7125.10215;[0.307];[-0.643];7081.99882),(563067.61980;[0.29];[-0.66];7114.32437;[0.3052];[-0.6448];7071.12183),(563339.87904;[0.29];[-0.66];7114.32437;[0.3052];[-0.6448];7071.12183),(563398.78821;[0.29];[-0.66];7114.32437;[0.3052];[-0.6448];7071.12183),(563907.18961;[0.36];[-0.59];7806.90878;[0.3773];[-0.5727];7811.19632),(564569.36860;[0.35];[-0.6];7579.55134;[0.3808];[-0.5692];7538.30786),(564908.04625;[0.35];[-0.6];7462.00034;[0.3753];[-0.5747];7413.72671),(565244.65489;[0.34];[-0.61];7370.99380;[0.3616];[-0.5884];7328.34320),(565393.37325;[0.33];[-0.62];7258.14650;[0.3379];[-0.6121];7214.71040),(565468.75691;[0.29];[-0.66];7125.10215;[0.307];[-0.643];7081.99882),(565622.51234;[0.29];[-0.66];7114.49542;[0.3057];[-0.6443];7071.26491),(565813.41028;[0.29];[-0.66];7114.32437;[0.3052];[-0.6448];7071.12183),(566050.64869;[0.29];[-0.66];7114.32437;[0.3052];[-0.6448];7071.12183),(566522.82882;[0.36];[-0.59];7792.94664;[0.3804];[-0.5696];7779.33815),(567369.90333;[0.35];[-0.6];7565.15985;[0.3794];[-0.5706];7516.81903),(567692.51251;[0.35];[-0.6];7437.94087;[0.374];[-0.576];7391.92520),(568079.18334;[0.29];[-0.66];7114.32437;[0.3052];[-0.6448];7071.12183),(568480.72720;[0.29];[-0.66];7114.32437;[0.3052];[-0.6448];7071.12183),(568952.32320;[0.36];[-0.59];7774.22126;[0.3793];[-0.5707];7756.79771),(569366.15467;[0.35];[-0.6];7550.15789;[0.3794];[-0.5706];7521.32028),(569913.94734;[0.35];[-0.6];7408.30426;[0.3713];[-0.5787];7362.60005),(570492.14458;[0.29];[-0.66];7114.32437;[0.3052];[-0.6448];7071.12183),(570877.53057;[0.29];[-0.66];7114.32437;[0.3052];[-0.6448];7071.12183),(571487.18476;[0.36];[-0.59];7774.22126;[0.3793];[-0.5707];7756.79771),(572164.20960;[0.35];[-0.6];7565.15985;[0.3794];[-0.5706];7516.81903),(572505.61380;[0.35];[-0.6];7437.94087;[0.374];[-0.576];7391.92520),(572825.46949;[0.29];[-0.66];7114.32437;[0.3052];[-0.6448];7071.12183),(573213.79137;[0.29];[-0.66];7114.32437;[0.3052];[-0.6448];7071.12183),(573743.86334;[0.36];[-0.59];7774.22126;[0.3793];[-0.5707];7756.79771),(574423.96641;[0.35];[-0.6];7565.15985;[0.3794];[-0.5706];7516.81903),(574807.72567;[0.35];[-0.6];7437.87077;[0.3733];[-0.5767];7390.34004),(575126.93262;[0.29];[-0.66];7114.32437;[0.3052];[-0.6448];7071.12183),(575480.35288;[0.29];[-0.66];7114.32437;[0.3052];[-0.6448];7071.12183),(575999.27497;[0.35];[-0.6];7753.16481;[0.3742];[-0.5758];7737.15661),(576406.93903;[0.35];[-0.6];7550.15789;[0.3794];[-0.5706];7521.32028),(576728.92070;[0.35];[-0.6];7437.94087;[0.374];[-0.576];7391.92520),(577036.15403;[0.29];[-0.66];7114.32437;[0.3052];[-0.6448];7071.12183),(577372.35117;[0.29];[-0.66];7114.32437;[0.3052];[-0.6448];7071.12183),(577906.54469;[0.35];[-0.6];7753.16481;[0.3742];[-0.5758];7737.15661),(578326.61390;[0.35];[-0.6];7550.15789;[0.3794];[-0.5706];7521.32028),(578642.05408;[0.35];[-0.6];7437.94087;[0.374];[-0.576];7391.92520),(578960.75320;[0.29];[-0.66];7114.32437;[0.3052];[-0.6448];7071.12183),(579746.96970;[0.35];[-0.6];7736.95715;[0.3731];[-0.5769];7718.01013),(580176.14555;[0.35];[-0.6];7550.15789;[0.3794];[-0.5706];7521.32028),(580496.95134;[0.35];[-0.6];7437.94087;[0.374];[-0.576];7391.92520),(581142.97247;[0.34];[-0.61];7372.47624;[0.3629];[-0.5871];7329.58125),(581281.79097;[0.33];[-0.62];7258.71902;[0.3383];[-0.6117];7215.12842),(581355.10731;[0.29];[-0.66];7125.10215;[0.307];[-0.643];7081.99882),(581519.53006;[0.29];[-0.66];7114.32437;[0.3052];[-0.6448];7071.12183),(581796.88573;[0.29];[-0.66];7114.32437;[0.3052];[-0.6448];7071.12183),(582504.82512;[0.36];[-0.59];7708.81254;[0.3774];[-0.5726];7677.11815),(582886.98912;[0.35];[-0.6];7534.14936;[0.3783];[-0.5717];7504.10325),(583218.77170;[0.35];[-0.6];7411.44292;[0.3715];[-0.5785];7365.74423),(584539.49928;[0.36];[-0.59];7708.81254;[0.3774];[-0.5726];7677.11815),(584998.86727;[0.35];[-0.6];7550.15789;[0.3794];[-0.5706];7521.32028),(585313.20167;[0.35];[-0.6];7438.27063;[0.3736];[-0.5764];7390.67053),(585630.46908;[0.34];[-0.61];7372.47624;[0.3629];[-0.5871];7329.58125),(585803.86782;[0.33];[-0.62];7258.71902;[0.3383];[-0.6117];7215.12842),(585898.76962;[0.29];[-0.66];7122.72623;[0.3066];[-0.6434];7079.58940),(586113.70015;[0.29];[-0.66];7114.32437;[0.3052];[-0.6448];7071.12183),(586184.05032;[0.29];[-0.66];7114.32437;[0.3052];[-0.6448];7071.12183),(586249.70317;[0.29];[-0.66];7114.32437;[0.3052];[-0.6448];7071.12183),(586315.57703;[0.29];[-0.66];7114.32437;[0.3052];[-0.6448];7071.12183),(587167.25993;[0.35];[-0.6];7687.44914;[0.3678];[-0.5822];7662.03046),(587517.71569;[0.35];[-0.6];7534.14936;[0.3783];[-0.5717];7504.10325),(587871.65141;[0.35];[-0.6];7413.53924;[0.3721];[-0.5779];7367.88288),(588194.77582;[0.29];[-0.66];7114.32437;[0.3052];[-0.6448];7071.12183),(588576.62344;[0.29];[-0.66];7114.32437;[0.3052];[-0.6448];7071.12183),(589004.76074;[0.37];[-0.58];7668.26824;[0.3922];[-0.5578];7624.62652),(589489.08162;[0.35];[-0.6];7511.64194;[0.3765];[-0.5735];7474.50580),(589807.63698;[0.35];[-0.6];7413.53924;[0.3721];[-0.5779];7367.88288),(590191.68639;[0.29];[-0.66];7114.32437;[0.3052];[-0.6448];7071.12183),(590660.58135;[0.29];[-0.66];7114.32437;[0.3052];[-0.6448];7071.12183),(591141.03556;[0.37];[-0.58];7668.26824;[0.3922];[-0.5578];7624.62652),(591774.46365;[0.35];[-0.6];7511.64194;[0.3765];[-0.5735];7474.50580),(592108.85715;[0.35];[-0.6];7413.53924;[0.3721];[-0.5779];7367.88288),(592411.10277;[0.29];[-0.66];7114.32437;[0.3052];[-0.6448];7071.12183),(592796.27132;[0.29];[-0.66];7114.32437;[0.3052];[-0.6448];7071.12183),(593805.09734;[0.36];[-0.59];7640.12282;[0.3732];[-0.5768];7602.01681),(594361.50384;[0.35];[-0.6];7511.64194;[0.3765];[-0.5735];7474.50580),(594729.52151;[0.35];[-0.6];7413.53924;[0.3721];[-0.5779];7367.88288),(595044.40904;[0.29];[-0.66];7114.32437;[0.3052];[-0.6448];7071.12183),(595426.18680;[0.29];[-0.66];7114.32437;[0.3052];[-0.6448];7071.12183),(596346.37094;[0.36];[-0.59];7640.12282;[0.3732];[-0.5768];7602.01681),(597057.61170;[0.35];[-0.6];7511.64194;[0.3765];[-0.5735];7474.50580),(597401.42512;[0.35];[-0.6];7413.53924;[0.3721];[-0.5779];7367.88288),(597759.16290;[0.29];[-0.66];7114.32437;[0.3052];[-0.6448];7071.12183),(598121.32883;[0.29];[-0.66];7114.32437;[0.3052];[-0.6448];7071.12183),(598549.24345;[0.35];[-0.6];7625.07297;[0.3815];[-0.5685];7579.78120),(599064.75639;[0.35];[-0.6];7482.59880;[0.3766];[-0.5734];7436.98214),(599409.11078;[0.34];[-0.61];7372.79879;[0.363];[-0.587];7329.72491),(599559.78155;[0.33];[-0.62];7259.95698;[0.3385];[-0.6115];7216.47308),(599670.20845;[0.29];[-0.66];7114.32437;[0.3052];[-0.6448];7071.12183),(599881.19268;[0.29];[-0.66];7114.32437;[0.3052];[-0.6448];7071.12183)]"
7,7175.272934901284,[0.2529],[-0.6971],600430.6306838989,"[(391.22534;[0.28];[-0.67];7046.70347;[0.2529];[-0.6971];7175.27293),(1361.82785;[0.28];[-0.67];7046.70347;[0.2529];[-0.6971];7175.27293),(1987.73408;[0.28];[-0.67];7046.70347;[0.2529];[-0.6971];7175.27293),(2541.48674;[0.28];[-0.67];7046.70347;[0.2529];[-0.6971];7175.27293),(3143.16344;[0.28];[-0.67];7046.70347;[0.2529];[-0.6971];7175.27293),(3729.59685;[0.28];[-0.67];7046.70347;[0.2529];[-0.6971];7175.27293),(3964.40649;[0.18];[-0.77];6758.70684;[0.2024];[-0.7476];6728.71424),(4234.22956;[0.14];[-0.81];6565.45052;[0.1518];[-0.7982];6538.51811),(4369.08770;[0.1];[-0.85];6398.77500;[0.1012];[-0.8488];6352.77013),(4444.89741;[0.01];[-0.94];5709.49494;[0.0155];[-0.9345];5670.93687),(4724.58172;[0.];[-0.95];5485.89364;[0.0063];[-0.9437];5448.49053),(4820.91904;[0.];[-0.95];5273.63476;[0.0021];[-0.9479];5240.16554),(4911.61346;[0.];[-0.95];5258.38763;[0.0018];[-0.9482];5224.79938),(5137.87127;[0.];[-0.95];5248.65197;[0.0019];[-0.9481];5214.93047),(6439.45622;[0.25];[-0.7];7024.68706;[0.2386];[-0.7114];7142.57332),(6867.74802;[0.23];[-0.72];6896.51898;[0.2256];[-0.7244];6908.92129),(7408.97489;[0.16];[-0.79];6693.49120;[0.185];[-0.765];6652.74110),(7926.84937;[0.1];[-0.85];6493.55410;[0.1292];[-0.8208];6450.39523),(8898.78702;[0.07];[-0.88];6111.97552;[0.0565];[-0.8935];6069.26220),(9129.99034;[0.02];[-0.93];5918.44087;[0.0322];[-0.9178];5876.41025),(9243.83950;[0.];[-0.95];5500.64508;[0.0068];[-0.9432];5463.19312),(9348.69194;[0.];[-0.95];5259.10184;[0.002];[-0.948];5225.39239),(9471.39382;[0.];[-0.95];5258.38763;[0.0018];[-0.9482];5224.79938),(10022.89033;[0.];[-0.95];5248.65197;[0.0019];[-0.9481];5214.93047),(10591.85529;[0.28];[-0.67];7024.03172;[0.2508];[-0.6992];7098.23998),(10904.61373;[0.23];[-0.72];6888.17630;[0.2229];[-0.7271];6896.81113),(11369.38095;[0.16];[-0.79];6693.28303;[0.1846];[-0.7654];6652.63351),(12199.87416;[0.12];[-0.83];6498.13050;[0.1345];[-0.8155];6464.30014),(12733.36816;[0.];[-0.95];5248.65197;[0.0019];[-0.9481];5214.93047),(14075.85812;[0.28];[-0.67];7024.03172;[0.2508];[-0.6992];7098.23998),(14364.56561;[0.23];[-0.72];6888.17630;[0.2229];[-0.7271];6896.81113),(14793.10560;[0.16];[-0.79];6693.28303;[0.1846];[-0.7654];6652.63351),(15422.82295;[0.12];[-0.83];6498.13050;[0.1345];[-0.8155];6464.30014),(16333.61459;[0.09];[-0.86];6276.04408;[0.0762];[-0.8738];6230.60336),(16444.99230;[0.07];[-0.88];6101.84187;[0.0547];[-0.8953];6059.33967),(16558.75468;[0.01];[-0.94];5696.37425;[0.0151];[-0.9349];5657.62094),(16732.10979;[0.];[-0.95];5469.73844;[0.0062];[-0.9438];5435.26267),(16857.09286;[0.];[-0.95];5457.13638;[0.0061];[-0.9439];5422.60670),(17353.45817;[0.28];[-0.67];7024.03172;[0.2508];[-0.6992];7098.23998),(17653.57924;[0.23];[-0.72];6861.85213;[0.2188];[-0.7312];6872.77496),(17979.93493;[0.16];[-0.79];6692.48097;[0.1842];[-0.7658];6651.87044),(18589.72311;[0.12];[-0.83];6509.12256;[0.1351];[-0.8149];6471.26824),(19354.01773;[0.1];[-0.85];6391.03478;[0.1006];[-0.8494];6344.96312),(19481.62556;[0.06];[-0.89];6109.29235;[0.0547];[-0.8953];6066.84798),(19554.17514;[0.02];[-0.93];5912.22386;[0.0325];[-0.9175];5870.00078),(19714.28299;[0.02];[-0.93];5900.18705;[0.032];[-0.918];5857.92693),(20480.07107;[0.28];[-0.67];7024.03172;[0.2508];[-0.6992];7098.23998),(20891.79206;[0.23];[-0.72];6851.54663;[0.2166];[-0.7334];6857.85815),(21363.83986;[0.15];[-0.8];6678.35479;[0.1804];[-0.7696];6635.17391),(21792.46378;[0.12];[-0.83];6512.09952;[0.1351];[-0.8149];6474.42222),(22597.31150;[0.1];[-0.85];6420.18703;[0.1022];[-0.8478];6376.26419),(22704.59461;[0.09];[-0.86];6271.98273;[0.0761];[-0.8739];6226.59938),(22835.10876;[0.07];[-0.88];6098.52023;[0.0547];[-0.8953];6055.94929),(22953.33099;[0.06];[-0.89];6090.20180;[0.0544];[-0.8956];6047.47992),(23090.73997;[0.06];[-0.89];6086.00834;[0.0544];[-0.8956];6043.26143),(23365.14616;[0.02];[-0.93];5900.18705;[0.032];[-0.918];5857.92693),(23647.99571;[0.02];[-0.93];5900.18705;[0.032];[-0.918];5857.92693),(23921.88549;[0.28];[-0.67];7024.03172;[0.2508];[-0.6992];7098.23998),(24340.29269;[0.22];[-0.73];6822.76033;[0.2118];[-0.7382];6821.89025),(24668.51425;[0.15];[-0.8];6656.57543;[0.178];[-0.772];6629.31151),(25218.68896;[0.12];[-0.83];6512.09952;[0.1351];[-0.8149];6474.42222),(25698.80342;[0.02];[-0.93];5900.18705;[0.032];[-0.918];5857.92693),(26371.60826;[0.28];[-0.67];7020.99429;[0.2526];[-0.6974];7088.72754),(26758.92711;[0.22];[-0.73];6822.76033;[0.2118];[-0.7382];6821.89025),(27085.97732;[0.15];[-0.8];6656.57543;[0.178];[-0.772];6629.31151),(27557.29103;[0.12];[-0.83];6512.09952;[0.1351];[-0.8149];6474.42222),(28274.23406;[0.1];[-0.85];6421.98475;[0.1038];[-0.8462];6377.80595),(28475.40402;[0.09];[-0.86];6273.00452;[0.0757];[-0.8743];6227.70959),(28704.96511;[0.07];[-0.88];6094.84329;[0.0547];[-0.8953];6052.15674),(29072.21317;[0.06];[-0.89];6092.72040;[0.054];[-0.896];6050.12287),(29146.03806;[0.06];[-0.89];6090.20180;[0.0544];[-0.8956];6047.47992),(29202.96907;[0.06];[-0.89];6090.20180;[0.0544];[-0.8956];6047.47992),(29662.14895;[0.06];[-0.89];6086.00834;[0.0544];[-0.8956];6043.26143),(30206.09069;[0.26];[-0.69];7010.94454;[0.242];[-0.708];7075.79038),(30598.85979;[0.19];[-0.76];6792.04383;[0.2];[-0.75];6781.52581),(31085.84881;[0.15];[-0.8];6643.97936;[0.1739];[-0.7761];6607.88271),(31590.71851;[0.12];[-0.83];6510.57329;[0.1348];[-0.8152];6474.63264),(32029.47688;[0.06];[-0.89];6086.00834;[0.0544];[-0.8956];6043.26143),(33240.19551;[0.26];[-0.69];7010.94454;[0.242];[-0.708];7075.79038),(33621.51551;[0.19];[-0.76];6792.04383;[0.2];[-0.75];6781.52581),(34104.77614;[0.15];[-0.8];6643.97936;[0.1739];[-0.7761];6607.88271),(34804.93975;[0.12];[-0.83];6509.39228;[0.1352];[-0.8148];6473.36156),(35703.03249;[0.1];[-0.85];6422.89759;[0.1051];[-0.8449];6378.69861),(35977.70882;[0.09];[-0.86];6273.84194;[0.0756];[-0.8744];6228.40940),(36062.72292;[0.06];[-0.89];6090.20180;[0.0544];[-0.8956];6047.47992),(36412.82439;[0.06];[-0.89];6090.20180;[0.0544];[-0.8956];6047.47992),(36465.86323;[0.06];[-0.89];6090.20180;[0.0544];[-0.8956];6047.47992),(37448.18664;[0.26];[-0.69];6997.33662;[0.2388];[-0.7112];7056.71282),(37868.23487;[0.19];[-0.76];6777.07797;[0.203];[-0.747];6759.40030),(38188.88736;[0.15];[-0.8];6643.01493;[0.1726];[-0.7774];6607.37302),(38841.86649;[0.12];[-0.83];6507.86766;[0.1352];[-0.8148];6469.97365),(39764.08410;[0.1];[-0.85];6423.79266;[0.1049];[-0.8451];6379.44040),(39925.18640;[0.09];[-0.86];6273.84194;[0.0756];[-0.8744];6228.40940),(40020.41459;[0.09];[-0.86];6263.65300;[0.0759];[-0.8741];6218.06761),(40178.80344;[0.06];[-0.89];6093.10110;[0.0544];[-0.8956];6050.46726),(40450.08731;[0.06];[-0.89];6090.20180;[0.0544];[-0.8956];6047.47992),(40503.93486;[0.06];[-0.89];6090.20180;[0.0544];[-0.8956];6047.47992),(40837.90255;[0.06];[-0.89];6090.20180;[0.0544];[-0.8956];6047.47992),(41310.39667;[0.23];[-0.72];6980.33662;[0.2272];[-0.7228];7043.09796),(41729.53033;[0.18];[-0.77];6764.34353;[0.205];[-0.745];6738.02950),(42369.98606;[0.15];[-0.8];6610.14481;[0.1642];[-0.7858];6570.35376),(42737.83803;[0.1];[-0.85];6471.80819;[0.1224];[-0.8276];6425.65166),(43057.78384;[0.06];[-0.89];6090.20180;[0.0544];[-0.8956];6047.47992),(44471.57788;[0.25];[-0.7];6968.63170;[0.233];[-0.717];7021.22230),(44897.62950;[0.18];[-0.77];6764.34353;[0.205];[-0.745];6738.02950),(45547.79959;[0.15];[-0.8];6610.14481;[0.1642];[-0.7858];6570.35376),(45913.77234;[0.1];[-0.85];6471.80819;[0.1224];[-0.8276];6425.65166),(48007.67875;[0.25];[-0.7];6968.63170;[0.233];[-0.717];7021.22230),(48392.37666;[0.18];[-0.77];6764.34353;[0.205];[-0.745];6738.02950),(48758.69751;[0.15];[-0.8];6640.17951;[0.173];[-0.777];6609.48148),(49300.58551;[0.12];[-0.83];6507.19015;[0.1346];[-0.8154];6471.16760),(49638.76224;[0.1];[-0.85];6423.79266;[0.1049];[-0.8451];6379.44040),(49813.03787;[0.09];[-0.86];6273.84194;[0.0756];[-0.8744];6228.40940),(49902.03333;[0.09];[-0.86];6263.65300;[0.0759];[-0.8741];6218.06761),(49985.71062;[0.06];[-0.89];6090.20180;[0.0544];[-0.8956];6047.47992),(50209.94997;[0.06];[-0.89];6090.20180;[0.0544];[-0.8956];6047.47992),(50700.19746;[0.23];[-0.72];6948.54459;[0.2251];[-0.7249];6996.76782),(51053.07341;[0.18];[-0.77];6758.58023;[0.2024];[-0.7476];6728.59612),(51589.39290;[0.15];[-0.8];6609.83651;[0.1621];[-0.7879];6570.45044),(52031.26502;[0.1];[-0.85];6471.80819;[0.1224];[-0.8276];6425.65166),(53245.15843;[0.23];[-0.72];6948.54459;[0.2251];[-0.7249];6996.76782),(53647.72725;[0.18];[-0.77];6764.34353;[0.205];[-0.745];6738.02950),(54169.71016;[0.15];[-0.8];6627.94611;[0.1696];[-0.7804];6590.35994),(54900.78068;[0.12];[-0.83];6505.80863;[0.1353];[-0.8147];6472.06035),(55404.14119;[0.1];[-0.85];6430.46861;[0.1118];[-0.8382];6384.40983),(55590.35850;[0.09];[-0.86];6274.89484;[0.0768];[-0.8732];6229.54411),(55728.65033;[0.09];[-0.86];6266.03303;[0.0757];[-0.8743];6220.48613),(55808.01558;[0.09];[-0.86];6263.65300;[0.0759];[-0.8741];6218.06761),(56042.73796;[0.09];[-0.86];6260.20263;[0.0758];[-0.8742];6214.52646),(56092.08846;[0.09];[-0.86];6260.20263;[0.0758];[-0.8742];6214.52646),(56306.95677;[0.09];[-0.86];6249.36377;[0.0744];[-0.8756];6203.63058),(56853.25193;[0.26];[-0.69];6940.89789;[0.2397];[-0.7103];6965.14148),(57364.08448;[0.17];[-0.78];6738.11855;[0.1956];[-0.7544];6703.71959),(57877.33340;[0.15];[-0.8];6585.37657;[0.1546];[-0.7954];6543.78958),(58261.19184;[0.1];[-0.85];6471.80819;[0.1224];[-0.8276];6425.65166),(58698.80962;[0.09];[-0.86];6249.36377;[0.0744];[-0.8756];6203.63058),(59636.62696;[0.26];[-0.69];6940.89789;[0.2397];[-0.7103];6965.14148),(60106.04262;[0.17];[-0.78];6738.11855;[0.1956];[-0.7544];6703.71959),(60631.16097;[0.15];[-0.8];6585.37657;[0.1546];[-0.7954];6543.78958),(61053.38001;[0.1];[-0.85];6471.80819;[0.1224];[-0.8276];6425.65166),(62598.46187;[0.26];[-0.69];6940.89789;[0.2397];[-0.7103];6965.14148),(63099.35427;[0.18];[-0.77];6748.76218;[0.1993];[-0.7507];6715.58134),(63585.95061;[0.15];[-0.8];6609.17577;[0.1636];[-0.7864];6569.51850),(64006.78635;[0.12];[-0.83];6505.10806;[0.1346];[-0.8154];6469.04484),(64475.22020;[0.1];[-0.85];6437.81579;[0.1129];[-0.8371];6393.46291),(64662.98771;[0.09];[-0.86];6274.81500;[0.0763];[-0.8737];6229.47227),(64757.21431;[0.09];[-0.86];6266.03303;[0.0757];[-0.8743];6220.48613),(64878.91245;[0.09];[-0.86];6263.65300;[0.0759];[-0.8741];6218.06761),(65127.01535;[0.09];[-0.86];6263.21573;[0.0754];[-0.8746];6217.65298),(65210.66427;[0.09];[-0.86];6260.20263;[0.0758];[-0.8742];6214.52646),(65274.18494;[0.09];[-0.86];6260.20263;[0.0758];[-0.8742];6214.52646),(65878.29661;[0.25];[-0.7];6928.24012;[0.2334];[-0.7166];6943.30985),(66180.64523;[0.17];[-0.78];6729.33949;[0.1921];[-0.7579];6697.17420),(66785.61091;[0.15];[-0.8];6573.39319;[0.1506];[-0.7994];6520.95162),(67153.64075;[0.1];[-0.85];6471.80819;[0.1224];[-0.8276];6425.65166),(67469.46669;[0.09];[-0.86];6260.20263;[0.0758];[-0.8742];6214.52646),(67877.26259;[0.09];[-0.86];6260.20263;[0.0758];[-0.8742];6214.52646),(68446.31815;[0.25];[-0.7];6928.24012;[0.2334];[-0.7166];6943.30985),(68753.24225;[0.17];[-0.78];6729.86620;[0.1922];[-0.7578];6697.75784),(69232.95617;[0.15];[-0.8];6573.39319;[0.1506];[-0.7994];6520.95162),(69704.24795;[0.1];[-0.85];6471.80819;[0.1224];[-0.8276];6425.65166),(70012.77161;[0.09];[-0.86];6260.20263;[0.0758];[-0.8742];6214.52646),(70927.58179;[0.25];[-0.7];6921.72566;[0.2316];[-0.7184];6943.60828),(71234.41887;[0.17];[-0.78];6729.86620;[0.1922];[-0.7578];6697.75784),(71751.73283;[0.15];[-0.8];6573.39319;[0.1506];[-0.7994];6520.95162),(72235.63313;[0.1];[-0.85];6471.80819;[0.1224];[-0.8276];6425.65166),(73436.79333;[0.25];[-0.7];6921.72566;[0.2316];[-0.7184];6943.60828),(73744.74454;[0.17];[-0.78];6729.86620;[0.1922];[-0.7578];6697.75784),(74257.40910;[0.15];[-0.8];6573.39319;[0.1506];[-0.7994];6520.95162),(74719.53130;[0.1];[-0.85];6471.80819;[0.1224];[-0.8276];6425.65166),(74813.35115;[0.1];[-0.85];6418.73440;[0.1029];[-0.8471];6374.84154),(74988.00397;[0.09];[-0.86];6273.00452;[0.0757];[-0.8743];6227.70959),(75160.81882;[0.09];[-0.86];6266.03303;[0.0757];[-0.8743];6220.48613),(75225.98839;[0.09];[-0.86];6263.65300;[0.0759];[-0.8741];6218.06761),(75641.18862;[0.09];[-0.86];6263.21573;[0.0754];[-0.8746];6217.65298),(75692.16204;[0.09];[-0.86];6263.21573;[0.0754];[-0.8746];6217.65298),(76103.52898;[0.23];[-0.72];6899.68035;[0.2258];[-0.7242];6912.10195),(76580.63865;[0.16];[-0.79];6693.49120;[0.185];[-0.765];6652.74110),(76976.93658;[0.13];[-0.82];6529.51364;[0.1416];[-0.8084];6498.81411),(77280.25293;[0.09];[-0.86];6263.21573;[0.0754];[-0.8746];6217.65298),(77676.13959;[0.09];[-0.86];6260.20263;[0.0758];[-0.8742];6214.52646),(78191.18953;[0.23];[-0.72];6888.21263;[0.2233];[-0.7267];6896.78463),(78612.24890;[0.16];[-0.79];6693.49120;[0.185];[-0.765];6652.74110),(79054.88300;[0.13];[-0.82];6529.51364;[0.1416];[-0.8084];6498.81411),(79408.44917;[0.09];[-0.86];6260.20263;[0.0758];[-0.8742];6214.52646),(80413.89704;[0.23];[-0.72];6888.21263;[0.2233];[-0.7267];6896.78463),(80804.88873;[0.16];[-0.79];6693.49120;[0.185];[-0.765];6652.74110),(81223.35482;[0.13];[-0.82];6529.51364;[0.1416];[-0.8084];6498.81411),(81897.77851;[0.1];[-0.85];6441.52563;[0.1126];[-0.8374];6397.37232),(82240.59153;[0.09];[-0.86];6273.00452;[0.0757];[-0.8743];6227.70959),(82343.51134;[0.09];[-0.86];6266.03303;[0.0757];[-0.8743];6220.48613),(82442.45648;[0.09];[-0.86];6263.65300;[0.0759];[-0.8741];6218.06761),(82644.97423;[0.09];[-0.86];6263.21573;[0.0754];[-0.8746];6217.65298),(83409.07454;[0.22];[-0.73];6863.86035;[0.2141];[-0.7359];6876.89511),(83734.56359;[0.16];[-0.79];6692.48097;[0.1842];[-0.7658];6651.87044),(84374.65048;[0.13];[-0.82];6550.27927;[0.1475];[-0.8025];6522.16144),(84842.80896;[0.1];[-0.85];6441.85539;[0.1122];[-0.8378];6396.11765),(84966.25304;[0.1];[-0.85];6406.64130;[0.1016];[-0.8484];6362.54146),(85082.95512;[0.09];[-0.86];6263.65300;[0.0759];[-0.8741];6218.06761),(85261.64174;[0.09];[-0.86];6263.65300;[0.0759];[-0.8741];6218.06761),(85327.38376;[0.09];[-0.86];6263.21573;[0.0754];[-0.8746];6217.65298),(85895.49232;[0.23];[-0.72];6851.54663;[0.2166];[-0.7334];6857.85815),(86361.20725;[0.15];[-0.8];6661.49223;[0.1768];[-0.7732];6611.01507),(86984.39002;[0.12];[-0.83];6519.53692;[0.1391];[-0.8109];6471.60945),(87788.40566;[0.1];[-0.85];6443.20750;[0.113];[-0.837];6399.09298),(87903.40304;[0.1];[-0.85];6414.30195;[0.1024];[-0.8476];6370.30092),(87994.88163;[0.09];[-0.86];6263.21573;[0.0754];[-0.8746];6217.65298),(89012.30955;[0.22];[-0.73];6823.35221;[0.2122];[-0.7378];6822.28519),(89431.50187;[0.15];[-0.8];6661.49223;[0.1768];[-0.7732];6611.01507),(89916.72516;[0.13];[-0.82];6516.13689;[0.1375];[-0.8125];6477.75865),(90320.89400;[0.1];[-0.85];6444.00133;[0.1132];[-0.8368];6399.85076),(90431.76103;[0.1];[-0.85];6416.25871;[0.1023];[-0.8477];6372.36310),(90584.37610;[0.1];[-0.85];6406.92023;[0.1021];[-0.8479];6362.76353),(90765.59258;[0.1];[-0.85];6404.07803;[0.1021];[-0.8479];6359.87923),(90833.07338;[0.1];[-0.85];6404.07803;[0.1021];[-0.8479];6359.87923),(91080.05476;[0.1];[-0.85];6404.07803;[0.1021];[-0.8479];6359.87923),(91585.99496;[0.16];[-0.79];6806.43835;[0.1972];[-0.7528];6801.75515),(91905.39289;[0.15];[-0.8];6643.94853;[0.1732];[-0.7768];6608.27130),(92348.51503;[0.13];[-0.82];6495.91950;[0.1407];[-0.8093];6448.22678),(92666.04972;[0.1];[-0.85];6404.07803;[0.1021];[-0.8479];6359.87923),(93010.30731;[0.1];[-0.85];6404.07803;[0.1021];[-0.8479];6359.87923),(93356.58336;[0.19];[-0.76];6792.04383;[0.2];[-0.75];6781.52581),(93881.89030;[0.15];[-0.8];6626.62907;[0.1677];[-0.7823];6589.77586),(94381.78968;[0.13];[-0.82];6495.91950;[0.1407];[-0.8093];6448.22678),(94686.77139;[0.1];[-0.85];6404.07803;[0.1021];[-0.8479];6359.87923),(95512.19654;[0.19];[-0.76];6792.04383;[0.2];[-0.75];6781.52581),(95949.15462;[0.15];[-0.8];6626.62907;[0.1677];[-0.7823];6589.77586),(96349.26653;[0.13];[-0.82];6495.91950;[0.1407];[-0.8093];6448.22678),(97019.97662;[0.1];[-0.85];6444.33108;[0.1131];[-0.8369];6398.59609),(97123.23523;[0.1];[-0.85];6416.25871;[0.1023];[-0.8477];6372.36310),(97461.96818;[0.1];[-0.85];6406.92023;[0.1021];[-0.8479];6362.76353),(97560.60457;[0.1];[-0.85];6404.07803;[0.1021];[-0.8479];6359.87923),(97711.34949;[0.1];[-0.85];6404.07803;[0.1021];[-0.8479];6359.87923),(98190.56344;[0.19];[-0.76];6768.83217;[0.2071];[-0.7429];6746.99423),(98493.29209;[0.15];[-0.8];6625.69728;[0.1678];[-0.7822];6588.80406),(98908.70285;[0.1];[-0.85];6494.71248;[0.1306];[-0.8194];6451.32625),(99649.62888;[0.1];[-0.85];6443.20750;[0.113];[-0.837];6399.09298),(99769.36936;[0.1];[-0.85];6414.30195;[0.1024];[-0.8476];6370.30092),(100268.99648;[0.1];[-0.85];6406.92023;[0.1021];[-0.8479];6362.76353),(100319.14115;[0.1];[-0.85];6406.92023;[0.1021];[-0.8479];6362.76353),(100412.05907;[0.1];[-0.85];6404.07803;[0.1021];[-0.8479];6359.87923),(100469.03014;[0.1];[-0.85];6404.07803;[0.1021];[-0.8479];6359.87923),(100922.79363;[0.18];[-0.77];6764.34353;[0.205];[-0.745];6738.02950),(101400.44522;[0.15];[-0.8];6619.29292;[0.1679];[-0.7821];6587.39967),(101940.67335;[0.1];[-0.85];6493.55410;[0.1292];[-0.8208];6450.39523),(102639.28270;[0.1];[-0.85];6443.20750;[0.113];[-0.837];6399.09298),(102752.84696;[0.1];[-0.85];6414.30195;[0.1024];[-0.8476];6370.30092),(102890.36751;[0.1];[-0.85];6406.92023;[0.1021];[-0.8479];6362.76353),(103067.44051;[0.1];[-0.85];6404.07803;[0.1021];[-0.8479];6359.87923),(103125.50235;[0.1];[-0.85];6404.07803;[0.1021];[-0.8479];6359.87923),(103513.65042;[0.18];[-0.77];6758.70684;[0.2024];[-0.7476];6728.71424),(104061.26976;[0.15];[-0.8];6592.13726;[0.1573];[-0.7927];6544.94787),(104442.08550;[0.1];[-0.85];6493.20123;[0.1299];[-0.8201];6449.98235),(105182.36303;[0.1];[-0.85];6441.85539;[0.1122];[-0.8378];6396.11765),(105332.96061;[0.1];[-0.85];6406.92023;[0.1021];[-0.8479];6362.76353),(105504.82821;[0.1];[-0.85];6404.07803;[0.1021];[-0.8479];6359.87923),(106153.05686;[0.18];[-0.77];6748.76218;[0.1993];[-0.7507];6715.58134),(106720.76344;[0.15];[-0.8];6592.13726;[0.1573];[-0.7927];6544.94787),(107331.12502;[0.1];[-0.85];6492.26325;[0.1285];[-0.8215];6449.18359),(108101.29476;[0.1];[-0.85];6441.85539;[0.1122];[-0.8378];6396.11765),(108265.58065;[0.1];[-0.85];6423.79266;[0.1049];[-0.8451];6379.44040),(108362.50281;[0.1];[-0.85];6420.18703;[0.1022];[-0.8478];6376.26419),(108519.81902;[0.1];[-0.85];6417.02991;[0.1022];[-0.8478];6373.18095),(108567.08360;[0.1];[-0.85];6416.25871;[0.1023];[-0.8477];6372.36310),(108636.95049;[0.1];[-0.85];6414.30195;[0.1024];[-0.8476];6370.30092),(108738.07645;[0.1];[-0.85];6406.92023;[0.1021];[-0.8479];6362.76353),(108833.55141;[0.1];[-0.85];6404.07803;[0.1021];[-0.8479];6359.87923),(108903.65291;[0.1];[-0.85];6404.07803;[0.1021];[-0.8479];6359.87923),(109309.68213;[0.17];[-0.78];6738.11855;[0.1956];[-0.7544];6703.71959),(109735.03399;[0.15];[-0.8];6572.67309;[0.1503];[-0.7997];6520.52665),(110190.56416;[0.1];[-0.85];6468.80418;[0.1216];[-0.8284];6422.84753),(110894.06157;[0.1];[-0.85];6404.07803;[0.1021];[-0.8479];6359.87923),(111216.38632;[0.17];[-0.78];6738.11855;[0.1956];[-0.7544];6703.71959),(111665.05599;[0.15];[-0.8];6592.07825;[0.1572];[-0.7928];6545.16356),(112196.36297;[0.1];[-0.85];6492.20713;[0.1287];[-0.8213];6449.27329),(112545.68505;[0.1];[-0.85];6441.85539;[0.1122];[-0.8378];6396.11765),(112706.40469;[0.1];[-0.85];6422.89759;[0.1051];[-0.8449];6378.69861),(113001.67108;[0.1];[-0.85];6419.08222;[0.1024];[-0.8476];6375.24307),(113107.06019;[0.1];[-0.85];6416.25871;[0.1023];[-0.8477];6372.36310),(113202.15106;[0.1];[-0.85];6414.30195;[0.1024];[-0.8476];6370.30092),(113525.97761;[0.1];[-0.85];6406.92023;[0.1021];[-0.8479];6362.76353),(113666.27908;[0.1];[-0.85];6406.35671;[0.1014];[-0.8486];6362.24194),(113826.55430;[0.1];[-0.85];6404.07803;[0.1021];[-0.8479];6359.87923),(113922.43385;[0.1];[-0.85];6404.07803;[0.1021];[-0.8479];6359.87923),(114383.38161;[0.17];[-0.78];6729.33949;[0.1921];[-0.7579];6697.17420),(115141.69335;[0.15];[-0.8];6572.67309;[0.1503];[-0.7997];6520.52665),(115564.40997;[0.1];[-0.85];6468.80418;[0.1216];[-0.8284];6422.84753),(115890.81502;[0.1];[-0.85];6404.07803;[0.1021];[-0.8479];6359.87923),(116895.93482;[0.16];[-0.79];6708.24637;[0.1866];[-0.7634];6668.84948),(117365.24892;[0.13];[-0.82];6552.18952;[0.1481];[-0.8019];6524.13793),(117733.93750;[0.1];[-0.85];6468.80418;[0.1216];[-0.8284];6422.84753),(118709.85222;[0.1];[-0.85];6404.07803;[0.1021];[-0.8479];6359.87923),(119226.74966;[0.16];[-0.79];6708.24637;[0.1866];[-0.7634];6668.84948),(119768.21089;[0.15];[-0.8];6572.67309;[0.1503];[-0.7997];6520.52665),(120168.27965;[0.1];[-0.85];6491.89668;[0.1285];[-0.8215];6448.95132),(120640.09333;[0.1];[-0.85];6441.85539;[0.1122];[-0.8378];6396.11765),(120796.19908;[0.1];[-0.85];6422.89759;[0.1051];[-0.8449];6378.69861),(120884.95183;[0.1];[-0.85];6420.18703;[0.1022];[-0.8478];6376.26419),(120998.25072;[0.1];[-0.85];6416.25871;[0.1023];[-0.8477];6372.36310),(121084.14960;[0.1];[-0.85];6414.30195;[0.1024];[-0.8476];6370.30092),(121386.66201;[0.1];[-0.85];6406.92023;[0.1021];[-0.8479];6362.76353),(121482.67198;[0.1];[-0.85];6404.07803;[0.1021];[-0.8479];6359.87923),(121722.38708;[0.1];[-0.85];6404.07803;[0.1021];[-0.8479];6359.87923),(122199.37515;[0.16];[-0.79];6693.49120;[0.185];[-0.765];6652.74110),(122665.43245;[0.13];[-0.82];6551.86713;[0.1484];[-0.8016];6523.51117),(123213.82928;[0.1];[-0.85];6466.74901;[0.1213];[-0.8287];6420.73490),(123527.11749;[0.1];[-0.85];6404.07803;[0.1021];[-0.8479];6359.87923),(124594.08617;[0.15];[-0.8];6678.35479;[0.1804];[-0.7696];6635.17391),(125016.18361;[0.13];[-0.82];6532.56298;[0.1416];[-0.8084];6502.00773),(125520.12610;[0.1];[-0.85];6440.28583;[0.1123];[-0.8377];6394.44653),(125642.46297;[0.1];[-0.85];6422.89759;[0.1051];[-0.8449];6378.69861),(125861.13358;[0.1];[-0.85];6418.80578;[0.1023];[-0.8477];6374.98657),(125935.08959;[0.1];[-0.85];6416.25871;[0.1023];[-0.8477];6372.36310),(126045.24255;[0.1];[-0.85];6404.07803;[0.1021];[-0.8479];6359.87923),(126377.92683;[0.1];[-0.85];6404.07803;[0.1021];[-0.8479];6359.87923),(127084.45907;[0.15];[-0.8];6661.49223;[0.1768];[-0.7732];6611.01507),(127478.98722;[0.12];[-0.83];6512.09952;[0.1351];[-0.8149];6474.42222),(127807.19829;[0.1];[-0.85];6404.07803;[0.1021];[-0.8479];6359.87923),(128927.45161;[0.15];[-0.8];6644.00372;[0.1723];[-0.7777];6587.79430),(129361.11569;[0.12];[-0.83];6512.09952;[0.1351];[-0.8149];6474.42222),(130197.46590;[0.1];[-0.85];6440.28583;[0.1123];[-0.8377];6394.44653),(130310.67038;[0.1];[-0.85];6422.89759;[0.1051];[-0.8449];6378.69861),(130572.98207;[0.1];[-0.85];6418.80578;[0.1023];[-0.8477];6374.98657),(130650.47908;[0.1];[-0.85];6416.25871;[0.1023];[-0.8477];6372.36310),(130814.47458;[0.1];[-0.85];6414.30195;[0.1024];[-0.8476];6370.30092),(131017.14492;[0.1];[-0.85];6406.92023;[0.1021];[-0.8479];6362.76353),(131167.40394;[0.1];[-0.85];6406.35671;[0.1014];[-0.8486];6362.24194),(131481.17781;[0.1];[-0.85];6404.07803;[0.1021];[-0.8479];6359.87923),(131906.91471;[0.15];[-0.8];6644.00372;[0.1723];[-0.7777];6587.79430),(132309.18193;[0.12];[-0.83];6512.09952;[0.1351];[-0.8149];6474.42222),(132785.86292;[0.1];[-0.85];6440.28583;[0.1123];[-0.8377];6394.44653),(132900.11764;[0.1];[-0.85];6422.89759;[0.1051];[-0.8449];6378.69861),(133023.00906;[0.1];[-0.85];6418.80578;[0.1023];[-0.8477];6374.98657),(133078.41659;[0.1];[-0.85];6416.25871;[0.1023];[-0.8477];6372.36310),(133173.51317;[0.1];[-0.85];6414.30195;[0.1024];[-0.8476];6370.30092),(133519.31810;[0.1];[-0.85];6406.35671;[0.1014];[-0.8486];6362.24194),(133809.86428;[0.1];[-0.85];6404.07803;[0.1021];[-0.8479];6359.87923),(134354.57659;[0.15];[-0.8];6610.14481;[0.1642];[-0.7858];6570.35376),(134711.44748;[0.1];[-0.85];6490.99925;[0.1295];[-0.8205];6447.85620),(135169.30413;[0.1];[-0.85];6404.07803;[0.1021];[-0.8479];6359.87923),(136187.84404;[0.15];[-0.8];6610.14481;[0.1642];[-0.7858];6570.35376),(136537.23931;[0.1];[-0.85];6490.99925;[0.1295];[-0.8205];6447.85620),(137264.06646;[0.1];[-0.85];6440.28583;[0.1123];[-0.8377];6394.44653),(137364.84909;[0.1];[-0.85];6422.89759;[0.1051];[-0.8449];6378.69861),(137508.25167;[0.1];[-0.85];6418.80578;[0.1023];[-0.8477];6374.98657),(137607.57017;[0.1];[-0.85];6414.30195;[0.1024];[-0.8476];6370.30092),(137866.80341;[0.1];[-0.85];6406.35671;[0.1014];[-0.8486];6362.24194),(138297.44530;[0.1];[-0.85];6404.07803;[0.1021];[-0.8479];6359.87923),(138690.05108;[0.15];[-0.8];6592.07825;[0.1572];[-0.7928];6545.16356),(139101.17292;[0.1];[-0.85];6491.34227;[0.1289];[-0.8211];6448.38774),(139445.77646;[0.1];[-0.85];6404.07803;[0.1021];[-0.8479];6359.87923),(140300.36306;[0.15];[-0.8];6592.07825;[0.1572];[-0.7928];6545.16356),(140683.60281;[0.1];[-0.85];6491.34227;[0.1289];[-0.8211];6448.38774),(141438.40718;[0.1];[-0.85];6440.28583;[0.1123];[-0.8377];6394.44653),(141574.53418;[0.1];[-0.85];6422.89759;[0.1051];[-0.8449];6378.69861),(141732.64027;[0.1];[-0.85];6418.80578;[0.1023];[-0.8477];6374.98657),(141822.60561;[0.1];[-0.85];6416.25871;[0.1023];[-0.8477];6372.36310),(141959.64170;[0.1];[-0.85];6414.30195;[0.1024];[-0.8476];6370.30092),(142394.41347;[0.1];[-0.85];6406.35671;[0.1014];[-0.8486];6362.24194),(143260.16593;[0.15];[-0.8];6571.91287;[0.1498];[-0.8002];6519.93531),(143752.48623;[0.1];[-0.85];6466.74901;[0.1213];[-0.8287];6420.73490),(145398.66519;[0.15];[-0.8];6571.99843;[0.1503];[-0.7997];6519.84717),(145786.43060;[0.1];[-0.85];6491.34227;[0.1289];[-0.8211];6448.38774),(146178.52044;[0.1];[-0.85];6441.52563;[0.1126];[-0.8374];6397.37232),(146460.82282;[0.1];[-0.85];6422.89759;[0.1051];[-0.8449];6378.69861),(146646.44957;[0.1];[-0.85];6418.80578;[0.1023];[-0.8477];6374.98657),(146717.60488;[0.1];[-0.85];6416.25871;[0.1023];[-0.8477];6372.36310),(146830.69801;[0.1];[-0.85];6414.30195;[0.1024];[-0.8476];6370.30092),(147152.52924;[0.1];[-0.85];6406.35671;[0.1014];[-0.8486];6362.24194),(147868.28709;[0.13];[-0.82];6532.56298;[0.1416];[-0.8084];6502.00773),(148195.18566;[0.1];[-0.85];6458.79125;[0.128];[-0.822];6413.26600),(148446.47479;[0.1];[-0.85];6423.79266;[0.1049];[-0.8451];6379.44040),(148508.46863;[0.1];[-0.85];6420.18703;[0.1022];[-0.8478];6376.26419),(148584.02252;[0.1];[-0.85];6416.25871;[0.1023];[-0.8477];6372.36310),(148736.16242;[0.1];[-0.85];6414.30195;[0.1024];[-0.8476];6370.30092),(148794.19327;[0.1];[-0.85];6414.30195;[0.1024];[-0.8476];6370.30092),(149872.34378;[0.13];[-0.82];6511.75649;[0.1356];[-0.8144];6473.89068),(150707.05795;[0.1];[-0.85];6458.79125;[0.128];[-0.822];6413.26600),(150834.19991;[0.1];[-0.85];6423.79266;[0.1049];[-0.8451];6379.44040),(151082.41558;[0.1];[-0.85];6418.80578;[0.1023];[-0.8477];6374.98657),(151146.73758;[0.1];[-0.85];6416.25871;[0.1023];[-0.8477];6372.36310),(151388.02600;[0.1];[-0.85];6414.30195;[0.1024];[-0.8476];6370.30092),(151451.20001;[0.1];[-0.85];6414.30195;[0.1024];[-0.8476];6370.30092),(151514.30535;[0.1];[-0.85];6414.30195;[0.1024];[-0.8476];6370.30092),(151577.91257;[0.1];[-0.85];6414.30195;[0.1024];[-0.8476];6370.30092),(152119.89665;[0.1];[-0.85];6489.25983;[0.1285];[-0.8215];6446.27447),(152437.27493;[0.1];[-0.85];6414.30195;[0.1024];[-0.8476];6370.30092),(152957.14331;[0.1];[-0.85];6414.30195;[0.1024];[-0.8476];6370.30092),(153408.80632;[0.1];[-0.85];6489.25983;[0.1285];[-0.8215];6446.27447),(153682.72972;[0.1];[-0.85];6414.30195;[0.1024];[-0.8476];6370.30092),(154801.75114;[0.1];[-0.85];6465.82722;[0.1214];[-0.8286];6419.69356),(155723.51480;[0.1];[-0.85];6414.30195;[0.1024];[-0.8476];6370.30092),(156257.88689;[0.1];[-0.85];6465.82722;[0.1214];[-0.8286];6419.69356),(156425.85802;[0.1];[-0.85];6424.73798;[0.106];[-0.844];6379.58471),(156526.24416;[0.1];[-0.85];6421.54458;[0.1042];[-0.8458];6377.49870),(156582.03030;[0.1];[-0.85];6416.25871;[0.1023];[-0.8477];6372.36310),(156827.50392;[0.1];[-0.85];6414.30195;[0.1024];[-0.8476];6370.30092),(156895.45846;[0.1];[-0.85];6414.30195;[0.1024];[-0.8476];6370.30092),(157184.73029;[0.1];[-0.85];6414.30195;[0.1024];[-0.8476];6370.30092),(157496.01293;[0.1];[-0.85];6414.30195;[0.1024];[-0.8476];6370.30092),(159183.45690;[0.1];[-0.85];6414.30195;[0.1024];[-0.8476];6370.30092),(160213.62543;[0.28];[-0.67];7046.70347;[0.2529];[-0.6971];7175.27293),(160802.98519;[0.28];[-0.67];7046.70347;[0.2529];[-0.6971];7175.27293),(161399.99652;[0.28];[-0.67];7046.70347;[0.2529];[-0.6971];7175.27293),(161986.04274;[0.28];[-0.67];7046.70347;[0.2529];[-0.6971];7175.27293),(162569.90647;[0.28];[-0.67];7046.70347;[0.2529];[-0.6971];7175.27293),(162778.05138;[0.18];[-0.77];6758.70684;[0.2024];[-0.7476];6728.71424),(163037.78052;[0.14];[-0.81];6565.45052;[0.1518];[-0.7982];6538.51811),(163179.49820;[0.1];[-0.85];6398.77500;[0.1012];[-0.8488];6352.77013),(163258.13341;[0.01];[-0.94];5709.49494;[0.0155];[-0.9345];5670.93687),(163545.33076;[0.];[-0.95];5485.89364;[0.0063];[-0.9437];5448.49053),(163643.87703;[0.];[-0.95];5273.63476;[0.0021];[-0.9479];5240.16554),(163738.75880;[0.];[-0.95];5258.38763;[0.0018];[-0.9482];5224.79938),(163957.11684;[0.];[-0.95];5248.65197;[0.0019];[-0.9481];5214.93047),(165311.66148;[0.25];[-0.7];7024.68706;[0.2386];[-0.7114];7142.57332),(165730.08680;[0.23];[-0.72];6896.51898;[0.2256];[-0.7244];6908.92129),(166225.13556;[0.16];[-0.79];6693.49120;[0.185];[-0.765];6652.74110),(166781.77691;[0.1];[-0.85];6493.55410;[0.1292];[-0.8208];6450.39523),(167725.21687;[0.07];[-0.88];6111.97552;[0.0565];[-0.8935];6069.26220),(167969.10048;[0.02];[-0.93];5918.44087;[0.0322];[-0.9178];5876.41025),(168082.96251;[0.];[-0.95];5500.64508;[0.0068];[-0.9432];5463.19312),(168175.48203;[0.];[-0.95];5259.10184;[0.002];[-0.948];5225.39239),(168296.46945;[0.];[-0.95];5258.38763;[0.0018];[-0.9482];5224.79938),(169021.33989;[0.];[-0.95];5248.65197;[0.0019];[-0.9481];5214.93047),(169556.41675;[0.28];[-0.67];7024.03172;[0.2508];[-0.6992];7098.23998),(169870.99528;[0.23];[-0.72];6888.17630;[0.2229];[-0.7271];6896.81113),(170329.81491;[0.16];[-0.79];6693.28303;[0.1846];[-0.7654];6652.63351),(170971.17090;[0.12];[-0.83];6498.13050;[0.1345];[-0.8155];6464.30014),(171504.25172;[0.];[-0.95];5248.65197;[0.0019];[-0.9481];5214.93047),(172824.04208;[0.28];[-0.67];7024.03172;[0.2508];[-0.6992];7098.23998),(173115.90743;[0.23];[-0.72];6888.17630;[0.2229];[-0.7271];6896.81113),(173552.12045;[0.16];[-0.79];6693.28303;[0.1846];[-0.7654];6652.63351),(174154.37269;[0.12];[-0.83];6498.13050;[0.1345];[-0.8155];6464.30014),(175083.16970;[0.09];[-0.86];6276.04408;[0.0762];[-0.8738];6230.60336),(175204.95057;[0.07];[-0.88];6101.84187;[0.0547];[-0.8953];6059.33967),(175314.18777;[0.01];[-0.94];5696.37425;[0.0151];[-0.9349];5657.62094),(175464.30826;[0.];[-0.95];5469.73844;[0.0062];[-0.9438];5435.26267),(175591.78329;[0.];[-0.95];5457.13638;[0.0061];[-0.9439];5422.60670),(176092.68522;[0.28];[-0.67];7024.03172;[0.2508];[-0.6992];7098.23998),(176413.28049;[0.23];[-0.72];6861.85213;[0.2188];[-0.7312];6872.77496),(176757.51185;[0.16];[-0.79];6692.48097;[0.1842];[-0.7658];6651.87044),(177377.71630;[0.12];[-0.83];6509.12256;[0.1351];[-0.8149];6471.26824),(178295.73250;[0.1];[-0.85];6391.03478;[0.1006];[-0.8494];6344.96312),(178431.92267;[0.06];[-0.89];6109.29235;[0.0547];[-0.8953];6066.84798),(178503.17216;[0.02];[-0.93];5912.22386;[0.0325];[-0.9175];5870.00078),(178671.37074;[0.02];[-0.93];5900.18705;[0.032];[-0.918];5857.92693),(179458.35900;[0.28];[-0.67];7024.03172;[0.2508];[-0.6992];7098.23998),(179881.25706;[0.23];[-0.72];6851.54663;[0.2166];[-0.7334];6857.85815),(180362.64324;[0.15];[-0.8];6678.35479;[0.1804];[-0.7696];6635.17391),(180762.51078;[0.12];[-0.83];6512.09952;[0.1351];[-0.8149];6474.42222),(181603.28960;[0.1];[-0.85];6420.18703;[0.1022];[-0.8478];6376.26419),(181716.31455;[0.09];[-0.86];6271.98273;[0.0761];[-0.8739];6226.59938),(181844.10071;[0.07];[-0.88];6098.52023;[0.0547];[-0.8953];6055.94929),(181952.34966;[0.06];[-0.89];6090.20180;[0.0544];[-0.8956];6047.47992),(182087.62670;[0.06];[-0.89];6086.00834;[0.0544];[-0.8956];6043.26143),(182369.43316;[0.02];[-0.93];5900.18705;[0.032];[-0.918];5857.92693),(182669.66820;[0.02];[-0.93];5900.18705;[0.032];[-0.918];5857.92693),(182951.02310;[0.28];[-0.67];7024.03172;[0.2508];[-0.6992];7098.23998),(183363.08289;[0.22];[-0.73];6822.76033;[0.2118];[-0.7382];6821.89025),(183687.90698;[0.15];[-0.8];6656.57543;[0.178];[-0.772];6629.31151),(184247.47896;[0.12];[-0.83];6512.09952;[0.1351];[-0.8149];6474.42222),(184737.87522;[0.02];[-0.93];5900.18705;[0.032];[-0.918];5857.92693),(185395.89000;[0.28];[-0.67];7020.99429;[0.2526];[-0.6974];7088.72754),(185783.85067;[0.22];[-0.73];6822.76033;[0.2118];[-0.7382];6821.89025),(186087.80050;[0.15];[-0.8];6656.57543;[0.178];[-0.772];6629.31151),(186569.76199;[0.12];[-0.83];6512.09952;[0.1351];[-0.8149];6474.42222),(187286.76248;[0.1];[-0.85];6421.98475;[0.1038];[-0.8462];6377.80595),(187516.31308;[0.09];[-0.86];6273.00452;[0.0757];[-0.8743];6227.70959),(187730.88884;[0.07];[-0.88];6094.84329;[0.0547];[-0.8953];6052.15674),(188101.20535;[0.06];[-0.89];6092.72040;[0.054];[-0.896];6050.12287),(188184.10254;[0.06];[-0.89];6090.20180;[0.0544];[-0.8956];6047.47992),(188240.02218;[0.06];[-0.89];6090.20180;[0.0544];[-0.8956];6047.47992),(188744.35854;[0.06];[-0.89];6086.00834;[0.0544];[-0.8956];6043.26143),(189313.78937;[0.26];[-0.69];7010.94454;[0.242];[-0.708];7075.79038),(189687.51335;[0.19];[-0.76];6792.04383;[0.2];[-0.75];6781.52581),(190170.42089;[0.15];[-0.8];6643.97936;[0.1739];[-0.7761];6607.88271),(190668.32089;[0.12];[-0.83];6510.57329;[0.1348];[-0.8152];6474.63264),(191107.78618;[0.06];[-0.89];6086.00834;[0.0544];[-0.8956];6043.26143),(192319.98801;[0.26];[-0.69];7010.94454;[0.242];[-0.708];7075.79038),(192705.44648;[0.19];[-0.76];6792.04383;[0.2];[-0.75];6781.52581),(193176.13173;[0.15];[-0.8];6643.97936;[0.1739];[-0.7761];6607.88271),(193892.36903;[0.12];[-0.83];6509.39228;[0.1352];[-0.8148];6473.36156),(194880.72324;[0.1];[-0.85];6422.89759;[0.1051];[-0.8449];6378.69861),(195157.85980;[0.09];[-0.86];6273.84194;[0.0756];[-0.8744];6228.40940),(195235.42047;[0.06];[-0.89];6090.20180;[0.0544];[-0.8956];6047.47992),(195584.83362;[0.06];[-0.89];6090.20180;[0.0544];[-0.8956];6047.47992),(195639.83417;[0.06];[-0.89];6090.20180;[0.0544];[-0.8956];6047.47992),(196691.18547;[0.26];[-0.69];6997.33662;[0.2388];[-0.7112];7056.71282),(197148.78297;[0.19];[-0.76];6777.07797;[0.203];[-0.747];6759.40030),(197475.48842;[0.15];[-0.8];6643.01493;[0.1726];[-0.7774];6607.37302),(198135.39624;[0.12];[-0.83];6507.86766;[0.1352];[-0.8148];6469.97365),(199070.74833;[0.1];[-0.85];6423.79266;[0.1049];[-0.8451];6379.44040),(199231.15134;[0.09];[-0.86];6273.84194;[0.0756];[-0.8744];6228.40940),(199322.07990;[0.09];[-0.86];6263.65300;[0.0759];[-0.8741];6218.06761),(199467.61274;[0.06];[-0.89];6093.10110;[0.0544];[-0.8956];6050.46726),(199747.52784;[0.06];[-0.89];6090.20180;[0.0544];[-0.8956];6047.47992),(199800.90427;[0.06];[-0.89];6090.20180;[0.0544];[-0.8956];6047.47992),(200147.43137;[0.06];[-0.89];6090.20180;[0.0544];[-0.8956];6047.47992),(200628.95513;[0.23];[-0.72];6980.33662;[0.2272];[-0.7228];7043.09796),(201044.06762;[0.18];[-0.77];6764.34353;[0.205];[-0.745];6738.02950),(201685.11868;[0.15];[-0.8];6610.14481;[0.1642];[-0.7858];6570.35376),(202075.67883;[0.1];[-0.85];6471.80819;[0.1224];[-0.8276];6425.65166),(202597.96381;[0.06];[-0.89];6090.20180;[0.0544];[-0.8956];6047.47992),(204013.34405;[0.25];[-0.7];6968.63170;[0.233];[-0.717];7021.22230),(204420.12501;[0.18];[-0.77];6764.34353;[0.205];[-0.745];6738.02950),(205107.39088;[0.15];[-0.8];6610.14481;[0.1642];[-0.7858];6570.35376),(205491.29152;[0.1];[-0.85];6471.80819;[0.1224];[-0.8276];6425.65166),(207634.16982;[0.25];[-0.7];6968.63170;[0.233];[-0.717];7021.22230),(208032.62424;[0.18];[-0.77];6764.34353;[0.205];[-0.745];6738.02950),(208385.63299;[0.15];[-0.8];6640.17951;[0.173];[-0.777];6609.48148),(209004.52948;[0.12];[-0.83];6507.19015;[0.1346];[-0.8154];6471.16760),(209347.12791;[0.1];[-0.85];6423.79266;[0.1049];[-0.8451];6379.44040),(209510.29205;[0.09];[-0.86];6273.84194;[0.0756];[-0.8744];6228.40940),(209622.73335;[0.09];[-0.86];6263.65300;[0.0759];[-0.8741];6218.06761),(209724.15018;[0.06];[-0.89];6090.20180;[0.0544];[-0.8956];6047.47992),(209916.67032;[0.06];[-0.89];6090.20180;[0.0544];[-0.8956];6047.47992),(210392.98701;[0.23];[-0.72];6948.54459;[0.2251];[-0.7249];6996.76782),(210746.76037;[0.18];[-0.77];6758.58023;[0.2024];[-0.7476];6728.59612),(211305.70149;[0.15];[-0.8];6609.83651;[0.1621];[-0.7879];6570.45044),(211743.45803;[0.1];[-0.85];6471.80819;[0.1224];[-0.8276];6425.65166),(213145.15853;[0.23];[-0.72];6948.54459;[0.2251];[-0.7249];6996.76782),(213527.74835;[0.18];[-0.77];6764.34353;[0.205];[-0.745];6738.02950),(214034.41000;[0.15];[-0.8];6627.94611;[0.1696];[-0.7804];6590.35994),(214744.52305;[0.12];[-0.83];6505.80863;[0.1353];[-0.8147];6472.06035),(215259.42874;[0.1];[-0.85];6430.46861;[0.1118];[-0.8382];6384.40983),(215433.44665;[0.09];[-0.86];6274.89484;[0.0768];[-0.8732];6229.54411),(215573.57931;[0.09];[-0.86];6266.03303;[0.0757];[-0.8743];6220.48613),(215658.74791;[0.09];[-0.86];6263.65300;[0.0759];[-0.8741];6218.06761),(215864.39013;[0.09];[-0.86];6260.20263;[0.0758];[-0.8742];6214.52646),(215919.12174;[0.09];[-0.86];6260.20263;[0.0758];[-0.8742];6214.52646),(216107.00417;[0.09];[-0.86];6249.36377;[0.0744];[-0.8756];6203.63058),(216516.65449;[0.26];[-0.69];6940.89789;[0.2397];[-0.7103];6965.14148),(217021.37399;[0.17];[-0.78];6738.11855;[0.1956];[-0.7544];6703.71959),(217527.97723;[0.15];[-0.8];6585.37657;[0.1546];[-0.7954];6543.78958),(217929.49915;[0.1];[-0.85];6471.80819;[0.1224];[-0.8276];6425.65166),(218370.46313;[0.09];[-0.86];6249.36377;[0.0744];[-0.8756];6203.63058),(219309.64255;[0.26];[-0.69];6940.89789;[0.2397];[-0.7103];6965.14148),(219819.31472;[0.17];[-0.78];6738.11855;[0.1956];[-0.7544];6703.71959),(220360.91900;[0.15];[-0.8];6585.37657;[0.1546];[-0.7954];6543.78958),(220780.95508;[0.1];[-0.85];6471.80819;[0.1224];[-0.8276];6425.65166),(222394.11974;[0.26];[-0.69];6940.89789;[0.2397];[-0.7103];6965.14148),(222870.73517;[0.18];[-0.77];6748.76218;[0.1993];[-0.7507];6715.58134),(223381.18839;[0.15];[-0.8];6609.17577;[0.1636];[-0.7864];6569.51850),(223804.38280;[0.12];[-0.83];6505.10806;[0.1346];[-0.8154];6469.04484),(224273.90814;[0.1];[-0.85];6437.81579;[0.1129];[-0.8371];6393.46291),(224464.11371;[0.09];[-0.86];6274.81500;[0.0763];[-0.8737];6229.47227),(224568.80331;[0.09];[-0.86];6266.03303;[0.0757];[-0.8743];6220.48613),(224690.24181;[0.09];[-0.86];6263.65300;[0.0759];[-0.8741];6218.06761),(224953.61853;[0.09];[-0.86];6263.21573;[0.0754];[-0.8746];6217.65298),(225040.56644;[0.09];[-0.86];6260.20263;[0.0758];[-0.8742];6214.52646),(225103.48296;[0.09];[-0.86];6260.20263;[0.0758];[-0.8742];6214.52646),(225714.11085;[0.25];[-0.7];6928.24012;[0.2334];[-0.7166];6943.30985),(226024.70636;[0.17];[-0.78];6729.33949;[0.1921];[-0.7579];6697.17420),(226587.39710;[0.15];[-0.8];6573.39319;[0.1506];[-0.7994];6520.95162),(227003.49021;[0.1];[-0.85];6471.80819;[0.1224];[-0.8276];6425.65166),(227325.57464;[0.09];[-0.86];6260.20263;[0.0758];[-0.8742];6214.52646),(227721.57741;[0.09];[-0.86];6260.20263;[0.0758];[-0.8742];6214.52646),(228259.90009;[0.25];[-0.7];6928.24012;[0.2334];[-0.7166];6943.30985),(228563.55262;[0.17];[-0.78];6729.86620;[0.1922];[-0.7578];6697.75784),(229053.64108;[0.15];[-0.8];6573.39319;[0.1506];[-0.7994];6520.95162),(229486.19747;[0.1];[-0.85];6471.80819;[0.1224];[-0.8276];6425.65166),(229825.46282;[0.09];[-0.86];6260.20263;[0.0758];[-0.8742];6214.52646),(230732.73635;[0.25];[-0.7];6921.72566;[0.2316];[-0.7184];6943.60828),(231042.28330;[0.17];[-0.78];6729.86620;[0.1922];[-0.7578];6697.75784),(231541.90826;[0.15];[-0.8];6573.39319;[0.1506];[-0.7994];6520.95162),(232030.61795;[0.1];[-0.85];6471.80819;[0.1224];[-0.8276];6425.65166),(233205.52850;[0.25];[-0.7];6921.72566;[0.2316];[-0.7184];6943.60828),(233506.23846;[0.17];[-0.78];6729.86620;[0.1922];[-0.7578];6697.75784),(234005.31769;[0.15];[-0.8];6573.39319;[0.1506];[-0.7994];6520.95162),(234431.50735;[0.1];[-0.85];6471.80819;[0.1224];[-0.8276];6425.65166),(234513.23724;[0.1];[-0.85];6418.73440;[0.1029];[-0.8471];6374.84154),(234685.46629;[0.09];[-0.86];6273.00452;[0.0757];[-0.8743];6227.70959),(234844.51103;[0.09];[-0.86];6266.03303;[0.0757];[-0.8743];6220.48613),(234917.65118;[0.09];[-0.86];6263.65300;[0.0759];[-0.8741];6218.06761),(235358.17313;[0.09];[-0.86];6263.21573;[0.0754];[-0.8746];6217.65298),(235408.32353;[0.09];[-0.86];6263.21573;[0.0754];[-0.8746];6217.65298),(235810.56547;[0.23];[-0.72];6899.68035;[0.2258];[-0.7242];6912.10195),(236248.95954;[0.16];[-0.79];6693.49120;[0.185];[-0.765];6652.74110),(236693.27593;[0.13];[-0.82];6529.51364;[0.1416];[-0.8084];6498.81411),(237000.55337;[0.09];[-0.86];6263.21573;[0.0754];[-0.8746];6217.65298),(237390.09523;[0.09];[-0.86];6260.20263;[0.0758];[-0.8742];6214.52646),(238045.11046;[0.23];[-0.72];6888.21263;[0.2233];[-0.7267];6896.78463),(238455.66678;[0.16];[-0.79];6693.49120;[0.185];[-0.765];6652.74110),(238897.45641;[0.13];[-0.82];6529.51364;[0.1416];[-0.8084];6498.81411),(239223.45114;[0.09];[-0.86];6260.20263;[0.0758];[-0.8742];6214.52646),(240324.19181;[0.23];[-0.72];6888.21263;[0.2233];[-0.7267];6896.78463),(240735.82816;[0.16];[-0.79];6693.49120;[0.185];[-0.765];6652.74110),(241165.60864;[0.13];[-0.82];6529.51364;[0.1416];[-0.8084];6498.81411),(241840.78526;[0.1];[-0.85];6441.52563;[0.1126];[-0.8374];6397.37232),(242149.55282;[0.09];[-0.86];6273.00452;[0.0757];[-0.8743];6227.70959),(242277.12798;[0.09];[-0.86];6266.03303;[0.0757];[-0.8743];6220.48613),(242370.05401;[0.09];[-0.86];6263.65300;[0.0759];[-0.8741];6218.06761),(242567.98005;[0.09];[-0.86];6263.21573;[0.0754];[-0.8746];6217.65298),(243331.98047;[0.22];[-0.73];6863.86035;[0.2141];[-0.7359];6876.89511),(243688.94053;[0.16];[-0.79];6692.48097;[0.1842];[-0.7658];6651.87044),(244363.09505;[0.13];[-0.82];6550.27927;[0.1475];[-0.8025];6522.16144),(244834.88107;[0.1];[-0.85];6441.85539;[0.1122];[-0.8378];6396.11765),(244969.22255;[0.1];[-0.85];6406.64130;[0.1016];[-0.8484];6362.54146),(245074.10026;[0.09];[-0.86];6263.65300;[0.0759];[-0.8741];6218.06761),(245265.50603;[0.09];[-0.86];6263.65300;[0.0759];[-0.8741];6218.06761),(245326.24626;[0.09];[-0.86];6263.21573;[0.0754];[-0.8746];6217.65298),(245869.41099;[0.23];[-0.72];6851.54663;[0.2166];[-0.7334];6857.85815),(246323.19403;[0.15];[-0.8];6661.49223;[0.1768];[-0.7732];6611.01507),(246866.20736;[0.12];[-0.83];6519.53692;[0.1391];[-0.8109];6471.60945),(247696.33079;[0.1];[-0.85];6443.20750;[0.113];[-0.837];6399.09298),(247808.77185;[0.1];[-0.85];6414.30195;[0.1024];[-0.8476];6370.30092),(247887.51316;[0.09];[-0.86];6263.21573;[0.0754];[-0.8746];6217.65298),(248894.13953;[0.22];[-0.73];6823.35221;[0.2122];[-0.7378];6822.28519),(249324.60141;[0.15];[-0.8];6661.49223;[0.1768];[-0.7732];6611.01507),(249820.27674;[0.13];[-0.82];6516.13689;[0.1375];[-0.8125];6477.75865),(250201.43795;[0.1];[-0.85];6444.00133;[0.1132];[-0.8368];6399.85076),(250300.69208;[0.1];[-0.85];6416.25871;[0.1023];[-0.8477];6372.36310),(250504.30632;[0.1];[-0.85];6406.92023;[0.1021];[-0.8479];6362.76353),(250719.03205;[0.1];[-0.85];6404.07803;[0.1021];[-0.8479];6359.87923),(250784.71136;[0.1];[-0.85];6404.07803;[0.1021];[-0.8479];6359.87923),(251008.93521;[0.1];[-0.85];6404.07803;[0.1021];[-0.8479];6359.87923),(251513.73959;[0.16];[-0.79];6806.43835;[0.1972];[-0.7528];6801.75515),(251832.01647;[0.15];[-0.8];6643.94853;[0.1732];[-0.7768];6608.27130),(252285.07853;[0.13];[-0.82];6495.91950;[0.1407];[-0.8093];6448.22678),(252602.71955;[0.1];[-0.85];6404.07803;[0.1021];[-0.8479];6359.87923),(252940.89794;[0.1];[-0.85];6404.07803;[0.1021];[-0.8479];6359.87923),(253284.30581;[0.19];[-0.76];6792.04383;[0.2];[-0.75];6781.52581),(253785.40683;[0.15];[-0.8];6626.62907;[0.1677];[-0.7823];6589.77586),(254288.99431;[0.13];[-0.82];6495.91950;[0.1407];[-0.8093];6448.22678),(254599.78175;[0.1];[-0.85];6404.07803;[0.1021];[-0.8479];6359.87923),(255412.97817;[0.19];[-0.76];6792.04383;[0.2];[-0.75];6781.52581),(255847.91183;[0.15];[-0.8];6626.62907;[0.1677];[-0.7823];6589.77586),(256245.14627;[0.13];[-0.82];6495.91950;[0.1407];[-0.8093];6448.22678),(256920.86625;[0.1];[-0.85];6444.33108;[0.1131];[-0.8369];6398.59609),(257047.84656;[0.1];[-0.85];6416.25871;[0.1023];[-0.8477];6372.36310),(257430.10354;[0.1];[-0.85];6406.92023;[0.1021];[-0.8479];6362.76353),(257524.12081;[0.1];[-0.85];6404.07803;[0.1021];[-0.8479];6359.87923),(257672.35231;[0.1];[-0.85];6404.07803;[0.1021];[-0.8479];6359.87923),(258147.96853;[0.19];[-0.76];6768.83217;[0.2071];[-0.7429];6746.99423),(258445.89663;[0.15];[-0.8];6625.69728;[0.1678];[-0.7822];6588.80406),(258829.85473;[0.1];[-0.85];6494.71248;[0.1306];[-0.8194];6451.32625),(259564.72278;[0.1];[-0.85];6443.20750;[0.113];[-0.837];6399.09298),(259675.16375;[0.1];[-0.85];6414.30195;[0.1024];[-0.8476];6370.30092),(260162.74881;[0.1];[-0.85];6406.92023;[0.1021];[-0.8479];6362.76353),(260213.63854;[0.1];[-0.85];6406.92023;[0.1021];[-0.8479];6362.76353),(260302.17457;[0.1];[-0.85];6404.07803;[0.1021];[-0.8479];6359.87923),(260359.60054;[0.1];[-0.85];6404.07803;[0.1021];[-0.8479];6359.87923),(260867.94019;[0.18];[-0.77];6764.34353;[0.205];[-0.745];6738.02950),(261332.64375;[0.15];[-0.8];6619.29292;[0.1679];[-0.7821];6587.39967),(261849.78223;[0.1];[-0.85];6493.55410;[0.1292];[-0.8208];6450.39523),(262558.66957;[0.1];[-0.85];6443.20750;[0.113];[-0.837];6399.09298),(262665.80272;[0.1];[-0.85];6414.30195;[0.1024];[-0.8476];6370.30092),(262795.70341;[0.1];[-0.85];6406.92023;[0.1021];[-0.8479];6362.76353),(262978.61934;[0.1];[-0.85];6404.07803;[0.1021];[-0.8479];6359.87923),(263036.42583;[0.1];[-0.85];6404.07803;[0.1021];[-0.8479];6359.87923),(263429.53753;[0.18];[-0.77];6758.70684;[0.2024];[-0.7476];6728.71424),(263988.01017;[0.15];[-0.8];6592.13726;[0.1573];[-0.7927];6544.94787),(264372.17402;[0.1];[-0.85];6493.20123;[0.1299];[-0.8201];6449.98235),(265116.91904;[0.1];[-0.85];6441.85539;[0.1122];[-0.8378];6396.11765),(265265.65933;[0.1];[-0.85];6406.92023;[0.1021];[-0.8479];6362.76353),(265436.86247;[0.1];[-0.85];6404.07803;[0.1021];[-0.8479];6359.87923),(266105.86333;[0.18];[-0.77];6748.76218;[0.1993];[-0.7507];6715.58134),(266645.80846;[0.15];[-0.8];6592.13726;[0.1573];[-0.7927];6544.94787),(267299.25585;[0.1];[-0.85];6492.26325;[0.1285];[-0.8215];6449.18359),(268065.63067;[0.1];[-0.85];6441.85539;[0.1122];[-0.8378];6396.11765),(268228.33633;[0.1];[-0.85];6423.79266;[0.1049];[-0.8451];6379.44040),(268324.18227;[0.1];[-0.85];6420.18703;[0.1022];[-0.8478];6376.26419),(268501.50967;[0.1];[-0.85];6417.02991;[0.1022];[-0.8478];6373.18095),(268559.67569;[0.1];[-0.85];6416.25871;[0.1023];[-0.8477];6372.36310),(268665.91549;[0.1];[-0.85];6414.30195;[0.1024];[-0.8476];6370.30092),(268819.81540;[0.1];[-0.85];6406.92023;[0.1021];[-0.8479];6362.76353),(268960.04033;[0.1];[-0.85];6404.07803;[0.1021];[-0.8479];6359.87923),(269028.07260;[0.1];[-0.85];6404.07803;[0.1021];[-0.8479];6359.87923),(269424.60370;[0.17];[-0.78];6738.11855;[0.1956];[-0.7544];6703.71959),(269846.52019;[0.15];[-0.8];6572.67309;[0.1503];[-0.7997];6520.52665),(270294.75260;[0.1];[-0.85];6468.80418;[0.1216];[-0.8284];6422.84753),(271017.92026;[0.1];[-0.85];6404.07803;[0.1021];[-0.8479];6359.87923),(271341.33148;[0.17];[-0.78];6738.11855;[0.1956];[-0.7544];6703.71959),(271768.40496;[0.15];[-0.8];6592.07825;[0.1572];[-0.7928];6545.16356),(272299.48401;[0.1];[-0.85];6492.20713;[0.1287];[-0.8213];6449.27329),(272656.59070;[0.1];[-0.85];6441.85539;[0.1122];[-0.8378];6396.11765),(272839.62488;[0.1];[-0.85];6422.89759;[0.1051];[-0.8449];6378.69861),(273102.36621;[0.1];[-0.85];6419.08222;[0.1024];[-0.8476];6375.24307),(273177.28829;[0.1];[-0.85];6416.25871;[0.1023];[-0.8477];6372.36310),(273248.98839;[0.1];[-0.85];6414.30195;[0.1024];[-0.8476];6370.30092),(273485.83817;[0.1];[-0.85];6406.92023;[0.1021];[-0.8479];6362.76353),(273570.77312;[0.1];[-0.85];6406.35671;[0.1014];[-0.8486];6362.24194),(273690.85240;[0.1];[-0.85];6404.07803;[0.1021];[-0.8479];6359.87923),(273759.29165;[0.1];[-0.85];6404.07803;[0.1021];[-0.8479];6359.87923),(274032.95183;[0.17];[-0.78];6729.33949;[0.1921];[-0.7579];6697.17420),(274622.30444;[0.15];[-0.8];6572.67309;[0.1503];[-0.7997];6520.52665),(275043.93792;[0.1];[-0.85];6468.80418;[0.1216];[-0.8284];6422.84753),(275375.65088;[0.1];[-0.85];6404.07803;[0.1021];[-0.8479];6359.87923),(276318.60209;[0.16];[-0.79];6708.24637;[0.1866];[-0.7634];6668.84948),(276784.98840;[0.13];[-0.82];6552.18952;[0.1481];[-0.8019];6524.13793),(277132.70903;[0.1];[-0.85];6468.80418;[0.1216];[-0.8284];6422.84753),(278067.73281;[0.1];[-0.85];6404.07803;[0.1021];[-0.8479];6359.87923),(278566.52641;[0.16];[-0.79];6708.24637;[0.1866];[-0.7634];6668.84948),(279098.91248;[0.15];[-0.8];6572.67309;[0.1503];[-0.7997];6520.52665),(279488.45172;[0.1];[-0.85];6491.89668;[0.1285];[-0.8215];6448.95132),(279944.47207;[0.1];[-0.85];6441.85539;[0.1122];[-0.8378];6396.11765),(280086.85231;[0.1];[-0.85];6422.89759;[0.1051];[-0.8449];6378.69861),(280145.71738;[0.1];[-0.85];6420.18703;[0.1022];[-0.8478];6376.26419),(280228.99246;[0.1];[-0.85];6416.25871;[0.1023];[-0.8477];6372.36310),(280284.68847;[0.1];[-0.85];6414.30195;[0.1024];[-0.8476];6370.30092),(280542.42945;[0.1];[-0.85];6406.92023;[0.1021];[-0.8479];6362.76353),(280642.49372;[0.1];[-0.85];6404.07803;[0.1021];[-0.8479];6359.87923),(280894.53530;[0.1];[-0.85];6404.07803;[0.1021];[-0.8479];6359.87923),(281552.11425;[0.16];[-0.79];6693.49120;[0.185];[-0.765];6652.74110),(281994.68780;[0.13];[-0.82];6551.86713;[0.1484];[-0.8016];6523.51117),(282550.01450;[0.1];[-0.85];6466.74901;[0.1213];[-0.8287];6420.73490),(282854.01869;[0.1];[-0.85];6404.07803;[0.1021];[-0.8479];6359.87923),(283910.65311;[0.15];[-0.8];6678.35479;[0.1804];[-0.7696];6635.17391),(284318.01343;[0.13];[-0.82];6532.56298;[0.1416];[-0.8084];6502.00773),(284808.65288;[0.1];[-0.85];6440.28583;[0.1123];[-0.8377];6394.44653),(284927.26803;[0.1];[-0.85];6422.89759;[0.1051];[-0.8449];6378.69861),(285155.37739;[0.1];[-0.85];6418.80578;[0.1023];[-0.8477];6374.98657),(285236.94897;[0.1];[-0.85];6416.25871;[0.1023];[-0.8477];6372.36310),(285326.91455;[0.1];[-0.85];6404.07803;[0.1021];[-0.8479];6359.87923),(285641.69836;[0.1];[-0.85];6404.07803;[0.1021];[-0.8479];6359.87923),(286144.16814;[0.15];[-0.8];6661.49223;[0.1768];[-0.7732];6611.01507),(286565.37628;[0.12];[-0.83];6512.09952;[0.1351];[-0.8149];6474.42222),(286885.42628;[0.1];[-0.85];6404.07803;[0.1021];[-0.8479];6359.87923),(287981.89831;[0.15];[-0.8];6644.00372;[0.1723];[-0.7777];6587.79430),(288425.28009;[0.12];[-0.83];6512.09952;[0.1351];[-0.8149];6474.42222),(289208.94003;[0.1];[-0.85];6440.28583;[0.1123];[-0.8377];6394.44653),(289330.17826;[0.1];[-0.85];6422.89759;[0.1051];[-0.8449];6378.69861),(289612.40959;[0.1];[-0.85];6418.80578;[0.1023];[-0.8477];6374.98657),(289690.38725;[0.1];[-0.85];6416.25871;[0.1023];[-0.8477];6372.36310),(289848.85836;[0.1];[-0.85];6414.30195;[0.1024];[-0.8476];6370.30092),(290062.60157;[0.1];[-0.85];6406.92023;[0.1021];[-0.8479];6362.76353),(290201.17760;[0.1];[-0.85];6406.35671;[0.1014];[-0.8486];6362.24194),(290511.64007;[0.1];[-0.85];6404.07803;[0.1021];[-0.8479];6359.87923),(290966.70103;[0.15];[-0.8];6644.00372;[0.1723];[-0.7777];6587.79430),(291342.45658;[0.12];[-0.83];6512.09952;[0.1351];[-0.8149];6474.42222),(291807.67441;[0.1];[-0.85];6440.28583;[0.1123];[-0.8377];6394.44653),(291920.11738;[0.1];[-0.85];6422.89759;[0.1051];[-0.8449];6378.69861),(292052.81425;[0.1];[-0.85];6418.80578;[0.1023];[-0.8477];6374.98657),(292119.08102;[0.1];[-0.85];6416.25871;[0.1023];[-0.8477];6372.36310),(292260.55264;[0.1];[-0.85];6414.30195;[0.1024];[-0.8476];6370.30092),(292758.10075;[0.1];[-0.85];6406.35671;[0.1014];[-0.8486];6362.24194),(293142.49325;[0.1];[-0.85];6404.07803;[0.1021];[-0.8479];6359.87923),(293877.03323;[0.15];[-0.8];6610.14481;[0.1642];[-0.7858];6570.35376),(294226.90225;[0.1];[-0.85];6490.99925;[0.1295];[-0.8205];6447.85620),(294636.86347;[0.1];[-0.85];6404.07803;[0.1021];[-0.8479];6359.87923),(295689.40711;[0.15];[-0.8];6610.14481;[0.1642];[-0.7858];6570.35376),(296046.34142;[0.1];[-0.85];6490.99925;[0.1295];[-0.8205];6447.85620),(296802.38295;[0.1];[-0.85];6440.28583;[0.1123];[-0.8377];6394.44653),(296918.08915;[0.1];[-0.85];6422.89759;[0.1051];[-0.8449];6378.69861),(297073.76361;[0.1];[-0.85];6418.80578;[0.1023];[-0.8477];6374.98657),(297193.10689;[0.1];[-0.85];6414.30195;[0.1024];[-0.8476];6370.30092),(297419.70420;[0.1];[-0.85];6406.35671;[0.1014];[-0.8486];6362.24194),(297855.24702;[0.1];[-0.85];6404.07803;[0.1021];[-0.8479];6359.87923),(298261.24835;[0.15];[-0.8];6592.07825;[0.1572];[-0.7928];6545.16356),(298666.24689;[0.1];[-0.85];6491.34227;[0.1289];[-0.8211];6448.38774),(299057.64198;[0.1];[-0.85];6404.07803;[0.1021];[-0.8479];6359.87923),(299967.46945;[0.15];[-0.8];6592.07825;[0.1572];[-0.7928];6545.16356),(300372.65944;[0.1];[-0.85];6491.34227;[0.1289];[-0.8211];6448.38774),(301119.64869;[0.1];[-0.85];6440.28583;[0.1123];[-0.8377];6394.44653),(301264.17899;[0.1];[-0.85];6422.89759;[0.1051];[-0.8449];6378.69861),(301456.31075;[0.1];[-0.85];6418.80578;[0.1023];[-0.8477];6374.98657),(301548.49434;[0.1];[-0.85];6416.25871;[0.1023];[-0.8477];6372.36310),(301681.87714;[0.1];[-0.85];6414.30195;[0.1024];[-0.8476];6370.30092),(302104.46906;[0.1];[-0.85];6406.35671;[0.1014];[-0.8486];6362.24194),(302916.91136;[0.15];[-0.8];6571.91287;[0.1498];[-0.8002];6519.93531),(303436.26952;[0.1];[-0.85];6466.74901;[0.1213];[-0.8287];6420.73490),(305087.36992;[0.15];[-0.8];6571.99843;[0.1503];[-0.7997];6519.84717),(305462.11267;[0.1];[-0.85];6491.34227;[0.1289];[-0.8211];6448.38774),(305841.95423;[0.1];[-0.85];6441.52563;[0.1126];[-0.8374];6397.37232),(306113.73353;[0.1];[-0.85];6422.89759;[0.1051];[-0.8449];6378.69861),(306310.40287;[0.1];[-0.85];6418.80578;[0.1023];[-0.8477];6374.98657),(306387.03632;[0.1];[-0.85];6416.25871;[0.1023];[-0.8477];6372.36310),(306494.60483;[0.1];[-0.85];6414.30195;[0.1024];[-0.8476];6370.30092),(306830.17135;[0.1];[-0.85];6406.35671;[0.1014];[-0.8486];6362.24194),(307533.56528;[0.13];[-0.82];6532.56298;[0.1416];[-0.8084];6502.00773),(307887.96353;[0.1];[-0.85];6458.79125;[0.128];[-0.822];6413.26600),(308112.48136;[0.1];[-0.85];6423.79266;[0.1049];[-0.8451];6379.44040),(308181.72836;[0.1];[-0.85];6420.18703;[0.1022];[-0.8478];6376.26419),(308291.04304;[0.1];[-0.85];6416.25871;[0.1023];[-0.8477];6372.36310),(308474.83826;[0.1];[-0.85];6414.30195;[0.1024];[-0.8476];6370.30092),(308560.20141;[0.1];[-0.85];6414.30195;[0.1024];[-0.8476];6370.30092),(309607.22470;[0.13];[-0.82];6511.75649;[0.1356];[-0.8144];6473.89068),(310472.82457;[0.1];[-0.85];6458.79125;[0.128];[-0.822];6413.26600),(310594.60759;[0.1];[-0.85];6423.79266;[0.1049];[-0.8451];6379.44040),(310827.82722;[0.1];[-0.85];6418.80578;[0.1023];[-0.8477];6374.98657),(310891.91914;[0.1];[-0.85];6416.25871;[0.1023];[-0.8477];6372.36310),(311128.84688;[0.1];[-0.85];6414.30195;[0.1024];[-0.8476];6370.30092),(311189.62908;[0.1];[-0.85];6414.30195;[0.1024];[-0.8476];6370.30092),(311248.82555;[0.1];[-0.85];6414.30195;[0.1024];[-0.8476];6370.30092),(311320.87827;[0.1];[-0.85];6414.30195;[0.1024];[-0.8476];6370.30092),(312025.34342;[0.1];[-0.85];6489.25983;[0.1285];[-0.8215];6446.27447),(312291.99028;[0.1];[-0.85];6414.30195;[0.1024];[-0.8476];6370.30092),(312834.44977;[0.1];[-0.85];6414.30195;[0.1024];[-0.8476];6370.30092),(313330.00588;[0.1];[-0.85];6489.25983;[0.1285];[-0.8215];6446.27447),(313609.20095;[0.1];[-0.85];6414.30195;[0.1024];[-0.8476];6370.30092),(314765.61213;[0.1];[-0.85];6465.82722;[0.1214];[-0.8286];6419.69356),(315683.48956;[0.1];[-0.85];6414.30195;[0.1024];[-0.8476];6370.30092),(316224.35975;[0.1];[-0.85];6465.82722;[0.1214];[-0.8286];6419.69356),(316384.76253;[0.1];[-0.85];6424.73798;[0.106];[-0.844];6379.58471),(316476.87626;[0.1];[-0.85];6421.54458;[0.1042];[-0.8458];6377.49870),(316538.63096;[0.1];[-0.85];6416.25871;[0.1023];[-0.8477];6372.36310),(316776.17049;[0.1];[-0.85];6414.30195;[0.1024];[-0.8476];6370.30092),(316863.76905;[0.1];[-0.85];6414.30195;[0.1024];[-0.8476];6370.30092),(317236.46712;[0.1];[-0.85];6414.30195;[0.1024];[-0.8476];6370.30092),(317527.70877;[0.1];[-0.85];6414.30195;[0.1024];[-0.8476];6370.30092),(319346.35139;[0.1];[-0.85];6414.30195;[0.1024];[-0.8476];6370.30092),(320384.83524;[0.28];[-0.67];7046.70347;[0.2529];[-0.6971];7175.27293),(320930.33433;[0.28];[-0.67];7046.70347;[0.2529];[-0.6971];7175.27293),(321510.80585;[0.28];[-0.67];7046.70347;[0.2529];[-0.6971];7175.27293),(322163.65600;[0.28];[-0.67];7046.70347;[0.2529];[-0.6971];7175.27293),(322757.65395;[0.28];[-0.67];7046.70347;[0.2529];[-0.6971];7175.27293),(322982.70392;[0.18];[-0.77];6758.70684;[0.2024];[-0.7476];6728.71424),(323260.23483;[0.14];[-0.81];6565.45052;[0.1518];[-0.7982];6538.51811),(323403.12052;[0.1];[-0.85];6398.77500;[0.1012];[-0.8488];6352.77013),(323477.24509;[0.01];[-0.94];5709.49494;[0.0155];[-0.9345];5670.93687),(323774.52230;[0.];[-0.95];5485.89364;[0.0063];[-0.9437];5448.49053),(323916.08667;[0.];[-0.95];5273.63476;[0.0021];[-0.9479];5240.16554),(324059.42893;[0.];[-0.95];5258.38763;[0.0018];[-0.9482];5224.79938),(324362.65421;[0.];[-0.95];5248.65197;[0.0019];[-0.9481];5214.93047),(325695.34016;[0.25];[-0.7];7024.68706;[0.2386];[-0.7114];7142.57332),(326115.25106;[0.23];[-0.72];6896.51898;[0.2256];[-0.7244];6908.92129),(326646.34824;[0.16];[-0.79];6693.49120;[0.185];[-0.765];6652.74110),(327177.19364;[0.1];[-0.85];6493.55410;[0.1292];[-0.8208];6450.39523),(328196.05899;[0.07];[-0.88];6111.97552;[0.0565];[-0.8935];6069.26220),(328418.37525;[0.02];[-0.93];5918.44087;[0.0322];[-0.9178];5876.41025),(328530.73001;[0.];[-0.95];5500.64508;[0.0068];[-0.9432];5463.19312),(328619.67421;[0.];[-0.95];5259.10184;[0.002];[-0.948];5225.39239),(328734.94911;[0.];[-0.95];5258.38763;[0.0018];[-0.9482];5224.79938),(329377.57301;[0.];[-0.95];5248.65197;[0.0019];[-0.9481];5214.93047),(329950.49405;[0.28];[-0.67];7024.03172;[0.2508];[-0.6992];7098.23998),(330263.90243;[0.23];[-0.72];6888.17630;[0.2229];[-0.7271];6896.81113),(330716.75563;[0.16];[-0.79];6693.28303;[0.1846];[-0.7654];6652.63351),(331350.03614;[0.12];[-0.83];6498.13050;[0.1345];[-0.8155];6464.30014),(331869.68493;[0.];[-0.95];5248.65197;[0.0019];[-0.9481];5214.93047),(333186.92613;[0.28];[-0.67];7024.03172;[0.2508];[-0.6992];7098.23998),(333485.82625;[0.23];[-0.72];6888.17630;[0.2229];[-0.7271];6896.81113),(333920.86530;[0.16];[-0.79];6693.28303;[0.1846];[-0.7654];6652.63351),(334550.16065;[0.12];[-0.83];6498.13050;[0.1345];[-0.8155];6464.30014),(335484.89094;[0.09];[-0.86];6276.04408;[0.0762];[-0.8738];6230.60336),(335605.07107;[0.07];[-0.88];6101.84187;[0.0547];[-0.8953];6059.33967),(335716.55011;[0.01];[-0.94];5696.37425;[0.0151];[-0.9349];5657.62094),(335860.10742;[0.];[-0.95];5469.73844;[0.0062];[-0.9438];5435.26267),(335983.42395;[0.];[-0.95];5457.13638;[0.0061];[-0.9439];5422.60670),(336454.05626;[0.28];[-0.67];7024.03172;[0.2508];[-0.6992];7098.23998),(336766.12020;[0.23];[-0.72];6861.85213;[0.2188];[-0.7312];6872.77496),(337072.36290;[0.16];[-0.79];6692.48097;[0.1842];[-0.7658];6651.87044),(337657.53365;[0.12];[-0.83];6509.12256;[0.1351];[-0.8149];6471.26824),(338430.66978;[0.1];[-0.85];6391.03478;[0.1006];[-0.8494];6344.96312),(338568.45355;[0.06];[-0.89];6109.29235;[0.0547];[-0.8953];6066.84798),(338646.25573;[0.02];[-0.93];5912.22386;[0.0325];[-0.9175];5870.00078),(338819.55814;[0.02];[-0.93];5900.18705;[0.032];[-0.918];5857.92693),(339609.51304;[0.28];[-0.67];7024.03172;[0.2508];[-0.6992];7098.23998),(340012.12525;[0.23];[-0.72];6851.54663;[0.2166];[-0.7334];6857.85815),(340480.62110;[0.15];[-0.8];6678.35479;[0.1804];[-0.7696];6635.17391),(340870.49389;[0.12];[-0.83];6512.09952;[0.1351];[-0.8149];6474.42222),(341710.88791;[0.1];[-0.85];6420.18703;[0.1022];[-0.8478];6376.26419),(341821.06352;[0.09];[-0.86];6271.98273;[0.0761];[-0.8739];6226.59938),(341953.84526;[0.07];[-0.88];6098.52023;[0.0547];[-0.8953];6055.94929),(342071.28453;[0.06];[-0.89];6090.20180;[0.0544];[-0.8956];6047.47992),(342209.33485;[0.06];[-0.89];6086.00834;[0.0544];[-0.8956];6043.26143),(342490.72456;[0.02];[-0.93];5900.18705;[0.032];[-0.918];5857.92693),(342803.50661;[0.02];[-0.93];5900.18705;[0.032];[-0.918];5857.92693),(343073.06337;[0.28];[-0.67];7024.03172;[0.2508];[-0.6992];7098.23998),(343501.80626;[0.22];[-0.73];6822.76033;[0.2118];[-0.7382];6821.89025),(343815.15908;[0.15];[-0.8];6656.57543;[0.178];[-0.772];6629.31151),(344362.85639;[0.12];[-0.83];6512.09952;[0.1351];[-0.8149];6474.42222),(344804.63171;[0.02];[-0.93];5900.18705;[0.032];[-0.918];5857.92693),(345482.42044;[0.28];[-0.67];7020.99429;[0.2526];[-0.6974];7088.72754),(345851.53532;[0.22];[-0.73];6822.76033;[0.2118];[-0.7382];6821.89025),(346163.93709;[0.15];[-0.8];6656.57543;[0.178];[-0.772];6629.31151),(346644.97972;[0.12];[-0.83];6512.09952;[0.1351];[-0.8149];6474.42222),(347336.77816;[0.1];[-0.85];6421.98475;[0.1038];[-0.8462];6377.80595),(347547.39976;[0.09];[-0.86];6273.00452;[0.0757];[-0.8743];6227.70959),(347775.55394;[0.07];[-0.88];6094.84329;[0.0547];[-0.8953];6052.15674),(348184.25941;[0.06];[-0.89];6092.72040;[0.054];[-0.896];6050.12287),(348262.11643;[0.06];[-0.89];6090.20180;[0.0544];[-0.8956];6047.47992),(348315.18602;[0.06];[-0.89];6090.20180;[0.0544];[-0.8956];6047.47992),(348799.23153;[0.06];[-0.89];6086.00834;[0.0544];[-0.8956];6043.26143),(349403.43547;[0.26];[-0.69];7010.94454;[0.242];[-0.708];7075.79038),(349778.35941;[0.19];[-0.76];6792.04383;[0.2];[-0.75];6781.52581),(350243.40034;[0.15];[-0.8];6643.97936;[0.1739];[-0.7761];6607.88271),(350757.18236;[0.12];[-0.83];6510.57329;[0.1348];[-0.8152];6474.63264),(351193.08949;[0.06];[-0.89];6086.00834;[0.0544];[-0.8956];6043.26143),(352379.77719;[0.26];[-0.69];7010.94454;[0.242];[-0.708];7075.79038),(352815.11307;[0.19];[-0.76];6792.04383;[0.2];[-0.75];6781.52581),(353284.46794;[0.15];[-0.8];6643.97936;[0.1739];[-0.7761];6607.88271),(354019.44804;[0.12];[-0.83];6509.39228;[0.1352];[-0.8148];6473.36156),(354939.96358;[0.1];[-0.85];6422.89759;[0.1051];[-0.8449];6378.69861),(355195.53041;[0.09];[-0.86];6273.84194;[0.0756];[-0.8744];6228.40940),(355281.26025;[0.06];[-0.89];6090.20180;[0.0544];[-0.8956];6047.47992),(355633.38327;[0.06];[-0.89];6090.20180;[0.0544];[-0.8956];6047.47992),(355684.04174;[0.06];[-0.89];6090.20180;[0.0544];[-0.8956];6047.47992),(356619.54117;[0.26];[-0.69];6997.33662;[0.2388];[-0.7112];7056.71282),(357100.74258;[0.19];[-0.76];6777.07797;[0.203];[-0.747];6759.40030),(357425.07291;[0.15];[-0.8];6643.01493;[0.1726];[-0.7774];6607.37302),(358083.69327;[0.12];[-0.83];6507.86766;[0.1352];[-0.8148];6469.97365),(359018.76426;[0.1];[-0.85];6423.79266;[0.1049];[-0.8451];6379.44040),(359189.19349;[0.09];[-0.86];6273.84194;[0.0756];[-0.8744];6228.40940),(359274.14107;[0.09];[-0.86];6263.65300;[0.0759];[-0.8741];6218.06761),(359429.00681;[0.06];[-0.89];6093.10110;[0.0544];[-0.8956];6050.46726),(359694.58318;[0.06];[-0.89];6090.20180;[0.0544];[-0.8956];6047.47992),(359756.35886;[0.06];[-0.89];6090.20180;[0.0544];[-0.8956];6047.47992),(360125.95010;[0.06];[-0.89];6090.20180;[0.0544];[-0.8956];6047.47992),(360732.36322;[0.23];[-0.72];6980.33662;[0.2272];[-0.7228];7043.09796),(361176.13721;[0.18];[-0.77];6764.34353;[0.205];[-0.745];6738.02950),(361864.40110;[0.15];[-0.8];6610.14481;[0.1642];[-0.7858];6570.35376),(362231.87256;[0.1];[-0.85];6471.80819;[0.1224];[-0.8276];6425.65166),(362554.60119;[0.06];[-0.89];6090.20180;[0.0544];[-0.8956];6047.47992),(363931.64468;[0.25];[-0.7];6968.63170;[0.233];[-0.717];7021.22230),(364329.97465;[0.18];[-0.77];6764.34353;[0.205];[-0.745];6738.02950),(365015.18083;[0.15];[-0.8];6610.14481;[0.1642];[-0.7858];6570.35376),(365392.53235;[0.1];[-0.85];6471.80819;[0.1224];[-0.8276];6425.65166),(367477.22840;[0.25];[-0.7];6968.63170;[0.233];[-0.717];7021.22230),(367865.98873;[0.18];[-0.77];6764.34353;[0.205];[-0.745];6738.02950),(368197.29376;[0.15];[-0.8];6640.17951;[0.173];[-0.777];6609.48148),(368781.97551;[0.12];[-0.83];6507.19015;[0.1346];[-0.8154];6471.16760),(369114.63380;[0.1];[-0.85];6423.79266;[0.1049];[-0.8451];6379.44040),(369285.79831;[0.09];[-0.86];6273.84194;[0.0756];[-0.8744];6228.40940),(369388.52906;[0.09];[-0.86];6263.65300;[0.0759];[-0.8741];6218.06761),(369473.02461;[0.06];[-0.89];6090.20180;[0.0544];[-0.8956];6047.47992),(369671.41080;[0.06];[-0.89];6090.20180;[0.0544];[-0.8956];6047.47992),(370334.80787;[0.23];[-0.72];6948.54459;[0.2251];[-0.7249];6996.76782),(370700.28257;[0.18];[-0.77];6758.58023;[0.2024];[-0.7476];6728.59612),(371282.52792;[0.15];[-0.8];6609.83651;[0.1621];[-0.7879];6570.45044),(371685.93144;[0.1];[-0.85];6471.80819;[0.1224];[-0.8276];6425.65166),(372963.22680;[0.23];[-0.72];6948.54459;[0.2251];[-0.7249];6996.76782),(373352.79179;[0.18];[-0.77];6764.34353;[0.205];[-0.745];6738.02950),(373895.55264;[0.15];[-0.8];6627.94611;[0.1696];[-0.7804];6590.35994),(374610.12983;[0.12];[-0.83];6505.80863;[0.1353];[-0.8147];6472.06035),(375086.62200;[0.1];[-0.85];6430.46861;[0.1118];[-0.8382];6384.40983),(375260.96034;[0.09];[-0.86];6274.89484;[0.0768];[-0.8732];6229.54411),(375397.23873;[0.09];[-0.86];6266.03303;[0.0757];[-0.8743];6220.48613),(375483.63185;[0.09];[-0.86];6263.65300;[0.0759];[-0.8741];6218.06761),(375695.28294;[0.09];[-0.86];6260.20263;[0.0758];[-0.8742];6214.52646),(375750.50926;[0.09];[-0.86];6260.20263;[0.0758];[-0.8742];6214.52646),(375936.52868;[0.09];[-0.86];6249.36377;[0.0744];[-0.8756];6203.63058),(376349.39170;[0.26];[-0.69];6940.89789;[0.2397];[-0.7103];6965.14148),(376843.12367;[0.17];[-0.78];6738.11855;[0.1956];[-0.7544];6703.71959),(377361.85789;[0.15];[-0.8];6585.37657;[0.1546];[-0.7954];6543.78958),(377742.51699;[0.1];[-0.85];6471.80819;[0.1224];[-0.8276];6425.65166),(378195.89591;[0.09];[-0.86];6249.36377;[0.0744];[-0.8756];6203.63058),(379089.32018;[0.26];[-0.69];6940.89789;[0.2397];[-0.7103];6965.14148),(379579.17953;[0.17];[-0.78];6738.11855;[0.1956];[-0.7544];6703.71959),(380126.49512;[0.15];[-0.8];6585.37657;[0.1546];[-0.7954];6543.78958),(380522.09377;[0.1];[-0.85];6471.80819;[0.1224];[-0.8276];6425.65166),(382125.05913;[0.26];[-0.69];6940.89789;[0.2397];[-0.7103];6965.14148),(382593.44506;[0.18];[-0.77];6748.76218;[0.1993];[-0.7507];6715.58134),(383053.02596;[0.15];[-0.8];6609.17577;[0.1636];[-0.7864];6569.51850),(383513.03411;[0.12];[-0.83];6505.10806;[0.1346];[-0.8154];6469.04484),(383998.00611;[0.1];[-0.85];6437.81579;[0.1129];[-0.8371];6393.46291),(384206.82526;[0.09];[-0.86];6274.81500;[0.0763];[-0.8737];6229.47227),(384297.11199;[0.09];[-0.86];6266.03303;[0.0757];[-0.8743];6220.48613),(384404.27184;[0.09];[-0.86];6263.65300;[0.0759];[-0.8741];6218.06761),(384645.86282;[0.09];[-0.86];6263.21573;[0.0754];[-0.8746];6217.65298),(384730.68881;[0.09];[-0.86];6260.20263;[0.0758];[-0.8742];6214.52646),(384793.38908;[0.09];[-0.86];6260.20263;[0.0758];[-0.8742];6214.52646),(385388.59582;[0.25];[-0.7];6928.24012;[0.2334];[-0.7166];6943.30985),(385688.57503;[0.17];[-0.78];6729.33949;[0.1921];[-0.7579];6697.17420),(386292.29569;[0.15];[-0.8];6573.39319;[0.1506];[-0.7994];6520.95162),(386682.78813;[0.1];[-0.85];6471.80819;[0.1224];[-0.8276];6425.65166),(387236.34672;[0.09];[-0.86];6260.20263;[0.0758];[-0.8742];6214.52646),(387654.12259;[0.09];[-0.86];6260.20263;[0.0758];[-0.8742];6214.52646),(388211.77578;[0.25];[-0.7];6928.24012;[0.2334];[-0.7166];6943.30985),(388520.30087;[0.17];[-0.78];6729.86620;[0.1922];[-0.7578];6697.75784),(389004.47965;[0.15];[-0.8];6573.39319;[0.1506];[-0.7994];6520.95162),(389438.62724;[0.1];[-0.85];6471.80819;[0.1224];[-0.8276];6425.65166),(389750.76222;[0.09];[-0.86];6260.20263;[0.0758];[-0.8742];6214.52646),(390678.92647;[0.25];[-0.7];6921.72566;[0.2316];[-0.7184];6943.60828),(390986.89246;[0.17];[-0.78];6729.86620;[0.1922];[-0.7578];6697.75784),(391501.33491;[0.15];[-0.8];6573.39319;[0.1506];[-0.7994];6520.95162),(391986.31978;[0.1];[-0.85];6471.80819;[0.1224];[-0.8276];6425.65166),(393177.48165;[0.25];[-0.7];6921.72566;[0.2316];[-0.7184];6943.60828),(393518.99481;[0.17];[-0.78];6729.86620;[0.1922];[-0.7578];6697.75784),(394038.87391;[0.15];[-0.8];6573.39319;[0.1506];[-0.7994];6520.95162),(394502.61879;[0.1];[-0.85];6471.80819;[0.1224];[-0.8276];6425.65166),(394596.91191;[0.1];[-0.85];6418.73440;[0.1029];[-0.8471];6374.84154),(394776.48306;[0.09];[-0.86];6273.00452;[0.0757];[-0.8743];6227.70959),(394942.39879;[0.09];[-0.86];6266.03303;[0.0757];[-0.8743];6220.48613),(395021.25669;[0.09];[-0.86];6263.65300;[0.0759];[-0.8741];6218.06761),(395478.35159;[0.09];[-0.86];6263.21573;[0.0754];[-0.8746];6217.65298),(395528.66292;[0.09];[-0.86];6263.21573;[0.0754];[-0.8746];6217.65298),(395941.63156;[0.23];[-0.72];6899.68035;[0.2258];[-0.7242];6912.10195),(396372.41364;[0.16];[-0.79];6693.49120;[0.185];[-0.765];6652.74110),(396786.02576;[0.13];[-0.82];6529.51364;[0.1416];[-0.8084];6498.81411),(397118.81900;[0.09];[-0.86];6263.21573;[0.0754];[-0.8746];6217.65298),(397501.08910;[0.09];[-0.86];6260.20263;[0.0758];[-0.8742];6214.52646),(398018.31031;[0.23];[-0.72];6888.21263;[0.2233];[-0.7267];6896.78463),(398429.84724;[0.16];[-0.79];6693.49120;[0.185];[-0.765];6652.74110),(398861.57107;[0.13];[-0.82];6529.51364;[0.1416];[-0.8084];6498.81411),(399188.13133;[0.09];[-0.86];6260.20263;[0.0758];[-0.8742];6214.52646),(400208.35233;[0.23];[-0.72];6888.21263;[0.2233];[-0.7267];6896.78463),(400640.06972;[0.16];[-0.79];6693.49120;[0.185];[-0.765];6652.74110),(401064.95190;[0.13];[-0.82];6529.51364;[0.1416];[-0.8084];6498.81411),(401760.15997;[0.1];[-0.85];6441.52563;[0.1126];[-0.8374];6397.37232),(402098.27423;[0.09];[-0.86];6273.00452;[0.0757];[-0.8743];6227.70959),(402193.40205;[0.09];[-0.86];6266.03303;[0.0757];[-0.8743];6220.48613),(402288.68151;[0.09];[-0.86];6263.65300;[0.0759];[-0.8741];6218.06761),(402482.52654;[0.09];[-0.86];6263.21573;[0.0754];[-0.8746];6217.65298),(403228.64842;[0.22];[-0.73];6863.86035;[0.2141];[-0.7359];6876.89511),(403551.57471;[0.16];[-0.79];6692.48097;[0.1842];[-0.7658];6651.87044),(404246.94991;[0.13];[-0.82];6550.27927;[0.1475];[-0.8025];6522.16144),(404714.20097;[0.1];[-0.85];6441.85539;[0.1122];[-0.8378];6396.11765),(404843.68157;[0.1];[-0.85];6406.64130;[0.1016];[-0.8484];6362.54146),(404962.48341;[0.09];[-0.86];6263.65300;[0.0759];[-0.8741];6218.06761),(405154.10566;[0.09];[-0.86];6263.65300;[0.0759];[-0.8741];6218.06761),(405223.65808;[0.09];[-0.86];6263.21573;[0.0754];[-0.8746];6217.65298),(405743.80255;[0.23];[-0.72];6851.54663;[0.2166];[-0.7334];6857.85815),(406207.80945;[0.15];[-0.8];6661.49223;[0.1768];[-0.7732];6611.01507),(406794.34657;[0.12];[-0.83];6519.53692;[0.1391];[-0.8109];6471.60945),(407641.54029;[0.1];[-0.85];6443.20750;[0.113];[-0.837];6399.09298),(407743.59727;[0.1];[-0.85];6414.30195;[0.1024];[-0.8476];6370.30092),(407835.30283;[0.09];[-0.86];6263.21573;[0.0754];[-0.8746];6217.65298),(408831.23016;[0.22];[-0.73];6823.35221;[0.2122];[-0.7378];6822.28519),(409253.64971;[0.15];[-0.8];6661.49223;[0.1768];[-0.7732];6611.01507),(409729.65980;[0.13];[-0.82];6516.13689;[0.1375];[-0.8125];6477.75865),(410094.95091;[0.1];[-0.85];6444.00133;[0.1132];[-0.8368];6399.85076),(410201.96104;[0.1];[-0.85];6416.25871;[0.1023];[-0.8477];6372.36310),(410363.75499;[0.1];[-0.85];6406.92023;[0.1021];[-0.8479];6362.76353),(410524.74213;[0.1];[-0.85];6404.07803;[0.1021];[-0.8479];6359.87923),(410596.90547;[0.1];[-0.85];6404.07803;[0.1021];[-0.8479];6359.87923),(410813.28297;[0.1];[-0.85];6404.07803;[0.1021];[-0.8479];6359.87923),(411323.32778;[0.16];[-0.79];6806.43835;[0.1972];[-0.7528];6801.75515),(411675.01092;[0.15];[-0.8];6643.94853;[0.1732];[-0.7768];6608.27130),(412111.35888;[0.13];[-0.82];6495.91950;[0.1407];[-0.8093];6448.22678),(412415.88640;[0.1];[-0.85];6404.07803;[0.1021];[-0.8479];6359.87923),(412746.66071;[0.1];[-0.85];6404.07803;[0.1021];[-0.8479];6359.87923),(413126.34158;[0.19];[-0.76];6792.04383;[0.2];[-0.75];6781.52581),(413654.79636;[0.15];[-0.8];6626.62907;[0.1677];[-0.7823];6589.77586),(414118.07346;[0.13];[-0.82];6495.91950;[0.1407];[-0.8093];6448.22678),(414464.88571;[0.1];[-0.85];6404.07803;[0.1021];[-0.8479];6359.87923),(415293.41412;[0.19];[-0.76];6792.04383;[0.2];[-0.75];6781.52581),(415706.83789;[0.15];[-0.8];6626.62907;[0.1677];[-0.7823];6589.77586),(416151.52311;[0.13];[-0.82];6495.91950;[0.1407];[-0.8093];6448.22678),(416790.20333;[0.1];[-0.85];6444.33108;[0.1131];[-0.8369];6398.59609),(416914.24251;[0.1];[-0.85];6416.25871;[0.1023];[-0.8477];6372.36310),(417286.21101;[0.1];[-0.85];6406.92023;[0.1021];[-0.8479];6362.76353),(417386.74498;[0.1];[-0.85];6404.07803;[0.1021];[-0.8479];6359.87923),(417540.32254;[0.1];[-0.85];6404.07803;[0.1021];[-0.8479];6359.87923),(418052.66690;[0.19];[-0.76];6768.83217;[0.2071];[-0.7429];6746.99423),(418355.88479;[0.15];[-0.8];6625.69728;[0.1678];[-0.7822];6588.80406),(418948.67039;[0.1];[-0.85];6494.71248;[0.1306];[-0.8194];6451.32625),(419662.10866;[0.1];[-0.85];6443.20750;[0.113];[-0.837];6399.09298),(419771.04259;[0.1];[-0.85];6414.30195;[0.1024];[-0.8476];6370.30092),(420226.72486;[0.1];[-0.85];6406.92023;[0.1021];[-0.8479];6362.76353),(420281.11267;[0.1];[-0.85];6406.92023;[0.1021];[-0.8479];6362.76353),(420378.23725;[0.1];[-0.85];6404.07803;[0.1021];[-0.8479];6359.87923),(420435.63509;[0.1];[-0.85];6404.07803;[0.1021];[-0.8479];6359.87923),(420907.12976;[0.18];[-0.77];6764.34353;[0.205];[-0.745];6738.02950),(421407.79877;[0.15];[-0.8];6619.29292;[0.1679];[-0.7821];6587.39967),(421945.69635;[0.1];[-0.85];6493.55410;[0.1292];[-0.8208];6450.39523),(422661.23700;[0.1];[-0.85];6443.20750;[0.113];[-0.837];6399.09298),(422772.23897;[0.1];[-0.85];6414.30195;[0.1024];[-0.8476];6370.30092),(422905.88284;[0.1];[-0.85];6406.92023;[0.1021];[-0.8479];6362.76353),(423092.66663;[0.1];[-0.85];6404.07803;[0.1021];[-0.8479];6359.87923),(423147.86196;[0.1];[-0.85];6404.07803;[0.1021];[-0.8479];6359.87923),(423541.22806;[0.18];[-0.77];6758.70684;[0.2024];[-0.7476];6728.71424),(424081.04682;[0.15];[-0.8];6592.13726;[0.1573];[-0.7927];6544.94787),(424491.68825;[0.1];[-0.85];6493.20123;[0.1299];[-0.8201];6449.98235),(425253.35193;[0.1];[-0.85];6441.85539;[0.1122];[-0.8378];6396.11765),(425400.51222;[0.1];[-0.85];6406.92023;[0.1021];[-0.8479];6362.76353),(425572.51215;[0.1];[-0.85];6404.07803;[0.1021];[-0.8479];6359.87923),(426203.07302;[0.18];[-0.77];6748.76218;[0.1993];[-0.7507];6715.58134),(426766.63852;[0.15];[-0.8];6592.13726;[0.1573];[-0.7927];6544.94787),(427374.43376;[0.1];[-0.85];6492.26325;[0.1285];[-0.8215];6449.18359),(428172.94645;[0.1];[-0.85];6441.85539;[0.1122];[-0.8378];6396.11765),(428337.23068;[0.1];[-0.85];6423.79266;[0.1049];[-0.8451];6379.44040),(428433.11882;[0.1];[-0.85];6420.18703;[0.1022];[-0.8478];6376.26419),(428572.57938;[0.1];[-0.85];6417.02991;[0.1022];[-0.8478];6373.18095),(428618.65425;[0.1];[-0.85];6416.25871;[0.1023];[-0.8477];6372.36310),(428687.98232;[0.1];[-0.85];6414.30195;[0.1024];[-0.8476];6370.30092),(428793.75863;[0.1];[-0.85];6406.92023;[0.1021];[-0.8479];6362.76353),(428888.88025;[0.1];[-0.85];6404.07803;[0.1021];[-0.8479];6359.87923),(428957.37147;[0.1];[-0.85];6404.07803;[0.1021];[-0.8479];6359.87923),(429366.51683;[0.17];[-0.78];6738.11855;[0.1956];[-0.7544];6703.71959),(429787.36591;[0.15];[-0.8];6572.67309;[0.1503];[-0.7997];6520.52665),(430239.51840;[0.1];[-0.85];6468.80418;[0.1216];[-0.8284];6422.84753),(430916.51869;[0.1];[-0.85];6404.07803;[0.1021];[-0.8479];6359.87923),(431272.97902;[0.17];[-0.78];6738.11855;[0.1956];[-0.7544];6703.71959),(431711.72595;[0.15];[-0.8];6592.07825;[0.1572];[-0.7928];6545.16356),(432218.75811;[0.1];[-0.85];6492.20713;[0.1287];[-0.8213];6449.27329),(432558.31695;[0.1];[-0.85];6441.85539;[0.1122];[-0.8378];6396.11765),(432726.86291;[0.1];[-0.85];6422.89759;[0.1051];[-0.8449];6378.69861),(433003.09587;[0.1];[-0.85];6419.08222;[0.1024];[-0.8476];6375.24307),(433076.85113;[0.1];[-0.85];6416.25871;[0.1023];[-0.8477];6372.36310),(433148.67949;[0.1];[-0.85];6414.30195;[0.1024];[-0.8476];6370.30092),(433399.43004;[0.1];[-0.85];6406.92023;[0.1021];[-0.8479];6362.76353),(433490.01670;[0.1];[-0.85];6406.35671;[0.1014];[-0.8486];6362.24194),(433605.98540;[0.1];[-0.85];6404.07803;[0.1021];[-0.8479];6359.87923),(433670.58444;[0.1];[-0.85];6404.07803;[0.1021];[-0.8479];6359.87923),(433959.44333;[0.17];[-0.78];6729.33949;[0.1921];[-0.7579];6697.17420),(434659.95574;[0.15];[-0.8];6572.67309;[0.1503];[-0.7997];6520.52665),(435156.53729;[0.1];[-0.85];6468.80418;[0.1216];[-0.8284];6422.84753),(435475.47531;[0.1];[-0.85];6404.07803;[0.1021];[-0.8479];6359.87923),(436438.20500;[0.16];[-0.79];6708.24637;[0.1866];[-0.7634];6668.84948),(436884.76491;[0.13];[-0.82];6552.18952;[0.1481];[-0.8019];6524.13793),(437232.55849;[0.1];[-0.85];6468.80418;[0.1216];[-0.8284];6422.84753),(438114.57253;[0.1];[-0.85];6404.07803;[0.1021];[-0.8479];6359.87923),(438629.57931;[0.16];[-0.79];6708.24637;[0.1866];[-0.7634];6668.84948),(439177.21915;[0.15];[-0.8];6572.67309;[0.1503];[-0.7997];6520.52665),(439580.70421;[0.1];[-0.85];6491.89668;[0.1285];[-0.8215];6448.95132),(440050.83156;[0.1];[-0.85];6441.85539;[0.1122];[-0.8378];6396.11765),(440191.05935;[0.1];[-0.85];6422.89759;[0.1051];[-0.8449];6378.69861),(440253.08561;[0.1];[-0.85];6420.18703;[0.1022];[-0.8478];6376.26419),(440323.08030;[0.1];[-0.85];6416.25871;[0.1023];[-0.8477];6372.36310),(440383.70228;[0.1];[-0.85];6414.30195;[0.1024];[-0.8476];6370.30092),(440649.84012;[0.1];[-0.85];6406.92023;[0.1021];[-0.8479];6362.76353),(440751.37091;[0.1];[-0.85];6404.07803;[0.1021];[-0.8479];6359.87923),(440993.24107;[0.1];[-0.85];6404.07803;[0.1021];[-0.8479];6359.87923),(441465.56735;[0.16];[-0.79];6693.49120;[0.185];[-0.765];6652.74110),(441914.42585;[0.13];[-0.82];6551.86713;[0.1484];[-0.8016];6523.51117),(442482.43952;[0.1];[-0.85];6466.74901;[0.1213];[-0.8287];6420.73490),(442798.18010;[0.1];[-0.85];6404.07803;[0.1021];[-0.8479];6359.87923),(443847.19086;[0.15];[-0.8];6678.35479;[0.1804];[-0.7696];6635.17391),(444296.50521;[0.13];[-0.82];6532.56298;[0.1416];[-0.8084];6502.00773),(444792.81282;[0.1];[-0.85];6440.28583;[0.1123];[-0.8377];6394.44653),(444918.66827;[0.1];[-0.85];6422.89759;[0.1051];[-0.8449];6378.69861),(445141.50357;[0.1];[-0.85];6418.80578;[0.1023];[-0.8477];6374.98657),(445213.48882;[0.1];[-0.85];6416.25871;[0.1023];[-0.8477];6372.36310),(445309.38482;[0.1];[-0.85];6404.07803;[0.1021];[-0.8479];6359.87923),(445632.33113;[0.1];[-0.85];6404.07803;[0.1021];[-0.8479];6359.87923),(446131.18005;[0.15];[-0.8];6661.49223;[0.1768];[-0.7732];6611.01507),(446577.05879;[0.12];[-0.83];6512.09952;[0.1351];[-0.8149];6474.42222),(446910.71558;[0.1];[-0.85];6404.07803;[0.1021];[-0.8479];6359.87923),(448020.71214;[0.15];[-0.8];6644.00372;[0.1723];[-0.7777];6587.79430),(448450.68669;[0.12];[-0.83];6512.09952;[0.1351];[-0.8149];6474.42222),(449236.79566;[0.1];[-0.85];6440.28583;[0.1123];[-0.8377];6394.44653),(449351.37653;[0.1];[-0.85];6422.89759;[0.1051];[-0.8449];6378.69861),(449610.98146;[0.1];[-0.85];6418.80578;[0.1023];[-0.8477];6374.98657),(449681.61559;[0.1];[-0.85];6416.25871;[0.1023];[-0.8477];6372.36310),(449836.45630;[0.1];[-0.85];6414.30195;[0.1024];[-0.8476];6370.30092),(450025.35677;[0.1];[-0.85];6406.92023;[0.1021];[-0.8479];6362.76353),(450186.58853;[0.1];[-0.85];6406.35671;[0.1014];[-0.8486];6362.24194),(450492.40065;[0.1];[-0.85];6404.07803;[0.1021];[-0.8479];6359.87923),(450944.91720;[0.15];[-0.8];6644.00372;[0.1723];[-0.7777];6587.79430),(451349.11466;[0.12];[-0.83];6512.09952;[0.1351];[-0.8149];6474.42222),(451822.04366;[0.1];[-0.85];6440.28583;[0.1123];[-0.8377];6394.44653),(451924.60299;[0.1];[-0.85];6422.89759;[0.1051];[-0.8449];6378.69861),(452049.88146;[0.1];[-0.85];6418.80578;[0.1023];[-0.8477];6374.98657),(452101.43828;[0.1];[-0.85];6416.25871;[0.1023];[-0.8477];6372.36310),(452195.60790;[0.1];[-0.85];6414.30195;[0.1024];[-0.8476];6370.30092),(452546.67735;[0.1];[-0.85];6406.35671;[0.1014];[-0.8486];6362.24194),(452816.64681;[0.1];[-0.85];6404.07803;[0.1021];[-0.8479];6359.87923),(453357.33843;[0.15];[-0.8];6610.14481;[0.1642];[-0.7858];6570.35376),(453710.32047;[0.1];[-0.85];6490.99925;[0.1295];[-0.8205];6447.85620),(454113.76262;[0.1];[-0.85];6404.07803;[0.1021];[-0.8479];6359.87923),(455180.15432;[0.15];[-0.8];6610.14481;[0.1642];[-0.7858];6570.35376),(455531.46434;[0.1];[-0.85];6490.99925;[0.1295];[-0.8205];6447.85620),(456248.59858;[0.1];[-0.85];6440.28583;[0.1123];[-0.8377];6394.44653),(456356.03023;[0.1];[-0.85];6422.89759;[0.1051];[-0.8449];6378.69861),(456520.90287;[0.1];[-0.85];6418.80578;[0.1023];[-0.8477];6374.98657),(456643.43643;[0.1];[-0.85];6414.30195;[0.1024];[-0.8476];6370.30092),(456860.41737;[0.1];[-0.85];6406.35671;[0.1014];[-0.8486];6362.24194),(457301.21255;[0.1];[-0.85];6404.07803;[0.1021];[-0.8479];6359.87923),(457684.81994;[0.15];[-0.8];6592.07825;[0.1572];[-0.7928];6545.16356),(458084.10931;[0.1];[-0.85];6491.34227;[0.1289];[-0.8211];6448.38774),(458470.82043;[0.1];[-0.85];6404.07803;[0.1021];[-0.8479];6359.87923),(459331.23517;[0.15];[-0.8];6592.07825;[0.1572];[-0.7928];6545.16356),(459724.73907;[0.1];[-0.85];6491.34227;[0.1289];[-0.8211];6448.38774),(460461.13133;[0.1];[-0.85];6440.28583;[0.1123];[-0.8377];6394.44653),(460583.65750;[0.1];[-0.85];6422.89759;[0.1051];[-0.8449];6378.69861),(460744.79198;[0.1];[-0.85];6418.80578;[0.1023];[-0.8477];6374.98657),(460795.07351;[0.1];[-0.85];6416.25871;[0.1023];[-0.8477];6372.36310),(460887.91752;[0.1];[-0.85];6414.30195;[0.1024];[-0.8476];6370.30092),(461292.70887;[0.1];[-0.85];6406.35671;[0.1014];[-0.8486];6362.24194),(462086.34019;[0.15];[-0.8];6571.91287;[0.1498];[-0.8002];6519.93531),(462582.76606;[0.1];[-0.85];6466.74901;[0.1213];[-0.8287];6420.73490),(464252.91896;[0.15];[-0.8];6571.99843;[0.1503];[-0.7997];6519.84717),(464655.49088;[0.1];[-0.85];6491.34227;[0.1289];[-0.8211];6448.38774),(465047.79196;[0.1];[-0.85];6441.52563;[0.1126];[-0.8374];6397.37232),(465320.01162;[0.1];[-0.85];6422.89759;[0.1051];[-0.8449];6378.69861),(465533.91457;[0.1];[-0.85];6418.80578;[0.1023];[-0.8477];6374.98657),(465639.81652;[0.1];[-0.85];6416.25871;[0.1023];[-0.8477];6372.36310),(465756.22058;[0.1];[-0.85];6414.30195;[0.1024];[-0.8476];6370.30092),(466070.17136;[0.1];[-0.85];6406.35671;[0.1014];[-0.8486];6362.24194),(466779.16169;[0.13];[-0.82];6532.56298;[0.1416];[-0.8084];6502.00773),(467125.53596;[0.1];[-0.85];6458.79125;[0.128];[-0.822];6413.26600),(467357.20444;[0.1];[-0.85];6423.79266;[0.1049];[-0.8451];6379.44040),(467454.63610;[0.1];[-0.85];6420.18703;[0.1022];[-0.8478];6376.26419),(467538.34057;[0.1];[-0.85];6416.25871;[0.1023];[-0.8477];6372.36310),(467713.81235;[0.1];[-0.85];6414.30195;[0.1024];[-0.8476];6370.30092),(467790.07721;[0.1];[-0.85];6414.30195;[0.1024];[-0.8476];6370.30092),(469004.72212;[0.13];[-0.82];6511.75649;[0.1356];[-0.8144];6473.89068),(469861.04918;[0.1];[-0.85];6458.79125;[0.128];[-0.822];6413.26600),(469988.47675;[0.1];[-0.85];6423.79266;[0.1049];[-0.8451];6379.44040),(470232.07211;[0.1];[-0.85];6418.80578;[0.1023];[-0.8477];6374.98657),(470296.32282;[0.1];[-0.85];6416.25871;[0.1023];[-0.8477];6372.36310),(470541.77070;[0.1];[-0.85];6414.30195;[0.1024];[-0.8476];6370.30092),(470600.43478;[0.1];[-0.85];6414.30195;[0.1024];[-0.8476];6370.30092),(470664.13569;[0.1];[-0.85];6414.30195;[0.1024];[-0.8476];6370.30092),(470729.09260;[0.1];[-0.85];6414.30195;[0.1024];[-0.8476];6370.30092),(471237.30755;[0.1];[-0.85];6489.25983;[0.1285];[-0.8215];6446.27447),(471522.31336;[0.1];[-0.85];6414.30195;[0.1024];[-0.8476];6370.30092),(472044.04569;[0.1];[-0.85];6414.30195;[0.1024];[-0.8476];6370.30092),(472495.40734;[0.1];[-0.85];6489.25983;[0.1285];[-0.8215];6446.27447),(472806.66161;[0.1];[-0.85];6414.30195;[0.1024];[-0.8476];6370.30092),(473913.11979;[0.1];[-0.85];6465.82722;[0.1214];[-0.8286];6419.69356),(474879.25220;[0.1];[-0.85];6414.30195;[0.1024];[-0.8476];6370.30092),(475412.35471;[0.1];[-0.85];6465.82722;[0.1214];[-0.8286];6419.69356),(475576.03621;[0.1];[-0.85];6424.73798;[0.106];[-0.844];6379.58471),(475667.35482;[0.1];[-0.85];6421.54458;[0.1042];[-0.8458];6377.49870),(475720.52312;[0.1];[-0.85];6416.25871;[0.1023];[-0.8477];6372.36310),(475938.89451;[0.1];[-0.85];6414.30195;[0.1024];[-0.8476];6370.30092),(476004.33803;[0.1];[-0.85];6414.30195;[0.1024];[-0.8476];6370.30092),(476265.23399;[0.1];[-0.85];6414.30195;[0.1024];[-0.8476];6370.30092),(476558.89988;[0.1];[-0.85];6414.30195;[0.1024];[-0.8476];6370.30092),(478335.84046;[0.1];[-0.85];6414.30195;[0.1024];[-0.8476];6370.30092),(479394.45662;[0.28];[-0.67];7046.70347;[0.2529];[-0.6971];7175.27293),(480005.49555;[0.28];[-0.67];7046.70347;[0.2529];[-0.6971];7175.27293),(480619.68851;[0.28];[-0.67];7046.70347;[0.2529];[-0.6971];7175.27293),(481183.51460;[0.28];[-0.67];7046.70347;[0.2529];[-0.6971];7175.27293),(481778.13387;[0.28];[-0.67];7046.70347;[0.2529];[-0.6971];7175.27293),(482000.45466;[0.18];[-0.77];6758.70684;[0.2024];[-0.7476];6728.71424),(482241.38021;[0.14];[-0.81];6565.45052;[0.1518];[-0.7982];6538.51811),(482368.71076;[0.1];[-0.85];6398.77500;[0.1012];[-0.8488];6352.77013),(482446.31195;[0.01];[-0.94];5709.49494;[0.0155];[-0.9345];5670.93687),(482745.60070;[0.];[-0.95];5485.89364;[0.0063];[-0.9437];5448.49053),(482839.67280;[0.];[-0.95];5273.63476;[0.0021];[-0.9479];5240.16554),(482934.71718;[0.];[-0.95];5258.38763;[0.0018];[-0.9482];5224.79938),(483149.69897;[0.];[-0.95];5248.65197;[0.0019];[-0.9481];5214.93047),(484378.03316;[0.25];[-0.7];7024.68706;[0.2386];[-0.7114];7142.57332),(484795.74704;[0.23];[-0.72];6896.51898;[0.2256];[-0.7244];6908.92129),(485322.13211;[0.16];[-0.79];6693.49120;[0.185];[-0.765];6652.74110),(485872.10464;[0.1];[-0.85];6493.55410;[0.1292];[-0.8208];6450.39523),(486916.41164;[0.07];[-0.88];6111.97552;[0.0565];[-0.8935];6069.26220),(487136.41453;[0.02];[-0.93];5918.44087;[0.0322];[-0.9178];5876.41025),(487251.11556;[0.];[-0.95];5500.64508;[0.0068];[-0.9432];5463.19312),(487355.38793;[0.];[-0.95];5259.10184;[0.002];[-0.948];5225.39239),(487469.86675;[0.];[-0.95];5258.38763;[0.0018];[-0.9482];5224.79938),(488014.10413;[0.];[-0.95];5248.65197;[0.0019];[-0.9481];5214.93047),(488611.47189;[0.28];[-0.67];7024.03172;[0.2508];[-0.6992];7098.23998),(488916.82410;[0.23];[-0.72];6888.17630;[0.2229];[-0.7271];6896.81113),(489343.73236;[0.16];[-0.79];6693.28303;[0.1846];[-0.7654];6652.63351),(489955.21092;[0.12];[-0.83];6498.13050;[0.1345];[-0.8155];6464.30014),(490447.47496;[0.];[-0.95];5248.65197;[0.0019];[-0.9481];5214.93047),(491793.77842;[0.28];[-0.67];7024.03172;[0.2508];[-0.6992];7098.23998),(492095.22843;[0.23];[-0.72];6888.17630;[0.2229];[-0.7271];6896.81113),(492540.08675;[0.16];[-0.79];6693.28303;[0.1846];[-0.7654];6652.63351),(493176.65362;[0.12];[-0.83];6498.13050;[0.1345];[-0.8155];6464.30014),(494076.72381;[0.09];[-0.86];6276.04408;[0.0762];[-0.8738];6230.60336),(494189.33845;[0.07];[-0.88];6101.84187;[0.0547];[-0.8953];6059.33967),(494305.67312;[0.01];[-0.94];5696.37425;[0.0151];[-0.9349];5657.62094),(494461.55930;[0.];[-0.95];5469.73844;[0.0062];[-0.9438];5435.26267),(494579.99563;[0.];[-0.95];5457.13638;[0.0061];[-0.9439];5422.60670),(495096.01164;[0.28];[-0.67];7024.03172;[0.2508];[-0.6992];7098.23998),(495411.61418;[0.23];[-0.72];6861.85213;[0.2188];[-0.7312];6872.77496),(495743.62636;[0.16];[-0.79];6692.48097;[0.1842];[-0.7658];6651.87044),(496325.03033;[0.12];[-0.83];6509.12256;[0.1351];[-0.8149];6471.26824),(497055.00364;[0.1];[-0.85];6391.03478;[0.1006];[-0.8494];6344.96312),(497177.64497;[0.06];[-0.89];6109.29235;[0.0547];[-0.8953];6066.84798),(497243.39986;[0.02];[-0.93];5912.22386;[0.0325];[-0.9175];5870.00078),(497397.77899;[0.02];[-0.93];5900.18705;[0.032];[-0.918];5857.92693),(498218.90926;[0.28];[-0.67];7024.03172;[0.2508];[-0.6992];7098.23998),(498623.01612;[0.23];[-0.72];6851.54663;[0.2166];[-0.7334];6857.85815),(499094.33961;[0.15];[-0.8];6678.35479;[0.1804];[-0.7696];6635.17391),(499488.21330;[0.12];[-0.83];6512.09952;[0.1351];[-0.8149];6474.42222),(500300.28534;[0.1];[-0.85];6420.18703;[0.1022];[-0.8478];6376.26419),(500412.18686;[0.09];[-0.86];6271.98273;[0.0761];[-0.8739];6226.59938),(500542.45758;[0.07];[-0.88];6098.52023;[0.0547];[-0.8953];6055.94929),(500653.32007;[0.06];[-0.89];6090.20180;[0.0544];[-0.8956];6047.47992),(500789.80422;[0.06];[-0.89];6086.00834;[0.0544];[-0.8956];6043.26143),(501071.88988;[0.02];[-0.93];5900.18705;[0.032];[-0.918];5857.92693),(501360.26621;[0.02];[-0.93];5900.18705;[0.032];[-0.918];5857.92693),(501675.80009;[0.28];[-0.67];7024.03172;[0.2508];[-0.6992];7098.23998),(502084.40948;[0.22];[-0.73];6822.76033;[0.2118];[-0.7382];6821.89025),(502412.63413;[0.15];[-0.8];6656.57543;[0.178];[-0.772];6629.31151),(502951.04742;[0.12];[-0.83];6512.09952;[0.1351];[-0.8149];6474.42222),(503383.05259;[0.02];[-0.93];5900.18705;[0.032];[-0.918];5857.92693),(504029.74701;[0.28];[-0.67];7020.99429;[0.2526];[-0.6974];7088.72754),(504454.06270;[0.22];[-0.73];6822.76033;[0.2118];[-0.7382];6821.89025),(504757.17473;[0.15];[-0.8];6656.57543;[0.178];[-0.772];6629.31151),(505235.53157;[0.12];[-0.83];6512.09952;[0.1351];[-0.8149];6474.42222),(505915.16852;[0.1];[-0.85];6421.98475;[0.1038];[-0.8462];6377.80595),(506140.57541;[0.09];[-0.86];6273.00452;[0.0757];[-0.8743];6227.70959),(506349.90788;[0.07];[-0.88];6094.84329;[0.0547];[-0.8953];6052.15674),(506748.78263;[0.06];[-0.89];6092.72040;[0.054];[-0.896];6050.12287),(506832.93653;[0.06];[-0.89];6090.20180;[0.0544];[-0.8956];6047.47992),(506885.83279;[0.06];[-0.89];6090.20180;[0.0544];[-0.8956];6047.47992),(507377.87414;[0.06];[-0.89];6086.00834;[0.0544];[-0.8956];6043.26143),(507950.01435;[0.26];[-0.69];7010.94454;[0.242];[-0.708];7075.79038),(508378.65639;[0.19];[-0.76];6792.04383;[0.2];[-0.75];6781.52581),(508860.53085;[0.15];[-0.8];6643.97936;[0.1739];[-0.7761];6607.88271),(509356.91571;[0.12];[-0.83];6510.57329;[0.1348];[-0.8152];6474.63264),(509785.76136;[0.06];[-0.89];6086.00834;[0.0544];[-0.8956];6043.26143),(510924.91341;[0.26];[-0.69];7010.94454;[0.242];[-0.708];7075.79038),(511307.55496;[0.19];[-0.76];6792.04383;[0.2];[-0.75];6781.52581),(511845.23320;[0.15];[-0.8];6643.97936;[0.1739];[-0.7761];6607.88271),(512542.14001;[0.12];[-0.83];6509.39228;[0.1352];[-0.8148];6473.36156),(513512.42137;[0.1];[-0.85];6422.89759;[0.1051];[-0.8449];6378.69861),(513782.70912;[0.09];[-0.86];6273.84194;[0.0756];[-0.8744];6228.40940),(513868.57486;[0.06];[-0.89];6090.20180;[0.0544];[-0.8956];6047.47992),(514226.85289;[0.06];[-0.89];6090.20180;[0.0544];[-0.8956];6047.47992),(514279.71578;[0.06];[-0.89];6090.20180;[0.0544];[-0.8956];6047.47992),(515195.60051;[0.26];[-0.69];6997.33662;[0.2388];[-0.7112];7056.71282),(515647.59135;[0.19];[-0.76];6777.07797;[0.203];[-0.747];6759.40030),(516005.61666;[0.15];[-0.8];6643.01493;[0.1726];[-0.7774];6607.37302),(516618.21818;[0.12];[-0.83];6507.86766;[0.1352];[-0.8148];6469.97365),(517545.16792;[0.1];[-0.85];6423.79266;[0.1049];[-0.8451];6379.44040),(517705.36113;[0.09];[-0.86];6273.84194;[0.0756];[-0.8744];6228.40940),(517800.03572;[0.09];[-0.86];6263.65300;[0.0759];[-0.8741];6218.06761),(517953.33362;[0.06];[-0.89];6093.10110;[0.0544];[-0.8956];6050.46726),(518217.29255;[0.06];[-0.89];6090.20180;[0.0544];[-0.8956];6047.47992),(518275.27237;[0.06];[-0.89];6090.20180;[0.0544];[-0.8956];6047.47992),(518587.48674;[0.06];[-0.89];6090.20180;[0.0544];[-0.8956];6047.47992),(519030.10607;[0.23];[-0.72];6980.33662;[0.2272];[-0.7228];7043.09796),(519418.09249;[0.18];[-0.77];6764.34353;[0.205];[-0.745];6738.02950),(520088.09543;[0.15];[-0.8];6610.14481;[0.1642];[-0.7858];6570.35376),(520464.03861;[0.1];[-0.85];6471.80819;[0.1224];[-0.8276];6425.65166),(520784.70302;[0.06];[-0.89];6090.20180;[0.0544];[-0.8956];6047.47992),(522165.90595;[0.25];[-0.7];6968.63170;[0.233];[-0.717];7021.22230),(522537.01472;[0.18];[-0.77];6764.34353;[0.205];[-0.745];6738.02950),(523185.77886;[0.15];[-0.8];6610.14481;[0.1642];[-0.7858];6570.35376),(523603.41668;[0.1];[-0.85];6471.80819;[0.1224];[-0.8276];6425.65166),(525722.72706;[0.25];[-0.7];6968.63170;[0.233];[-0.717];7021.22230),(526115.30948;[0.18];[-0.77];6764.34353;[0.205];[-0.745];6738.02950),(526460.11758;[0.15];[-0.8];6640.17951;[0.173];[-0.777];6609.48148),(527027.11272;[0.12];[-0.83];6507.19015;[0.1346];[-0.8154];6471.16760),(527393.38279;[0.1];[-0.85];6423.79266;[0.1049];[-0.8451];6379.44040),(527564.74233;[0.09];[-0.86];6273.84194;[0.0756];[-0.8744];6228.40940),(527663.28716;[0.09];[-0.86];6263.65300;[0.0759];[-0.8741];6218.06761),(527754.27508;[0.06];[-0.89];6090.20180;[0.0544];[-0.8956];6047.47992),(527957.45206;[0.06];[-0.89];6090.20180;[0.0544];[-0.8956];6047.47992),(528448.70067;[0.23];[-0.72];6948.54459;[0.2251];[-0.7249];6996.76782),(528795.77661;[0.18];[-0.77];6758.58023;[0.2024];[-0.7476];6728.59612),(529343.74809;[0.15];[-0.8];6609.83651;[0.1621];[-0.7879];6570.45044),(529782.97281;[0.1];[-0.85];6471.80819;[0.1224];[-0.8276];6425.65166),(531096.12417;[0.23];[-0.72];6948.54459;[0.2251];[-0.7249];6996.76782),(531495.32199;[0.18];[-0.77];6764.34353;[0.205];[-0.745];6738.02950),(532031.23283;[0.15];[-0.8];6627.94611;[0.1696];[-0.7804];6590.35994),(532786.63731;[0.12];[-0.83];6505.80863;[0.1353];[-0.8147];6472.06035),(533314.02254;[0.1];[-0.85];6430.46861;[0.1118];[-0.8382];6384.40983),(533489.00056;[0.09];[-0.86];6274.89484;[0.0768];[-0.8732];6229.54411),(533623.15345;[0.09];[-0.86];6266.03303;[0.0757];[-0.8743];6220.48613),(533697.66355;[0.09];[-0.86];6263.65300;[0.0759];[-0.8741];6218.06761),(533918.54405;[0.09];[-0.86];6260.20263;[0.0758];[-0.8742];6214.52646),(533975.34132;[0.09];[-0.86];6260.20263;[0.0758];[-0.8742];6214.52646),(534188.21192;[0.09];[-0.86];6249.36377;[0.0744];[-0.8756];6203.63058),(534734.93099;[0.26];[-0.69];6940.89789;[0.2397];[-0.7103];6965.14148),(535511.10482;[0.17];[-0.78];6738.11855;[0.1956];[-0.7544];6703.71959),(536025.93470;[0.15];[-0.8];6585.37657;[0.1546];[-0.7954];6543.78958),(536393.99767;[0.1];[-0.85];6471.80819;[0.1224];[-0.8276];6425.65166),(536824.38946;[0.09];[-0.86];6249.36377;[0.0744];[-0.8756];6203.63058),(537728.68896;[0.26];[-0.69];6940.89789;[0.2397];[-0.7103];6965.14148),(538205.95789;[0.17];[-0.78];6738.11855;[0.1956];[-0.7544];6703.71959),(538768.39757;[0.15];[-0.8];6585.37657;[0.1546];[-0.7954];6543.78958),(539177.27900;[0.1];[-0.85];6471.80819;[0.1224];[-0.8276];6425.65166),(540729.11429;[0.26];[-0.69];6940.89789;[0.2397];[-0.7103];6965.14148),(541200.81639;[0.18];[-0.77];6748.76218;[0.1993];[-0.7507];6715.58134),(541653.87297;[0.15];[-0.8];6609.17577;[0.1636];[-0.7864];6569.51850),(542119.46440;[0.12];[-0.83];6505.10806;[0.1346];[-0.8154];6469.04484),(542594.22040;[0.1];[-0.85];6437.81579;[0.1129];[-0.8371];6393.46291),(542796.40388;[0.09];[-0.86];6274.81500;[0.0763];[-0.8737];6229.47227),(542896.32058;[0.09];[-0.86];6266.03303;[0.0757];[-0.8743];6220.48613),(543013.98206;[0.09];[-0.86];6263.65300;[0.0759];[-0.8741];6218.06761),(543266.72983;[0.09];[-0.86];6263.21573;[0.0754];[-0.8746];6217.65298),(543351.05872;[0.09];[-0.86];6260.20263;[0.0758];[-0.8742];6214.52646),(543415.12060;[0.09];[-0.86];6260.20263;[0.0758];[-0.8742];6214.52646),(544009.26661;[0.25];[-0.7];6928.24012;[0.2334];[-0.7166];6943.30985),(544316.27488;[0.17];[-0.78];6729.33949;[0.1921];[-0.7579];6697.17420),(544856.36568;[0.15];[-0.8];6573.39319;[0.1506];[-0.7994];6520.95162),(545245.44215;[0.1];[-0.85];6471.80819;[0.1224];[-0.8276];6425.65166),(545595.91937;[0.09];[-0.86];6260.20263;[0.0758];[-0.8742];6214.52646),(546004.28534;[0.09];[-0.86];6260.20263;[0.0758];[-0.8742];6214.52646),(546585.90412;[0.25];[-0.7];6928.24012;[0.2334];[-0.7166];6943.30985),(546894.70530;[0.17];[-0.78];6729.86620;[0.1922];[-0.7578];6697.75784),(547357.39660;[0.15];[-0.8];6573.39319;[0.1506];[-0.7994];6520.95162),(547783.67639;[0.1];[-0.85];6471.80819;[0.1224];[-0.8276];6425.65166),(548088.56940;[0.09];[-0.86];6260.20263;[0.0758];[-0.8742];6214.52646),(549026.62444;[0.25];[-0.7];6921.72566;[0.2316];[-0.7184];6943.60828),(549331.27451;[0.17];[-0.78];6729.86620;[0.1922];[-0.7578];6697.75784),(549830.13344;[0.15];[-0.8];6573.39319;[0.1506];[-0.7994];6520.95162),(550300.91643;[0.1];[-0.85];6471.80819;[0.1224];[-0.8276];6425.65166),(551493.70480;[0.25];[-0.7];6921.72566;[0.2316];[-0.7184];6943.60828),(551827.03590;[0.17];[-0.78];6729.86620;[0.1922];[-0.7578];6697.75784),(552342.34643;[0.15];[-0.8];6573.39319;[0.1506];[-0.7994];6520.95162),(552806.68831;[0.1];[-0.85];6471.80819;[0.1224];[-0.8276];6425.65166),(552898.39816;[0.1];[-0.85];6418.73440;[0.1029];[-0.8471];6374.84154),(553065.76610;[0.09];[-0.86];6273.00452;[0.0757];[-0.8743];6227.70959),(553232.06043;[0.09];[-0.86];6266.03303;[0.0757];[-0.8743];6220.48613),(553308.93612;[0.09];[-0.86];6263.65300;[0.0759];[-0.8741];6218.06761),(553718.70112;[0.09];[-0.86];6263.21573;[0.0754];[-0.8746];6217.65298),(553770.35284;[0.09];[-0.86];6263.21573;[0.0754];[-0.8746];6217.65298),(554180.25661;[0.23];[-0.72];6899.68035;[0.2258];[-0.7242];6912.10195),(554609.94315;[0.16];[-0.79];6693.49120;[0.185];[-0.765];6652.74110),(555020.60318;[0.13];[-0.82];6529.51364;[0.1416];[-0.8084];6498.81411),(555350.12817;[0.09];[-0.86];6263.21573;[0.0754];[-0.8746];6217.65298),(555727.84758;[0.09];[-0.86];6260.20263;[0.0758];[-0.8742];6214.52646),(556284.44219;[0.23];[-0.72];6888.21263;[0.2233];[-0.7267];6896.78463),(556685.41694;[0.16];[-0.79];6693.49120;[0.185];[-0.765];6652.74110),(557117.87462;[0.13];[-0.82];6529.51364;[0.1416];[-0.8084];6498.81411),(557442.27266;[0.09];[-0.86];6260.20263;[0.0758];[-0.8742];6214.52646),(558463.27209;[0.23];[-0.72];6888.21263;[0.2233];[-0.7267];6896.78463),(558866.83822;[0.16];[-0.79];6693.49120;[0.185];[-0.765];6652.74110),(559343.44554;[0.13];[-0.82];6529.51364;[0.1416];[-0.8084];6498.81411),(560017.00783;[0.1];[-0.85];6441.52563;[0.1126];[-0.8374];6397.37232),(560315.51576;[0.09];[-0.86];6273.00452;[0.0757];[-0.8743];6227.70959),(560422.92309;[0.09];[-0.86];6266.03303;[0.0757];[-0.8743];6220.48613),(560520.77866;[0.09];[-0.86];6263.65300;[0.0759];[-0.8741];6218.06761),(560721.41528;[0.09];[-0.86];6263.21573;[0.0754];[-0.8746];6217.65298),(561447.31355;[0.22];[-0.73];6863.86035;[0.2141];[-0.7359];6876.89511),(561775.55084;[0.16];[-0.79];6692.48097;[0.1842];[-0.7658];6651.87044),(562435.88090;[0.13];[-0.82];6550.27927;[0.1475];[-0.8025];6522.16144),(562948.44818;[0.1];[-0.85];6441.85539;[0.1122];[-0.8378];6396.11765),(563075.28758;[0.1];[-0.85];6406.64130;[0.1016];[-0.8484];6362.54146),(563190.04440;[0.09];[-0.86];6263.65300;[0.0759];[-0.8741];6218.06761),(563356.95457;[0.09];[-0.86];6263.65300;[0.0759];[-0.8741];6218.06761),(563420.41636;[0.09];[-0.86];6263.21573;[0.0754];[-0.8746];6217.65298),(563961.85303;[0.23];[-0.72];6851.54663;[0.2166];[-0.7334];6857.85815),(564426.64051;[0.15];[-0.8];6661.49223;[0.1768];[-0.7732];6611.01507),(565024.19591;[0.12];[-0.83];6519.53692;[0.1391];[-0.8109];6471.60945),(565806.81777;[0.1];[-0.85];6443.20750;[0.113];[-0.837];6399.09298),(565917.35816;[0.1];[-0.85];6414.30195;[0.1024];[-0.8476];6370.30092),(566012.18081;[0.09];[-0.86];6263.21573;[0.0754];[-0.8746];6217.65298),(567124.42565;[0.22];[-0.73];6823.35221;[0.2122];[-0.7378];6822.28519),(567562.74724;[0.15];[-0.8];6661.49223;[0.1768];[-0.7732];6611.01507),(568085.08396;[0.13];[-0.82];6516.13689;[0.1375];[-0.8125];6477.75865),(568464.04386;[0.1];[-0.85];6444.00133;[0.1132];[-0.8368];6399.85076),(568568.66860;[0.1];[-0.85];6416.25871;[0.1023];[-0.8477];6372.36310),(568717.36550;[0.1];[-0.85];6406.92023;[0.1021];[-0.8479];6362.76353),(568872.86830;[0.1];[-0.85];6404.07803;[0.1021];[-0.8479];6359.87923),(568940.45901;[0.1];[-0.85];6404.07803;[0.1021];[-0.8479];6359.87923),(569190.58800;[0.1];[-0.85];6404.07803;[0.1021];[-0.8479];6359.87923),(569698.59743;[0.16];[-0.79];6806.43835;[0.1972];[-0.7528];6801.75515),(570014.06670;[0.15];[-0.8];6643.94853;[0.1732];[-0.7768];6608.27130),(570490.74769;[0.13];[-0.82];6495.91950;[0.1407];[-0.8093];6448.22678),(570802.14977;[0.1];[-0.85];6404.07803;[0.1021];[-0.8479];6359.87923),(571118.31856;[0.1];[-0.85];6404.07803;[0.1021];[-0.8479];6359.87923),(571506.14643;[0.19];[-0.76];6792.04383;[0.2];[-0.75];6781.52581),(572005.74422;[0.15];[-0.8];6626.62907;[0.1677];[-0.7823];6589.77586),(572476.99308;[0.13];[-0.82];6495.91950;[0.1407];[-0.8093];6448.22678),(572779.68311;[0.1];[-0.85];6404.07803;[0.1021];[-0.8479];6359.87923),(573694.99922;[0.19];[-0.76];6792.04383;[0.2];[-0.75];6781.52581),(574134.25589;[0.15];[-0.8];6626.62907;[0.1677];[-0.7823];6589.77586),(574530.98607;[0.13];[-0.82];6495.91950;[0.1407];[-0.8093];6448.22678),(575161.57174;[0.1];[-0.85];6444.33108;[0.1131];[-0.8369];6398.59609),(575271.54326;[0.1];[-0.85];6416.25871;[0.1023];[-0.8477];6372.36310),(575625.94652;[0.1];[-0.85];6406.92023;[0.1021];[-0.8479];6362.76353),(575728.98960;[0.1];[-0.85];6404.07803;[0.1021];[-0.8479];6359.87923),(575872.49088;[0.1];[-0.85];6404.07803;[0.1021];[-0.8479];6359.87923),(576435.71901;[0.19];[-0.76];6768.83217;[0.2071];[-0.7429];6746.99423),(576763.66091;[0.15];[-0.8];6625.69728;[0.1678];[-0.7822];6588.80406),(577168.64324;[0.1];[-0.85];6494.71248;[0.1306];[-0.8194];6451.32625),(577882.58004;[0.1];[-0.85];6443.20750;[0.113];[-0.837];6399.09298),(577987.54621;[0.1];[-0.85];6414.30195;[0.1024];[-0.8476];6370.30092),(578487.20956;[0.1];[-0.85];6406.92023;[0.1021];[-0.8479];6362.76353),(578536.36575;[0.1];[-0.85];6406.92023;[0.1021];[-0.8479];6362.76353),(578627.88486;[0.1];[-0.85];6404.07803;[0.1021];[-0.8479];6359.87923),(578682.00970;[0.1];[-0.85];6404.07803;[0.1021];[-0.8479];6359.87923),(579127.06947;[0.18];[-0.77];6764.34353;[0.205];[-0.745];6738.02950),(579601.22705;[0.15];[-0.8];6619.29292;[0.1679];[-0.7821];6587.39967),(580199.32699;[0.1];[-0.85];6493.55410;[0.1292];[-0.8208];6450.39523),(580905.25675;[0.1];[-0.85];6443.20750;[0.113];[-0.837];6399.09298),(581025.46406;[0.1];[-0.85];6414.30195;[0.1024];[-0.8476];6370.30092),(581162.01663;[0.1];[-0.85];6406.92023;[0.1021];[-0.8479];6362.76353),(581348.85335;[0.1];[-0.85];6404.07803;[0.1021];[-0.8479];6359.87923),(581404.52743;[0.1];[-0.85];6404.07803;[0.1021];[-0.8479];6359.87923),(581790.68923;[0.18];[-0.77];6758.70684;[0.2024];[-0.7476];6728.71424),(582294.64102;[0.15];[-0.8];6592.13726;[0.1573];[-0.7927];6544.94787),(582662.67061;[0.1];[-0.85];6493.20123;[0.1299];[-0.8201];6449.98235),(583473.02485;[0.1];[-0.85];6441.85539;[0.1122];[-0.8378];6396.11765),(583624.09592;[0.1];[-0.85];6406.92023;[0.1021];[-0.8479];6362.76353),(583803.20454;[0.1];[-0.85];6404.07803;[0.1021];[-0.8479];6359.87923),(584463.68599;[0.18];[-0.77];6748.76218;[0.1993];[-0.7507];6715.58134),(585011.74784;[0.15];[-0.8];6592.13726;[0.1573];[-0.7927];6544.94787),(585622.57385;[0.1];[-0.85];6492.26325;[0.1285];[-0.8215];6449.18359),(586423.01583;[0.1];[-0.85];6441.85539;[0.1122];[-0.8378];6396.11765),(586586.26461;[0.1];[-0.85];6423.79266;[0.1049];[-0.8451];6379.44040),(586673.76971;[0.1];[-0.85];6420.18703;[0.1022];[-0.8478];6376.26419),(586831.93064;[0.1];[-0.85];6417.02991;[0.1022];[-0.8478];6373.18095),(586881.39892;[0.1];[-0.85];6416.25871;[0.1023];[-0.8477];6372.36310),(586942.69705;[0.1];[-0.85];6414.30195;[0.1024];[-0.8476];6370.30092),(587054.05521;[0.1];[-0.85];6406.92023;[0.1021];[-0.8479];6362.76353),(587153.76496;[0.1];[-0.85];6404.07803;[0.1021];[-0.8479];6359.87923),(587227.32520;[0.1];[-0.85];6404.07803;[0.1021];[-0.8479];6359.87923),(587631.23870;[0.17];[-0.78];6738.11855;[0.1956];[-0.7544];6703.71959),(588042.58108;[0.15];[-0.8];6572.67309;[0.1503];[-0.7997];6520.52665),(588489.44044;[0.1];[-0.85];6468.80418;[0.1216];[-0.8284];6422.84753),(589193.77613;[0.1];[-0.85];6404.07803;[0.1021];[-0.8479];6359.87923),(589514.21690;[0.17];[-0.78];6738.11855;[0.1956];[-0.7544];6703.71959),(589995.44692;[0.15];[-0.8];6592.07825;[0.1572];[-0.7928];6545.16356),(590509.10425;[0.1];[-0.85];6492.20713;[0.1287];[-0.8213];6449.27329),(590865.43155;[0.1];[-0.85];6441.85539;[0.1122];[-0.8378];6396.11765),(591038.03730;[0.1];[-0.85];6422.89759;[0.1051];[-0.8449];6378.69861),(591343.47892;[0.1];[-0.85];6419.08222;[0.1024];[-0.8476];6375.24307),(591419.02971;[0.1];[-0.85];6416.25871;[0.1023];[-0.8477];6372.36310),(591483.39844;[0.1];[-0.85];6414.30195;[0.1024];[-0.8476];6370.30092),(591777.36545;[0.1];[-0.85];6406.92023;[0.1021];[-0.8479];6362.76353),(591928.90501;[0.1];[-0.85];6406.35671;[0.1014];[-0.8486];6362.24194),(592099.75243;[0.1];[-0.85];6404.07803;[0.1021];[-0.8479];6359.87923),(592172.79935;[0.1];[-0.85];6404.07803;[0.1021];[-0.8479];6359.87923),(592595.35789;[0.17];[-0.78];6729.33949;[0.1921];[-0.7579];6697.17420),(593154.68764;[0.15];[-0.8];6572.67309;[0.1503];[-0.7997];6520.52665),(593613.06357;[0.1];[-0.85];6468.80418;[0.1216];[-0.8284];6422.84753),(593973.70338;[0.1];[-0.85];6404.07803;[0.1021];[-0.8479];6359.87923),(594971.45891;[0.16];[-0.79];6708.24637;[0.1866];[-0.7634];6668.84948),(595428.32541;[0.13];[-0.82];6552.18952;[0.1481];[-0.8019];6524.13793),(595762.25924;[0.1];[-0.85];6468.80418;[0.1216];[-0.8284];6422.84753),(596760.72192;[0.1];[-0.85];6404.07803;[0.1021];[-0.8479];6359.87923),(597285.12168;[0.16];[-0.79];6708.24637;[0.1866];[-0.7634];6668.84948),(597940.74035;[0.15];[-0.8];6572.67309;[0.1503];[-0.7997];6520.52665),(598518.82720;[0.1];[-0.85];6491.89668;[0.1285];[-0.8215];6448.95132),(598985.47077;[0.1];[-0.85];6441.85539;[0.1122];[-0.8378];6396.11765),(599118.79325;[0.1];[-0.85];6422.89759;[0.1051];[-0.8449];6378.69861),(599171.45395;[0.1];[-0.85];6420.18703;[0.1022];[-0.8478];6376.26419),(599242.45954;[0.1];[-0.85];6416.25871;[0.1023];[-0.8477];6372.36310),(599295.78209;[0.1];[-0.85];6414.30195;[0.1024];[-0.8476];6370.30092),(599567.69896;[0.1];[-0.85];6406.92023;[0.1021];[-0.8479];6362.76353),(599666.56470;[0.1];[-0.85];6404.07803;[0.1021];[-0.8479];6359.87923),(599908.05817;[0.1];[-0.85];6404.07803;[0.1021];[-0.8479];6359.87923),(600415.28726;[0.16];[-0.79];6693.49120;[0.185];[-0.765];6652.74110)]"
8,6620.373616873652,[0.1915],[-0.7585],600046.1871623993,"[(70.35732;[0.17];[-0.78];6517.91973;[0.1915];[-0.7585];6620.37362),(563.46416;[0.17];[-0.78];6517.91973;[0.1915];[-0.7585];6620.37362),(869.77267;[0.17];[-0.78];6517.91973;[0.1915];[-0.7585];6620.37362),(1162.21285;[0.17];[-0.78];6517.91973;[0.1915];[-0.7585];6620.37362),(1457.97300;[0.17];[-0.78];6517.91973;[0.1915];[-0.7585];6620.37362),(1745.42880;[0.17];[-0.78];6517.91973;[0.1915];[-0.7585];6620.37362),(2008.20637;[0.1];[-0.85];6143.13750;[0.0825];[-0.8675];6101.57672),(2133.11577;[0.05];[-0.9];6022.94616;[0.0438];[-0.9062];5974.58090),(2270.86663;[0.01];[-0.94];5645.24556;[0.0101];[-0.9399];5602.53315),(2382.51662;[0.];[-0.95];5181.26841;[0.0013];[-0.9487];5145.73900),(2553.49827;[0.];[-0.95];5003.63400;[0.0004];[-0.9496];4969.50716),(2656.08382;[0.];[-0.95];4752.32601;[0.0001];[-0.9499];4722.25217),(2768.10098;[0.];[-0.95];4739.55673;[0.0001];[-0.9499];4709.36029),(2910.71486;[0.];[-0.95];4733.84374;[0.0001];[-0.9499];4703.66244),(3392.81750;[0.15];[-0.8];6496.26373;[0.177];[-0.773];6597.73222),(3855.84688;[0.14];[-0.81];6370.00722;[0.1514];[-0.7986];6382.59304),(4540.09438;[0.1];[-0.85];6188.55785;[0.1039];[-0.8461];6143.06670),(5044.60311;[0.07];[-0.88];6045.00095;[0.0531];[-0.8969];5999.37877),(5742.69748;[0.01];[-0.94];5807.43803;[0.0173];[-0.9327];5763.96112),(5915.36427;[0.];[-0.95];5239.14871;[0.0016];[-0.9484];5200.85206),(6021.20924;[0.];[-0.95];5007.56453;[0.0004];[-0.9496];4973.45857),(6189.52036;[0.];[-0.95];4993.80809;[0.0004];[-0.9496];4959.58504),(6448.59195;[0.];[-0.95];4993.45097;[0.0004];[-0.9496];4959.21223),(6544.44528;[0.];[-0.95];4989.05132;[0.0004];[-0.9496];4954.76568),(6609.15446;[0.];[-0.95];4989.05132;[0.0004];[-0.9496];4954.76568),(6674.52955;[0.];[-0.95];4989.05132;[0.0004];[-0.9496];4954.76568),(6730.88598;[0.];[-0.95];4989.05132;[0.0004];[-0.9496];4954.76568),(7032.90129;[0.15];[-0.8];6494.66843;[0.1862];[-0.7638];6551.69406),(7430.65500;[0.14];[-0.81];6364.23625;[0.1486];[-0.8014];6372.22152),(7981.43458;[0.1];[-0.85];6188.55785;[0.1039];[-0.8461];6143.06670),(8539.39056;[0.08];[-0.87];6049.24973;[0.0587];[-0.8913];6010.97618),(8869.32397;[0.];[-0.95];4989.05132;[0.0004];[-0.9496];4954.76568),(9579.11158;[0.];[-0.95];4989.05132;[0.0004];[-0.9496];4954.76568),(9866.31942;[0.15];[-0.8];6494.66843;[0.1862];[-0.7638];6551.69406),(10337.41951;[0.14];[-0.81];6364.23625;[0.1486];[-0.8014];6372.22152),(10871.46544;[0.1];[-0.85];6188.55785;[0.1039];[-0.8461];6143.06670),(11438.73215;[0.08];[-0.87];6049.24973;[0.0587];[-0.8913];6010.97618),(11767.02237;[0.];[-0.95];4989.05132;[0.0004];[-0.9496];4954.76568),(13011.72948;[0.];[-0.95];4989.05132;[0.0004];[-0.9496];4954.76568),(13313.03883;[0.15];[-0.8];6494.66843;[0.1862];[-0.7638];6551.69406),(13685.17590;[0.14];[-0.81];6355.81062;[0.1466];[-0.8034];6360.34453),(14199.01752;[0.1];[-0.85];6188.55785;[0.1039];[-0.8461];6143.06670),(14718.41478;[0.08];[-0.87];6049.24973;[0.0587];[-0.8913];6010.97618),(15075.29068;[0.];[-0.95];4989.05132;[0.0004];[-0.9496];4954.76568),(15666.08262;[0.];[-0.95];4989.05132;[0.0004];[-0.9496];4954.76568),(15970.57009;[0.15];[-0.8];6494.66843;[0.1862];[-0.7638];6551.69406),(16348.30165;[0.14];[-0.81];6355.81062;[0.1466];[-0.8034];6360.34453),(16871.25301;[0.1];[-0.85];6188.55785;[0.1039];[-0.8461];6143.06670),(17406.67152;[0.08];[-0.87];6049.24973;[0.0587];[-0.8913];6010.97618),(17825.67191;[0.];[-0.95];4989.05132;[0.0004];[-0.9496];4954.76568),(18459.23471;[0.];[-0.95];4989.05132;[0.0004];[-0.9496];4954.76568),(18918.72048;[0.15];[-0.8];6494.66843;[0.1862];[-0.7638];6551.69406),(19434.47614;[0.14];[-0.81];6355.81062;[0.1466];[-0.8034];6360.34453),(20225.61932;[0.1];[-0.85];6188.55785;[0.1039];[-0.8461];6143.06670),(20776.93415;[0.08];[-0.87];6049.24973;[0.0587];[-0.8913];6010.97618),(21116.58573;[0.];[-0.95];4989.05132;[0.0004];[-0.9496];4954.76568),(21739.01200;[0.];[-0.95];4989.05132;[0.0004];[-0.9496];4954.76568),(22024.40476;[0.15];[-0.8];6494.66843;[0.1862];[-0.7638];6551.69406),(22445.48535;[0.14];[-0.81];6355.81062;[0.1466];[-0.8034];6360.34453),(22969.61665;[0.1];[-0.85];6188.55785;[0.1039];[-0.8461];6143.06670),(23555.10139;[0.08];[-0.87];6049.24973;[0.0587];[-0.8913];6010.97618),(23950.63186;[0.];[-0.95];4989.05132;[0.0004];[-0.9496];4954.76568),(24886.97243;[0.];[-0.95];4989.05132;[0.0004];[-0.9496];4954.76568),(25177.50740;[0.15];[-0.8];6494.66843;[0.1862];[-0.7638];6551.69406),(25699.10026;[0.14];[-0.81];6343.50686;[0.1433];[-0.8067];6344.60873),(26154.97494;[0.1];[-0.85];6178.95064;[0.1];[-0.85];6144.20276),(26699.15676;[0.08];[-0.87];6049.24973;[0.0587];[-0.8913];6010.97618),(27042.12570;[0.];[-0.95];4989.05132;[0.0004];[-0.9496];4954.76568),(28058.40659;[0.15];[-0.8];6494.66843;[0.1862];[-0.7638];6551.69406),(28528.68629;[0.14];[-0.81];6343.50686;[0.1433];[-0.8067];6344.60873),(28931.69808;[0.1];[-0.85];6178.95064;[0.1];[-0.85];6144.20276),(29387.32743;[0.08];[-0.87];6049.24973;[0.0587];[-0.8913];6010.97618),(30213.62185;[0.01];[-0.94];5819.44001;[0.0178];[-0.9322];5775.82424),(30413.49673;[0.];[-0.95];5433.16183;[0.0044];[-0.9456];5391.21732),(30695.98007;[0.];[-0.95];5225.16390;[0.0016];[-0.9484];5186.74524),(30766.31927;[0.];[-0.95];5198.50680;[0.0014];[-0.9486];5163.12607),(30992.15150;[0.];[-0.95];5186.88080;[0.0013];[-0.9487];5151.38236),(31082.53574;[0.];[-0.95];5186.83787;[0.0013];[-0.9487];5151.31811),(31155.63536;[0.];[-0.95];5186.83787;[0.0013];[-0.9487];5151.31811),(31218.56427;[0.];[-0.95];5186.83787;[0.0013];[-0.9487];5151.31811),(31277.16827;[0.];[-0.95];5186.83787;[0.0013];[-0.9487];5151.31811),(31584.02872;[0.15];[-0.8];6494.66843;[0.1862];[-0.7638];6551.69406),(32177.82021;[0.14];[-0.81];6331.74689;[0.139];[-0.811];6324.57537),(32818.98403;[0.1];[-0.85];6169.25068;[0.0943];[-0.8557];6131.57594),(33266.46280;[0.08];[-0.87];6059.99113;[0.0586];[-0.8914];6021.69374),(33573.20523;[0.];[-0.95];5186.83787;[0.0013];[-0.9487];5151.31811),(33905.36070;[0.];[-0.95];5186.83787;[0.0013];[-0.9487];5151.31811),(34513.65256;[0.15];[-0.8];6489.96012;[0.1844];[-0.7656];6541.36742),(34942.06834;[0.14];[-0.81];6321.59023;[0.1371];[-0.8129];6309.99328),(35557.52230;[0.1];[-0.85];6169.25068;[0.0943];[-0.8557];6131.57594),(35960.95490;[0.08];[-0.87];6059.99113;[0.0586];[-0.8914];6021.69374),(36307.32131;[0.];[-0.95];5186.83787;[0.0013];[-0.9487];5151.31811),(36634.03869;[0.];[-0.95];5186.83787;[0.0013];[-0.9487];5151.31811),(37248.60168;[0.15];[-0.8];6489.96012;[0.1844];[-0.7656];6541.36742),(37650.61116;[0.14];[-0.81];6321.59023;[0.1371];[-0.8129];6309.99328),(38312.78300;[0.1];[-0.85];6169.25068;[0.0943];[-0.8557];6131.57594),(38715.67965;[0.08];[-0.87];6059.99113;[0.0586];[-0.8914];6021.69374),(39018.60309;[0.];[-0.95];5186.83787;[0.0013];[-0.9487];5151.31811),(39317.96503;[0.];[-0.95];5186.83787;[0.0013];[-0.9487];5151.31811),(39811.08785;[0.15];[-0.8];6486.65756;[0.1791];[-0.7709];6539.95716),(40274.68467;[0.14];[-0.81];6321.59023;[0.1371];[-0.8129];6309.99328),(40781.16703;[0.1];[-0.85];6169.25068;[0.0943];[-0.8557];6131.57594),(41190.08374;[0.08];[-0.87];6059.99113;[0.0586];[-0.8914];6021.69374),(41503.11947;[0.];[-0.95];5186.83787;[0.0013];[-0.9487];5151.31811),(41810.64630;[0.];[-0.95];5186.83787;[0.0013];[-0.9487];5151.31811),(42298.08950;[0.15];[-0.8];6486.65756;[0.1791];[-0.7709];6539.95716),(42757.03835;[0.14];[-0.81];6321.59023;[0.1371];[-0.8129];6309.99328),(43231.25958;[0.1];[-0.85];6169.25068;[0.0943];[-0.8557];6131.57594),(43625.76866;[0.08];[-0.87];6059.99113;[0.0586];[-0.8914];6021.69374),(43933.50744;[0.];[-0.95];5186.83787;[0.0013];[-0.9487];5151.31811),(44247.45822;[0.];[-0.95];5186.84102;[0.0013];[-0.9487];5151.32125),(44683.19368;[0.15];[-0.8];6482.70386;[0.1778];[-0.7722];6531.69604),(45000.05364;[0.14];[-0.81];6309.30107;[0.1347];[-0.8153];6293.63058),(45552.07896;[0.1];[-0.85];6156.69626;[0.0896];[-0.8604];6117.41655),(45869.50636;[0.05];[-0.9];6022.94616;[0.0438];[-0.9062];5974.58090),(46194.60750;[0.];[-0.95];5186.84102;[0.0013];[-0.9487];5151.32125),(46513.64613;[0.];[-0.95];5181.26841;[0.0013];[-0.9487];5145.73900),(46951.40290;[0.15];[-0.8];6482.70386;[0.1778];[-0.7722];6531.69604),(47277.20284;[0.14];[-0.81];6309.30107;[0.1347];[-0.8153];6293.63058),(47783.40673;[0.1];[-0.85];6156.69626;[0.0896];[-0.8604];6117.41655),(48137.84122;[0.05];[-0.9];6022.94616;[0.0438];[-0.9062];5974.58090),(48464.51592;[0.];[-0.95];5181.26841;[0.0013];[-0.9487];5145.73900),(49131.36911;[0.15];[-0.8];6477.68880;[0.1756];[-0.7744];6525.33947),(49450.86741;[0.14];[-0.81];6309.30107;[0.1347];[-0.8153];6293.63058),(49992.66124;[0.1];[-0.85];6156.69626;[0.0896];[-0.8604];6117.41655),(50321.67077;[0.05];[-0.9];6022.94616;[0.0438];[-0.9062];5974.58090),(50978.89113;[0.];[-0.95];5186.83787;[0.0013];[-0.9487];5151.31811),(51416.79096;[0.15];[-0.8];6477.68880;[0.1756];[-0.7744];6525.33947),(51740.16809;[0.14];[-0.81];6309.30107;[0.1347];[-0.8153];6293.63058),(52249.91965;[0.1];[-0.85];6169.25068;[0.0943];[-0.8557];6131.57594),(52650.91491;[0.08];[-0.87];6059.99113;[0.0586];[-0.8914];6021.69374),(52967.14664;[0.01];[-0.94];5975.61060;[0.0293];[-0.9207];5929.50197),(53175.30656;[0.01];[-0.94];5627.63509;[0.01];[-0.94];5584.77237),(53294.91234;[0.];[-0.95];5414.28451;[0.004];[-0.946];5374.60998),(53592.10825;[0.];[-0.95];5401.86184;[0.004];[-0.946];5362.89402),(53645.30587;[0.];[-0.95];5401.86184;[0.004];[-0.946];5362.89402),(53698.53520;[0.];[-0.95];5401.86184;[0.004];[-0.946];5362.89402),(54852.14257;[0.15];[-0.8];6464.11271;[0.1714];[-0.7786];6506.23056),(55388.57627;[0.13];[-0.82];6279.36481;[0.1287];[-0.8213];6258.94136),(55904.24514;[0.1];[-0.85];6156.31625;[0.0889];[-0.8611];6117.13863),(56293.72334;[0.05];[-0.9];6024.87537;[0.0449];[-0.9051];5976.27528),(57467.06724;[0.];[-0.95];5401.86184;[0.004];[-0.946];5362.89402),(58155.78556;[0.15];[-0.8];6464.11271;[0.1714];[-0.7786];6506.23056),(58772.63951;[0.14];[-0.81];6295.29181;[0.1318];[-0.8182];6276.11662),(59326.19548;[0.1];[-0.85];6169.25068;[0.0943];[-0.8557];6131.57594),(59805.57036;[0.08];[-0.87];6062.03110;[0.0587];[-0.8913];6023.68402),(60209.40065;[0.01];[-0.94];5979.01108;[0.0306];[-0.9194];5932.47457),(60348.08683;[0.01];[-0.94];5807.43803;[0.0173];[-0.9327];5763.96112),(60611.62376;[0.01];[-0.94];5634.43183;[0.0096];[-0.9404];5591.58353),(60690.01460;[0.01];[-0.94];5627.63509;[0.01];[-0.94];5584.77237),(60856.59266;[0.01];[-0.94];5612.03050;[0.0098];[-0.9402];5569.02104),(61033.48780;[0.01];[-0.94];5612.03050;[0.0098];[-0.9402];5569.02104),(61158.92363;[0.01];[-0.94];5611.58174;[0.0096];[-0.9404];5568.58157),(61248.31557;[0.01];[-0.94];5611.58174;[0.0096];[-0.9404];5568.58157),(61955.17755;[0.15];[-0.8];6433.29643;[0.1685];[-0.7815];6460.39124),(62701.02406;[0.12];[-0.83];6250.05939;[0.1216];[-0.8284];6220.71379),(63226.91751;[0.1];[-0.85];6128.27505;[0.0775];[-0.8725];6079.29604),(63696.35582;[0.05];[-0.9];6025.24372;[0.0447];[-0.9053];5976.67472),(64014.27794;[0.01];[-0.94];5611.58174;[0.0096];[-0.9404];5568.58157),(64373.17681;[0.01];[-0.94];5611.58174;[0.0096];[-0.9404];5568.58157),(64891.41583;[0.15];[-0.8];6433.29643;[0.1685];[-0.7815];6460.39124),(65589.04719;[0.12];[-0.83];6250.05939;[0.1216];[-0.8284];6220.71379),(66042.19103;[0.1];[-0.85];6128.27505;[0.0775];[-0.8725];6079.29604),(66509.25207;[0.05];[-0.9];6025.24372;[0.0447];[-0.9053];5976.67472),(66835.01387;[0.01];[-0.94];5611.58174;[0.0096];[-0.9404];5568.58157),(67244.32874;[0.01];[-0.94];5611.58174;[0.0096];[-0.9404];5568.58157),(67666.68725;[0.15];[-0.8];6417.94455;[0.166];[-0.784];6441.26487),(68294.45934;[0.12];[-0.83];6250.05939;[0.1216];[-0.8284];6220.71379),(68753.81303;[0.1];[-0.85];6128.27505;[0.0775];[-0.8725];6079.29604),(69181.16736;[0.05];[-0.9];6025.24372;[0.0447];[-0.9053];5976.67472),(69534.78956;[0.01];[-0.94];5611.58174;[0.0096];[-0.9404];5568.58157),(69881.78611;[0.01];[-0.94];5611.58174;[0.0096];[-0.9404];5568.58157),(70331.10285;[0.15];[-0.8];6417.94455;[0.166];[-0.784];6441.26487),(71061.36560;[0.12];[-0.83];6250.05939;[0.1216];[-0.8284];6220.71379),(71648.01240;[0.1];[-0.85];6128.27505;[0.0775];[-0.8725];6079.29604),(72089.75267;[0.05];[-0.9];6025.24372;[0.0447];[-0.9053];5976.67472),(72413.68413;[0.01];[-0.94];5611.58174;[0.0096];[-0.9404];5568.58157),(72737.03790;[0.01];[-0.94];5611.58174;[0.0096];[-0.9404];5568.58157),(73362.10084;[0.15];[-0.8];6399.37583;[0.1567];[-0.7933];6424.33680),(73947.75486;[0.12];[-0.83];6234.18299;[0.1172];[-0.8328];6201.74187),(74393.55063;[0.1];[-0.85];6128.27505;[0.0775];[-0.8725];6079.29604),(74854.69866;[0.05];[-0.9];6025.24372;[0.0447];[-0.9053];5976.67472),(75185.30464;[0.01];[-0.94];5611.58174;[0.0096];[-0.9404];5568.58157),(75535.44307;[0.01];[-0.94];5611.58174;[0.0096];[-0.9404];5568.58157),(76168.72478;[0.15];[-0.8];6399.37583;[0.1567];[-0.7933];6424.33680),(76765.64121;[0.12];[-0.83];6234.18299;[0.1172];[-0.8328];6201.74187),(77361.43541;[0.1];[-0.85];6128.27505;[0.0775];[-0.8725];6079.29604),(77851.67050;[0.05];[-0.9];6025.24372;[0.0447];[-0.9053];5976.67472),(78176.60689;[0.01];[-0.94];5611.58174;[0.0096];[-0.9404];5568.58157),(78534.01446;[0.01];[-0.94];5611.58174;[0.0096];[-0.9404];5568.58157),(78884.53150;[0.15];[-0.8];6393.59077;[0.1662];[-0.7838];6415.75941),(79467.98372;[0.12];[-0.83];6234.18299;[0.1172];[-0.8328];6201.74187),(79919.79694;[0.1];[-0.85];6128.27505;[0.0775];[-0.8725];6079.29604),(80415.92526;[0.05];[-0.9];6025.24372;[0.0447];[-0.9053];5976.67472),(80739.32433;[0.01];[-0.94];5611.58174;[0.0096];[-0.9404];5568.58157),(81549.87550;[0.15];[-0.8];6393.59077;[0.1662];[-0.7838];6415.75941),(82121.35601;[0.11];[-0.84];6233.97102;[0.1167];[-0.8333];6202.14521),(82625.25511;[0.1];[-0.85];6128.27505;[0.0775];[-0.8725];6079.29604),(83072.14546;[0.05];[-0.9];6025.24372;[0.0447];[-0.9053];5976.67472),(83971.06695;[0.01];[-0.94];5611.58174;[0.0096];[-0.9404];5568.58157),(84349.43581;[0.15];[-0.8];6393.32718;[0.1662];[-0.7838];6415.50281),(84904.25205;[0.11];[-0.84];6233.97102;[0.1167];[-0.8333];6202.14521),(85445.58263;[0.1];[-0.85];6128.27505;[0.0775];[-0.8725];6079.29604),(85888.92508;[0.05];[-0.9];6025.24372;[0.0447];[-0.9053];5976.67472),(86007.98678;[0.01];[-0.94];5971.63774;[0.0298];[-0.9202];5925.43640),(86187.18600;[0.01];[-0.94];5813.59331;[0.0173];[-0.9327];5770.13307),(86281.18563;[0.01];[-0.94];5803.24762;[0.0172];[-0.9328];5759.69751),(86429.80552;[0.01];[-0.94];5795.61610;[0.0173];[-0.9327];5752.01264),(87144.23037;[0.01];[-0.94];5795.61610;[0.0173];[-0.9327];5752.01264),(87650.48289;[0.14];[-0.81];6380.54934;[0.1569];[-0.7931];6390.38195),(88177.25253;[0.11];[-0.84];6207.40716;[0.1131];[-0.8369];6165.07135),(88610.96072;[0.08];[-0.87];6081.20910;[0.0655];[-0.8845];6047.93466),(88949.30625;[0.01];[-0.94];5795.61610;[0.0173];[-0.9327];5752.01264),(89738.67893;[0.01];[-0.94];5795.61610;[0.0173];[-0.9327];5752.01264),(90246.94014;[0.14];[-0.81];6380.54934;[0.1569];[-0.7931];6390.38195),(90748.16918;[0.11];[-0.84];6207.40716;[0.1131];[-0.8369];6165.07135),(91221.67587;[0.08];[-0.87];6081.20910;[0.0655];[-0.8845];6047.93466),(91561.95116;[0.01];[-0.94];5795.61610;[0.0173];[-0.9327];5752.01264),(92251.32155;[0.01];[-0.94];5795.61610;[0.0173];[-0.9327];5752.01264),(92593.51349;[0.14];[-0.81];6375.96611;[0.1541];[-0.7959];6392.09759),(93084.05805;[0.11];[-0.84];6198.38600;[0.1089];[-0.8411];6154.98533),(93531.07476;[0.08];[-0.87];6081.20910;[0.0655];[-0.8845];6047.93466),(93842.59892;[0.01];[-0.94];5795.61610;[0.0173];[-0.9327];5752.01264),(94604.66599;[0.01];[-0.94];5795.61610;[0.0173];[-0.9327];5752.01264),(94961.75003;[0.14];[-0.81];6375.96611;[0.1541];[-0.7959];6392.09759),(95504.70734;[0.11];[-0.84];6198.38600;[0.1089];[-0.8411];6154.98533),(95964.62727;[0.08];[-0.87];6081.20910;[0.0655];[-0.8845];6047.93466),(96288.77401;[0.01];[-0.94];5795.61610;[0.0173];[-0.9327];5752.01264),(96854.37369;[0.01];[-0.94];5795.61610;[0.0173];[-0.9327];5752.01264),(97373.82102;[0.14];[-0.81];6370.00722;[0.1514];[-0.7986];6382.59304),(97837.57687;[0.11];[-0.84];6198.38600;[0.1089];[-0.8411];6154.98533),(98298.77520;[0.08];[-0.87];6081.20910;[0.0655];[-0.8845];6047.93466),(98651.95823;[0.01];[-0.94];5795.61610;[0.0173];[-0.9327];5752.01264),(99452.29721;[0.01];[-0.94];5795.61610;[0.0173];[-0.9327];5752.01264),(100042.01102;[0.14];[-0.81];6370.00722;[0.1514];[-0.7986];6382.59304),(100473.85550;[0.11];[-0.84];6198.38600;[0.1089];[-0.8411];6154.98533),(100953.41754;[0.08];[-0.87];6081.20910;[0.0655];[-0.8845];6047.93466),(101275.84791;[0.01];[-0.94];5795.61610;[0.0173];[-0.9327];5752.01264),(101927.82187;[0.01];[-0.94];5795.61610;[0.0173];[-0.9327];5752.01264),(102249.31240;[0.14];[-0.81];6364.23625;[0.1486];[-0.8014];6372.22152),(102619.38310;[0.1];[-0.85];6187.06538;[0.1052];[-0.8448];6156.10745),(102961.95912;[0.08];[-0.87];6060.66864;[0.0586];[-0.8914];6020.49979),(103288.30028;[0.01];[-0.94];5795.61610;[0.0173];[-0.9327];5752.01264),(103868.51263;[0.01];[-0.94];5795.61610;[0.0173];[-0.9327];5752.01264),(104196.41709;[0.14];[-0.81];6364.23625;[0.1486];[-0.8014];6372.22152),(104542.55843;[0.1];[-0.85];6187.06538;[0.1052];[-0.8448];6156.10745),(104863.66487;[0.08];[-0.87];6060.66864;[0.0586];[-0.8914];6020.49979),(105220.54553;[0.01];[-0.94];5795.61610;[0.0173];[-0.9327];5752.01264),(105804.34299;[0.01];[-0.94];5795.61610;[0.0173];[-0.9327];5752.01264),(106108.63996;[0.14];[-0.81];6355.81062;[0.1466];[-0.8034];6360.34453),(106438.36951;[0.1];[-0.85];6187.06538;[0.1052];[-0.8448];6156.10745),(106775.64335;[0.08];[-0.87];6060.66864;[0.0586];[-0.8914];6020.49979),(107107.55610;[0.01];[-0.94];5795.61610;[0.0173];[-0.9327];5752.01264),(107711.84802;[0.01];[-0.94];5795.61610;[0.0173];[-0.9327];5752.01264),(108010.86473;[0.14];[-0.81];6355.81062;[0.1466];[-0.8034];6360.34453),(108391.53838;[0.1];[-0.85];6187.06538;[0.1052];[-0.8448];6156.10745),(108736.43684;[0.08];[-0.87];6060.66864;[0.0586];[-0.8914];6020.49979),(109072.97206;[0.01];[-0.94];5795.61610;[0.0173];[-0.9327];5752.01264),(109699.85604;[0.01];[-0.94];5795.61610;[0.0173];[-0.9327];5752.01264),(110076.25747;[0.14];[-0.81];6343.50686;[0.1433];[-0.8067];6344.60873),(110741.38856;[0.1];[-0.85];6169.25068;[0.0943];[-0.8557];6131.57594),(111050.31347;[0.08];[-0.87];6060.66864;[0.0586];[-0.8914];6020.49979),(111405.03573;[0.01];[-0.94];5795.61610;[0.0173];[-0.9327];5752.01264),(112076.18427;[0.01];[-0.94];5795.61610;[0.0173];[-0.9327];5752.01264),(112453.17602;[0.14];[-0.81];6343.50686;[0.1433];[-0.8067];6344.60873),(113047.40834;[0.1];[-0.85];6169.25068;[0.0943];[-0.8557];6131.57594),(113372.37549;[0.08];[-0.87];6060.66864;[0.0586];[-0.8914];6020.49979),(113703.41349;[0.01];[-0.94];5795.61610;[0.0173];[-0.9327];5752.01264),(114249.44925;[0.01];[-0.94];5795.61610;[0.0173];[-0.9327];5752.01264),(114763.48162;[0.14];[-0.81];6329.54993;[0.1387];[-0.8113];6322.59404),(115411.98969;[0.1];[-0.85];6169.25068;[0.0943];[-0.8557];6131.57594),(115738.16013;[0.08];[-0.87];6060.66864;[0.0586];[-0.8914];6020.49979),(116098.88697;[0.01];[-0.94];5795.61610;[0.0173];[-0.9327];5752.01264),(116766.54124;[0.01];[-0.94];5795.61610;[0.0173];[-0.9327];5752.01264),(117200.48428;[0.14];[-0.81];6329.54993;[0.1387];[-0.8113];6322.59404),(117788.78474;[0.1];[-0.85];6169.25068;[0.0943];[-0.8557];6131.57594),(118119.06672;[0.08];[-0.87];6060.66864;[0.0586];[-0.8914];6020.49979),(118476.65477;[0.01];[-0.94];5795.61610;[0.0173];[-0.9327];5752.01264),(119011.73067;[0.01];[-0.94];5795.61610;[0.0173];[-0.9327];5752.01264),(119364.16769;[0.14];[-0.81];6319.12540;[0.1371];[-0.8129];6307.54446),(119869.34471;[0.1];[-0.85];6156.69626;[0.0896];[-0.8604];6117.41655),(120292.72747;[0.05];[-0.9];6025.24372;[0.0447];[-0.9053];5976.67472),(120874.21751;[0.01];[-0.94];5795.61610;[0.0173];[-0.9327];5752.01264),(121484.33614;[0.01];[-0.94];5795.61610;[0.0173];[-0.9327];5752.01264),(121852.61345;[0.14];[-0.81];6319.12540;[0.1371];[-0.8129];6307.54446),(122643.70608;[0.1];[-0.85];6169.25068;[0.0943];[-0.8557];6131.57594),(122972.64576;[0.08];[-0.87];6060.66864;[0.0586];[-0.8914];6020.49979),(123288.97929;[0.01];[-0.94];5795.61610;[0.0173];[-0.9327];5752.01264),(123891.96706;[0.01];[-0.94];5795.61610;[0.0173];[-0.9327];5752.01264),(124236.02581;[0.14];[-0.81];6319.12540;[0.1371];[-0.8129];6307.54446),(124832.56698;[0.1];[-0.85];6169.25068;[0.0943];[-0.8557];6131.57594),(125195.65988;[0.08];[-0.87];6060.66864;[0.0586];[-0.8914];6020.49979),(125516.43062;[0.01];[-0.94];5795.61610;[0.0173];[-0.9327];5752.01264),(126130.78761;[0.01];[-0.94];5795.61610;[0.0173];[-0.9327];5752.01264),(126745.57114;[0.14];[-0.81];6304.11895;[0.1342];[-0.8158];6288.71287),(127254.01425;[0.1];[-0.85];6156.69626;[0.0896];[-0.8604];6117.41655),(127568.39156;[0.08];[-0.87];6060.66864;[0.0586];[-0.8914];6020.49979),(127884.38320;[0.01];[-0.94];5795.61610;[0.0173];[-0.9327];5752.01264),(128745.59045;[0.01];[-0.94];5795.61610;[0.0173];[-0.9327];5752.01264),(129446.64383;[0.14];[-0.81];6304.11895;[0.1342];[-0.8158];6288.71287),(129954.96416;[0.1];[-0.85];6156.69626;[0.0896];[-0.8604];6117.41655),(130282.47046;[0.08];[-0.87];6060.66864;[0.0586];[-0.8914];6020.49979),(130598.32001;[0.01];[-0.94];5795.61610;[0.0173];[-0.9327];5752.01264),(131380.34773;[0.01];[-0.94];5795.61610;[0.0173];[-0.9327];5752.01264),(131887.43663;[0.13];[-0.82];6279.36481;[0.1287];[-0.8213];6258.94136),(132397.77732;[0.1];[-0.85];6156.69626;[0.0896];[-0.8604];6117.41655),(132753.50618;[0.08];[-0.87];6060.66864;[0.0586];[-0.8914];6020.49979),(133314.67104;[0.01];[-0.94];5795.61610;[0.0173];[-0.9327];5752.01264),(134214.39147;[0.01];[-0.94];5795.61610;[0.0173];[-0.9327];5752.01264),(134880.86128;[0.13];[-0.82];6279.36481;[0.1287];[-0.8213];6258.94136),(135366.69207;[0.1];[-0.85];6156.69626;[0.0896];[-0.8604];6117.41655),(135697.55125;[0.08];[-0.87];6060.66864;[0.0586];[-0.8914];6020.49979),(136018.83602;[0.01];[-0.94];5795.61610;[0.0173];[-0.9327];5752.01264),(136698.85397;[0.01];[-0.94];5795.61610;[0.0173];[-0.9327];5752.01264),(137372.02024;[0.12];[-0.83];6263.84188;[0.1194];[-0.8306];6241.49313),(137883.95810;[0.1];[-0.85];6143.13750;[0.0825];[-0.8675];6101.57672),(138283.64038;[0.05];[-0.9];6025.24372;[0.0447];[-0.9053];5976.67472),(138594.43712;[0.01];[-0.94];5795.61610;[0.0173];[-0.9327];5752.01264),(139234.76458;[0.01];[-0.94];5795.61610;[0.0173];[-0.9327];5752.01264),(139837.17394;[0.12];[-0.83];6263.84188;[0.1194];[-0.8306];6241.49313),(140197.38698;[0.1];[-0.85];6143.13750;[0.0825];[-0.8675];6101.57672),(140667.00935;[0.05];[-0.9];6025.24372;[0.0447];[-0.9053];5976.67472),(141017.08579;[0.01];[-0.94];5795.61610;[0.0173];[-0.9327];5752.01264),(141751.49608;[0.01];[-0.94];5795.61610;[0.0173];[-0.9327];5752.01264),(142299.05677;[0.12];[-0.83];6249.45196;[0.1209];[-0.8291];6220.92510),(142749.42541;[0.1];[-0.85];6143.13750;[0.0825];[-0.8675];6101.57672),(143171.38124;[0.05];[-0.9];6025.24372;[0.0447];[-0.9053];5976.67472),(143521.42429;[0.01];[-0.94];5795.61610;[0.0173];[-0.9327];5752.01264),(144303.87259;[0.01];[-0.94];5795.61610;[0.0173];[-0.9327];5752.01264),(144906.05760;[0.12];[-0.83];6249.56757;[0.1206];[-0.8294];6221.05581),(145341.34817;[0.1];[-0.85];6143.13750;[0.0825];[-0.8675];6101.57672),(145805.28951;[0.05];[-0.9];6025.24372;[0.0447];[-0.9053];5976.67472),(146147.15123;[0.01];[-0.94];5795.61610;[0.0173];[-0.9327];5752.01264),(146795.68839;[0.01];[-0.94];5795.61610;[0.0173];[-0.9327];5752.01264),(147227.97942;[0.11];[-0.84];6233.97102;[0.1167];[-0.8333];6202.14521),(147587.19993;[0.1];[-0.85];6126.37358;[0.0769];[-0.8731];6077.53624),(148033.68378;[0.05];[-0.9];6025.24372;[0.0447];[-0.9053];5976.67472),(148377.65527;[0.01];[-0.94];5795.61610;[0.0173];[-0.9327];5752.01264),(149007.01880;[0.01];[-0.94];5795.61610;[0.0173];[-0.9327];5752.01264),(149408.15711;[0.11];[-0.84];6233.97102;[0.1167];[-0.8333];6202.14521),(149770.93482;[0.1];[-0.85];6126.37358;[0.0769];[-0.8731];6077.53624),(150194.29374;[0.05];[-0.9];6025.24372;[0.0447];[-0.9053];5976.67472),(150565.05966;[0.01];[-0.94];5795.61610;[0.0173];[-0.9327];5752.01264),(151813.93313;[0.12];[-0.83];6219.07508;[0.1201];[-0.8299];6183.37453),(152173.44213;[0.1];[-0.85];6126.37358;[0.0769];[-0.8731];6077.53624),(152589.42246;[0.05];[-0.9];6025.24372;[0.0447];[-0.9053];5976.67472),(153874.61400;[0.01];[-0.94];5795.61610;[0.0173];[-0.9327];5752.01264),(154256.70671;[0.12];[-0.83];6219.07508;[0.1201];[-0.8299];6183.37453),(154632.08032;[0.1];[-0.85];6126.37358;[0.0769];[-0.8731];6077.53624),(155059.76915;[0.05];[-0.9];6025.24372;[0.0447];[-0.9053];5976.67472),(155181.87666;[0.01];[-0.94];5969.25505;[0.0293];[-0.9207];5923.06536),(155295.77708;[0.01];[-0.94];5813.59331;[0.0173];[-0.9327];5770.13307),(155605.70526;[0.01];[-0.94];5803.46542;[0.0173];[-0.9327];5759.92908),(155730.31068;[0.01];[-0.94];5800.15843;[0.0173];[-0.9327];5756.59498),(155822.17932;[0.01];[-0.94];5795.61610;[0.0173];[-0.9327];5752.01264),(156693.27903;[0.11];[-0.84];6199.09072;[0.1089];[-0.8411];6155.96438),(157001.92976;[0.08];[-0.87];6080.26038;[0.0649];[-0.8851];6047.17246),(157817.52467;[0.03];[-0.92];5998.94415;[0.0363];[-0.9137];5952.50905),(158118.69478;[0.01];[-0.94];5807.43803;[0.0173];[-0.9327];5763.96112),(158225.74425;[0.01];[-0.94];5795.61610;[0.0173];[-0.9327];5752.01264),(158954.09489;[0.1];[-0.85];6186.13475;[0.1058];[-0.8442];6160.07909),(159258.50677;[0.08];[-0.87];6078.73520;[0.0648];[-0.8852];6045.68998),(159623.52204;[0.03];[-0.92];5999.27391;[0.0361];[-0.9139];5951.25439),(159760.23364;[0.01];[-0.94];5800.15843;[0.0173];[-0.9327];5756.59498),(160089.30922;[0.01];[-0.94];5795.61610;[0.0173];[-0.9327];5752.01264),(160256.03676;[0.01];[-0.94];5795.61610;[0.0173];[-0.9327];5752.01264),(160702.85296;[0.1];[-0.85];6169.25068;[0.0943];[-0.8557];6131.57594),(161174.25084;[0.07];[-0.88];6045.90931;[0.054];[-0.896];5999.79285),(161516.34812;[0.01];[-0.94];5795.61610;[0.0173];[-0.9327];5752.01264),(162391.91270;[0.1];[-0.85];6156.69626;[0.0896];[-0.8604];6117.41655),(162715.01899;[0.07];[-0.88];6045.90931;[0.054];[-0.896];5999.79285),(163414.43276;[0.03];[-0.92];5999.27391;[0.0361];[-0.9139];5951.25439),(163638.92174;[0.01];[-0.94];5978.63290;[0.0307];[-0.9193];5932.09209),(163708.32539;[0.01];[-0.94];5976.53198;[0.0291];[-0.9209];5930.42922),(163811.29003;[0.01];[-0.94];5971.63774;[0.0298];[-0.9202];5925.43640),(163975.00539;[0.01];[-0.94];5966.22399;[0.0295];[-0.9205];5920.03037),(164043.88952;[0.01];[-0.94];5962.97765;[0.0298];[-0.9202];5916.75746),(164192.31558;[0.01];[-0.94];5953.52221;[0.0296];[-0.9204];5907.18139),(164328.16744;[0.01];[-0.94];5953.52221;[0.0296];[-0.9204];5907.18139),(165007.28083;[0.1];[-0.85];6156.69626;[0.0896];[-0.8604];6117.41655),(165453.52054;[0.07];[-0.88];6045.90931;[0.054];[-0.896];5999.79285),(166187.35290;[0.03];[-0.92];5999.27391;[0.0361];[-0.9139];5951.25439),(166443.41373;[0.01];[-0.94];5979.01108;[0.0306];[-0.9194];5932.47457),(166517.62009;[0.01];[-0.94];5976.53198;[0.0291];[-0.9209];5930.42922),(166820.89949;[0.01];[-0.94];5971.63774;[0.0298];[-0.9202];5925.43640),(166903.34034;[0.01];[-0.94];5969.25505;[0.0293];[-0.9207];5923.06536),(167047.16301;[0.01];[-0.94];5962.97765;[0.0298];[-0.9202];5916.75746),(167099.31588;[0.01];[-0.94];5962.97765;[0.0298];[-0.9202];5916.75746),(167195.10889;[0.01];[-0.94];5953.52221;[0.0296];[-0.9204];5907.18139),(167804.13604;[0.1];[-0.85];6141.13679;[0.0841];[-0.8659];6104.43858),(168327.41356;[0.07];[-0.88];6045.00095;[0.0531];[-0.8969];5999.37877),(169039.74366;[0.03];[-0.92];5998.94415;[0.0363];[-0.9137];5952.50905),(169240.57531;[0.01];[-0.94];5978.63290;[0.0307];[-0.9193];5932.09209),(169323.92478;[0.01];[-0.94];5975.61060;[0.0293];[-0.9207];5929.50197),(169472.97645;[0.01];[-0.94];5969.25505;[0.0293];[-0.9207];5923.06536),(169545.66193;[0.01];[-0.94];5962.97765;[0.0298];[-0.9202];5916.75746),(169721.00806;[0.01];[-0.94];5953.52221;[0.0296];[-0.9204];5907.18139),(169861.48906;[0.01];[-0.94];5953.52221;[0.0296];[-0.9204];5907.18139),(170289.59990;[0.1];[-0.85];6113.86726;[0.0741];[-0.8759];6084.34151),(170759.35721;[0.05];[-0.9];6023.69939;[0.0444];[-0.9056];5975.29058),(171122.66755;[0.01];[-0.94];5953.52221;[0.0296];[-0.9204];5907.18139),(171816.65325;[0.08];[-0.87];6098.03971;[0.0701];[-0.8799];6067.13655),(172299.97373;[0.05];[-0.9];6023.69939;[0.0444];[-0.9056];5975.29058),(173450.16384;[0.08];[-0.87];6098.30054;[0.0704];[-0.8796];6067.07149),(173973.59490;[0.05];[-0.9];6023.69939;[0.0444];[-0.9056];5975.29058),(174167.69481;[0.03];[-0.92];5995.73917;[0.0367];[-0.9133];5949.25701),(174279.51121;[0.01];[-0.94];5978.20440;[0.0298];[-0.9202];5932.06390),(174369.68088;[0.01];[-0.94];5971.63774;[0.0298];[-0.9202];5925.43640),(174594.23041;[0.01];[-0.94];5962.97765;[0.0298];[-0.9202];5916.75746),(174703.71056;[0.01];[-0.94];5962.97765;[0.0298];[-0.9202];5916.75746),(174837.98623;[0.01];[-0.94];5962.97765;[0.0298];[-0.9202];5916.75746),(175538.03825;[0.08];[-0.87];6063.22172;[0.0585];[-0.8915];6023.03426),(176424.97873;[0.03];[-0.92];5998.67098;[0.0365];[-0.9135];5950.61899),(176574.70107;[0.01];[-0.94];5978.63290;[0.0307];[-0.9193];5932.09209),(176882.23124;[0.01];[-0.94];5973.58486;[0.0298];[-0.9202];5927.39622),(176998.49772;[0.01];[-0.94];5962.97765;[0.0298];[-0.9202];5916.75746),(177124.03011;[0.01];[-0.94];5962.97765;[0.0298];[-0.9202];5916.75746),(177321.06090;[0.01];[-0.94];5962.97765;[0.0298];[-0.9202];5916.75746),(177641.63041;[0.07];[-0.88];6043.07174;[0.052];[-0.898];5997.68440),(177938.36498;[0.01];[-0.94];5962.97765;[0.0298];[-0.9202];5916.75746),(178519.36626;[0.07];[-0.88];6043.07174;[0.052];[-0.898];5997.68440),(179339.45894;[0.03];[-0.92];5996.06892;[0.0366];[-0.9134];5948.00235),(179495.86129;[0.01];[-0.94];5978.29017;[0.0307];[-0.9193];5931.92533),(179867.90347;[0.01];[-0.94];5971.63774;[0.0298];[-0.9202];5925.43640),(179950.79446;[0.01];[-0.94];5969.25505;[0.0293];[-0.9207];5923.06536),(180028.94545;[0.01];[-0.94];5962.97765;[0.0298];[-0.9202];5916.75746),(180167.88793;[0.01];[-0.94];5962.97765;[0.0298];[-0.9202];5916.75746),(180627.54679;[0.05];[-0.9];6019.77456;[0.0441];[-0.9059];5971.41956),(181674.30997;[0.05];[-0.9];6019.77456;[0.0441];[-0.9059];5971.41956),(181872.65849;[0.01];[-0.94];5979.69269;[0.0312];[-0.9188];5932.85514),(182015.52868;[0.01];[-0.94];5973.58486;[0.0298];[-0.9202];5927.39622),(182125.82445;[0.01];[-0.94];5969.25505;[0.0293];[-0.9207];5923.06536),(182225.73304;[0.01];[-0.94];5962.97765;[0.0298];[-0.9202];5916.75746),(182376.83225;[0.01];[-0.94];5962.97765;[0.0298];[-0.9202];5916.75746),(183484.77554;[0.01];[-0.94];5962.97765;[0.0298];[-0.9202];5916.75746),(183983.78468;[0.17];[-0.78];6517.91973;[0.1915];[-0.7585];6620.37362),(184265.29980;[0.17];[-0.78];6517.91973;[0.1915];[-0.7585];6620.37362),(184554.33869;[0.17];[-0.78];6517.91973;[0.1915];[-0.7585];6620.37362),(184837.28004;[0.17];[-0.78];6517.91973;[0.1915];[-0.7585];6620.37362),(185148.99778;[0.17];[-0.78];6517.91973;[0.1915];[-0.7585];6620.37362),(185410.16984;[0.1];[-0.85];6143.13750;[0.0825];[-0.8675];6101.57672),(185491.19830;[0.05];[-0.9];6022.94616;[0.0438];[-0.9062];5974.58090),(185593.29438;[0.01];[-0.94];5645.24556;[0.0101];[-0.9399];5602.53315),(185668.08391;[0.];[-0.95];5181.26841;[0.0013];[-0.9487];5145.73900),(185797.80388;[0.];[-0.95];5003.63400;[0.0004];[-0.9496];4969.50716),(185887.66861;[0.];[-0.95];4752.32601;[0.0001];[-0.9499];4722.25217),(185988.72924;[0.];[-0.95];4739.55673;[0.0001];[-0.9499];4709.36029),(186114.81714;[0.];[-0.95];4733.84374;[0.0001];[-0.9499];4703.66244),(186605.64494;[0.15];[-0.8];6496.26373;[0.177];[-0.773];6597.73222),(187087.99720;[0.14];[-0.81];6370.00722;[0.1514];[-0.7986];6382.59304),(187714.09965;[0.1];[-0.85];6188.55785;[0.1039];[-0.8461];6143.06670),(188215.50989;[0.07];[-0.88];6045.00095;[0.0531];[-0.8969];5999.37877),(188957.60655;[0.01];[-0.94];5807.43803;[0.0173];[-0.9327];5763.96112),(189119.79032;[0.];[-0.95];5239.14871;[0.0016];[-0.9484];5200.85206),(189210.98971;[0.];[-0.95];5007.56453;[0.0004];[-0.9496];4973.45857),(189365.07940;[0.];[-0.95];4993.80809;[0.0004];[-0.9496];4959.58504),(189616.32872;[0.];[-0.95];4993.45097;[0.0004];[-0.9496];4959.21223),(189691.27297;[0.];[-0.95];4989.05132;[0.0004];[-0.9496];4954.76568),(189757.34329;[0.];[-0.95];4989.05132;[0.0004];[-0.9496];4954.76568),(189819.98825;[0.];[-0.95];4989.05132;[0.0004];[-0.9496];4954.76568),(189872.93744;[0.];[-0.95];4989.05132;[0.0004];[-0.9496];4954.76568),(190161.87143;[0.15];[-0.8];6494.66843;[0.1862];[-0.7638];6551.69406),(190561.65147;[0.14];[-0.81];6364.23625;[0.1486];[-0.8014];6372.22152),(191094.60521;[0.1];[-0.85];6188.55785;[0.1039];[-0.8461];6143.06670),(191627.54035;[0.08];[-0.87];6049.24973;[0.0587];[-0.8913];6010.97618),(191961.25603;[0.];[-0.95];4989.05132;[0.0004];[-0.9496];4954.76568),(192619.14897;[0.];[-0.95];4989.05132;[0.0004];[-0.9496];4954.76568),(192961.47680;[0.15];[-0.8];6494.66843;[0.1862];[-0.7638];6551.69406),(193439.42690;[0.14];[-0.81];6364.23625;[0.1486];[-0.8014];6372.22152),(193974.29395;[0.1];[-0.85];6188.55785;[0.1039];[-0.8461];6143.06670),(194492.79642;[0.08];[-0.87];6049.24973;[0.0587];[-0.8913];6010.97618),(194828.13096;[0.];[-0.95];4989.05132;[0.0004];[-0.9496];4954.76568),(196001.46365;[0.];[-0.95];4989.05132;[0.0004];[-0.9496];4954.76568),(196302.04105;[0.15];[-0.8];6494.66843;[0.1862];[-0.7638];6551.69406),(196731.25172;[0.14];[-0.81];6355.81062;[0.1466];[-0.8034];6360.34453),(197239.25042;[0.1];[-0.85];6188.55785;[0.1039];[-0.8461];6143.06670),(197784.01208;[0.08];[-0.87];6049.24973;[0.0587];[-0.8913];6010.97618),(198107.38373;[0.];[-0.95];4989.05132;[0.0004];[-0.9496];4954.76568),(198725.26407;[0.];[-0.95];4989.05132;[0.0004];[-0.9496];4954.76568),(199020.83778;[0.15];[-0.8];6494.66843;[0.1862];[-0.7638];6551.69406),(199414.87765;[0.14];[-0.81];6355.81062;[0.1466];[-0.8034];6360.34453),(199978.30296;[0.1];[-0.85];6188.55785;[0.1039];[-0.8461];6143.06670),(200523.95535;[0.08];[-0.87];6049.24973;[0.0587];[-0.8913];6010.97618),(200896.76857;[0.];[-0.95];4989.05132;[0.0004];[-0.9496];4954.76568),(201426.72586;[0.];[-0.95];4989.05132;[0.0004];[-0.9496];4954.76568),(201704.01025;[0.15];[-0.8];6494.66843;[0.1862];[-0.7638];6551.69406),(202076.89118;[0.14];[-0.81];6355.81062;[0.1466];[-0.8034];6360.34453),(202644.58084;[0.1];[-0.85];6188.55785;[0.1039];[-0.8461];6143.06670),(203237.50114;[0.08];[-0.87];6049.24973;[0.0587];[-0.8913];6010.97618),(203579.77128;[0.];[-0.95];4989.05132;[0.0004];[-0.9496];4954.76568),(204209.85842;[0.];[-0.95];4989.05132;[0.0004];[-0.9496];4954.76568),(204482.89394;[0.15];[-0.8];6494.66843;[0.1862];[-0.7638];6551.69406),(204861.79972;[0.14];[-0.81];6355.81062;[0.1466];[-0.8034];6360.34453),(205369.66920;[0.1];[-0.85];6188.55785;[0.1039];[-0.8461];6143.06670),(205930.67741;[0.08];[-0.87];6049.24973;[0.0587];[-0.8913];6010.97618),(206369.17019;[0.];[-0.95];4989.05132;[0.0004];[-0.9496];4954.76568),(207331.56824;[0.];[-0.95];4989.05132;[0.0004];[-0.9496];4954.76568),(207618.20340;[0.15];[-0.8];6494.66843;[0.1862];[-0.7638];6551.69406),(208124.55583;[0.14];[-0.81];6343.50686;[0.1433];[-0.8067];6344.60873),(208539.98256;[0.1];[-0.85];6178.95064;[0.1];[-0.85];6144.20276),(209097.66054;[0.08];[-0.87];6049.24973;[0.0587];[-0.8913];6010.97618),(209443.09449;[0.];[-0.95];4989.05132;[0.0004];[-0.9496];4954.76568),(210492.10548;[0.15];[-0.8];6494.66843;[0.1862];[-0.7638];6551.69406),(210972.99719;[0.14];[-0.81];6343.50686;[0.1433];[-0.8067];6344.60873),(211368.15667;[0.1];[-0.85];6178.95064;[0.1];[-0.85];6144.20276),(211773.08369;[0.08];[-0.87];6049.24973;[0.0587];[-0.8913];6010.97618),(212604.22945;[0.01];[-0.94];5819.44001;[0.0178];[-0.9322];5775.82424),(212784.98816;[0.];[-0.95];5433.16183;[0.0044];[-0.9456];5391.21732),(213045.75038;[0.];[-0.95];5225.16390;[0.0016];[-0.9484];5186.74524),(213126.32728;[0.];[-0.95];5198.50680;[0.0014];[-0.9486];5163.12607),(213359.41839;[0.];[-0.95];5186.88080;[0.0013];[-0.9487];5151.38236),(213448.68541;[0.];[-0.95];5186.83787;[0.0013];[-0.9487];5151.31811),(213524.10531;[0.];[-0.95];5186.83787;[0.0013];[-0.9487];5151.31811),(213583.29391;[0.];[-0.95];5186.83787;[0.0013];[-0.9487];5151.31811),(213643.67485;[0.];[-0.95];5186.83787;[0.0013];[-0.9487];5151.31811),(213968.66632;[0.15];[-0.8];6494.66843;[0.1862];[-0.7638];6551.69406),(214819.01169;[0.14];[-0.81];6331.74689;[0.139];[-0.811];6324.57537),(215425.91596;[0.1];[-0.85];6169.25068;[0.0943];[-0.8557];6131.57594),(215843.00613;[0.08];[-0.87];6059.99113;[0.0586];[-0.8914];6021.69374),(216145.25104;[0.];[-0.95];5186.83787;[0.0013];[-0.9487];5151.31811),(216481.81486;[0.];[-0.95];5186.83787;[0.0013];[-0.9487];5151.31811),(217075.17385;[0.15];[-0.8];6489.96012;[0.1844];[-0.7656];6541.36742),(217533.43654;[0.14];[-0.81];6321.59023;[0.1371];[-0.8129];6309.99328),(218148.39315;[0.1];[-0.85];6169.25068;[0.0943];[-0.8557];6131.57594),(218535.54440;[0.08];[-0.87];6059.99113;[0.0586];[-0.8914];6021.69374),(218856.80699;[0.];[-0.95];5186.83787;[0.0013];[-0.9487];5151.31811),(219181.80513;[0.];[-0.95];5186.83787;[0.0013];[-0.9487];5151.31811),(219789.39056;[0.15];[-0.8];6489.96012;[0.1844];[-0.7656];6541.36742),(220229.64263;[0.14];[-0.81];6321.59023;[0.1371];[-0.8129];6309.99328),(220922.50633;[0.1];[-0.85];6169.25068;[0.0943];[-0.8557];6131.57594),(221316.59818;[0.08];[-0.87];6059.99113;[0.0586];[-0.8914];6021.69374),(221627.46024;[0.];[-0.95];5186.83787;[0.0013];[-0.9487];5151.31811),(221926.51415;[0.];[-0.95];5186.83787;[0.0013];[-0.9487];5151.31811),(222414.37840;[0.15];[-0.8];6486.65756;[0.1791];[-0.7709];6539.95716),(222914.60848;[0.14];[-0.81];6321.59023;[0.1371];[-0.8129];6309.99328),(223424.10874;[0.1];[-0.85];6169.25068;[0.0943];[-0.8557];6131.57594),(223859.81131;[0.08];[-0.87];6059.99113;[0.0586];[-0.8914];6021.69374),(224175.52423;[0.];[-0.95];5186.83787;[0.0013];[-0.9487];5151.31811),(224491.47630;[0.];[-0.95];5186.83787;[0.0013];[-0.9487];5151.31811),(224961.09557;[0.15];[-0.8];6486.65756;[0.1791];[-0.7709];6539.95716),(225385.44679;[0.14];[-0.81];6321.59023;[0.1371];[-0.8129];6309.99328),(225884.60755;[0.1];[-0.85];6169.25068;[0.0943];[-0.8557];6131.57594),(226282.22585;[0.08];[-0.87];6059.99113;[0.0586];[-0.8914];6021.69374),(226632.06291;[0.];[-0.95];5186.83787;[0.0013];[-0.9487];5151.31811),(226948.23194;[0.];[-0.95];5186.84102;[0.0013];[-0.9487];5151.32125),(227378.66116;[0.15];[-0.8];6482.70386;[0.1778];[-0.7722];6531.69604),(227713.29594;[0.14];[-0.81];6309.30107;[0.1347];[-0.8153];6293.63058),(228204.35166;[0.1];[-0.85];6156.69626;[0.0896];[-0.8604];6117.41655),(228531.84724;[0.05];[-0.9];6022.94616;[0.0438];[-0.9062];5974.58090),(229026.05700;[0.];[-0.95];5186.84102;[0.0013];[-0.9487];5151.32125),(229368.65568;[0.];[-0.95];5181.26841;[0.0013];[-0.9487];5145.73900),(229843.81413;[0.15];[-0.8];6482.70386;[0.1778];[-0.7722];6531.69604),(230170.46118;[0.14];[-0.81];6309.30107;[0.1347];[-0.8153];6293.63058),(230675.13084;[0.1];[-0.85];6156.69626;[0.0896];[-0.8604];6117.41655),(231002.64835;[0.05];[-0.9];6022.94616;[0.0438];[-0.9062];5974.58090),(231325.03319;[0.];[-0.95];5181.26841;[0.0013];[-0.9487];5145.73900),(231989.38441;[0.15];[-0.8];6477.68880;[0.1756];[-0.7744];6525.33947),(232353.84417;[0.14];[-0.81];6309.30107;[0.1347];[-0.8153];6293.63058),(232910.26855;[0.1];[-0.85];6156.69626;[0.0896];[-0.8604];6117.41655),(233232.07450;[0.05];[-0.9];6022.94616;[0.0438];[-0.9062];5974.58090),(233871.92273;[0.];[-0.95];5186.83787;[0.0013];[-0.9487];5151.31811),(234307.42908;[0.15];[-0.8];6477.68880;[0.1756];[-0.7744];6525.33947),(234634.94325;[0.14];[-0.81];6309.30107;[0.1347];[-0.8153];6293.63058),(235183.02512;[0.1];[-0.85];6169.25068;[0.0943];[-0.8557];6131.57594),(235581.69270;[0.08];[-0.87];6059.99113;[0.0586];[-0.8914];6021.69374),(235897.66908;[0.01];[-0.94];5975.61060;[0.0293];[-0.9207];5929.50197),(236097.22924;[0.01];[-0.94];5627.63509;[0.01];[-0.94];5584.77237),(236219.26141;[0.];[-0.95];5414.28451;[0.004];[-0.946];5374.60998),(236526.55482;[0.];[-0.95];5401.86184;[0.004];[-0.946];5362.89402),(236573.16136;[0.];[-0.95];5401.86184;[0.004];[-0.946];5362.89402),(236628.31855;[0.];[-0.95];5401.86184;[0.004];[-0.946];5362.89402),(237753.92628;[0.15];[-0.8];6464.11271;[0.1714];[-0.7786];6506.23056),(238331.67863;[0.13];[-0.82];6279.36481;[0.1287];[-0.8213];6258.94136),(238857.91755;[0.1];[-0.85];6156.31625;[0.0889];[-0.8611];6117.13863),(239284.71732;[0.05];[-0.9];6024.87537;[0.0449];[-0.9051];5976.27528),(240526.45159;[0.];[-0.95];5401.86184;[0.004];[-0.946];5362.89402),(241252.67601;[0.15];[-0.8];6464.11271;[0.1714];[-0.7786];6506.23056),(241825.08779;[0.14];[-0.81];6295.29181;[0.1318];[-0.8182];6276.11662),(242384.14145;[0.1];[-0.85];6169.25068;[0.0943];[-0.8557];6131.57594),(242877.09594;[0.08];[-0.87];6062.03110;[0.0587];[-0.8913];6023.68402),(243259.93133;[0.01];[-0.94];5979.01108;[0.0306];[-0.9194];5932.47457),(243410.49552;[0.01];[-0.94];5807.43803;[0.0173];[-0.9327];5763.96112),(243697.86572;[0.01];[-0.94];5634.43183;[0.0096];[-0.9404];5591.58353),(243779.72960;[0.01];[-0.94];5627.63509;[0.01];[-0.94];5584.77237),(243942.67249;[0.01];[-0.94];5612.03050;[0.0098];[-0.9402];5569.02104),(244100.93784;[0.01];[-0.94];5612.03050;[0.0098];[-0.9402];5569.02104),(244194.72408;[0.01];[-0.94];5611.58174;[0.0096];[-0.9404];5568.58157),(244259.11641;[0.01];[-0.94];5611.58174;[0.0096];[-0.9404];5568.58157),(244828.00031;[0.15];[-0.8];6433.29643;[0.1685];[-0.7815];6460.39124),(245605.53598;[0.12];[-0.83];6250.05939;[0.1216];[-0.8284];6220.71379),(246075.13356;[0.1];[-0.85];6128.27505;[0.0775];[-0.8725];6079.29604),(246519.36674;[0.05];[-0.9];6025.24372;[0.0447];[-0.9053];5976.67472),(246844.81311;[0.01];[-0.94];5611.58174;[0.0096];[-0.9404];5568.58157),(247202.68035;[0.01];[-0.94];5611.58174;[0.0096];[-0.9404];5568.58157),(247703.24016;[0.15];[-0.8];6433.29643;[0.1685];[-0.7815];6460.39124),(248463.33551;[0.12];[-0.83];6250.05939;[0.1216];[-0.8284];6220.71379),(248907.41038;[0.1];[-0.85];6128.27505;[0.0775];[-0.8725];6079.29604),(249333.60791;[0.05];[-0.9];6025.24372;[0.0447];[-0.9053];5976.67472),(249663.53083;[0.01];[-0.94];5611.58174;[0.0096];[-0.9404];5568.58157),(250075.65379;[0.01];[-0.94];5611.58174;[0.0096];[-0.9404];5568.58157),(250512.93516;[0.15];[-0.8];6417.94455;[0.166];[-0.784];6441.26487),(251151.42870;[0.12];[-0.83];6250.05939;[0.1216];[-0.8284];6220.71379),(251644.17315;[0.1];[-0.85];6128.27505;[0.0775];[-0.8725];6079.29604),(252077.45886;[0.05];[-0.9];6025.24372;[0.0447];[-0.9053];5976.67472),(252406.93903;[0.01];[-0.94];5611.58174;[0.0096];[-0.9404];5568.58157),(252754.15158;[0.01];[-0.94];5611.58174;[0.0096];[-0.9404];5568.58157),(253186.04302;[0.15];[-0.8];6417.94455;[0.166];[-0.784];6441.26487),(253902.47965;[0.12];[-0.83];6250.05939;[0.1216];[-0.8284];6220.71379),(254471.85373;[0.1];[-0.85];6128.27505;[0.0775];[-0.8725];6079.29604),(254946.98071;[0.05];[-0.9];6025.24372;[0.0447];[-0.9053];5976.67472),(255272.61162;[0.01];[-0.94];5611.58174;[0.0096];[-0.9404];5568.58157),(255601.11523;[0.01];[-0.94];5611.58174;[0.0096];[-0.9404];5568.58157),(256178.77436;[0.15];[-0.8];6399.37583;[0.1567];[-0.7933];6424.33680),(256760.87546;[0.12];[-0.83];6234.18299;[0.1172];[-0.8328];6201.74187),(257205.17850;[0.1];[-0.85];6128.27505;[0.0775];[-0.8725];6079.29604),(257642.48657;[0.05];[-0.9];6025.24372;[0.0447];[-0.9053];5976.67472),(257992.07449;[0.01];[-0.94];5611.58174;[0.0096];[-0.9404];5568.58157),(258325.90795;[0.01];[-0.94];5611.58174;[0.0096];[-0.9404];5568.58157),(258933.84838;[0.15];[-0.8];6399.37583;[0.1567];[-0.7933];6424.33680),(259541.62574;[0.12];[-0.83];6234.18299;[0.1172];[-0.8328];6201.74187),(260095.12305;[0.1];[-0.85];6128.27505;[0.0775];[-0.8725];6079.29604),(260547.88542;[0.05];[-0.9];6025.24372;[0.0447];[-0.9053];5976.67472),(260868.89434;[0.01];[-0.94];5611.58174;[0.0096];[-0.9404];5568.58157),(261202.69895;[0.01];[-0.94];5611.58174;[0.0096];[-0.9404];5568.58157),(261600.69180;[0.15];[-0.8];6393.59077;[0.1662];[-0.7838];6415.75941),(262150.30670;[0.12];[-0.83];6234.18299;[0.1172];[-0.8328];6201.74187),(262570.96481;[0.1];[-0.85];6128.27505;[0.0775];[-0.8725];6079.29604),(263026.25203;[0.05];[-0.9];6025.24372;[0.0447];[-0.9053];5976.67472),(263343.42551;[0.01];[-0.94];5611.58174;[0.0096];[-0.9404];5568.58157),(264142.41385;[0.15];[-0.8];6393.59077;[0.1662];[-0.7838];6415.75941),(264757.82418;[0.11];[-0.84];6233.97102;[0.1167];[-0.8333];6202.14521),(265260.04076;[0.1];[-0.85];6128.27505;[0.0775];[-0.8725];6079.29604),(265727.67830;[0.05];[-0.9];6025.24372;[0.0447];[-0.9053];5976.67472),(266597.46337;[0.01];[-0.94];5611.58174;[0.0096];[-0.9404];5568.58157),(266959.60116;[0.15];[-0.8];6393.32718;[0.1662];[-0.7838];6415.50281),(267511.59191;[0.11];[-0.84];6233.97102;[0.1167];[-0.8333];6202.14521),(268086.08675;[0.1];[-0.85];6128.27505;[0.0775];[-0.8725];6079.29604),(268521.24476;[0.05];[-0.9];6025.24372;[0.0447];[-0.9053];5976.67472),(268645.13302;[0.01];[-0.94];5971.63774;[0.0298];[-0.9202];5925.43640),(268840.18779;[0.01];[-0.94];5813.59331;[0.0173];[-0.9327];5770.13307),(268926.12195;[0.01];[-0.94];5803.24762;[0.0172];[-0.9328];5759.69751),(269076.59960;[0.01];[-0.94];5795.61610;[0.0173];[-0.9327];5752.01264),(269759.41801;[0.01];[-0.94];5795.61610;[0.0173];[-0.9327];5752.01264),(270282.16887;[0.14];[-0.81];6380.54934;[0.1569];[-0.7931];6390.38195),(270789.12187;[0.11];[-0.84];6207.40716;[0.1131];[-0.8369];6165.07135),(271221.60149;[0.08];[-0.87];6081.20910;[0.0655];[-0.8845];6047.93466),(271569.04697;[0.01];[-0.94];5795.61610;[0.0173];[-0.9327];5752.01264),(272432.71351;[0.01];[-0.94];5795.61610;[0.0173];[-0.9327];5752.01264),(272984.99727;[0.14];[-0.81];6380.54934;[0.1569];[-0.7931];6390.38195),(273483.03533;[0.11];[-0.84];6207.40716;[0.1131];[-0.8369];6165.07135),(273952.87037;[0.08];[-0.87];6081.20910;[0.0655];[-0.8845];6047.93466),(274261.70874;[0.01];[-0.94];5795.61610;[0.0173];[-0.9327];5752.01264),(275014.08195;[0.01];[-0.94];5795.61610;[0.0173];[-0.9327];5752.01264),(275377.92182;[0.14];[-0.81];6375.96611;[0.1541];[-0.7959];6392.09759),(275867.34724;[0.11];[-0.84];6198.38600;[0.1089];[-0.8411];6154.98533),(276336.62438;[0.08];[-0.87];6081.20910;[0.0655];[-0.8845];6047.93466),(276658.75793;[0.01];[-0.94];5795.61610;[0.0173];[-0.9327];5752.01264),(277486.55224;[0.01];[-0.94];5795.61610;[0.0173];[-0.9327];5752.01264),(277846.67063;[0.14];[-0.81];6375.96611;[0.1541];[-0.7959];6392.09759),(278525.80786;[0.11];[-0.84];6198.38600;[0.1089];[-0.8411];6154.98533),(278986.51481;[0.08];[-0.87];6081.20910;[0.0655];[-0.8845];6047.93466),(279331.44426;[0.01];[-0.94];5795.61610;[0.0173];[-0.9327];5752.01264),(279952.23451;[0.01];[-0.94];5795.61610;[0.0173];[-0.9327];5752.01264),(280560.93884;[0.14];[-0.81];6370.00722;[0.1514];[-0.7986];6382.59304),(281080.12795;[0.11];[-0.84];6198.38600;[0.1089];[-0.8411];6154.98533),(281560.65369;[0.08];[-0.87];6081.20910;[0.0655];[-0.8845];6047.93466),(281891.07561;[0.01];[-0.94];5795.61610;[0.0173];[-0.9327];5752.01264),(282596.85373;[0.01];[-0.94];5795.61610;[0.0173];[-0.9327];5752.01264),(283183.36391;[0.14];[-0.81];6370.00722;[0.1514];[-0.7986];6382.59304),(283636.92188;[0.11];[-0.84];6198.38600;[0.1089];[-0.8411];6154.98533),(284226.42040;[0.08];[-0.87];6081.20910;[0.0655];[-0.8845];6047.93466),(284569.05723;[0.01];[-0.94];5795.61610;[0.0173];[-0.9327];5752.01264),(285240.23962;[0.01];[-0.94];5795.61610;[0.0173];[-0.9327];5752.01264),(285570.30630;[0.14];[-0.81];6364.23625;[0.1486];[-0.8014];6372.22152),(285921.92006;[0.1];[-0.85];6187.06538;[0.1052];[-0.8448];6156.10745),(286488.46412;[0.08];[-0.87];6060.66864;[0.0586];[-0.8914];6020.49979),(286808.72607;[0.01];[-0.94];5795.61610;[0.0173];[-0.9327];5752.01264),(287382.39789;[0.01];[-0.94];5795.61610;[0.0173];[-0.9327];5752.01264),(287794.90495;[0.14];[-0.81];6364.23625;[0.1486];[-0.8014];6372.22152),(288137.78019;[0.1];[-0.85];6187.06538;[0.1052];[-0.8448];6156.10745),(288476.37248;[0.08];[-0.87];6060.66864;[0.0586];[-0.8914];6020.49979),(288812.21056;[0.01];[-0.94];5795.61610;[0.0173];[-0.9327];5752.01264),(289354.20680;[0.01];[-0.94];5795.61610;[0.0173];[-0.9327];5752.01264),(289669.96145;[0.14];[-0.81];6355.81062;[0.1466];[-0.8034];6360.34453),(290059.39889;[0.1];[-0.85];6187.06538;[0.1052];[-0.8448];6156.10745),(290486.63568;[0.08];[-0.87];6060.66864;[0.0586];[-0.8914];6020.49979),(290816.56432;[0.01];[-0.94];5795.61610;[0.0173];[-0.9327];5752.01264),(291437.01196;[0.01];[-0.94];5795.61610;[0.0173];[-0.9327];5752.01264),(291761.55972;[0.14];[-0.81];6355.81062;[0.1466];[-0.8034];6360.34453),(292152.66991;[0.1];[-0.85];6187.06538;[0.1052];[-0.8448];6156.10745),(292489.98070;[0.08];[-0.87];6060.66864;[0.0586];[-0.8914];6020.49979),(292833.01544;[0.01];[-0.94];5795.61610;[0.0173];[-0.9327];5752.01264),(293452.28052;[0.01];[-0.94];5795.61610;[0.0173];[-0.9327];5752.01264),(293924.22867;[0.14];[-0.81];6343.50686;[0.1433];[-0.8067];6344.60873),(294564.02659;[0.1];[-0.85];6169.25068;[0.0943];[-0.8557];6131.57594),(294895.17975;[0.08];[-0.87];6060.66864;[0.0586];[-0.8914];6020.49979),(295408.17213;[0.01];[-0.94];5795.61610;[0.0173];[-0.9327];5752.01264),(296123.39234;[0.01];[-0.94];5795.61610;[0.0173];[-0.9327];5752.01264),(296470.79229;[0.14];[-0.81];6343.50686;[0.1433];[-0.8067];6344.60873),(297020.04218;[0.1];[-0.85];6169.25068;[0.0943];[-0.8557];6131.57594),(297384.71508;[0.08];[-0.87];6060.66864;[0.0586];[-0.8914];6020.49979),(297711.29060;[0.01];[-0.94];5795.61610;[0.0173];[-0.9327];5752.01264),(298264.27364;[0.01];[-0.94];5795.61610;[0.0173];[-0.9327];5752.01264),(298752.11167;[0.14];[-0.81];6329.54993;[0.1387];[-0.8113];6322.59404),(299358.70242;[0.1];[-0.85];6169.25068;[0.0943];[-0.8557];6131.57594),(299685.20665;[0.08];[-0.87];6060.66864;[0.0586];[-0.8914];6020.49979),(300051.40758;[0.01];[-0.94];5795.61610;[0.0173];[-0.9327];5752.01264),(300709.58638;[0.01];[-0.94];5795.61610;[0.0173];[-0.9327];5752.01264),(301173.79475;[0.14];[-0.81];6329.54993;[0.1387];[-0.8113];6322.59404),(301747.30611;[0.1];[-0.85];6169.25068;[0.0943];[-0.8557];6131.57594),(302070.76836;[0.08];[-0.87];6060.66864;[0.0586];[-0.8914];6020.49979),(302394.74869;[0.01];[-0.94];5795.61610;[0.0173];[-0.9327];5752.01264),(302931.77843;[0.01];[-0.94];5795.61610;[0.0173];[-0.9327];5752.01264),(303277.36688;[0.14];[-0.81];6319.12540;[0.1371];[-0.8129];6307.54446),(303781.79026;[0.1];[-0.85];6156.69626;[0.0896];[-0.8604];6117.41655),(304228.06144;[0.05];[-0.9];6025.24372;[0.0447];[-0.9053];5976.67472),(304805.83715;[0.01];[-0.94];5795.61610;[0.0173];[-0.9327];5752.01264),(305465.02662;[0.01];[-0.94];5795.61610;[0.0173];[-0.9327];5752.01264),(305791.67151;[0.14];[-0.81];6319.12540;[0.1371];[-0.8129];6307.54446),(306573.53759;[0.1];[-0.85];6169.25068;[0.0943];[-0.8557];6131.57594),(306894.98258;[0.08];[-0.87];6060.66864;[0.0586];[-0.8914];6020.49979),(307241.01663;[0.01];[-0.94];5795.61610;[0.0173];[-0.9327];5752.01264),(307849.59245;[0.01];[-0.94];5795.61610;[0.0173];[-0.9327];5752.01264),(308201.95794;[0.14];[-0.81];6319.12540;[0.1371];[-0.8129];6307.54446),(308822.23988;[0.1];[-0.85];6169.25068;[0.0943];[-0.8557];6131.57594),(309143.49222;[0.08];[-0.87];6060.66864;[0.0586];[-0.8914];6020.49979),(309459.00226;[0.01];[-0.94];5795.61610;[0.0173];[-0.9327];5752.01264),(310103.93906;[0.01];[-0.94];5795.61610;[0.0173];[-0.9327];5752.01264),(310675.58622;[0.14];[-0.81];6304.11895;[0.1342];[-0.8158];6288.71287),(311212.59403;[0.1];[-0.85];6156.69626;[0.0896];[-0.8604];6117.41655),(311542.26446;[0.08];[-0.87];6060.66864;[0.0586];[-0.8914];6020.49979),(311847.06092;[0.01];[-0.94];5795.61610;[0.0173];[-0.9327];5752.01264),(312737.05530;[0.01];[-0.94];5795.61610;[0.0173];[-0.9327];5752.01264),(313397.82834;[0.14];[-0.81];6304.11895;[0.1342];[-0.8158];6288.71287),(313896.74711;[0.1];[-0.85];6156.69626;[0.0896];[-0.8604];6117.41655),(314216.48264;[0.08];[-0.87];6060.66864;[0.0586];[-0.8914];6020.49979),(314564.26001;[0.01];[-0.94];5795.61610;[0.0173];[-0.9327];5752.01264),(315383.48055;[0.01];[-0.94];5795.61610;[0.0173];[-0.9327];5752.01264),(315912.85205;[0.13];[-0.82];6279.36481;[0.1287];[-0.8213];6258.94136),(316413.29360;[0.1];[-0.85];6156.69626;[0.0896];[-0.8604];6117.41655),(316723.28281;[0.08];[-0.87];6060.66864;[0.0586];[-0.8914];6020.49979),(317041.39495;[0.01];[-0.94];5795.61610;[0.0173];[-0.9327];5752.01264),(317696.16413;[0.01];[-0.94];5795.61610;[0.0173];[-0.9327];5752.01264),(318426.79286;[0.13];[-0.82];6279.36481;[0.1287];[-0.8213];6258.94136),(318942.90519;[0.1];[-0.85];6156.69626;[0.0896];[-0.8604];6117.41655),(319263.55743;[0.08];[-0.87];6060.66864;[0.0586];[-0.8914];6020.49979),(319574.88179;[0.01];[-0.94];5795.61610;[0.0173];[-0.9327];5752.01264),(320191.25700;[0.01];[-0.94];5795.61610;[0.0173];[-0.9327];5752.01264),(320748.87753;[0.12];[-0.83];6263.84188;[0.1194];[-0.8306];6241.49313),(321224.85852;[0.1];[-0.85];6143.13750;[0.0825];[-0.8675];6101.57672),(321625.02742;[0.05];[-0.9];6025.24372;[0.0447];[-0.9053];5976.67472),(321941.51545;[0.01];[-0.94];5795.61610;[0.0173];[-0.9327];5752.01264),(322571.12598;[0.01];[-0.94];5795.61610;[0.0173];[-0.9327];5752.01264),(323193.06731;[0.12];[-0.83];6263.84188;[0.1194];[-0.8306];6241.49313),(323563.75217;[0.1];[-0.85];6143.13750;[0.0825];[-0.8675];6101.57672),(323989.24780;[0.05];[-0.9];6025.24372;[0.0447];[-0.9053];5976.67472),(324335.66785;[0.01];[-0.94];5795.61610;[0.0173];[-0.9327];5752.01264),(325038.51986;[0.01];[-0.94];5795.61610;[0.0173];[-0.9327];5752.01264),(325571.53106;[0.12];[-0.83];6249.45196;[0.1209];[-0.8291];6220.92510),(326005.83434;[0.1];[-0.85];6143.13750;[0.0825];[-0.8675];6101.57672),(326471.59076;[0.05];[-0.9];6025.24372;[0.0447];[-0.9053];5976.67472),(326821.50030;[0.01];[-0.94];5795.61610;[0.0173];[-0.9327];5752.01264),(327579.90909;[0.01];[-0.94];5795.61610;[0.0173];[-0.9327];5752.01264),(328163.77163;[0.12];[-0.83];6249.56757;[0.1206];[-0.8294];6221.05581),(328602.97728;[0.1];[-0.85];6143.13750;[0.0825];[-0.8675];6101.57672),(329056.44274;[0.05];[-0.9];6025.24372;[0.0447];[-0.9053];5976.67472),(329400.26879;[0.01];[-0.94];5795.61610;[0.0173];[-0.9327];5752.01264),(330023.08607;[0.01];[-0.94];5795.61610;[0.0173];[-0.9327];5752.01264),(330485.43668;[0.11];[-0.84];6233.97102;[0.1167];[-0.8333];6202.14521),(330856.73404;[0.1];[-0.85];6126.37358;[0.0769];[-0.8731];6077.53624),(331269.25445;[0.05];[-0.9];6025.24372;[0.0447];[-0.9053];5976.67472),(331599.74456;[0.01];[-0.94];5795.61610;[0.0173];[-0.9327];5752.01264),(332247.65587;[0.01];[-0.94];5795.61610;[0.0173];[-0.9327];5752.01264),(332649.36256;[0.11];[-0.84];6233.97102;[0.1167];[-0.8333];6202.14521),(332997.63155;[0.1];[-0.85];6126.37358;[0.0769];[-0.8731];6077.53624),(333464.03384;[0.05];[-0.9];6025.24372;[0.0447];[-0.9053];5976.67472),(333807.35064;[0.01];[-0.94];5795.61610;[0.0173];[-0.9327];5752.01264),(335014.23550;[0.12];[-0.83];6219.07508;[0.1201];[-0.8299];6183.37453),(335364.48264;[0.1];[-0.85];6126.37358;[0.0769];[-0.8731];6077.53624),(335785.14004;[0.05];[-0.9];6025.24372;[0.0447];[-0.9053];5976.67472),(337102.90146;[0.01];[-0.94];5795.61610;[0.0173];[-0.9327];5752.01264),(337531.85892;[0.12];[-0.83];6219.07508;[0.1201];[-0.8299];6183.37453),(337909.99436;[0.1];[-0.85];6126.37358;[0.0769];[-0.8731];6077.53624),(338333.52470;[0.05];[-0.9];6025.24372;[0.0447];[-0.9053];5976.67472),(338447.63875;[0.01];[-0.94];5969.25505;[0.0293];[-0.9207];5923.06536),(338559.54027;[0.01];[-0.94];5813.59331;[0.0173];[-0.9327];5770.13307),(338920.41659;[0.01];[-0.94];5803.46542;[0.0173];[-0.9327];5759.92908),(339041.82220;[0.01];[-0.94];5800.15843;[0.0173];[-0.9327];5756.59498),(339126.74785;[0.01];[-0.94];5795.61610;[0.0173];[-0.9327];5752.01264),(339920.07065;[0.11];[-0.84];6199.09072;[0.1089];[-0.8411];6155.96438),(340222.93687;[0.08];[-0.87];6080.26038;[0.0649];[-0.8851];6047.17246),(341055.50551;[0.03];[-0.92];5998.94415;[0.0363];[-0.9137];5952.50905),(341357.43165;[0.01];[-0.94];5807.43803;[0.0173];[-0.9327];5763.96112),(341481.59385;[0.01];[-0.94];5795.61610;[0.0173];[-0.9327];5752.01264),(342223.68765;[0.1];[-0.85];6186.13475;[0.1058];[-0.8442];6160.07909),(342523.07653;[0.08];[-0.87];6078.73520;[0.0648];[-0.8852];6045.68998),(342859.17282;[0.03];[-0.92];5999.27391;[0.0361];[-0.9139];5951.25439),(342990.39912;[0.01];[-0.94];5800.15843;[0.0173];[-0.9327];5756.59498),(343310.46629;[0.01];[-0.94];5795.61610;[0.0173];[-0.9327];5752.01264),(343489.25591;[0.01];[-0.94];5795.61610;[0.0173];[-0.9327];5752.01264),(343952.51012;[0.1];[-0.85];6169.25068;[0.0943];[-0.8557];6131.57594),(344428.16448;[0.07];[-0.88];6045.90931;[0.054];[-0.896];5999.79285),(344821.69652;[0.01];[-0.94];5795.61610;[0.0173];[-0.9327];5752.01264),(345691.20932;[0.1];[-0.85];6156.69626;[0.0896];[-0.8604];6117.41655),(346016.78729;[0.07];[-0.88];6045.90931;[0.054];[-0.896];5999.79285),(346684.73244;[0.03];[-0.92];5999.27391;[0.0361];[-0.9139];5951.25439),(346906.88109;[0.01];[-0.94];5978.63290;[0.0307];[-0.9193];5932.09209),(346976.98140;[0.01];[-0.94];5976.53198;[0.0291];[-0.9209];5930.42922),(347106.02760;[0.01];[-0.94];5971.63774;[0.0298];[-0.9202];5925.43640),(347316.50591;[0.01];[-0.94];5966.22399;[0.0295];[-0.9205];5920.03037),(347383.73590;[0.01];[-0.94];5962.97765;[0.0298];[-0.9202];5916.75746),(347533.36716;[0.01];[-0.94];5953.52221;[0.0296];[-0.9204];5907.18139),(347670.82858;[0.01];[-0.94];5953.52221;[0.0296];[-0.9204];5907.18139),(348354.81286;[0.1];[-0.85];6156.69626;[0.0896];[-0.8604];6117.41655),(348827.99578;[0.07];[-0.88];6045.90931;[0.054];[-0.896];5999.79285),(349560.49585;[0.03];[-0.92];5999.27391;[0.0361];[-0.9139];5951.25439),(349823.12298;[0.01];[-0.94];5979.01108;[0.0306];[-0.9194];5932.47457),(349902.74882;[0.01];[-0.94];5976.53198;[0.0291];[-0.9209];5930.42922),(350193.76254;[0.01];[-0.94];5971.63774;[0.0298];[-0.9202];5925.43640),(350276.90005;[0.01];[-0.94];5969.25505;[0.0293];[-0.9207];5923.06536),(350428.06053;[0.01];[-0.94];5962.97765;[0.0298];[-0.9202];5916.75746),(350481.53234;[0.01];[-0.94];5962.97765;[0.0298];[-0.9202];5916.75746),(350577.16632;[0.01];[-0.94];5953.52221;[0.0296];[-0.9204];5907.18139),(351158.69212;[0.1];[-0.85];6141.13679;[0.0841];[-0.8659];6104.43858),(351670.02845;[0.07];[-0.88];6045.00095;[0.0531];[-0.8969];5999.37877),(352436.61356;[0.03];[-0.92];5998.94415;[0.0363];[-0.9137];5952.50905),(352641.14785;[0.01];[-0.94];5978.63290;[0.0307];[-0.9193];5932.09209),(352726.35484;[0.01];[-0.94];5975.61060;[0.0293];[-0.9207];5929.50197),(352887.10546;[0.01];[-0.94];5969.25505;[0.0293];[-0.9207];5923.06536),(352958.51874;[0.01];[-0.94];5962.97765;[0.0298];[-0.9202];5916.75746),(353203.55535;[0.01];[-0.94];5953.52221;[0.0296];[-0.9204];5907.18139),(353354.25377;[0.01];[-0.94];5953.52221;[0.0296];[-0.9204];5907.18139),(353824.50128;[0.1];[-0.85];6113.86726;[0.0741];[-0.8759];6084.34151),(354289.32357;[0.05];[-0.9];6023.69939;[0.0444];[-0.9056];5975.29058),(354620.26691;[0.01];[-0.94];5953.52221;[0.0296];[-0.9204];5907.18139),(355341.34388;[0.08];[-0.87];6098.03971;[0.0701];[-0.8799];6067.13655),(355836.38906;[0.05];[-0.9];6023.69939;[0.0444];[-0.9056];5975.29058),(357016.06917;[0.08];[-0.87];6098.30054;[0.0704];[-0.8796];6067.07149),(357526.59655;[0.05];[-0.9];6023.69939;[0.0444];[-0.9056];5975.29058),(357723.83714;[0.03];[-0.92];5995.73917;[0.0367];[-0.9133];5949.25701),(357835.62255;[0.01];[-0.94];5978.20440;[0.0298];[-0.9202];5932.06390),(357929.59237;[0.01];[-0.94];5971.63774;[0.0298];[-0.9202];5925.43640),(358157.10282;[0.01];[-0.94];5962.97765;[0.0298];[-0.9202];5916.75746),(358261.50012;[0.01];[-0.94];5962.97765;[0.0298];[-0.9202];5916.75746),(358387.04753;[0.01];[-0.94];5962.97765;[0.0298];[-0.9202];5916.75746),(359049.81232;[0.08];[-0.87];6063.22172;[0.0585];[-0.8915];6023.03426),(359881.21796;[0.03];[-0.92];5998.67098;[0.0365];[-0.9135];5950.61899),(360024.75357;[0.01];[-0.94];5978.63290;[0.0307];[-0.9193];5932.09209),(360357.39112;[0.01];[-0.94];5973.58486;[0.0298];[-0.9202];5927.39622),(360475.78931;[0.01];[-0.94];5962.97765;[0.0298];[-0.9202];5916.75746),(360612.46514;[0.01];[-0.94];5962.97765;[0.0298];[-0.9202];5916.75746),(360815.23705;[0.01];[-0.94];5962.97765;[0.0298];[-0.9202];5916.75746),(361170.07375;[0.07];[-0.88];6043.07174;[0.052];[-0.898];5997.68440),(361465.22903;[0.01];[-0.94];5962.97765;[0.0298];[-0.9202];5916.75746),(362049.84689;[0.07];[-0.88];6043.07174;[0.052];[-0.898];5997.68440),(362833.17089;[0.03];[-0.92];5996.06892;[0.0366];[-0.9134];5948.00235),(362982.84912;[0.01];[-0.94];5978.29017;[0.0307];[-0.9193];5931.92533),(363387.92920;[0.01];[-0.94];5971.63774;[0.0298];[-0.9202];5925.43640),(363468.45961;[0.01];[-0.94];5969.25505;[0.0293];[-0.9207];5923.06536),(363548.20633;[0.01];[-0.94];5962.97765;[0.0298];[-0.9202];5916.75746),(363686.77878;[0.01];[-0.94];5962.97765;[0.0298];[-0.9202];5916.75746),(364131.39963;[0.05];[-0.9];6019.77456;[0.0441];[-0.9059];5971.41956),(365170.01820;[0.05];[-0.9];6019.77456;[0.0441];[-0.9059];5971.41956),(365363.82413;[0.01];[-0.94];5979.69269;[0.0312];[-0.9188];5932.85514),(365509.48286;[0.01];[-0.94];5973.58486;[0.0298];[-0.9202];5927.39622),(365627.33316;[0.01];[-0.94];5969.25505;[0.0293];[-0.9207];5923.06536),(365733.37770;[0.01];[-0.94];5962.97765;[0.0298];[-0.9202];5916.75746),(365883.95166;[0.01];[-0.94];5962.97765;[0.0298];[-0.9202];5916.75746),(366947.22295;[0.01];[-0.94];5962.97765;[0.0298];[-0.9202];5916.75746),(367460.60491;[0.17];[-0.78];6517.91973;[0.1915];[-0.7585];6620.37362),(367769.46783;[0.17];[-0.78];6517.91973;[0.1915];[-0.7585];6620.37362),(368052.27518;[0.17];[-0.78];6517.91973;[0.1915];[-0.7585];6620.37362),(368340.64698;[0.17];[-0.78];6517.91973;[0.1915];[-0.7585];6620.37362),(368628.02839;[0.17];[-0.78];6517.91973;[0.1915];[-0.7585];6620.37362),(368960.28924;[0.1];[-0.85];6143.13750;[0.0825];[-0.8675];6101.57672),(369029.54936;[0.05];[-0.9];6022.94616;[0.0438];[-0.9062];5974.58090),(369134.03249;[0.01];[-0.94];5645.24556;[0.0101];[-0.9399];5602.53315),(369200.69385;[0.];[-0.95];5181.26841;[0.0013];[-0.9487];5145.73900),(369324.96262;[0.];[-0.95];5003.63400;[0.0004];[-0.9496];4969.50716),(369406.28099;[0.];[-0.95];4752.32601;[0.0001];[-0.9499];4722.25217),(369559.90052;[0.];[-0.95];4739.55673;[0.0001];[-0.9499];4709.36029),(369738.05428;[0.];[-0.95];4733.84374;[0.0001];[-0.9499];4703.66244),(370408.64921;[0.15];[-0.8];6496.26373;[0.177];[-0.773];6597.73222),(370876.89161;[0.14];[-0.81];6370.00722;[0.1514];[-0.7986];6382.59304),(371542.30928;[0.1];[-0.85];6188.55785;[0.1039];[-0.8461];6143.06670),(372040.02190;[0.07];[-0.88];6045.00095;[0.0531];[-0.8969];5999.37877),(372746.65451;[0.01];[-0.94];5807.43803;[0.0173];[-0.9327];5763.96112),(372889.54353;[0.];[-0.95];5239.14871;[0.0016];[-0.9484];5200.85206),(373001.25480;[0.];[-0.95];5007.56453;[0.0004];[-0.9496];4973.45857),(373155.64227;[0.];[-0.95];4993.80809;[0.0004];[-0.9496];4959.58504),(373421.90146;[0.];[-0.95];4993.45097;[0.0004];[-0.9496];4959.21223),(373507.74217;[0.];[-0.95];4989.05132;[0.0004];[-0.9496];4954.76568),(373576.31373;[0.];[-0.95];4989.05132;[0.0004];[-0.9496];4954.76568),(373641.17885;[0.];[-0.95];4989.05132;[0.0004];[-0.9496];4954.76568),(373696.75040;[0.];[-0.95];4989.05132;[0.0004];[-0.9496];4954.76568),(374180.38154;[0.15];[-0.8];6494.66843;[0.1862];[-0.7638];6551.69406),(374566.32638;[0.14];[-0.81];6364.23625;[0.1486];[-0.8014];6372.22152),(375113.46173;[0.1];[-0.85];6188.55785;[0.1039];[-0.8461];6143.06670),(375688.34376;[0.08];[-0.87];6049.24973;[0.0587];[-0.8913];6010.97618),(376023.89383;[0.];[-0.95];4989.05132;[0.0004];[-0.9496];4954.76568),(376728.99222;[0.];[-0.95];4989.05132;[0.0004];[-0.9496];4954.76568),(377032.00817;[0.15];[-0.8];6494.66843;[0.1862];[-0.7638];6551.69406),(377500.51713;[0.14];[-0.81];6364.23625;[0.1486];[-0.8014];6372.22152),(378021.25812;[0.1];[-0.85];6188.55785;[0.1039];[-0.8461];6143.06670),(378593.47129;[0.08];[-0.87];6049.24973;[0.0587];[-0.8913];6010.97618),(378925.98104;[0.];[-0.95];4989.05132;[0.0004];[-0.9496];4954.76568),(380132.35044;[0.];[-0.95];4989.05132;[0.0004];[-0.9496];4954.76568),(380434.99446;[0.15];[-0.8];6494.66843;[0.1862];[-0.7638];6551.69406),(380811.61118;[0.14];[-0.81];6355.81062;[0.1466];[-0.8034];6360.34453),(381322.82209;[0.1];[-0.85];6188.55785;[0.1039];[-0.8461];6143.06670),(381843.01996;[0.08];[-0.87];6049.24973;[0.0587];[-0.8913];6010.97618),(382200.73295;[0.];[-0.95];4989.05132;[0.0004];[-0.9496];4954.76568),(382793.07199;[0.];[-0.95];4989.05132;[0.0004];[-0.9496];4954.76568),(383094.88702;[0.15];[-0.8];6494.66843;[0.1862];[-0.7638];6551.69406),(383473.85025;[0.14];[-0.81];6355.81062;[0.1466];[-0.8034];6360.34453),(384026.47400;[0.1];[-0.85];6188.55785;[0.1039];[-0.8461];6143.06670),(384560.77719;[0.08];[-0.87];6049.24973;[0.0587];[-0.8913];6010.97618),(384942.95716;[0.];[-0.95];4989.05132;[0.0004];[-0.9496];4954.76568),(385478.02782;[0.];[-0.95];4989.05132;[0.0004];[-0.9496];4954.76568),(385794.70205;[0.15];[-0.8];6494.66843;[0.1862];[-0.7638];6551.69406),(386193.54987;[0.14];[-0.81];6355.81062;[0.1466];[-0.8034];6360.34453),(386765.04421;[0.1];[-0.85];6188.55785;[0.1039];[-0.8461];6143.06670),(387311.34963;[0.08];[-0.87];6049.24973;[0.0587];[-0.8913];6010.97618),(387647.33124;[0.];[-0.95];4989.05132;[0.0004];[-0.9496];4954.76568),(388253.61347;[0.];[-0.95];4989.05132;[0.0004];[-0.9496];4954.76568),(388528.62263;[0.15];[-0.8];6494.66843;[0.1862];[-0.7638];6551.69406),(388960.41870;[0.14];[-0.81];6355.81062;[0.1466];[-0.8034];6360.34453),(389448.93742;[0.1];[-0.85];6188.55785;[0.1039];[-0.8461];6143.06670),(389975.88468;[0.08];[-0.87];6049.24973;[0.0587];[-0.8913];6010.97618),(390366.94407;[0.];[-0.95];4989.05132;[0.0004];[-0.9496];4954.76568),(391299.30592;[0.];[-0.95];4989.05132;[0.0004];[-0.9496];4954.76568),(391582.35240;[0.15];[-0.8];6494.66843;[0.1862];[-0.7638];6551.69406),(392069.47207;[0.14];[-0.81];6343.50686;[0.1433];[-0.8067];6344.60873),(392521.51775;[0.1];[-0.85];6178.95064;[0.1];[-0.85];6144.20276),(393054.51989;[0.08];[-0.87];6049.24973;[0.0587];[-0.8913];6010.97618),(393407.28378;[0.];[-0.95];4989.05132;[0.0004];[-0.9496];4954.76568),(394442.04736;[0.15];[-0.8];6494.66843;[0.1862];[-0.7638];6551.69406),(394909.25670;[0.14];[-0.81];6343.50686;[0.1433];[-0.8067];6344.60873),(395318.31837;[0.1];[-0.85];6178.95064;[0.1];[-0.85];6144.20276),(395775.96211;[0.08];[-0.87];6049.24973;[0.0587];[-0.8913];6010.97618),(396645.70546;[0.01];[-0.94];5819.44001;[0.0178];[-0.9322];5775.82424),(396817.72637;[0.];[-0.95];5433.16183;[0.0044];[-0.9456];5391.21732),(397065.10735;[0.];[-0.95];5225.16390;[0.0016];[-0.9484];5186.74524),(397141.53171;[0.];[-0.95];5198.50680;[0.0014];[-0.9486];5163.12607),(397377.13552;[0.];[-0.95];5186.88080;[0.0013];[-0.9487];5151.38236),(397467.25869;[0.];[-0.95];5186.83787;[0.0013];[-0.9487];5151.31811),(397536.11994;[0.];[-0.95];5186.83787;[0.0013];[-0.9487];5151.31811),(397590.59072;[0.];[-0.95];5186.83787;[0.0013];[-0.9487];5151.31811),(397641.12568;[0.];[-0.95];5186.83787;[0.0013];[-0.9487];5151.31811),(397933.23779;[0.15];[-0.8];6494.66843;[0.1862];[-0.7638];6551.69406),(398532.19295;[0.14];[-0.81];6331.74689;[0.139];[-0.811];6324.57537),(399154.03461;[0.1];[-0.85];6169.25068;[0.0943];[-0.8557];6131.57594),(399581.40373;[0.08];[-0.87];6059.99113;[0.0586];[-0.8914];6021.69374),(399882.88665;[0.];[-0.95];5186.83787;[0.0013];[-0.9487];5151.31811),(400218.59717;[0.];[-0.95];5186.83787;[0.0013];[-0.9487];5151.31811),(400821.19298;[0.15];[-0.8];6489.96012;[0.1844];[-0.7656];6541.36742),(401247.80321;[0.14];[-0.81];6321.59023;[0.1371];[-0.8129];6309.99328),(401884.21392;[0.1];[-0.85];6169.25068;[0.0943];[-0.8557];6131.57594),(402276.23153;[0.08];[-0.87];6059.99113;[0.0586];[-0.8914];6021.69374),(402620.60022;[0.];[-0.95];5186.83787;[0.0013];[-0.9487];5151.31811),(402947.06821;[0.];[-0.95];5186.83787;[0.0013];[-0.9487];5151.31811),(403565.63306;[0.15];[-0.8];6489.96012;[0.1844];[-0.7656];6541.36742),(403976.41730;[0.14];[-0.81];6321.59023;[0.1371];[-0.8129];6309.99328),(404622.29538;[0.1];[-0.85];6169.25068;[0.0943];[-0.8557];6131.57594),(405018.87393;[0.08];[-0.87];6059.99113;[0.0586];[-0.8914];6021.69374),(405327.67034;[0.];[-0.95];5186.83787;[0.0013];[-0.9487];5151.31811),(405623.83151;[0.];[-0.95];5186.83787;[0.0013];[-0.9487];5151.31811),(406147.16125;[0.15];[-0.8];6486.65756;[0.1791];[-0.7709];6539.95716),(406625.96154;[0.14];[-0.81];6321.59023;[0.1371];[-0.8129];6309.99328),(407149.94240;[0.1];[-0.85];6169.25068;[0.0943];[-0.8557];6131.57594),(407548.95663;[0.08];[-0.87];6059.99113;[0.0586];[-0.8914];6021.69374),(407860.97217;[0.];[-0.95];5186.83787;[0.0013];[-0.9487];5151.31811),(408198.11368;[0.];[-0.95];5186.83787;[0.0013];[-0.9487];5151.31811),(408701.39122;[0.15];[-0.8];6486.65756;[0.1791];[-0.7709];6539.95716),(409159.46412;[0.14];[-0.81];6321.59023;[0.1371];[-0.8129];6309.99328),(409647.82906;[0.1];[-0.85];6169.25068;[0.0943];[-0.8557];6131.57594),(410054.28243;[0.08];[-0.87];6059.99113;[0.0586];[-0.8914];6021.69374),(410355.48997;[0.];[-0.95];5186.83787;[0.0013];[-0.9487];5151.31811),(410662.04071;[0.];[-0.95];5186.84102;[0.0013];[-0.9487];5151.32125),(411079.56171;[0.15];[-0.8];6482.70386;[0.1778];[-0.7722];6531.69604),(411409.47843;[0.14];[-0.81];6309.30107;[0.1347];[-0.8153];6293.63058),(411909.16371;[0.1];[-0.85];6156.69626;[0.0896];[-0.8604];6117.41655),(412268.48769;[0.05];[-0.9];6022.94616;[0.0438];[-0.9062];5974.58090),(412590.76071;[0.];[-0.95];5186.84102;[0.0013];[-0.9487];5151.32125),(412922.89925;[0.];[-0.95];5181.26841;[0.0013];[-0.9487];5145.73900),(413390.80477;[0.15];[-0.8];6482.70386;[0.1778];[-0.7722];6531.69604),(413711.71021;[0.14];[-0.81];6309.30107;[0.1347];[-0.8153];6293.63058),(414221.00329;[0.1];[-0.85];6156.69626;[0.0896];[-0.8604];6117.41655),(414543.73717;[0.05];[-0.9];6022.94616;[0.0438];[-0.9062];5974.58090),(414891.66951;[0.];[-0.95];5181.26841;[0.0013];[-0.9487];5145.73900),(415540.54070;[0.15];[-0.8];6477.68880;[0.1756];[-0.7744];6525.33947),(415859.12752;[0.14];[-0.81];6309.30107;[0.1347];[-0.8153];6293.63058),(416414.87193;[0.1];[-0.85];6156.69626;[0.0896];[-0.8604];6117.41655),(416740.29684;[0.05];[-0.9];6022.94616;[0.0438];[-0.9062];5974.58090),(417617.88511;[0.];[-0.95];5186.83787;[0.0013];[-0.9487];5151.31811),(418078.06325;[0.15];[-0.8];6477.68880;[0.1756];[-0.7744];6525.33947),(418410.04109;[0.14];[-0.81];6309.30107;[0.1347];[-0.8153];6293.63058),(418919.61861;[0.1];[-0.85];6169.25068;[0.0943];[-0.8557];6131.57594),(419326.88928;[0.08];[-0.87];6059.99113;[0.0586];[-0.8914];6021.69374),(419643.03422;[0.01];[-0.94];5975.61060;[0.0293];[-0.9207];5929.50197),(419834.65195;[0.01];[-0.94];5627.63509;[0.01];[-0.94];5584.77237),(419942.96098;[0.];[-0.95];5414.28451;[0.004];[-0.946];5374.60998),(420249.85099;[0.];[-0.95];5401.86184;[0.004];[-0.946];5362.89402),(420303.00331;[0.];[-0.95];5401.86184;[0.004];[-0.946];5362.89402),(420358.36840;[0.];[-0.95];5401.86184;[0.004];[-0.946];5362.89402),(421501.37568;[0.15];[-0.8];6464.11271;[0.1714];[-0.7786];6506.23056),(422350.87848;[0.13];[-0.82];6279.36481;[0.1287];[-0.8213];6258.94136),(422886.93738;[0.1];[-0.85];6156.31625;[0.0889];[-0.8611];6117.13863),(423273.57507;[0.05];[-0.9];6024.87537;[0.0449];[-0.9051];5976.27528),(424486.98068;[0.];[-0.95];5401.86184;[0.004];[-0.946];5362.89402),(425166.87369;[0.15];[-0.8];6464.11271;[0.1714];[-0.7786];6506.23056),(425737.28323;[0.14];[-0.81];6295.29181;[0.1318];[-0.8182];6276.11662),(426321.86294;[0.1];[-0.85];6169.25068;[0.0943];[-0.8557];6131.57594),(426796.59557;[0.08];[-0.87];6062.03110;[0.0587];[-0.8913];6023.68402),(427189.37969;[0.01];[-0.94];5979.01108;[0.0306];[-0.9194];5932.47457),(427327.53158;[0.01];[-0.94];5807.43803;[0.0173];[-0.9327];5763.96112),(427602.70858;[0.01];[-0.94];5634.43183;[0.0096];[-0.9404];5591.58353),(427682.40762;[0.01];[-0.94];5627.63509;[0.01];[-0.94];5584.77237),(427849.83659;[0.01];[-0.94];5612.03050;[0.0098];[-0.9402];5569.02104),(428024.74236;[0.01];[-0.94];5612.03050;[0.0098];[-0.9402];5569.02104),(428124.39394;[0.01];[-0.94];5611.58174;[0.0096];[-0.9404];5568.58157),(428186.70893;[0.01];[-0.94];5611.58174;[0.0096];[-0.9404];5568.58157),(428714.59484;[0.15];[-0.8];6433.29643;[0.1685];[-0.7815];6460.39124),(429472.54944;[0.12];[-0.83];6250.05939;[0.1216];[-0.8284];6220.71379),(429932.22070;[0.1];[-0.85];6128.27505;[0.0775];[-0.8725];6079.29604),(430414.90030;[0.05];[-0.9];6025.24372;[0.0447];[-0.9053];5976.67472),(430744.61579;[0.01];[-0.94];5611.58174;[0.0096];[-0.9404];5568.58157),(431104.51078;[0.01];[-0.94];5611.58174;[0.0096];[-0.9404];5568.58157),(431619.40408;[0.15];[-0.8];6433.29643;[0.1685];[-0.7815];6460.39124),(432325.88983;[0.12];[-0.83];6250.05939;[0.1216];[-0.8284];6220.71379),(432759.89628;[0.1];[-0.85];6128.27505;[0.0775];[-0.8725];6079.29604),(433198.81487;[0.05];[-0.9];6025.24372;[0.0447];[-0.9053];5976.67472),(433562.24990;[0.01];[-0.94];5611.58174;[0.0096];[-0.9404];5568.58157),(434004.86183;[0.01];[-0.94];5611.58174;[0.0096];[-0.9404];5568.58157),(434447.78538;[0.15];[-0.8];6417.94455;[0.166];[-0.784];6441.26487),(435078.46737;[0.12];[-0.83];6250.05939;[0.1216];[-0.8284];6220.71379),(435564.82100;[0.1];[-0.85];6128.27505;[0.0775];[-0.8725];6079.29604),(435995.18371;[0.05];[-0.9];6025.24372;[0.0447];[-0.9053];5976.67472),(436329.96035;[0.01];[-0.94];5611.58174;[0.0096];[-0.9404];5568.58157),(436690.76276;[0.01];[-0.94];5611.58174;[0.0096];[-0.9404];5568.58157),(437336.38310;[0.15];[-0.8];6417.94455;[0.166];[-0.784];6441.26487),(438083.40359;[0.12];[-0.83];6250.05939;[0.1216];[-0.8284];6220.71379),(438653.27954;[0.1];[-0.85];6128.27505;[0.0775];[-0.8725];6079.29604),(439101.92013;[0.05];[-0.9];6025.24372;[0.0447];[-0.9053];5976.67472),(439430.62901;[0.01];[-0.94];5611.58174;[0.0096];[-0.9404];5568.58157),(439782.49550;[0.01];[-0.94];5611.58174;[0.0096];[-0.9404];5568.58157),(440376.39880;[0.15];[-0.8];6399.37583;[0.1567];[-0.7933];6424.33680),(441002.14100;[0.12];[-0.83];6234.18299;[0.1172];[-0.8328];6201.74187),(441443.78138;[0.1];[-0.85];6128.27505;[0.0775];[-0.8725];6079.29604),(441899.38378;[0.05];[-0.9];6025.24372;[0.0447];[-0.9053];5976.67472),(442226.87697;[0.01];[-0.94];5611.58174;[0.0096];[-0.9404];5568.58157),(442567.89207;[0.01];[-0.94];5611.58174;[0.0096];[-0.9404];5568.58157),(443175.70448;[0.15];[-0.8];6399.37583;[0.1567];[-0.7933];6424.33680),(443777.18377;[0.12];[-0.83];6234.18299;[0.1172];[-0.8328];6201.74187),(444428.63917;[0.1];[-0.85];6128.27505;[0.0775];[-0.8725];6079.29604),(444908.20479;[0.05];[-0.9];6025.24372;[0.0447];[-0.9053];5976.67472),(445234.03502;[0.01];[-0.94];5611.58174;[0.0096];[-0.9404];5568.58157),(445618.76488;[0.01];[-0.94];5611.58174;[0.0096];[-0.9404];5568.58157),(445978.08242;[0.15];[-0.8];6393.59077;[0.1662];[-0.7838];6415.75941),(446571.98477;[0.12];[-0.83];6234.18299;[0.1172];[-0.8328];6201.74187),(447011.65724;[0.1];[-0.85];6128.27505;[0.0775];[-0.8725];6079.29604),(447512.73608;[0.05];[-0.9];6025.24372;[0.0447];[-0.9053];5976.67472),(447836.59744;[0.01];[-0.94];5611.58174;[0.0096];[-0.9404];5568.58157),(448604.89726;[0.15];[-0.8];6393.59077;[0.1662];[-0.7838];6415.75941),(449191.03503;[0.11];[-0.84];6233.97102;[0.1167];[-0.8333];6202.14521),(449696.30218;[0.1];[-0.85];6128.27505;[0.0775];[-0.8725];6079.29604),(450166.40067;[0.05];[-0.9];6025.24372;[0.0447];[-0.9053];5976.67472),(451084.64694;[0.01];[-0.94];5611.58174;[0.0096];[-0.9404];5568.58157),(451475.52824;[0.15];[-0.8];6393.32718;[0.1662];[-0.7838];6415.50281),(452045.34459;[0.11];[-0.84];6233.97102;[0.1167];[-0.8333];6202.14521),(452573.99797;[0.1];[-0.85];6128.27505;[0.0775];[-0.8725];6079.29604),(453008.03399;[0.05];[-0.9];6025.24372;[0.0447];[-0.9053];5976.67472),(453134.30309;[0.01];[-0.94];5971.63774;[0.0298];[-0.9202];5925.43640),(453318.59016;[0.01];[-0.94];5813.59331;[0.0173];[-0.9327];5770.13307),(453414.83116;[0.01];[-0.94];5803.24762;[0.0172];[-0.9328];5759.69751),(453566.53857;[0.01];[-0.94];5795.61610;[0.0173];[-0.9327];5752.01264),(454270.09130;[0.01];[-0.94];5795.61610;[0.0173];[-0.9327];5752.01264),(454801.00513;[0.14];[-0.81];6380.54934;[0.1569];[-0.7931];6390.38195),(455333.08291;[0.11];[-0.84];6207.40716;[0.1131];[-0.8369];6165.07135),(455766.53957;[0.08];[-0.87];6081.20910;[0.0655];[-0.8845];6047.93466),(456103.17969;[0.01];[-0.94];5795.61610;[0.0173];[-0.9327];5752.01264),(456953.99451;[0.01];[-0.94];5795.61610;[0.0173];[-0.9327];5752.01264),(457465.33823;[0.14];[-0.81];6380.54934;[0.1569];[-0.7931];6390.38195),(457949.83411;[0.11];[-0.84];6207.40716;[0.1131];[-0.8369];6165.07135),(458428.68114;[0.08];[-0.87];6081.20910;[0.0655];[-0.8845];6047.93466),(458782.72128;[0.01];[-0.94];5795.61610;[0.0173];[-0.9327];5752.01264),(459480.90124;[0.01];[-0.94];5795.61610;[0.0173];[-0.9327];5752.01264),(459827.02994;[0.14];[-0.81];6375.96611;[0.1541];[-0.7959];6392.09759),(460349.70641;[0.11];[-0.84];6198.38600;[0.1089];[-0.8411];6154.98533),(460807.71327;[0.08];[-0.87];6081.20910;[0.0655];[-0.8845];6047.93466),(461129.09365;[0.01];[-0.94];5795.61610;[0.0173];[-0.9327];5752.01264),(461918.03646;[0.01];[-0.94];5795.61610;[0.0173];[-0.9327];5752.01264),(462278.03302;[0.14];[-0.81];6375.96611;[0.1541];[-0.7959];6392.09759),(462800.60387;[0.11];[-0.84];6198.38600;[0.1089];[-0.8411];6154.98533),(463265.82742;[0.08];[-0.87];6081.20910;[0.0655];[-0.8845];6047.93466),(463588.31120;[0.01];[-0.94];5795.61610;[0.0173];[-0.9327];5752.01264),(464169.53373;[0.01];[-0.94];5795.61610;[0.0173];[-0.9327];5752.01264),(464749.83144;[0.14];[-0.81];6370.00722;[0.1514];[-0.7986];6382.59304),(465223.54960;[0.11];[-0.84];6198.38600;[0.1089];[-0.8411];6154.98533),(465683.48885;[0.08];[-0.87];6081.20910;[0.0655];[-0.8845];6047.93466),(466039.55603;[0.01];[-0.94];5795.61610;[0.0173];[-0.9327];5752.01264),(466764.16731;[0.01];[-0.94];5795.61610;[0.0173];[-0.9327];5752.01264),(467345.49427;[0.14];[-0.81];6370.00722;[0.1514];[-0.7986];6382.59304),(467783.81658;[0.11];[-0.84];6198.38600;[0.1089];[-0.8411];6154.98533),(468265.85031;[0.08];[-0.87];6081.20910;[0.0655];[-0.8845];6047.93466),(468585.05034;[0.01];[-0.94];5795.61610;[0.0173];[-0.9327];5752.01264),(469229.39730;[0.01];[-0.94];5795.61610;[0.0173];[-0.9327];5752.01264),(469550.21381;[0.14];[-0.81];6364.23625;[0.1486];[-0.8014];6372.22152),(469926.65410;[0.1];[-0.85];6187.06538;[0.1052];[-0.8448];6156.10745),(470292.77754;[0.08];[-0.87];6060.66864;[0.0586];[-0.8914];6020.49979),(470613.43980;[0.01];[-0.94];5795.61610;[0.0173];[-0.9327];5752.01264),(471229.85268;[0.01];[-0.94];5795.61610;[0.0173];[-0.9327];5752.01264),(471562.50405;[0.14];[-0.81];6364.23625;[0.1486];[-0.8014];6372.22152),(471889.98127;[0.1];[-0.85];6187.06538;[0.1052];[-0.8448];6156.10745),(472213.11283;[0.08];[-0.87];6060.66864;[0.0586];[-0.8914];6020.49979),(472565.63973;[0.01];[-0.94];5795.61610;[0.0173];[-0.9327];5752.01264),(473137.07280;[0.01];[-0.94];5795.61610;[0.0173];[-0.9327];5752.01264),(473441.75410;[0.14];[-0.81];6355.81062;[0.1466];[-0.8034];6360.34453),(473785.32577;[0.1];[-0.85];6187.06538;[0.1052];[-0.8448];6156.10745),(474133.15821;[0.08];[-0.87];6060.66864;[0.0586];[-0.8914];6020.49979),(474472.16320;[0.01];[-0.94];5795.61610;[0.0173];[-0.9327];5752.01264),(475101.96662;[0.01];[-0.94];5795.61610;[0.0173];[-0.9327];5752.01264),(475411.00335;[0.14];[-0.81];6355.81062;[0.1466];[-0.8034];6360.34453),(475789.95228;[0.1];[-0.85];6187.06538;[0.1052];[-0.8448];6156.10745),(476124.47643;[0.08];[-0.87];6060.66864;[0.0586];[-0.8914];6020.49979),(476458.94575;[0.01];[-0.94];5795.61610;[0.0173];[-0.9327];5752.01264),(477069.74363;[0.01];[-0.94];5795.61610;[0.0173];[-0.9327];5752.01264),(477460.96945;[0.14];[-0.81];6343.50686;[0.1433];[-0.8067];6344.60873),(478127.43425;[0.1];[-0.85];6169.25068;[0.0943];[-0.8557];6131.57594),(478447.78895;[0.08];[-0.87];6060.66864;[0.0586];[-0.8914];6020.49979),(478805.86505;[0.01];[-0.94];5795.61610;[0.0173];[-0.9327];5752.01264),(479450.79541;[0.01];[-0.94];5795.61610;[0.0173];[-0.9327];5752.01264),(479805.01342;[0.14];[-0.81];6343.50686;[0.1433];[-0.8067];6344.60873),(480411.33666;[0.1];[-0.85];6169.25068;[0.0943];[-0.8557];6131.57594),(480734.34448;[0.08];[-0.87];6060.66864;[0.0586];[-0.8914];6020.49979),(481046.62967;[0.01];[-0.94];5795.61610;[0.0173];[-0.9327];5752.01264),(481603.36089;[0.01];[-0.94];5795.61610;[0.0173];[-0.9327];5752.01264),(482110.42738;[0.14];[-0.81];6329.54993;[0.1387];[-0.8113];6322.59404),(482761.76739;[0.1];[-0.85];6169.25068;[0.0943];[-0.8557];6131.57594),(483090.76500;[0.08];[-0.87];6060.66864;[0.0586];[-0.8914];6020.49979),(483547.51492;[0.01];[-0.94];5795.61610;[0.0173];[-0.9327];5752.01264),(484191.72525;[0.01];[-0.94];5795.61610;[0.0173];[-0.9327];5752.01264),(484624.32051;[0.14];[-0.81];6329.54993;[0.1387];[-0.8113];6322.59404),(485210.18958;[0.1];[-0.85];6169.25068;[0.0943];[-0.8557];6131.57594),(485536.11946;[0.08];[-0.87];6060.66864;[0.0586];[-0.8914];6020.49979),(485894.03439;[0.01];[-0.94];5795.61610;[0.0173];[-0.9327];5752.01264),(486420.45140;[0.01];[-0.94];5795.61610;[0.0173];[-0.9327];5752.01264),(486774.60718;[0.14];[-0.81];6319.12540;[0.1371];[-0.8129];6307.54446),(487293.12515;[0.1];[-0.85];6156.69626;[0.0896];[-0.8604];6117.41655),(487708.11629;[0.05];[-0.9];6025.24372;[0.0447];[-0.9053];5976.67472),(488295.53866;[0.01];[-0.94];5795.61610;[0.0173];[-0.9327];5752.01264),(488928.08914;[0.01];[-0.94];5795.61610;[0.0173];[-0.9327];5752.01264),(489264.57357;[0.14];[-0.81];6319.12540;[0.1371];[-0.8129];6307.54446),(490093.10985;[0.1];[-0.85];6169.25068;[0.0943];[-0.8557];6131.57594),(490423.11478;[0.08];[-0.87];6060.66864;[0.0586];[-0.8914];6020.49979),(490729.71225;[0.01];[-0.94];5795.61610;[0.0173];[-0.9327];5752.01264),(491348.10877;[0.01];[-0.94];5795.61610;[0.0173];[-0.9327];5752.01264),(491697.86000;[0.14];[-0.81];6319.12540;[0.1371];[-0.8129];6307.54446),(492265.88607;[0.1];[-0.85];6169.25068;[0.0943];[-0.8557];6131.57594),(492594.41471;[0.08];[-0.87];6060.66864;[0.0586];[-0.8914];6020.49979),(492949.38636;[0.01];[-0.94];5795.61610;[0.0173];[-0.9327];5752.01264),(493627.79236;[0.01];[-0.94];5795.61610;[0.0173];[-0.9327];5752.01264),(494195.46199;[0.14];[-0.81];6304.11895;[0.1342];[-0.8158];6288.71287),(494666.65268;[0.1];[-0.85];6156.69626;[0.0896];[-0.8604];6117.41655),(494994.83180;[0.08];[-0.87];6060.66864;[0.0586];[-0.8914];6020.49979),(495317.45529;[0.01];[-0.94];5795.61610;[0.0173];[-0.9327];5752.01264),(496143.24951;[0.01];[-0.94];5795.61610;[0.0173];[-0.9327];5752.01264),(496790.01784;[0.14];[-0.81];6304.11895;[0.1342];[-0.8158];6288.71287),(497328.72486;[0.1];[-0.85];6156.69626;[0.0896];[-0.8604];6117.41655),(497651.18170;[0.08];[-0.87];6060.66864;[0.0586];[-0.8914];6020.49979),(497962.77189;[0.01];[-0.94];5795.61610;[0.0173];[-0.9327];5752.01264),(498760.70070;[0.01];[-0.94];5795.61610;[0.0173];[-0.9327];5752.01264),(499288.49244;[0.13];[-0.82];6279.36481;[0.1287];[-0.8213];6258.94136),(499795.05825;[0.1];[-0.85];6156.69626;[0.0896];[-0.8604];6117.41655),(500115.56387;[0.08];[-0.87];6060.66864;[0.0586];[-0.8914];6020.49979),(500463.76276;[0.01];[-0.94];5795.61610;[0.0173];[-0.9327];5752.01264),(501142.24172;[0.01];[-0.94];5795.61610;[0.0173];[-0.9327];5752.01264),(501843.26625;[0.13];[-0.82];6279.36481;[0.1287];[-0.8213];6258.94136),(502314.40115;[0.1];[-0.85];6156.69626;[0.0896];[-0.8604];6117.41655),(502628.18408;[0.08];[-0.87];6060.66864;[0.0586];[-0.8914];6020.49979),(502958.91881;[0.01];[-0.94];5795.61610;[0.0173];[-0.9327];5752.01264),(503578.32432;[0.01];[-0.94];5795.61610;[0.0173];[-0.9327];5752.01264),(504172.17660;[0.12];[-0.83];6263.84188;[0.1194];[-0.8306];6241.49313),(504670.72582;[0.1];[-0.85];6143.13750;[0.0825];[-0.8675];6101.57672),(505082.88193;[0.05];[-0.9];6025.24372;[0.0447];[-0.9053];5976.67472),(505394.96541;[0.01];[-0.94];5795.61610;[0.0173];[-0.9327];5752.01264),(506029.69027;[0.01];[-0.94];5795.61610;[0.0173];[-0.9327];5752.01264),(506625.11301;[0.12];[-0.83];6263.84188;[0.1194];[-0.8306];6241.49313),(506990.50713;[0.1];[-0.85];6143.13750;[0.0825];[-0.8675];6101.57672),(507406.38590;[0.05];[-0.9];6025.24372;[0.0447];[-0.9053];5976.67472),(507806.11920;[0.01];[-0.94];5795.61610;[0.0173];[-0.9327];5752.01264),(508547.26076;[0.01];[-0.94];5795.61610;[0.0173];[-0.9327];5752.01264),(509172.59336;[0.12];[-0.83];6249.45196;[0.1209];[-0.8291];6220.92510),(509606.61936;[0.1];[-0.85];6143.13750;[0.0825];[-0.8675];6101.57672),(510032.16457;[0.05];[-0.9];6025.24372;[0.0447];[-0.9053];5976.67472),(510385.31685;[0.01];[-0.94];5795.61610;[0.0173];[-0.9327];5752.01264),(511157.00698;[0.01];[-0.94];5795.61610;[0.0173];[-0.9327];5752.01264),(511688.15899;[0.12];[-0.83];6249.56757;[0.1206];[-0.8294];6221.05581),(512160.59780;[0.1];[-0.85];6143.13750;[0.0825];[-0.8675];6101.57672),(512603.08552;[0.05];[-0.9];6025.24372;[0.0447];[-0.9053];5976.67472),(512952.12531;[0.01];[-0.94];5795.61610;[0.0173];[-0.9327];5752.01264),(513591.29715;[0.01];[-0.94];5795.61610;[0.0173];[-0.9327];5752.01264),(514014.77766;[0.11];[-0.84];6233.97102;[0.1167];[-0.8333];6202.14521),(514412.99391;[0.1];[-0.85];6126.37358;[0.0769];[-0.8731];6077.53624),(514836.18736;[0.05];[-0.9];6025.24372;[0.0447];[-0.9053];5976.67472),(515223.25206;[0.01];[-0.94];5795.61610;[0.0173];[-0.9327];5752.01264),(515912.59313;[0.01];[-0.94];5795.61610;[0.0173];[-0.9327];5752.01264),(516320.06383;[0.11];[-0.84];6233.97102;[0.1167];[-0.8333];6202.14521),(516688.04264;[0.1];[-0.85];6126.37358;[0.0769];[-0.8731];6077.53624),(517107.84602;[0.05];[-0.9];6025.24372;[0.0447];[-0.9053];5976.67472),(517446.21205;[0.01];[-0.94];5795.61610;[0.0173];[-0.9327];5752.01264),(518648.09966;[0.12];[-0.83];6219.07508;[0.1201];[-0.8299];6183.37453),(519052.25372;[0.1];[-0.85];6126.37358;[0.0769];[-0.8731];6077.53624),(519478.11246;[0.05];[-0.9];6025.24372;[0.0447];[-0.9053];5976.67472),(520718.32895;[0.01];[-0.94];5795.61610;[0.0173];[-0.9327];5752.01264),(521115.61370;[0.12];[-0.83];6219.07508;[0.1201];[-0.8299];6183.37453),(521484.57098;[0.1];[-0.85];6126.37358;[0.0769];[-0.8731];6077.53624),(521907.61614;[0.05];[-0.9];6025.24372;[0.0447];[-0.9053];5976.67472),(522016.63184;[0.01];[-0.94];5969.25505;[0.0293];[-0.9207];5923.06536),(522127.61545;[0.01];[-0.94];5813.59331;[0.0173];[-0.9327];5770.13307),(522444.47327;[0.01];[-0.94];5803.46542;[0.0173];[-0.9327];5759.92908),(522573.33279;[0.01];[-0.94];5800.15843;[0.0173];[-0.9327];5756.59498),(522660.44188;[0.01];[-0.94];5795.61610;[0.0173];[-0.9327];5752.01264),(523501.84345;[0.11];[-0.84];6199.09072;[0.1089];[-0.8411];6155.96438),(523813.43079;[0.08];[-0.87];6080.26038;[0.0649];[-0.8851];6047.17246),(524606.36663;[0.03];[-0.92];5998.94415;[0.0363];[-0.9137];5952.50905),(524891.15548;[0.01];[-0.94];5807.43803;[0.0173];[-0.9327];5763.96112),(525011.36279;[0.01];[-0.94];5795.61610;[0.0173];[-0.9327];5752.01264),(525738.11293;[0.1];[-0.85];6186.13475;[0.1058];[-0.8442];6160.07909),(526043.04075;[0.08];[-0.87];6078.73520;[0.0648];[-0.8852];6045.68998),(526422.03903;[0.03];[-0.92];5999.27391;[0.0361];[-0.9139];5951.25439),(526573.18902;[0.01];[-0.94];5800.15843;[0.0173];[-0.9327];5756.59498),(526913.02943;[0.01];[-0.94];5795.61610;[0.0173];[-0.9327];5752.01264),(527101.06754;[0.01];[-0.94];5795.61610;[0.0173];[-0.9327];5752.01264),(527546.69380;[0.1];[-0.85];6169.25068;[0.0943];[-0.8557];6131.57594),(528007.52020;[0.07];[-0.88];6045.90931;[0.054];[-0.896];5999.79285),(528357.71799;[0.01];[-0.94];5795.61610;[0.0173];[-0.9327];5752.01264),(529256.41274;[0.1];[-0.85];6156.69626;[0.0896];[-0.8604];6117.41655),(529579.37145;[0.07];[-0.88];6045.90931;[0.054];[-0.896];5999.79285),(530270.65682;[0.03];[-0.92];5999.27391;[0.0361];[-0.9139];5951.25439),(530496.90580;[0.01];[-0.94];5978.63290;[0.0307];[-0.9193];5932.09209),(530568.65096;[0.01];[-0.94];5976.53198;[0.0291];[-0.9209];5930.42922),(530680.22847;[0.01];[-0.94];5971.63774;[0.0298];[-0.9202];5925.43640),(530852.87833;[0.01];[-0.94];5966.22399;[0.0295];[-0.9205];5920.03037),(530926.47529;[0.01];[-0.94];5962.97765;[0.0298];[-0.9202];5916.75746),(531125.94056;[0.01];[-0.94];5953.52221;[0.0296];[-0.9204];5907.18139),(531321.02156;[0.01];[-0.94];5953.52221;[0.0296];[-0.9204];5907.18139),(532144.89913;[0.1];[-0.85];6156.69626;[0.0896];[-0.8604];6117.41655),(532580.76048;[0.07];[-0.88];6045.90931;[0.054];[-0.896];5999.79285),(533310.78410;[0.03];[-0.92];5999.27391;[0.0361];[-0.9139];5951.25439),(533546.77057;[0.01];[-0.94];5979.01108;[0.0306];[-0.9194];5932.47457),(533621.98925;[0.01];[-0.94];5976.53198;[0.0291];[-0.9209];5930.42922),(533921.19670;[0.01];[-0.94];5971.63774;[0.0298];[-0.9202];5925.43640),(533999.56131;[0.01];[-0.94];5969.25505;[0.0293];[-0.9207];5923.06536),(534142.85231;[0.01];[-0.94];5962.97765;[0.0298];[-0.9202];5916.75746),(534195.18685;[0.01];[-0.94];5962.97765;[0.0298];[-0.9202];5916.75746),(534290.88569;[0.01];[-0.94];5953.52221;[0.0296];[-0.9204];5907.18139),(534957.21388;[0.1];[-0.85];6141.13679;[0.0841];[-0.8659];6104.43858),(535482.98311;[0.07];[-0.88];6045.00095;[0.0531];[-0.8969];5999.37877),(536181.92577;[0.03];[-0.92];5998.94415;[0.0363];[-0.9137];5952.50905),(536378.99899;[0.01];[-0.94];5978.63290;[0.0307];[-0.9193];5932.09209),(536463.00721;[0.01];[-0.94];5975.61060;[0.0293];[-0.9207];5929.50197),(536609.10773;[0.01];[-0.94];5969.25505;[0.0293];[-0.9207];5923.06536),(536678.88141;[0.01];[-0.94];5962.97765;[0.0298];[-0.9202];5916.75746),(536863.79290;[0.01];[-0.94];5953.52221;[0.0296];[-0.9204];5907.18139),(537007.72238;[0.01];[-0.94];5953.52221;[0.0296];[-0.9204];5907.18139),(537437.93392;[0.1];[-0.85];6113.86726;[0.0741];[-0.8759];6084.34151),(537899.12224;[0.05];[-0.9];6023.69939;[0.0444];[-0.9056];5975.29058),(538265.74326;[0.01];[-0.94];5953.52221;[0.0296];[-0.9204];5907.18139),(538955.65462;[0.08];[-0.87];6098.03971;[0.0701];[-0.8799];6067.13655),(539429.20470;[0.05];[-0.9];6023.69939;[0.0444];[-0.9056];5975.29058),(540577.97313;[0.08];[-0.87];6098.30054;[0.0704];[-0.8796];6067.07149),(541095.77656;[0.05];[-0.9];6023.69939;[0.0444];[-0.9056];5975.29058),(541282.82738;[0.03];[-0.92];5995.73917;[0.0367];[-0.9133];5949.25701),(541401.73125;[0.01];[-0.94];5978.20440;[0.0298];[-0.9202];5932.06390),(541499.29929;[0.01];[-0.94];5971.63774;[0.0298];[-0.9202];5925.43640),(541736.36961;[0.01];[-0.94];5962.97765;[0.0298];[-0.9202];5916.75746),(541836.01546;[0.01];[-0.94];5962.97765;[0.0298];[-0.9202];5916.75746),(541962.63099;[0.01];[-0.94];5962.97765;[0.0298];[-0.9202];5916.75746),(542672.33515;[0.08];[-0.87];6063.22172;[0.0585];[-0.8915];6023.03426),(543501.20354;[0.03];[-0.92];5998.67098;[0.0365];[-0.9135];5950.61899),(543642.36474;[0.01];[-0.94];5978.63290;[0.0307];[-0.9193];5932.09209),(543985.15892;[0.01];[-0.94];5973.58486;[0.0298];[-0.9202];5927.39622),(544103.20234;[0.01];[-0.94];5962.97765;[0.0298];[-0.9202];5916.75746),(544225.81077;[0.01];[-0.94];5962.97765;[0.0298];[-0.9202];5916.75746),(544416.27645;[0.01];[-0.94];5962.97765;[0.0298];[-0.9202];5916.75746),(544737.56576;[0.07];[-0.88];6043.07174;[0.052];[-0.898];5997.68440),(545036.45515;[0.01];[-0.94];5962.97765;[0.0298];[-0.9202];5916.75746),(545613.23094;[0.07];[-0.88];6043.07174;[0.052];[-0.898];5997.68440),(546441.77985;[0.03];[-0.92];5996.06892;[0.0366];[-0.9134];5948.00235),(546599.94173;[0.01];[-0.94];5978.29017;[0.0307];[-0.9193];5931.92533),(546997.40958;[0.01];[-0.94];5971.63774;[0.0298];[-0.9202];5925.43640),(547077.27218;[0.01];[-0.94];5969.25505;[0.0293];[-0.9207];5923.06536),(547157.71890;[0.01];[-0.94];5962.97765;[0.0298];[-0.9202];5916.75746),(547293.04957;[0.01];[-0.94];5962.97765;[0.0298];[-0.9202];5916.75746),(547748.67201;[0.05];[-0.9];6019.77456;[0.0441];[-0.9059];5971.41956),(548786.31687;[0.05];[-0.9];6019.77456;[0.0441];[-0.9059];5971.41956),(548987.15520;[0.01];[-0.94];5979.69269;[0.0312];[-0.9188];5932.85514),(549122.89214;[0.01];[-0.94];5973.58486;[0.0298];[-0.9202];5927.39622),(549236.04012;[0.01];[-0.94];5969.25505;[0.0293];[-0.9207];5923.06536),(549334.80072;[0.01];[-0.94];5962.97765;[0.0298];[-0.9202];5916.75746),(549488.04474;[0.01];[-0.94];5962.97765;[0.0298];[-0.9202];5916.75746),(550676.63503;[0.01];[-0.94];5962.97765;[0.0298];[-0.9202];5916.75746),(551204.34284;[0.17];[-0.78];6517.91973;[0.1915];[-0.7585];6620.37362),(551485.52132;[0.17];[-0.78];6517.91973;[0.1915];[-0.7585];6620.37362),(551776.33834;[0.17];[-0.78];6517.91973;[0.1915];[-0.7585];6620.37362),(552065.36007;[0.17];[-0.78];6517.91973;[0.1915];[-0.7585];6620.37362),(552392.68661;[0.17];[-0.78];6517.91973;[0.1915];[-0.7585];6620.37362),(552665.81821;[0.1];[-0.85];6143.13750;[0.0825];[-0.8675];6101.57672),(552735.83007;[0.05];[-0.9];6022.94616;[0.0438];[-0.9062];5974.58090),(552838.26828;[0.01];[-0.94];5645.24556;[0.0101];[-0.9399];5602.53315),(552922.17875;[0.];[-0.95];5181.26841;[0.0013];[-0.9487];5145.73900),(553055.93920;[0.];[-0.95];5003.63400;[0.0004];[-0.9496];4969.50716),(553137.05635;[0.];[-0.95];4752.32601;[0.0001];[-0.9499];4722.25217),(553236.11498;[0.];[-0.95];4739.55673;[0.0001];[-0.9499];4709.36029),(553368.32213;[0.];[-0.95];4733.84374;[0.0001];[-0.9499];4703.66244),(553864.95733;[0.15];[-0.8];6496.26373;[0.177];[-0.773];6597.73222),(554334.45311;[0.14];[-0.81];6370.00722;[0.1514];[-0.7986];6382.59304),(554919.45529;[0.1];[-0.85];6188.55785;[0.1039];[-0.8461];6143.06670),(555404.82426;[0.07];[-0.88];6045.00095;[0.0531];[-0.8969];5999.37877),(556138.91315;[0.01];[-0.94];5807.43803;[0.0173];[-0.9327];5763.96112),(556292.24157;[0.];[-0.95];5239.14871;[0.0016];[-0.9484];5200.85206),(556402.54164;[0.];[-0.95];5007.56453;[0.0004];[-0.9496];4973.45857),(556550.76218;[0.];[-0.95];4993.80809;[0.0004];[-0.9496];4959.58504),(556817.00206;[0.];[-0.95];4993.45097;[0.0004];[-0.9496];4959.21223),(556892.01665;[0.];[-0.95];4989.05132;[0.0004];[-0.9496];4954.76568),(556957.32188;[0.];[-0.95];4989.05132;[0.0004];[-0.9496];4954.76568),(557015.54489;[0.];[-0.95];4989.05132;[0.0004];[-0.9496];4954.76568),(557067.42883;[0.];[-0.95];4989.05132;[0.0004];[-0.9496];4954.76568),(557379.86493;[0.15];[-0.8];6494.66843;[0.1862];[-0.7638];6551.69406),(557751.23620;[0.14];[-0.81];6364.23625;[0.1486];[-0.8014];6372.22152),(558289.54911;[0.1];[-0.85];6188.55785;[0.1039];[-0.8461];6143.06670),(558837.07929;[0.08];[-0.87];6049.24973;[0.0587];[-0.8913];6010.97618),(559167.75417;[0.];[-0.95];4989.05132;[0.0004];[-0.9496];4954.76568),(559833.58479;[0.];[-0.95];4989.05132;[0.0004];[-0.9496];4954.76568),(560184.09777;[0.15];[-0.8];6494.66843;[0.1862];[-0.7638];6551.69406),(560651.41034;[0.14];[-0.81];6364.23625;[0.1486];[-0.8014];6372.22152),(561204.85568;[0.1];[-0.85];6188.55785;[0.1039];[-0.8461];6143.06670),(561741.96053;[0.08];[-0.87];6049.24973;[0.0587];[-0.8913];6010.97618),(562061.96308;[0.];[-0.95];4989.05132;[0.0004];[-0.9496];4954.76568),(563224.98322;[0.];[-0.95];4989.05132;[0.0004];[-0.9496];4954.76568),(563528.54300;[0.15];[-0.8];6494.66843;[0.1862];[-0.7638];6551.69406),(563940.94419;[0.14];[-0.81];6355.81062;[0.1466];[-0.8034];6360.34453),(564460.07967;[0.1];[-0.85];6188.55785;[0.1039];[-0.8461];6143.06670),(564983.39844;[0.08];[-0.87];6049.24973;[0.0587];[-0.8913];6010.97618),(565311.63239;[0.];[-0.95];4989.05132;[0.0004];[-0.9496];4954.76568),(565905.26938;[0.];[-0.95];4989.05132;[0.0004];[-0.9496];4954.76568),(566206.36058;[0.15];[-0.8];6494.66843;[0.1862];[-0.7638];6551.69406),(566598.76490;[0.14];[-0.81];6355.81062;[0.1466];[-0.8034];6360.34453),(567230.23200;[0.1];[-0.85];6188.55785;[0.1039];[-0.8461];6143.06670),(567774.54281;[0.08];[-0.87];6049.24973;[0.0587];[-0.8913];6010.97618),(568138.79228;[0.];[-0.95];4989.05132;[0.0004];[-0.9496];4954.76568),(568689.70895;[0.];[-0.95];4989.05132;[0.0004];[-0.9496];4954.76568),(568985.74591;[0.15];[-0.8];6494.66843;[0.1862];[-0.7638];6551.69406),(569389.36186;[0.14];[-0.81];6355.81062;[0.1466];[-0.8034];6360.34453),(569982.85079;[0.1];[-0.85];6188.55785;[0.1039];[-0.8461];6143.06670),(570655.64346;[0.08];[-0.87];6049.24973;[0.0587];[-0.8913];6010.97618),(570991.92905;[0.];[-0.95];4989.05132;[0.0004];[-0.9496];4954.76568),(571642.88497;[0.];[-0.95];4989.05132;[0.0004];[-0.9496];4954.76568),(571940.21916;[0.15];[-0.8];6494.66843;[0.1862];[-0.7638];6551.69406),(572342.41176;[0.14];[-0.81];6355.81062;[0.1466];[-0.8034];6360.34453),(572868.62803;[0.1];[-0.85];6188.55785;[0.1039];[-0.8461];6143.06670),(573440.46617;[0.08];[-0.87];6049.24973;[0.0587];[-0.8913];6010.97618),(573880.65720;[0.];[-0.95];4989.05132;[0.0004];[-0.9496];4954.76568),(574800.55690;[0.];[-0.95];4989.05132;[0.0004];[-0.9496];4954.76568),(575098.00482;[0.15];[-0.8];6494.66843;[0.1862];[-0.7638];6551.69406),(575591.24470;[0.14];[-0.81];6343.50686;[0.1433];[-0.8067];6344.60873),(576009.49001;[0.1];[-0.85];6178.95064;[0.1];[-0.85];6144.20276),(576546.17596;[0.08];[-0.87];6049.24973;[0.0587];[-0.8913];6010.97618),(576901.04294;[0.];[-0.95];4989.05132;[0.0004];[-0.9496];4954.76568),(577967.17763;[0.15];[-0.8];6494.66843;[0.1862];[-0.7638];6551.69406),(578440.40656;[0.14];[-0.81];6343.50686;[0.1433];[-0.8067];6344.60873),(578853.54161;[0.1];[-0.85];6178.95064;[0.1];[-0.85];6144.20276),(579272.07875;[0.08];[-0.87];6049.24973;[0.0587];[-0.8913];6010.97618),(580108.14285;[0.01];[-0.94];5819.44001;[0.0178];[-0.9322];5775.82424),(580288.65147;[0.];[-0.95];5433.16183;[0.0044];[-0.9456];5391.21732),(580583.89115;[0.];[-0.95];5225.16390;[0.0016];[-0.9484];5186.74524),(580656.18634;[0.];[-0.95];5198.50680;[0.0014];[-0.9486];5163.12607),(580886.39259;[0.];[-0.95];5186.88080;[0.0013];[-0.9487];5151.38236),(580976.46832;[0.];[-0.95];5186.83787;[0.0013];[-0.9487];5151.31811),(581048.79045;[0.];[-0.95];5186.83787;[0.0013];[-0.9487];5151.31811),(581110.32915;[0.];[-0.95];5186.83787;[0.0013];[-0.9487];5151.31811),(581167.75441;[0.];[-0.95];5186.83787;[0.0013];[-0.9487];5151.31811),(581449.20897;[0.15];[-0.8];6494.66843;[0.1862];[-0.7638];6551.69406),(582128.13258;[0.14];[-0.81];6331.74689;[0.139];[-0.811];6324.57537),(582774.13154;[0.1];[-0.85];6169.25068;[0.0943];[-0.8557];6131.57594),(583158.59127;[0.08];[-0.87];6059.99113;[0.0586];[-0.8914];6021.69374),(583468.52136;[0.];[-0.95];5186.83787;[0.0013];[-0.9487];5151.31811),(583789.55889;[0.];[-0.95];5186.83787;[0.0013];[-0.9487];5151.31811),(584381.33430;[0.15];[-0.8];6489.96012;[0.1844];[-0.7656];6541.36742),(584805.56440;[0.14];[-0.81];6321.59023;[0.1371];[-0.8129];6309.99328),(585471.03262;[0.1];[-0.85];6169.25068;[0.0943];[-0.8557];6131.57594),(585859.59864;[0.08];[-0.87];6059.99113;[0.0586];[-0.8914];6021.69374),(586167.46831;[0.];[-0.95];5186.83787;[0.0013];[-0.9487];5151.31811),(586489.20083;[0.];[-0.95];5186.83787;[0.0013];[-0.9487];5151.31811),(587095.84522;[0.15];[-0.8];6489.96012;[0.1844];[-0.7656];6541.36742),(587512.73322;[0.14];[-0.81];6321.59023;[0.1371];[-0.8129];6309.99328),(588212.75377;[0.1];[-0.85];6169.25068;[0.0943];[-0.8557];6131.57594),(588643.10288;[0.08];[-0.87];6059.99113;[0.0586];[-0.8914];6021.69374),(588956.82693;[0.];[-0.95];5186.83787;[0.0013];[-0.9487];5151.31811),(589258.21614;[0.];[-0.95];5186.83787;[0.0013];[-0.9487];5151.31811),(589723.81687;[0.15];[-0.8];6486.65756;[0.1791];[-0.7709];6539.95716),(590200.35887;[0.14];[-0.81];6321.59023;[0.1371];[-0.8129];6309.99328),(590708.38928;[0.1];[-0.85];6169.25068;[0.0943];[-0.8557];6131.57594),(591133.83102;[0.08];[-0.87];6059.99113;[0.0586];[-0.8914];6021.69374),(591488.57689;[0.];[-0.95];5186.83787;[0.0013];[-0.9487];5151.31811),(591797.96124;[0.];[-0.95];5186.83787;[0.0013];[-0.9487];5151.31811),(592323.35567;[0.15];[-0.8];6486.65756;[0.1791];[-0.7709];6539.95716),(592756.34980;[0.14];[-0.81];6321.59023;[0.1371];[-0.8129];6309.99328),(593249.17936;[0.1];[-0.85];6169.25068;[0.0943];[-0.8557];6131.57594),(593631.44994;[0.08];[-0.87];6059.99113;[0.0586];[-0.8914];6021.69374),(593942.95025;[0.];[-0.95];5186.83787;[0.0013];[-0.9487];5151.31811),(594253.59368;[0.];[-0.95];5186.84102;[0.0013];[-0.9487];5151.32125),(594717.67521;[0.15];[-0.8];6482.70386;[0.1778];[-0.7722];6531.69604),(595035.49480;[0.14];[-0.81];6309.30107;[0.1347];[-0.8153];6293.63058),(595560.35471;[0.1];[-0.85];6156.69626;[0.0896];[-0.8604];6117.41655),(595884.56702;[0.05];[-0.9];6022.94616;[0.0438];[-0.9062];5974.58090),(596208.59885;[0.];[-0.95];5186.84102;[0.0013];[-0.9487];5151.32125),(596537.90545;[0.];[-0.95];5181.26841;[0.0013];[-0.9487];5145.73900),(596975.26932;[0.15];[-0.8];6482.70386;[0.1778];[-0.7722];6531.69604),(597336.29370;[0.14];[-0.81];6309.30107;[0.1347];[-0.8153];6293.63058),(597835.53028;[0.1];[-0.85];6156.69626;[0.0896];[-0.8604];6117.41655),(598163.64980;[0.05];[-0.9];6022.94616;[0.0438];[-0.9062];5974.58090),(598481.82797;[0.];[-0.95];5181.26841;[0.0013];[-0.9487];5145.73900),(599128.25751;[0.15];[-0.8];6477.68880;[0.1756];[-0.7744];6525.33947),(599446.92612;[0.14];[-0.81];6309.30107;[0.1347];[-0.8153];6293.63058),(600029.88219;[0.1];[-0.85];6156.69626;[0.0896];[-0.8604];6117.41655)]"
0,18165.8449077715,[0.9445],[-0.0055],100.78763961791992,[(85.23345;[0.97];[0.02];18200.38900;[0.9445];[-0.0055];18165.84491)]
1,15794.391192837762,[0.9123],[-0.0377],108.53147506713867,[(79.55122;[0.96];[0.01];15757.17244;[0.9123];[-0.0377];15794.39119)]
