Hardness,Seed,Objective,feas,surplus,Runtime,solutions
0,5,17939.368321919592,[1.],[0.05],3949.3186473846436,[(3663.89966;[1.];[0.05];17842.44257;[1.];[0.05];17939.36832;100)]
0,7,18298.29349698812,[1.],[0.05],3828.305959701538,[(3614.73751;[1.];[0.05];18298.29350;[1.];[0.05];18298.29350;100)]
2,3,13710.591072692563,[0.9886],[0.0386],3794.569969177246,[(3551.55635;[0.9866];[0.0366];13711.91321;[0.9886];[0.0386];13710.59107;100)]
2,6,13346.841324130133,[1.],[0.05],3867.671012878418,[(3550.36545;[1.];[0.05];13281.20025;[1.];[0.05];13346.84132;100)]
2,4,13602.219706889839,[1.],[0.05],3707.7724933624268,[(3501.47772;[1.];[0.05];13720.34736;[1.];[0.05];13602.21971;100)]
1,4,15761.598384054523,[1.],[0.05],4087.066888809204,[(3786.46922;[1.];[0.05];15866.23002;[1.];[0.05];15761.59838;100)]
3,1,12014.860110128027,[0.96],[0.01],4039.461135864258,[(3767.27295;[0.9599];[0.0099];12071.35912;[0.96];[0.01];12014.86011;100)]
1,3,15857.808919121531,[1.],[0.05],4229.45237159729,[(4011.90877;[1.];[0.05];15861.98381;[1.];[0.05];15857.80892;100)]
1,1,15874.155095915541,[1.],[0.05],3946.648597717285,[(3643.58020;[1.];[0.05];15940.99973;[1.];[0.05];15874.15510;100)]
2,5,13452.434397276522,[1.],[0.05],3933.0248832702637,[(3662.91571;[1.];[0.05];13364.52365;[1.];[0.05];13452.43440;100)]
3,6,11616.990283758061,[1.],[0.05],4680.827617645264,[(4399.97602;[1.];[0.05];11562.55964;[1.];[0.05];11616.99028;100)]
3,4,11872.610710059304,[1.],[0.05],3823.68803024292,[(3513.92937;[1.];[0.05];11958.01337;[1.];[0.05];11872.61071;100)]
1,5,15528.496497143946,[1.],[0.05],4268.90230178833,[(3995.18323;[1.];[0.05];15442.65096;[1.];[0.05];15528.49650;100)]
0,6,17833.81934403228,[1.],[0.05],3765.1102542877197,[(3535.65955;[1.];[0.05];17768.49387;[1.];[0.05];17833.81934;100)]
3,5,11916.30762765793,[1.],[0.05],3713.7866020202637,[(3446.75231;[1.];[0.05];11833.12023;[1.];[0.05];11916.30763;100)]
0,4,18213.73955181916,[1.],[0.05],3915.992021560669,[(3681.76937;[1.];[0.05];18352.11167;[1.];[0.05];18213.73955;100)]
1,6,15417.066292941434,[1.],[0.05],4264.961004257202,[(4049.20626;[1.];[0.05];15346.34732;[1.];[0.05];15417.06629;100)]
0,1,18328.876152156874,[1.],[0.05],4138.081073760986,[(3919.59834;[1.];[0.05];18394.91100;[1.];[0.05];18328.87615;100)]
2,1,13738.13434395335,[0.9998],[0.0498],3997.056007385254,[(3725.52657;[0.9997];[0.0497];13801.64797;[0.9998];[0.0498];13738.13434;100)]
1,7,15858.806491318888,[0.9755],[0.0255],4292.410373687744,[(4059.92103;[0.9755];[0.0255];15858.80649;[0.9755];[0.0255];15858.80649;100)]
0,3,18247.032308011978,[1.],[0.05],5714.961767196655,[(4434.39841;[1.];[0.05];18257.74587;[1.];[0.05];18247.03231;100)]
4,6,10359.59878793915,[0.9999],[0.0499],14570.541620254517,[(9022.08352;[1.];[0.05];10322.37989;[0.9999];[0.0499];10359.59879;100)]
3,7,11896.409608091188,[1.],[0.05],49001.840114593506,"[(4073.85325;[0.7514];[-0.1986];12007.64126;[0.7514];[-0.1986];12007.64126;100),(8141.71147;[0.7514];[-0.1986];12007.64126;[0.7514];[-0.1986];12007.64126;100),(41406.01301;[1.];[0.05];11896.40961;[1.];[0.05];11896.40961;200)]"
0,9,18334.14888158054,[1.],[0.05],74977.33521461487,"[(3734.05766;[0.8983];[-0.0517];18071.85063;[0.8968];[-0.0532];18083.88929;100),(7534.01160;[0.8983];[-0.0517];18071.85063;[0.8968];[-0.0532];18083.88929;100),(30514.02020;[0.9841];[0.0341];18274.17266;[0.9827];[0.0327];18290.57384;200),(57721.16685;[1.];[0.05];18313.82730;[1.];[0.05];18334.14888;400)]"
0,8,18292.25497819238,[0.9827],[0.0327],86101.70364379883,"[(3475.86799;[0.921];[-0.029];18568.12311;[0.9131];[-0.0369];18161.03189;100),(7847.15867;[0.921];[-0.029];18568.12311;[0.9131];[-0.0369];18161.03189;100),(34147.74704;[0.921];[-0.029];18568.12311;[0.9131];[-0.0369];18161.03189;200),(67767.87400;[0.9847];[0.0347];18647.63768;[0.9827];[0.0327];18292.25498;400)]"
2,9,13744.6112709109,[0.9982],[0.0482],101107.8987121582,"[(3582.71027;[0.781];[-0.169];13554.15923;[0.7743];[-0.1757];13568.85444;100),(8117.07902;[0.781];[-0.169];13554.15923;[0.7743];[-0.1757];13568.85444;100),(35461.83395;[0.8372];[-0.1128];13675.22455;[0.8348];[-0.1152];13688.44478;200),(71495.72563;[0.9977];[0.0477];13725.02804;[0.9982];[0.0482];13744.61127;400)]"
1,9,15895.93332536797,[0.9991],[0.0491],90244.15802955627,"[(3633.28123;[0.8697];[-0.0803];15725.92759;[0.8679];[-0.0821];15735.82988;100),(7503.97038;[0.8697];[-0.0803];15725.92759;[0.8679];[-0.0821];15735.82988;100),(35154.31428;[0.8996];[-0.0504];15812.45814;[0.8971];[-0.0529];15823.41569;200),(67531.45790;[0.9995];[0.0495];15880.51645;[0.9991];[0.0491];15895.93333;400)]"
4,7,10563.712511293466,[0.9567],[0.0067],81585.66522598267,"[(7260.32400;[0.6361];[-0.3139];10627.71213;[0.6361];[-0.3139];10627.71213;100),(25904.11949;[0.6361];[-0.3139];10627.71213;[0.6361];[-0.3139];10627.71213;100),(64160.05182;[0.9567];[0.0067];10563.71251;[0.9567];[0.0067];10563.71251;200)]"
2,7,13667.461254557256,[1.],[0.05],121692.46292114258,"[(3294.50607;[0.9459];[-0.0041];13712.25012;[0.9459];[-0.0041];13712.25012;100),(5130.62859;[0.9459];[-0.0041];13712.25012;[0.9459];[-0.0041];13712.25012;100),(8569.39268;[0.9459];[-0.0041];13712.25012;[0.9459];[-0.0041];13712.25012;100),(27216.55107;[0.9459];[-0.0041];13712.25012;[0.9459];[-0.0041];13712.25012;100),(38807.64914;[0.9459];[-0.0041];13712.25012;[0.9459];[-0.0041];13712.25012;100),(54453.90129;[0.9459];[-0.0041];13712.25012;[0.9459];[-0.0041];13712.25012;100),(71814.31961;[0.8742];[-0.0758];13387.08154;[0.8742];[-0.0758];13387.08154;100),(105255.30100;[1.];[0.05];13667.46125;[1.];[0.05];13667.46125;200)]"
0,2,18302.14669860684,[0.9988],[0.0488],127226.09615325928,"[(3951.99418;[0.9226];[-0.0274];18431.51904;[0.9237];[-0.0263];18184.45898;100),(8313.94649;[0.9226];[-0.0274];18431.51904;[0.9237];[-0.0263];18184.45898;100),(28693.58015;[0.9204];[-0.0296];18427.60586;[0.9205];[-0.0295];18178.82317;200),(63701.11918;[0.8951];[-0.0549];18354.71383;[0.8959];[-0.0541];18097.00925;400),(105219.79976;[0.9988];[0.0488];18509.76876;[0.9988];[0.0488];18302.14670;800)]"
0,10,17811.112638263086,[0.9517],[0.0017],142163.10214996338,"[(4121.38462;[0.8895];[-0.0605];18430.75747;[0.8949];[-0.0551];18097.64738;100),(7394.13619;[0.8895];[-0.0605];18430.75747;[0.8949];[-0.0551];18097.64738;100),(26244.36069;[0.8895];[-0.0605];18430.75747;[0.8949];[-0.0551];18097.64738;100),(39958.05740;[0.8895];[-0.0605];18430.75747;[0.8949];[-0.0551];18097.64738;100),(55916.10861;[0.8895];[-0.0605];18430.75747;[0.8949];[-0.0551];18097.64738;100),(88862.71238;[0.8895];[-0.0605];18430.75747;[0.8949];[-0.0551];18097.64738;100),(115524.71972;[0.9502];[0.0002];18074.56654;[0.9517];[0.0017];17811.11264;100)]"
4,5,10353.993949678588,[0.9999],[0.0499],156289.74270820618,"[(3873.90018;[0.929];[-0.021];10475.91166;[0.9292];[-0.0208];10557.40369;100),(8475.24452;[0.929];[-0.021];10475.91166;[0.9292];[-0.0208];10557.40369;100),(30022.08257;[0.929];[-0.021];10475.91166;[0.9292];[-0.0208];10557.40369;100),(48265.29932;[0.929];[-0.021];10475.91166;[0.9292];[-0.0208];10557.40369;100),(79134.82046;[0.929];[-0.021];10475.91166;[0.9292];[-0.0208];10557.40369;100),(113213.49001;[0.929];[-0.021];10475.91166;[0.9292];[-0.0208];10557.40369;100),(126912.59694;[1.];[0.05];9669.85894;[1.];[0.05];9682.35305;100),(145024.21308;[1.];[0.05];10295.39829;[0.9999];[0.0499];10353.99395;100)]"
1,8,15134.95302460086,[0.9514],[0.0014],450912.2247695923,"[(3666.66317;[0.8697];[-0.0803];16132.62699;[0.8611];[-0.0889];15759.78980;100),(7478.36828;[0.8697];[-0.0803];16132.62699;[0.8611];[-0.0889];15759.78980;100),(30498.12460;[0.8815];[-0.0685];16161.33272;[0.8737];[-0.0763];15794.77823;200),(57401.07155;[0.8905];[-0.0595];16172.49977;[0.8827];[-0.0673];15811.46862;400),(114006.67667;[0.8905];[-0.0595];16172.49977;[0.8827];[-0.0673];15811.46862;800),(141119.48895;[0.8905];[-0.0595];16172.49977;[0.8827];[-0.0673];15811.46862;800),(172059.13091;[0.8905];[-0.0595];16172.49977;[0.8827];[-0.0673];15811.46862;800),(205322.40653;[0.8905];[-0.0595];16172.49977;[0.8827];[-0.0673];15811.46862;800),(239543.22433;[0.8905];[-0.0595];16172.49977;[0.8827];[-0.0673];15811.46862;800),(274833.22525;[0.8905];[-0.0595];16172.49977;[0.8827];[-0.0673];15811.46862;800),(301366.58144;[0.8905];[-0.0595];16172.49977;[0.8827];[-0.0673];15811.46862;800),(337181.37527;[0.8905];[-0.0595];16172.49977;[0.8827];[-0.0673];15811.46862;800),(368673.27666;[0.9397];[-0.0103];15689.17999;[0.938];[-0.012];15390.12084;800),(401248.82126;[0.9658];[0.0158];15018.04117;[0.9634];[0.0134];14805.49389;800),(427585.47282;[0.9539];[0.0039];15401.38078;[0.9514];[0.0014];15134.95302;800)]"
1,2,15118.894639522197,[0.9529],[0.0029],507221.3475704193,"[(4148.57364;[0.8841];[-0.0659];16031.77437;[0.8827];[-0.0673];15811.46862;100),(7894.15336;[0.8841];[-0.0659];16031.77437;[0.8827];[-0.0673];15811.46862;100),(35610.67009;[0.8799];[-0.0701];16026.81442;[0.8788];[-0.0712];15804.74869;200),(67856.20785;[0.86];[-0.09];15982.50283;[0.8591];[-0.0909];15755.18847;400),(117053.42436;[0.9103];[-0.0397];16042.82136;[0.9103];[-0.0397];15829.72511;800),(147648.95248;[0.9103];[-0.0397];16042.82136;[0.9103];[-0.0397];15829.72511;800),(182838.57441;[0.9103];[-0.0397];16042.82136;[0.9103];[-0.0397];15829.72511;800),(224955.66583;[0.9103];[-0.0397];16042.82136;[0.9103];[-0.0397];15829.72511;800),(276540.30609;[0.9103];[-0.0397];16042.82136;[0.9103];[-0.0397];15829.72511;800),(311565.13715;[0.9103];[-0.0397];16042.82136;[0.9103];[-0.0397];15829.72511;800),(350976.01295;[0.9103];[-0.0397];16042.82136;[0.9103];[-0.0397];15829.72511;800),(386266.94417;[0.9103];[-0.0397];16042.82136;[0.9103];[-0.0397];15829.72511;800),(399335.55031;[0.9436];[-0.0064];15445.50786;[0.9443];[-0.0057];15255.39046;800),(429823.18115;[0.9729];[0.0229];14679.76982;[0.9716];[0.0216];14538.39653;800),(455740.06701;[0.961];[0.011];15100.02614;[0.9616];[0.0116];14933.41646;800),(485496.38629;[0.9535];[0.0035];15298.95380;[0.9529];[0.0029];15118.89464;800)]"
1,10,15105.14156943929,[0.9527],[0.0027],553267.88854599,"[(4301.49603;[0.8381];[-0.1119];15995.73079;[0.8442];[-0.1058];15690.19014;100),(10628.07059;[0.8381];[-0.1119];15995.73079;[0.8442];[-0.1058];15690.19014;100),(46621.39106;[0.8423];[-0.1077];16016.65382;[0.8482];[-0.1018];15713.37793;200),(81867.67507;[0.8502];[-0.0998];16031.97305;[0.8547];[-0.0953];15732.30445;400),(121874.25184;[0.8714];[-0.0786];16086.22964;[0.8737];[-0.0763];15794.77823;800),(153270.79082;[0.8714];[-0.0786];16086.22964;[0.8737];[-0.0763];15794.77823;800),(183108.91581;[0.8714];[-0.0786];16086.22964;[0.8737];[-0.0763];15794.77823;800),(225994.67158;[0.8714];[-0.0786];16086.22964;[0.8737];[-0.0763];15794.77823;800),(265117.87224;[0.8714];[-0.0786];16086.22964;[0.8737];[-0.0763];15794.77823;800),(297845.87336;[0.8714];[-0.0786];16086.22964;[0.8737];[-0.0763];15794.77823;800),(342862.74004;[0.8714];[-0.0786];16086.22964;[0.8737];[-0.0763];15794.77823;800),(372993.47734;[0.8714];[-0.0786];16086.22964;[0.8737];[-0.0763];15794.77823;800),(404110.95977;[0.9246];[-0.0254];15707.15148;[0.9308];[-0.0192];15474.33584;800),(432970.50834;[0.9649];[0.0149];14967.84456;[0.9643];[0.0143];14813.19656;800),(452628.57270;[0.9464];[-0.0036];15388.84128;[0.9492];[-0.0008];15189.92683;800),(489289.90912;[0.9572];[0.0072];15188.92156;[0.9584];[0.0084];15008.60526;800),(510708.91500;[0.9514];[0.0014];15296.29271;[0.9527];[0.0027];15105.14157;800)]"
5,6,8635.952428586548,[0.9932],[0.0432],517482.98048973083,"[(5622.81919;[0.8985];[-0.0515];8770.41079;[0.9018];[-0.0482];8813.09563;100),(23337.83889;[0.8985];[-0.0515];8770.41079;[0.9018];[-0.0482];8813.09563;100),(50984.65705;[0.8985];[-0.0515];8770.41079;[0.9018];[-0.0482];8813.09563;100),(73221.54307;[0.8985];[-0.0515];8770.41079;[0.9018];[-0.0482];8813.09563;100),(90275.37251;[0.8985];[-0.0515];8770.41079;[0.9018];[-0.0482];8813.09563;100),(118072.34025;[0.8985];[-0.0515];8770.41079;[0.9018];[-0.0482];8813.09563;100),(136666.31031;[0.6356];[-0.3144];8099.49918;[0.6297];[-0.3203];8065.77484;100),(167920.23492;[0.5347];[-0.4153];7398.48839;[0.5243];[-0.4257];7375.07186;100),(195854.64001;[0.4883];[-0.4617];7198.17898;[0.4843];[-0.4657];7177.08330;100),(226911.10587;[0.4286];[-0.5214];6980.26809;[0.4223];[-0.5277];6961.25551;100),(272108.79493;[0.4248];[-0.5252];6966.17704;[0.4194];[-0.5306];6947.01019;100),(301076.03097;[0.424];[-0.526];6962.35674;[0.4189];[-0.5311];6943.13484;100),(345926.48888;[0.4232];[-0.5268];6957.30021;[0.4173];[-0.5327];6938.01953;100),(380646.91663;[0.4212];[-0.5288];6949.65737;[0.4161];[-0.5339];6930.36189;100),(407784.93261;[0.4212];[-0.5288];6949.65737;[0.4161];[-0.5339];6930.36189;100),(442832.63898;[0.8985];[-0.0515];8770.41079;[0.9018];[-0.0482];8813.09563;100),(496780.34973;[0.9918];[0.0418];8623.28471;[0.9932];[0.0432];8635.95243;100)]"
2,2,13739.454672594436,[0.9791],[0.0291],918756.884098053,"[(4451.78986;[0.8124];[-0.1376];13844.60331;[0.8054];[-0.1446];13649.68240;100),(12023.70811;[0.8124];[-0.1376];13844.60331;[0.8054];[-0.1446];13649.68240;100),(43581.78926;[0.8113];[-0.1387];13862.18136;[0.8046];[-0.1454];13669.03702;200),(81617.89131;[0.7875];[-0.1625];13812.79497;[0.7791];[-0.1709];13611.93386;400),(121510.74100;[0.8399];[-0.1101];13878.16222;[0.8395];[-0.1105];13692.79785;800),(152969.66171;[0.8399];[-0.1101];13878.16222;[0.8395];[-0.1105];13692.79785;800),(182812.21557;[0.8399];[-0.1101];13878.16222;[0.8395];[-0.1105];13692.79785;800),(221783.57601;[0.8399];[-0.1101];13878.16222;[0.8395];[-0.1105];13692.79785;800),(260782.56607;[0.8399];[-0.1101];13878.16222;[0.8395];[-0.1105];13692.79785;800),(297774.70064;[0.8399];[-0.1101];13878.16222;[0.8395];[-0.1105];13692.79785;800),(335217.73934;[0.8399];[-0.1101];13878.16222;[0.8395];[-0.1105];13692.79785;800),(360608.74772;[0.8399];[-0.1101];13878.16222;[0.8395];[-0.1105];13692.79785;800),(391006.97494;[0.9105];[-0.0395];13265.34278;[0.9114];[-0.0386];13107.56118;800),(413736.87983;[0.9647];[0.0147];12157.18967;[0.9636];[0.0136];12062.69520;800),(425841.45164;[0.9389];[-0.0111];12822.42182;[0.9412];[-0.0088];12699.61559;800),(462851.16196;[0.9527];[0.0027];12548.62528;[0.9524];[0.0024];12436.46351;800),(483151.69287;[0.9466];[-0.0034];12696.88779;[0.9471];[-0.0029];12579.26527;800),(512736.23085;[0.9512];[0.0012];12619.92846;[0.9517];[0.0017];12507.95975;800),(531247.60652;[0.9474];[-0.0026];12664.68275;[0.9486];[-0.0014];12548.43490;800),(549756.89101;[0.949];[-0.001];12646.42481;[0.9505];[0.0005];12532.20610;800),(581316.90073;[0.9486];[-0.0014];12639.81024;[0.9502];[0.0002];12525.56568;800),(612702.59142;[0.9484];[-0.0016];12627.49251;[0.9499];[-0.0001];12513.24468;800),(643821.81120;[0.9479];[-0.0021];12624.31864;[0.9493];[-0.0007];12509.98198;800),(670796.55290;[0.9478];[-0.0022];12619.99098;[0.9492];[-0.0008];12505.60319;800),(701594.46502;[0.9508];[0.0008];12619.97214;[0.9515];[0.0015];12507.93507;800),(728942.77835;[0.9513];[0.0013];12620.17181;[0.9518];[0.0018];12508.19611;800),(759590.72852;[0.9479];[-0.0021];12618.60486;[0.9493];[-0.0007];12504.30947;800),(781277.74882;[0.9479];[-0.0021];12617.33181;[0.9492];[-0.0008];12503.41672;800),(829090.69538;[0.9513];[0.0013];12620.17181;[0.9518];[0.0018];12508.19611;800),(896672.62125;[0.9791];[0.0291];13888.74662;[0.9791];[0.0291];13739.45467;1600)]"
3,3,11513.298697994509,[1.],[0.05],1105495.869398117,"[(3620.82052;[0.7787];[-0.1713];12005.93334;[0.7701];[-0.1799];12002.22753;100),(5552.27304;[0.7787];[-0.1713];12005.93334;[0.7701];[-0.1799];12002.22753;100),(16006.05059;[0.7787];[-0.1713];12005.93334;[0.7701];[-0.1799];12002.22753;100),(21666.73589;[0.7787];[-0.1713];12005.93334;[0.7701];[-0.1799];12002.22753;100),(40628.47018;[0.7787];[-0.1713];12005.93334;[0.7701];[-0.1799];12002.22753;100),(69629.84538;[0.7787];[-0.1713];12005.93334;[0.7701];[-0.1799];12002.22753;100),(89076.20001;[0.8784];[-0.0716];11325.20867;[0.88];[-0.07];11302.98768;100),(109474.96319;[0.9387];[-0.0113];10122.24056;[0.9398];[-0.0102];10103.22164;100),(137600.41022;[0.9712];[0.0212];9736.59928;[0.9704];[0.0204];9723.26796;100),(161461.54523;[0.95];[0.];9957.68846;[0.9492];[-0.0008];9940.01540;100),(169901.10016;[0.9536];[0.0036];9879.23986;[0.9525];[0.0025];9862.64447;100),(192114.07971;[0.9537];[0.0037];9920.59575;[0.9522];[0.0022];9903.39474;100),(213048.17080;[0.9498];[-0.0002];9936.55863;[0.9488];[-0.0012];9918.64358;100),(238569.33784;[0.9624];[0.0124];9919.70916;[0.9623];[0.0123];9903.94552;100),(265350.33536;[0.9626];[0.0126];9921.53971;[0.9622];[0.0122];9905.86873;100),(284239.52150;[0.9624];[0.0124];9922.70104;[0.962];[0.012];9906.95497;100),(312557.83367;[0.9624];[0.0124];9922.70104;[0.962];[0.012];9906.95497;100),(336415.86256;[0.9628];[0.0128];9923.14812;[0.9629];[0.0129];9907.46154;100),(365754.53973;[0.9628];[0.0128];9923.14812;[0.9629];[0.0129];9907.46154;100),(388593.14585;[0.9628];[0.0128];9923.14812;[0.9629];[0.0129];9907.46154;100),(423906.00491;[0.9628];[0.0128];9923.14812;[0.9629];[0.0129];9907.46154;100),(447916.07022;[0.9628];[0.0128];9923.14812;[0.9629];[0.0129];9907.46154;100),(497893.90492;[0.7787];[-0.1713];12005.93334;[0.7701];[-0.1799];12002.22753;100),(526982.57852;[0.8702];[-0.0798];11687.94597;[0.87];[-0.08];11673.45217;100),(565683.35104;[0.996];[0.046];11029.96069;[0.9947];[0.0447];11016.98648;100),(588966.69912;[0.8615];[-0.0885];11399.07773;[0.8593];[-0.0907];11373.58555;100),(637339.84327;[0.9069];[-0.0431];11202.05466;[0.9083];[-0.0417];11182.64433;100),(670176.63336;[0.9305];[-0.0195];10597.76419;[0.9318];[-0.0182];10579.00290;100),(701863.14654;[0.9442];[-0.0058];10069.71953;[0.9439];[-0.0061];10051.89677;100),(714960.09898;[0.9606];[0.0106];9813.20684;[0.961];[0.011];9797.68986;100),(744917.91582;[0.9628];[0.0128];9920.98843;[0.9626];[0.0126];9905.27790;100),(759435.75811;[0.9501];[0.0001];9996.37033;[0.9495];[-0.0005];9979.65408;100),(794813.69209;[0.9472];[-0.0028];10018.05995;[0.9468];[-0.0032];10000.61805;100),(817409.23142;[0.95];[0.];9997.99811;[0.9493];[-0.0007];9981.24073;100),(842354.80523;[0.95];[0.];9997.99811;[0.9493];[-0.0007];9981.24073;100),(878232.32126;[0.95];[0.];9997.99811;[0.9493];[-0.0007];9981.24073;100),(896478.06191;[0.95];[0.];9997.99811;[0.9493];[-0.0007];9981.24073;100),(922644.21678;[0.95];[0.];9997.99811;[0.9493];[-0.0007];9981.24073;100),(962103.21665;[0.9501];[0.0001];9996.37033;[0.9495];[-0.0005];9979.65408;100),(1004425.60244;[0.9501];[0.0001];9996.37033;[0.9495];[-0.0005];9979.65408;100),(1028914.91485;[0.95];[0.];9997.99811;[0.9493];[-0.0007];9981.24073;100),(1080386.77001;[1.];[0.05];11492.38644;[1.];[0.05];11513.29870;200)]"
4,10,8755.24649479712,[0.854],[-0.096],1811960.5960845947,"[(12318.56394;[0.5787];[-0.3713];10727.70930;[0.5667];[-0.3833];10496.10413;100),(36586.44176;[0.5787];[-0.3713];10727.70930;[0.5667];[-0.3833];10496.10413;100),(89312.51502;[0.5871];[-0.3629];10751.23277;[0.5762];[-0.3738];10519.81151;200),(129095.80231;[0.5899];[-0.3601];10761.79460;[0.5797];[-0.3703];10531.98937;400),(147797.60885;[0.5899];[-0.3601];10761.79460;[0.5797];[-0.3703];10531.98937;400),(192936.46073;[0.5899];[-0.3601];10761.79460;[0.5797];[-0.3703];10531.98937;400),(232003.97754;[0.5899];[-0.3601];10761.79460;[0.5797];[-0.3703];10531.98937;400),(269001.92070;[0.5899];[-0.3601];10761.79460;[0.5797];[-0.3703];10531.98937;400),(289098.02628;[0.5899];[-0.3601];10761.79460;[0.5797];[-0.3703];10531.98937;400),(324711.58600;[0.5899];[-0.3601];10761.79460;[0.5797];[-0.3703];10531.98937;400),(356782.67169;[0.771];[-0.179];10050.18989;[0.7672];[-0.1828];9934.46154;400),(388853.00899;[0.8104];[-0.1396];9260.39422;[0.8114];[-0.1386];9187.46432;400),(421883.31199;[0.8521];[-0.0979];8805.17061;[0.854];[-0.096];8755.24649;400),(449144.52648;[0.8397];[-0.1103];8154.93831;[0.8425];[-0.1075];8116.63332;400),(491450.57273;[0.8021];[-0.1479];7541.41144;[0.8043];[-0.1457];7513.21235;400),(514897.29261;[0.7425];[-0.2075];7221.32301;[0.7358];[-0.2142];7195.01725;400),(542925.19808;[0.7425];[-0.2075];7221.32301;[0.7358];[-0.2142];7195.01725;400),(565396.39902;[0.7425];[-0.2075];7221.32301;[0.7358];[-0.2142];7195.01725;400),(607263.91459;[0.5899];[-0.3601];10761.79460;[0.5797];[-0.3703];10531.98937;400),(647729.64978;[0.6981];[-0.2519];10459.93332;[0.6904];[-0.2596];10294.68789;400),(689958.61459;[0.7851];[-0.1649];9946.69126;[0.7819];[-0.1681];9842.54372;400),(727422.05358;[0.8286];[-0.1214];9296.88256;[0.8306];[-0.1194];9232.58390;400),(769234.99227;[0.8364];[-0.1136];8854.87844;[0.8366];[-0.1134];8801.73029;400),(809643.08500;[0.845];[-0.105];8338.49587;[0.8468];[-0.1032];8297.07779;400),(851781.12793;[0.7425];[-0.2075];7221.32301;[0.7358];[-0.2142];7195.01725;400),(920741.15586;[0.5899];[-0.3601];10761.79460;[0.5797];[-0.3703];10531.98937;400),(959414.83498;[0.6981];[-0.2519];10459.93332;[0.6904];[-0.2596];10294.68789;400),(996179.83603;[0.7851];[-0.1649];9946.69126;[0.7819];[-0.1681];9842.54372;400),(1015524.17922;[0.8286];[-0.1214];9296.88256;[0.8306];[-0.1194];9232.58390;400),(1070671.85068;[0.8364];[-0.1136];8854.87844;[0.8366];[-0.1134];8801.73029;400),(1098146.13438;[0.845];[-0.105];8338.49587;[0.8468];[-0.1032];8297.07779;400),(1146644.88363;[0.8207];[-0.1293];7771.52934;[0.8238];[-0.1262];7740.13339;400),(1166778.10979;[0.8008];[-0.1492];7537.53805;[0.8025];[-0.1475];7509.32262;400),(1189412.54091;[0.7672];[-0.1828];7272.99352;[0.7637];[-0.1863];7247.96639;400),(1203420.60113;[0.7425];[-0.2075];7221.32301;[0.7358];[-0.2142];7195.01725;400),(1238058.65836;[0.7425];[-0.2075];7221.32301;[0.7358];[-0.2142];7195.01725;400),(1252523.27275;[0.7425];[-0.2075];7221.32301;[0.7358];[-0.2142];7195.01725;400),(1299475.63028;[0.5899];[-0.3601];10761.79460;[0.5797];[-0.3703];10531.98937;400),(1345733.49214;[0.7022];[-0.2478];10462.08023;[0.6958];[-0.2542];10298.97905;400),(1394668.32280;[0.7851];[-0.1649];9946.69126;[0.7819];[-0.1681];9842.54372;400),(1445176.06497;[0.8284];[-0.1216];9298.29388;[0.8308];[-0.1192];9234.02611;400),(1497839.14948;[0.8462];[-0.1038];8892.56310;[0.8459];[-0.1041];8840.50395;400),(1555452.74162;[0.8472];[-0.1028];8353.60599;[0.8485];[-0.1015];8312.27754;400),(1602661.14783;[0.7425];[-0.2075];7221.32301;[0.7358];[-0.2142];7195.01725;400),(1693507.40433;[0.5899];[-0.3601];10761.79460;[0.5797];[-0.3703];10531.98937;400),(1722985.23664;[0.7022];[-0.2478];10462.08023;[0.6958];[-0.2542];10298.97905;400),(1775703.91035;[0.7851];[-0.1649];9946.69126;[0.7819];[-0.1681];9842.54372;400)]"
4,1,8489.046449520709,[0.8545],[-0.0955],1829624.77850914,"[(3948.09008;[0.6413];[-0.3087];10690.06881;[0.6381];[-0.3119];10627.19684;100),(8032.85456;[0.6413];[-0.3087];10690.06881;[0.6381];[-0.3119];10627.19684;100),(29666.15558;[0.6413];[-0.3087];10690.06881;[0.6381];[-0.3119];10627.19684;100),(48031.34084;[0.6413];[-0.3087];10690.06881;[0.6381];[-0.3119];10627.19684;100),(62696.18058;[0.6413];[-0.3087];10690.06881;[0.6381];[-0.3119];10627.19684;100),(94704.51689;[0.6413];[-0.3087];10690.06881;[0.6381];[-0.3119];10627.19684;100),(116195.55783;[0.8146];[-0.1354];9611.99667;[0.815];[-0.135];9584.97801;100),(145490.07750;[0.841];[-0.109];8928.84817;[0.8414];[-0.1086];8908.74525;100),(166945.24574;[0.839];[-0.111];7970.70810;[0.8413];[-0.1087];7958.12233;100),(186862.93340;[0.8069];[-0.1431];7527.00082;[0.8068];[-0.1432];7517.36228;100),(215224.06268;[0.7717];[-0.1783];7273.56331;[0.7709];[-0.1791];7265.40021;100),(247581.38275;[0.7291];[-0.2209];7023.72230;[0.7271];[-0.2229];7016.99841;100),(276079.80847;[0.7229];[-0.2271];7012.40894;[0.7227];[-0.2273];7005.62241;100),(306107.78928;[0.7213];[-0.2287];7008.81376;[0.7214];[-0.2286];7002.02463;100),(330136.37161;[0.7213];[-0.2287];7008.81376;[0.7214];[-0.2286];7002.02463;100),(377613.26218;[0.6596];[-0.2904];10625.31634;[0.6597];[-0.2903];10565.00632;100),(393087.91089;[0.7743];[-0.1757];9932.35499;[0.7728];[-0.1772];9896.89396;100),(447190.10878;[0.835];[-0.115];9149.54972;[0.8368];[-0.1132];9127.81392;100),(491801.23734;[0.8536];[-0.0964];8504.92653;[0.8545];[-0.0955];8489.04645;100),(538355.70931;[0.8389];[-0.1111];7968.16361;[0.8416];[-0.1084];7955.61222;100),(559872.30325;[0.8123];[-0.1377];7548.64838;[0.8109];[-0.1391];7538.97259;100),(574995.05854;[0.7776];[-0.1724];7291.28138;[0.7781];[-0.1719];7283.14886;100),(601428.58982;[0.7717];[-0.1783];7273.56331;[0.7709];[-0.1791];7265.40021;100),(644456.06637;[0.7717];[-0.1783];7273.56331;[0.7709];[-0.1791];7265.40021;100),(682002.04825;[0.6714];[-0.2786];10604.75599;[0.6698];[-0.2802];10548.31649;100),(713991.23359;[0.7702];[-0.1798];9927.16798;[0.7692];[-0.1808];9892.35821;100),(757767.58838;[0.8371];[-0.1129];9157.92394;[0.8392];[-0.1108];9136.20974;100),(792032.62377;[0.845];[-0.105];8515.36867;[0.8464];[-0.1036];8498.48614;100),(825010.91051;[0.7717];[-0.1783];7273.56331;[0.7709];[-0.1791];7265.40021;100),(874803.37715;[0.7717];[-0.1783];7273.56331;[0.7709];[-0.1791];7265.40021;100),(918813.98129;[0.6714];[-0.2786];10604.75599;[0.6698];[-0.2802];10548.31649;100),(956122.42031;[0.7702];[-0.1798];9927.16798;[0.7692];[-0.1808];9892.35821;100),(1011492.57112;[0.8371];[-0.1129];9157.92394;[0.8392];[-0.1108];9136.20974;100),(1042927.84095;[0.845];[-0.105];8515.36867;[0.8464];[-0.1036];8498.48614;100),(1084287.73165;[0.7717];[-0.1783];7273.56331;[0.7709];[-0.1791];7265.40021;100),(1148443.49384;[0.6859];[-0.2641];10571.73934;[0.6839];[-0.2661];10518.44215;100),(1201779.07753;[0.7981];[-0.1519];9899.29747;[0.7966];[-0.1534];9866.68921;100),(1257038.83314;[0.8371];[-0.1129];9157.92394;[0.8392];[-0.1108];9136.20974;100),(1304013.13972;[0.8453];[-0.1047];8512.84180;[0.8462];[-0.1038];8496.39945;100),(1361314.23378;[0.8397];[-0.1103];7978.61706;[0.8423];[-0.1077];7966.00572;100),(1399466.83359;[0.8257];[-0.1243];7752.53349;[0.8277];[-0.1223];7741.35209;100),(1428428.88284;[0.8048];[-0.1452];7521.61731;[0.8054];[-0.1446];7511.99282;100),(1464012.54034;[0.7997];[-0.1503];7506.65658;[0.8009];[-0.1491];7496.99484;100),(1491578.43328;[0.7732];[-0.1768];7277.18731;[0.7728];[-0.1772];7269.02074;100),(1515574.04828;[0.7717];[-0.1783];7273.56331;[0.7709];[-0.1791];7265.40021;100),(1559721.04001;[0.7717];[-0.1783];7273.56331;[0.7709];[-0.1791];7265.40021;100),(1622159.59787;[0.6838];[-0.2662];10558.73411;[0.6811];[-0.2689];10504.92219;100),(1661599.89953;[0.7957];[-0.1543];9916.84913;[0.7944];[-0.1556];9883.65884;100),(1702321.55037;[0.832];[-0.118];9180.87835;[0.8336];[-0.1164];9158.21714;100),(1749468.12987;[0.8515];[-0.0985];8635.24184;[0.8523];[-0.0977];8618.13473;100),(1801393.86654;[0.8424];[-0.1076];8151.42298;[0.8448];[-0.1052];8137.29987;100)]"
6,4,7499.754765578201,[0.4026],[-0.5474],1811935.878753662,"[(4658.28300;[0.3402];[-0.6098];8179.28360;[0.3322];[-0.6178];8107.26341;100),(25782.13429;[0.3402];[-0.6098];8179.28360;[0.3322];[-0.6178];8107.26341;100),(42070.73998;[0.3402];[-0.6098];8179.28360;[0.3322];[-0.6178];8107.26341;100),(68620.93067;[0.3402];[-0.6098];8179.28360;[0.3322];[-0.6178];8107.26341;100),(92338.70554;[0.3402];[-0.6098];8179.28360;[0.3322];[-0.6178];8107.26341;100),(124437.94417;[0.3402];[-0.6098];8179.28360;[0.3322];[-0.6178];8107.26341;100),(151870.71013;[0.4033];[-0.5467];7947.25176;[0.3994];[-0.5506];7842.15736;100),(172363.13391;[0.4076];[-0.5424];7503.39152;[0.4017];[-0.5483];7439.46843;100),(207680.06921;[0.2715];[-0.6785];6823.76522;[0.2632];[-0.6868];6783.15281;100),(235064.56447;[0.168];[-0.782];6444.25943;[0.1665];[-0.7835];6410.77157;100),(270876.33204;[0.1149];[-0.8351];6204.54573;[0.1123];[-0.8377];6174.46041;100),(295145.68424;[0.1136];[-0.8364];6181.05933;[0.1094];[-0.8406];6150.81132;100),(331751.15824;[0.1136];[-0.8364];6181.05933;[0.1094];[-0.8406];6150.81132;100),(374618.49713;[0.3782];[-0.5718];8233.49519;[0.3723];[-0.5777];8133.97590;100),(415809.46898;[0.395];[-0.555];7862.15902;[0.3914];[-0.5586];7774.78457;100),(462206.80690;[0.4078];[-0.5422];7569.65267;[0.4026];[-0.5474];7499.75477;100),(501739.50601;[0.3733];[-0.5767];7264.93019;[0.3677];[-0.5823];7214.71040;100),(533943.57133;[0.1136];[-0.8364];6181.05933;[0.1094];[-0.8406];6150.81132;100),(589369.64798;[0.1136];[-0.8364];6181.05933;[0.1094];[-0.8406];6150.81132;100),(615486.68599;[0.3782];[-0.5718];8233.49519;[0.3723];[-0.5777];8133.97590;100),(658665.02714;[0.3973];[-0.5527];7863.19968;[0.394];[-0.556];7770.36834;100),(703085.60467;[0.4078];[-0.5422];7526.56085;[0.402];[-0.548];7460.87631;100),(741107.96213;[0.3455];[-0.6045];7129.92039;[0.3401];[-0.6099];7083.05559;100),(803296.15235;[0.1136];[-0.8364];6181.05933;[0.1094];[-0.8406];6150.81132;100),(860584.34987;[0.3782];[-0.5718];8233.49519;[0.3723];[-0.5777];8133.97590;100),(891399.56594;[0.395];[-0.555];7862.15902;[0.3914];[-0.5586];7774.78457;100),(925080.14655;[0.4078];[-0.5422];7569.65267;[0.4026];[-0.5474];7499.75477;100),(965404.84762;[0.3733];[-0.5767];7264.93019;[0.3677];[-0.5823];7214.71040;100),(1024772.42374;[0.2707];[-0.6793];6824.29836;[0.2625];[-0.6875];6783.84558;100),(1047095.08824;[0.2185];[-0.7315];6640.86214;[0.2128];[-0.7372];6603.92101;100),(1085747.73765;[0.1681];[-0.7819];6446.59401;[0.1664];[-0.7836];6413.15830;100),(1107245.24212;[0.1675];[-0.7825];6439.06235;[0.1657];[-0.7843];6405.54413;100),(1141179.39401;[0.1666];[-0.7834];6425.79289;[0.1644];[-0.7856];6392.14816;100),(1184368.22343;[0.1671];[-0.7829];6422.30867;[0.1645];[-0.7855];6388.45695;100),(1203175.89879;[0.167];[-0.783];6417.68655;[0.1645];[-0.7855];6383.75120;100),(1237724.44248;[0.1665];[-0.7835];6416.65030;[0.1638];[-0.7862];6382.83669;100),(1284113.11793;[0.3781];[-0.5719];8220.69961;[0.3719];[-0.5781];8122.27998;100),(1336000.79918;[0.3917];[-0.5583];7822.82042;[0.3876];[-0.5624];7744.45150;100),(1376963.16075;[0.4013];[-0.5487];7555.43939;[0.3955];[-0.5545];7487.67504;100),(1419317.58237;[0.3737];[-0.5763];7266.85112;[0.3681];[-0.5819];7216.47308;100),(1493606.21262;[0.2704];[-0.6796];6824.36705;[0.2624];[-0.6876];6783.93460;100),(1525438.62724;[0.2184];[-0.7316];6641.29744;[0.2124];[-0.7376];6604.37540;100),(1575880.66816;[0.1684];[-0.7816];6442.21183;[0.1672];[-0.7828];6408.56643;100),(1610938.05122;[0.1669];[-0.7831];6426.05877;[0.1647];[-0.7853];6392.35888;100),(1643613.35063;[0.1664];[-0.7836];6421.84033;[0.1642];[-0.7858];6388.11256;100),(1687070.67752;[0.1665];[-0.7835];6416.65030;[0.1638];[-0.7862];6382.83669;100),(1731684.54790;[0.1665];[-0.7835];6416.65030;[0.1638];[-0.7862];6382.83669;100),(1788008.94427;[0.3756];[-0.5744];8195.47262;[0.3688];[-0.5812];8100.79269;100)]"
3,10,9864.825674796128,[0.9529],[0.0029],1811665.2262210846,"[(4270.86353;[0.679];[-0.271];12129.69107;[0.6721];[-0.2779];11879.07274;100),(7765.04183;[0.679];[-0.271];12129.69107;[0.6721];[-0.2779];11879.07274;100),(38324.14341;[0.6904];[-0.2596];12166.64069;[0.6825];[-0.2675];11917.22055;200),(68805.26161;[0.6904];[-0.2596];12166.64069;[0.6825];[-0.2675];11917.22055;400),(100960.10065;[0.6904];[-0.2596];12166.64069;[0.6825];[-0.2675];11917.22055;400),(125588.95707;[0.6904];[-0.2596];12166.64069;[0.6825];[-0.2675];11917.22055;400),(155568.34698;[0.6904];[-0.2596];12166.64069;[0.6825];[-0.2675];11917.22055;400),(190734.74669;[0.6904];[-0.2596];12166.64069;[0.6825];[-0.2675];11917.22055;400),(226076.71905;[0.6904];[-0.2596];12166.64069;[0.6825];[-0.2675];11917.22055;400),(262308.15291;[0.6904];[-0.2596];12166.64069;[0.6825];[-0.2675];11917.22055;400),(287292.17553;[0.8303];[-0.1197];11581.29743;[0.8365];[-0.1135];11421.94828;400),(304966.49647;[0.9334];[-0.0166];10201.72594;[0.9369];[-0.0131];10125.84107;400),(340579.20551;[0.9602];[0.0102];9775.23385;[0.9624];[0.0124];9719.47870;400),(365113.99984;[0.945];[-0.005];10022.36739;[0.9474];[-0.0026];9962.07551;400),(394896.40141;[0.9521];[0.0021];9901.62230;[0.9533];[0.0033];9841.18329;400),(431725.49939;[0.9459];[-0.0041];9944.69914;[0.9481];[-0.0019];9879.19521;400),(453792.38772;[0.9499];[-0.0001];9926.51198;[0.9513];[0.0013];9863.79501;400),(464263.87572;[0.9507];[0.0007];9917.53952;[0.9529];[0.0029];9862.28625;400),(505678.93195;[0.9497];[-0.0003];9916.45227;[0.9512];[0.0012];9853.90934;400),(536058.21323;[0.948];[-0.002];9911.00997;[0.9498];[-0.0002];9848.29111;400),(553314.68630;[0.9507];[0.0007];9918.01937;[0.9525];[0.0025];9862.64447;400),(578631.11377;[0.9473];[-0.0027];9906.18075;[0.9494];[-0.0006];9843.42221;400),(597904.18673;[0.9508];[0.0008];9920.09457;[0.9529];[0.0029];9864.82567;400),(622596.26865;[0.9508];[0.0008];9920.09457;[0.9529];[0.0029];9864.82567;400),(643448.20070;[0.9473];[-0.0027];9906.18075;[0.9494];[-0.0006];9843.42221;400),(681334.04803;[0.9473];[-0.0027];9906.18075;[0.9494];[-0.0006];9843.42221;400),(702732.34344;[0.6904];[-0.2596];12166.64069;[0.6825];[-0.2675];11917.22055;400),(739843.41335;[0.7728];[-0.1772];12056.52316;[0.7684];[-0.1816];11852.36157;400),(788160.77423;[0.8552];[-0.0948];11529.19524;[0.8584];[-0.0916];11389.39157;400),(832053.54905;[0.9035];[-0.0465];10919.18424;[0.9084];[-0.0416];10829.51103;400),(861648.70906;[0.9245];[-0.0255];10314.63126;[0.9293];[-0.0207];10237.14072;400),(891410.47049;[0.9448];[-0.0052];10070.26373;[0.9472];[-0.0028];10006.91055;400),(932579.03528;[0.9473];[-0.0027];9906.18075;[0.9494];[-0.0006];9843.42221;400),(955333.05216;[0.9753];[0.0253];9342.46589;[0.9739];[0.0239];9295.64158;400),(975180.60279;[0.9605];[0.0105];9714.72085;[0.9626];[0.0126];9662.13752;400),(1017359.78460;[0.9559];[0.0059];9832.07916;[0.9572];[0.0072];9777.70039;400),(1047617.23638;[0.9551];[0.0051];9875.75842;[0.9566];[0.0066];9818.38930;400),(1068741.35971;[0.9522];[0.0022];9897.63121;[0.9534];[0.0034];9837.23905;400),(1109477.55241;[0.953];[0.003];9906.32954;[0.9542];[0.0042];9845.99027;400),(1140046.64850;[0.9533];[0.0033];9907.62423;[0.9542];[0.0042];9847.31059;400),(1186419.30270;[0.9503];[0.0003];9914.87018;[0.9521];[0.0021];9859.49131;400),(1216456.09856;[0.9507];[0.0007];9918.01937;[0.9525];[0.0025];9862.64447;400),(1238953.21536;[0.9507];[0.0007];9918.01937;[0.9525];[0.0025];9862.64447;400),(1266685.75883;[0.9508];[0.0008];9920.09457;[0.9529];[0.0029];9864.82567;400),(1301813.20953;[0.9508];[0.0008];9920.09457;[0.9529];[0.0029];9864.82567;400),(1337819.99803;[0.9508];[0.0008];9920.09457;[0.9529];[0.0029];9864.82567;400),(1368301.89991;[0.9472];[-0.0028];9905.07315;[0.9495];[-0.0005];9842.52946;400),(1422547.06597;[0.6904];[-0.2596];12166.64069;[0.6825];[-0.2675];11917.22055;400),(1485179.10933;[0.7728];[-0.1772];12056.52316;[0.7684];[-0.1816];11852.36157;400),(1516177.44827;[0.8552];[-0.0948];11529.19524;[0.8584];[-0.0916];11389.39157;400),(1582337.50439;[0.9035];[-0.0465];10919.18424;[0.9084];[-0.0416];10829.51103;400),(1641027.19188;[0.9245];[-0.0255];10314.63126;[0.9293];[-0.0207];10237.14072;400),(1698173.96998;[0.9448];[-0.0052];10070.26373;[0.9472];[-0.0028];10006.91055;400),(1728806.21052;[0.9472];[-0.0028];9905.07315;[0.9495];[-0.0005];9842.52946;400),(1749438.44390;[0.9753];[0.0253];9342.46589;[0.9739];[0.0239];9295.64158;400),(1781748.58904;[0.9605];[0.0105];9714.72085;[0.9626];[0.0126];9662.13752;400)]"
5,1,8294.148451545387,[0.6431],[-0.3069],1805718.7173366547,"[(7038.12885;[0.4819];[-0.4681];9430.14169;[0.4848];[-0.4652];9383.55562;100),(28458.65059;[0.4819];[-0.4681];9430.14169;[0.4848];[-0.4652];9383.55562;100),(45895.59174;[0.4819];[-0.4681];9430.14169;[0.4848];[-0.4652];9383.55562;100),(83679.90470;[0.4819];[-0.4681];9430.14169;[0.4848];[-0.4652];9383.55562;100),(116768.77594;[0.4819];[-0.4681];9430.14169;[0.4848];[-0.4652];9383.55562;100),(145820.08600;[0.4819];[-0.4681];9430.14169;[0.4848];[-0.4652];9383.55562;100),(172900.11096;[0.6255];[-0.3245];8354.07824;[0.6206];[-0.3294];8330.62300;100),(203050.54069;[0.6128];[-0.3372];7864.23194;[0.6063];[-0.3437];7847.91078;100),(227458.26507;[0.4276];[-0.5224];6983.78028;[0.4259];[-0.5241];6973.65786;100),(268844.29336;[0.3462];[-0.6038];6735.44384;[0.3495];[-0.6005];6726.77710;100),(295923.95425;[0.1672];[-0.7828];6221.27350;[0.1614];[-0.7886];6215.43954;100),(336836.16781;[0.1668];[-0.7832];6216.10759;[0.1608];[-0.7892];6210.24488;100),(379345.85047;[0.538];[-0.412];9311.71526;[0.5352];[-0.4148];9271.37947;100),(412983.02484;[0.6159];[-0.3341];8801.87011;[0.6136];[-0.3364];8770.50435;100),(448796.59033;[0.635];[-0.315];8274.85503;[0.6295];[-0.3205];8253.44733;100),(484898.01693;[0.5625];[-0.3875];7583.22320;[0.5556];[-0.3944];7568.13538;100),(540612.20336;[0.4282];[-0.5218];6989.24596;[0.4269];[-0.5231];6979.13169;100),(560498.09694;[0.3529];[-0.5971];6762.19819;[0.3542];[-0.5958];6753.51374;100),(606033.84757;[0.3477];[-0.6023];6739.83198;[0.3507];[-0.5993];6731.20669;100),(632839.12277;[0.2672];[-0.6828];6515.03029;[0.2661];[-0.6839];6507.86209;100),(654509.65595;[0.2645];[-0.6855];6505.45370;[0.264];[-0.686];6498.28874;100),(675270.86210;[0.264];[-0.686];6502.32029;[0.2637];[-0.6863];6495.14812;100),(709875.16356;[0.2612];[-0.6888];6483.76380;[0.2595];[-0.6905];6476.54580;100),(740221.51423;[0.2601];[-0.6899];6481.27195;[0.2572];[-0.6928];6474.10060;100),(768923.80929;[0.2605];[-0.6895];6478.60092;[0.2582];[-0.6918];6471.34519;100),(791364.18867;[0.2605];[-0.6895];6478.60092;[0.2582];[-0.6918];6471.34519;100),(837375.60201;[0.5499];[-0.4001];9300.75384;[0.5462];[-0.4038];9264.02482;100),(884654.51193;[0.6124];[-0.3376];8800.87831;[0.6103];[-0.3397];8770.01666;100),(927731.93932;[0.6464];[-0.3036];8315.21536;[0.6431];[-0.3069];8294.14845;100),(978697.52598;[0.5916];[-0.3584];7721.69882;[0.5859];[-0.3641];7706.30502;100),(1009063.15446;[0.2605];[-0.6895];6478.60092;[0.2582];[-0.6918];6471.34519;100),(1078831.30908;[0.2605];[-0.6895];6478.60092;[0.2582];[-0.6918];6471.34519;100),(1113163.04231;[0.5499];[-0.4001];9300.75384;[0.5462];[-0.4038];9264.02482;100),(1161674.49188;[0.6124];[-0.3376];8800.87831;[0.6103];[-0.3397];8770.01666;100),(1201633.18062;[0.6462];[-0.3038];8315.22774;[0.6426];[-0.3074];8294.12388;100),(1250612.45871;[0.5916];[-0.3584];7721.69882;[0.5859];[-0.3641];7706.30502;100),(1282954.28491;[0.2605];[-0.6895];6478.60092;[0.2582];[-0.6918];6471.34519;100),(1323414.00719;[0.2605];[-0.6895];6478.60092;[0.2582];[-0.6918];6471.34519;100),(1380129.44102;[0.5511];[-0.3989];9278.18052;[0.5469];[-0.4031];9241.46540;100),(1439649.71280;[0.6181];[-0.3319];8771.60614;[0.6165];[-0.3335];8741.96455;100),(1480864.34340;[0.6462];[-0.3038];8315.22774;[0.6426];[-0.3074];8294.12388;100),(1513734.56001;[0.5916];[-0.3584];7721.69882;[0.5859];[-0.3641];7706.30502;100),(1558903.30935;[0.2605];[-0.6895];6478.60092;[0.2582];[-0.6918];6471.34519;100),(1625352.88286;[0.5511];[-0.3989];9278.18052;[0.5469];[-0.4031];9241.46540;100),(1672817.29054;[0.6181];[-0.3319];8771.60614;[0.6165];[-0.3335];8741.96455;100),(1707300.30775;[0.6464];[-0.3036];8315.21536;[0.6431];[-0.3069];8294.14845;100),(1756571.30957;[0.5916];[-0.3584];7721.69882;[0.5859];[-0.3641];7706.30502;100)]"
5,10,8361.505568539034,[0.6319],[-0.3181],1822215.5511379242,"[(5629.66514;[0.4798];[-0.4702];9494.39249;[0.4719];[-0.4781];9275.37253;100),(24804.31938;[0.4798];[-0.4702];9494.39249;[0.4719];[-0.4781];9275.37253;100),(62254.42815;[0.4798];[-0.4702];9494.39249;[0.4719];[-0.4781];9275.37253;200),(98634.73797;[0.4753];[-0.4747];9501.93704;[0.4643];[-0.4857];9291.13591;400),(120190.48548;[0.4753];[-0.4747];9501.93704;[0.4643];[-0.4857];9291.13591;400),(148600.93164;[0.4753];[-0.4747];9501.93704;[0.4643];[-0.4857];9291.13591;400),(175895.27273;[0.4753];[-0.4747];9501.93704;[0.4643];[-0.4857];9291.13591;400),(219799.52407;[0.4753];[-0.4747];9501.93704;[0.4643];[-0.4857];9291.13591;400),(265682.01590;[0.4753];[-0.4747];9501.93704;[0.4643];[-0.4857];9291.13591;400),(302449.32175;[0.4753];[-0.4747];9501.93704;[0.4643];[-0.4857];9291.13591;400),(331381.47902;[0.6257];[-0.3243];8518.37721;[0.6167];[-0.3333];8443.85769;400),(358860.62860;[0.6205];[-0.3295];8068.98472;[0.6106];[-0.3394];8013.92086;400),(384321.75231;[0.5647];[-0.3853];7559.90269;[0.5529];[-0.3971];7520.27210;400),(416049.05105;[0.2716];[-0.6784];6513.33672;[0.263];[-0.687];6490.76857;400),(455840.58142;[0.173];[-0.777];6237.75452;[0.165];[-0.785];6218.75299;400),(483880.15580;[0.1659];[-0.7841];6217.89712;[0.1603];[-0.7897];6199.02782;400),(510868.39151;[0.485];[-0.465];9504.20890;[0.4751];[-0.4749];9293.88461;400),(551320.13059;[0.5467];[-0.4033];9202.94450;[0.5321];[-0.4179];9053.79714;400),(580994.36498;[0.5958];[-0.3542];8764.48227;[0.5872];[-0.3628];8662.92140;400),(628851.23348;[0.6368];[-0.3132];8422.26039;[0.6306];[-0.3194];8356.21751;400),(676869.67897;[0.6308];[-0.3192];8025.10937;[0.6216];[-0.3284];7976.30310;400),(715970.48736;[0.534];[-0.416];7398.67161;[0.5221];[-0.4279];7362.66683;400),(766585.23917;[0.426];[-0.524];6962.03964;[0.4163];[-0.5337];6932.55946;400),(785920.71295;[0.3571];[-0.5929];6754.00419;[0.3498];[-0.6002];6727.91762;400),(819213.00626;[0.2724];[-0.6776];6514.11151;[0.2639];[-0.6861];6491.41546;400),(845558.31146;[0.2692];[-0.6808];6494.66380;[0.2594];[-0.6906];6471.89123;400),(874555.71532;[0.2686];[-0.6814];6494.30369;[0.2591];[-0.6909];6471.58371;400),(909453.03392;[0.2669];[-0.6831];6488.39870;[0.2577];[-0.6923];6465.59192;400),(932203.60732;[0.2669];[-0.6831];6488.39870;[0.2577];[-0.6923];6465.59192;400),(985350.87752;[0.485];[-0.465];9504.20890;[0.4751];[-0.4749];9293.88461;400),(1028752.13099;[0.5663];[-0.3837];9233.84154;[0.5557];[-0.3943];9090.55103;400),(1064808.22372;[0.5958];[-0.3542];8764.48227;[0.5872];[-0.3628];8662.92140;400),(1118764.47368;[0.6373];[-0.3127];8424.90323;[0.6311];[-0.3189];8358.92596;400),(1174237.14495;[0.6308];[-0.3192];8026.14879;[0.6204];[-0.3296];7977.10791;400),(1202871.23179;[0.5367];[-0.4133];7407.81594;[0.5238];[-0.4262];7371.76711;400),(1265068.53676;[0.433];[-0.517];6986.11545;[0.4218];[-0.5282];6956.73222;400),(1299336.63344;[0.3603];[-0.5897];6761.28423;[0.3519];[-0.5981];6735.03987;400),(1334426.84746;[0.2724];[-0.6776];6517.69109;[0.2637];[-0.6863];6495.14812;400),(1352311.27310;[0.2688];[-0.6812];6499.11159;[0.2595];[-0.6905];6476.54580;400),(1386980.17812;[0.2669];[-0.6831];6488.39870;[0.2577];[-0.6923];6465.59192;400),(1425504.04072;[0.2669];[-0.6831];6488.39870;[0.2577];[-0.6923];6465.59192;400),(1460866.00304;[0.2669];[-0.6831];6488.39870;[0.2577];[-0.6923];6465.59192;400),(1504428.33591;[0.485];[-0.465];9504.20890;[0.4751];[-0.4749];9293.88461;400),(1559933.62403;[0.5663];[-0.3837];9233.84154;[0.5557];[-0.3943];9090.55103;400),(1593217.46421;[0.5955];[-0.3545];8762.77343;[0.5869];[-0.3631];8661.20974;400),(1650889.36448;[0.6383];[-0.3117];8427.33058;[0.6319];[-0.3181];8361.50557;400),(1703959.62977;[0.6302];[-0.3198];8025.84118;[0.6193];[-0.3307];7976.50928;400),(1745749.30286;[0.5366];[-0.4134];7408.41859;[0.5236];[-0.4264];7372.26293;400),(1799482.47671;[0.2669];[-0.6831];6488.39870;[0.2577];[-0.6923];6465.59192;400)]"
4,9,8756.766721201779,[0.8538],[-0.0962],1817411.0715389252,"[(11439.04567;[0.6085];[-0.3415];10548.83652;[0.6058];[-0.3442];10562.68417;100),(36605.67546;[0.6085];[-0.3415];10548.83652;[0.6058];[-0.3442];10562.68417;100),(73976.07470;[0.6024];[-0.3476];10595.94699;[0.5992];[-0.3508];10614.71213;200),(104605.49951;[0.6375];[-0.3125];10614.66906;[0.6363];[-0.3137];10628.96023;400),(136305.85408;[0.6375];[-0.3125];10614.66906;[0.6363];[-0.3137];10628.96023;400),(146263.18312;[0.6375];[-0.3125];10614.66906;[0.6363];[-0.3137];10628.96023;400),(172595.99614;[0.6375];[-0.3125];10614.66906;[0.6363];[-0.3137];10628.96023;400),(206637.35366;[0.6375];[-0.3125];10614.66906;[0.6363];[-0.3137];10628.96023;400),(241787.64224;[0.6375];[-0.3125];10614.66906;[0.6363];[-0.3137];10628.96023;400),(276827.16370;[0.6375];[-0.3125];10614.66906;[0.6363];[-0.3137];10628.96023;400),(304328.48811;[0.8152];[-0.1348];9671.36541;[0.8108];[-0.1392];9661.41651;400),(327482.19180;[0.8513];[-0.0987];8903.72991;[0.8462];[-0.1038];8897.51739;400),(373151.10254;[0.779];[-0.171];7277.86373;[0.7748];[-0.1752];7277.31957;400),(412363.02471;[0.7741];[-0.1759];7259.45355;[0.7685];[-0.1815];7258.84446;400),(446562.30950;[0.7674];[-0.1826];7243.65586;[0.7624];[-0.1876];7243.02281;400),(480665.49897;[0.7211];[-0.2289];7002.56159;[0.7214];[-0.2286];7002.02463;400),(515434.95631;[0.6375];[-0.3125];10614.66906;[0.6363];[-0.3137];10628.96023;400),(545071.55895;[0.7677];[-0.1823];10171.34637;[0.7644];[-0.1856];10162.28318;400),(572552.98495;[0.8214];[-0.1286];9698.22369;[0.8169];[-0.1331];9688.77102;400),(599628.95203;[0.8408];[-0.1092];9137.70379;[0.8374];[-0.1126];9130.98784;400),(637722.00537;[0.8593];[-0.0907];8755.88631;[0.8523];[-0.0977];8751.24898;400),(661900.18106;[0.8521];[-0.0979];8144.56177;[0.8459];[-0.1041];8142.78196;400),(707334.40709;[0.8237];[-0.1263];7717.01477;[0.8201];[-0.1299];7716.19683;400),(741277.11558;[0.7817];[-0.1683];7285.03279;[0.7765];[-0.1735];7284.50751;400),(779993.97349;[0.778];[-0.172];7269.53847;[0.7728];[-0.1772];7269.02074;400),(813105.68905;[0.7693];[-0.1807];7248.56535;[0.7637];[-0.1863];7247.96639;400),(830573.07339;[0.7674];[-0.1826];7243.65586;[0.7624];[-0.1876];7243.02281;400),(866661.21483;[0.6375];[-0.3125];10614.66906;[0.6363];[-0.3137];10628.96023;400),(905967.03672;[0.7798];[-0.1702];10155.13122;[0.7751];[-0.1749];10144.50211;400),(948487.45131;[0.8207];[-0.1293];9697.34026;[0.8162];[-0.1338];9687.86332;400),(981595.20197;[0.8412];[-0.1088];9139.83973;[0.8379];[-0.1121];9133.13793;400),(1036485.74471;[0.86];[-0.09];8759.85880;[0.854];[-0.096];8755.24649;400),(1070428.40028;[0.8543];[-0.0957];8153.53383;[0.8474];[-0.1026];8151.75732;400),(1136151.09062;[0.8283];[-0.1217];7733.82667;[0.8232];[-0.1268];7733.02088;400),(1164532.79018;[0.8033];[-0.1467];7487.63333;[0.7985];[-0.1515];7487.03276;400),(1180931.90384;[0.778];[-0.172];7269.53847;[0.7728];[-0.1772];7269.02074;400),(1230147.00460;[0.7754];[-0.1746];7264.12831;[0.7706];[-0.1794];7263.55547;400),(1254988.20615;[0.7741];[-0.1759];7259.45355;[0.7685];[-0.1815];7258.84446;400),(1287087.73661;[0.7741];[-0.1759];7259.45355;[0.7685];[-0.1815];7258.84446;400),(1312648.02575;[0.7693];[-0.1807];7248.56535;[0.7637];[-0.1863];7247.96639;400),(1351107.94497;[0.7674];[-0.1826];7243.65586;[0.7624];[-0.1876];7243.02281;400),(1380711.61771;[0.6375];[-0.3125];10614.66906;[0.6363];[-0.3137];10628.96023;400),(1434203.95350;[0.7724];[-0.1776];10157.03114;[0.7684];[-0.1816];10146.97436;400),(1462935.94909;[0.8209];[-0.1291];9697.24546;[0.8165];[-0.1335];9687.78317;400),(1507089.00523;[0.8412];[-0.1088];9139.83973;[0.8379];[-0.1121];9133.13793;400),(1563381.10971;[0.86];[-0.09];8761.38909;[0.8538];[-0.0962];8756.76672;400),(1607147.08161;[0.8549];[-0.0951];8158.91057;[0.8481];[-0.1019];8157.13588;400),(1663177.18792;[0.7674];[-0.1826];7243.65586;[0.7624];[-0.1876];7243.02281;400),(1742381.40750;[0.6375];[-0.3125];10614.66906;[0.6363];[-0.3137];10628.96023;400),(1791373.52753;[0.7724];[-0.1776];10157.03114;[0.7684];[-0.1816];10146.97436;400)]"
4,3,8988.012587879064,[0.857],[-0.093],1821040.1384830475,"[(3566.35284;[0.6521];[-0.2979];10620.17865;[0.6473];[-0.3027];10619.92450;100),(7938.95912;[0.6521];[-0.2979];10620.17865;[0.6473];[-0.3027];10619.92450;100),(29545.59278;[0.6521];[-0.2979];10620.17865;[0.6473];[-0.3027];10619.92450;100),(47931.75650;[0.6521];[-0.2979];10620.17865;[0.6473];[-0.3027];10619.92450;100),(76905.66587;[0.6521];[-0.2979];10620.17865;[0.6473];[-0.3027];10619.92450;100),(111450.78897;[0.6521];[-0.2979];10620.17865;[0.6473];[-0.3027];10619.92450;100),(128204.50258;[0.8305];[-0.1195];9704.75111;[0.8264];[-0.1236];9687.73624;100),(166525.15149;[0.8602];[-0.0898];9001.50805;[0.857];[-0.093];8988.01259;100),(191602.98848;[0.8487];[-0.1013];8136.80657;[0.8446];[-0.1054];8129.37452;100),(213739.73155;[0.8286];[-0.1214];7732.16258;[0.8228];[-0.1272];7726.77677;100),(241479.78783;[0.7796];[-0.1704];7267.86052;[0.7713];[-0.1787];7264.26110;100),(269019.33837;[0.777];[-0.173];7262.49216;[0.7685];[-0.1815];7258.84446;100),(312057.36756;[0.6521];[-0.2979];10620.17865;[0.6473];[-0.3027];10619.92450;100),(337530.15041;[0.7781];[-0.1719];10146.31597;[0.7704];[-0.1796];10128.17393;100),(386755.01657;[0.8387];[-0.1113];9332.21656;[0.8351];[-0.1149];9316.35827;100),(426533.55432;[0.8523];[-0.0977];8662.82186;[0.8478];[-0.1022];8651.38266;100),(464614.75801;[0.8494];[-0.1006];8135.19049;[0.8452];[-0.1048];8127.79017;100),(481234.74669;[0.7793];[-0.1707];7267.15961;[0.7706];[-0.1794];7263.55547;100),(524697.60609;[0.7793];[-0.1707];7267.15961;[0.7706];[-0.1794];7263.55547;100),(558069.80443;[0.777];[-0.173];7262.49216;[0.7685];[-0.1815];7258.84446;100),(599932.64771;[0.6521];[-0.2979];10620.17865;[0.6473];[-0.3027];10619.92450;100),(640051.45669;[0.7673];[-0.1827];10161.40552;[0.7595];[-0.1905];10143.56263;100),(683862.22148;[0.8271];[-0.1229];9380.73363;[0.8245];[-0.1255];9362.67906;100),(708837.67533;[0.8577];[-0.0923];8768.76565;[0.8538];[-0.0962];8756.76672;100),(760087.69393;[0.8532];[-0.0968];8159.09360;[0.8474];[-0.1026];8151.75732;100),(783836.87901;[0.843];[-0.107];7948.15557;[0.839];[-0.111];7941.81945;100),(823354.92277;[0.8299];[-0.1201];7736.23679;[0.8237];[-0.1263];7730.90477;100),(848471.18020;[0.8153];[-0.1347];7526.12675;[0.8071];[-0.1429];7521.56897;100),(882415.82799;[0.7863];[-0.1637];7284.78097;[0.7761];[-0.1739];7281.25718;100),(906567.46888;[0.7796];[-0.1704];7267.86052;[0.7713];[-0.1787];7264.26110;100),(938844.73372;[0.7793];[-0.1707];7267.15961;[0.7706];[-0.1794];7263.55547;100),(969140.35869;[0.7793];[-0.1707];7267.15961;[0.7706];[-0.1794];7263.55547;100),(988081.65240;[0.7793];[-0.1707];7267.15961;[0.7706];[-0.1794];7263.55547;100),(1012250.96703;[0.6521];[-0.2979];10620.17865;[0.6473];[-0.3027];10619.92450;100),(1045899.32179;[0.7746];[-0.1754];10132.41449;[0.7669];[-0.1831];10113.64399;100),(1078093.28485;[0.8335];[-0.1165];9403.86026;[0.8317];[-0.1183];9386.59181;100),(1121046.26179;[0.8509];[-0.0991];8789.33122;[0.8463];[-0.1037];8776.69995;100),(1151023.40388;[0.7793];[-0.1707];7267.15961;[0.7706];[-0.1794];7263.55547;100),(1198661.70287;[0.7793];[-0.1707];7267.15961;[0.7706];[-0.1794];7263.55547;100),(1251932.55734;[0.6521];[-0.2979];10620.17865;[0.6473];[-0.3027];10619.92450;100),(1301998.81697;[0.7746];[-0.1754];10132.41449;[0.7669];[-0.1831];10113.64399;100),(1348284.50036;[0.8335];[-0.1165];9403.64805;[0.8316];[-0.1184];9386.38457;100),(1396707.06081;[0.8509];[-0.0991];8789.33122;[0.8463];[-0.1037];8776.69995;100),(1438559.79061;[0.7793];[-0.1707];7267.15961;[0.7706];[-0.1794];7263.55547;100),(1517842.48948;[0.6521];[-0.2979];10620.17865;[0.6473];[-0.3027];10619.92450;100),(1567079.63133;[0.7746];[-0.1754];10132.41449;[0.7669];[-0.1831];10113.64399;100),(1597180.45831;[0.8335];[-0.1165];9403.86026;[0.8317];[-0.1183];9386.59181;100),(1633085.05344;[0.8509];[-0.0991];8789.33122;[0.8463];[-0.1037];8776.69995;100),(1675857.68247;[0.8543];[-0.0957];8323.98425;[0.8505];[-0.0995];8315.67806;100),(1711405.77769;[0.8165];[-0.1335];7529.71196;[0.808];[-0.142];7525.20150;100),(1735620.82100;[0.8139];[-0.1361];7516.50137;[0.8054];[-0.1446];7511.99282;100),(1775786.22317;[0.8139];[-0.1361];7516.50137;[0.8054];[-0.1446];7511.99282;100)]"
2,8,12532.417247852638,[0.9506],[0.0006],1818630.8541297913,"[(3643.01872;[0.7909];[-0.1591];13950.39675;[0.7791];[-0.1709];13611.93386;100),(7475.24834;[0.7909];[-0.1591];13950.39675;[0.7791];[-0.1709];13611.93386;100),(37358.77514;[0.803];[-0.147];13973.80114;[0.7945];[-0.1555];13651.90892;200),(68633.19325;[0.8362];[-0.1138];14004.54054;[0.8276];[-0.1224];13691.30780;400),(104233.70957;[0.8228];[-0.1272];14000.40676;[0.8128];[-0.1372];13681.48449;800),(120609.72643;[0.8228];[-0.1272];14000.40676;[0.8128];[-0.1372];13681.48449;800),(155773.02170;[0.8228];[-0.1272];14000.40676;[0.8128];[-0.1372];13681.48449;800),(181162.77242;[0.8228];[-0.1272];14000.40676;[0.8128];[-0.1372];13681.48449;800),(217997.66397;[0.8228];[-0.1272];14000.40676;[0.8128];[-0.1372];13681.48449;800),(254567.57045;[0.8228];[-0.1272];14000.40676;[0.8128];[-0.1372];13681.48449;800),(281071.17367;[0.8228];[-0.1272];14000.40676;[0.8128];[-0.1372];13681.48449;800),(315965.52563;[0.8228];[-0.1272];14000.40676;[0.8128];[-0.1372];13681.48449;800),(342466.68625;[0.9115];[-0.0385];13411.15611;[0.9059];[-0.0441];13162.68718;800),(370203.05681;[0.9597];[0.0097];12478.00529;[0.9576];[0.0076];12333.59769;800),(408135.17261;[0.9383];[-0.0117];13012.27073;[0.9361];[-0.0139];12814.89203;800),(432505.64814;[0.948];[-0.002];12767.88583;[0.9456];[-0.0044];12599.93929;800),(448858.60991;[0.9538];[0.0038];12618.76131;[0.9515];[0.0015];12456.32357;800),(479371.48738;[0.949];[-0.001];12703.04773;[0.9476];[-0.0024];12541.60169;800),(521796.58556;[0.9523];[0.0023];12645.43221;[0.9505];[0.0005];12480.77162;800),(539106.25196;[0.9517];[0.0017];12687.57286;[0.9503];[0.0003];12530.73656;800),(561759.91106;[0.9501];[0.0001];12675.21939;[0.9485];[-0.0015];12510.65277;800),(574651.80326;[0.9484];[-0.0016];12692.84431;[0.9471];[-0.0029];12531.32552;800),(589291.37254;[0.9484];[-0.0016];12688.13163;[0.9467];[-0.0033];12526.49056;800),(622465.73257;[0.9502];[0.0002];12676.90468;[0.9489];[-0.0011];12512.41114;800),(648714.09559;[0.9502];[0.0002];12676.90468;[0.9489];[-0.0011];12512.41114;800),(675232.57113;[0.9502];[0.0002];12676.90468;[0.9489];[-0.0011];12512.41114;800),(706199.18513;[0.9484];[-0.0016];12688.13163;[0.9467];[-0.0033];12526.49056;800),(725213.74059;[0.9484];[-0.0016];12687.52674;[0.9471];[-0.0029];12526.04594;800),(789635.96034;[0.8228];[-0.1272];14000.40676;[0.8128];[-0.1372];13681.48449;1600),(824950.25420;[0.8228];[-0.1272];14000.40676;[0.8128];[-0.1372];13681.48449;1600),(873807.83987;[0.8228];[-0.1272];14000.40676;[0.8128];[-0.1372];13681.48449;1600),(911216.44330;[0.8228];[-0.1272];14000.40676;[0.8128];[-0.1372];13681.48449;1600),(940825.78731;[0.8228];[-0.1272];14000.40676;[0.8128];[-0.1372];13681.48449;1600),(995400.52223;[0.8228];[-0.1272];14000.40676;[0.8128];[-0.1372];13681.48449;1600),(1033411.00669;[0.8228];[-0.1272];14000.40676;[0.8128];[-0.1372];13681.48449;1600),(1066583.62460;[0.8228];[-0.1272];14000.40676;[0.8128];[-0.1372];13681.48449;1600),(1114158.21385;[0.8228];[-0.1272];14000.40676;[0.8128];[-0.1372];13681.48449;1600),(1143640.75804;[0.9129];[-0.0371];13390.19147;[0.9078];[-0.0422];13142.94450;1600),(1195692.65962;[0.9616];[0.0116];12416.35457;[0.9595];[0.0095];12271.28551;1600),(1214538.04564;[0.9396];[-0.0104];12983.06188;[0.9375];[-0.0125];12788.43896;1600),(1244810.30679;[0.9485];[-0.0015];12737.36889;[0.9469];[-0.0031];12572.58676;1600),(1272170.83073;[0.9544];[0.0044];12582.51408;[0.9518];[0.0018];12422.61524;1600),(1301944.69714;[0.9507];[0.0007];12659.37591;[0.9495];[-0.0005];12496.36744;1600),(1339127.29669;[0.9496];[-0.0004];12696.37680;[0.9488];[-0.0012];12530.83434;1600),(1358048.57731;[0.9523];[0.0023];12679.99934;[0.9504];[0.0004];12517.33388;1600),(1379946.53225;[0.952];[0.002];12689.10841;[0.9506];[0.0006];12532.41725;1600),(1411089.49113;[0.9492];[-0.0008];12689.69812;[0.9482];[-0.0018];12523.89524;1600),(1468708.67324;[0.9492];[-0.0008];12684.34373;[0.9482];[-0.0018];12518.65840;1600),(1506933.99167;[0.949];[-0.001];12680.00347;[0.9478];[-0.0022];12514.06276;1600),(1555292.20557;[0.949];[-0.001];12680.17606;[0.9482];[-0.0018];12514.39399;1600),(1591231.54140;[0.949];[-0.001];12680.17606;[0.9482];[-0.0018];12514.39399;1600),(1626688.19928;[0.952];[0.002];12689.10841;[0.9506];[0.0006];12532.41725;1600),(1671754.57144;[0.949];[-0.001];12680.17606;[0.9482];[-0.0018];12514.39399;1600),(1713507.47824;[0.949];[-0.001];12680.17606;[0.9482];[-0.0018];12514.39399;1600),(1792511.68609;[0.8253];[-0.1247];14002.28826;[0.8165];[-0.1335];13683.91126;3200)]"
5,7,8852.040573673648,[0.7585],[-0.1915],1822297.6665496826,"[(5529.42729;[0.4967];[-0.4533];9380.40207;[0.4967];[-0.4533];9380.40207;100),(18468.19568;[0.4967];[-0.4533];9380.40207;[0.4967];[-0.4533];9380.40207;100),(45265.87605;[0.4877];[-0.4623];9375.80632;[0.4877];[-0.4623];9375.80632;200),(78892.22264;[0.4877];[-0.4623];9375.80632;[0.4877];[-0.4623];9375.80632;200),(100621.57845;[0.4877];[-0.4623];9375.80632;[0.4877];[-0.4623];9375.80632;200),(133923.25902;[0.4877];[-0.4623];9375.80632;[0.4877];[-0.4623];9375.80632;200),(157699.75853;[0.4891];[-0.4609];9371.79745;[0.4891];[-0.4609];9371.79745;200),(196692.23213;[0.5081];[-0.4419];9366.30556;[0.5081];[-0.4419];9366.30556;200),(219977.92530;[0.6302];[-0.3198];8116.22841;[0.6302];[-0.3198];8116.22841;200),(262703.36938;[0.4844];[-0.4656];7211.20190;[0.4844];[-0.4656];7211.20190;200),(300856.71663;[0.3507];[-0.5993];6731.20669;[0.3507];[-0.5993];6731.20669;200),(319093.93764;[0.264];[-0.686];6498.28874;[0.264];[-0.686];6498.28874;200),(342825.27542;[0.2627];[-0.6873];6486.23536;[0.2627];[-0.6873];6486.23536;200),(354241.78100;[0.2577];[-0.6923];6465.59192;[0.2577];[-0.6923];6465.59192;200),(386095.98470;[0.2577];[-0.6923];6465.59192;[0.2577];[-0.6923];6465.59192;200),(423462.54873;[0.2577];[-0.6923];6465.59192;[0.2577];[-0.6923];6465.59192;200),(473784.02066;[0.5315];[-0.4185];9305.36077;[0.5315];[-0.4185];9305.36077;200),(517022.66288;[0.6613];[-0.2887];8872.76892;[0.6613];[-0.2887];8872.76892;200),(540366.34040;[0.6369];[-0.3131];8577.61362;[0.6369];[-0.3131];8577.61362;200),(575734.09295;[0.6313];[-0.3187];8072.81970;[0.6313];[-0.3187];8072.81970;200),(620588.75895;[0.4858];[-0.4642];7184.92841;[0.4858];[-0.4642];7184.92841;200),(665340.13104;[0.2577];[-0.6923];6465.59192;[0.2577];[-0.6923];6465.59192;200),(698939.04757;[0.2577];[-0.6923];6465.59192;[0.2577];[-0.6923];6465.59192;200),(731999.26591;[0.5315];[-0.4185];9305.36077;[0.5315];[-0.4185];9305.36077;200),(793896.87800;[0.6541];[-0.2959];8884.91260;[0.6541];[-0.2959];8884.91260;200),(831230.96752;[0.6344];[-0.3156];8598.94407;[0.6344];[-0.3156];8598.94407;200),(867401.51572;[0.6302];[-0.3198];8116.22841;[0.6302];[-0.3198];8116.22841;200),(903468.87517;[0.5245];[-0.4255];7377.70142;[0.5245];[-0.4255];7377.70142;200),(936861.91177;[0.2577];[-0.6923];6465.59192;[0.2577];[-0.6923];6465.59192;200),(985237.78534;[0.2577];[-0.6923];6465.59192;[0.2577];[-0.6923];6465.59192;200),(1028598.84429;[0.5315];[-0.4185];9305.36077;[0.5315];[-0.4185];9305.36077;200),(1064800.88568;[0.6541];[-0.2959];8884.91260;[0.6541];[-0.2959];8884.91260;200),(1103198.49133;[0.6344];[-0.3156];8598.94407;[0.6344];[-0.3156];8598.94407;200),(1145430.33910;[0.6302];[-0.3198];8116.22841;[0.6302];[-0.3198];8116.22841;200),(1175427.61159;[0.5245];[-0.4255];7377.70142;[0.5245];[-0.4255];7377.70142;200),(1189329.96774;[0.2577];[-0.6923];6465.59192;[0.2577];[-0.6923];6465.59192;200),(1249776.36051;[0.5315];[-0.4185];9305.36077;[0.5315];[-0.4185];9305.36077;200),(1293998.42620;[0.6613];[-0.2887];8872.76892;[0.6613];[-0.2887];8872.76892;200),(1344562.34264;[0.6344];[-0.3156];8598.94407;[0.6344];[-0.3156];8598.94407;200),(1391368.90149;[0.6302];[-0.3198];8116.22841;[0.6302];[-0.3198];8116.22841;200),(1430650.26975;[0.5245];[-0.4255];7377.70142;[0.5245];[-0.4255];7377.70142;200),(1506159.67178;[0.4236];[-0.5264];6965.31941;[0.4236];[-0.5264];6965.31941;200),(1548200.06108;[0.3525];[-0.5975];6745.50163;[0.3525];[-0.5975];6745.50163;200),(1582397.90440;[0.2641];[-0.6859];6500.55319;[0.2641];[-0.6859];6500.55319;200),(1617454.16641;[0.2627];[-0.6873];6486.23536;[0.2627];[-0.6873];6486.23536;200),(1639744.73882;[0.2577];[-0.6923];6465.59192;[0.2577];[-0.6923];6465.59192;200),(1670564.86273;[0.2577];[-0.6923];6465.59192;[0.2577];[-0.6923];6465.59192;200),(1693573.64082;[0.2577];[-0.6923];6465.59192;[0.2577];[-0.6923];6465.59192;200),(1751551.85962;[0.5315];[-0.4185];9305.36077;[0.5315];[-0.4185];9305.36077;200),(1794893.43405;[0.7585];[-0.1915];8852.04057;[0.7585];[-0.1915];8852.04057;200)]"
6,3,7476.807582753878,[0.4019],[-0.5481],1810019.9239253998,"[(4809.36337;[0.3687];[-0.5813];8236.80703;[0.3715];[-0.5785];8241.04410;100),(26113.00159;[0.3687];[-0.5813];8236.80703;[0.3715];[-0.5785];8241.04410;100),(59813.73787;[0.3687];[-0.5813];8236.80703;[0.3715];[-0.5785];8241.04410;100),(87112.43176;[0.3687];[-0.5813];8236.80703;[0.3715];[-0.5785];8241.04410;100),(118452.06952;[0.3687];[-0.5813];8236.80703;[0.3715];[-0.5785];8241.04410;100),(134441.33401;[0.3687];[-0.5813];8236.80703;[0.3715];[-0.5785];8241.04410;100),(157750.61965;[0.3909];[-0.5591];7853.69027;[0.396];[-0.554];7840.67494;100),(178227.33092;[0.3905];[-0.5595];7471.07490;[0.3946];[-0.5554];7458.21673;100),(214648.70238;[0.2627];[-0.6873];6780.37878;[0.261];[-0.689];6773.29854;100),(233008.31556;[0.109];[-0.841];6199.65746;[0.1148];[-0.8352];6195.25893;100),(267341.24088;[0.0315];[-0.9185];5740.75226;[0.03];[-0.92];5738.05627;100),(296090.76071;[0.0302];[-0.9198];5714.85502;[0.0284];[-0.9216];5711.92510;100),(320498.06881;[0.0073];[-0.9427];5447.47687;[0.0075];[-0.9425];5445.05810;100),(374977.60892;[0.3687];[-0.5813];8236.80703;[0.3715];[-0.5785];8241.04410;100),(417055.60851;[0.3938];[-0.5562];7841.73277;[0.3978];[-0.5522];7828.10559;100),(454261.68537;[0.3873];[-0.5627];7477.13582;[0.3903];[-0.5597];7465.56400;100),(501728.18470;[0.2652];[-0.6848];6791.95638;[0.2636];[-0.6864];6784.99553;100),(545078.11594;[0.1086];[-0.8414];6206.38319;[0.1141];[-0.8359];6202.13984;100),(574991.25957;[0.0311];[-0.9189];5736.92255;[0.0294];[-0.9206];5734.21995;100),(609676.10097;[0.0295];[-0.9205];5722.69072;[0.028];[-0.922];5719.87567;100),(635099.17736;[0.0302];[-0.9198];5714.85502;[0.0284];[-0.9216];5711.92510;100),(661027.38237;[0.0073];[-0.9427];5452.24538;[0.0075];[-0.9425];5449.87567;100),(682682.65772;[0.0073];[-0.9427];5447.47687;[0.0075];[-0.9425];5445.05810;100),(693108.75630;[0.0073];[-0.9427];5447.47687;[0.0075];[-0.9425];5445.05810;100),(744950.93942;[0.3687];[-0.5813];8236.80703;[0.3715];[-0.5785];8241.04410;100),(787107.46217;[0.3852];[-0.5648];7855.39175;[0.3911];[-0.5589];7843.51441;100),(828472.12172;[0.3896];[-0.5604];7494.92529;[0.3932];[-0.5568];7482.97153;100),(857869.25197;[0.3027];[-0.6473];6951.29358;[0.3048];[-0.6452];6943.29237;100),(907940.63759;[0.1089];[-0.8411];6211.01937;[0.1142];[-0.8358];6206.85011;100),(946627.11334;[0.0648];[-0.8852];5973.24109;[0.0646];[-0.8854];5969.81541;100),(971595.18647;[0.0313];[-0.9187];5733.10138;[0.03];[-0.92];5730.30544;100),(993321.24329;[0.0295];[-0.9205];5722.69072;[0.028];[-0.922];5719.87567;100),(1025155.79748;[0.0296];[-0.9204];5718.75973;[0.0279];[-0.9221];5715.89859;100),(1053508.72302;[0.0302];[-0.9198];5714.85502;[0.0284];[-0.9216];5711.92510;100),(1081525.98214;[0.0302];[-0.9198];5714.85502;[0.0284];[-0.9216];5711.92510;100),(1105923.30742;[0.0294];[-0.9206];5712.52082;[0.0276];[-0.9224];5709.61996;100),(1145852.16069;[0.3687];[-0.5813];8229.27912;[0.3715];[-0.5785];8233.27073;100),(1200884.56249;[0.3907];[-0.5593];7827.22900;[0.3963];[-0.5537];7813.64734;100),(1240945.75310;[0.3974];[-0.5526];7489.58929;[0.4019];[-0.5481];7476.80758;100),(1293989.95900;[0.305];[-0.645];6965.51990;[0.3063];[-0.6437];6956.73720;100),(1365717.53836;[0.1639];[-0.7861];6415.94995;[0.1665];[-0.7835];6410.77157;100),(1385556.28228;[0.0654];[-0.8846];5982.27457;[0.0655];[-0.8845];5978.93018;100),(1423140.87534;[0.0646];[-0.8854];5969.96078;[0.0644];[-0.8856];5966.50392;100),(1441911.22770;[0.0298];[-0.9202];5723.12138;[0.0283];[-0.9217];5720.29343;100),(1482972.70823;[0.0302];[-0.9198];5714.85502;[0.0284];[-0.9216];5711.92510;100),(1514716.63952;[0.0294];[-0.9206];5712.52082;[0.0276];[-0.9224];5709.61996;100),(1550285.66957;[0.0294];[-0.9206];5712.52082;[0.0276];[-0.9224];5709.61996;100),(1587454.34880;[0.3647];[-0.5853];8213.83317;[0.3669];[-0.5831];8219.41841;100),(1632244.62223;[0.385];[-0.565];7842.33346;[0.3912];[-0.5588];7830.31339;100),(1674902.46224;[0.3869];[-0.5631];7511.82083;[0.3913];[-0.5587];7500.61571;100),(1732855.16143;[0.3364];[-0.6136];7095.84097;[0.3409];[-0.6091];7087.02241;100),(1762485.76450;[0.0294];[-0.9206];5712.52082;[0.0276];[-0.9224];5709.61996;100)]"
5,3,8396.786337942567,[0.6428],[-0.3072],1839422.9803085327,"[(5713.76634;[0.5195];[-0.4305];9345.23339;[0.5155];[-0.4345];9342.54970;100),(24165.00449;[0.5195];[-0.4305];9345.23339;[0.5155];[-0.4345];9342.54970;100),(51779.31809;[0.5195];[-0.4305];9345.23339;[0.5155];[-0.4345];9342.54970;100),(85685.60696;[0.5195];[-0.4305];9345.23339;[0.5155];[-0.4345];9342.54970;100),(111187.52027;[0.5195];[-0.4305];9345.23339;[0.5155];[-0.4345];9342.54970;100),(148030.52449;[0.5195];[-0.4305];9345.23339;[0.5155];[-0.4345];9342.54970;100),(172123.49534;[0.6342];[-0.3158];8013.58151;[0.6267];[-0.3233];8003.31713;100),(195541.89229;[0.562];[-0.388];7551.88724;[0.5586];[-0.3914];7544.19930;100),(228062.04724;[0.4198];[-0.5302];6970.11618;[0.424];[-0.526];6965.07811;100),(265862.65945;[0.3475];[-0.6025];6735.26476;[0.3507];[-0.5993];6731.20669;100),(309202.50344;[0.1676];[-0.7824];6246.54664;[0.1682];[-0.7818];6244.12010;100),(333396.06667;[0.164];[-0.786];6230.08057;[0.1639];[-0.7861];6227.56329;100),(374300.35758;[0.164];[-0.786];6230.08057;[0.1639];[-0.7861];6227.56329;100),(409357.66268;[0.5195];[-0.4305];9345.23339;[0.5155];[-0.4345];9342.54970;100),(447719.96641;[0.5899];[-0.3601];8962.64684;[0.5842];[-0.3658];8945.44113;100),(493687.54244;[0.6488];[-0.3012];8411.45830;[0.6428];[-0.3072];8396.78634;100),(534657.53889;[0.5862];[-0.3638];7734.77951;[0.5812];[-0.3688];7725.50030;100),(586014.31727;[0.4799];[-0.4701];7170.12359;[0.4801];[-0.4699];7164.30385;100),(614121.32835;[0.2614];[-0.6886];6498.28346;[0.2637];[-0.6863];6495.14812;100),(629760.98847;[0.164];[-0.786];6230.08057;[0.1639];[-0.7861];6227.56329;100),(651582.86262;[0.164];[-0.786];6230.08057;[0.1639];[-0.7861];6227.56329;100),(677248.86298;[0.164];[-0.786];6230.08057;[0.1639];[-0.7861];6227.56329;100),(718062.61086;[0.5195];[-0.4305];9345.23339;[0.5155];[-0.4345];9342.54970;100),(757073.91214;[0.5984];[-0.3516];8964.84161;[0.592];[-0.358];8949.30362;100),(788456.67672;[0.6449];[-0.3051];8435.29589;[0.6387];[-0.3113];8419.98774;100),(833272.29977;[0.6114];[-0.3386];7860.76199;[0.6065];[-0.3435];7850.79117;100),(875110.51941;[0.164];[-0.786];6230.08057;[0.1639];[-0.7861];6227.56329;100),(913020.17164;[0.164];[-0.786];6230.08057;[0.1639];[-0.7861];6227.56329;100),(953727.51212;[0.5195];[-0.4305];9345.23339;[0.5155];[-0.4345];9342.54970;100),(982358.89626;[0.5984];[-0.3516];8964.84161;[0.592];[-0.358];8949.30362;100),(1019493.88909;[0.6449];[-0.3051];8435.29589;[0.6387];[-0.3113];8419.98774;100),(1056520.30182;[0.6114];[-0.3386];7860.76199;[0.6065];[-0.3435];7850.79117;100),(1101167.32144;[0.164];[-0.786];6230.08057;[0.1639];[-0.7861];6227.56329;100),(1148007.52354;[0.164];[-0.786];6230.08057;[0.1639];[-0.7861];6227.56329;100),(1188432.40190;[0.5195];[-0.4305];9345.23339;[0.5155];[-0.4345];9342.54970;100),(1235090.37590;[0.6037];[-0.3463];8931.88264;[0.598];[-0.352];8917.24669;100),(1282203.79853;[0.6449];[-0.3051];8435.29589;[0.6387];[-0.3113];8419.98774;100),(1330527.89307;[0.6114];[-0.3386];7860.76199;[0.6065];[-0.3435];7850.79117;100),(1371435.14156;[0.164];[-0.786];6230.08057;[0.1639];[-0.7861];6227.56329;100),(1411821.31696;[0.164];[-0.786];6230.08057;[0.1639];[-0.7861];6227.56329;100),(1457372.04313;[0.5195];[-0.4305];9345.23339;[0.5155];[-0.4345];9342.54970;100),(1483644.02890;[0.6037];[-0.3463];8931.88264;[0.598];[-0.352];8917.24669;100),(1528979.94685;[0.6449];[-0.3051];8435.29589;[0.6387];[-0.3113];8419.98774;100),(1571684.06940;[0.6114];[-0.3386];7860.76199;[0.6065];[-0.3435];7850.79117;100),(1620120.09168;[0.164];[-0.786];6230.08057;[0.1639];[-0.7861];6227.56329;100),(1664719.57231;[0.164];[-0.786];6230.08057;[0.1639];[-0.7861];6227.56329;100),(1710096.37809;[0.5195];[-0.4305];9345.23339;[0.5155];[-0.4345];9342.54970;100),(1762430.79138;[0.6037];[-0.3463];8931.88264;[0.598];[-0.352];8917.24669;100),(1808325.59586;[0.6449];[-0.3051];8435.29589;[0.6387];[-0.3113];8419.98774;100)]"
5,9,8269.69594847061,[0.6464],[-0.3036],1815319.4200992584,"[(7039.36267;[0.4764];[-0.4736];9247.49892;[0.4751];[-0.4749];9267.28707;100),(26193.41826;[0.4764];[-0.4736];9247.49892;[0.4751];[-0.4749];9267.28707;100),(53241.77742;[0.4764];[-0.4736];9247.49892;[0.4751];[-0.4749];9267.28707;100),(74430.27115;[0.4764];[-0.4736];9247.49892;[0.4751];[-0.4749];9267.28707;100),(94808.44808;[0.4764];[-0.4736];9247.49892;[0.4751];[-0.4749];9267.28707;100),(126403.62573;[0.4764];[-0.4736];9247.49892;[0.4751];[-0.4749];9267.28707;100),(139405.37953;[0.6331];[-0.3169];8635.81419;[0.6316];[-0.3184];8628.01519;100),(170910.02631;[0.4847];[-0.4653];9349.59977;[0.4831];[-0.4669];9370.23569;200),(190343.39690;[0.4847];[-0.4653];9349.59977;[0.4831];[-0.4669];9370.23569;200),(225450.69575;[0.4847];[-0.4653];9349.59977;[0.4831];[-0.4669];9370.23569;200),(260394.72318;[0.4847];[-0.4653];9349.59977;[0.4831];[-0.4669];9370.23569;200),(298200.87647;[0.4847];[-0.4653];9349.59977;[0.4831];[-0.4669];9370.23569;200),(336574.41616;[0.4847];[-0.4653];9349.59977;[0.4831];[-0.4669];9370.23569;200),(364545.07446;[0.6412];[-0.3088];8400.56854;[0.6396];[-0.3104];8392.62193;200),(399931.03075;[0.6098];[-0.3402];7851.54631;[0.6059];[-0.3441];7848.29869;200),(425405.39217;[0.5295];[-0.4205];7373.18455;[0.5239];[-0.4261];7371.74613;200),(448290.95507;[0.4125];[-0.5375];6927.83492;[0.4155];[-0.5345];6926.85223;200),(467759.49955;[0.349];[-0.601];6740.13659;[0.3518];[-0.5982];6739.31145;200),(494023.14878;[0.3444];[-0.6056];6724.31202;[0.3482];[-0.6018];6723.40143;200),(512495.54372;[0.2586];[-0.6914];6477.46608;[0.2595];[-0.6905];6476.54580;200),(530581.63738;[0.2583];[-0.6917];6472.54831;[0.2591];[-0.6909];6471.58371;200),(560601.93110;[0.2583];[-0.6917];6472.54831;[0.2591];[-0.6909];6471.58371;200),(600345.32666;[0.4971];[-0.4529];9306.93711;[0.4962];[-0.4538];9321.70454;200),(663130.33652;[0.5016];[-0.4484];9371.32409;[0.4986];[-0.4514];9384.73806;400),(706647.41588;[0.5016];[-0.4484];9371.32409;[0.4986];[-0.4514];9384.73806;400),(744646.14224;[0.5016];[-0.4484];9371.32409;[0.4986];[-0.4514];9384.73806;400),(785171.27562;[0.5016];[-0.4484];9371.32409;[0.4986];[-0.4514];9384.73806;400),(839427.15883;[0.5016];[-0.4484];9371.32409;[0.4986];[-0.4514];9384.73806;400),(877680.95589;[0.5016];[-0.4484];9371.32409;[0.4986];[-0.4514];9384.73806;400),(911169.55543;[0.5016];[-0.4484];9371.32409;[0.4986];[-0.4514];9384.73806;400),(944909.25121;[0.6483];[-0.3017];8268.96208;[0.6452];[-0.3048];8262.82078;400),(971378.50046;[0.527];[-0.423];7365.03093;[0.5221];[-0.4279];7363.51041;400),(1002912.73594;[0.4237];[-0.5263];6969.90849;[0.4248];[-0.5252];6968.91397;400),(1026013.11374;[0.35];[-0.6];6743.81880;[0.3521];[-0.5979];6743.02120;400),(1062415.18736;[0.2618];[-0.6882];6497.20777;[0.2628];[-0.6872];6496.41017;400),(1091842.61060;[0.2586];[-0.6914];6477.46608;[0.2595];[-0.6905];6476.54580;400),(1139402.44699;[0.1617];[-0.7883];6228.21446;[0.1639];[-0.7861];6227.56329;400),(1164766.44826;[0.1612];[-0.7888];6223.05536;[0.1634];[-0.7866];6222.36862;400),(1205118.06989;[0.1612];[-0.7888];6223.05536;[0.1634];[-0.7866];6222.36862;400),(1248943.71319;[0.1612];[-0.7888];6223.05536;[0.1634];[-0.7866];6222.36862;400),(1301346.86041;[0.5199];[-0.4301];9336.79349;[0.5151];[-0.4349];9345.39978;400),(1353517.44127;[0.5927];[-0.3573];8977.15145;[0.5855];[-0.3645];8969.76308;400),(1402586.77459;[0.6374];[-0.3126];8593.00570;[0.6379];[-0.3121];8585.61347;400),(1455946.18893;[0.6486];[-0.3014];8275.76184;[0.6464];[-0.3036];8269.69595;400),(1505375.76818;[0.6098];[-0.3402];7851.13654;[0.6063];[-0.3437];7847.91078;400),(1539485.44621;[0.4818];[-0.4682];7178.95883;[0.4849];[-0.4651];7178.00690;400),(1601573.18568;[0.1612];[-0.7888];6223.05536;[0.1634];[-0.7866];6222.36862;400),(1658505.83482;[0.1612];[-0.7888];6223.05536;[0.1634];[-0.7866];6222.36862;400),(1695114.63070;[0.5199];[-0.4301];9336.79349;[0.5151];[-0.4349];9345.39978;400),(1737376.96362;[0.5927];[-0.3573];8977.15145;[0.5855];[-0.3645];8969.76308;400),(1787471.92621;[0.6374];[-0.3126];8593.00570;[0.6379];[-0.3121];8585.61347;400)]"
6,10,7461.896714016754,[0.3947],[-0.5553],1804745.9053993225,"[(19207.87978;[0.3756];[-0.5744];8303.32785;[0.3706];[-0.5794];8098.30125;100),(49532.90653;[0.3756];[-0.5744];8303.32785;[0.3706];[-0.5794];8098.30125;100),(100701.77269;[0.3747];[-0.5753];8337.25655;[0.3691];[-0.5809];8136.23044;200),(153214.67400;[0.3825];[-0.5675];8382.20632;[0.3764];[-0.5736];8184.97766;400),(188028.27191;[0.3825];[-0.5675];8382.20632;[0.3764];[-0.5736];8184.97766;400),(225792.82832;[0.3825];[-0.5675];8382.20632;[0.3764];[-0.5736];8184.97766;400),(265416.52083;[0.3825];[-0.5675];8382.20632;[0.3764];[-0.5736];8184.97766;400),(293528.46694;[0.3825];[-0.5675];8382.20632;[0.3764];[-0.5736];8184.97766;400),(327211.10010;[0.3825];[-0.5675];8382.20632;[0.3764];[-0.5736];8184.97766;400),(363855.08442;[0.3825];[-0.5675];8382.20632;[0.3764];[-0.5736];8184.97766;400),(381172.66631;[0.3469];[-0.6031];7130.92961;[0.3415];[-0.6085];7087.30531;400),(422663.26547;[0.0708];[-0.8792];5968.97427;[0.0637];[-0.8863];5945.40685;400),(440948.19212;[0.009];[-0.941];5472.11688;[0.008];[-0.942];5455.42883;400),(462812.96301;[0.0087];[-0.9413];5463.94804;[0.0078];[-0.9422];5447.41097;400),(493655.53474;[0.0089];[-0.9411];5453.18057;[0.0079];[-0.9421];5436.37920;400),(530493.88576;[0.0082];[-0.9418];5434.73481;[0.0076];[-0.9424];5418.01112;400),(574905.16639;[0.389];[-0.561];8382.80340;[0.381];[-0.569];8192.41881;400),(612646.56234;[0.4];[-0.55];8119.79964;[0.3917];[-0.5583];7986.17495;400),(647999.10378;[0.4004];[-0.5496];7769.47745;[0.3932];[-0.5568];7675.88537;400),(683857.75352;[0.4015];[-0.5485];7513.43998;[0.3932];[-0.5568];7447.71276;400),(727853.69086;[0.3468];[-0.6032];7129.06577;[0.3414];[-0.6086];7085.43823;400),(757077.66342;[0.1718];[-0.7782];6435.73427;[0.1666];[-0.7834];6405.52186;400),(811094.40112;[0.0718];[-0.8782];5974.86683;[0.0642];[-0.8858];5951.27046;400),(847054.67057;[0.0088];[-0.9412];5464.66227;[0.0079];[-0.9421];5448.00950;400),(874766.72769;[0.0087];[-0.9413];5458.53952;[0.0078];[-0.9422];5441.92639;400),(895797.56069;[0.0089];[-0.9411];5453.18057;[0.0079];[-0.9421];5436.37920;400),(933511.74021;[0.0082];[-0.9418];5434.73481;[0.0076];[-0.9424];5418.01112;400),(975071.41185;[0.389];[-0.561];8382.80340;[0.381];[-0.569];8192.41881;400),(1021640.39469;[0.4007];[-0.5493];8107.44231;[0.3917];[-0.5583];7975.38279;400),(1059989.45236;[0.4004];[-0.5496];7769.47745;[0.3932];[-0.5568];7675.88537;400),(1103422.35970;[0.4025];[-0.5475];7520.65429;[0.3939];[-0.5561];7455.01483;400),(1142314.19849;[0.3472];[-0.6028];7129.76174;[0.3418];[-0.6082];7085.92068;400),(1174141.69669;[0.1728];[-0.7772];6441.84129;[0.1671];[-0.7829];6411.61501;400),(1229769.45353;[0.0729];[-0.8771];5990.38581;[0.0651];[-0.8849];5966.86015;400),(1270859.65085;[0.0088];[-0.9412];5464.48657;[0.0079];[-0.9421];5447.89076;400),(1319762.45475;[0.0088];[-0.9412];5459.25784;[0.0079];[-0.9421];5442.51940;400),(1346463.05442;[0.0087];[-0.9413];5458.53952;[0.0078];[-0.9422];5441.92639;400),(1370441.34402;[0.0087];[-0.9413];5458.53952;[0.0078];[-0.9422];5441.92639;400),(1413596.77529;[0.0089];[-0.9411];5453.18057;[0.0079];[-0.9421];5436.37920;400),(1470638.78846;[0.389];[-0.561];8382.80340;[0.381];[-0.569];8192.41881;400),(1522961.05409;[0.4007];[-0.5493];8107.44231;[0.3917];[-0.5583];7975.38279;400),(1584836.69591;[0.4005];[-0.5495];7768.69732;[0.3932];[-0.5568];7675.03184;400),(1632142.19141;[0.4032];[-0.5468];7527.39907;[0.3947];[-0.5553];7461.89671;400),(1671944.74506;[0.3478];[-0.6022];7145.78499;[0.342];[-0.608];7099.07757;400),(1729168.73646;[0.1744];[-0.7756];6442.89370;[0.1681];[-0.7819];6412.49268;400),(1771699.30792;[0.0089];[-0.9411];5453.18057;[0.0079];[-0.9421];5436.37920;400)]"
6,1,7402.783326857323,[0.3941],[-0.5559],1843065.8462047577,"[(4733.24943;[0.3574];[-0.5926];8307.20399;[0.3583];[-0.5917];8257.05665;100),(20492.33389;[0.3574];[-0.5926];8307.20399;[0.3583];[-0.5917];8257.05665;100),(48078.19247;[0.3574];[-0.5926];8307.20399;[0.3583];[-0.5917];8257.05665;100),(69596.09818;[0.3574];[-0.5926];8307.20399;[0.3583];[-0.5917];8257.05665;100),(96189.78429;[0.3574];[-0.5926];8307.20399;[0.3583];[-0.5917];8257.05665;100),(132154.86217;[0.3574];[-0.5926];8307.20399;[0.3583];[-0.5917];8257.05665;100),(149587.02087;[0.3873];[-0.5627];8017.10056;[0.3882];[-0.5618];7978.77651;100),(197070.38975;[0.3864];[-0.5636];7572.80508;[0.3868];[-0.5632];7548.69111;100),(215220.25561;[0.3689];[-0.5811];7260.46248;[0.369];[-0.581];7242.89995;100),(243928.79438;[0.2629];[-0.6871];6795.68220;[0.262];[-0.688];6782.27800;100),(283696.64431;[0.1196];[-0.8304];6211.16844;[0.1141];[-0.8359];6202.13984;100),(306732.64718;[0.0686];[-0.8814];5977.38292;[0.0646];[-0.8854];5969.81541;100),(319288.52773;[0.0305];[-0.9195];5721.88648;[0.0279];[-0.9221];5715.89859;100),(332575.99735;[0.0077];[-0.9423];5468.12438;[0.0079];[-0.9421];5463.46819;100),(365397.73893;[0.0077];[-0.9423];5452.11295;[0.0078];[-0.9422];5447.41097;100),(396081.97117;[0.0077];[-0.9423];5446.65281;[0.0078];[-0.9422];5441.92639;100),(414718.31131;[0.0077];[-0.9423];5446.65281;[0.0078];[-0.9422];5441.92639;100),(444296.31543;[0.0077];[-0.9423];5446.65281;[0.0078];[-0.9422];5441.92639;100),(503684.75366;[0.3798];[-0.5702];8193.77871;[0.381];[-0.569];8147.62341;100),(536076.35951;[0.3934];[-0.5566];7727.85257;[0.3937];[-0.5563];7699.60960;100),(565095.51120;[0.3946];[-0.5554];7419.33835;[0.3935];[-0.5565];7399.58477;100),(603185.33278;[0.2629];[-0.6871];6791.03917;[0.2618];[-0.6882];6777.62243;100),(627707.71194;[0.0077];[-0.9423];5446.65281;[0.0078];[-0.9422];5441.92639;100),(679665.99154;[0.0077];[-0.9423];5446.65281;[0.0078];[-0.9422];5441.92639;100),(720261.30366;[0.3768];[-0.5732];8172.40074;[0.3786];[-0.5714];8129.08061;100),(761176.39232;[0.3895];[-0.5605];7703.03985;[0.3893];[-0.5607];7677.47767;100),(796487.52427;[0.393];[-0.557];7372.64595;[0.3921];[-0.5579];7354.17620;100),(833119.29178;[0.1716];[-0.7784];6426.56208;[0.1672];[-0.7828];6416.00114;100),(882607.45120;[0.0077];[-0.9423];5446.65281;[0.0078];[-0.9422];5441.92639;100),(940205.86181;[0.3768];[-0.5732];8172.40074;[0.3786];[-0.5714];8129.08061;100),(978594.20133;[0.3934];[-0.5566];7727.85257;[0.3937];[-0.5563];7699.60960;100),(1022808.59804;[0.3944];[-0.5556];7418.42499;[0.3938];[-0.5562];7398.74945;100),(1053194.83614;[0.2629];[-0.6871];6791.03917;[0.2618];[-0.6882];6777.62243;100),(1107047.61410;[0.1179];[-0.8321];6201.04160;[0.1131];[-0.8369];6192.03879;100),(1150317.75808;[0.0305];[-0.9195];5728.55980;[0.0279];[-0.9221];5722.62676;100),(1168387.20584;[0.0077];[-0.9423];5452.11295;[0.0078];[-0.9422];5447.41097;100),(1182343.11509;[0.0077];[-0.9423];5446.65281;[0.0078];[-0.9422];5441.92639;100),(1210677.21701;[0.0077];[-0.9423];5446.65281;[0.0078];[-0.9422];5441.92639;100),(1248191.67471;[0.3755];[-0.5745];8168.40383;[0.3775];[-0.5725];8126.66280;100),(1282657.38153;[0.3897];[-0.5603];7704.34654;[0.39];[-0.56];7678.71474;100),(1335696.88582;[0.3953];[-0.5547];7422.53140;[0.3941];[-0.5559];7402.78333;100),(1387487.37693;[0.2647];[-0.6853];6798.29088;[0.2636];[-0.6864];6784.78669;100),(1453833.93717;[0.0077];[-0.9423];5446.65281;[0.0078];[-0.9422];5441.92639;100),(1494692.60907;[0.0077];[-0.9423];5446.65281;[0.0078];[-0.9422];5441.92639;100),(1540523.57435;[0.3755];[-0.5745];8168.40383;[0.3775];[-0.5725];8126.66280;100),(1577084.33485;[0.3897];[-0.5603];7704.34654;[0.39];[-0.56];7678.71474;100),(1638428.60985;[0.3953];[-0.5547];7422.53140;[0.3941];[-0.5559];7402.78333;100),(1669843.01424;[0.2647];[-0.6853];6798.29088;[0.2636];[-0.6864];6784.78669;100),(1702881.69789;[0.0077];[-0.9423];5446.65281;[0.0078];[-0.9422];5441.92639;100),(1775700.85335;[0.3718];[-0.5782];8144.92915;[0.3725];[-0.5775];8107.10483;100),(1821477.28133;[0.3897];[-0.5603];7704.34654;[0.39];[-0.56];7678.71474;100)]"
4,2,8483.338314951901,[0.8531],[-0.0969],1846474.3375778198,"[(3605.83758;[0.6051];[-0.3449];10753.94281;[0.6015];[-0.3485];10608.97870;100),(7532.42874;[0.6051];[-0.3449];10753.94281;[0.6015];[-0.3485];10608.97870;100),(26140.15412;[0.6051];[-0.3449];10753.94281;[0.6015];[-0.3485];10608.97870;100),(38655.06673;[0.6051];[-0.3449];10753.94281;[0.6015];[-0.3485];10608.97870;100),(54285.86531;[0.6051];[-0.3449];10753.94281;[0.6015];[-0.3485];10608.97870;100),(79739.51554;[0.6051];[-0.3449];10753.94281;[0.6015];[-0.3485];10608.97870;100),(92756.37150;[0.7662];[-0.1838];10094.88839;[0.7565];[-0.1935];9985.35012;100),(110611.15694;[0.7923];[-0.1577];9353.11307;[0.7898];[-0.1602];9280.22453;100),(140158.63299;[0.8473];[-0.1027];9035.27960;[0.8432];[-0.1068];8987.82120;100),(166942.83772;[0.8539];[-0.0961];8645.65599;[0.8497];[-0.1003];8605.14034;100),(192424.84617;[0.853];[-0.097];8355.97668;[0.8502];[-0.0998];8319.24954;100),(213836.35306;[0.8214];[-0.1286];8062.13934;[0.8192];[-0.1308];8026.76564;100),(242779.70695;[0.808];[-0.142];7858.78192;[0.8027];[-0.1473];7825.44795;100),(285097.88561;[0.7896];[-0.1604];7619.38935;[0.7832];[-0.1668];7588.76762;100),(321415.99464;[0.7907];[-0.1593];7618.37102;[0.784];[-0.166];7587.84474;100),(362235.33559;[0.7907];[-0.1593];7618.37102;[0.784];[-0.166];7587.84474;100),(403757.00831;[0.6261];[-0.3239];10752.45126;[0.6214];[-0.3286];10602.47417;100),(450146.93999;[0.6079];[-0.3421];10722.63620;[0.6041];[-0.3459];10565.89936;200),(501839.34855;[0.5903];[-0.3597];10693.72532;[0.5834];[-0.3666];10540.36262;400),(543820.60099;[0.5903];[-0.3597];10693.72532;[0.5834];[-0.3666];10540.36262;400),(575988.85131;[0.5903];[-0.3597];10693.72532;[0.5834];[-0.3666];10540.36262;400),(601732.26786;[0.5903];[-0.3597];10693.72532;[0.5834];[-0.3666];10540.36262;400),(640139.20069;[0.5903];[-0.3597];10693.72532;[0.5834];[-0.3666];10540.36262;400),(684991.30321;[0.5903];[-0.3597];10693.72532;[0.5834];[-0.3666];10540.36262;400),(722399.26910;[0.592];[-0.358];10696.97436;[0.5849];[-0.3651];10543.70002;400),(750866.49060;[0.785];[-0.165];9932.49442;[0.7756];[-0.1744];9836.61278;400),(794203.30715;[0.8219];[-0.1281];9142.22333;[0.8185];[-0.1315];9083.60522;400),(822611.97162;[0.8569];[-0.0931];8521.78404;[0.8531];[-0.0969];8483.33831;400),(848290.94648;[0.8383];[-0.1117];7974.89046;[0.8375];[-0.1125];7943.21073;400),(883517.09509;[0.8194];[-0.1306];7737.24172;[0.8147];[-0.1353];7708.27991;400),(908414.71267;[0.7834];[-0.1666];7473.48458;[0.7746];[-0.1754];7446.30713;400),(941789.70957;[0.7768];[-0.1732];7450.62966;[0.7678];[-0.1822];7423.34505;400),(977474.56098;[0.7776];[-0.1724];7450.32404;[0.7687];[-0.1813];7423.13325;400),(1017345.48378;[0.7776];[-0.1724];7450.32404;[0.7687];[-0.1813];7423.13325;400),(1050617.49744;[0.6079];[-0.3421];10722.63620;[0.6041];[-0.3459];10565.89936;400),(1121843.40477;[0.634];[-0.316];10764.64707;[0.6288];[-0.3212];10619.75738;800),(1155836.10153;[0.634];[-0.316];10764.64707;[0.6288];[-0.3212];10619.75738;800),(1203689.21304;[0.634];[-0.316];10764.64707;[0.6288];[-0.3212];10619.75738;800),(1250447.48330;[0.634];[-0.316];10764.64707;[0.6288];[-0.3212];10619.75738;800),(1294156.81553;[0.634];[-0.316];10764.64707;[0.6288];[-0.3212];10619.75738;800),(1343794.50250;[0.634];[-0.316];10764.64707;[0.6288];[-0.3212];10619.75738;800),(1396094.05160;[0.634];[-0.316];10764.64707;[0.6288];[-0.3212];10619.75738;800),(1450013.92555;[0.634];[-0.316];10764.64707;[0.6288];[-0.3212];10619.75738;800),(1477685.13870;[0.806];[-0.144];9815.08659;[0.8009];[-0.1491];9728.61019;800),(1509176.47099;[0.8483];[-0.1017];9039.73829;[0.8445];[-0.1055];8992.41860;800),(1550079.47969;[0.8495];[-0.1005];8181.93350;[0.8462];[-0.1038];8147.39329;800),(1603902.30083;[0.8105];[-0.1395];7537.91066;[0.8054];[-0.1446];7511.99282;800),(1625808.98929;[0.7388];[-0.2112];7039.12132;[0.7261];[-0.2239];7017.99778;800),(1669113.34038;[0.7318];[-0.2182];7023.14872;[0.7214];[-0.2286];7002.02463;800),(1714774.76907;[0.6474];[-0.3026];6740.49676;[0.6387];[-0.3113];6721.97882;800),(1745785.72917;[0.6441];[-0.3059];6734.05370;[0.6353];[-0.3147];6715.50032;800),(1777171.64731;[0.6433];[-0.3067];6732.71485;[0.6341];[-0.3159];6714.13852;800),(1811082.20720;[0.6433];[-0.3067];6732.71485;[0.6341];[-0.3159];6714.13852;800)]"
3,9,9981.290159927743,[0.9498],[-0.0002],1821597.234249115,"[(3726.13740;[0.7124];[-0.2376];11941.96487;[0.7124];[-0.2376];11953.71295;100),(7765.95783;[0.7124];[-0.2376];11941.96487;[0.7124];[-0.2376];11953.71295;100),(30787.09102;[0.7191];[-0.2309];11977.86960;[0.7181];[-0.2319];11995.16259;200),(57280.02167;[0.7675];[-0.1825];11997.65900;[0.7629];[-0.1871];12009.77153;400),(90033.18977;[0.7675];[-0.1825];11997.65900;[0.7629];[-0.1871];12009.77153;400),(117916.16869;[0.7675];[-0.1825];11997.65900;[0.7629];[-0.1871];12009.77153;400),(149256.94990;[0.7675];[-0.1825];11997.65900;[0.7629];[-0.1871];12009.77153;400),(165218.82200;[0.7675];[-0.1825];11997.65900;[0.7629];[-0.1871];12009.77153;400),(192704.49424;[0.7675];[-0.1825];11997.65900;[0.7629];[-0.1871];12009.77153;400),(236571.44308;[0.7675];[-0.1825];11997.65900;[0.7629];[-0.1871];12009.77153;400),(250014.75120;[0.8875];[-0.0625];11258.61666;[0.8867];[-0.0633];11245.19694;400),(266136.24477;[0.9483];[-0.0017];10004.11801;[0.9464];[-0.0036];9995.89350;400),(297150.14410;[0.9682];[0.0182];9556.57612;[0.9667];[0.0167];9551.25140;400),(321480.58987;[0.9588];[0.0088];9815.91987;[0.9559];[0.0059];9808.47694;400),(352524.10340;[0.9548];[0.0048];9909.56814;[0.9521];[0.0021];9901.81067;400),(369385.70571;[0.9488];[-0.0012];9953.74724;[0.947];[-0.003];9946.18227;400),(402136.21926;[0.9523];[0.0023];9929.73490;[0.9488];[-0.0012];9921.21071;400),(415790.74669;[0.9533];[0.0033];9937.51699;[0.9498];[-0.0002];9929.02664;400),(434903.28979;[0.9535];[0.0035];9940.89491;[0.9506];[0.0006];9932.40568;400),(454626.09529;[0.9505];[0.0005];9938.98457;[0.9483];[-0.0017];9931.75460;400),(478687.55913;[0.9504];[0.0004];9939.11213;[0.9482];[-0.0018];9931.88140;400),(516944.78440;[0.9516];[0.0016];9940.28609;[0.9491];[-0.0009];9933.07607;400),(530860.77452;[0.9483];[-0.0017];9948.43643;[0.9464];[-0.0036];9940.83441;400),(575819.41962;[0.9483];[-0.0017];9948.43643;[0.9464];[-0.0036];9940.83441;400),(603599.74718;[0.9516];[0.0016];9940.28609;[0.9491];[-0.0009];9933.07607;400),(626207.65162;[0.9516];[0.0016];9940.28609;[0.9491];[-0.0009];9933.07607;400),(662690.31358;[0.7675];[-0.1825];11997.65900;[0.7629];[-0.1871];12009.77153;400),(691280.10488;[0.8524];[-0.0976];11723.60904;[0.8501];[-0.0999];11713.83103;400),(733238.41548;[0.878];[-0.072];11278.18434;[0.8761];[-0.0739];11264.03023;400),(776343.00017;[0.9235];[-0.0265];10769.80996;[0.9241];[-0.0259];10760.18270;400),(805817.57641;[0.9353];[-0.0147];10272.02544;[0.9334];[-0.0166];10263.91818;400),(851219.82455;[0.9475];[-0.0025];10068.27004;[0.9459];[-0.0041];10060.55970;400),(895056.78344;[0.9516];[0.0016];9940.28609;[0.9491];[-0.0009];9933.07607;400),(946555.82643;[0.9472];[-0.0028];9999.93404;[0.9457];[-0.0043];9991.64112;400),(972948.65131;[0.9676];[0.0176];9558.40920;[0.9665];[0.0165];9553.07370;400),(1003358.07776;[0.9586];[0.0086];9813.27613;[0.9555];[0.0055];9805.79664;400),(1037085.05511;[0.9547];[0.0047];9908.35667;[0.9517];[0.0017];9900.58438;400),(1078888.99970;[0.9514];[0.0014];9937.23023;[0.9491];[-0.0009];9930.01114;400),(1107941.39504;[0.9504];[0.0004];9982.30095;[0.9488];[-0.0012];9974.92445;400),(1155069.31448;[0.9514];[0.0014];9987.00422;[0.9495];[-0.0005];9979.65408;400),(1178053.15995;[0.9514];[0.0014];9987.00422;[0.9495];[-0.0005];9979.65408;400),(1206530.96795;[0.9513];[0.0013];9988.59156;[0.9493];[-0.0007];9981.24073;400),(1234057.02233;[0.9469];[-0.0031];9996.42043;[0.9454];[-0.0046];9988.08774;400),(1264852.82660;[0.9522];[0.0022];9988.61968;[0.9498];[-0.0002];9981.29016;400),(1299200.62995;[0.9474];[-0.0026];9995.52735;[0.9456];[-0.0044];9987.20553;400),(1317225.28839;[0.9522];[0.0022];9988.61968;[0.9498];[-0.0002];9981.29016;400),(1336588.54580;[0.9474];[-0.0026];9995.52735;[0.9456];[-0.0044];9987.20553;400),(1366643.14890;[0.9522];[0.0022];9988.61968;[0.9498];[-0.0002];9981.29016;400),(1410893.67652;[0.7675];[-0.1825];11997.65900;[0.7629];[-0.1871];12009.77153;400),(1463213.11450;[0.8524];[-0.0976];11723.60904;[0.8501];[-0.0999];11713.83103;400),(1513617.00010;[0.8923];[-0.0577];11280.08880;[0.891];[-0.059];11267.08117;400),(1570357.18131;[0.9131];[-0.0369];10814.18340;[0.9121];[-0.0379];10803.28713;400),(1629890.32483;[0.9356];[-0.0144];10376.81147;[0.9345];[-0.0155];10368.82164;400),(1679703.09997;[0.9405];[-0.0095];10104.50579;[0.9398];[-0.0102];10095.07364;400),(1727234.69162;[0.9522];[0.0022];9988.61968;[0.9498];[-0.0002];9981.29016;400),(1790668.01310;[0.9459];[-0.0041];10030.98162;[0.9441];[-0.0059];10021.98545;400)]"
3,2,9905.697099109664,[0.9521],[0.0021],1809142.7295207977,"[(4312.09040;[0.7153];[-0.2347];12134.50344;[0.7075];[-0.2425];11963.72793;100),(11272.37821;[0.7153];[-0.2347];12134.50344;[0.7075];[-0.2425];11963.72793;100),(32407.75108;[0.7224];[-0.2276];12136.80809;[0.7138];[-0.2362];11957.86007;200),(65455.18780;[0.7006];[-0.2494];12118.84584;[0.6925];[-0.2575];11945.52273;400),(108195.11843;[0.7568];[-0.1932];12176.97634;[0.7484];[-0.2016];12011.55017;800),(145815.42969;[0.7568];[-0.1932];12176.97634;[0.7484];[-0.2016];12011.55017;800),(171903.02563;[0.7568];[-0.1932];12176.97634;[0.7484];[-0.2016];12011.55017;800),(209426.62740;[0.7568];[-0.1932];12176.97634;[0.7484];[-0.2016];12011.55017;800),(255433.26950;[0.7568];[-0.1932];12176.97634;[0.7484];[-0.2016];12011.55017;800),(290008.53515;[0.7568];[-0.1932];12176.97634;[0.7484];[-0.2016];12011.55017;800),(321907.80139;[0.7568];[-0.1932];12176.97634;[0.7484];[-0.2016];12011.55017;800),(360643.16416;[0.7568];[-0.1932];12176.97634;[0.7484];[-0.2016];12011.55017;800),(398363.21950;[0.8721];[-0.0779];11427.22136;[0.8709];[-0.0791];11303.49874;800),(422583.28152;[0.9491];[-0.0009];10029.97154;[0.9489];[-0.0011];9977.44203;800),(442307.20043;[0.9735];[0.0235];9479.53531;[0.9712];[0.0212];9438.18767;800),(459939.53371;[0.9601];[0.0101];9826.32899;[0.9578];[0.0078];9780.70509;800),(503688.22503;[0.9526];[0.0026];9918.80705;[0.9514];[0.0014];9866.31009;800),(522063.12728;[0.9494];[-0.0006];9974.59811;[0.9488];[-0.0012];9923.49902;800),(552797.09196;[0.9532];[0.0032];9950.49577;[0.9521];[0.0021];9901.81067;800),(577457.87334;[0.9499];[-0.0001];9954.87882;[0.9501];[0.0001];9901.08931;800),(602217.20314;[0.949];[-0.001];9941.93114;[0.9491];[-0.0009];9888.11553;800),(627531.08025;[0.953];[0.003];9952.73195;[0.952];[0.002];9904.13912;800),(650243.81018;[0.9532];[0.0032];9954.27951;[0.9521];[0.0021];9905.69710;800),(675195.88399;[0.9496];[-0.0004];9940.93431;[0.9493];[-0.0007];9887.23545;800),(715303.10559;[0.9532];[0.0032];9954.27951;[0.9521];[0.0021];9905.69710;800),(732609.97343;[0.9496];[-0.0004];9940.93431;[0.9493];[-0.0007];9887.23545;800),(754846.69733;[0.9496];[-0.0004];9940.93431;[0.9493];[-0.0007];9887.23545;800),(762526.58892;[0.9496];[-0.0004];9940.93431;[0.9493];[-0.0007];9887.23545;800),(819193.51506;[0.7568];[-0.1932];12176.97634;[0.7484];[-0.2016];12011.55017;800),(864925.40693;[0.7968];[-0.1532];11960.25456;[0.7907];[-0.1593];11796.67942;800),(902354.21395;[0.8723];[-0.0777];11422.53930;[0.8714];[-0.0786];11299.00696;800),(939179.19183;[0.9099];[-0.0401];10861.57561;[0.9118];[-0.0382];10774.91168;800),(969763.40413;[0.9315];[-0.0185];10337.50014;[0.9334];[-0.0166];10264.72497;800),(1011558.88772;[0.9393];[-0.0107];10131.56467;[0.9419];[-0.0081];10075.58724;800),(1050893.15367;[0.9481];[-0.0019];10021.44024;[0.9479];[-0.0021];9968.73785;800),(1105723.18411;[0.9496];[-0.0004];9940.93431;[0.9493];[-0.0007];9887.23545;800),(1135873.24190;[0.9771];[0.0271];9335.31771;[0.9739];[0.0239];9295.64158;800),(1174269.41442;[0.9657];[0.0157];9736.74823;[0.9648];[0.0148];9692.61340;800),(1209390.14292;[0.9578];[0.0078];9858.75774;[0.9561];[0.0061];9810.64768;800),(1240471.34542;[0.9544];[0.0044];9911.30552;[0.9529];[0.0029];9864.96773;800),(1282029.98495;[0.9531];[0.0031];9925.15884;[0.953];[0.003];9873.92908;800),(1313643.87393;[0.9528];[0.0028];9946.76861;[0.9513];[0.0013];9898.09065;800),(1330065.56153;[0.9532];[0.0032];9950.49577;[0.9521];[0.0021];9901.81067;800),(1346102.52285;[0.953];[0.003];9952.73195;[0.952];[0.002];9904.13912;800),(1387268.85200;[0.953];[0.003];9952.73195;[0.952];[0.002];9904.13912;800),(1406602.21028;[0.953];[0.003];9953.34180;[0.9518];[0.0018];9904.50589;800),(1431250.79942;[0.9532];[0.0032];9954.27951;[0.9521];[0.0021];9905.69710;800),(1464767.48824;[0.9532];[0.0032];9954.27951;[0.9521];[0.0021];9905.69710;800),(1505615.44657;[0.9532];[0.0032];9954.27951;[0.9521];[0.0021];9905.69710;800),(1537590.59834;[0.9496];[-0.0004];9940.93431;[0.9493];[-0.0007];9887.23545;800),(1589019.61279;[0.7568];[-0.1932];12176.97634;[0.7484];[-0.2016];12011.55017;800),(1637978.70874;[0.7968];[-0.1532];11960.25456;[0.7907];[-0.1593];11796.67942;800),(1679567.85321;[0.8723];[-0.0777];11422.53930;[0.8714];[-0.0786];11299.00696;800),(1732199.81647;[0.9099];[-0.0401];10861.57561;[0.9118];[-0.0382];10774.91168;800),(1778027.53329;[0.9315];[-0.0185];10337.50014;[0.9334];[-0.0166];10264.72497;800)]"
5,4,8443.137017578021,[0.636],[-0.314],1822861.555337906,"[(5596.33088;[0.5709];[-0.3791];9338.07831;[0.5589];[-0.3911];9259.60764;100),(23376.74260;[0.5709];[-0.3791];9338.26042;[0.5591];[-0.3909];9259.79229;100),(51067.09552;[0.5709];[-0.3791];9338.26042;[0.5591];[-0.3909];9259.79229;100),(73002.53558;[0.5709];[-0.3791];9338.26042;[0.5591];[-0.3909];9259.79229;100),(99883.54445;[0.5709];[-0.3791];9338.26042;[0.5591];[-0.3909];9259.79229;100),(121457.42822;[0.5709];[-0.3791];9338.26042;[0.5591];[-0.3909];9259.79229;100),(144843.83702;[0.632];[-0.318];8031.86072;[0.6216];[-0.3284];7979.30144;100),(175395.84470;[0.5674];[-0.3826];7572.33408;[0.5557];[-0.3943];7529.34488;100),(194442.10744;[0.4293];[-0.5207];6992.71191;[0.4225];[-0.5275];6960.21064;100),(220657.36008;[0.4235];[-0.5265];6971.25380;[0.4176];[-0.5324];6938.47056;100),(248003.83902;[0.4235];[-0.5265];6971.25380;[0.4176];[-0.5324];6938.47056;100),(291442.48414;[0.5709];[-0.3791];9338.26042;[0.5591];[-0.3909];9259.79229;100),(323497.07103;[0.6139];[-0.3361];8955.79247;[0.6017];[-0.3483];8854.44825;100),(361008.48198;[0.6469];[-0.3031];8516.51664;[0.636];[-0.314];8443.13702;100),(380454.16451;[0.6324];[-0.3176];8031.53708;[0.6214];[-0.3286];7979.05663;100),(431468.38713;[0.5726];[-0.3774];7594.02520;[0.5606];[-0.3894];7551.36021;100),(460292.06133;[0.5389];[-0.4111];7409.60168;[0.5235];[-0.4265];7370.20392;100),(482304.91066;[0.4912];[-0.4588];7213.07907;[0.4843];[-0.4657];7177.08330;100),(516710.15668;[0.4866];[-0.4634];7197.48795;[0.4793];[-0.4707];7161.27770;100),(536118.10064;[0.4293];[-0.5207];6992.15802;[0.4224];[-0.5276];6959.63829;100),(562151.37362;[0.4279];[-0.5221];6984.41740;[0.4207];[-0.5293];6951.68726;100),(597694.44156;[0.4235];[-0.5265];6971.25380;[0.4176];[-0.5324];6938.47056;100),(620229.86007;[0.4235];[-0.5265];6971.25380;[0.4176];[-0.5324];6938.47056;100),(659923.57016;[0.5709];[-0.3791];9338.26042;[0.5591];[-0.3909];9259.79229;100),(691967.90409;[0.6247];[-0.3253];8924.83407;[0.613];[-0.337];8834.44172;100),(720696.97952;[0.6467];[-0.3033];8514.90274;[0.6357];[-0.3143];8441.45188;100),(773053.59983;[0.6329];[-0.3171];8032.62862;[0.6219];[-0.3281];7980.21332;100),(810418.90240;[0.4235];[-0.5265];6971.25380;[0.4176];[-0.5324];6938.47056;100),(857043.04147;[0.5709];[-0.3791];9338.26042;[0.5591];[-0.3909];9259.79229;100),(895329.23841;[0.6247];[-0.3253];8924.83407;[0.613];[-0.337];8834.44172;100),(929489.24971;[0.6467];[-0.3033];8514.90274;[0.6357];[-0.3143];8441.45188;100),(986741.25481;[0.6329];[-0.3171];8032.62862;[0.6219];[-0.3281];7980.21332;100),(1043660.00152;[0.5726];[-0.3774];7594.02520;[0.5606];[-0.3894];7551.36021;100),(1068942.34753;[0.5389];[-0.4111];7409.60168;[0.5235];[-0.4265];7370.20392;100),(1096868.57772;[0.4873];[-0.4627];7200.54970;[0.4801];[-0.4699];7164.49789;100),(1144099.24006;[0.4864];[-0.4636];7197.24489;[0.4793];[-0.4707];7161.10318;100),(1163621.63067;[0.4864];[-0.4636];7197.24489;[0.4793];[-0.4707];7161.10318;100),(1196563.08961;[0.4851];[-0.4649];7192.88900;[0.4783];[-0.4717];7156.67140;100),(1225422.63699;[0.4851];[-0.4649];7192.88900;[0.4783];[-0.4717];7156.67140;100),(1248650.00224;[0.4851];[-0.4649];7192.88900;[0.4783];[-0.4717];7156.67140;100),(1289244.15636;[0.5709];[-0.3791];9338.26042;[0.5591];[-0.3909];9259.79229;100),(1331228.81079;[0.61];[-0.34];8936.88550;[0.5982];[-0.3518];8832.08537;100),(1361133.68869;[0.6469];[-0.3031];8516.51664;[0.636];[-0.314];8443.13702;100),(1401959.28073;[0.6274];[-0.3226];8051.41622;[0.6169];[-0.3331];7997.28169;100),(1442565.94014;[0.4851];[-0.4649];7192.88900;[0.4783];[-0.4717];7156.67140;100),(1499621.52624;[0.5905];[-0.3595];9302.50417;[0.5787];[-0.3713];9229.06952;100),(1524914.26134;[0.61];[-0.34];8936.88550;[0.5982];[-0.3518];8832.08537;100),(1582876.19615;[0.6469];[-0.3031];8516.51664;[0.636];[-0.314];8443.13702;100),(1634976.14288;[0.6268];[-0.3232];8050.27202;[0.6165];[-0.3335];7996.01772;100),(1704134.15337;[0.5965];[-0.3535];7744.48128;[0.5852];[-0.3648];7698.69537;100),(1746283.79464;[0.5389];[-0.4111];7409.60168;[0.5235];[-0.4265];7370.20392;100),(1790882.08914;[0.5371];[-0.4129];7399.59147;[0.5213];[-0.4287];7360.18003;100)]"
6,7,7538.566606011544,[0.3982],[-0.5518],1802144.897699356,"[(21519.91439;[0.3767];[-0.5733];8247.20345;[0.3767];[-0.5733];8247.20345;100),(45270.98083;[0.3767];[-0.5733];8247.20345;[0.3767];[-0.5733];8247.20345;100),(71009.73725;[0.3767];[-0.5733];8247.20345;[0.3767];[-0.5733];8247.20345;100),(97535.72488;[0.3767];[-0.5733];8247.20345;[0.3767];[-0.5733];8247.20345;100),(122682.22833;[0.3767];[-0.5733];8247.20345;[0.3767];[-0.5733];8247.20345;100),(162499.29810;[0.3767];[-0.5733];8247.20345;[0.3767];[-0.5733];8247.20345;100),(185840.63864;[0.3901];[-0.5599];7908.65250;[0.3901];[-0.5599];7908.65250;100),(212969.25950;[0.3982];[-0.5518];7538.56661;[0.3982];[-0.5518];7538.56661;100),(230084.75375;[0.362];[-0.588];7165.32981;[0.362];[-0.588];7165.32981;100),(258718.21690;[0.1148];[-0.8352];6195.25893;[0.1148];[-0.8352];6195.25893;100),(298533.16474;[0.1119];[-0.8381];6163.19395;[0.1119];[-0.8381];6163.19395;100),(336095.41178;[0.1117];[-0.8383];6156.51278;[0.1117];[-0.8383];6156.51278;100),(371215.55662;[0.1117];[-0.8383];6156.51278;[0.1117];[-0.8383];6156.51278;100),(405027.12584;[0.385];[-0.565];8146.82284;[0.385];[-0.565];8146.82284;100),(440583.69255;[0.3959];[-0.5541];7809.36568;[0.3959];[-0.5541];7809.36568;100),(463933.37297;[0.3943];[-0.5557];7539.68322;[0.3943];[-0.5557];7539.68322;100),(502365.96990;[0.3681];[-0.5819];7216.47308;[0.3681];[-0.5819];7216.47308;100),(565250.18406;[0.2134];[-0.7366];6607.16494;[0.2134];[-0.7366];6607.16494;100),(590777.93646;[0.1671];[-0.7829];6411.61501;[0.1671];[-0.7829];6411.61501;100),(607044.77549;[0.164];[-0.786];6377.79821;[0.164];[-0.786];6377.79821;100),(630076.38645;[0.1115];[-0.8385];6162.71452;[0.1115];[-0.8385];6162.71452;100),(651523.17500;[0.1113];[-0.8387];6155.89488;[0.1113];[-0.8387];6155.89488;100),(680077.82388;[0.382];[-0.568];8151.49456;[0.382];[-0.568];8151.49456;100),(721197.75176;[0.3954];[-0.5546];7799.40077;[0.3954];[-0.5546];7799.40077;100),(760950.03653;[0.3972];[-0.5528];7534.16619;[0.3972];[-0.5528];7534.16619;100),(793274.43886;[0.3892];[-0.5608];7315.45278;[0.3892];[-0.5608];7315.45278;100),(832319.70716;[0.1113];[-0.8387];6155.89488;[0.1113];[-0.8387];6155.89488;100),(868439.16082;[0.1113];[-0.8387];6155.89488;[0.1113];[-0.8387];6155.89488;100),(909092.33594;[0.382];[-0.568];8151.49456;[0.382];[-0.568];8151.49456;100),(943302.75106;[0.3954];[-0.5546];7799.40077;[0.3954];[-0.5546];7799.40077;100),(1000048.67435;[0.3972];[-0.5528];7534.16619;[0.3972];[-0.5528];7534.16619;100),(1042703.43423;[0.3892];[-0.5608];7315.45278;[0.3892];[-0.5608];7315.45278;100),(1075186.61427;[0.1113];[-0.8387];6155.89488;[0.1113];[-0.8387];6155.89488;100),(1113667.76204;[0.1113];[-0.8387];6155.89488;[0.1113];[-0.8387];6155.89488;100),(1127898.08154;[0.3835];[-0.5665];8128.93273;[0.3835];[-0.5665];8128.93273;100),(1170221.18425;[0.394];[-0.556];7768.28534;[0.394];[-0.556];7768.28534;100),(1217651.99494;[0.3972];[-0.5528];7534.16619;[0.3972];[-0.5528];7534.16619;100),(1256636.84130;[0.3892];[-0.5608];7315.45278;[0.3892];[-0.5608];7315.45278;100),(1292922.93119;[0.1113];[-0.8387];6155.89488;[0.1113];[-0.8387];6155.89488;100),(1371884.59015;[0.3835];[-0.5665];8128.93273;[0.3835];[-0.5665];8128.93273;100),(1416613.51752;[0.394];[-0.556];7768.28534;[0.394];[-0.556];7768.28534;100),(1455344.58828;[0.3972];[-0.5528];7534.16619;[0.3972];[-0.5528];7534.16619;100),(1506855.55005;[0.3892];[-0.5608];7315.45278;[0.3892];[-0.5608];7315.45278;100),(1557900.49314;[0.2606];[-0.6894];6769.54260;[0.2606];[-0.6894];6769.54260;100),(1599294.01135;[0.2126];[-0.7374];6593.32881;[0.2126];[-0.7374];6593.32881;100),(1625359.13372;[0.1664];[-0.7836];6399.04223;[0.1664];[-0.7836];6399.04223;100),(1664662.01520;[0.1645];[-0.7855];6383.75120;[0.1645];[-0.7855];6383.75120;100),(1683861.20510;[0.1117];[-0.8383];6163.13227;[0.1117];[-0.8383];6163.13227;100),(1724192.52324;[0.1115];[-0.8385];6162.71452;[0.1115];[-0.8385];6162.71452;100),(1770006.32048;[0.1115];[-0.8385];6162.71452;[0.1115];[-0.8385];6162.71452;100)]"
6,5,7483.931277468269,[0.3911],[-0.5589],1812210.8798027039,"[(4686.48744;[0.315];[-0.635];8092.88195;[0.3227];[-0.6273];8168.45834;100),(23335.52527;[0.315];[-0.635];8092.88195;[0.3227];[-0.6273];8168.45834;100),(60396.17419;[0.315];[-0.635];8092.88195;[0.3227];[-0.6273];8168.45834;100),(81864.71891;[0.315];[-0.635];8092.88195;[0.3227];[-0.6273];8168.45834;100),(111784.10363;[0.315];[-0.635];8092.88195;[0.3227];[-0.6273];8168.45834;100),(145071.21658;[0.315];[-0.635];8092.88195;[0.3227];[-0.6273];8168.45834;100),(172543.93744;[0.2553];[-0.6947];6774.46620;[0.2617];[-0.6883];6782.37345;100),(202266.34264;[0.1138];[-0.8362];6190.85050;[0.1146];[-0.8354];6198.42478;100),(225175.24815;[0.064];[-0.886];5960.00686;[0.0651];[-0.8849];5966.86015;100),(255578.54486;[0.0261];[-0.9239];5720.48322;[0.0303];[-0.9197];5726.78022;100),(292801.56898;[0.025];[-0.925];5685.41054;[0.0275];[-0.9225];5691.50494;100),(315580.91068;[0.0072];[-0.9428];5412.73334;[0.0076];[-0.9424];5418.01112;100),(374107.17988;[0.304];[-0.646];7971.88295;[0.3181];[-0.6319];8029.27794;100),(409842.25297;[0.2687];[-0.6813];7602.40528;[0.2793];[-0.6707];7627.31492;100),(459332.37123;[0.3872];[-0.5628];7462.18778;[0.3902];[-0.5598];7475.12947;100),(498982.47528;[0.2977];[-0.6523];6934.60032;[0.3047];[-0.6453];6941.83933;100),(533546.81134;[0.1127];[-0.8373];6194.36307;[0.1135];[-0.8365];6202.02364;100),(563035.84957;[0.0634];[-0.8866];5962.89846;[0.0644];[-0.8856];5969.80376;100),(576007.98154;[0.0254];[-0.9246];5705.73067;[0.0284];[-0.9216];5711.92510;100),(603904.08349;[0.025];[-0.925];5685.41054;[0.0275];[-0.9225];5691.50494;100),(634916.39090;[0.025];[-0.925];5678.53178;[0.0275];[-0.9225];5684.58618;100),(677755.79810;[0.3032];[-0.6468];7962.34381;[0.3174];[-0.6326];8019.65704;100),(702724.66516;[0.2687];[-0.6813];7602.40528;[0.2793];[-0.6707];7627.31492;100),(736908.51331;[0.388];[-0.562];7470.89831;[0.3911];[-0.5589];7483.93128;100),(788544.78359;[0.3286];[-0.6214];7043.56411;[0.3352];[-0.6148];7050.20751;100),(850600.92568;[0.163];[-0.787];6395.31178;[0.1665];[-0.7835];6402.90005;100),(880279.97279;[0.0649];[-0.8851];5970.06545;[0.0654];[-0.8846];5977.01997;100),(902057.73330;[0.0254];[-0.9246];5710.22539;[0.0284];[-0.9216];5716.46033;100),(928771.19875;[0.0254];[-0.9246];5705.73067;[0.0284];[-0.9216];5711.92510;100),(959145.20121;[0.025];[-0.925];5685.41054;[0.0275];[-0.9225];5691.50494;100),(978607.28431;[0.025];[-0.925];5685.41054;[0.0275];[-0.9225];5691.50494;100),(1002680.30596;[0.025];[-0.925];5685.41054;[0.0275];[-0.9225];5691.50494;100),(1031574.30696;[0.025];[-0.925];5685.41054;[0.0275];[-0.9225];5691.50494;100),(1060951.85876;[0.301];[-0.649];7937.38581;[0.3157];[-0.6343];7993.26571;100),(1107706.26140;[0.265];[-0.685];7579.26378;[0.2731];[-0.6769];7602.94902;100),(1139766.45660;[0.3842];[-0.5658];7462.93595;[0.3875];[-0.5625];7475.61104;100),(1187321.49720;[0.3329];[-0.6171];7080.05368;[0.3409];[-0.6091];7087.02241;100),(1225042.06991;[0.025];[-0.925];5685.41054;[0.0275];[-0.9225];5691.50494;100),(1287479.58374;[0.301];[-0.649];7937.38581;[0.3157];[-0.6343];7993.26571;100),(1324991.64462;[0.265];[-0.685];7579.26378;[0.2731];[-0.6769];7602.94902;100),(1376436.87391;[0.3842];[-0.5658];7462.93595;[0.3875];[-0.5625];7475.61104;100),(1400948.61197;[0.3329];[-0.6171];7080.05368;[0.3409];[-0.6091];7087.02241;100),(1466783.19979;[0.1629];[-0.7871];6406.15027;[0.1665];[-0.7835];6413.89781;100),(1493249.58086;[0.1139];[-0.8361];6187.73905;[0.1148];[-0.8352];6195.25893;100),(1538331.22063;[0.0626];[-0.8874];5944.05015;[0.0636];[-0.8864];5950.79103;100),(1586762.49766;[0.025];[-0.925];5685.41054;[0.0275];[-0.9225];5691.50494;100),(1629113.66248;[0.025];[-0.925];5685.41054;[0.0275];[-0.9225];5691.50494;100),(1657265.21659;[0.025];[-0.925];5685.41054;[0.0275];[-0.9225];5691.50494;100),(1715381.04630;[0.3242];[-0.6258];7962.80273;[0.3313];[-0.6187];8014.89397;100),(1757549.88670;[0.2652];[-0.6848];7580.85086;[0.2731];[-0.6769];7604.59626;100),(1789473.57893;[0.3846];[-0.5654];7464.80599;[0.3879];[-0.5621];7477.54147;100)]"
4,8,8759.206617368813,[0.8556],[-0.0944],1835223.608493805,"[(6535.79855;[0.5953];[-0.3547];10850.98172;[0.5893];[-0.3607];10580.13695;100),(22253.07798;[0.5953];[-0.3547];10850.98172;[0.5893];[-0.3607];10580.13695;100),(57988.96241;[0.5953];[-0.3547];10850.98172;[0.5893];[-0.3607];10580.13695;200),(89006.70218;[0.6036];[-0.3464];10877.47324;[0.5992];[-0.3508];10614.71213;400),(119980.07321;[0.6036];[-0.3464];10877.47324;[0.5992];[-0.3508];10614.71213;400),(145963.00697;[0.6036];[-0.3464];10877.47324;[0.5992];[-0.3508];10614.71213;400),(183571.15412;[0.6036];[-0.3464];10877.47324;[0.5992];[-0.3508];10614.71213;400),(219772.46118;[0.6036];[-0.3464];10877.47324;[0.5992];[-0.3508];10614.71213;400),(254887.29191;[0.6036];[-0.3464];10877.47324;[0.5992];[-0.3508];10614.71213;400),(292428.98583;[0.6036];[-0.3464];10877.47324;[0.5992];[-0.3508];10614.71213;400),(322566.24007;[0.7883];[-0.1617];9986.76113;[0.7768];[-0.1732];9844.60333;400),(357307.17087;[0.8457];[-0.1043];9179.91093;[0.8358];[-0.1142];9095.94569;400),(393368.61920;[0.8468];[-0.1032];8470.46536;[0.8376];[-0.1124];8410.51339;400),(419833.15921;[0.8342];[-0.1158];7784.64747;[0.8253];[-0.1247];7743.36865;400),(452774.08719;[0.7895];[-0.1605];7496.28336;[0.778];[-0.172];7457.99846;400),(480218.74332;[0.7528];[-0.1972];7241.98072;[0.7386];[-0.2114];7207.76211;400),(494166.88180;[0.7494];[-0.2006];7229.19718;[0.7358];[-0.2142];7195.01725;400),(537148.75650;[0.7447];[-0.2053];7210.40159;[0.732];[-0.218];7176.29369;400),(563963.83858;[0.7447];[-0.2053];7210.40159;[0.732];[-0.218];7176.29369;400),(604642.82489;[0.6384];[-0.3116];10874.28998;[0.6342];[-0.3158];10627.19035;400),(639906.93665;[0.731];[-0.219];10402.61596;[0.7216];[-0.2284];10203.49419;400),(685233.01649;[0.8044];[-0.1456];9909.82751;[0.7935];[-0.1565];9778.09769;400),(715631.10018;[0.8437];[-0.1063];9288.38566;[0.8335];[-0.1165];9205.23119;400),(741022.02272;[0.8645];[-0.0855];8822.66039;[0.8552];[-0.0948];8758.28837;400),(797647.31383;[0.8527];[-0.0973];8191.03451;[0.8455];[-0.1045];8140.48074;400),(829096.06695;[0.7447];[-0.2053];7210.40159;[0.732];[-0.218];7176.29369;400),(910103.51229;[0.6384];[-0.3116];10874.28998;[0.6342];[-0.3158];10627.19035;400),(952684.07202;[0.731];[-0.219];10402.61596;[0.7216];[-0.2284];10203.49419;400),(1013538.39874;[0.8034];[-0.1466];9909.59220;[0.7928];[-0.1572];9777.56317;400),(1057416.67843;[0.8437];[-0.1063];9288.38566;[0.8335];[-0.1165];9205.23119;400),(1109383.58593;[0.8645];[-0.0855];8822.66039;[0.8552];[-0.0948];8758.28837;400),(1142294.15441;[0.8527];[-0.0973];8191.03451;[0.8455];[-0.1045];8140.48074;400),(1170253.94273;[0.8082];[-0.1418];7715.45245;[0.7999];[-0.1501];7672.45347;400),(1210254.17089;[0.7857];[-0.1643];7484.92473;[0.7746];[-0.1754];7446.30713;400),(1239875.88406;[0.7524];[-0.1976];7236.02089;[0.7379];[-0.2121];7201.96284;400),(1271891.21318;[0.7494];[-0.2006];7229.19718;[0.7358];[-0.2142];7195.01725;400),(1299686.43236;[0.7494];[-0.2006];7229.19718;[0.7358];[-0.2142];7195.01725;400),(1354244.92073;[0.6376];[-0.3124];10869.30408;[0.633];[-0.317];10620.35632;400),(1415766.47878;[0.732];[-0.218];10382.96551;[0.7227];[-0.2273];10185.47373;400),(1459685.63175;[0.8037];[-0.1463];9908.72865;[0.7934];[-0.1566];9776.93502;400),(1509303.36928;[0.8437];[-0.1063];9288.38566;[0.8335];[-0.1165];9205.23119;400),(1571886.45148;[0.8647];[-0.0853];8823.55516;[0.8556];[-0.0944];8759.20662;400),(1625988.28793;[0.8539];[-0.0961];8193.89538;[0.8456];[-0.1044];8143.38893;400),(1672700.17982;[0.7494];[-0.2006];7229.19718;[0.7358];[-0.2142];7195.01725;400),(1746037.92191;[0.6394];[-0.3106];10863.70554;[0.6345];[-0.3155];10615.95132;400),(1785585.78920;[0.732];[-0.218];10382.96551;[0.7227];[-0.2273];10185.47373;400),(1813076.38955;[0.8037];[-0.1463];9908.72865;[0.7934];[-0.1566];9776.93502;400)]"
5,8,8344.601393066005,[0.6362],[-0.3138],1834681.203842163,"[(5515.06042;[0.483];[-0.467];9571.79965;[0.4759];[-0.4741];9311.16619;100),(26442.52276;[0.483];[-0.467];9571.79965;[0.4759];[-0.4741];9311.16619;100),(60366.51182;[0.483];[-0.467];9571.79965;[0.4759];[-0.4741];9311.16619;100),(81727.00953;[0.483];[-0.467];9571.79965;[0.4759];[-0.4741];9311.16619;100),(104904.80042;[0.483];[-0.467];9571.79965;[0.4759];[-0.4741];9311.16619;100),(133347.54086;[0.483];[-0.467];9571.79965;[0.4759];[-0.4741];9311.16619;100),(159379.35114;[0.6185];[-0.3315];8855.64114;[0.6131];[-0.3369];8726.05363;100),(219116.91833;[0.4986];[-0.4514];9597.08834;[0.4888];[-0.4612];9339.22496;200),(256129.33302;[0.4986];[-0.4514];9597.08834;[0.4888];[-0.4612];9339.22496;200),(295385.45442;[0.4986];[-0.4514];9597.08834;[0.4888];[-0.4612];9339.22496;200),(320012.59589;[0.4986];[-0.4514];9597.08834;[0.4888];[-0.4612];9339.22496;200),(355451.79963;[0.4986];[-0.4514];9597.08834;[0.4888];[-0.4612];9339.22496;200),(388081.16245;[0.4986];[-0.4514];9597.08834;[0.4888];[-0.4612];9339.22496;200),(412154.68597;[0.6349];[-0.3151];8764.41529;[0.6293];[-0.3207];8652.34317;200),(420934.36861;[0.6437];[-0.3063];8431.12716;[0.6362];[-0.3138];8344.60139;200),(449541.37015;[0.64];[-0.31];8154.25681;[0.6339];[-0.3161];8087.88765;200),(491228.35302;[0.5947];[-0.3553];7762.23902;[0.5859];[-0.3641];7706.30502;200),(509326.74909;[0.5336];[-0.4164];7407.99614;[0.5214];[-0.4286];7360.30773;200),(545119.29488;[0.4827];[-0.4673];7200.13322;[0.4781];[-0.4719];7156.96467;200),(573682.11389;[0.4808];[-0.4692];7188.73504;[0.476];[-0.474];7145.36156;200),(597498.94905;[0.4772];[-0.4728];7173.87314;[0.4728];[-0.4772];7130.43237;200),(628616.68229;[0.4753];[-0.4747];7166.82320;[0.4706];[-0.4794];7123.24950;200),(665067.30127;[0.4753];[-0.4747];7166.82320;[0.4706];[-0.4794];7123.24950;200),(697763.72862;[0.524];[-0.426];9545.47997;[0.5119];[-0.4381];9311.29156;200),(755742.77759;[0.5017];[-0.4483];9618.19033;[0.4921];[-0.4579];9371.51757;400),(815520.60866;[0.5009];[-0.4491];9613.07625;[0.4917];[-0.4583];9362.96762;800),(874217.14687;[0.5041];[-0.4459];9622.61985;[0.4943];[-0.4557];9380.89771;1600),(915381.43015;[0.5041];[-0.4459];9622.61985;[0.4943];[-0.4557];9380.89771;1600),(952756.10471;[0.5041];[-0.4459];9622.61985;[0.4943];[-0.4557];9380.89771;1600),(1007423.07878;[0.5041];[-0.4459];9622.61985;[0.4943];[-0.4557];9380.89771;1600),(1037317.79599;[0.5041];[-0.4459];9622.61985;[0.4943];[-0.4557];9380.89771;1600),(1071457.84402;[0.5041];[-0.4459];9622.61985;[0.4943];[-0.4557];9380.89771;1600),(1115895.57791;[0.5041];[-0.4459];9622.61985;[0.4943];[-0.4557];9380.89771;1600),(1169387.64167;[0.5041];[-0.4459];9622.61985;[0.4943];[-0.4557];9380.89771;1600),(1200602.16522;[0.5041];[-0.4459];9622.61985;[0.4943];[-0.4557];9380.89771;1600),(1224063.24339;[0.6287];[-0.3213];8499.60055;[0.6238];[-0.3262];8403.15609;1600),(1256979.64668;[0.6113];[-0.3387];7939.66680;[0.6026];[-0.3474];7875.46186;1600),(1275186.70321;[0.4338];[-0.5162];7015.71254;[0.4269];[-0.5231];6977.37153;1600),(1315708.03499;[0.3604];[-0.5896];6780.00326;[0.3531];[-0.5969];6746.06110;1600),(1345514.29367;[0.2692];[-0.6808];6527.69465;[0.264];[-0.686];6498.28874;1600),(1384523.11206;[0.2683];[-0.6817];6516.22661;[0.2633];[-0.6867];6486.40989;1600),(1421900.16413;[0.2638];[-0.6862];6506.14439;[0.2595];[-0.6905];6476.54580;1600),(1460069.04602;[0.2638];[-0.6862];6501.36569;[0.2591];[-0.6909];6471.58371;1600),(1472317.25049;[0.2624];[-0.6876];6495.47849;[0.2577];[-0.6923];6465.59192;1600),(1518722.19038;[0.2624];[-0.6876];6495.47849;[0.2577];[-0.6923];6465.59192;1600),(1593690.85693;[0.5082];[-0.4418];9597.92671;[0.4972];[-0.4528];9359.45611;1600),(1652098.02127;[0.5783];[-0.3717];9212.44024;[0.5683];[-0.3817];9031.80076;1600),(1683798.03419;[0.6319];[-0.3181];8787.48231;[0.6268];[-0.3232];8672.85153;1600),(1731447.30449;[0.6418];[-0.3082];8421.99372;[0.6346];[-0.3154];8335.25451;1600),(1780574.91946;[0.6292];[-0.3208];8040.73012;[0.6218];[-0.3282];7977.68606;1600),(1806942.49010;[0.5676];[-0.3824];7595.72168;[0.5583];[-0.3917];7543.72237;1600)]"
2,10,12441.38070580129,[0.9527],[0.0027],1838254.2843818665,"[(3686.94425;[0.7626];[-0.1874];13801.56833;[0.7582];[-0.1918];13521.87599;100),(7948.08626;[0.7626];[-0.1874];13801.56833;[0.7582];[-0.1918];13521.87599;100),(37670.84312;[0.7804];[-0.1696];13880.43783;[0.7774];[-0.1726];13610.85904;200),(57995.78285;[0.7804];[-0.1696];13880.43783;[0.7774];[-0.1726];13610.85904;200),(87564.82506;[0.7804];[-0.1696];13880.43783;[0.7774];[-0.1726];13610.85904;200),(114600.74759;[0.7804];[-0.1696];13880.43783;[0.7774];[-0.1726];13610.85904;200),(142701.53618;[0.7804];[-0.1696];13880.43783;[0.7774];[-0.1726];13610.85904;200),(174518.99195;[0.7804];[-0.1696];13880.43783;[0.7774];[-0.1726];13610.85904;200),(199613.52396;[0.8835];[-0.0665];13514.29182;[0.8873];[-0.0627];13313.64363;200),(218580.70874;[0.9532];[0.0032];12487.82670;[0.9545];[0.0045];12376.00198;200),(240728.86062;[0.9209];[-0.0291];13085.57984;[0.9265];[-0.0235];12929.59495;200),(277797.28985;[0.937];[-0.013];12776.38566;[0.9416];[-0.0084];12638.27740;200),(289405.91645;[0.9419];[-0.0081];12626.62373;[0.9455];[-0.0045];12499.31650;200),(298553.71451;[0.9483];[-0.0017];12567.96075;[0.9513];[0.0013];12448.96876;200),(318762.25090;[0.9526];[0.0026];12532.00946;[0.9538];[0.0038];12417.40771;200),(350847.21828;[0.9506];[0.0006];12553.34008;[0.9524];[0.0024];12436.46351;200),(382052.35076;[0.9507];[0.0007];12557.35582;[0.9525];[0.0025];12440.37181;200),(413278.04923;[0.948];[-0.002];12551.29188;[0.9507];[0.0007];12432.32482;200),(439978.02353;[0.9509];[0.0009];12558.35436;[0.9527];[0.0027];12441.38071;200),(471335.53720;[0.9499];[-0.0001];12557.44253;[0.9522];[0.0022];12440.22923;200),(493202.12317;[0.9509];[0.0009];12558.35436;[0.9527];[0.0027];12441.38071;200),(520750.41127;[0.9509];[0.0009];12558.35436;[0.9527];[0.0027];12441.38071;200),(541818.70413;[0.9509];[0.0009];12558.35436;[0.9527];[0.0027];12441.38071;200),(569018.46027;[0.9509];[0.0009];12558.35436;[0.9527];[0.0027];12441.38071;200),(602619.78126;[0.9499];[-0.0001];12557.44253;[0.9522];[0.0022];12440.22923;200),(663166.38279;[0.7836];[-0.1664];13890.21789;[0.7803];[-0.1697];13622.34161;400),(693237.88762;[0.7836];[-0.1664];13890.21789;[0.7803];[-0.1697];13622.34161;400),(718319.22126;[0.7836];[-0.1664];13890.21789;[0.7803];[-0.1697];13622.34161;400),(759074.70560;[0.7836];[-0.1664];13890.21789;[0.7803];[-0.1697];13622.34161;400),(796353.15609;[0.7836];[-0.1664];13890.21789;[0.7803];[-0.1697];13622.34161;400),(825398.45681;[0.7836];[-0.1664];13890.21789;[0.7803];[-0.1697];13622.34161;400),(858854.87843;[0.7836];[-0.1664];13890.21789;[0.7803];[-0.1697];13622.34161;400),(885065.23538;[0.8863];[-0.0637];13488.85920;[0.8913];[-0.0587];13291.16298;400),(924110.29744;[0.9552];[0.0052];12471.18630;[0.9567];[0.0067];12361.76847;400),(956430.35603;[0.9217];[-0.0283];13048.79143;[0.9279];[-0.0221];12896.14325;400),(982662.28414;[0.9367];[-0.0133];12774.46551;[0.9417];[-0.0083];12649.74528;400),(1015445.43505;[0.9465];[-0.0035];12626.75704;[0.9496];[-0.0004];12508.26771;400),(1036039.62016;[0.9497];[-0.0003];12546.42602;[0.9518];[0.0018];12429.38211;400),(1055215.20972;[0.9542];[0.0042];12505.34812;[0.9557];[0.0057];12393.57232;400),(1084432.29723;[0.953];[0.003];12531.77862;[0.9545];[0.0045];12417.42991;400),(1112121.57774;[0.9529];[0.0029];12533.84923;[0.9544];[0.0044];12419.32041;400),(1152895.90287;[0.9497];[-0.0003];12539.59337;[0.9518];[0.0018];12422.61524;400),(1168639.61530;[0.949];[-0.001];12527.36772;[0.9516];[0.0016];12410.36666;400),(1214753.58868;[0.9529];[0.0029];12533.84923;[0.9544];[0.0044];12419.32041;400),(1259100.93546;[0.9489];[-0.0011];12527.16413;[0.9516];[0.0016];12410.15256;400),(1304088.06443;[0.9489];[-0.0011];12523.80792;[0.9516];[0.0016];12407.24012;400),(1350605.23653;[0.9519];[0.0019];12531.55907;[0.9535];[0.0035];12416.68017;400),(1380969.75112;[0.9489];[-0.0011];12523.80792;[0.9516];[0.0016];12407.24012;400),(1418220.55745;[0.9519];[0.0019];12531.55907;[0.9535];[0.0035];12416.68017;400),(1488788.63788;[0.7965];[-0.1535];13923.12052;[0.7981];[-0.1519];13661.42421;800),(1522291.69083;[0.7965];[-0.1535];13923.12052;[0.7981];[-0.1519];13661.42421;800),(1559414.29019;[0.7965];[-0.1535];13923.12052;[0.7981];[-0.1519];13661.42421;800),(1617683.72774;[0.7965];[-0.1535];13923.12052;[0.7981];[-0.1519];13661.42421;800),(1651761.96599;[0.7965];[-0.1535];13923.12052;[0.7981];[-0.1519];13661.42421;800),(1717107.44905;[0.7965];[-0.1535];13923.12052;[0.7981];[-0.1519];13661.42421;800),(1766082.58557;[0.7965];[-0.1535];13923.12052;[0.7981];[-0.1519];13661.42421;800),(1809165.10081;[0.7965];[-0.1535];13923.12052;[0.7981];[-0.1519];13661.42421;800)]"
4,4,9973.1245171864,[0.949],[-0.001],1800842.7691459656,"[(3723.52672;[0.8213];[-0.1287];10626.43402;[0.8144];[-0.1356];10521.56939;100),(6570.49346;[0.8213];[-0.1287];10626.43402;[0.8144];[-0.1356];10521.56939;100),(25574.32485;[0.8213];[-0.1287];10626.43402;[0.8144];[-0.1356];10521.56939;100),(39983.52504;[0.8213];[-0.1287];10626.43402;[0.8144];[-0.1356];10521.56939;100),(55508.58569;[0.8213];[-0.1287];10626.43402;[0.8144];[-0.1356];10521.56939;100),(90040.73834;[0.8213];[-0.1287];10626.43402;[0.8144];[-0.1356];10521.56939;100),(114785.64739;[0.8011];[-0.1489];9888.54648;[0.7921];[-0.1579];9785.60537;100),(141321.82574;[0.8435];[-0.1065];9107.47686;[0.8405];[-0.1095];9042.84853;100),(168875.96154;[0.8534];[-0.0966];8514.48083;[0.8499];[-0.1001];8466.56546;100),(192825.64545;[0.8424];[-0.1076];7990.24120;[0.8393];[-0.1107];7952.25079;100),(216819.85521;[0.8389];[-0.1111];7970.75817;[0.8362];[-0.1138];7932.73953;100),(246602.75412;[0.8382];[-0.1118];7967.29718;[0.835];[-0.115];7929.24812;100),(275426.23591;[0.838];[-0.112];7967.48388;[0.8343];[-0.1157];7929.34373;100),(290136.73830;[0.8249];[-0.1251];7747.25394;[0.8175];[-0.1325];7712.39158;100),(297009.62400;[0.8249];[-0.1251];7747.25394;[0.8175];[-0.1325];7712.39158;100),(339097.22114;[0.8213];[-0.1287];10626.43402;[0.8144];[-0.1356];10521.56939;100),(371674.14999;[0.8936];[-0.0564];10106.75157;[0.8906];[-0.0594];10019.83863;100),(413658.50043;[0.8238];[-0.1262];9591.95949;[0.8191];[-0.1309];9507.03367;100),(440055.99165;[0.8512];[-0.0988];8831.99216;[0.847];[-0.103];8776.06800;100),(470738.53469;[0.8249];[-0.1251];7747.25394;[0.8175];[-0.1325];7712.39158;100),(527624.48835;[0.8703];[-0.0797];10602.43059;[0.8622];[-0.0878];10502.26490;100),(567275.74110;[0.904];[-0.046];10061.49603;[0.9022];[-0.0478];9980.45395;100),(610909.75928;[0.8288];[-0.1212];9444.52933;[0.8234];[-0.1266];9364.63827;100),(651037.03427;[0.8576];[-0.0924];8681.09275;[0.8546];[-0.0954];8630.31767;100),(709439.34369;[0.8249];[-0.1251];7747.25394;[0.8175];[-0.1325];7712.39158;100),(751452.92211;[0.8213];[-0.1287];10626.43402;[0.8144];[-0.1356];10521.56939;100),(780391.37173;[0.9056];[-0.0444];10121.01810;[0.904];[-0.046];10038.78495;100),(823871.15312;[0.8188];[-0.1312];9721.86357;[0.8132];[-0.1368];9631.04559;100),(856437.29639;[0.8505];[-0.0995];9017.85936;[0.8476];[-0.1024];8958.21825;100),(900362.53667;[0.8494];[-0.1006];8387.13593;[0.8467];[-0.1033];8341.08185;100),(940783.34641;[0.8509];[-0.0991];8185.42841;[0.8462];[-0.1038];8144.01181;100),(975521.48008;[0.8439];[-0.1061];7995.16840;[0.8409];[-0.1091];7957.23643;100),(998567.00349;[0.8414];[-0.1086];7983.71855;[0.8386];[-0.1114];7945.76116;100),(1022941.41865;[0.839];[-0.111];7971.17254;[0.8364];[-0.1136];7933.17046;100),(1049516.81733;[0.8389];[-0.1111];7970.75817;[0.8362];[-0.1138];7932.73953;100),(1086606.04668;[0.8382];[-0.1118];7967.29718;[0.835];[-0.115];7929.24812;100),(1109515.35892;[0.838];[-0.112];7967.48388;[0.8343];[-0.1157];7929.34373;100),(1135576.29418;[0.8383];[-0.1117];7966.08739;[0.8353];[-0.1147];7928.12420;100),(1170674.08967;[0.8972];[-0.0528];10574.39676;[0.8909];[-0.0591];10476.22330;100),(1200376.27459;[0.9475];[-0.0025];10046.80536;[0.949];[-0.001];9973.12452;100),(1263638.02838;[0.8235];[-0.1265];9589.61901;[0.8184];[-0.1316];9504.57633;100),(1308283.57458;[0.852];[-0.098];8832.42233;[0.8476];[-0.1024];8776.61756;100),(1353058.73752;[0.8573];[-0.0927];8380.84659;[0.8539];[-0.0961];8336.71499;100),(1393054.53229;[0.8482];[-0.1018];8172.85428;[0.8449];[-0.1051];8131.27062;100),(1429416.64600;[0.84];[-0.11];7981.15858;[0.8381];[-0.1119];7943.17573;100),(1465896.24691;[0.8382];[-0.1118];7967.29718;[0.835];[-0.115];7929.24812;100),(1500809.90696;[0.838];[-0.112];7967.48388;[0.8343];[-0.1157];7929.34373;100),(1551070.77837;[0.838];[-0.112];7967.48388;[0.8343];[-0.1157];7929.34373;100),(1586265.37061;[0.8383];[-0.1117];7966.08739;[0.8353];[-0.1147];7928.12420;100),(1622551.73254;[0.8135];[-0.1365];10572.49641;[0.8069];[-0.1431];10463.95968;100),(1658820.36614;[0.9475];[-0.0025];10046.80536;[0.949];[-0.001];9973.12452;100),(1693688.27677;[0.8235];[-0.1265];9589.61901;[0.8184];[-0.1316];9504.57633;100),(1723214.19597;[0.8511];[-0.0989];8904.30725;[0.8479];[-0.1021];8847.09843;100),(1757640.06281;[0.8383];[-0.1117];7966.08739;[0.8353];[-0.1147];7928.12420;100)]"
5,5,8729.142100774645,[0.9204],[-0.0296],1810311.912536621,"[(5489.14409;[0.4794];[-0.4706];9303.52313;[0.4854];[-0.4646];9381.85648;100),(27033.99611;[0.4794];[-0.4706];9303.52313;[0.4854];[-0.4646];9381.85648;100),(60719.25211;[0.4794];[-0.4706];9303.52313;[0.4854];[-0.4646];9381.85648;100),(88507.39002;[0.4794];[-0.4706];9303.52313;[0.4854];[-0.4646];9381.85648;100),(114370.17727;[0.4794];[-0.4706];9303.52313;[0.4854];[-0.4646];9381.85648;100),(141252.77734;[0.4794];[-0.4706];9303.52313;[0.4854];[-0.4646];9381.85648;100),(162998.41046;[0.6431];[-0.3069];8368.24376;[0.6419];[-0.3081];8376.31201;100),(184786.01575;[0.6024];[-0.3476];7861.14059;[0.6012];[-0.3488];7868.27582;100),(219750.44370;[0.4234];[-0.5266];6967.69383;[0.4259];[-0.5241];6975.32289;100),(247308.43592;[0.3453];[-0.6047];6735.40811;[0.3521];[-0.5979];6743.02120;100),(284052.56319;[0.2588];[-0.6912];6496.19413;[0.2652];[-0.6848];6503.14773;100),(314729.88462;[0.2531];[-0.6969];6469.77468;[0.2595];[-0.6905];6476.54580;100),(358998.12722;[0.1643];[-0.7857];6223.33944;[0.1662];[-0.7838];6229.67151;100),(390720.95323;[0.1633];[-0.7867];6212.50437;[0.165];[-0.785];6218.75299;100),(413391.65449;[0.1576];[-0.7924];6192.89444;[0.1603];[-0.7897];6199.02782;100),(470565.44566;[0.5409];[-0.4091];9207.83079;[0.5422];[-0.4078];9268.93871;100),(506743.79683;[0.8262];[-0.1238];8748.56754;[0.8273];[-0.1227];8775.61464;100),(541100.14033;[0.6403];[-0.3097];8393.56942;[0.6379];[-0.3121];8402.73888;100),(571809.07369;[0.6068];[-0.3432];7841.82634;[0.6063];[-0.3437];7847.91078;100),(631715.52110;[0.4744];[-0.4756];7153.35149;[0.4793];[-0.4707];7161.10318;100),(653385.74195;[0.259];[-0.691];6494.01648;[0.2655];[-0.6845];6500.97012;100),(669441.61034;[0.2514];[-0.6986];6467.35547;[0.2572];[-0.6928];6474.10060;100),(687247.49088;[0.2517];[-0.6983];6458.89406;[0.2577];[-0.6923];6465.59192;100),(724955.27601;[0.2498];[-0.7002];6456.82966;[0.2557];[-0.6943];6463.50567;100),(745930.07755;[0.2498];[-0.7002];6456.82966;[0.2557];[-0.6943];6463.50567;100),(784871.97614;[0.5516];[-0.3984];9196.76295;[0.5543];[-0.3957];9258.45198;100),(834716.59374;[0.8582];[-0.0918];8742.55493;[0.8612];[-0.0888];8769.16260;100),(878776.66283;[0.6492];[-0.3008];8389.85528;[0.6467];[-0.3033];8399.04833;100),(916988.68394;[0.6024];[-0.3476];7861.14059;[0.6012];[-0.3488];7868.27582;100),(972365.43608;[0.2498];[-0.7002];6456.82966;[0.2557];[-0.6943];6463.50567;100),(1024529.73080;[0.2498];[-0.7002];6456.82966;[0.2557];[-0.6943];6463.50567;100),(1064644.43135;[0.5516];[-0.3984];9196.76295;[0.5543];[-0.3957];9258.45198;100),(1112377.02203;[0.8582];[-0.0918];8742.55493;[0.8612];[-0.0888];8769.16260;100),(1159403.39994;[0.6492];[-0.3008];8389.85528;[0.6467];[-0.3033];8399.04833;100),(1201666.97598;[0.6024];[-0.3476];7861.14059;[0.6012];[-0.3488];7868.27582;100),(1240204.85282;[0.2498];[-0.7002];6456.82966;[0.2557];[-0.6943];6463.50567;100),(1324557.96432;[0.56];[-0.39];9186.23301;[0.5632];[-0.3868];9247.52584;100),(1367191.24889;[0.9227];[-0.0273];8704.56789;[0.9204];[-0.0296];8729.14210;100),(1410559.04078;[0.6492];[-0.3008];8389.85528;[0.6467];[-0.3033];8399.04833;100),(1448190.84954;[0.6024];[-0.3476];7861.14059;[0.6012];[-0.3488];7868.27582;100),(1523817.77406;[0.4799];[-0.4701];7176.86168;[0.4858];[-0.4642];7184.75466;100),(1547213.90200;[0.3453];[-0.6047];6735.40811;[0.3521];[-0.5979];6743.02120;100),(1573800.88067;[0.2556];[-0.6944];6489.49450;[0.2628];[-0.6872];6496.41017;100),(1601110.26216;[0.2531];[-0.6969];6469.77468;[0.2595];[-0.6905];6476.54580;100),(1616370.40305;[0.2518];[-0.6982];6464.60944;[0.2582];[-0.6918];6471.34519;100),(1644524.79744;[0.2498];[-0.7002];6456.82966;[0.2557];[-0.6943];6463.50567;100),(1686131.75178;[0.2498];[-0.7002];6456.82966;[0.2557];[-0.6943];6463.50567;100),(1706817.11960;[0.2498];[-0.7002];6456.82966;[0.2557];[-0.6943];6463.50567;100),(1761925.67921;[0.5761];[-0.3739];9154.71406;[0.5779];[-0.3721];9213.36565;100),(1793396.40832;[0.9227];[-0.0273];8704.56789;[0.9204];[-0.0296];8729.14210;100)]"
5,2,8184.33973487952,[0.6408],[-0.3092],1805732.7489852905,"[(9722.95594;[0.4823];[-0.4677];9486.62779;[0.4788];[-0.4712];9349.86252;100),(39181.84519;[0.4823];[-0.4677];9486.62779;[0.4788];[-0.4712];9349.86252;100),(86712.75449;[0.4936];[-0.4564];9486.22842;[0.4899];[-0.4601];9341.64483;200),(100319.96226;[0.4936];[-0.4564];9486.22842;[0.4899];[-0.4601];9341.64483;200),(131040.76576;[0.4936];[-0.4564];9486.22842;[0.4899];[-0.4601];9341.64483;200),(156942.80934;[0.4936];[-0.4564];9486.22842;[0.4899];[-0.4601];9341.64483;200),(193884.59015;[0.4936];[-0.4564];9486.22842;[0.4899];[-0.4601];9341.64483;200),(230060.26578;[0.4936];[-0.4564];9486.22842;[0.4899];[-0.4601];9341.64483;200),(260691.46919;[0.6246];[-0.3254];8574.74857;[0.62];[-0.33];8505.72168;200),(295024.76120;[0.646];[-0.304];8229.35750;[0.6408];[-0.3092];8184.33973;200),(310219.34128;[0.5906];[-0.3594];7737.35871;[0.5848];[-0.3652];7699.33948;200),(346256.12164;[0.482];[-0.468];7204.14413;[0.4838];[-0.4662];7174.36261;200),(372100.25406;[0.4269];[-0.5231];6987.65114;[0.4225];[-0.5275];6960.50391;200),(400838.57918;[0.3565];[-0.5935];6755.63052;[0.3507];[-0.5993];6731.20669;200),(429062.67905;[0.3539];[-0.5961];6742.80059;[0.3475];[-0.6025];6718.15505;200),(448113.99078;[0.349];[-0.601];6726.14381;[0.3436];[-0.6064];6701.59743;200),(467831.09117;[0.349];[-0.601];6726.14381;[0.3436];[-0.6064];6701.59743;200),(518632.28250;[0.5001];[-0.4499];9478.27017;[0.4943];[-0.4557];9335.12276;200),(565267.24219;[0.4796];[-0.4704];9454.19718;[0.476];[-0.474];9312.47986;400),(593671.91315;[0.4796];[-0.4704];9454.19718;[0.476];[-0.474];9312.47986;400),(621551.08976;[0.4796];[-0.4704];9454.19718;[0.476];[-0.474];9312.47986;400),(658036.55267;[0.4796];[-0.4704];9454.19718;[0.476];[-0.474];9312.47986;400),(696139.45508;[0.4796];[-0.4704];9454.19718;[0.476];[-0.474];9312.47986;400),(737103.22499;[0.4796];[-0.4704];9454.19718;[0.476];[-0.474];9312.47986;400),(777889.82701;[0.4925];[-0.4575];9483.86778;[0.4888];[-0.4612];9339.22496;400),(815874.62449;[0.6158];[-0.3342];8444.32867;[0.6094];[-0.3406];8381.14468;400),(855319.06700;[0.6252];[-0.3248];8001.12478;[0.6178];[-0.3322];7959.61805;400),(889062.94465;[0.4271];[-0.5229];6990.31116;[0.4231];[-0.5269];6963.26582;400),(922021.68179;[0.3582];[-0.5918];6759.62040;[0.3519];[-0.5981];6735.03987;400),(943841.26639;[0.2728];[-0.6772];6508.40953;[0.2627];[-0.6873];6486.23536;400),(968208.48107;[0.2696];[-0.6804];6493.77114;[0.2591];[-0.6909];6471.58371;400),(990777.73547;[0.2689];[-0.6811];6487.82491;[0.2577];[-0.6923];6465.59192;400),(1037316.70427;[0.4948];[-0.4552];9489.83218;[0.4908];[-0.4592];9346.08137;400),(1102736.35411;[0.5007];[-0.4493];9517.67297;[0.4965];[-0.4535];9385.31297;800),(1153782.75871;[0.5007];[-0.4493];9517.67297;[0.4965];[-0.4535];9385.31297;800),(1189270.18523;[0.5007];[-0.4493];9517.67297;[0.4965];[-0.4535];9385.31297;800),(1254841.98523;[0.5007];[-0.4493];9517.67297;[0.4965];[-0.4535];9385.31297;800),(1299260.11920;[0.5007];[-0.4493];9517.67297;[0.4965];[-0.4535];9385.31297;800),(1341458.67467;[0.5007];[-0.4493];9517.67297;[0.4965];[-0.4535];9385.31297;800),(1387755.18203;[0.5007];[-0.4493];9517.67297;[0.4965];[-0.4535];9385.31297;800),(1450715.62910;[0.5007];[-0.4493];9517.67297;[0.4965];[-0.4535];9385.31297;800),(1476873.46530;[0.6396];[-0.3104];8390.80763;[0.6351];[-0.3149];8337.68495;800),(1504941.99562;[0.5817];[-0.3683];7742.38456;[0.5768];[-0.3732];7701.94270;800),(1531348.42753;[0.3603];[-0.5897];6769.91858;[0.3525];[-0.5975];6745.50163;800),(1549320.12963;[0.2707];[-0.6793];6499.37387;[0.2603];[-0.6897];6477.24417;800),(1581840.68823;[0.0834];[-0.8666];5976.40593;[0.0762];[-0.8738];5959.85738;800),(1611152.66109;[0.0793];[-0.8707];5954.06585;[0.0728];[-0.8772];5937.55119;800),(1645123.07978;[0.0793];[-0.8707];5954.06585;[0.0728];[-0.8772];5937.55119;800),(1689686.13124;[0.5043];[-0.4457];9514.56820;[0.4993];[-0.4507];9381.70389;800),(1749840.62314;[0.5781];[-0.3719];9130.74577;[0.5704];[-0.3796];9016.40820;800),(1790381.74319;[0.6435];[-0.3065];8659.61658;[0.6379];[-0.3121];8585.61347;800)]"
3,8,10002.613488687795,[0.9465],[-0.0035],1834176.8226623535,"[(4029.54364;[0.7011];[-0.2489];12247.06424;[0.692];[-0.258];11944.20906;100),(8072.81399;[0.7011];[-0.2489];12247.06424;[0.692];[-0.258];11944.20906;100),(35775.67530;[0.7011];[-0.2489];12247.06424;[0.692];[-0.258];11944.20906;200),(68219.08975;[0.7243];[-0.2257];12286.54365;[0.7162];[-0.2338];11998.42569;400),(106773.78011;[0.7214];[-0.2286];12283.21658;[0.7128];[-0.2372];11993.01982;800),(136458.70137;[0.7214];[-0.2286];12283.21658;[0.7128];[-0.2372];11993.01982;800),(176518.22567;[0.7214];[-0.2286];12283.21658;[0.7128];[-0.2372];11993.01982;800),(220749.60804;[0.7214];[-0.2286];12283.21658;[0.7128];[-0.2372];11993.01982;800),(260472.58139;[0.7214];[-0.2286];12283.21658;[0.7128];[-0.2372];11993.01982;800),(308842.91220;[0.7214];[-0.2286];12283.21658;[0.7128];[-0.2372];11993.01982;800),(352807.68847;[0.7214];[-0.2286];12283.21658;[0.7128];[-0.2372];11993.01982;800),(394861.02509;[0.7214];[-0.2286];12283.21658;[0.7128];[-0.2372];11993.01982;800),(420386.68895;[0.8678];[-0.0822];11554.05214;[0.8596];[-0.0904];11367.67435;800),(452756.38676;[0.9471];[-0.0029];10150.14187;[0.9424];[-0.0076];10055.01775;800),(484690.89341;[0.9666];[0.0166];9671.75601;[0.9655];[0.0155];9600.20074;800),(503801.82409;[0.9544];[0.0044];9936.28280;[0.9498];[-0.0002];9849.21406;800),(526087.63647;[0.9522];[0.0022];10056.68837;[0.9484];[-0.0016];9974.72947;800),(560719.97023;[0.947];[-0.003];10103.23465;[0.9425];[-0.0075];10011.98371;800),(583582.65042;[0.9499];[-0.0001];10084.81931;[0.9462];[-0.0038];9998.30346;800),(623009.13906;[0.9491];[-0.0009];10066.27902;[0.9456];[-0.0044];9979.84513;800),(648283.18095;[0.9529];[0.0029];10060.61918;[0.9489];[-0.0011];9978.89168;800),(676760.74862;[0.9484];[-0.0016];10055.31966;[0.9445];[-0.0055];9969.06535;800),(702811.76805;[0.9533];[0.0033];10061.20367;[0.9495];[-0.0005];9979.65408;800),(732225.85869;[0.9533];[0.0033];10061.20367;[0.9495];[-0.0005];9979.65408;800),(748702.45504;[0.9533];[0.0033];10061.20367;[0.9495];[-0.0005];9979.65408;800),(759220.35766;[0.9533];[0.0033];10061.20367;[0.9495];[-0.0005];9979.65408;800),(798379.98199;[0.9533];[0.0033];10061.20367;[0.9495];[-0.0005];9979.65408;800),(821009.48977;[0.9533];[0.0033];10061.20367;[0.9495];[-0.0005];9979.65408;800),(855093.61625;[0.7214];[-0.2286];12283.21658;[0.7128];[-0.2372];11993.01982;800),(900905.18117;[0.8038];[-0.1462];12032.68429;[0.7927];[-0.1573];11780.68375;800),(923216.36581;[0.8709];[-0.0791];11544.58978;[0.8635];[-0.0865];11360.81541;800),(967985.62050;[0.9128];[-0.0372];11011.87098;[0.9048];[-0.0452];10880.77667;800),(1010455.91855;[0.9324];[-0.0176];10601.16607;[0.9277];[-0.0223];10493.72762;800),(1054960.79135;[0.941];[-0.009];10256.27376;[0.9365];[-0.0135];10161.63845;800),(1094936.03849;[0.9484];[-0.0016];10136.98294;[0.945];[-0.005];10053.15325;800),(1131711.57122;[0.9533];[0.0033];10061.20367;[0.9495];[-0.0005];9979.65408;800),(1180816.84566;[0.9501];[0.0001];10089.04416;[0.9465];[-0.0035];10002.61349;800),(1206108.07729;[0.9671];[0.0171];9612.82868;[0.9661];[0.0161];9545.65958;800),(1234987.33234;[0.9585];[0.0085];9888.74398;[0.9561];[0.0061];9810.64768;800),(1261743.76893;[0.9554];[0.0054];9984.29487;[0.952];[0.002];9904.13912;800),(1278880.87988;[0.9517];[0.0017];10047.04691;[0.9482];[-0.0018];9965.20426;800),(1306451.52068;[0.9533];[0.0033];10061.20367;[0.9495];[-0.0005];9979.65408;800),(1333840.71326;[0.9499];[-0.0001];10080.78151;[0.9463];[-0.0037];9994.38448;800),(1372840.91210;[0.9488];[-0.0012];10067.58446;[0.9448];[-0.0052];9981.19771;800),(1410193.68958;[0.9488];[-0.0012];10062.63335;[0.945];[-0.005];9976.12486;800),(1446799.42775;[0.9484];[-0.0016];10057.73934;[0.9444];[-0.0056];9971.15204;800),(1483489.66169;[0.9533];[0.0033];10061.20367;[0.9495];[-0.0005];9979.65408;800),(1506955.88255;[0.9533];[0.0033];10061.20367;[0.9495];[-0.0005];9979.65408;800),(1553852.60916;[0.9533];[0.0033];10061.20367;[0.9495];[-0.0005];9979.65408;800),(1590486.56821;[0.9484];[-0.0016];10057.73934;[0.9444];[-0.0056];9971.15204;800),(1619396.29793;[0.9484];[-0.0016];10057.73934;[0.9444];[-0.0056];9971.15204;800),(1677456.92611;[0.7214];[-0.2286];12283.21658;[0.7128];[-0.2372];11993.01982;800),(1714296.78559;[0.806];[-0.144];12024.43462;[0.795];[-0.155];11773.89509;800),(1778769.30666;[0.8709];[-0.0791];11543.03380;[0.8637];[-0.0863];11359.36925;800),(1816042.14096;[0.9128];[-0.0372];11014.90677;[0.9047];[-0.0453];10883.70185;800)]"
6,8,8010.126252453914,[0.3916],[-0.5584],1803616.1017417908,"[(20050.39430;[0.3817];[-0.5683];8428.29805;[0.3768];[-0.5732];8191.33543;100),(49915.29322;[0.3817];[-0.5683];8428.29805;[0.3768];[-0.5732];8191.33543;100),(77357.69868;[0.3817];[-0.5683];8428.29805;[0.3768];[-0.5732];8191.33543;100),(101492.63883;[0.3817];[-0.5683];8428.29805;[0.3768];[-0.5732];8191.33543;100),(122683.33650;[0.3817];[-0.5683];8428.29805;[0.3768];[-0.5732];8191.33543;100),(148190.95373;[0.3817];[-0.5683];8428.29805;[0.3768];[-0.5732];8191.33543;100),(175127.84886;[0.343];[-0.607];7139.28882;[0.3403];[-0.6097];7081.99882;100),(203291.31627;[0.2716];[-0.6784];6831.92442;[0.2637];[-0.6863];6782.84083;100),(230587.15558;[0.2251];[-0.7249];6646.97279;[0.2153];[-0.7347];6602.58285;100),(258863.65342;[0.2227];[-0.7273];6630.37941;[0.2129];[-0.7371];6585.99930;100),(278228.27029;[0.2204];[-0.7296];6612.86649;[0.2101];[-0.7399];6568.32116;100),(298735.88061;[0.2198];[-0.7302];6606.84456;[0.2091];[-0.7409];6562.17154;100),(351337.86583;[0.2198];[-0.7302];6606.84456;[0.2091];[-0.7409];6562.17154;100),(368815.80281;[0.2193];[-0.7307];6599.56495;[0.2083];[-0.7417];6554.75809;100),(420021.63482;[0.3949];[-0.5551];8344.49744;[0.3875];[-0.5625];8141.06776;100),(464846.01784;[0.3806];[-0.5694];8455.93336;[0.3759];[-0.5741];8225.26021;200),(527650.27690;[0.3763];[-0.5737];8469.14364;[0.3709];[-0.5791];8247.64743;400),(567865.70597;[0.3763];[-0.5737];8469.14364;[0.3709];[-0.5791];8247.64743;400),(612722.47696;[0.3763];[-0.5737];8469.14364;[0.3709];[-0.5791];8247.64743;400),(650145.87355;[0.3763];[-0.5737];8469.14364;[0.3709];[-0.5791];8247.64743;400),(688645.39313;[0.3763];[-0.5737];8469.14364;[0.3709];[-0.5791];8247.64743;400),(727473.39821;[0.3763];[-0.5737];8469.14364;[0.3709];[-0.5791];8247.64743;400),(771391.94846;[0.3763];[-0.5737];8469.14364;[0.3709];[-0.5791];8247.64743;400),(803941.01119;[0.3987];[-0.5513];8185.15137;[0.3914];[-0.5586];8005.82395;400),(843150.55633;[0.3962];[-0.5538];7728.61228;[0.3903];[-0.5597];7611.56386;400),(869814.04614;[0.3958];[-0.5542];7432.12680;[0.3909];[-0.5591];7358.20069;400),(887119.91096;[0.3075];[-0.6425];6985.16392;[0.3027];[-0.6473];6931.72663;400),(921901.66378;[0.1725];[-0.7775];6453.28046;[0.1665];[-0.7835];6413.89781;400),(948072.36671;[0.1164];[-0.8336];6192.16559;[0.1117];[-0.8383];6156.51278;400),(969926.54181;[0.0688];[-0.8812];5982.14440;[0.064];[-0.886];5951.20879;400),(981450.89698;[0.0342];[-0.9158];5743.30611;[0.0291];[-0.9209];5716.78229;400),(1014538.84387;[0.0345];[-0.9155];5726.71108;[0.0294];[-0.9206];5699.81705;400),(1039554.41809;[0.033];[-0.917];5718.20371;[0.0275];[-0.9225];5691.50494;400),(1057653.30458;[0.0337];[-0.9163];5704.57900;[0.0282];[-0.9218];5677.44911;400),(1098163.44142;[0.0337];[-0.9163];5704.57900;[0.0282];[-0.9218];5677.44911;400),(1127036.48901;[0.3921];[-0.5579];8384.17508;[0.3858];[-0.5642];8165.50932;400),(1189288.17058;[0.3763];[-0.5737];8469.14364;[0.3709];[-0.5791];8247.64743;800),(1210017.40289;[0.3763];[-0.5737];8469.14364;[0.3709];[-0.5791];8247.64743;800),(1262928.09224;[0.3763];[-0.5737];8469.14364;[0.3709];[-0.5791];8247.64743;800),(1302937.56914;[0.3763];[-0.5737];8469.14364;[0.3709];[-0.5791];8247.64743;800),(1343701.76744;[0.3763];[-0.5737];8469.14364;[0.3709];[-0.5791];8247.64743;800),(1404444.09251;[0.3763];[-0.5737];8469.14364;[0.3709];[-0.5791];8247.64743;800),(1430974.02167;[0.3763];[-0.5737];8469.14364;[0.3709];[-0.5791];8247.64743;800),(1475673.90323;[0.3763];[-0.5737];8469.14364;[0.3709];[-0.5791];8247.64743;800),(1518371.99497;[0.3989];[-0.5511];8189.98100;[0.3916];[-0.5584];8010.12625;800),(1555376.66869;[0.3949];[-0.5551];7724.26563;[0.3894];[-0.5606];7607.18496;800),(1584067.13295;[0.3959];[-0.5541];7420.56393;[0.3915];[-0.5585];7351.58485;800),(1616660.01844;[0.3084];[-0.6416];6987.84745;[0.3038];[-0.6462];6934.21429;800),(1653037.37569;[0.1725];[-0.7775];6453.28046;[0.1665];[-0.7835];6413.89781;800),(1691098.02127;[0.0705];[-0.8795];6004.71784;[0.0655];[-0.8845];5973.87440;800),(1724510.74505;[0.0349];[-0.9151];5748.80032;[0.0303];[-0.9197];5722.16164;800),(1755516.26182;[0.0331];[-0.9169];5711.41698;[0.0275];[-0.9225];5684.58618;800),(1788874.61972;[0.3835];[-0.5665];8422.90872;[0.3783];[-0.5717];8213.95736;800)]"
6,6,7328.343202884801,[0.3898],[-0.5602],1818292.5074100494,"[(8046.61918;[0.278];[-0.672];7715.95929;[0.2727];[-0.6773];7740.60923;100),(25007.35712;[0.278];[-0.672];7715.95929;[0.2727];[-0.6773];7740.60923;100),(56639.06384;[0.278];[-0.672];7715.95929;[0.2727];[-0.6773];7740.60923;100),(83696.16842;[0.278];[-0.672];7715.95929;[0.2727];[-0.6773];7740.60923;100),(110237.49232;[0.278];[-0.672];7715.95929;[0.2727];[-0.6773];7740.60923;100),(144339.28633;[0.278];[-0.672];7715.95929;[0.2727];[-0.6773];7740.60923;100),(169886.85751;[0.2535];[-0.6965];7536.09379;[0.2505];[-0.6995];7540.92724;100),(188094.92731;[0.3963];[-0.5537];7360.80380;[0.3898];[-0.5602];7328.34320;100),(217005.02610;[0.2658];[-0.6842];6806.38563;[0.2612];[-0.6888];6782.36462;100),(254037.96029;[0.1698];[-0.7802];6432.76819;[0.1664];[-0.7836];6413.15830;100),(296361.54008;[0.167];[-0.783];6407.94268;[0.1642];[-0.7858];6388.11256;100),(318281.29411;[0.1061];[-0.8439];6163.85689;[0.1059];[-0.8441];6145.91964;100),(332107.47600;[0.0602];[-0.8898];5942.94041;[0.0612];[-0.8888];5926.95133;100),(352743.67571;[0.0601];[-0.8899];5937.60996;[0.0612];[-0.8888];5921.56715;100),(386430.20129;[0.0601];[-0.8899];5937.60996;[0.0612];[-0.8888];5921.56715;100),(406103.40738;[0.278];[-0.672];7715.95929;[0.2727];[-0.6773];7740.60923;100),(454716.39228;[0.1989];[-0.7511];7421.33719;[0.2037];[-0.7463];7440.11781;100),(486222.61977;[0.314];[-0.636];7420.88325;[0.3107];[-0.6393];7409.68072;100),(528131.50740;[0.3957];[-0.5543];7357.89796;[0.3895];[-0.5605];7325.43607;100),(558154.05107;[0.0601];[-0.8899];5937.60996;[0.0612];[-0.8888];5921.56715;100),(607407.31335;[0.278];[-0.672];7715.95929;[0.2727];[-0.6773];7740.60923;100),(637291.75138;[0.1926];[-0.7574];7401.11797;[0.1947];[-0.7553];7418.31057;100),(674386.17897;[0.3764];[-0.5736];7453.33810;[0.3717];[-0.5783];7430.74926;100),(702266.14428;[0.3425];[-0.6075];7123.48999;[0.3412];[-0.6088];7094.62547;100),(753262.22539;[0.0601];[-0.8899];5937.60996;[0.0612];[-0.8888];5921.56715;100),(794212.02087;[0.278];[-0.672];7715.95929;[0.2727];[-0.6773];7740.60923;100),(839156.50845;[0.2022];[-0.7478];7424.50200;[0.2078];[-0.7422];7444.23628;100),(880171.50187;[0.3121];[-0.6379];7444.47103;[0.3072];[-0.6428];7434.57273;100),(917627.48504;[0.3951];[-0.5549];7403.22632;[0.3896];[-0.5604];7371.70839;100),(960277.72141;[0.306];[-0.644];6946.67021;[0.3013];[-0.6487];6919.70524;100),(1004053.73192;[0.1695];[-0.7805];6418.89713;[0.1664];[-0.7836];6399.04223;100),(1051749.20225;[0.1096];[-0.8404];6168.90667;[0.1094];[-0.8406];6150.81132;100),(1076114.31050;[0.1047];[-0.8453];6145.01739;[0.1041];[-0.8459];6126.97161;100),(1107598.79494;[0.1047];[-0.8453];6145.01739;[0.1041];[-0.8459];6126.97161;100),(1155161.62229;[0.278];[-0.672];7715.95929;[0.2727];[-0.6773];7740.60923;100),(1188686.14721;[0.1882];[-0.7618];7401.59800;[0.19];[-0.76];7417.32302;100),(1234916.17179;[0.3133];[-0.6367];7418.87718;[0.3096];[-0.6404];7407.77386;100),(1260519.26899;[0.3963];[-0.5537];7360.80380;[0.3898];[-0.5602];7328.34320;100),(1301138.58676;[0.3078];[-0.6422];6967.74033;[0.3041];[-0.6459];6941.09841;100),(1316672.54162;[0.214];[-0.736];6590.08078;[0.2088];[-0.7412];6568.10936;100),(1337515.44642;[0.17];[-0.78];6422.70401;[0.1665];[-0.7835];6402.90005;100),(1368339.19120;[0.1673];[-0.7827];6411.92563;[0.1644];[-0.7856];6392.14816;100),(1388116.71543;[0.167];[-0.783];6407.94268;[0.1642];[-0.7858];6388.11256;100),(1433549.05128;[0.1678];[-0.7822];6403.70296;[0.1645];[-0.7855];6383.75120;100),(1477511.06644;[0.1664];[-0.7836];6402.71459;[0.1638];[-0.7862];6382.83669;100),(1544859.10273;[0.2778];[-0.6722];7709.77364;[0.2751];[-0.6749];7736.21834;100),(1581499.72892;[0.1837];[-0.7663];7393.48874;[0.1859];[-0.7641];7409.30912;100),(1628095.24393;[0.3809];[-0.5691];7479.89151;[0.3764];[-0.5736];7455.54720;100),(1680550.06671;[0.396];[-0.554];7359.35420;[0.39];[-0.56];7326.85142;100),(1731600.73662;[0.308];[-0.642];6969.29367;[0.3042];[-0.6458];6942.67221;100),(1740692.74950;[0.169];[-0.781];6422.06872;[0.1655];[-0.7845];6402.34694;100),(1773160.82263;[0.1673];[-0.7827];6411.92563;[0.1644];[-0.7856];6392.14816;100),(1793970.36719;[0.167];[-0.783];6407.94268;[0.1642];[-0.7858];6388.11256;100)]"
6,9,7844.20651747704,[0.3941],[-0.5559],1803389.4398212433,"[(17856.47058;[0.3699];[-0.5801];8140.43046;[0.3761];[-0.5739];8161.24175;100),(48307.43837;[0.3699];[-0.5801];8140.43046;[0.3761];[-0.5739];8161.24175;100),(81067.98840;[0.3699];[-0.5801];8140.43046;[0.3761];[-0.5739];8161.24175;100),(104428.56550;[0.3699];[-0.5801];8140.43046;[0.3761];[-0.5739];8161.24175;100),(154967.28206;[0.3699];[-0.5801];8140.43046;[0.3761];[-0.5739];8161.24175;100),(190154.07324;[0.3699];[-0.5801];8140.43046;[0.3761];[-0.5739];8161.24175;100),(218905.95078;[0.3617];[-0.5883];7216.45647;[0.3676];[-0.5824];7213.08193;100),(236580.84941;[0.33];[-0.62];7082.12702;[0.3402];[-0.6098];7079.58940;100),(250136.78789;[0.2966];[-0.6534];6930.80569;[0.3023];[-0.6477];6928.63934;100),(275721.48061;[0.2597];[-0.6903];6771.25221;[0.2606];[-0.6894];6769.54260;100),(290066.86831;[0.2129];[-0.7371];6587.27849;[0.2129];[-0.7371];6585.99930;100),(313260.24675;[0.211];[-0.739];6569.67859;[0.2101];[-0.7399];6568.32116;100),(332252.01583;[0.2104];[-0.7396];6569.45982;[0.2088];[-0.7412];6568.10936;100),(359324.03755;[0.2104];[-0.7396];6569.45982;[0.2088];[-0.7412];6568.10936;100),(376540.49492;[0.2104];[-0.7396];6569.45982;[0.2088];[-0.7412];6568.10936;100),(417496.52290;[0.3828];[-0.5672];8153.19211;[0.3858];[-0.5642];8165.50932;100),(468107.04732;[0.3643];[-0.5857];8230.19853;[0.3694];[-0.5806];8250.61598;200),(503509.25112;[0.3643];[-0.5857];8230.19853;[0.3694];[-0.5806];8250.61598;200),(533550.01473;[0.3643];[-0.5857];8230.19853;[0.3694];[-0.5806];8250.61598;200),(578924.98946;[0.3643];[-0.5857];8230.19853;[0.3694];[-0.5806];8250.61598;200),(623444.88502;[0.3643];[-0.5857];8230.19853;[0.3694];[-0.5806];8250.61598;200),(664640.32292;[0.3643];[-0.5857];8230.19853;[0.3694];[-0.5806];8250.61598;200),(691132.74407;[0.1129];[-0.8371];6202.75111;[0.1151];[-0.8349];6201.83264;200),(721998.19803;[0.1109];[-0.8391];6182.72294;[0.1129];[-0.8371];6181.66255;200),(750663.59282;[0.065];[-0.885];5967.83924;[0.0651];[-0.8849];5966.86015;200),(772541.11910;[0.0637];[-0.8863];5952.27519;[0.064];[-0.886];5951.20879;200),(820327.40903;[0.0641];[-0.8859];5947.27669;[0.0643];[-0.8857];5946.15734;200),(845094.80381;[0.0633];[-0.8867];5946.51992;[0.0637];[-0.8863];5945.40685;200),(871331.50458;[0.0633];[-0.8867];5946.51992;[0.0637];[-0.8863];5945.40685;200),(904106.29869;[0.0639];[-0.8861];5941.24819;[0.064];[-0.886];5940.10963;200),(947701.87879;[0.3734];[-0.5766];8208.94832;[0.3778];[-0.5722];8223.41256;200),(981460.65950;[0.3922];[-0.5578];7846.05333;[0.3941];[-0.5559];7844.20652;200),(1045469.24543;[0.3709];[-0.5791];8232.81828;[0.3754];[-0.5746];8248.23178;400),(1087166.26382;[0.3709];[-0.5791];8232.81828;[0.3754];[-0.5746];8248.23178;400),(1128602.98967;[0.3709];[-0.5791];8232.81828;[0.3754];[-0.5746];8248.23178;400),(1178946.23303;[0.3709];[-0.5791];8232.81828;[0.3754];[-0.5746];8248.23178;400),(1227247.70236;[0.3709];[-0.5791];8232.81828;[0.3754];[-0.5746];8248.23178;400),(1268235.36611;[0.3709];[-0.5791];8232.81828;[0.3754];[-0.5746];8248.23178;400),(1330854.92706;[0.3709];[-0.5791];8232.81828;[0.3754];[-0.5746];8248.23178;400),(1374672.46580;[0.3862];[-0.5638];8014.57967;[0.3873];[-0.5627];8012.39442;400),(1404102.75221;[0.3847];[-0.5653];7625.87760;[0.3889];[-0.5611];7617.82937;400),(1430595.65282;[0.3885];[-0.5615];7360.48942;[0.3924];[-0.5576];7355.50051;400),(1465621.05370;[0.2975];[-0.6525];6943.11210;[0.3041];[-0.6459];6941.09841;400),(1510765.89322;[0.1622];[-0.7878];6414.94266;[0.1665];[-0.7835];6413.89781;400),(1543389.94837;[0.0652];[-0.8848];5980.60788;[0.0652];[-0.8848];5979.76862;400),(1600950.49238;[0.029];[-0.921];5697.65770;[0.0269];[-0.9231];5696.72539;400),(1621549.50142;[0.0088];[-0.9412];5452.13412;[0.0077];[-0.9423];5451.65969;400),(1661832.97062;[0.0089];[-0.9411];5442.48533;[0.0078];[-0.9422];5441.92639;400),(1705090.08384;[0.0012];[-0.9488];5152.00887;[0.0006];[-0.9494];5151.57660;400),(1742110.50558;[0.0012];[-0.9488];5152.00887;[0.0006];[-0.9494];5151.57660;400),(1766226.37153;[0.3657];[-0.5843];8204.06989;[0.3695];[-0.5805];8219.02912;400),(1791587.01754;[0.3916];[-0.5584];7869.69611;[0.3942];[-0.5558];7864.13897;400)]"
6,2,7867.32613083628,[0.3981],[-0.5519],1809439.2449855804,"[(4732.05495;[0.3765];[-0.5735];8336.50959;[0.3712];[-0.5788];8222.65211;100),(23295.79949;[0.3765];[-0.5735];8336.50959;[0.3712];[-0.5788];8222.65211;100),(50160.99358;[0.3765];[-0.5735];8336.50959;[0.3712];[-0.5788];8222.65211;100),(72083.95481;[0.3765];[-0.5735];8336.50959;[0.3712];[-0.5788];8222.65211;100),(96623.17491;[0.3765];[-0.5735];8336.50959;[0.3712];[-0.5788];8222.65211;100),(118132.81202;[0.3765];[-0.5735];8336.50959;[0.3712];[-0.5788];8222.65211;100),(141501.02162;[0.2619];[-0.6881];6747.08844;[0.2509];[-0.6991];6713.06118;100),(173310.02259;[0.1659];[-0.7841];6398.76804;[0.1602];[-0.7898];6370.60649;100),(192559.37147;[0.1178];[-0.8322];6188.45602;[0.1117];[-0.8383];6163.13227;100),(209132.06363;[0.0664];[-0.8836];5969.09094;[0.0643];[-0.8857];5946.15734;100),(242874.67432;[0.0648];[-0.8852];5945.94465;[0.0626];[-0.8874];5922.98109;100),(278328.98831;[0.0648];[-0.8852];5945.94465;[0.0626];[-0.8874];5922.98109;100),(338711.40671;[0.3924];[-0.5576];8267.71724;[0.3865];[-0.5635];8143.60439;100),(382021.68441;[0.3786];[-0.5714];8347.57991;[0.3743];[-0.5757];8233.93426;200),(432284.81865;[0.381];[-0.569];8310.10838;[0.3768];[-0.5732];8191.33543;400),(468026.14474;[0.381];[-0.569];8310.10838;[0.3768];[-0.5732];8191.33543;400),(495292.91725;[0.381];[-0.569];8310.10838;[0.3768];[-0.5732];8191.33543;400),(527903.60522;[0.381];[-0.569];8310.10838;[0.3768];[-0.5732];8191.33543;400),(561385.59365;[0.381];[-0.569];8310.10838;[0.3768];[-0.5732];8191.33543;400),(604082.37386;[0.381];[-0.569];8310.10838;[0.3768];[-0.5732];8191.33543;400),(647557.00803;[0.381];[-0.569];8310.10838;[0.3768];[-0.5732];8191.33543;400),(663635.24508;[0.3976];[-0.5524];8122.35030;[0.3922];[-0.5578];8017.33108;400),(707972.69654;[0.3948];[-0.5552];7710.69945;[0.392];[-0.558];7635.95984;400),(733075.80757;[0.3929];[-0.5571];7416.45189;[0.3894];[-0.5606];7366.74708;400),(768923.61641;[0.3117];[-0.6383];6992.34972;[0.3064];[-0.6436];6953.27188;400),(786083.39834;[0.2216];[-0.7284];6611.35418;[0.2122];[-0.7378];6580.73975;400),(799778.98145;[0.0677];[-0.8823];5992.39801;[0.0652];[-0.8848];5969.58075;400),(841915.62748;[0.0666];[-0.8834];5974.15417;[0.0642];[-0.8858];5951.27046;400),(865196.07568;[0.0311];[-0.9189];5726.76627;[0.0297];[-0.9203];5706.50833;400),(901124.01700;[0.0297];[-0.9203];5711.70372;[0.0275];[-0.9225];5691.50494;400),(928528.64552;[0.0297];[-0.9203];5704.87511;[0.0275];[-0.9225];5684.58618;400),(964471.41171;[0.0297];[-0.9203];5704.87511;[0.0275];[-0.9225];5684.58618;400),(988058.99096;[0.3865];[-0.5635];8332.56035;[0.3827];[-0.5673];8212.90313;400),(1050086.62891;[0.3735];[-0.5765];8370.26691;[0.3671];[-0.5829];8264.28247;800),(1084184.61943;[0.3735];[-0.5765];8370.26691;[0.3671];[-0.5829];8264.28247;800),(1125198.17781;[0.3735];[-0.5765];8370.26691;[0.3671];[-0.5829];8264.28247;800),(1165093.50824;[0.3735];[-0.5765];8370.26691;[0.3671];[-0.5829];8264.28247;800),(1214926.44215;[0.3735];[-0.5765];8370.26691;[0.3671];[-0.5829];8264.28247;800),(1249289.46757;[0.3735];[-0.5765];8370.26691;[0.3671];[-0.5829];8264.28247;800),(1289462.52775;[0.3735];[-0.5765];8370.26691;[0.3671];[-0.5829];8264.28247;800),(1317838.52649;[0.3735];[-0.5765];8370.26691;[0.3671];[-0.5829];8264.28247;800),(1337344.29026;[0.397];[-0.553];8105.26697;[0.3915];[-0.5585];8002.25445;800),(1372285.25710;[0.3937];[-0.5563];7640.26996;[0.3901];[-0.5599];7569.97461;800),(1401425.35019;[0.3728];[-0.5772];7290.25288;[0.3676];[-0.5824];7244.78073;800),(1430899.17302;[0.2699];[-0.6801];6815.69409;[0.2617];[-0.6883];6782.37345;800),(1475638.69214;[0.1696];[-0.7804];6420.19008;[0.1647];[-0.7853];6392.35888;800),(1510808.87246;[0.0686];[-0.8814];5996.70219;[0.0655];[-0.8845];5973.87440;800),(1547332.50189;[0.031];[-0.919];5736.90275;[0.0291];[-0.9209];5716.78229;800),(1576613.90162;[0.0082];[-0.9418];5465.28224;[0.0079];[-0.9421];5447.89076;800),(1638955.65462;[0.0013];[-0.9487];5190.23554;[0.0008];[-0.9492];5175.59291;800),(1672552.70576;[0.0012];[-0.9488];5173.80648;[0.0006];[-0.9494];5159.20663;800),(1701811.31530;[0.0012];[-0.9488];5168.40401;[0.0007];[-0.9493];5153.69014;800),(1710869.50326;[0.0012];[-0.9488];5166.17515;[0.0006];[-0.9494];5151.57660;800),(1743113.43670;[0.0012];[-0.9488];5166.17515;[0.0006];[-0.9494];5151.57660;800),(1767434.47685;[0.3803];[-0.5697];8352.01609;[0.3755];[-0.5745];8244.97252;800),(1796647.00055;[0.4018];[-0.5482];7963.73766;[0.3981];[-0.5519];7867.32613;800)]"
7,2,7156.554545886769,[0.2831],[-0.6669],1803714.2252922058,"[(13502.78759;[0.2776];[-0.6724];7267.47511;[0.2693];[-0.6807];7164.85016;100),(46913.52987;[0.2776];[-0.6724];7267.47511;[0.2693];[-0.6807];7164.85016;100),(91985.99339;[0.2776];[-0.6724];7267.47511;[0.2693];[-0.6807];7164.85016;100),(109233.99401;[0.2776];[-0.6724];7267.47511;[0.2693];[-0.6807];7164.85016;100),(124554.34012;[0.2776];[-0.6724];7267.47511;[0.2693];[-0.6807];7164.85016;100),(159355.33881;[0.2776];[-0.6724];7267.47511;[0.2693];[-0.6807];7164.85016;100),(189613.57903;[0.2627];[-0.6873];7097.31241;[0.253];[-0.697];7001.26561;100),(226728.13821;[0.2076];[-0.7424];6695.54461;[0.1959];[-0.7541];6634.93121;100),(257803.31421;[0.0246];[-0.9254];5713.07145;[0.0234];[-0.9266];5687.35988;100),(299742.36655;[0.003];[-0.947];5252.71203;[0.0031];[-0.9469];5232.10544;100),(323065.29522;[0.0028];[-0.9472];5213.83272;[0.0029];[-0.9471];5193.13507;100),(371690.56726;[0.0027];[-0.9473];5213.08612;[0.0028];[-0.9472];5192.43487;100),(391108.34599;[0.0027];[-0.9473];5213.08612;[0.0028];[-0.9472];5192.43487;100),(419868.90674;[0.2758];[-0.6742];7227.65831;[0.2709];[-0.6791];7119.11180;100),(471104.99573;[0.2869];[-0.6631];7279.37077;[0.2798];[-0.6702];7168.42907;200),(499913.57422;[0.2869];[-0.6631];7279.37077;[0.2798];[-0.6702];7168.42907;200),(547398.75317;[0.2869];[-0.6631];7279.37077;[0.2798];[-0.6702];7168.42907;200),(592389.28723;[0.2869];[-0.6631];7279.37077;[0.2798];[-0.6702];7168.42907;200),(626872.58863;[0.2869];[-0.6631];7279.37077;[0.2798];[-0.6702];7168.42907;200),(659695.86563;[0.2869];[-0.6631];7279.37077;[0.2798];[-0.6702];7168.42907;200),(685330.73163;[0.2602];[-0.6898];7072.87301;[0.249];[-0.701];6978.41695;200),(705443.13717;[0.2002];[-0.7498];6661.51788;[0.1901];[-0.7599];6603.17769;200),(730265.66577;[0.1551];[-0.7949];6487.31693;[0.1494];[-0.8006];6443.13740;200),(768900.55799;[0.1002];[-0.8498];6252.15350;[0.095];[-0.855];6218.06761;200),(798039.47353;[0.0459];[-0.9041];5902.01581;[0.0438];[-0.9062];5873.64204;200),(817069.74673;[0.0111];[-0.9389];5499.68012;[0.0094];[-0.9406];5476.46641;200),(844660.30574;[0.003];[-0.947];5252.71203;[0.0031];[-0.9469];5232.10544;200),(890702.62647;[0.0027];[-0.9473];5213.08612;[0.0028];[-0.9472];5192.43487;200),(928793.73646;[0.0005];[-0.9495];4981.41826;[0.0005];[-0.9495];4963.56838;200),(955120.03136;[0.0005];[-0.9495];4974.24618;[0.0005];[-0.9495];4956.39862;200),(1017790.25340;[0.2802];[-0.6698];7267.17636;[0.2761];[-0.6739];7156.28825;200),(1073905.70402;[0.2888];[-0.6612];7269.05015;[0.2831];[-0.6669];7156.55455;400),(1109102.99444;[0.2888];[-0.6612];7269.05015;[0.2831];[-0.6669];7156.55455;400),(1148738.17205;[0.2888];[-0.6612];7269.05015;[0.2831];[-0.6669];7156.55455;400),(1179636.88183;[0.2888];[-0.6612];7269.05015;[0.2831];[-0.6669];7156.55455;400),(1220362.88786;[0.2888];[-0.6612];7269.05015;[0.2831];[-0.6669];7156.55455;400),(1261911.25655;[0.2888];[-0.6612];7269.05015;[0.2831];[-0.6669];7156.55455;400),(1294840.91234;[0.2888];[-0.6612];7269.05015;[0.2831];[-0.6669];7156.55455;400),(1318020.91289;[0.2631];[-0.6869];7064.55766;[0.2534];[-0.6966];6969.90640;400),(1354186.44142;[0.1861];[-0.7639];6610.23410;[0.1778];[-0.7722];6556.22926;400),(1380555.89843;[0.1279];[-0.8221];6409.56123;[0.125];[-0.825];6372.36310;400),(1406953.27497;[0.0471];[-0.9029];5915.65907;[0.0448];[-0.9052];5887.10262;400),(1433512.76159;[0.0111];[-0.9389];5497.89385;[0.0095];[-0.9405];5474.64161;400),(1450306.20050;[0.0028];[-0.9472];5257.10215;[0.0031];[-0.9469];5236.58342;400),(1484629.82678;[0.0005];[-0.9495];5004.27648;[0.0005];[-0.9495];4986.56269;400),(1513808.09665;[0.0005];[-0.9495];4975.23857;[0.0005];[-0.9495];4957.29119;400),(1574977.89526;[0.0005];[-0.9495];4975.23857;[0.0005];[-0.9495];4957.29119;400),(1609687.43086;[0.2851];[-0.6649];7274.86634;[0.279];[-0.671];7162.81418;400),(1678417.82403;[0.271];[-0.679];7308.08191;[0.2627];[-0.6873];7208.24401;800),(1717782.07183;[0.271];[-0.679];7308.08191;[0.2627];[-0.6873];7208.24401;800),(1741550.02117;[0.271];[-0.679];7308.08191;[0.2627];[-0.6873];7208.24401;800),(1770530.53951;[0.271];[-0.679];7308.08191;[0.2627];[-0.6873];7208.24401;800),(1789762.41493;[0.271];[-0.679];7308.08191;[0.2627];[-0.6873];7208.24401;800)]"
7,7,7204.318569171837,[0.2652],[-0.6848],1805673.9346981049,"[(5304.27146;[0.2652];[-0.6848];7204.31857;[0.2652];[-0.6848];7204.31857;100),(57678.78008;[0.2652];[-0.6848];7204.31857;[0.2652];[-0.6848];7204.31857;100),(95076.75195;[0.2652];[-0.6848];7204.31857;[0.2652];[-0.6848];7204.31857;100),(127714.87045;[0.2652];[-0.6848];7204.31857;[0.2652];[-0.6848];7204.31857;100),(155829.30756;[0.2652];[-0.6848];7204.31857;[0.2652];[-0.6848];7204.31857;100),(186055.19652;[0.2652];[-0.6848];7204.31857;[0.2652];[-0.6848];7204.31857;100),(207803.71022;[0.2412];[-0.7088];6912.32407;[0.2412];[-0.7088];6912.32407;100),(270810.92286;[0.2506];[-0.6994];7193.80532;[0.2506];[-0.6994];7193.80532;200),(307436.29074;[0.2506];[-0.6994];7193.80532;[0.2506];[-0.6994];7193.80532;200),(342651.73507;[0.2506];[-0.6994];7193.80532;[0.2506];[-0.6994];7193.80532;200),(370953.98688;[0.2506];[-0.6994];7193.80532;[0.2506];[-0.6994];7193.80532;200),(399949.27835;[0.2506];[-0.6994];7193.80532;[0.2506];[-0.6994];7193.80532;200),(427904.05655;[0.2506];[-0.6994];7193.80532;[0.2506];[-0.6994];7193.80532;200),(470374.34816;[0.2265];[-0.7235];6857.64561;[0.2265];[-0.7235];6857.64561;200),(498636.39760;[0.095];[-0.855];6227.70959;[0.095];[-0.855];6227.70959;200),(522472.29004;[0.0445];[-0.9055];5887.27120;[0.0445];[-0.9055];5887.27120;200),(561327.79455;[0.0229];[-0.9271];5665.21093;[0.0229];[-0.9271];5665.21093;200),(580704.05149;[0.0089];[-0.9411];5465.45373;[0.0089];[-0.9411];5465.45373;200),(618566.64944;[0.003];[-0.947];5242.56739;[0.003];[-0.947];5242.56739;200),(657988.48772;[0.0029];[-0.9471];5214.93047;[0.0029];[-0.9471];5214.93047;200),(687125.65327;[0.0005];[-0.9495];4982.57343;[0.0005];[-0.9495];4982.57343;200),(714815.97996;[0.0005];[-0.9495];4963.56838;[0.0005];[-0.9495];4963.56838;200),(744463.20248;[0.0005];[-0.9495];4962.86818;[0.0005];[-0.9495];4962.86818;200),(780834.67889;[0.0005];[-0.9495];4956.39862;[0.0005];[-0.9495];4956.39862;200),(814110.74185;[0.0005];[-0.9495];4956.39862;[0.0005];[-0.9495];4956.39862;200),(856757.63083;[0.2237];[-0.7263];7067.50068;[0.2237];[-0.7263];7067.50068;200),(900318.34769;[0.2063];[-0.7437];6826.29093;[0.2063];[-0.7437];6826.29093;200),(937168.35666;[0.1937];[-0.7563];6633.03985;[0.1937];[-0.7563];6633.03985;200),(977627.55489;[0.1352];[-0.8148];6405.12560;[0.1352];[-0.8148];6405.12560;200),(1025201.69759;[0.0227];[-0.9273];5692.12859;[0.0227];[-0.9273];5692.12859;200),(1083109.66182;[0.0005];[-0.9495];4956.39862;[0.0005];[-0.9495];4956.39862;200),(1137898.11134;[0.2237];[-0.7263];7067.50068;[0.2237];[-0.7263];7067.50068;200),(1196780.89857;[0.2016];[-0.7484];6827.91056;[0.2016];[-0.7484];6827.91056;200),(1241451.86186;[0.1881];[-0.7619];6639.99251;[0.1881];[-0.7619];6639.99251;200),(1299017.76695;[0.1426];[-0.8074];6431.10405;[0.1426];[-0.8074];6431.10405;200),(1353827.99768;[0.0445];[-0.9055];5887.27120;[0.0445];[-0.9055];5887.27120;200),(1427656.52180;[0.0094];[-0.9406];5476.46641;[0.0094];[-0.9406];5476.46641;200),(1472348.74463;[0.0028];[-0.9472];5244.06116;[0.0028];[-0.9472];5244.06116;200),(1517274.33205;[0.0005];[-0.9495];4982.57343;[0.0005];[-0.9495];4982.57343;200),(1550029.92415;[0.0005];[-0.9495];4968.11283;[0.0005];[-0.9495];4968.11283;200),(1608896.22211;[0.0005];[-0.9495];4962.86818;[0.0005];[-0.9495];4962.86818;200),(1625719.80476;[0.0005];[-0.9495];4962.86818;[0.0005];[-0.9495];4962.86818;200),(1655049.56150;[0.0005];[-0.9495];4956.39862;[0.0005];[-0.9495];4956.39862;200),(1703214.61654;[0.254];[-0.696];7095.98577;[0.254];[-0.696];7095.98577;200),(1736069.87619;[0.1988];[-0.7512];6813.97252;[0.1988];[-0.7512];6813.97252;200),(1766589.40554;[0.1882];[-0.7618];6638.37877;[0.1882];[-0.7618];6638.37877;200),(1787185.75406;[0.1434];[-0.8066];6432.35999;[0.1434];[-0.8066];6432.35999;200)]"
7,1,7203.875598279888,[0.2568],[-0.6932],1818030.8916568756,"[(11619.97771;[0.259];[-0.691];7251.53282;[0.2568];[-0.6932];7203.87560;100),(39446.95807;[0.259];[-0.691];7251.53282;[0.2568];[-0.6932];7203.87560;100),(71696.31004;[0.259];[-0.691];7251.53271;[0.2568];[-0.6932];7203.87548;100),(127860.54754;[0.259];[-0.691];7251.53271;[0.2568];[-0.6932];7203.87548;100),(141518.02588;[0.259];[-0.691];7251.53271;[0.2568];[-0.6932];7203.87548;100),(162895.50996;[0.259];[-0.691];7251.53271;[0.2568];[-0.6932];7203.87548;100),(191985.83698;[0.2285];[-0.7215];6864.36090;[0.224];[-0.726];6836.47510;100),(228175.18806;[0.0826];[-0.8674];6108.05482;[0.0762];[-0.8738];6094.86685;100),(255607.15890;[0.0246];[-0.9254];5701.12826;[0.023];[-0.927];5691.89102;100),(293476.47810;[0.0022];[-0.9478];5237.85263;[0.003];[-0.947];5231.61074;100),(320851.35484;[0.0004];[-0.9496];5000.52030;[0.0005];[-0.9495];4995.63724;100),(364754.14300;[0.0003];[-0.9497];4975.42831;[0.0005];[-0.9495];4970.58676;100),(387002.14148;[0.0001];[-0.9499];4712.57720;[0.0001];[-0.9499];4708.82583;100),(413949.90373;[0.0001];[-0.9499];4707.46436;[0.0001];[-0.9499];4703.64595;100),(450807.53970;[0.2561];[-0.6939];7127.40476;[0.2538];[-0.6962];7088.46612;100),(479855.56698;[0.223];[-0.727];6756.38767;[0.2179];[-0.7321];6730.21493;100),(517193.20464;[0.1691];[-0.7809];6521.45645;[0.1628];[-0.7872];6503.22062;100),(532042.67335;[0.0565];[-0.8935];5911.67973;[0.0543];[-0.8957];5900.51557;100),(602472.52345;[0.0093];[-0.9407];5475.44222;[0.0089];[-0.9411];5467.73706;100),(644941.78867;[0.0022];[-0.9478];5237.85263;[0.003];[-0.947];5231.61074;100),(672760.74696;[0.0004];[-0.9496];5006.36070;[0.0006];[-0.9494];5001.45929;100),(695106.18901;[0.0004];[-0.9496];4994.60635;[0.0005];[-0.9495];4989.74005;100),(716036.94892;[0.0004];[-0.9496];4967.82379;[0.0005];[-0.9495];4962.86818;100),(772073.09699;[0.2576];[-0.6924];7125.00245;[0.256];[-0.694];7085.61629;100),(814042.68909;[0.223];[-0.727];6756.38767;[0.2179];[-0.7321];6730.21493;100),(870950.07038;[0.1715];[-0.7785];6525.89937;[0.1674];[-0.7826];6506.93748;100),(911099.89548;[0.0718];[-0.8782];6077.67762;[0.0671];[-0.8829];6065.46970;100),(950524.33753;[0.0096];[-0.9404];5484.24761;[0.0094];[-0.9406];5476.46641;100),(984150.12693;[0.002];[-0.948];5248.75300;[0.003];[-0.947];5242.56739;100),(1008163.55181;[0.0004];[-0.9496];5006.36070;[0.0006];[-0.9494];5001.45929;100),(1023609.21860;[0.0004];[-0.9496];4994.60635;[0.0005];[-0.9495];4989.74005;100),(1037271.36493;[0.0004];[-0.9496];4991.43735;[0.0005];[-0.9495];4986.56269;100),(1065517.79890;[0.0004];[-0.9496];4967.82379;[0.0005];[-0.9495];4962.86818;100),(1103205.48272;[0.0004];[-0.9496];4967.82379;[0.0005];[-0.9495];4962.86818;100),(1145928.53737;[0.2488];[-0.7012];7118.55684;[0.2464];[-0.7036];7082.01297;100),(1203544.67297;[0.2198];[-0.7302];6743.04041;[0.2151];[-0.7349];6717.59833;100),(1256808.56371;[0.1722];[-0.7778];6536.27293;[0.1679];[-0.7821];6517.37027;100),(1308795.74490;[0.0739];[-0.8761];6082.45515;[0.0689];[-0.8811];6070.10543;100),(1337556.41127;[0.0004];[-0.9496];4967.82379;[0.0005];[-0.9495];4962.86818;100),(1413971.74048;[0.2488];[-0.7012];7118.55684;[0.2464];[-0.7036];7082.01297;100),(1466579.94246;[0.2198];[-0.7302];6743.04041;[0.2151];[-0.7349];6717.59833;100),(1506062.82091;[0.1722];[-0.7778];6536.27293;[0.1679];[-0.7821];6517.37027;100),(1549408.80418;[0.0725];[-0.8775];6082.74400;[0.0675];[-0.8825];6070.48858;100),(1627609.28440;[0.0095];[-0.9405];5489.47864;[0.0091];[-0.9409];5481.72952;100),(1669627.36678;[0.0022];[-0.9478];5255.43299;[0.0031];[-0.9469];5249.19736;100),(1702582.72576;[0.0004];[-0.9496];5006.36070;[0.0006];[-0.9494];5001.45929;100),(1729288.53226;[0.0004];[-0.9496];4994.60635;[0.0005];[-0.9495];4989.74005;100),(1744225.63887;[0.0004];[-0.9496];4991.43735;[0.0005];[-0.9495];4986.56269;100),(1760536.32784;[0.0004];[-0.9496];4967.82379;[0.0005];[-0.9495];4962.86818;100),(1779166.11385;[0.2482];[-0.7018];7112.35539;[0.2445];[-0.7055];7076.39245;100),(1807404.15716;[0.2221];[-0.7279];6752.42827;[0.2163];[-0.7337];6726.03259;100)]"
7,5,7199.132421323406,[0.2532],[-0.6968],1814413.0401611328,"[(11928.31874;[0.2482];[-0.7018];7127.68481;[0.2532];[-0.6968];7199.13242;100),(38330.75595;[0.2482];[-0.7018];7127.68481;[0.2532];[-0.6968];7199.13242;100),(81495.07213;[0.2482];[-0.7018];7127.68481;[0.2532];[-0.6968];7199.13242;100),(118677.36459;[0.2482];[-0.7018];7127.68481;[0.2532];[-0.6968];7199.13242;100),(161072.62063;[0.2482];[-0.7018];7127.68481;[0.2532];[-0.6968];7199.13242;100),(196872.82729;[0.2482];[-0.7018];7127.68481;[0.2532];[-0.6968];7199.13242;100),(243783.89335;[0.1873];[-0.7627];6768.60595;[0.1934];[-0.7566];6802.06001;100),(273694.62585;[0.0932];[-0.8568];6195.85848;[0.0936];[-0.8564];6203.63058;100),(297915.35425;[0.0213];[-0.9287];5678.57829;[0.0225];[-0.9275];5686.34511;100),(334052.71387;[0.0029];[-0.9471];5236.06898;[0.003];[-0.947];5242.56739;100),(359359.66039;[0.0004];[-0.9496];4984.09857;[0.0005];[-0.9495];4989.74005;100),(399207.79300;[0.];[-0.95];4725.57961;[0.0001];[-0.9499];4730.00863;100),(422303.57909;[0.];[-0.95];4709.58966;[0.0001];[-0.9499];4713.90374;100),(439341.81333;[0.];[-0.95];4699.40500;[0.0001];[-0.9499];4703.64595;100),(463554.79288;[0.];[-0.95];4699.40500;[0.0001];[-0.9499];4703.64595;100),(487955.39832;[0.];[-0.95];4699.40500;[0.0001];[-0.9499];4703.64595;100),(524306.86498;[0.2287];[-0.7213];7009.34560;[0.2344];[-0.7156];7063.10179;100),(554205.01542;[0.1585];[-0.7915];6694.96538;[0.1612];[-0.7888];6724.70633;100),(594354.11763;[0.1592];[-0.7908];6545.19575;[0.1603];[-0.7897];6561.04459;100),(632379.59790;[0.0665];[-0.8835];6060.62459;[0.0669];[-0.8831];6068.68247;100),(693295.15648;[0.0092];[-0.9408];5464.65000;[0.0095];[-0.9405];5471.71678;100),(723277.29583;[0.];[-0.95];4709.58966;[0.0001];[-0.9499];4713.90374;100),(752926.50890;[0.];[-0.95];4699.40500;[0.0001];[-0.9499];4703.64595;100),(780801.59378;[0.];[-0.95];4699.40500;[0.0001];[-0.9499];4703.64595;100),(833001.22952;[0.2267];[-0.7233];7008.33828;[0.2332];[-0.7168];7061.66278;100),(886729.80428;[0.1637];[-0.7863];6702.66154;[0.1679];[-0.7821];6732.86369;100),(919007.86734;[0.1593];[-0.7907];6549.46290;[0.1608];[-0.7892];6565.40410;100),(960588.72342;[0.0941];[-0.8559];6219.72553;[0.095];[-0.855];6227.70959;100),(1020790.90834;[0.0089];[-0.9411];5474.07303;[0.0091];[-0.9409];5481.17079;100),(1064962.25953;[0.0004];[-0.9496];4980.95236;[0.0005];[-0.9495];4986.56269;100),(1097457.97729;[0.0003];[-0.9497];4962.63244;[0.0005];[-0.9495];4968.11283;100),(1133000.28825;[0.0003];[-0.9497];4957.42032;[0.0005];[-0.9495];4962.86818;100),(1159920.05444;[0.];[-0.95];4699.40500;[0.0001];[-0.9499];4703.64595;100),(1193405.54738;[0.];[-0.95];4699.40500;[0.0001];[-0.9499];4703.64595;100),(1230887.40730;[0.2252];[-0.7248];7003.35255;[0.2316];[-0.7184];7056.65580;100),(1271516.58416;[0.1651];[-0.7849];6685.27807;[0.1706];[-0.7794];6714.24155;100),(1326952.57282;[0.1492];[-0.8008];6541.63506;[0.1508];[-0.7992];6557.50881;100),(1375747.18571;[0.0948];[-0.8552];6224.25803;[0.0957];[-0.8543];6232.26093;100),(1420368.04724;[0.];[-0.95];4699.40500;[0.0001];[-0.9499];4703.64595;100),(1487643.28909;[0.2252];[-0.7248];7003.35255;[0.2316];[-0.7184];7056.65580;100),(1530343.80889;[0.1651];[-0.7849];6685.27807;[0.1706];[-0.7794];6714.24155;100),(1552052.00100;[0.1492];[-0.8008];6541.63506;[0.1508];[-0.7992];6557.50881;100),(1604435.32634;[0.0948];[-0.8552];6224.25803;[0.0957];[-0.8543];6232.26093;100),(1668067.38925;[0.0213];[-0.9287];5678.57829;[0.0225];[-0.9275];5686.34511;100),(1695797.27101;[0.0029];[-0.9471];5222.16829;[0.0028];[-0.9472];5228.56555;100),(1714528.91970;[0.0003];[-0.9497];4950.92675;[0.0005];[-0.9495];4955.96683;100),(1733054.87490;[0.0003];[-0.9497];4945.71463;[0.0005];[-0.9495];4950.72217;100),(1740970.56556;[0.0003];[-0.9497];4945.71463;[0.0005];[-0.9495];4950.72217;100),(1765146.92354;[0.0003];[-0.9497];4945.71463;[0.0005];[-0.9495];4950.72217;100),(1781814.52060;[0.2185];[-0.7315];6983.99352;[0.2247];[-0.7253];7034.92076;100),(1803712.21113;[0.142];[-0.808];6655.54567;[0.1441];[-0.8059];6683.37476;100)]"
7,6,6798.32853270301,[0.1394],[-0.8106],1801167.5245761871,"[(7891.36767;[0.142];[-0.808];6788.90590;[0.1394];[-0.8106];6798.32853;100),(52835.69217;[0.142];[-0.808];6788.90590;[0.1394];[-0.8106];6798.32853;100),(91436.21135;[0.142];[-0.808];6788.90590;[0.1394];[-0.8106];6798.32853;100),(121267.18926;[0.142];[-0.808];6788.90590;[0.1394];[-0.8106];6798.32853;100),(170700.77443;[0.142];[-0.808];6788.90590;[0.1394];[-0.8106];6798.32853;100),(209380.30267;[0.142];[-0.808];6788.90590;[0.1394];[-0.8106];6798.32853;100),(227536.95273;[0.1164];[-0.8336];6557.68080;[0.1177];[-0.8323];6539.93490;100),(260249.36223;[0.0679];[-0.8821];6090.75597;[0.0669];[-0.8831];6068.68247;100),(291121.66643;[0.0219];[-0.9281];5706.47019;[0.0228];[-0.9272];5688.45386;100),(322589.69593;[0.002];[-0.948];5233.89629;[0.0028];[-0.9472];5219.48700;100),(354988.23309;[0.0002];[-0.9498];4999.24284;[0.0005];[-0.9495];4986.83140;100),(390374.41039;[0.];[-0.95];4941.66011;[0.0004];[-0.9496];4929.87028;100),(421122.05577;[0.];[-0.95];4941.66011;[0.0004];[-0.9496];4929.87028;100),(447409.65867;[0.];[-0.95];4941.08662;[0.0004];[-0.9496];4929.29326;100),(491426.24307;[0.142];[-0.808];6788.90590;[0.1394];[-0.8106];6798.32853;100),(536353.08528;[0.0444];[-0.9056];6550.33939;[0.0459];[-0.9041];6554.96666;100),(579441.88619;[0.1261];[-0.8239];6578.84576;[0.1256];[-0.8244];6560.80938;100),(608169.96479;[0.1179];[-0.8321];6434.39420;[0.1176];[-0.8324];6410.13925;100),(637217.20076;[0.];[-0.95];4941.08662;[0.0004];[-0.9496];4929.29326;100),(690724.73812;[0.];[-0.95];4941.08662;[0.0004];[-0.9496];4929.29326;100),(740628.66950;[0.142];[-0.808];6788.90590;[0.1394];[-0.8106];6798.32853;100),(786258.14557;[0.0374];[-0.9126];6536.23977;[0.0397];[-0.9103];6540.62126;100),(846589.69045;[0.0952];[-0.8548];6528.54112;[0.0948];[-0.8552];6512.66965;100),(892994.29417;[0.1249];[-0.8251];6400.63619;[0.1245];[-0.8255];6373.51320;100),(946467.49973;[0.];[-0.95];4941.08662;[0.0004];[-0.9496];4929.29326;100),(1013201.89071;[0.142];[-0.808];6788.90590;[0.1394];[-0.8106];6798.32853;100),(1061596.56239;[0.0444];[-0.9056];6550.33939;[0.0459];[-0.9041];6554.96666;100),(1094998.55542;[0.1261];[-0.8239];6578.84576;[0.1256];[-0.8244];6560.80938;100),(1138292.11593;[0.1179];[-0.8321];6434.39420;[0.1176];[-0.8324];6410.13925;100),(1203218.18209;[0.0677];[-0.8823];6084.59680;[0.0668];[-0.8832];6062.44740;100),(1239340.36231;[0.0215];[-0.9285];5690.57093;[0.0219];[-0.9281];5672.43943;100),(1259273.67520;[0.0081];[-0.9419];5443.70785;[0.0084];[-0.9416];5427.45021;100),(1295981.11200;[0.0019];[-0.9481];5217.33152;[0.0028];[-0.9472];5202.80672;100),(1315125.79703;[0.0017];[-0.9483];5203.38845;[0.0027];[-0.9473];5189.05647;100),(1358168.36786;[0.0018];[-0.9482];5193.67266;[0.0027];[-0.9473];5179.18756;100),(1386487.96058;[0.0018];[-0.9482];5193.67266;[0.0027];[-0.9473];5179.18756;100),(1421288.41400;[0.1324];[-0.8176];6761.13968;[0.1309];[-0.8191];6771.23606;100),(1476869.41361;[0.0374];[-0.9126];6536.23977;[0.0397];[-0.9103];6540.62126;100),(1520578.30524;[0.1217];[-0.8283];6556.59071;[0.1232];[-0.8268];6539.42747;100),(1557791.23545;[0.119];[-0.831];6446.61329;[0.119];[-0.831];6422.44193;100),(1604210.87193;[0.0018];[-0.9482];5193.67266;[0.0027];[-0.9473];5179.18756;100),(1660188.69305;[0.1319];[-0.8181];6757.47447;[0.131];[-0.819];6767.98681;100),(1710552.42062;[0.0374];[-0.9126];6536.23977;[0.0397];[-0.9103];6540.62126;100),(1739474.31850;[0.1217];[-0.8283];6556.59071;[0.1232];[-0.8268];6539.42747;100),(1757589.74385;[0.119];[-0.831];6446.61329;[0.119];[-0.831];6422.44193;100),(1775991.33897;[0.0679];[-0.8821];6090.75597;[0.0669];[-0.8831];6068.68247;100),(1792074.71657;[0.0414];[-0.9086];5897.57733;[0.043];[-0.907];5877.53764;100)]"
7,4,7061.314196336751,[0.236],[-0.714],1806808.2735538483,"[(11961.89618;[0.2371];[-0.7129];7211.35834;[0.2352];[-0.7148];7123.84100;100),(39195.47677;[0.2371];[-0.7129];7211.35834;[0.2352];[-0.7148];7123.84100;100),(72666.83960;[0.2371];[-0.7129];7211.35834;[0.2352];[-0.7148];7123.84100;100),(113455.92093;[0.2371];[-0.7129];7211.35834;[0.2352];[-0.7148];7123.84100;100),(133658.22148;[0.2371];[-0.7129];7211.35834;[0.2352];[-0.7148];7123.84100;100),(182586.39884;[0.2371];[-0.7129];7211.35834;[0.2352];[-0.7148];7123.84100;100),(204949.85104;[0.2127];[-0.7373];6761.55635;[0.2078];[-0.7422];6690.49235;100),(230118.10184;[0.152];[-0.798];6503.19095;[0.1476];[-0.8024];6452.34366;100),(256529.25563;[0.044];[-0.906];5904.40321;[0.0436];[-0.9064];5870.00078;100),(287742.88821;[0.0244];[-0.9256];5694.07839;[0.0225];[-0.9275];5663.30566;100),(321310.47654;[0.0111];[-0.9389];5493.25139;[0.0093];[-0.9407];5466.33743;100),(337986.91750;[0.0113];[-0.9387];5481.72778;[0.0095];[-0.9405];5454.53798;100),(366134.34219;[0.0106];[-0.9394];5473.26216;[0.0089];[-0.9411];5446.22587;100),(382491.34088;[0.0032];[-0.9468];5242.65413;[0.0028];[-0.9472];5219.81809;100),(399287.44316;[0.0032];[-0.9468];5237.92510;[0.0029];[-0.9471];5214.93047;100),(431315.52315;[0.241];[-0.709];7152.58049;[0.236];[-0.714];7061.31420;100),(483465.77525;[0.2135];[-0.7365];6857.46498;[0.2083];[-0.7417];6777.60064;100),(520716.54606;[0.1856];[-0.7644];6639.23676;[0.1832];[-0.7668];6577.49309;100),(555473.64616;[0.1353];[-0.8147];6448.21803;[0.1331];[-0.8169];6401.80440;100),(598277.27056;[0.0723];[-0.8777];6102.32146;[0.0673];[-0.8827];6064.40636;100),(605936.45215;[0.0244];[-0.9256];5715.21402;[0.0226];[-0.9274];5684.74569;100),(625554.87990;[0.0111];[-0.9389];5490.10846;[0.0092];[-0.9408];5463.19312;100),(649510.17380;[0.0106];[-0.9394];5473.26216;[0.0089];[-0.9411];5446.22587;100),(680826.98512;[0.0106];[-0.9394];5468.19366;[0.0089];[-0.9411];5441.07607;100),(730702.70205;[0.241];[-0.709];7152.58049;[0.236];[-0.714];7061.31420;100),(789102.66852;[0.197];[-0.753];6820.47612;[0.1934];[-0.7566];6752.38971;100),(814952.15249;[0.1848];[-0.7652];6637.53844;[0.1823];[-0.7677];6576.04340;100),(859280.79796;[0.1353];[-0.8147];6448.21803;[0.1331];[-0.8169];6401.80440;100),(909172.10150;[0.0715];[-0.8785];6104.56899;[0.0672];[-0.8828];6066.84798;100),(935611.24563;[0.0434];[-0.9066];5892.26541;[0.0429];[-0.9071];5857.92693;100),(981520.50185;[0.0106];[-0.9394];5473.26216;[0.0089];[-0.9411];5446.22587;100),(1019906.92091;[0.0106];[-0.9394];5473.26216;[0.0089];[-0.9411];5446.22587;100),(1073687.06059;[0.241];[-0.709];7152.58049;[0.236];[-0.714];7061.31420;100),(1108331.72679;[0.1931];[-0.7569];6799.78041;[0.189];[-0.761];6732.79487;100),(1161013.00716;[0.1848];[-0.7652];6637.53844;[0.1823];[-0.7677];6576.04340;100),(1200815.16862;[0.138];[-0.812];6451.46373;[0.1353];[-0.8147];6404.58213;100),(1241106.60291;[0.0982];[-0.8518];6248.46667;[0.0937];[-0.8563];6207.34186;100),(1261919.69419;[0.0437];[-0.9063];5907.63054;[0.0434];[-0.9066];5873.42204;100),(1309793.30420;[0.0242];[-0.9258];5702.98595;[0.0219];[-0.9281];5672.43943;100),(1353342.36670;[0.0246];[-0.9254];5696.03604;[0.0229];[-0.9271];5665.21093;100),(1409637.33816;[0.0244];[-0.9256];5690.16247;[0.0228];[-0.9272];5659.30869;100),(1449603.75619;[0.2389];[-0.7111];7143.36508;[0.2353];[-0.7147];7052.98736;100),(1493836.50422;[0.1998];[-0.7502];6800.78235;[0.1958];[-0.7542];6730.87575;100),(1542220.81184;[0.1848];[-0.7652];6637.53844;[0.1823];[-0.7677];6576.04340;100),(1586911.99636;[0.1385];[-0.8115];6452.29448;[0.1357];[-0.8143];6405.29421;100),(1639429.63934;[0.0994];[-0.8506];6267.69434;[0.0953];[-0.8547];6226.59938;100),(1665074.31936;[0.0437];[-0.9063];5910.61917;[0.0435];[-0.9065];5876.41025;100),(1682141.83998;[0.044];[-0.906];5904.40321;[0.0436];[-0.9064];5870.00078;100),(1700348.14429;[0.0434];[-0.9066];5892.26541;[0.0429];[-0.9071];5857.92693;100),(1708939.90970;[0.0434];[-0.9066];5892.26541;[0.0429];[-0.9071];5857.92693;100),(1723128.93367;[0.0434];[-0.9066];5892.26541;[0.0429];[-0.9071];5857.92693;100),(1748937.31284;[0.2387];[-0.7113];7127.99636;[0.2355];[-0.7145];7037.15380;100),(1765546.64850;[0.222];[-0.728];6805.88818;[0.2165];[-0.7335];6726.33650;100),(1778572.77369;[0.1795];[-0.7705];6607.65166;[0.1786];[-0.7714];6548.77967;100),(1796424.30687;[0.1425];[-0.8075];6462.39692;[0.1397];[-0.8103];6414.27818;100)]"
7,3,7177.802003031133,[0.2564],[-0.6936],1808307.3661327362,"[(26186.33413;[0.2543];[-0.6957];7174.29592;[0.2564];[-0.6936];7177.80200;100),(61312.14452;[0.2543];[-0.6957];7174.29592;[0.2564];[-0.6936];7177.80200;100),(97350.80051;[0.2543];[-0.6957];7174.29592;[0.2564];[-0.6936];7177.80200;100),(120896.78192;[0.2543];[-0.6957];7174.29592;[0.2564];[-0.6936];7177.80200;100),(149715.24358;[0.2543];[-0.6957];7174.29592;[0.2564];[-0.6936];7177.80200;100),(164566.45608;[0.2543];[-0.6957];7174.29592;[0.2564];[-0.6936];7177.80200;100),(178704.34809;[0.2065];[-0.7435];6718.37599;[0.2058];[-0.7442];6706.74039;100),(204029.36435;[0.1541];[-0.7959];6487.65026;[0.1557];[-0.7943];6477.70301;100),(230963.90891;[0.0677];[-0.8823];6074.61262;[0.067];[-0.883];6068.57000;100),(254316.75625;[0.0099];[-0.9401];5484.52333;[0.0091];[-0.9409];5481.17079;100),(286509.61304;[0.0006];[-0.9494];4992.18398;[0.0005];[-0.9495];4989.74005;100),(323094.33746;[0.];[-0.95];4716.06425;[0.0001];[-0.9499];4713.90374;100),(354352.84233;[0.];[-0.95];4716.06425;[0.0001];[-0.9499];4713.90374;100),(366024.28555;[0.];[-0.95];4711.03204;[0.0001];[-0.9499];4708.82583;100),(402379.26507;[0.2543];[-0.6957];7174.29592;[0.2564];[-0.6936];7177.80200;100),(431505.79333;[0.2102];[-0.7398];6845.68303;[0.2095];[-0.7405];6836.88466;100),(462682.29604;[0.1443];[-0.8057];6550.26882;[0.1457];[-0.8043];6542.90084;100),(493104.24566;[0.0673];[-0.8827];6069.84719;[0.0668];[-0.8832];6063.75619;100),(538726.89009;[0.0098];[-0.9402];5468.90772;[0.0089];[-0.9411];5465.45373;100),(568716.50171;[0.0006];[-0.9494];4984.68108;[0.0005];[-0.9495];4982.15568;100),(598506.90770;[0.0005];[-0.9495];4968.55595;[0.0005];[-0.9495];4965.99929;100),(627131.08134;[0.0005];[-0.9495];4968.55595;[0.0005];[-0.9495];4965.99929;100),(658824.29838;[0.0005];[-0.9495];4968.55595;[0.0005];[-0.9495];4965.99929;100),(702231.43506;[0.2523];[-0.6977];7163.82161;[0.2542];[-0.6958];7167.42528;100),(736659.43694;[0.2109];[-0.7391];6849.99028;[0.2097];[-0.7403];6841.22508;100),(779568.48526;[0.1579];[-0.7921];6566.34172;[0.1594];[-0.7906];6558.45949;100),(834261.07097;[0.0684];[-0.8816];6076.54953;[0.0675];[-0.8825];6070.48858;100),(872576.00260;[0.0005];[-0.9495];4968.55595;[0.0005];[-0.9495];4965.99929;100),(949106.70519;[0.2523];[-0.6977];7163.82161;[0.2542];[-0.6958];7167.42528;100),(994011.74641;[0.2109];[-0.7391];6849.99028;[0.2097];[-0.7403];6841.22508;100),(1014293.36381;[0.1579];[-0.7921];6566.34172;[0.1594];[-0.7906];6558.45949;100),(1062223.43493;[0.0684];[-0.8816];6076.54953;[0.0675];[-0.8825];6070.48858;100),(1132953.62997;[0.0102];[-0.9398];5480.89373;[0.0094];[-0.9406];5477.42323;100),(1169186.13124;[0.0034];[-0.9466];5252.00805;[0.0031];[-0.9469];5249.19736;100),(1190018.48531;[0.0034];[-0.9466];5234.58135;[0.003];[-0.947];5231.61074;100),(1218591.16817;[0.0006];[-0.9494];4998.07009;[0.0005];[-0.9495];4995.63724;100),(1236153.70369;[0.0006];[-0.9494];4989.32943;[0.0005];[-0.9495];4986.83140;100),(1262482.40662;[0.0005];[-0.9495];4986.84973;[0.0005];[-0.9495];4984.39247;100),(1290806.28085;[0.0005];[-0.9495];4968.55595;[0.0005];[-0.9495];4965.99929;100),(1314321.67816;[0.0005];[-0.9495];4968.55595;[0.0005];[-0.9495];4965.99929;100),(1355067.51370;[0.252];[-0.698];7156.96455;[0.253];[-0.697];7160.26071;100),(1400110.86059;[0.2077];[-0.7423];6836.23444;[0.2072];[-0.7428];6826.98887;100),(1446329.74458;[0.151];[-0.799];6565.79572;[0.1522];[-0.7978];6558.95013;100),(1485796.00167;[0.0922];[-0.8578];6233.68845;[0.0953];[-0.8547];6226.59938;100),(1528898.84472;[0.0005];[-0.9495];4968.55595;[0.0005];[-0.9495];4965.99929;100),(1591963.98115;[0.2455];[-0.7045];7130.55428;[0.2459];[-0.7041];7134.54369;100),(1634681.48327;[0.2077];[-0.7423];6836.23444;[0.2072];[-0.7428];6826.98887;100),(1655389.45222;[0.1501];[-0.7999];6565.57500;[0.1512];[-0.7988];6558.78861;100),(1679733.62064;[0.0922];[-0.8578];6233.68845;[0.0953];[-0.8547];6226.59938;100),(1709829.59867;[0.0248];[-0.9252];5673.81953;[0.0226];[-0.9274];5669.33540;100),(1729686.31196;[0.0099];[-0.9401];5466.71161;[0.0092];[-0.9408];5463.19312;100),(1745456.12144;[0.0031];[-0.9469];5246.84671;[0.0028];[-0.9472];5244.06116;100),(1755144.00744;[0.0034];[-0.9466];5234.58135;[0.003];[-0.947];5231.61074;100),(1762680.68647;[0.0006];[-0.9494];4989.32943;[0.0005];[-0.9495];4986.83140;100),(1772281.13842;[0.0005];[-0.9495];4986.84973;[0.0005];[-0.9495];4984.39247;100),(1786835.92415;[0.0005];[-0.9495];4986.84973;[0.0005];[-0.9495];4984.39247;100),(1801018.45598;[0.2529];[-0.6971];7129.89325;[0.2545];[-0.6955];7131.99300;100)]"
7,8,7140.754818140476,[0.2841],[-0.6659],1802167.2446727753,"[(20487.84256;[0.2916];[-0.6584];7364.06367;[0.2841];[-0.6659];7140.75482;100),(48305.03225;[0.2916];[-0.6584];7364.06367;[0.2841];[-0.6659];7140.75482;100),(96599.90072;[0.2916];[-0.6584];7364.06367;[0.2841];[-0.6659];7140.75482;100),(130134.71913;[0.2916];[-0.6584];7364.06367;[0.2841];[-0.6659];7140.75482;100),(179719.47908;[0.2916];[-0.6584];7364.06367;[0.2841];[-0.6659];7140.75482;100),(229878.65257;[0.2916];[-0.6584];7364.06367;[0.2841];[-0.6659];7140.75482;100),(247868.08109;[0.2615];[-0.6885];7120.52832;[0.2526];[-0.6974];6957.52906;100),(295474.25938;[0.2903];[-0.6597];7376.47327;[0.2831];[-0.6669];7156.55455;200),(356044.04616;[0.2903];[-0.6597];7376.47327;[0.2831];[-0.6669];7156.55455;200),(401141.82281;[0.2903];[-0.6597];7376.47327;[0.2831];[-0.6669];7156.55455;200),(429182.79791;[0.2903];[-0.6597];7376.47327;[0.2831];[-0.6669];7156.55455;200),(465233.29973;[0.2903];[-0.6597];7376.47327;[0.2831];[-0.6669];7156.55455;200),(487469.61331;[0.2903];[-0.6597];7376.47327;[0.2831];[-0.6669];7156.55455;200),(524206.58231;[0.2581];[-0.6919];7104.82727;[0.2476];[-0.7024];6947.53006;200),(586291.88824;[0.2817];[-0.6683];7401.51468;[0.2735];[-0.6765];7194.21452;400),(618607.32198;[0.2817];[-0.6683];7401.51468;[0.2735];[-0.6765];7194.21452;400),(667158.56647;[0.2817];[-0.6683];7401.51468;[0.2735];[-0.6765];7194.21452;400),(701139.87398;[0.2817];[-0.6683];7401.51468;[0.2735];[-0.6765];7194.21452;400),(750972.69487;[0.2817];[-0.6683];7401.51468;[0.2735];[-0.6765];7194.21452;400),(789813.33327;[0.2817];[-0.6683];7401.51468;[0.2735];[-0.6765];7194.21452;400),(840465.24811;[0.2817];[-0.6683];7401.51468;[0.2735];[-0.6765];7194.21452;400),(866312.53982;[0.2473];[-0.7027];7037.94678;[0.2382];[-0.7118];6891.73486;400),(901657.37963;[0.1278];[-0.8222];6427.25595;[0.125];[-0.825];6373.18095;400),(925778.36990;[0.0042];[-0.9458];5270.72435;[0.0032];[-0.9468];5243.49481;400),(981882.71880;[0.001];[-0.949];5005.58425;[0.0006];[-0.9494];4982.59638;400),(1019236.78970;[0.001];[-0.949];4980.50974;[0.0005];[-0.9495];4957.29119;400),(1072225.05426;[0.001];[-0.949];4973.49316;[0.0005];[-0.9495];4950.17141;400),(1101056.29277;[0.001];[-0.949];4973.49316;[0.0005];[-0.9495];4950.17141;400),(1181841.61878;[0.2716];[-0.6784];7307.17964;[0.2618];[-0.6882];7123.74963;400),(1220384.46641;[0.2455];[-0.7045];7031.71491;[0.2367];[-0.7133];6887.46441;400),(1278386.14774;[0.2131];[-0.7369];6785.13739;[0.2037];[-0.7463];6684.25260;400),(1332839.32018;[0.169];[-0.781];6577.39544;[0.1615];[-0.7885];6502.92786;400),(1374821.72465;[0.0985];[-0.8515];6277.14289;[0.095];[-0.855];6227.70959;400),(1420867.17987;[0.0275];[-0.9225];5718.56223;[0.023];[-0.927];5682.84007;400),(1478933.02011;[0.0038];[-0.9462];5269.51704;[0.003];[-0.947];5242.52658;400),(1497342.69023;[0.0039];[-0.9461];5248.23767;[0.003];[-0.947];5220.89841;400),(1509403.55945;[0.001];[-0.949];4990.98334;[0.0005];[-0.9495];4968.11283;400),(1521348.57035;[0.001];[-0.949];4985.81970;[0.0005];[-0.9495];4962.86818;400),(1540036.64207;[0.001];[-0.949];4973.49316;[0.0005];[-0.9495];4950.17141;400),(1560390.85650;[0.001];[-0.949];4973.49316;[0.0005];[-0.9495];4950.17141;400),(1583574.59259;[0.2767];[-0.6733];7290.41564;[0.2672];[-0.6828];7100.36318;400),(1601382.77888;[0.2834];[-0.6666];7398.66423;[0.276];[-0.674];7189.14620;800),(1619399.18971;[0.2834];[-0.6666];7398.66423;[0.276];[-0.674];7189.14620;800),(1630612.00762;[0.2834];[-0.6666];7398.66423;[0.276];[-0.674];7189.14620;800),(1650398.15569;[0.2834];[-0.6666];7398.66423;[0.276];[-0.674];7189.14620;800),(1662537.84657;[0.2834];[-0.6666];7398.66423;[0.276];[-0.674];7189.14620;800),(1674654.27566;[0.2834];[-0.6666];7398.66423;[0.276];[-0.674];7189.14620;800),(1688992.45882;[0.2834];[-0.6666];7398.66423;[0.276];[-0.674];7189.14620;800),(1700277.36068;[0.2834];[-0.6666];7398.66423;[0.276];[-0.674];7189.14620;800),(1711212.25095;[0.2473];[-0.7027];7037.94678;[0.2382];[-0.7118];6891.73486;800),(1722593.02640;[0.1287];[-0.8213];6429.11045;[0.1259];[-0.8241];6374.84154;800),(1733397.86458;[0.0038];[-0.9462];5270.86803;[0.0028];[-0.9472];5244.06116;800),(1741819.15379;[0.001];[-0.949];5005.58425;[0.0006];[-0.9494];4982.59638;800),(1755081.01821;[0.001];[-0.949];4990.98334;[0.0005];[-0.9495];4968.11283;800),(1765992.95259;[0.001];[-0.949];4985.81970;[0.0005];[-0.9495];4962.86818;800),(1777027.12440;[0.];[-0.95];4722.35588;[0.0001];[-0.9499];4703.64595;800),(1785118.95323;[0.];[-0.95];4698.54263;[0.0001];[-0.9499];4679.66120;800),(1792643.54706;[0.];[-0.95];4698.54263;[0.0001];[-0.9499];4679.66120;800)]"
7,9,7146.564096118311,[0.282],[-0.668],1812459.745168686,"[(23511.17206;[0.2773];[-0.6727];7128.82010;[0.282];[-0.668];7146.56410;100),(69525.62332;[0.2773];[-0.6727];7128.82010;[0.282];[-0.668];7146.56410;100),(109931.68902;[0.2773];[-0.6727];7128.82010;[0.282];[-0.668];7146.56410;100),(134473.53005;[0.2773];[-0.6727];7128.82010;[0.282];[-0.668];7146.56410;100),(172666.58926;[0.2773];[-0.6727];7128.82010;[0.282];[-0.668];7146.56410;100),(201029.58846;[0.2773];[-0.6727];7128.82010;[0.282];[-0.668];7146.56410;100),(221084.13959;[0.2448];[-0.7052];6926.11509;[0.2471];[-0.7029];6927.37086;100),(281009.79829;[0.269];[-0.681];7177.35322;[0.2731];[-0.6769];7195.68705;200),(327488.15370;[0.258];[-0.692];7190.31363;[0.2598];[-0.6902];7208.15859;400),(366548.02728;[0.258];[-0.692];7190.31363;[0.2598];[-0.6902];7208.15859;400),(384953.52411;[0.258];[-0.692];7190.31363;[0.2598];[-0.6902];7208.15859;400),(428443.55750;[0.258];[-0.692];7190.31363;[0.2598];[-0.6902];7208.15859;400),(456725.92020;[0.258];[-0.692];7190.31363;[0.2598];[-0.6902];7208.15859;400),(497030.92599;[0.258];[-0.692];7190.31363;[0.2598];[-0.6902];7208.15859;400),(535200.38581;[0.258];[-0.692];7190.31363;[0.2598];[-0.6902];7208.15859;400),(563682.47700;[0.2188];[-0.7312];6869.61710;[0.2173];[-0.7327];6865.71166;400),(593927.48284;[0.1043];[-0.8457];6252.58427;[0.1054];[-0.8446];6250.19156;400),(622745.63360;[0.];[-0.95];4730.26932;[0.0001];[-0.9499];4730.00863;400),(669888.56077;[0.];[-0.95];4443.16309;[0.];[-0.95];4442.97882;400),(705033.16712;[0.];[-0.95];4423.29982;[0.];[-0.95];4423.03533;400),(733214.28680;[0.];[-0.95];4421.27631;[0.];[-0.95];4421.01678;400),(778310.93144;[0.];[-0.95];4421.27631;[0.];[-0.95];4421.01678;400),(832004.42934;[0.2474];[-0.7026];7145.98087;[0.2505];[-0.6995];7156.61859;400),(879632.54619;[0.212];[-0.738];6870.00042;[0.2124];[-0.7376];6865.34745;400),(927362.31613;[0.1967];[-0.7533];6660.20851;[0.1965];[-0.7535];6655.64834;400),(978136.70588;[0.1479];[-0.8021];6461.71694;[0.1515];[-0.7985];6457.74967;400),(1025936.96404;[0.0669];[-0.8831];6066.55089;[0.0671];[-0.8829];6065.46970;400),(1054876.68180;[0.0095];[-0.9405];5447.31778;[0.0089];[-0.9411];5446.22587;400),(1109295.70603;[0.];[-0.95];4421.27631;[0.];[-0.95];4421.01678;400),(1170578.29976;[0.2474];[-0.7026];7145.98087;[0.2505];[-0.6995];7156.61859;400),(1233129.94099;[0.212];[-0.738];6870.00042;[0.2124];[-0.7376];6865.34745;400),(1287078.84526;[0.1967];[-0.7533];6660.20851;[0.1965];[-0.7535];6655.64834;400),(1332890.91325;[0.1479];[-0.8021];6461.71694;[0.1515];[-0.7985];6457.74967;400),(1370938.79294;[0.0669];[-0.8831];6066.55089;[0.0671];[-0.8829];6065.46970;400),(1395350.33965;[0.0095];[-0.9405];5447.31778;[0.0089];[-0.9411];5446.22587;400),(1427970.37005;[0.];[-0.95];4733.54578;[0.0001];[-0.9499];4733.31436;400),(1448773.32973;[0.];[-0.95];4438.69978;[0.];[-0.95];4438.48086;400),(1461957.19576;[0.];[-0.95];4422.82955;[0.];[-0.95];4422.57028;400),(1477354.19774;[0.];[-0.95];4421.27631;[0.];[-0.95];4421.01678;400),(1506636.01017;[0.2467];[-0.7033];7140.25374;[0.2496];[-0.7004];7150.68839;400),(1522020.69807;[0.212];[-0.738];6870.00042;[0.2124];[-0.7376];6865.34745;400),(1536217.30042;[0.1966];[-0.7534];6660.72789;[0.1964];[-0.7536];6656.20850;400),(1557994.47680;[0.153];[-0.797];6472.72502;[0.1556];[-0.7944];6468.53767;400),(1571466.73512;[0.0667];[-0.8833];6068.08179;[0.067];[-0.883];6067.02371;400),(1594176.30959;[0.0097];[-0.9403];5468.67331;[0.0089];[-0.9411];5467.73706;400),(1616196.47288;[0.0007];[-0.9493];4982.64378;[0.0005];[-0.9495];4982.15568;400),(1627010.41579;[0.];[-0.95];4438.69978;[0.];[-0.95];4438.48086;400),(1636898.72384;[0.];[-0.95];4421.27631;[0.];[-0.95];4421.01678;400),(1649004.15230;[0.];[-0.95];4421.27631;[0.];[-0.95];4421.01678;400),(1662303.35903;[0.2467];[-0.7033];7140.25374;[0.2496];[-0.7004];7150.68839;400),(1678181.89955;[0.212];[-0.738];6870.00042;[0.2124];[-0.7376];6865.34745;400),(1690681.58317;[0.1966];[-0.7534];6660.72789;[0.1964];[-0.7536];6656.20850;400),(1704962.92138;[0.1527];[-0.7973];6478.33112;[0.1555];[-0.7945];6474.23797;400),(1717380.36680;[0.0666];[-0.8834];6069.73183;[0.0669];[-0.8831];6068.68247;400),(1731880.51534;[0.0099];[-0.9401];5477.37791;[0.0094];[-0.9406];5476.46641;400),(1749618.98279;[0.0007];[-0.9493];4992.47694;[0.0006];[-0.9494];4992.03630;400),(1756364.97426;[0.];[-0.95];4718.06575;[0.0001];[-0.9499];4717.76398;400),(1771079.62489;[0.];[-0.95];4714.23971;[0.0001];[-0.9499];4713.90374;400),(1780849.09463;[0.];[-0.95];4709.20016;[0.0001];[-0.9499];4708.82583;400),(1791882.22599;[0.];[-0.95];4704.06560;[0.0001];[-0.9499];4703.64595;400),(1806485.22472;[0.2384];[-0.7116];7131.42764;[0.2415];[-0.7085];7141.89678;400)]"
8,1,6655.55339338886,[0.1947],[-0.7553],1800735.9688282013,"[(23738.03568;[0.1998];[-0.7502];6700.33948;[0.1947];[-0.7553];6655.55339;100),(63469.50960;[0.1998];[-0.7502];6700.33948;[0.1947];[-0.7553];6655.55339;100),(87296.92960;[0.1998];[-0.7502];6700.33948;[0.1947];[-0.7553];6655.55339;100),(108858.82807;[0.1998];[-0.7502];6700.33948;[0.1947];[-0.7553];6655.55339;100),(141425.95553;[0.1998];[-0.7502];6700.33948;[0.1947];[-0.7553];6655.55339;100),(171233.99734;[0.1998];[-0.7502];6700.33948;[0.1947];[-0.7553];6655.55339;100),(189685.18662;[0.1351];[-0.8149];6242.28627;[0.1316];[-0.8184];6218.48230;100),(220426.75829;[0.056];[-0.894];5996.02477;[0.0544];[-0.8956];5980.77459;100),(242730.36146;[0.0015];[-0.9485];5213.38104;[0.0024];[-0.9476];5205.34144;100),(266178.84040;[0.];[-0.95];4465.08230;[0.];[-0.95];4460.99583;100),(301648.51284;[0.];[-0.95];4459.34533;[0.];[-0.95];4455.26238;100),(342279.40869;[0.];[-0.95];4459.34533;[0.];[-0.95];4455.26238;100),(397671.72623;[0.1921];[-0.7579];6586.63750;[0.1876];[-0.7624];6549.71612;100),(437832.24511;[0.1352];[-0.8148];6243.13410;[0.1315];[-0.8185];6219.51590;100),(471107.08666;[0.0801];[-0.8699];6064.82843;[0.0723];[-0.8777];6047.93466;100),(508337.05974;[0.0118];[-0.9382];5610.28431;[0.0127];[-0.9373];5599.41768;100),(557849.28179;[0.0003];[-0.9497];4989.51971;[0.0004];[-0.9496];4983.12861;100),(581510.29778;[0.0001];[-0.9499];4745.80576;[0.0001];[-0.9499];4740.68954;100),(602618.06631;[0.];[-0.95];4459.34533;[0.];[-0.95];4455.26238;100),(640576.19238;[0.];[-0.95];4459.34533;[0.];[-0.95];4455.26238;100),(693755.09214;[0.];[-0.95];4459.34533;[0.];[-0.95];4455.26238;100),(727555.39465;[0.1907];[-0.7593];6583.22846;[0.1861];[-0.7639];6546.73945;100),(768987.35523;[0.1352];[-0.8148];6246.78316;[0.1314];[-0.8186];6223.23330;100),(810005.89132;[0.0794];[-0.8706];6065.08538;[0.0721];[-0.8779];6048.23575;100),(852069.26417;[0.0119];[-0.9381];5613.65369;[0.0128];[-0.9372];5602.76728;100),(913580.36566;[0.];[-0.95];4459.34533;[0.];[-0.95];4455.26238;100),(952159.53541;[0.];[-0.95];4459.34533;[0.];[-0.95];4455.26238;100),(1001369.34924;[0.1907];[-0.7593];6583.22846;[0.1861];[-0.7639];6546.73945;100),(1041095.43777;[0.1352];[-0.8148];6246.78316;[0.1314];[-0.8186];6223.23330;100),(1087795.33315;[0.0794];[-0.8706];6065.08538;[0.0721];[-0.8779];6048.23575;100),(1131580.60980;[0.0124];[-0.9376];5613.97101;[0.0131];[-0.9369];5603.02932;100),(1173961.23481;[0.];[-0.95];4459.34533;[0.];[-0.95];4455.26238;100),(1222052.28591;[0.];[-0.95];4459.34533;[0.];[-0.95];4455.26238;100),(1257927.34504;[0.1812];[-0.7688];6568.53668;[0.1783];[-0.7717];6534.35527;100),(1284988.89327;[0.1299];[-0.8201];6212.04213;[0.1278];[-0.8222];6190.36412;100),(1306844.14649;[0.0794];[-0.8706];6065.08538;[0.0721];[-0.8779];6048.23575;100),(1331370.06974;[0.0119];[-0.9381];5613.65369;[0.0128];[-0.9372];5602.76728;100),(1344260.28562;[0.];[-0.95];4459.34533;[0.];[-0.95];4455.26238;100),(1371978.13320;[0.1812];[-0.7688];6568.53668;[0.1783];[-0.7717];6534.35527;100),(1382593.23120;[0.1299];[-0.8201];6212.04213;[0.1278];[-0.8222];6190.36412;100),(1404378.28565;[0.0794];[-0.8706];6065.08538;[0.0721];[-0.8779];6048.23575;100),(1420809.47137;[0.0119];[-0.9381];5613.65369;[0.0128];[-0.9372];5602.76728;100),(1442912.13489;[0.0003];[-0.9497];4990.57789;[0.0004];[-0.9496];4984.16457;100),(1449763.14998;[0.0001];[-0.9499];4745.80576;[0.0001];[-0.9499];4740.68954;100),(1458873.05880;[0.0001];[-0.9499];4735.21225;[0.0001];[-0.9499];4730.04076;100),(1468585.79302;[0.0001];[-0.9499];4727.50186;[0.0001];[-0.9499];4722.25217;100),(1478598.89698;[0.0001];[-0.9499];4714.57742;[0.0001];[-0.9499];4709.36029;100),(1491525.28000;[0.0001];[-0.9499];4708.91873;[0.0001];[-0.9499];4703.66244;100),(1498017.25626;[0.0001];[-0.9499];4708.91873;[0.0001];[-0.9499];4703.66244;100),(1507831.70509;[0.0001];[-0.9499];4708.91873;[0.0001];[-0.9499];4703.66244;100),(1521834.56635;[0.1801];[-0.7699];6565.08223;[0.1762];[-0.7738];6531.32745;100),(1532752.93279;[0.1323];[-0.8177];6230.18879;[0.1285];[-0.8215];6207.14003;100),(1546157.42517;[0.0864];[-0.8636];6070.89086;[0.0789];[-0.8711];6053.12994;100),(1564330.66010;[0.0244];[-0.9256];5772.42208;[0.0234];[-0.9266];5759.92908;100),(1579902.74835;[0.0001];[-0.9499];4708.91873;[0.0001];[-0.9499];4703.66244;100),(1598974.13874;[0.0001];[-0.9499];4708.91873;[0.0001];[-0.9499];4703.66244;100),(1612681.52356;[0.1769];[-0.7731];6554.04148;[0.172];[-0.778];6521.40369;100),(1633123.40260;[0.1129];[-0.8371];6207.24034;[0.1077];[-0.8423];6186.62231;100),(1647936.90562;[0.0725];[-0.8775];6044.57528;[0.0678];[-0.8822];6028.14806;100),(1661412.39142;[0.0244];[-0.9256];5772.42208;[0.0234];[-0.9266];5759.92908;100),(1677355.93319;[0.0001];[-0.9499];4708.91873;[0.0001];[-0.9499];4703.66244;100),(1690865.51452;[0.0001];[-0.9499];4708.91873;[0.0001];[-0.9499];4703.66244;100),(1703114.22586;[0.1769];[-0.7731];6554.04148;[0.172];[-0.778];6521.40369;100),(1720131.85596;[0.1129];[-0.8371];6207.24034;[0.1077];[-0.8423];6186.62231;100),(1737101.53508;[0.0725];[-0.8775];6044.57528;[0.0678];[-0.8822];6028.14806;100),(1747294.78979;[0.0244];[-0.9256];5772.42208;[0.0234];[-0.9266];5759.92908;100),(1754846.06814;[0.0001];[-0.9499];4708.91873;[0.0001];[-0.9499];4703.66244;100),(1763014.63723;[0.0001];[-0.9499];4708.91873;[0.0001];[-0.9499];4703.66244;100),(1776724.85590;[0.1782];[-0.7718];6545.90856;[0.1736];[-0.7764];6512.87563;100),(1790352.75912;[0.1129];[-0.8371];6207.24034;[0.1077];[-0.8423];6186.62231;100)]"
7,10,7052.546101038144,[0.2844],[-0.6656],1806992.7492141724,"[(11191.41197;[0.2902];[-0.6598];7245.68945;[0.2844];[-0.6656];7052.54610;100),(44182.70135;[0.2902];[-0.6598];7245.68945;[0.2844];[-0.6656];7052.54610;100),(94056.43582;[0.289];[-0.661];7273.19906;[0.283];[-0.667];7081.91730;200),(143280.54285;[0.289];[-0.661];7273.19906;[0.283];[-0.667];7081.91730;400),(183385.92792;[0.289];[-0.661];7273.19906;[0.283];[-0.667];7081.91730;400),(228455.07669;[0.289];[-0.661];7273.19906;[0.283];[-0.667];7081.91730;400),(272632.73525;[0.289];[-0.661];7273.19906;[0.283];[-0.667];7081.91730;400),(301996.55962;[0.289];[-0.661];7273.19906;[0.283];[-0.667];7081.91730;400),(332792.09089;[0.289];[-0.661];7273.19906;[0.283];[-0.667];7081.91730;400),(373593.80198;[0.289];[-0.661];7273.19906;[0.283];[-0.667];7081.91730;400),(404926.21827;[0.2647];[-0.6853];7142.13938;[0.2547];[-0.6953];7013.48278;400),(428815.26518;[0.202];[-0.748];6700.78888;[0.1937];[-0.7563];6629.92397;400),(448929.06046;[0.0475];[-0.9025];5914.34750;[0.0442];[-0.9058];5883.61180;400),(486811.55157;[0.0104];[-0.9396];5495.74766;[0.0095];[-0.9405];5471.71678;400),(518391.93010;[0.0006];[-0.9494];5018.54196;[0.0006];[-0.9494];5001.45929;400),(546488.48367;[0.0001];[-0.9499];4740.91138;[0.0001];[-0.9499];4726.91368;400),(577999.25923;[0.0001];[-0.9499];4722.74113;[0.0001];[-0.9499];4708.82583;400),(621810.06813;[0.0001];[-0.9499];4717.70764;[0.0001];[-0.9499];4703.64595;400),(641595.37792;[0.];[-0.95];4421.38438;[0.];[-0.95];4411.13931;400),(706688.44104;[0.2874];[-0.6626];7310.17505;[0.2815];[-0.6685];7138.83300;400),(734692.32512;[0.2607];[-0.6893];7077.76242;[0.2494];[-0.7006];6959.36611;400),(782021.98648;[0.2238];[-0.7262];6811.98709;[0.2154];[-0.7346];6727.82747;400),(825723.05846;[0.1783];[-0.7717];6590.95485;[0.1748];[-0.7752];6532.14855;400),(875663.30361;[0.1059];[-0.8441];6267.68534;[0.0964];[-0.8536];6230.09429;400),(933205.91426;[0.0102];[-0.9398];5500.44827;[0.0094];[-0.9406];5476.46641;400),(986945.36304;[0.0006];[-0.9494];5013.40608;[0.0006];[-0.9494];4996.27106;400),(1030250.45562;[0.0001];[-0.9499];4740.91138;[0.0001];[-0.9499];4726.91368;400),(1078342.09228;[0.0001];[-0.9499];4717.70764;[0.0001];[-0.9499];4703.64595;400),(1135673.85983;[0.2874];[-0.6626];7310.17505;[0.2815];[-0.6685];7138.83300;400),(1189097.19443;[0.2607];[-0.6893];7077.76242;[0.2494];[-0.7006];6959.36611;400),(1235920.98117;[0.2233];[-0.7267];6812.26083;[0.2149];[-0.7351];6728.29632;400),(1279888.51452;[0.1782];[-0.7718];6594.77403;[0.1746];[-0.7754];6536.12804;400),(1309811.23328;[0.114];[-0.836];6279.86330;[0.106];[-0.844];6239.31957;400),(1329445.32037;[0.0235];[-0.9265];5665.97158;[0.0218];[-0.9282];5638.28428;400),(1360796.03887;[0.0006];[-0.9494];5016.41611;[0.0006];[-0.9494];4999.28378;400),(1375452.92020;[0.0006];[-0.9494];4985.74470;[0.0005];[-0.9495];4968.66306;400),(1394022.91369;[0.0001];[-0.9499];4717.70764;[0.0001];[-0.9499];4703.64595;400),(1403321.19870;[0.0001];[-0.9499];4717.70764;[0.0001];[-0.9499];4703.64595;400),(1421073.34495;[0.2874];[-0.6626];7310.17505;[0.2815];[-0.6685];7138.83300;400),(1436479.33006;[0.2592];[-0.6908];7063.06322;[0.2497];[-0.7003];6945.90417;400),(1455634.61328;[0.2233];[-0.7267];6812.26083;[0.2149];[-0.7351];6728.29632;400),(1474933.40349;[0.1778];[-0.7722];6597.79013;[0.1741];[-0.7759];6539.27297;400),(1488078.97854;[0.1303];[-0.8197];6392.02556;[0.1245];[-0.8255];6351.00874;400),(1500426.89562;[0.0252];[-0.9248];5702.81875;[0.0231];[-0.9269];5675.20887;400),(1517135.80990;[0.0001];[-0.9499];4717.70764;[0.0001];[-0.9499];4703.64595;400),(1544243.40510;[0.2874];[-0.6626];7310.17505;[0.2815];[-0.6685];7138.83300;400),(1560290.19618;[0.2592];[-0.6908];7063.06322;[0.2497];[-0.7003];6945.90417;400),(1579233.48403;[0.2233];[-0.7267];6812.26083;[0.2149];[-0.7351];6728.29632;400),(1593905.19094;[0.1778];[-0.7722];6597.79013;[0.1741];[-0.7759];6539.27297;400),(1606248.11912;[0.1303];[-0.8197];6392.02556;[0.1245];[-0.8255];6351.00874;400),(1623000.45133;[0.0252];[-0.9248];5702.81875;[0.0231];[-0.9269];5675.20887;400),(1643610.83388;[0.0033];[-0.9467];5241.36170;[0.0029];[-0.9471];5220.98669;400),(1649910.77018;[0.0006];[-0.9494];5003.56099;[0.0005];[-0.9495];4986.56269;400),(1662209.34081;[0.0001];[-0.9499];4717.70764;[0.0001];[-0.9499];4703.64595;400),(1683671.46301;[0.2874];[-0.6626];7310.17505;[0.2815];[-0.6685];7138.83300;400),(1697405.29203;[0.2589];[-0.6911];7069.61421;[0.2478];[-0.7022];6953.01633;400),(1710833.59528;[0.2218];[-0.7282];6790.56904;[0.2137];[-0.7363];6708.23097;400),(1721832.87382;[0.1784];[-0.7716];6599.79889;[0.1748];[-0.7752];6541.13566;400),(1731773.00596;[0.1311];[-0.8189];6407.74051;[0.1259];[-0.8241];6366.79532;400),(1743162.69064;[0.0248];[-0.9252];5712.61105;[0.023];[-0.927];5685.10191;400),(1758113.08932;[0.0035];[-0.9465];5256.91760;[0.0031];[-0.9469];5236.58342;400),(1769854.63548;[0.0006];[-0.9494];5003.84894;[0.0006];[-0.9494];4986.74311;400),(1778657.82213;[0.0006];[-0.9494];4979.97136;[0.0005];[-0.9495];4962.86818;400),(1787894.58966;[0.0006];[-0.9494];4979.97136;[0.0005];[-0.9495];4962.86818;400),(1800471.78268;[0.2874];[-0.6626];7310.17505;[0.2815];[-0.6685];7138.83300;400)]"
8,2,6620.539999285897,[0.2242],[-0.7258],1808337.2178077698,"[(8913.87820;[0.2334];[-0.7166];6733.86321;[0.2236];[-0.7264];6623.90258;100),(47274.80125;[0.2334];[-0.7166];6733.86321;[0.2236];[-0.7264];6623.90258;100),(80250.75936;[0.2334];[-0.7166];6733.86321;[0.2236];[-0.7264];6623.90258;100),(117528.66197;[0.2334];[-0.7166];6733.86321;[0.2236];[-0.7264];6623.90258;100),(154660.06565;[0.2334];[-0.7166];6733.86321;[0.2236];[-0.7264];6623.90258;100),(193343.49537;[0.2334];[-0.7166];6733.86321;[0.2236];[-0.7264];6623.90258;100),(223437.59155;[0.1511];[-0.7989];6378.25179;[0.1446];[-0.8054];6304.85509;100),(254325.01793;[0.0895];[-0.8605];6124.40686;[0.0842];[-0.8658];6074.33694;100),(285813.16638;[0.0242];[-0.9258];5802.93642;[0.0232];[-0.9268];5771.35197;100),(317231.70042;[0.0059];[-0.9441];5433.51386;[0.0061];[-0.9439];5407.32261;100),(338628.95894;[0.0024];[-0.9476];5210.61961;[0.0023];[-0.9477];5186.74524;100),(375907.45187;[0.0002];[-0.9498];4735.20132;[0.0001];[-0.9499];4716.78201;100),(405754.02641;[0.0002];[-0.9498];4722.22201;[0.0001];[-0.9499];4703.70959;100),(440914.77370;[0.0002];[-0.9498];4715.89520;[0.0001];[-0.9499];4697.30835;100),(477504.88734;[0.0002];[-0.9498];4715.89520;[0.0001];[-0.9499];4697.30835;100),(514693.83287;[0.2128];[-0.7372];6679.33668;[0.2001];[-0.7499];6576.98473;100),(554795.40801;[0.1472];[-0.8028];6348.06324;[0.1404];[-0.8096];6277.45810;100),(597150.34533;[0.0966];[-0.8534];6145.66985;[0.0901];[-0.8599];6094.14205;100),(642462.47387;[0.0491];[-0.9009];5976.55719;[0.0465];[-0.9035];5939.25679;100),(678198.32253;[0.0002];[-0.9498];4715.89520;[0.0001];[-0.9499];4697.30835;100),(746278.25165;[0.2093];[-0.7407];6659.35641;[0.1977];[-0.7523];6559.92220;100),(778054.17013;[0.1418];[-0.8082];6327.14213;[0.1367];[-0.8133];6257.47823;100),(813931.65255;[0.0895];[-0.8605];6116.10178;[0.0843];[-0.8657];6065.88684;100),(857157.65238;[0.0242];[-0.9258];5801.74904;[0.0234];[-0.9266];5770.13307;100),(901471.47036;[0.0002];[-0.9498];4715.89520;[0.0001];[-0.9499];4697.30835;100),(927289.86073;[0.2128];[-0.7372];6679.33668;[0.2001];[-0.7499];6576.98473;100),(940362.07366;[0.1511];[-0.7989];6379.20697;[0.1446];[-0.8054];6305.83652;100),(959367.52629;[0.102];[-0.848];6167.34588;[0.0959];[-0.8541];6114.22975;100),(977335.94465;[0.0565];[-0.8935];6019.18504;[0.0544];[-0.8956];5979.70609;100),(991595.57462;[0.0058];[-0.9442];5436.61807;[0.0057];[-0.9443];5410.50209;100),(1004758.00896;[0.0024];[-0.9476];5226.97702;[0.0023];[-0.9477];5203.28706;100),(1012278.94783;[0.0024];[-0.9476];5210.61961;[0.0023];[-0.9477];5186.74524;100),(1025999.28665;[0.0006];[-0.9494];4985.16745;[0.0004];[-0.9496];4964.02532;100),(1037077.00849;[0.0006];[-0.9494];4975.90069;[0.0004];[-0.9496];4954.76568;100),(1044477.53310;[0.0006];[-0.9494];4969.89385;[0.0004];[-0.9496];4948.67401;100),(1056524.97029;[0.0006];[-0.9494];4963.19987;[0.0004];[-0.9496];4941.86551;100),(1063143.47219;[0.0002];[-0.9498];4715.89520;[0.0001];[-0.9499];4697.30835;100),(1072860.40330;[0.0002];[-0.9498];4715.89520;[0.0001];[-0.9499];4697.30835;100),(1089620.99075;[0.2132];[-0.7368];6652.03268;[0.2019];[-0.7481];6550.77214;100),(1107941.83183;[0.2334];[-0.7166];6733.86321;[0.2236];[-0.7264];6623.90258;200),(1114724.66564;[0.2334];[-0.7166];6733.86321;[0.2236];[-0.7264];6623.90258;200),(1132622.95318;[0.2334];[-0.7166];6733.86321;[0.2236];[-0.7264];6623.90258;200),(1149222.36800;[0.2334];[-0.7166];6733.86321;[0.2236];[-0.7264];6623.90258;200),(1166407.73368;[0.2334];[-0.7166];6733.86321;[0.2236];[-0.7264];6623.90258;200),(1176367.16795;[0.2334];[-0.7166];6733.86321;[0.2236];[-0.7264];6623.90258;200),(1190886.25860;[0.1445];[-0.8055];6343.41584;[0.1393];[-0.8107];6273.16689;200),(1198818.22109;[0.0792];[-0.8708];6091.80732;[0.0721];[-0.8779];6047.17246;200),(1208372.60556;[0.0149];[-0.9351];5598.19119;[0.0128];[-0.9372];5569.02104;200),(1218211.54237;[0.0002];[-0.9498];4722.22201;[0.0001];[-0.9499];4703.70959;200),(1226083.92525;[0.0002];[-0.9498];4715.89520;[0.0001];[-0.9499];4697.30835;200),(1232568.95638;[0.0002];[-0.9498];4708.30586;[0.0001];[-0.9499];4689.65300;200),(1247294.50250;[0.2175];[-0.7325];6717.37834;[0.2067];[-0.7433];6614.16504;200),(1262187.81877;[0.2336];[-0.7164];6730.56050;[0.2242];[-0.7258];6620.54000;400),(1275335.73341;[0.2336];[-0.7164];6730.56050;[0.2242];[-0.7258];6620.54000;400),(1288665.89475;[0.2336];[-0.7164];6730.56050;[0.2242];[-0.7258];6620.54000;400),(1303014.99033;[0.2336];[-0.7164];6730.56050;[0.2242];[-0.7258];6620.54000;400),(1314461.79581;[0.2336];[-0.7164];6730.56050;[0.2242];[-0.7258];6620.54000;400),(1324754.89140;[0.2336];[-0.7164];6730.56050;[0.2242];[-0.7258];6620.54000;400),(1336686.19752;[0.2334];[-0.7166];6733.86321;[0.2236];[-0.7264];6623.90258;400),(1345650.67720;[0.1407];[-0.8093];6309.80543;[0.1358];[-0.8142];6240.38867;400),(1354242.95568;[0.0658];[-0.8842];6042.64116;[0.0624];[-0.8876];6000.76355;400),(1364071.02466;[0.0024];[-0.9476];5221.98864;[0.0023];[-0.9477];5198.20037;400),(1374281.00133;[0.0002];[-0.9498];4740.62632;[0.0001];[-0.9499];4722.25217;400),(1384893.81194;[0.0002];[-0.9498];4715.89520;[0.0001];[-0.9499];4697.30835;400),(1393385.98943;[0.];[-0.95];4458.50056;[0.];[-0.95];4442.63032;400),(1399949.25976;[0.];[-0.95];4434.44422;[0.];[-0.95];4418.43801;400),(1408470.97778;[0.];[-0.95];4434.05046;[0.];[-0.95];4418.14055;400),(1418901.90935;[0.];[-0.95];4434.05046;[0.];[-0.95];4418.14055;400),(1426305.12261;[0.2246];[-0.7254];6732.17493;[0.2127];[-0.7373];6625.15392;400),(1445221.80367;[0.2153];[-0.7347];6759.96705;[0.2084];[-0.7416];6659.68396;800),(1459291.93616;[0.2153];[-0.7347];6759.96705;[0.2084];[-0.7416];6659.68396;800),(1468280.69997;[0.2153];[-0.7347];6759.96705;[0.2084];[-0.7416];6659.68396;800),(1479684.29685;[0.2153];[-0.7347];6759.96705;[0.2084];[-0.7416];6659.68396;800),(1487630.85485;[0.2153];[-0.7347];6759.96705;[0.2084];[-0.7416];6659.68396;800),(1495035.39705;[0.2153];[-0.7347];6759.96705;[0.2084];[-0.7416];6659.68396;800),(1507770.04242;[0.2153];[-0.7347];6759.96705;[0.2084];[-0.7416];6659.68396;800),(1519232.71513;[0.2153];[-0.7347];6759.96705;[0.2084];[-0.7416];6659.68396;800),(1523566.66112;[0.1322];[-0.8178];6287.48683;[0.1286];[-0.8214];6220.22074;800),(1529941.85066;[0.0495];[-0.9005];5994.22224;[0.0471];[-0.9029];5956.95737;800),(1533772.14909;[0.0024];[-0.9476];5221.98864;[0.0023];[-0.9477];5198.20037;800),(1542217.15069;[0.0002];[-0.9498];4740.62632;[0.0001];[-0.9499];4722.25217;800),(1550240.52358;[0.];[-0.95];4476.76788;[0.];[-0.95];4461.07848;800),(1557636.93452;[0.];[-0.95];4202.97179;[0.];[-0.95];4190.71540;800),(1562916.40759;[0.];[-0.95];4183.18672;[0.];[-0.95];4170.90641;800),(1573109.73144;[0.];[-0.95];4183.18672;[0.];[-0.95];4170.90641;800),(1580792.08493;[0.];[-0.95];4183.18672;[0.];[-0.95];4170.90641;800),(1596781.57496;[0.2144];[-0.7356];6723.66936;[0.2037];[-0.7463];6622.28478;800),(1609601.13859;[0.1665];[-0.7835];6452.05292;[0.1605];[-0.7895];6372.22152;800),(1621977.77843;[0.1168];[-0.8332];6206.72920;[0.1116];[-0.8384];6146.95399;800),(1629919.76643;[0.0641];[-0.8859];6035.53050;[0.061];[-0.889];5993.96238;800),(1639282.42612;[0.0148];[-0.9352];5620.49822;[0.0127];[-0.9373];5591.58353;800),(1649379.45294;[0.0006];[-0.9494];5002.59963;[0.0004];[-0.9496];4981.67141;800),(1660936.32913;[0.];[-0.95];4498.08882;[0.];[-0.95];4482.59667;800),(1679290.19666;[0.];[-0.95];4211.11177;[0.];[-0.95];4198.97368;800),(1687186.94854;[0.];[-0.95];4183.18672;[0.];[-0.95];4170.90641;800),(1693832.26061;[0.];[-0.95];4183.18672;[0.];[-0.95];4170.90641;800),(1696457.85666;[0.];[-0.95];4183.18672;[0.];[-0.95];4170.90641;800),(1703023.31209;[0.];[-0.95];4183.18672;[0.];[-0.95];4170.90641;800),(1713630.89442;[0.2114];[-0.7386];6720.81894;[0.1991];[-0.7509];6621.53516;800),(1725501.78337;[0.1665];[-0.7835];6452.05292;[0.1605];[-0.7895];6372.22152;800),(1736915.48705;[0.1171];[-0.8329];6215.52538;[0.1133];[-0.8367];6158.08150;800),(1747982.24664;[0.0641];[-0.8859];6038.15943;[0.061];[-0.889];5996.62651;800),(1758075.49191;[0.0149];[-0.9351];5623.77959;[0.0128];[-0.9372];5594.83966;800),(1765678.07007;[0.0006];[-0.9494];5004.44927;[0.0004];[-0.9496];4983.53818;800),(1773519.82951;[0.];[-0.95];4498.08882;[0.];[-0.95];4482.59667;800),(1783388.87525;[0.];[-0.95];4183.18672;[0.];[-0.95];4170.90641;800),(1792075.81425;[0.];[-0.95];4183.18672;[0.];[-0.95];4170.90641;800),(1801088.77897;[0.2114];[-0.7386];6720.81894;[0.1991];[-0.7509];6621.53516;800)]"
8,3,6628.536637108491,[0.1963],[-0.7537],1800901.8712043762,"[(35511.81722;[0.1951];[-0.7549];6626.47500;[0.1963];[-0.7537];6628.53664;100),(68114.84718;[0.1951];[-0.7549];6626.47500;[0.1963];[-0.7537];6628.53664;100),(134871.31119;[0.1951];[-0.7549];6626.47500;[0.1963];[-0.7537];6628.53664;100),(181827.29793;[0.1951];[-0.7549];6626.47500;[0.1963];[-0.7537];6628.53664;100),(219773.65708;[0.1951];[-0.7549];6626.47500;[0.1963];[-0.7537];6628.53664;100),(259522.96829;[0.1951];[-0.7549];6626.47500;[0.1963];[-0.7537];6628.53664;100),(284319.41676;[0.0756];[-0.8744];6087.48924;[0.0757];[-0.8743];6079.59673;100),(321634.06730;[0.0382];[-0.9118];5936.81899;[0.0366];[-0.9134];5929.50197;100),(363522.73917;[0.0049];[-0.9451];5424.51762;[0.0052];[-0.9448];5420.33246;100),(408621.68670;[0.0024];[-0.9476];5202.01870;[0.0023];[-0.9477];5198.20037;100),(458018.64290;[0.0006];[-0.9494];4976.64023;[0.0004];[-0.9496];4973.45857;100),(491602.90694;[0.];[-0.95];4743.33243;[0.0001];[-0.9499];4740.68954;100),(513444.86928;[0.];[-0.95];4729.41845;[0.0001];[-0.9499];4726.63734;100),(540926.38230;[0.];[-0.95];4478.60473;[0.];[-0.95];4476.20538;100),(584909.27505;[0.];[-0.95];4467.41142;[0.];[-0.95];4464.99801;100),(626362.08224;[0.];[-0.95];4463.21081;[0.];[-0.95];4460.74693;100),(658394.99283;[0.];[-0.95];4463.21081;[0.];[-0.95];4460.74693;100),(705461.73573;[0.];[-0.95];4463.21081;[0.];[-0.95];4460.74693;100),(733764.58240;[0.1951];[-0.7549];6626.47500;[0.1963];[-0.7537];6628.53664;100),(778527.23026;[0.1308];[-0.8192];6339.08234;[0.1373];[-0.8127];6331.58075;100),(797990.15665;[0.0756];[-0.8744];6087.48924;[0.0757];[-0.8743];6079.59673;100),(822381.29473;[0.0145];[-0.9355];5608.04134;[0.0132];[-0.9368];5602.42092;100),(852144.05584;[0.];[-0.95];4463.21081;[0.];[-0.95];4460.74693;100),(889242.55013;[0.1885];[-0.7615];6606.13814;[0.1893];[-0.7607];6608.83866;100),(902115.61704;[0.139];[-0.811];6326.01232;[0.1429];[-0.8071];6315.30981;100),(914069.87762;[0.0662];[-0.8838];6054.95482;[0.0664];[-0.8836];6046.60963;100),(926879.26245;[0.0057];[-0.9443];5412.44212;[0.0057];[-0.9443];5407.86038;100),(970526.31807;[0.];[-0.95];4463.21081;[0.];[-0.95];4460.74693;100),(980531.44741;[0.1951];[-0.7549];6626.47500;[0.1963];[-0.7537];6628.53664;100),(1001827.51417;[0.1552];[-0.7948];6370.62415;[0.1572];[-0.7928];6360.24228;100),(1017678.23672;[0.0824];[-0.8676];6102.59032;[0.0837];[-0.8663];6095.02313;100),(1027591.77732;[0.0335];[-0.9165];5801.55718;[0.0323];[-0.9177];5794.50212;100),(1038716.83192;[0.0006];[-0.9494];4986.80194;[0.0004];[-0.9496];4983.83643;100),(1048919.97933;[0.];[-0.95];4744.33052;[0.0001];[-0.9499];4741.77348;100),(1059901.38221;[0.];[-0.95];4463.21081;[0.];[-0.95];4460.74693;100),(1073514.40096;[0.];[-0.95];4463.21081;[0.];[-0.95];4460.74693;100),(1084518.23425;[0.1894];[-0.7606];6601.02665;[0.19];[-0.76];6602.91472;100),(1098124.87411;[0.1275];[-0.8225];6325.24078;[0.1339];[-0.8161];6317.28675;100),(1114662.13298;[0.0764];[-0.8736];6088.23695;[0.0771];[-0.8729];6080.25409;100),(1132241.66870;[0.0255];[-0.9245];5776.51601;[0.0234];[-0.9266];5770.13307;100),(1148350.26288;[0.];[-0.95];4463.21081;[0.];[-0.95];4460.74693;100),(1164491.07599;[0.];[-0.95];4463.21081;[0.];[-0.95];4460.74693;100),(1179519.62805;[0.1894];[-0.7606];6601.02665;[0.19];[-0.76];6602.91472;100),(1189425.52710;[0.1275];[-0.8225];6325.24078;[0.1339];[-0.8161];6317.28675;100),(1200810.79388;[0.0764];[-0.8736];6088.23695;[0.0771];[-0.8729];6080.25409;100),(1210411.16357;[0.0255];[-0.9245];5776.51601;[0.0234];[-0.9266];5770.13307;100),(1223683.61044;[0.];[-0.95];4463.21081;[0.];[-0.95];4460.74693;100),(1242004.66943;[0.];[-0.95];4463.21081;[0.];[-0.95];4460.74693;100),(1252106.36449;[0.1869];[-0.7631];6583.09625;[0.1881];[-0.7619];6584.57454;100),(1262228.29819;[0.1275];[-0.8225];6325.24078;[0.1339];[-0.8161];6317.28675;100),(1275359.43627;[0.0764];[-0.8736];6088.23695;[0.0771];[-0.8729];6080.25409;100),(1287912.81605;[0.0255];[-0.9245];5776.51601;[0.0234];[-0.9266];5770.13307;100),(1296978.52230;[0.];[-0.95];4463.21081;[0.];[-0.95];4460.74693;100),(1311014.25147;[0.];[-0.95];4463.21081;[0.];[-0.95];4460.74693;100),(1318722.10455;[0.1869];[-0.7631];6583.09625;[0.1881];[-0.7619];6584.57454;100),(1327042.18602;[0.1275];[-0.8225];6325.24078;[0.1339];[-0.8161];6317.28675;100),(1335809.16643;[0.0764];[-0.8736];6088.23695;[0.0771];[-0.8729];6080.25409;100),(1344254.57621;[0.0255];[-0.9245];5776.51601;[0.0234];[-0.9266];5770.13307;100),(1355191.92147;[0.];[-0.95];4463.21081;[0.];[-0.95];4460.74693;100),(1366797.60003;[0.];[-0.95];4463.21081;[0.];[-0.95];4460.74693;100),(1376148.84114;[0.1777];[-0.7723];6559.71446;[0.178];[-0.772];6561.51645;100),(1387849.29800;[0.135];[-0.815];6310.67382;[0.1396];[-0.8104];6299.38133;100),(1395645.29705;[0.0706];[-0.8794];6067.59536;[0.0698];[-0.8802];6059.83644;100),(1406804.82221;[0.0255];[-0.9245];5776.51601;[0.0234];[-0.9266];5770.13307;100),(1416977.23341;[0.];[-0.95];4463.21081;[0.];[-0.95];4460.74693;100),(1426059.69191;[0.];[-0.95];4463.21081;[0.];[-0.95];4460.74693;100),(1437266.20817;[0.1777];[-0.7723];6559.71446;[0.178];[-0.772];6561.51645;100),(1448335.48236;[0.135];[-0.815];6310.67382;[0.1396];[-0.8104];6299.38133;100),(1457338.34052;[0.0706];[-0.8794];6067.59536;[0.0698];[-0.8802];6059.83644;100),(1469670.67242;[0.0255];[-0.9245];5776.51601;[0.0234];[-0.9266];5770.13307;100),(1480950.71507;[0.];[-0.95];4463.21081;[0.];[-0.95];4460.74693;100),(1493422.58382;[0.];[-0.95];4463.21081;[0.];[-0.95];4460.74693;100),(1500181.37360;[0.1786];[-0.7714];6515.82327;[0.1794];[-0.7706];6512.61486;100),(1508313.91382;[0.135];[-0.815];6310.67382;[0.1396];[-0.8104];6299.38133;100),(1517320.40882;[0.0706];[-0.8794];6067.59536;[0.0698];[-0.8802];6059.83644;100),(1524018.37683;[0.0253];[-0.9247];5775.93829;[0.0229];[-0.9271];5769.59793;100),(1531772.67528;[0.];[-0.95];4463.21081;[0.];[-0.95];4460.74693;100),(1537547.10436;[0.];[-0.95];4463.21081;[0.];[-0.95];4460.74693;100),(1548442.51132;[0.1786];[-0.7714];6515.82327;[0.1794];[-0.7706];6512.61486;100),(1559993.75749;[0.135];[-0.815];6310.67382;[0.1396];[-0.8104];6299.38133;100),(1569034.84583;[0.0706];[-0.8794];6067.59536;[0.0698];[-0.8802];6059.83644;100),(1574520.50638;[0.0253];[-0.9247];5775.93829;[0.0229];[-0.9271];5769.59793;100),(1581819.70191;[0.];[-0.95];4463.21081;[0.];[-0.95];4460.74693;100),(1594527.68707;[0.];[-0.95];4463.21081;[0.];[-0.95];4460.74693;100),(1598868.23559;[0.1786];[-0.7714];6515.82327;[0.1794];[-0.7706];6512.61486;100),(1607936.09715;[0.1117];[-0.8383];6280.12524;[0.1164];[-0.8336];6271.73948;100),(1619559.85641;[0.0706];[-0.8794];6067.59536;[0.0698];[-0.8802];6059.83644;100),(1625697.81756;[0.0253];[-0.9247];5775.93829;[0.0229];[-0.9271];5769.59793;100),(1637354.44784;[0.];[-0.95];4463.21081;[0.];[-0.95];4460.74693;100),(1647501.83964;[0.];[-0.95];4463.21081;[0.];[-0.95];4460.74693;100),(1656593.76383;[0.1786];[-0.7714];6515.82327;[0.1794];[-0.7706];6512.61486;100),(1665374.81403;[0.1117];[-0.8383];6280.12524;[0.1164];[-0.8336];6271.73948;100),(1673174.95441;[0.0706];[-0.8794];6067.59536;[0.0698];[-0.8802];6059.83644;100),(1678958.00090;[0.0253];[-0.9247];5775.93829;[0.0229];[-0.9271];5769.59793;100),(1687946.97022;[0.];[-0.95];4463.21081;[0.];[-0.95];4460.74693;100),(1695706.18510;[0.];[-0.95];4463.21081;[0.];[-0.95];4460.74693;100),(1701648.40221;[0.1786];[-0.7714];6515.82327;[0.1794];[-0.7706];6512.61486;100),(1709301.66316;[0.1117];[-0.8383];6280.12524;[0.1164];[-0.8336];6271.73948;100),(1715565.27019;[0.0706];[-0.8794];6067.59536;[0.0698];[-0.8802];6059.83644;100),(1724455.22213;[0.0253];[-0.9247];5775.93829;[0.0229];[-0.9271];5769.59793;100),(1735753.86333;[0.];[-0.95];4463.21081;[0.];[-0.95];4460.74693;100),(1746368.85118;[0.];[-0.95];4463.21081;[0.];[-0.95];4460.74693;100),(1756420.68958;[0.1786];[-0.7714];6515.82327;[0.1794];[-0.7706];6512.61486;100),(1764354.02727;[0.1117];[-0.8383];6280.12524;[0.1164];[-0.8336];6271.73948;100),(1771251.02162;[0.0706];[-0.8794];6067.59536;[0.0698];[-0.8802];6059.83644;100),(1779203.26972;[0.0253];[-0.9247];5775.93829;[0.0229];[-0.9271];5769.59793;100),(1784565.22250;[0.];[-0.95];4463.21081;[0.];[-0.95];4460.74693;100),(1796156.76594;[0.];[-0.95];4463.21081;[0.];[-0.95];4460.74693;100)]"
8,9,6614.077379201419,[0.2239],[-0.7261],1804095.5555438995,"[(14238.80744;[0.2238];[-0.7262];6597.30119;[0.2239];[-0.7261];6614.07738;100),(30552.19984;[0.2238];[-0.7262];6597.30119;[0.2239];[-0.7261];6614.07738;100),(60420.08042;[0.2238];[-0.7262];6597.30119;[0.2239];[-0.7261];6614.07738;100),(90121.82426;[0.2238];[-0.7262];6597.30119;[0.2239];[-0.7261];6614.07738;100),(109954.63943;[0.2238];[-0.7262];6597.30119;[0.2239];[-0.7261];6614.07738;100),(128430.76944;[0.2238];[-0.7262];6597.30119;[0.2239];[-0.7261];6614.07738;100),(141550.05527;[0.1493];[-0.8007];6335.16131;[0.1516];[-0.7984];6332.36999;100),(162944.95201;[0.2165];[-0.7335];6630.65255;[0.2164];[-0.7336];6647.11050;200),(190332.91793;[0.1966];[-0.7534];6643.28280;[0.1986];[-0.7514];6659.60777;400),(204297.52755;[0.1966];[-0.7534];6643.28280;[0.1986];[-0.7514];6659.60777;400),(220247.43414;[0.1966];[-0.7534];6643.28280;[0.1986];[-0.7514];6659.60777;400),(232046.95249;[0.1966];[-0.7534];6643.28280;[0.1986];[-0.7514];6659.60777;400),(246706.38537;[0.1966];[-0.7534];6643.28280;[0.1986];[-0.7514];6659.60777;400),(261332.55363;[0.1966];[-0.7534];6643.28280;[0.1986];[-0.7514];6659.60777;400),(275845.90459;[0.1966];[-0.7534];6643.28280;[0.1986];[-0.7514];6659.60777;400),(284651.89075;[0.1329];[-0.8171];6262.44846;[0.1358];[-0.8142];6256.37874;400),(296750.76771;[0.0614];[-0.8886];6009.12561;[0.0615];[-0.8885];6005.53432;400),(307675.00448;[0.0059];[-0.9441];5408.87069;[0.0057];[-0.9443];5407.86038;400),(321704.48661;[0.0007];[-0.9493];4970.51612;[0.0004];[-0.9496];4969.50716;400),(331320.90259;[0.];[-0.95];4476.66529;[0.];[-0.95];4476.20538;400),(345665.67254;[0.];[-0.95];4205.31089;[0.];[-0.95];4204.97150;400),(355339.11204;[0.];[-0.95];4191.14506;[0.];[-0.95];4190.71540;400),(362723.71602;[0.];[-0.95];4184.92831;[0.];[-0.95];4184.49841;400),(373361.12738;[0.];[-0.95];4171.38069;[0.];[-0.95];4170.90641;400),(381456.82096;[0.];[-0.95];4171.38069;[0.];[-0.95];4170.90641;400),(392749.19009;[0.];[-0.95];4171.38069;[0.];[-0.95];4170.90641;400),(404335.00481;[0.1794];[-0.7706];6599.13229;[0.1831];[-0.7669];6607.77713;400),(416955.58310;[0.1413];[-0.8087];6357.60888;[0.1445];[-0.8055];6352.34382;400),(431820.67513;[0.1093];[-0.8407];6163.41667;[0.1133];[-0.8367];6158.08150;400),(441842.48686;[0.0614];[-0.8886];6009.12561;[0.0615];[-0.8885];6005.53432;400),(452696.73443;[0.0129];[-0.9371];5601.66985;[0.0127];[-0.9373];5600.47877;400),(465043.84851;[0.0006];[-0.9494];4964.33532;[0.0004];[-0.9496];4963.34114;400),(477495.29219;[0.];[-0.95];4171.38069;[0.];[-0.95];4170.90641;400),(501615.48877;[0.1794];[-0.7706];6599.13229;[0.1831];[-0.7669];6607.77713;400),(513723.21391;[0.1413];[-0.8087];6357.60888;[0.1445];[-0.8055];6352.34382;400),(523063.88569;[0.1093];[-0.8407];6163.41667;[0.1133];[-0.8367];6158.08150;400),(533364.96353;[0.0614];[-0.8886];6009.12561;[0.0615];[-0.8885];6005.53432;400),(544885.59389;[0.0129];[-0.9371];5601.66985;[0.0127];[-0.9373];5600.47877;400),(555037.03308;[0.0006];[-0.9494];4964.33532;[0.0004];[-0.9496];4963.34114;400),(569505.16582;[0.];[-0.95];4461.54029;[0.];[-0.95];4460.99583;400),(578335.35624;[0.];[-0.95];4200.62626;[0.];[-0.95];4200.24880;400),(588600.23451;[0.];[-0.95];4191.11649;[0.];[-0.95];4190.69831;400),(594875.22936;[0.];[-0.95];4177.16495;[0.];[-0.95];4176.71812;400),(602765.18250;[0.];[-0.95];4171.38069;[0.];[-0.95];4170.90641;400),(611414.18624;[0.];[-0.95];4171.38069;[0.];[-0.95];4170.90641;400),(614449.32342;[0.];[-0.95];4171.38069;[0.];[-0.95];4170.90641;400),(621323.98033;[0.1794];[-0.7706];6599.13229;[0.1831];[-0.7669];6607.77713;400),(630269.28997;[0.1413];[-0.8087];6357.60888;[0.1445];[-0.8055];6352.34382;400),(641829.41079;[0.1093];[-0.8407];6163.41667;[0.1133];[-0.8367];6158.08150;400),(651795.26567;[0.0614];[-0.8886];6009.12561;[0.0615];[-0.8885];6005.53432;400),(659420.11070;[0.0133];[-0.9367];5603.73549;[0.0128];[-0.9372];5602.53315;400),(670996.91629;[0.0006];[-0.9494];4976.97470;[0.0004];[-0.9496];4976.07684;400),(680842.16142;[0.];[-0.95];4171.38069;[0.];[-0.95];4170.90641;400),(689563.70902;[0.];[-0.95];4171.38069;[0.];[-0.95];4170.90641;400),(702380.41091;[0.1777];[-0.7723];6591.31248;[0.1819];[-0.7681];6599.48451;400),(715196.87223;[0.1413];[-0.8087];6357.60888;[0.1445];[-0.8055];6352.34382;400),(727185.96101;[0.1093];[-0.8407];6163.41667;[0.1133];[-0.8367];6158.08150;400),(737537.70351;[0.0614];[-0.8886];6009.12561;[0.0615];[-0.8885];6005.53432;400),(746324.76568;[0.0133];[-0.9367];5603.73549;[0.0128];[-0.9372];5602.53315;400),(761379.64320;[0.0006];[-0.9494];4976.97470;[0.0004];[-0.9496];4976.07684;400),(775076.23553;[0.];[-0.95];4171.38069;[0.];[-0.95];4170.90641;400),(783258.34417;[0.];[-0.95];4171.38069;[0.];[-0.95];4170.90641;400),(795645.43271;[0.1777];[-0.7723];6591.31248;[0.1819];[-0.7681];6599.48451;400),(804504.54378;[0.1414];[-0.8086];6357.62301;[0.1446];[-0.8054];6352.33573;400),(815287.62531;[0.1093];[-0.8407];6163.41667;[0.1133];[-0.8367];6158.08150;400),(825978.76716;[0.0614];[-0.8886];6009.12561;[0.0615];[-0.8885];6005.53432;400),(833858.73246;[0.0133];[-0.9367];5603.73549;[0.0128];[-0.9372];5602.53315;400),(844272.57013;[0.0007];[-0.9493];4977.08772;[0.0004];[-0.9496];4976.16153;400),(853621.51217;[0.];[-0.95];4171.38069;[0.];[-0.95];4170.90641;400),(859377.36249;[0.];[-0.95];4171.38069;[0.];[-0.95];4170.90641;400),(866027.22478;[0.1777];[-0.7723];6591.31248;[0.1819];[-0.7681];6599.48451;400),(878709.97620;[0.1455];[-0.8045];6357.04772;[0.148];[-0.802];6352.38382;400),(885742.68603;[0.1079];[-0.8421];6146.78620;[0.1108];[-0.8392];6146.84205;400),(898532.71651;[0.0614];[-0.8886];6009.12561;[0.0615];[-0.8885];6005.53432;400),(904001.69396;[0.0133];[-0.9367];5603.73549;[0.0128];[-0.9372];5602.53315;400),(911772.37225;[0.0007];[-0.9493];4977.08772;[0.0004];[-0.9496];4976.16153;400),(920486.18579;[0.];[-0.95];4171.38069;[0.];[-0.95];4170.90641;400),(928306.04339;[0.];[-0.95];4171.38069;[0.];[-0.95];4170.90641;400),(937921.60487;[0.1777];[-0.7723];6591.31248;[0.1819];[-0.7681];6599.48451;400),(951065.62328;[0.1455];[-0.8045];6357.04772;[0.148];[-0.802];6352.38382;400),(961090.24787;[0.1079];[-0.8421];6146.78620;[0.1108];[-0.8392];6146.84205;400),(974550.71592;[0.0614];[-0.8886];6009.12561;[0.0615];[-0.8885];6005.53432;400),(981147.54510;[0.0133];[-0.9367];5603.73549;[0.0128];[-0.9372];5602.53315;400),(990196.46835;[0.0007];[-0.9493];4977.08772;[0.0004];[-0.9496];4976.16153;400),(998985.02755;[0.];[-0.95];4171.38069;[0.];[-0.95];4170.90641;400),(1013599.34878;[0.];[-0.95];4171.38069;[0.];[-0.95];4170.90641;400),(1021732.06663;[0.1777];[-0.7723];6591.31248;[0.1819];[-0.7681];6599.48451;400),(1031591.88533;[0.1455];[-0.8045];6357.04772;[0.148];[-0.802];6352.38382;400),(1039681.93722;[0.1079];[-0.8421];6146.78620;[0.1108];[-0.8392];6146.84205;400),(1047085.79516;[0.0614];[-0.8886];6009.12561;[0.0615];[-0.8885];6005.53432;400),(1053619.79556;[0.0133];[-0.9367];5603.73549;[0.0128];[-0.9372];5602.53315;400),(1062249.58086;[0.0007];[-0.9493];4977.08772;[0.0004];[-0.9496];4976.16153;400),(1067505.76830;[0.];[-0.95];4171.38069;[0.];[-0.95];4170.90641;400),(1077892.18903;[0.1777];[-0.7723];6591.31248;[0.1819];[-0.7681];6599.48451;400),(1086878.05676;[0.1455];[-0.8045];6357.04772;[0.148];[-0.802];6352.38382;400),(1095062.91986;[0.1079];[-0.8421];6146.78620;[0.1108];[-0.8392];6146.84205;400),(1105232.75685;[0.0614];[-0.8886];6009.12561;[0.0615];[-0.8885];6005.53432;400),(1115100.04759;[0.0133];[-0.9367];5603.73549;[0.0128];[-0.9372];5602.53315;400),(1122841.80665;[0.0007];[-0.9493];4977.08772;[0.0004];[-0.9496];4976.16153;400),(1134616.57262;[0.];[-0.95];4472.64507;[0.];[-0.95];4472.14238;400),(1143395.55979;[0.];[-0.95];4200.62626;[0.];[-0.95];4200.24880;400),(1151052.92034;[0.];[-0.95];4191.14506;[0.];[-0.95];4190.71540;400),(1153847.42594;[0.];[-0.95];4171.38069;[0.];[-0.95];4170.90641;400),(1158736.15170;[0.];[-0.95];4171.38069;[0.];[-0.95];4170.90641;400),(1167361.35006;[0.];[-0.95];4171.38069;[0.];[-0.95];4170.90641;400),(1171227.01383;[0.];[-0.95];4171.38069;[0.];[-0.95];4170.90641;400),(1181964.20979;[0.1735];[-0.7765];6580.36480;[0.177];[-0.773];6586.85761;400),(1191000.84758;[0.1285];[-0.8215];6338.88850;[0.1323];[-0.8177];6335.43785;400),(1198225.24095;[0.1078];[-0.8422];6148.73749;[0.1112];[-0.8388];6148.90221;400),(1208617.02657;[0.0614];[-0.8886];6009.12561;[0.0615];[-0.8885];6005.53432;400),(1216606.35614;[0.0132];[-0.9368];5603.93637;[0.0128];[-0.9372];5602.76728;400),(1225667.53078;[0.0007];[-0.9493];4979.47190;[0.0004];[-0.9496];4978.55344;400),(1233770.63417;[0.];[-0.95];4171.38069;[0.];[-0.95];4170.90641;400),(1244391.42036;[0.1754];[-0.7746];6579.57496;[0.1793];[-0.7707];6585.90010;400),(1251188.71379;[0.1285];[-0.8215];6338.88850;[0.1323];[-0.8177];6335.43785;400),(1261524.74117;[0.1078];[-0.8422];6148.73749;[0.1112];[-0.8388];6148.90221;400),(1272229.30908;[0.0614];[-0.8886];6009.12561;[0.0615];[-0.8885];6005.53432;400),(1281413.10859;[0.0132];[-0.9368];5603.93637;[0.0128];[-0.9372];5602.76728;400),(1288070.15800;[0.0007];[-0.9493];4979.47190;[0.0004];[-0.9496];4978.55344;400),(1296971.90404;[0.];[-0.95];4479.55304;[0.];[-0.95];4479.15531;400),(1303725.83222;[0.];[-0.95];4461.28450;[0.];[-0.95];4460.74693;400),(1308323.55428;[0.];[-0.95];4191.14506;[0.];[-0.95];4190.71540;400),(1314734.56717;[0.];[-0.95];4177.16495;[0.];[-0.95];4176.71812;400),(1321202.66151;[0.];[-0.95];4171.38069;[0.];[-0.95];4170.90641;400),(1326238.87944;[0.];[-0.95];4171.38069;[0.];[-0.95];4170.90641;400),(1332585.83951;[0.];[-0.95];4171.38069;[0.];[-0.95];4170.90641;400),(1340279.11305;[0.1715];[-0.7785];6573.42389;[0.1746];[-0.7754];6579.75982;400),(1346615.90362;[0.1285];[-0.8215];6338.88850;[0.1323];[-0.8177];6335.43785;400),(1354720.23702;[0.1049];[-0.8451];6152.29584;[0.1088];[-0.8412];6146.20953;400),(1362808.63309;[0.0614];[-0.8886];6009.12561;[0.0615];[-0.8885];6005.53432;400),(1372461.77435;[0.0246];[-0.9254];5741.58070;[0.0235];[-0.9265];5740.06277;400),(1380816.26678;[0.0007];[-0.9493];4984.38794;[0.0004];[-0.9496];4983.53818;400),(1389563.36355;[0.];[-0.95];4171.38069;[0.];[-0.95];4170.90641;400),(1400184.44920;[0.];[-0.95];4171.38069;[0.];[-0.95];4170.90641;400),(1408615.34548;[0.1715];[-0.7785];6573.42389;[0.1746];[-0.7754];6579.75982;400),(1415806.14448;[0.1285];[-0.8215];6338.88850;[0.1323];[-0.8177];6335.43785;400),(1425334.09357;[0.1049];[-0.8451];6152.29584;[0.1088];[-0.8412];6146.20953;400),(1433390.31363;[0.0614];[-0.8886];6009.12561;[0.0615];[-0.8885];6005.53432;400),(1441852.67377;[0.0246];[-0.9254];5741.58070;[0.0235];[-0.9265];5740.06277;400),(1448418.23101;[0.0007];[-0.9493];4984.38794;[0.0004];[-0.9496];4983.53818;400),(1454316.33377;[0.];[-0.95];4171.38069;[0.];[-0.95];4170.90641;400),(1462236.54556;[0.];[-0.95];4171.38069;[0.];[-0.95];4170.90641;400),(1473894.87481;[0.1715];[-0.7785];6573.42389;[0.1746];[-0.7754];6579.75982;400),(1480509.21512;[0.1285];[-0.8215];6338.88850;[0.1323];[-0.8177];6335.43785;400),(1486299.56746;[0.1049];[-0.8451];6152.29584;[0.1088];[-0.8412];6146.20953;400),(1497763.97800;[0.0614];[-0.8886];6009.12561;[0.0615];[-0.8885];6005.53432;400),(1508596.16160;[0.0246];[-0.9254];5741.58070;[0.0235];[-0.9265];5740.06277;400),(1515199.43881;[0.0007];[-0.9493];4984.38794;[0.0004];[-0.9496];4983.53818;400),(1520562.66570;[0.];[-0.95];4171.38069;[0.];[-0.95];4170.90641;400),(1527699.77593;[0.];[-0.95];4171.38069;[0.];[-0.95];4170.90641;400),(1535576.80273;[0.1715];[-0.7785];6573.42389;[0.1746];[-0.7754];6579.75982;400),(1542567.87586;[0.1285];[-0.8215];6338.88850;[0.1323];[-0.8177];6335.43785;400),(1550698.74644;[0.1049];[-0.8451];6152.29584;[0.1088];[-0.8412];6146.20953;400),(1558336.27057;[0.0614];[-0.8886];6009.12561;[0.0615];[-0.8885];6005.53432;400),(1567680.26590;[0.0246];[-0.9254];5741.58070;[0.0235];[-0.9265];5740.06277;400),(1575456.37155;[0.0007];[-0.9493];4984.38794;[0.0004];[-0.9496];4983.53818;400),(1583328.66597;[0.];[-0.95];4171.38069;[0.];[-0.95];4170.90641;400),(1588824.26858;[0.];[-0.95];4171.38069;[0.];[-0.95];4170.90641;400),(1594806.88810;[0.1741];[-0.7759];6569.47132;[0.179];[-0.771];6576.86924;400),(1602239.60972;[0.143];[-0.807];6344.54458;[0.1463];[-0.8037];6338.87509;400),(1610675.96316;[0.1049];[-0.8451];6152.29584;[0.1088];[-0.8412];6146.20953;400),(1618673.42401;[0.0614];[-0.8886];6009.12561;[0.0615];[-0.8885];6005.53432;400),(1628537.22024;[0.0246];[-0.9254];5741.58070;[0.0235];[-0.9265];5740.06277;400),(1638505.33247;[0.0007];[-0.9493];4984.38794;[0.0004];[-0.9496];4983.53818;400),(1646401.82352;[0.];[-0.95];4171.38069;[0.];[-0.95];4170.90641;400),(1654892.95292;[0.];[-0.95];4171.38069;[0.];[-0.95];4170.90641;400),(1665588.60612;[0.1741];[-0.7759];6569.47132;[0.179];[-0.771];6576.86924;400),(1674900.34842;[0.143];[-0.807];6344.54458;[0.1463];[-0.8037];6338.87509;400),(1684336.91525;[0.1049];[-0.8451];6152.29584;[0.1088];[-0.8412];6146.20953;400),(1691039.62946;[0.0614];[-0.8886];6009.12561;[0.0615];[-0.8885];6005.53432;400),(1700367.31052;[0.0246];[-0.9254];5741.58070;[0.0235];[-0.9265];5740.06277;400),(1711342.24963;[0.0007];[-0.9493];4984.38794;[0.0004];[-0.9496];4983.53818;400),(1721600.86131;[0.];[-0.95];4171.38069;[0.];[-0.95];4170.90641;400),(1731424.25132;[0.];[-0.95];4171.38069;[0.];[-0.95];4170.90641;400),(1738424.14594;[0.1696];[-0.7804];6562.02696;[0.1724];[-0.7776];6567.89478;400),(1746128.97563;[0.143];[-0.807];6344.54458;[0.1463];[-0.8037];6338.87509;400),(1753000.04315;[0.1049];[-0.8451];6152.29584;[0.1088];[-0.8412];6146.20953;400),(1761925.78578;[0.0614];[-0.8886];6009.12561;[0.0615];[-0.8885];6005.53432;400),(1774053.05505;[0.0246];[-0.9254];5741.58070;[0.0235];[-0.9265];5740.06277;400),(1783253.94917;[0.0007];[-0.9493];4984.38794;[0.0004];[-0.9496];4983.53818;400),(1789966.08806;[0.];[-0.95];4171.38069;[0.];[-0.95];4170.90641;400),(1799967.60225;[0.];[-0.95];4171.38069;[0.];[-0.95];4170.90641;400)]"
8,8,6620.539999285897,[0.2242],[-0.7258],1806768.5568332672,"[(7442.51752;[0.2354];[-0.7146];6825.86048;[0.2242];[-0.7258];6613.81765;100),(28323.00282;[0.2354];[-0.7146];6825.86048;[0.2242];[-0.7258];6613.81765;100),(50440.11116;[0.2354];[-0.7146];6825.86048;[0.2242];[-0.7258];6613.81765;100),(69972.87750;[0.2354];[-0.7146];6825.86048;[0.2242];[-0.7258];6613.81765;100),(89982.25451;[0.2354];[-0.7146];6825.86048;[0.2242];[-0.7258];6613.81765;100),(101801.76401;[0.2354];[-0.7146];6825.86048;[0.2242];[-0.7258];6613.81765;100),(116305.60589;[0.1645];[-0.7855];6488.08123;[0.1563];[-0.7937];6357.16469;100),(133136.32822;[0.2363];[-0.7137];6832.59833;[0.2242];[-0.7258];6620.54000;200),(148187.59084;[0.2363];[-0.7137];6832.59833;[0.2242];[-0.7258];6620.54000;200),(166345.32690;[0.2363];[-0.7137];6832.59833;[0.2242];[-0.7258];6620.54000;200),(177476.29857;[0.2363];[-0.7137];6832.59833;[0.2242];[-0.7258];6620.54000;200),(197212.69035;[0.2363];[-0.7137];6832.59833;[0.2242];[-0.7258];6620.54000;200),(209397.10116;[0.2363];[-0.7137];6832.59833;[0.2242];[-0.7258];6620.54000;200),(221727.65851;[0.155];[-0.795];6448.67411;[0.1478];[-0.8022];6321.79871;200),(242926.51105;[0.2285];[-0.7215];6849.74200;[0.2164];[-0.7336];6647.11050;400),(260412.36496;[0.2285];[-0.7215];6849.74200;[0.2164];[-0.7336];6647.11050;800),(276681.35500;[0.2285];[-0.7215];6849.74200;[0.2164];[-0.7336];6647.11050;800),(293502.27880;[0.2285];[-0.7215];6849.74200;[0.2164];[-0.7336];6647.11050;800),(307049.61896;[0.2285];[-0.7215];6849.74200;[0.2164];[-0.7336];6647.11050;800),(319700.21224;[0.2285];[-0.7215];6849.74200;[0.2164];[-0.7336];6647.11050;800),(331855.50094;[0.2285];[-0.7215];6849.74200;[0.2164];[-0.7336];6647.11050;800),(346487.53572;[0.2285];[-0.7215];6849.74200;[0.2164];[-0.7336];6647.11050;800),(360124.32122;[0.2285];[-0.7215];6849.74200;[0.2164];[-0.7336];6647.11050;800),(366402.12345;[0.1405];[-0.8095];6370.33381;[0.136];[-0.814];6255.44887;800),(378709.53584;[0.0651];[-0.8849];6069.33720;[0.0615];[-0.8885];6005.53432;800),(388871.24419;[0.0065];[-0.9435];5440.37540;[0.0058];[-0.9442];5403.69078;800),(399798.43640;[0.0001];[-0.9499];4758.87562;[0.0001];[-0.9499];4735.10866;800),(409547.50466;[0.0001];[-0.9499];4733.24238;[0.0001];[-0.9499];4709.36029;800),(417953.57943;[0.];[-0.95];4475.70708;[0.];[-0.95];4455.99482;800),(425536.75246;[0.];[-0.95];4447.04234;[0.];[-0.95];4426.97646;800),(433128.64685;[0.];[-0.95];4438.26368;[0.];[-0.95];4418.14055;800),(439528.34797;[0.];[-0.95];4438.26368;[0.];[-0.95];4418.14055;800),(455614.23135;[0.2126];[-0.7374];6776.85867;[0.2025];[-0.7475];6592.61634;800),(466091.87031;[0.1666];[-0.7834];6509.41933;[0.1605];[-0.7895];6372.22152;800),(481689.28647;[0.1268];[-0.8232];6275.33523;[0.1224];[-0.8276];6179.29124;800),(496756.15931;[0.0799];[-0.8701];6117.92203;[0.0721];[-0.8779];6047.17246;800),(509038.21206;[0.0416];[-0.9084];5958.01761;[0.0366];[-0.9134];5907.18139;800),(521318.85076;[0.0063];[-0.9437];5444.27462;[0.0057];[-0.9443];5407.86038;800),(530381.93440;[0.001];[-0.949];4997.57973;[0.0004];[-0.9496];4969.50716;800),(542586.79223;[0.];[-0.95];4438.26368;[0.];[-0.95];4418.14055;800),(557617.00273;[0.2126];[-0.7374];6776.85867;[0.2025];[-0.7475];6592.61634;800),(573554.51465;[0.1666];[-0.7834];6509.41933;[0.1605];[-0.7895];6372.22152;800),(591144.69004;[0.1268];[-0.8232];6275.33523;[0.1224];[-0.8276];6179.29124;800),(599173.78402;[0.0799];[-0.8701];6117.92203;[0.0721];[-0.8779];6047.17246;800),(608444.85712;[0.0416];[-0.9084];5958.01761;[0.0366];[-0.9134];5907.18139;800),(617466.06994;[0.0063];[-0.9437];5444.27462;[0.0057];[-0.9443];5407.86038;800),(628866.82892;[0.001];[-0.949];4997.57973;[0.0004];[-0.9496];4969.50716;800),(644935.72402;[0.0001];[-0.9499];4734.20119;[0.0001];[-0.9499];4710.03652;800),(650457.52621;[0.];[-0.95];4462.67602;[0.];[-0.95];4442.63032;800),(656317.66438;[0.];[-0.95];4453.32753;[0.];[-0.95];4433.54006;800),(663593.17303;[0.];[-0.95];4438.26368;[0.];[-0.95];4418.14055;800),(677720.85571;[0.2126];[-0.7374];6776.85867;[0.2025];[-0.7475];6592.61634;800),(685822.48211;[0.1666];[-0.7834];6509.41933;[0.1605];[-0.7895];6372.22152;800),(699912.25576;[0.1261];[-0.8239];6269.10194;[0.1222];[-0.8278];6173.00918;800),(710132.02548;[0.0799];[-0.8701];6117.92203;[0.0721];[-0.8779];6047.17246;800),(721701.34425;[0.0417];[-0.9083];5967.49703;[0.0367];[-0.9133];5916.75746;800),(729505.71537;[0.0063];[-0.9437];5444.27462;[0.0057];[-0.9443];5407.86038;800),(741159.49726;[0.001];[-0.949];5001.45562;[0.0004];[-0.9496];4973.45857;800),(760318.39800;[0.0001];[-0.9499];4740.82060;[0.0001];[-0.9499];4716.78201;800),(766442.20543;[0.];[-0.95];4462.67602;[0.];[-0.95];4442.63032;800),(772659.61170;[0.];[-0.95];4447.04234;[0.];[-0.95];4426.97646;800),(781658.11658;[0.];[-0.95];4438.26368;[0.];[-0.95];4418.14055;800),(788315.75227;[0.];[-0.95];4438.26368;[0.];[-0.95];4418.14055;800),(797202.34013;[0.2124];[-0.7376];6777.06459;[0.2023];[-0.7477];6593.11149;800),(810951.72834;[0.1666];[-0.7834];6509.41933;[0.1605];[-0.7895];6372.22152;800),(824209.19394;[0.1261];[-0.8239];6269.10194;[0.1222];[-0.8278];6173.00918;800),(832527.78411;[0.0799];[-0.8701];6117.92203;[0.0721];[-0.8779];6047.17246;800),(842753.68619;[0.0415];[-0.9085];5970.60981;[0.0366];[-0.9134];5920.03037;800),(855561.67579;[0.0064];[-0.9436];5447.03096;[0.0057];[-0.9443];5410.50209;800),(864677.63996;[0.001];[-0.949];5004.08835;[0.0004];[-0.9496];4976.16153;800),(875838.83333;[0.];[-0.95];4438.26368;[0.];[-0.95];4418.14055;800),(886274.61004;[0.];[-0.95];4438.26368;[0.];[-0.95];4418.14055;800),(896271.82436;[0.2124];[-0.7376];6776.68031;[0.2023];[-0.7477];6592.69482;800),(905009.03249;[0.1664];[-0.7836];6508.47398;[0.1604];[-0.7896];6371.45845;800),(916308.03037;[0.1261];[-0.8239];6269.10194;[0.1222];[-0.8278];6173.00918;800),(926638.70931;[0.0798];[-0.8702];6117.89659;[0.072];[-0.878];6047.26398;800),(937822.59822;[0.0415];[-0.9085];5970.60981;[0.0366];[-0.9134];5920.03037;800),(946026.45254;[0.0064];[-0.9436];5447.03096;[0.0057];[-0.9443];5410.50209;800),(952743.37697;[0.001];[-0.949];5004.08835;[0.0004];[-0.9496];4976.16153;800),(964118.67952;[0.];[-0.95];4438.26368;[0.];[-0.95];4418.14055;800),(969870.47887;[0.];[-0.95];4438.26368;[0.];[-0.95];4418.14055;800),(982320.09196;[0.2124];[-0.7376];6776.68031;[0.2023];[-0.7477];6592.69482;800),(990232.51987;[0.1664];[-0.7836];6508.47398;[0.1604];[-0.7896];6371.45845;800),(1003908.40864;[0.1261];[-0.8239];6269.10194;[0.1222];[-0.8278];6173.00918;800),(1017633.18849;[0.0799];[-0.8701];6117.92203;[0.0721];[-0.8779];6047.17246;800),(1025406.40593;[0.0415];[-0.9085];5970.60981;[0.0366];[-0.9134];5920.03037;800),(1033950.87957;[0.0064];[-0.9436];5447.03096;[0.0057];[-0.9443];5410.50209;800),(1040442.58070;[0.001];[-0.949];5004.08835;[0.0004];[-0.9496];4976.16153;800),(1049260.59365;[0.];[-0.95];4438.26368;[0.];[-0.95];4418.14055;800),(1056021.78025;[0.];[-0.95];4438.26368;[0.];[-0.95];4418.14055;800),(1068959.55610;[0.2115];[-0.7385];6766.74026;[0.2009];[-0.7491];6584.19280;800),(1077916.36539;[0.1664];[-0.7836];6508.47398;[0.1604];[-0.7896];6371.45845;800),(1086685.94170;[0.1261];[-0.8239];6269.10194;[0.1222];[-0.8278];6173.00918;800),(1094327.14367;[0.0799];[-0.8701];6117.92203;[0.0721];[-0.8779];6047.17246;800),(1102878.40581;[0.0415];[-0.9085];5970.60981;[0.0366];[-0.9134];5920.03037;800),(1111948.15636;[0.0064];[-0.9436];5447.03096;[0.0057];[-0.9443];5410.50209;800),(1120115.42153;[0.001];[-0.949];5004.08835;[0.0004];[-0.9496];4976.16153;800),(1126515.91253;[0.];[-0.95];4438.26368;[0.];[-0.95];4418.14055;800),(1136877.65574;[0.];[-0.95];4438.26368;[0.];[-0.95];4418.14055;800),(1146774.07575;[0.2115];[-0.7385];6766.74026;[0.2009];[-0.7491];6584.19280;800),(1157243.55912;[0.1664];[-0.7836];6508.47398;[0.1604];[-0.7896];6371.45845;800),(1166632.51185;[0.1261];[-0.8239];6269.10194;[0.1222];[-0.8278];6173.00918;800),(1179216.89439;[0.0799];[-0.8701];6117.92203;[0.0721];[-0.8779];6047.17246;800),(1185716.42852;[0.0415];[-0.9085];5970.60981;[0.0366];[-0.9134];5920.03037;800),(1192987.80704;[0.0064];[-0.9436];5447.03096;[0.0057];[-0.9443];5410.50209;800),(1198468.91522;[0.001];[-0.949];5004.08835;[0.0004];[-0.9496];4976.16153;800),(1206215.82913;[0.];[-0.95];4438.26368;[0.];[-0.95];4418.14055;800),(1224293.54024;[0.2115];[-0.7385];6766.74026;[0.2009];[-0.7491];6584.19280;800),(1233273.41986;[0.1665];[-0.7835];6504.42395;[0.1593];[-0.7907];6370.13380;800),(1240168.27893;[0.1222];[-0.8278];6264.12941;[0.1172];[-0.8328];6169.98619;800),(1247804.21138;[0.0789];[-0.8711];6117.11557;[0.0718];[-0.8782];6046.70628;800),(1254559.88264;[0.0415];[-0.9085];5970.60981;[0.0366];[-0.9134];5920.03037;800),(1261722.59140;[0.0064];[-0.9436];5447.03096;[0.0057];[-0.9443];5410.50209;800),(1274573.35353;[0.001];[-0.949];5004.08835;[0.0004];[-0.9496];4976.16153;800),(1286769.80233;[0.0001];[-0.9499];4746.19850;[0.0001];[-0.9499];4722.25217;800),(1293802.30713;[0.];[-0.95];4462.67602;[0.];[-0.95];4442.63032;800),(1300260.35857;[0.];[-0.95];4447.04234;[0.];[-0.95];4426.97646;800),(1307044.98553;[0.];[-0.95];4438.26368;[0.];[-0.95];4418.14055;800),(1319911.45062;[0.2115];[-0.7385];6766.74026;[0.2009];[-0.7491];6584.19280;800),(1333867.51008;[0.1663];[-0.7837];6494.67865;[0.1592];[-0.7908];6360.14317;800),(1343632.88260;[0.1222];[-0.8278];6264.12941;[0.1172];[-0.8328];6169.98619;800),(1355078.36151;[0.0789];[-0.8711];6117.11557;[0.0718];[-0.8782];6046.70628;800),(1363603.86419;[0.0415];[-0.9085];5973.56183;[0.0366];[-0.9134];5923.06536;800),(1371989.64548;[0.0064];[-0.9436];5448.69784;[0.0057];[-0.9443];5412.25107;800),(1381160.90798;[0.001];[-0.949];5004.08835;[0.0004];[-0.9496];4976.16153;800),(1393344.78235;[0.0001];[-0.9499];4746.19850;[0.0001];[-0.9499];4722.25217;800),(1399292.61208;[0.];[-0.95];4462.67602;[0.];[-0.95];4442.63032;800),(1404975.76022;[0.];[-0.95];4447.04234;[0.];[-0.95];4426.97646;800),(1413020.27845;[0.];[-0.95];4438.26368;[0.];[-0.95];4418.14055;800),(1422554.33512;[0.2113];[-0.7387];6763.84024;[0.2001];[-0.7499];6581.62613;800),(1430739.84504;[0.1638];[-0.7862];6495.49926;[0.1568];[-0.7932];6360.34453;800),(1438620.29815;[0.1222];[-0.8278];6264.12941;[0.1172];[-0.8328];6169.98619;800),(1446668.79272;[0.0789];[-0.8711];6117.11557;[0.0718];[-0.8782];6046.70628;800),(1454153.87988;[0.0417];[-0.9083];5975.99938;[0.0367];[-0.9133];5925.43640;800),(1463393.81981;[0.0064];[-0.9436];5448.69784;[0.0057];[-0.9443];5412.25107;800),(1472810.01568;[0.0008];[-0.9492];5005.81852;[0.0004];[-0.9496];4978.09801;800),(1486998.66295;[0.0001];[-0.9499];4750.41171;[0.0001];[-0.9499];4726.63734;800),(1493857.21374;[0.0001];[-0.9499];4727.66822;[0.0001];[-0.9499];4703.66244;800),(1499946.57993;[0.0001];[-0.9499];4720.84336;[0.0001];[-0.9499];4696.70783;800),(1512175.00234;[0.];[-0.95];4438.26368;[0.];[-0.95];4418.14055;800),(1518692.06572;[0.2074];[-0.7426];6763.20481;[0.1972];[-0.7528];6586.51122;800),(1528194.61894;[0.1638];[-0.7862];6495.49926;[0.1568];[-0.7932];6360.34453;800),(1534958.16970;[0.1222];[-0.8278];6264.12941;[0.1172];[-0.8328];6169.98619;800),(1542879.38356;[0.0789];[-0.8711];6117.11557;[0.0718];[-0.8782];6046.70628;800),(1552133.24499;[0.0419];[-0.9081];5976.15237;[0.0374];[-0.9126];5925.36766;800),(1562592.91530;[0.0064];[-0.9436];5449.13638;[0.0057];[-0.9443];5412.75837;800),(1570245.44573;[0.003];[-0.947];5196.26864;[0.0023];[-0.9477];5163.30994;800),(1579216.22086;[0.];[-0.95];4438.26368;[0.];[-0.95];4418.14055;800),(1592995.39304;[0.2074];[-0.7426];6763.20481;[0.1972];[-0.7528];6586.51122;800),(1602381.32453;[0.1638];[-0.7862];6495.49926;[0.1568];[-0.7932];6360.34453;800),(1611155.97653;[0.1222];[-0.8278];6264.12941;[0.1172];[-0.8328];6169.98619;800),(1618642.09104;[0.0789];[-0.8711];6117.11557;[0.0718];[-0.8782];6046.70628;800),(1629929.65817;[0.0419];[-0.9081];5976.15237;[0.0374];[-0.9126];5925.36766;800),(1640898.57960;[0.0064];[-0.9436];5449.13638;[0.0057];[-0.9443];5412.75837;800),(1649153.32961;[0.003];[-0.947];5188.84334;[0.0023];[-0.9477];5155.76481;800),(1659019.48762;[0.0011];[-0.9489];4970.45284;[0.0004];[-0.9496];4941.86551;800),(1664539.63804;[0.0001];[-0.9499];4733.24238;[0.0001];[-0.9499];4709.36029;800),(1668582.61633;[0.0001];[-0.9499];4721.59485;[0.0001];[-0.9499];4697.30835;800),(1675450.17242;[0.0001];[-0.9499];4721.59485;[0.0001];[-0.9499];4697.30835;800),(1679596.86232;[0.0001];[-0.9499];4720.84336;[0.0001];[-0.9499];4696.70783;800),(1687821.82169;[0.2074];[-0.7426];6763.20481;[0.1972];[-0.7528];6586.51122;800),(1694496.92273;[0.1638];[-0.7862];6495.49926;[0.1568];[-0.7932];6360.34453;800),(1703093.09745;[0.1222];[-0.8278];6264.12941;[0.1172];[-0.8328];6169.98619;800),(1711274.65606;[0.0789];[-0.8711];6117.11557;[0.0718];[-0.8782];6046.70628;800),(1721290.41028;[0.0417];[-0.9083];5977.91618;[0.0369];[-0.9131];5927.39622;800),(1730709.47528;[0.0071];[-0.9429];5449.20069;[0.0064];[-0.9436];5412.27976;800),(1737861.20415;[0.003];[-0.947];5202.43354;[0.0023];[-0.9477];5169.59905;800),(1749510.16974;[0.0001];[-0.9499];4720.84336;[0.0001];[-0.9499];4696.70783;800),(1758868.69669;[0.0001];[-0.9499];4720.84336;[0.0001];[-0.9499];4696.70783;800),(1766727.95868;[0.2072];[-0.7428];6761.40572;[0.1971];[-0.7529];6584.88693;800),(1772503.60107;[0.1638];[-0.7862];6495.49926;[0.1568];[-0.7932];6360.34453;800),(1779136.17611;[0.1222];[-0.8278];6264.12941;[0.1172];[-0.8328];6169.98619;800),(1787050.35233;[0.0789];[-0.8711];6117.11557;[0.0718];[-0.8782];6046.70628;800),(1795655.04313;[0.0417];[-0.9083];5977.91618;[0.0369];[-0.9131];5927.39622;800),(1802686.15746;[0.0071];[-0.9429];5449.20069;[0.0064];[-0.9436];5412.27976;800)]"
8,5,6632.308356411171,[0.1967],[-0.7533],1802347.116947174,"[(7263.11302;[0.1895];[-0.7605];6558.54870;[0.1967];[-0.7533];6632.30836;100),(31569.21649;[0.1895];[-0.7605];6558.54870;[0.1967];[-0.7533];6632.30836;100),(61631.27160;[0.1895];[-0.7605];6558.54870;[0.1967];[-0.7533];6632.30836;100),(91298.23613;[0.1895];[-0.7605];6558.54870;[0.1967];[-0.7533];6632.30836;100),(104131.73175;[0.1895];[-0.7605];6558.54870;[0.1967];[-0.7533];6632.30836;100),(120361.30714;[0.1895];[-0.7605];6558.54870;[0.1967];[-0.7533];6632.30836;100),(136693.03918;[0.1347];[-0.8153];6301.63142;[0.1385];[-0.8115];6335.51151;100),(149682.24311;[0.0053];[-0.9447];5398.65081;[0.0057];[-0.9443];5406.27473;100),(161221.49777;[0.0004];[-0.9496];4969.65191;[0.0004];[-0.9496];4976.07684;100),(174664.92033;[0.];[-0.95];4456.81892;[0.];[-0.95];4460.99583;100),(188305.96757;[0.];[-0.95];4445.69193;[0.];[-0.95];4449.79368;100),(203511.44361;[0.];[-0.95];4438.55831;[0.];[-0.95];4442.63032;100),(215656.00157;[0.];[-0.95];4429.46020;[0.];[-0.95];4433.54006;100),(232312.45399;[0.1581];[-0.7919];6455.43621;[0.1609];[-0.7891];6505.54127;100),(250270.66398;[0.0777];[-0.8723];6187.29888;[0.0781];[-0.8719];6214.62038;100),(267522.06707;[0.0616];[-0.8884];6055.32943;[0.0625];[-0.8875];6070.31960;100),(283098.27352;[0.0216];[-0.9284];5726.63552;[0.0233];[-0.9267];5734.32102;100),(302577.10814;[0.0004];[-0.9496];4977.04143;[0.0004];[-0.9496];4983.53818;100),(312202.38137;[0.0001];[-0.9499];4729.60311;[0.0001];[-0.9499];4735.10866;100),(325121.17124;[0.];[-0.95];4467.92023;[0.];[-0.95];4472.14238;100),(339407.57728;[0.];[-0.95];4456.56661;[0.];[-0.95];4460.74693;100),(348034.29508;[0.];[-0.95];4445.69193;[0.];[-0.95];4449.79368;100),(359846.18354;[0.];[-0.95];4445.69193;[0.];[-0.95];4449.79368;100),(371919.74974;[0.];[-0.95];4445.69193;[0.];[-0.95];4449.79368;100),(387822.70527;[0.1565];[-0.7935];6454.12803;[0.1591];[-0.7909];6503.80258;100),(403623.56114;[0.0777];[-0.8723];6187.29888;[0.0781];[-0.8719];6214.62038;100),(418860.87632;[0.0621];[-0.8879];6056.18909;[0.0631];[-0.8869];6071.20317;100),(429998.41332;[0.0217];[-0.9283];5766.65728;[0.0233];[-0.9267];5774.71439;100),(448282.67622;[0.0021];[-0.9479];5183.90707;[0.0023];[-0.9477];5190.76284;100),(460426.05186;[0.0004];[-0.9496];4953.34226;[0.0004];[-0.9496];4959.58504;100),(470215.62600;[0.0001];[-0.9499];4711.40159;[0.0001];[-0.9499];4716.78201;100),(477878.81589;[0.];[-0.95];4445.69193;[0.];[-0.95];4449.79368;100),(487206.24495;[0.];[-0.95];4445.69193;[0.];[-0.95];4449.79368;100),(499140.60354;[0.1545];[-0.7955];6451.86475;[0.1573];[-0.7927];6501.48239;100),(508400.84839;[0.0787];[-0.8713];6182.28960;[0.0795];[-0.8705];6209.15221;100),(519900.86770;[0.0621];[-0.8879];6056.18909;[0.0631];[-0.8869];6071.20317;100),(539529.94967;[0.0284];[-0.9216];5771.88203;[0.0313];[-0.9187];5780.81375;100),(553156.22735;[0.0021];[-0.9479];5197.41684;[0.0023];[-0.9477];5204.47548;100),(562987.02908;[0.0004];[-0.9496];4967.11904;[0.0004];[-0.9496];4973.45857;100),(570250.45586;[0.0001];[-0.9499];4711.40159;[0.0001];[-0.9499];4716.78201;100),(578198.04859;[0.0001];[-0.9499];4692.26270;[0.0001];[-0.9499];4697.21428;100),(580191.19310;[0.0001];[-0.9499];4686.60741;[0.0001];[-0.9499];4691.51644;100),(582103.99699;[0.];[-0.95];4445.69193;[0.];[-0.95];4449.79368;100),(589289.94131;[0.];[-0.95];4445.69193;[0.];[-0.95];4449.79368;100),(596000.40865;[0.];[-0.95];4445.69193;[0.];[-0.95];4449.79368;100),(606435.24003;[0.1478];[-0.8022];6431.71910;[0.1494];[-0.8006];6478.56906;100),(617601.00365;[0.0788];[-0.8712];6181.21004;[0.0797];[-0.8703];6208.00217;100),(629024.79291;[0.0807];[-0.8693];6074.58888;[0.0822];[-0.8678];6090.67486;100),(636491.92810;[0.0352];[-0.9148];5921.56780;[0.0366];[-0.9134];5929.50197;100),(646889.26792;[0.];[-0.95];4445.69193;[0.];[-0.95];4449.79368;100),(658550.19426;[0.];[-0.95];4445.69193;[0.];[-0.95];4449.79368;100),(674072.73626;[0.1478];[-0.8022];6431.71910;[0.1494];[-0.8006];6478.56906;100),(682696.97142;[0.0788];[-0.8712];6181.21004;[0.0797];[-0.8703];6208.00217;100),(692844.27857;[0.0807];[-0.8693];6074.58888;[0.0822];[-0.8678];6090.67486;100),(705103.00398;[0.0352];[-0.9148];5921.56780;[0.0366];[-0.9134];5929.50197;100),(716386.09529;[0.];[-0.95];4445.69193;[0.];[-0.95];4449.79368;100),(728841.76302;[0.];[-0.95];4445.69193;[0.];[-0.95];4449.79368;100),(737085.43062;[0.1437];[-0.8063];6423.97092;[0.1447];[-0.8053];6470.35413;100),(747176.97430;[0.0749];[-0.8751];6167.42391;[0.076];[-0.874];6193.64223;100),(756316.71953;[0.0545];[-0.8955];6034.90356;[0.055];[-0.895];6048.87308;100),(763031.03447;[0.0352];[-0.9148];5921.56780;[0.0366];[-0.9134];5929.50197;100),(771068.47024;[0.];[-0.95];4445.69193;[0.];[-0.95];4449.79368;100),(782432.48916;[0.];[-0.95];4445.69193;[0.];[-0.95];4449.79368;100),(793531.12507;[0.1437];[-0.8063];6423.97092;[0.1447];[-0.8053];6470.35413;100),(803907.16839;[0.0749];[-0.8751];6167.42391;[0.076];[-0.874];6193.64223;100),(813016.93153;[0.0545];[-0.8955];6034.90356;[0.055];[-0.895];6048.87308;100),(820518.17966;[0.0352];[-0.9148];5921.56780;[0.0366];[-0.9134];5929.50197;100),(828291.43262;[0.];[-0.95];4445.69193;[0.];[-0.95];4449.79368;100),(841194.33451;[0.];[-0.95];4445.69193;[0.];[-0.95];4449.79368;100),(851678.54500;[0.1412];[-0.8088];6414.58561;[0.1426];[-0.8074];6459.84157;100),(863145.98131;[0.0749];[-0.8751];6167.42391;[0.076];[-0.874];6193.64223;100),(873516.77918;[0.0545];[-0.8955];6034.90356;[0.055];[-0.895];6048.87308;100),(883719.42520;[0.0352];[-0.9148];5921.56780;[0.0366];[-0.9134];5929.50197;100),(895628.58152;[0.];[-0.95];4445.69193;[0.];[-0.95];4449.79368;100),(905564.75186;[0.];[-0.95];4445.69193;[0.];[-0.95];4449.79368;100),(914494.91668;[0.1412];[-0.8088];6414.58561;[0.1426];[-0.8074];6459.84157;100),(920892.65704;[0.0749];[-0.8751];6167.42391;[0.076];[-0.874];6193.64223;100),(929702.98481;[0.0545];[-0.8955];6034.90356;[0.055];[-0.895];6048.87308;100),(937170.82834;[0.0352];[-0.9148];5921.56780;[0.0366];[-0.9134];5929.50197;100),(946257.29299;[0.];[-0.95];4445.69193;[0.];[-0.95];4449.79368;100),(955247.37835;[0.];[-0.95];4445.69193;[0.];[-0.95];4449.79368;100),(967524.74117;[0.1383];[-0.8117];6407.21374;[0.1404];[-0.8096];6452.13663;100),(977250.93961;[0.0765];[-0.8735];6158.49844;[0.0771];[-0.8729];6184.13745;100),(986190.26017;[0.0545];[-0.8955];6034.90356;[0.055];[-0.895];6048.87308;100),(995168.53261;[0.0352];[-0.9148];5921.56780;[0.0366];[-0.9134];5929.50197;100),(1004561.96666;[0.];[-0.95];4445.69193;[0.];[-0.95];4449.79368;100),(1013598.50335;[0.];[-0.95];4445.69193;[0.];[-0.95];4449.79368;100),(1022673.86723;[0.1383];[-0.8117];6407.21374;[0.1404];[-0.8096];6452.13663;100),(1031265.62548;[0.0765];[-0.8735];6158.49844;[0.0771];[-0.8729];6184.13745;100),(1040316.78104;[0.0545];[-0.8955];6034.90356;[0.055];[-0.895];6048.87308;100),(1049450.26493;[0.0352];[-0.9148];5921.56780;[0.0366];[-0.9134];5929.50197;100),(1055172.85562;[0.];[-0.95];4445.69193;[0.];[-0.95];4449.79368;100),(1067565.37008;[0.];[-0.95];4445.69193;[0.];[-0.95];4449.79368;100),(1078715.52539;[0.129];[-0.821];6371.36437;[0.1341];[-0.8159];6415.16530;100),(1085232.97882;[0.0765];[-0.8735];6158.49844;[0.0771];[-0.8729];6184.13745;100),(1091428.57981;[0.0545];[-0.8955];6034.90356;[0.055];[-0.895];6048.87308;100),(1099156.63075;[0.0352];[-0.9148];5921.56780;[0.0366];[-0.9134];5929.50197;100),(1104428.21407;[0.];[-0.95];4445.69193;[0.];[-0.95];4449.79368;100),(1118883.79502;[0.129];[-0.821];6371.36437;[0.1341];[-0.8159];6415.16530;100),(1132375.92697;[0.0765];[-0.8735];6158.49844;[0.0771];[-0.8729];6184.13745;100),(1138218.38403;[0.0545];[-0.8955];6034.90356;[0.055];[-0.895];6048.87308;100),(1143757.70879;[0.0352];[-0.9148];5921.56780;[0.0366];[-0.9134];5929.50197;100),(1151661.40366;[0.0053];[-0.9447];5396.12379;[0.0058];[-0.9442];5403.69078;100),(1158491.21475;[0.0021];[-0.9479];5183.90707;[0.0023];[-0.9477];5190.76284;100),(1160268.61978;[0.0004];[-0.9496];4957.02613;[0.0004];[-0.9496];4963.34114;100),(1167404.05130;[0.0001];[-0.9499];4703.96838;[0.0001];[-0.9499];4709.36029;100),(1171715.58380;[0.0001];[-0.9499];4698.31310;[0.0001];[-0.9499];4703.66244;100),(1175009.96971;[0.0001];[-0.9499];4698.31310;[0.0001];[-0.9499];4703.66244;100),(1179021.68107;[0.0001];[-0.9499];4698.31310;[0.0001];[-0.9499];4703.66244;100),(1185463.41825;[0.0001];[-0.9499];4698.31310;[0.0001];[-0.9499];4703.66244;100),(1197313.78484;[0.1315];[-0.8185];6378.42515;[0.1336];[-0.8164];6421.83174;100),(1203766.82878;[0.0717];[-0.8783];6137.38100;[0.0712];[-0.8788];6161.92093;100),(1210729.29835;[0.0563];[-0.8937];6022.89645;[0.057];[-0.893];6035.89193;100),(1216099.19500;[0.0219];[-0.9281];5765.07750;[0.0233];[-0.9267];5773.08959;100),(1223954.37193;[0.0001];[-0.9499];4698.31310;[0.0001];[-0.9499];4703.66244;100),(1231885.63895;[0.0001];[-0.9499];4698.31310;[0.0001];[-0.9499];4703.66244;100),(1241974.98560;[0.128];[-0.822];6363.97090;[0.131];[-0.819];6406.37052;100),(1251014.16564;[0.0717];[-0.8783];6137.38100;[0.0712];[-0.8788];6161.92093;100),(1258963.17673;[0.0563];[-0.8937];6022.89645;[0.057];[-0.893];6035.89193;100),(1271710.51192;[0.0219];[-0.9281];5765.07750;[0.0233];[-0.9267];5773.08959;100),(1279370.73040;[0.0001];[-0.9499];4698.31310;[0.0001];[-0.9499];4703.66244;100),(1286407.83525;[0.0001];[-0.9499];4698.31310;[0.0001];[-0.9499];4703.66244;100),(1292740.07940;[0.128];[-0.822];6363.97090;[0.131];[-0.819];6406.37052;100),(1298580.79815;[0.0717];[-0.8783];6137.38100;[0.0712];[-0.8788];6161.92093;100),(1307101.42493;[0.0563];[-0.8937];6022.89645;[0.057];[-0.893];6035.89193;100),(1313603.79910;[0.0219];[-0.9281];5765.07750;[0.0233];[-0.9267];5773.08959;100),(1321275.25616;[0.0001];[-0.9499];4698.31310;[0.0001];[-0.9499];4703.66244;100),(1332567.74950;[0.0001];[-0.9499];4698.31310;[0.0001];[-0.9499];4703.66244;100),(1338429.13699;[0.1254];[-0.8246];6350.60568;[0.1278];[-0.8222];6392.43248;100),(1346610.08310;[0.074];[-0.876];6126.75664;[0.0737];[-0.8763];6150.73661;100),(1353587.50081;[0.0458];[-0.9042];6014.34766;[0.0472];[-0.9028];6027.08186;100),(1364022.79925;[0.0219];[-0.9281];5765.07750;[0.0233];[-0.9267];5773.08959;100),(1371884.22561;[0.0001];[-0.9499];4698.31310;[0.0001];[-0.9499];4703.66244;100),(1380984.51781;[0.0001];[-0.9499];4698.31310;[0.0001];[-0.9499];4703.66244;100),(1390389.86278;[0.1254];[-0.8246];6350.60568;[0.1278];[-0.8222];6392.43248;100),(1397706.74467;[0.074];[-0.876];6126.75664;[0.0737];[-0.8763];6150.73661;100),(1406248.09527;[0.0458];[-0.9042];6014.34766;[0.0472];[-0.9028];6027.08186;100),(1415434.07440;[0.0219];[-0.9281];5765.07750;[0.0233];[-0.9267];5773.08959;100),(1420972.19539;[0.0001];[-0.9499];4698.31310;[0.0001];[-0.9499];4703.66244;100),(1431268.47100;[0.0001];[-0.9499];4698.31310;[0.0001];[-0.9499];4703.66244;100),(1439145.37978;[0.1155];[-0.8345];6308.80886;[0.1187];[-0.8313];6347.68182;100),(1448431.63919;[0.074];[-0.876];6126.75664;[0.0737];[-0.8763];6150.73661;100),(1455925.09604;[0.0458];[-0.9042];6014.34766;[0.0472];[-0.9028];6027.08186;100),(1463708.41002;[0.0219];[-0.9281];5765.07750;[0.0233];[-0.9267];5773.08959;100),(1469278.95141;[0.0001];[-0.9499];4698.31310;[0.0001];[-0.9499];4703.66244;100),(1478509.46283;[0.0001];[-0.9499];4698.31310;[0.0001];[-0.9499];4703.66244;100),(1488813.98296;[0.1155];[-0.8345];6308.80886;[0.1187];[-0.8313];6347.68182;100),(1499295.14885;[0.074];[-0.876];6126.75664;[0.0737];[-0.8763];6150.73661;100),(1505193.92872;[0.0458];[-0.9042];6014.34766;[0.0472];[-0.9028];6027.08186;100),(1510682.99079;[0.0219];[-0.9281];5765.07750;[0.0233];[-0.9267];5773.08959;100),(1517649.23573;[0.0001];[-0.9499];4698.31310;[0.0001];[-0.9499];4703.66244;100),(1524420.24755;[0.0001];[-0.9499];4698.31310;[0.0001];[-0.9499];4703.66244;100),(1533631.91247;[0.1138];[-0.8362];6293.62754;[0.1154];[-0.8346];6331.58670;100),(1545591.46380;[0.0626];[-0.8874];6101.79226;[0.0631];[-0.8869];6124.19202;100),(1553595.62445;[0.0482];[-0.9018];6000.72488;[0.0496];[-0.9004];6012.41296;100),(1560243.17122;[0.0219];[-0.9281];5765.07750;[0.0233];[-0.9267];5773.08959;100),(1569103.72710;[0.0001];[-0.9499];4698.31310;[0.0001];[-0.9499];4703.66244;100),(1577014.72926;[0.0001];[-0.9499];4698.31310;[0.0001];[-0.9499];4703.66244;100),(1582391.29663;[0.1138];[-0.8362];6293.62754;[0.1154];[-0.8346];6331.58670;100),(1590302.88696;[0.0626];[-0.8874];6101.79226;[0.0631];[-0.8869];6124.19202;100),(1597013.27658;[0.0482];[-0.9018];6000.72488;[0.0496];[-0.9004];6012.41296;100),(1604110.69679;[0.0219];[-0.9281];5765.07750;[0.0233];[-0.9267];5773.08959;100),(1608792.76562;[0.0001];[-0.9499];4698.31310;[0.0001];[-0.9499];4703.66244;100),(1616158.60200;[0.0001];[-0.9499];4698.31310;[0.0001];[-0.9499];4703.66244;100),(1627758.15940;[0.1103];[-0.8397];6278.63697;[0.1126];[-0.8374];6315.96316;100),(1639297.62864;[0.0626];[-0.8874];6101.79226;[0.0631];[-0.8869];6124.19202;100),(1644848.65880;[0.0482];[-0.9018];6000.72488;[0.0496];[-0.9004];6012.41296;100),(1650808.22134;[0.0219];[-0.9281];5765.07750;[0.0233];[-0.9267];5773.08959;100),(1660089.79154;[0.0001];[-0.9499];4698.31310;[0.0001];[-0.9499];4703.66244;100),(1670769.20676;[0.0001];[-0.9499];4698.31310;[0.0001];[-0.9499];4703.66244;100),(1684217.78727;[0.1103];[-0.8397];6278.63697;[0.1126];[-0.8374];6315.96316;100),(1693154.11663;[0.0626];[-0.8874];6101.79226;[0.0631];[-0.8869];6124.19202;100),(1701704.71144;[0.0482];[-0.9018];6000.72488;[0.0496];[-0.9004];6012.41296;100),(1706671.30423;[0.0219];[-0.9281];5765.07750;[0.0233];[-0.9267];5773.08959;100),(1715346.96484;[0.0001];[-0.9499];4698.31310;[0.0001];[-0.9499];4703.66244;100),(1723731.94718;[0.0001];[-0.9499];4698.31310;[0.0001];[-0.9499];4703.66244;100),(1731808.21729;[0.1334];[-0.8166];6299.96615;[0.1374];[-0.8126];6334.46828;100),(1742244.66133;[0.0993];[-0.8507];6132.58522;[0.1017];[-0.8483];6152.77230;100),(1752845.98684;[0.0482];[-0.9018];6000.72488;[0.0496];[-0.9004];6012.41296;100),(1759963.45019;[0.0219];[-0.9281];5765.07750;[0.0233];[-0.9267];5773.08959;100),(1766448.09914;[0.0001];[-0.9499];4698.31310;[0.0001];[-0.9499];4703.66244;100),(1772229.28596;[0.0001];[-0.9499];4698.31310;[0.0001];[-0.9499];4703.66244;100),(1781854.70009;[0.1334];[-0.8166];6299.96615;[0.1374];[-0.8126];6334.46828;100),(1790262.85744;[0.0993];[-0.8507];6132.58522;[0.1017];[-0.8483];6152.77230;100),(1795731.96602;[0.0482];[-0.9018];6000.72488;[0.0496];[-0.9004];6012.41296;100)]"
8,10,6533.791606060879,[0.2315],[-0.7185],1800537.5356674194,"[(15367.97523;[0.238];[-0.712];6719.81777;[0.2315];[-0.7185];6533.79161;100),(44396.60907;[0.238];[-0.712];6719.81777;[0.2315];[-0.7185];6533.79161;100),(65148.00239;[0.2376];[-0.7124];6728.14541;[0.2309];[-0.7191];6543.10009;200),(90171.34976;[0.2371];[-0.7129];6734.54610;[0.2304];[-0.7196];6550.30965;400),(116456.99573;[0.2371];[-0.7129];6734.54610;[0.2304];[-0.7196];6550.30965;400),(131531.71420;[0.2371];[-0.7129];6734.54610;[0.2304];[-0.7196];6550.30965;400),(145716.59684;[0.2371];[-0.7129];6734.54610;[0.2304];[-0.7196];6550.30965;400),(163903.74017;[0.2371];[-0.7129];6734.54610;[0.2304];[-0.7196];6550.30965;400),(175154.33192;[0.2371];[-0.7129];6734.54610;[0.2304];[-0.7196];6550.30965;400),(194924.59130;[0.2371];[-0.7129];6734.54610;[0.2304];[-0.7196];6550.30965;400),(206838.37438;[0.1812];[-0.7688];6514.09258;[0.1732];[-0.7768];6403.94296;400),(216542.72866;[0.035];[-0.915];5825.48769;[0.0324];[-0.9176];5787.76975;400),(230795.73727;[0.0019];[-0.9481];5227.81692;[0.0023];[-0.9477];5203.28706;400),(245233.36864;[0.];[-0.95];4475.68800;[0.];[-0.95];4460.92338;400),(255314.23807;[0.];[-0.95];4201.65144;[0.];[-0.95];4190.71540;400),(260867.62547;[0.];[-0.95];4181.82811;[0.];[-0.95];4170.77277;400),(273040.11703;[0.];[-0.95];4181.84727;[0.];[-0.95];4170.90641;400),(282636.17730;[0.];[-0.95];4174.86549;[0.];[-0.95];4163.83267;400),(287779.99759;[0.];[-0.95];4174.86549;[0.];[-0.95];4163.83267;400),(298875.90933;[0.2269];[-0.7231];6763.18909;[0.2174];[-0.7326];6601.09795;400),(314984.51996;[0.1819];[-0.7681];6521.65125;[0.1747];[-0.7753];6410.75355;400),(331578.57847;[0.134];[-0.816];6273.04215;[0.1302];[-0.8198];6194.67630;400),(351797.93715;[0.0895];[-0.8605];6116.97194;[0.0802];[-0.8698];6062.94669;400),(363421.31066;[0.026];[-0.924];5809.81112;[0.0241];[-0.9259];5775.16916;400),(373261.79767;[0.0006];[-0.9494];5002.51865;[0.0004];[-0.9496];4981.67141;400),(386870.76497;[0.];[-0.95];4174.86549;[0.];[-0.95];4163.83267;400),(402704.67806;[0.];[-0.95];4174.86549;[0.];[-0.95];4163.83267;400),(412734.97367;[0.2269];[-0.7231];6763.18909;[0.2174];[-0.7326];6601.09795;400),(423961.91406;[0.1819];[-0.7681];6521.65125;[0.1747];[-0.7753];6410.75355;400),(436380.66101;[0.134];[-0.816];6273.04215;[0.1302];[-0.8198];6194.67630;400),(448506.59037;[0.0895];[-0.8605];6116.97194;[0.0802];[-0.8698];6062.94669;400),(456536.29231;[0.026];[-0.924];5809.81112;[0.0241];[-0.9259];5775.16916;400),(468268.72349;[0.0006];[-0.9494];5002.51865;[0.0004];[-0.9496];4981.67141;400),(481510.20575;[0.];[-0.95];4174.86549;[0.];[-0.95];4163.83267;400),(495459.72896;[0.];[-0.95];4174.86549;[0.];[-0.95];4163.83267;400),(507636.39021;[0.2269];[-0.7231];6763.18909;[0.2174];[-0.7326];6601.09795;400),(521545.92991;[0.1805];[-0.7695];6509.52630;[0.1736];[-0.7764];6400.55601;400),(532941.97440;[0.134];[-0.816];6273.04215;[0.1302];[-0.8198];6194.67630;400),(544989.18724;[0.0895];[-0.8605];6116.97194;[0.0802];[-0.8698];6062.94669;400),(553781.01444;[0.026];[-0.924];5809.81112;[0.0241];[-0.9259];5775.16916;400),(568294.55042;[0.0006];[-0.9494];5002.51865;[0.0004];[-0.9496];4981.67141;400),(576035.69698;[0.];[-0.95];4174.86549;[0.];[-0.95];4163.83267;400),(588050.80366;[0.2269];[-0.7231];6763.18909;[0.2174];[-0.7326];6601.09795;400),(597440.47451;[0.1805];[-0.7695];6509.52630;[0.1736];[-0.7764];6400.55601;400),(611033.20813;[0.134];[-0.816];6273.04215;[0.1302];[-0.8198];6194.67630;400),(621405.68376;[0.0895];[-0.8605];6116.97194;[0.0802];[-0.8698];6062.94669;400),(629215.26480;[0.026];[-0.924];5809.81112;[0.0241];[-0.9259];5775.16916;400),(636707.65781;[0.0006];[-0.9494];5002.51865;[0.0004];[-0.9496];4981.67141;400),(649470.77751;[0.0002];[-0.9498];4715.38008;[0.0001];[-0.9499];4697.30835;400),(657228.09315;[0.];[-0.95];4181.82811;[0.];[-0.95];4170.77277;400),(661602.31376;[0.];[-0.95];4181.84727;[0.];[-0.95];4170.90641;400),(671341.60352;[0.];[-0.95];4174.86549;[0.];[-0.95];4163.83267;400),(682484.10082;[0.];[-0.95];4174.86549;[0.];[-0.95];4163.83267;400),(694141.05487;[0.2269];[-0.7231];6763.18909;[0.2174];[-0.7326];6601.09795;400),(702213.79399;[0.1797];[-0.7703];6517.79006;[0.1718];[-0.7782];6409.10618;400),(716013.88907;[0.134];[-0.816];6273.04215;[0.1302];[-0.8198];6194.67630;400),(728803.95937;[0.0889];[-0.8611];6120.34751;[0.0793];[-0.8707];6066.61043;400),(740121.39893;[0.0407];[-0.9093];5940.64579;[0.0366];[-0.9134];5902.39032;400),(749196.81811;[0.0019];[-0.9481];5211.52728;[0.0023];[-0.9477];5186.74524;400),(757988.06238;[0.];[-0.95];4174.86549;[0.];[-0.95];4163.83267;400),(766652.93884;[0.];[-0.95];4174.86549;[0.];[-0.95];4163.83267;400),(776966.47215;[0.2262];[-0.7238];6768.47666;[0.2166];[-0.7334];6607.25571;400),(784973.49358;[0.1797];[-0.7703];6517.79006;[0.1718];[-0.7782];6409.10618;400),(794807.65700;[0.1337];[-0.8163];6272.82872;[0.1299];[-0.8201];6194.60343;400),(803830.44243;[0.0889];[-0.8611];6120.34751;[0.0793];[-0.8707];6066.61043;400),(811793.49113;[0.0407];[-0.9093];5940.64579;[0.0366];[-0.9134];5902.39032;400),(820814.17441;[0.0019];[-0.9481];5211.52728;[0.0023];[-0.9477];5186.74524;400),(832418.36476;[0.];[-0.95];4174.86549;[0.];[-0.95];4163.83267;400),(838930.99046;[0.];[-0.95];4174.86549;[0.];[-0.95];4163.83267;400),(851738.73377;[0.2262];[-0.7238];6768.47666;[0.2166];[-0.7334];6607.25571;400),(864753.86381;[0.1797];[-0.7703];6517.79006;[0.1718];[-0.7782];6409.10618;400),(876481.79126;[0.1337];[-0.8163];6272.82872;[0.1299];[-0.8201];6194.60343;400),(886446.17867;[0.0889];[-0.8611];6120.34751;[0.0793];[-0.8707];6066.61043;400),(893045.63475;[0.0407];[-0.9093];5940.64579;[0.0366];[-0.9134];5902.39032;400),(900965.43312;[0.0019];[-0.9481];5211.52728;[0.0023];[-0.9477];5186.74524;400),(908399.04833;[0.];[-0.95];4174.86549;[0.];[-0.95];4163.83267;400),(923992.81883;[0.2262];[-0.7238];6768.47666;[0.2166];[-0.7334];6607.25571;400),(929296.98014;[0.1797];[-0.7703];6517.79006;[0.1718];[-0.7782];6409.10618;400),(938028.96667;[0.1337];[-0.8163];6272.82872;[0.1299];[-0.8201];6194.60343;400),(946930.05228;[0.0889];[-0.8611];6120.34751;[0.0793];[-0.8707];6066.61043;400),(955732.75137;[0.0407];[-0.9093];5940.64579;[0.0366];[-0.9134];5902.39032;400),(964632.24220;[0.0019];[-0.9481];5211.52728;[0.0023];[-0.9477];5186.74524;400),(979867.89799;[0.0002];[-0.9498];4740.11634;[0.0001];[-0.9499];4722.25217;400),(987914.10422;[0.];[-0.95];4457.68100;[0.];[-0.95];4442.63032;400),(995850.75617;[0.];[-0.95];4175.40412;[0.];[-0.95];4164.25832;400),(1002168.00690;[0.];[-0.95];4174.86549;[0.];[-0.95];4163.83267;400),(1009057.37352;[0.2246];[-0.7254];6768.90189;[0.2159];[-0.7341];6611.07170;400),(1017776.49498;[0.1797];[-0.7703];6517.79006;[0.1718];[-0.7782];6409.10618;400),(1027281.04401;[0.1337];[-0.8163];6272.82872;[0.1299];[-0.8201];6194.60343;400),(1036366.78672;[0.0896];[-0.8604];6120.66443;[0.0801];[-0.8699];6066.74221;400),(1041415.24124;[0.0407];[-0.9093];5960.98525;[0.0366];[-0.9134];5923.06536;400),(1052388.44323;[0.0019];[-0.9481];5222.83620;[0.0023];[-0.9477];5198.20037;400),(1062964.84828;[0.0002];[-0.9498];4748.28610;[0.0001];[-0.9499];4730.48859;400),(1068379.82202;[0.];[-0.95];4475.68800;[0.];[-0.95];4460.92338;400),(1073511.24787;[0.];[-0.95];4470.81734;[0.];[-0.95];4455.99482;400),(1078554.13508;[0.];[-0.95];4464.69614;[0.];[-0.95];4449.79368;400),(1084804.03566;[0.];[-0.95];4457.68100;[0.];[-0.95];4442.63032;400),(1087961.25817;[0.];[-0.95];4457.68100;[0.];[-0.95];4442.63032;400),(1090778.51462;[0.];[-0.95];4457.68100;[0.];[-0.95];4442.63032;400),(1102801.50127;[0.2246];[-0.7254];6768.90189;[0.2159];[-0.7341];6611.07170;400),(1109424.09301;[0.1797];[-0.7703];6517.79006;[0.1718];[-0.7782];6409.10618;400),(1116450.04606;[0.1337];[-0.8163];6272.82872;[0.1299];[-0.8201];6194.60343;400),(1122807.08718;[0.0896];[-0.8604];6120.66443;[0.0801];[-0.8699];6066.74221;400),(1131732.25975;[0.0412];[-0.9088];5965.33164;[0.0369];[-0.9131];5927.39622;400),(1141008.44932;[0.0019];[-0.9481];5227.81692;[0.0023];[-0.9477];5203.28706;400),(1147549.00360;[0.];[-0.95];4457.68100;[0.];[-0.95];4442.63032;400),(1162649.60098;[0.2246];[-0.7254];6768.90189;[0.2159];[-0.7341];6611.07170;400),(1170861.34863;[0.1797];[-0.7703];6517.79006;[0.1718];[-0.7782];6409.10618;400),(1179922.87517;[0.1337];[-0.8163];6272.82872;[0.1299];[-0.8201];6194.60343;400),(1186784.10053;[0.0896];[-0.8604];6120.66443;[0.0801];[-0.8699];6066.74221;400),(1194663.04421;[0.0412];[-0.9088];5965.33164;[0.0369];[-0.9131];5927.39622;400),(1202552.56343;[0.0019];[-0.9481];5227.81692;[0.0023];[-0.9477];5203.28706;400),(1213017.38334;[0.0002];[-0.9498];4752.83252;[0.0001];[-0.9499];4735.10866;400),(1220608.71196;[0.];[-0.95];4475.68800;[0.];[-0.95];4460.92338;400),(1228214.95152;[0.];[-0.95];4464.69614;[0.];[-0.95];4449.79368;400),(1232206.78353;[0.];[-0.95];4457.68100;[0.];[-0.95];4442.63032;400),(1241620.49222;[0.];[-0.95];4457.68100;[0.];[-0.95];4442.63032;400),(1248190.37127;[0.];[-0.95];4457.68100;[0.];[-0.95];4442.63032;400),(1255736.63855;[0.224];[-0.726];6775.27002;[0.2151];[-0.7349];6618.34961;400),(1269089.77866;[0.2285];[-0.7215];6804.71430;[0.2212];[-0.7288];6634.54983;800),(1276975.68846;[0.2285];[-0.7215];6804.71430;[0.2212];[-0.7288];6634.54983;800),(1286485.06618;[0.2285];[-0.7215];6804.71430;[0.2212];[-0.7288];6634.54983;800),(1293285.22682;[0.2285];[-0.7215];6804.71430;[0.2212];[-0.7288];6634.54983;800),(1303642.58695;[0.2285];[-0.7215];6804.71430;[0.2212];[-0.7288];6634.54983;800),(1310175.41051;[0.2285];[-0.7215];6804.71430;[0.2212];[-0.7288];6634.54983;800),(1319427.33908;[0.2285];[-0.7215];6804.71430;[0.2212];[-0.7288];6634.54983;800),(1329947.97492;[0.2285];[-0.7215];6804.71430;[0.2212];[-0.7288];6634.54983;800),(1335415.04192;[0.1801];[-0.7699];6517.08774;[0.1725];[-0.7775];6407.77947;800),(1343346.50970;[0.0347];[-0.9153];5821.50657;[0.0323];[-0.9177];5783.82340;800),(1350328.37701;[0.0019];[-0.9481];5225.40413;[0.0023];[-0.9477];5200.85206;800),(1357697.04318;[0.0006];[-0.9494];4975.86967;[0.0004];[-0.9496];4954.76568;800),(1361049.68929;[0.0002];[-0.9498];4740.11634;[0.0001];[-0.9499];4722.25217;800),(1363942.17682;[0.];[-0.95];4470.81734;[0.];[-0.95];4455.99482;800),(1370361.25207;[0.];[-0.95];4457.68100;[0.];[-0.95];4442.63032;800),(1377756.37484;[0.];[-0.95];4457.68100;[0.];[-0.95];4442.63032;800),(1384327.14415;[0.];[-0.95];4433.19962;[0.];[-0.95];4418.14055;800),(1396087.74543;[0.2199];[-0.7301];6775.82678;[0.2096];[-0.7404];6623.26816;800),(1407776.32022;[0.1735];[-0.7765];6496.17656;[0.1656];[-0.7844];6392.56430;800),(1418439.86654;[0.1295];[-0.8205];6260.69217;[0.1255];[-0.8245];6187.64111;800),(1426712.47458;[0.0886];[-0.8614];6109.89975;[0.0791];[-0.8709];6056.07020;800),(1435554.10385;[0.0411];[-0.9089];5957.78121;[0.0368];[-0.9132];5919.71725;800),(1443341.21346;[0.0023];[-0.9477];5231.73144;[0.0026];[-0.9474];5206.87443;800),(1452689.68940;[0.0001];[-0.9499];4758.30065;[0.0001];[-0.9499];4740.68954;800),(1459447.99280;[0.];[-0.95];4433.19962;[0.];[-0.95];4418.14055;800),(1472756.80089;[0.2199];[-0.7301];6775.82678;[0.2096];[-0.7404];6623.26816;800),(1480789.34622;[0.1735];[-0.7765];6496.17656;[0.1656];[-0.7844];6392.56430;800),(1487512.68411;[0.1295];[-0.8205];6260.69217;[0.1255];[-0.8245];6187.64111;800),(1495969.38109;[0.0886];[-0.8614];6109.89975;[0.0791];[-0.8709];6056.07020;800),(1504018.56160;[0.0411];[-0.9089];5957.78121;[0.0368];[-0.9132];5919.71725;800),(1510647.41659;[0.0023];[-0.9477];5231.73144;[0.0026];[-0.9474];5206.87443;800),(1520081.17604;[0.0001];[-0.9499];4758.30065;[0.0001];[-0.9499];4740.68954;800),(1529352.84519;[0.0001];[-0.9499];4721.53492;[0.0001];[-0.9499];4703.66244;800),(1535782.93943;[0.];[-0.95];4470.81734;[0.];[-0.95];4455.99482;800),(1542491.85014;[0.];[-0.95];4457.68100;[0.];[-0.95];4442.63032;800),(1548911.36289;[0.];[-0.95];4457.68100;[0.];[-0.95];4442.63032;800),(1561226.36056;[0.2199];[-0.7301];6775.82678;[0.2096];[-0.7404];6623.26816;800),(1571852.27489;[0.1736];[-0.7764];6495.70077;[0.1657];[-0.7843];6392.02926;800),(1579439.19516;[0.1261];[-0.8239];6251.19182;[0.1225];[-0.8275];6179.49416;800),(1589267.26413;[0.0886];[-0.8614];6112.09773;[0.0796];[-0.8704];6058.24952;800),(1600024.21236;[0.0407];[-0.9093];5960.98525;[0.0366];[-0.9134];5923.06536;800),(1605640.84721;[0.0064];[-0.9436];5408.93516;[0.0059];[-0.9441];5380.53634;800),(1616282.38845;[0.0006];[-0.9494];4963.19448;[0.0004];[-0.9496];4941.86551;800),(1628721.72689;[0.0001];[-0.9499];4727.15096;[0.0001];[-0.9499];4709.36029;800),(1636957.94535;[0.];[-0.95];4470.81734;[0.];[-0.95];4455.99482;800),(1643778.58305;[0.];[-0.95];4457.68100;[0.];[-0.95];4442.63032;800),(1651925.87733;[0.];[-0.95];4457.68100;[0.];[-0.95];4442.63032;800),(1655008.33130;[0.];[-0.95];4457.68100;[0.];[-0.95];4442.63032;800),(1659278.69439;[0.];[-0.95];4457.68100;[0.];[-0.95];4442.63032;800),(1671183.82335;[0.2199];[-0.7301];6775.82678;[0.2096];[-0.7404];6623.26816;800),(1679871.15121;[0.1735];[-0.7765];6496.17656;[0.1656];[-0.7844];6392.56430;800),(1688428.96223;[0.1261];[-0.8239];6251.19182;[0.1225];[-0.8275];6179.49416;800),(1698574.43452;[0.0886];[-0.8614];6112.09773;[0.0796];[-0.8704];6058.24952;800),(1708334.78522;[0.0412];[-0.9088];5963.48940;[0.0374];[-0.9126];5925.36766;800),(1718731.18687;[0.0064];[-0.9436];5419.46620;[0.0057];[-0.9443];5391.21732;800),(1726510.04648;[0.0006];[-0.9494];4975.86967;[0.0004];[-0.9496];4954.76568;800),(1735689.98718;[0.];[-0.95];4457.68100;[0.];[-0.95];4442.63032;800),(1745008.55112;[0.];[-0.95];4457.68100;[0.];[-0.95];4442.63032;800),(1751738.82008;[0.2199];[-0.7301];6775.82678;[0.2096];[-0.7404];6623.26816;800),(1757363.36088;[0.1729];[-0.7771];6495.57859;[0.1654];[-0.7846];6392.09759;800),(1765613.10124;[0.1261];[-0.8239];6251.19182;[0.1225];[-0.8275];6179.49416;800),(1779668.41435;[0.0886];[-0.8614];6112.09773;[0.0796];[-0.8704];6058.24952;800),(1790625.24247;[0.0412];[-0.9088];5963.48940;[0.0374];[-0.9126];5925.36766;800),(1797833.02712;[0.0064];[-0.9436];5419.46620;[0.0057];[-0.9443];5391.21732;800)]"
8,7,6655.752986919801,[0.2088],[-0.7412],1805862.625837326,"[(14294.19279;[0.2088];[-0.7412];6655.75299;[0.2088];[-0.7412];6655.75299;100),(29448.20595;[0.2088];[-0.7412];6655.75299;[0.2088];[-0.7412];6655.75299;100),(66604.36296;[0.1883];[-0.7617];6646.53001;[0.1883];[-0.7617];6646.53001;200),(81226.32051;[0.1883];[-0.7617];6646.53001;[0.1883];[-0.7617];6646.53001;200),(97493.39414;[0.1883];[-0.7617];6646.53001;[0.1883];[-0.7617];6646.53001;200),(116992.12599;[0.1883];[-0.7617];6646.53001;[0.1883];[-0.7617];6646.53001;200),(134582.74746;[0.1883];[-0.7617];6646.53001;[0.1883];[-0.7617];6646.53001;200),(147300.18544;[0.1883];[-0.7617];6646.53001;[0.1883];[-0.7617];6646.53001;200),(159380.34797;[0.1223];[-0.8277];6213.25062;[0.1223];[-0.8277];6213.25062;200),(168247.28346;[0.0464];[-0.9036];5954.88330;[0.0464];[-0.9036];5954.88330;200),(177374.07637;[0.0023];[-0.9477];5198.20037;[0.0023];[-0.9477];5198.20037;200),(191196.20585;[0.0001];[-0.9499];4735.10866;[0.0001];[-0.9499];4735.10866;200),(206726.13049;[0.0001];[-0.9499];4709.36029;[0.0001];[-0.9499];4709.36029;200),(216434.92007;[0.0001];[-0.9499];4703.66244;[0.0001];[-0.9499];4703.66244;200),(230740.80157;[0.0001];[-0.9499];4696.70783;[0.0001];[-0.9499];4696.70783;200),(254322.33667;[0.1589];[-0.7911];6527.24726;[0.1589];[-0.7911];6527.24726;200),(266247.83349;[0.1343];[-0.8157];6322.73470;[0.1343];[-0.8157];6322.73470;200),(280048.79475;[0.1084];[-0.8416];6144.29682;[0.1084];[-0.8416];6144.29682;200),(293260.22077;[0.0542];[-0.8958];5974.65486;[0.0542];[-0.8958];5974.65486;200),(309060.83179;[0.0057];[-0.9443];5391.21732;[0.0057];[-0.9443];5391.21732;200),(334862.02264;[0.0001];[-0.9499];4696.70783;[0.0001];[-0.9499];4696.70783;200),(349808.01988;[0.1578];[-0.7922];6534.88388;[0.1578];[-0.7922];6534.88388;200),(366991.99367;[0.1369];[-0.8131];6336.41668;[0.1369];[-0.8131];6336.41668;200),(380870.65887;[0.1137];[-0.8363];6158.58078;[0.1137];[-0.8363];6158.58078;200),(394792.68980;[0.0673];[-0.8827];6017.46644;[0.0673];[-0.8827];6017.46644;200),(403783.98967;[0.013];[-0.937];5603.55086;[0.013];[-0.937];5603.55086;200),(410355.42107;[0.0023];[-0.9477];5186.74524;[0.0023];[-0.9477];5186.74524;200),(417879.64201;[0.0004];[-0.9496];4933.55800;[0.0004];[-0.9496];4933.55800;200),(428646.00539;[0.0001];[-0.9499];4709.36029;[0.0001];[-0.9499];4709.36029;200),(441510.03075;[0.0001];[-0.9499];4703.91134;[0.0001];[-0.9499];4703.91134;200),(449002.13289;[0.0001];[-0.9499];4703.66244;[0.0001];[-0.9499];4703.66244;200),(459844.05351;[0.0001];[-0.9499];4696.70783;[0.0001];[-0.9499];4696.70783;200),(466293.81561;[0.0001];[-0.9499];4696.70783;[0.0001];[-0.9499];4696.70783;200),(476880.85914;[0.1844];[-0.7656];6548.84932;[0.1844];[-0.7656];6548.84932;200),(492721.96841;[0.1415];[-0.8085];6314.46826;[0.1415];[-0.8085];6314.46826;200),(504144.41895;[0.1087];[-0.8413];6145.45468;[0.1087];[-0.8413];6145.45468;200),(512878.36218;[0.0616];[-0.8884];5999.51826;[0.0616];[-0.8884];5999.51826;200),(526585.13165;[0.0128];[-0.9372];5584.77237;[0.0128];[-0.9372];5584.77237;200),(536713.92989;[0.0001];[-0.9499];4696.70783;[0.0001];[-0.9499];4696.70783;200),(552487.41388;[0.0001];[-0.9499];4696.70783;[0.0001];[-0.9499];4696.70783;200),(561302.76132;[0.1844];[-0.7656];6548.84932;[0.1844];[-0.7656];6548.84932;200),(575583.73928;[0.1415];[-0.8085];6314.46826;[0.1415];[-0.8085];6314.46826;200),(587142.99893;[0.1087];[-0.8413];6145.45468;[0.1087];[-0.8413];6145.45468;200),(598886.87062;[0.0616];[-0.8884];5999.51826;[0.0616];[-0.8884];5999.51826;200),(609315.73868;[0.0128];[-0.9372];5584.77237;[0.0128];[-0.9372];5584.77237;200),(618124.95589;[0.0001];[-0.9499];4696.70783;[0.0001];[-0.9499];4696.70783;200),(629399.84941;[0.0001];[-0.9499];4696.70783;[0.0001];[-0.9499];4696.70783;200),(639842.70000;[0.1844];[-0.7656];6548.84932;[0.1844];[-0.7656];6548.84932;200),(648905.84230;[0.1415];[-0.8085];6314.46826;[0.1415];[-0.8085];6314.46826;200),(662806.76746;[0.1087];[-0.8413];6145.45468;[0.1087];[-0.8413];6145.45468;200),(672413.63668;[0.0616];[-0.8884];5999.51826;[0.0616];[-0.8884];5999.51826;200),(681236.09567;[0.0128];[-0.9372];5584.77237;[0.0128];[-0.9372];5584.77237;200),(691102.58079;[0.0001];[-0.9499];4696.70783;[0.0001];[-0.9499];4696.70783;200),(702257.19714;[0.0001];[-0.9499];4696.70783;[0.0001];[-0.9499];4696.70783;200),(712543.98298;[0.1844];[-0.7656];6548.84932;[0.1844];[-0.7656];6548.84932;200),(722896.02971;[0.1415];[-0.8085];6314.46826;[0.1415];[-0.8085];6314.46826;200),(730681.24270;[0.1087];[-0.8413];6145.45468;[0.1087];[-0.8413];6145.45468;200),(739670.24374;[0.0616];[-0.8884];5999.51826;[0.0616];[-0.8884];5999.51826;200),(754724.67899;[0.0128];[-0.9372];5584.77237;[0.0128];[-0.9372];5584.77237;200),(762276.99637;[0.0001];[-0.9499];4696.70783;[0.0001];[-0.9499];4696.70783;200),(770092.97824;[0.0001];[-0.9499];4696.70783;[0.0001];[-0.9499];4696.70783;200),(777616.35876;[0.1844];[-0.7656];6548.84932;[0.1844];[-0.7656];6548.84932;200),(788659.16085;[0.1258];[-0.8242];6308.85861;[0.1258];[-0.8242];6308.85861;200),(800555.91965;[0.1066];[-0.8434];6135.40041;[0.1066];[-0.8434];6135.40041;200),(812914.24632;[0.0616];[-0.8884];5999.51826;[0.0616];[-0.8884];5999.51826;200),(821507.74264;[0.0128];[-0.9372];5584.77237;[0.0128];[-0.9372];5584.77237;200),(828156.13055;[0.0001];[-0.9499];4696.70783;[0.0001];[-0.9499];4696.70783;200),(839599.54000;[0.0001];[-0.9499];4696.70783;[0.0001];[-0.9499];4696.70783;200),(846330.61218;[0.1844];[-0.7656];6548.84932;[0.1844];[-0.7656];6548.84932;200),(859059.82447;[0.1258];[-0.8242];6308.85861;[0.1258];[-0.8242];6308.85861;200),(871571.32626;[0.1066];[-0.8434];6135.40041;[0.1066];[-0.8434];6135.40041;200),(880687.00361;[0.0616];[-0.8884];5999.51826;[0.0616];[-0.8884];5999.51826;200),(892576.17688;[0.0128];[-0.9372];5584.77237;[0.0128];[-0.9372];5584.77237;200),(902475.66390;[0.0001];[-0.9499];4696.70783;[0.0001];[-0.9499];4696.70783;200),(919316.60724;[0.1802];[-0.7698];6543.05747;[0.1802];[-0.7698];6543.05747;200),(930760.48684;[0.1258];[-0.8242];6308.85861;[0.1258];[-0.8242];6308.85861;200),(942881.68645;[0.1066];[-0.8434];6135.40041;[0.1066];[-0.8434];6135.40041;200),(952437.66069;[0.0616];[-0.8884];5999.51826;[0.0616];[-0.8884];5999.51826;200),(959640.94090;[0.0128];[-0.9372];5584.77237;[0.0128];[-0.9372];5584.77237;200),(970940.41204;[0.0023];[-0.9477];5194.05074;[0.0023];[-0.9477];5194.05074;200),(981238.12103;[0.0004];[-0.9496];4941.16023;[0.0004];[-0.9496];4941.16023;200),(989790.97509;[0.0001];[-0.9499];4716.78201;[0.0001];[-0.9499];4716.78201;200),(996206.25949;[0.0001];[-0.9499];4709.36029;[0.0001];[-0.9499];4709.36029;200),(1003494.86160;[0.0001];[-0.9499];4703.66244;[0.0001];[-0.9499];4703.66244;200),(1011539.53099;[0.0001];[-0.9499];4703.66244;[0.0001];[-0.9499];4703.66244;200),(1018807.73568;[0.1821];[-0.7679];6542.00030;[0.1821];[-0.7679];6542.00030;200),(1029289.27732;[0.1211];[-0.8289];6289.33866;[0.1211];[-0.8289];6289.33866;200),(1038326.63393;[0.0949];[-0.8551];6128.02792;[0.0949];[-0.8551];6128.02792;200),(1045781.44717;[0.0611];[-0.8889];6001.42962;[0.0611];[-0.8889];6001.42962;200),(1055987.77795;[0.0128];[-0.9372];5594.83966;[0.0128];[-0.9372];5594.83966;200),(1065039.45065;[0.0001];[-0.9499];4703.66244;[0.0001];[-0.9499];4703.66244;200),(1072278.84030;[0.0001];[-0.9499];4703.66244;[0.0001];[-0.9499];4703.66244;200),(1079647.91703;[0.1821];[-0.7679];6542.00030;[0.1821];[-0.7679];6542.00030;200),(1088863.84869;[0.1211];[-0.8289];6289.33866;[0.1211];[-0.8289];6289.33866;200),(1099000.41318;[0.0949];[-0.8551];6128.02792;[0.0949];[-0.8551];6128.02792;200),(1109485.75258;[0.0611];[-0.8889];6001.42962;[0.0611];[-0.8889];6001.42962;200),(1114746.97542;[0.0128];[-0.9372];5594.83966;[0.0128];[-0.9372];5594.83966;200),(1122291.99386;[0.0001];[-0.9499];4703.66244;[0.0001];[-0.9499];4703.66244;200),(1130154.36935;[0.0001];[-0.9499];4703.66244;[0.0001];[-0.9499];4703.66244;200),(1139518.82172;[0.1821];[-0.7679];6542.00030;[0.1821];[-0.7679];6542.00030;200),(1148667.08326;[0.1211];[-0.8289];6289.33866;[0.1211];[-0.8289];6289.33866;200),(1157973.44232;[0.0949];[-0.8551];6128.02792;[0.0949];[-0.8551];6128.02792;200),(1168173.88821;[0.0611];[-0.8889];6001.42962;[0.0611];[-0.8889];6001.42962;200),(1175273.34189;[0.0128];[-0.9372];5594.83966;[0.0128];[-0.9372];5594.83966;200),(1182671.80228;[0.0001];[-0.9499];4703.66244;[0.0001];[-0.9499];4703.66244;200),(1190446.90180;[0.0001];[-0.9499];4703.66244;[0.0001];[-0.9499];4703.66244;200),(1200722.28456;[0.1821];[-0.7679];6542.00030;[0.1821];[-0.7679];6542.00030;200),(1207102.81539;[0.1211];[-0.8289];6289.33866;[0.1211];[-0.8289];6289.33866;200),(1216566.72645;[0.0949];[-0.8551];6128.02792;[0.0949];[-0.8551];6128.02792;200),(1223219.39278;[0.0611];[-0.8889];6001.42962;[0.0611];[-0.8889];6001.42962;200),(1229969.72489;[0.0128];[-0.9372];5594.83966;[0.0128];[-0.9372];5594.83966;200),(1236527.12727;[0.0001];[-0.9499];4703.66244;[0.0001];[-0.9499];4703.66244;200),(1244377.98953;[0.0001];[-0.9499];4703.66244;[0.0001];[-0.9499];4703.66244;200),(1253264.33468;[0.18];[-0.77];6536.12930;[0.18];[-0.77];6536.12930;200),(1262400.12026;[0.1374];[-0.8126];6289.78791;[0.1374];[-0.8126];6289.78791;200),(1270426.36132;[0.1026];[-0.8474];6126.54700;[0.1026];[-0.8474];6126.54700;200),(1280996.50407;[0.0544];[-0.8956];5979.70609;[0.0544];[-0.8956];5979.70609;200),(1288942.94095;[0.0128];[-0.9372];5594.83966;[0.0128];[-0.9372];5594.83966;200),(1295430.13215;[0.0001];[-0.9499];4703.66244;[0.0001];[-0.9499];4703.66244;200),(1302000.22221;[0.0001];[-0.9499];4703.66244;[0.0001];[-0.9499];4703.66244;200),(1307861.20868;[0.18];[-0.77];6536.12930;[0.18];[-0.77];6536.12930;200),(1317411.33857;[0.1374];[-0.8126];6289.78791;[0.1374];[-0.8126];6289.78791;200),(1329367.34366;[0.1026];[-0.8474];6126.54700;[0.1026];[-0.8474];6126.54700;200),(1336024.15299;[0.0544];[-0.8956];5979.70609;[0.0544];[-0.8956];5979.70609;200),(1343680.06229;[0.0128];[-0.9372];5594.83966;[0.0128];[-0.9372];5594.83966;200),(1347907.57322;[0.0001];[-0.9499];4703.66244;[0.0001];[-0.9499];4703.66244;200),(1351562.16240;[0.0001];[-0.9499];4703.66244;[0.0001];[-0.9499];4703.66244;200),(1357226.91393;[0.1737];[-0.7763];6525.64938;[0.1737];[-0.7763];6525.64938;200),(1363252.65527;[0.1374];[-0.8126];6289.78791;[0.1374];[-0.8126];6289.78791;200),(1371358.59179;[0.1026];[-0.8474];6126.54700;[0.1026];[-0.8474];6126.54700;200),(1378355.76105;[0.0544];[-0.8956];5979.70609;[0.0544];[-0.8956];5979.70609;200),(1387243.88838;[0.0128];[-0.9372];5594.83966;[0.0128];[-0.9372];5594.83966;200),(1395070.41454;[0.0001];[-0.9499];4703.66244;[0.0001];[-0.9499];4703.66244;200),(1402912.08053;[0.0001];[-0.9499];4703.66244;[0.0001];[-0.9499];4703.66244;200),(1412983.74200;[0.1737];[-0.7763];6525.64938;[0.1737];[-0.7763];6525.64938;200),(1422423.93684;[0.1374];[-0.8126];6289.78791;[0.1374];[-0.8126];6289.78791;200),(1431841.80737;[0.1026];[-0.8474];6126.54700;[0.1026];[-0.8474];6126.54700;200),(1442638.49044;[0.0544];[-0.8956];5979.70609;[0.0544];[-0.8956];5979.70609;200),(1449412.90808;[0.0128];[-0.9372];5594.83966;[0.0128];[-0.9372];5594.83966;200),(1455239.64262;[0.0001];[-0.9499];4703.66244;[0.0001];[-0.9499];4703.66244;200),(1464265.07258;[0.0001];[-0.9499];4703.66244;[0.0001];[-0.9499];4703.66244;200),(1475961.70259;[0.1737];[-0.7763];6525.64938;[0.1737];[-0.7763];6525.64938;200),(1482598.02985;[0.1103];[-0.8397];6273.53891;[0.1103];[-0.8397];6273.53891;200),(1488057.55115;[0.1026];[-0.8474];6126.54700;[0.1026];[-0.8474];6126.54700;200),(1496786.79323;[0.0544];[-0.8956];5979.70609;[0.0544];[-0.8956];5979.70609;200),(1503339.10656;[0.0128];[-0.9372];5594.83966;[0.0128];[-0.9372];5594.83966;200),(1509263.64946;[0.0001];[-0.9499];4703.66244;[0.0001];[-0.9499];4703.66244;200),(1518498.51966;[0.0001];[-0.9499];4703.66244;[0.0001];[-0.9499];4703.66244;200),(1524406.08501;[0.1737];[-0.7763];6525.64938;[0.1737];[-0.7763];6525.64938;200),(1529979.01154;[0.1103];[-0.8397];6273.53891;[0.1103];[-0.8397];6273.53891;200),(1535671.72432;[0.1026];[-0.8474];6126.54700;[0.1026];[-0.8474];6126.54700;200),(1541466.69269;[0.0544];[-0.8956];5979.70609;[0.0544];[-0.8956];5979.70609;200),(1548102.76508;[0.0128];[-0.9372];5594.83966;[0.0128];[-0.9372];5594.83966;200),(1557036.56054;[0.0001];[-0.9499];4703.66244;[0.0001];[-0.9499];4703.66244;200),(1560397.43662;[0.0001];[-0.9499];4703.66244;[0.0001];[-0.9499];4703.66244;200),(1568244.34829;[0.1675];[-0.7825];6517.40848;[0.1675];[-0.7825];6517.40848;200),(1575153.29790;[0.1103];[-0.8397];6273.53891;[0.1103];[-0.8397];6273.53891;200),(1583054.43907;[0.1026];[-0.8474];6126.54700;[0.1026];[-0.8474];6126.54700;200),(1589566.69354;[0.0544];[-0.8956];5979.70609;[0.0544];[-0.8956];5979.70609;200),(1597893.94116;[0.0128];[-0.9372];5594.83966;[0.0128];[-0.9372];5594.83966;200),(1605057.10864;[0.0001];[-0.9499];4703.66244;[0.0001];[-0.9499];4703.66244;200),(1615926.45454;[0.0001];[-0.9499];4703.66244;[0.0001];[-0.9499];4703.66244;200),(1623181.79631;[0.1675];[-0.7825];6517.40848;[0.1675];[-0.7825];6517.40848;200),(1634143.43286;[0.1103];[-0.8397];6273.53891;[0.1103];[-0.8397];6273.53891;200),(1641085.28209;[0.1026];[-0.8474];6126.54700;[0.1026];[-0.8474];6126.54700;200),(1648984.94172;[0.0544];[-0.8956];5979.70609;[0.0544];[-0.8956];5979.70609;200),(1655910.24828;[0.0128];[-0.9372];5594.83966;[0.0128];[-0.9372];5594.83966;200),(1662763.66901;[0.0001];[-0.9499];4703.66244;[0.0001];[-0.9499];4703.66244;200),(1673667.54866;[0.0001];[-0.9499];4703.66244;[0.0001];[-0.9499];4703.66244;200),(1684146.36278;[0.1675];[-0.7825];6517.40848;[0.1675];[-0.7825];6517.40848;200),(1693350.21043;[0.1339];[-0.8161];6275.29848;[0.1339];[-0.8161];6275.29848;200),(1700737.64777;[0.0888];[-0.8612];6115.42377;[0.0888];[-0.8612];6115.42377;200),(1711553.72119;[0.0544];[-0.8956];5979.70609;[0.0544];[-0.8956];5979.70609;200),(1716561.26857;[0.0128];[-0.9372];5594.83966;[0.0128];[-0.9372];5594.83966;200),(1724915.47775;[0.0001];[-0.9499];4703.66244;[0.0001];[-0.9499];4703.66244;200),(1734368.89243;[0.1675];[-0.7825];6517.40848;[0.1675];[-0.7825];6517.40848;200),(1740051.88560;[0.1339];[-0.8161];6275.29848;[0.1339];[-0.8161];6275.29848;200),(1745851.63760;[0.0888];[-0.8612];6115.42377;[0.0888];[-0.8612];6115.42377;200),(1751744.41481;[0.0544];[-0.8956];5979.70609;[0.0544];[-0.8956];5979.70609;200),(1758366.16039;[0.0128];[-0.9372];5594.83966;[0.0128];[-0.9372];5594.83966;200),(1769133.90446;[0.0023];[-0.9477];5200.85206;[0.0023];[-0.9477];5200.85206;200),(1778719.08784;[0.0004];[-0.9496];4959.21223;[0.0004];[-0.9496];4959.21223;200),(1785353.67513;[0.0001];[-0.9499];4709.36029;[0.0001];[-0.9499];4709.36029;200),(1791947.94202;[0.0001];[-0.9499];4703.66244;[0.0001];[-0.9499];4703.66244;200),(1795070.95909;[0.0001];[-0.9499];4703.66244;[0.0001];[-0.9499];4703.66244;200),(1797041.47148;[0.0001];[-0.9499];4703.66244;[0.0001];[-0.9499];4703.66244;200),(1803042.46521;[0.169];[-0.781];6510.74908;[0.169];[-0.781];6510.74908;200)]"
8,4,6591.3041643300385,[0.1755],[-0.7745],1802653.9566516876,"[(11622.46156;[0.1783];[-0.7717];6679.78527;[0.1755];[-0.7745];6591.30416;100),(40312.12831;[0.1783];[-0.7717];6679.78527;[0.1755];[-0.7745];6591.30416;100),(70727.32067;[0.1783];[-0.7717];6679.78527;[0.1755];[-0.7745];6591.30416;100),(95399.41001;[0.1783];[-0.7717];6679.78527;[0.1755];[-0.7745];6591.30416;100),(108425.59719;[0.1783];[-0.7717];6679.78527;[0.1755];[-0.7745];6591.30416;100),(127567.84177;[0.1783];[-0.7717];6679.78527;[0.1755];[-0.7745];6591.30416;100),(138093.01972;[0.0913];[-0.8587];6130.89566;[0.0854];[-0.8646];6075.61757;100),(148872.71547;[0.039];[-0.911];5949.23452;[0.0366];[-0.9134];5907.07008;100),(161742.49601;[0.0136];[-0.9364];5629.93023;[0.0128];[-0.9372];5594.83966;100),(178750.29206;[0.002];[-0.948];5226.01197;[0.0023];[-0.9477];5198.20037;100),(190035.09569;[0.0019];[-0.9481];5202.86165;[0.0023];[-0.9477];5174.93728;100),(204141.29162;[0.0004];[-0.9496];4986.89255;[0.0004];[-0.9496];4963.34114;100),(218998.99530;[0.0004];[-0.9496];4982.84934;[0.0004];[-0.9496];4959.21223;100),(233059.60798;[0.0004];[-0.9496];4978.57780;[0.0004];[-0.9496];4954.76568;100),(243762.05993;[0.0004];[-0.9496];4978.57780;[0.0004];[-0.9496];4954.76568;100),(262134.57561;[0.0004];[-0.9496];4978.57780;[0.0004];[-0.9496];4954.76568;100),(272050.62056;[0.1654];[-0.7846];6600.20211;[0.1642];[-0.7858];6513.94807;100),(283238.29579;[0.1239];[-0.8261];6335.93055;[0.122];[-0.828];6268.72218;100),(295535.25352;[0.0946];[-0.8554];6141.97833;[0.0897];[-0.8603];6085.81322;100),(309132.35569;[0.0484];[-0.9016];6000.14741;[0.0463];[-0.9037];5956.30027;100),(322770.85829;[0.0004];[-0.9496];4978.57780;[0.0004];[-0.9496];4954.76568;100),(339376.37711;[0.0004];[-0.9496];4978.57780;[0.0004];[-0.9496];4954.76568;100),(356938.28058;[0.1782];[-0.7718];6625.88956;[0.1765];[-0.7735];6532.43793;100),(369211.93266;[0.1255];[-0.8245];6321.50790;[0.1251];[-0.8249];6252.40320;100),(379436.49626;[0.0909];[-0.8591];6139.61739;[0.0851];[-0.8649];6084.65152;100),(389393.92614;[0.0391];[-0.9109];5971.29665;[0.0366];[-0.9134];5929.50197;100),(404607.02229;[0.0004];[-0.9496];4978.57780;[0.0004];[-0.9496];4954.76568;100),(425788.88941;[0.0004];[-0.9496];4978.57780;[0.0004];[-0.9496];4954.76568;100),(439134.80377;[0.1782];[-0.7718];6625.88956;[0.1765];[-0.7735];6532.43793;100),(453496.78731;[0.1239];[-0.8261];6335.93055;[0.122];[-0.828];6268.72218;100),(467098.62733;[0.0946];[-0.8554];6141.97833;[0.0897];[-0.8603];6085.81322;100),(485355.59750;[0.0484];[-0.9016];6000.14741;[0.0463];[-0.9037];5956.30027;100),(496508.64005;[0.0004];[-0.9496];4978.57780;[0.0004];[-0.9496];4954.76568;100),(513844.35868;[0.0004];[-0.9496];4978.57780;[0.0004];[-0.9496];4954.76568;100),(527396.59119;[0.1782];[-0.7718];6625.88956;[0.1765];[-0.7735];6532.43793;100),(539613.41596;[0.1239];[-0.8261];6335.93055;[0.122];[-0.828];6268.72218;100),(550980.76153;[0.0946];[-0.8554];6141.97833;[0.0897];[-0.8603];6085.81322;100),(561422.97816;[0.0484];[-0.9016];6000.14741;[0.0463];[-0.9037];5956.30027;100),(570890.52033;[0.0004];[-0.9496];4978.57780;[0.0004];[-0.9496];4954.76568;100),(583395.89167;[0.0004];[-0.9496];4978.57780;[0.0004];[-0.9496];4954.76568;100),(594393.57996;[0.1654];[-0.7846];6600.20211;[0.1642];[-0.7858];6513.94807;100),(605822.62373;[0.1255];[-0.8245];6321.50790;[0.1251];[-0.8249];6252.40320;100),(615010.47564;[0.0946];[-0.8554];6141.97833;[0.0897];[-0.8603];6085.81322;100),(627654.29544;[0.0484];[-0.9016];6000.14741;[0.0463];[-0.9037];5956.30027;100),(635366.25671;[0.0004];[-0.9496];4978.57780;[0.0004];[-0.9496];4954.76568;100),(649063.91096;[0.0004];[-0.9496];4978.57780;[0.0004];[-0.9496];4954.76568;100),(655636.83391;[0.1654];[-0.7846];6600.20211;[0.1642];[-0.7858];6513.94807;100),(664450.99688;[0.1255];[-0.8245];6321.50790;[0.1251];[-0.8249];6252.40320;100),(677148.93198;[0.0946];[-0.8554];6141.97833;[0.0897];[-0.8603];6085.81322;100),(686165.72690;[0.0484];[-0.9016];6000.14741;[0.0463];[-0.9037];5956.30027;100),(695285.05492;[0.0004];[-0.9496];4978.57780;[0.0004];[-0.9496];4954.76568;100),(710517.86494;[0.0004];[-0.9496];4978.57780;[0.0004];[-0.9496];4954.76568;100),(720359.24554;[0.1654];[-0.7846];6600.20211;[0.1642];[-0.7858];6513.94807;100),(733211.36165;[0.1255];[-0.8245];6321.50790;[0.1251];[-0.8249];6252.40320;100),(746085.19578;[0.0946];[-0.8554];6141.97833;[0.0897];[-0.8603];6085.81322;100),(756391.20317;[0.0484];[-0.9016];6000.14741;[0.0463];[-0.9037];5956.30027;100),(765200.22631;[0.0004];[-0.9496];4978.57780;[0.0004];[-0.9496];4954.76568;100),(779039.71291;[0.0004];[-0.9496];4978.57780;[0.0004];[-0.9496];4954.76568;100),(786497.54906;[0.1654];[-0.7846];6600.20211;[0.1642];[-0.7858];6513.94807;100),(794333.57263;[0.1255];[-0.8245];6321.50790;[0.1251];[-0.8249];6252.40320;100),(806454.96941;[0.0946];[-0.8554];6141.97833;[0.0897];[-0.8603];6085.81322;100),(815244.72666;[0.0484];[-0.9016];6000.14741;[0.0463];[-0.9037];5956.30027;100),(824299.51477;[0.0004];[-0.9496];4978.57780;[0.0004];[-0.9496];4954.76568;100),(839025.90179;[0.0004];[-0.9496];4978.57780;[0.0004];[-0.9496];4954.76568;100),(846629.79436;[0.1673];[-0.7827];6598.57814;[0.1654];[-0.7846];6510.95863;100),(856774.87445;[0.1229];[-0.8271];6301.63926;[0.1197];[-0.8303];6233.63491;100),(865969.73062;[0.0909];[-0.8591];6139.61739;[0.0851];[-0.8649];6084.65152;100),(877782.53365;[0.0484];[-0.9016];6000.14741;[0.0463];[-0.9037];5956.30027;100),(884132.29918;[0.0004];[-0.9496];4978.57780;[0.0004];[-0.9496];4954.76568;100),(897146.93856;[0.0004];[-0.9496];4978.57780;[0.0004];[-0.9496];4954.76568;100),(908459.62858;[0.1673];[-0.7827];6598.57814;[0.1654];[-0.7846];6510.95863;100),(916581.34055;[0.1229];[-0.8271];6301.63926;[0.1197];[-0.8303];6233.63491;100),(926606.17924;[0.0909];[-0.8591];6139.61739;[0.0851];[-0.8649];6084.65152;100),(933595.07227;[0.0484];[-0.9016];6000.14741;[0.0463];[-0.9037];5956.30027;100),(943479.45333;[0.0004];[-0.9496];4978.57780;[0.0004];[-0.9496];4954.76568;100),(961106.29034;[0.1645];[-0.7855];6581.19653;[0.1634];[-0.7866];6494.49701;100),(970636.34682;[0.1229];[-0.8271];6301.63926;[0.1197];[-0.8303];6233.63491;100),(976622.88451;[0.0909];[-0.8591];6139.61739;[0.0851];[-0.8649];6084.65152;100),(984097.42475;[0.0484];[-0.9016];6000.14741;[0.0463];[-0.9037];5956.30027;100),(998194.92078;[0.0139];[-0.9361];5637.53672;[0.0128];[-0.9372];5602.53315;100),(1002370.92900;[0.0135];[-0.9365];5603.88844;[0.0127];[-0.9373];5568.58157;100),(1006484.09557;[0.0065];[-0.9435];5418.19347;[0.0059];[-0.9441];5386.51318;100),(1011705.25956;[0.0019];[-0.9481];5221.79706;[0.0023];[-0.9477];5194.05074;100),(1017241.10699;[0.002];[-0.948];5214.71528;[0.0023];[-0.9477];5186.74524;100),(1019384.98473;[0.0019];[-0.9481];5202.86165;[0.0023];[-0.9477];5174.93728;100),(1024659.96265;[0.0019];[-0.9481];5202.86165;[0.0023];[-0.9477];5174.93728;100),(1027381.73056;[0.0019];[-0.9481];5202.86165;[0.0023];[-0.9477];5174.93728;100),(1034825.47164;[0.0019];[-0.9481];5202.86165;[0.0023];[-0.9477];5174.93728;100),(1046169.05880;[0.1596];[-0.7904];6558.56270;[0.1576];[-0.7924];6473.66507;100),(1053205.75857;[0.1242];[-0.8258];6282.23488;[0.1218];[-0.8282];6213.00288;100),(1062404.16598;[0.0909];[-0.8591];6139.61739;[0.0851];[-0.8649];6084.65152;100),(1069835.51550;[0.0487];[-0.9013];6000.59883;[0.0466];[-0.9034];5956.67180;100),(1078204.22745;[0.0019];[-0.9481];5202.86165;[0.0023];[-0.9477];5174.93728;100),(1083657.11713;[0.0019];[-0.9481];5202.86165;[0.0023];[-0.9477];5174.93728;100),(1089222.84603;[0.1596];[-0.7904];6558.56270;[0.1576];[-0.7924];6473.66507;100),(1095776.47376;[0.1242];[-0.8258];6282.23488;[0.1218];[-0.8282];6213.00288;100),(1103825.58513;[0.0909];[-0.8591];6139.61739;[0.0851];[-0.8649];6084.65152;100),(1109222.08023;[0.0487];[-0.9013];6000.59883;[0.0466];[-0.9034];5956.67180;100),(1115631.30999;[0.0019];[-0.9481];5202.86165;[0.0023];[-0.9477];5174.93728;100),(1123166.50653;[0.0019];[-0.9481];5202.86165;[0.0023];[-0.9477];5174.93728;100),(1131962.01491;[0.1577];[-0.7923];6542.62615;[0.1551];[-0.7949];6458.47887;100),(1138547.77646;[0.1242];[-0.8258];6282.23488;[0.1218];[-0.8282];6213.00288;100),(1145039.01529;[0.0909];[-0.8591];6139.61739;[0.0851];[-0.8649];6084.65152;100),(1151582.63016;[0.0487];[-0.9013];6000.59883;[0.0466];[-0.9034];5956.67180;100),(1158406.38995;[0.0019];[-0.9481];5202.86165;[0.0023];[-0.9477];5174.93728;100),(1167088.95540;[0.0019];[-0.9481];5202.86165;[0.0023];[-0.9477];5174.93728;100),(1175101.70054;[0.1577];[-0.7923];6542.62615;[0.1551];[-0.7949];6458.47887;100),(1182945.91928;[0.1242];[-0.8258];6282.23488;[0.1218];[-0.8282];6213.00288;100),(1190410.46715;[0.0909];[-0.8591];6139.61739;[0.0851];[-0.8649];6084.65152;100),(1197902.49133;[0.0487];[-0.9013];6000.59883;[0.0466];[-0.9034];5956.67180;100),(1207396.18659;[0.0019];[-0.9481];5202.86165;[0.0023];[-0.9477];5174.93728;100),(1215295.27140;[0.0019];[-0.9481];5202.86165;[0.0023];[-0.9477];5174.93728;100),(1221923.68698;[0.1469];[-0.8031];6523.61331;[0.144];[-0.806];6446.16781;100),(1229897.65429;[0.1255];[-0.8245];6261.35643;[0.1236];[-0.8264];6190.71638;100),(1238017.06028;[0.0848];[-0.8652];6120.92529;[0.0788];[-0.8712];6066.93600;100),(1246422.88280;[0.0395];[-0.9105];5973.96715;[0.037];[-0.913];5932.06390;100),(1252844.55490;[0.0019];[-0.9481];5202.86165;[0.0023];[-0.9477];5174.93728;100),(1256040.61794;[0.0019];[-0.9481];5202.86165;[0.0023];[-0.9477];5174.93728;100),(1263966.18915;[0.1469];[-0.8031];6523.61331;[0.144];[-0.806];6446.16781;100),(1273509.65261;[0.1255];[-0.8245];6261.35643;[0.1236];[-0.8264];6190.71638;100),(1280282.19652;[0.0848];[-0.8652];6120.92529;[0.0788];[-0.8712];6066.93600;100),(1285574.46170;[0.0395];[-0.9105];5973.96715;[0.037];[-0.913];5932.06390;100),(1292157.68218;[0.0019];[-0.9481];5202.86165;[0.0023];[-0.9477];5174.93728;100),(1300270.20454;[0.0019];[-0.9481];5202.86165;[0.0023];[-0.9477];5174.93728;100),(1310777.06623;[0.1483];[-0.8017];6501.99385;[0.1446];[-0.8054];6424.37527;100),(1317596.80510;[0.1255];[-0.8245];6261.35643;[0.1236];[-0.8264];6190.71638;100),(1325362.33497;[0.0848];[-0.8652];6120.92529;[0.0788];[-0.8712];6066.93600;100),(1330840.51013;[0.0395];[-0.9105];5973.96715;[0.037];[-0.913];5932.06390;100),(1342059.17335;[0.0019];[-0.9481];5202.86165;[0.0023];[-0.9477];5174.93728;100),(1350046.80037;[0.0019];[-0.9481];5202.86165;[0.0023];[-0.9477];5174.93728;100),(1360843.46652;[0.1483];[-0.8017];6501.99385;[0.1446];[-0.8054];6424.37527;100),(1370321.98811;[0.1255];[-0.8245];6261.35643;[0.1236];[-0.8264];6190.71638;100),(1380032.75299;[0.0848];[-0.8652];6120.92529;[0.0788];[-0.8712];6066.93600;100),(1387496.98472;[0.0395];[-0.9105];5973.96715;[0.037];[-0.913];5932.06390;100),(1393002.98667;[0.0019];[-0.9481];5202.86165;[0.0023];[-0.9477];5174.93728;100),(1398617.15007;[0.0019];[-0.9481];5202.86165;[0.0023];[-0.9477];5174.93728;100),(1408275.21253;[0.1471];[-0.8029];6484.45667;[0.1443];[-0.8057];6404.80176;100),(1417820.67752;[0.1212];[-0.8288];6239.31703;[0.1184];[-0.8316];6170.03559;100),(1427361.63926;[0.0848];[-0.8652];6120.92529;[0.0788];[-0.8712];6066.93600;100),(1433207.53908;[0.0395];[-0.9105];5973.96715;[0.037];[-0.913];5932.06390;100),(1440767.04645;[0.0019];[-0.9481];5202.86165;[0.0023];[-0.9477];5174.93728;100),(1444994.16709;[0.0019];[-0.9481];5202.86165;[0.0023];[-0.9477];5174.93728;100),(1456588.01556;[0.1471];[-0.8029];6484.45667;[0.1443];[-0.8057];6404.80176;100),(1462170.21155;[0.1212];[-0.8288];6239.31703;[0.1184];[-0.8316];6170.03559;100),(1467987.33258;[0.0848];[-0.8652];6120.92529;[0.0788];[-0.8712];6066.93600;100),(1473829.00310;[0.0395];[-0.9105];5973.96715;[0.037];[-0.913];5932.06390;100),(1482521.99864;[0.0019];[-0.9481];5202.86165;[0.0023];[-0.9477];5174.93728;100),(1491173.58017;[0.0019];[-0.9481];5202.86165;[0.0023];[-0.9477];5174.93728;100),(1498257.60007;[0.135];[-0.815];6460.65217;[0.1332];[-0.8168];6388.28785;100),(1507330.21784;[0.1212];[-0.8288];6239.31703;[0.1184];[-0.8316];6170.03559;100),(1515773.97871;[0.0848];[-0.8652];6120.92529;[0.0788];[-0.8712];6066.93600;100),(1522261.23261;[0.0395];[-0.9105];5973.96715;[0.037];[-0.913];5932.06390;100),(1530319.11445;[0.0019];[-0.9481];5202.86165;[0.0023];[-0.9477];5174.93728;100),(1537022.36700;[0.0019];[-0.9481];5202.86165;[0.0023];[-0.9477];5174.93728;100),(1547809.12662;[0.135];[-0.815];6460.65217;[0.1332];[-0.8168];6388.28785;100),(1554611.35650;[0.1212];[-0.8288];6239.31703;[0.1184];[-0.8316];6170.03559;100),(1560174.60966;[0.0848];[-0.8652];6120.92529;[0.0788];[-0.8712];6066.93600;100),(1567164.92343;[0.0395];[-0.9105];5973.96715;[0.037];[-0.913];5932.06390;100),(1574831.03323;[0.0019];[-0.9481];5202.86165;[0.0023];[-0.9477];5174.93728;100),(1583099.60890;[0.0019];[-0.9481];5202.86165;[0.0023];[-0.9477];5174.93728;100),(1591063.12180;[0.1318];[-0.8182];6441.77033;[0.1307];[-0.8193];6370.27440;100),(1598123.86823;[0.1224];[-0.8276];6229.75619;[0.1203];[-0.8297];6163.00703;100),(1603880.81551;[0.0788];[-0.8712];6099.28108;[0.0717];[-0.8783];6046.93906;100),(1612159.15418;[0.0395];[-0.9105];5973.96715;[0.037];[-0.913];5932.06390;100),(1617813.31897;[0.0019];[-0.9481];5202.86165;[0.0023];[-0.9477];5174.93728;100),(1626244.74597;[0.0019];[-0.9481];5202.86165;[0.0023];[-0.9477];5174.93728;100),(1632433.64739;[0.1318];[-0.8182];6441.77033;[0.1307];[-0.8193];6370.27440;100),(1638395.44678;[0.1224];[-0.8276];6229.75619;[0.1203];[-0.8297];6163.00703;100),(1641777.94504;[0.0788];[-0.8712];6099.28108;[0.0717];[-0.8783];6046.93906;100),(1649920.31837;[0.0395];[-0.9105];5973.96715;[0.037];[-0.913];5932.06390;100),(1659175.41099;[0.0019];[-0.9481];5202.86165;[0.0023];[-0.9477];5174.93728;100),(1665237.71071;[0.0019];[-0.9481];5202.86165;[0.0023];[-0.9477];5174.93728;100),(1671048.26736;[0.1693];[-0.7807];6484.15038;[0.1684];[-0.7816];6390.38195;100),(1676829.13733;[0.1224];[-0.8276];6229.75619;[0.1203];[-0.8297];6163.00703;100),(1684086.91502;[0.0788];[-0.8712];6099.28108;[0.0717];[-0.8783];6046.93906;100),(1694304.88920;[0.0395];[-0.9105];5973.96715;[0.037];[-0.913];5932.06390;100),(1703697.33191;[0.0019];[-0.9481];5202.86165;[0.0023];[-0.9477];5174.93728;100),(1710925.60911;[0.0019];[-0.9481];5202.86165;[0.0023];[-0.9477];5174.93728;100),(1716067.67607;[0.1693];[-0.7807];6484.15038;[0.1684];[-0.7816];6390.38195;100),(1722811.39135;[0.1224];[-0.8276];6229.75619;[0.1203];[-0.8297];6163.00703;100),(1730010.95581;[0.0788];[-0.8712];6099.28108;[0.0717];[-0.8783];6046.93906;100),(1740749.30286;[0.0395];[-0.9105];5973.96715;[0.037];[-0.913];5932.06390;100),(1747370.64576;[0.0019];[-0.9481];5202.86165;[0.0023];[-0.9477];5174.93728;100),(1754211.43961;[0.0019];[-0.9481];5202.86165;[0.0023];[-0.9477];5174.93728;100),(1758856.65154;[0.1662];[-0.7838];6473.76186;[0.1657];[-0.7843];6380.94068;100),(1767086.32302;[0.1177];[-0.8323];6215.32430;[0.1154];[-0.8346];6150.10935;100),(1775190.09519;[0.0788];[-0.8712];6099.28108;[0.0717];[-0.8783];6046.93906;100),(1781850.15249;[0.0395];[-0.9105];5973.96715;[0.037];[-0.913];5932.06390;100),(1786376.22714;[0.0019];[-0.9481];5202.86165;[0.0023];[-0.9477];5174.93728;100),(1791879.29630;[0.0019];[-0.9481];5202.86165;[0.0023];[-0.9477];5174.93728;100),(1795559.68451;[0.1662];[-0.7838];6473.76186;[0.1657];[-0.7843];6380.94068;100),(1798005.73277;[0.1177];[-0.8323];6215.32430;[0.1154];[-0.8346];6150.10935;100),(1801100.92592;[0.0788];[-0.8712];6099.28108;[0.0717];[-0.8783];6046.93906;100)]"
8,6,6215.043644138108,[0.0643],[-0.8857],1800308.428287506,"[(7227.39387;[0.0646];[-0.8854];6202.32188;[0.0643];[-0.8857];6215.04364;100),(29201.79105;[0.0646];[-0.8854];6202.32188;[0.0643];[-0.8857];6215.04364;100),(54709.09452;[0.0646];[-0.8854];6202.32188;[0.0643];[-0.8857];6215.04364;100),(73956.41971;[0.0646];[-0.8854];6202.32188;[0.0643];[-0.8857];6215.04364;100),(96068.76421;[0.0646];[-0.8854];6202.32188;[0.0643];[-0.8857];6215.04364;100),(107949.50390;[0.0646];[-0.8854];6202.32188;[0.0643];[-0.8857];6215.04364;100),(116976.29929;[0.034];[-0.916];5951.29104;[0.0347];[-0.9153];5927.30430;100),(129814.50558;[0.0046];[-0.9454];5426.42985;[0.0057];[-0.9443];5407.86038;100),(138234.15732;[0.0001];[-0.9499];4990.75552;[0.0004];[-0.9496];4976.07684;100),(156638.57388;[0.];[-0.95];4739.57018;[0.0001];[-0.9499];4726.63734;100),(164913.49387;[0.];[-0.95];4199.14158;[0.];[-0.95];4190.63406;100),(179391.87503;[0.];[-0.95];4179.52785;[0.];[-0.95];4170.90641;100),(192369.81130;[0.];[-0.95];4179.52785;[0.];[-0.95];4170.90641;100),(206891.57486;[0.0646];[-0.8854];6202.32188;[0.0643];[-0.8857];6215.04364;100),(220177.08611;[0.0102];[-0.9398];5992.87930;[0.0104];[-0.9396];5997.34871;100),(235739.77160;[0.0477];[-0.9023];6077.91687;[0.0493];[-0.9007];6060.41890;100),(247196.36154;[0.0398];[-0.9102];5981.34540;[0.0414];[-0.9086];5957.37497;100),(266717.47851;[0.0124];[-0.9376];5611.73362;[0.0127];[-0.9373];5591.00651;100),(281428.27106;[0.];[-0.95];4735.27779;[0.0001];[-0.9499];4722.25217;100),(288045.13717;[0.];[-0.95];4734.92353;[0.0001];[-0.9499];4721.96230;100),(294259.79710;[0.];[-0.95];4716.73444;[0.0001];[-0.9499];4703.66244;100),(302889.29343;[0.];[-0.95];4716.73444;[0.0001];[-0.9499];4703.66244;100),(310233.73246;[0.];[-0.95];4716.73444;[0.0001];[-0.9499];4703.66244;100),(324503.85141;[0.0646];[-0.8854];6202.32188;[0.0643];[-0.8857];6215.04364;100),(339934.67927;[0.0076];[-0.9424];5988.50666;[0.0089];[-0.9411];5993.09749;100),(352922.40453;[0.0477];[-0.9023];6077.91687;[0.0493];[-0.9007];6060.41890;100),(367624.02630;[0.0328];[-0.9172];5986.39754;[0.0332];[-0.9168];5964.18275;100),(386633.25262;[0.0224];[-0.9276];5779.54721;[0.0234];[-0.9266];5756.59498;100),(397808.39062;[0.0001];[-0.9499];4961.98079;[0.0004];[-0.9496];4947.08848;100),(410197.06011;[0.0002];[-0.9498];4957.65558;[0.0004];[-0.9496];4942.64193;100),(425568.58659;[0.0002];[-0.9498];4957.65558;[0.0004];[-0.9496];4942.64193;100),(431914.36195;[0.0002];[-0.9498];4957.65558;[0.0004];[-0.9496];4942.64193;100),(440414.53242;[0.0002];[-0.9498];4957.65558;[0.0004];[-0.9496];4942.64193;100),(446184.59773;[0.0641];[-0.8859];6201.40594;[0.0645];[-0.8855];6213.90038;100),(461061.25093;[0.0037];[-0.9463];5971.98167;[0.0056];[-0.9444];5976.87798;100),(473878.47281;[0.0453];[-0.9047];6065.30671;[0.0452];[-0.9048];6047.99546;100),(484096.95625;[0.0325];[-0.9175];5992.54750;[0.0331];[-0.9169];5970.48740;100),(492036.64184;[0.0002];[-0.9498];4957.65558;[0.0004];[-0.9496];4942.64193;100),(508964.26034;[0.0002];[-0.9498];4957.65558;[0.0004];[-0.9496];4942.64193;100),(518088.32455;[0.0641];[-0.8859];6201.40594;[0.0645];[-0.8855];6213.90038;100),(526030.72286;[0.0037];[-0.9463];5971.98167;[0.0056];[-0.9444];5976.87798;100),(534803.97844;[0.0453];[-0.9047];6065.30671;[0.0452];[-0.9048];6047.99546;100),(543511.31415;[0.0325];[-0.9175];5992.54750;[0.0331];[-0.9169];5970.48740;100),(554366.06312;[0.0002];[-0.9498];4957.65558;[0.0004];[-0.9496];4942.64193;100),(567531.00753;[0.0002];[-0.9498];4957.65558;[0.0004];[-0.9496];4942.64193;100),(576460.68549;[0.0339];[-0.9161];6109.76625;[0.0358];[-0.9142];6123.30635;100),(586681.50234;[0.0037];[-0.9463];5971.98167;[0.0056];[-0.9444];5976.87798;100),(594653.46766;[0.0453];[-0.9047];6065.30671;[0.0452];[-0.9048];6047.99546;100),(601892.14635;[0.0325];[-0.9175];5992.54750;[0.0331];[-0.9169];5970.48740;100),(609614.85839;[0.0002];[-0.9498];4957.65558;[0.0004];[-0.9496];4942.64193;100),(622719.37990;[0.0002];[-0.9498];4957.65558;[0.0004];[-0.9496];4942.64193;100),(632095.88528;[0.0339];[-0.9161];6109.76625;[0.0358];[-0.9142];6123.30635;100),(639040.57574;[0.0037];[-0.9463];5971.98167;[0.0056];[-0.9444];5976.87798;100),(653800.01473;[0.0453];[-0.9047];6065.30671;[0.0452];[-0.9048];6047.99546;100),(662688.73763;[0.0325];[-0.9175];5992.54750;[0.0331];[-0.9169];5970.48740;100),(670196.17581;[0.0002];[-0.9498];4957.65558;[0.0004];[-0.9496];4942.64193;100),(687398.83947;[0.0002];[-0.9498];4957.65558;[0.0004];[-0.9496];4942.64193;100),(694046.93770;[0.0339];[-0.9161];6109.76625;[0.0358];[-0.9142];6123.30635;100),(708127.88987;[0.0027];[-0.9473];5965.09713;[0.0041];[-0.9459];5970.23887;100),(718552.68359;[0.0494];[-0.9006];6077.31077;[0.0512];[-0.8988];6058.81426;100),(733243.01052;[0.0325];[-0.9175];5992.54750;[0.0331];[-0.9169];5970.48740;100),(740797.48893;[0.0002];[-0.9498];4957.65558;[0.0004];[-0.9496];4942.64193;100),(752053.79152;[0.0002];[-0.9498];4957.65558;[0.0004];[-0.9496];4942.64193;100),(760717.72623;[0.0339];[-0.9161];6109.76625;[0.0358];[-0.9142];6123.30635;100),(770678.04289;[0.0027];[-0.9473];5965.09713;[0.0041];[-0.9459];5970.23887;100),(780750.12732;[0.0494];[-0.9006];6077.31077;[0.0512];[-0.8988];6058.81426;100),(788710.82616;[0.0325];[-0.9175];5992.54750;[0.0331];[-0.9169];5970.48740;100),(796236.20725;[0.0002];[-0.9498];4957.65558;[0.0004];[-0.9496];4942.64193;100),(812613.44075;[0.0002];[-0.9498];4957.65558;[0.0004];[-0.9496];4942.64193;100),(820641.18123;[0.0301];[-0.9199];6095.82050;[0.0318];[-0.9182];6109.93699;100),(830197.20793;[0.0027];[-0.9473];5965.09713;[0.0041];[-0.9459];5970.23887;100),(841352.75245;[0.0494];[-0.9006];6077.31077;[0.0512];[-0.8988];6058.81426;100),(852691.35761;[0.0325];[-0.9175];5992.54750;[0.0331];[-0.9169];5970.48740;100),(862879.14371;[0.0002];[-0.9498];4957.65558;[0.0004];[-0.9496];4942.64193;100),(878583.81319;[0.0002];[-0.9498];4957.65558;[0.0004];[-0.9496];4942.64193;100),(885389.18686;[0.0301];[-0.9199];6095.82050;[0.0318];[-0.9182];6109.93699;100),(896701.08271;[0.0027];[-0.9473];5965.09713;[0.0041];[-0.9459];5970.23887;100),(909308.25114;[0.0494];[-0.9006];6077.31077;[0.0512];[-0.8988];6058.81426;100),(917928.88594;[0.0325];[-0.9175];5992.54750;[0.0331];[-0.9169];5970.48740;100),(926067.50250;[0.0002];[-0.9498];4957.65558;[0.0004];[-0.9496];4942.64193;100),(940589.74910;[0.0002];[-0.9498];4957.65558;[0.0004];[-0.9496];4942.64193;100),(950556.37240;[0.0301];[-0.9199];6095.82050;[0.0318];[-0.9182];6109.93699;100),(960240.63420;[0.0012];[-0.9488];5945.76097;[0.0017];[-0.9483];5951.42520;100),(969435.83274;[0.0494];[-0.9006];6077.31077;[0.0512];[-0.8988];6058.81426;100),(979456.02989;[0.0325];[-0.9175];5992.54750;[0.0331];[-0.9169];5970.48740;100),(988208.09245;[0.0002];[-0.9498];4957.65558;[0.0004];[-0.9496];4942.64193;100),(1005942.14082;[0.0301];[-0.9199];6095.82050;[0.0318];[-0.9182];6109.93699;100),(1018206.51031;[0.0012];[-0.9488];5945.76097;[0.0017];[-0.9483];5951.42520;100),(1028406.96692;[0.0494];[-0.9006];6077.31077;[0.0512];[-0.8988];6058.81426;100),(1034908.30970;[0.0325];[-0.9175];5992.54750;[0.0331];[-0.9169];5970.48740;100),(1044663.97285;[0.0225];[-0.9275];5797.39998;[0.0233];[-0.9267];5774.71439;100),(1049932.24502;[0.0038];[-0.9462];5373.70394;[0.0053];[-0.9447];5354.90235;100),(1055211.31229;[0.0014];[-0.9486];5167.96677;[0.0022];[-0.9478];5151.09757;100),(1062108.53171;[0.0014];[-0.9486];5162.46379;[0.0022];[-0.9478];5145.51846;100),(1065976.90749;[0.0014];[-0.9486];5162.46379;[0.0022];[-0.9478];5145.51846;100),(1072684.94225;[0.0301];[-0.9199];6095.82050;[0.0318];[-0.9182];6109.93699;100),(1078177.26970;[0.0012];[-0.9488];5945.76097;[0.0017];[-0.9483];5951.42520;100),(1086466.26019;[0.0342];[-0.9158];6052.67249;[0.0354];[-0.9146];6035.72851;100),(1091541.38923;[0.0325];[-0.9175];5992.54750;[0.0331];[-0.9169];5970.48740;100),(1098540.38739;[0.0357];[-0.9143];5932.69841;[0.0366];[-0.9134];5907.18139;100),(1101323.08602;[0.0047];[-0.9453];5410.06714;[0.0057];[-0.9443];5391.21732;100),(1107528.17321;[0.0039];[-0.9461];5369.68698;[0.0054];[-0.9446];5350.77027;100),(1116996.47546;[0.0339];[-0.9161];6109.76625;[0.0358];[-0.9142];6123.30635;100),(1123648.61274;[0.0022];[-0.9478];5951.51190;[0.0034];[-0.9466];5955.33573;100),(1129225.01469;[0.026];[-0.924];6031.29726;[0.0275];[-0.9225];6014.85204;100),(1139442.98649;[0.0338];[-0.9162];5974.51373;[0.0347];[-0.9153];5950.85330;100),(1154625.54455;[0.0039];[-0.9461];5369.68698;[0.0054];[-0.9446];5350.77027;100),(1159930.13215;[0.0339];[-0.9161];6109.76625;[0.0358];[-0.9142];6123.30635;100),(1168728.74236;[0.0018];[-0.9482];5947.63904;[0.0032];[-0.9468];5952.04600;100),(1176295.47834;[0.0342];[-0.9158];6052.67249;[0.0354];[-0.9146];6035.72851;100),(1185636.23881;[0.0325];[-0.9175];5992.54750;[0.0331];[-0.9169];5970.48740;100),(1192243.66760;[0.036];[-0.914];5950.77961;[0.0367];[-0.9133];5925.43640;100),(1196326.53642;[0.0125];[-0.9375];5594.85592;[0.0128];[-0.9372];5573.92890;100),(1201691.78963;[0.0123];[-0.9377];5589.52052;[0.0127];[-0.9373];5568.58157;100),(1203814.51845;[0.0123];[-0.9377];5589.52052;[0.0127];[-0.9373];5568.58157;100),(1207117.88869;[0.0339];[-0.9161];6109.76625;[0.0358];[-0.9142];6123.30635;100),(1211607.21850;[0.0006];[-0.9494];5927.16802;[0.001];[-0.949];5928.89287;100),(1218228.29390;[0.026];[-0.924];6031.29726;[0.0275];[-0.9225];6014.85204;100),(1225817.45100;[0.0337];[-0.9163];5974.73133;[0.0345];[-0.9155];5951.15003;100),(1232698.22931;[0.0123];[-0.9377];5589.52052;[0.0127];[-0.9373];5568.58157;100),(1238709.01346;[0.0123];[-0.9377];5589.52052;[0.0127];[-0.9373];5568.58157;100),(1244028.03588;[0.0339];[-0.9161];6109.76625;[0.0358];[-0.9142];6123.30635;100),(1254103.25289;[0.0006];[-0.9494];5927.16802;[0.001];[-0.949];5928.89287;100),(1260164.71648;[0.026];[-0.924];6031.29726;[0.0275];[-0.9225];6014.85204;100),(1268079.57911;[0.0337];[-0.9163];5974.73133;[0.0345];[-0.9155];5951.15003;100),(1277571.46335;[0.0123];[-0.9377];5589.52052;[0.0127];[-0.9373];5568.58157;100),(1289012.03418;[0.0123];[-0.9377];5589.52052;[0.0127];[-0.9373];5568.58157;100),(1296733.89912;[0.0339];[-0.9161];6109.76625;[0.0358];[-0.9142];6123.30635;100),(1303169.45434;[0.0006];[-0.9494];5927.16802;[0.001];[-0.949];5928.89287;100),(1309671.07010;[0.026];[-0.924];6031.29726;[0.0275];[-0.9225];6014.85204;100),(1317550.92216;[0.0337];[-0.9163];5974.73133;[0.0345];[-0.9155];5951.15003;100),(1322066.44487;[0.0123];[-0.9377];5589.52052;[0.0127];[-0.9373];5568.58157;100),(1333096.81654;[0.0123];[-0.9377];5589.52052;[0.0127];[-0.9373];5568.58157;100),(1340269.65714;[0.0339];[-0.9161];6109.76625;[0.0358];[-0.9142];6123.30635;100),(1345590.94787;[0.0006];[-0.9494];5927.16802;[0.001];[-0.949];5928.89287;100),(1354800.09270;[0.026];[-0.924];6031.29726;[0.0275];[-0.9225];6014.85204;100),(1362825.71578;[0.0337];[-0.9163];5974.73133;[0.0345];[-0.9155];5951.15003;100),(1372299.55530;[0.0123];[-0.9377];5589.52052;[0.0127];[-0.9373];5568.58157;100),(1383247.15996;[0.0123];[-0.9377];5589.52052;[0.0127];[-0.9373];5568.58157;100),(1391125.34571;[0.0301];[-0.9199];6095.82050;[0.0318];[-0.9182];6109.93699;100),(1403308.53343;[0.0204];[-0.9296];6055.59850;[0.02];[-0.93];6048.80547;100),(1409899.16182;[0.0272];[-0.9228];6027.75116;[0.0287];[-0.9213];6010.35645;100),(1415833.21428;[0.0337];[-0.9163];5974.73133;[0.0345];[-0.9155];5951.15003;100),(1421493.52312;[0.0123];[-0.9377];5589.52052;[0.0127];[-0.9373];5568.58157;100),(1430967.35573;[0.0123];[-0.9377];5589.52052;[0.0127];[-0.9373];5568.58157;100),(1437415.48347;[0.0301];[-0.9199];6095.82050;[0.0318];[-0.9182];6109.93699;100),(1444628.46971;[0.0204];[-0.9296];6055.59850;[0.02];[-0.93];6048.80547;100),(1450483.37030;[0.0272];[-0.9228];6027.75116;[0.0287];[-0.9213];6010.35645;100),(1458381.60348;[0.0337];[-0.9163];5974.73133;[0.0345];[-0.9155];5951.15003;100),(1466597.57400;[0.0123];[-0.9377];5589.52052;[0.0127];[-0.9373];5568.58157;100),(1478319.80705;[0.0123];[-0.9377];5589.52052;[0.0127];[-0.9373];5568.58157;100),(1486525.84505;[0.0309];[-0.9191];6098.03810;[0.0322];[-0.9178];6111.32718;100),(1494811.04136;[0.0204];[-0.9296];6055.59850;[0.02];[-0.93];6048.80547;100),(1502749.47786;[0.0272];[-0.9228];6027.75116;[0.0287];[-0.9213];6010.35645;100),(1508282.73416;[0.0337];[-0.9163];5974.73133;[0.0345];[-0.9155];5951.15003;100),(1514953.95494;[0.0123];[-0.9377];5589.52052;[0.0127];[-0.9373];5568.58157;100),(1526745.44907;[0.0123];[-0.9377];5589.52052;[0.0127];[-0.9373];5568.58157;100),(1532064.01229;[0.0309];[-0.9191];6098.03810;[0.0322];[-0.9178];6111.32718;100),(1541580.30128;[0.0204];[-0.9296];6055.59850;[0.02];[-0.93];6048.80547;100),(1549035.48121;[0.0272];[-0.9228];6027.75116;[0.0287];[-0.9213];6010.35645;100),(1555703.06277;[0.0337];[-0.9163];5974.73133;[0.0345];[-0.9155];5951.15003;100),(1565422.67990;[0.0123];[-0.9377];5589.52052;[0.0127];[-0.9373];5568.58157;100),(1574097.62335;[0.0123];[-0.9377];5589.52052;[0.0127];[-0.9373];5568.58157;100),(1583402.18449;[0.0277];[-0.9223];6086.32104;[0.0284];[-0.9216];6099.14807;100),(1594409.55567;[0.0162];[-0.9338];6042.46882;[0.0161];[-0.9339];6035.85257;100),(1604114.88032;[0.0272];[-0.9228];6027.75116;[0.0287];[-0.9213];6010.35645;100),(1610915.45272;[0.0337];[-0.9163];5974.73133;[0.0345];[-0.9155];5951.15003;100),(1618960.59680;[0.0123];[-0.9377];5589.52052;[0.0127];[-0.9373];5568.58157;100),(1630002.15101;[0.0123];[-0.9377];5589.52052;[0.0127];[-0.9373];5568.58157;100),(1636739.53700;[0.0277];[-0.9223];6086.32104;[0.0284];[-0.9216];6099.14807;100),(1646420.19701;[0.0162];[-0.9338];6042.46882;[0.0161];[-0.9339];6035.85257;100),(1653155.67136;[0.0272];[-0.9228];6027.75116;[0.0287];[-0.9213];6010.35645;100),(1659791.57281;[0.0337];[-0.9163];5974.73133;[0.0345];[-0.9155];5951.15003;100),(1668012.93421;[0.0123];[-0.9377];5589.52052;[0.0127];[-0.9373];5568.58157;100),(1680416.95476;[0.0123];[-0.9377];5589.52052;[0.0127];[-0.9373];5568.58157;100),(1685541.53037;[0.0202];[-0.9298];6052.56127;[0.0211];[-0.9289];6065.97708;100),(1696811.70440;[0.0162];[-0.9338];6042.46882;[0.0161];[-0.9339];6035.85257;100),(1704500.28682;[0.0272];[-0.9228];6027.75116;[0.0287];[-0.9213];6010.35645;100),(1710262.16316;[0.0337];[-0.9163];5974.73133;[0.0345];[-0.9155];5951.15003;100),(1717289.15381;[0.0123];[-0.9377];5589.52052;[0.0127];[-0.9373];5568.58157;100),(1725612.31780;[0.0123];[-0.9377];5589.52052;[0.0127];[-0.9373];5568.58157;100),(1732518.78977;[0.0202];[-0.9298];6052.56127;[0.0211];[-0.9289];6065.97708;100),(1740561.37037;[0.0162];[-0.9338];6042.46882;[0.0161];[-0.9339];6035.85257;100),(1747319.60464;[0.0272];[-0.9228];6027.75116;[0.0287];[-0.9213];6010.35645;100),(1749693.58492;[0.0337];[-0.9163];5974.73133;[0.0345];[-0.9155];5951.15003;100),(1757713.73892;[0.0123];[-0.9377];5589.52052;[0.0127];[-0.9373];5568.58157;100),(1764084.50961;[0.018];[-0.932];6045.59425;[0.0192];[-0.9308];6059.30800;100),(1770045.70246;[0.0141];[-0.9359];6021.47911;[0.0143];[-0.9357];6014.37473;100),(1773054.82411;[0.0292];[-0.9208];6019.20989;[0.0305];[-0.9195];6000.50246;100),(1777707.64422;[0.0356];[-0.9144];5952.57116;[0.0366];[-0.9134];5927.31522;100),(1780585.21748;[0.0222];[-0.9278];5794.03076;[0.0229];[-0.9271];5771.36108;100),(1782279.41775;[0.0224];[-0.9276];5775.01895;[0.0234];[-0.9266];5752.01264;100),(1785133.64148;[0.0124];[-0.9376];5612.30710;[0.0127];[-0.9373];5591.58353;100),(1787021.16203;[0.0127];[-0.9373];5605.64316;[0.0128];[-0.9372];5584.77237;100),(1788711.55119;[0.0123];[-0.9377];5594.95210;[0.0127];[-0.9373];5574.06299;100),(1790394.30881;[0.0123];[-0.9377];5589.52052;[0.0127];[-0.9373];5568.58157;100),(1792285.86698;[0.0123];[-0.9377];5589.52052;[0.0127];[-0.9373];5568.58157;100),(1793975.58951;[0.0123];[-0.9377];5589.52052;[0.0127];[-0.9373];5568.58157;100),(1796438.08126;[0.0131];[-0.9369];6010.68282;[0.014];[-0.936];6023.90058;100),(1798788.10501;[0.0109];[-0.9391];6010.16533;[0.0117];[-0.9383];6002.76581;100)]"
