Hardness,Seed,Objective,feas,surplus,Runtime,solutions
0,4,19676.54227610379,[0.9752],[0.0252],31051.907777786255,[(30820.29581;[0.9759];[0.0259];19959.00261;[0.9752];[0.0252];19676.54228;100)]
0,3,19007.33073316298,[0.9669],[0.0169],31273.138284683228,[(31035.94542;[0.9669];[0.0169];18979.53627;[0.9669];[0.0169];19007.33073;100)]
1,4,14327.10889254873,[0.9807],[0.0307],31051.634550094604,[(30729.12478;[0.9822];[0.0322];14529.12535;[0.9807];[0.0307];14327.10889;100)]
1,3,14322.510492531586,[0.975],[0.025],31568.78423690796,[(31345.22629;[0.9758];[0.0258];14342.94655;[0.975];[0.025];14322.51049;100)]
0,6,19613.21463833538,[1.],[0.05],33284.987688064575,[(33036.00860;[0.9999];[0.0499];19716.86886;[1.];[0.05];19613.21464;100)]
1,6,14591.134740438803,[1.],[0.05],29828.46713066101,[(29601.56965;[1.];[0.05];14666.49899;[1.];[0.05];14591.13474;100)]
0,1,19684.06420717464,[0.9639],[0.0139],66576.580286026,"[(30914.91413;[0.9455];[-0.0045];19790.44353;[0.9456];[-0.0044];19667.00892;100),(40503.66664;[0.9475];[-0.0025];19795.72013;[0.9483];[-0.0017];19673.20412;100),(46002.08926;[0.9475];[-0.0025];19795.72013;[0.9483];[-0.0017];19673.20412;100),(51540.23743;[0.9475];[-0.0025];19795.72013;[0.9483];[-0.0017];19673.20412;100),(56882.17878;[0.9475];[-0.0025];19795.72013;[0.9483];[-0.0017];19673.20412;100),(63901.83163;[0.9475];[-0.0025];19795.72013;[0.9483];[-0.0017];19673.20412;100),(64676.61524;[0.9911];[0.0411];19368.16695;[0.9905];[0.0405];19265.27639;100),(65416.93377;[0.9681];[0.0181];19780.53208;[0.9685];[0.0185];19666.08779;100),(65886.75976;[0.949];[-0.001];19799.61337;[0.9506];[0.0006];19677.83402;100),(66345.09420;[0.963];[0.013];19801.93885;[0.9639];[0.0139];19684.06421;100)]"
1,5,14878.708918920644,[0.9498],[-0.0002],519325.66261291504,"[(30924.22342;[0.8495];[-0.1005];14744.87004;[0.8476];[-0.1024];14917.91308;100),(40395.52617;[0.8491];[-0.1009];14745.30643;[0.8471];[-0.1029];14917.60675;100),(58347.49770;[0.8581];[-0.0919];14644.15605;[0.8543];[-0.0957];14800.11923;200),(92987.13541;[0.8276];[-0.1224];14852.76629;[0.8247];[-0.1253];15005.04001;400),(109891.85929;[0.8276];[-0.1224];14852.76629;[0.8247];[-0.1253];15005.04001;400),(128089.02383;[0.8276];[-0.1224];14852.76629;[0.8247];[-0.1253];15005.04001;400),(146068.59589;[0.8276];[-0.1224];14852.76629;[0.8247];[-0.1253];15005.04001;400),(162189.25524;[0.8276];[-0.1224];14852.76629;[0.8247];[-0.1253];15005.04001;400),(179173.53678;[0.8276];[-0.1224];14852.76629;[0.8247];[-0.1253];15005.04001;400),(196052.80209;[0.8276];[-0.1224];14852.76629;[0.8247];[-0.1253];15005.04001;400),(196574.50056;[0.9476];[-0.0024];14609.03529;[0.9478];[-0.0022];14713.81391;400),(197052.38652;[0.9863];[0.0363];14253.22594;[0.9825];[0.0325];14332.35593;400),(201006.46710;[0.9786];[0.0286];14469.99040;[0.9754];[0.0254];14569.10503;400),(201539.95061;[0.9523];[0.0023];14597.67582;[0.9517];[0.0017];14701.06315;400),(202019.10877;[0.9476];[-0.0024];14609.03529;[0.9478];[-0.0022];14713.81391;400),(202417.82045;[0.9476];[-0.0024];14609.03529;[0.9478];[-0.0022];14713.81391;400),(202886.92164;[0.9479];[-0.0021];14603.66238;[0.948];[-0.002];14707.51415;400),(203345.92557;[0.9498];[-0.0002];14601.66708;[0.9495];[-0.0005];14705.35513;400),(203772.83216;[0.9482];[-0.0018];14601.25744;[0.9481];[-0.0019];14704.63894;400),(204293.13684;[0.9477];[-0.0023];14599.40408;[0.9479];[-0.0021];14702.52439;400),(204827.11768;[0.9502];[0.0002];14599.02865;[0.9501];[0.0001];14702.82350;400),(205320.52350;[0.9502];[0.0002];14599.02865;[0.9501];[0.0001];14702.82350;400),(205823.45104;[0.9518];[0.0018];14598.34975;[0.951];[0.001];14701.72193;400),(206306.27656;[0.9518];[0.0018];14598.34975;[0.951];[0.001];14701.72193;400),(206826.21384;[0.9518];[0.0018];14598.34975;[0.951];[0.001];14701.72193;400),(207298.01083;[0.9518];[0.0018];14598.34975;[0.951];[0.001];14701.72193;400),(273862.02168;[0.9463];[-0.0037];14766.59047;[0.9459];[-0.0041];14889.77944;800),(308821.92802;[0.9463];[-0.0037];14766.59047;[0.9459];[-0.0041];14889.77944;800),(346086.78579;[0.9463];[-0.0037];14766.59047;[0.9459];[-0.0041];14889.77944;800),(381316.39338;[0.9463];[-0.0037];14766.59047;[0.9459];[-0.0041];14889.77944;800),(413878.90339;[0.9463];[-0.0037];14766.59047;[0.9459];[-0.0041];14889.77944;800),(447512.29715;[0.9463];[-0.0037];14766.59047;[0.9459];[-0.0041];14889.77944;800),(482930.59468;[0.9463];[-0.0037];14766.59047;[0.9459];[-0.0041];14889.77944;800),(515391.74485;[0.9463];[-0.0037];14766.59047;[0.9459];[-0.0041];14889.77944;800),(515863.32250;[0.9533];[0.0033];14603.52698;[0.9526];[0.0026];14708.41524;800),(516400.34819;[0.9456];[-0.0044];14766.95057;[0.9453];[-0.0047];14890.05680;800),(516882.43914;[0.9543];[0.0043];14600.58439;[0.9537];[0.0037];14704.79097;800),(517401.33047;[0.9543];[0.0043];14600.58439;[0.9537];[0.0037];14704.79097;800),(517968.89281;[0.9463];[-0.0037];14766.59047;[0.9459];[-0.0041];14889.77944;800),(518550.74143;[0.9494];[-0.0006];14761.15484;[0.948];[-0.002];14883.37272;800),(519090.47294;[0.9509];[0.0009];14756.57594;[0.9498];[-0.0002];14878.70892;800)]"
0,5,19897.77634850671,[0.9497],[-0.0003],553017.3738002777,"[(31275.84147;[0.8114];[-0.1386];19695.07901;[0.804];[-0.146];19947.13518;100),(40513.59773;[0.8116];[-0.1384];19695.06183;[0.8045];[-0.1455];19946.94115;100),(57498.24357;[0.8128];[-0.1372];19696.45702;[0.8055];[-0.1445];19947.05157;200),(66531.48746;[0.8128];[-0.1372];19696.45702;[0.8055];[-0.1445];19947.05157;200),(75285.31480;[0.8128];[-0.1372];19696.45702;[0.8055];[-0.1445];19947.05157;200),(84137.74347;[0.8128];[-0.1372];19696.45702;[0.8055];[-0.1445];19947.05157;200),(93163.82051;[0.8128];[-0.1372];19696.45702;[0.8055];[-0.1445];19947.05157;200),(101066.49303;[0.8128];[-0.1372];19696.45702;[0.8055];[-0.1445];19947.05157;200),(106329.95391;[0.9242];[-0.0258];19392.20169;[0.9215];[-0.0285];19568.62597;200),(140099.57719;[0.8623];[-0.0877];19823.66974;[0.8603];[-0.0897];20047.93203;400),(158178.76887;[0.8623];[-0.0877];19823.66974;[0.8603];[-0.0897];20047.93203;400),(175618.10732;[0.8623];[-0.0877];19823.66974;[0.8603];[-0.0897];20047.93203;400),(194648.33784;[0.8623];[-0.0877];19823.66974;[0.8603];[-0.0897];20047.93203;400),(211588.41205;[0.8623];[-0.0877];19823.66974;[0.8603];[-0.0897];20047.93203;400),(228621.73700;[0.8623];[-0.0877];19823.66974;[0.8603];[-0.0897];20047.93203;400),(244142.69042;[0.8623];[-0.0877];19823.66974;[0.8603];[-0.0897];20047.93203;400),(246532.06754;[0.9768];[0.0268];19526.35377;[0.9726];[0.0226];19680.39186;400),(248238.68418;[0.9252];[-0.0248];19755.59764;[0.9234];[-0.0266];19936.36552;400),(313083.94575;[0.9425];[-0.0075];19729.49977;[0.941];[-0.009];19907.13610;800),(347859.96056;[0.9425];[-0.0075];19729.49977;[0.941];[-0.009];19907.13610;800),(383045.22204;[0.9425];[-0.0075];19729.49977;[0.941];[-0.009];19907.13610;800),(417906.43454;[0.9425];[-0.0075];19729.49977;[0.941];[-0.009];19907.13610;800),(451353.15084;[0.9425];[-0.0075];19729.49977;[0.941];[-0.009];19907.13610;800),(483750.45443;[0.9425];[-0.0075];19729.49977;[0.941];[-0.009];19907.13610;800),(517113.35087;[0.9425];[-0.0075];19729.49977;[0.941];[-0.009];19907.13610;800),(551583.65941;[0.9425];[-0.0075];19729.49977;[0.941];[-0.009];19907.13610;800),(552112.02502;[0.9912];[0.0412];19501.68976;[0.9899];[0.0399];19652.91165;800),(552748.49534;[0.9512];[0.0012];19719.48107;[0.9497];[-0.0003];19897.77635;800)]"
2,3,10989.478848786473,[0.9582],[0.0082],30363.09003829956,[(30136.51657;[0.9571];[0.0071];11006.09232;[0.9582];[0.0082];10989.47885;100)]
2,4,10994.760682179582,[0.9554],[0.0054],30896.703720092773,[(30675.41289;[0.9538];[0.0038];11153.54444;[0.9554];[0.0054];10994.76068;100)]
1,2,14632.1684809259,[0.9234],[-0.0266],610893.9712047577,"[(33529.48666;[0.7992];[-0.1508];15058.00720;[0.7935];[-0.1565];14940.66716;100),(46742.40923;[0.7992];[-0.1508];15058.00720;[0.7935];[-0.1565];14940.66716;100),(54764.83822;[0.7996];[-0.1504];15059.70383;[0.7938];[-0.1562];14942.90594;100),(62570.28937;[0.7996];[-0.1504];15059.70383;[0.7938];[-0.1562];14942.90594;100),(69291.40091;[0.7996];[-0.1504];15059.70383;[0.7938];[-0.1562];14942.90594;100),(75989.36868;[0.7996];[-0.1504];15059.70383;[0.7938];[-0.1562];14942.90594;100),(78594.35844;[0.9126];[-0.0374];14791.68993;[0.9124];[-0.0376];14586.56052;100),(97952.09932;[0.8051];[-0.1449];15076.75373;[0.7979];[-0.1521];14961.89724;200),(106515.82789;[0.8051];[-0.1449];15076.75373;[0.7979];[-0.1521];14961.89724;200),(116236.31501;[0.8051];[-0.1449];15076.75373;[0.7979];[-0.1521];14961.89724;200),(125671.25106;[0.8051];[-0.1449];15076.75373;[0.7979];[-0.1521];14961.89724;200),(134971.95172;[0.8051];[-0.1449];15076.75373;[0.7979];[-0.1521];14961.89724;200),(143104.23708;[0.8051];[-0.1449];15076.75373;[0.7979];[-0.1521];14961.89724;200),(143685.27651;[0.9193];[-0.0307];14821.64844;[0.92];[-0.03];14624.02138;200),(177588.15598;[0.728];[-0.222];14941.33940;[0.7267];[-0.2233];14875.10976;400),(196481.59814;[0.728];[-0.222];14941.33940;[0.7267];[-0.2233];14875.10976;400),(215140.93280;[0.728];[-0.222];14941.33940;[0.7267];[-0.2233];14875.10976;400),(237233.85620;[0.803];[-0.147];15070.07331;[0.7963];[-0.1537];14954.46564;400),(254936.53536;[0.803];[-0.147];15070.07331;[0.7963];[-0.1537];14954.46564;400),(271684.40008;[0.803];[-0.147];15070.07331;[0.7963];[-0.1537];14954.46564;400),(288353.24812;[0.803];[-0.147];15070.07331;[0.7963];[-0.1537];14954.46564;400),(289316.67709;[0.9228];[-0.0272];14827.09670;[0.9234];[-0.0266];14632.16848;400),(357342.48114;[0.8777];[-0.0723];15054.47241;[0.8753];[-0.0747];14898.78290;800),(392560.95672;[0.8777];[-0.0723];15054.47241;[0.8753];[-0.0747];14898.78290;800),(431088.96923;[0.8777];[-0.0723];15054.47241;[0.8753];[-0.0747];14898.78290;800),(469380.28526;[0.8777];[-0.0723];15054.47241;[0.8753];[-0.0747];14898.78290;800),(505251.43790;[0.8777];[-0.0723];15054.47241;[0.8753];[-0.0747];14898.78290;800),(539950.57845;[0.8777];[-0.0723];15054.47241;[0.8753];[-0.0747];14898.78290;800),(575618.77108;[0.8777];[-0.0723];15054.47241;[0.8753];[-0.0747];14898.78290;800)]"
2,6,11137.324737731302,[1.],[0.05],30633.34631919861,[(30404.56367;[1.];[0.05];11195.67459;[1.];[0.05];11137.32474;100)]
0,10,19324.157153383538,[0.9569],[0.0069],626543.8268184662,"[(30778.80311;[0.6757];[-0.2743];19844.07494;[0.669];[-0.281];19283.01986;100),(31440.14049;[0.723];[-0.227];20157.57756;[0.7235];[-0.2265];19601.81439;200),(32246.81687;[0.7234];[-0.2266];20162.69192;[0.7241];[-0.2259];19610.14556;400),(63181.28896;[0.7234];[-0.2266];20162.69192;[0.7241];[-0.2259];19610.14556;400),(80189.02445;[0.7234];[-0.2266];20162.69192;[0.7241];[-0.2259];19610.14556;400),(98494.67754;[0.7234];[-0.2266];20162.69192;[0.7241];[-0.2259];19610.14556;400),(116466.66884;[0.7234];[-0.2266];20162.69192;[0.7241];[-0.2259];19610.14556;400),(133418.80703;[0.7234];[-0.2266];20162.69192;[0.7241];[-0.2259];19610.14556;400),(150090.86728;[0.7234];[-0.2266];20162.69192;[0.7241];[-0.2259];19610.14556;400),(166974.58243;[0.7234];[-0.2266];20162.69192;[0.7241];[-0.2259];19610.14556;400),(167438.42578;[0.8996];[-0.0504];20347.48620;[0.9038];[-0.0462];19910.27656;400),(169847.20993;[0.9573];[0.0073];19539.23118;[0.9593];[0.0093];19174.29836;400),(240595.78657;[0.8487];[-0.1013];20504.68164;[0.8523];[-0.0977];20041.17550;800),(278314.90779;[0.8487];[-0.1013];20504.68164;[0.8523];[-0.0977];20041.17550;800),(315214.59675;[0.8487];[-0.1013];20504.68164;[0.8523];[-0.0977];20041.17550;800),(352999.03488;[0.8487];[-0.1013];20504.68164;[0.8523];[-0.0977];20041.17550;800),(387423.26641;[0.8487];[-0.1013];20504.68164;[0.8523];[-0.0977];20041.17550;800),(420734.56240;[0.8487];[-0.1013];20504.68164;[0.8523];[-0.0977];20041.17550;800),(453013.44705;[0.8487];[-0.1013];20504.68164;[0.8523];[-0.0977];20041.17550;800),(484682.98364;[0.8487];[-0.1013];20504.68164;[0.8523];[-0.0977];20041.17550;800),(485222.82529;[0.8982];[-0.0518];20363.70714;[0.9023];[-0.0477];19923.38742;800),(490642.44056;[0.954];[0.004];19686.54182;[0.9569];[0.0069];19324.15715;800)]"
1,1,14648.284480824224,[0.9553],[0.0053],608052.9038906097,"[(30894.92035;[0.9];[-0.05];14999.76718;[0.9026];[-0.0474];14905.34274;100),(40331.99334;[0.9];[-0.05];14999.76718;[0.9026];[-0.0474];14905.34274;100),(45302.28043;[0.9];[-0.05];14999.76718;[0.9026];[-0.0474];14905.34274;100),(50396.69919;[0.9];[-0.05];14999.76718;[0.9026];[-0.0474];14905.34274;100),(54372.33400;[0.9];[-0.05];14999.76718;[0.9026];[-0.0474];14905.34274;100),(59242.69271;[0.9];[-0.05];14999.76718;[0.9026];[-0.0474];14905.34274;100),(60559.06534;[0.972];[0.022];14685.84517;[0.9705];[0.0205];14611.04340;100),(62531.31557;[0.9529];[0.0029];14730.98084;[0.9553];[0.0053];14648.28448;100),(65029.78015;[0.9184];[-0.0316];15008.39171;[0.918];[-0.032];14917.89826;100),(67324.97430;[0.9507];[0.0007];14726.16856;[0.9523];[0.0023];14643.04288;100),(69698.01497;[0.9507];[0.0007];14726.16856;[0.9523];[0.0023];14643.04288;100),(72515.81478;[0.9507];[0.0007];14726.16856;[0.9523];[0.0023];14643.04288;100),(74897.96734;[0.9507];[0.0007];14726.16856;[0.9523];[0.0023];14643.04288;100),(77318.40134;[0.9189];[-0.0311];15007.19754;[0.9185];[-0.0315];14916.89978;100),(78960.94179;[0.9507];[0.0007];14726.16856;[0.9523];[0.0023];14643.04288;100),(81831.72059;[0.9186];[-0.0314];15007.90743;[0.9182];[-0.0318];14917.46186;100),(84182.56164;[0.9186];[-0.0314];15007.90743;[0.9182];[-0.0318];14917.46186;100),(85954.65493;[0.9195];[-0.0305];15005.53671;[0.919];[-0.031];14915.22872;100),(88226.90892;[0.9195];[-0.0305];15005.53671;[0.919];[-0.031];14915.22872;100),(90698.18687;[0.9195];[-0.0305];15005.53671;[0.919];[-0.031];14915.22872;100),(93370.10741;[0.9195];[-0.0305];15005.53671;[0.919];[-0.031];14915.22872;100),(95939.04710;[0.9195];[-0.0305];15005.53671;[0.919];[-0.031];14915.22872;100),(112916.46266;[0.9437];[-0.0063];14800.95292;[0.9441];[-0.0059];14719.31353;200),(120812.57272;[0.9437];[-0.0063];14800.95292;[0.9441];[-0.0059];14719.31353;200),(129711.90858;[0.9437];[-0.0063];14800.95292;[0.9441];[-0.0059];14719.31353;200),(138204.96321;[0.9437];[-0.0063];14800.95292;[0.9441];[-0.0059];14719.31353;200),(146481.52208;[0.9437];[-0.0063];14800.95292;[0.9441];[-0.0059];14719.31353;200),(153751.66059;[0.9437];[-0.0063];14800.95292;[0.9441];[-0.0059];14719.31353;200),(154875.05627;[0.9488];[-0.0012];14767.57020;[0.9503];[0.0003];14688.19023;200),(155283.00381;[0.9737];[0.0237];14401.53906;[0.9726];[0.0226];14334.93001;200),(156983.23178;[0.9737];[0.0237];14401.53906;[0.9726];[0.0226];14334.93001;200),(161249.85242;[0.9682];[0.0182];14648.41579;[0.9674];[0.0174];14574.41345;200),(162859.13396;[0.9761];[0.0261];14685.63563;[0.9739];[0.0239];14611.79481;200),(164302.98471;[0.9461];[-0.0039];14730.81078;[0.9474];[-0.0026];14650.99510;200),(167251.94120;[0.9459];[-0.0041];14693.42217;[0.9474];[-0.0026];14613.84415;200),(170042.63902;[0.9717];[0.0217];14690.23851;[0.9705];[0.0205];14615.65904;200),(171934.22580;[0.9753];[0.0253];14692.75804;[0.9733];[0.0233];14618.63334;200),(174963.83190;[0.9461];[-0.0039];14689.69305;[0.9478];[-0.0022];14610.17347;200),(177013.48138;[0.9753];[0.0253];14692.75804;[0.9733];[0.0233];14618.63334;200),(178792.62400;[0.9473];[-0.0027];14687.67655;[0.9489];[-0.0011];14608.43309;200),(180431.60605;[0.9473];[-0.0027];14687.67655;[0.9489];[-0.0011];14608.43309;200),(182321.22850;[0.9716];[0.0216];14692.56534;[0.9705];[0.0205];14617.97634;200),(183865.29398;[0.9716];[0.0216];14692.56534;[0.9705];[0.0205];14617.97634;200),(185383.01659;[0.9716];[0.0216];14692.56534;[0.9705];[0.0205];14617.97634;200),(215830.52707;[0.8194];[-0.1306];15106.46444;[0.8182];[-0.1318];15007.44323;400),(233491.43696;[0.8194];[-0.1306];15106.46444;[0.8182];[-0.1318];15007.44323;400),(249584.31220;[0.8194];[-0.1306];15106.46444;[0.8182];[-0.1318];15007.44323;400),(266504.92740;[0.8194];[-0.1306];15106.46444;[0.8182];[-0.1318];15007.44323;400),(282465.74163;[0.9009];[-0.0491];15008.82636;[0.9036];[-0.0464];14916.41083;400),(297195.60647;[0.9009];[-0.0491];15008.82636;[0.9036];[-0.0464];14916.41083;400),(312632.03788;[0.9009];[-0.0491];15008.82636;[0.9036];[-0.0464];14916.41083;400),(314706.62498;[0.9675];[0.0175];14624.61257;[0.9667];[0.0167];14551.25693;400),(317897.22228;[0.9429];[-0.0071];14800.25219;[0.9434];[-0.0066];14718.48801;400),(318312.99710;[0.9429];[-0.0071];14800.25219;[0.9434];[-0.0066];14718.48801;400),(319473.95873;[0.9484];[-0.0016];14737.23279;[0.9496];[-0.0004];14657.84012;400),(321389.98365;[0.9671];[0.0171];14666.21008;[0.9665];[0.0165];14591.60530;400),(324709.96213;[0.9757];[0.0257];14686.18384;[0.9739];[0.0239];14612.29359;400),(327822.55960;[0.9469];[-0.0031];14706.38218;[0.9484];[-0.0016];14626.89593;400),(329482.71108;[0.9753];[0.0253];14692.75804;[0.9733];[0.0233];14618.63334;400),(332245.78428;[0.9459];[-0.0041];14693.63356;[0.9473];[-0.0027];14614.04867;400),(333883.80218;[0.9473];[-0.0027];14689.91388;[0.9487];[-0.0013];14610.63383;400),(335391.59298;[0.9473];[-0.0027];14687.67655;[0.9489];[-0.0011];14608.43309;400),(337226.98164;[0.9473];[-0.0027];14685.64744;[0.949];[-0.001];14606.41984;400),(338885.69427;[0.9753];[0.0253];14692.75804;[0.9733];[0.0233];14618.63334;400),(341707.90219;[0.9753];[0.0253];14692.75804;[0.9733];[0.0233];14618.63334;400),(344606.74715;[0.9473];[-0.0027];14685.64744;[0.949];[-0.001];14606.41984;400),(347800.72331;[0.9753];[0.0253];14692.75804;[0.9733];[0.0233];14618.63334;400),(409649.54758;[0.8098];[-0.1402];15068.04294;[0.8098];[-0.1402];14931.05924;800),(441903.08928;[0.8098];[-0.1402];15068.04294;[0.8098];[-0.1402];14931.05924;800),(477498.40069;[0.8098];[-0.1402];15068.04294;[0.8098];[-0.1402];14931.05924;800),(511408.22315;[0.8098];[-0.1402];15068.04294;[0.8098];[-0.1402];14931.05924;800),(546221.82369;[0.8669];[-0.0831];14964.07502;[0.8689];[-0.0811];14828.82589;800),(577144.02914;[0.8669];[-0.0831];14964.07502;[0.8689];[-0.0811];14828.82589;800)]"
0,7,19686.323537398603,[0.9631],[0.0131],645932.2323799133,"[(31071.98477;[0.944];[-0.006];19628.62072;[0.944];[-0.006];19628.62072;100),(40685.82988;[0.944];[-0.006];19624.59441;[0.944];[-0.006];19624.59441;100),(59823.07959;[0.9327];[-0.0173];19904.46743;[0.9327];[-0.0173];19904.46743;200),(69886.00421;[0.9327];[-0.0173];19904.46743;[0.9327];[-0.0173];19904.46743;200),(78535.66813;[0.9327];[-0.0173];19904.46743;[0.9327];[-0.0173];19904.46743;200),(87506.50430;[0.9327];[-0.0173];19904.46743;[0.9327];[-0.0173];19904.46743;200),(96673.84219;[0.9318];[-0.0182];19907.10834;[0.9318];[-0.0182];19907.10834;200),(104590.50202;[0.9804];[0.0304];19662.61526;[0.9804];[0.0304];19662.61526;200),(137451.24102;[0.9211];[-0.0289];19931.53578;[0.9211];[-0.0289];19931.53578;400),(155237.91361;[0.9211];[-0.0289];19931.53578;[0.9211];[-0.0289];19931.53578;400),(172592.41748;[0.9211];[-0.0289];19931.53578;[0.9211];[-0.0289];19931.53578;400),(190497.19167;[0.9211];[-0.0289];19931.53578;[0.9211];[-0.0289];19931.53578;400),(208131.84166;[0.9211];[-0.0289];19931.53578;[0.9211];[-0.0289];19931.53578;400),(227437.73508;[0.9622];[0.0122];19680.60767;[0.9622];[0.0122];19680.60767;400),(292930.19414;[0.9227];[-0.0273];19936.61244;[0.9227];[-0.0273];19936.61244;800),(327744.17424;[0.9227];[-0.0273];19936.61244;[0.9227];[-0.0273];19936.61244;800),(364474.38955;[0.9227];[-0.0273];19936.61244;[0.9227];[-0.0273];19936.61244;800),(398897.77517;[0.9227];[-0.0273];19936.61244;[0.9227];[-0.0273];19936.61244;800),(432078.90964;[0.9227];[-0.0273];19936.61244;[0.9227];[-0.0273];19936.61244;800),(470106.14634;[0.9178];[-0.0322];19857.22057;[0.9178];[-0.0322];19857.22057;800),(505443.64810;[0.9631];[0.0131];19686.32354;[0.9631];[0.0131];19686.32354;800)]"
1,9,14719.313529134695,[0.9441],[-0.0059],611930.9773445129,"[(29588.86623;[0.8189];[-0.1311];14907.55941;[0.8131];[-0.1369];14998.74546;100),(39842.99040;[0.8189];[-0.1311];14906.53958;[0.8132];[-0.1368];14997.70354;100),(44265.18488;[0.8189];[-0.1311];14906.53958;[0.8132];[-0.1368];14997.70354;100),(49712.56900;[0.8189];[-0.1311];14906.53958;[0.8132];[-0.1368];14997.70354;100),(54773.12422;[0.8189];[-0.1311];14906.53958;[0.8132];[-0.1368];14997.70354;100),(59115.99159;[0.8189];[-0.1311];14906.53958;[0.8132];[-0.1368];14997.70354;100),(60209.38802;[0.8905];[-0.0595];14841.93488;[0.8886];[-0.0614];14901.02982;100),(62789.41679;[0.9377];[-0.0123];14686.83030;[0.9379];[-0.0121];14711.35520;100),(80378.11017;[0.8305];[-0.1195];14910.15608;[0.8255];[-0.1245];15000.65676;200),(89664.18695;[0.8305];[-0.1195];14910.15608;[0.8255];[-0.1245];15000.65676;200),(98087.19897;[0.8305];[-0.1195];14910.15608;[0.8255];[-0.1245];15000.65676;200),(107365.34595;[0.8305];[-0.1195];14910.15608;[0.8255];[-0.1245];15000.65676;200),(116639.13083;[0.8305];[-0.1195];14910.15608;[0.8255];[-0.1245];15000.65676;200),(125622.20430;[0.8305];[-0.1195];14910.15608;[0.8255];[-0.1245];15000.65676;200),(127750.51641;[0.9121];[-0.0379];14537.91088;[0.9077];[-0.0423];14597.01433;200),(160963.19580;[0.926];[-0.024];14856.10779;[0.9224];[-0.0276];14915.53160;400),(233649.84322;[0.8251];[-0.1249];14917.29091;[0.8186];[-0.1314];15007.43351;800),(268946.69604;[0.8251];[-0.1249];14917.29091;[0.8186];[-0.1314];15007.43351;800),(305024.95694;[0.8251];[-0.1249];14917.29091;[0.8186];[-0.1314];15007.43351;800),(341066.53714;[0.8251];[-0.1249];14917.29091;[0.8186];[-0.1314];15007.43351;800),(379049.42536;[0.8251];[-0.1249];14917.29091;[0.8186];[-0.1314];15007.43351;800),(413824.90206;[0.8251];[-0.1249];14917.29091;[0.8186];[-0.1314];15007.43351;800),(446348.55676;[0.8251];[-0.1249];14917.29091;[0.8186];[-0.1314];15007.43351;800),(479735.98170;[0.8251];[-0.1249];14917.29091;[0.8186];[-0.1314];15007.43351;800),(480151.87883;[0.9432];[-0.0068];14694.07968;[0.9441];[-0.0059];14719.31353;800)]"
1,10,14581.441596383085,[0.955],[0.005],602681.2698841095,"[(31113.62386;[0.5758];[-0.3742];14557.04250;[0.5704];[-0.3796];14101.96854;100),(31911.52024;[0.5773];[-0.3727];14570.75306;[0.5724];[-0.3776];14116.16175;200),(32729.41566;[0.6352];[-0.3148];14897.74073;[0.6306];[-0.3194];14454.45435;400),(69127.81453;[0.6352];[-0.3148];14897.74073;[0.6306];[-0.3194];14454.45435;400),(87720.10660;[0.6352];[-0.3148];14897.74073;[0.6306];[-0.3194];14454.45435;400),(106836.10892;[0.6352];[-0.3148];14897.74073;[0.6306];[-0.3194];14454.45435;400),(125340.93022;[0.6352];[-0.3148];14897.74073;[0.6306];[-0.3194];14454.45435;400),(142838.93585;[0.6352];[-0.3148];14897.74073;[0.6306];[-0.3194];14454.45435;400),(161291.54634;[0.6352];[-0.3148];14897.74073;[0.6306];[-0.3194];14454.45435;400),(177137.17294;[0.6352];[-0.3148];14897.74073;[0.6306];[-0.3194];14454.45435;400),(177637.09068;[0.8706];[-0.0794];15232.30694;[0.8713];[-0.0787];14891.31218;400),(180993.38508;[0.9525];[0.0025];14806.80303;[0.9558];[0.0058];14541.76232;400),(247866.01043;[0.8115];[-0.1385];15370.85874;[0.8104];[-0.1396];14998.60746;800),(282892.12275;[0.8115];[-0.1385];15370.85874;[0.8104];[-0.1396];14998.60746;800),(318938.36331;[0.8115];[-0.1385];15370.85874;[0.8104];[-0.1396];14998.60746;800),(354028.59783;[0.8115];[-0.1385];15370.85874;[0.8104];[-0.1396];14998.60746;800),(387675.11892;[0.8115];[-0.1385];15370.85874;[0.8104];[-0.1396];14998.60746;800),(420713.71055;[0.8115];[-0.1385];15370.85874;[0.8104];[-0.1396];14998.60746;800),(454483.66427;[0.8115];[-0.1385];15370.85874;[0.8104];[-0.1396];14998.60746;800),(487925.60649;[0.8115];[-0.1385];15370.85874;[0.8104];[-0.1396];14998.60746;800),(488553.52235;[0.8739];[-0.0761];15239.23275;[0.8746];[-0.0754];14900.15356;800),(490466.22586;[0.9492];[-0.0008];14853.66407;[0.9518];[0.0018];14582.75433;800),(490926.53656;[0.9732];[0.0232];14540.15216;[0.972];[0.022];14324.01856;800),(494968.02354;[0.9621];[0.0121];14628.50954;[0.9618];[0.0118];14375.06939;800),(498662.06050;[0.9598];[0.0098];14771.72090;[0.9605];[0.0105];14514.56629;800),(500422.02926;[0.9549];[0.0049];14821.03810;[0.9578];[0.0078];14555.82605;800),(502124.69888;[0.952];[0.002];14839.70100;[0.9554];[0.0054];14572.54609;800),(504431.16355;[0.9523];[0.0023];14848.98972;[0.9551];[0.0051];14580.53056;800),(506603.13892;[0.9497];[-0.0003];14850.41649;[0.9526];[0.0026];14580.55000;800),(510176.16248;[0.9486];[-0.0014];14845.65340;[0.9518];[0.0018];14574.75158;800),(512290.34281;[0.9521];[0.0021];14850.00939;[0.955];[0.005];14581.44160;800),(515671.07701;[0.9499];[-0.0001];14847.46417;[0.9527];[0.0027];14577.85239;800),(517860.18944;[0.9521];[0.0021];14850.00939;[0.955];[0.005];14581.44160;800),(521337.43978;[0.9509];[0.0009];14848.58986;[0.9538];[0.0038];14580.13565;800),(524271.71946;[0.9509];[0.0009];14848.88941;[0.9539];[0.0039];14579.41112;800),(527911.74197;[0.9499];[-0.0001];14847.46417;[0.9527];[0.0027];14577.85239;800),(530254.45604;[0.9509];[0.0009];14848.88941;[0.9539];[0.0039];14579.41112;800)]"
0,8,19553.800853860033,[0.9514],[0.0014],645189.9707317352,"[(30700.04535;[0.8028];[-0.1472];20448.66711;[0.7922];[-0.1578];19932.97446;100),(40016.83497;[0.8028];[-0.1472];20448.66711;[0.7922];[-0.1578];19932.97446;100),(45408.41937;[0.8028];[-0.1472];20448.66711;[0.7922];[-0.1578];19932.97446;100),(50760.12564;[0.8028];[-0.1472];20448.66711;[0.7922];[-0.1578];19932.97446;100),(54993.03842;[0.8028];[-0.1472];20448.66711;[0.7922];[-0.1578];19932.97446;100),(60291.20517;[0.8028];[-0.1472];20448.66711;[0.7922];[-0.1578];19932.97446;100),(60771.35062;[0.8925];[-0.0575];20385.50419;[0.8836];[-0.0664];19890.47863;100),(63195.87016;[0.9259];[-0.0241];19913.00247;[0.9202];[-0.0298];19446.35477;100),(63763.58294;[0.9424];[-0.0076];19866.45913;[0.9378];[-0.0122];19455.71872;100),(81146.86728;[0.807];[-0.143];20454.40930;[0.7961];[-0.1539];19945.24738;200),(89490.11731;[0.807];[-0.143];20454.40930;[0.7961];[-0.1539];19945.24738;200),(99005.80525;[0.807];[-0.143];20454.40930;[0.7961];[-0.1539];19945.24738;200),(109131.83022;[0.807];[-0.143];20454.40930;[0.7961];[-0.1539];19945.24738;200),(117914.32881;[0.807];[-0.143];20454.40930;[0.7961];[-0.1539];19945.24738;200),(126070.49417;[0.807];[-0.143];20454.40930;[0.7961];[-0.1539];19945.24738;200),(126625.96107;[0.9012];[-0.0488];20399.76428;[0.8928];[-0.0572];19920.39509;200),(127488.25264;[0.9366];[-0.0134];20113.55265;[0.9328];[-0.0172];19661.04626;200),(129671.31686;[0.9528];[0.0028];19955.98894;[0.9514];[0.0014];19553.80085;200),(162985.26955;[0.8516];[-0.0984];20523.02871;[0.8469];[-0.1031];20023.64917;400),(181113.42287;[0.8516];[-0.0984];20523.02871;[0.8469];[-0.1031];20023.64917;400),(198989.29238;[0.8516];[-0.0984];20523.02871;[0.8469];[-0.1031];20023.64917;400),(216748.42286;[0.8516];[-0.0984];20523.02871;[0.8469];[-0.1031];20023.64917;400),(233523.75746;[0.8516];[-0.0984];20523.02871;[0.8469];[-0.1031];20023.64917;400),(249291.27026;[0.8516];[-0.0984];20523.02871;[0.8469];[-0.1031];20023.64917;400),(265077.63481;[0.8516];[-0.0984];20523.02871;[0.8469];[-0.1031];20023.64917;400),(267358.87837;[0.9228];[-0.0272];20106.77927;[0.9175];[-0.0325];19679.84608;400),(268224.94626;[0.9597];[0.0097];19582.90005;[0.9583];[0.0083];19186.53363;400),(269330.12295;[0.947];[-0.003];20042.76718;[0.9444];[-0.0056];19619.27883;400),(333881.33454;[0.8497];[-0.1003];20521.07207;[0.8455];[-0.1045];20014.26337;800),(367356.70972;[0.8497];[-0.1003];20521.07207;[0.8455];[-0.1045];20014.26337;800),(403050.22621;[0.8497];[-0.1003];20521.07207;[0.8455];[-0.1045];20014.26337;800),(437828.27520;[0.8497];[-0.1003];20521.07207;[0.8455];[-0.1045];20014.26337;800),(470973.92583;[0.8497];[-0.1003];20521.07207;[0.8455];[-0.1045];20014.26337;800),(503424.55387;[0.8497];[-0.1003];20521.07207;[0.8455];[-0.1045];20014.26337;800),(537864.60042;[0.8497];[-0.1003];20521.07207;[0.8455];[-0.1045];20014.26337;800),(571754.39811;[0.8497];[-0.1003];20521.07207;[0.8455];[-0.1045];20014.26337;800),(574144.79780;[0.929];[-0.021];20121.28893;[0.9236];[-0.0264];19649.77298;800),(574682.29938;[0.962];[0.012];19670.03997;[0.9615];[0.0115];19268.92186;800),(575940.50813;[0.9488];[-0.0012];20023.55231;[0.9458];[-0.0042];19602.83851;800)]"
0,2,19262.578673141474,[0.9615],[0.0115],652208.4274291992,"[(30945.30773;[0.8152];[-0.1348];19908.63511;[0.8091];[-0.1409];19745.34942;100),(40352.83518;[0.8152];[-0.1348];19908.63511;[0.8091];[-0.1409];19745.34942;100),(45797.57428;[0.8152];[-0.1348];19908.63511;[0.8091];[-0.1409];19745.34942;100),(51283.53214;[0.8152];[-0.1348];19908.63511;[0.8091];[-0.1409];19745.34942;100),(55593.57071;[0.8152];[-0.1348];19908.63511;[0.8091];[-0.1409];19745.34942;100),(60943.49504;[0.8152];[-0.1348];19908.63511;[0.8091];[-0.1409];19745.34942;100),(61379.47893;[0.9129];[-0.0371];19805.77977;[0.9149];[-0.0351];19577.01967;100),(66057.35064;[0.9567];[0.0067];19486.93741;[0.9573];[0.0073];19316.83957;100),(83689.47816;[0.8438];[-0.1062];20138.28440;[0.8419];[-0.1081];20003.82296;200),(91965.41953;[0.8438];[-0.1062];20138.28440;[0.8419];[-0.1081];20003.82296;200),(101306.05793;[0.8438];[-0.1062];20138.28440;[0.8419];[-0.1081];20003.82296;200),(110479.76613;[0.8438];[-0.1062];20138.28440;[0.8419];[-0.1081];20003.82296;200),(119235.21304;[0.8438];[-0.1062];20138.28440;[0.8419];[-0.1081];20003.82296;200),(127454.26512;[0.8438];[-0.1062];20138.28440;[0.8419];[-0.1081];20003.82296;200),(128117.15817;[0.9175];[-0.0325];19845.82193;[0.9205];[-0.0295];19624.22191;200),(128726.23348;[0.9583];[0.0083];19462.75035;[0.9592];[0.0092];19222.35886;200),(161405.73215;[0.77];[-0.18];19898.23017;[0.7697];[-0.1803];19754.01707;400),(179023.45181;[0.77];[-0.18];19898.23017;[0.7697];[-0.1803];19754.01707;400),(196623.83962;[0.77];[-0.18];19898.23017;[0.7697];[-0.1803];19754.01707;400),(214712.31794;[0.77];[-0.18];19898.23017;[0.7697];[-0.1803];19754.01707;400),(233609.03597;[0.7922];[-0.1578];20028.79060;[0.7879];[-0.1621];19905.02068;400),(251206.84505;[0.8023];[-0.1477];20056.30147;[0.7967];[-0.1533];19940.00741;400),(270838.05728;[0.8427];[-0.1073];20132.71643;[0.8402];[-0.1098];19997.79793;400),(271407.75728;[0.9233];[-0.0267];19869.31849;[0.9261];[-0.0239];19655.38198;400),(272023.28014;[0.9618];[0.0118];19487.88109;[0.9615];[0.0115];19262.57867;400),(337642.10868;[0.8541];[-0.0959];20162.42456;[0.8524];[-0.0976];20035.65341;800),(371225.07668;[0.8541];[-0.0959];20162.42456;[0.8524];[-0.0976];20035.65341;800),(407504.59933;[0.8541];[-0.0959];20162.42456;[0.8524];[-0.0976];20035.65341;800),(443248.26527;[0.8541];[-0.0959];20162.42456;[0.8524];[-0.0976];20035.65341;800),(477797.20306;[0.8541];[-0.0959];20162.42456;[0.8524];[-0.0976];20035.65341;800),(510858.74319;[0.8541];[-0.0959];20162.42456;[0.8524];[-0.0976];20035.65341;800),(544621.42372;[0.8541];[-0.0959];20162.42456;[0.8524];[-0.0976];20035.65341;800),(578001.81675;[0.8541];[-0.0959];20162.42456;[0.8524];[-0.0976];20035.65341;800),(578758.00419;[0.9351];[-0.0149];19854.68185;[0.9379];[-0.0121];19652.87908;800)]"
1,8,14708.766761675635,[0.9353],[-0.0147],621256.6645145416,"[(29534.95407;[0.7391];[-0.2109];15295.05034;[0.7321];[-0.2179];14901.41826;100),(39236.72915;[0.7391];[-0.2109];15295.05034;[0.7321];[-0.2179];14901.41826;100),(43910.01892;[0.7391];[-0.2109];15295.05034;[0.7321];[-0.2179];14901.41826;100),(49393.89491;[0.7391];[-0.2109];15295.05034;[0.7321];[-0.2179];14901.41826;100),(54523.69046;[0.7391];[-0.2109];15295.05034;[0.7321];[-0.2179];14901.41826;100),(58769.94610;[0.7391];[-0.2109];15295.05034;[0.7321];[-0.2179];14901.41826;100),(59384.72867;[0.8761];[-0.0739];15055.82661;[0.8682];[-0.0818];14687.51754;100),(64633.44479;[0.915];[-0.035];14743.44218;[0.9078];[-0.0422];14439.17970;100),(81978.00565;[0.7439];[-0.2061];15300.72594;[0.7364];[-0.2136];14913.81677;200),(90677.86860;[0.7439];[-0.2061];15300.72594;[0.7364];[-0.2136];14913.81677;200),(98685.17590;[0.7439];[-0.2061];15300.72594;[0.7364];[-0.2136];14913.81677;200),(107396.60382;[0.7439];[-0.2061];15300.72594;[0.7364];[-0.2136];14913.81677;200),(115884.39226;[0.7439];[-0.2061];15300.72594;[0.7364];[-0.2136];14913.81677;200),(124173.78855;[0.7439];[-0.2061];15300.72594;[0.7364];[-0.2136];14913.81677;200),(124716.52460;[0.8791];[-0.0709];15264.79301;[0.8703];[-0.0797];14891.36597;200),(125215.08598;[0.9379];[-0.0121];15027.43323;[0.9353];[-0.0147];14708.76676;200),(157388.15713;[0.7417];[-0.2083];15300.50428;[0.7341];[-0.2159];14911.02046;400),(174380.95808;[0.7417];[-0.2083];15300.50428;[0.7341];[-0.2159];14911.02046;400),(191552.40321;[0.7417];[-0.2083];15300.50428;[0.7341];[-0.2159];14911.02046;400),(208194.33403;[0.7417];[-0.2083];15300.50428;[0.7341];[-0.2159];14911.02046;400),(224326.53689;[0.7417];[-0.2083];15300.50428;[0.7341];[-0.2159];14911.02046;400),(240012.19463;[0.7417];[-0.2083];15300.50428;[0.7341];[-0.2159];14911.02046;400),(254927.13618;[0.7417];[-0.2083];15300.50428;[0.7341];[-0.2159];14911.02046;400),(256594.39039;[0.9075];[-0.0425];15203.44102;[0.9024];[-0.0476];14870.29722;400),(320976.15075;[0.739];[-0.211];15297.70268;[0.732];[-0.218];14900.68974;800),(355238.25932;[0.739];[-0.211];15297.70268;[0.732];[-0.218];14900.68974;800),(390602.47588;[0.739];[-0.211];15297.70268;[0.732];[-0.218];14900.68974;800),(423899.22285;[0.739];[-0.211];15297.70268;[0.732];[-0.218];14900.68974;800),(456646.32225;[0.739];[-0.211];15297.70268;[0.732];[-0.218];14900.68974;800),(488129.07267;[0.739];[-0.211];15297.70268;[0.732];[-0.218];14900.68974;800),(519428.48134;[0.739];[-0.211];15297.70268;[0.732];[-0.218];14900.68974;800),(551970.30044;[0.739];[-0.211];15297.70268;[0.732];[-0.218];14900.68974;800),(554169.88802;[0.9124];[-0.0376];15185.24319;[0.9056];[-0.0444];14858.65573;800)]"
0,9,19655.907182636965,[0.9692],[0.0192],662533.6470603943,"[(32923.55084;[0.8531];[-0.0969];19889.31474;[0.8524];[-0.0976];20038.69352;100),(43695.21284;[0.8531];[-0.0969];19889.31474;[0.8524];[-0.0976];20038.69352;100),(50013.58724;[0.8531];[-0.0969];19889.31474;[0.8524];[-0.0976];20038.69352;100),(55849.88594;[0.8531];[-0.0969];19889.31474;[0.8524];[-0.0976];20038.69352;100),(61003.76892;[0.8531];[-0.0969];19889.31474;[0.8524];[-0.0976];20038.69352;100),(67316.10155;[0.8531];[-0.0969];19889.31474;[0.8524];[-0.0976];20038.69352;100),(68006.13546;[0.9016];[-0.0484];19821.63045;[0.8988];[-0.0512];19914.02524;100),(68761.78575;[0.9352];[-0.0148];19586.25013;[0.9338];[-0.0162];19648.25831;100),(69246.17553;[0.9399];[-0.0101];19562.17092;[0.9393];[-0.0107];19625.90013;100),(87520.64729;[0.8614];[-0.0886];19896.40102;[0.8605];[-0.0895];20045.16903;200),(96060.12630;[0.8614];[-0.0886];19896.40102;[0.8605];[-0.0895];20045.16903;200),(105356.70686;[0.8614];[-0.0886];19896.40102;[0.8605];[-0.0895];20045.16903;200),(114556.99372;[0.8614];[-0.0886];19896.40102;[0.8605];[-0.0895];20045.16903;200),(123569.02289;[0.8614];[-0.0886];19896.40102;[0.8605];[-0.0895];20045.16903;200),(131517.58170;[0.8614];[-0.0886];19896.40102;[0.8605];[-0.0895];20045.16903;200),(133970.00837;[0.941];[-0.009];19593.40936;[0.9402];[-0.0098];19656.44372;200),(166995.17846;[0.9268];[-0.0232];19840.30924;[0.9254];[-0.0246];19932.51831;400),(185098.49834;[0.9268];[-0.0232];19840.30924;[0.9254];[-0.0246];19932.51831;400),(204108.75583;[0.9268];[-0.0232];19840.30924;[0.9254];[-0.0246];19932.51831;400),(222295.81785;[0.9268];[-0.0232];19840.30924;[0.9254];[-0.0246];19932.51831;400),(240052.00601;[0.9268];[-0.0232];19840.30924;[0.9254];[-0.0246];19932.51831;400),(256252.55966;[0.9268];[-0.0232];19840.30924;[0.9254];[-0.0246];19932.51831;400),(275080.05548;[0.9268];[-0.0232];19840.30924;[0.9254];[-0.0246];19932.51831;400),(276138.25512;[0.9708];[0.0208];19593.81404;[0.9692];[0.0192];19655.90718;400),(342526.60203;[0.8593];[-0.0907];19900.53260;[0.8583];[-0.0917];20049.17733;800),(377322.77536;[0.8593];[-0.0907];19900.53260;[0.8583];[-0.0917];20049.17733;800),(414073.02332;[0.8593];[-0.0907];19900.53260;[0.8583];[-0.0917];20049.17733;800),(450037.71353;[0.8593];[-0.0907];19900.53260;[0.8583];[-0.0917];20049.17733;800),(484616.47201;[0.8593];[-0.0907];19900.53260;[0.8583];[-0.0917];20049.17733;800),(518198.35520;[0.8593];[-0.0907];19900.53260;[0.8583];[-0.0917];20049.17733;800),(552309.05604;[0.8593];[-0.0907];19900.53260;[0.8583];[-0.0917];20049.17733;800),(586485.79335;[0.8593];[-0.0907];19900.53260;[0.8583];[-0.0917];20049.17733;800),(587252.55346;[0.955];[0.005];19558.96426;[0.9568];[0.0068];19618.92888;800)]"
3,6,8334.80837413901,[0.9976],[0.0476],31619.680166244507,[(31352.38886;[0.9969];[0.0469];8388.07304;[0.9976];[0.0476];8334.80837;100)]
2,2,10976.121746048639,[0.9541],[0.0041],623118.9246177673,"[(31200.81401;[0.7588];[-0.1912];11390.84470;[0.7521];[-0.1979];11280.72277;100),(41410.10380;[0.7588];[-0.1912];11390.84470;[0.7521];[-0.1979];11280.72277;100),(46823.32683;[0.7588];[-0.1912];11390.84470;[0.7521];[-0.1979];11280.72277;100),(51293.35284;[0.7588];[-0.1912];11390.84470;[0.7521];[-0.1979];11280.72277;100),(56463.39202;[0.7588];[-0.1912];11390.84470;[0.7521];[-0.1979];11280.72277;100),(61631.62947;[0.7588];[-0.1912];11390.84470;[0.7521];[-0.1979];11280.72277;100),(63613.79027;[0.9028];[-0.0472];11227.59574;[0.9039];[-0.0461];11104.09392;100),(64720.06869;[0.9579];[0.0079];10957.42337;[0.9583];[0.0083];10807.53128;100),(66453.75848;[0.9343];[-0.0157];11041.87278;[0.936];[-0.014];10871.22368;100),(66989.80355;[0.9428];[-0.0072];11139.88197;[0.9459];[-0.0041];10985.67789;100),(67554.84152;[0.9491];[-0.0009];11120.01344;[0.9519];[0.0019];10972.33316;100),(68105.03006;[0.9507];[0.0007];11091.88246;[0.9533];[0.0033];10946.58466;100),(69093.45245;[0.9507];[0.0007];11109.20842;[0.9533];[0.0033];10962.44318;100),(69818.94755;[0.9479];[-0.0021];11109.69893;[0.9511];[0.0011];10961.19351;100),(70372.28823;[0.9488];[-0.0012];11107.02928;[0.9515];[0.0015];10959.37181;100),(70936.97762;[0.9491];[-0.0009];11105.45265;[0.9517];[0.0017];10958.53491;100),(71457.07846;[0.9492];[-0.0008];11101.25213;[0.9519];[0.0019];10954.03233;100),(71984.49492;[0.9494];[-0.0006];11100.55585;[0.9521];[0.0021];10953.38650;100),(72565.21583;[0.9507];[0.0007];11109.01829;[0.9532];[0.0032];10962.61064;100),(73166.10193;[0.9507];[0.0007];11109.01829;[0.9532];[0.0032];10962.61064;100),(73727.14972;[0.9507];[0.0007];11109.01829;[0.9532];[0.0032];10962.61064;100),(74262.41612;[0.9507];[0.0007];11109.01829;[0.9532];[0.0032];10962.61064;100),(91431.76794;[0.7633];[-0.1867];11403.31939;[0.7564];[-0.1936];11294.75849;200),(99361.22751;[0.7633];[-0.1867];11403.31939;[0.7564];[-0.1936];11294.75849;200),(109065.94133;[0.7633];[-0.1867];11403.31939;[0.7564];[-0.1936];11294.75849;200),(118367.72132;[0.7633];[-0.1867];11403.31939;[0.7564];[-0.1936];11294.75849;200),(126387.30145;[0.7633];[-0.1867];11403.31939;[0.7564];[-0.1936];11294.75849;200),(135034.35659;[0.7633];[-0.1867];11403.31939;[0.7564];[-0.1936];11294.75849;200),(137986.22417;[0.9073];[-0.0427];11198.52871;[0.9074];[-0.0426];11078.96421;200),(139137.66932;[0.9603];[0.0103];10953.71395;[0.9607];[0.0107];10806.69491;200),(139682.33085;[0.9378];[-0.0122];11133.05137;[0.939];[-0.011];10975.57724;200),(140312.12735;[0.9475];[-0.0025];11142.07712;[0.9508];[0.0008];10992.85967;200),(140995.38732;[0.9534];[0.0034];11106.07031;[0.955];[0.005];10962.74912;200),(142047.19424;[0.9479];[-0.0021];11124.13002;[0.9512];[0.0012];10976.85444;200),(142667.35125;[0.9502];[0.0002];11113.89055;[0.9528];[0.0028];10968.03784;200),(143317.57140;[0.9497];[-0.0003];11116.94614;[0.9523];[0.0023];10970.02729;200),(144460.92534;[0.9514];[0.0014];11119.28427;[0.9537];[0.0037];10973.71285;200),(145000.46206;[0.9522];[0.0022];11121.20230;[0.9541];[0.0041];10975.81789;200),(145913.51676;[0.9475];[-0.0025];11113.79605;[0.9508];[0.0008];10966.37807;200),(146805.23634;[0.9511];[0.0011];11120.38492;[0.9536];[0.0036];10974.56475;200),(147532.05872;[0.9511];[0.0011];11120.38492;[0.9536];[0.0036];10974.56475;200),(148230.34549;[0.9511];[0.0011];11120.38492;[0.9536];[0.0036];10974.56475;200),(148919.37757;[0.9521];[0.0021];11121.59868;[0.9541];[0.0041];10976.12175;200),(149884.48882;[0.9475];[-0.0025];11113.79605;[0.9508];[0.0008];10966.37807;200),(184092.75532;[0.6662];[-0.2838];11290.02310;[0.6575];[-0.2925];11232.87684;400),(200115.41533;[0.6662];[-0.2838];11290.02310;[0.6575];[-0.2925];11232.87684;400),(217175.60291;[0.6662];[-0.2838];11290.02310;[0.6575];[-0.2925];11232.87684;400),(235387.56394;[0.7613];[-0.1887];11396.14279;[0.7535];[-0.1965];11286.87280;400),(251901.96800;[0.7613];[-0.1887];11396.14279;[0.7535];[-0.1965];11286.87280;400),(267443.23301;[0.7613];[-0.1887];11396.14279;[0.7535];[-0.1965];11286.87280;400),(283046.30327;[0.7613];[-0.1887];11396.14279;[0.7535];[-0.1965];11286.87280;400),(285375.91624;[0.908];[-0.042];11120.98403;[0.9083];[-0.0417];11004.04483;400),(286044.35658;[0.9627];[0.0127];10929.76553;[0.9628];[0.0128];10785.09745;400),(286596.36259;[0.9343];[-0.0157];11126.45807;[0.9355];[-0.0145];10966.67099;400),(287108.03366;[0.9467];[-0.0033];11108.21695;[0.9498];[-0.0002];10960.31058;400),(288027.57072;[0.9495];[-0.0005];11029.65352;[0.9521];[0.0021];10886.92061;400),(290935.57525;[0.9601];[0.0101];10949.46206;[0.9608];[0.0108];10802.47438;400),(293441.09869;[0.959];[0.009];10952.58829;[0.9597];[0.0097];10803.49468;400),(294002.76375;[0.947];[-0.003];10999.48717;[0.9502];[0.0002];10856.33850;400),(296497.86568;[0.9602];[0.0102];10957.44621;[0.9608];[0.0108];10808.42926;400),(298210.53028;[0.947];[-0.003];10988.25462;[0.9502];[0.0002];10845.17526;400),(299227.52428;[0.947];[-0.003];10986.94076;[0.9503];[0.0003];10843.97472;400),(300296.16642;[0.9472];[-0.0028];10985.12516;[0.9503];[0.0003];10842.26795;400),(301361.97591;[0.9602];[0.0102];10957.44621;[0.9608];[0.0108];10808.42926;400),(303373.21806;[0.9472];[-0.0028];10985.12516;[0.9503];[0.0003];10842.26795;400),(305925.33374;[0.9602];[0.0102];10957.44621;[0.9608];[0.0108];10808.42926;400),(307431.49066;[0.9472];[-0.0028];10985.12516;[0.9503];[0.0003];10842.26795;400),(378078.99857;[0.7811];[-0.1689];11432.32282;[0.776];[-0.174];11333.04357;800),(413547.99747;[0.7811];[-0.1689];11432.32282;[0.776];[-0.174];11333.04357;800),(450718.19639;[0.7811];[-0.1689];11432.32282;[0.776];[-0.174];11333.04357;800),(487117.39850;[0.7811];[-0.1689];11432.32282;[0.776];[-0.174];11333.04357;800),(520455.74236;[0.7811];[-0.1689];11432.32282;[0.776];[-0.174];11333.04357;800),(555174.30902;[0.7811];[-0.1689];11432.32282;[0.776];[-0.174];11333.04357;800),(590446.82145;[0.7811];[-0.1689];11432.32282;[0.776];[-0.174];11333.04357;800)]"
2,1,11002.679734007124,[0.9534],[0.0034],649350.5187034607,"[(29861.10497;[0.8957];[-0.0543];11252.66367;[0.8994];[-0.0506];11188.85407;100),(40353.05071;[0.8957];[-0.0543];11252.66367;[0.8994];[-0.0506];11188.85407;100),(46629.47488;[0.8956];[-0.0544];11253.03437;[0.8994];[-0.0506];11189.20536;100),(51219.21849;[0.8956];[-0.0544];11253.03437;[0.8994];[-0.0506];11189.20536;100),(56382.55954;[0.8956];[-0.0544];11253.03437;[0.8994];[-0.0506];11189.20536;100),(61762.82048;[0.8956];[-0.0544];11253.03437;[0.8994];[-0.0506];11189.20536;100),(62222.59498;[0.95];[0.];11047.88271;[0.9511];[0.0011];11000.25610;100),(64535.84647;[0.9777];[0.0277];10632.29201;[0.977];[0.027];10593.58643;100),(66979.81024;[0.9906];[0.0406];10852.73015;[0.9898];[0.0398];10813.40541;100),(67862.84947;[0.9562];[0.0062];11020.27609;[0.958];[0.008];10975.20720;100),(68367.75899;[0.9543];[0.0043];11042.00521;[0.9551];[0.0051];10995.73167;100),(68944.02170;[0.9526];[0.0026];11049.44087;[0.9534];[0.0034];11002.54726;100),(69431.12969;[0.9523];[0.0023];11049.29709;[0.9532];[0.0032];11002.29725;100),(69892.27724;[0.9484];[-0.0016];11049.13284;[0.9504];[0.0004];11001.64711;100),(70364.00533;[0.9521];[0.0021];11048.69921;[0.9532];[0.0032];11001.67025;100),(70836.11894;[0.948];[-0.002];11049.02112;[0.9496];[-0.0004];11001.44017;100),(71360.62956;[0.9521];[0.0021];11048.69921;[0.9532];[0.0032];11001.67025;100),(71807.45578;[0.9521];[0.0021];11048.69921;[0.9532];[0.0032];11001.67025;100),(72267.74096;[0.948];[-0.002];11049.02112;[0.9496];[-0.0004];11001.44017;100),(72762.10761;[0.9485];[-0.0015];11048.36363;[0.9505];[0.0005];11000.87618;100),(73275.88773;[0.948];[-0.002];11048.44010;[0.9496];[-0.0004];11000.85992;100),(73733.55412;[0.948];[-0.002];11048.44010;[0.9496];[-0.0004];11000.85992;100),(90121.12999;[0.9188];[-0.0312];11263.62044;[0.9187];[-0.0313];11203.40136;200),(99305.76229;[0.9188];[-0.0312];11263.62044;[0.9187];[-0.0313];11203.40136;200),(108878.92962;[0.9188];[-0.0312];11263.62044;[0.9187];[-0.0313];11203.40136;200),(121839.04004;[0.9188];[-0.0312];11263.62044;[0.9187];[-0.0313];11203.40136;200),(133176.25332;[0.9188];[-0.0312];11263.62044;[0.9187];[-0.0313];11203.40136;200),(142720.22295;[0.9188];[-0.0312];11263.62044;[0.9187];[-0.0313];11203.40136;200),(143129.87256;[0.952];[0.002];11049.60324;[0.9534];[0.0034];11002.67973;200),(145827.08621;[0.952];[0.002];11049.60324;[0.9534];[0.0034];11002.67973;200),(146527.36473;[0.9188];[-0.0312];11263.62044;[0.9187];[-0.0313];11203.40136;200),(148442.06238;[0.9526];[0.0026];11049.09460;[0.9536];[0.0036];11002.28513;200),(150754.16493;[0.9022];[-0.0478];11259.70283;[0.9049];[-0.0451];11198.44716;200),(152597.15486;[0.9526];[0.0026];11049.09460;[0.9536];[0.0036];11002.28513;200),(155807.65772;[0.952];[0.002];11049.60324;[0.9534];[0.0034];11002.67973;200),(159301.20754;[0.9061];[-0.0439];11257.05353;[0.9075];[-0.0425];11196.39406;200),(160863.49273;[0.9117];[-0.0383];11254.38273;[0.9124];[-0.0376];11194.32160;200),(163798.34485;[0.9117];[-0.0383];11254.38273;[0.9124];[-0.0376];11194.32160;200),(166618.64996;[0.9117];[-0.0383];11254.38273;[0.9124];[-0.0376];11194.32160;200),(169482.34463;[0.9117];[-0.0383];11254.38273;[0.9124];[-0.0376];11194.32160;200),(172351.32980;[0.9117];[-0.0383];11254.38273;[0.9124];[-0.0376];11194.32160;200),(175200.93107;[0.9117];[-0.0383];11254.38273;[0.9124];[-0.0376];11194.32160;200),(178065.75012;[0.9117];[-0.0383];11254.38273;[0.9124];[-0.0376];11194.32160;200),(180890.26260;[0.9117];[-0.0383];11254.38273;[0.9124];[-0.0376];11194.32160;200),(214205.17945;[0.7849];[-0.1651];11420.75344;[0.7853];[-0.1647];11341.68362;400),(230600.84581;[0.7849];[-0.1651];11420.75344;[0.7853];[-0.1647];11341.68362;400),(248382.32207;[0.7849];[-0.1651];11420.75344;[0.7853];[-0.1647];11341.68362;400),(267736.82857;[0.795];[-0.155];11407.39877;[0.7959];[-0.1541];11329.67999;400),(285678.45917;[0.9019];[-0.0481];11262.34942;[0.9047];[-0.0453];11201.03811;400),(302498.28219;[0.9019];[-0.0481];11262.34942;[0.9047];[-0.0453];11201.03811;400),(321626.82366;[0.9019];[-0.0481];11262.34942;[0.9047];[-0.0453];11201.03811;400),(322764.76979;[0.9576];[0.0076];11025.79667;[0.9591];[0.0091];10980.96636;400),(324619.13466;[0.9515];[0.0015];11049.01922;[0.9529];[0.0029];11002.02201;400),(325979.55370;[0.9071];[-0.0429];11254.17926;[0.908];[-0.042];11193.66074;400),(327819.53955;[0.9028];[-0.0472];11211.35542;[0.905];[-0.045];11150.99018;400),(329636.73925;[0.9124];[-0.0376];11173.73158;[0.9126];[-0.0374];11115.28318;400),(331398.10205;[0.952];[0.002];11049.60324;[0.9534];[0.0034];11002.67973;400),(335303.59650;[0.952];[0.002];11049.60324;[0.9534];[0.0034];11002.67973;400),(338900.35081;[0.9138];[-0.0362];11165.33166;[0.9146];[-0.0354];11107.24090;400),(340790.83991;[0.952];[0.002];11049.60324;[0.9534];[0.0034];11002.67973;400),(344466.31145;[0.952];[0.002];11049.60324;[0.9534];[0.0034];11002.67973;400),(348251.93048;[0.9105];[-0.0395];11165.01301;[0.9116];[-0.0384];11106.50404;400),(350224.53141;[0.9128];[-0.0372];11163.75346;[0.9129];[-0.0371];11105.43002;400),(353673.15340;[0.9128];[-0.0372];11163.75346;[0.9129];[-0.0371];11105.43002;400),(356985.20112;[0.9128];[-0.0372];11163.75346;[0.9129];[-0.0371];11105.43002;400),(360400.94233;[0.9128];[-0.0372];11163.75346;[0.9129];[-0.0371];11105.43002;400),(362299.59440;[0.9146];[-0.0354];11163.99162;[0.9158];[-0.0342];11105.99645;400),(427716.13264;[0.6708];[-0.2792];11335.24648;[0.6623];[-0.2877];11206.37402;800),(462146.22521;[0.6708];[-0.2792];11335.24648;[0.6623];[-0.2877];11206.37402;800),(499370.74518;[0.7694];[-0.1806];11386.49027;[0.7704];[-0.1796];11269.35466;800),(537119.51494;[0.7887];[-0.1613];11386.27987;[0.7903];[-0.1597];11273.26929;800),(573015.57493;[0.8561];[-0.0939];11218.09210;[0.8601];[-0.0899];11113.78654;800)]"
1,7,14712.433213168264,[0.9459],[-0.0041],746649.8827934265,"[(29519.16695;[0.938];[-0.012];14679.03210;[0.938];[-0.012];14679.03210;100),(39927.77300;[0.938];[-0.012];14679.03210;[0.938];[-0.012];14679.03210;100),(56591.50147;[0.9338];[-0.0162];14888.59161;[0.9338];[-0.0162];14888.59161;200),(89958.57000;[0.9126];[-0.0374];14906.99665;[0.9126];[-0.0374];14906.99665;400),(156368.05940;[0.9459];[-0.0041];14712.43321;[0.9459];[-0.0041];14712.43321;800),(298054.43788;[0.9162];[-0.0338];14919.92408;[0.9162];[-0.0338];14919.92408;1600),(592261.59549;[0.8214];[-0.1286];15008.15025;[0.8214];[-0.1286];15008.15025;3200)]"
2,5,11167.584568384713,[0.9713],[0.0213],609071.6664791107,"[(29701.00379;[0.8176];[-0.1324];11209.04718;[0.8157];[-0.1343];11319.21442;100),(39799.40462;[0.8177];[-0.1323];11210.36941;[0.8156];[-0.1344];11320.27205;100),(43996.06633;[0.8177];[-0.1323];11210.36941;[0.8156];[-0.1344];11320.27205;100),(49150.78115;[0.8177];[-0.1323];11210.36941;[0.8156];[-0.1344];11320.27205;100),(54227.15259;[0.8177];[-0.1323];11210.36941;[0.8156];[-0.1344];11320.27205;100),(58380.74923;[0.8177];[-0.1323];11210.36941;[0.8156];[-0.1344];11320.27205;100),(61411.50045;[0.9201];[-0.0299];10881.32674;[0.9186];[-0.0314];10958.62124;100),(61842.20219;[0.9906];[0.0406];10718.72048;[0.9868];[0.0368];10769.25112;100),(62397.58563;[1.];[0.05];10803.65569;[1.];[0.05];10863.99773;100),(62872.89405;[1.];[0.05];10810.25944;[1.];[0.05];10873.60840;100),(66777.34947;[1.];[0.05];10810.25944;[1.];[0.05];10873.60840;100),(69847.85199;[0.9173];[-0.0327];10805.70791;[0.9139];[-0.0361];10882.47729;100),(72048.27952;[1.];[0.05];10809.32364;[1.];[0.05];10871.71249;100),(76662.45985;[0.9148];[-0.0352];10766.33452;[0.9111];[-0.0389];10843.07270;100),(78947.41821;[1.];[0.05];10810.93911;[1.];[0.05];10873.81597;100),(84912.56976;[0.9142];[-0.0358];10754.37507;[0.9107];[-0.0393];10831.16413;100),(90029.91891;[1.];[0.05];10804.61027;[1.];[0.05];10867.45245;100),(94699.97120;[0.9123];[-0.0377];10752.98587;[0.9093];[-0.0407];10829.69661;100),(97334.49006;[0.9174];[-0.0326];10746.47329;[0.9148];[-0.0352];10823.46050;100),(102624.31383;[1.];[0.05];10804.61027;[1.];[0.05];10867.45245;100),(107303.06411;[0.9174];[-0.0326];10746.47329;[0.9148];[-0.0352];10823.46050;100),(112891.34264;[1.];[0.05];10804.61027;[1.];[0.05];10867.45245;100),(132162.87160;[0.8344];[-0.1156];10916.49870;[0.834];[-0.116];11032.02828;200),(141228.60909;[0.8344];[-0.1156];10916.49870;[0.834];[-0.116];11032.02828;200),(150256.36816;[0.8344];[-0.1156];10916.49870;[0.834];[-0.116];11032.02828;200),(158391.81876;[0.8344];[-0.1156];10916.49870;[0.834];[-0.116];11032.02828;200),(167586.59840;[0.8344];[-0.1156];10916.49870;[0.834];[-0.116];11032.02828;200),(177615.44967;[0.8344];[-0.1156];10916.49870;[0.834];[-0.116];11032.02828;200),(179976.05467;[0.9661];[0.0161];10926.64085;[0.9633];[0.0133];10986.18538;200),(180692.67869;[0.9723];[0.0223];11082.99281;[0.9713];[0.0213];11167.58457;200),(184560.18353;[0.8166];[-0.1334];10898.02620;[0.8131];[-0.1369];11009.65488;200),(217749.52197;[0.8];[-0.15];11230.09962;[0.7932];[-0.1568];11337.58024;400),(236003.06559;[0.8];[-0.15];11230.09962;[0.7932];[-0.1568];11337.58024;400),(256011.54160;[0.8];[-0.15];11230.09962;[0.7932];[-0.1568];11337.58024;400),(274492.04588;[0.8];[-0.15];11230.09962;[0.7932];[-0.1568];11337.58024;400),(291471.85206;[0.8];[-0.15];11230.09962;[0.7932];[-0.1568];11337.58024;400),(308698.43316;[0.8];[-0.15];11230.09962;[0.7932];[-0.1568];11337.58024;400),(324956.62379;[0.8];[-0.15];11230.09962;[0.7932];[-0.1568];11337.58024;400),(327338.21797;[0.9572];[0.0072];10936.74653;[0.9561];[0.0061];10997.05462;400),(327982.95927;[0.924];[-0.026];11115.41921;[0.9223];[-0.0277];11203.42950;400),(329719.94519;[0.9572];[0.0072];10936.74653;[0.9561];[0.0061];10997.05462;400),(330482.53965;[0.9241];[-0.0259];11115.55212;[0.9217];[-0.0283];11204.23506;400),(331555.40705;[0.9327];[-0.0173];11107.78635;[0.9326];[-0.0174];11193.65795;400),(333090.22236;[0.9586];[0.0086];10936.74594;[0.9574];[0.0074];10997.29162;400),(335915.88902;[0.9586];[0.0086];10936.74594;[0.9574];[0.0074];10997.29162;400),(338544.86775;[0.9586];[0.0086];10936.74594;[0.9574];[0.0074];10997.29162;400),(340977.70429;[0.9326];[-0.0174];11107.42307;[0.9322];[-0.0178];11193.53526;400),(342201.86329;[0.9315];[-0.0185];11107.19405;[0.9312];[-0.0188];11193.09320;400),(343460.34002;[0.9304];[-0.0196];11107.40682;[0.93];[-0.02];11193.17427;400),(344682.31106;[0.9572];[0.0072];10936.74653;[0.9561];[0.0061];10997.05462;400),(346629.58550;[0.9572];[0.0072];10936.74653;[0.9561];[0.0061];10997.05462;400),(349030.92194;[0.9572];[0.0072];10936.74653;[0.9561];[0.0061];10997.05462;400),(351423.35033;[0.9572];[0.0072];10936.74653;[0.9561];[0.0061];10997.05462;400),(353806.41651;[0.9572];[0.0072];10936.74653;[0.9561];[0.0061];10997.05462;400),(424365.26561;[0.9656];[0.0156];10927.61487;[0.9627];[0.0127];10987.10576;800),(449722.92900;[0.9656];[0.0156];10927.61487;[0.9627];[0.0127];10987.10576;800),(471755.85008;[0.9656];[0.0156];10927.61487;[0.9627];[0.0127];10987.10576;800),(492245.89491;[0.9656];[0.0156];10927.61487;[0.9627];[0.0127];10987.10576;800),(512834.36012;[0.9656];[0.0156];10927.61487;[0.9627];[0.0127];10987.10576;800),(534106.13561;[0.9656];[0.0156];10927.61487;[0.9627];[0.0127];10987.10576;800),(553426.79644;[0.9656];[0.0156];10927.61487;[0.9627];[0.0127];10987.10576;800),(573079.19478;[0.9656];[0.0156];10927.61487;[0.9627];[0.0127];10987.10576;800),(592021.00039;[0.9656];[0.0156];10927.61487;[0.9627];[0.0127];10987.10576;800)]"
2,7,10994.417146756043,[0.9567],[0.0067],601283.1299304962,"[(31929.42452;[0.8676];[-0.0824];11138.80608;[0.8676];[-0.0824];11138.80608;100),(42715.69943;[0.8694];[-0.0806];11146.21515;[0.8694];[-0.0806];11146.21515;100),(58520.14971;[0.948];[-0.002];11173.64804;[0.948];[-0.002];11173.64804;200),(91364.50505;[0.9166];[-0.0334];11197.37765;[0.9166];[-0.0334];11197.37765;400),(111185.00495;[0.9163];[-0.0337];11198.83965;[0.9163];[-0.0337];11198.83965;400),(131117.28048;[0.9163];[-0.0337];11198.83965;[0.9163];[-0.0337];11198.83965;400),(150402.47869;[0.9163];[-0.0337];11198.83965;[0.9163];[-0.0337];11198.83965;400),(167398.39983;[0.9163];[-0.0337];11198.83965;[0.9163];[-0.0337];11198.83965;400),(183145.33567;[0.9163];[-0.0337];11198.83965;[0.9163];[-0.0337];11198.83965;400),(200313.32779;[0.9163];[-0.0337];11198.83965;[0.9163];[-0.0337];11198.83965;400),(200823.90499;[0.9541];[0.0041];10991.08944;[0.9541];[0.0041];10991.08944;400),(203820.62459;[0.9539];[0.0039];10993.32539;[0.9539];[0.0039];10993.32539;400),(206355.04317;[0.9113];[-0.0387];11189.23158;[0.9113];[-0.0387];11189.23158;400),(275953.00293;[0.9567];[0.0067];10994.41715;[0.9567];[0.0067];10994.41715;800),(300850.15702;[0.9567];[0.0067];10994.41715;[0.9567];[0.0067];10994.41715;800),(325068.88390;[0.9567];[0.0067];10994.41715;[0.9567];[0.0067];10994.41715;800),(346318.38727;[0.9567];[0.0067];10994.41715;[0.9567];[0.0067];10994.41715;800),(365880.59688;[0.9567];[0.0067];10994.41715;[0.9567];[0.0067];10994.41715;800),(383672.46819;[0.9567];[0.0067];10994.41715;[0.9567];[0.0067];10994.41715;800),(405222.66936;[0.9567];[0.0067];10994.41715;[0.9567];[0.0067];10994.41715;800),(423955.54900;[0.9567];[0.0067];10994.41715;[0.9567];[0.0067];10994.41715;800),(441157.22799;[0.9567];[0.0067];10994.41715;[0.9567];[0.0067];10994.41715;800),(459805.06682;[0.9567];[0.0067];10994.41715;[0.9567];[0.0067];10994.41715;800),(460274.99580;[0.9567];[0.0067];10994.41715;[0.9567];[0.0067];10994.41715;800),(460725.96288;[0.9567];[0.0067];10994.41715;[0.9567];[0.0067];10994.41715;800),(461178.43771;[0.9567];[0.0067];10994.41715;[0.9567];[0.0067];10994.41715;800),(461619.41743;[0.9567];[0.0067];10994.41715;[0.9567];[0.0067];10994.41715;800),(462081.95591;[0.9567];[0.0067];10994.41715;[0.9567];[0.0067];10994.41715;800),(462533.33902;[0.9567];[0.0067];10994.41715;[0.9567];[0.0067];10994.41715;800),(462985.92877;[0.9567];[0.0067];10994.41715;[0.9567];[0.0067];10994.41715;800),(463435.06098;[0.9567];[0.0067];10994.41715;[0.9567];[0.0067];10994.41715;800),(463874.79234;[0.9567];[0.0067];10994.41715;[0.9567];[0.0067];10994.41715;800),(464309.98850;[0.9567];[0.0067];10994.41715;[0.9567];[0.0067];10994.41715;800),(464750.37146;[0.9567];[0.0067];10994.41715;[0.9567];[0.0067];10994.41715;800),(465200.54078;[0.9567];[0.0067];10994.41715;[0.9567];[0.0067];10994.41715;800),(465662.83822;[0.9567];[0.0067];10994.41715;[0.9567];[0.0067];10994.41715;800),(466125.62132;[0.9567];[0.0067];10994.41715;[0.9567];[0.0067];10994.41715;800),(466592.17906;[0.9567];[0.0067];10994.41715;[0.9567];[0.0067];10994.41715;800),(467043.04218;[0.9567];[0.0067];10994.41715;[0.9567];[0.0067];10994.41715;800)]"
2,8,10990.397839831388,[0.9491],[-0.0009],600019.3643569946,"[(29500.37718;[0.6742];[-0.2758];11555.69209;[0.6619];[-0.2881];11255.90649;100),(39685.87446;[0.6742];[-0.2758];11555.69209;[0.6619];[-0.2881];11255.90649;100),(44291.22925;[0.6742];[-0.2758];11555.69209;[0.6619];[-0.2881];11255.90649;100),(51291.25309;[0.6742];[-0.2758];11555.69209;[0.6619];[-0.2881];11255.90649;100),(56827.14319;[0.6742];[-0.2758];11555.69209;[0.6619];[-0.2881];11255.90649;100),(61475.44432;[0.6742];[-0.2758];11555.69209;[0.6619];[-0.2881];11255.90649;100),(63941.94889;[0.8645];[-0.0855];11353.60102;[0.8599];[-0.0901];11079.81875;100),(81715.02995;[0.6787];[-0.2713];11559.64399;[0.6674];[-0.2826];11267.06149;200),(91241.41288;[0.6787];[-0.2713];11559.64399;[0.6674];[-0.2826];11267.06149;200),(101007.28178;[0.6787];[-0.2713];11559.64399;[0.6674];[-0.2826];11267.06149;200),(111882.99084;[0.6787];[-0.2713];11559.64399;[0.6674];[-0.2826];11267.06149;200),(120794.03877;[0.6787];[-0.2713];11559.64399;[0.6674];[-0.2826];11267.06149;200),(129816.26081;[0.6787];[-0.2713];11559.64399;[0.6674];[-0.2826];11267.06149;200),(130487.29968;[0.8678];[-0.0822];11457.04864;[0.8616];[-0.0884];11179.03090;200),(164776.02196;[0.675];[-0.275];11558.03089;[0.6632];[-0.2868];11261.55002;400),(182498.96359;[0.675];[-0.275];11558.03089;[0.6632];[-0.2868];11261.55002;400),(200699.68939;[0.675];[-0.275];11558.03089;[0.6632];[-0.2868];11261.55002;400),(217813.65371;[0.675];[-0.275];11558.03089;[0.6632];[-0.2868];11261.55002;400),(235005.52797;[0.675];[-0.275];11558.03089;[0.6632];[-0.2868];11261.55002;400),(251698.83513;[0.675];[-0.275];11558.03089;[0.6632];[-0.2868];11261.55002;400),(267221.59386;[0.675];[-0.275];11558.03089;[0.6632];[-0.2868];11261.55002;400),(267900.57278;[0.8896];[-0.0604];11445.28219;[0.8817];[-0.0683];11189.36345;400),(338740.70597;[0.6748];[-0.2752];11555.56481;[0.6631];[-0.2869];11252.52522;800),(373117.37752;[0.6748];[-0.2752];11555.56481;[0.6631];[-0.2869];11252.52522;800),(412063.12490;[0.6748];[-0.2752];11555.56481;[0.6631];[-0.2869];11252.52522;800),(448913.46240;[0.6748];[-0.2752];11555.56481;[0.6631];[-0.2869];11252.52522;800),(483901.65210;[0.6748];[-0.2752];11555.56481;[0.6631];[-0.2869];11252.52522;800),(520099.71118;[0.6748];[-0.2752];11555.56481;[0.6631];[-0.2869];11252.52522;800),(557240.04865;[0.6748];[-0.2752];11555.56481;[0.6631];[-0.2869];11252.52522;800),(591383.06475;[0.6748];[-0.2752];11556.87915;[0.6631];[-0.2869];11254.13927;800),(592742.02657;[0.8908];[-0.0592];11444.42636;[0.8835];[-0.0665];11187.15925;800),(593291.40711;[0.9528];[0.0028];11182.77673;[0.9514];[0.0014];10973.83547;800),(595128.88122;[0.9423];[-0.0077];11207.43157;[0.9412];[-0.0088];10978.04653;800),(595525.60258;[0.9423];[-0.0077];11207.43157;[0.9412];[-0.0088];10978.04653;800),(596084.87940;[0.9457];[-0.0043];11214.11662;[0.9445];[-0.0055];10992.92865;800),(596598.15931;[0.9515];[0.0015];11206.07769;[0.9507];[0.0007];10991.48856;800),(597134.61208;[0.9488];[-0.0012];11213.16016;[0.9478];[-0.0022];10995.51128;800),(597653.68295;[0.95];[0.];11208.43580;[0.9491];[-0.0009];10990.39784;800),(598126.13726;[0.9489];[-0.0011];11205.81859;[0.9481];[-0.0019];10988.66929;800),(598652.78363;[0.9494];[-0.0006];11205.25922;[0.9482];[-0.0018];10989.17017;800),(599214.38909;[0.952];[0.002];11205.78893;[0.9509];[0.0009];10990.83802;800),(599786.92317;[0.9494];[-0.0006];11205.25922;[0.9482];[-0.0018];10989.17017;800)]"
2,9,10999.905036157887,[0.9583],[0.0083],601251.3823509216,"[(30781.62861;[0.7807];[-0.1693];11275.51542;[0.7757];[-0.1743];11331.83741;100),(41463.32836;[0.7807];[-0.1693];11275.51542;[0.7757];[-0.1743];11331.83741;100),(46796.44108;[0.7807];[-0.1693];11275.51542;[0.7757];[-0.1743];11331.83741;100),(52505.03898;[0.7807];[-0.1693];11275.51542;[0.7757];[-0.1743];11331.83741;100),(57024.05477;[0.7807];[-0.1693];11275.51542;[0.7757];[-0.1743];11331.83741;100),(62284.29294;[0.7807];[-0.1693];11275.51542;[0.7757];[-0.1743];11331.83741;100),(63156.18920;[0.8791];[-0.0709];11156.97150;[0.8776];[-0.0724];11183.00319;100),(80495.46528;[0.6799];[-0.2701];11178.53036;[0.6752];[-0.2748];11270.38581;200),(89239.09473;[0.6799];[-0.2701];11178.53036;[0.6752];[-0.2748];11270.38581;200),(99804.71969;[0.6799];[-0.2701];11178.53036;[0.6752];[-0.2748];11270.38581;200),(112265.66601;[0.7963];[-0.1537];11278.85633;[0.7906];[-0.1594];11334.44056;200),(120574.58091;[0.7963];[-0.1537];11278.85633;[0.7906];[-0.1594];11334.44056;200),(129677.80042;[0.7963];[-0.1537];11278.85633;[0.7906];[-0.1594];11334.44056;200),(131619.17591;[0.9148];[-0.0352];11082.33072;[0.9113];[-0.0387];11108.34789;200),(166830.88970;[0.9313];[-0.0187];11173.65398;[0.9304];[-0.0196];11199.80221;400),(183655.99704;[0.9313];[-0.0187];11173.65398;[0.9304];[-0.0196];11199.80221;400),(201687.37149;[0.9313];[-0.0187];11173.65398;[0.9304];[-0.0196];11199.80221;400),(219775.20299;[0.9313];[-0.0187];11173.65398;[0.9304];[-0.0196];11199.80221;400),(237053.96676;[0.9313];[-0.0187];11173.65398;[0.9304];[-0.0196];11199.80221;400),(253025.34032;[0.9313];[-0.0187];11173.65398;[0.9304];[-0.0196];11199.80221;400),(269367.51390;[0.9313];[-0.0187];11173.65398;[0.9304];[-0.0196];11199.80221;400),(269799.46494;[0.9569];[0.0069];11004.57737;[0.9583];[0.0083];10999.47463;400),(270294.68250;[0.9313];[-0.0187];11173.65398;[0.9304];[-0.0196];11199.80221;400),(272263.56769;[0.9204];[-0.0296];11145.64045;[0.9169];[-0.0331];11171.59714;400),(274387.04824;[0.9569];[0.0069];11005.02390;[0.9583];[0.0083];10999.90504;400),(277442.20591;[0.9569];[0.0069];11005.02390;[0.9583];[0.0083];10999.90504;400),(281675.60148;[0.9569];[0.0069];11005.02390;[0.9583];[0.0083];10999.90504;400),(285327.12674;[0.9569];[0.0069];11005.02390;[0.9583];[0.0083];10999.90504;400),(289408.20289;[0.9569];[0.0069];11005.02390;[0.9583];[0.0083];10999.90504;400),(293384.12094;[0.9569];[0.0069];11005.02390;[0.9583];[0.0083];10999.90504;400),(297629.38952;[0.9251];[-0.0249];11144.23745;[0.9227];[-0.0273];11170.70270;400),(299720.98732;[0.9219];[-0.0281];11147.15179;[0.9191];[-0.0309];11172.99631;400),(303553.63441;[0.9219];[-0.0281];11147.15179;[0.9191];[-0.0309];11172.99631;400),(307579.22125;[0.9219];[-0.0281];11147.15179;[0.9191];[-0.0309];11172.99631;400),(311559.29112;[0.9219];[-0.0281];11147.15179;[0.9191];[-0.0309];11172.99631;400),(315229.22325;[0.9219];[-0.0281];11147.15179;[0.9191];[-0.0309];11172.99631;400),(319228.61552;[0.9219];[-0.0281];11147.15179;[0.9191];[-0.0309];11172.99631;400),(385790.13777;[0.792];[-0.158];11285.93562;[0.7871];[-0.1629];11341.43829;800),(422563.56192;[0.792];[-0.158];11285.93562;[0.7871];[-0.1629];11341.43829;800),(459808.44235;[0.792];[-0.158];11285.93562;[0.7871];[-0.1629];11341.43829;800),(496586.25364;[0.792];[-0.158];11285.93562;[0.7871];[-0.1629];11341.43829;800),(533391.66951;[0.792];[-0.158];11285.93562;[0.7871];[-0.1629];11341.43829;800),(567510.10871;[0.792];[-0.158];11285.93562;[0.7871];[-0.1629];11341.43829;800)]"
3,2,7321.558952989961,[0.9593],[0.0093],617123.0320930481,"[(30191.29753;[0.5641];[-0.3859];8390.45971;[0.5609];[-0.3891];8317.98352;100),(30816.67972;[0.7487];[-0.2013];8637.30379;[0.7404];[-0.2096];8532.30450;200),(47133.87847;[0.7487];[-0.2013];8637.30379;[0.7404];[-0.2096];8532.30450;200),(55100.85869;[0.7487];[-0.2013];8637.30379;[0.7404];[-0.2096];8532.30450;200),(65546.23318;[0.7487];[-0.2013];8637.07514;[0.7404];[-0.2096];8532.26383;200),(74276.29614;[0.7487];[-0.2013];8637.07514;[0.7404];[-0.2096];8532.26383;200),(82157.28402;[0.7487];[-0.2013];8637.07514;[0.7404];[-0.2096];8532.26383;200),(90648.39554;[0.7487];[-0.2013];8637.07514;[0.7404];[-0.2096];8532.26383;200),(91286.83853;[0.9117];[-0.0383];8421.81858;[0.9089];[-0.0411];8311.49827;200),(93257.71785;[0.9641];[0.0141];7397.77304;[0.9641];[0.0141];7316.47556;200),(93931.00262;[0.9389];[-0.0111];7996.97092;[0.9402];[-0.0098];7897.97149;200),(96305.16529;[0.9414];[-0.0086];7832.47968;[0.9426];[-0.0074];7739.19155;200),(97488.84749;[0.9416];[-0.0084];7699.06803;[0.9428];[-0.0072];7608.44670;200),(99296.94772;[0.9249];[-0.0251];7522.93467;[0.9255];[-0.0245];7431.15505;200),(99998.17729;[0.9563];[0.0063];7399.26185;[0.9575];[0.0075];7315.13270;200),(101346.05408;[0.9271];[-0.0229];7428.05809;[0.9266];[-0.0234];7337.76314;200),(104787.21023;[0.9591];[0.0091];7402.50327;[0.9597];[0.0097];7318.65243;200),(106937.74891;[0.9586];[0.0086];7405.29930;[0.9593];[0.0093];7321.55895;200),(110042.56034;[0.9262];[-0.0238];7406.61148;[0.9261];[-0.0239];7316.58564;200),(113158.42938;[0.9581];[0.0081];7404.33945;[0.9587];[0.0087];7320.37627;200),(115309.61490;[0.9256];[-0.0244];7403.06634;[0.9259];[-0.0241];7313.03146;200),(117246.00363;[0.9583];[0.0083];7404.85140;[0.9588];[0.0088];7320.82964;200),(119388.19122;[0.9583];[0.0083];7404.85140;[0.9588];[0.0088];7320.82964;200),(121988.91139;[0.9583];[0.0083];7404.85140;[0.9588];[0.0088];7320.82964;200),(155496.34719;[0.5709];[-0.3791];8430.55379;[0.569];[-0.381];8363.92284;400),(173233.69694;[0.5777];[-0.3723];8447.24416;[0.574];[-0.376];8382.99068;400),(194484.04932;[0.7415];[-0.2085];8620.60047;[0.7337];[-0.2163];8512.94324;400),(212725.69156;[0.7415];[-0.2085];8620.60047;[0.7337];[-0.2163];8512.94324;400),(229694.35024;[0.7415];[-0.2085];8620.60047;[0.7337];[-0.2163];8512.94324;400),(246923.96426;[0.7415];[-0.2085];8620.60047;[0.7337];[-0.2163];8512.94324;400),(264939.55255;[0.742];[-0.208];8620.81250;[0.7342];[-0.2158];8514.23079;400),(266578.33219;[0.9142];[-0.0358];8360.76806;[0.9124];[-0.0376];8253.68873;400),(268141.31904;[0.963];[0.013];7373.76258;[0.9628];[0.0128];7293.45568;400),(269836.16734;[0.9386];[-0.0114];7947.71066;[0.9394];[-0.0106];7849.55838;400),(270768.67628;[0.9441];[-0.0059];7761.09795;[0.9457];[-0.0043];7670.09286;400),(272748.81935;[0.9261];[-0.0239];7528.76231;[0.9264];[-0.0236];7437.07012;400),(273960.41465;[0.9557];[0.0057];7382.12858;[0.9565];[0.0065];7298.54506;400),(276895.88594;[0.957];[0.007];7397.51803;[0.9577];[0.0077];7313.68900;400),(277532.71103;[0.9258];[-0.0242];7478.93710;[0.9259];[-0.0241];7387.90333;400),(280430.51410;[0.9263];[-0.0237];7426.18096;[0.9264];[-0.0236];7335.85263;400),(283636.37543;[0.9571];[0.0071];7397.51628;[0.9577];[0.0077];7313.63284;400),(286062.99043;[0.9256];[-0.0244];7403.90745;[0.9259];[-0.0241];7313.84871;400),(289009.13620;[0.9259];[-0.0241];7384.69774;[0.9258];[-0.0242];7294.72364;400),(290680.48453;[0.9571];[0.0071];7398.41418;[0.958];[0.008];7314.46895;400),(293617.41614;[0.9571];[0.0071];7398.41418;[0.958];[0.008];7314.46895;400),(295876.65200;[0.9259];[-0.0241];7384.69774;[0.9258];[-0.0242];7294.72364;400),(297385.78510;[0.9571];[0.0071];7398.41418;[0.958];[0.008];7314.46895;400),(369085.99591;[0.7669];[-0.1831];8652.85244;[0.7574];[-0.1926];8555.10823;800),(404025.33102;[0.7669];[-0.1831];8652.85244;[0.7574];[-0.1926];8555.10823;800),(441415.77601;[0.7669];[-0.1831];8652.85244;[0.7574];[-0.1926];8555.10823;800),(479035.07614;[0.7669];[-0.1831];8652.85244;[0.7574];[-0.1926];8555.10823;800),(513143.48626;[0.7669];[-0.1831];8652.85244;[0.7574];[-0.1926];8555.10823;800),(547989.63499;[0.7669];[-0.1831];8652.85244;[0.7574];[-0.1926];8555.10823;800),(582381.32167;[0.7669];[-0.1831];8652.85244;[0.7574];[-0.1926];8555.10823;800)]"
3,1,7811.604754323636,[0.9533],[0.0033],623684.8146915436,"[(31622.45536;[0.7556];[-0.1944];8603.03105;[0.7544];[-0.1956];8550.13381;100),(41098.20676;[0.7556];[-0.1944];8603.03105;[0.7544];[-0.1956];8550.13381;100),(46499.58324;[0.7556];[-0.1944];8603.03105;[0.7544];[-0.1956];8550.13381;100),(51117.35201;[0.7556];[-0.1944];8603.03105;[0.7544];[-0.1956];8550.13381;100),(56408.34093;[0.7556];[-0.1944];8603.03105;[0.7544];[-0.1956];8550.13381;100),(61686.83243;[0.7556];[-0.1944];8603.03105;[0.7544];[-0.1956];8550.13381;100),(62576.66588;[0.9165];[-0.0335];8234.14101;[0.918];[-0.032];8204.21875;100),(65965.52563;[0.9799];[0.0299];7281.71690;[0.9791];[0.0291];7260.57155;100),(67491.33277;[0.9521];[0.0021];7836.94703;[0.9534];[0.0034];7810.66009;100),(68580.20067;[0.9345];[-0.0155];7959.34678;[0.9361];[-0.0139];7930.05330;100),(70411.98063;[0.9465];[-0.0035];7916.23925;[0.9487];[-0.0013];7889.26049;100),(71194.09275;[0.9471];[-0.0029];7879.92313;[0.9489];[-0.0011];7853.14466;100),(71977.85687;[0.9477];[-0.0023];7857.88415;[0.9496];[-0.0004];7831.21683;100),(72717.43894;[0.9483];[-0.0017];7848.67461;[0.9501];[0.0001];7822.06283;100),(73701.82252;[0.9472];[-0.0028];7843.68710;[0.9493];[-0.0007];7817.00271;100),(75766.16263;[0.9474];[-0.0026];7839.48079;[0.9495];[-0.0005];7812.86925;100),(77873.20852;[0.952];[0.002];7837.87933;[0.9533];[0.0033];7811.60475;100),(78484.60054;[0.9474];[-0.0026];7839.48079;[0.9495];[-0.0005];7812.86925;100),(79098.63853;[0.9474];[-0.0026];7839.48079;[0.9495];[-0.0005];7812.86925;100),(81155.18665;[0.952];[0.002];7837.87933;[0.9533];[0.0033];7811.60475;100),(81684.86905;[0.9474];[-0.0026];7839.48079;[0.9495];[-0.0005];7812.86925;100),(82126.68180;[0.9474];[-0.0026];7839.48079;[0.9495];[-0.0005];7812.86925;100),(101848.45018;[0.8914];[-0.0586];8420.45767;[0.8948];[-0.0552];8386.69454;200),(110954.24604;[0.8914];[-0.0586];8420.45767;[0.8948];[-0.0552];8386.69454;200),(120365.80873;[0.8914];[-0.0586];8420.45767;[0.8948];[-0.0552];8386.69454;200),(129151.28279;[0.8914];[-0.0586];8420.45767;[0.8948];[-0.0552];8386.69454;200),(136788.33675;[0.8914];[-0.0586];8420.45767;[0.8948];[-0.0552];8386.69454;200),(145322.70837;[0.8914];[-0.0586];8420.45767;[0.8948];[-0.0552];8386.69454;200),(146204.68044;[0.9163];[-0.0337];8317.68847;[0.9177];[-0.0323];8287.25153;200),(147376.64032;[0.9756];[0.0256];7317.49820;[0.9747];[0.0247];7295.57712;200),(149025.75040;[0.9452];[-0.0048];7895.68505;[0.9475];[-0.0025];7868.61202;200),(150140.71679;[0.9555];[0.0055];7691.67689;[0.9554];[0.0054];7666.33327;200),(152148.91338;[0.9473];[-0.0027];7809.75363;[0.949];[-0.001];7783.23043;200),(154515.53011;[0.9503];[0.0003];7753.27762;[0.952];[0.002];7727.29387;200),(156099.05100;[0.9527];[0.0027];7783.08863;[0.9533];[0.0033];7757.07665;200),(156805.63307;[0.9509];[0.0009];7797.58460;[0.9527];[0.0027];7771.42549;200),(157622.30515;[0.9508];[0.0008];7803.34442;[0.9522];[0.0022];7777.13262;200),(158489.57968;[0.9503];[0.0003];7806.51414;[0.9517];[0.0017];7780.23030;200),(159054.93736;[0.9499];[-0.0001];7808.68966;[0.9516];[0.0016];7782.39980;200),(161917.66548;[0.9499];[-0.0001];7807.11534;[0.9516];[0.0016];7780.81105;200),(163742.62905;[0.9499];[-0.0001];7807.61125;[0.9516];[0.0016];7781.30471;200),(165997.54405;[0.9503];[0.0003];7806.51414;[0.9517];[0.0017];7780.23030;200),(166633.62026;[0.9503];[0.0003];7806.51414;[0.9517];[0.0017];7780.23030;200),(167270.77675;[0.9503];[0.0003];7806.51414;[0.9517];[0.0017];7780.23030;200),(204292.92965;[0.7662];[-0.1838];8609.15623;[0.765];[-0.185];8557.07923;400),(266139.76049;[0.6067];[-0.3433];8463.31962;[0.5976];[-0.3524];8350.22326;800),(303050.51589;[0.6067];[-0.3433];8463.31962;[0.5976];[-0.3524];8350.22326;800),(341457.15690;[0.7479];[-0.2021];8587.53597;[0.745];[-0.205];8489.35489;800),(476971.51923;[0.4909];[-0.4591];8366.13765;[0.4858];[-0.4642];8261.45361;1600),(548874.71724;[0.607];[-0.343];8464.70079;[0.5981];[-0.3519];8352.74773;1600)]"
2,10,10985.914128657088,[0.9549],[0.0049],646347.357749939,"[(30643.39495;[0.5507];[-0.3993];11146.01885;[0.5434];[-0.4066];10804.55422;100),(32008.63123;[0.5532];[-0.3968];11155.20000;[0.5452];[-0.4048];10813.43878;200),(32776.79205;[0.5543];[-0.3957];11163.34154;[0.547];[-0.403];10824.58817;400),(33629.93741;[0.6693];[-0.2807];11574.11335;[0.6649];[-0.2851];11263.56918;800),(99076.00427;[0.6693];[-0.2807];11574.11335;[0.6649];[-0.2851];11263.56918;800),(135531.97765;[0.6693];[-0.2807];11574.11335;[0.6649];[-0.2851];11263.56918;800),(172614.70389;[0.6693];[-0.2807];11574.11335;[0.6649];[-0.2851];11263.56918;800),(210978.77431;[0.6693];[-0.2807];11574.11335;[0.6649];[-0.2851];11263.56918;800),(244903.65601;[0.6693];[-0.2807];11574.11335;[0.6649];[-0.2851];11263.56918;800),(279798.03252;[0.6693];[-0.2807];11574.11335;[0.6649];[-0.2851];11263.56918;800),(317138.37147;[0.6693];[-0.2807];11574.11335;[0.6649];[-0.2851];11263.56918;800),(351825.35148;[0.6693];[-0.2807];11574.11335;[0.6649];[-0.2851];11263.56918;800),(353562.66546;[0.8888];[-0.0612];11408.72240;[0.8933];[-0.0567];11183.77875;800),(355775.57254;[0.9526];[0.0026];11048.22521;[0.9549];[0.0049];10893.13499;800),(356244.18139;[0.9397];[-0.0103];11165.81485;[0.9452];[-0.0048];10993.57966;800),(356710.13951;[0.941];[-0.009];11167.90408;[0.9468];[-0.0032];10997.12267;800),(357260.57982;[0.9517];[0.0017];11145.90030;[0.9541];[0.0041];10985.41902;800),(357828.60160;[0.9467];[-0.0033];11162.87065;[0.9511];[0.0011];10997.12746;800),(358344.01417;[0.9474];[-0.0026];11154.94428;[0.9516];[0.0016];10991.70834;800),(358842.19456;[0.9469];[-0.0031];11148.34134;[0.9511];[0.0011];10985.69059;800),(359349.06077;[0.9491];[-0.0009];11147.26734;[0.953];[0.003];10985.02108;800),(360264.58430;[0.9481];[-0.0019];11144.90257;[0.9521];[0.0021];10982.45461;800),(360818.99071;[0.9523];[0.0023];11146.82261;[0.9549];[0.0049];10985.91413;800),(361308.33983;[0.9488];[-0.0012];11144.00631;[0.9523];[0.0023];10982.57100;800),(361754.70018;[0.9488];[-0.0012];11144.00631;[0.9523];[0.0023];10982.57100;800),(362276.14284;[0.9488];[-0.0012];11144.00631;[0.9523];[0.0023];10982.57100;800),(362680.65596;[0.9488];[-0.0012];11144.00631;[0.9523];[0.0023];10982.57100;800),(363179.07882;[0.9488];[-0.0012];11144.00631;[0.9523];[0.0023];10982.57100;800),(500250.56863;[0.7863];[-0.1637];11608.21260;[0.7836];[-0.1664];11341.52096;1600),(571946.46978;[0.7863];[-0.1637];11608.21260;[0.7836];[-0.1664];11341.52096;1600)]"
3,3,8017.260628046344,[0.9712],[0.0212],619116.8687343597,"[(29598.25969;[0.8998];[-0.0502];8395.00427;[0.901];[-0.049];8379.77296;100),(40179.85582;[0.8998];[-0.0502];8395.00427;[0.901];[-0.049];8379.77296;100),(44797.41383;[0.8998];[-0.0502];8395.00427;[0.901];[-0.049];8379.77296;100),(50207.18789;[0.8998];[-0.0502];8395.00427;[0.901];[-0.049];8379.77296;100),(55593.04738;[0.8998];[-0.0502];8395.00427;[0.901];[-0.049];8379.77296;100),(59920.10260;[0.8998];[-0.0502];8395.00427;[0.901];[-0.049];8379.77296;100),(62003.06559;[0.9552];[0.0052];7801.11425;[0.9547];[0.0047];7789.34708;100),(63193.92586;[0.9169];[-0.0331];8265.23844;[0.918];[-0.032];8251.33119;100),(64358.21843;[0.9621];[0.0121];7956.99316;[0.962];[0.012];7945.91404;100),(65677.94180;[0.9776];[0.0276];8011.87492;[0.9754];[0.0254];8001.59581;100),(68574.74828;[0.9129];[-0.0371];8110.44025;[0.9147];[-0.0353];8096.40321;100),(69473.94967;[0.9749];[0.0249];8023.89760;[0.9739];[0.0239];8013.59760;100),(70303.32541;[0.9098];[-0.0402];8042.47159;[0.9109];[-0.0391];8028.32049;100),(72617.28573;[0.9744];[0.0244];8025.81932;[0.9732];[0.0232];8015.43953;100),(74588.73653;[0.9861];[0.0361];8027.68021;[0.9866];[0.0366];8018.15022;100),(76928.24101;[0.9093];[-0.0407];8034.21149;[0.9105];[-0.0395];8020.08917;100),(80258.68034;[0.9721];[0.0221];8027.83313;[0.9712];[0.0212];8017.26063;100),(82291.48984;[0.9721];[0.0221];8027.83313;[0.9712];[0.0212];8017.26063;100),(84674.88956;[0.9721];[0.0221];8027.83313;[0.9712];[0.0212];8017.26063;100),(86480.21245;[0.9098];[-0.0402];8034.22569;[0.911];[-0.039];8020.11965;100),(90346.21549;[0.9721];[0.0221];8027.83313;[0.9712];[0.0212];8017.26063;100),(112563.70544;[0.9429];[-0.0071];8372.42765;[0.9431];[-0.0069];8361.42651;200),(122078.39108;[0.9429];[-0.0071];8372.42765;[0.9431];[-0.0069];8361.42651;200),(130629.59909;[0.9429];[-0.0071];8372.42765;[0.9431];[-0.0069];8361.42651;200),(139839.31279;[0.9429];[-0.0071];8372.42765;[0.9431];[-0.0069];8361.42651;200),(148285.90512;[0.9429];[-0.0071];8372.42765;[0.9431];[-0.0069];8361.42651;200),(157417.83094;[0.9429];[-0.0071];8372.42765;[0.9431];[-0.0069];8361.42651;200),(159867.90800;[0.9587];[0.0087];7772.20529;[0.9583];[0.0083];7760.80263;200),(160477.60320;[0.9111];[-0.0389];8147.41629;[0.9123];[-0.0377];8133.58967;200),(161165.40980;[0.9767];[0.0267];7926.06961;[0.9743];[0.0243];7915.92648;200),(163866.43744;[0.9924];[0.0424];7981.46687;[0.992];[0.042];7972.11191;200),(165098.54722;[1.];[0.05];7991.63920;[1.];[0.05];7984.03280;200),(166136.73353;[0.9998];[0.0498];8015.74114;[0.9998];[0.0498];8007.25705;200),(166830.64413;[0.9999];[0.0499];8018.84450;[0.9999];[0.0499];8010.98234;200),(169351.39203;[0.9151];[-0.0349];8110.65254;[0.9161];[-0.0339];8097.20931;200),(170066.16688;[0.9069];[-0.0431];8099.20766;[0.9087];[-0.0413];8085.24796;200),(173002.55680;[0.9999];[0.0499];8021.15632;[0.9999];[0.0499];8013.07312;200),(175263.74888;[0.9072];[-0.0428];8093.64091;[0.9089];[-0.0411];8079.73225;200),(176080.86181;[0.9093];[-0.0407];8089.34990;[0.9118];[-0.0382];8075.60303;200),(179432.24978;[0.9089];[-0.0411];8087.72537;[0.9114];[-0.0386];8073.97050;200),(182134.24349;[0.9089];[-0.0411];8087.72537;[0.9114];[-0.0386];8073.97050;200),(184912.90903;[0.9999];[0.0499];8021.15632;[0.9999];[0.0499];8013.07312;200),(217684.45611;[0.8986];[-0.0514];8355.11007;[0.9003];[-0.0497];8321.37813;400),(235675.50945;[0.8986];[-0.0514];8355.11007;[0.9003];[-0.0497];8321.37813;400),(254971.16446;[0.8986];[-0.0514];8355.11007;[0.9003];[-0.0497];8321.37813;400),(274353.49131;[0.8986];[-0.0514];8355.11007;[0.9003];[-0.0497];8321.37813;400),(291973.49215;[0.8986];[-0.0514];8355.11007;[0.9003];[-0.0497];8321.37813;400),(309565.84311;[0.8986];[-0.0514];8355.11007;[0.9003];[-0.0497];8321.37813;400),(326155.74002;[0.8973];[-0.0527];8362.25317;[0.8983];[-0.0517];8331.99943;400),(327238.16419;[0.9552];[0.0052];7631.06876;[0.955];[0.005];7619.06948;400),(329045.52960;[0.982];[0.032];7965.35114;[0.9812];[0.0312];7950.18591;400),(329551.19252;[0.9161];[-0.0339];8313.87984;[0.9175];[-0.0325];8293.10708;400),(333072.73889;[0.9135];[-0.0365];8200.36065;[0.9145];[-0.0355];8185.40392;400),(336373.87872;[0.9781];[0.0281];7981.37618;[0.9754];[0.0254];7965.84316;400),(339639.74071;[0.9089];[-0.0411];8106.66985;[0.9114];[-0.0386];8091.73804;400),(341357.83434;[0.9771];[0.0271];7987.02593;[0.9752];[0.0252];7971.58953;400),(345519.42968;[0.9049];[-0.0451];8079.35575;[0.9061];[-0.0439];8065.32202;400),(347061.54704;[0.9007];[-0.0493];8054.82947;[0.9031];[-0.0469];8039.51091;400),(350527.58026;[0.9771];[0.0271];7987.02593;[0.9752];[0.0252];7971.58953;400),(354436.01799;[0.9771];[0.0271];7987.02593;[0.9752];[0.0252];7971.58953;400),(357874.68195;[0.9007];[-0.0493];8050.79109;[0.9028];[-0.0472];8035.48611;400),(362456.46048;[0.974];[0.024];7994.94607;[0.9726];[0.0226];7979.54899;400),(365593.10937;[0.9771];[0.0271];7987.91839;[0.975];[0.025];7972.39105;400),(368843.28580;[0.9007];[-0.0493];8055.33927;[0.9028];[-0.0472];8040.83209;400),(437295.73417;[0.8943];[-0.0557];8388.78940;[0.8948];[-0.0552];8367.79082;800),(473343.92166;[0.8943];[-0.0557];8388.78940;[0.8948];[-0.0552];8367.79082;800),(514460.36530;[0.8943];[-0.0557];8388.78940;[0.8948];[-0.0552];8367.79082;800),(550238.87753;[0.8943];[-0.0557];8388.78940;[0.8948];[-0.0552];8367.79082;800),(584455.45721;[0.8943];[-0.0557];8388.78940;[0.8948];[-0.0552];8367.79082;800)]"
3,4,7350.656341264901,[0.9879],[0.0379],641574.0673542023,"[(30997.18714;[0.9019];[-0.0481];8495.47124;[0.9012];[-0.0488];8374.48500;100),(40575.32763;[0.9029];[-0.0471];8495.54011;[0.9027];[-0.0473];8374.90838;100),(58035.20250;[0.9274];[-0.0226];8490.50424;[0.9271];[-0.0229];8376.79807;200),(68242.61403;[0.9274];[-0.0226];8490.50424;[0.9271];[-0.0229];8376.79807;200),(77901.97277;[0.9274];[-0.0226];8490.50424;[0.9271];[-0.0229];8376.79807;200),(88414.37697;[0.9274];[-0.0226];8490.50424;[0.9271];[-0.0229];8376.79807;200),(97444.55576;[0.9274];[-0.0226];8490.50424;[0.9271];[-0.0229];8376.79807;200),(106219.22803;[0.9274];[-0.0226];8490.50424;[0.9271];[-0.0229];8376.79807;200),(108935.34946;[0.948];[-0.002];7832.63841;[0.9498];[-0.0002];7738.82905;200),(109981.55713;[0.9813];[0.0313];7227.47840;[0.9803];[0.0303];7152.42339;200),(111358.95586;[0.9938];[0.0438];7385.40400;[0.9932];[0.0432];7309.64127;200),(113933.87985;[0.9485];[-0.0015];7639.66199;[0.9497];[-0.0003];7550.27490;200),(116623.86322;[0.9986];[0.0486];7411.46185;[0.998];[0.048];7335.89295;200),(117361.37271;[0.9413];[-0.0087];7543.70632;[0.9432];[-0.0068];7454.09978;200),(118004.14085;[0.9318];[-0.0182];7476.34527;[0.9331];[-0.0169];7385.44317;200),(118721.17233;[1.];[0.05];7411.67152;[1.];[0.05];7339.59041;200),(119445.89782;[0.932];[-0.018];7452.36987;[0.9336];[-0.0164];7361.93771;200),(120182.81984;[0.932];[-0.018];7445.60654;[0.9335];[-0.0165];7355.24258;200),(120870.15319;[1.];[0.05];7413.06941;[1.];[0.05];7340.91024;200),(121334.78141;[1.];[0.05];7413.06941;[1.];[0.05];7340.91024;200),(121848.18673;[1.];[0.05];7413.06941;[1.];[0.05];7340.91024;200),(122371.20628;[0.932];[-0.018];7444.87390;[0.9335];[-0.0165];7354.53707;200),(123152.60386;[1.];[0.05];7413.06941;[1.];[0.05];7340.91024;200),(154170.80879;[0.7712];[-0.1788];8679.41638;[0.7639];[-0.1861];8552.33657;400),(219741.96887;[0.7689];[-0.1811];8694.61411;[0.7621];[-0.1879];8556.29751;800),(254545.30048;[0.7689];[-0.1811];8694.61411;[0.7621];[-0.1879];8556.29751;800),(295811.46765;[0.7771];[-0.1729];8674.28470;[0.7698];[-0.1802];8539.86271;800),(332815.10973;[0.8905];[-0.0595];8515.04330;[0.8896];[-0.0604];8389.66188;800),(369415.70783;[0.8905];[-0.0595];8515.04330;[0.8896];[-0.0604];8389.66188;800),(404097.28312;[0.8905];[-0.0595];8515.04330;[0.8896];[-0.0604];8389.66188;800),(437790.26699;[0.8905];[-0.0595];8515.04330;[0.8896];[-0.0604];8389.66188;800),(470828.25089;[0.8972];[-0.0528];8510.72465;[0.896];[-0.054];8387.32126;800),(473290.55882;[0.926];[-0.024];7457.47282;[0.9264];[-0.0236];7364.72745;800),(474668.34950;[0.9806];[0.0306];7003.62502;[0.9788];[0.0288];6932.26728;800),(478721.60482;[0.9777];[0.0277];7298.52438;[0.9774];[0.0274];7221.41141;800),(481593.52779;[0.9709];[0.0209];7374.40500;[0.9716];[0.0216];7292.91932;800),(482411.40032;[0.9948];[0.0448];7401.84550;[0.994];[0.044];7325.77444;800),(485806.07581;[0.9925];[0.0425];7416.48186;[0.9917];[0.0417];7338.96889;800),(487988.06238;[0.9889];[0.0389];7427.81475;[0.9892];[0.0392];7347.16260;800),(491054.77166;[0.9883];[0.0383];7430.50548;[0.9882];[0.0382];7349.58649;800),(491881.76680;[0.9262];[-0.0238];7429.98487;[0.9266];[-0.0234];7337.76314;800),(494016.01529;[0.9881];[0.0381];7431.65370;[0.9879];[0.0379];7350.65634;800),(494771.78288;[0.926];[-0.024];7426.90794;[0.9265];[-0.0235];7334.69323;800),(497217.17262;[0.9881];[0.0381];7431.65370;[0.9879];[0.0379];7350.65634;800),(499496.39487;[0.9881];[0.0381];7431.65370;[0.9879];[0.0379];7350.65634;800),(501748.98458;[0.926];[-0.024];7424.72392;[0.9265];[-0.0235];7332.53975;800),(506044.64173;[0.9881];[0.0381];7431.65370;[0.9879];[0.0379];7350.65634;800)]"
3,5,8359.50772185724,[0.9566],[0.0066],655832.5371742249,"[(31006.29902;[0.773];[-0.177];8481.12240;[0.7691];[-0.1809];8552.76376;100),(40366.44149;[0.773];[-0.177];8481.12240;[0.7691];[-0.1809];8552.76376;100),(45649.83249;[0.773];[-0.177];8481.12240;[0.7691];[-0.1809];8552.76376;100),(52421.38672;[0.7734];[-0.1766];8483.63750;[0.7693];[-0.1807];8555.29473;100),(57336.08127;[0.7734];[-0.1766];8483.63750;[0.7693];[-0.1807];8555.29473;100),(62714.27727;[0.7734];[-0.1766];8483.63750;[0.7693];[-0.1807];8555.29473;100),(63516.15906;[0.9204];[-0.0296];8191.92727;[0.9193];[-0.0307];8231.79596;100),(64458.13966;[1.];[0.05];7251.73247;[1.];[0.05];7279.65994;100),(65502.76899;[0.9525];[0.0025];7805.27731;[0.9515];[0.0015];7838.97169;100),(66887.97045;[0.9986];[0.0486];7895.43976;[0.9986];[0.0486];7932.13393;100),(69757.21574;[1.];[0.05];7940.68725;[1.];[0.05];7978.90245;100),(72242.57994;[0.909];[-0.041];8049.39214;[0.906];[-0.044];8089.01274;100),(76740.59963;[1.];[0.05];7951.84915;[1.];[0.05];7989.97078;100),(77865.48138;[1.];[0.05];7959.68932;[1.];[0.05];7997.80364;100),(81040.35950;[1.];[0.05];7955.20477;[1.];[0.05];7993.96120;100),(83845.34621;[1.];[0.05];7960.99703;[1.];[0.05];7999.21769;100),(86230.84497;[0.908];[-0.042];8040.32092;[0.9054];[-0.0446];8079.91204;100),(89031.58116;[1.];[0.05];7962.29683;[1.];[0.05];8000.53753;100),(91371.35267;[1.];[0.05];7962.29683;[1.];[0.05];8000.53753;100),(93880.21135;[0.9066];[-0.0434];8039.08808;[0.9035];[-0.0465];8078.68189;100),(97133.24475;[1.];[0.05];7962.29683;[1.];[0.05];8000.53753;100),(100113.67416;[0.9066];[-0.0434];8039.08808;[0.9035];[-0.0465];8078.68189;100),(116578.24516;[0.7763];[-0.1737];8480.67347;[0.7744];[-0.1756];8551.13723;200),(125206.45261;[0.7763];[-0.1737];8480.67347;[0.7744];[-0.1756];8551.13723;200),(133332.29351;[0.7763];[-0.1737];8480.67347;[0.7744];[-0.1756];8551.13723;200),(142366.28222;[0.7763];[-0.1737];8480.67347;[0.7744];[-0.1756];8551.13723;200),(151565.01842;[0.7763];[-0.1737];8480.67347;[0.7744];[-0.1756];8551.13723;200),(159718.73140;[0.7763];[-0.1737];8480.67347;[0.7744];[-0.1756];8551.13723;200),(160339.71334;[0.9224];[-0.0276];8238.95795;[0.9213];[-0.0287];8279.01080;200),(161737.35881;[1.];[0.05];7278.68522;[1.];[0.05];7307.35935;200),(163157.92847;[0.9466];[-0.0034];7842.14479;[0.9469];[-0.0031];7876.09059;200),(164239.93444;[0.9548];[0.0048];7660.45639;[0.9546];[0.0046];7692.55381;200),(165782.44877;[0.953];[0.003];7765.72306;[0.9528];[0.0028];7798.92748;200),(166763.22079;[0.9509];[0.0009];7805.81594;[0.9497];[-0.0003];7839.52229;200),(167390.21754;[0.9512];[0.0012];7822.94924;[0.9502];[0.0002];7856.81173;200),(169868.50071;[0.9501];[0.0001];7830.14176;[0.9494];[-0.0006];7864.00816;200),(171445.83344;[0.9469];[-0.0031];7838.72069;[0.9475];[-0.0025];7872.66991;200),(173324.89228;[0.9515];[0.0015];7831.88466;[0.9505];[0.0005];7865.93369;200),(175052.95849;[0.9473];[-0.0027];7836.71146;[0.9477];[-0.0023];7870.62931;200),(177738.64388;[0.9494];[-0.0006];7835.49109;[0.949];[-0.001];7869.62436;200),(179015.78975;[0.9494];[-0.0006];7835.49109;[0.949];[-0.001];7869.62436;200),(181044.23356;[0.9515];[0.0015];7831.88466;[0.9505];[0.0005];7865.93369;200),(182545.31574;[0.9515];[0.0015];7831.88466;[0.9505];[0.0005];7865.93369;200),(184107.41282;[0.9515];[0.0015];7831.88466;[0.9505];[0.0005];7865.93369;200),(215079.83232;[0.9009];[-0.0491];8340.16297;[0.8975];[-0.0525];8387.61645;400),(232199.31912;[0.9009];[-0.0491];8340.16297;[0.8975];[-0.0525];8387.61645;400),(248640.96665;[0.9009];[-0.0491];8340.16297;[0.8975];[-0.0525];8387.61645;400),(268331.28977;[0.9009];[-0.0491];8340.16297;[0.8975];[-0.0525];8387.61645;400),(285374.68433;[0.9009];[-0.0491];8340.16297;[0.8975];[-0.0525];8387.61645;400),(301837.60023;[0.9009];[-0.0491];8340.16297;[0.8975];[-0.0525];8387.61645;400),(317186.25069;[0.9009];[-0.0491];8340.16297;[0.8975];[-0.0525];8387.61645;400),(321092.22889;[0.9064];[-0.0436];7974.75213;[0.903];[-0.047];8014.11461;400),(323299.92843;[0.9822];[0.0322];7248.88395;[0.9776];[0.0276];7276.29614;400),(325058.80356;[0.953];[0.003];7765.72306;[0.9528];[0.0028];7798.92748;400),(326037.81080;[0.9411];[-0.0089];7887.01790;[0.9408];[-0.0092];7921.76387;400),(328387.42924;[0.9466];[-0.0034];7842.14479;[0.9469];[-0.0031];7876.09059;400),(329178.59530;[0.9509];[0.0009];7805.81594;[0.9497];[-0.0003];7839.52229;400),(329881.85525;[0.9491];[-0.0009];7822.80084;[0.9487];[-0.0013];7856.52733;400),(330613.52658;[0.949];[-0.001];7814.54788;[0.9488];[-0.0012];7848.25151;400),(331234.28822;[0.9467];[-0.0033];7811.14861;[0.947];[-0.003];7844.72233;400),(331893.68701;[0.9468];[-0.0032];7808.63002;[0.9472];[-0.0028];7842.29915;400),(332294.06452;[0.9468];[-0.0032];7808.63002;[0.9472];[-0.0028];7842.29915;400),(333230.32928;[0.9509];[0.0009];7805.81594;[0.9497];[-0.0003];7839.52229;400),(333719.60735;[0.9469];[-0.0031];7807.04709;[0.9472];[-0.0028];7840.70573;400),(334193.33029;[0.9469];[-0.0031];7807.04709;[0.9472];[-0.0028];7840.70573;400),(335124.94540;[0.9509];[0.0009];7805.81594;[0.9497];[-0.0003];7839.52229;400),(335784.64842;[0.9509];[0.0009];7805.81594;[0.9497];[-0.0003];7839.52229;400),(400808.40707;[0.9581];[0.0081];8314.04695;[0.9566];[0.0066];8359.50772;800),(425461.98702;[0.9581];[0.0081];8314.04695;[0.9566];[0.0066];8359.50772;800),(445442.23976;[0.9581];[0.0081];8314.04695;[0.9566];[0.0066];8359.50772;800),(466345.18981;[0.9581];[0.0081];8314.04695;[0.9566];[0.0066];8359.50772;800),(486446.06256;[0.9581];[0.0081];8314.04695;[0.9566];[0.0066];8359.50772;800),(504241.23001;[0.9581];[0.0081];8314.04695;[0.9566];[0.0066];8359.50772;800),(522711.39479;[0.9581];[0.0081];8314.04695;[0.9566];[0.0066];8359.50772;800),(541421.98706;[0.9581];[0.0081];8314.04695;[0.9566];[0.0066];8359.50772;800),(559569.07415;[0.9581];[0.0081];8314.04695;[0.9566];[0.0066];8359.50772;800),(577487.00547;[0.9581];[0.0081];8314.04695;[0.9566];[0.0066];8359.50772;800),(577842.00144;[0.9581];[0.0081];8314.04695;[0.9566];[0.0066];8359.50772;800),(578222.50009;[0.9581];[0.0081];8314.04695;[0.9566];[0.0066];8359.50772;800),(578551.21899;[0.9581];[0.0081];8314.04695;[0.9566];[0.0066];8359.50772;800),(578878.33762;[0.9581];[0.0081];8314.04695;[0.9566];[0.0066];8359.50772;800),(579207.67593;[0.9581];[0.0081];8314.04695;[0.9566];[0.0066];8359.50772;800),(579544.13414;[0.9581];[0.0081];8314.04695;[0.9566];[0.0066];8359.50772;800),(579946.94209;[0.9581];[0.0081];8314.04695;[0.9566];[0.0066];8359.50772;800),(580271.03138;[0.9581];[0.0081];8314.04695;[0.9566];[0.0066];8359.50772;800),(580618.76941;[0.9581];[0.0081];8314.04695;[0.9566];[0.0066];8359.50772;800),(580946.83075;[0.9581];[0.0081];8314.04695;[0.9566];[0.0066];8359.50772;800),(581271.95597;[0.9581];[0.0081];8314.04695;[0.9566];[0.0066];8359.50772;800),(581604.80380;[0.9581];[0.0081];8314.04695;[0.9566];[0.0066];8359.50772;800),(581932.68681;[0.9581];[0.0081];8314.04695;[0.9566];[0.0066];8359.50772;800),(582267.40193;[0.9581];[0.0081];8314.04695;[0.9566];[0.0066];8359.50772;800),(582594.50221;[0.9581];[0.0081];8314.04695;[0.9566];[0.0066];8359.50772;800),(582916.02969;[0.9581];[0.0081];8314.04695;[0.9566];[0.0066];8359.50772;800)]"
3,8,8409.625373904471,[0.7601],[-0.1899],708911.3392829895,"[(29264.86135;[0.4946];[-0.4554];8523.03030;[0.4833];[-0.4667];8275.84181;100),(39301.76377;[0.4945];[-0.4555];8522.83649;[0.4833];[-0.4667];8275.64796;100),(44681.07796;[0.4945];[-0.4555];8522.83649;[0.4833];[-0.4667];8275.64796;100),(49559.23438;[0.4945];[-0.4555];8522.83649;[0.4833];[-0.4667];8275.64796;100),(55466.35985;[0.4945];[-0.4555];8522.83649;[0.4833];[-0.4667];8275.64796;100),(60698.97890;[0.4945];[-0.4555];8522.83649;[0.4833];[-0.4667];8275.64796;100),(61185.78005;[0.7544];[-0.1956];8647.60536;[0.7451];[-0.2049];8448.34654;100),(79261.84845;[0.759];[-0.191];8748.40727;[0.7493];[-0.2007];8547.32046;200),(110965.72661;[0.4957];[-0.4543];8529.26578;[0.4842];[-0.4658];8291.22958;400),(129012.71009;[0.4957];[-0.4543];8529.26578;[0.4842];[-0.4658];8291.22958;400),(148023.29612;[0.4957];[-0.4543];8529.26578;[0.4842];[-0.4658];8291.22958;400),(164801.85032;[0.4957];[-0.4543];8529.26578;[0.4842];[-0.4658];8291.22958;400),(181351.11141;[0.4957];[-0.4543];8529.26578;[0.4842];[-0.4658];8291.22958;400),(198067.05952;[0.4957];[-0.4543];8529.26578;[0.4842];[-0.4658];8291.22958;400),(213297.27530;[0.4957];[-0.4543];8529.26578;[0.4842];[-0.4658];8291.22958;400),(214985.51679;[0.769];[-0.181];8595.17497;[0.7601];[-0.1899];8409.62537;400),(284161.75365;[0.7541];[-0.1959];8743.28272;[0.7448];[-0.2052];8531.00933;800),(421692.11459;[0.7524];[-0.1976];8748.06649;[0.7428];[-0.2072];8539.19368;1600)]"
3,10,7335.861452837945,[0.9584],[0.0084],656109.525680542,"[(35252.28381;[0.4885];[-0.4615];8526.94589;[0.479];[-0.471];8250.65848;100),(37112.93387;[0.4911];[-0.4589];8540.27750;[0.4816];[-0.4684];8264.90812;200),(37813.79008;[0.4901];[-0.4599];8535.94637;[0.4809];[-0.4691];8261.21242;400),(69678.05505;[0.4901];[-0.4599];8535.94637;[0.4809];[-0.4691];8261.21242;400),(87550.19069;[0.4901];[-0.4599];8535.94637;[0.4809];[-0.4691];8261.21242;400),(107464.46347;[0.4901];[-0.4599];8535.94637;[0.4809];[-0.4691];8261.21242;400),(125645.66970;[0.4901];[-0.4599];8535.94637;[0.4809];[-0.4691];8261.21242;400),(143474.35451;[0.4901];[-0.4599];8535.94637;[0.4809];[-0.4691];8261.21242;400),(162020.49637;[0.4901];[-0.4599];8535.94637;[0.4809];[-0.4691];8261.21242;400),(179847.60952;[0.4901];[-0.4599];8535.94637;[0.4809];[-0.4691];8261.21242;400),(181932.92165;[0.7769];[-0.1731];8428.60626;[0.7758];[-0.1742];8258.86280;400),(182999.80164;[0.9282];[-0.0218];7978.86422;[0.9347];[-0.0153];7878.01518;400),(183938.66396;[0.9746];[0.0246];7231.56187;[0.975];[0.025];7161.19521;400),(185553.58124;[0.923];[-0.027];7521.51468;[0.9291];[-0.0209];7431.58635;400),(186450.27447;[0.9636];[0.0136];7349.15381;[0.9642];[0.0142];7271.14762;400),(187753.54600;[0.9586];[0.0086];7390.64660;[0.9603];[0.0103];7308.16620;400),(190915.31396;[0.9566];[0.0066];7410.08037;[0.9587];[0.0087];7326.89204;400),(193866.37402;[0.9543];[0.0043];7418.76243;[0.9569];[0.0069];7334.52342;400),(195843.14942;[0.9244];[-0.0256];7464.94606;[0.9297];[-0.0203];7376.14367;400),(198845.93606;[0.9212];[-0.0288];7426.35081;[0.9266];[-0.0234];7337.76314;400),(202830.94931;[0.9565];[0.0065];7420.42607;[0.9584];[0.0084];7335.86145;400),(204622.56646;[0.92];[-0.03];7422.09352;[0.9262];[-0.0238];7333.44141;400),(208762.53700;[0.9544];[0.0044];7418.02605;[0.9565];[0.0065];7333.36405;400),(211521.41452;[0.9537];[0.0037];7418.93349;[0.956];[0.006];7333.63016;400),(213868.51311;[0.9537];[0.0037];7418.93349;[0.956];[0.006];7333.63016;400),(216545.33839;[0.9537];[0.0037];7418.93349;[0.956];[0.006];7333.63016;400),(218244.00902;[0.9199];[-0.0301];7420.08700;[0.9261];[-0.0239];7331.46291;400),(283729.89583;[0.7513];[-0.1987];8738.77349;[0.7472];[-0.2028];8545.59816;800),(425011.39235;[0.7606];[-0.1894];8741.91785;[0.7583];[-0.1917];8555.76291;1600),(499069.31353;[0.7606];[-0.1894];8741.91785;[0.7583];[-0.1917];8555.76291;1600),(576404.00553;[0.7606];[-0.1894];8741.91785;[0.7583];[-0.1917];8555.76291;1600)]"
3,9,8381.918063390058,[0.8981],[-0.0519],689117.3467636108,"[(31361.93252;[0.5961];[-0.3539];8344.46880;[0.592];[-0.358];8405.50968;100),(44180.11951;[0.596];[-0.354];8344.60000;[0.592];[-0.358];8405.64057;100),(50182.23906;[0.596];[-0.354];8344.60000;[0.592];[-0.358];8405.64057;100),(55822.03865;[0.596];[-0.354];8344.60000;[0.592];[-0.358];8405.64057;100),(60900.31481;[0.596];[-0.354];8344.60000;[0.592];[-0.358];8405.64057;100),(65055.47547;[0.596];[-0.354];8344.60000;[0.592];[-0.358];8405.64057;100),(67491.81628;[0.7885];[-0.1615];8201.75800;[0.7855];[-0.1645];8226.74997;100),(84606.66609;[0.5047];[-0.4453];8205.48798;[0.4941];[-0.4559];8302.23251;200),(93594.39445;[0.5047];[-0.4453];8205.48798;[0.4941];[-0.4559];8302.23251;200),(102203.23873;[0.6041];[-0.3459];8356.10434;[0.6007];[-0.3493];8416.43481;200),(111744.39836;[0.6041];[-0.3459];8356.10434;[0.6007];[-0.3493];8416.43481;200),(121281.42929;[0.6041];[-0.3459];8356.10434;[0.6007];[-0.3493];8416.43481;200),(129264.93859;[0.6041];[-0.3459];8356.10434;[0.6007];[-0.3493];8416.43481;200),(131557.30700;[0.8993];[-0.0507];8388.74415;[0.8981];[-0.0519];8381.91806;200),(166471.41409;[0.7749];[-0.1751];8530.52628;[0.7691];[-0.1809];8555.52542;400),(242686.95331;[0.7714];[-0.1786];8530.87208;[0.7658];[-0.1842];8555.67845;800),(382793.96749;[0.7705];[-0.1795];8530.27205;[0.7651];[-0.1849];8554.90921;1600)]"
4,1,4604.087535965211,[0.9719],[0.0219],606011.1672878265,"[(32374.15028;[0.5248];[-0.4252];6333.95814;[0.5192];[-0.4308];6291.85519;100),(41563.38406;[0.5248];[-0.4252];6333.95814;[0.5192];[-0.4308];6291.85519;100),(47141.78634;[0.525];[-0.425];6334.44910;[0.5191];[-0.4309];6292.45440;100),(52334.20634;[0.525];[-0.425];6334.44910;[0.5191];[-0.4309];6292.45440;100),(57707.62396;[0.525];[-0.425];6334.44910;[0.5191];[-0.4309];6292.45440;100),(62342.17191;[0.525];[-0.425];6334.44910;[0.5191];[-0.4309];6292.45440;100),(64107.19872;[0.7927];[-0.1573];5844.56246;[0.791];[-0.159];5826.13556;100),(66456.11048;[0.8915];[-0.0585];4535.85021;[0.8947];[-0.0553];4530.46481;100),(67704.45919;[0.9368];[-0.0132];4281.95063;[0.9375];[-0.0125];4278.47733;100),(68552.21224;[0.8737];[-0.0763];4134.23567;[0.8763];[-0.0737];4130.92427;100),(70812.17861;[0.7444];[-0.2056];3956.67021;[0.7442];[-0.2058];3953.65801;100),(71735.26812;[0.6852];[-0.2648];3877.69766;[0.6847];[-0.2653];3874.77081;100),(73257.42555;[0.6674];[-0.2826];3844.84964;[0.6669];[-0.2831];3842.09661;100),(75084.98740;[0.6657];[-0.2843];3839.01413;[0.6661];[-0.2839];3836.33067;100),(77567.63172;[0.6431];[-0.3069];3802.08097;[0.6407];[-0.3093];3799.55607;100),(78693.57514;[0.6429];[-0.3071];3799.51182;[0.64];[-0.31];3797.03620;100),(84606.11105;[0.7273];[-0.2227];6384.29728;[0.7273];[-0.2227];6357.21620;100),(90552.33192;[0.9695];[0.0195];4609.45483;[0.9719];[0.0219];4604.08754;100),(95563.15351;[0.8413];[-0.1087];5403.57617;[0.8413];[-0.1087];5390.13439;100),(102569.15498;[0.8346];[-0.1154];5230.18906;[0.8349];[-0.1151];5217.77906;100),(108537.18328;[0.8242];[-0.1258];5005.30432;[0.8235];[-0.1265];4994.11879;100),(111180.75657;[0.8944];[-0.0556];4508.68888;[0.8977];[-0.0523];4503.56238;100),(113976.55582;[0.9564];[0.0064];4360.33146;[0.9576];[0.0076];4356.62869;100),(114932.15537;[0.9107];[-0.0393];4438.69214;[0.9127];[-0.0373];4434.10362;100),(117037.71162;[0.9587];[0.0087];4400.52568;[0.9603];[0.0103];4396.59440;100),(118486.35793;[0.915];[-0.035];4418.76725;[0.9159];[-0.0341];4414.30819;100),(120136.20472;[0.9198];[-0.0302];4410.99761;[0.9201];[-0.0299];4406.65655;100),(122334.15890;[0.9241];[-0.0259];4405.46366;[0.9253];[-0.0247];4401.19528;100),(124995.02707;[0.9584];[0.0084];4402.93683;[0.9586];[0.0086];4399.01758;100),(126664.03818;[0.9213];[-0.0287];4404.22471;[0.9235];[-0.0265];4399.95414;100),(127923.62046;[0.9213];[-0.0287];4404.22471;[0.9235];[-0.0265];4399.95414;100),(130459.73682;[0.9345];[-0.0155];4402.06792;[0.9352];[-0.0148];4397.92245;100),(132820.23191;[0.9584];[0.0084];4402.93683;[0.9586];[0.0086];4399.01758;100),(134160.82120;[0.9345];[-0.0155];4402.06792;[0.9352];[-0.0148];4397.92245;100),(138589.97989;[0.7273];[-0.2227];6384.29728;[0.7273];[-0.2227];6357.21620;100),(144887.33983;[0.8481];[-0.1019];5366.76802;[0.847];[-0.103];5353.83382;100),(153516.23583;[0.8678];[-0.0822];4559.07192;[0.8695];[-0.0805];4553.14902;100),(161684.21578;[0.9258];[-0.0242];4432.79557;[0.9273];[-0.0227];4428.38145;100),(169854.02274;[0.9214];[-0.0286];4374.75746;[0.9229];[-0.0271];4370.58701;100),(171181.12683;[0.9405];[-0.0095];4310.76018;[0.9407];[-0.0093];4307.19266;100),(173931.55098;[0.9461];[-0.0039];4265.45856;[0.9464];[-0.0036];4262.13365;100),(176798.24185;[0.9088];[-0.0412];4221.29165;[0.9106];[-0.0394];4217.86227;100),(177482.58901;[0.9191];[-0.0309];4197.43983;[0.9209];[-0.0291];4194.25940;100),(180155.08389;[0.873];[-0.077];4148.49208;[0.8782];[-0.0718];4145.23867;100),(187820.83130;[0.8719];[-0.0781];4147.48822;[0.877];[-0.073];4144.28705;100),(188161.13210;[0.8719];[-0.0781];4147.48822;[0.877];[-0.073];4144.28705;100),(204087.34274;[0.7487];[-0.2013];6385.89913;[0.7469];[-0.2031];6360.21472;200),(212476.09329;[0.7487];[-0.2013];6385.89913;[0.7469];[-0.2031];6360.21472;200),(220993.64686;[0.7487];[-0.2013];6385.89913;[0.7469];[-0.2031];6360.21472;200),(229091.94922;[0.7487];[-0.2013];6385.89913;[0.7469];[-0.2031];6360.21472;200),(237280.64036;[0.7487];[-0.2013];6385.89913;[0.7469];[-0.2031];6360.21472;200),(244596.78745;[0.7487];[-0.2013];6385.89913;[0.7469];[-0.2031];6360.21472;200),(245562.72006;[0.7955];[-0.1545];5914.77555;[0.7949];[-0.1551];5895.58372;200),(246976.79186;[0.8865];[-0.0635];4548.71105;[0.8906];[-0.0594];4543.13174;200),(247713.60898;[0.9493];[-0.0007];4303.63582;[0.9492];[-0.0008];4300.17473;200),(248772.89701;[0.9113];[-0.0387];4173.24161;[0.9117];[-0.0383];4170.20459;200),(250181.45943;[0.8277];[-0.1223];4050.81723;[0.8288];[-0.1212];4047.83435;200),(250686.05828;[0.6852];[-0.2648];3877.69766;[0.6847];[-0.2653];3874.77081;200),(251989.78496;[0.6674];[-0.2826];3844.84964;[0.6669];[-0.2831];3842.09661;200),(252899.99890;[0.6644];[-0.2856];3840.42433;[0.6648];[-0.2852];3837.69829;200),(253575.65236;[0.6657];[-0.2843];3839.01413;[0.6661];[-0.2839];3836.33067;200),(254382.50113;[0.6609];[-0.2891];3834.11473;[0.6615];[-0.2885];3831.42446;200),(263488.57570;[0.7487];[-0.2013];6385.89913;[0.7469];[-0.2031];6360.21472;200),(274132.59816;[0.8294];[-0.1206];5267.45948;[0.8285];[-0.1215];5254.69914;200),(286111.66334;[0.8977];[-0.0523];4500.73957;[0.9001];[-0.0499];4495.65770;200),(294142.04144;[0.9231];[-0.0269];4310.63002;[0.9243];[-0.0257];4306.80403;200),(302226.30119;[0.8702];[-0.0798];4103.68374;[0.8737];[-0.0763];4100.63130;200),(329075.68932;[0.7487];[-0.2013];6385.89913;[0.7469];[-0.2031];6360.21472;200),(342225.54398;[0.8196];[-0.1304];5298.85165;[0.8191];[-0.1309];5285.41996;200),(354896.34180;[0.8749];[-0.0751];4520.39180;[0.8795];[-0.0705];4514.85492;200),(364379.17781;[0.9134];[-0.0366];4349.70276;[0.9166];[-0.0334];4345.58520;200),(373251.18303;[0.9131];[-0.0369];4203.08055;[0.9155];[-0.0345];4199.79892;200),(383524.53947;[0.7949];[-0.1551];4006.60866;[0.7938];[-0.1562];4003.68161;200),(384241.31989;[0.6833];[-0.2667];3875.81963;[0.6819];[-0.2681];3872.87601;200),(386270.05553;[0.6657];[-0.2843];3840.42536;[0.6663];[-0.2837];3837.72877;200),(387195.24360;[0.6657];[-0.2843];3839.01413;[0.6661];[-0.2839];3836.33067;200),(387605.15642;[0.6657];[-0.2843];3839.01413;[0.6661];[-0.2839];3836.33067;200),(395823.13061;[0.7487];[-0.2013];6385.89913;[0.7469];[-0.2031];6360.21472;200),(406515.83171;[0.8296];[-0.1204];5269.42504;[0.8289];[-0.1211];5256.69760;200),(418867.18893;[0.8909];[-0.0591];4511.30331;[0.8953];[-0.0547];4506.13033;200),(426865.69285;[0.9207];[-0.0293];4330.51276;[0.9222];[-0.0278];4326.61504;200),(437331.13194;[0.8726];[-0.0774];4164.45209;[0.8763];[-0.0737];4161.02121;200),(455956.95901;[0.7807];[-0.1693];4027.11749;[0.7805];[-0.1695];4023.83137;200),(457404.47736;[0.6858];[-0.2642];3880.71515;[0.6862];[-0.2638];3877.75027;200),(458151.13997;[0.6657];[-0.2843];3839.01413;[0.6661];[-0.2839];3836.33067;200),(467016.09468;[0.7487];[-0.2013];6385.89913;[0.7469];[-0.2031];6360.21472;200),(479252.01726;[0.8256];[-0.1244];5272.15217;[0.8237];[-0.1263];5259.23447;200),(491885.08677;[0.8909];[-0.0591];4511.30331;[0.8953];[-0.0547];4506.13033;200),(500388.50403;[0.936];[-0.014];4331.39848;[0.9359];[-0.0141];4327.61534;200),(511150.00677;[0.8786];[-0.0714];4171.13929;[0.8835];[-0.0665];4167.73864;200),(529959.65791;[0.8285];[-0.1215];4043.85557;[0.8304];[-0.1196];4040.94938;200),(530587.33058;[0.7007];[-0.2493];3916.95141;[0.7011];[-0.2489];3913.72789;200),(532037.03761;[0.6657];[-0.2843];3839.01413;[0.6661];[-0.2839];3836.33067;200),(534133.92806;[0.6657];[-0.2843];3839.01413;[0.6661];[-0.2839];3836.33067;200),(541765.97142;[0.7487];[-0.2013];6385.89913;[0.7469];[-0.2031];6360.21472;200),(553110.70418;[0.824];[-0.126];5257.82062;[0.822];[-0.128];5244.94756;200),(565593.93740;[0.8977];[-0.0523];4500.73957;[0.9001];[-0.0499];4495.65770;200),(574762.01630;[0.936];[-0.014];4331.39848;[0.9359];[-0.0141];4327.61534;200),(586089.01429;[0.8762];[-0.0738];4174.51579;[0.8807];[-0.0693];4171.05417;200),(595287.61840;[0.6657];[-0.2843];3839.01413;[0.6661];[-0.2839];3836.33067;200)]"
3,7,7829.3085340057905,[0.9507],[0.0007],752700.9015083313,"[(31658.16212;[0.7536];[-0.1964];8507.27107;[0.7536];[-0.1964];8507.27107;100),(41458.41312;[0.7541];[-0.1959];8510.52392;[0.7541];[-0.1959];8510.52392;100),(61346.05384;[0.7645];[-0.1855];8529.33462;[0.7645];[-0.1855];8529.33462;200),(103359.50327;[0.7668];[-0.1832];8542.44389;[0.7668];[-0.1832];8542.44389;400),(172461.70974;[0.8961];[-0.0539];8387.39136;[0.8961];[-0.0539];8387.39136;800),(209325.36697;[0.8961];[-0.0539];8387.39136;[0.8961];[-0.0539];8387.39136;800),(248637.07256;[0.8961];[-0.0539];8387.39136;[0.8961];[-0.0539];8387.39136;800),(291631.27065;[0.8961];[-0.0539];8387.39136;[0.8961];[-0.0539];8387.39136;800),(330940.20867;[0.8961];[-0.0539];8387.39136;[0.8961];[-0.0539];8387.39136;800),(367844.67316;[0.8961];[-0.0539];8387.39136;[0.8961];[-0.0539];8387.39136;800),(402256.47855;[0.8961];[-0.0539];8387.39136;[0.8961];[-0.0539];8387.39136;800),(436590.32917;[0.8961];[-0.0539];8387.39136;[0.8961];[-0.0539];8387.39136;800),(437336.61723;[0.9174];[-0.0326];8201.43331;[0.9174];[-0.0326];8201.43331;800),(438130.56111;[0.973];[0.023];7292.02636;[0.973];[0.023];7292.02636;800),(438949.03946;[0.9493];[-0.0007];7843.12638;[0.9493];[-0.0007];7843.12638;800),(439632.02786;[0.955];[0.005];7631.16286;[0.955];[0.005];7631.16286;800),(441613.78741;[0.9534];[0.0034];7753.67273;[0.9534];[0.0034];7753.67273;800),(443004.05359;[0.9504];[0.0004];7804.84219;[0.9504];[0.0004];7804.84219;800),(443413.85603;[0.9501];[0.0001];7825.84624;[0.9501];[0.0001];7825.84624;800),(444051.90754;[0.9478];[-0.0022];7834.19907;[0.9478];[-0.0022];7834.19907;800),(444778.24688;[0.9502];[0.0002];7828.79237;[0.9502];[0.0002];7828.79237;800),(445683.92110;[0.9497];[-0.0003];7830.05491;[0.9497];[-0.0003];7830.05491;800),(446715.63125;[0.9485];[-0.0015];7828.68580;[0.9485];[-0.0015];7828.68580;800),(447752.25067;[0.9502];[0.0002];7828.79237;[0.9502];[0.0002];7828.79237;800),(448477.46730;[0.9507];[0.0007];7829.30853;[0.9507];[0.0007];7829.30853;800),(449432.40595;[0.9507];[0.0007];7829.30853;[0.9507];[0.0007];7829.30853;800),(450396.55089;[0.9507];[0.0007];7829.30853;[0.9507];[0.0007];7829.30853;800),(451354.86007;[0.9507];[0.0007];7829.30853;[0.9507];[0.0007];7829.30853;800),(590781.79836;[0.7694];[-0.1806];8555.32052;[0.7694];[-0.1806];8555.32052;1600)]"
4,2,4300.0476252230765,[0.8742],[-0.0758],612684.5421791077,"[(29039.60824;[0.4112];[-0.5388];6245.62600;[0.4083];[-0.5417];6218.65967;100),(29670.84074;[0.5003];[-0.4497];6329.43319;[0.4954];[-0.4546];6250.65171;200),(45508.44026;[0.5003];[-0.4497];6329.43319;[0.4954];[-0.4546];6250.65171;200),(53395.29324;[0.5003];[-0.4497];6329.43319;[0.4954];[-0.4546];6250.65171;200),(62051.85795;[0.5003];[-0.4497];6329.43319;[0.4954];[-0.4546];6250.65171;200),(71224.54190;[0.5003];[-0.4497];6329.43319;[0.4954];[-0.4546];6250.65171;200),(79925.66752;[0.5003];[-0.4497];6329.43319;[0.4954];[-0.4546];6250.65171;200),(87702.93117;[0.5003];[-0.4497];6329.43319;[0.4954];[-0.4546];6250.65171;200),(90696.77806;[0.7764];[-0.1736];6068.08059;[0.7688];[-0.1812];5994.07782;200),(91635.41293;[0.8271];[-0.1229];4577.18838;[0.8243];[-0.1257];4554.76605;200),(93236.48787;[0.871];[-0.079];4347.61568;[0.8699];[-0.0801];4333.23936;200),(94183.50816;[0.7313];[-0.2187];3989.13270;[0.7207];[-0.2293];3977.09742;200),(95027.02308;[0.6961];[-0.2539];3895.96052;[0.6884];[-0.2616];3884.94962;200),(98770.55788;[0.6774];[-0.2726];3857.23677;[0.6686];[-0.2814];3846.68589;200),(100240.56983;[0.6774];[-0.2726];3857.23677;[0.6686];[-0.2814];3846.68589;200),(108451.83825;[0.7161];[-0.2339];6430.99519;[0.7046];[-0.2454];6329.97813;200),(140851.53723;[0.4134];[-0.5366];6255.34330;[0.4106];[-0.5394];6229.81146;400),(157868.89577;[0.418];[-0.532];6281.19481;[0.4145];[-0.5355];6262.29051;400),(175772.64667;[0.4964];[-0.4536];6317.27067;[0.4925];[-0.4575];6236.67355;400),(193309.54790;[0.4964];[-0.4536];6317.27067;[0.4925];[-0.4575];6236.67355;400),(209599.90954;[0.4964];[-0.4536];6317.27067;[0.4925];[-0.4575];6236.67355;400),(226936.82814;[0.4964];[-0.4536];6317.27067;[0.4925];[-0.4575];6236.67355;400),(243653.15557;[0.4979];[-0.4521];6318.01286;[0.4942];[-0.4558];6237.32509;400),(247461.66778;[0.7739];[-0.1761];6032.29651;[0.767];[-0.183];5958.54965;400),(248283.27489;[0.8353];[-0.1147];4556.81801;[0.8316];[-0.1184];4535.21495;400),(248893.17846;[0.8752];[-0.0748];4313.40707;[0.8742];[-0.0758];4300.04763;400),(250499.15695;[0.8221];[-0.1279];4186.92655;[0.8196];[-0.1304];4174.50176;400),(251893.36491;[0.7584];[-0.1916];4075.35706;[0.7461];[-0.2039];4062.01593;400),(253057.17731;[0.7345];[-0.2155];4008.66219;[0.7246];[-0.2254];3996.24222;400),(254309.76033;[0.722];[-0.228];3958.08740;[0.7109];[-0.2391];3946.46960;400),(255286.79276;[0.7061];[-0.2439];3924.87412;[0.6988];[-0.2512];3913.44533;400),(255929.17275;[0.6961];[-0.2539];3895.96052;[0.6884];[-0.2616];3884.94962;400),(257834.64575;[0.6738];[-0.2762];3851.47290;[0.6637];[-0.2863];3840.90590;400),(260514.75000;[0.6349];[-0.3151];3792.82225;[0.627];[-0.323];3783.01674;400),(261873.67702;[0.6349];[-0.3151];3792.10482;[0.6265];[-0.3235];3782.32414;400),(278875.82874;[0.7085];[-0.2415];6421.30859;[0.6999];[-0.2501];6317.88167;400),(298324.32127;[0.8093];[-0.1407];5376.11403;[0.8038];[-0.1462];5329.22854;400),(319210.27780;[0.8571];[-0.0929];4528.66144;[0.857];[-0.093];4510.33147;400),(339831.81524;[0.8701];[-0.0799];4354.19952;[0.8685];[-0.0815];4339.65453;400),(358694.24796;[0.8555];[-0.0945];4209.34951;[0.8555];[-0.0945];4197.49547;400),(378018.09812;[0.7425];[-0.2075];4041.98826;[0.7331];[-0.2169];4028.96829;400),(416184.33690;[0.7226];[-0.2274];3957.85875;[0.7111];[-0.2389];3946.26508;400),(417049.52121;[0.7041];[-0.2459];3921.55184;[0.6969];[-0.2531];3910.14926;400),(419962.40306;[0.6774];[-0.2726];3857.95420;[0.6689];[-0.2811];3847.37848;400),(422058.51126;[0.6738];[-0.2762];3851.47290;[0.6637];[-0.2863];3840.90590;400),(425278.20158;[0.6349];[-0.3151];3792.10482;[0.6265];[-0.3235];3782.32414;400),(443602.90837;[0.7081];[-0.2419];6419.27377;[0.6992];[-0.2508];6315.29767;400),(464487.41508;[0.8003];[-0.1497];5358.63650;[0.7931];[-0.1569];5310.31655;400),(485596.99726;[0.8468];[-0.1032];4526.05004;[0.8459];[-0.1041];4507.24196;400),(504502.96712;[0.8701];[-0.0799];4354.19952;[0.8685];[-0.0815];4339.65453;400),(526684.86214;[0.8549];[-0.0951];4209.25130;[0.8545];[-0.0955];4197.36839;400),(549199.61143;[0.7467];[-0.2033];4046.60567;[0.7369];[-0.2131];4033.70629;400),(569327.61931;[0.6349];[-0.3151];3792.10482;[0.6265];[-0.3235];3782.32414;400),(592406.13794;[0.7085];[-0.2415];6421.30859;[0.6999];[-0.2501];6317.88167;400)]"
4,4,4335.767755770023,[0.9344],[-0.0156],600066.6687488556,"[(29223.39797;[0.7588];[-0.1912];6442.94833;[0.7498];[-0.2002];6352.31409;100),(39184.65757;[0.7588];[-0.1912];6442.94833;[0.7498];[-0.2002];6352.31409;100),(56304.40998;[0.7607];[-0.1893];6445.42871;[0.7517];[-0.1983];6356.31373;200),(64489.88318;[0.7607];[-0.1893];6445.42871;[0.7517];[-0.1983];6356.31373;200),(74262.03680;[0.7607];[-0.1893];6445.42871;[0.7517];[-0.1983];6356.31373;200),(83129.22239;[0.7607];[-0.1893];6445.42871;[0.7517];[-0.1983];6356.31373;200),(91700.82879;[0.7607];[-0.1893];6445.42871;[0.7517];[-0.1983];6356.31373;200),(100410.70032;[0.7607];[-0.1893];6445.42871;[0.7517];[-0.1983];6356.31373;200),(102985.60357;[0.8385];[-0.1115];5197.29213;[0.8323];[-0.1177];5154.61767;200),(105563.29608;[0.8348];[-0.1152];4087.48557;[0.8288];[-0.1212];4076.27539;200),(107811.79810;[0.7555];[-0.1945];3967.24443;[0.7432];[-0.2068];3955.92666;200),(109511.67917;[0.7119];[-0.2381];3926.28739;[0.701];[-0.249];3914.16919;200),(110594.72370;[0.697];[-0.253];3889.21030;[0.6862];[-0.2638];3877.75027;200),(112288.80286;[0.675];[-0.275];3848.92292;[0.6644];[-0.2856];3838.06412;200),(114735.46147;[0.673];[-0.277];3842.75441;[0.6617];[-0.2883];3831.99478;200),(115955.18899;[0.6637];[-0.2863];3832.87503;[0.6547];[-0.2953];3822.11340;200),(117250.77415;[0.6531];[-0.2969];3815.29884;[0.6418];[-0.3082];3804.75909;200),(117749.06898;[0.6531];[-0.2969];3815.29884;[0.6418];[-0.3082];3804.75909;200),(127135.76937;[0.7607];[-0.1893];6445.42871;[0.7517];[-0.1983];6356.31373;200),(139516.77823;[0.8313];[-0.1187];5307.91725;[0.8233];[-0.1267];5261.91118;200),(151717.04936;[0.8959];[-0.0541];4524.01293;[0.8953];[-0.0547];4506.13033;200),(161238.96003;[0.9062];[-0.0438];4332.01433;[0.9067];[-0.0433];4318.26565;200),(171678.60222;[0.838];[-0.112];4099.25393;[0.8323];[-0.1177];4087.94065;200),(191656.84223;[0.6531];[-0.2969];3815.29884;[0.6418];[-0.3082];3804.75909;200),(206071.12741;[0.7607];[-0.1893];6445.42871;[0.7517];[-0.1983];6356.31373;200),(219537.12487;[0.8311];[-0.1189];5326.80017;[0.8245];[-0.1255];5280.44025;200),(233286.04579;[0.8802];[-0.0698];4533.65374;[0.8795];[-0.0705];4514.85492;200),(245104.86460;[0.9317];[-0.0183];4351.90194;[0.9317];[-0.0183];4338.68356;200),(255026.80349;[0.8743];[-0.0757];4167.58078;[0.871];[-0.079];4156.13305;200),(273416.59689;[0.7678];[-0.1822];4007.39244;[0.757];[-0.193];3995.48414;200),(274171.21720;[0.7119];[-0.2381];3926.28739;[0.701];[-0.249];3914.16919;200),(274816.37812;[0.6959];[-0.2541];3886.06812;[0.6847];[-0.2653];3874.77081;200),(276352.15831;[0.6727];[-0.2773];3842.15529;[0.6615];[-0.2885];3831.42446;200),(279933.60949;[0.6727];[-0.2773];3842.15529;[0.6615];[-0.2885];3831.42446;200),(288669.43121;[0.7607];[-0.1893];6445.42871;[0.7517];[-0.1983];6356.31373;200),(300185.77433;[0.8337];[-0.1163];5306.95205;[0.8274];[-0.1226];5261.36783;200),(314590.85178;[0.8863];[-0.0637];4528.64161;[0.8873];[-0.0627];4510.35226;200),(325596.99035;[0.9342];[-0.0158];4348.92049;[0.9346];[-0.0154];4335.89960;200),(335297.04547;[0.8784];[-0.0716];4172.43195;[0.8763];[-0.0737];4161.02121;200),(344067.28554;[0.6727];[-0.2773];3842.15529;[0.6615];[-0.2885];3831.42446;200),(357038.42187;[0.7607];[-0.1893];6445.42871;[0.7517];[-0.1983];6356.31373;200),(369343.10818;[0.8337];[-0.1163];5306.95205;[0.8274];[-0.1226];5261.36783;200),(381661.70931;[0.8863];[-0.0637];4528.64161;[0.8873];[-0.0627];4510.35226;200),(392205.62530;[0.9342];[-0.0158];4348.92049;[0.9346];[-0.0154];4335.89960;200),(402392.97938;[0.8784];[-0.0716];4172.43195;[0.8763];[-0.0737];4161.02121;200),(423482.54657;[0.7697];[-0.1803];4014.32032;[0.7585];[-0.1915];4002.33686;200),(424327.21519;[0.7119];[-0.2381];3926.28739;[0.701];[-0.249];3914.16919;200),(425083.73094;[0.6943];[-0.2557];3884.22340;[0.6819];[-0.2681];3872.87601;200),(427879.84586;[0.6727];[-0.2773];3842.15529;[0.6615];[-0.2885];3831.42446;200),(428346.43650;[0.6727];[-0.2773];3842.15529;[0.6615];[-0.2885];3831.42446;200),(437651.61109;[0.7607];[-0.1893];6445.42871;[0.7517];[-0.1983];6356.31373;200),(448994.78507;[0.8337];[-0.1163];5306.95205;[0.8274];[-0.1226];5261.36783;200),(460546.50116;[0.8935];[-0.0565];4528.12911;[0.8938];[-0.0562];4510.10869;200),(470643.68033;[0.9354];[-0.0146];4348.80774;[0.9344];[-0.0156];4335.76776;200),(480139.83417;[0.876];[-0.074];4177.12262;[0.8732];[-0.0768];4165.54446;200),(499817.66844;[0.7868];[-0.1632];4022.06401;[0.7775];[-0.1725];4010.58821;200),(500794.54350;[0.7238];[-0.2262];3929.56199;[0.7124];[-0.2376];3918.09060;200),(501635.73742;[0.6943];[-0.2557];3884.22340;[0.6819];[-0.2681];3872.87601;200),(502868.62302;[0.6637];[-0.2863];3832.87503;[0.6547];[-0.2953];3822.11340;200),(511892.31682;[0.7607];[-0.1893];6445.42871;[0.7517];[-0.1983];6356.31373;200),(523470.65425;[0.8288];[-0.1212];5290.76067;[0.822];[-0.128];5244.94756;200),(535362.03814;[0.8992];[-0.0508];4517.13978;[0.8976];[-0.0524];4499.50417;200),(545432.61123;[0.9221];[-0.0279];4346.88171;[0.9218];[-0.0282];4333.49575;200),(556243.02721;[0.8759];[-0.0741];4178.24014;[0.8722];[-0.0778];4166.62146;200),(577341.04824;[0.7729];[-0.1771];4030.29959;[0.7626];[-0.1874];4017.94999;200),(578077.03257;[0.7308];[-0.2192];3941.98229;[0.7181];[-0.2319];3930.33096;200),(580018.09311;[0.7119];[-0.2381];3926.28739;[0.701];[-0.249];3914.16919;200),(580655.75409;[0.6991];[-0.2509];3896.59192;[0.6884];[-0.2616];3884.94962;200),(581389.48894;[0.697];[-0.253];3889.21030;[0.6862];[-0.2638];3877.75027;200),(590857.98502;[0.7607];[-0.1893];6445.42871;[0.7517];[-0.1983];6356.31373;200)]"
4,3,4396.594396931056,[0.9603],[0.0103],600245.9161281586,"[(29303.93744;[0.7573];[-0.1927];6366.71042;[0.7517];[-0.1983];6356.31373;100),(39326.54524;[0.7573];[-0.1927];6366.71042;[0.7517];[-0.1983];6356.31373;100),(43614.95519;[0.7573];[-0.1927];6366.71042;[0.7517];[-0.1983];6356.31373;100),(48688.28058;[0.7573];[-0.1927];6366.71042;[0.7517];[-0.1983];6356.31373;100),(53720.46328;[0.7573];[-0.1927];6366.71042;[0.7517];[-0.1983];6356.31373;100),(58813.02738;[0.7573];[-0.1927];6366.71042;[0.7517];[-0.1983];6356.31373;100),(61533.80036;[0.8362];[-0.1138];5181.04108;[0.8344];[-0.1156];5175.44891;100),(62568.72821;[0.9157];[-0.0343];4147.17235;[0.9162];[-0.0338];4146.29956;100),(64009.56178;[0.8518];[-0.0982];4030.50404;[0.8479];[-0.1021];4029.56099;100),(65217.50569;[0.7446];[-0.2054];3908.51473;[0.7393];[-0.2107];3907.17709;100),(66618.99900;[0.7246];[-0.2254];3893.68069;[0.7196];[-0.2304];3892.20474;100),(67268.19921;[0.6961];[-0.2539];3868.75357;[0.6939];[-0.2561];3867.15489;100),(68219.52343;[0.6964];[-0.2536];3868.17616;[0.6938];[-0.2562];3866.58457;100),(73609.41243;[0.7573];[-0.1927];6366.71042;[0.7517];[-0.1983];6356.31373;100),(79810.26268;[0.8207];[-0.1293];5312.49247;[0.8182];[-0.1318];5306.32083;100),(88061.46455;[0.9237];[-0.0263];4475.99020;[0.9255];[-0.0245];4474.41045;100),(93385.25248;[0.9447];[-0.0053];4269.00092;[0.945];[-0.005];4267.89983;100),(104895.80011;[0.8962];[-0.0538];4094.31544;[0.8963];[-0.0537];4093.44745;100),(106871.50240;[0.8409];[-0.1091];4014.33411;[0.8371];[-0.1129];4013.38751;100),(107396.55709;[0.7626];[-0.1874];3946.16409;[0.7552];[-0.1948];3944.75864;100),(108226.75729;[0.724];[-0.226];3894.85358;[0.7192];[-0.2308];3893.36414;100),(109193.91656;[0.6961];[-0.2539];3868.75357;[0.6939];[-0.2561];3867.15489;100),(109706.55322;[0.6964];[-0.2536];3868.17616;[0.6938];[-0.2562];3866.58457;100),(110763.27896;[0.6964];[-0.2536];3868.17616;[0.6938];[-0.2562];3866.58457;100),(115556.09751;[0.7573];[-0.1927];6366.71042;[0.7517];[-0.1983];6356.31373;100),(120777.76408;[0.8143];[-0.1357];5320.71100;[0.8102];[-0.1398];5314.34622;100),(128819.64469;[0.9123];[-0.0377];4481.16561;[0.9118];[-0.0382];4479.30170;100),(134706.55799;[0.9413];[-0.0087];4278.59514;[0.9407];[-0.0093];4277.43667;100),(139454.73337;[0.6964];[-0.2536];3868.17616;[0.6938];[-0.2562];3866.58457;100),(141132.40027;[0.6964];[-0.2536];3868.17616;[0.6938];[-0.2562];3866.58457;100),(146311.58900;[0.7573];[-0.1927];6366.71042;[0.7517];[-0.1983];6356.31373;100),(152530.21407;[0.8143];[-0.1357];5320.71100;[0.8102];[-0.1398];5314.34622;100),(160006.06680;[0.9123];[-0.0377];4481.16561;[0.9118];[-0.0382];4479.30170;100),(166208.97341;[0.9413];[-0.0087];4278.59514;[0.9407];[-0.0093];4277.43667;100),(172058.79974;[0.6964];[-0.2536];3868.17616;[0.6938];[-0.2562];3866.58457;100),(178950.73318;[0.7573];[-0.1927];6366.71042;[0.7517];[-0.1983];6356.31373;100),(187802.05894;[0.8218];[-0.1282];5295.91208;[0.8183];[-0.1317];5289.76357;100),(195833.74763;[0.9123];[-0.0377];4481.16561;[0.9118];[-0.0382];4479.30170;100),(202243.03007;[0.9413];[-0.0087];4278.59514;[0.9407];[-0.0093];4277.43667;100),(212217.31758;[0.8958];[-0.0542];4112.19111;[0.8957];[-0.0543];4111.25695;100),(213913.35821;[0.8999];[-0.0501];4036.13392;[0.9008];[-0.0492];4035.50749;100),(214992.37490;[0.8114];[-0.1386];3957.46550;[0.8047];[-0.1453];3956.51664;100),(216325.24490;[0.724];[-0.226];3894.85358;[0.7192];[-0.2308];3893.36414;100),(216849.69544;[0.7246];[-0.2254];3893.68069;[0.7196];[-0.2304];3892.20474;100),(222606.57859;[0.7573];[-0.1927];6366.71042;[0.7517];[-0.1983];6356.31373;100),(228716.40992;[0.8278];[-0.1222];5310.56192;[0.8247];[-0.1253];5304.58191;100),(236954.83685;[0.8962];[-0.0538];4489.03480;[0.8963];[-0.0537];4487.11202;100),(242998.87562;[0.9756];[0.0256];4289.56964;[0.9741];[0.0241];4288.72403;100),(249500.29516;[0.9263];[-0.0237];4362.39014;[0.9278];[-0.0222];4360.93734;100),(250085.53076;[0.9208];[-0.0292];4167.76201;[0.9217];[-0.0283];4166.88618;100),(251141.38365;[0.8542];[-0.0958];4062.45194;[0.8504];[-0.0996];4061.38463;100),(252169.92021;[0.8409];[-0.1091];4014.33411;[0.8371];[-0.1129];4013.38751;100),(253065.20081;[0.842];[-0.108];4014.01802;[0.8378];[-0.1122];4013.07947;100),(253840.80529;[0.842];[-0.108];4014.01802;[0.8378];[-0.1122];4013.07947;100),(257916.83960;[0.7573];[-0.1927];6366.71042;[0.7517];[-0.1983];6356.31373;100),(263700.73938;[0.8215];[-0.1285];5314.60039;[0.818];[-0.132];5308.35841;100),(272249.97902;[0.8912];[-0.0588];4467.39572;[0.892];[-0.058];4465.32727;100),(277407.08351;[0.975];[0.025];4282.77164;[0.974];[0.024];4282.00658;100),(283221.41576;[0.9396];[-0.0104];4363.61113;[0.9397];[-0.0103];4362.23767;100),(284188.32707;[0.8731];[-0.0769];4102.01774;[0.8733];[-0.0767];4100.93935;100),(285235.13794;[0.8718];[-0.0782];4079.68885;[0.8734];[-0.0766];4078.69794;100),(286220.80541;[0.8718];[-0.0782];4079.68885;[0.8734];[-0.0766];4078.69794;100),(291838.86456;[0.7573];[-0.1927];6366.71042;[0.7517];[-0.1983];6356.31373;100),(302421.13805;[0.8199];[-0.1301];5308.33981;[0.8157];[-0.1343];5301.94662;100),(310647.66693;[0.8912];[-0.0588];4467.39572;[0.892];[-0.058];4465.32727;100),(317723.54722;[0.9056];[-0.0444];4250.75085;[0.907];[-0.043];4249.30412;100),(327871.20867;[0.7573];[-0.1927];6366.71042;[0.7517];[-0.1983];6356.31373;100),(333459.70082;[0.8174];[-0.1326];5335.42050;[0.8129];[-0.1371];5329.08459;100),(342049.37863;[0.8967];[-0.0533];4502.22734;[0.8969];[-0.0531];4500.31835;100),(348056.92697;[0.9655];[0.0155];4309.34729;[0.9645];[0.0145];4308.33987;100),(353388.60846;[0.9603];[0.0103];4397.76157;[0.9603];[0.0103];4396.59440;100),(361926.27311;[0.8989];[-0.0511];4430.08301;[0.8986];[-0.0514];4428.19365;100),(362898.49281;[0.9406];[-0.0094];4308.40625;[0.9407];[-0.0093];4307.19266;100),(364368.62803;[0.9255];[-0.0245];4259.24567;[0.9268];[-0.0232];4258.07481;100),(365956.00295;[0.912];[-0.038];4208.13355;[0.9138];[-0.0362];4207.00944;100),(366642.96746;[0.8805];[-0.0695];4181.11711;[0.88];[-0.07];4179.73856;100),(368435.05979;[0.877];[-0.073];4146.45919;[0.8782];[-0.0718];4145.23867;100),(381161.14616;[0.7573];[-0.1927];6366.71042;[0.7517];[-0.1983];6356.31373;100),(388356.68468;[0.8188];[-0.1312];5338.87084;[0.8151];[-0.1349];5332.79583;100),(396980.88288;[0.898];[-0.052];4501.40134;[0.8976];[-0.0524];4499.50417;100),(403283.51545;[0.9176];[-0.0324];4345.08690;[0.9188];[-0.0312];4343.46401;100),(416057.24311;[0.877];[-0.073];4146.45919;[0.8782];[-0.0718];4145.23867;100),(421457.84473;[0.7573];[-0.1927];6366.71042;[0.7517];[-0.1983];6356.31373;100),(426794.06118;[0.7993];[-0.1507];5848.04063;[0.7906];[-0.1594];5839.02273;100),(432729.76971;[0.8975];[-0.0525];4525.28972;[0.8981];[-0.0519];4523.59008;100),(437852.47779;[0.9154];[-0.0346];4388.75260;[0.9166];[-0.0334];4387.09763;100),(443817.89923;[0.9702];[0.0202];4295.64907;[0.9696];[0.0196];4294.76011;100),(446121.74034;[0.9085];[-0.0415];4228.67533;[0.909];[-0.041];4227.46918;100),(449185.67920;[0.918];[-0.032];4195.28926;[0.9209];[-0.0291];4194.25940;100),(451294.19827;[0.8798];[-0.0702];4182.64042;[0.879];[-0.071];4181.25204;100),(452108.25133;[0.877];[-0.073];4146.45919;[0.8782];[-0.0718];4145.23867;100),(452927.35362;[0.877];[-0.073];4146.45919;[0.8782];[-0.0718];4145.23867;100),(458562.23083;[0.7573];[-0.1927];6366.71042;[0.7517];[-0.1983];6356.31373;100),(467661.71694;[0.817];[-0.133];5349.25774;[0.812];[-0.138];5343.17718;100),(473310.88686;[0.8869];[-0.0631];4531.48379;[0.8879];[-0.0621];4529.51001;100),(478861.61232;[0.915];[-0.035];4393.76158;[0.9158];[-0.0342];4392.02792;100),(484492.90729;[0.9276];[-0.0224];4297.76777;[0.9286];[-0.0214];4296.41797;100),(487140.89465;[0.9069];[-0.0431];4241.83666;[0.9075];[-0.0425];4240.47823;100),(489274.55974;[0.912];[-0.038];4208.13355;[0.9138];[-0.0362];4207.00944;100),(492298.96545;[0.918];[-0.032];4195.28926;[0.9209];[-0.0291];4194.25940;100),(492873.74282;[0.8784];[-0.0716];4187.89216;[0.8773];[-0.0727];4186.46431;100),(493385.63490;[0.8798];[-0.0702];4182.64042;[0.879];[-0.071];4181.25204;100),(498227.24628;[0.7573];[-0.1927];6366.71042;[0.7517];[-0.1983];6356.31373;100),(504108.42204;[0.8171];[-0.1329];5335.99644;[0.8126];[-0.1374];5329.64879;100),(513770.98179;[0.8948];[-0.0552];4508.13426;[0.8953];[-0.0547];4506.13033;100),(518783.46062;[0.9105];[-0.0395];4351.73495;[0.9116];[-0.0384];4350.03705;100),(526449.03708;[0.8798];[-0.0702];4182.64042;[0.879];[-0.071];4181.25204;100),(531760.50377;[0.7573];[-0.1927];6366.71042;[0.7517];[-0.1983];6356.31373;100),(537480.00097;[0.7945];[-0.1555];5862.81970;[0.7875];[-0.1625];5853.48343;100),(542296.83256;[0.8863];[-0.0637];4534.26642;[0.8877];[-0.0623];4532.18672;100),(548471.44985;[0.9254];[-0.0246];4395.31854;[0.9261];[-0.0239];4393.77474;100),(554365.54003;[0.9253];[-0.0247];4299.91704;[0.9259];[-0.0241];4298.53916;100),(556941.75506;[0.9056];[-0.0444];4250.75085;[0.907];[-0.043];4249.30412;100),(558731.87613;[0.8929];[-0.0571];4216.52988;[0.8937];[-0.0563];4215.09864;100),(561112.37192;[0.918];[-0.032];4195.28926;[0.9209];[-0.0291];4194.25940;100),(565466.58254;[0.8784];[-0.0716];4187.89216;[0.8773];[-0.0727];4186.46431;100),(567634.04703;[0.8798];[-0.0702];4182.64042;[0.879];[-0.071];4181.25204;100),(573574.52011;[0.7573];[-0.1927];6366.71042;[0.7517];[-0.1983];6356.31373;100),(579442.98959;[0.8219];[-0.1281];5318.57168;[0.819];[-0.131];5312.42632;100),(589428.44772;[0.8968];[-0.0532];4480.38359;[0.8967];[-0.0533];4478.46410;100),(594386.52897;[0.9414];[-0.0086];4303.08007;[0.9408];[-0.0092];4301.94697;100),(596418.05053;[0.9074];[-0.0426];4256.85783;[0.9085];[-0.0415];4255.42640;100),(598242.10334;[0.9085];[-0.0415];4228.67533;[0.909];[-0.041];4227.46918;100),(600017.93194;[0.912];[-0.038];4208.13355;[0.9138];[-0.0362];4207.00944;100)]"
4,7,4380.565731200904,[0.9314],[-0.0186],604222.7818965912,"[(30473.06895;[0.7275];[-0.2225];6315.04650;[0.7275];[-0.2225];6315.04650;100),(40498.99697;[0.7275];[-0.2225];6315.04650;[0.7275];[-0.2225];6315.04650;100),(56659.26147;[0.7421];[-0.2079];6337.23448;[0.7421];[-0.2079];6337.23448;200),(88850.23212;[0.7446];[-0.2054];6347.50898;[0.7446];[-0.2054];6347.50898;400),(106121.50216;[0.7446];[-0.2054];6347.50898;[0.7446];[-0.2054];6347.50898;400),(123673.44189;[0.7446];[-0.2054];6347.50898;[0.7446];[-0.2054];6347.50898;400),(141788.46025;[0.7446];[-0.2054];6347.50898;[0.7446];[-0.2054];6347.50898;400),(159007.45416;[0.7446];[-0.2054];6347.50898;[0.7446];[-0.2054];6347.50898;400),(175243.09635;[0.7446];[-0.2054];6347.50898;[0.7446];[-0.2054];6347.50898;400),(192149.82176;[0.7446];[-0.2054];6347.50898;[0.7446];[-0.2054];6347.50898;400),(195324.26405;[0.8354];[-0.1146];5112.25849;[0.8354];[-0.1146];5112.25849;400),(196043.21575;[0.7771];[-0.1729];4011.28080;[0.7771];[-0.1729];4011.28080;400),(197993.43085;[0.6277];[-0.3223];3780.87587;[0.6277];[-0.3223];3780.87587;400),(202687.36935;[0.6249];[-0.3251];3778.48439;[0.6249];[-0.3251];3778.48439;400),(203192.42525;[0.6249];[-0.3251];3778.48439;[0.6249];[-0.3251];3778.48439;400),(221816.32423;[0.7446];[-0.2054];6347.50898;[0.7446];[-0.2054];6347.50898;400),(240262.24542;[0.8151];[-0.1349];5332.79583;[0.8151];[-0.1349];5332.79583;400),(258474.28656;[0.8892];[-0.0608];4544.75622;[0.8892];[-0.0608];4544.75622;400),(277444.70191;[0.9314];[-0.0186];4380.56573;[0.9314];[-0.0186];4380.56573;400),(295551.19538;[0.9261];[-0.0239];4216.89865;[0.9261];[-0.0239];4216.89865;400),(312927.61993;[0.7995];[-0.1505];4038.62204;[0.7995];[-0.1505];4038.62204;400),(348909.80601;[0.7181];[-0.2319];3930.33096;[0.7181];[-0.2319];3930.33096;400),(350290.45391;[0.6862];[-0.2638];3877.75027;[0.6862];[-0.2638];3877.75027;400),(352518.38803;[0.6277];[-0.3223];3780.87587;[0.6277];[-0.3223];3780.87587;400),(356531.81911;[0.6249];[-0.3251];3778.48439;[0.6249];[-0.3251];3778.48439;400),(375736.79805;[0.7436];[-0.2064];6347.87221;[0.7436];[-0.2064];6347.87221;400),(393664.03723;[0.8089];[-0.1411];5317.87506;[0.8089];[-0.1411];5317.87506;400),(413104.37608;[0.8899];[-0.0601];4544.19203;[0.8899];[-0.0601];4544.19203;400),(431738.49702;[0.9193];[-0.0307];4379.14707;[0.9193];[-0.0307];4379.14707;400),(450763.55553;[0.9261];[-0.0239];4216.89865;[0.9261];[-0.0239];4216.89865;400),(468657.88722;[0.8304];[-0.1196];4040.94938;[0.8304];[-0.1196];4040.94938;400),(505024.45149;[0.7163];[-0.2337];3931.11979;[0.7163];[-0.2337];3931.11979;400),(506460.39128;[0.6863];[-0.2637];3878.37209;[0.6863];[-0.2637];3878.37209;400),(508503.27373;[0.6729];[-0.2771];3849.34695;[0.6729];[-0.2771];3849.34695;400),(509898.95582;[0.6523];[-0.2977];3818.76417;[0.6523];[-0.2977];3818.76417;400),(511583.54163;[0.628];[-0.322];3782.55354;[0.628];[-0.322];3782.55354;400),(513118.31284;[0.6254];[-0.3246];3779.29342;[0.6254];[-0.3246];3779.29342;400),(514875.86737;[0.6249];[-0.3251];3778.48439;[0.6249];[-0.3251];3778.48439;400),(531206.49600;[0.7436];[-0.2064];6347.87221;[0.7436];[-0.2064];6347.87221;400),(550677.79708;[0.8108];[-0.1392];5325.42083;[0.8108];[-0.1392];5325.42083;400),(569735.63361;[0.8784];[-0.0716];4541.67359;[0.8784];[-0.0716];4541.67359;400),(587139.71829;[0.9206];[-0.0294];4377.90678;[0.9206];[-0.0294];4377.90678;400)]"
4,5,5387.697693319133,[0.9986],[0.0486],608036.630153656,"[(29311.53536;[0.411];[-0.539];6181.81216;[0.4119];[-0.5381];6261.36607;100),(39669.00253;[0.411];[-0.539];6181.81216;[0.4119];[-0.5381];6261.36607;100),(45090.93094;[0.411];[-0.539];6181.81216;[0.4119];[-0.5381];6261.36607;100),(49687.49571;[0.411];[-0.539];6181.81216;[0.4119];[-0.5381];6261.36607;100),(55223.95182;[0.411];[-0.539];6181.81216;[0.4119];[-0.5381];6261.36607;100),(60403.05972;[0.411];[-0.539];6181.81216;[0.4119];[-0.5381];6261.36607;100),(60988.09481;[0.7641];[-0.1859];6294.98314;[0.7636];[-0.1864];6328.14160;100),(62565.38796;[0.8018];[-0.1482];4938.57425;[0.7999];[-0.1501];4951.40659;100),(63352.79012;[0.9267];[-0.0233];4468.62044;[0.9255];[-0.0245];4474.41045;100),(64121.96803;[0.9657];[0.0157];4302.80833;[0.9643];[0.0143];4306.89185;100),(65688.71522;[0.9582];[0.0082];4393.97219;[0.9586];[0.0086];4399.01758;100),(67089.27107;[0.9395];[-0.0105];4429.53247;[0.9391];[-0.0109];4435.10739;100),(68645.96248;[0.9458];[-0.0042];4411.16281;[0.9464];[-0.0036];4416.52050;100),(69455.29819;[0.9219];[-0.0281];4407.34426;[0.9188];[-0.0312];4412.48825;100),(70585.52766;[0.9246];[-0.0254];4401.88435;[0.923];[-0.027];4406.98443;100),(71674.98827;[0.9286];[-0.0214];4398.60670;[0.927];[-0.023];4403.65630;100),(73538.29098;[0.9582];[0.0082];4393.97219;[0.9586];[0.0086];4399.01758;100),(74369.77506;[0.9286];[-0.0214];4398.60670;[0.927];[-0.023];4403.65630;100),(75670.40896;[0.9582];[0.0082];4393.97219;[0.9586];[0.0086];4399.01758;100),(76676.49055;[0.9582];[0.0082];4393.97219;[0.9586];[0.0086];4399.01758;100),(77484.14874;[0.9286];[-0.0214];4398.60670;[0.927];[-0.023];4403.65630;100),(81779.70743;[0.7536];[-0.1964];6317.11803;[0.752];[-0.198];6352.17011;100),(88662.09960;[0.9773];[0.0273];5306.80528;[0.9778];[0.0278];5324.22135;100),(94775.30527;[0.8474];[-0.1026];6022.25232;[0.8438];[-0.1062];6050.96085;100),(100035.00605;[0.7988];[-0.1512];5837.87254;[0.7993];[-0.1507];5862.44341;100),(106219.07401;[0.9851];[0.0351];5355.69470;[0.9836];[0.0336];5373.88036;100),(112770.47610;[0.9988];[0.0488];5368.87234;[0.9986];[0.0486];5387.69769;100),(116676.27931;[0.9171];[-0.0329];4491.32538;[0.9153];[-0.0347];4497.35611;100),(118193.98665;[0.9593];[0.0093];4391.45360;[0.9603];[0.0103];4396.59440;100),(119298.98548;[0.9368];[-0.0132];4442.48811;[0.9354];[-0.0146];4447.99489;100),(120719.52415;[0.9342];[-0.0158];4417.16438;[0.9322];[-0.0178];4422.39292;100),(121477.29683;[0.949];[-0.001];4405.56670;[0.9495];[-0.0005];4410.81182;100),(123007.15017;[0.9286];[-0.0214];4398.60670;[0.927];[-0.023];4403.65630;100),(124190.88364;[0.9582];[0.0082];4393.97219;[0.9586];[0.0086];4399.01758;100),(125084.83100;[0.9286];[-0.0214];4398.60670;[0.927];[-0.023];4403.65630;100),(126401.01790;[0.9582];[0.0082];4393.97219;[0.9586];[0.0086];4399.01758;100),(127459.14745;[0.9582];[0.0082];4393.97219;[0.9586];[0.0086];4399.01758;100),(128322.19434;[0.955];[0.005];4395.96177;[0.9553];[0.0053];4401.03640;100),(129061.29360;[0.955];[0.005];4395.96177;[0.9553];[0.0053];4401.03640;100),(145769.40441;[0.7585];[-0.1915];6318.17535;[0.757];[-0.193];6351.80623;200),(155033.57100;[0.7585];[-0.1915];6318.17535;[0.757];[-0.193];6351.80623;200),(164520.32423;[0.7585];[-0.1915];6318.17535;[0.757];[-0.193];6351.80623;200),(173788.54895;[0.7585];[-0.1915];6318.17535;[0.757];[-0.193];6351.80623;200),(182625.31972;[0.7585];[-0.1915];6318.17535;[0.757];[-0.193];6351.80623;200),(191275.09618;[0.7585];[-0.1915];6318.17535;[0.757];[-0.193];6351.80623;200),(191608.38580;[0.7585];[-0.1915];6318.17535;[0.757];[-0.193];6351.80623;200),(192719.63859;[0.8295];[-0.1205];5014.57107;[0.8257];[-0.1243];5027.65325;200),(196362.65326;[0.9011];[-0.0489];4498.40082;[0.8967];[-0.0533];4504.37656;200),(198632.78913;[0.9206];[-0.0294];4339.28950;[0.9188];[-0.0312];4343.46401;200),(201156.84247;[0.9363];[-0.0137];4209.24351;[0.9367];[-0.0133];4213.05372;200),(201664.38580;[0.833];[-0.117];4091.87296;[0.8331];[-0.1169];4095.33252;200),(203866.07099;[0.7507];[-0.1993];3962.92555;[0.7478];[-0.2022];3966.01662;200),(204657.82976;[0.7004];[-0.2496];3908.54174;[0.6992];[-0.2508];3911.37291;200),(205209.85460;[0.6798];[-0.2702];3863.32529;[0.6775];[-0.2725];3865.97244;200),(209450.82164;[0.6601];[-0.2899];3828.92256;[0.6615];[-0.2885];3831.42446;200),(210874.89772;[0.6601];[-0.2899];3828.92256;[0.6615];[-0.2885];3831.42446;200),(221336.71284;[0.7585];[-0.1915];6318.17535;[0.757];[-0.193];6351.80623;200),(233197.06631;[0.8329];[-0.1171];5228.59958;[0.8301];[-0.1199];5243.65164;200),(246525.99120;[0.9288];[-0.0212];4482.45150;[0.9278];[-0.0222];4488.49547;200),(256889.67896;[0.9657];[0.0157];4302.80833;[0.9643];[0.0143];4306.89185;200),(267188.57741;[0.9593];[0.0093];4391.45360;[0.9603];[0.0103];4396.59440;200),(276805.74679;[0.9265];[-0.0235];4431.21653;[0.9258];[-0.0242];4436.65933;200),(286862.23531;[0.9228];[-0.0272];4406.14076;[0.9204];[-0.0296];4411.27436;200),(287643.29576;[0.9602];[0.0102];4277.72150;[0.9604];[0.0104];4281.53466;200),(289371.78183;[0.9693];[0.0193];4348.48248;[0.9666];[0.0166];4352.95695;200),(290928.08819;[0.9377];[-0.0123];4378.16204;[0.9366];[-0.0134];4383.00526;200),(293233.68692;[0.9584];[0.0084];4363.02380;[0.9592];[0.0092];4367.93609;200),(293985.74185;[0.9423];[-0.0077];4371.31069;[0.9414];[-0.0086];4376.11744;200),(296069.98992;[0.955];[0.005];4365.54812;[0.9555];[0.0055];4370.48743;200),(296777.28772;[0.9351];[-0.0149];4370.98436;[0.9352];[-0.0148];4375.90646;200),(298992.94233;[0.9231];[-0.0269];4368.04909;[0.9212];[-0.0288];4372.70820;200),(299970.98064;[0.9231];[-0.0269];4368.04909;[0.9212];[-0.0288];4372.70820;200),(301095.57819;[0.9231];[-0.0269];4368.04909;[0.9212];[-0.0288];4372.70820;200),(303079.12850;[0.955];[0.005];4365.54812;[0.9555];[0.0055];4370.48743;200),(311814.23807;[0.7585];[-0.1915];6318.17535;[0.757];[-0.193];6351.80623;200),(320497.87927;[0.8717];[-0.0783];5343.98146;[0.8696];[-0.0804];5361.29251;200),(331285.74085;[1.];[0.05];4573.23401;[1.];[0.05];4581.15436;200),(343566.06412;[0.8338];[-0.1162];5164.05471;[0.8311];[-0.1189];5178.26968;200),(353533.31470;[1.];[0.05];4605.69325;[1.];[0.05];4614.46120;200),(363082.19481;[0.8295];[-0.1205];5014.57107;[0.8257];[-0.1243];5027.65325;200),(366994.64321;[0.9034];[-0.0466];4496.31485;[0.8984];[-0.0516];4502.26074;200),(369327.49701;[0.9567];[0.0067];4357.50975;[0.9571];[0.0071];4362.04712;200),(370082.05247;[0.9249];[-0.0251];4434.08069;[0.9235];[-0.0265];4439.51745;200),(371905.23171;[0.9582];[0.0082];4393.97219;[0.9586];[0.0086];4399.01758;200),(372940.82522;[0.9352];[-0.0148];4414.64579;[0.9339];[-0.0161];4419.96973;200),(374186.01012;[0.9219];[-0.0281];4407.34426;[0.9188];[-0.0312];4412.48825;200),(376438.79962;[0.9252];[-0.0248];4401.10272;[0.9236];[-0.0264];4406.19258;200),(378741.48321;[0.9286];[-0.0214];4398.60670;[0.927];[-0.023];4403.65630;200),(380968.01376;[0.9582];[0.0082];4393.97219;[0.9586];[0.0086];4399.01758;200),(381984.11274;[0.9286];[-0.0214];4398.60670;[0.927];[-0.023];4403.65630;200),(382796.73839;[0.9286];[-0.0214];4398.60670;[0.927];[-0.023];4403.65630;200),(383443.32814;[0.9286];[-0.0214];4398.60670;[0.927];[-0.023];4403.65630;200),(417586.38191;[0.7532];[-0.1968];6322.19023;[0.7517];[-0.1983];6356.31373;400),(436005.83768;[0.7532];[-0.1968];6322.19023;[0.7517];[-0.1983];6356.31373;400),(454452.25334;[0.7532];[-0.1968];6322.19023;[0.7517];[-0.1983];6356.31373;400),(473195.68944;[0.7532];[-0.1968];6322.19023;[0.7517];[-0.1983];6356.31373;400),(491198.56000;[0.7532];[-0.1968];6322.19023;[0.7517];[-0.1983];6356.31373;400),(508360.24976;[0.7532];[-0.1968];6322.19023;[0.7517];[-0.1983];6356.31373;400),(526023.46873;[0.7532];[-0.1968];6322.19023;[0.7517];[-0.1983];6356.31373;400),(527190.64331;[0.7548];[-0.1952];6279.61135;[0.7535];[-0.1965];6311.16991;400),(529039.25300;[0.7997];[-0.1503];4916.46865;[0.7998];[-0.1502];4929.37282;400),(530580.70183;[0.905];[-0.045];4463.00087;[0.9014];[-0.0486];4468.55174;400),(531312.17051;[0.9295];[-0.0205];4297.27376;[0.9277];[-0.0223];4301.03578;400),(532418.29300;[0.8739];[-0.0761];4116.90908;[0.8724];[-0.0776];4120.43288;400),(534825.28520;[0.6679];[-0.2821];3841.00608;[0.6676];[-0.2824];3843.53954;400),(538328.59468;[0.6601];[-0.2899];3828.92256;[0.6615];[-0.2885];3831.42446;400),(540643.17894;[0.6402];[-0.3098];3802.48083;[0.6418];[-0.3082];3804.75909;400),(542255.77784;[0.6382];[-0.3118];3799.26580;[0.6393];[-0.3107];3801.53451;400),(565586.03454;[0.7532];[-0.1968];6322.19023;[0.7517];[-0.1983];6356.31373;400),(587347.21565;[0.8175];[-0.1325];5293.91407;[0.8168];[-0.1332];5309.81617;400)]"
4,8,4357.070526459559,[0.8924],[-0.0576],600921.3027954102,"[(30595.66283;[0.4134];[-0.5366];6243.41610;[0.4071];[-0.5429];6067.41378;100),(40658.07152;[0.4134];[-0.5366];6243.41610;[0.4071];[-0.5429];6067.41378;100),(45131.37341;[0.4134];[-0.5366];6243.41610;[0.4071];[-0.5429];6067.41378;100),(50356.79650;[0.4134];[-0.5366];6243.41610;[0.4071];[-0.5429];6067.41378;100),(55503.11756;[0.4134];[-0.5366];6243.41610;[0.4071];[-0.5429];6067.41378;100),(59862.14232;[0.4134];[-0.5366];6243.41610;[0.4071];[-0.5429];6067.41378;100),(60276.65997;[0.7238];[-0.2262];6480.70704;[0.7138];[-0.2362];6344.59792;100),(77116.55498;[0.4191];[-0.5309];6451.65338;[0.4154];[-0.5346];6273.75748;200),(85997.07580;[0.4191];[-0.5309];6451.65338;[0.4154];[-0.5346];6273.75748;200),(94405.17831;[0.4191];[-0.5309];6451.65338;[0.4154];[-0.5346];6273.75748;200),(103239.00247;[0.4191];[-0.5309];6451.65338;[0.4154];[-0.5346];6273.75748;200),(112056.75817;[0.4191];[-0.5309];6451.65338;[0.4154];[-0.5346];6273.75748;200),(121078.89199;[0.4191];[-0.5309];6451.65338;[0.4154];[-0.5346];6273.75748;200),(121515.73825;[0.7346];[-0.2154];6485.13437;[0.7239];[-0.2261];6354.10234;200),(153861.62686;[0.4135];[-0.5365];6441.27535;[0.4111];[-0.5389];6258.28758;400),(173303.56860;[0.4135];[-0.5365];6441.27535;[0.4111];[-0.5389];6258.28758;400),(192468.42861;[0.4135];[-0.5365];6441.27535;[0.4111];[-0.5389];6258.28758;400),(211115.13901;[0.4135];[-0.5365];6441.27535;[0.4111];[-0.5389];6258.28758;400),(229341.24947;[0.4135];[-0.5365];6441.27535;[0.4111];[-0.5389];6258.28758;400),(247523.91315;[0.4135];[-0.5365];6441.27535;[0.4111];[-0.5389];6258.28758;400),(264751.44982;[0.4147];[-0.5353];6445.76768;[0.4126];[-0.5374];6263.36095;400),(265196.56539;[0.735];[-0.215];6486.06705;[0.7246];[-0.2254];6355.00354;400),(267926.07117;[0.8222];[-0.1278];5150.83371;[0.812];[-0.138];5100.04561;400),(269208.05311;[0.712];[-0.238];3928.09974;[0.7011];[-0.2489];3913.72789;400),(272430.17554;[0.6878];[-0.2622];3887.41976;[0.6788];[-0.2712];3873.58538;400),(274151.69525;[0.6316];[-0.3184];3790.17689;[0.6237];[-0.3263];3778.09952;400),(295343.37664;[0.735];[-0.215];6487.43301;[0.7254];[-0.2246];6356.48877;400),(319513.23342;[0.8225];[-0.1275];5356.00255;[0.8123];[-0.1377];5299.42137;400),(342301.30196;[0.8941];[-0.0559];4552.41391;[0.8879];[-0.0621];4529.51001;400),(361943.80569;[0.899];[-0.051];4375.57704;[0.8924];[-0.0576];4357.07053;400),(380638.06486;[0.8592];[-0.0908];4215.51209;[0.8521];[-0.0979];4199.36619;400),(401325.29783;[0.7601];[-0.1899];4037.18386;[0.7479];[-0.2021];4021.33263;400),(437961.60364;[0.7212];[-0.2288];3958.65854;[0.7089];[-0.2411];3943.50242;400),(439436.49673;[0.6995];[-0.2505];3899.36816;[0.6896];[-0.2604];3885.55767;400),(443278.59426;[0.6772];[-0.2728];3860.57998;[0.6689];[-0.2811];3847.37848;400),(444334.91397;[0.6611];[-0.2889];3834.99062;[0.6547];[-0.2953];3822.11340;400),(446719.43593;[0.6538];[-0.2962];3825.67687;[0.6465];[-0.3035];3812.83440;400),(465318.81952;[0.735];[-0.215];6487.43301;[0.7254];[-0.2246];6356.48877;400),(487246.75846;[0.8236];[-0.1264];5349.86100;[0.8142];[-0.1358];5293.53210;400),(509766.50667;[0.8706];[-0.0794];4549.50999;[0.8641];[-0.0859];4525.03872;400),(529117.76352;[0.8869];[-0.0631];4374.80842;[0.8794];[-0.0706];4355.75921;400),(547447.14236;[0.8592];[-0.0908];4215.51209;[0.8521];[-0.0979];4199.36619;400),(565623.32153;[0.7587];[-0.1913];4043.73330;[0.746];[-0.204];4027.55115;400)]"
4,9,4339.353855605571,[0.9212],[-0.0288],600255.5220127106,"[(31315.59896;[0.4158];[-0.5342];6213.19542;[0.4162];[-0.5338];6277.21411;100),(41723.36292;[0.4158];[-0.5342];6213.19542;[0.4162];[-0.5338];6277.21411;100),(46478.50537;[0.4158];[-0.5342];6213.19542;[0.4162];[-0.5338];6277.21411;100),(52585.19435;[0.4158];[-0.5342];6213.19542;[0.4162];[-0.5338];6277.21411;100),(58077.54254;[0.4158];[-0.5342];6213.19542;[0.4162];[-0.5338];6277.21411;100),(62736.02176;[0.4158];[-0.5342];6213.19542;[0.4162];[-0.5338];6277.21411;100),(63358.18410;[0.7302];[-0.2198];6359.57800;[0.7289];[-0.2211];6350.90407;100),(81237.52856;[0.4209];[-0.5291];6220.12483;[0.42];[-0.53];6283.38884;200),(90866.51802;[0.4209];[-0.5291];6220.12483;[0.42];[-0.53];6283.38884;200),(99223.21987;[0.4209];[-0.5291];6220.12483;[0.42];[-0.53];6283.38884;200),(108502.00987;[0.4209];[-0.5291];6220.12483;[0.42];[-0.53];6283.38884;200),(117313.57718;[0.4209];[-0.5291];6220.12483;[0.42];[-0.53];6283.38884;200),(126259.86886;[0.4209];[-0.5291];6220.12483;[0.42];[-0.53];6283.38884;200),(126681.59270;[0.7525];[-0.1975];6362.33358;[0.7511];[-0.1989];6355.70166;200),(129303.90859;[0.8236];[-0.1264];5167.36927;[0.8195];[-0.1305];5163.45707;200),(130171.17071;[0.8032];[-0.1468];4032.60899;[0.7988];[-0.1512];4032.32952;200),(131660.31575;[0.7105];[-0.2395];3944.10687;[0.7089];[-0.2411];3943.50242;200),(133731.81581;[0.702];[-0.248];3916.49187;[0.7005];[-0.2495];3915.86357;200),(134156.00896;[0.7028];[-0.2472];3914.34068;[0.7011];[-0.2489];3913.72789;200),(135014.44149;[0.69];[-0.26];3885.57631;[0.6884];[-0.2616];3884.94962;200),(137801.59974;[0.6881];[-0.2619];3878.37634;[0.6862];[-0.2638];3877.75027;200),(140958.28915;[0.6879];[-0.2621];3877.56332;[0.6859];[-0.2641];3876.94124;200),(150951.97749;[0.7525];[-0.1975];6362.33358;[0.7511];[-0.1989];6355.70166;200),(164768.70775;[0.8085];[-0.1415];5317.72658;[0.8053];[-0.1447];5313.93266;200),(177740.96704;[0.8683];[-0.0817];4521.37588;[0.8679];[-0.0821];4521.00265;200),(188319.36049;[0.922];[-0.028];4339.60410;[0.9212];[-0.0288];4339.35386;200),(198549.56269;[0.8412];[-0.1088];4131.59112;[0.8377];[-0.1123];4131.37116;200),(217510.75912;[0.6879];[-0.2621];3877.56332;[0.6859];[-0.2641];3876.94124;200),(234323.01211;[0.7525];[-0.1975];6362.33358;[0.7511];[-0.1989];6355.70166;200),(245230.30901;[0.8041];[-0.1459];5329.63591;[0.7996];[-0.1504];5325.80850;200),(258709.64098;[0.8665];[-0.0835];4530.68314;[0.8647];[-0.0853];4530.33794;200),(270149.55926;[0.8812];[-0.0688];4356.35492;[0.8794];[-0.0706];4355.75921;200),(280022.00031;[0.8804];[-0.0696];4194.90922;[0.8773];[-0.0727];4194.69258;200),(298816.71000;[0.7826];[-0.1674];4037.84612;[0.7799];[-0.1701];4037.56446;200),(300363.46173;[0.7425];[-0.2075];3955.99797;[0.7423];[-0.2077];3955.50405;200),(302266.58344;[0.7024];[-0.2476];3917.49760;[0.7006];[-0.2494];3916.85990;200),(302716.19439;[0.7027];[-0.2473];3914.78764;[0.701];[-0.249];3914.16919;200),(303751.82700;[0.69];[-0.26];3885.57631;[0.6884];[-0.2616];3884.94962;200),(305576.73144;[0.6879];[-0.2621];3877.56332;[0.6859];[-0.2641];3876.94124;200),(318558.07638;[0.7525];[-0.1975];6362.33358;[0.7511];[-0.1989];6355.70166;200),(332931.59151;[0.8027];[-0.1473];5316.21580;[0.7989];[-0.1511];5312.19374;200),(345879.67682;[0.8733];[-0.0767];4527.96356;[0.8731];[-0.0769];4527.62408;200),(356466.53795;[0.9123];[-0.0377];4355.42908;[0.9105];[-0.0395];4355.10751;200),(366120.05448;[0.8589];[-0.0911];4193.28561;[0.8566];[-0.0934];4192.94197;200),(385104.22778;[0.7826];[-0.1674];4037.84612;[0.7799];[-0.1701];4037.56446;200),(385986.54532;[0.7105];[-0.2395];3944.10687;[0.7089];[-0.2411];3943.50242;200),(386561.15699;[0.7027];[-0.2473];3914.78764;[0.701];[-0.249];3914.16919;200),(388058.47931;[0.7028];[-0.2472];3914.34068;[0.7011];[-0.2489];3913.72789;200),(388929.71420;[0.7003];[-0.2497];3911.99110;[0.6992];[-0.2508];3911.37291;200),(400306.60725;[0.7525];[-0.1975];6362.33358;[0.7511];[-0.1989];6355.70166;200),(415465.59000;[0.8085];[-0.1415];5317.72658;[0.8053];[-0.1447];5313.93266;200),(427717.09085;[0.8657];[-0.0843];4525.86751;[0.8647];[-0.0853];4525.46079;200),(437239.01081;[0.9123];[-0.0377];4355.42908;[0.9105];[-0.0395];4355.10751;200),(447459.93185;[0.8589];[-0.0911];4193.28561;[0.8566];[-0.0934];4192.94197;200),(465512.67290;[0.7823];[-0.1677];4038.05534;[0.7795];[-0.1705];4037.76898;200),(466417.42826;[0.7105];[-0.2395];3944.10687;[0.7089];[-0.2411];3943.50242;200),(467217.92316;[0.7027];[-0.2473];3914.78764;[0.701];[-0.249];3914.16919;200),(467995.19444;[0.7028];[-0.2472];3914.34068;[0.7011];[-0.2489];3913.72789;200),(468691.81943;[0.7003];[-0.2497];3911.99110;[0.6992];[-0.2508];3911.37291;200),(479771.16823;[0.7525];[-0.1975];6362.33358;[0.7511];[-0.1989];6355.70166;200),(495079.00596;[0.8183];[-0.1317];5310.17971;[0.8144];[-0.1356];5306.58601;200),(508427.88672;[0.8707];[-0.0793];4513.42464;[0.8704];[-0.0796];4512.98175;200),(518198.93861;[0.9123];[-0.0377];4355.42908;[0.9105];[-0.0395];4355.10751;200),(528066.23125;[0.8589];[-0.0911];4193.28561;[0.8566];[-0.0934];4192.94197;200),(536904.50168;[0.7003];[-0.2497];3911.99110;[0.6992];[-0.2508];3911.37291;200),(539182.20472;[0.7003];[-0.2497];3911.99110;[0.6992];[-0.2508];3911.37291;200),(549610.23498;[0.7525];[-0.1975];6362.33358;[0.7511];[-0.1989];6355.70166;200),(565707.14974;[0.8183];[-0.1317];5310.17971;[0.8144];[-0.1356];5306.58601;200),(581207.78871;[0.8707];[-0.0793];4513.42464;[0.8704];[-0.0796];4512.98175;200),(590773.52023;[0.9123];[-0.0377];4355.42908;[0.9105];[-0.0395];4355.10751;200),(600032.79281;[0.8589];[-0.0911];4193.28561;[0.8566];[-0.0934];4192.94197;200)]"
4,6,5371.624633186447,[0.9916],[0.0416],600003.3662319183,"[(30500.40507;[0.7736];[-0.1764];6386.15369;[0.7682];[-0.1818];6338.99328;100),(40992.40804;[0.7736];[-0.1764];6386.15369;[0.7682];[-0.1818];6338.99328;100),(45671.95678;[0.7736];[-0.1764];6386.15369;[0.7682];[-0.1818];6338.99328;100),(50950.28090;[0.7736];[-0.1764];6386.15369;[0.7682];[-0.1818];6338.99328;100),(56642.08579;[0.7736];[-0.1764];6386.15369;[0.7682];[-0.1818];6338.99328;100),(61316.14804;[0.7736];[-0.1764];6386.15369;[0.7682];[-0.1818];6338.99328;100),(62227.11730;[0.9284];[-0.0216];5194.42156;[0.9268];[-0.0232];5175.48582;100),(62919.85822;[0.9496];[-0.0004];4266.43055;[0.9442];[-0.0058];4259.86665;100),(64491.88709;[0.8862];[-0.0638];4111.89917;[0.8812];[-0.0688];4105.87638;100),(66771.64149;[0.7579];[-0.1921];3990.59905;[0.7518];[-0.1982];3983.25043;100),(67774.33419;[0.7379];[-0.2121];3933.57907;[0.733];[-0.217];3926.71367;100),(68403.66554;[0.6935];[-0.2565];3869.82781;[0.6893];[-0.2607];3862.73243;100),(70449.65672;[0.6735];[-0.2765];3829.62527;[0.6695];[-0.2805];3822.94823;100),(78071.41829;[0.7736];[-0.1764];6386.15369;[0.7682];[-0.1818];6338.99328;100),(83771.67320;[1.];[0.05];4625.15247;[1.];[0.05];4625.68377;100),(90048.40112;[0.9935];[0.0435];5387.40604;[0.9928];[0.0428];5368.51560;100),(97522.97091;[0.8233];[-0.1267];6030.38374;[0.8205];[-0.1295];5994.14233;100),(103876.57237;[0.799];[-0.151];5784.35681;[0.7935];[-0.1565];5748.02057;100),(106456.98690;[1.];[0.05];4530.40218;[1.];[0.05];4523.79938;100),(108698.46916;[0.8847];[-0.0653];5248.39503;[0.88];[-0.07];5226.68198;100),(109297.06049;[1.];[0.05];4613.83755;[1.];[0.05];4612.47765;100),(111959.36179;[0.8491];[-0.1009];5193.78776;[0.8437];[-0.1063];5170.28302;100),(114699.79405;[0.8466];[-0.1034];5125.60172;[0.8411];[-0.1089];5102.82062;100),(117576.42269;[0.84];[-0.11];5066.37976;[0.834];[-0.116];5044.11464;100),(118507.32207;[1.];[0.05];4611.79230;[1.];[0.05];4611.13562;100),(119176.39112;[0.8389];[-0.1111];5035.35737;[0.8341];[-0.1159];5013.41878;100),(120019.85431;[1.];[0.05];4617.25490;[1.];[0.05];4616.18631;100),(120897.01343;[1.];[0.05];4617.25490;[1.];[0.05];4616.18631;100),(123993.64090;[1.];[0.05];4612.97551;[1.];[0.05];4612.61155;100),(124614.89558;[0.8389];[-0.1111];5035.35737;[0.8341];[-0.1159];5013.41878;100),(128163.90657;[1.];[0.05];4612.97551;[1.];[0.05];4612.61155;100),(128807.03855;[0.8389];[-0.1111];5035.35737;[0.8341];[-0.1159];5013.41878;100),(145858.86741;[0.7658];[-0.1842];6393.75871;[0.761];[-0.189];6345.87317;200),(154291.90516;[0.7658];[-0.1842];6393.75871;[0.761];[-0.189];6345.87317;200),(163894.40536;[0.7658];[-0.1842];6393.75871;[0.761];[-0.189];6345.87317;200),(173938.51280;[0.7658];[-0.1842];6393.75871;[0.761];[-0.189];6345.87317;200),(183199.96524;[0.7658];[-0.1842];6393.75871;[0.761];[-0.189];6345.87317;200),(193281.61550;[0.7658];[-0.1842];6393.75871;[0.761];[-0.189];6345.87317;200),(196050.92359;[0.8575];[-0.0925];5121.02747;[0.8523];[-0.0977];5099.11215;200),(198092.43464;[0.8786];[-0.0714];4084.57318;[0.8734];[-0.0766];4078.69794;200),(199158.53095;[0.738];[-0.212];3899.22400;[0.7315];[-0.2185];3892.92459;200),(200612.41031;[0.6198];[-0.3302];3764.09405;[0.6127];[-0.3373];3757.29190;200),(204525.97237;[0.5257];[-0.4243];3655.58322;[0.5204];[-0.4296];3649.98963;200),(205871.65141;[0.5023];[-0.4477];3636.40773;[0.4977];[-0.4523];3631.61823;200),(208381.71148;[0.497];[-0.453];3632.03467;[0.4919];[-0.4581];3627.28187;200),(219050.72999;[0.766];[-0.184];6393.27085;[0.7613];[-0.1887];6345.36396;200),(228614.00747;[1.];[0.05];4631.86137;[1.];[0.05];4629.64523;200),(238701.91693;[0.9922];[0.0422];5390.65762;[0.9916];[0.0416];5371.62463;200),(249413.69176;[0.8504];[-0.0996];6057.39159;[0.8448];[-0.1052];6023.92001;200),(259835.67095;[0.8062];[-0.1438];5931.38471;[0.8005];[-0.1495];5893.61314;200),(270237.15115;[0.8023];[-0.1477];5810.19925;[0.797];[-0.153];5773.90549;200),(274906.01063;[0.9279];[-0.0221];4522.15133;[0.9234];[-0.0266];4512.40966;200),(275641.04748;[0.9718];[0.0218];4306.52560;[0.969];[0.019];4300.00580;200),(277351.70817;[0.9359];[-0.0141];4436.57611;[0.9301];[-0.0199];4427.75657;200),(279068.21871;[0.9478];[-0.0022];4384.10660;[0.9414];[-0.0086];4376.11744;200),(281991.27769;[0.9571];[0.0071];4344.30760;[0.9522];[0.0022];4337.03913;200),(283107.22065;[0.9602];[0.0102];4369.53732;[0.9571];[0.0071];4362.04712;200),(283869.03429;[0.9855];[0.0355];4368.69244;[0.9845];[0.0345];4361.85903;200),(284907.02200;[0.9616];[0.0116];4375.49799;[0.9592];[0.0092];4367.93609;200),(285717.71550;[0.9846];[0.0346];4373.80012;[0.9839];[0.0339];4366.90157;200),(286267.64059;[0.9478];[-0.0022];4384.10660;[0.9414];[-0.0086];4376.11744;200),(288166.34750;[0.9585];[0.0085];4378.16536;[0.9555];[0.0055];4370.48743;200),(288729.62260;[0.9478];[-0.0022];4384.10660;[0.9414];[-0.0086];4376.11744;200),(289186.83934;[0.9478];[-0.0022];4384.10660;[0.9414];[-0.0086];4376.11744;200),(323681.82969;[0.7535];[-0.1965];6410.71195;[0.7481];[-0.2019];6360.11003;400),(342078.84979;[0.7535];[-0.1965];6410.71195;[0.7481];[-0.2019];6360.11003;400),(360835.68048;[0.7535];[-0.1965];6410.71195;[0.7481];[-0.2019];6360.11003;400),(379320.59765;[0.7535];[-0.1965];6410.71195;[0.7481];[-0.2019];6360.11003;400),(396975.15273;[0.7535];[-0.1965];6410.71195;[0.7481];[-0.2019];6360.11003;400),(413722.68915;[0.7535];[-0.1965];6410.71195;[0.7481];[-0.2019];6360.11003;400),(431327.88062;[0.7535];[-0.1965];6410.71195;[0.7481];[-0.2019];6360.11003;400),(432584.30815;[0.8321];[-0.1179];5054.21884;[0.8272];[-0.1228];5031.61239;400),(434454.26440;[0.9008];[-0.0492];4519.47415;[0.8946];[-0.0554];4508.80704;400),(435769.48833;[0.9728];[0.0228];4355.56355;[0.9693];[0.0193];4348.48861;400),(437011.97028;[0.9466];[-0.0034];4442.74032;[0.9401];[-0.0099];4434.05186;400),(437919.91615;[0.962];[0.012];4404.42162;[0.9603];[0.0103];4396.59440;400),(438863.69109;[0.9322];[-0.0178];4423.80605;[0.9266];[-0.0234];4415.13010;400),(439868.35313;[0.9274];[-0.0226];4415.79608;[0.923];[-0.027];4406.98443;400),(441067.01279;[0.9287];[-0.0213];4409.92594;[0.9253];[-0.0247];4401.19528;400),(443187.86645;[0.936];[-0.014];4406.11987;[0.9301];[-0.0199];4397.60542;400),(445043.97631;[0.962];[0.012];4404.42162;[0.9603];[0.0103];4396.59440;400),(446144.70959;[0.962];[0.012];4404.42162;[0.9603];[0.0103];4396.59440;400),(447171.12160;[0.9311];[-0.0189];4406.40522;[0.9252];[-0.0248];4397.83295;400),(448150.35629;[0.9311];[-0.0189];4406.40522;[0.9252];[-0.0248];4397.83295;400),(449019.25230;[0.9311];[-0.0189];4406.40522;[0.9252];[-0.0248];4397.83295;400),(450024.64938;[0.9311];[-0.0189];4406.40522;[0.9252];[-0.0248];4397.83295;400),(467791.70513;[0.7535];[-0.1965];6410.71195;[0.7481];[-0.2019];6360.11003;400),(486947.85714;[0.8938];[-0.0562];5421.33563;[0.8888];[-0.0612];5398.98594;400),(506184.75723;[0.832];[-0.118];5056.74380;[0.8268];[-0.1232];5034.01340;400),(524569.05079;[0.9998];[0.0498];4569.20050;[0.9997];[0.0497];4561.62660;400),(542628.78394;[0.9957];[0.0457];4621.80274;[0.9969];[0.0469];4613.52225;400),(560346.54450;[1.];[0.05];4636.87199;[1.];[0.05];4631.60870;400),(579071.25902;[0.7934];[-0.1566];4926.60093;[0.7867];[-0.1633];4903.19751;400),(597456.80737;[1.];[0.05];4637.97527;[1.];[0.05];4632.95671;400),(598723.24324;[0.9111];[-0.0389];4487.78561;[0.9062];[-0.0438];4477.69198;400),(599663.92899;[0.9499];[-0.0001];4321.81604;[0.9439];[-0.0061];4314.69599;400)]"
4,10,4371.376654695255,[0.8862],[-0.0638],613709.4373703003,"[(31646.78335;[0.4132];[-0.5368];6432.35936;[0.4083];[-0.5417];6230.49179;100),(32329.15711;[0.4139];[-0.5361];6336.35684;[0.4064];[-0.5436];6122.02705;200),(33061.92207;[0.4157];[-0.5343];6442.61713;[0.4103];[-0.5397];6241.31490;400),(69844.63930;[0.4157];[-0.5343];6442.61713;[0.4103];[-0.5397];6241.31490;400),(88120.51725;[0.4157];[-0.5343];6442.61713;[0.4103];[-0.5397];6241.31490;400),(106505.95379;[0.4157];[-0.5343];6442.61713;[0.4103];[-0.5397];6241.31490;400),(125178.12228;[0.4157];[-0.5343];6442.61713;[0.4103];[-0.5397];6241.31490;400),(142417.99712;[0.4157];[-0.5343];6442.61713;[0.4103];[-0.5397];6241.31490;400),(160413.74588;[0.4157];[-0.5343];6442.61713;[0.4103];[-0.5397];6241.31490;400),(178642.89427;[0.4157];[-0.5343];6442.61713;[0.4103];[-0.5397];6241.31490;400),(179574.02158;[0.7511];[-0.1989];6408.72802;[0.7481];[-0.2019];6318.03764;400),(180238.16109;[0.7886];[-0.1614];4993.47630;[0.7884];[-0.1616];4955.38885;400),(181517.04001;[0.8601];[-0.0899];4481.36765;[0.865];[-0.085];4463.07469;400),(182211.15136;[0.8715];[-0.0785];4308.42087;[0.8756];[-0.0744];4294.49314;400),(183038.10167;[0.7994];[-0.1506];4137.52727;[0.7999];[-0.1501];4124.95078;400),(183628.89123;[0.7143];[-0.2357];3948.41690;[0.7074];[-0.2426];3937.28818;400),(184964.21671;[0.5829];[-0.3671];3722.46793;[0.5795];[-0.3705];3714.76607;400),(186249.10760;[0.5806];[-0.3694];3717.66443;[0.5768];[-0.3732];3710.09483;400),(206095.40057;[0.7116];[-0.2384];6441.73134;[0.7065];[-0.2435];6334.12209;400),(224561.93614;[0.7694];[-0.1806];5758.14109;[0.7684];[-0.1816];5694.59251;400),(244632.73358;[0.8361];[-0.1139];4573.17364;[0.8418];[-0.1082];4551.96410;400),(266137.45046;[0.8706];[-0.0794];4385.31322;[0.8741];[-0.0759];4369.71666;400),(284959.57017;[0.8691];[-0.0809];4230.84364;[0.8722];[-0.0778];4218.43805;400),(302912.96744;[0.7544];[-0.1956];4039.46613;[0.7492];[-0.2008];4027.40313;400),(340584.63168;[0.7064];[-0.2436];3924.77894;[0.701];[-0.249];3914.16919;400),(342757.12967;[0.6488];[-0.3012];3816.57031;[0.6431];[-0.3069];3807.41561;400),(343317.55805;[0.6262];[-0.3238];3779.08383;[0.6196];[-0.3304];3770.58750;400),(344491.89019;[0.5806];[-0.3694];3717.66443;[0.5768];[-0.3732];3710.09483;400),(364970.94154;[0.7115];[-0.2385];6440.93068;[0.7065];[-0.2435];6333.24630;400),(383601.63474;[0.7845];[-0.1655];5416.83743;[0.7835];[-0.1665];5366.08377;400),(402288.63287;[0.8361];[-0.1139];4573.17364;[0.8418];[-0.1082];4551.96410;400),(421613.16228;[0.8805];[-0.0695];4387.20742;[0.8862];[-0.0638];4371.37665;400),(441651.92127;[0.8685];[-0.0815];4232.42899;[0.8709];[-0.0791];4219.93476;400),(459284.81269;[0.7573];[-0.1927];4050.20663;[0.7524];[-0.1976];4037.89153;400),(494870.03374;[0.7069];[-0.2431];3933.80805;[0.7014];[-0.2486];3922.87021;400),(497105.69763;[0.6696];[-0.2804];3847.11264;[0.6648];[-0.2852];3837.69829;400),(498016.62922;[0.6262];[-0.3238];3779.67532;[0.6197];[-0.3303];3771.15783;400),(499118.56079;[0.6262];[-0.3238];3779.08383;[0.6196];[-0.3304];3770.58750;400),(499541.10527;[0.6262];[-0.3238];3779.08383;[0.6196];[-0.3304];3770.58750;400),(500044.37470;[0.6262];[-0.3238];3779.08383;[0.6196];[-0.3304];3770.58750;400),(520251.60742;[0.7063];[-0.2437];6432.88765;[0.7014];[-0.2486];6322.01942;400),(538876.40548;[0.7894];[-0.1606];5420.29394;[0.7864];[-0.1636];5369.89110;400),(557325.18029;[0.8361];[-0.1139];4573.17364;[0.8418];[-0.1082];4551.96410;400),(576828.92179;[0.8805];[-0.0695];4387.20742;[0.8862];[-0.0638];4371.37665;400),(596608.29496;[0.8681];[-0.0819];4236.61903;[0.8711];[-0.0789];4224.06845;400)]"
5,1,4708.348988998482,[0.4553],[-0.4947],604224.0941524506,"[(29901.86262;[0.4386];[-0.5114];4725.31157;[0.4369];[-0.5131];4705.33954;100),(40010.37431;[0.4386];[-0.5114];4725.31157;[0.4369];[-0.5131];4705.33954;100),(48215.88111;[0.4386];[-0.5114];4725.31157;[0.4369];[-0.5131];4705.33954;100),(52915.37356;[0.4386];[-0.5114];4725.31157;[0.4369];[-0.5131];4705.33954;100),(58256.11258;[0.4386];[-0.5114];4725.31157;[0.4369];[-0.5131];4705.33954;100),(63434.04818;[0.4386];[-0.5114];4725.31157;[0.4369];[-0.5131];4705.33954;100),(65107.05471;[0.3479];[-0.6021];4153.24981;[0.3468];[-0.6032];4142.15186;100),(66740.18216;[0.112];[-0.838];3556.49536;[0.1067];[-0.8433];3552.09948;100),(67340.47532;[0.0177];[-0.9323];3341.79683;[0.0161];[-0.9339];3339.05986;100),(68022.11356;[0.0004];[-0.9496];2905.40418;[0.0006];[-0.9494];2903.30146;100),(68756.45256;[0.0001];[-0.9499];2831.46484;[0.0001];[-0.9499];2829.71121;100),(69947.19243;[0.];[-0.95];2788.91964;[0.];[-0.95];2787.38598;100),(70880.54061;[0.];[-0.95];2788.91964;[0.];[-0.95];2787.38598;100),(75204.94914;[0.4386];[-0.5114];4725.31157;[0.4369];[-0.5131];4705.33954;100),(81309.99947;[0.1403];[-0.8097];3602.64673;[0.1355];[-0.8145];3597.56778;100),(89323.38953;[0.0328];[-0.9172];3393.61301;[0.0322];[-0.9178];3390.49917;100),(95984.99727;[0.0079];[-0.9421];3212.53989;[0.0076];[-0.9424];3209.82872;100),(101129.13799;[0.];[-0.95];2788.91964;[0.];[-0.95];2787.38598;100),(107810.38904;[0.4386];[-0.5114];4725.64403;[0.4376];[-0.5124];4705.66938;100),(117156.72398;[0.1295];[-0.8205];3587.86277;[0.1263];[-0.8237];3583.13781;100),(124510.54621;[0.0249];[-0.9251];3372.56177;[0.0237];[-0.9263];3369.71762;100),(131845.67618;[0.0037];[-0.9463];3128.46690;[0.0039];[-0.9461];3126.10937;100),(143516.78133;[0.];[-0.95];2788.91964;[0.];[-0.95];2787.38598;100),(148664.27088;[0.4386];[-0.5114];4725.31157;[0.4369];[-0.5131];4705.33954;100),(153965.47318;[0.1336];[-0.8164];3614.06929;[0.1298];[-0.8202];3609.35890;100),(162115.87644;[0.0403];[-0.9097];3418.68342;[0.0384];[-0.9116];3415.50992;100),(166756.03247;[0.0091];[-0.9409];3269.20060;[0.009];[-0.941];3266.71373;100),(172294.63482;[0.0017];[-0.9483];3026.49150;[0.0028];[-0.9472];3024.08697;100),(173151.26157;[0.001];[-0.949];2948.27405;[0.0011];[-0.9489];2945.92979;100),(173808.86650;[0.0004];[-0.9496];2901.64606;[0.0006];[-0.9494];2899.53978;100),(174563.12823;[0.0002];[-0.9498];2868.13231;[0.0002];[-0.9498];2866.23297;100),(175427.28019;[0.0002];[-0.9498];2867.20049;[0.0002];[-0.9498];2865.30815;100),(181346.97366;[0.4392];[-0.5108];4725.90130;[0.4381];[-0.5119];4705.86739;100),(187568.19916;[0.1252];[-0.8248];3589.84652;[0.1218];[-0.8282];3585.33070;100),(196297.91212;[0.0326];[-0.9174];3395.20607;[0.0316];[-0.9184];3392.17880;100),(202980.51095;[0.0075];[-0.9425];3224.34695;[0.0073];[-0.9427];3221.78712;100),(212879.32730;[0.0017];[-0.9483];3040.02340;[0.0025];[-0.9475];3037.73732;100),(214207.73983;[0.001];[-0.949];2949.15531;[0.0011];[-0.9489];2946.83091;100),(215056.51522;[0.0004];[-0.9496];2901.64606;[0.0006];[-0.9494];2899.53978;100),(215849.52974;[0.0002];[-0.9498];2871.53706;[0.0002];[-0.9498];2869.61109;100),(216517.93766;[0.0002];[-0.9498];2871.02340;[0.0002];[-0.9498];2869.10272;100),(217086.91835;[0.0002];[-0.9498];2868.13231;[0.0002];[-0.9498];2866.23297;100),(217586.81631;[0.0002];[-0.9498];2867.20049;[0.0002];[-0.9498];2865.30815;100),(222957.83377;[0.4401];[-0.5099];4727.50792;[0.4387];[-0.5113];4707.96726;100),(228984.38978;[0.1275];[-0.8225];3594.73080;[0.1242];[-0.8258];3590.19646;100),(236157.78995;[0.0403];[-0.9097];3399.45231;[0.0388];[-0.9112];3396.07837;100),(243403.73635;[0.0054];[-0.9446];3232.03320;[0.0052];[-0.9448];3229.87419;100),(254342.55123;[0.0017];[-0.9483];3059.99632;[0.0029];[-0.9471];3057.62612;100),(255415.13753;[0.0012];[-0.9488];2975.32934;[0.0015];[-0.9485];2973.05028;100),(256201.52807;[0.0004];[-0.9496];2903.76301;[0.0006];[-0.9494];2901.67518;100),(257821.54465;[0.0002];[-0.9498];2871.53706;[0.0002];[-0.9498];2869.61109;100),(258238.60908;[0.0002];[-0.9498];2871.02340;[0.0002];[-0.9498];2869.10272;100),(258914.02483;[0.0002];[-0.9498];2867.20049;[0.0002];[-0.9498];2865.30815;100),(264058.03466;[0.4427];[-0.5073];4729.97869;[0.4412];[-0.5088];4710.14710;100),(272769.67502;[0.121];[-0.829];3584.03954;[0.1172];[-0.8328];3579.56836;100),(280997.43652;[0.0237];[-0.9263];3378.12967;[0.022];[-0.928];3375.36320;100),(287418.68544;[0.0078];[-0.9422];3238.25258;[0.0076];[-0.9424];3235.74533;100),(299616.32800;[0.0044];[-0.9456];3070.13217;[0.0049];[-0.9451];3067.43288;100),(301037.73141;[0.0017];[-0.9483];2981.93256;[0.0028];[-0.9472];2979.34538;100),(301898.16213;[0.0004];[-0.9496];2901.64606;[0.0006];[-0.9494];2899.53978;100),(302985.13293;[0.0002];[-0.9498];2868.13231;[0.0002];[-0.9498];2866.23297;100),(303937.15715;[0.0002];[-0.9498];2867.20049;[0.0002];[-0.9498];2865.30815;100),(308415.15279;[0.4442];[-0.5058];4728.80864;[0.4431];[-0.5069];4709.72900;100),(314789.94966;[0.1308];[-0.8192];3589.19621;[0.127];[-0.823];3584.54054;100),(322582.07107;[0.0283];[-0.9217];3381.76738;[0.0274];[-0.9226];3378.78793;100),(328757.45273;[0.0099];[-0.9401];3245.72998;[0.0098];[-0.9402];3243.00724;100),(340758.37326;[0.0043];[-0.9457];3089.17712;[0.0045];[-0.9455];3086.54833;100),(341804.55995;[0.0017];[-0.9483];3001.51328;[0.0027];[-0.9473];2999.07215;100),(342587.98766;[0.0002];[-0.9498];2871.02340;[0.0002];[-0.9498];2869.10272;100),(343766.51430;[0.0002];[-0.9498];2868.13231;[0.0002];[-0.9498];2866.23297;100),(344299.09205;[0.0002];[-0.9498];2867.20049;[0.0002];[-0.9498];2865.30815;100),(349965.27672;[0.4447];[-0.5053];4728.81776;[0.4437];[-0.5063];4709.58963;100),(356768.87393;[0.1237];[-0.8263];3581.14905;[0.1194];[-0.8306];3576.54131;100),(364406.41904;[0.0303];[-0.9197];3386.31493;[0.0299];[-0.9201];3383.28045;100),(369841.28451;[0.0076];[-0.9424];3254.29663;[0.0073];[-0.9427];3251.87906;100),(375715.20925;[0.0002];[-0.9498];2867.20049;[0.0002];[-0.9498];2865.30815;100),(377179.09932;[0.0002];[-0.9498];2867.20049;[0.0002];[-0.9498];2865.30815;100),(381721.65084;[0.4447];[-0.5053];4728.81776;[0.4437];[-0.5063];4709.58963;100),(389276.87311;[0.1237];[-0.8263];3581.14905;[0.1194];[-0.8306];3576.54131;100),(397356.94647;[0.0322];[-0.9178];3387.49780;[0.0313];[-0.9187];3384.36170;100),(402107.85866;[0.0076];[-0.9424];3254.29663;[0.0073];[-0.9427];3251.87906;100),(407861.98449;[0.0002];[-0.9498];2867.20049;[0.0002];[-0.9498];2865.30815;100),(415136.57022;[0.4479];[-0.5021];4730.43813;[0.4484];[-0.5016];4711.53332;100),(421860.04734;[0.1237];[-0.8263];3581.14905;[0.1194];[-0.8306];3576.54131;100),(430411.64780;[0.0322];[-0.9178];3387.49780;[0.0313];[-0.9187];3384.36170;100),(436435.57119;[0.0076];[-0.9424];3254.29663;[0.0073];[-0.9427];3251.87906;100),(448602.06985;[0.0041];[-0.9459];3106.54632;[0.0045];[-0.9455];3104.00544;100),(449445.41049;[0.0017];[-0.9483];3023.46034;[0.0028];[-0.9472];3021.04893;100),(450116.77456;[0.001];[-0.949];2974.75229;[0.0012];[-0.9488];2972.47995;100),(451403.83506;[0.0004];[-0.9496];2899.78239;[0.0006];[-0.9494];2897.68391;100),(452267.50374;[0.0004];[-0.9496];2898.65761;[0.0006];[-0.9494];2896.55954;100),(458321.88153;[0.4492];[-0.5008];4729.29271;[0.4499];[-0.5001];4710.75889;100),(465953.89724;[0.1207];[-0.8293];3572.83665;[0.1169];[-0.8331];3568.15491;100),(472807.63292;[0.0239];[-0.9261];3370.97656;[0.0221];[-0.9279];3368.14663;100),(479308.91705;[0.0078];[-0.9422];3205.53267;[0.0076];[-0.9424];3202.85569;100),(496819.26298;[0.4492];[-0.5008];4729.29271;[0.4499];[-0.5001];4710.75889;100),(503363.97290;[0.1286];[-0.8214];3586.05247;[0.1244];[-0.8256];3581.34680;100),(512220.81232;[0.0259];[-0.9241];3390.51604;[0.0246];[-0.9254];3387.74886;100),(518130.87702;[0.0081];[-0.9419];3260.21643;[0.0079];[-0.9421];3257.76117;100),(525500.38576;[0.0031];[-0.9469];3117.90073;[0.0034];[-0.9466];3115.53145;100),(526429.97861;[0.0017];[-0.9483];3026.86273;[0.0028];[-0.9472];3024.45280;100),(527154.55747;[0.0017];[-0.9483];2981.11585;[0.0028];[-0.9472];2978.53635;100),(527898.22125;[0.0008];[-0.9492];2937.56023;[0.0009];[-0.9491];2935.29710;100),(529149.63245;[0.0008];[-0.9492];2937.56023;[0.0009];[-0.9491];2935.29710;100),(534549.58916;[0.4501];[-0.4999];4729.69650;[0.4505];[-0.4995];4711.12535;100),(544553.23815;[0.1254];[-0.8246];3578.96932;[0.121];[-0.829];3574.24546;100),(552494.86470;[0.0252];[-0.9248];3374.93712;[0.024];[-0.926];3372.05598;100),(559084.84840;[0.0069];[-0.9431];3217.77976;[0.0069];[-0.9431];3215.29983;100),(565007.58076;[0.0008];[-0.9492];2937.56023;[0.0009];[-0.9491];2935.29710;100),(571863.73734;[0.4554];[-0.4946];4726.29340;[0.4553];[-0.4947];4708.34899;100),(578204.80299;[0.1099];[-0.8401];3564.75999;[0.1053];[-0.8447];3560.48599;100),(586162.11390;[0.0252];[-0.9248];3374.93712;[0.024];[-0.926];3372.05598;100),(592310.92286;[0.0069];[-0.9431];3217.77976;[0.0069];[-0.9431];3215.29983;100),(599316.39814;[0.0008];[-0.9492];2937.56023;[0.0009];[-0.9491];2935.29710;100)]"
5,2,4679.508754935371,[0.4293],[-0.5207],600472.8314876556,"[(30688.06577;[0.3106];[-0.6394];4508.93158;[0.3023];[-0.6477];4453.45115;100),(31314.67819;[0.4328];[-0.5172];4754.62507;[0.4293];[-0.5207];4679.50875;200),(47453.76921;[0.4328];[-0.5172];4754.62507;[0.4293];[-0.5207];4679.50875;200),(58363.71422;[0.4328];[-0.5172];4754.62507;[0.4293];[-0.5207];4679.50875;200),(68439.01181;[0.4328];[-0.5172];4754.62507;[0.4293];[-0.5207];4679.50875;200),(78056.83088;[0.4328];[-0.5172];4754.62507;[0.4293];[-0.5207];4679.50875;200),(86209.97214;[0.4328];[-0.5172];4754.62507;[0.4293];[-0.5207];4679.50875;200),(95719.65694;[0.4328];[-0.5172];4754.62507;[0.4293];[-0.5207];4679.50875;200),(97302.78349;[0.3653];[-0.5847];4202.09272;[0.3615];[-0.5885];4162.29121;200),(98706.95853;[0.1179];[-0.8321];3529.38243;[0.1117];[-0.8383];3513.59611;200),(99581.73060;[0.0214];[-0.9286];3282.02382;[0.018];[-0.932];3272.90452;200),(100628.06487;[0.0129];[-0.9371];3096.99932;[0.0111];[-0.9389];3086.54747;200),(102385.98609;[0.0017];[-0.9483];2963.06517;[0.0013];[-0.9487];2954.34749;200),(102909.74236;[0.0002];[-0.9498];2841.78898;[0.0001];[-0.9499];2834.72783;200),(103912.74214;[0.0002];[-0.9498];2840.94787;[0.0001];[-0.9499];2833.91058;200),(113554.54159;[0.4328];[-0.5172];4754.62507;[0.4293];[-0.5207];4679.50875;200),(123375.21076;[0.3662];[-0.5838];4212.48617;[0.3626];[-0.5874];4172.63042;200),(134972.11456;[0.0882];[-0.8618];3484.39675;[0.0817];[-0.8683];3471.11757;200),(145399.13678;[0.0239];[-0.9261];3314.95000;[0.0228];[-0.9272];3305.67046;200),(156182.92475;[0.0174];[-0.9326];3128.46200;[0.0153];[-0.9347];3117.59730;200),(176175.06218;[0.0002];[-0.9498];2840.94787;[0.0001];[-0.9499];2833.91058;200),(185514.05144;[0.4328];[-0.5172];4754.62507;[0.4293];[-0.5207];4679.50875;200),(194813.92598;[0.3772];[-0.5728];4259.44883;[0.3732];[-0.5768];4218.76412;200),(207039.70838;[0.0887];[-0.8613];3508.85010;[0.0834];[-0.8666];3495.93777;200),(217630.73897;[0.0297];[-0.9203];3347.38967;[0.0283];[-0.9217];3337.91796;200),(228296.07844;[0.0151];[-0.9349];3225.94765;[0.0132];[-0.9368];3217.18592;200),(239770.17021;[0.0072];[-0.9428];3056.62527;[0.0069];[-0.9431];3046.88079;200),(243104.76518;[0.001];[-0.949];2931.05041;[0.0006];[-0.9494];2922.77876;200),(244103.74165;[0.0002];[-0.9498];2873.26415;[0.0002];[-0.9498];2865.74567;200),(245535.09259;[0.0002];[-0.9498];2841.78898;[0.0001];[-0.9499];2834.72783;200),(245900.61641;[0.0002];[-0.9498];2841.78898;[0.0001];[-0.9499];2834.72783;200),(246595.15858;[0.0002];[-0.9498];2840.94787;[0.0001];[-0.9499];2833.91058;200),(255681.03695;[0.4328];[-0.5172];4754.62507;[0.4293];[-0.5207];4679.50875;200),(267160.35724;[0.3663];[-0.5837];4220.37791;[0.3627];[-0.5873];4180.97392;200),(278346.54307;[0.0999];[-0.8501];3493.51415;[0.0936];[-0.8564];3479.41875;200),(288665.69901;[0.0242];[-0.9258];3332.10645;[0.023];[-0.927];3323.12148;200),(298836.76362;[0.0162];[-0.9338];3188.78128;[0.014];[-0.936];3179.11121;200),(308518.51940;[0.0002];[-0.9498];2840.94787;[0.0001];[-0.9499];2833.91058;200),(318544.74497;[0.4328];[-0.5172];4754.62507;[0.4293];[-0.5207];4679.50875;200),(329937.76965;[0.3645];[-0.5855];4222.35200;[0.3616];[-0.5884];4183.53539;200),(341623.40260;[0.0999];[-0.8501];3493.51415;[0.0936];[-0.8564];3479.41875;200),(351090.07859;[0.0242];[-0.9258];3332.10645;[0.023];[-0.927];3323.12148;200),(361589.92720;[0.0162];[-0.9338];3188.78128;[0.014];[-0.936];3179.11121;200),(382301.93925;[0.0072];[-0.9428];3060.34725;[0.0069];[-0.9431];3050.65318;200),(384622.06030;[0.0017];[-0.9483];2963.06517;[0.0013];[-0.9487];2954.34749;200),(385763.75055;[0.0002];[-0.9498];2874.74809;[0.0002];[-0.9498];2867.18961;200),(386940.49740;[0.0002];[-0.9498];2874.10999;[0.0002];[-0.9498];2866.56950;200),(387547.56927;[0.0002];[-0.9498];2871.93053;[0.0002];[-0.9498];2864.35296;200),(388217.18264;[0.0002];[-0.9498];2840.94787;[0.0001];[-0.9499];2833.91058;200),(397505.61380;[0.4328];[-0.5172];4754.62507;[0.4293];[-0.5207];4679.50875;200),(408243.31546;[0.3706];[-0.5794];4223.54448;[0.3661];[-0.5839];4182.85838;200),(418454.30470;[0.0999];[-0.8501];3493.51415;[0.0936];[-0.8564];3479.41875;200),(428482.20205;[0.0242];[-0.9258];3332.10645;[0.023];[-0.927];3323.12148;200),(437876.27029;[0.017];[-0.933];3191.43696;[0.015];[-0.935];3181.66423;200),(447324.61071;[0.0002];[-0.9498];2840.94787;[0.0001];[-0.9499];2833.91058;200),(457514.49227;[0.4328];[-0.5172];4754.62507;[0.4293];[-0.5207];4679.50875;200),(468085.53267;[0.363];[-0.587];4202.57280;[0.3604];[-0.5896];4163.18456;200),(479314.23974;[0.0882];[-0.8618];3484.39675;[0.0817];[-0.8683];3471.11757;200),(488793.95270;[0.0242];[-0.9258];3332.10645;[0.023];[-0.927];3323.12148;200),(497697.28279;[0.017];[-0.933];3191.43696;[0.015];[-0.935];3181.66423;200),(515473.71888;[0.01];[-0.94];3079.56229;[0.009];[-0.941];3069.47819;200),(520148.94509;[0.0017];[-0.9483];2964.77909;[0.0013];[-0.9487];2956.07777;200),(525501.50323;[0.0008];[-0.9492];2907.16677;[0.0006];[-0.9494];2899.19377;200),(528465.98577;[0.0002];[-0.9498];2874.10999;[0.0002];[-0.9498];2866.56950;200),(530563.93147;[0.0002];[-0.9498];2871.93053;[0.0002];[-0.9498];2864.35296;200),(540695.25957;[0.4328];[-0.5172];4754.62507;[0.4293];[-0.5207];4679.50875;200),(550853.93262;[0.3637];[-0.5863];4213.44270;[0.361];[-0.589];4174.20340;200),(562312.12449;[0.0848];[-0.8652];3487.53535;[0.0786];[-0.8714];3474.38878;200),(571054.89826;[0.0245];[-0.9255];3333.24662;[0.0233];[-0.9267];3324.22885;200),(580046.22936;[0.0175];[-0.9325];3195.09499;[0.0153];[-0.9347];3185.23138;200),(598731.92358;[0.0103];[-0.9397];3080.64496;[0.0094];[-0.9406];3070.48984;200)]"
5,3,4708.123078166436,[0.4551],[-0.4949],600660.5021953583,"[(32713.46664;[0.4542];[-0.4958];4715.47658;[0.4551];[-0.4949];4708.12308;100),(42877.82049;[0.4538];[-0.4962];4715.14838;[0.4553];[-0.4947];4707.94387;100),(48239.35080;[0.4538];[-0.4962];4715.14838;[0.4553];[-0.4947];4707.94387;100),(52787.70328;[0.4538];[-0.4962];4715.14838;[0.4553];[-0.4947];4707.94387;100),(58060.22429;[0.4538];[-0.4962];4715.14838;[0.4553];[-0.4947];4707.94387;100),(63423.03967;[0.4538];[-0.4962];4715.14838;[0.4553];[-0.4947];4707.94387;100),(65155.07174;[0.3177];[-0.6323];4059.92835;[0.3212];[-0.6288];4055.45522;100),(66524.29748;[0.0653];[-0.8847];3476.48321;[0.0643];[-0.8857];3475.41784;100),(68921.03839;[0.0211];[-0.9289];3353.51133;[0.0176];[-0.9324];3353.09852;100),(69380.97596;[0.0091];[-0.9409];3251.64870;[0.009];[-0.941];3251.17925;100),(71314.45885;[0.0023];[-0.9477];3128.75728;[0.0025];[-0.9475];3128.43351;100),(72322.04080;[0.0007];[-0.9493];3001.87732;[0.0006];[-0.9494];3001.24275;100),(73531.72731;[0.001];[-0.949];2948.04253;[0.0006];[-0.9494];2946.99084;100),(74409.64293;[0.0001];[-0.9499];2834.62425;[0.0001];[-0.9499];2833.53529;100),(76300.36712;[0.];[-0.95];2833.80139;[0.0001];[-0.9499];2832.71804;100),(76794.03305;[0.];[-0.95];2833.80139;[0.0001];[-0.9499];2832.71804;100),(84540.07411;[0.4538];[-0.4962];4715.14838;[0.4553];[-0.4947];4707.94387;100),(93445.71567;[0.3531];[-0.5969];4166.12009;[0.3527];[-0.5973];4161.02424;100),(100787.44745;[0.0641];[-0.8859];3475.36996;[0.0637];[-0.8863];3474.30678;100),(106467.74411;[0.0087];[-0.9413];3286.56315;[0.0086];[-0.9414];3286.47765;100),(111058.29239;[0.];[-0.95];2833.80139;[0.0001];[-0.9499];2832.71804;100),(113209.00416;[0.];[-0.95];2833.80139;[0.0001];[-0.9499];2832.71804;100),(118611.98545;[0.4538];[-0.4962];4715.14838;[0.4553];[-0.4947];4707.94387;100),(126251.32298;[0.3322];[-0.6178];4093.56806;[0.3351];[-0.6149];4088.60411;100),(133582.82685;[0.0543];[-0.8957];3451.35873;[0.0536];[-0.8964];3450.43435;100),(139717.09371;[0.005];[-0.945];3229.94058;[0.0051];[-0.9449];3229.85013;100),(151086.09295;[0.];[-0.95];2833.80139;[0.0001];[-0.9499];2832.71804;100),(158777.03214;[0.4538];[-0.4962];4715.14838;[0.4553];[-0.4947];4707.94387;100),(165472.21684;[0.3531];[-0.5969];4166.12009;[0.3527];[-0.5973];4161.02424;100),(173181.19121;[0.0622];[-0.8878];3476.09208;[0.0616];[-0.8884];3475.17078;100),(178029.90508;[0.0087];[-0.9413];3286.56315;[0.0086];[-0.9414];3286.47765;100),(191088.96899;[0.0024];[-0.9476];3124.54655;[0.0025];[-0.9475];3124.17149;100),(193860.73565;[0.0007];[-0.9493];3047.31450;[0.0006];[-0.9494];3047.00898;100),(195582.13377;[0.0009];[-0.9491];2993.22898;[0.0006];[-0.9494];2992.43723;100),(199071.04301;[0.0007];[-0.9493];2962.41864;[0.0006];[-0.9494];2961.49875;100),(202892.01546;[0.001];[-0.949];2946.63083;[0.0006];[-0.9494];2945.59274;100),(208860.48198;[0.0003];[-0.9497];2870.28780;[0.0002];[-0.9498];2869.10272;100),(215197.23630;[0.4538];[-0.4962];4715.14838;[0.4553];[-0.4947];4707.94387;100),(223215.88373;[0.3448];[-0.6052];4126.07396;[0.345];[-0.605];4120.81465;100),(230733.16979;[0.0648];[-0.8852];3484.56934;[0.0639];[-0.8861];3483.63743;100),(237058.73680;[0.0131];[-0.9369];3298.34362;[0.0119];[-0.9381];3297.94949;100),(243672.56689;[0.0003];[-0.9497];2870.28780;[0.0002];[-0.9498];2869.10272;100),(253574.79668;[0.0002];[-0.9498];2866.47501;[0.0002];[-0.9498];2865.30815;100),(259718.83345;[0.4538];[-0.4962];4715.14838;[0.4553];[-0.4947];4707.94387;100),(267375.85926;[0.3448];[-0.6052];4126.07396;[0.345];[-0.605];4120.81465;100),(273642.84873;[0.0648];[-0.8852];3484.56934;[0.0639];[-0.8861];3483.63743;100),(279755.62358;[0.0131];[-0.9369];3298.34362;[0.0119];[-0.9381];3297.94949;100),(288854.09474;[0.0002];[-0.9498];2866.47501;[0.0002];[-0.9498];2865.30815;100),(303585.25276;[0.4538];[-0.4962];4715.14838;[0.4553];[-0.4947];4707.94387;100),(310135.57243;[0.3448];[-0.6052];4126.07396;[0.345];[-0.605];4120.81465;100),(317949.82958;[0.0648];[-0.8852];3484.56934;[0.0639];[-0.8861];3483.63743;100),(324009.45258;[0.0131];[-0.9369];3298.34362;[0.0119];[-0.9381];3297.94949;100),(339146.18874;[0.0026];[-0.9474];3152.13218;[0.0027];[-0.9473];3151.88941;100),(342396.10958;[0.0016];[-0.9484];3083.29819;[0.001];[-0.949];3082.91199;100),(343952.02827;[0.001];[-0.949];3035.67328;[0.0006];[-0.9494];3035.28090;100),(346725.65675;[0.0007];[-0.9493];2989.27213;[0.0006];[-0.9494];2988.51126;100),(348925.76671;[0.0007];[-0.9493];2965.83096;[0.0006];[-0.9494];2964.90983;100),(353020.08104;[0.0007];[-0.9493];2962.41864;[0.0006];[-0.9494];2961.49875;100),(355356.13060;[0.001];[-0.949];2946.63083;[0.0006];[-0.9494];2945.59274;100),(355852.65923;[0.001];[-0.949];2946.63083;[0.0006];[-0.9494];2945.59274;100),(361639.17613;[0.4538];[-0.4962];4715.14838;[0.4553];[-0.4947];4707.94387;100),(369257.09057;[0.3271];[-0.6229];4082.46465;[0.3314];[-0.6186];4077.60255;100),(375926.18775;[0.0572];[-0.8928];3465.19294;[0.0573];[-0.8927];3464.23440;100),(381886.18207;[0.0142];[-0.9358];3304.29627;[0.0128];[-0.9372];3303.82903;100),(389811.80501;[0.001];[-0.949];2946.63083;[0.0006];[-0.9494];2945.59274;100),(402992.67459;[0.4538];[-0.4962];4715.14838;[0.4553];[-0.4947];4707.94387;100),(410582.87454;[0.3271];[-0.6229];4082.46465;[0.3314];[-0.6186];4077.60255;100),(417443.09616;[0.0572];[-0.8928];3465.19294;[0.0573];[-0.8927];3464.23440;100),(422921.42963;[0.0142];[-0.9358];3304.29627;[0.0128];[-0.9372];3303.82903;100),(436269.31429;[0.0036];[-0.9464];3176.72674;[0.0037];[-0.9463];3176.39546;100),(439507.48897;[0.0016];[-0.9484];3102.58068;[0.0012];[-0.9488];3102.27239;100),(443198.74477;[0.0007];[-0.9493];3047.31450;[0.0006];[-0.9494];3047.00898;100),(445727.69713;[0.0005];[-0.9495];3000.84534;[0.0006];[-0.9494];3000.24749;100),(448185.46414;[0.0007];[-0.9493];2965.83096;[0.0006];[-0.9494];2964.90983;100),(453082.55124;[0.0007];[-0.9493];2962.41864;[0.0006];[-0.9494];2961.49875;100),(460279.06275;[0.4538];[-0.4962];4715.14838;[0.4553];[-0.4947];4707.94387;100),(467837.38995;[0.3407];[-0.6093];4117.99614;[0.3422];[-0.6078];4112.82535;100),(475629.01568;[0.064];[-0.886];3472.62357;[0.0637];[-0.8863];3471.63443;100),(481357.64909;[0.0131];[-0.9369];3316.51526;[0.0122];[-0.9378];3316.22570;100),(494177.35744;[0.0053];[-0.9447];3196.96882;[0.0054];[-0.9446];3196.56004;100),(498745.48793;[0.0024];[-0.9476];3132.04836;[0.0025];[-0.9475];3131.71172;100),(500219.83314;[0.0016];[-0.9484];3082.98210;[0.001];[-0.949];3082.60394;100),(504420.10808;[0.001];[-0.949];3036.37307;[0.0006];[-0.9494];3035.97350;100),(506862.12206;[0.0007];[-0.9493];2988.67665;[0.0006];[-0.9494];2987.92219;100),(511066.26105;[0.0007];[-0.9493];2987.86043;[0.0006];[-0.9494];2987.11316;100),(513701.38311;[0.0007];[-0.9493];2987.86043;[0.0006];[-0.9494];2987.11316;100),(518725.23165;[0.4538];[-0.4962];4715.14838;[0.4553];[-0.4947];4707.94387;100),(524714.48922;[0.3274];[-0.6226];4063.72209;[0.3314];[-0.6186];4058.55644;100),(530613.75999;[0.0673];[-0.8827];3478.63247;[0.0673];[-0.8827];3477.53903;100),(536079.24056;[0.0127];[-0.9373];3325.89114;[0.0121];[-0.9379];3325.71732;100),(543346.17138;[0.0007];[-0.9493];2987.86043;[0.0006];[-0.9494];2987.11316;100),(555136.49225;[0.4538];[-0.4962];4715.14838;[0.4553];[-0.4947];4707.94387;100),(561204.17571;[0.3274];[-0.6226];4063.72209;[0.3314];[-0.6186];4058.55644;100),(567649.45269;[0.0673];[-0.8827];3478.63247;[0.0673];[-0.8827];3477.53903;100),(572391.07823;[0.0187];[-0.9313];3324.33858;[0.0158];[-0.9342];3323.78114;100),(585583.38904;[0.0055];[-0.9445];3205.11130;[0.0058];[-0.9442];3204.72605;100),(588075.54173;[0.0024];[-0.9476];3148.36916;[0.0025];[-0.9475];3148.16295;100),(589973.94776;[0.0016];[-0.9484];3082.98210;[0.001];[-0.949];3082.60394;100),(595428.56050;[0.001];[-0.949];3036.37307;[0.0006];[-0.9494];3035.97350;100),(599290.34734;[0.001];[-0.949];3034.65733;[0.0006];[-0.9494];3034.21400;100)]"
5,4,4705.57042067131,[0.4506],[-0.4994],600178.3578395844,"[(31212.19015;[0.4591];[-0.4909];4773.18783;[0.4506];[-0.4994];4705.57042;100),(41457.65400;[0.4591];[-0.4909];4773.18783;[0.4506];[-0.4994];4705.57042;100),(46913.80954;[0.4591];[-0.4909];4773.18783;[0.4506];[-0.4994];4705.57042;100),(51969.56563;[0.4591];[-0.4909];4773.18783;[0.4506];[-0.4994];4705.57042;100),(57600.31319;[0.4591];[-0.4909];4773.18783;[0.4506];[-0.4994];4705.57042;100),(63136.50751;[0.4591];[-0.4909];4773.18783;[0.4506];[-0.4994];4705.57042;100),(63826.73097;[0.3296];[-0.6204];4096.68849;[0.3261];[-0.6239];4059.35155;100),(65607.38468;[0.047];[-0.903];3431.78249;[0.0467];[-0.9033];3420.38527;100),(66212.25953;[0.0104];[-0.9396];3255.12156;[0.0084];[-0.9416];3247.21389;100),(68180.81117;[0.0128];[-0.9372];3168.16926;[0.0113];[-0.9387];3157.74171;100),(71089.78367;[0.0066];[-0.9434];3088.04026;[0.0062];[-0.9438];3078.22035;100),(73794.24644;[0.0047];[-0.9453];3025.86739;[0.0046];[-0.9454];3015.75111;100),(76211.61795;[0.0023];[-0.9477];2978.64936;[0.0026];[-0.9474];2969.24356;100),(80945.02997;[0.0005];[-0.9495];2907.62787;[0.0006];[-0.9494];2899.31019;100),(82729.25997;[0.0005];[-0.9495];2905.59418;[0.0006];[-0.9494];2897.28722;100),(84987.14519;[0.0005];[-0.9495];2905.59418;[0.0006];[-0.9494];2897.28722;100),(91560.06622;[0.4591];[-0.4909];4773.18783;[0.4506];[-0.4994];4705.57042;100),(97383.35037;[0.1126];[-0.8374];3651.36704;[0.1102];[-0.8398];3638.80555;100),(104600.13056;[0.069];[-0.881];3480.27264;[0.0631];[-0.8869];3467.67553;100),(110626.91021;[0.0122];[-0.9378];3281.52720;[0.0105];[-0.9395];3273.54221;100),(122701.83516;[0.0116];[-0.9384];3157.14123;[0.0095];[-0.9405];3147.10207;100),(124496.72818;[0.0046];[-0.9454];3025.57606;[0.0046];[-0.9454];3015.48144;100),(128422.36495;[0.003];[-0.947];2999.76194;[0.0029];[-0.9471];2990.14856;100),(131106.65536;[0.0014];[-0.9486];2965.07987;[0.0013];[-0.9487];2956.07777;100),(138112.80417;[0.0014];[-0.9486];2963.39137;[0.0013];[-0.9487];2954.34749;100),(143587.68892;[0.4591];[-0.4909];4773.18783;[0.4506];[-0.4994];4705.57042;100),(148291.21494;[0.1126];[-0.8374];3651.36704;[0.1102];[-0.8398];3638.80555;100),(155885.14996;[0.069];[-0.881];3480.27264;[0.0631];[-0.8869];3467.67553;100),(161683.61807;[0.0125];[-0.9375];3284.79712;[0.0112];[-0.9388];3276.69441;100),(169636.14964;[0.0014];[-0.9486];2963.39137;[0.0013];[-0.9487];2954.34749;100),(185299.39556;[0.4591];[-0.4909];4773.18783;[0.4506];[-0.4994];4705.57042;100),(190868.32714;[0.1126];[-0.8374];3651.36704;[0.1102];[-0.8398];3638.80555;100),(197989.08162;[0.069];[-0.881];3480.27264;[0.0631];[-0.8869];3467.67553;100),(202737.42151;[0.0125];[-0.9375];3284.79712;[0.0112];[-0.9388];3276.69441;100),(216221.20214;[0.0117];[-0.9383];3161.24000;[0.0099];[-0.9401];3151.17323;100),(218300.00114;[0.003];[-0.947];2999.76194;[0.0029];[-0.9471];2990.14856;100),(224910.67576;[0.0028];[-0.9472];2997.20956;[0.0028];[-0.9472];2987.65123;100),(226871.38367;[0.0027];[-0.9473];2991.85940;[0.0026];[-0.9474];2982.36880;100),(231278.82266;[0.4591];[-0.4909];4773.18783;[0.4506];[-0.4994];4705.57042;100),(237974.23792;[0.1071];[-0.8429];3638.31274;[0.1025];[-0.8475];3626.09955;100),(244854.80404;[0.0576];[-0.8924];3479.94718;[0.0556];[-0.8944];3468.43014;100),(251033.53143;[0.0155];[-0.9345];3288.59081;[0.0137];[-0.9363];3279.65668;100),(256799.46160;[0.0027];[-0.9473];2991.85940;[0.0026];[-0.9474];2982.36880;100),(264384.51028;[0.0027];[-0.9473];2991.85940;[0.0026];[-0.9474];2982.36880;100),(269449.34964;[0.4591];[-0.4909];4773.18783;[0.4506];[-0.4994];4705.57042;100),(276384.88579;[0.1071];[-0.8429];3638.31274;[0.1025];[-0.8475];3626.09955;100),(282734.05886;[0.0576];[-0.8924];3479.94718;[0.0556];[-0.8944];3468.43014;100),(289167.44280;[0.0155];[-0.9345];3288.59081;[0.0137];[-0.9363];3279.65668;100),(296056.62155;[0.0027];[-0.9473];2991.85940;[0.0026];[-0.9474];2982.36880;100),(309523.85473;[0.4591];[-0.4909];4773.18783;[0.4506];[-0.4994];4705.57042;100),(316159.95288;[0.1071];[-0.8429];3638.31274;[0.1025];[-0.8475];3626.09955;100),(323358.44064;[0.0576];[-0.8924];3479.94718;[0.0556];[-0.8944];3468.43014;100),(330558.76231;[0.0155];[-0.9345];3288.59081;[0.0137];[-0.9363];3279.65668;100),(343108.85668;[0.0128];[-0.9372];3167.83013;[0.0111];[-0.9389];3157.43366;100),(345169.55876;[0.0074];[-0.9426];3105.79865;[0.0067];[-0.9433];3095.95118;100),(348123.14487;[0.0076];[-0.9424];3054.69141;[0.007];[-0.943];3043.92910;100),(349726.52721;[0.0046];[-0.9454];3025.57606;[0.0046];[-0.9454];3015.48144;100),(354653.00250;[0.0045];[-0.9455];3025.06559;[0.0044];[-0.9456];3014.99335;100),(357422.19996;[0.0044];[-0.9456];3024.33294;[0.0043];[-0.9457];3014.28784;100),(359166.43429;[0.0046];[-0.9454];3023.44961;[0.0046];[-0.9454];3013.32399;100),(364853.43456;[0.4591];[-0.4909];4773.18783;[0.4506];[-0.4994];4705.57042;100),(369874.85480;[0.1428];[-0.8072];3634.22884;[0.1408];[-0.8092];3617.76065;100),(378174.14594;[0.056];[-0.894];3462.18086;[0.0536];[-0.8964];3450.43435;100),(384757.61294;[0.0168];[-0.9332];3293.55621;[0.0152];[-0.9348];3284.48736;100),(391676.84269;[0.0046];[-0.9454];3023.44961;[0.0046];[-0.9454];3013.32399;100),(404477.54979;[0.4591];[-0.4909];4773.18783;[0.4506];[-0.4994];4705.57042;100),(410319.31233;[0.1428];[-0.8072];3634.22884;[0.1408];[-0.8092];3617.76065;100),(418501.55139;[0.056];[-0.894];3462.18086;[0.0536];[-0.8964];3450.43435;100),(423736.04250;[0.0168];[-0.9332];3293.55621;[0.0152];[-0.9348];3284.48736;100),(435679.91161;[0.0103];[-0.9397];3183.01309;[0.0079];[-0.9421];3173.98781;100),(437435.39548;[0.0116];[-0.9384];3118.39992;[0.0098];[-0.9402];3107.66494;100),(439495.61405;[0.0076];[-0.9424];3054.69141;[0.007];[-0.943];3043.92910;100),(439957.05581;[0.0045];[-0.9455];3025.06559;[0.0044];[-0.9456];3014.99335;100),(444017.86184;[0.0044];[-0.9456];3024.33294;[0.0043];[-0.9457];3014.28784;100),(449382.46822;[0.4591];[-0.4909];4773.18783;[0.4506];[-0.4994];4705.57042;100),(454127.38252;[0.1464];[-0.8036];3629.91565;[0.1437];[-0.8063];3612.86453;100),(462287.51755;[0.0498];[-0.9002];3462.42670;[0.0488];[-0.9012];3451.47912;100),(468560.25934;[0.0123];[-0.9377];3295.68719;[0.0105];[-0.9395];3287.94299;100),(473375.79703;[0.0044];[-0.9456];3024.33294;[0.0043];[-0.9457];3014.28784;100),(482910.70247;[0.4591];[-0.4909];4773.18783;[0.4506];[-0.4994];4705.57042;100),(488400.39015;[0.1464];[-0.8036];3629.91565;[0.1437];[-0.8063];3612.86453;100),(496057.10173;[0.0498];[-0.9002];3462.42670;[0.0488];[-0.9012];3451.47912;100),(502290.87090;[0.0123];[-0.9377];3295.68719;[0.0105];[-0.9395];3287.94299;100),(514896.38162;[0.011];[-0.939];3189.72708;[0.0089];[-0.9411];3180.41962;100),(516502.07543;[0.0125];[-0.9375];3121.43774;[0.0107];[-0.9393];3110.43287;100),(518513.30042;[0.0071];[-0.9429];3049.72182;[0.0067];[-0.9433];3039.13838;100),(520594.64741;[0.0046];[-0.9454];3025.57606;[0.0046];[-0.9454];3015.48144;100),(523156.76022;[0.0044];[-0.9456];3024.33294;[0.0043];[-0.9457];3014.28784;100),(529696.02084;[0.4591];[-0.4909];4773.18783;[0.4506];[-0.4994];4705.57042;100),(535627.07806;[0.1492];[-0.8008];3633.40095;[0.1463];[-0.8037];3616.15710;100),(543342.56840;[0.0524];[-0.8976];3468.64471;[0.0508];[-0.8992];3457.55921;100),(547920.57395;[0.0132];[-0.9368];3305.88549;[0.0119];[-0.9381];3297.94949;100),(559177.72746;[0.0088];[-0.9412];3196.31602;[0.0073];[-0.9427];3187.81451;100),(560940.77301;[0.0129];[-0.9371];3130.38910;[0.0117];[-0.9383];3119.27276;100),(562349.65014;[0.0071];[-0.9429];3049.52641;[0.0066];[-0.9434];3038.96473;100),(566042.21082;[0.0068];[-0.9432];3049.11323;[0.0066];[-0.9434];3038.57279;100),(567376.98269;[0.0066];[-0.9434];3048.48531;[0.0065];[-0.9435];3037.96826;100),(568713.12952;[0.0044];[-0.9456];3024.33294;[0.0043];[-0.9457];3014.28784;100),(573298.44236;[0.4591];[-0.4909];4773.18783;[0.4506];[-0.4994];4705.57042;100),(577414.95275;[0.1338];[-0.8162];3621.23356;[0.1305];[-0.8195];3605.60154;100),(584614.27450;[0.0509];[-0.8991];3449.36229;[0.05];[-0.9];3437.94233;100),(589758.60834;[0.0123];[-0.9377];3271.47987;[0.0108];[-0.9392];3263.17267;100),(594645.85638;[0.0044];[-0.9456];3024.33294;[0.0043];[-0.9457];3014.28784;100)]"
5,5,4697.878076844052,[0.4572],[-0.4928],602922.9009151459,"[(31007.17616;[0.2761];[-0.6739];4482.43848;[0.2794];[-0.6706];4535.44697;100),(40781.07405;[0.2761];[-0.6739];4482.43848;[0.2794];[-0.6706];4535.44697;100),(46424.11733;[0.2761];[-0.6739];4482.43848;[0.2794];[-0.6706];4535.44697;100),(52397.33195;[0.2761];[-0.6739];4482.43848;[0.2794];[-0.6706];4535.44697;100),(57966.99786;[0.2761];[-0.6739];4482.43848;[0.2794];[-0.6706];4535.44697;100),(63163.02681;[0.2761];[-0.6739];4482.43848;[0.2794];[-0.6706];4535.44697;100),(64273.37050;[0.0441];[-0.9059];3585.02668;[0.0482];[-0.9018];3592.84013;100),(67833.31156;[0.0233];[-0.9267];3386.77032;[0.0248];[-0.9252];3390.71311;100),(70492.43879;[0.0027];[-0.9473];3029.19172;[0.0029];[-0.9471];3031.86150;100),(71351.65668;[0.0018];[-0.9482];2951.94508;[0.0013];[-0.9487];2954.34749;100),(72100.38114;[0.0005];[-0.9495];2899.97940;[0.0006];[-0.9494];2902.09856;100),(72760.96082;[0.0001];[-0.9499];2867.67657;[0.0002];[-0.9498];2869.61109;100),(73409.63006;[0.0001];[-0.9499];2832.10939;[0.0001];[-0.9499];2833.91058;100),(74521.55232;[0.0001];[-0.9499];2830.29853;[0.0001];[-0.9499];2832.10584;100),(75070.14060;[0.0001];[-0.9499];2829.27386;[0.0001];[-0.9499];2831.07751;100),(80915.18569;[0.4447];[-0.5053];4680.28979;[0.4493];[-0.5007];4707.80636;100),(87668.82539;[0.065];[-0.885];3607.84451;[0.0658];[-0.8842];3615.68292;100),(94267.04383;[0.0543];[-0.8957];3449.62012;[0.0558];[-0.8942];3454.27826;100),(99981.72498;[0.0068];[-0.9432];3248.43256;[0.0073];[-0.9427];3251.87906;100),(105733.49357;[0.0001];[-0.9499];2829.27386;[0.0001];[-0.9499];2831.07751;100),(112874.01462;[0.4447];[-0.5053];4680.28979;[0.4493];[-0.5007];4707.80636;100),(118386.21736;[0.0934];[-0.8566];3607.11881;[0.095];[-0.855];3614.50158;100),(126062.90293;[0.0372];[-0.9128];3423.09733;[0.0386];[-0.9114];3427.42110;100),(133521.85416;[0.0073];[-0.9427];3171.39158;[0.008];[-0.942];3174.63363;100),(150342.18335;[0.4447];[-0.5053];4680.28979;[0.4493];[-0.5007];4707.80636;100),(156061.57708;[0.0625];[-0.8875];3621.62075;[0.0639];[-0.8861];3629.72701;100),(163525.93708;[0.0631];[-0.8869];3469.47967;[0.0637];[-0.8863];3474.30678;100),(169037.92381;[0.0129];[-0.9371];3300.43525;[0.0128];[-0.9372];3303.82903;100),(177139.65321;[0.0028];[-0.9472];3038.70816;[0.003];[-0.947];3041.46274;100),(177826.34783;[0.0001];[-0.9499];2867.17132;[0.0002];[-0.9498];2869.10272;100),(179015.19132;[0.0001];[-0.9499];2831.86379;[0.0001];[-0.9499];2833.66684;100),(179740.13805;[0.0001];[-0.9499];2830.29853;[0.0001];[-0.9499];2832.10584;100),(180154.18673;[0.0001];[-0.9499];2830.29853;[0.0001];[-0.9499];2832.10584;100),(184307.50227;[0.4447];[-0.5053];4680.28979;[0.4493];[-0.5007];4707.80636;100),(190435.29820;[0.0495];[-0.9005];3590.70647;[0.0534];[-0.8966];3598.67039;100),(197641.15548;[0.0561];[-0.8939];3452.94692;[0.0571];[-0.8929];3457.53583;100),(202638.18455;[0.0087];[-0.9413];3264.85406;[0.009];[-0.941];3268.29290;100),(208386.65628;[0.0001];[-0.9499];2830.29853;[0.0001];[-0.9499];2832.10584;100),(209982.71537;[0.0001];[-0.9499];2829.27386;[0.0001];[-0.9499];2831.07751;100),(215155.51996;[0.4447];[-0.5053];4680.28979;[0.4493];[-0.5007];4707.80636;100),(221220.40129;[0.0495];[-0.9005];3590.70647;[0.0534];[-0.8966];3598.67039;100),(227633.49509;[0.0561];[-0.8939];3452.94692;[0.0571];[-0.8929];3457.53583;100),(233466.80450;[0.0087];[-0.9413];3264.85406;[0.009];[-0.941];3268.29290;100),(239036.14974;[0.0001];[-0.9499];2829.27386;[0.0001];[-0.9499];2831.07751;100),(244861.99141;[0.4447];[-0.5053];4680.28979;[0.4493];[-0.5007];4707.80636;100),(251485.87108;[0.0495];[-0.9005];3590.70647;[0.0534];[-0.8966];3598.67039;100),(257902.78959;[0.0561];[-0.8939];3452.94692;[0.0571];[-0.8929];3457.53583;100),(263578.22680;[0.0087];[-0.9413];3264.85406;[0.009];[-0.941];3268.29290;100),(275255.54562;[0.0036];[-0.9464];3078.87661;[0.004];[-0.946];3081.77773;100),(275935.41574;[0.0001];[-0.9499];2870.47444;[0.0002];[-0.9498];2872.37147;100),(276828.59802;[0.0001];[-0.9499];2867.17132;[0.0002];[-0.9498];2869.10272;100),(277780.00426;[0.0001];[-0.9499];2863.37855;[0.0002];[-0.9498];2865.30815;100),(283636.03067;[0.4464];[-0.5036];4675.74690;[0.451];[-0.499];4702.63410;100),(288694.89694;[0.048];[-0.902];3579.40109;[0.0515];[-0.8985];3586.94967;100),(296793.55669;[0.0377];[-0.9123];3424.41242;[0.0393];[-0.9107];3428.63040;100),(302468.20235;[0.0106];[-0.9394];3276.75470;[0.0111];[-0.9389];3280.09949;100),(315441.00690;[0.0027];[-0.9473];3091.53947;[0.0028];[-0.9472];3094.57279;100),(316189.09693;[0.0001];[-0.9499];2867.17132;[0.0002];[-0.9498];2869.10272;100),(317754.51255;[0.0001];[-0.9499];2863.37855;[0.0002];[-0.9498];2865.30815;100),(324181.07462;[0.4492];[-0.5008];4679.19542;[0.4536];[-0.4964];4705.50171;100),(329896.50631;[0.0655];[-0.8845];3587.95859;[0.0655];[-0.8845];3595.38600;100),(338149.54710;[0.0384];[-0.9116];3425.61592;[0.0401];[-0.9099];3429.84429;100),(344182.76572;[0.0108];[-0.9392];3279.78743;[0.0111];[-0.9389];3283.02244;100),(356918.83683;[0.0036];[-0.9464];3118.70458;[0.0041];[-0.9459];3121.77122;100),(358834.14888;[0.0027];[-0.9473];3054.76810;[0.0029];[-0.9471];3057.62612;100),(360746.12999;[0.0026];[-0.9474];3006.21165;[0.0026];[-0.9474];3008.81201;100),(363688.53593;[0.0001];[-0.9499];2868.99113;[0.0002];[-0.9498];2870.89425;100),(366232.28288;[0.0001];[-0.9499];2867.67657;[0.0002];[-0.9498];2869.61109;100),(366749.77684;[0.0001];[-0.9499];2867.17132;[0.0002];[-0.9498];2869.10272;100),(367372.95532;[0.0001];[-0.9499];2867.17132;[0.0002];[-0.9498];2869.10272;100),(374522.11189;[0.4505];[-0.4995];4676.62735;[0.4553];[-0.4947];4702.42033;100),(380571.73705;[0.0729];[-0.8771];3580.62066;[0.0732];[-0.8768];3587.61606;100),(388469.32817;[0.0436];[-0.9064];3428.56104;[0.0463];[-0.9037];3432.77713;100),(393196.40899;[0.0105];[-0.9395];3288.32472;[0.011];[-0.939];3291.75906;100),(406899.33801;[0.0057];[-0.9443];3150.38317;[0.0064];[-0.9436];3153.60933;100),(408924.59893;[0.0038];[-0.9462];3083.46204;[0.0045];[-0.9455];3086.35375;100),(410728.31941;[0.0027];[-0.9473];3028.82933;[0.0028];[-0.9472];3031.49567;100),(413193.99881;[0.0017];[-0.9483];2977.80473;[0.0012];[-0.9488];2980.28468;100),(432089.55193;[0.4514];[-0.4986];4675.71797;[0.456];[-0.494];4701.26300;100),(438850.71945;[0.0741];[-0.8759];3584.21655;[0.0751];[-0.8749];3591.31532;100),(447322.33357;[0.0414];[-0.9086];3430.65396;[0.0436];[-0.9064];3434.92607;100),(452761.85131;[0.0137];[-0.9363];3295.18859;[0.0139];[-0.9361];3298.35096;100),(467133.07595;[0.006];[-0.944];3170.78823;[0.0066];[-0.9434];3174.06802;100),(469882.40576;[0.0056];[-0.9444];3105.48056;[0.0064];[-0.9436];3108.42656;100),(473211.69019;[0.0037];[-0.9463];3061.06979;[0.0043];[-0.9457];3063.86640;100),(475277.86207;[0.0026];[-0.9474];3006.92307;[0.0026];[-0.9474];3009.52054;100),(479383.85177;[0.0026];[-0.9474];3006.21165;[0.0026];[-0.9474];3008.81201;100),(481349.76912;[0.0027];[-0.9473];3005.92229;[0.0028];[-0.9472];3008.51941;100),(483034.55019;[0.0027];[-0.9473];3005.23453;[0.0028];[-0.9472];3007.82682;100),(483388.07678;[0.0027];[-0.9473];3005.23453;[0.0028];[-0.9472];3007.82682;100),(488267.17997;[0.4519];[-0.4981];4672.83970;[0.4572];[-0.4928];4697.87808;100),(493252.87485;[0.0716];[-0.8784];3572.78125;[0.0713];[-0.8787];3579.61257;100),(501656.43454;[0.0311];[-0.9189];3409.46891;[0.034];[-0.916];3413.84417;100),(507078.76062;[0.0087];[-0.9413];3264.85406;[0.009];[-0.941];3268.29290;100),(512732.52630;[0.0027];[-0.9473];3005.23453;[0.0028];[-0.9472];3007.82682;100),(524465.82556;[0.4519];[-0.4981];4672.83970;[0.4572];[-0.4928];4697.87808;100),(530230.99017;[0.0716];[-0.8784];3572.78125;[0.0713];[-0.8787];3579.61257;100),(538401.49236;[0.0311];[-0.9189];3409.46891;[0.034];[-0.916];3413.84417;100),(542804.68011;[0.0087];[-0.9413];3264.85406;[0.009];[-0.941];3268.29290;100),(555734.52544;[0.0027];[-0.9473];3005.23453;[0.0028];[-0.9472];3007.82682;100),(560809.97229;[0.4519];[-0.4981];4672.83970;[0.4572];[-0.4928];4697.87808;100),(565798.26331;[0.0726];[-0.8774];3585.77229;[0.0722];[-0.8778];3592.98412;100),(573204.95152;[0.047];[-0.903];3436.15361;[0.0493];[-0.9007];3440.71974;100),(578816.67733;[0.0129];[-0.9371];3300.43525;[0.0128];[-0.9372];3303.82903;100),(583675.12441;[0.0071];[-0.9429];3188.77891;[0.0077];[-0.9423];3192.00908;100),(586500.10037;[0.006];[-0.944];3115.31681;[0.0067];[-0.9433];3118.36789;100),(588572.34430;[0.0037];[-0.9463];3060.90336;[0.0044];[-0.9456];3063.69855;100),(591531.77881;[0.0027];[-0.9473];3028.24590;[0.0028];[-0.9472];3030.90660;100),(593240.10658;[0.0026];[-0.9474];3006.21165;[0.0026];[-0.9474];3008.81201;100),(594884.56631;[0.0027];[-0.9473];3005.92229;[0.0028];[-0.9472];3008.51941;100),(596558.50434;[0.0027];[-0.9473];3005.23453;[0.0028];[-0.9472];3007.82682;100)]"
5,6,4690.307064768892,[0.4566],[-0.4934],600235.0993156433,"[(30107.85341;[0.4587];[-0.4913];4724.59677;[0.4513];[-0.4987];4692.68122;100),(41119.69638;[0.4592];[-0.4908];4725.79229;[0.4516];[-0.4984];4693.70018;100),(46043.48636;[0.4592];[-0.4908];4725.79229;[0.4516];[-0.4984];4693.70018;100),(51524.81508;[0.4592];[-0.4908];4725.79229;[0.4516];[-0.4984];4693.70018;100),(56911.23295;[0.4592];[-0.4908];4725.79229;[0.4516];[-0.4984];4693.70018;100),(61630.81884;[0.4592];[-0.4908];4725.79229;[0.4516];[-0.4984];4693.70018;100),(62982.27692;[0.3449];[-0.6051];4150.59241;[0.3391];[-0.6109];4130.68758;100),(63901.14474;[0.014];[-0.936];3488.58826;[0.0155];[-0.9345];3489.80318;100),(64712.08572;[0.0108];[-0.9392];3311.13827;[0.0107];[-0.9393];3307.51771;100),(65436.27620;[0.0018];[-0.9482];3074.50484;[0.003];[-0.947];3070.11680;100),(67084.37276;[0.];[-0.95];2917.87126;[0.0002];[-0.9498];2913.21857;100),(67930.60184;[0.];[-0.95];2881.36312;[0.0001];[-0.9499];2877.09474;100),(68787.16826;[0.];[-0.95];2823.52883;[0.];[-0.95];2819.27965;100),(69243.67642;[0.];[-0.95];2820.71911;[0.];[-0.95];2816.53897;100),(69967.90934;[0.];[-0.95];2820.71911;[0.];[-0.95];2816.53897;100),(76338.20105;[0.4587];[-0.4913];4724.59677;[0.4513];[-0.4987];4692.68122;100),(83427.50382;[0.0395];[-0.9105];3599.36759;[0.0423];[-0.9077];3599.44051;100),(88913.44738;[0.0563];[-0.8937];3477.01300;[0.0569];[-0.8931];3470.85332;100),(94909.08742;[0.0123];[-0.9377];3321.78757;[0.0126];[-0.9374];3317.73918;100),(108494.73262;[0.0073];[-0.9427];3184.12468;[0.008];[-0.942];3179.10470;100),(109991.06622;[0.0017];[-0.9483];3025.49376;[0.0026];[-0.9474];3020.35074;100),(113118.89935;[0.];[-0.95];2896.23160;[0.0002];[-0.9498];2891.24733;100),(114268.68653;[0.];[-0.95];2858.77136;[0.0001];[-0.9499];2854.20332;100),(115329.05102;[0.];[-0.95];2856.73996;[0.0001];[-0.9499];2852.14517;100),(116144.58752;[0.];[-0.95];2855.69220;[0.0001];[-0.9499];2851.11683;100),(120721.33470;[0.4592];[-0.4908];4725.79229;[0.4516];[-0.4984];4693.70018;100),(127171.31805;[0.0374];[-0.9126];3593.93617;[0.0407];[-0.9093];3594.17319;100),(135801.44644;[0.0556];[-0.8944];3474.95574;[0.0556];[-0.8944];3468.84759;100),(140964.86139;[0.0107];[-0.9393];3320.84278;[0.0108];[-0.9392];3317.22052;100),(146611.20534;[0.];[-0.95];2855.69220;[0.0001];[-0.9499];2851.11683;100),(153555.80783;[0.4587];[-0.4913];4724.59677;[0.4513];[-0.4987];4692.68122;100),(159996.50121;[0.0374];[-0.9126];3593.93617;[0.0407];[-0.9093];3594.17319;100),(166879.73952;[0.0556];[-0.8944];3474.95574;[0.0556];[-0.8944];3468.84759;100),(172832.73768;[0.0136];[-0.9364];3324.01326;[0.0141];[-0.9359];3319.81555;100),(185672.57953;[0.0073];[-0.9427];3200.65402;[0.0079];[-0.9421];3195.81371;100),(186297.03331;[0.003];[-0.947];3056.21772;[0.0039];[-0.9461];3050.75014;100),(189502.00725;[0.0011];[-0.9489];2996.05995;[0.0011];[-0.9489];2991.10686;100),(192297.40882;[0.0012];[-0.9488];2974.17607;[0.0011];[-0.9489];2968.88277;100),(201007.01857;[0.4592];[-0.4908];4725.79229;[0.4516];[-0.4984];4693.70018;100),(208036.92079;[0.0399];[-0.9101];3584.67807;[0.0418];[-0.9082];3584.22369;100),(214667.77205;[0.0493];[-0.9007];3469.65413;[0.0499];[-0.9001];3464.19570;100),(220664.25133;[0.0128];[-0.9372];3327.98916;[0.0132];[-0.9368];3323.78936;100),(233794.71588;[0.0101];[-0.9399];3220.02897;[0.0104];[-0.9396];3214.96413;100),(234552.21128;[0.0028];[-0.9472];3076.36702;[0.0039];[-0.9461];3071.36810;100),(235318.06946;[0.003];[-0.947];3056.21772;[0.0039];[-0.9461];3050.75014;100),(238383.91447;[0.0029];[-0.9471];3033.37638;[0.0039];[-0.9461];3027.59970;100),(239442.74926;[0.0029];[-0.9471];3033.37638;[0.0039];[-0.9461];3027.59970;100),(244143.17226;[0.4587];[-0.4913];4724.59677;[0.4513];[-0.4987];4692.68122;100),(250159.60789;[0.035];[-0.915];3582.22499;[0.0374];[-0.9126];3582.12696;100),(257400.18725;[0.0498];[-0.9002];3471.38498;[0.0501];[-0.8999];3465.72553;100),(262073.20571;[0.0112];[-0.9388];3326.39807;[0.0115];[-0.9385];3322.65192;100),(268312.93678;[0.0029];[-0.9471];3033.37638;[0.0039];[-0.9461];3027.59970;100),(274151.56460;[0.0017];[-0.9483];3020.12106;[0.0026];[-0.9474];3014.98989;100),(279340.99174;[0.4637];[-0.4863];4731.95207;[0.4565];[-0.4935];4698.69366;100),(284938.40766;[0.0374];[-0.9126];3574.36001;[0.0389];[-0.9111];3573.63923;100),(292330.75166;[0.039];[-0.911];3449.18971;[0.0394];[-0.9106];3443.97640;100),(298378.40962;[0.0128];[-0.9372];3327.98916;[0.0132];[-0.9368];3323.78936;100),(305576.20120;[0.0017];[-0.9483];3020.12106;[0.0026];[-0.9474];3014.98989;100),(313722.84985;[0.4637];[-0.4863];4731.95207;[0.4565];[-0.4935];4698.69366;100),(319451.80249;[0.0374];[-0.9126];3574.36001;[0.0389];[-0.9111];3573.63923;100),(327707.57222;[0.039];[-0.911];3449.18971;[0.0394];[-0.9106];3443.97640;100),(332952.50773;[0.0128];[-0.9372];3327.98916;[0.0132];[-0.9368];3323.78936;100),(345854.50363;[0.0097];[-0.9403];3231.59789;[0.0098];[-0.9402];3226.78366;100),(346603.47867;[0.0032];[-0.9468];3056.80644;[0.0039];[-0.9461];3051.32047;100),(348165.05551;[0.003];[-0.947];3056.21772;[0.0039];[-0.9461];3050.75014;100),(348590.93547;[0.003];[-0.947];3056.21772;[0.0039];[-0.9461];3050.75014;100),(355250.22626;[0.4639];[-0.4861];4723.94607;[0.4566];[-0.4934];4690.30706;100),(360510.51593;[0.0358];[-0.9142];3571.80332;[0.0378];[-0.9122];3571.12648;100),(368805.76706;[0.039];[-0.911];3449.18971;[0.0394];[-0.9106];3443.97640;100),(374815.19127;[0.0139];[-0.9361];3332.41326;[0.014];[-0.936];3328.19714;100),(385522.47334;[0.0068];[-0.9432];3231.91940;[0.0076];[-0.9424];3227.51838;100),(388440.03749;[0.0042];[-0.9458];3153.29500;[0.0061];[-0.9439];3148.76704;100),(390017.60125;[0.0026];[-0.9474];3129.67479;[0.0035];[-0.9465];3125.54285;100),(390532.03034;[0.0028];[-0.9472];3098.03342;[0.0037];[-0.9463];3093.40588;100),(392303.86162;[0.003];[-0.947];3056.21772;[0.0039];[-0.9461];3050.75014;100),(392646.21806;[0.003];[-0.947];3056.21772;[0.0039];[-0.9461];3050.75014;100),(398911.25798;[0.4633];[-0.4867];4710.84919;[0.4558];[-0.4942];4676.93111;100),(406150.85268;[0.0546];[-0.8954];3576.09094;[0.054];[-0.896];3573.30578;100),(413662.88495;[0.0385];[-0.9115];3450.07149;[0.0392];[-0.9108];3444.92620;100),(420426.07188;[0.0124];[-0.9376];3333.93563;[0.0127];[-0.9373];3330.12510;100),(430701.93648;[0.0062];[-0.9438];3239.28565;[0.0073];[-0.9427];3235.09950;100),(433222.29505;[0.0074];[-0.9426];3179.10824;[0.0079];[-0.9421];3173.98781;100),(434929.12292;[0.0026];[-0.9474];3129.67479;[0.0035];[-0.9465];3125.54285;100),(437783.15711;[0.0026];[-0.9474];3112.84454;[0.0035];[-0.9465];3108.56596;100),(439904.83236;[0.0028];[-0.9472];3098.03342;[0.0037];[-0.9463];3093.40588;100),(442808.00581;[0.003];[-0.947];3056.21772;[0.0039];[-0.9461];3050.75014;100),(443304.31390;[0.003];[-0.947];3056.21772;[0.0039];[-0.9461];3050.75014;100),(448941.08272;[0.462];[-0.488];4689.80939;[0.4542];[-0.4958];4655.24918;100),(454720.06822;[0.0551];[-0.8949];3577.57645;[0.0552];[-0.8948];3574.86516;100),(461808.49457;[0.0385];[-0.9115];3450.07149;[0.0392];[-0.9108];3444.92620;100),(467675.55165;[0.0168];[-0.9332];3343.55579;[0.0161];[-0.9339];3339.05986;100),(473036.60941;[0.003];[-0.947];3056.21772;[0.0039];[-0.9461];3050.75014;100),(477508.91113;[0.003];[-0.947];3056.21772;[0.0039];[-0.9461];3050.75014;100),(484831.82573;[0.3432];[-0.6068];4389.21895;[0.3385];[-0.6115];4380.30751;100),(492011.93476;[0.0569];[-0.8931];3568.56446;[0.057];[-0.893];3565.22312;100),(499586.83538;[0.036];[-0.914];3433.96358;[0.0372];[-0.9128];3428.77129;100),(505048.41685;[0.0099];[-0.9401];3301.69592;[0.0099];[-0.9401];3297.86911;100),(510314.25238;[0.003];[-0.947];3056.21772;[0.0039];[-0.9461];3050.75014;100),(518529.60420;[0.3432];[-0.6068];4389.21895;[0.3385];[-0.6115];4380.30751;100),(525604.19631;[0.0569];[-0.8931];3568.56446;[0.057];[-0.893];3565.22312;100),(533502.44093;[0.036];[-0.914];3433.96358;[0.0372];[-0.9128];3428.77129;100),(538357.68676;[0.0099];[-0.9401];3301.69592;[0.0099];[-0.9401];3297.86911;100),(546612.02931;[0.003];[-0.947];3056.21772;[0.0039];[-0.9461];3050.75014;100),(552257.81679;[0.3432];[-0.6068];4389.21895;[0.3385];[-0.6115];4380.30751;100),(557083.30297;[0.0551];[-0.8949];3577.57645;[0.0552];[-0.8948];3574.86516;100),(564693.40396;[0.0385];[-0.9115];3450.07149;[0.0392];[-0.9108];3444.92620;100),(570065.95588;[0.0168];[-0.9332];3343.55579;[0.0161];[-0.9339];3339.05986;100),(575443.24374;[0.0055];[-0.9445];3249.02501;[0.0066];[-0.9434];3245.18021;100),(578117.85769;[0.0049];[-0.9451];3196.15425;[0.0064];[-0.9436];3191.79890;100),(579693.00246;[0.0038];[-0.9462];3149.64488;[0.0052];[-0.9448];3145.23190;100),(581261.75809;[0.0026];[-0.9474];3112.84454;[0.0035];[-0.9465];3108.56596;100),(586811.79786;[0.0028];[-0.9472];3098.03342;[0.0037];[-0.9463];3093.40588;100),(594022.36748;[0.3627];[-0.5873];4387.48765;[0.3546];[-0.5954];4373.75054;100),(600031.83007;[0.0866];[-0.8634];3559.07243;[0.0841];[-0.8659];3552.93022;100)]"
5,7,4685.9478738548805,[0.4406],[-0.5094],603084.3818187714,"[(31633.37564;[0.44];[-0.51];4660.96443;[0.44];[-0.51];4660.96443;100),(41948.47703;[0.44];[-0.51];4660.96443;[0.44];[-0.51];4660.96443;100),(59609.94029;[0.4406];[-0.5094];4685.94787;[0.4406];[-0.5094];4685.94787;200),(68694.45014;[0.4406];[-0.5094];4685.94787;[0.4406];[-0.5094];4685.94787;200),(78767.31324;[0.4406];[-0.5094];4685.94787;[0.4406];[-0.5094];4685.94787;200),(88160.17509;[0.4406];[-0.5094];4685.94787;[0.4406];[-0.5094];4685.94787;200),(97265.31005;[0.4406];[-0.5094];4685.94787;[0.4406];[-0.5094];4685.94787;200),(105856.50849;[0.4406];[-0.5094];4685.94787;[0.4406];[-0.5094];4685.94787;200),(106780.29680;[0.3249];[-0.6251];4052.60267;[0.3249];[-0.6251];4052.60267;200),(108378.45516;[0.051];[-0.899];3434.77927;[0.051];[-0.899];3434.77927;200),(110113.13868;[0.0131];[-0.9369];3291.13196;[0.0131];[-0.9369];3291.13196;200),(111065.81616;[0.0065];[-0.9435];3204.02387;[0.0065];[-0.9435];3204.02387;200),(112962.98981;[0.0039];[-0.9461];3104.97755;[0.0039];[-0.9461];3104.97755;200),(113667.61184;[0.0033];[-0.9467];3037.61626;[0.0033];[-0.9467];3037.61626;200),(114423.77925;[0.0026];[-0.9474];3001.59624;[0.0026];[-0.9474];3001.59624;200),(115306.12087;[0.0013];[-0.9487];2957.35292;[0.0013];[-0.9487];2957.35292;200),(116234.07912;[0.0009];[-0.9491];2930.82065;[0.0009];[-0.9491];2930.82065;200),(116813.33494;[0.0006];[-0.9494];2920.03337;[0.0006];[-0.9494];2920.03337;200),(117456.31194;[0.0006];[-0.9494];2896.55954;[0.0006];[-0.9494];2896.55954;200),(117976.22442;[0.0002];[-0.9498];2863.59218;[0.0002];[-0.9498];2863.59218;200),(118544.78741;[0.0002];[-0.9498];2858.47002;[0.0002];[-0.9498];2858.47002;200),(128133.24118;[0.4406];[-0.5094];4685.94787;[0.4406];[-0.5094];4685.94787;200),(137443.74943;[0.3302];[-0.6198];4063.20588;[0.3302];[-0.6198];4063.20588;200),(153305.43327;[0.0661];[-0.8839];3475.83359;[0.0661];[-0.8839];3475.83359;200),(164630.82361;[0.015];[-0.935];3317.06370;[0.015];[-0.935];3317.06370;200),(174114.00676;[0.0043];[-0.9457];3103.63961;[0.0043];[-0.9457];3103.63961;200),(201928.67875;[0.4406];[-0.5094];4685.94787;[0.4406];[-0.5094];4685.94787;200),(212102.08941;[0.3401];[-0.6099];4122.16523;[0.3401];[-0.6099];4122.16523;200),(223826.74789;[0.074];[-0.876];3496.76116;[0.074];[-0.876];3496.76116;200),(234965.14249;[0.0169];[-0.9331];3342.19125;[0.0169];[-0.9331];3342.19125;200),(244989.95662;[0.0066];[-0.9434];3205.69316;[0.0066];[-0.9434];3205.69316;200),(252425.32325;[0.0046];[-0.9454];3037.36039;[0.0046];[-0.9454];3037.36039;200),(254584.76162;[0.0026];[-0.9474];2985.07799;[0.0026];[-0.9474];2985.07799;200),(255436.90348;[0.0014];[-0.9486];2956.68230;[0.0014];[-0.9486];2956.68230;200),(256782.66740;[0.0006];[-0.9494];2920.50018;[0.0006];[-0.9494];2920.50018;200),(257417.43803;[0.0006];[-0.9494];2920.03337;[0.0006];[-0.9494];2920.03337;200),(257880.92732;[0.0006];[-0.9494];2894.22141;[0.0006];[-0.9494];2894.22141;200),(265437.03151;[0.4406];[-0.5094];4685.94787;[0.4406];[-0.5094];4685.94787;200),(272985.31365;[0.3306];[-0.6194];4074.82622;[0.3306];[-0.6194];4074.82622;200),(281633.21471;[0.0653];[-0.8847];3483.34980;[0.0653];[-0.8847];3483.34980;200),(289129.90522;[0.0163];[-0.9337];3325.05882;[0.0163];[-0.9337];3325.05882;200),(297584.73420;[0.0058];[-0.9442];3168.31848;[0.0058];[-0.9442];3168.31848;200),(311081.65574;[0.0025];[-0.9475];3046.42032;[0.0025];[-0.9475];3046.42032;200),(315101.47166;[0.0028];[-0.9472];2987.65123;[0.0028];[-0.9472];2987.65123;200),(315778.05686;[0.0013];[-0.9487];2955.26052;[0.0013];[-0.9487];2955.26052;200),(318004.00114;[0.0012];[-0.9488];2949.65107;[0.0012];[-0.9488];2949.65107;200),(318561.77187;[0.0006];[-0.9494];2920.03337;[0.0006];[-0.9494];2920.03337;200),(319015.16390;[0.0006];[-0.9494];2920.03337;[0.0006];[-0.9494];2920.03337;200),(326534.54518;[0.4406];[-0.5094];4685.94787;[0.4406];[-0.5094];4685.94787;200),(333591.31765;[0.3274];[-0.6226];4054.64801;[0.3274];[-0.6226];4054.64801;200),(342750.82755;[0.0677];[-0.8823];3477.06118;[0.0677];[-0.8823];3477.06118;200),(350286.92317;[0.0163];[-0.9337];3325.05882;[0.0163];[-0.9337];3325.05882;200),(358374.17746;[0.0065];[-0.9435];3173.62671;[0.0065];[-0.9435];3173.62671;200),(373246.58990;[0.0041];[-0.9459];3055.49330;[0.0041];[-0.9459];3055.49330;200),(374959.98240;[0.0029];[-0.9471];2990.14856;[0.0029];[-0.9471];2990.14856;200),(375954.85449;[0.0013];[-0.9487];2956.07777;[0.0013];[-0.9487];2956.07777;200),(377905.17497;[0.0006];[-0.9494];2920.03337;[0.0006];[-0.9494];2920.03337;200),(387651.62563;[0.4406];[-0.5094];4685.94787;[0.4406];[-0.5094];4685.94787;200),(394562.70385;[0.1089];[-0.8411];3637.88114;[0.1089];[-0.8411];3637.88114;200),(403449.73803;[0.0634];[-0.8866];3473.89806;[0.0634];[-0.8866];3473.89806;200),(411097.75710;[0.0163];[-0.9337];3325.05882;[0.0163];[-0.9337];3325.05882;200),(419660.27045;[0.0067];[-0.9433];3174.27254;[0.0067];[-0.9433];3174.27254;200),(435383.49533;[0.0042];[-0.9458];3055.88524;[0.0042];[-0.9458];3055.88524;200),(436641.88004;[0.0029];[-0.9471];2990.14856;[0.0029];[-0.9471];2990.14856;200),(439173.50674;[0.0026];[-0.9474];2982.36880;[0.0026];[-0.9474];2982.36880;200),(440246.27686;[0.0012];[-0.9488];2955.06403;[0.0012];[-0.9488];2955.06403;200),(441300.81010;[0.0012];[-0.9488];2950.46010;[0.0012];[-0.9488];2950.46010;200),(444164.14380;[0.0012];[-0.9488];2949.65107;[0.0012];[-0.9488];2949.65107;200),(451610.22449;[0.4406];[-0.5094];4685.94787;[0.4406];[-0.5094];4685.94787;200),(458567.88492;[0.1077];[-0.8423];3636.82085;[0.1077];[-0.8423];3636.82085;200),(467329.74911;[0.0634];[-0.8866];3473.89806;[0.0634];[-0.8866];3473.89806;200),(474916.84246;[0.0163];[-0.9337];3325.05882;[0.0163];[-0.9337];3325.05882;200),(482590.44051;[0.0091];[-0.9409];3180.65642;[0.0091];[-0.9409];3180.65642;200),(490952.61931;[0.0012];[-0.9488];2949.65107;[0.0012];[-0.9488];2949.65107;200),(503685.55999;[0.4406];[-0.5094];4685.94787;[0.4406];[-0.5094];4685.94787;200),(511480.90458;[0.1077];[-0.8423];3636.82085;[0.1077];[-0.8423];3636.82085;200),(519201.48516;[0.0634];[-0.8866];3473.89806;[0.0634];[-0.8866];3473.89806;200),(526811.02324;[0.0163];[-0.9337];3325.05882;[0.0163];[-0.9337];3325.05882;200),(535602.17571;[0.0091];[-0.9409];3180.65642;[0.0091];[-0.9409];3180.65642;200),(551664.67619;[0.0057];[-0.9443];3055.31968;[0.0057];[-0.9443];3055.31968;200),(552622.69807;[0.0029];[-0.9471];2990.14856;[0.0029];[-0.9471];2990.14856;200),(554809.08990;[0.0026];[-0.9474];2982.36880;[0.0026];[-0.9474];2982.36880;200),(556931.16474;[0.0012];[-0.9488];2950.97378;[0.0012];[-0.9488];2950.97378;200),(557939.99362;[0.0012];[-0.9488];2949.65107;[0.0012];[-0.9488];2949.65107;200),(566120.55373;[0.4406];[-0.5094];4685.94787;[0.4406];[-0.5094];4685.94787;200),(573737.92481;[0.1089];[-0.8411];3621.27311;[0.1089];[-0.8411];3621.27311;200),(581612.53071;[0.0637];[-0.8863];3474.73256;[0.0637];[-0.8863];3474.73256;200),(589218.99962;[0.0163];[-0.9337];3325.05882;[0.0163];[-0.9337];3325.05882;200),(596875.84519;[0.0073];[-0.9427];3185.73328;[0.0073];[-0.9427];3185.73328;200)]"
5,8,4704.795930536792,[0.4417],[-0.5083],612976.5396118164,"[(32020.42389;[0.335];[-0.615];4621.80923;[0.3293];[-0.6207];4508.14490;100),(42178.73406;[0.335];[-0.615];4621.87910;[0.3293];[-0.6207];4508.23507;100),(47717.82088;[0.3349];[-0.6151];4622.57578;[0.3293];[-0.6207];4508.74093;100),(53432.54590;[0.3349];[-0.6151];4622.57578;[0.3293];[-0.6207];4508.74093;100),(61010.15019;[0.3349];[-0.6151];4622.57578;[0.3293];[-0.6207];4508.74093;100),(65495.97478;[0.3349];[-0.6151];4622.57578;[0.3293];[-0.6207];4508.74093;100),(67111.99713;[0.2936];[-0.6564];3854.51315;[0.287];[-0.663];3808.22060;100),(70229.03943;[0.0761];[-0.8739];3415.58533;[0.07];[-0.88];3397.48639;100),(71132.59101;[0.0286];[-0.9214];3283.69363;[0.0239];[-0.9261];3270.25074;100),(71816.02526;[0.022];[-0.928];3183.07846;[0.0162];[-0.9338];3168.96342;100),(73200.23632;[0.0138];[-0.9362];3100.97308;[0.0119];[-0.9381];3086.99525;100),(74973.52123;[0.0074];[-0.9426];3051.95351;[0.007];[-0.943];3039.13080;100),(79376.63102;[0.0071];[-0.9429];3051.19127;[0.0066];[-0.9434];3038.57279;100),(81100.58665;[0.0071];[-0.9429];3049.00698;[0.0067];[-0.9433];3036.30666;100),(90419.65032;[0.4471];[-0.5029];4795.37865;[0.4395];[-0.5105];4696.77150;100),(106670.19606;[0.4497];[-0.5003];4799.51169;[0.4417];[-0.5083];4704.79593;200),(137070.05095;[0.339];[-0.611];4726.70524;[0.3278];[-0.6222];4608.44217;400),(153357.16057;[0.339];[-0.611];4726.70524;[0.3278];[-0.6222];4608.44217;400),(170880.41377;[0.339];[-0.611];4726.70524;[0.3278];[-0.6222];4608.44217;400),(187024.47200;[0.339];[-0.611];4726.70524;[0.3278];[-0.6222];4608.44217;400),(202651.68595;[0.339];[-0.611];4726.70524;[0.3278];[-0.6222];4608.44217;400),(216607.42879;[0.339];[-0.611];4726.70524;[0.3278];[-0.6222];4608.44217;400),(229271.30485;[0.339];[-0.611];4726.70524;[0.3278];[-0.6222];4608.44217;400),(231263.22031;[0.1339];[-0.8161];3587.41733;[0.129];[-0.821];3564.74954;400),(232278.41973;[0.0239];[-0.9261];3284.66957;[0.0177];[-0.9323];3272.23064;400),(232803.27749;[0.0089];[-0.9411];3062.32112;[0.0075];[-0.9425];3049.22402;400),(233507.92789;[0.0005];[-0.9495];2878.92409;[0.0002];[-0.9498];2869.61109;400),(234489.69913;[0.0005];[-0.9495];2875.90544;[0.0002];[-0.9498];2866.56950;400),(235242.54537;[0.0002];[-0.9498];2854.59286;[0.0002];[-0.9498];2845.31479;400),(235964.63871;[0.0001];[-0.9499];2817.75646;[0.0001];[-0.9499];2809.26624;400),(236374.50409;[0.0001];[-0.9499];2817.75646;[0.0001];[-0.9499];2809.26624;400),(250345.32261;[0.4462];[-0.5038];4798.93829;[0.4388];[-0.5112];4702.43853;400),(265714.85782;[0.359];[-0.591];4192.19393;[0.3518];[-0.5982];4145.57142;400),(282531.98862;[0.1012];[-0.8488];3534.63540;[0.0957];[-0.8543];3516.49335;400),(298689.25595;[0.0368];[-0.9132];3362.02832;[0.0322];[-0.9178];3348.85105;400),(312954.05293;[0.0156];[-0.9344];3217.50444;[0.0128];[-0.9372];3205.32440;400),(327009.29284;[0.0091];[-0.9409];3062.49223;[0.0077];[-0.9423];3049.36467;400),(340146.39187;[0.0001];[-0.9499];2817.75646;[0.0001];[-0.9499];2809.26624;400),(355127.77519;[0.4462];[-0.5038];4798.93829;[0.4388];[-0.5112];4702.43853;400),(370838.18412;[0.359];[-0.591];4192.19393;[0.3518];[-0.5982];4145.57142;400),(387786.59391;[0.1012];[-0.8488];3534.63540;[0.0957];[-0.8543];3516.49335;400),(403882.86996;[0.0368];[-0.9132];3362.02832;[0.0322];[-0.9178];3348.85105;400),(418465.25121;[0.0153];[-0.9347];3216.61033;[0.0122];[-0.9378];3204.47248;400),(432927.95587;[0.0091];[-0.9409];3062.49223;[0.0077];[-0.9423];3049.36467;400),(460035.65764;[0.0022];[-0.9478];2967.93264;[0.0014];[-0.9486];2957.07424;400),(460859.33161;[0.0014];[-0.9486];2907.53855;[0.0006];[-0.9494];2897.50463;400),(461948.07220;[0.0005];[-0.9495];2876.55425;[0.0002];[-0.9498];2867.18961;400),(462538.35535;[0.0005];[-0.9495];2873.74983;[0.0002];[-0.9498];2864.35296;400),(464134.51719;[0.0002];[-0.9498];2852.53116;[0.0002];[-0.9498];2843.28516;400),(477474.69211;[0.4462];[-0.5038];4798.93829;[0.4388];[-0.5112];4702.43853;400),(492898.28014;[0.3554];[-0.5946];4174.63477;[0.3486];[-0.6014];4127.95264;400),(508593.79721;[0.1012];[-0.8488];3534.63540;[0.0957];[-0.8543];3516.49335;400),(525230.78489;[0.0368];[-0.9132];3362.02832;[0.0322];[-0.9178];3348.85105;400),(539932.52897;[0.0155];[-0.9345];3218.72748;[0.0126];[-0.9374];3206.59735;400),(553204.36382;[0.0108];[-0.9392];3072.18278;[0.0086];[-0.9414];3058.79303;400),(567357.30290;[0.0002];[-0.9498];2852.53116;[0.0002];[-0.9498];2843.28516;400),(582872.73002;[0.4462];[-0.5038];4798.93829;[0.4388];[-0.5112];4702.43853;400),(598695.84799;[0.3554];[-0.5946];4174.63477;[0.3486];[-0.6014];4127.95264;400)]"
5,9,4704.978173065685,[0.456],[-0.494],601676.0878562927,"[(30760.70762;[0.3304];[-0.6196];4568.19090;[0.3298];[-0.6202];4592.45196;100),(39798.32721;[0.3304];[-0.6196];4568.75371;[0.3298];[-0.6202];4593.74700;100),(45105.37124;[0.3304];[-0.6196];4568.75371;[0.3298];[-0.6202];4593.74700;100),(50283.08272;[0.3304];[-0.6196];4568.75371;[0.3298];[-0.6202];4593.74700;100),(55623.10004;[0.3304];[-0.6196];4568.75371;[0.3298];[-0.6202];4593.74700;100),(59798.24591;[0.3304];[-0.6196];4568.75371;[0.3298];[-0.6202];4593.74700;100),(60472.45526;[0.1544];[-0.7956];3604.31794;[0.1571];[-0.7929];3604.12293;100),(61155.10535;[0.0267];[-0.9233];3301.30704;[0.0248];[-0.9252];3300.98579;100),(62228.28031;[0.0205];[-0.9295];3186.11857;[0.0181];[-0.9319];3185.64295;100),(63526.20268;[0.0182];[-0.9318];3126.39118;[0.016];[-0.934];3125.88435;100),(66221.07506;[0.0135];[-0.9365];3096.36529;[0.0123];[-0.9377];3095.87215;100),(67684.28946;[0.01];[-0.94];3079.93048;[0.01];[-0.94];3079.48517;100),(69185.22596;[0.009];[-0.941];3065.27678;[0.0086];[-0.9414];3064.82711;100),(73092.50212;[0.0074];[-0.9426];3053.39724;[0.0071];[-0.9429];3052.99812;100),(75364.08734;[0.0046];[-0.9454];3014.52277;[0.0046];[-0.9454];3014.02950;100),(80247.62130;[0.4512];[-0.4988];4709.17042;[0.4483];[-0.5017];4702.40298;100),(97130.85365;[0.3292];[-0.6208];4572.92487;[0.3279];[-0.6221];4601.25934;200),(105524.55711;[0.3292];[-0.6208];4572.92487;[0.3279];[-0.6221];4601.25934;200),(114931.55098;[0.3292];[-0.6208];4572.92487;[0.3279];[-0.6221];4601.25934;200),(124284.06096;[0.3292];[-0.6208];4574.66082;[0.3279];[-0.6221];4602.66146;200),(132198.54760;[0.3292];[-0.6208];4574.66082;[0.3279];[-0.6221];4602.66146;200),(141522.41540;[0.3292];[-0.6208];4574.66082;[0.3279];[-0.6221];4602.66146;200),(142549.83497;[0.1445];[-0.8055];3591.06890;[0.1477];[-0.8023];3590.86095;200),(144985.64482;[0.0231];[-0.9269];3334.02749;[0.0217];[-0.9283];3333.98280;200),(146977.87213;[0.0087];[-0.9413];3140.48489;[0.0084];[-0.9416];3140.29708;200),(148631.29115;[0.0045];[-0.9455];3015.97060;[0.0046];[-0.9454];3015.48144;200),(151159.08170;[0.0011];[-0.9489];2903.70498;[0.0006];[-0.9494];2903.29216;200),(152665.70187;[0.0004];[-0.9496];2870.12355;[0.0002];[-0.9498];2869.73573;200),(153680.99451;[0.0003];[-0.9497];2869.98471;[0.0002];[-0.9498];2869.61109;200),(154208.07910;[0.0003];[-0.9497];2869.47606;[0.0002];[-0.9498];2869.10272;200),(154599.12920;[0.0003];[-0.9497];2869.47606;[0.0002];[-0.9498];2869.10272;200),(163050.47369;[0.4574];[-0.4926];4711.00747;[0.4554];[-0.4946];4705.55818;200),(172340.41214;[0.3594];[-0.5906];4190.43605;[0.3622];[-0.5878];4186.88410;200),(182022.55511;[0.0939];[-0.8561];3516.58152;[0.0957];[-0.8543];3516.49335;200),(192646.78025;[0.0293];[-0.9207];3340.49631;[0.0291];[-0.9209];3340.29459;200),(202306.54812;[0.0096];[-0.9404];3146.98613;[0.0093];[-0.9407];3146.76429;200),(218122.24126;[0.0003];[-0.9497];2869.47606;[0.0002];[-0.9498];2869.10272;200),(219608.49261;[0.0003];[-0.9497];2869.47606;[0.0002];[-0.9498];2869.10272;200),(227457.61895;[0.4577];[-0.4923];4710.50452;[0.456];[-0.494];4704.97817;200),(235301.11742;[0.3625];[-0.5875];4205.47210;[0.3657];[-0.5843];4201.97565;200),(245655.23767;[0.0975];[-0.8525];3523.81652;[0.1001];[-0.8499];3523.65152;200),(256070.82701;[0.0281];[-0.9219];3361.96936;[0.0274];[-0.9226];3361.96524;200),(263978.88517;[0.0114];[-0.9386];3201.79519;[0.0114];[-0.9386];3201.67289;200),(270397.31598;[0.0003];[-0.9497];2869.47606;[0.0002];[-0.9498];2869.10272;200),(279041.40258;[0.4577];[-0.4923];4710.50452;[0.456];[-0.494];4704.97817;200),(286559.69095;[0.3625];[-0.5875];4205.47210;[0.3657];[-0.5843];4201.97565;200),(294873.90542;[0.0975];[-0.8525];3523.81652;[0.1001];[-0.8499];3523.65152;200),(303925.36855;[0.0281];[-0.9219];3361.96936;[0.0274];[-0.9226];3361.96524;200),(311828.35150;[0.0112];[-0.9388];3202.13241;[0.011];[-0.939];3201.98205;200),(327177.30689;[0.0061];[-0.9439];3060.32959;[0.0064];[-0.9436];3059.92097;200),(328903.60284;[0.0031];[-0.9469];2991.14229;[0.0029];[-0.9471];2990.61537;200),(330791.60500;[0.001];[-0.949];2900.65182;[0.0006];[-0.9494];2900.22497;200),(332530.26509;[0.0003];[-0.9497];2869.98471;[0.0002];[-0.9498];2869.61109;200),(334599.89309;[0.0003];[-0.9497];2869.47606;[0.0002];[-0.9498];2869.10272;200),(345523.78154;[0.4574];[-0.4926];4711.00747;[0.4554];[-0.4946];4705.55818;200),(352889.66036;[0.3597];[-0.5903];4192.17139;[0.3628];[-0.5872];4188.63550;200),(361430.32050;[0.0967];[-0.8533];3522.55479;[0.0989];[-0.8511];3522.37119;200),(370804.68822;[0.0281];[-0.9219];3361.96936;[0.0274];[-0.9226];3361.96524;200),(378303.73621;[0.0129];[-0.9371];3209.95074;[0.0124];[-0.9376];3209.79556;200),(395358.91151;[0.0032];[-0.9468];3065.34004;[0.0031];[-0.9469];3065.10381;200),(397621.97399;[0.0031];[-0.9469];2991.14229;[0.0029];[-0.9471];2990.61537;200),(401663.13314;[0.0018];[-0.9482];2956.59407;[0.0013];[-0.9487];2956.07777;200),(404171.54932;[0.0003];[-0.9497];2869.47606;[0.0002];[-0.9498];2869.10272;200),(407100.66485;[0.0003];[-0.9497];2869.47606;[0.0002];[-0.9498];2869.10272;200),(416158.82897;[0.4577];[-0.4923];4710.50452;[0.456];[-0.494];4704.97817;200),(423837.70967;[0.3611];[-0.5889];4196.36919;[0.364];[-0.586];4192.79802;200),(432134.30238;[0.0969];[-0.8531];3521.75005;[0.0994];[-0.8506];3521.59772;200),(441410.32362;[0.0283];[-0.9217];3362.17679;[0.0278];[-0.9222];3362.18724;200),(449546.03505;[0.0144];[-0.9356];3211.56639;[0.0132];[-0.9368];3211.37893;200),(466813.30061;[0.0039];[-0.9461];3077.08274;[0.004];[-0.946];3076.79303;200),(468449.07570;[0.0031];[-0.9469];3008.97685;[0.0028];[-0.9472];3008.51941;200),(471375.44966;[0.0031];[-0.9469];2990.67205;[0.0029];[-0.9471];2990.14856;200),(475476.75228;[0.0017];[-0.9483];2955.58695;[0.0012];[-0.9488];2955.06403;200),(482227.86856;[0.0019];[-0.9481];2954.88068;[0.0013];[-0.9487];2954.34749;200),(489630.45263;[0.4577];[-0.4923];4710.50452;[0.456];[-0.494];4704.97817;200),(497518.00537;[0.3579];[-0.5921];4175.78378;[0.3614];[-0.5886];4172.00307;200),(506045.09068;[0.0925];[-0.8575];3513.31395;[0.0935];[-0.8565];3513.23577;200),(515622.64204;[0.029];[-0.921];3364.11116;[0.0293];[-0.9207];3364.08643;200),(523793.00070;[0.0145];[-0.9355];3217.39168;[0.0132];[-0.9368];3217.18592;200),(532248.45886;[0.0019];[-0.9481];2954.88068;[0.0013];[-0.9487];2954.34749;200),(538586.84850;[0.0019];[-0.9481];2954.88068;[0.0013];[-0.9487];2954.34749;200),(545637.52174;[0.4574];[-0.4926];4711.00747;[0.4554];[-0.4946];4705.55818;200),(553092.64469;[0.3579];[-0.5921];4175.78378;[0.3614];[-0.5886];4172.00307;200),(562518.58711;[0.0925];[-0.8575];3513.31395;[0.0935];[-0.8565];3513.23577;200),(571206.35319;[0.029];[-0.921];3364.11116;[0.0293];[-0.9207];3364.08643;200),(579249.68791;[0.0145];[-0.9355];3217.39168;[0.0132];[-0.9368];3217.18592;200),(588122.40911;[0.0019];[-0.9481];2954.88068;[0.0013];[-0.9487];2954.34749;200)]"
5,10,4652.580569989333,[0.4203],[-0.5297],604418.895483017,"[(29929.05235;[0.3124];[-0.6376];4648.61839;[0.3068];[-0.6432];4498.42286;100),(31474.11895;[0.3126];[-0.6374];4651.00378;[0.3073];[-0.6427];4499.31907;200),(47080.02949;[0.3126];[-0.6374];4651.00378;[0.3073];[-0.6427];4499.31907;200),(55521.26622;[0.3126];[-0.6374];4651.00378;[0.3073];[-0.6427];4499.31907;200),(65596.93050;[0.3126];[-0.6374];4651.00378;[0.3073];[-0.6427];4499.31907;200),(74938.67016;[0.3126];[-0.6374];4651.00378;[0.3073];[-0.6427];4499.31907;200),(83944.86618;[0.3126];[-0.6374];4651.00378;[0.3073];[-0.6427];4499.31907;200),(92676.50604;[0.3126];[-0.6374];4651.00378;[0.3073];[-0.6427];4499.31907;200),(94705.48081;[0.1896];[-0.7604];3666.56733;[0.1814];[-0.7686];3638.78769;200),(96386.14273;[0.0998];[-0.8502];3477.80765;[0.09];[-0.86];3460.71088;200),(97186.59639;[0.0226];[-0.9274];3309.62934;[0.0196];[-0.9304];3298.55514;200),(98991.97984;[0.0074];[-0.9426];3058.55773;[0.0069];[-0.9431];3048.96203;200),(99784.76644;[0.0003];[-0.9497];2878.08205;[0.0002];[-0.9498];2871.21295;200),(100904.64568;[0.0002];[-0.9498];2841.59495;[0.0001];[-0.9499];2835.33236;200),(101536.34429;[0.];[-0.95];2804.38696;[0.];[-0.95];2798.76598;200),(102511.69348;[0.];[-0.95];2759.16027;[0.];[-0.95];2754.19299;200),(103511.58309;[0.];[-0.95];2755.95592;[0.];[-0.95];2751.01576;200),(105018.48674;[0.];[-0.95];2755.01281;[0.];[-0.95];2750.09499;200),(112682.92975;[0.437];[-0.513];4739.37023;[0.4203];[-0.5297];4652.58057;200),(125930.26423;[0.4067];[-0.5433];4344.56251;[0.3931];[-0.5569];4301.63670;200),(137608.57749;[0.1214];[-0.8286];3558.98647;[0.1148];[-0.8352];3542.39886;200),(149311.14268;[0.0328];[-0.9172];3353.14085;[0.0299];[-0.9201];3342.53576;200),(158888.22699;[0.0077];[-0.9423];3060.53432;[0.0071];[-0.9429];3050.96123;200),(174550.31252;[0.];[-0.95];2755.01281;[0.];[-0.95];2750.09499;200),(184695.35756;[0.437];[-0.513];4739.37023;[0.4203];[-0.5297];4652.58057;200),(198687.31856;[0.4099];[-0.5401];4360.82465;[0.3954];[-0.5546];4318.00954;200),(208850.80385;[0.1269];[-0.8231];3564.57585;[0.1219];[-0.8281];3546.81411;200),(219472.94784;[0.0364];[-0.9136];3375.27452;[0.0339];[-0.9161];3364.38166;200),(227859.76529;[0.0158];[-0.9342];3151.44716;[0.0144];[-0.9356];3140.74578;200),(244916.42785;[0.0012];[-0.9488];2939.77066;[0.0011];[-0.9489];2931.89552;200),(245874.12977;[0.0002];[-0.9498];2842.00454;[0.0001];[-0.9499];2835.72430;200),(246698.81988;[0.];[-0.95];2806.05097;[0.];[-0.95];2800.40399;200),(247381.20556;[0.];[-0.95];2798.65524;[0.];[-0.95];2793.03781;200),(248211.51543;[0.];[-0.95];2755.01281;[0.];[-0.95];2750.09499;200),(257642.55977;[0.437];[-0.513];4739.37023;[0.4203];[-0.5297];4652.58057;200),(271642.88425;[0.4068];[-0.5432];4355.15301;[0.3933];[-0.5567];4312.69520;200),(280829.49138;[0.1261];[-0.8239];3576.83399;[0.1198];[-0.8302];3560.86409;200),(289551.55826;[0.0395];[-0.9105];3382.38129;[0.0368];[-0.9132];3371.15782;200),(298756.66881;[0.0139];[-0.9361];3183.38376;[0.0127];[-0.9373];3173.33244;200),(314619.70425;[0.0015];[-0.9485];2965.19915;[0.0014];[-0.9486];2957.23190;200),(316434.77821;[0.0002];[-0.9498];2842.71724;[0.0001];[-0.9499];2836.50889;200),(317245.06474;[0.0002];[-0.9498];2840.96974;[0.0001];[-0.9499];2834.72783;200),(317926.76592;[0.];[-0.95];2780.92184;[0.];[-0.95];2775.51379;200),(325399.06478;[0.437];[-0.513];4739.37023;[0.4203];[-0.5297];4652.58057;200),(337149.34206;[0.4089];[-0.5411];4362.58039;[0.394];[-0.556];4320.29497;200),(346468.45627;[0.1338];[-0.8162];3565.97934;[0.1292];[-0.8208];3547.41745;200),(355865.52501;[0.0498];[-0.9002];3384.24058;[0.047];[-0.903];3372.10911;200),(364698.64392;[0.0124];[-0.9376];3211.02935;[0.0114];[-0.9386];3201.67289;200),(381680.06992;[0.0055];[-0.9445];3023.12362;[0.0046];[-0.9454];3014.02950;200),(382305.62210;[0.0006];[-0.9494];2910.16746;[0.0006];[-0.9494];2902.80407;200),(383850.18015;[0.0002];[-0.9498];2842.00454;[0.0001];[-0.9499];2835.72430;200),(384510.82397;[0.0002];[-0.9498];2840.96974;[0.0001];[-0.9499];2834.72783;200),(384953.51219;[0.0002];[-0.9498];2840.13106;[0.0001];[-0.9499];2833.91058;200),(385603.92618;[0.0002];[-0.9498];2840.13106;[0.0001];[-0.9499];2833.91058;200),(392064.29863;[0.437];[-0.513];4739.37023;[0.4203];[-0.5297];4652.58057;200),(403860.12626;[0.4068];[-0.5432];4349.56820;[0.3934];[-0.5566];4306.95597;200),(413053.37358;[0.1278];[-0.8222];3566.03809;[0.1207];[-0.8293];3549.66998;200),(422027.09198;[0.0437];[-0.9063];3395.62084;[0.0397];[-0.9103];3384.30034;200),(431695.60456;[0.0141];[-0.9359];3226.96835;[0.0133];[-0.9367];3217.20998;200),(439124.86982;[0.0002];[-0.9498];2840.13106;[0.0001];[-0.9499];2833.91058;200),(446737.07294;[0.437];[-0.513];4739.37023;[0.4203];[-0.5297];4652.58057;200),(458260.57696;[0.4068];[-0.5432];4349.56820;[0.3934];[-0.5566];4306.95597;200),(467716.12644;[0.1278];[-0.8222];3566.03809;[0.1207];[-0.8293];3549.66998;200),(477837.03256;[0.0437];[-0.9063];3395.62084;[0.0397];[-0.9103];3384.30034;200),(485837.91256;[0.0141];[-0.9359];3226.96835;[0.0133];[-0.9367];3217.20998;200),(503620.35418;[0.0056];[-0.9444];3032.11790;[0.005];[-0.945];3023.04356;200),(504508.70395;[0.0006];[-0.9494];2910.96331;[0.0006];[-0.9494];2903.56183;200),(505040.29465;[0.0003];[-0.9497];2875.88075;[0.0002];[-0.9498];2869.10272;200),(505599.73454;[0.0002];[-0.9498];2840.96974;[0.0001];[-0.9499];2834.72783;200),(506112.20384;[0.0002];[-0.9498];2840.13106;[0.0001];[-0.9499];2833.91058;200),(512699.66578;[0.437];[-0.513];4739.37023;[0.4203];[-0.5297];4652.58057;200),(525167.08708;[0.4068];[-0.5432];4358.32602;[0.393];[-0.557];4316.16703;200),(535205.73831;[0.1285];[-0.8215];3567.68122;[0.1218];[-0.8282];3551.11075;200),(545366.21881;[0.0425];[-0.9075];3403.15960;[0.0382];[-0.9118];3392.09683;200),(552697.46733;[0.0171];[-0.9329];3241.28518;[0.0155];[-0.9345];3231.15590;200),(569903.20110;[0.0076];[-0.9424];3060.92529;[0.007];[-0.943];3051.30696;200),(571711.05909;[0.0012];[-0.9488];2935.92071;[0.0011];[-0.9489];2928.05038;200),(572401.35789;[0.0006];[-0.9494];2909.44146;[0.0006];[-0.9494];2902.09856;200),(573344.16032;[0.0003];[-0.9497];2877.25162;[0.0002];[-0.9498];2870.40392;200),(573862.21313;[0.0003];[-0.9497];2875.88075;[0.0002];[-0.9498];2869.10272;200),(574730.37171;[0.0003];[-0.9497];2872.53987;[0.0002];[-0.9498];2865.74567;200),(575288.98191;[0.0002];[-0.9498];2840.13106;[0.0001];[-0.9499];2833.91058;200),(581680.01533;[0.437];[-0.513];4739.37023;[0.4203];[-0.5297];4652.58057;200),(592890.97381;[0.406];[-0.544];4342.58580;[0.3925];[-0.5575];4299.77284;200)]"
