Hardness,Seed,Objective,feas,surplus,Runtime,solutions
1,4,14327.10889254873,[0.9807],[0.0307],802.1020889282227,[(787.38022;[0.99];[0.04];13851.57165;[0.9807];[0.0307];14327.10889;100)]
0,3,19007.33073316298,[0.9669],[0.0169],817.4407482147217,[(802.61421;[0.96];[0.01];18784.94772;[0.9669];[0.0169];19007.33073;100)]
0,6,19613.21463833538,[1.],[0.05],821.4876651763916,[(806.31065;[1.];[0.05];17719.22427;[1.];[0.05];19613.21464;100)]
0,7,19628.62071590804,[0.944],[-0.006],972.4714756011963,[(957.51452;[0.97];[0.02];19238.39257;[0.944];[-0.006];19628.62072;100)]
0,4,19676.54227610379,[0.9752],[0.0252],1028.4695625305176,[(1013.27825;[0.98];[0.03];18135.72019;[0.9752];[0.0252];19676.54228;100)]
1,3,14322.510492531586,[0.975],[0.025],1072.214126586914,[(1057.08671;[0.97];[0.02];14223.27189;[0.975];[0.025];14322.51049;100)]
1,7,14679.03210123549,[0.938],[-0.012],719.0151214599609,[(704.43821;[0.98];[0.03];14564.14031;[0.938];[-0.012];14679.03210;100)]
1,6,14591.134740438803,[1.],[0.05],773.353099822998,[(757.74884;[1.];[0.05];13398.91747;[1.];[0.05];14591.13474;100)]
2,3,10989.478848786473,[0.9582],[0.0082],969.9513912200928,[(943.98832;[0.95];[0.];10938.64536;[0.9582];[0.0082];10989.47885;100)]
2,4,10994.760682179582,[0.9554],[0.0054],1025.892734527588,[(1000.77033;[0.98];[0.03];10639.39704;[0.9554];[0.0054];10994.76068;100)]
1,1,14611.043395276138,[0.9705],[0.0205],600327.223777771,"[(1157.27592;[0.88];[-0.07];15054.37137;[0.9026];[-0.0474];14905.34274;100),(7979.07829;[0.88];[-0.07];15054.37137;[0.9026];[-0.0474];14905.34274;100),(11565.20844;[0.88];[-0.07];15054.37137;[0.9026];[-0.0474];14905.34274;100),(15053.73883;[0.88];[-0.07];15054.37137;[0.9026];[-0.0474];14905.34274;100),(18385.47063;[0.88];[-0.07];15054.37137;[0.9026];[-0.0474];14905.34274;100),(21707.48734;[0.88];[-0.07];15054.37137;[0.9026];[-0.0474];14905.34274;100),(22792.81569;[0.95];[0.];14934.75405;[0.9705];[0.0205];14611.04340;100),(23138.06820;[0.97];[0.02];14539.04016;[0.9737];[0.0237];14329.95256;100),(25879.43959;[0.93];[-0.02];14682.27231;[0.9636];[0.0136];14395.88345;100),(26482.05304;[0.98];[0.03];14555.14222;[0.9778];[0.0278];14328.70408;100),(31580.98722;[0.94];[-0.01];14568.97855;[0.9658];[0.0158];14285.92101;100),(32035.43234;[0.98];[0.03];14555.24862;[0.9777];[0.0277];14332.77795;100),(37954.01883;[0.98];[0.03];14555.24862;[0.9777];[0.0277];14332.77795;100),(42045.14694;[0.98];[0.03];14555.24862;[0.9777];[0.0277];14332.77795;100),(47348.99306;[0.94];[-0.01];14560.95662;[0.9662];[0.0162];14278.06051;100),(52722.43237;[0.98];[0.03];14554.76828;[0.9805];[0.0305];14335.84629;100),(57336.16590;[0.94];[-0.01];14558.31139;[0.965];[0.015];14275.26095;100),(64175.90284;[0.98];[0.03];14555.59434;[0.978];[0.028];14330.34651;100),(69234.84683;[0.94];[-0.01];14556.28521;[0.9664];[0.0164];14273.25436;100),(76034.35516;[0.98];[0.03];14555.59434;[0.978];[0.028];14330.34651;100),(81569.92459;[0.94];[-0.01];14556.28521;[0.9664];[0.0164];14273.25436;100),(87316.85305;[0.98];[0.03];14555.59434;[0.978];[0.028];14330.34651;100),(96170.33553;[0.88];[-0.07];15054.37137;[0.9026];[-0.0474];14905.34274;100),(99718.38927;[0.88];[-0.07];15054.37137;[0.9026];[-0.0474];14905.34274;100),(103294.27552;[0.88];[-0.07];15054.37137;[0.9026];[-0.0474];14905.34274;100),(106759.50360;[0.88];[-0.07];15054.37137;[0.9026];[-0.0474];14905.34274;100),(110273.27251;[0.88];[-0.07];15054.37137;[0.9026];[-0.0474];14905.34274;100),(111430.21560;[0.95];[0.];14934.75405;[0.9705];[0.0205];14611.04340;100),(111746.13142;[0.97];[0.02];14539.04016;[0.9737];[0.0237];14329.95256;100),(114232.58805;[0.93];[-0.02];14682.27231;[0.9636];[0.0136];14395.88345;100),(114578.68719;[0.98];[0.03];14555.14222;[0.9778];[0.0278];14328.70408;100),(119961.89427;[0.94];[-0.01];14568.97855;[0.9658];[0.0158];14285.92101;100),(120420.48264;[0.98];[0.03];14555.24862;[0.9777];[0.0277];14332.77795;100),(125870.79835;[0.98];[0.03];14555.24862;[0.9777];[0.0277];14332.77795;100),(130295.00437;[0.98];[0.03];14555.24862;[0.9777];[0.0277];14332.77795;100),(134520.14756;[0.94];[-0.01];14560.95662;[0.9662];[0.0162];14278.06051;100),(139569.95273;[0.98];[0.03];14554.76828;[0.9805];[0.0305];14335.84629;100),(144861.78875;[0.94];[-0.01];14558.31139;[0.965];[0.015];14275.26095;100),(150180.75037;[0.98];[0.03];14555.59434;[0.978];[0.028];14330.34651;100),(154717.16428;[0.94];[-0.01];14556.28521;[0.9664];[0.0164];14273.25436;100),(159654.13427;[0.98];[0.03];14555.59434;[0.978];[0.028];14330.34651;100),(163707.65519;[0.94];[-0.01];14556.28521;[0.9664];[0.0164];14273.25436;100),(168694.15641;[0.98];[0.03];14555.59434;[0.978];[0.028];14330.34651;100),(176751.45888;[0.88];[-0.07];15054.37137;[0.9026];[-0.0474];14905.34274;100),(180606.35304;[0.88];[-0.07];15054.37137;[0.9026];[-0.0474];14905.34274;100),(184292.03844;[0.88];[-0.07];15054.37137;[0.9026];[-0.0474];14905.34274;100),(188258.00014;[0.88];[-0.07];15054.37137;[0.9026];[-0.0474];14905.34274;100),(191918.38431;[0.88];[-0.07];15054.37137;[0.9026];[-0.0474];14905.34274;100),(193126.25527;[0.95];[0.];14934.75405;[0.9705];[0.0205];14611.04340;100),(193445.11557;[0.97];[0.02];14539.04016;[0.9737];[0.0237];14329.95256;100),(195827.69203;[0.93];[-0.02];14682.27231;[0.9636];[0.0136];14395.88345;100),(196323.25315;[0.98];[0.03];14555.14222;[0.9778];[0.0278];14328.70408;100),(202017.88092;[0.94];[-0.01];14568.97855;[0.9658];[0.0158];14285.92101;100),(202496.47069;[0.98];[0.03];14555.24862;[0.9777];[0.0277];14332.77795;100),(207182.36780;[0.98];[0.03];14555.24862;[0.9777];[0.0277];14332.77795;100),(211884.24325;[0.98];[0.03];14555.24862;[0.9777];[0.0277];14332.77795;100),(216838.60540;[0.94];[-0.01];14560.95662;[0.9662];[0.0162];14278.06051;100),(221511.84082;[0.98];[0.03];14554.76828;[0.9805];[0.0305];14335.84629;100),(226597.65482;[0.94];[-0.01];14558.31139;[0.965];[0.015];14275.26095;100),(232128.35336;[0.98];[0.03];14555.59434;[0.978];[0.028];14330.34651;100),(237047.50061;[0.94];[-0.01];14556.28521;[0.9664];[0.0164];14273.25436;100),(242818.94708;[0.98];[0.03];14555.59434;[0.978];[0.028];14330.34651;100),(248062.62875;[0.94];[-0.01];14556.28521;[0.9664];[0.0164];14273.25436;100),(253508.96144;[0.98];[0.03];14555.59434;[0.978];[0.028];14330.34651;100),(261231.62985;[0.88];[-0.07];15054.37137;[0.9026];[-0.0474];14905.34274;100),(264735.45885;[0.88];[-0.07];15054.37137;[0.9026];[-0.0474];14905.34274;100),(268475.10481;[0.88];[-0.07];15054.37137;[0.9026];[-0.0474];14905.34274;100),(272360.02898;[0.88];[-0.07];15054.37137;[0.9026];[-0.0474];14905.34274;100),(275940.89293;[0.88];[-0.07];15054.37137;[0.9026];[-0.0474];14905.34274;100),(277416.12506;[0.95];[0.];14934.75405;[0.9705];[0.0205];14611.04340;100),(277724.54190;[0.97];[0.02];14539.04016;[0.9737];[0.0237];14329.95256;100),(280153.89657;[0.93];[-0.02];14682.27231;[0.9636];[0.0136];14395.88345;100),(280435.02784;[0.98];[0.03];14555.14222;[0.9778];[0.0278];14328.70408;100),(285517.88211;[0.94];[-0.01];14568.97855;[0.9658];[0.0158];14285.92101;100),(285971.50421;[0.98];[0.03];14555.24862;[0.9777];[0.0277];14332.77795;100),(290701.75672;[0.98];[0.03];14555.24862;[0.9777];[0.0277];14332.77795;100),(294662.07790;[0.98];[0.03];14555.24862;[0.9777];[0.0277];14332.77795;100),(299678.07817;[0.94];[-0.01];14560.95662;[0.9662];[0.0162];14278.06051;100),(304417.27114;[0.98];[0.03];14554.76828;[0.9805];[0.0305];14335.84629;100),(309687.78992;[0.94];[-0.01];14558.31139;[0.965];[0.015];14275.26095;100),(315260.79607;[0.98];[0.03];14555.59434;[0.978];[0.028];14330.34651;100),(320046.16380;[0.94];[-0.01];14556.28521;[0.9664];[0.0164];14273.25436;100),(326094.59662;[0.98];[0.03];14555.59434;[0.978];[0.028];14330.34651;100),(330933.13360;[0.94];[-0.01];14556.28521;[0.9664];[0.0164];14273.25436;100),(336442.80982;[0.98];[0.03];14555.59434;[0.978];[0.028];14330.34651;100),(344175.54235;[0.88];[-0.07];15054.37137;[0.9026];[-0.0474];14905.34274;100),(347957.34978;[0.88];[-0.07];15054.37137;[0.9026];[-0.0474];14905.34274;100),(351765.85817;[0.88];[-0.07];15054.37137;[0.9026];[-0.0474];14905.34274;100),(355178.30062;[0.88];[-0.07];15054.37137;[0.9026];[-0.0474];14905.34274;100),(358706.34317;[0.88];[-0.07];15054.37137;[0.9026];[-0.0474];14905.34274;100),(359799.08252;[0.95];[0.];14934.75405;[0.9705];[0.0205];14611.04340;100),(360122.83993;[0.97];[0.02];14539.04016;[0.9737];[0.0237];14329.95256;100),(362366.22596;[0.93];[-0.02];14682.27231;[0.9636];[0.0136];14395.88345;100),(362876.85370;[0.98];[0.03];14555.14222;[0.9778];[0.0278];14328.70408;100),(367531.47674;[0.94];[-0.01];14568.97855;[0.9658];[0.0158];14285.92101;100),(368162.07409;[0.98];[0.03];14555.24862;[0.9777];[0.0277];14332.77795;100),(373013.14998;[0.98];[0.03];14555.24862;[0.9777];[0.0277];14332.77795;100),(377556.58031;[0.98];[0.03];14555.24862;[0.9777];[0.0277];14332.77795;100),(382160.99668;[0.94];[-0.01];14560.95662;[0.9662];[0.0162];14278.06051;100),(386958.37235;[0.98];[0.03];14554.76828;[0.9805];[0.0305];14335.84629;100),(391878.30639;[0.94];[-0.01];14558.31139;[0.965];[0.015];14275.26095;100),(396993.48807;[0.98];[0.03];14555.59434;[0.978];[0.028];14330.34651;100),(402016.83712;[0.94];[-0.01];14556.28521;[0.9664];[0.0164];14273.25436;100),(407249.87435;[0.98];[0.03];14555.59434;[0.978];[0.028];14330.34651;100),(411957.53551;[0.94];[-0.01];14556.28521;[0.9664];[0.0164];14273.25436;100),(417909.54781;[0.98];[0.03];14555.59434;[0.978];[0.028];14330.34651;100),(426145.06984;[0.88];[-0.07];15054.37137;[0.9026];[-0.0474];14905.34274;100),(430322.51239;[0.88];[-0.07];15054.37137;[0.9026];[-0.0474];14905.34274;100),(434428.82037;[0.88];[-0.07];15054.37137;[0.9026];[-0.0474];14905.34274;100),(438054.23021;[0.88];[-0.07];15054.37137;[0.9026];[-0.0474];14905.34274;100),(441421.47136;[0.88];[-0.07];15054.37137;[0.9026];[-0.0474];14905.34274;100),(442592.65041;[0.95];[0.];14934.75405;[0.9705];[0.0205];14611.04340;100),(442905.65753;[0.97];[0.02];14539.04016;[0.9737];[0.0237];14329.95256;100),(445133.31532;[0.93];[-0.02];14682.27231;[0.9636];[0.0136];14395.88345;100),(445458.29940;[0.98];[0.03];14555.14222;[0.9778];[0.0278];14328.70408;100),(450479.39086;[0.94];[-0.01];14568.97855;[0.9658];[0.0158];14285.92101;100),(450889.11104;[0.98];[0.03];14555.24862;[0.9777];[0.0277];14332.77795;100),(455475.61288;[0.98];[0.03];14555.24862;[0.9777];[0.0277];14332.77795;100),(460191.93745;[0.98];[0.03];14555.24862;[0.9777];[0.0277];14332.77795;100),(465115.54384;[0.94];[-0.01];14560.95662;[0.9662];[0.0162];14278.06051;100),(470029.99997;[0.98];[0.03];14554.76828;[0.9805];[0.0305];14335.84629;100),(474729.40397;[0.94];[-0.01];14558.31139;[0.965];[0.015];14275.26095;100),(480424.71099;[0.98];[0.03];14555.59434;[0.978];[0.028];14330.34651;100),(485649.64581;[0.94];[-0.01];14556.28521;[0.9664];[0.0164];14273.25436;100),(490908.71739;[0.98];[0.03];14555.59434;[0.978];[0.028];14330.34651;100),(495550.14873;[0.94];[-0.01];14556.28521;[0.9664];[0.0164];14273.25436;100),(501169.30056;[0.98];[0.03];14555.59434;[0.978];[0.028];14330.34651;100),(509709.88679;[0.88];[-0.07];15054.37137;[0.9026];[-0.0474];14905.34274;100),(513576.13826;[0.88];[-0.07];15054.37137;[0.9026];[-0.0474];14905.34274;100),(517773.57602;[0.88];[-0.07];15054.37137;[0.9026];[-0.0474];14905.34274;100),(521618.51430;[0.88];[-0.07];15054.37137;[0.9026];[-0.0474];14905.34274;100),(525295.52841;[0.88];[-0.07];15054.37137;[0.9026];[-0.0474];14905.34274;100),(526470.17312;[0.95];[0.];14934.75405;[0.9705];[0.0205];14611.04340;100),(526796.70429;[0.97];[0.02];14539.04016;[0.9737];[0.0237];14329.95256;100),(529005.26118;[0.93];[-0.02];14682.27231;[0.9636];[0.0136];14395.88345;100),(529534.80387;[0.98];[0.03];14555.14222;[0.9778];[0.0278];14328.70408;100),(534346.90976;[0.94];[-0.01];14568.97855;[0.9658];[0.0158];14285.92101;100),(534852.29659;[0.98];[0.03];14555.24862;[0.9777];[0.0277];14332.77795;100),(539233.09612;[0.98];[0.03];14555.24862;[0.9777];[0.0277];14332.77795;100),(543092.17834;[0.98];[0.03];14555.24862;[0.9777];[0.0277];14332.77795;100),(548083.50682;[0.94];[-0.01];14560.95662;[0.9662];[0.0162];14278.06051;100),(552587.89873;[0.98];[0.03];14554.76828;[0.9805];[0.0305];14335.84629;100),(557676.06831;[0.94];[-0.01];14558.31139;[0.965];[0.015];14275.26095;100),(563183.70390;[0.98];[0.03];14555.59434;[0.978];[0.028];14330.34651;100),(567744.63439;[0.94];[-0.01];14556.28521;[0.9664];[0.0164];14273.25436;100),(573861.90319;[0.98];[0.03];14555.59434;[0.978];[0.028];14330.34651;100),(579050.76170;[0.94];[-0.01];14556.28521;[0.9664];[0.0164];14273.25436;100),(584732.67102;[0.98];[0.03];14555.59434;[0.978];[0.028];14330.34651;100),(592544.25359;[0.88];[-0.07];15054.37137;[0.9026];[-0.0474];14905.34274;100),(596462.86821;[0.88];[-0.07];15054.37137;[0.9026];[-0.0474];14905.34274;100)]"
0,8,19915.417090831193,[0.9042],[-0.0458],601363.7225627899,"[(1121.37055;[0.84];[-0.11];22340.25739;[0.7922];[-0.1578];19932.97446;100),(7578.34196;[0.84];[-0.11];22340.25739;[0.7922];[-0.1578];19932.97446;100),(11139.24742;[0.84];[-0.11];22340.25739;[0.7922];[-0.1578];19932.97446;100),(14652.54426;[0.84];[-0.11];22340.25739;[0.7922];[-0.1578];19932.97446;100),(17969.05684;[0.84];[-0.11];22340.25739;[0.7922];[-0.1578];19932.97446;100),(21284.91139;[0.84];[-0.11];22340.25739;[0.7922];[-0.1578];19932.97446;100),(21575.40250;[0.91];[-0.04];21822.27579;[0.8836];[-0.0664];19890.47863;100),(24314.39686;[0.96];[0.01];21281.62245;[0.9202];[-0.0298];19446.35477;100),(25556.48971;[0.95];[0.];21750.48131;[0.9042];[-0.0458];19915.41709;100),(30049.64209;[0.95];[0.];21585.61585;[0.9124];[-0.0376];19800.94232;100),(37669.32583;[0.95];[0.];21363.77008;[0.9161];[-0.0339];19422.03697;100),(41273.49639;[0.97];[0.02];21282.17037;[0.9237];[-0.0263];19458.75803;100),(46206.69127;[0.96];[0.01];21306.79205;[0.9179];[-0.0321];19374.00739;100),(50785.71153;[0.95];[0.];21334.89133;[0.9151];[-0.0349];19393.72390;100),(54314.02993;[0.96];[0.01];21320.84179;[0.9171];[-0.0329];19385.58302;100),(58107.09763;[0.96];[0.01];21328.77415;[0.9171];[-0.0329];19392.28909;100),(62629.88305;[0.96];[0.01];21330.74212;[0.9168];[-0.0332];19393.35738;100),(67307.99627;[0.96];[0.01];21333.36642;[0.9167];[-0.0333];19395.45451;100),(71960.72364;[0.96];[0.01];21333.52452;[0.9167];[-0.0333];19395.47857;100),(76330.96457;[0.96];[0.01];21334.55446;[0.9171];[-0.0329];19397.65856;100),(81172.39618;[0.96];[0.01];21334.62727;[0.9163];[-0.0337];19396.32497;100),(86566.57457;[0.95];[0.];21334.89133;[0.9151];[-0.0349];19393.72390;100),(93458.45819;[0.84];[-0.11];22340.25739;[0.7922];[-0.1578];19932.97446;100),(96963.40656;[0.84];[-0.11];22340.25739;[0.7922];[-0.1578];19932.97446;100),(100493.01386;[0.84];[-0.11];22340.25739;[0.7922];[-0.1578];19932.97446;100),(104192.30843;[0.84];[-0.11];22340.25739;[0.7922];[-0.1578];19932.97446;100),(107672.13154;[0.84];[-0.11];22340.25739;[0.7922];[-0.1578];19932.97446;100),(107957.86285;[0.91];[-0.04];21822.27579;[0.8836];[-0.0664];19890.47863;100),(110813.77387;[0.96];[0.01];21281.62245;[0.9202];[-0.0298];19446.35477;100),(111757.12490;[0.95];[0.];21750.48131;[0.9042];[-0.0458];19915.41709;100),(115724.93005;[0.95];[0.];21585.61585;[0.9124];[-0.0376];19800.94232;100),(121729.44331;[0.95];[0.];21363.77008;[0.9161];[-0.0339];19422.03697;100),(124895.46299;[0.97];[0.02];21282.17037;[0.9237];[-0.0263];19458.75803;100),(130075.38462;[0.96];[0.01];21306.79205;[0.9179];[-0.0321];19374.00739;100),(134439.67628;[0.95];[0.];21334.89133;[0.9151];[-0.0349];19393.72390;100),(137784.75046;[0.96];[0.01];21320.84179;[0.9171];[-0.0329];19385.58302;100),(142316.69092;[0.96];[0.01];21328.77415;[0.9171];[-0.0329];19392.28909;100),(147939.18419;[0.96];[0.01];21330.74212;[0.9168];[-0.0332];19393.35738;100),(152693.60280;[0.96];[0.01];21333.36642;[0.9167];[-0.0333];19395.45451;100),(157687.07180;[0.96];[0.01];21333.52452;[0.9167];[-0.0333];19395.47857;100),(162076.28202;[0.96];[0.01];21334.55446;[0.9171];[-0.0329];19397.65856;100),(166658.67043;[0.96];[0.01];21334.62727;[0.9163];[-0.0337];19396.32497;100),(171114.36439;[0.95];[0.];21334.89133;[0.9151];[-0.0349];19393.72390;100),(179653.20849;[0.84];[-0.11];22340.25739;[0.7922];[-0.1578];19932.97446;100),(183799.24154;[0.84];[-0.11];22340.25739;[0.7922];[-0.1578];19932.97446;100),(187570.88852;[0.84];[-0.11];22340.25739;[0.7922];[-0.1578];19932.97446;100),(191147.89295;[0.84];[-0.11];22340.25739;[0.7922];[-0.1578];19932.97446;100),(194717.71359;[0.84];[-0.11];22340.25739;[0.7922];[-0.1578];19932.97446;100),(195011.67464;[0.91];[-0.04];21822.27579;[0.8836];[-0.0664];19890.47863;100),(197595.17932;[0.96];[0.01];21281.62245;[0.9202];[-0.0298];19446.35477;100),(198605.09276;[0.95];[0.];21750.48131;[0.9042];[-0.0458];19915.41709;100),(202176.37134;[0.95];[0.];21585.61585;[0.9124];[-0.0376];19800.94232;100),(208643.53013;[0.95];[0.];21363.77008;[0.9161];[-0.0339];19422.03697;100),(211170.56012;[0.97];[0.02];21282.17037;[0.9237];[-0.0263];19458.75803;100),(215840.95311;[0.96];[0.01];21306.79205;[0.9179];[-0.0321];19374.00739;100),(220370.82744;[0.95];[0.];21334.89133;[0.9151];[-0.0349];19393.72390;100),(223472.50485;[0.96];[0.01];21320.84179;[0.9171];[-0.0329];19385.58302;100),(228578.10688;[0.96];[0.01];21328.77415;[0.9171];[-0.0329];19392.28909;100),(233123.17681;[0.96];[0.01];21330.74212;[0.9168];[-0.0332];19393.35738;100),(238128.17240;[0.96];[0.01];21333.36642;[0.9167];[-0.0333];19395.45451;100),(242938.68876;[0.96];[0.01];21333.52452;[0.9167];[-0.0333];19395.47857;100),(247205.02019;[0.96];[0.01];21334.55446;[0.9171];[-0.0329];19397.65856;100),(251952.75927;[0.96];[0.01];21334.62727;[0.9163];[-0.0337];19396.32497;100),(256271.24929;[0.95];[0.];21334.89133;[0.9151];[-0.0349];19393.72390;100),(264351.03178;[0.84];[-0.11];22340.25739;[0.7922];[-0.1578];19932.97446;100),(268563.61341;[0.84];[-0.11];22340.25739;[0.7922];[-0.1578];19932.97446;100),(272202.37970;[0.84];[-0.11];22340.25739;[0.7922];[-0.1578];19932.97446;100),(276367.29264;[0.84];[-0.11];22340.25739;[0.7922];[-0.1578];19932.97446;100),(279724.83778;[0.84];[-0.11];22340.25739;[0.7922];[-0.1578];19932.97446;100),(280012.07519;[0.91];[-0.04];21822.27579;[0.8836];[-0.0664];19890.47863;100),(282584.81765;[0.96];[0.01];21281.62245;[0.9202];[-0.0298];19446.35477;100),(283871.36412;[0.95];[0.];21750.48131;[0.9042];[-0.0458];19915.41709;100),(287468.16897;[0.95];[0.];21585.61585;[0.9124];[-0.0376];19800.94232;100),(293416.20159;[0.95];[0.];21363.77008;[0.9161];[-0.0339];19422.03697;100),(295892.21287;[0.97];[0.02];21282.17037;[0.9237];[-0.0263];19458.75803;100),(300931.06723;[0.96];[0.01];21306.79205;[0.9179];[-0.0321];19374.00739;100),(305487.74600;[0.95];[0.];21334.89133;[0.9151];[-0.0349];19393.72390;100),(308608.36768;[0.96];[0.01];21320.84179;[0.9171];[-0.0329];19385.58302;100),(312984.87782;[0.96];[0.01];21328.77415;[0.9171];[-0.0329];19392.28909;100),(318233.93345;[0.96];[0.01];21330.74212;[0.9168];[-0.0332];19393.35738;100),(323469.17391;[0.96];[0.01];21333.36642;[0.9167];[-0.0333];19395.45451;100),(328457.31711;[0.96];[0.01];21333.52452;[0.9167];[-0.0333];19395.47857;100),(333461.11608;[0.96];[0.01];21334.55446;[0.9171];[-0.0329];19397.65856;100),(338428.96676;[0.96];[0.01];21334.62727;[0.9163];[-0.0337];19396.32497;100),(342855.88980;[0.95];[0.];21334.89133;[0.9151];[-0.0349];19393.72390;100),(350927.53720;[0.84];[-0.11];22340.25739;[0.7922];[-0.1578];19932.97446;100),(355019.47355;[0.84];[-0.11];22340.25739;[0.7922];[-0.1578];19932.97446;100),(358791.19968;[0.84];[-0.11];22340.25739;[0.7922];[-0.1578];19932.97446;100),(362504.68755;[0.84];[-0.11];22340.25739;[0.7922];[-0.1578];19932.97446;100),(366128.01886;[0.84];[-0.11];22340.25739;[0.7922];[-0.1578];19932.97446;100),(366425.64464;[0.91];[-0.04];21822.27579;[0.8836];[-0.0664];19890.47863;100),(369340.22689;[0.96];[0.01];21281.62245;[0.9202];[-0.0298];19446.35477;100),(370339.28704;[0.95];[0.];21750.48131;[0.9042];[-0.0458];19915.41709;100),(374405.23171;[0.95];[0.];21585.61585;[0.9124];[-0.0376];19800.94232;100),(380451.02811;[0.95];[0.];21363.77008;[0.9161];[-0.0339];19422.03697;100),(383865.98778;[0.97];[0.02];21282.17037;[0.9237];[-0.0263];19458.75803;100),(388236.84812;[0.96];[0.01];21306.79205;[0.9179];[-0.0321];19374.00739;100),(392502.64621;[0.95];[0.];21334.89133;[0.9151];[-0.0349];19393.72390;100),(395442.69753;[0.96];[0.01];21320.84179;[0.9171];[-0.0329];19385.58302;100),(399585.40606;[0.96];[0.01];21328.77415;[0.9171];[-0.0329];19392.28909;100),(405184.89647;[0.96];[0.01];21330.74212;[0.9168];[-0.0332];19393.35738;100),(409960.30307;[0.96];[0.01];21333.36642;[0.9167];[-0.0333];19395.45451;100),(414893.84532;[0.96];[0.01];21333.52452;[0.9167];[-0.0333];19395.47857;100),(419338.67240;[0.96];[0.01];21334.55446;[0.9171];[-0.0329];19397.65856;100),(424093.04142;[0.96];[0.01];21334.62727;[0.9163];[-0.0337];19396.32497;100),(428485.23188;[0.95];[0.];21334.89133;[0.9151];[-0.0349];19393.72390;100),(435987.90216;[0.84];[-0.11];22340.25739;[0.7922];[-0.1578];19932.97446;100),(440245.70656;[0.84];[-0.11];22340.25739;[0.7922];[-0.1578];19932.97446;100),(444092.93866;[0.84];[-0.11];22340.25739;[0.7922];[-0.1578];19932.97446;100),(447677.23060;[0.84];[-0.11];22340.25739;[0.7922];[-0.1578];19932.97446;100),(451903.23925;[0.84];[-0.11];22340.25739;[0.7922];[-0.1578];19932.97446;100),(452257.84850;[0.91];[-0.04];21822.27579;[0.8836];[-0.0664];19890.47863;100),(455556.21982;[0.96];[0.01];21281.62245;[0.9202];[-0.0298];19446.35477;100),(456715.99507;[0.95];[0.];21750.48131;[0.9042];[-0.0458];19915.41709;100),(460605.90839;[0.95];[0.];21585.61585;[0.9124];[-0.0376];19800.94232;100),(466510.42056;[0.95];[0.];21363.77008;[0.9161];[-0.0339];19422.03697;100),(470029.90460;[0.97];[0.02];21282.17037;[0.9237];[-0.0263];19458.75803;100),(474059.17978;[0.96];[0.01];21306.79205;[0.9179];[-0.0321];19374.00739;100),(478280.52711;[0.95];[0.];21334.89133;[0.9151];[-0.0349];19393.72390;100),(481612.53476;[0.96];[0.01];21320.84179;[0.9171];[-0.0329];19385.58302;100),(485319.23199;[0.96];[0.01];21328.77415;[0.9171];[-0.0329];19392.28909;100),(490094.05756;[0.96];[0.01];21330.74212;[0.9168];[-0.0332];19393.35738;100),(494433.29668;[0.96];[0.01];21333.36642;[0.9167];[-0.0333];19395.45451;100),(499272.15838;[0.96];[0.01];21333.52452;[0.9167];[-0.0333];19395.47857;100),(504135.76174;[0.96];[0.01];21334.55446;[0.9171];[-0.0329];19397.65856;100),(508713.05203;[0.96];[0.01];21334.62727;[0.9163];[-0.0337];19396.32497;100),(513147.43066;[0.95];[0.];21334.89133;[0.9151];[-0.0349];19393.72390;100),(522359.18927;[0.84];[-0.11];22340.25739;[0.7922];[-0.1578];19932.97446;100),(526633.10814;[0.84];[-0.11];22340.25739;[0.7922];[-0.1578];19932.97446;100),(530866.45365;[0.84];[-0.11];22340.25739;[0.7922];[-0.1578];19932.97446;100),(536162.68039;[0.84];[-0.11];22340.25739;[0.7922];[-0.1578];19932.97446;100),(540309.25965;[0.84];[-0.11];22340.25739;[0.7922];[-0.1578];19932.97446;100),(540661.37314;[0.91];[-0.04];21822.27579;[0.8836];[-0.0664];19890.47863;100),(543727.13947;[0.96];[0.01];21281.62245;[0.9202];[-0.0298];19446.35477;100),(545032.69315;[0.95];[0.];21750.48131;[0.9042];[-0.0458];19915.41709;100),(549113.75952;[0.95];[0.];21585.61585;[0.9124];[-0.0376];19800.94232;100),(555545.11857;[0.95];[0.];21363.77008;[0.9161];[-0.0339];19422.03697;100),(559206.55370;[0.97];[0.02];21282.17037;[0.9237];[-0.0263];19458.75803;100),(564194.51666;[0.96];[0.01];21306.79205;[0.9179];[-0.0321];19374.00739;100),(568746.94014;[0.95];[0.];21334.89133;[0.9151];[-0.0349];19393.72390;100),(572592.65494;[0.96];[0.01];21320.84179;[0.9171];[-0.0329];19385.58302;100),(577160.90417;[0.96];[0.01];21328.77415;[0.9171];[-0.0329];19392.28909;100),(582269.00315;[0.96];[0.01];21330.74212;[0.9168];[-0.0332];19393.35738;100),(587583.22239;[0.96];[0.01];21333.36642;[0.9167];[-0.0333];19395.45451;100),(592124.30573;[0.96];[0.01];21333.52452;[0.9167];[-0.0333];19395.47857;100),(596500.49233;[0.96];[0.01];21334.55446;[0.9171];[-0.0329];19397.65856;100),(601345.42084;[0.96];[0.01];21334.62727;[0.9163];[-0.0337];19396.32497;100)]"
2,6,11137.324737731302,[1.],[0.05],902.3270606994629,[(884.04202;[1.];[0.05];10200.18232;[1.];[0.05];11137.32474;100)]
0,5,19486.271317581,[0.9638],[0.0138],600494.9493408203,"[(799.42226;[0.75];[-0.2];19667.55787;[0.804];[-0.146];19947.13518;100),(7225.85821;[0.75];[-0.2];19668.04577;[0.8045];[-0.1455];19946.94115;100),(10687.01220;[0.75];[-0.2];19668.04577;[0.8045];[-0.1455];19946.94115;100),(14192.61765;[0.75];[-0.2];19668.04577;[0.8045];[-0.1455];19946.94115;100),(17444.40794;[0.75];[-0.2];19668.04577;[0.8045];[-0.1455];19946.94115;100),(20709.43379;[0.75];[-0.2];19668.04577;[0.8045];[-0.1455];19946.94115;100),(25495.19730;[0.92];[-0.03];19178.78709;[0.9216];[-0.0284];19628.25729;100),(25953.53055;[1.];[0.05];18681.37504;[1.];[0.05];19224.55228;100),(26251.57046;[0.97];[0.02];19046.37638;[0.9762];[0.0262];19609.62742;100),(26576.75433;[0.99];[0.04];19133.17177;[0.997];[0.047];19660.47014;100),(26840.41214;[1.];[0.05];19134.19373;[0.9984];[0.0484];19657.61638;100),(31342.56315;[1.];[0.05];19134.94698;[0.999];[0.049];19654.27311;100),(37025.10786;[0.95];[0.];19142.57450;[0.9638];[0.0138];19486.27132;100),(41836.31635;[0.99];[0.04];19134.37083;[0.998];[0.048];19659.69555;100),(47598.49930;[0.95];[0.];19136.00294;[0.959];[0.009];19488.63039;100),(51961.47776;[0.99];[0.04];19134.37083;[0.998];[0.048];19659.69555;100),(56589.95819;[1.];[0.05];19135.16042;[0.9988];[0.0488];19655.02285;100),(62125.54431;[0.95];[0.];19135.64936;[0.9594];[0.0094];19488.08279;100),(67588.66024;[1.];[0.05];19135.16042;[0.9988];[0.0488];19655.02285;100),(71983.24871;[1.];[0.05];19135.16042;[0.9988];[0.0488];19655.02285;100),(76757.57098;[0.95];[0.];19135.64936;[0.9594];[0.0094];19488.08279;100),(83387.32290;[1.];[0.05];19135.16042;[0.9988];[0.0488];19655.02285;100),(88185.28557;[0.95];[0.];19135.64936;[0.9594];[0.0094];19488.08279;100),(96277.88019;[0.75];[-0.2];19668.04577;[0.8045];[-0.1455];19946.94115;100),(100526.89385;[0.75];[-0.2];19668.04577;[0.8045];[-0.1455];19946.94115;100),(104529.19412;[0.75];[-0.2];19668.04577;[0.8045];[-0.1455];19946.94115;100),(108026.67999;[0.75];[-0.2];19668.04577;[0.8045];[-0.1455];19946.94115;100),(112239.46834;[0.75];[-0.2];19668.04577;[0.8045];[-0.1455];19946.94115;100),(117303.94745;[0.92];[-0.03];19178.78709;[0.9216];[-0.0284];19628.25729;100),(117719.27381;[1.];[0.05];18681.37504;[1.];[0.05];19224.55228;100),(118130.71132;[0.97];[0.02];19046.37638;[0.9762];[0.0262];19609.62742;100),(118461.24744;[0.99];[0.04];19133.17177;[0.997];[0.047];19660.47014;100),(118710.06703;[1.];[0.05];19134.19373;[0.9984];[0.0484];19657.61638;100),(122610.02827;[1.];[0.05];19134.94698;[0.999];[0.049];19654.27311;100),(127882.32064;[0.95];[0.];19142.57450;[0.9638];[0.0138];19486.27132;100),(133117.62643;[0.99];[0.04];19134.37083;[0.998];[0.048];19659.69555;100),(138155.74074;[0.95];[0.];19136.00294;[0.959];[0.009];19488.63039;100),(142788.42378;[0.99];[0.04];19134.37083;[0.998];[0.048];19659.69555;100),(147962.28504;[1.];[0.05];19135.16042;[0.9988];[0.0488];19655.02285;100),(152925.81820;[0.95];[0.];19135.64936;[0.9594];[0.0094];19488.08279;100),(158707.46231;[1.];[0.05];19135.16042;[0.9988];[0.0488];19655.02285;100),(163018.31675;[1.];[0.05];19135.16042;[0.9988];[0.0488];19655.02285;100),(167551.21827;[0.95];[0.];19135.64936;[0.9594];[0.0094];19488.08279;100),(173971.14348;[1.];[0.05];19135.16042;[0.9988];[0.0488];19655.02285;100),(177871.32025;[0.95];[0.];19135.64936;[0.9594];[0.0094];19488.08279;100),(185408.79035;[0.75];[-0.2];19668.04577;[0.8045];[-0.1455];19946.94115;100),(189310.33278;[0.75];[-0.2];19668.04577;[0.8045];[-0.1455];19946.94115;100),(193335.97159;[0.75];[-0.2];19668.04577;[0.8045];[-0.1455];19946.94115;100),(197083.43554;[0.75];[-0.2];19668.04577;[0.8045];[-0.1455];19946.94115;100),(200981.89402;[0.75];[-0.2];19668.04577;[0.8045];[-0.1455];19946.94115;100),(205884.62114;[0.92];[-0.03];19178.78709;[0.9216];[-0.0284];19628.25729;100),(206293.53428;[1.];[0.05];18681.37504;[1.];[0.05];19224.55228;100),(206765.86437;[0.97];[0.02];19046.37638;[0.9762];[0.0262];19609.62742;100),(207082.71408;[0.99];[0.04];19133.17177;[0.997];[0.047];19660.47014;100),(207281.72445;[1.];[0.05];19134.19373;[0.9984];[0.0484];19657.61638;100),(211026.94511;[1.];[0.05];19134.94698;[0.999];[0.049];19654.27311;100),(216065.18626;[0.95];[0.];19142.57450;[0.9638];[0.0138];19486.27132;100),(220615.98825;[0.99];[0.04];19134.37083;[0.998];[0.048];19659.69555;100),(226660.37321;[0.95];[0.];19136.00294;[0.959];[0.009];19488.63039;100),(231402.25530;[0.99];[0.04];19134.37083;[0.998];[0.048];19659.69555;100),(236430.69744;[1.];[0.05];19135.16042;[0.9988];[0.0488];19655.02285;100),(240793.19263;[0.95];[0.];19135.64936;[0.9594];[0.0094];19488.08279;100),(246315.31501;[1.];[0.05];19135.16042;[0.9988];[0.0488];19655.02285;100),(250810.02808;[1.];[0.05];19135.16042;[0.9988];[0.0488];19655.02285;100),(255545.63522;[0.95];[0.];19135.64936;[0.9594];[0.0094];19488.08279;100),(261197.76511;[1.];[0.05];19135.16042;[0.9988];[0.0488];19655.02285;100),(265078.16577;[0.95];[0.];19135.64936;[0.9594];[0.0094];19488.08279;100),(272632.70974;[0.75];[-0.2];19668.04577;[0.8045];[-0.1455];19946.94115;100),(276225.17705;[0.75];[-0.2];19668.04577;[0.8045];[-0.1455];19946.94115;100),(279928.44272;[0.75];[-0.2];19668.04577;[0.8045];[-0.1455];19946.94115;100),(283826.03908;[0.75];[-0.2];19668.04577;[0.8045];[-0.1455];19946.94115;100),(287548.36488;[0.75];[-0.2];19668.04577;[0.8045];[-0.1455];19946.94115;100),(293175.52614;[0.92];[-0.03];19178.78709;[0.9216];[-0.0284];19628.25729;100),(293553.80368;[1.];[0.05];18681.37504;[1.];[0.05];19224.55228;100),(293768.29410;[0.97];[0.02];19046.37638;[0.9762];[0.0262];19609.62742;100),(294064.19563;[0.99];[0.04];19133.17177;[0.997];[0.047];19660.47014;100),(294323.59409;[1.];[0.05];19134.19373;[0.9984];[0.0484];19657.61638;100),(298918.74862;[1.];[0.05];19134.94698;[0.999];[0.049];19654.27311;100),(303876.89209;[0.95];[0.];19142.57450;[0.9638];[0.0138];19486.27132;100),(308273.44322;[0.99];[0.04];19134.37083;[0.998];[0.048];19659.69555;100),(314026.95584;[0.95];[0.];19136.00294;[0.959];[0.009];19488.63039;100),(319585.73794;[0.99];[0.04];19134.37083;[0.998];[0.048];19659.69555;100),(324219.97762;[1.];[0.05];19135.16042;[0.9988];[0.0488];19655.02285;100),(328813.69185;[0.95];[0.];19135.64936;[0.9594];[0.0094];19488.08279;100),(334370.12959;[1.];[0.05];19135.16042;[0.9988];[0.0488];19655.02285;100),(338689.20898;[1.];[0.05];19135.16042;[0.9988];[0.0488];19655.02285;100),(342705.39093;[0.95];[0.];19135.64936;[0.9594];[0.0094];19488.08279;100),(348067.83199;[1.];[0.05];19135.16042;[0.9988];[0.0488];19655.02285;100),(352113.33990;[0.95];[0.];19135.64936;[0.9594];[0.0094];19488.08279;100),(359206.66242;[0.75];[-0.2];19668.04577;[0.8045];[-0.1455];19946.94115;100),(363306.72765;[0.75];[-0.2];19668.04577;[0.8045];[-0.1455];19946.94115;100),(367650.38300;[0.75];[-0.2];19668.04577;[0.8045];[-0.1455];19946.94115;100),(371425.08674;[0.75];[-0.2];19668.04577;[0.8045];[-0.1455];19946.94115;100),(375692.47031;[0.75];[-0.2];19668.04577;[0.8045];[-0.1455];19946.94115;100),(381315.74297;[0.92];[-0.03];19178.78709;[0.9216];[-0.0284];19628.25729;100),(381724.52116;[1.];[0.05];18681.37504;[1.];[0.05];19224.55228;100),(381978.49059;[0.97];[0.02];19046.37638;[0.9762];[0.0262];19609.62742;100),(382289.62040;[0.99];[0.04];19133.17177;[0.997];[0.047];19660.47014;100),(382501.37496;[1.];[0.05];19134.19373;[0.9984];[0.0484];19657.61638;100),(386370.05138;[1.];[0.05];19134.94698;[0.999];[0.049];19654.27311;100),(391035.57897;[0.95];[0.];19142.57450;[0.9638];[0.0138];19486.27132;100),(395613.03449;[0.99];[0.04];19134.37083;[0.998];[0.048];19659.69555;100),(400988.18469;[0.95];[0.];19136.00294;[0.959];[0.009];19488.63039;100),(405840.35397;[0.99];[0.04];19134.37083;[0.998];[0.048];19659.69555;100),(410205.96695;[1.];[0.05];19135.16042;[0.9988];[0.0488];19655.02285;100),(414556.45514;[0.95];[0.];19135.64936;[0.9594];[0.0094];19488.08279;100),(420025.58756;[1.];[0.05];19135.16042;[0.9988];[0.0488];19655.02285;100),(424159.17158;[1.];[0.05];19135.16042;[0.9988];[0.0488];19655.02285;100),(428528.17988;[0.95];[0.];19135.64936;[0.9594];[0.0094];19488.08279;100),(434213.59563;[1.];[0.05];19135.16042;[0.9988];[0.0488];19655.02285;100),(438208.62365;[0.95];[0.];19135.64936;[0.9594];[0.0094];19488.08279;100),(445118.64352;[0.75];[-0.2];19668.04577;[0.8045];[-0.1455];19946.94115;100),(449601.00508;[0.75];[-0.2];19668.04577;[0.8045];[-0.1455];19946.94115;100),(454010.96201;[0.75];[-0.2];19668.04577;[0.8045];[-0.1455];19946.94115;100),(458212.57281;[0.75];[-0.2];19668.04577;[0.8045];[-0.1455];19946.94115;100),(462935.86636;[0.75];[-0.2];19668.04577;[0.8045];[-0.1455];19946.94115;100),(468695.45865;[0.92];[-0.03];19178.78709;[0.9216];[-0.0284];19628.25729;100),(469043.51306;[1.];[0.05];18681.37504;[1.];[0.05];19224.55228;100),(469252.64120;[0.97];[0.02];19046.37638;[0.9762];[0.0262];19609.62742;100),(469759.35054;[0.99];[0.04];19133.17177;[0.997];[0.047];19660.47014;100),(469999.70365;[1.];[0.05];19134.19373;[0.9984];[0.0484];19657.61638;100),(474050.17114;[1.];[0.05];19134.94698;[0.999];[0.049];19654.27311;100),(478095.16215;[0.95];[0.];19142.57450;[0.9638];[0.0138];19486.27132;100),(482619.77267;[0.99];[0.04];19134.37083;[0.998];[0.048];19659.69555;100),(487809.52477;[0.95];[0.];19136.00294;[0.959];[0.009];19488.63039;100),(492548.26212;[0.99];[0.04];19134.37083;[0.998];[0.048];19659.69555;100),(497148.12136;[1.];[0.05];19135.16042;[0.9988];[0.0488];19655.02285;100),(501627.10619;[0.95];[0.];19135.64936;[0.9594];[0.0094];19488.08279;100),(507643.47053;[1.];[0.05];19135.16042;[0.9988];[0.0488];19655.02285;100),(511937.97660;[1.];[0.05];19135.16042;[0.9988];[0.0488];19655.02285;100),(516769.67764;[0.95];[0.];19135.64936;[0.9594];[0.0094];19488.08279;100),(522371.22202;[1.];[0.05];19135.16042;[0.9988];[0.0488];19655.02285;100),(526689.42952;[0.95];[0.];19135.64936;[0.9594];[0.0094];19488.08279;100),(534241.90402;[0.75];[-0.2];19668.04577;[0.8045];[-0.1455];19946.94115;100),(537977.31185;[0.75];[-0.2];19668.04577;[0.8045];[-0.1455];19946.94115;100),(541610.57138;[0.75];[-0.2];19668.04577;[0.8045];[-0.1455];19946.94115;100),(545120.32413;[0.75];[-0.2];19668.04577;[0.8045];[-0.1455];19946.94115;100),(549344.79380;[0.75];[-0.2];19668.04577;[0.8045];[-0.1455];19946.94115;100),(554744.30656;[0.92];[-0.03];19178.78709;[0.9216];[-0.0284];19628.25729;100),(555102.24533;[1.];[0.05];18681.37504;[1.];[0.05];19224.55228;100),(555490.90815;[0.97];[0.02];19046.37638;[0.9762];[0.0262];19609.62742;100),(555750.00548;[0.99];[0.04];19133.17177;[0.997];[0.047];19660.47014;100),(555945.96410;[1.];[0.05];19134.19373;[0.9984];[0.0484];19657.61638;100),(560046.31066;[1.];[0.05];19134.94698;[0.999];[0.049];19654.27311;100),(564244.77935;[0.95];[0.];19142.57450;[0.9638];[0.0138];19486.27132;100),(568627.69604;[0.99];[0.04];19134.37083;[0.998];[0.048];19659.69555;100),(573792.78469;[0.95];[0.];19136.00294;[0.959];[0.009];19488.63039;100),(578544.59071;[0.99];[0.04];19134.37083;[0.998];[0.048];19659.69555;100),(582982.68270;[1.];[0.05];19135.16042;[0.9988];[0.0488];19655.02285;100),(586862.28633;[0.95];[0.];19135.64936;[0.9594];[0.0094];19488.08279;100),(591900.59209;[1.];[0.05];19135.16042;[0.9988];[0.0488];19655.02285;100),(596204.95510;[1.];[0.05];19135.16042;[0.9988];[0.0488];19655.02285;100),(600477.42319;[1.];[0.05];19135.16042;[0.9988];[0.0488];19655.02285;100)]"
1,8,14439.179700488574,[0.9078],[-0.0422],600218.3094024658,"[(700.56033;[0.74];[-0.21];16771.07591;[0.7321];[-0.2179];14901.41826;100),(7366.36758;[0.74];[-0.21];16771.07591;[0.7321];[-0.2179];14901.41826;100),(10821.01536;[0.74];[-0.21];16771.07591;[0.7321];[-0.2179];14901.41826;100),(14250.42653;[0.74];[-0.21];16771.07591;[0.7321];[-0.2179];14901.41826;100),(17631.64735;[0.74];[-0.21];16771.07591;[0.7321];[-0.2179];14901.41826;100),(20904.77490;[0.74];[-0.21];16771.07591;[0.7321];[-0.2179];14901.41826;100),(21376.13392;[0.88];[-0.07];16193.88802;[0.8682];[-0.0818];14687.51754;100),(26999.09401;[0.95];[0.];15785.35572;[0.9078];[-0.0422];14439.17970;100),(27555.98235;[0.97];[0.02];15721.49487;[0.932];[-0.018];14605.43138;100),(27772.32146;[0.97];[0.02];15721.49487;[0.932];[-0.018];14605.43138;100),(30167.39392;[0.97];[0.02];15721.49487;[0.932];[-0.018];14605.43138;100),(36524.57070;[0.97];[0.02];15721.56813;[0.9318];[-0.0182];14604.56719;100),(38764.27436;[0.97];[0.02];15721.56813;[0.9318];[-0.0182];14604.56719;100),(44354.24018;[0.95];[0.];15756.06624;[0.9073];[-0.0427];14410.56887;100),(51253.77464;[0.95];[0.];15737.62225;[0.9076];[-0.0424];14394.03279;100),(57392.66086;[0.95];[0.];15725.55811;[0.9058];[-0.0442];14377.26342;100),(60114.24637;[0.97];[0.02];15721.49487;[0.932];[-0.018];14605.43138;100),(66408.39911;[0.95];[0.];15722.19738;[0.9055];[-0.0445];14373.67218;100),(72835.41346;[0.97];[0.02];15721.64757;[0.9193];[-0.0307];14530.44886;100),(78370.11123;[0.95];[0.];15721.88904;[0.9055];[-0.0445];14373.50371;100),(82269.97876;[0.95];[0.];15721.61429;[0.9068];[-0.0432];14376.16547;100),(85198.62556;[0.97];[0.02];15721.49487;[0.932];[-0.018];14605.43138;100),(92777.22287;[0.74];[-0.21];16771.07591;[0.7321];[-0.2179];14901.41826;100),(96432.63745;[0.74];[-0.21];16771.07591;[0.7321];[-0.2179];14901.41826;100),(100131.76274;[0.74];[-0.21];16771.07591;[0.7321];[-0.2179];14901.41826;100),(103623.90733;[0.74];[-0.21];16771.07591;[0.7321];[-0.2179];14901.41826;100),(106902.29034;[0.74];[-0.21];16771.07591;[0.7321];[-0.2179];14901.41826;100),(107347.42928;[0.88];[-0.07];16193.88802;[0.8682];[-0.0818];14687.51754;100),(112710.04295;[0.95];[0.];15785.35572;[0.9078];[-0.0422];14439.17970;100),(113238.58285;[0.97];[0.02];15721.49487;[0.932];[-0.018];14605.43138;100),(113417.39249;[0.97];[0.02];15721.49487;[0.932];[-0.018];14605.43138;100),(115329.92005;[0.97];[0.02];15721.49487;[0.932];[-0.018];14605.43138;100),(121346.08674;[0.97];[0.02];15721.56813;[0.9318];[-0.0182];14604.56719;100),(123770.74385;[0.97];[0.02];15721.56813;[0.9318];[-0.0182];14604.56719;100),(128764.43958;[0.95];[0.];15756.06624;[0.9073];[-0.0427];14410.56887;100),(134926.24211;[0.95];[0.];15737.62225;[0.9076];[-0.0424];14394.03279;100),(142138.28039;[0.95];[0.];15725.55811;[0.9058];[-0.0442];14377.26342;100),(145085.38961;[0.97];[0.02];15721.49487;[0.932];[-0.018];14605.43138;100),(151068.35485;[0.95];[0.];15722.19738;[0.9055];[-0.0445];14373.67218;100),(156792.54389;[0.97];[0.02];15721.64757;[0.9193];[-0.0307];14530.44886;100),(161776.46661;[0.95];[0.];15721.88904;[0.9055];[-0.0445];14373.50371;100),(164639.74166;[0.95];[0.];15721.61429;[0.9068];[-0.0432];14376.16547;100),(167690.29069;[0.97];[0.02];15721.49487;[0.932];[-0.018];14605.43138;100),(174847.78666;[0.74];[-0.21];16771.07591;[0.7321];[-0.2179];14901.41826;100),(178458.31609;[0.74];[-0.21];16771.07591;[0.7321];[-0.2179];14901.41826;100),(181892.27271;[0.74];[-0.21];16771.07591;[0.7321];[-0.2179];14901.41826;100),(185811.21159;[0.74];[-0.21];16771.07591;[0.7321];[-0.2179];14901.41826;100),(189753.27301;[0.74];[-0.21];16771.07591;[0.7321];[-0.2179];14901.41826;100),(190219.16938;[0.88];[-0.07];16193.88802;[0.8682];[-0.0818];14687.51754;100),(195586.88664;[0.95];[0.];15785.35572;[0.9078];[-0.0422];14439.17970;100),(195987.94937;[0.97];[0.02];15721.49487;[0.932];[-0.018];14605.43138;100),(196291.56470;[0.97];[0.02];15721.49487;[0.932];[-0.018];14605.43138;100),(198247.49875;[0.97];[0.02];15721.49487;[0.932];[-0.018];14605.43138;100),(203555.35579;[0.97];[0.02];15721.56813;[0.9318];[-0.0182];14604.56719;100),(205738.04498;[0.97];[0.02];15721.56813;[0.9318];[-0.0182];14604.56719;100),(210696.63668;[0.95];[0.];15756.06624;[0.9073];[-0.0427];14410.56887;100),(217178.47061;[0.95];[0.];15737.62225;[0.9076];[-0.0424];14394.03279;100),(223618.42704;[0.95];[0.];15725.55811;[0.9058];[-0.0442];14377.26342;100),(226825.70529;[0.97];[0.02];15721.49487;[0.932];[-0.018];14605.43138;100),(232211.14206;[0.95];[0.];15722.19738;[0.9055];[-0.0445];14373.67218;100),(238564.34274;[0.97];[0.02];15721.64757;[0.9193];[-0.0307];14530.44886;100),(244331.19583;[0.95];[0.];15721.88904;[0.9055];[-0.0445];14373.50371;100),(247831.77423;[0.95];[0.];15721.61429;[0.9068];[-0.0432];14376.16547;100),(250837.11386;[0.97];[0.02];15721.49487;[0.932];[-0.018];14605.43138;100),(258126.91092;[0.74];[-0.21];16771.07591;[0.7321];[-0.2179];14901.41826;100),(262291.71157;[0.74];[-0.21];16771.07591;[0.7321];[-0.2179];14901.41826;100),(266765.99002;[0.74];[-0.21];16771.07591;[0.7321];[-0.2179];14901.41826;100),(270386.10625;[0.74];[-0.21];16771.07591;[0.7321];[-0.2179];14901.41826;100),(274083.17041;[0.74];[-0.21];16771.07591;[0.7321];[-0.2179];14901.41826;100),(274679.10004;[0.88];[-0.07];16193.88802;[0.8682];[-0.0818];14687.51754;100),(279846.81797;[0.95];[0.];15785.35572;[0.9078];[-0.0422];14439.17970;100),(280274.64008;[0.97];[0.02];15721.49487;[0.932];[-0.018];14605.43138;100),(280529.44112;[0.97];[0.02];15721.49487;[0.932];[-0.018];14605.43138;100),(282561.44333;[0.97];[0.02];15721.49487;[0.932];[-0.018];14605.43138;100),(288418.76507;[0.97];[0.02];15721.56813;[0.9318];[-0.0182];14604.56719;100),(290487.48040;[0.97];[0.02];15721.56813;[0.9318];[-0.0182];14604.56719;100),(296090.91115;[0.95];[0.];15756.06624;[0.9073];[-0.0427];14410.56887;100),(301601.19891;[0.95];[0.];15737.62225;[0.9076];[-0.0424];14394.03279;100),(308342.30280;[0.95];[0.];15725.55811;[0.9058];[-0.0442];14377.26342;100),(310747.22171;[0.97];[0.02];15721.49487;[0.932];[-0.018];14605.43138;100),(316380.11265;[0.95];[0.];15722.19738;[0.9055];[-0.0445];14373.67218;100),(322055.37605;[0.97];[0.02];15721.64757;[0.9193];[-0.0307];14530.44886;100),(326657.53412;[0.95];[0.];15721.88904;[0.9055];[-0.0445];14373.50371;100),(329581.54607;[0.95];[0.];15721.61429;[0.9068];[-0.0432];14376.16547;100),(332432.23596;[0.97];[0.02];15721.49487;[0.932];[-0.018];14605.43138;100),(339750.13781;[0.74];[-0.21];16771.07591;[0.7321];[-0.2179];14901.41826;100),(343624.97425;[0.74];[-0.21];16771.07591;[0.7321];[-0.2179];14901.41826;100),(347476.74346;[0.74];[-0.21];16771.07591;[0.7321];[-0.2179];14901.41826;100),(352031.46529;[0.74];[-0.21];16771.07591;[0.7321];[-0.2179];14901.41826;100),(355748.68250;[0.74];[-0.21];16771.07591;[0.7321];[-0.2179];14901.41826;100),(356258.57663;[0.88];[-0.07];16193.88802;[0.8682];[-0.0818];14687.51754;100),(361800.44365;[0.95];[0.];15785.35572;[0.9078];[-0.0422];14439.17970;100),(362291.42356;[0.97];[0.02];15721.49487;[0.932];[-0.018];14605.43138;100),(362492.88082;[0.97];[0.02];15721.49487;[0.932];[-0.018];14605.43138;100),(364921.48757;[0.97];[0.02];15721.49487;[0.932];[-0.018];14605.43138;100),(369756.55580;[0.97];[0.02];15721.56813;[0.9318];[-0.0182];14604.56719;100),(371460.29568;[0.97];[0.02];15721.56813;[0.9318];[-0.0182];14604.56719;100),(376401.93677;[0.95];[0.];15756.06624;[0.9073];[-0.0427];14410.56887;100),(382393.72063;[0.95];[0.];15737.62225;[0.9076];[-0.0424];14394.03279;100),(388190.84501;[0.95];[0.];15725.55811;[0.9058];[-0.0442];14377.26342;100),(391112.87403;[0.97];[0.02];15721.49487;[0.932];[-0.018];14605.43138;100),(396631.98566;[0.95];[0.];15722.19738;[0.9055];[-0.0445];14373.67218;100),(403018.97264;[0.97];[0.02];15721.64757;[0.9193];[-0.0307];14530.44886;100),(408380.47457;[0.95];[0.];15721.88904;[0.9055];[-0.0445];14373.50371;100),(411812.50191;[0.95];[0.];15721.61429;[0.9068];[-0.0432];14376.16547;100),(414955.13177;[0.97];[0.02];15721.49487;[0.932];[-0.018];14605.43138;100),(422433.14457;[0.74];[-0.21];16771.07591;[0.7321];[-0.2179];14901.41826;100),(426207.06558;[0.74];[-0.21];16771.07591;[0.7321];[-0.2179];14901.41826;100),(430610.57019;[0.74];[-0.21];16771.07591;[0.7321];[-0.2179];14901.41826;100),(434660.52938;[0.74];[-0.21];16771.07591;[0.7321];[-0.2179];14901.41826;100),(438649.34897;[0.74];[-0.21];16771.07591;[0.7321];[-0.2179];14901.41826;100),(439111.99522;[0.88];[-0.07];16193.88802;[0.8682];[-0.0818];14687.51754;100),(445001.11508;[0.95];[0.];15785.35572;[0.9078];[-0.0422];14439.17970;100),(445535.33983;[0.97];[0.02];15721.49487;[0.932];[-0.018];14605.43138;100),(445858.11043;[0.97];[0.02];15721.49487;[0.932];[-0.018];14605.43138;100),(448087.83031;[0.97];[0.02];15721.49487;[0.932];[-0.018];14605.43138;100),(453445.86730;[0.97];[0.02];15721.56813;[0.9318];[-0.0182];14604.56719;100),(456028.85175;[0.97];[0.02];15721.56813;[0.9318];[-0.0182];14604.56719;100),(460747.55597;[0.95];[0.];15756.06624;[0.9073];[-0.0427];14410.56887;100),(466413.54394;[0.95];[0.];15737.62225;[0.9076];[-0.0424];14394.03279;100),(472633.06570;[0.95];[0.];15725.55811;[0.9058];[-0.0442];14377.26342;100),(475156.24762;[0.97];[0.02];15721.49487;[0.932];[-0.018];14605.43138;100),(480669.20257;[0.95];[0.];15722.19738;[0.9055];[-0.0445];14373.67218;100),(486754.80652;[0.97];[0.02];15721.64757;[0.9193];[-0.0307];14530.44886;100),(492118.07394;[0.95];[0.];15721.88904;[0.9055];[-0.0445];14373.50371;100),(495511.37567;[0.95];[0.];15721.61429;[0.9068];[-0.0432];14376.16547;100),(499513.16285;[0.97];[0.02];15721.49487;[0.932];[-0.018];14605.43138;100),(507029.71816;[0.74];[-0.21];16771.07591;[0.7321];[-0.2179];14901.41826;100),(511680.60613;[0.74];[-0.21];16771.07591;[0.7321];[-0.2179];14901.41826;100),(516164.08730;[0.74];[-0.21];16771.07591;[0.7321];[-0.2179];14901.41826;100),(520390.50984;[0.74];[-0.21];16771.07591;[0.7321];[-0.2179];14901.41826;100),(524399.04380;[0.74];[-0.21];16771.07591;[0.7321];[-0.2179];14901.41826;100),(524924.36910;[0.88];[-0.07];16193.88802;[0.8682];[-0.0818];14687.51754;100),(530750.84257;[0.95];[0.];15785.35572;[0.9078];[-0.0422];14439.17970;100),(531140.81407;[0.97];[0.02];15721.49487;[0.932];[-0.018];14605.43138;100),(531422.86181;[0.97];[0.02];15721.49487;[0.932];[-0.018];14605.43138;100),(533152.86803;[0.97];[0.02];15721.49487;[0.932];[-0.018];14605.43138;100),(537934.69954;[0.97];[0.02];15721.56813;[0.9318];[-0.0182];14604.56719;100),(540075.41203;[0.97];[0.02];15721.56813;[0.9318];[-0.0182];14604.56719;100),(544835.71577;[0.95];[0.];15756.06624;[0.9073];[-0.0427];14410.56887;100),(551363.74903;[0.95];[0.];15737.62225;[0.9076];[-0.0424];14394.03279;100),(557368.90745;[0.95];[0.];15725.55811;[0.9058];[-0.0442];14377.26342;100),(560116.58049;[0.97];[0.02];15721.49487;[0.932];[-0.018];14605.43138;100),(566585.93678;[0.95];[0.];15722.19738;[0.9055];[-0.0445];14373.67218;100),(572863.16967;[0.97];[0.02];15721.64757;[0.9193];[-0.0307];14530.44886;100),(577820.18304;[0.95];[0.];15721.88904;[0.9055];[-0.0445];14373.50371;100),(580548.53940;[0.95];[0.];15721.61429;[0.9068];[-0.0432];14376.16547;100),(583897.74203;[0.97];[0.02];15721.49487;[0.932];[-0.018];14605.43138;100),(591998.74091;[0.74];[-0.21];16771.07591;[0.7321];[-0.2179];14901.41826;100),(596068.50100;[0.74];[-0.21];16771.07591;[0.7321];[-0.2179];14901.41826;100)]"
0,1,19267.64281371015,[0.9752],[0.0252],600266.0207748413,"[(793.89620;[0.92];[-0.03];19859.74697;[0.9456];[-0.0044];19667.00892;100),(7398.63038;[0.92];[-0.03];19858.81379;[0.9483];[-0.0017];19673.20412;100),(10809.06343;[0.92];[-0.03];19858.81379;[0.9483];[-0.0017];19673.20412;100),(14220.19148;[0.92];[-0.03];19858.81379;[0.9483];[-0.0017];19673.20412;100),(17425.87709;[0.92];[-0.03];19858.81379;[0.9483];[-0.0017];19673.20412;100),(20700.11258;[0.92];[-0.03];19858.81379;[0.9483];[-0.0017];19673.20412;100),(21127.16389;[1.];[0.05];19585.42631;[0.9905];[0.0405];19265.27639;100),(21561.85412;[0.93];[-0.02];19797.35100;[0.9685];[0.0185];19666.08779;100),(23608.85811;[0.97];[0.02];19637.39555;[0.9761];[0.0261];19269.23239;100),(26164.86502;[0.92];[-0.03];19719.72864;[0.9649];[0.0149];19605.53689;100),(28719.17677;[0.92];[-0.03];19666.92767;[0.9598];[0.0098];19568.63903;100),(33624.53413;[0.92];[-0.03];19638.17608;[0.9606];[0.0106];19539.94724;100),(38110.26025;[0.97];[0.02];19637.98960;[0.9752];[0.0252];19267.64281;100),(40265.55681;[0.97];[0.02];19637.98960;[0.9752];[0.0252];19267.64281;100),(45268.49961;[0.97];[0.02];19637.98960;[0.9752];[0.0252];19267.64281;100),(49825.79517;[0.97];[0.02];19637.98960;[0.9752];[0.0252];19267.64281;100),(54312.54745;[0.97];[0.02];19637.98960;[0.9752];[0.0252];19267.64281;100),(58544.71278;[0.97];[0.02];19637.98960;[0.9752];[0.0252];19267.64281;100),(62909.83963;[0.92];[-0.03];19638.17608;[0.9606];[0.0106];19539.94724;100),(67253.31569;[0.92];[-0.03];19638.17608;[0.9606];[0.0106];19539.94724;100),(71521.20852;[0.92];[-0.03];19638.17608;[0.9606];[0.0106];19539.94724;100),(76279.17910;[0.97];[0.02];19637.98960;[0.9752];[0.0252];19267.64281;100),(84607.73540;[0.92];[-0.03];19858.81379;[0.9483];[-0.0017];19673.20412;100),(88684.04388;[0.92];[-0.03];19858.81379;[0.9483];[-0.0017];19673.20412;100),(92535.95591;[0.92];[-0.03];19858.81379;[0.9483];[-0.0017];19673.20412;100),(96217.11779;[0.92];[-0.03];19858.81379;[0.9483];[-0.0017];19673.20412;100),(99877.84219;[0.92];[-0.03];19858.81379;[0.9483];[-0.0017];19673.20412;100),(100280.16567;[1.];[0.05];19585.42631;[0.9905];[0.0405];19265.27639;100),(100685.79721;[0.93];[-0.02];19797.35100;[0.9685];[0.0185];19666.08779;100),(102859.87782;[0.97];[0.02];19637.39555;[0.9761];[0.0261];19269.23239;100),(104347.98694;[0.92];[-0.03];19719.72864;[0.9649];[0.0149];19605.53689;100),(106174.61133;[0.92];[-0.03];19666.92767;[0.9598];[0.0098];19568.63903;100),(110214.79225;[0.92];[-0.03];19638.17608;[0.9606];[0.0106];19539.94724;100),(113331.48193;[0.97];[0.02];19637.98960;[0.9752];[0.0252];19267.64281;100),(114984.63917;[0.97];[0.02];19637.98960;[0.9752];[0.0252];19267.64281;100),(119962.67438;[0.97];[0.02];19637.98960;[0.9752];[0.0252];19267.64281;100),(124357.91039;[0.97];[0.02];19637.98960;[0.9752];[0.0252];19267.64281;100),(128586.59530;[0.97];[0.02];19637.98960;[0.9752];[0.0252];19267.64281;100),(132981.28462;[0.97];[0.02];19637.98960;[0.9752];[0.0252];19267.64281;100),(137629.85516;[0.92];[-0.03];19638.17608;[0.9606];[0.0106];19539.94724;100),(142009.62877;[0.92];[-0.03];19638.17608;[0.9606];[0.0106];19539.94724;100),(146296.90313;[0.92];[-0.03];19638.17608;[0.9606];[0.0106];19539.94724;100),(151602.26178;[0.97];[0.02];19637.98960;[0.9752];[0.0252];19267.64281;100),(159621.14763;[0.92];[-0.03];19858.81379;[0.9483];[-0.0017];19673.20412;100),(163927.37842;[0.92];[-0.03];19858.81379;[0.9483];[-0.0017];19673.20412;100),(168124.17245;[0.92];[-0.03];19858.81379;[0.9483];[-0.0017];19673.20412;100),(171644.61207;[0.92];[-0.03];19858.81379;[0.9483];[-0.0017];19673.20412;100),(175163.88178;[0.92];[-0.03];19858.81379;[0.9483];[-0.0017];19673.20412;100),(175570.75119;[1.];[0.05];19585.42631;[0.9905];[0.0405];19265.27639;100),(176000.92030;[0.93];[-0.02];19797.35100;[0.9685];[0.0185];19666.08779;100),(178133.98290;[0.97];[0.02];19637.39555;[0.9761];[0.0261];19269.23239;100),(179667.30762;[0.92];[-0.03];19719.72864;[0.9649];[0.0149];19605.53689;100),(182583.53043;[0.92];[-0.03];19666.92767;[0.9598];[0.0098];19568.63903;100),(186804.13175;[0.92];[-0.03];19638.17608;[0.9606];[0.0106];19539.94724;100),(189953.97830;[0.97];[0.02];19637.98960;[0.9752];[0.0252];19267.64281;100),(191755.87225;[0.97];[0.02];19637.98960;[0.9752];[0.0252];19267.64281;100),(196284.74474;[0.97];[0.02];19637.98960;[0.9752];[0.0252];19267.64281;100),(200647.80617;[0.97];[0.02];19637.98960;[0.9752];[0.0252];19267.64281;100),(205321.58613;[0.97];[0.02];19637.98960;[0.9752];[0.0252];19267.64281;100),(209170.00937;[0.97];[0.02];19637.98960;[0.9752];[0.0252];19267.64281;100),(213699.39160;[0.92];[-0.03];19638.17608;[0.9606];[0.0106];19539.94724;100),(217859.03072;[0.92];[-0.03];19638.17608;[0.9606];[0.0106];19539.94724;100),(222214.95795;[0.92];[-0.03];19638.17608;[0.9606];[0.0106];19539.94724;100),(226675.58312;[0.97];[0.02];19637.98960;[0.9752];[0.0252];19267.64281;100),(234641.64925;[0.92];[-0.03];19858.81379;[0.9483];[-0.0017];19673.20412;100),(239000.11110;[0.92];[-0.03];19858.81379;[0.9483];[-0.0017];19673.20412;100),(243431.77867;[0.92];[-0.03];19858.81379;[0.9483];[-0.0017];19673.20412;100),(247713.84048;[0.92];[-0.03];19858.81379;[0.9483];[-0.0017];19673.20412;100),(251122.43342;[0.92];[-0.03];19858.81379;[0.9483];[-0.0017];19673.20412;100),(251522.27283;[1.];[0.05];19585.42631;[0.9905];[0.0405];19265.27639;100),(252118.34288;[0.93];[-0.02];19797.35100;[0.9685];[0.0185];19666.08779;100),(254292.35744;[0.97];[0.02];19637.39555;[0.9761];[0.0261];19269.23239;100),(256184.64398;[0.92];[-0.03];19719.72864;[0.9649];[0.0149];19605.53689;100),(258662.74166;[0.92];[-0.03];19666.92767;[0.9598];[0.0098];19568.63903;100),(263367.89823;[0.92];[-0.03];19638.17608;[0.9606];[0.0106];19539.94724;100),(266173.06089;[0.97];[0.02];19637.98960;[0.9752];[0.0252];19267.64281;100),(267670.31074;[0.97];[0.02];19637.98960;[0.9752];[0.0252];19267.64281;100),(271886.44624;[0.97];[0.02];19637.98960;[0.9752];[0.0252];19267.64281;100),(275692.59167;[0.97];[0.02];19637.98960;[0.9752];[0.0252];19267.64281;100),(280033.14614;[0.97];[0.02];19637.98960;[0.9752];[0.0252];19267.64281;100),(284014.08625;[0.97];[0.02];19637.98960;[0.9752];[0.0252];19267.64281;100),(288413.92374;[0.92];[-0.03];19638.17608;[0.9606];[0.0106];19539.94724;100),(292899.38450;[0.92];[-0.03];19638.17608;[0.9606];[0.0106];19539.94724;100),(297519.64617;[0.92];[-0.03];19638.17608;[0.9606];[0.0106];19539.94724;100),(302451.11656;[0.97];[0.02];19637.98960;[0.9752];[0.0252];19267.64281;100),(310182.82175;[0.92];[-0.03];19858.81379;[0.9483];[-0.0017];19673.20412;100),(314448.07291;[0.92];[-0.03];19858.81379;[0.9483];[-0.0017];19673.20412;100),(318337.23402;[0.92];[-0.03];19858.81379;[0.9483];[-0.0017];19673.20412;100),(322091.98451;[0.92];[-0.03];19858.81379;[0.9483];[-0.0017];19673.20412;100),(325747.72859;[0.92];[-0.03];19858.81379;[0.9483];[-0.0017];19673.20412;100),(326222.40400;[1.];[0.05];19585.42631;[0.9905];[0.0405];19265.27639;100),(326750.50592;[0.93];[-0.02];19797.35100;[0.9685];[0.0185];19666.08779;100),(329125.16141;[0.97];[0.02];19637.39555;[0.9761];[0.0261];19269.23239;100),(330989.79259;[0.92];[-0.03];19719.72864;[0.9649];[0.0149];19605.53689;100),(332955.28793;[0.92];[-0.03];19666.92767;[0.9598];[0.0098];19568.63903;100),(337498.44193;[0.92];[-0.03];19638.17608;[0.9606];[0.0106];19539.94724;100),(340395.34783;[0.97];[0.02];19637.98960;[0.9752];[0.0252];19267.64281;100),(342226.02582;[0.97];[0.02];19637.98960;[0.9752];[0.0252];19267.64281;100),(346784.79457;[0.97];[0.02];19637.98960;[0.9752];[0.0252];19267.64281;100),(350631.18005;[0.97];[0.02];19637.98960;[0.9752];[0.0252];19267.64281;100),(355056.44989;[0.97];[0.02];19637.98960;[0.9752];[0.0252];19267.64281;100),(359163.92303;[0.97];[0.02];19637.98960;[0.9752];[0.0252];19267.64281;100),(363253.96562;[0.92];[-0.03];19638.17608;[0.9606];[0.0106];19539.94724;100),(367399.12486;[0.92];[-0.03];19638.17608;[0.9606];[0.0106];19539.94724;100),(371337.18610;[0.92];[-0.03];19638.17608;[0.9606];[0.0106];19539.94724;100),(376321.83671;[0.97];[0.02];19637.98960;[0.9752];[0.0252];19267.64281;100),(384161.28135;[0.92];[-0.03];19858.81379;[0.9483];[-0.0017];19673.20412;100),(388261.74712;[0.92];[-0.03];19858.81379;[0.9483];[-0.0017];19673.20412;100),(393505.52535;[0.92];[-0.03];19858.81379;[0.9483];[-0.0017];19673.20412;100),(398027.71664;[0.92];[-0.03];19858.81379;[0.9483];[-0.0017];19673.20412;100),(402663.10930;[0.92];[-0.03];19858.81379;[0.9483];[-0.0017];19673.20412;100),(403331.09641;[1.];[0.05];19585.42631;[0.9905];[0.0405];19265.27639;100),(403901.94631;[0.93];[-0.02];19797.35100;[0.9685];[0.0185];19666.08779;100),(406847.50104;[0.97];[0.02];19637.39555;[0.9761];[0.0261];19269.23239;100),(408729.55608;[0.92];[-0.03];19719.72864;[0.9649];[0.0149];19605.53689;100),(411262.13169;[0.92];[-0.03];19666.92767;[0.9598];[0.0098];19568.63903;100),(414999.57919;[0.92];[-0.03];19638.17608;[0.9606];[0.0106];19539.94724;100),(418366.70136;[0.97];[0.02];19637.98960;[0.9752];[0.0252];19267.64281;100),(420196.31171;[0.97];[0.02];19637.98960;[0.9752];[0.0252];19267.64281;100),(424356.11057;[0.97];[0.02];19637.98960;[0.9752];[0.0252];19267.64281;100),(428142.43817;[0.97];[0.02];19637.98960;[0.9752];[0.0252];19267.64281;100),(432317.02709;[0.97];[0.02];19637.98960;[0.9752];[0.0252];19267.64281;100),(435741.80532;[0.97];[0.02];19637.98960;[0.9752];[0.0252];19267.64281;100),(439959.88369;[0.92];[-0.03];19638.17608;[0.9606];[0.0106];19539.94724;100),(444102.11062;[0.92];[-0.03];19638.17608;[0.9606];[0.0106];19539.94724;100),(448705.95884;[0.92];[-0.03];19638.17608;[0.9606];[0.0106];19539.94724;100),(453559.96275;[0.97];[0.02];19637.98960;[0.9752];[0.0252];19267.64281;100),(461366.35137;[0.92];[-0.03];19858.81379;[0.9483];[-0.0017];19673.20412;100),(465830.24645;[0.92];[-0.03];19858.81379;[0.9483];[-0.0017];19673.20412;100),(469963.79685;[0.92];[-0.03];19858.81379;[0.9483];[-0.0017];19673.20412;100),(473878.01266;[0.92];[-0.03];19858.81379;[0.9483];[-0.0017];19673.20412;100),(477684.13472;[0.92];[-0.03];19858.81379;[0.9483];[-0.0017];19673.20412;100),(478202.86775;[1.];[0.05];19585.42631;[0.9905];[0.0405];19265.27639;100),(478644.45591;[0.93];[-0.02];19797.35100;[0.9685];[0.0185];19666.08779;100),(481575.84476;[0.97];[0.02];19637.39555;[0.9761];[0.0261];19269.23239;100),(483788.94043;[0.92];[-0.03];19719.72864;[0.9649];[0.0149];19605.53689;100),(486252.59399;[0.92];[-0.03];19666.92767;[0.9598];[0.0098];19568.63903;100),(490852.56147;[0.92];[-0.03];19638.17608;[0.9606];[0.0106];19539.94724;100),(494115.62657;[0.97];[0.02];19637.98960;[0.9752];[0.0252];19267.64281;100),(496627.34795;[0.97];[0.02];19637.98960;[0.9752];[0.0252];19267.64281;100),(500783.83183;[0.97];[0.02];19637.98960;[0.9752];[0.0252];19267.64281;100),(503834.66721;[0.97];[0.02];19637.98960;[0.9752];[0.0252];19267.64281;100),(508268.18132;[0.97];[0.02];19637.98960;[0.9752];[0.0252];19267.64281;100),(511895.85519;[0.97];[0.02];19637.98960;[0.9752];[0.0252];19267.64281;100),(515714.10489;[0.92];[-0.03];19638.17608;[0.9606];[0.0106];19539.94724;100),(519218.23835;[0.92];[-0.03];19638.17608;[0.9606];[0.0106];19539.94724;100),(523849.02644;[0.92];[-0.03];19638.17608;[0.9606];[0.0106];19539.94724;100),(528509.99451;[0.97];[0.02];19637.98960;[0.9752];[0.0252];19267.64281;100),(536270.76125;[0.92];[-0.03];19858.81379;[0.9483];[-0.0017];19673.20412;100),(540360.55660;[0.92];[-0.03];19858.81379;[0.9483];[-0.0017];19673.20412;100),(545073.89975;[0.92];[-0.03];19858.81379;[0.9483];[-0.0017];19673.20412;100),(550499.14622;[0.92];[-0.03];19858.81379;[0.9483];[-0.0017];19673.20412;100),(554662.83607;[0.92];[-0.03];19858.81379;[0.9483];[-0.0017];19673.20412;100),(555391.83712;[1.];[0.05];19585.42631;[0.9905];[0.0405];19265.27639;100),(555952.42977;[0.93];[-0.02];19797.35100;[0.9685];[0.0185];19666.08779;100),(559034.25574;[0.97];[0.02];19637.39555;[0.9761];[0.0261];19269.23239;100),(561117.24234;[0.92];[-0.03];19719.72864;[0.9649];[0.0149];19605.53689;100),(563856.38905;[0.92];[-0.03];19666.92767;[0.9598];[0.0098];19568.63903;100),(569296.69595;[0.92];[-0.03];19638.17608;[0.9606];[0.0106];19539.94724;100),(572728.19400;[0.97];[0.02];19637.98960;[0.9752];[0.0252];19267.64281;100),(574550.31896;[0.97];[0.02];19637.98960;[0.9752];[0.0252];19267.64281;100),(578846.01855;[0.97];[0.02];19637.98960;[0.9752];[0.0252];19267.64281;100),(582635.28895;[0.97];[0.02];19637.98960;[0.9752];[0.0252];19267.64281;100),(587078.03464;[0.97];[0.02];19637.98960;[0.9752];[0.0252];19267.64281;100),(590708.52947;[0.97];[0.02];19637.98960;[0.9752];[0.0252];19267.64281;100),(594890.04564;[0.92];[-0.03];19638.17608;[0.9606];[0.0106];19539.94724;100),(598369.24934;[0.92];[-0.03];19638.17608;[0.9606];[0.0106];19539.94724;100),(600230.74055;[0.92];[-0.03];19638.17608;[0.9606];[0.0106];19539.94724;100)]"
1,10,13478.375765772635,[0.9809],[0.0309],600474.3735790253,"[(767.44699;[0.66];[-0.29];19590.88038;[0.5704];[-0.3796];14101.96854;100),(7338.27496;[0.66];[-0.29];19590.88038;[0.5704];[-0.3796];14101.96854;100),(10639.49203;[0.66];[-0.29];19590.88038;[0.5704];[-0.3796];14101.96854;100),(14010.87666;[0.66];[-0.29];19590.88038;[0.5704];[-0.3796];14101.96854;100),(17304.61836;[0.66];[-0.29];19590.88038;[0.5704];[-0.3796];14101.96854;100),(20523.20623;[0.66];[-0.29];19590.88038;[0.5704];[-0.3796];14101.96854;100),(22723.76156;[0.84];[-0.11];18187.52608;[0.8285];[-0.1215];14600.18652;100),(23837.70370;[0.93];[-0.02];16753.61749;[0.9581];[0.0081];14494.30091;100),(26453.84288;[0.94];[-0.01];15748.09172;[0.9786];[0.0286];13720.93416;100),(29470.03961;[0.98];[0.03];15169.21602;[0.9881];[0.0381];13269.36101;100),(33212.44931;[0.98];[0.03];15400.19377;[0.9842];[0.0342];13434.34943;100),(38657.55510;[0.95];[0.];15483.94756;[0.9809];[0.0309];13478.37577;100),(43703.19390;[0.98];[0.03];15444.92931;[0.9838];[0.0338];13459.52925;100),(48316.90979;[0.98];[0.03];15465.32406;[0.9826];[0.0326];13474.56655;100),(51500.27442;[0.97];[0.02];15475.36566;[0.9823];[0.0323];13476.23607;100),(54141.68334;[0.97];[0.02];15481.78822;[0.982];[0.032];13480.90630;100),(56732.91969;[0.97];[0.02];15483.64841;[0.982];[0.032];13481.50839;100),(60386.20329;[0.97];[0.02];15483.64841;[0.982];[0.032];13481.50839;100),(63986.61590;[0.97];[0.02];15483.64841;[0.982];[0.032];13481.50839;100),(68019.56439;[0.97];[0.02];15483.64841;[0.982];[0.032];13481.50839;100),(71539.38460;[0.97];[0.02];15483.64841;[0.982];[0.032];13481.50839;100),(75020.17879;[0.95];[0.];15483.94756;[0.9809];[0.0309];13478.37577;100),(79385.94794;[0.95];[0.];15483.94756;[0.9809];[0.0309];13478.37577;100),(87940.84144;[0.66];[-0.29];19590.88038;[0.5704];[-0.3796];14101.96854;100),(92099.28679;[0.66];[-0.29];19590.88038;[0.5704];[-0.3796];14101.96854;100),(95814.88252;[0.66];[-0.29];19590.88038;[0.5704];[-0.3796];14101.96854;100),(100468.70065;[0.66];[-0.29];19590.88038;[0.5704];[-0.3796];14101.96854;100),(103768.86487;[0.66];[-0.29];19590.88038;[0.5704];[-0.3796];14101.96854;100),(105658.53643;[0.84];[-0.11];18187.52608;[0.8285];[-0.1215];14600.18652;100),(106681.72598;[0.93];[-0.02];16753.61749;[0.9581];[0.0081];14494.30091;100),(108678.81727;[0.94];[-0.01];15748.09172;[0.9786];[0.0286];13720.93416;100),(111467.47231;[0.98];[0.03];15169.21602;[0.9881];[0.0381];13269.36101;100),(115098.81306;[0.98];[0.03];15400.19377;[0.9842];[0.0342];13434.34943;100),(120517.92622;[0.95];[0.];15483.94756;[0.9809];[0.0309];13478.37577;100),(125319.88382;[0.98];[0.03];15444.92931;[0.9838];[0.0338];13459.52925;100),(129807.31273;[0.98];[0.03];15465.32406;[0.9826];[0.0326];13474.56655;100),(133432.83916;[0.97];[0.02];15475.36566;[0.9823];[0.0323];13476.23607;100),(136406.79288;[0.97];[0.02];15481.78822;[0.982];[0.032];13480.90630;100),(139095.72744;[0.97];[0.02];15483.64841;[0.982];[0.032];13481.50839;100),(142431.85449;[0.97];[0.02];15483.64841;[0.982];[0.032];13481.50839;100),(146404.71673;[0.97];[0.02];15483.64841;[0.982];[0.032];13481.50839;100),(150814.57233;[0.97];[0.02];15483.64841;[0.982];[0.032];13481.50839;100),(154037.86564;[0.97];[0.02];15483.64841;[0.982];[0.032];13481.50839;100),(157410.15887;[0.95];[0.];15483.94756;[0.9809];[0.0309];13478.37577;100),(161181.04577;[0.95];[0.];15483.94756;[0.9809];[0.0309];13478.37577;100),(169465.10553;[0.66];[-0.29];19590.88038;[0.5704];[-0.3796];14101.96854;100),(173464.24699;[0.66];[-0.29];19590.88038;[0.5704];[-0.3796];14101.96854;100),(177255.06544;[0.66];[-0.29];19590.88038;[0.5704];[-0.3796];14101.96854;100),(181509.85909;[0.66];[-0.29];19590.88038;[0.5704];[-0.3796];14101.96854;100),(185276.69644;[0.66];[-0.29];19590.88038;[0.5704];[-0.3796];14101.96854;100),(187777.42839;[0.84];[-0.11];18187.52608;[0.8285];[-0.1215];14600.18652;100),(189125.40770;[0.93];[-0.02];16753.61749;[0.9581];[0.0081];14494.30091;100),(191289.77227;[0.94];[-0.01];15748.09172;[0.9786];[0.0286];13720.93416;100),(193759.82141;[0.98];[0.03];15169.21602;[0.9881];[0.0381];13269.36101;100),(197968.80889;[0.98];[0.03];15400.19377;[0.9842];[0.0342];13434.34943;100),(202935.22477;[0.95];[0.];15483.94756;[0.9809];[0.0309];13478.37577;100),(207470.58916;[0.98];[0.03];15444.92931;[0.9838];[0.0338];13459.52925;100),(211884.04846;[0.98];[0.03];15465.32406;[0.9826];[0.0326];13474.56655;100),(215423.05827;[0.97];[0.02];15475.36566;[0.9823];[0.0323];13476.23607;100),(217442.98339;[0.97];[0.02];15481.78822;[0.982];[0.032];13480.90630;100),(219998.25072;[0.97];[0.02];15483.64841;[0.982];[0.032];13481.50839;100),(224105.52883;[0.97];[0.02];15483.64841;[0.982];[0.032];13481.50839;100),(227291.35227;[0.97];[0.02];15483.64841;[0.982];[0.032];13481.50839;100),(231665.11917;[0.97];[0.02];15483.64841;[0.982];[0.032];13481.50839;100),(235167.74130;[0.97];[0.02];15483.64841;[0.982];[0.032];13481.50839;100),(238557.10149;[0.95];[0.];15483.94756;[0.9809];[0.0309];13478.37577;100),(242616.54282;[0.95];[0.];15483.94756;[0.9809];[0.0309];13478.37577;100),(251685.30941;[0.66];[-0.29];19590.88038;[0.5704];[-0.3796];14101.96854;100),(255519.32383;[0.66];[-0.29];19590.88038;[0.5704];[-0.3796];14101.96854;100),(259293.23125;[0.66];[-0.29];19590.88038;[0.5704];[-0.3796];14101.96854;100),(262918.61773;[0.66];[-0.29];19590.88038;[0.5704];[-0.3796];14101.96854;100),(266595.84117;[0.66];[-0.29];19590.88038;[0.5704];[-0.3796];14101.96854;100),(268831.68602;[0.84];[-0.11];18187.52608;[0.8285];[-0.1215];14600.18652;100),(269899.67942;[0.93];[-0.02];16753.61749;[0.9581];[0.0081];14494.30091;100),(272464.70833;[0.94];[-0.01];15748.09172;[0.9786];[0.0286];13720.93416;100),(275240.93771;[0.98];[0.03];15169.21602;[0.9881];[0.0381];13269.36101;100),(278853.59764;[0.98];[0.03];15400.19377;[0.9842];[0.0342];13434.34943;100),(283918.51306;[0.95];[0.];15483.94756;[0.9809];[0.0309];13478.37577;100),(288943.25852;[0.98];[0.03];15444.92931;[0.9838];[0.0338];13459.52925;100),(293402.27342;[0.98];[0.03];15465.32406;[0.9826];[0.0326];13474.56655;100),(296764.10270;[0.97];[0.02];15475.36566;[0.9823];[0.0323];13476.23607;100),(299300.38095;[0.97];[0.02];15481.78822;[0.982];[0.032];13480.90630;100),(301817.28482;[0.97];[0.02];15483.64841;[0.982];[0.032];13481.50839;100),(305271.68703;[0.97];[0.02];15483.64841;[0.982];[0.032];13481.50839;100),(308586.46774;[0.97];[0.02];15483.64841;[0.982];[0.032];13481.50839;100),(312473.59991;[0.97];[0.02];15483.64841;[0.982];[0.032];13481.50839;100),(316077.98839;[0.97];[0.02];15483.64841;[0.982];[0.032];13481.50839;100),(319394.58370;[0.95];[0.];15483.94756;[0.9809];[0.0309];13478.37577;100),(323033.73623;[0.95];[0.];15483.94756;[0.9809];[0.0309];13478.37577;100),(332009.49454;[0.66];[-0.29];19590.88038;[0.5704];[-0.3796];14101.96854;100),(336538.42998;[0.66];[-0.29];19590.88038;[0.5704];[-0.3796];14101.96854;100),(340835.50501;[0.66];[-0.29];19590.88038;[0.5704];[-0.3796];14101.96854;100),(345755.53370;[0.66];[-0.29];19590.88038;[0.5704];[-0.3796];14101.96854;100),(349744.36712;[0.66];[-0.29];19590.88038;[0.5704];[-0.3796];14101.96854;100),(352015.06114;[0.84];[-0.11];18187.52608;[0.8285];[-0.1215];14600.18652;100),(353243.08395;[0.93];[-0.02];16753.61749;[0.9581];[0.0081];14494.30091;100),(355248.50893;[0.94];[-0.01];15748.09172;[0.9786];[0.0286];13720.93416;100),(357454.63228;[0.98];[0.03];15169.21602;[0.9881];[0.0381];13269.36101;100),(360721.60339;[0.98];[0.03];15400.19377;[0.9842];[0.0342];13434.34943;100),(365395.33424;[0.95];[0.];15483.94756;[0.9809];[0.0309];13478.37577;100),(369774.53899;[0.98];[0.03];15444.92931;[0.9838];[0.0338];13459.52925;100),(373852.67210;[0.98];[0.03];15465.32406;[0.9826];[0.0326];13474.56655;100),(377365.32426;[0.97];[0.02];15475.36566;[0.9823];[0.0323];13476.23607;100),(379804.81887;[0.97];[0.02];15481.78822;[0.982];[0.032];13480.90630;100),(382521.40093;[0.97];[0.02];15483.64841;[0.982];[0.032];13481.50839;100),(386098.27828;[0.97];[0.02];15483.64841;[0.982];[0.032];13481.50839;100),(389459.01561;[0.97];[0.02];15483.64841;[0.982];[0.032];13481.50839;100),(393747.15281;[0.97];[0.02];15483.64841;[0.982];[0.032];13481.50839;100),(397803.75934;[0.97];[0.02];15483.64841;[0.982];[0.032];13481.50839;100),(401676.80144;[0.95];[0.];15483.94756;[0.9809];[0.0309];13478.37577;100),(405517.87853;[0.95];[0.];15483.94756;[0.9809];[0.0309];13478.37577;100),(412724.06483;[0.66];[-0.29];19590.88038;[0.5704];[-0.3796];14101.96854;100),(416470.36552;[0.66];[-0.29];19590.88038;[0.5704];[-0.3796];14101.96854;100),(420028.69987;[0.66];[-0.29];19590.88038;[0.5704];[-0.3796];14101.96854;100),(423353.24216;[0.66];[-0.29];19590.88038;[0.5704];[-0.3796];14101.96854;100),(427318.28046;[0.66];[-0.29];19590.88038;[0.5704];[-0.3796];14101.96854;100),(429428.60484;[0.84];[-0.11];18187.52608;[0.8285];[-0.1215];14600.18652;100),(430639.41741;[0.93];[-0.02];16753.61749;[0.9581];[0.0081];14494.30091;100),(433457.99994;[0.94];[-0.01];15748.09172;[0.9786];[0.0286];13720.93416;100),(436171.67544;[0.98];[0.03];15169.21602;[0.9881];[0.0381];13269.36101;100),(440400.60091;[0.98];[0.03];15400.19377;[0.9842];[0.0342];13434.34943;100),(445927.66929;[0.95];[0.];15483.94756;[0.9809];[0.0309];13478.37577;100),(450082.37123;[0.98];[0.03];15444.92931;[0.9838];[0.0338];13459.52925;100),(454197.46327;[0.98];[0.03];15465.32406;[0.9826];[0.0326];13474.56655;100),(457069.52119;[0.97];[0.02];15475.36566;[0.9823];[0.0323];13476.23607;100),(459571.77758;[0.97];[0.02];15481.78822;[0.982];[0.032];13480.90630;100),(461907.18579;[0.97];[0.02];15483.64841;[0.982];[0.032];13481.50839;100),(465584.56063;[0.97];[0.02];15483.64841;[0.982];[0.032];13481.50839;100),(468881.44422;[0.97];[0.02];15483.64841;[0.982];[0.032];13481.50839;100),(472424.77918;[0.97];[0.02];15483.64841;[0.982];[0.032];13481.50839;100),(476156.40402;[0.97];[0.02];15483.64841;[0.982];[0.032];13481.50839;100),(479734.41768;[0.95];[0.];15483.94756;[0.9809];[0.0309];13478.37577;100),(483698.50850;[0.95];[0.];15483.94756;[0.9809];[0.0309];13478.37577;100),(492593.60433;[0.66];[-0.29];19590.88038;[0.5704];[-0.3796];14101.96854;100),(497426.95665;[0.66];[-0.29];19590.88038;[0.5704];[-0.3796];14101.96854;100),(501079.39410;[0.66];[-0.29];19590.88038;[0.5704];[-0.3796];14101.96854;100),(504690.17100;[0.66];[-0.29];19590.88038;[0.5704];[-0.3796];14101.96854;100),(507919.17515;[0.66];[-0.29];19590.88038;[0.5704];[-0.3796];14101.96854;100),(509963.03511;[0.84];[-0.11];18187.52608;[0.8285];[-0.1215];14600.18652;100),(510988.98387;[0.93];[-0.02];16753.61749;[0.9581];[0.0081];14494.30091;100),(513014.42242;[0.94];[-0.01];15748.09172;[0.9786];[0.0286];13720.93416;100),(515213.13214;[0.98];[0.03];15169.21602;[0.9881];[0.0381];13269.36101;100),(518264.62483;[0.98];[0.03];15400.19377;[0.9842];[0.0342];13434.34943;100),(522851.98951;[0.95];[0.];15483.94756;[0.9809];[0.0309];13478.37577;100),(527738.71017;[0.98];[0.03];15444.92931;[0.9838];[0.0338];13459.52925;100),(531972.09883;[0.98];[0.03];15465.32406;[0.9826];[0.0326];13474.56655;100),(535053.58601;[0.97];[0.02];15475.36566;[0.9823];[0.0323];13476.23607;100),(537580.76167;[0.97];[0.02];15481.78822;[0.982];[0.032];13480.90630;100),(540362.32829;[0.97];[0.02];15483.64841;[0.982];[0.032];13481.50839;100),(544543.93458;[0.97];[0.02];15483.64841;[0.982];[0.032];13481.50839;100),(548071.21348;[0.97];[0.02];15483.64841;[0.982];[0.032];13481.50839;100),(551445.97125;[0.97];[0.02];15483.64841;[0.982];[0.032];13481.50839;100),(554947.45111;[0.97];[0.02];15483.64841;[0.982];[0.032];13481.50839;100),(558316.36167;[0.95];[0.];15483.94756;[0.9809];[0.0309];13478.37577;100),(561893.72921;[0.95];[0.];15483.94756;[0.9809];[0.0309];13478.37577;100),(569528.35536;[0.66];[-0.29];19590.88038;[0.5704];[-0.3796];14101.96854;100),(573922.61124;[0.66];[-0.29];19590.88038;[0.5704];[-0.3796];14101.96854;100),(578848.09661;[0.66];[-0.29];19590.88038;[0.5704];[-0.3796];14101.96854;100),(583277.03953;[0.66];[-0.29];19590.88038;[0.5704];[-0.3796];14101.96854;100),(587284.28078;[0.66];[-0.29];19590.88038;[0.5704];[-0.3796];14101.96854;100),(590271.13342;[0.84];[-0.11];18187.52608;[0.8285];[-0.1215];14600.18652;100),(591518.86511;[0.93];[-0.02];16753.61749;[0.9581];[0.0081];14494.30091;100),(594470.72148;[0.94];[-0.01];15748.09172;[0.9786];[0.0286];13720.93416;100),(596467.50355;[0.98];[0.03];15169.21602;[0.9881];[0.0381];13269.36101;100),(599552.86503;[0.98];[0.03];15400.19377;[0.9842];[0.0342];13434.34943;100),(600458.58383;[0.97];[0.02];15438.23006;[0.9819];[0.0319];13450.87526;100)]"
2,5,10867.452446702831,[1.],[0.05],600688.8709068298,"[(1078.97902;[0.77];[-0.18];11109.69305;[0.8157];[-0.1343];11319.21442;100),(7541.76712;[0.77];[-0.18];11109.67552;[0.8156];[-0.1344];11320.27205;100),(10701.73478;[0.77];[-0.18];11109.67552;[0.8156];[-0.1344];11320.27205;100),(13966.47167;[0.77];[-0.18];11109.67552;[0.8156];[-0.1344];11320.27205;100),(17209.94329;[0.77];[-0.18];11109.67552;[0.8156];[-0.1344];11320.27205;100),(21232.46765;[0.77];[-0.18];11109.67552;[0.8156];[-0.1344];11320.27205;100),(24863.48033;[0.92];[-0.03];10715.06554;[0.9186];[-0.0314];10958.62124;100),(25126.30177;[1.];[0.05];10408.00907;[0.9868];[0.0368];10769.25112;100),(25814.73303;[1.];[0.05];10572.95171;[1.];[0.05];10863.99773;100),(26194.81850;[1.];[0.05];10578.05802;[1.];[0.05];10873.60840;100),(31127.80595;[1.];[0.05];10578.05802;[1.];[0.05];10873.60840;100),(34809.17931;[0.92];[-0.03];10637.71389;[0.9139];[-0.0361];10882.47729;100),(37916.26263;[1.];[0.05];10578.05360;[1.];[0.05];10871.71249;100),(43059.69405;[0.92];[-0.03];10595.85310;[0.9111];[-0.0389];10843.07270;100),(45595.81208;[1.];[0.05];10577.95797;[1.];[0.05];10873.81597;100),(52364.21323;[0.92];[-0.03];10583.27044;[0.9107];[-0.0393];10831.16413;100),(57877.24566;[1.];[0.05];10578.21853;[1.];[0.05];10867.45245;100),(62665.95793;[0.92];[-0.03];10580.31011;[0.9093];[-0.0407];10829.69661;100),(66021.91615;[0.92];[-0.03];10579.50548;[0.9148];[-0.0352];10823.46050;100),(72503.57008;[1.];[0.05];10578.21853;[1.];[0.05];10867.45245;100),(78266.89720;[0.92];[-0.03];10579.50548;[0.9148];[-0.0352];10823.46050;100),(83903.34821;[1.];[0.05];10578.21853;[1.];[0.05];10867.45245;100),(90680.41563;[0.77];[-0.18];11109.67552;[0.8156];[-0.1344];11320.27205;100),(94081.83360;[0.77];[-0.18];11109.67552;[0.8156];[-0.1344];11320.27205;100),(97609.97701;[0.77];[-0.18];11109.67552;[0.8156];[-0.1344];11320.27205;100),(100894.32287;[0.77];[-0.18];11109.67552;[0.8156];[-0.1344];11320.27205;100),(104642.09080;[0.77];[-0.18];11109.67552;[0.8156];[-0.1344];11320.27205;100),(108173.89560;[0.92];[-0.03];10715.06554;[0.9186];[-0.0314];10958.62124;100),(108422.83750;[1.];[0.05];10408.00907;[0.9868];[0.0368];10769.25112;100),(108854.71058;[1.];[0.05];10572.95171;[1.];[0.05];10863.99773;100),(109172.95241;[1.];[0.05];10578.05802;[1.];[0.05];10873.60840;100),(113522.86434;[1.];[0.05];10578.05802;[1.];[0.05];10873.60840;100),(117126.05309;[0.92];[-0.03];10637.71389;[0.9139];[-0.0361];10882.47729;100),(119886.70135;[1.];[0.05];10578.05360;[1.];[0.05];10871.71249;100),(125297.88876;[0.92];[-0.03];10595.85310;[0.9111];[-0.0389];10843.07270;100),(128257.05743;[1.];[0.05];10577.95797;[1.];[0.05];10873.81597;100),(134726.03607;[0.92];[-0.03];10583.27044;[0.9107];[-0.0393];10831.16413;100),(140535.71606;[1.];[0.05];10578.21853;[1.];[0.05];10867.45245;100),(145370.70060;[0.92];[-0.03];10580.31011;[0.9093];[-0.0407];10829.69661;100),(148434.26967;[0.92];[-0.03];10579.50548;[0.9148];[-0.0352];10823.46050;100),(154250.68593;[1.];[0.05];10578.21853;[1.];[0.05];10867.45245;100),(158995.18704;[0.92];[-0.03];10579.50548;[0.9148];[-0.0352];10823.46050;100),(164998.66366;[1.];[0.05];10578.21853;[1.];[0.05];10867.45245;100),(172540.29632;[0.77];[-0.18];11109.67552;[0.8156];[-0.1344];11320.27205;100),(176148.80180;[0.77];[-0.18];11109.67552;[0.8156];[-0.1344];11320.27205;100),(180242.87224;[0.77];[-0.18];11109.67552;[0.8156];[-0.1344];11320.27205;100),(183758.14056;[0.77];[-0.18];11109.67552;[0.8156];[-0.1344];11320.27205;100),(187456.52437;[0.77];[-0.18];11109.67552;[0.8156];[-0.1344];11320.27205;100),(190879.93598;[0.92];[-0.03];10715.06554;[0.9186];[-0.0314];10958.62124;100),(191287.04166;[1.];[0.05];10408.00907;[0.9868];[0.0368];10769.25112;100),(191728.03545;[1.];[0.05];10572.95171;[1.];[0.05];10863.99773;100),(192139.38332;[1.];[0.05];10578.05802;[1.];[0.05];10873.60840;100),(196181.88524;[1.];[0.05];10578.05802;[1.];[0.05];10873.60840;100),(199107.81169;[0.92];[-0.03];10637.71389;[0.9139];[-0.0361];10882.47729;100),(201997.60056;[1.];[0.05];10578.05360;[1.];[0.05];10871.71249;100),(207152.91286;[0.92];[-0.03];10595.85310;[0.9111];[-0.0389];10843.07270;100),(209560.61959;[1.];[0.05];10577.95797;[1.];[0.05];10873.81597;100),(216032.53055;[0.92];[-0.03];10583.27044;[0.9107];[-0.0393];10831.16413;100),(221911.92627;[1.];[0.05];10578.21853;[1.];[0.05];10867.45245;100),(226955.17421;[0.92];[-0.03];10580.31011;[0.9093];[-0.0407];10829.69661;100),(230120.38302;[0.92];[-0.03];10579.50548;[0.9148];[-0.0352];10823.46050;100),(236440.62901;[1.];[0.05];10578.21853;[1.];[0.05];10867.45245;100),(241016.64472;[0.92];[-0.03];10579.50548;[0.9148];[-0.0352];10823.46050;100),(247189.64767;[1.];[0.05];10578.21853;[1.];[0.05];10867.45245;100),(254215.28554;[0.77];[-0.18];11109.67552;[0.8156];[-0.1344];11320.27205;100),(257751.07002;[0.77];[-0.18];11109.67552;[0.8156];[-0.1344];11320.27205;100),(261385.13350;[0.77];[-0.18];11109.67552;[0.8156];[-0.1344];11320.27205;100),(264976.77112;[0.77];[-0.18];11109.67552;[0.8156];[-0.1344];11320.27205;100),(268507.73692;[0.77];[-0.18];11109.67552;[0.8156];[-0.1344];11320.27205;100),(271628.50642;[0.92];[-0.03];10715.06554;[0.9186];[-0.0314];10958.62124;100),(271842.03434;[1.];[0.05];10408.00907;[0.9868];[0.0368];10769.25112;100),(272416.75687;[1.];[0.05];10572.95171;[1.];[0.05];10863.99773;100),(272794.35396;[1.];[0.05];10578.05802;[1.];[0.05];10873.60840;100),(277246.21010;[1.];[0.05];10578.05802;[1.];[0.05];10873.60840;100),(280507.33685;[0.92];[-0.03];10637.71389;[0.9139];[-0.0361];10882.47729;100),(282849.72000;[1.];[0.05];10578.05360;[1.];[0.05];10871.71249;100),(288024.16372;[0.92];[-0.03];10595.85310;[0.9111];[-0.0389];10843.07270;100),(290552.16622;[1.];[0.05];10577.95797;[1.];[0.05];10873.81597;100),(297187.00552;[0.92];[-0.03];10583.27044;[0.9107];[-0.0393];10831.16413;100),(303405.74479;[1.];[0.05];10578.21853;[1.];[0.05];10867.45245;100),(308594.29526;[0.92];[-0.03];10580.31011;[0.9093];[-0.0407];10829.69661;100),(311724.18880;[0.92];[-0.03];10579.50548;[0.9148];[-0.0352];10823.46050;100),(318114.95900;[1.];[0.05];10578.21853;[1.];[0.05];10867.45245;100),(323324.31531;[0.92];[-0.03];10579.50548;[0.9148];[-0.0352];10823.46050;100),(330157.29666;[1.];[0.05];10578.21853;[1.];[0.05];10867.45245;100),(337472.10836;[0.77];[-0.18];11109.67552;[0.8156];[-0.1344];11320.27205;100),(340944.20576;[0.77];[-0.18];11109.67552;[0.8156];[-0.1344];11320.27205;100),(344718.33181;[0.77];[-0.18];11109.67552;[0.8156];[-0.1344];11320.27205;100),(348326.67422;[0.77];[-0.18];11109.67552;[0.8156];[-0.1344];11320.27205;100),(351582.24893;[0.77];[-0.18];11109.67552;[0.8156];[-0.1344];11320.27205;100),(354744.45820;[0.92];[-0.03];10715.06554;[0.9186];[-0.0314];10958.62124;100),(354958.84156;[1.];[0.05];10408.00907;[0.9868];[0.0368];10769.25112;100),(355321.18034;[1.];[0.05];10572.95171;[1.];[0.05];10863.99773;100),(355732.61523;[1.];[0.05];10578.05802;[1.];[0.05];10873.60840;100),(360100.56090;[1.];[0.05];10578.05802;[1.];[0.05];10873.60840;100),(363470.85476;[0.92];[-0.03];10637.71389;[0.9139];[-0.0361];10882.47729;100),(366308.03537;[1.];[0.05];10578.05360;[1.];[0.05];10871.71249;100),(371567.83509;[0.92];[-0.03];10595.85310;[0.9111];[-0.0389];10843.07270;100),(374129.23217;[1.];[0.05];10577.95797;[1.];[0.05];10873.81597;100),(380684.09991;[0.92];[-0.03];10583.27044;[0.9107];[-0.0393];10831.16413;100),(385931.82158;[1.];[0.05];10578.21853;[1.];[0.05];10867.45245;100),(391217.49711;[0.92];[-0.03];10580.31011;[0.9093];[-0.0407];10829.69661;100),(394208.58979;[0.92];[-0.03];10579.50548;[0.9148];[-0.0352];10823.46050;100),(400093.51778;[1.];[0.05];10578.21853;[1.];[0.05];10867.45245;100),(404819.03744;[0.92];[-0.03];10579.50548;[0.9148];[-0.0352];10823.46050;100),(411437.69312;[1.];[0.05];10578.21853;[1.];[0.05];10867.45245;100),(419379.77791;[0.77];[-0.18];11109.67552;[0.8156];[-0.1344];11320.27205;100),(423182.05953;[0.77];[-0.18];11109.67552;[0.8156];[-0.1344];11320.27205;100),(426939.58116;[0.77];[-0.18];11109.67552;[0.8156];[-0.1344];11320.27205;100),(430350.40951;[0.77];[-0.18];11109.67552;[0.8156];[-0.1344];11320.27205;100),(433677.56796;[0.77];[-0.18];11109.67552;[0.8156];[-0.1344];11320.27205;100),(436837.66866;[0.92];[-0.03];10715.06554;[0.9186];[-0.0314];10958.62124;100),(437085.62493;[1.];[0.05];10408.00907;[0.9868];[0.0368];10769.25112;100),(437470.21198;[1.];[0.05];10572.95171;[1.];[0.05];10863.99773;100),(437772.81165;[1.];[0.05];10578.05802;[1.];[0.05];10873.60840;100),(442528.52607;[1.];[0.05];10578.05802;[1.];[0.05];10873.60840;100),(445681.29134;[0.92];[-0.03];10637.71389;[0.9139];[-0.0361];10882.47729;100),(448805.31645;[1.];[0.05];10578.05360;[1.];[0.05];10871.71249;100),(453746.96636;[0.92];[-0.03];10595.85310;[0.9111];[-0.0389];10843.07270;100),(456069.99111;[1.];[0.05];10577.95797;[1.];[0.05];10873.81597;100),(462237.89239;[0.92];[-0.03];10583.27044;[0.9107];[-0.0393];10831.16413;100),(468325.99497;[1.];[0.05];10578.21853;[1.];[0.05];10867.45245;100),(473679.64888;[0.92];[-0.03];10580.31011;[0.9093];[-0.0407];10829.69661;100),(476573.97509;[0.92];[-0.03];10579.50548;[0.9148];[-0.0352];10823.46050;100),(482472.92876;[1.];[0.05];10578.21853;[1.];[0.05];10867.45245;100),(487089.74671;[0.92];[-0.03];10579.50548;[0.9148];[-0.0352];10823.46050;100),(493626.45316;[1.];[0.05];10578.21853;[1.];[0.05];10867.45245;100),(501312.26850;[0.77];[-0.18];11109.67552;[0.8156];[-0.1344];11320.27205;100),(505522.38679;[0.77];[-0.18];11109.67552;[0.8156];[-0.1344];11320.27205;100),(509395.27988;[0.77];[-0.18];11109.67552;[0.8156];[-0.1344];11320.27205;100),(513100.63195;[0.77];[-0.18];11109.67552;[0.8156];[-0.1344];11320.27205;100),(516869.89307;[0.77];[-0.18];11109.67552;[0.8156];[-0.1344];11320.27205;100),(520481.65250;[0.92];[-0.03];10715.06554;[0.9186];[-0.0314];10958.62124;100),(520697.25180;[1.];[0.05];10408.00907;[0.9868];[0.0368];10769.25112;100),(521263.03244;[1.];[0.05];10572.95171;[1.];[0.05];10863.99773;100),(521651.80087;[1.];[0.05];10578.05802;[1.];[0.05];10873.60840;100),(525458.55021;[1.];[0.05];10578.05802;[1.];[0.05];10873.60840;100),(528856.50611;[0.92];[-0.03];10637.71389;[0.9139];[-0.0361];10882.47729;100),(531510.43367;[1.];[0.05];10578.05360;[1.];[0.05];10871.71249;100),(536831.52914;[0.92];[-0.03];10595.85310;[0.9111];[-0.0389];10843.07270;100),(538997.44153;[1.];[0.05];10577.95797;[1.];[0.05];10873.81597;100),(545599.24078;[0.92];[-0.03];10583.27044;[0.9107];[-0.0393];10831.16413;100),(551256.68764;[1.];[0.05];10578.21853;[1.];[0.05];10867.45245;100),(555927.60420;[0.92];[-0.03];10580.31011;[0.9093];[-0.0407];10829.69661;100),(558991.92023;[0.92];[-0.03];10579.50548;[0.9148];[-0.0352];10823.46050;100),(565161.96489;[1.];[0.05];10578.21853;[1.];[0.05];10867.45245;100),(569970.27993;[0.92];[-0.03];10579.50548;[0.9148];[-0.0352];10823.46050;100),(576344.53177;[1.];[0.05];10578.21853;[1.];[0.05];10867.45245;100),(583816.66756;[0.77];[-0.18];11109.67552;[0.8156];[-0.1344];11320.27205;100),(587613.17301;[0.77];[-0.18];11109.67552;[0.8156];[-0.1344];11320.27205;100),(591956.78067;[0.77];[-0.18];11109.67552;[0.8156];[-0.1344];11320.27205;100),(595509.72438;[0.77];[-0.18];11109.67552;[0.8156];[-0.1344];11320.27205;100),(598934.85975;[0.77];[-0.18];11109.67552;[0.8156];[-0.1344];11320.27205;100),(600673.01679;[1.];[0.05];9889.83647;[1.];[0.05];10210.07024;100)]"
1,9,14901.029824256066,[0.8886],[-0.0614],600517.5893306732,"[(735.84056;[0.88];[-0.07];15952.44662;[0.8131];[-0.1369];14998.74546;100),(7305.91559;[0.88];[-0.07];15951.84792;[0.8132];[-0.1368];14997.70354;100),(10653.90778;[0.88];[-0.07];15951.84792;[0.8132];[-0.1368];14997.70354;100),(14047.28317;[0.88];[-0.07];15951.84792;[0.8132];[-0.1368];14997.70354;100),(17415.17067;[0.88];[-0.07];15951.84792;[0.8132];[-0.1368];14997.70354;100),(20672.93453;[0.88];[-0.07];15951.84792;[0.8132];[-0.1368];14997.70354;100),(21962.86750;[0.95];[0.];15787.97137;[0.8886];[-0.0614];14901.02982;100),(24958.46462;[0.97];[0.02];15401.52443;[0.9379];[-0.0121];14711.35520;100),(28821.10882;[0.95];[0.];15666.88615;[0.9054];[-0.0446];14796.12652;100),(31269.19198;[0.97];[0.02];15401.13529;[0.9378];[-0.0122];14706.57283;100),(33964.00976;[0.96];[0.01];15541.55090;[0.9061];[-0.0439];14675.66111;100),(36243.26468;[0.96];[0.01];15609.12536;[0.9061];[-0.0439];14739.39484;100),(37962.15010;[0.96];[0.01];15641.32067;[0.9071];[-0.0429];14775.01957;100),(41019.17887;[0.96];[0.01];15654.88229;[0.9075];[-0.0425];14788.62205;100),(44875.75006;[0.96];[0.01];15659.18597;[0.9064];[-0.0436];14789.05669;100),(47959.02824;[0.96];[0.01];15662.90592;[0.9073];[-0.0427];14796.19459;100),(50913.73372;[0.95];[0.];15664.39357;[0.9055];[-0.0445];14794.00534;100),(53517.81940;[0.96];[0.01];15663.37586;[0.9078];[-0.0422];14798.91073;100),(56343.68849;[0.96];[0.01];15663.37586;[0.9078];[-0.0422];14798.91073;100),(59706.49242;[0.95];[0.];15663.38571;[0.9055];[-0.0445];14793.08824;100),(63166.89849;[0.95];[0.];15663.38571;[0.9055];[-0.0445];14793.08824;100),(66267.42530;[0.96];[0.01];15663.37586;[0.9078];[-0.0422];14798.91073;100),(75361.11808;[0.88];[-0.07];15951.84792;[0.8132];[-0.1368];14997.70354;100),(80014.04715;[0.88];[-0.07];15951.84792;[0.8132];[-0.1368];14997.70354;100),(84096.41266;[0.88];[-0.07];15951.84792;[0.8132];[-0.1368];14997.70354;100),(87979.83265;[0.88];[-0.07];15951.84792;[0.8132];[-0.1368];14997.70354;100),(91608.37150;[0.88];[-0.07];15951.84792;[0.8132];[-0.1368];14997.70354;100),(92522.31693;[0.95];[0.];15787.97137;[0.8886];[-0.0614];14901.02982;100),(95569.29851;[0.97];[0.02];15401.52443;[0.9379];[-0.0121];14711.35520;100),(98697.58224;[0.95];[0.];15666.88615;[0.9054];[-0.0446];14796.12652;100),(100780.43246;[0.97];[0.02];15401.13529;[0.9378];[-0.0122];14706.57283;100),(102269.50479;[0.96];[0.01];15541.55090;[0.9061];[-0.0439];14675.66111;100),(103978.85036;[0.96];[0.01];15609.12536;[0.9061];[-0.0439];14739.39484;100),(105187.29258;[0.96];[0.01];15641.32067;[0.9071];[-0.0429];14775.01957;100),(107873.52371;[0.96];[0.01];15654.88229;[0.9075];[-0.0425];14788.62205;100),(111016.58916;[0.96];[0.01];15659.18597;[0.9064];[-0.0436];14789.05669;100),(114354.07448;[0.96];[0.01];15662.90592;[0.9073];[-0.0427];14796.19459;100),(118053.78246;[0.95];[0.];15664.39357;[0.9055];[-0.0445];14794.00534;100),(121583.81200;[0.96];[0.01];15663.37586;[0.9078];[-0.0422];14798.91073;100),(124923.19322;[0.96];[0.01];15663.37586;[0.9078];[-0.0422];14798.91073;100),(128247.70045;[0.95];[0.];15663.38571;[0.9055];[-0.0445];14793.08824;100),(131286.67498;[0.95];[0.];15663.38571;[0.9055];[-0.0445];14793.08824;100),(134150.71917;[0.96];[0.01];15663.37586;[0.9078];[-0.0422];14798.91073;100),(143340.13772;[0.88];[-0.07];15951.84792;[0.8132];[-0.1368];14997.70354;100),(147815.70053;[0.88];[-0.07];15951.84792;[0.8132];[-0.1368];14997.70354;100),(152085.68072;[0.88];[-0.07];15951.84792;[0.8132];[-0.1368];14997.70354;100),(156331.08974;[0.88];[-0.07];15951.84792;[0.8132];[-0.1368];14997.70354;100),(159976.72868;[0.88];[-0.07];15951.84792;[0.8132];[-0.1368];14997.70354;100),(161238.58213;[0.95];[0.];15787.97137;[0.8886];[-0.0614];14901.02982;100),(164264.58502;[0.97];[0.02];15401.52443;[0.9379];[-0.0121];14711.35520;100),(167832.66473;[0.95];[0.];15666.88615;[0.9054];[-0.0446];14796.12652;100),(170039.81090;[0.97];[0.02];15401.13529;[0.9378];[-0.0122];14706.57283;100),(171720.57271;[0.96];[0.01];15541.55090;[0.9061];[-0.0439];14675.66111;100),(173414.52050;[0.96];[0.01];15609.12536;[0.9061];[-0.0439];14739.39484;100),(175023.65446;[0.96];[0.01];15641.32067;[0.9071];[-0.0429];14775.01957;100),(177675.74263;[0.96];[0.01];15654.88229;[0.9075];[-0.0425];14788.62205;100),(180542.92107;[0.96];[0.01];15659.18597;[0.9064];[-0.0436];14789.05669;100),(183293.51187;[0.96];[0.01];15662.90592;[0.9073];[-0.0427];14796.19459;100),(185712.94856;[0.95];[0.];15664.39357;[0.9055];[-0.0445];14794.00534;100),(187773.49281;[0.96];[0.01];15663.37586;[0.9078];[-0.0422];14798.91073;100),(191161.42869;[0.96];[0.01];15663.37586;[0.9078];[-0.0422];14798.91073;100),(194072.73459;[0.95];[0.];15663.38571;[0.9055];[-0.0445];14793.08824;100),(197616.88900;[0.95];[0.];15663.38571;[0.9055];[-0.0445];14793.08824;100),(201562.01744;[0.96];[0.01];15663.37586;[0.9078];[-0.0422];14798.91073;100),(210080.67727;[0.88];[-0.07];15951.84792;[0.8132];[-0.1368];14997.70354;100),(214226.63260;[0.88];[-0.07];15951.84792;[0.8132];[-0.1368];14997.70354;100),(219069.90409;[0.88];[-0.07];15951.84792;[0.8132];[-0.1368];14997.70354;100),(223609.36761;[0.88];[-0.07];15951.84792;[0.8132];[-0.1368];14997.70354;100),(227905.45440;[0.88];[-0.07];15951.84792;[0.8132];[-0.1368];14997.70354;100),(228967.64541;[0.95];[0.];15787.97137;[0.8886];[-0.0614];14901.02982;100),(232002.14100;[0.97];[0.02];15401.52443;[0.9379];[-0.0121];14711.35520;100),(236137.07638;[0.95];[0.];15666.88615;[0.9054];[-0.0446];14796.12652;100),(239341.24327;[0.97];[0.02];15401.13529;[0.9378];[-0.0122];14706.57283;100),(241672.78624;[0.96];[0.01];15541.55090;[0.9061];[-0.0439];14675.66111;100),(243239.02893;[0.96];[0.01];15609.12536;[0.9061];[-0.0439];14739.39484;100),(244676.71371;[0.96];[0.01];15641.32067;[0.9071];[-0.0429];14775.01957;100),(247447.28875;[0.96];[0.01];15654.88229;[0.9075];[-0.0425];14788.62205;100),(250364.78043;[0.96];[0.01];15659.18597;[0.9064];[-0.0436];14789.05669;100),(253593.47081;[0.96];[0.01];15662.90592;[0.9073];[-0.0427];14796.19459;100),(256096.15350;[0.95];[0.];15664.39357;[0.9055];[-0.0445];14794.00534;100),(258145.75362;[0.96];[0.01];15663.37586;[0.9078];[-0.0422];14798.91073;100),(260649.24097;[0.96];[0.01];15663.37586;[0.9078];[-0.0422];14798.91073;100),(263305.47261;[0.95];[0.];15663.38571;[0.9055];[-0.0445];14793.08824;100),(265895.84351;[0.95];[0.];15663.38571;[0.9055];[-0.0445];14793.08824;100),(268819.71717;[0.96];[0.01];15663.37586;[0.9078];[-0.0422];14798.91073;100),(277963.15861;[0.88];[-0.07];15951.84792;[0.8132];[-0.1368];14997.70354;100),(282622.84303;[0.88];[-0.07];15951.84792;[0.8132];[-0.1368];14997.70354;100),(287778.94640;[0.88];[-0.07];15951.84792;[0.8132];[-0.1368];14997.70354;100),(292280.63869;[0.88];[-0.07];15951.84792;[0.8132];[-0.1368];14997.70354;100),(295955.35374;[0.88];[-0.07];15951.84792;[0.8132];[-0.1368];14997.70354;100),(297111.82094;[0.95];[0.];15787.97137;[0.8886];[-0.0614];14901.02982;100),(300146.47722;[0.97];[0.02];15401.52443;[0.9379];[-0.0121];14711.35520;100),(303728.44219;[0.95];[0.];15666.88615;[0.9054];[-0.0446];14796.12652;100),(306738.26909;[0.97];[0.02];15401.13529;[0.9378];[-0.0122];14706.57283;100),(309035.31504;[0.96];[0.01];15541.55090;[0.9061];[-0.0439];14675.66111;100),(311112.15043;[0.96];[0.01];15609.12536;[0.9061];[-0.0439];14739.39484;100),(312754.84109;[0.96];[0.01];15641.32067;[0.9071];[-0.0429];14775.01957;100),(315281.51965;[0.96];[0.01];15654.88229;[0.9075];[-0.0425];14788.62205;100),(318505.90611;[0.96];[0.01];15659.18597;[0.9064];[-0.0436];14789.05669;100),(321358.31738;[0.96];[0.01];15662.90592;[0.9073];[-0.0427];14796.19459;100),(324095.18933;[0.95];[0.];15664.39357;[0.9055];[-0.0445];14794.00534;100),(326435.47821;[0.96];[0.01];15663.37586;[0.9078];[-0.0422];14798.91073;100),(328907.41348;[0.96];[0.01];15663.37586;[0.9078];[-0.0422];14798.91073;100),(332099.79749;[0.95];[0.];15663.38571;[0.9055];[-0.0445];14793.08824;100),(336030.24864;[0.95];[0.];15663.38571;[0.9055];[-0.0445];14793.08824;100),(338497.46847;[0.96];[0.01];15663.37586;[0.9078];[-0.0422];14798.91073;100),(346115.64851;[0.88];[-0.07];15951.84792;[0.8132];[-0.1368];14997.70354;100),(350373.88825;[0.88];[-0.07];15951.84792;[0.8132];[-0.1368];14997.70354;100),(354508.02684;[0.88];[-0.07];15951.84792;[0.8132];[-0.1368];14997.70354;100),(358266.91103;[0.88];[-0.07];15951.84792;[0.8132];[-0.1368];14997.70354;100),(362408.09608;[0.88];[-0.07];15951.84792;[0.8132];[-0.1368];14997.70354;100),(363580.57857;[0.95];[0.];15787.97137;[0.8886];[-0.0614];14901.02982;100),(367039.98446;[0.97];[0.02];15401.52443;[0.9379];[-0.0121];14711.35520;100),(370982.41234;[0.95];[0.];15666.88615;[0.9054];[-0.0446];14796.12652;100),(373560.38117;[0.97];[0.02];15401.13529;[0.9378];[-0.0122];14706.57283;100),(376135.68330;[0.96];[0.01];15541.55090;[0.9061];[-0.0439];14675.66111;100),(378491.51540;[0.96];[0.01];15609.12536;[0.9061];[-0.0439];14739.39484;100),(380579.05149;[0.96];[0.01];15641.32067;[0.9071];[-0.0429];14775.01957;100),(384591.40134;[0.96];[0.01];15654.88229;[0.9075];[-0.0425];14788.62205;100),(388039.71457;[0.96];[0.01];15659.18597;[0.9064];[-0.0436];14789.05669;100),(391124.64452;[0.96];[0.01];15662.90592;[0.9073];[-0.0427];14796.19459;100),(394434.85379;[0.95];[0.];15664.39357;[0.9055];[-0.0445];14794.00534;100),(396552.84858;[0.96];[0.01];15663.37586;[0.9078];[-0.0422];14798.91073;100),(399207.83377;[0.96];[0.01];15663.37586;[0.9078];[-0.0422];14798.91073;100),(401779.93321;[0.95];[0.];15663.38571;[0.9055];[-0.0445];14793.08824;100),(404376.27268;[0.95];[0.];15663.38571;[0.9055];[-0.0445];14793.08824;100),(407167.65904;[0.96];[0.01];15663.37586;[0.9078];[-0.0422];14798.91073;100),(414877.04086;[0.88];[-0.07];15951.84792;[0.8132];[-0.1368];14997.70354;100),(419020.30802;[0.88];[-0.07];15951.84792;[0.8132];[-0.1368];14997.70354;100),(423310.69422;[0.88];[-0.07];15951.84792;[0.8132];[-0.1368];14997.70354;100),(427408.49948;[0.88];[-0.07];15951.84792;[0.8132];[-0.1368];14997.70354;100),(431962.29768;[0.88];[-0.07];15951.84792;[0.8132];[-0.1368];14997.70354;100),(433310.25648;[0.95];[0.];15787.97137;[0.8886];[-0.0614];14901.02982;100),(436924.21508;[0.97];[0.02];15401.52443;[0.9379];[-0.0121];14711.35520;100),(441353.46866;[0.95];[0.];15666.88615;[0.9054];[-0.0446];14796.12652;100),(444272.51482;[0.97];[0.02];15401.13529;[0.9378];[-0.0122];14706.57283;100),(446788.12146;[0.96];[0.01];15541.55090;[0.9061];[-0.0439];14675.66111;100),(448561.20515;[0.96];[0.01];15609.12536;[0.9061];[-0.0439];14739.39484;100),(450277.46964;[0.96];[0.01];15641.32067;[0.9071];[-0.0429];14775.01957;100),(453023.55599;[0.96];[0.01];15654.88229;[0.9075];[-0.0425];14788.62205;100),(456118.28017;[0.96];[0.01];15659.18597;[0.9064];[-0.0436];14789.05669;100),(458673.87795;[0.96];[0.01];15662.90592;[0.9073];[-0.0427];14796.19459;100),(461423.84887;[0.95];[0.];15664.39357;[0.9055];[-0.0445];14794.00534;100),(464084.11717;[0.96];[0.01];15663.37586;[0.9078];[-0.0422];14798.91073;100),(467181.14305;[0.96];[0.01];15663.37586;[0.9078];[-0.0422];14798.91073;100),(470385.81967;[0.95];[0.];15663.38571;[0.9055];[-0.0445];14793.08824;100),(473523.76771;[0.95];[0.];15663.38571;[0.9055];[-0.0445];14793.08824;100),(476505.67675;[0.96];[0.01];15663.37586;[0.9078];[-0.0422];14798.91073;100),(484923.12217;[0.88];[-0.07];15951.84792;[0.8132];[-0.1368];14997.70354;100),(488960.52909;[0.88];[-0.07];15951.84792;[0.8132];[-0.1368];14997.70354;100),(493686.76925;[0.88];[-0.07];15951.84792;[0.8132];[-0.1368];14997.70354;100),(497752.54416;[0.88];[-0.07];15951.84792;[0.8132];[-0.1368];14997.70354;100),(501924.90244;[0.88];[-0.07];15951.84792;[0.8132];[-0.1368];14997.70354;100),(502852.10395;[0.95];[0.];15787.97137;[0.8886];[-0.0614];14901.02982;100),(505800.48680;[0.97];[0.02];15401.52443;[0.9379];[-0.0121];14711.35520;100),(510209.79667;[0.95];[0.];15666.88615;[0.9054];[-0.0446];14796.12652;100),(513195.00256;[0.97];[0.02];15401.13529;[0.9378];[-0.0122];14706.57283;100),(515003.41606;[0.96];[0.01];15541.55090;[0.9061];[-0.0439];14675.66111;100),(516527.75645;[0.96];[0.01];15609.12536;[0.9061];[-0.0439];14739.39484;100),(518224.42293;[0.96];[0.01];15641.32067;[0.9071];[-0.0429];14775.01957;100),(521367.14888;[0.96];[0.01];15654.88229;[0.9075];[-0.0425];14788.62205;100),(524606.82368;[0.96];[0.01];15659.18597;[0.9064];[-0.0436];14789.05669;100),(527483.50167;[0.96];[0.01];15662.90592;[0.9073];[-0.0427];14796.19459;100),(530221.35997;[0.95];[0.];15664.39357;[0.9055];[-0.0445];14794.00534;100),(533067.35158;[0.96];[0.01];15663.37586;[0.9078];[-0.0422];14798.91073;100),(535664.78896;[0.96];[0.01];15663.37586;[0.9078];[-0.0422];14798.91073;100),(538877.94375;[0.95];[0.];15663.38571;[0.9055];[-0.0445];14793.08824;100),(542165.71665;[0.95];[0.];15663.38571;[0.9055];[-0.0445];14793.08824;100),(545253.56436;[0.96];[0.01];15663.37586;[0.9078];[-0.0422];14798.91073;100),(554047.50538;[0.88];[-0.07];15951.84792;[0.8132];[-0.1368];14997.70354;100),(558261.70897;[0.88];[-0.07];15951.84792;[0.8132];[-0.1368];14997.70354;100),(562517.94744;[0.88];[-0.07];15951.84792;[0.8132];[-0.1368];14997.70354;100),(566450.93298;[0.88];[-0.07];15951.84792;[0.8132];[-0.1368];14997.70354;100),(570531.48580;[0.88];[-0.07];15951.84792;[0.8132];[-0.1368];14997.70354;100),(571603.63746;[0.95];[0.];15787.97137;[0.8886];[-0.0614];14901.02982;100),(574084.89466;[0.97];[0.02];15401.52443;[0.9379];[-0.0121];14711.35520;100),(577710.41584;[0.95];[0.];15666.88615;[0.9054];[-0.0446];14796.12652;100),(579896.33131;[0.97];[0.02];15401.13529;[0.9378];[-0.0122];14706.57283;100),(581411.25607;[0.96];[0.01];15541.55090;[0.9061];[-0.0439];14675.66111;100),(582885.07247;[0.96];[0.01];15609.12536;[0.9061];[-0.0439];14739.39484;100),(584124.55416;[0.96];[0.01];15641.32067;[0.9071];[-0.0429];14775.01957;100),(586830.38592;[0.96];[0.01];15654.88229;[0.9075];[-0.0425];14788.62205;100),(589552.42825;[0.96];[0.01];15659.18597;[0.9064];[-0.0436];14789.05669;100),(591833.78744;[0.96];[0.01];15662.90592;[0.9073];[-0.0427];14796.19459;100),(594487.21027;[0.95];[0.];15664.39357;[0.9055];[-0.0445];14794.00534;100),(596358.83808;[0.96];[0.01];15663.37586;[0.9078];[-0.0422];14798.91073;100),(599041.18466;[0.96];[0.01];15663.37586;[0.9078];[-0.0422];14798.91073;100),(600501.10579;[0.96];[0.01];15663.37586;[0.9078];[-0.0422];14798.91073;100)]"
1,5,14900.325559893525,[0.952],[0.002],600573.4362602234,"[(924.14165;[0.86];[-0.09];14726.25792;[0.8476];[-0.1024];14917.91308;100),(7481.02045;[0.85];[-0.1];14725.70750;[0.8471];[-0.1029];14917.60675;100),(11046.18883;[0.85];[-0.1];14725.70750;[0.8471];[-0.1029];14917.60675;100),(14589.95652;[0.85];[-0.1];14725.70750;[0.8471];[-0.1029];14917.60675;100),(17903.10860;[0.85];[-0.1];14725.70750;[0.8471];[-0.1029];14917.60675;100),(21179.41737;[0.85];[-0.1];14725.70750;[0.8471];[-0.1029];14917.60675;100),(21480.78704;[1.];[0.05];14314.36576;[1.];[0.05];14634.93525;100),(21831.87914;[0.95];[0.];14589.86361;[0.952];[0.002];14900.32556;100),(23303.90120;[0.93];[-0.02];14542.45321;[0.9355];[-0.0145];14874.31663;100),(26151.88575;[0.91];[-0.04];14376.93305;[0.9137];[-0.0363];14737.28853;100),(29066.05935;[1.];[0.05];14314.36576;[1.];[0.05];14634.93525;100),(32156.80885;[1.];[0.05];14314.36576;[1.];[0.05];14634.93525;100),(35192.89637;[0.91];[-0.04];14345.58818;[0.9158];[-0.0342];14698.98592;100),(38393.67461;[0.91];[-0.04];14330.10147;[0.9152];[-0.0348];14684.92794;100),(42842.85808;[0.91];[-0.04];14318.76689;[0.9149];[-0.0351];14671.89601;100),(47211.36379;[0.91];[-0.04];14314.72776;[0.9139];[-0.0361];14670.36682;100),(49727.32782;[1.];[0.05];14314.32704;[1.];[0.05];14635.88348;100),(52396.37160;[0.91];[-0.04];14314.49209;[0.9167];[-0.0333];14665.20148;100),(55024.05477;[1.];[0.05];14314.36576;[1.];[0.05];14634.93525;100),(57237.38098;[1.];[0.05];14314.36576;[1.];[0.05];14634.93525;100),(60215.82580;[0.91];[-0.04];14314.49209;[0.9167];[-0.0333];14665.20148;100),(62927.02150;[0.91];[-0.04];14314.49209;[0.9167];[-0.0333];14665.20148;100),(70946.24996;[0.85];[-0.1];14725.70750;[0.8471];[-0.1029];14917.60675;100),(75086.87401;[0.85];[-0.1];14725.70750;[0.8471];[-0.1029];14917.60675;100),(79670.64452;[0.85];[-0.1];14725.70750;[0.8471];[-0.1029];14917.60675;100),(84026.98731;[0.85];[-0.1];14725.70750;[0.8471];[-0.1029];14917.60675;100),(87639.51826;[0.85];[-0.1];14725.70750;[0.8471];[-0.1029];14917.60675;100),(88020.91074;[1.];[0.05];14314.36576;[1.];[0.05];14634.93525;100),(88282.05776;[0.95];[0.];14589.86361;[0.952];[0.002];14900.32556;100),(89640.15031;[0.93];[-0.02];14542.45321;[0.9355];[-0.0145];14874.31663;100),(91610.59046;[0.91];[-0.04];14376.93305;[0.9137];[-0.0363];14737.28853;100),(93549.84617;[1.];[0.05];14314.36576;[1.];[0.05];14634.93525;100),(95785.72679;[1.];[0.05];14314.36576;[1.];[0.05];14634.93525;100),(98060.37641;[0.91];[-0.04];14345.58818;[0.9158];[-0.0342];14698.98592;100),(100151.29328;[0.91];[-0.04];14330.10147;[0.9152];[-0.0348];14684.92794;100),(103606.73523;[0.91];[-0.04];14318.76689;[0.9149];[-0.0351];14671.89601;100),(106452.92711;[0.91];[-0.04];14314.72776;[0.9139];[-0.0361];14670.36682;100),(108828.01104;[1.];[0.05];14314.32704;[1.];[0.05];14635.88348;100),(111358.44755;[0.91];[-0.04];14314.49209;[0.9167];[-0.0333];14665.20148;100),(114259.30262;[1.];[0.05];14314.36576;[1.];[0.05];14634.93525;100),(116979.46334;[1.];[0.05];14314.36576;[1.];[0.05];14634.93525;100),(119640.77806;[0.91];[-0.04];14314.49209;[0.9167];[-0.0333];14665.20148;100),(123011.93666;[0.91];[-0.04];14314.49209;[0.9167];[-0.0333];14665.20148;100),(131724.20311;[0.85];[-0.1];14725.70750;[0.8471];[-0.1029];14917.60675;100),(136285.71630;[0.85];[-0.1];14725.70750;[0.8471];[-0.1029];14917.60675;100),(141110.68702;[0.85];[-0.1];14725.70750;[0.8471];[-0.1029];14917.60675;100),(145431.43487;[0.85];[-0.1];14725.70750;[0.8471];[-0.1029];14917.60675;100),(149840.63768;[0.85];[-0.1];14725.70750;[0.8471];[-0.1029];14917.60675;100),(150164.24298;[1.];[0.05];14314.36576;[1.];[0.05];14634.93525;100),(150467.43059;[0.95];[0.];14589.86361;[0.952];[0.002];14900.32556;100),(152560.61101;[0.93];[-0.02];14542.45321;[0.9355];[-0.0145];14874.31663;100),(155349.28918;[0.91];[-0.04];14376.93305;[0.9137];[-0.0363];14737.28853;100),(157856.63366;[1.];[0.05];14314.36576;[1.];[0.05];14634.93525;100),(160561.91087;[1.];[0.05];14314.36576;[1.];[0.05];14634.93525;100),(163602.33092;[0.91];[-0.04];14345.58818;[0.9158];[-0.0342];14698.98592;100),(166846.59052;[0.91];[-0.04];14330.10147;[0.9152];[-0.0348];14684.92794;100),(171520.97869;[0.91];[-0.04];14318.76689;[0.9149];[-0.0351];14671.89601;100),(174394.36913;[0.91];[-0.04];14314.72776;[0.9139];[-0.0361];14670.36682;100),(176258.71563;[1.];[0.05];14314.32704;[1.];[0.05];14635.88348;100),(178466.04800;[0.91];[-0.04];14314.49209;[0.9167];[-0.0333];14665.20148;100),(180602.65183;[1.];[0.05];14314.36576;[1.];[0.05];14634.93525;100),(182820.42265;[1.];[0.05];14314.36576;[1.];[0.05];14634.93525;100),(185118.18027;[0.91];[-0.04];14314.49209;[0.9167];[-0.0333];14665.20148;100),(187518.35871;[0.91];[-0.04];14314.49209;[0.9167];[-0.0333];14665.20148;100),(195028.13697;[0.85];[-0.1];14725.70750;[0.8471];[-0.1029];14917.60675;100),(199895.87665;[0.85];[-0.1];14725.70750;[0.8471];[-0.1029];14917.60675;100),(204138.21912;[0.85];[-0.1];14725.70750;[0.8471];[-0.1029];14917.60675;100),(208564.76593;[0.85];[-0.1];14725.70750;[0.8471];[-0.1029];14917.60675;100),(212552.70839;[0.85];[-0.1];14725.70750;[0.8471];[-0.1029];14917.60675;100),(212937.59871;[1.];[0.05];14314.36576;[1.];[0.05];14634.93525;100),(213203.78971;[0.95];[0.];14589.86361;[0.952];[0.002];14900.32556;100),(215329.43201;[0.93];[-0.02];14542.45321;[0.9355];[-0.0145];14874.31663;100),(218402.98319;[0.91];[-0.04];14376.93305;[0.9137];[-0.0363];14737.28853;100),(221402.72188;[1.];[0.05];14314.36576;[1.];[0.05];14634.93525;100),(223792.36436;[1.];[0.05];14314.36576;[1.];[0.05];14634.93525;100),(226745.59951;[0.91];[-0.04];14345.58818;[0.9158];[-0.0342];14698.98592;100),(229644.42801;[0.91];[-0.04];14330.10147;[0.9152];[-0.0348];14684.92794;100),(233645.35832;[0.91];[-0.04];14318.76689;[0.9149];[-0.0351];14671.89601;100),(238298.15531;[0.91];[-0.04];14314.72776;[0.9139];[-0.0361];14670.36682;100),(240973.93727;[1.];[0.05];14314.32704;[1.];[0.05];14635.88348;100),(244028.94163;[0.91];[-0.04];14314.49209;[0.9167];[-0.0333];14665.20148;100),(246176.30363;[1.];[0.05];14314.36576;[1.];[0.05];14634.93525;100),(249076.72906;[1.];[0.05];14314.36576;[1.];[0.05];14634.93525;100),(251401.20792;[0.91];[-0.04];14314.49209;[0.9167];[-0.0333];14665.20148;100),(254042.11807;[0.91];[-0.04];14314.49209;[0.9167];[-0.0333];14665.20148;100),(260890.59782;[0.85];[-0.1];14725.70750;[0.8471];[-0.1029];14917.60675;100),(264408.84495;[0.85];[-0.1];14725.70750;[0.8471];[-0.1029];14917.60675;100),(268121.36817;[0.85];[-0.1];14725.70750;[0.8471];[-0.1029];14917.60675;100),(271915.77196;[0.85];[-0.1];14725.70750;[0.8471];[-0.1029];14917.60675;100),(275957.00622;[0.85];[-0.1];14725.70750;[0.8471];[-0.1029];14917.60675;100),(276317.09623;[1.];[0.05];14314.36576;[1.];[0.05];14634.93525;100),(276749.80855;[0.95];[0.];14589.86361;[0.952];[0.002];14900.32556;100),(279135.32877;[0.93];[-0.02];14542.45321;[0.9355];[-0.0145];14874.31663;100),(281171.71359;[0.91];[-0.04];14376.93305;[0.9137];[-0.0363];14737.28853;100),(284468.05716;[1.];[0.05];14314.36576;[1.];[0.05];14634.93525;100),(287287.11343;[1.];[0.05];14314.36576;[1.];[0.05];14634.93525;100),(290345.94750;[0.91];[-0.04];14345.58818;[0.9158];[-0.0342];14698.98592;100),(292927.68288;[0.91];[-0.04];14330.10147;[0.9152];[-0.0348];14684.92794;100),(297108.72960;[0.91];[-0.04];14318.76689;[0.9149];[-0.0351];14671.89601;100),(301181.17952;[0.91];[-0.04];14314.72776;[0.9139];[-0.0361];14670.36682;100),(304288.45668;[1.];[0.05];14314.32704;[1.];[0.05];14635.88348;100),(307239.04061;[0.91];[-0.04];14314.49209;[0.9167];[-0.0333];14665.20148;100),(310101.88460;[1.];[0.05];14314.36576;[1.];[0.05];14634.93525;100),(312920.58063;[1.];[0.05];14314.36576;[1.];[0.05];14634.93525;100),(315944.51833;[0.91];[-0.04];14314.49209;[0.9167];[-0.0333];14665.20148;100),(318670.40896;[0.91];[-0.04];14314.49209;[0.9167];[-0.0333];14665.20148;100),(326843.93835;[0.85];[-0.1];14725.70750;[0.8471];[-0.1029];14917.60675;100),(330905.38144;[0.85];[-0.1];14725.70750;[0.8471];[-0.1029];14917.60675;100),(335359.94554;[0.85];[-0.1];14725.70750;[0.8471];[-0.1029];14917.60675;100),(339250.99683;[0.85];[-0.1];14725.70750;[0.8471];[-0.1029];14917.60675;100),(342556.52046;[0.85];[-0.1];14725.70750;[0.8471];[-0.1029];14917.60675;100),(343118.61110;[1.];[0.05];14314.36576;[1.];[0.05];14634.93525;100),(343415.65824;[0.95];[0.];14589.86361;[0.952];[0.002];14900.32556;100),(344966.10641;[0.93];[-0.02];14542.45321;[0.9355];[-0.0145];14874.31663;100),(347031.61883;[0.91];[-0.04];14376.93305;[0.9137];[-0.0363];14737.28853;100),(349887.62522;[1.];[0.05];14314.36576;[1.];[0.05];14634.93525;100),(352137.94494;[1.];[0.05];14314.36576;[1.];[0.05];14634.93525;100),(354847.42212;[0.91];[-0.04];14345.58818;[0.9158];[-0.0342];14698.98592;100),(357435.60600;[0.91];[-0.04];14330.10147;[0.9152];[-0.0348];14684.92794;100),(361723.13666;[0.91];[-0.04];14318.76689;[0.9149];[-0.0351];14671.89601;100),(365783.19550;[0.91];[-0.04];14314.72776;[0.9139];[-0.0361];14670.36682;100),(368232.02777;[1.];[0.05];14314.32704;[1.];[0.05];14635.88348;100),(370877.74801;[0.91];[-0.04];14314.49209;[0.9167];[-0.0333];14665.20148;100),(373875.21648;[1.];[0.05];14314.36576;[1.];[0.05];14634.93525;100),(375956.35605;[1.];[0.05];14314.36576;[1.];[0.05];14634.93525;100),(378747.06960;[0.91];[-0.04];14314.49209;[0.9167];[-0.0333];14665.20148;100),(381213.66549;[0.91];[-0.04];14314.49209;[0.9167];[-0.0333];14665.20148;100),(390277.63700;[0.85];[-0.1];14725.70750;[0.8471];[-0.1029];14917.60675;100),(394764.04428;[0.85];[-0.1];14725.70750;[0.8471];[-0.1029];14917.60675;100),(399398.04745;[0.85];[-0.1];14725.70750;[0.8471];[-0.1029];14917.60675;100),(403983.22630;[0.85];[-0.1];14725.70750;[0.8471];[-0.1029];14917.60675;100),(407804.32224;[0.85];[-0.1];14725.70750;[0.8471];[-0.1029];14917.60675;100),(408107.55754;[1.];[0.05];14314.36576;[1.];[0.05];14634.93525;100),(408349.50924;[0.95];[0.];14589.86361;[0.952];[0.002];14900.32556;100),(409944.00072;[0.93];[-0.02];14542.45321;[0.9355];[-0.0145];14874.31663;100),(411991.88614;[0.91];[-0.04];14376.93305;[0.9137];[-0.0363];14737.28853;100),(415220.99209;[1.];[0.05];14314.36576;[1.];[0.05];14634.93525;100),(417603.27458;[1.];[0.05];14314.36576;[1.];[0.05];14634.93525;100),(420201.61605;[0.91];[-0.04];14345.58818;[0.9158];[-0.0342];14698.98592;100),(422286.91697;[0.91];[-0.04];14330.10147;[0.9152];[-0.0348];14684.92794;100),(426260.55145;[0.91];[-0.04];14318.76689;[0.9149];[-0.0351];14671.89601;100),(429847.84269;[0.91];[-0.04];14314.72776;[0.9139];[-0.0361];14670.36682;100),(432709.03254;[1.];[0.05];14314.32704;[1.];[0.05];14635.88348;100),(435229.24089;[0.91];[-0.04];14314.49209;[0.9167];[-0.0333];14665.20148;100),(438103.55163;[1.];[0.05];14314.36576;[1.];[0.05];14634.93525;100),(440401.05772;[1.];[0.05];14314.36576;[1.];[0.05];14634.93525;100),(443546.30232;[0.91];[-0.04];14314.49209;[0.9167];[-0.0333];14665.20148;100),(446387.97545;[0.91];[-0.04];14314.49209;[0.9167];[-0.0333];14665.20148;100),(454632.46274;[0.85];[-0.1];14725.70750;[0.8471];[-0.1029];14917.60675;100),(458912.27198;[0.85];[-0.1];14725.70750;[0.8471];[-0.1029];14917.60675;100),(462894.73248;[0.85];[-0.1];14725.70750;[0.8471];[-0.1029];14917.60675;100),(467188.44533;[0.85];[-0.1];14725.70750;[0.8471];[-0.1029];14917.60675;100),(471487.99062;[0.85];[-0.1];14725.70750;[0.8471];[-0.1029];14917.60675;100),(471853.11365;[1.];[0.05];14314.36576;[1.];[0.05];14634.93525;100),(472145.31136;[0.95];[0.];14589.86361;[0.952];[0.002];14900.32556;100),(473992.89727;[0.93];[-0.02];14542.45321;[0.9355];[-0.0145];14874.31663;100),(476929.19278;[0.91];[-0.04];14376.93305;[0.9137];[-0.0363];14737.28853;100),(479844.42973;[1.];[0.05];14314.36576;[1.];[0.05];14634.93525;100),(482476.17579;[1.];[0.05];14314.36576;[1.];[0.05];14634.93525;100),(485439.24713;[0.91];[-0.04];14345.58818;[0.9158];[-0.0342];14698.98592;100),(488185.26411;[0.91];[-0.04];14330.10147;[0.9152];[-0.0348];14684.92794;100),(491501.02019;[0.91];[-0.04];14318.76689;[0.9149];[-0.0351];14671.89601;100),(494685.39715;[0.91];[-0.04];14314.72776;[0.9139];[-0.0361];14670.36682;100),(496963.88054;[1.];[0.05];14314.32704;[1.];[0.05];14635.88348;100),(499388.15355;[0.91];[-0.04];14314.49209;[0.9167];[-0.0333];14665.20148;100),(502261.94620;[1.];[0.05];14314.36576;[1.];[0.05];14634.93525;100),(504663.34009;[1.];[0.05];14314.36576;[1.];[0.05];14634.93525;100),(506984.04455;[0.91];[-0.04];14314.49209;[0.9167];[-0.0333];14665.20148;100),(509452.24428;[0.91];[-0.04];14314.49209;[0.9167];[-0.0333];14665.20148;100),(516217.84425;[0.85];[-0.1];14725.70750;[0.8471];[-0.1029];14917.60675;100),(519601.41730;[0.85];[-0.1];14725.70750;[0.8471];[-0.1029];14917.60675;100),(523698.95244;[0.85];[-0.1];14725.70750;[0.8471];[-0.1029];14917.60675;100),(527909.49154;[0.85];[-0.1];14725.70750;[0.8471];[-0.1029];14917.60675;100),(531755.51081;[0.85];[-0.1];14725.70750;[0.8471];[-0.1029];14917.60675;100),(532075.78373;[1.];[0.05];14314.36576;[1.];[0.05];14634.93525;100),(532330.36947;[0.95];[0.];14589.86361;[0.952];[0.002];14900.32556;100),(534165.57598;[0.93];[-0.02];14542.45321;[0.9355];[-0.0145];14874.31663;100),(536538.09690;[0.91];[-0.04];14376.93305;[0.9137];[-0.0363];14737.28853;100),(539253.50523;[1.];[0.05];14314.36576;[1.];[0.05];14634.93525;100),(541790.26747;[1.];[0.05];14314.36576;[1.];[0.05];14634.93525;100),(544284.19018;[0.91];[-0.04];14345.58818;[0.9158];[-0.0342];14698.98592;100),(547344.38992;[0.91];[-0.04];14330.10147;[0.9152];[-0.0348];14684.92794;100),(551208.02164;[0.91];[-0.04];14318.76689;[0.9149];[-0.0351];14671.89601;100),(554821.77472;[0.91];[-0.04];14314.72776;[0.9139];[-0.0361];14670.36682;100),(557276.97968;[1.];[0.05];14314.32704;[1.];[0.05];14635.88348;100),(560137.67862;[0.91];[-0.04];14314.49209;[0.9167];[-0.0333];14665.20148;100),(562700.05012;[1.];[0.05];14314.36576;[1.];[0.05];14634.93525;100),(565804.23260;[1.];[0.05];14314.36576;[1.];[0.05];14634.93525;100),(568425.33302;[0.91];[-0.04];14314.49209;[0.9167];[-0.0333];14665.20148;100),(571170.86601;[0.91];[-0.04];14314.49209;[0.9167];[-0.0333];14665.20148;100),(577711.73596;[0.85];[-0.1];14725.70750;[0.8471];[-0.1029];14917.60675;100),(581159.47199;[0.85];[-0.1];14725.70750;[0.8471];[-0.1029];14917.60675;100),(584934.82590;[0.85];[-0.1];14725.70750;[0.8471];[-0.1029];14917.60675;100),(588623.98386;[0.85];[-0.1];14725.70750;[0.8471];[-0.1029];14917.60675;100),(591946.41733;[0.85];[-0.1];14725.70750;[0.8471];[-0.1029];14917.60675;100),(592489.21275;[1.];[0.05];14314.36576;[1.];[0.05];14634.93525;100),(592723.19198;[0.95];[0.];14589.86361;[0.952];[0.002];14900.32556;100),(594090.81745;[0.93];[-0.02];14542.45321;[0.9355];[-0.0145];14874.31663;100),(596387.60066;[0.91];[-0.04];14376.93305;[0.9137];[-0.0363];14737.28853;100),(598406.09002;[1.];[0.05];14314.36576;[1.];[0.05];14634.93525;100),(600556.89144;[1.];[0.05];14314.36576;[1.];[0.05];14634.93525;100)]"
0,2,19588.457820786494,[0.9441],[-0.0059],600566.5910243988,"[(895.63608;[0.8];[-0.15];23194.72975;[0.8091];[-0.1409];19745.34942;100),(7892.56716;[0.8];[-0.15];23194.72975;[0.8091];[-0.1409];19745.34942;100),(11330.37496;[0.8];[-0.15];23194.72975;[0.8091];[-0.1409];19745.34942;100),(15282.08828;[0.8];[-0.15];23194.72975;[0.8091];[-0.1409];19745.34942;100),(18565.94944;[0.8];[-0.15];23194.72975;[0.8091];[-0.1409];19745.34942;100),(21877.07305;[0.8];[-0.15];23194.72975;[0.8091];[-0.1409];19745.34942;100),(22122.36404;[0.87];[-0.08];22544.81046;[0.9149];[-0.0351];19577.01967;100),(27363.50799;[0.97];[0.02];21691.41532;[0.9573];[0.0073];19316.83957;100),(28416.57257;[0.93];[-0.02];22287.44186;[0.9382];[-0.0118];19628.40789;100),(31711.43270;[0.96];[0.01];22047.83309;[0.9486];[-0.0014];19528.68884;100),(33187.77657;[0.95];[0.];22172.27505;[0.9441];[-0.0059];19588.45782;100),(36936.93519;[0.96];[0.01];22110.12487;[0.947];[-0.003];19571.14443;100),(38071.83933;[0.95];[0.];22141.87724;[0.9453];[-0.0047];19583.35108;100),(40656.41546;[0.96];[0.01];22125.44817;[0.9454];[-0.0046];19560.20753;100),(41319.39864;[0.95];[0.];22133.67896;[0.9454];[-0.0046];19579.79979;100),(44529.92392;[0.96];[0.01];22130.54681;[0.9458];[-0.0042];19582.27540;100),(45012.34746;[0.96];[0.01];22131.42488;[0.947];[-0.003];19579.35112;100),(45203.78494;[0.96];[0.01];22133.27721;[0.9469];[-0.0031];19581.69623;100),(45486.30738;[0.96];[0.01];22133.27721;[0.9469];[-0.0031];19581.69623;100),(45729.98953;[0.96];[0.01];22133.27721;[0.9469];[-0.0031];19581.69623;100),(45954.69642;[0.96];[0.01];22133.27721;[0.9469];[-0.0031];19581.69623;100),(46375.55695;[0.95];[0.];22133.67896;[0.9454];[-0.0046];19579.79979;100),(46545.44115;[0.95];[0.];22133.67896;[0.9454];[-0.0046];19579.79979;100),(54266.77299;[0.8];[-0.15];23194.72975;[0.8091];[-0.1409];19745.34942;100),(58411.82709;[0.8];[-0.15];23194.72975;[0.8091];[-0.1409];19745.34942;100),(62952.74830;[0.8];[-0.15];23194.72975;[0.8091];[-0.1409];19745.34942;100),(67528.50699;[0.8];[-0.15];23194.72975;[0.8091];[-0.1409];19745.34942;100),(72178.54524;[0.8];[-0.15];23194.72975;[0.8091];[-0.1409];19745.34942;100),(72453.32718;[0.87];[-0.08];22544.81046;[0.9149];[-0.0351];19577.01967;100),(77894.74535;[0.97];[0.02];21691.41532;[0.9573];[0.0073];19316.83957;100),(78866.03308;[0.93];[-0.02];22287.44186;[0.9382];[-0.0118];19628.40789;100),(81858.47139;[0.96];[0.01];22047.83309;[0.9486];[-0.0014];19528.68884;100),(82940.83142;[0.95];[0.];22172.27505;[0.9441];[-0.0059];19588.45782;100),(85826.47395;[0.96];[0.01];22110.12487;[0.947];[-0.003];19571.14443;100),(86541.48579;[0.95];[0.];22141.87724;[0.9453];[-0.0047];19583.35108;100),(88772.39704;[0.96];[0.01];22125.44817;[0.9454];[-0.0046];19560.20753;100),(89405.40671;[0.95];[0.];22133.67896;[0.9454];[-0.0046];19579.79979;100),(91313.51018;[0.96];[0.01];22130.54681;[0.9458];[-0.0042];19582.27540;100),(91752.10857;[0.96];[0.01];22131.42488;[0.947];[-0.003];19579.35112;100),(91924.76821;[0.96];[0.01];22133.27721;[0.9469];[-0.0031];19581.69623;100),(92074.81599;[0.96];[0.01];22133.27721;[0.9469];[-0.0031];19581.69623;100),(92234.11202;[0.96];[0.01];22133.27721;[0.9469];[-0.0031];19581.69623;100),(92428.12014;[0.96];[0.01];22133.27721;[0.9469];[-0.0031];19581.69623;100),(92753.09753;[0.95];[0.];22133.67896;[0.9454];[-0.0046];19579.79979;100),(92899.35327;[0.95];[0.];22133.67896;[0.9454];[-0.0046];19579.79979;100),(99449.56946;[0.8];[-0.15];23194.72975;[0.8091];[-0.1409];19745.34942;100),(103487.78892;[0.8];[-0.15];23194.72975;[0.8091];[-0.1409];19745.34942;100),(107056.19335;[0.8];[-0.15];23194.72975;[0.8091];[-0.1409];19745.34942;100),(111939.94117;[0.8];[-0.15];23194.72975;[0.8091];[-0.1409];19745.34942;100),(116059.29422;[0.8];[-0.15];23194.72975;[0.8091];[-0.1409];19745.34942;100),(116431.20313;[0.87];[-0.08];22544.81046;[0.9149];[-0.0351];19577.01967;100),(121804.53444;[0.97];[0.02];21691.41532;[0.9573];[0.0073];19316.83957;100),(122886.51872;[0.93];[-0.02];22287.44186;[0.9382];[-0.0118];19628.40789;100),(126266.50596;[0.96];[0.01];22047.83309;[0.9486];[-0.0014];19528.68884;100),(127531.09598;[0.95];[0.];22172.27505;[0.9441];[-0.0059];19588.45782;100),(130665.38024;[0.96];[0.01];22110.12487;[0.947];[-0.003];19571.14443;100),(131543.47587;[0.95];[0.];22141.87724;[0.9453];[-0.0047];19583.35108;100),(134261.75785;[0.96];[0.01];22125.44817;[0.9454];[-0.0046];19560.20753;100),(134950.41943;[0.95];[0.];22133.67896;[0.9454];[-0.0046];19579.79979;100),(137658.32949;[0.96];[0.01];22130.54681;[0.9458];[-0.0042];19582.27540;100),(138230.16548;[0.96];[0.01];22131.42488;[0.947];[-0.003];19579.35112;100),(138420.54081;[0.96];[0.01];22133.27721;[0.9469];[-0.0031];19581.69623;100),(138586.67707;[0.96];[0.01];22133.27721;[0.9469];[-0.0031];19581.69623;100),(138799.98469;[0.96];[0.01];22133.27721;[0.9469];[-0.0031];19581.69623;100),(139033.94651;[0.96];[0.01];22133.27721;[0.9469];[-0.0031];19581.69623;100),(139330.31249;[0.95];[0.];22133.67896;[0.9454];[-0.0046];19579.79979;100),(139561.74016;[0.95];[0.];22133.67896;[0.9454];[-0.0046];19579.79979;100),(147595.53933;[0.8];[-0.15];23194.72975;[0.8091];[-0.1409];19745.34942;100),(151585.99687;[0.8];[-0.15];23194.72975;[0.8091];[-0.1409];19745.34942;100),(155204.02050;[0.8];[-0.15];23194.72975;[0.8091];[-0.1409];19745.34942;100),(158733.00433;[0.8];[-0.15];23194.72975;[0.8091];[-0.1409];19745.34942;100),(162055.29547;[0.8];[-0.15];23194.72975;[0.8091];[-0.1409];19745.34942;100),(162282.42755;[0.87];[-0.08];22544.81046;[0.9149];[-0.0351];19577.01967;100),(166973.42134;[0.97];[0.02];21691.41532;[0.9573];[0.0073];19316.83957;100),(167626.49536;[0.93];[-0.02];22287.44186;[0.9382];[-0.0118];19628.40789;100),(170749.58897;[0.96];[0.01];22047.83309;[0.9486];[-0.0014];19528.68884;100),(171889.36996;[0.95];[0.];22172.27505;[0.9441];[-0.0059];19588.45782;100),(175132.92289;[0.96];[0.01];22110.12487;[0.947];[-0.003];19571.14443;100),(175984.74550;[0.95];[0.];22141.87724;[0.9453];[-0.0047];19583.35108;100),(178491.46676;[0.96];[0.01];22125.44817;[0.9454];[-0.0046];19560.20753;100),(179395.50686;[0.95];[0.];22133.67896;[0.9454];[-0.0046];19579.79979;100),(181767.31944;[0.96];[0.01];22130.54681;[0.9458];[-0.0042];19582.27540;100),(182361.16552;[0.96];[0.01];22131.42488;[0.947];[-0.003];19579.35112;100),(182522.09377;[0.96];[0.01];22133.27721;[0.9469];[-0.0031];19581.69623;100),(182699.84770;[0.96];[0.01];22133.27721;[0.9469];[-0.0031];19581.69623;100),(182874.22109;[0.96];[0.01];22133.27721;[0.9469];[-0.0031];19581.69623;100),(183121.99616;[0.96];[0.01];22133.27721;[0.9469];[-0.0031];19581.69623;100),(183520.66755;[0.95];[0.];22133.67896;[0.9454];[-0.0046];19579.79979;100),(183685.58955;[0.95];[0.];22133.67896;[0.9454];[-0.0046];19579.79979;100),(191962.58426;[0.8];[-0.15];23194.72975;[0.8091];[-0.1409];19745.34942;100),(196607.01990;[0.8];[-0.15];23194.72975;[0.8091];[-0.1409];19745.34942;100),(200621.56439;[0.8];[-0.15];23194.72975;[0.8091];[-0.1409];19745.34942;100),(204787.46009;[0.8];[-0.15];23194.72975;[0.8091];[-0.1409];19745.34942;100),(208585.89244;[0.8];[-0.15];23194.72975;[0.8091];[-0.1409];19745.34942;100),(208958.79865;[0.87];[-0.08];22544.81046;[0.9149];[-0.0351];19577.01967;100),(213877.95448;[0.97];[0.02];21691.41532;[0.9573];[0.0073];19316.83957;100),(214986.47308;[0.93];[-0.02];22287.44186;[0.9382];[-0.0118];19628.40789;100),(218660.50911;[0.96];[0.01];22047.83309;[0.9486];[-0.0014];19528.68884;100),(220034.28555;[0.95];[0.];22172.27505;[0.9441];[-0.0059];19588.45782;100),(223281.81338;[0.96];[0.01];22110.12487;[0.947];[-0.003];19571.14443;100),(224026.83401;[0.95];[0.];22141.87724;[0.9453];[-0.0047];19583.35108;100),(226359.32350;[0.96];[0.01];22125.44817;[0.9454];[-0.0046];19560.20753;100),(227026.29304;[0.95];[0.];22133.67896;[0.9454];[-0.0046];19579.79979;100),(229063.31563;[0.96];[0.01];22130.54681;[0.9458];[-0.0042];19582.27540;100),(229559.79395;[0.96];[0.01];22131.42488;[0.947];[-0.003];19579.35112;100),(229720.67642;[0.96];[0.01];22133.27721;[0.9469];[-0.0031];19581.69623;100),(229869.30680;[0.96];[0.01];22133.27721;[0.9469];[-0.0031];19581.69623;100),(230066.92791;[0.96];[0.01];22133.27721;[0.9469];[-0.0031];19581.69623;100),(230250.55408;[0.96];[0.01];22133.27721;[0.9469];[-0.0031];19581.69623;100),(230555.00841;[0.95];[0.];22133.67896;[0.9454];[-0.0046];19579.79979;100),(230723.90509;[0.95];[0.];22133.67896;[0.9454];[-0.0046];19579.79979;100),(238626.99676;[0.8];[-0.15];23194.72975;[0.8091];[-0.1409];19745.34942;100),(241948.64130;[0.8];[-0.15];23194.72975;[0.8091];[-0.1409];19745.34942;100),(246161.03697;[0.8];[-0.15];23194.72975;[0.8091];[-0.1409];19745.34942;100),(250184.93867;[0.8];[-0.15];23194.72975;[0.8091];[-0.1409];19745.34942;100),(254221.83681;[0.8];[-0.15];23194.72975;[0.8091];[-0.1409];19745.34942;100),(254482.68819;[0.87];[-0.08];22544.81046;[0.9149];[-0.0351];19577.01967;100),(260373.18635;[0.97];[0.02];21691.41532;[0.9573];[0.0073];19316.83957;100),(261328.51553;[0.93];[-0.02];22287.44186;[0.9382];[-0.0118];19628.40789;100),(264336.06482;[0.96];[0.01];22047.83309;[0.9486];[-0.0014];19528.68884;100),(266050.74000;[0.95];[0.];22172.27505;[0.9441];[-0.0059];19588.45782;100),(269417.73081;[0.96];[0.01];22110.12487;[0.947];[-0.003];19571.14443;100),(270157.07755;[0.95];[0.];22141.87724;[0.9453];[-0.0047];19583.35108;100),(273108.25515;[0.96];[0.01];22125.44817;[0.9454];[-0.0046];19560.20753;100),(274035.76851;[0.95];[0.];22133.67896;[0.9454];[-0.0046];19579.79979;100),(276397.65263;[0.96];[0.01];22130.54681;[0.9458];[-0.0042];19582.27540;100),(277008.70562;[0.96];[0.01];22131.42488;[0.947];[-0.003];19579.35112;100),(277182.27148;[0.96];[0.01];22133.27721;[0.9469];[-0.0031];19581.69623;100),(277330.16753;[0.96];[0.01];22133.27721;[0.9469];[-0.0031];19581.69623;100),(277490.96727;[0.96];[0.01];22133.27721;[0.9469];[-0.0031];19581.69623;100),(277677.55961;[0.96];[0.01];22133.27721;[0.9469];[-0.0031];19581.69623;100),(277989.31289;[0.95];[0.];22133.67896;[0.9454];[-0.0046];19579.79979;100),(278201.55311;[0.95];[0.];22133.67896;[0.9454];[-0.0046];19579.79979;100),(286376.83010;[0.8];[-0.15];23194.72975;[0.8091];[-0.1409];19745.34942;100),(290391.42108;[0.8];[-0.15];23194.72975;[0.8091];[-0.1409];19745.34942;100),(294336.83658;[0.8];[-0.15];23194.72975;[0.8091];[-0.1409];19745.34942;100),(297903.86152;[0.8];[-0.15];23194.72975;[0.8091];[-0.1409];19745.34942;100),(301587.48507;[0.8];[-0.15];23194.72975;[0.8091];[-0.1409];19745.34942;100),(301919.23356;[0.87];[-0.08];22544.81046;[0.9149];[-0.0351];19577.01967;100),(307044.19947;[0.97];[0.02];21691.41532;[0.9573];[0.0073];19316.83957;100),(307679.27957;[0.93];[-0.02];22287.44186;[0.9382];[-0.0118];19628.40789;100),(310567.34157;[0.96];[0.01];22047.83309;[0.9486];[-0.0014];19528.68884;100),(311648.87953;[0.95];[0.];22172.27505;[0.9441];[-0.0059];19588.45782;100),(315087.11219;[0.96];[0.01];22110.12487;[0.947];[-0.003];19571.14443;100),(315804.64888;[0.95];[0.];22141.87724;[0.9453];[-0.0047];19583.35108;100),(318369.04407;[0.96];[0.01];22125.44817;[0.9454];[-0.0046];19560.20753;100),(319014.84346;[0.95];[0.];22133.67896;[0.9454];[-0.0046];19579.79979;100),(321330.16539;[0.96];[0.01];22130.54681;[0.9458];[-0.0042];19582.27540;100),(321922.00422;[0.96];[0.01];22131.42488;[0.947];[-0.003];19579.35112;100),(322088.14907;[0.96];[0.01];22133.27721;[0.9469];[-0.0031];19581.69623;100),(322333.15706;[0.96];[0.01];22133.27721;[0.9469];[-0.0031];19581.69623;100),(322536.83281;[0.96];[0.01];22133.27721;[0.9469];[-0.0031];19581.69623;100),(322716.73489;[0.96];[0.01];22133.27721;[0.9469];[-0.0031];19581.69623;100),(323114.08758;[0.95];[0.];22133.67896;[0.9454];[-0.0046];19579.79979;100),(323272.00484;[0.95];[0.];22133.67896;[0.9454];[-0.0046];19579.79979;100),(330808.42566;[0.8];[-0.15];23194.72975;[0.8091];[-0.1409];19745.34942;100),(334332.85761;[0.8];[-0.15];23194.72975;[0.8091];[-0.1409];19745.34942;100),(338504.12440;[0.8];[-0.15];23194.72975;[0.8091];[-0.1409];19745.34942;100),(342966.23826;[0.8];[-0.15];23194.72975;[0.8091];[-0.1409];19745.34942;100),(346570.98436;[0.8];[-0.15];23194.72975;[0.8091];[-0.1409];19745.34942;100),(346841.22634;[0.87];[-0.08];22544.81046;[0.9149];[-0.0351];19577.01967;100),(352107.34606;[0.97];[0.02];21691.41532;[0.9573];[0.0073];19316.83957;100),(353160.43520;[0.93];[-0.02];22287.44186;[0.9382];[-0.0118];19628.40789;100),(356568.34221;[0.96];[0.01];22047.83309;[0.9486];[-0.0014];19528.68884;100),(358069.68260;[0.95];[0.];22172.27505;[0.9441];[-0.0059];19588.45782;100),(361118.99638;[0.96];[0.01];22110.12487;[0.947];[-0.003];19571.14443;100),(361939.26835;[0.95];[0.];22141.87724;[0.9453];[-0.0047];19583.35108;100),(364973.91725;[0.96];[0.01];22125.44817;[0.9454];[-0.0046];19560.20753;100),(365731.10032;[0.95];[0.];22133.67896;[0.9454];[-0.0046];19579.79979;100),(368266.50476;[0.96];[0.01];22130.54681;[0.9458];[-0.0042];19582.27540;100),(368778.97072;[0.96];[0.01];22131.42488;[0.947];[-0.003];19579.35112;100),(368938.09152;[0.96];[0.01];22133.27721;[0.9469];[-0.0031];19581.69623;100),(369109.17616;[0.96];[0.01];22133.27721;[0.9469];[-0.0031];19581.69623;100),(369370.99195;[0.96];[0.01];22133.27721;[0.9469];[-0.0031];19581.69623;100),(369565.38796;[0.96];[0.01];22133.27721;[0.9469];[-0.0031];19581.69623;100),(369849.10107;[0.95];[0.];22133.67896;[0.9454];[-0.0046];19579.79979;100),(370002.24543;[0.95];[0.];22133.67896;[0.9454];[-0.0046];19579.79979;100),(378080.78551;[0.8];[-0.15];23194.72975;[0.8091];[-0.1409];19745.34942;100),(382290.20500;[0.8];[-0.15];23194.72975;[0.8091];[-0.1409];19745.34942;100),(386431.50449;[0.8];[-0.15];23194.72975;[0.8091];[-0.1409];19745.34942;100),(390032.72748;[0.8];[-0.15];23194.72975;[0.8091];[-0.1409];19745.34942;100),(393995.81194;[0.8];[-0.15];23194.72975;[0.8091];[-0.1409];19745.34942;100),(394227.32925;[0.87];[-0.08];22544.81046;[0.9149];[-0.0351];19577.01967;100),(399513.93175;[0.97];[0.02];21691.41532;[0.9573];[0.0073];19316.83957;100),(400506.21414;[0.93];[-0.02];22287.44186;[0.9382];[-0.0118];19628.40789;100),(403763.71169;[0.96];[0.01];22047.83309;[0.9486];[-0.0014];19528.68884;100),(405442.62648;[0.95];[0.];22172.27505;[0.9441];[-0.0059];19588.45782;100),(408847.14389;[0.96];[0.01];22110.12487;[0.947];[-0.003];19571.14443;100),(409972.30148;[0.95];[0.];22141.87724;[0.9453];[-0.0047];19583.35108;100),(412376.10197;[0.96];[0.01];22125.44817;[0.9454];[-0.0046];19560.20753;100),(413046.89360;[0.95];[0.];22133.67896;[0.9454];[-0.0046];19579.79979;100),(415399.48130;[0.96];[0.01];22130.54681;[0.9458];[-0.0042];19582.27540;100),(415899.98603;[0.96];[0.01];22131.42488;[0.947];[-0.003];19579.35112;100),(416099.74384;[0.96];[0.01];22133.27721;[0.9469];[-0.0031];19581.69623;100),(416367.10238;[0.96];[0.01];22133.27721;[0.9469];[-0.0031];19581.69623;100),(416543.83540;[0.96];[0.01];22133.27721;[0.9469];[-0.0031];19581.69623;100),(416801.38731;[0.96];[0.01];22133.27721;[0.9469];[-0.0031];19581.69623;100),(417098.37484;[0.95];[0.];22133.67896;[0.9454];[-0.0046];19579.79979;100),(417260.85043;[0.95];[0.];22133.67896;[0.9454];[-0.0046];19579.79979;100),(425186.63740;[0.8];[-0.15];23194.72975;[0.8091];[-0.1409];19745.34942;100),(429305.66049;[0.8];[-0.15];23194.72975;[0.8091];[-0.1409];19745.34942;100),(433572.76845;[0.8];[-0.15];23194.72975;[0.8091];[-0.1409];19745.34942;100),(437806.37574;[0.8];[-0.15];23194.72975;[0.8091];[-0.1409];19745.34942;100),(441913.58614;[0.8];[-0.15];23194.72975;[0.8091];[-0.1409];19745.34942;100),(442305.39107;[0.87];[-0.08];22544.81046;[0.9149];[-0.0351];19577.01967;100),(447432.11460;[0.97];[0.02];21691.41532;[0.9573];[0.0073];19316.83957;100),(448084.04827;[0.93];[-0.02];22287.44186;[0.9382];[-0.0118];19628.40789;100),(450769.40155;[0.96];[0.01];22047.83309;[0.9486];[-0.0014];19528.68884;100),(452128.68214;[0.95];[0.];22172.27505;[0.9441];[-0.0059];19588.45782;100),(454899.83726;[0.96];[0.01];22110.12487;[0.947];[-0.003];19571.14443;100),(455732.50198;[0.95];[0.];22141.87724;[0.9453];[-0.0047];19583.35108;100),(458462.68320;[0.96];[0.01];22125.44817;[0.9454];[-0.0046];19560.20753;100),(459131.90079;[0.95];[0.];22133.67896;[0.9454];[-0.0046];19579.79979;100),(461198.04716;[0.96];[0.01];22130.54681;[0.9458];[-0.0042];19582.27540;100),(461692.41953;[0.96];[0.01];22131.42488;[0.947];[-0.003];19579.35112;100),(461853.46627;[0.96];[0.01];22133.27721;[0.9469];[-0.0031];19581.69623;100),(462004.45247;[0.96];[0.01];22133.27721;[0.9469];[-0.0031];19581.69623;100),(462182.53064;[0.96];[0.01];22133.27721;[0.9469];[-0.0031];19581.69623;100),(462467.27729;[0.96];[0.01];22133.27721;[0.9469];[-0.0031];19581.69623;100),(462789.12067;[0.95];[0.];22133.67896;[0.9454];[-0.0046];19579.79979;100),(462958.58359;[0.95];[0.];22133.67896;[0.9454];[-0.0046];19579.79979;100),(471657.49002;[0.8];[-0.15];23194.72975;[0.8091];[-0.1409];19745.34942;100),(476000.89145;[0.8];[-0.15];23194.72975;[0.8091];[-0.1409];19745.34942;100),(480095.57986;[0.8];[-0.15];23194.72975;[0.8091];[-0.1409];19745.34942;100),(484389.13488;[0.8];[-0.15];23194.72975;[0.8091];[-0.1409];19745.34942;100),(488803.48587;[0.8];[-0.15];23194.72975;[0.8091];[-0.1409];19745.34942;100),(489072.32690;[0.87];[-0.08];22544.81046;[0.9149];[-0.0351];19577.01967;100),(495334.18775;[0.97];[0.02];21691.41532;[0.9573];[0.0073];19316.83957;100),(496118.73221;[0.93];[-0.02];22287.44186;[0.9382];[-0.0118];19628.40789;100),(499402.73952;[0.96];[0.01];22047.83309;[0.9486];[-0.0014];19528.68884;100),(500847.98694;[0.95];[0.];22172.27505;[0.9441];[-0.0059];19588.45782;100),(504162.04214;[0.96];[0.01];22110.12487;[0.947];[-0.003];19571.14443;100),(505004.93503;[0.95];[0.];22141.87724;[0.9453];[-0.0047];19583.35108;100),(507793.72621;[0.96];[0.01];22125.44817;[0.9454];[-0.0046];19560.20753;100),(508481.59146;[0.95];[0.];22133.67896;[0.9454];[-0.0046];19579.79979;100),(510863.25026;[0.96];[0.01];22130.54681;[0.9458];[-0.0042];19582.27540;100),(511361.04703;[0.96];[0.01];22131.42488;[0.947];[-0.003];19579.35112;100),(511546.38076;[0.96];[0.01];22133.27721;[0.9469];[-0.0031];19581.69623;100),(511725.96431;[0.96];[0.01];22133.27721;[0.9469];[-0.0031];19581.69623;100),(511885.41079;[0.96];[0.01];22133.27721;[0.9469];[-0.0031];19581.69623;100),(512056.10514;[0.96];[0.01];22133.27721;[0.9469];[-0.0031];19581.69623;100),(512471.43292;[0.95];[0.];22133.67896;[0.9454];[-0.0046];19579.79979;100),(512697.60633;[0.95];[0.];22133.67896;[0.9454];[-0.0046];19579.79979;100),(520382.04908;[0.8];[-0.15];23194.72975;[0.8091];[-0.1409];19745.34942;100),(524526.01862;[0.8];[-0.15];23194.72975;[0.8091];[-0.1409];19745.34942;100),(529040.23552;[0.8];[-0.15];23194.72975;[0.8091];[-0.1409];19745.34942;100),(533130.99718;[0.8];[-0.15];23194.72975;[0.8091];[-0.1409];19745.34942;100),(537151.89791;[0.8];[-0.15];23194.72975;[0.8091];[-0.1409];19745.34942;100),(537419.36898;[0.87];[-0.08];22544.81046;[0.9149];[-0.0351];19577.01967;100),(542221.14682;[0.97];[0.02];21691.41532;[0.9573];[0.0073];19316.83957;100),(542820.05978;[0.93];[-0.02];22287.44186;[0.9382];[-0.0118];19628.40789;100),(545468.68777;[0.96];[0.01];22047.83309;[0.9486];[-0.0014];19528.68884;100),(546477.01716;[0.95];[0.];22172.27505;[0.9441];[-0.0059];19588.45782;100),(549245.50033;[0.96];[0.01];22110.12487;[0.947];[-0.003];19571.14443;100),(550198.19641;[0.95];[0.];22141.87724;[0.9453];[-0.0047];19583.35108;100),(552456.71296;[0.96];[0.01];22125.44817;[0.9454];[-0.0046];19560.20753;100),(553105.21007;[0.95];[0.];22133.67896;[0.9454];[-0.0046];19579.79979;100),(555056.48875;[0.96];[0.01];22130.54681;[0.9458];[-0.0042];19582.27540;100),(555523.70429;[0.96];[0.01];22131.42488;[0.947];[-0.003];19579.35112;100),(555679.93259;[0.96];[0.01];22133.27721;[0.9469];[-0.0031];19581.69623;100),(555828.14741;[0.96];[0.01];22133.27721;[0.9469];[-0.0031];19581.69623;100),(555988.46388;[0.96];[0.01];22133.27721;[0.9469];[-0.0031];19581.69623;100),(556153.71394;[0.96];[0.01];22133.27721;[0.9469];[-0.0031];19581.69623;100),(556455.75118;[0.95];[0.];22133.67896;[0.9454];[-0.0046];19579.79979;100),(556600.64197;[0.95];[0.];22133.67896;[0.9454];[-0.0046];19579.79979;100),(564267.13490;[0.8];[-0.15];23194.72975;[0.8091];[-0.1409];19745.34942;100),(568448.54522;[0.8];[-0.15];23194.72975;[0.8091];[-0.1409];19745.34942;100),(572628.89814;[0.8];[-0.15];23194.72975;[0.8091];[-0.1409];19745.34942;100),(578068.92085;[0.8];[-0.15];23194.72975;[0.8091];[-0.1409];19745.34942;100),(582245.49055;[0.8];[-0.15];23194.72975;[0.8091];[-0.1409];19745.34942;100),(582535.52628;[0.87];[-0.08];22544.81046;[0.9149];[-0.0351];19577.01967;100),(587310.46033;[0.97];[0.02];21691.41532;[0.9573];[0.0073];19316.83957;100),(588510.41842;[0.93];[-0.02];22287.44186;[0.9382];[-0.0118];19628.40789;100),(592138.26942;[0.96];[0.01];22047.83309;[0.9486];[-0.0014];19528.68884;100),(593420.80665;[0.95];[0.];22172.27505;[0.9441];[-0.0059];19588.45782;100),(596932.29389;[0.96];[0.01];22110.12487;[0.947];[-0.003];19571.14443;100),(598117.55514;[0.95];[0.];22141.87724;[0.9453];[-0.0047];19583.35108;100),(600547.42837;[0.96];[0.01];22124.86550;[0.9471];[-0.0029];19577.54446;100)]"
1,2,14600.886761603279,[0.9463],[-0.0037],600077.7797698975,"[(1029.05846;[0.78];[-0.17];17502.68629;[0.7935];[-0.1565];14940.66716;100),(7238.26289;[0.78];[-0.17];17502.68629;[0.7935];[-0.1565];14940.66716;100),(10692.83319;[0.78];[-0.17];17503.22580;[0.7938];[-0.1562];14942.90594;100),(14160.15983;[0.78];[-0.17];17503.22580;[0.7938];[-0.1562];14942.90594;100),(17364.88247;[0.78];[-0.17];17503.22580;[0.7938];[-0.1562];14942.90594;100),(20559.77058;[0.78];[-0.17];17503.22580;[0.7938];[-0.1562];14942.90594;100),(22856.55069;[0.88];[-0.07];16810.67372;[0.9124];[-0.0376];14586.56052;100),(24930.53555;[0.97];[0.02];16197.66721;[0.9599];[0.0099];14438.53454;100),(25928.33972;[0.94];[-0.01];16599.07774;[0.9419];[-0.0081];14617.08736;100),(29150.82645;[0.96];[0.01];16418.50748;[0.9501];[0.0001];14556.70721;100),(29890.48266;[0.96];[0.01];16515.09668;[0.946];[-0.004];14591.32356;100),(30693.69340;[0.94];[-0.01];16559.12579;[0.944];[-0.006];14600.58107;100),(31451.12348;[0.94];[-0.01];16538.37230;[0.9457];[-0.0043];14604.26611;100),(32532.42517;[0.96];[0.01];16527.11272;[0.9463];[-0.0037];14600.88676;100),(33134.31382;[0.94];[-0.01];16532.69949;[0.9451];[-0.0049];14594.83700;100),(34032.24993;[0.94];[-0.01];16530.48940;[0.9447];[-0.0053];14598.04558;100),(34551.03302;[0.94];[-0.01];16528.92454;[0.9448];[-0.0052];14593.93934;100),(35420.11809;[0.94];[-0.01];16527.15832;[0.945];[-0.005];14594.26217;100),(36649.14179;[0.96];[0.01];16527.11272;[0.9463];[-0.0037];14600.88676;100),(37133.45599;[0.96];[0.01];16527.11272;[0.9463];[-0.0037];14600.88676;100),(37581.76494;[0.96];[0.01];16527.11272;[0.9463];[-0.0037];14600.88676;100),(38032.35173;[0.94];[-0.01];16527.15832;[0.945];[-0.005];14594.26217;100),(46057.08742;[0.78];[-0.17];17502.68629;[0.7935];[-0.1565];14940.66716;100),(50030.84588;[0.78];[-0.17];17503.22580;[0.7938];[-0.1562];14942.90594;100),(53849.99919;[0.78];[-0.17];17503.22580;[0.7938];[-0.1562];14942.90594;100),(59086.00664;[0.78];[-0.17];17503.22580;[0.7938];[-0.1562];14942.90594;100),(63327.10218;[0.78];[-0.17];17503.22580;[0.7938];[-0.1562];14942.90594;100),(66587.57854;[0.88];[-0.07];16810.67372;[0.9124];[-0.0376];14586.56052;100),(69322.34955;[0.97];[0.02];16197.66721;[0.9599];[0.0099];14438.53454;100),(70613.35278;[0.94];[-0.01];16599.07774;[0.9419];[-0.0081];14617.08736;100),(73671.28158;[0.96];[0.01];16418.50748;[0.9501];[0.0001];14556.70721;100),(74582.90219;[0.96];[0.01];16515.09668;[0.946];[-0.004];14591.32356;100),(75479.22015;[0.94];[-0.01];16559.12579;[0.944];[-0.006];14600.58107;100),(76590.67416;[0.94];[-0.01];16538.37230;[0.9457];[-0.0043];14604.26611;100),(77686.54466;[0.96];[0.01];16527.11272;[0.9463];[-0.0037];14600.88676;100),(78429.74663;[0.94];[-0.01];16532.69949;[0.9451];[-0.0049];14594.83700;100),(79167.84739;[0.94];[-0.01];16530.48940;[0.9447];[-0.0053];14598.04558;100),(79667.90462;[0.94];[-0.01];16528.92454;[0.9448];[-0.0052];14593.93934;100),(80403.61691;[0.94];[-0.01];16527.15832;[0.945];[-0.005];14594.26217;100),(81595.28971;[0.96];[0.01];16527.11272;[0.9463];[-0.0037];14600.88676;100),(82060.03761;[0.96];[0.01];16527.11272;[0.9463];[-0.0037];14600.88676;100),(82580.88851;[0.96];[0.01];16527.11272;[0.9463];[-0.0037];14600.88676;100),(82992.21539;[0.94];[-0.01];16527.15832;[0.945];[-0.005];14594.26217;100),(89676.59283;[0.78];[-0.17];17502.68629;[0.7935];[-0.1565];14940.66716;100),(93149.49536;[0.78];[-0.17];17503.22580;[0.7938];[-0.1562];14942.90594;100),(96641.90865;[0.78];[-0.17];17503.22580;[0.7938];[-0.1562];14942.90594;100),(100006.14214;[0.78];[-0.17];17503.22580;[0.7938];[-0.1562];14942.90594;100),(103530.16782;[0.78];[-0.17];17503.22580;[0.7938];[-0.1562];14942.90594;100),(106966.48383;[0.88];[-0.07];16810.67372;[0.9124];[-0.0376];14586.56052;100),(110111.30571;[0.97];[0.02];16197.66721;[0.9599];[0.0099];14438.53454;100),(111285.14647;[0.94];[-0.01];16599.07774;[0.9419];[-0.0081];14617.08736;100),(114537.82058;[0.96];[0.01];16418.50748;[0.9501];[0.0001];14556.70721;100),(115477.48303;[0.96];[0.01];16515.09668;[0.946];[-0.004];14591.32356;100),(116319.96655;[0.94];[-0.01];16559.12579;[0.944];[-0.006];14600.58107;100),(117219.47312;[0.94];[-0.01];16538.37230;[0.9457];[-0.0043];14604.26611;100),(118368.84093;[0.96];[0.01];16527.11272;[0.9463];[-0.0037];14600.88676;100),(118985.32605;[0.94];[-0.01];16532.69949;[0.9451];[-0.0049];14594.83700;100),(119989.85243;[0.94];[-0.01];16530.48940;[0.9447];[-0.0053];14598.04558;100),(120598.10257;[0.94];[-0.01];16528.92454;[0.9448];[-0.0052];14593.93934;100),(121737.59198;[0.94];[-0.01];16527.15832;[0.945];[-0.005];14594.26217;100),(123082.30186;[0.96];[0.01];16527.11272;[0.9463];[-0.0037];14600.88676;100),(123634.59682;[0.96];[0.01];16527.11272;[0.9463];[-0.0037];14600.88676;100),(124149.94955;[0.96];[0.01];16527.11272;[0.9463];[-0.0037];14600.88676;100),(124596.03453;[0.94];[-0.01];16527.15832;[0.945];[-0.005];14594.26217;100),(133798.39492;[0.78];[-0.17];17502.68629;[0.7935];[-0.1565];14940.66716;100),(138149.70946;[0.78];[-0.17];17503.22580;[0.7938];[-0.1562];14942.90594;100),(142091.36033;[0.78];[-0.17];17503.22580;[0.7938];[-0.1562];14942.90594;100),(146019.37771;[0.78];[-0.17];17503.22580;[0.7938];[-0.1562];14942.90594;100),(149671.49639;[0.78];[-0.17];17503.22580;[0.7938];[-0.1562];14942.90594;100),(152901.78490;[0.88];[-0.07];16810.67372;[0.9124];[-0.0376];14586.56052;100),(155288.35988;[0.97];[0.02];16197.66721;[0.9599];[0.0099];14438.53454;100),(156527.60458;[0.94];[-0.01];16599.07774;[0.9419];[-0.0081];14617.08736;100),(159102.35620;[0.96];[0.01];16418.50748;[0.9501];[0.0001];14556.70721;100),(159690.43517;[0.96];[0.01];16515.09668;[0.946];[-0.004];14591.32356;100),(160367.15937;[0.94];[-0.01];16559.12579;[0.944];[-0.006];14600.58107;100),(161120.51845;[0.94];[-0.01];16538.37230;[0.9457];[-0.0043];14604.26611;100),(162154.17981;[0.96];[0.01];16527.11272;[0.9463];[-0.0037];14600.88676;100),(162719.60926;[0.94];[-0.01];16532.69949;[0.9451];[-0.0049];14594.83700;100),(163337.19873;[0.94];[-0.01];16530.48940;[0.9447];[-0.0053];14598.04558;100),(163784.65915;[0.94];[-0.01];16528.92454;[0.9448];[-0.0052];14593.93934;100),(164500.91434;[0.94];[-0.01];16527.15832;[0.945];[-0.005];14594.26217;100),(165747.14446;[0.96];[0.01];16527.11272;[0.9463];[-0.0037];14600.88676;100),(166149.57500;[0.96];[0.01];16527.11272;[0.9463];[-0.0037];14600.88676;100),(166590.11459;[0.96];[0.01];16527.11272;[0.9463];[-0.0037];14600.88676;100),(167015.45405;[0.94];[-0.01];16527.15832;[0.945];[-0.005];14594.26217;100),(174185.78601;[0.78];[-0.17];17502.68629;[0.7935];[-0.1565];14940.66716;100),(178711.93290;[0.78];[-0.17];17503.22580;[0.7938];[-0.1562];14942.90594;100),(183437.54816;[0.78];[-0.17];17503.22580;[0.7938];[-0.1562];14942.90594;100),(187609.67612;[0.78];[-0.17];17503.22580;[0.7938];[-0.1562];14942.90594;100),(192075.36769;[0.78];[-0.17];17503.22580;[0.7938];[-0.1562];14942.90594;100),(195065.29856;[0.88];[-0.07];16810.67372;[0.9124];[-0.0376];14586.56052;100),(197840.20925;[0.97];[0.02];16197.66721;[0.9599];[0.0099];14438.53454;100),(198930.44996;[0.94];[-0.01];16599.07774;[0.9419];[-0.0081];14617.08736;100),(201783.74934;[0.96];[0.01];16418.50748;[0.9501];[0.0001];14556.70721;100),(202537.47416;[0.96];[0.01];16515.09668;[0.946];[-0.004];14591.32356;100),(203520.12730;[0.94];[-0.01];16559.12579;[0.944];[-0.006];14600.58107;100),(204392.21072;[0.94];[-0.01];16538.37230;[0.9457];[-0.0043];14604.26611;100),(205466.59327;[0.96];[0.01];16527.11272;[0.9463];[-0.0037];14600.88676;100),(206280.95174;[0.94];[-0.01];16532.69949;[0.9451];[-0.0049];14594.83700;100),(207256.83832;[0.94];[-0.01];16530.48940;[0.9447];[-0.0053];14598.04558;100),(207835.72698;[0.94];[-0.01];16528.92454;[0.9448];[-0.0052];14593.93934;100),(208760.89382;[0.94];[-0.01];16527.15832;[0.945];[-0.005];14594.26217;100),(210127.22564;[0.96];[0.01];16527.11272;[0.9463];[-0.0037];14600.88676;100),(210585.36911;[0.96];[0.01];16527.11272;[0.9463];[-0.0037];14600.88676;100),(211062.09207;[0.96];[0.01];16527.11272;[0.9463];[-0.0037];14600.88676;100),(211512.61592;[0.94];[-0.01];16527.15832;[0.945];[-0.005];14594.26217;100),(220253.49760;[0.78];[-0.17];17502.68629;[0.7935];[-0.1565];14940.66716;100),(224273.52977;[0.78];[-0.17];17503.22580;[0.7938];[-0.1562];14942.90594;100),(228753.88360;[0.78];[-0.17];17503.22580;[0.7938];[-0.1562];14942.90594;100),(232609.51924;[0.78];[-0.17];17503.22580;[0.7938];[-0.1562];14942.90594;100),(236033.83422;[0.78];[-0.17];17503.22580;[0.7938];[-0.1562];14942.90594;100),(238585.02340;[0.88];[-0.07];16810.67372;[0.9124];[-0.0376];14586.56052;100),(240729.54178;[0.97];[0.02];16197.66721;[0.9599];[0.0099];14438.53454;100),(241818.52674;[0.94];[-0.01];16599.07774;[0.9419];[-0.0081];14617.08736;100),(244211.77602;[0.96];[0.01];16418.50748;[0.9501];[0.0001];14556.70721;100),(244858.66213;[0.96];[0.01];16515.09668;[0.946];[-0.004];14591.32356;100),(245602.89741;[0.94];[-0.01];16559.12579;[0.944];[-0.006];14600.58107;100),(246392.20929;[0.94];[-0.01];16538.37230;[0.9457];[-0.0043];14604.26611;100),(247521.53349;[0.96];[0.01];16527.11272;[0.9463];[-0.0037];14600.88676;100),(248108.24990;[0.94];[-0.01];16532.69949;[0.9451];[-0.0049];14594.83700;100),(248810.83775;[0.94];[-0.01];16530.48940;[0.9447];[-0.0053];14598.04558;100),(249338.51457;[0.94];[-0.01];16528.92454;[0.9448];[-0.0052];14593.93934;100),(250201.98679;[0.94];[-0.01];16527.15832;[0.945];[-0.005];14594.26217;100),(251365.17310;[0.96];[0.01];16527.11272;[0.9463];[-0.0037];14600.88676;100),(251890.83743;[0.96];[0.01];16527.11272;[0.9463];[-0.0037];14600.88676;100),(252503.76463;[0.96];[0.01];16527.11272;[0.9463];[-0.0037];14600.88676;100),(252970.60728;[0.94];[-0.01];16527.15832;[0.945];[-0.005];14594.26217;100),(261267.12942;[0.78];[-0.17];17502.68629;[0.7935];[-0.1565];14940.66716;100),(265755.62310;[0.78];[-0.17];17503.22580;[0.7938];[-0.1562];14942.90594;100),(270136.34181;[0.78];[-0.17];17503.22580;[0.7938];[-0.1562];14942.90594;100),(274878.13377;[0.78];[-0.17];17503.22580;[0.7938];[-0.1562];14942.90594;100),(279208.21381;[0.78];[-0.17];17503.22580;[0.7938];[-0.1562];14942.90594;100),(282860.83055;[0.88];[-0.07];16810.67372;[0.9124];[-0.0376];14586.56052;100),(285953.98641;[0.97];[0.02];16197.66721;[0.9599];[0.0099];14438.53454;100),(287283.57077;[0.94];[-0.01];16599.07774;[0.9419];[-0.0081];14617.08736;100),(290175.58336;[0.96];[0.01];16418.50748;[0.9501];[0.0001];14556.70721;100),(291044.14797;[0.96];[0.01];16515.09668;[0.946];[-0.004];14591.32356;100),(291878.25274;[0.94];[-0.01];16559.12579;[0.944];[-0.006];14600.58107;100),(292758.14724;[0.94];[-0.01];16538.37230;[0.9457];[-0.0043];14604.26611;100),(294029.86765;[0.96];[0.01];16527.11272;[0.9463];[-0.0037];14600.88676;100),(294751.04952;[0.94];[-0.01];16532.69949;[0.9451];[-0.0049];14594.83700;100),(295483.90126;[0.94];[-0.01];16530.48940;[0.9447];[-0.0053];14598.04558;100),(295989.75778;[0.94];[-0.01];16528.92454;[0.9448];[-0.0052];14593.93934;100),(296923.10214;[0.94];[-0.01];16527.15832;[0.945];[-0.005];14594.26217;100),(298258.91805;[0.96];[0.01];16527.11272;[0.9463];[-0.0037];14600.88676;100),(298763.97157;[0.96];[0.01];16527.11272;[0.9463];[-0.0037];14600.88676;100),(299206.28285;[0.96];[0.01];16527.11272;[0.9463];[-0.0037];14600.88676;100),(299696.73800;[0.94];[-0.01];16527.15832;[0.945];[-0.005];14594.26217;100),(307241.73522;[0.78];[-0.17];17502.68629;[0.7935];[-0.1565];14940.66716;100),(310787.20927;[0.78];[-0.17];17503.22580;[0.7938];[-0.1562];14942.90594;100),(314630.09691;[0.78];[-0.17];17503.22580;[0.7938];[-0.1562];14942.90594;100),(318301.96142;[0.78];[-0.17];17503.22580;[0.7938];[-0.1562];14942.90594;100),(321563.84373;[0.78];[-0.17];17503.22580;[0.7938];[-0.1562];14942.90594;100),(323982.01466;[0.88];[-0.07];16810.67372;[0.9124];[-0.0376];14586.56052;100),(326515.01250;[0.97];[0.02];16197.66721;[0.9599];[0.0099];14438.53454;100),(327653.06425;[0.94];[-0.01];16599.07774;[0.9419];[-0.0081];14617.08736;100),(330852.39267;[0.96];[0.01];16418.50748;[0.9501];[0.0001];14556.70721;100),(331643.75901;[0.96];[0.01];16515.09668;[0.946];[-0.004];14591.32356;100),(332470.48783;[0.94];[-0.01];16559.12579;[0.944];[-0.006];14600.58107;100),(333246.02389;[0.94];[-0.01];16538.37230;[0.9457];[-0.0043];14604.26611;100),(334316.18738;[0.96];[0.01];16527.11272;[0.9463];[-0.0037];14600.88676;100),(334899.73354;[0.94];[-0.01];16532.69949;[0.9451];[-0.0049];14594.83700;100),(335829.24390;[0.94];[-0.01];16530.48940;[0.9447];[-0.0053];14598.04558;100),(336464.47921;[0.94];[-0.01];16528.92454;[0.9448];[-0.0052];14593.93934;100),(337309.92889;[0.94];[-0.01];16527.15832;[0.945];[-0.005];14594.26217;100),(338596.01593;[0.96];[0.01];16527.11272;[0.9463];[-0.0037];14600.88676;100),(339094.09094;[0.96];[0.01];16527.11272;[0.9463];[-0.0037];14600.88676;100),(339585.04462;[0.96];[0.01];16527.11272;[0.9463];[-0.0037];14600.88676;100),(340037.59313;[0.94];[-0.01];16527.15832;[0.945];[-0.005];14594.26217;100),(349005.59115;[0.78];[-0.17];17502.68629;[0.7935];[-0.1565];14940.66716;100),(353889.47630;[0.78];[-0.17];17503.22580;[0.7938];[-0.1562];14942.90594;100),(358736.48334;[0.78];[-0.17];17503.22580;[0.7938];[-0.1562];14942.90594;100),(363086.57694;[0.78];[-0.17];17503.22580;[0.7938];[-0.1562];14942.90594;100),(367437.99901;[0.78];[-0.17];17503.22580;[0.7938];[-0.1562];14942.90594;100),(370581.78449;[0.88];[-0.07];16810.67372;[0.9124];[-0.0376];14586.56052;100),(373458.27270;[0.97];[0.02];16197.66721;[0.9599];[0.0099];14438.53454;100),(374732.71918;[0.94];[-0.01];16599.07774;[0.9419];[-0.0081];14617.08736;100),(377697.55030;[0.96];[0.01];16418.50748;[0.9501];[0.0001];14556.70721;100),(378506.70910;[0.96];[0.01];16515.09668;[0.946];[-0.004];14591.32356;100),(379262.95137;[0.94];[-0.01];16559.12579;[0.944];[-0.006];14600.58107;100),(380003.86953;[0.94];[-0.01];16538.37230;[0.9457];[-0.0043];14604.26611;100),(381045.72439;[0.96];[0.01];16527.11272;[0.9463];[-0.0037];14600.88676;100),(381701.68710;[0.94];[-0.01];16532.69949;[0.9451];[-0.0049];14594.83700;100),(382330.36494;[0.94];[-0.01];16530.48940;[0.9447];[-0.0053];14598.04558;100),(382752.87557;[0.94];[-0.01];16528.92454;[0.9448];[-0.0052];14593.93934;100),(383467.60082;[0.94];[-0.01];16527.15832;[0.945];[-0.005];14594.26217;100),(384667.28878;[0.96];[0.01];16527.11272;[0.9463];[-0.0037];14600.88676;100),(385081.20227;[0.96];[0.01];16527.11272;[0.9463];[-0.0037];14600.88676;100),(385522.26257;[0.96];[0.01];16527.11272;[0.9463];[-0.0037];14600.88676;100),(385914.61802;[0.94];[-0.01];16527.15832;[0.945];[-0.005];14594.26217;100),(392780.88307;[0.78];[-0.17];17502.68629;[0.7935];[-0.1565];14940.66716;100),(396543.94555;[0.78];[-0.17];17503.22580;[0.7938];[-0.1562];14942.90594;100),(401055.64523;[0.78];[-0.17];17503.22580;[0.7938];[-0.1562];14942.90594;100),(405196.33317;[0.78];[-0.17];17503.22580;[0.7938];[-0.1562];14942.90594;100),(409179.10361;[0.78];[-0.17];17503.22580;[0.7938];[-0.1562];14942.90594;100),(412233.17480;[0.88];[-0.07];16810.67372;[0.9124];[-0.0376];14586.56052;100),(415493.10231;[0.97];[0.02];16197.66721;[0.9599];[0.0099];14438.53454;100),(416521.13271;[0.94];[-0.01];16599.07774;[0.9419];[-0.0081];14617.08736;100),(419271.34776;[0.96];[0.01];16418.50748;[0.9501];[0.0001];14556.70721;100),(420092.38839;[0.96];[0.01];16515.09668;[0.946];[-0.004];14591.32356;100),(420833.53448;[0.94];[-0.01];16559.12579;[0.944];[-0.006];14600.58107;100),(421693.66932;[0.94];[-0.01];16538.37230;[0.9457];[-0.0043];14604.26611;100),(422825.09279;[0.96];[0.01];16527.11272;[0.9463];[-0.0037];14600.88676;100),(423451.50018;[0.94];[-0.01];16532.69949;[0.9451];[-0.0049];14594.83700;100),(424357.53369;[0.94];[-0.01];16530.48940;[0.9447];[-0.0053];14598.04558;100),(424908.91933;[0.94];[-0.01];16528.92454;[0.9448];[-0.0052];14593.93934;100),(425739.20679;[0.94];[-0.01];16527.15832;[0.945];[-0.005];14594.26217;100),(426956.75516;[0.96];[0.01];16527.11272;[0.9463];[-0.0037];14600.88676;100),(427472.30005;[0.96];[0.01];16527.11272;[0.9463];[-0.0037];14600.88676;100),(427989.09283;[0.96];[0.01];16527.11272;[0.9463];[-0.0037];14600.88676;100),(428492.61642;[0.94];[-0.01];16527.15832;[0.945];[-0.005];14594.26217;100),(436700.73628;[0.78];[-0.17];17502.68629;[0.7935];[-0.1565];14940.66716;100),(441076.85971;[0.78];[-0.17];17503.22580;[0.7938];[-0.1562];14942.90594;100),(445620.38183;[0.78];[-0.17];17503.22580;[0.7938];[-0.1562];14942.90594;100),(450196.18130;[0.78];[-0.17];17503.22580;[0.7938];[-0.1562];14942.90594;100),(454016.72339;[0.78];[-0.17];17503.22580;[0.7938];[-0.1562];14942.90594;100),(456768.22805;[0.88];[-0.07];16810.67372;[0.9124];[-0.0376];14586.56052;100),(459271.19684;[0.97];[0.02];16197.66721;[0.9599];[0.0099];14438.53454;100),(460270.60628;[0.94];[-0.01];16599.07774;[0.9419];[-0.0081];14617.08736;100),(462721.48371;[0.96];[0.01];16418.50748;[0.9501];[0.0001];14556.70721;100),(463338.61208;[0.96];[0.01];16515.09668;[0.946];[-0.004];14591.32356;100),(464109.59268;[0.94];[-0.01];16559.12579;[0.944];[-0.006];14600.58107;100),(464859.08484;[0.94];[-0.01];16538.37230;[0.9457];[-0.0043];14604.26611;100),(466064.64267;[0.96];[0.01];16527.11272;[0.9463];[-0.0037];14600.88676;100),(466642.01927;[0.94];[-0.01];16532.69949;[0.9451];[-0.0049];14594.83700;100),(467274.11175;[0.94];[-0.01];16530.48940;[0.9447];[-0.0053];14598.04558;100),(467735.95309;[0.94];[-0.01];16528.92454;[0.9448];[-0.0052];14593.93934;100),(468633.30412;[0.94];[-0.01];16527.15832;[0.945];[-0.005];14594.26217;100),(470103.47342;[0.96];[0.01];16527.11272;[0.9463];[-0.0037];14600.88676;100),(470544.34752;[0.96];[0.01];16527.11272;[0.9463];[-0.0037];14600.88676;100),(471017.44866;[0.96];[0.01];16527.11272;[0.9463];[-0.0037];14600.88676;100),(471491.00208;[0.94];[-0.01];16527.15832;[0.945];[-0.005];14594.26217;100),(479568.39728;[0.78];[-0.17];17502.68629;[0.7935];[-0.1565];14940.66716;100),(483760.15186;[0.78];[-0.17];17503.22580;[0.7938];[-0.1562];14942.90594;100),(488471.27247;[0.78];[-0.17];17503.22580;[0.7938];[-0.1562];14942.90594;100),(492730.11756;[0.78];[-0.17];17503.22580;[0.7938];[-0.1562];14942.90594;100),(497536.22866;[0.78];[-0.17];17503.22580;[0.7938];[-0.1562];14942.90594;100),(500991.78600;[0.88];[-0.07];16810.67372;[0.9124];[-0.0376];14586.56052;100),(503360.72206;[0.97];[0.02];16197.66721;[0.9599];[0.0099];14438.53454;100),(504650.80261;[0.94];[-0.01];16599.07774;[0.9419];[-0.0081];14617.08736;100),(507430.20105;[0.96];[0.01];16418.50748;[0.9501];[0.0001];14556.70721;100),(508183.79998;[0.96];[0.01];16515.09668;[0.946];[-0.004];14591.32356;100),(508970.59226;[0.94];[-0.01];16559.12579;[0.944];[-0.006];14600.58107;100),(509840.31892;[0.94];[-0.01];16538.37230;[0.9457];[-0.0043];14604.26611;100),(511182.31940;[0.96];[0.01];16527.11272;[0.9463];[-0.0037];14600.88676;100),(511951.78819;[0.94];[-0.01];16532.69949;[0.9451];[-0.0049];14594.83700;100),(512717.13400;[0.94];[-0.01];16530.48940;[0.9447];[-0.0053];14598.04558;100),(513228.51539;[0.94];[-0.01];16528.92454;[0.9448];[-0.0052];14593.93934;100),(514092.56792;[0.94];[-0.01];16527.15832;[0.945];[-0.005];14594.26217;100),(515499.89343;[0.96];[0.01];16527.11272;[0.9463];[-0.0037];14600.88676;100),(515956.91466;[0.96];[0.01];16527.11272;[0.9463];[-0.0037];14600.88676;100),(516422.08457;[0.96];[0.01];16527.11272;[0.9463];[-0.0037];14600.88676;100),(516894.81282;[0.94];[-0.01];16527.15832;[0.945];[-0.005];14594.26217;100),(524594.66505;[0.78];[-0.17];17502.68629;[0.7935];[-0.1565];14940.66716;100),(528653.92971;[0.78];[-0.17];17503.22580;[0.7938];[-0.1562];14942.90594;100),(532577.67153;[0.78];[-0.17];17503.22580;[0.7938];[-0.1562];14942.90594;100),(536850.09122;[0.78];[-0.17];17503.22580;[0.7938];[-0.1562];14942.90594;100),(540253.45922;[0.78];[-0.17];17503.22580;[0.7938];[-0.1562];14942.90594;100),(543343.04428;[0.88];[-0.07];16810.67372;[0.9124];[-0.0376];14586.56052;100),(545451.86186;[0.97];[0.02];16197.66721;[0.9599];[0.0099];14438.53454;100),(546515.64741;[0.94];[-0.01];16599.07774;[0.9419];[-0.0081];14617.08736;100),(548949.85294;[0.96];[0.01];16418.50748;[0.9501];[0.0001];14556.70721;100),(549751.38021;[0.96];[0.01];16515.09668;[0.946];[-0.004];14591.32356;100),(550516.09850;[0.94];[-0.01];16559.12579;[0.944];[-0.006];14600.58107;100),(551285.77757;[0.94];[-0.01];16538.37230;[0.9457];[-0.0043];14604.26611;100),(552415.21716;[0.96];[0.01];16527.11272;[0.9463];[-0.0037];14600.88676;100),(553101.55678;[0.94];[-0.01];16532.69949;[0.9451];[-0.0049];14594.83700;100),(553745.23640;[0.94];[-0.01];16530.48940;[0.9447];[-0.0053];14598.04558;100),(554221.53068;[0.94];[-0.01];16528.92454;[0.9448];[-0.0052];14593.93934;100),(555089.61630;[0.94];[-0.01];16527.15832;[0.945];[-0.005];14594.26217;100),(556513.40485;[0.96];[0.01];16527.11272;[0.9463];[-0.0037];14600.88676;100),(557021.05117;[0.96];[0.01];16527.11272;[0.9463];[-0.0037];14600.88676;100),(557474.73836;[0.96];[0.01];16527.11272;[0.9463];[-0.0037];14600.88676;100),(557936.02371;[0.94];[-0.01];16527.15832;[0.945];[-0.005];14594.26217;100),(565869.87257;[0.78];[-0.17];17502.68629;[0.7935];[-0.1565];14940.66716;100),(570454.10419;[0.78];[-0.17];17503.22580;[0.7938];[-0.1562];14942.90594;100),(574788.99789;[0.78];[-0.17];17503.22580;[0.7938];[-0.1562];14942.90594;100),(579578.48454;[0.78];[-0.17];17503.22580;[0.7938];[-0.1562];14942.90594;100),(584350.21353;[0.78];[-0.17];17503.22580;[0.7938];[-0.1562];14942.90594;100),(588347.10169;[0.88];[-0.07];16810.67372;[0.9124];[-0.0376];14586.56052;100),(591102.62489;[0.97];[0.02];16197.66721;[0.9599];[0.0099];14438.53454;100),(592218.66655;[0.94];[-0.01];16599.07774;[0.9419];[-0.0081];14617.08736;100),(595409.99913;[0.96];[0.01];16418.50748;[0.9501];[0.0001];14556.70721;100),(596035.37679;[0.96];[0.01];16515.09668;[0.946];[-0.004];14591.32356;100),(596897.96066;[0.94];[-0.01];16559.12579;[0.944];[-0.006];14600.58107;100),(597688.38787;[0.94];[-0.01];16538.37230;[0.9457];[-0.0043];14604.26611;100),(599023.65017;[0.96];[0.01];16527.11272;[0.9463];[-0.0037];14600.88676;100),(599649.30177;[0.94];[-0.01];16532.69949;[0.9451];[-0.0049];14594.83700;100),(600057.45721;[0.95];[0.];16443.56893;[0.9425];[-0.0075];14638.68798;100)]"
2,1,10836.877687376043,[0.9867],[0.0367],600743.2508468628,"[(923.01846;[0.85];[-0.1];11488.66420;[0.8994];[-0.0506];11188.85407;100),(7796.31138;[0.85];[-0.1];11488.66420;[0.8994];[-0.0506];11188.85407;100),(11330.38640;[0.85];[-0.1];11488.99215;[0.8994];[-0.0506];11189.20536;100),(14885.38790;[0.85];[-0.1];11488.99215;[0.8994];[-0.0506];11189.20536;100),(18358.42514;[0.85];[-0.1];11488.99215;[0.8994];[-0.0506];11189.20536;100),(21989.10379;[0.85];[-0.1];11488.99215;[0.8994];[-0.0506];11189.20536;100),(22352.60367;[0.92];[-0.03];11217.38547;[0.9511];[0.0011];11000.25610;100),(24505.63622;[0.97];[0.02];10766.78930;[0.977];[0.027];10593.58643;100),(27136.08217;[1.];[0.05];11010.16595;[0.9898];[0.0398];10813.40541;100),(27897.72272;[0.92];[-0.03];11168.13406;[0.958];[0.008];10975.20720;100),(28983.09469;[0.92];[-0.03];11094.02471;[0.9563];[0.0063];10907.24915;100),(30433.22945;[0.99];[0.04];11033.67574;[0.9873];[0.0373];10828.45730;100),(31595.58797;[0.92];[-0.03];11045.20790;[0.9558];[0.0058];10859.69928;100),(32965.07049;[1.];[0.05];11039.26566;[0.9881];[0.0381];10834.92112;100),(34564.44478;[0.99];[0.04];11041.81026;[0.9874];[0.0374];10838.75018;100),(35059.98898;[0.99];[0.04];11044.37490;[0.9867];[0.0367];10836.87769;100),(35500.76008;[0.99];[0.04];11044.37490;[0.9867];[0.0367];10836.87769;100),(36024.60933;[0.99];[0.04];11044.37490;[0.9867];[0.0367];10836.87769;100),(37404.28042;[0.92];[-0.03];11044.70405;[0.9558];[0.0058];10859.19090;100),(39642.38000;[0.99];[0.04];11044.37490;[0.9867];[0.0367];10836.87769;100),(41358.47354;[0.99];[0.04];11044.37490;[0.9867];[0.0367];10836.87769;100),(42483.42276;[0.92];[-0.03];11044.70405;[0.9558];[0.0058];10859.19090;100),(51980.30233;[0.85];[-0.1];11488.66420;[0.8994];[-0.0506];11188.85407;100),(56967.70406;[0.85];[-0.1];11488.99215;[0.8994];[-0.0506];11189.20536;100),(61817.89351;[0.85];[-0.1];11488.99215;[0.8994];[-0.0506];11189.20536;100),(67040.06624;[0.85];[-0.1];11488.99215;[0.8994];[-0.0506];11189.20536;100),(71701.54977;[0.85];[-0.1];11488.99215;[0.8994];[-0.0506];11189.20536;100),(72085.57343;[0.92];[-0.03];11217.38547;[0.9511];[0.0011];11000.25610;100),(74562.53910;[0.97];[0.02];10766.78930;[0.977];[0.027];10593.58643;100),(76937.41846;[1.];[0.05];11010.16595;[0.9898];[0.0398];10813.40541;100),(77745.18514;[0.92];[-0.03];11168.13406;[0.958];[0.008];10975.20720;100),(78539.60681;[0.92];[-0.03];11094.02471;[0.9563];[0.0063];10907.24915;100),(79875.43225;[0.99];[0.04];11033.67574;[0.9873];[0.0373];10828.45730;100),(81021.09003;[0.92];[-0.03];11045.20790;[0.9558];[0.0058];10859.69928;100),(82009.15265;[1.];[0.05];11039.26566;[0.9881];[0.0381];10834.92112;100),(83434.70979;[0.99];[0.04];11041.81026;[0.9874];[0.0374];10838.75018;100),(83686.45430;[0.99];[0.04];11044.37490;[0.9867];[0.0367];10836.87769;100),(84067.53612;[0.99];[0.04];11044.37490;[0.9867];[0.0367];10836.87769;100),(84554.03733;[0.99];[0.04];11044.37490;[0.9867];[0.0367];10836.87769;100),(85895.63322;[0.92];[-0.03];11044.70405;[0.9558];[0.0058];10859.19090;100),(87628.30305;[0.99];[0.04];11044.37490;[0.9867];[0.0367];10836.87769;100),(89178.05624;[0.99];[0.04];11044.37490;[0.9867];[0.0367];10836.87769;100),(90058.48241;[0.92];[-0.03];11044.70405;[0.9558];[0.0058];10859.19090;100),(96949.17035;[0.85];[-0.1];11488.66420;[0.8994];[-0.0506];11188.85407;100),(100488.42359;[0.85];[-0.1];11488.99215;[0.8994];[-0.0506];11189.20536;100),(104512.94208;[0.85];[-0.1];11488.99215;[0.8994];[-0.0506];11189.20536;100),(109192.38043;[0.85];[-0.1];11488.99215;[0.8994];[-0.0506];11189.20536;100),(114006.64973;[0.85];[-0.1];11488.99215;[0.8994];[-0.0506];11189.20536;100),(114316.98394;[0.92];[-0.03];11217.38547;[0.9511];[0.0011];11000.25610;100),(116631.24347;[0.97];[0.02];10766.78930;[0.977];[0.027];10593.58643;100),(119711.18069;[1.];[0.05];11010.16595;[0.9898];[0.0398];10813.40541;100),(120640.50245;[0.92];[-0.03];11168.13406;[0.958];[0.008];10975.20720;100),(121511.79862;[0.92];[-0.03];11094.02471;[0.9563];[0.0063];10907.24915;100),(123168.53046;[0.99];[0.04];11033.67574;[0.9873];[0.0373];10828.45730;100),(124264.13560;[0.92];[-0.03];11045.20790;[0.9558];[0.0058];10859.69928;100),(125432.26266;[1.];[0.05];11039.26566;[0.9881];[0.0381];10834.92112;100),(126904.02317;[0.99];[0.04];11041.81026;[0.9874];[0.0374];10838.75018;100),(127175.99797;[0.99];[0.04];11044.37490;[0.9867];[0.0367];10836.87769;100),(127622.18404;[0.99];[0.04];11044.37490;[0.9867];[0.0367];10836.87769;100),(128322.34049;[0.99];[0.04];11044.37490;[0.9867];[0.0367];10836.87769;100),(129686.57064;[0.92];[-0.03];11044.70405;[0.9558];[0.0058];10859.19090;100),(131665.54737;[0.99];[0.04];11044.37490;[0.9867];[0.0367];10836.87769;100),(133180.51386;[0.99];[0.04];11044.37490;[0.9867];[0.0367];10836.87769;100),(134195.79983;[0.92];[-0.03];11044.70405;[0.9558];[0.0058];10859.19090;100),(142908.74386;[0.85];[-0.1];11488.66420;[0.8994];[-0.0506];11188.85407;100),(147590.59238;[0.85];[-0.1];11488.99215;[0.8994];[-0.0506];11189.20536;100),(152206.02846;[0.85];[-0.1];11488.99215;[0.8994];[-0.0506];11189.20536;100),(156273.95201;[0.85];[-0.1];11488.99215;[0.8994];[-0.0506];11189.20536;100),(159859.14826;[0.85];[-0.1];11488.99215;[0.8994];[-0.0506];11189.20536;100),(160132.27749;[0.92];[-0.03];11217.38547;[0.9511];[0.0011];11000.25610;100),(162135.53739;[0.97];[0.02];10766.78930;[0.977];[0.027];10593.58643;100),(164478.58143;[1.];[0.05];11010.16595;[0.9898];[0.0398];10813.40541;100),(165165.46226;[0.92];[-0.03];11168.13406;[0.958];[0.008];10975.20720;100),(166037.27269;[0.92];[-0.03];11094.02471;[0.9563];[0.0063];10907.24915;100),(167125.94914;[0.99];[0.04];11033.67574;[0.9873];[0.0373];10828.45730;100),(168284.91569;[0.92];[-0.03];11045.20790;[0.9558];[0.0058];10859.69928;100),(169506.87456;[1.];[0.05];11039.26566;[0.9881];[0.0381];10834.92112;100),(170674.80803;[0.99];[0.04];11041.81026;[0.9874];[0.0374];10838.75018;100),(170973.21486;[0.99];[0.04];11044.37490;[0.9867];[0.0367];10836.87769;100),(171285.75730;[0.99];[0.04];11044.37490;[0.9867];[0.0367];10836.87769;100),(171846.04239;[0.99];[0.04];11044.37490;[0.9867];[0.0367];10836.87769;100),(172973.33574;[0.92];[-0.03];11044.70405;[0.9558];[0.0058];10859.19090;100),(174614.96782;[0.99];[0.04];11044.37490;[0.9867];[0.0367];10836.87769;100),(176200.88387;[0.99];[0.04];11044.37490;[0.9867];[0.0367];10836.87769;100),(177151.41726;[0.92];[-0.03];11044.70405;[0.9558];[0.0058];10859.19090;100),(186433.33936;[0.85];[-0.1];11488.66420;[0.8994];[-0.0506];11188.85407;100),(190937.19435;[0.85];[-0.1];11488.99215;[0.8994];[-0.0506];11189.20536;100),(195654.21271;[0.85];[-0.1];11488.99215;[0.8994];[-0.0506];11189.20536;100),(199897.02678;[0.85];[-0.1];11488.99215;[0.8994];[-0.0506];11189.20536;100),(204305.09853;[0.85];[-0.1];11488.99215;[0.8994];[-0.0506];11189.20536;100),(204555.15456;[0.92];[-0.03];11217.38547;[0.9511];[0.0011];11000.25610;100),(206487.84471;[0.97];[0.02];10766.78930;[0.977];[0.027];10593.58643;100),(208941.62774;[1.];[0.05];11010.16595;[0.9898];[0.0398];10813.40541;100),(209698.65918;[0.92];[-0.03];11168.13406;[0.958];[0.008];10975.20720;100),(210510.34284;[0.92];[-0.03];11094.02471;[0.9563];[0.0063];10907.24915;100),(212273.76938;[0.99];[0.04];11033.67574;[0.9873];[0.0373];10828.45730;100),(213423.52629;[0.92];[-0.03];11045.20790;[0.9558];[0.0058];10859.69928;100),(214641.34693;[1.];[0.05];11039.26566;[0.9881];[0.0381];10834.92112;100),(216139.10580;[0.99];[0.04];11041.81026;[0.9874];[0.0374];10838.75018;100),(216437.16836;[0.99];[0.04];11044.37490;[0.9867];[0.0367];10836.87769;100),(216911.92293;[0.99];[0.04];11044.37490;[0.9867];[0.0367];10836.87769;100),(217729.48742;[0.99];[0.04];11044.37490;[0.9867];[0.0367];10836.87769;100),(219089.52332;[0.92];[-0.03];11044.70405;[0.9558];[0.0058];10859.19090;100),(220842.38958;[0.99];[0.04];11044.37490;[0.9867];[0.0367];10836.87769;100),(222383.58426;[0.99];[0.04];11044.37490;[0.9867];[0.0367];10836.87769;100),(223209.47027;[0.92];[-0.03];11044.70405;[0.9558];[0.0058];10859.19090;100),(231590.86871;[0.85];[-0.1];11488.66420;[0.8994];[-0.0506];11188.85407;100),(235425.92359;[0.85];[-0.1];11488.99215;[0.8994];[-0.0506];11189.20536;100),(239301.00846;[0.85];[-0.1];11488.99215;[0.8994];[-0.0506];11189.20536;100),(242947.39938;[0.85];[-0.1];11488.99215;[0.8994];[-0.0506];11189.20536;100),(246929.05998;[0.85];[-0.1];11488.99215;[0.8994];[-0.0506];11189.20536;100),(247178.66588;[0.92];[-0.03];11217.38547;[0.9511];[0.0011];11000.25610;100),(249198.68994;[0.97];[0.02];10766.78930;[0.977];[0.027];10593.58643;100),(251615.84496;[1.];[0.05];11010.16595;[0.9898];[0.0398];10813.40541;100),(252421.64969;[0.92];[-0.03];11168.13406;[0.958];[0.008];10975.20720;100),(253238.27600;[0.92];[-0.03];11094.02471;[0.9563];[0.0063];10907.24915;100),(254688.42816;[0.99];[0.04];11033.67574;[0.9873];[0.0373];10828.45730;100),(256262.22515;[0.92];[-0.03];11045.20790;[0.9558];[0.0058];10859.69928;100),(257481.69470;[1.];[0.05];11039.26566;[0.9881];[0.0381];10834.92112;100),(259127.95353;[0.99];[0.04];11041.81026;[0.9874];[0.0374];10838.75018;100),(259593.53018;[0.99];[0.04];11044.37490;[0.9867];[0.0367];10836.87769;100),(259973.14644;[0.99];[0.04];11044.37490;[0.9867];[0.0367];10836.87769;100),(260474.91360;[0.99];[0.04];11044.37490;[0.9867];[0.0367];10836.87769;100),(261819.53478;[0.92];[-0.03];11044.70405;[0.9558];[0.0058];10859.19090;100),(263585.64115;[0.99];[0.04];11044.37490;[0.9867];[0.0367];10836.87769;100),(265209.91254;[0.99];[0.04];11044.37490;[0.9867];[0.0367];10836.87769;100),(266204.62894;[0.92];[-0.03];11044.70405;[0.9558];[0.0058];10859.19090;100),(274824.89657;[0.85];[-0.1];11488.66420;[0.8994];[-0.0506];11188.85407;100),(279399.04261;[0.85];[-0.1];11488.99215;[0.8994];[-0.0506];11189.20536;100),(284461.45177;[0.85];[-0.1];11488.99215;[0.8994];[-0.0506];11189.20536;100),(288799.06964;[0.85];[-0.1];11488.99215;[0.8994];[-0.0506];11189.20536;100),(292813.78269;[0.85];[-0.1];11488.99215;[0.8994];[-0.0506];11189.20536;100),(293205.00731;[0.92];[-0.03];11217.38547;[0.9511];[0.0011];11000.25610;100),(295625.14496;[0.97];[0.02];10766.78930;[0.977];[0.027];10593.58643;100),(298187.34312;[1.];[0.05];11010.16595;[0.9898];[0.0398];10813.40541;100),(298957.92317;[0.92];[-0.03];11168.13406;[0.958];[0.008];10975.20720;100),(299906.03614;[0.92];[-0.03];11094.02471;[0.9563];[0.0063];10907.24915;100),(300961.60316;[0.99];[0.04];11033.67574;[0.9873];[0.0373];10828.45730;100),(302234.63702;[0.92];[-0.03];11045.20790;[0.9558];[0.0058];10859.69928;100),(303381.55246;[1.];[0.05];11039.26566;[0.9881];[0.0381];10834.92112;100),(304725.42715;[0.99];[0.04];11041.81026;[0.9874];[0.0374];10838.75018;100),(304977.14162;[0.99];[0.04];11044.37490;[0.9867];[0.0367];10836.87769;100),(305545.52031;[0.99];[0.04];11044.37490;[0.9867];[0.0367];10836.87769;100),(306159.21903;[0.99];[0.04];11044.37490;[0.9867];[0.0367];10836.87769;100),(307426.62477;[0.92];[-0.03];11044.70405;[0.9558];[0.0058];10859.19090;100),(309263.85856;[0.99];[0.04];11044.37490;[0.9867];[0.0367];10836.87769;100),(310858.20937;[0.99];[0.04];11044.37490;[0.9867];[0.0367];10836.87769;100),(311760.97512;[0.92];[-0.03];11044.70405;[0.9558];[0.0058];10859.19090;100),(319773.72313;[0.85];[-0.1];11488.66420;[0.8994];[-0.0506];11188.85407;100),(323649.39952;[0.85];[-0.1];11488.99215;[0.8994];[-0.0506];11189.20536;100),(327795.04371;[0.85];[-0.1];11488.99215;[0.8994];[-0.0506];11189.20536;100),(332528.59497;[0.85];[-0.1];11488.99215;[0.8994];[-0.0506];11189.20536;100),(336959.23805;[0.85];[-0.1];11488.99215;[0.8994];[-0.0506];11189.20536;100),(337267.92216;[0.92];[-0.03];11217.38547;[0.9511];[0.0011];11000.25610;100),(339838.35196;[0.97];[0.02];10766.78930;[0.977];[0.027];10593.58643;100),(342658.07462;[1.];[0.05];11010.16595;[0.9898];[0.0398];10813.40541;100),(343421.60082;[0.92];[-0.03];11168.13406;[0.958];[0.008];10975.20720;100),(344212.90326;[0.92];[-0.03];11094.02471;[0.9563];[0.0063];10907.24915;100),(345796.21816;[0.99];[0.04];11033.67574;[0.9873];[0.0373];10828.45730;100),(346905.71332;[0.92];[-0.03];11045.20790;[0.9558];[0.0058];10859.69928;100),(348058.36630;[1.];[0.05];11039.26566;[0.9881];[0.0381];10834.92112;100),(349710.32524;[0.99];[0.04];11041.81026;[0.9874];[0.0374];10838.75018;100),(349972.75949;[0.99];[0.04];11044.37490;[0.9867];[0.0367];10836.87769;100),(350398.63157;[0.99];[0.04];11044.37490;[0.9867];[0.0367];10836.87769;100),(351070.28556;[0.99];[0.04];11044.37490;[0.9867];[0.0367];10836.87769;100),(352528.27549;[0.92];[-0.03];11044.70405;[0.9558];[0.0058];10859.19090;100),(354597.29123;[0.99];[0.04];11044.37490;[0.9867];[0.0367];10836.87769;100),(356165.08007;[0.99];[0.04];11044.37490;[0.9867];[0.0367];10836.87769;100),(357062.89291;[0.92];[-0.03];11044.70405;[0.9558];[0.0058];10859.19090;100),(366575.15597;[0.85];[-0.1];11488.66420;[0.8994];[-0.0506];11188.85407;100),(370534.14488;[0.85];[-0.1];11488.99215;[0.8994];[-0.0506];11189.20536;100),(374221.36354;[0.85];[-0.1];11488.99215;[0.8994];[-0.0506];11189.20536;100),(377884.57823;[0.85];[-0.1];11488.99215;[0.8994];[-0.0506];11189.20536;100),(381429.12650;[0.85];[-0.1];11488.99215;[0.8994];[-0.0506];11189.20536;100),(381673.99359;[0.92];[-0.03];11217.38547;[0.9511];[0.0011];11000.25610;100),(383646.40284;[0.97];[0.02];10766.78930;[0.977];[0.027];10593.58643;100),(385931.09584;[1.];[0.05];11010.16595;[0.9898];[0.0398];10813.40541;100),(386624.91226;[0.92];[-0.03];11168.13406;[0.958];[0.008];10975.20720;100),(387370.72134;[0.92];[-0.03];11094.02471;[0.9563];[0.0063];10907.24915;100),(388743.06369;[0.99];[0.04];11033.67574;[0.9873];[0.0373];10828.45730;100),(389823.27390;[0.92];[-0.03];11045.20790;[0.9558];[0.0058];10859.69928;100),(391201.00689;[1.];[0.05];11039.26566;[0.9881];[0.0381];10834.92112;100),(392604.66266;[0.99];[0.04];11041.81026;[0.9874];[0.0374];10838.75018;100),(392955.43647;[0.99];[0.04];11044.37490;[0.9867];[0.0367];10836.87769;100),(393368.28279;[0.99];[0.04];11044.37490;[0.9867];[0.0367];10836.87769;100),(393902.62771;[0.99];[0.04];11044.37490;[0.9867];[0.0367];10836.87769;100),(395475.11935;[0.92];[-0.03];11044.70405;[0.9558];[0.0058];10859.19090;100),(397248.12198;[0.99];[0.04];11044.37490;[0.9867];[0.0367];10836.87769;100),(398734.41100;[0.99];[0.04];11044.37490;[0.9867];[0.0367];10836.87769;100),(399920.51291;[0.92];[-0.03];11044.70405;[0.9558];[0.0058];10859.19090;100),(408761.07240;[0.85];[-0.1];11488.66420;[0.8994];[-0.0506];11188.85407;100),(412941.55383;[0.85];[-0.1];11488.99215;[0.8994];[-0.0506];11189.20536;100),(417175.64201;[0.85];[-0.1];11488.99215;[0.8994];[-0.0506];11189.20536;100),(421777.49658;[0.85];[-0.1];11488.99215;[0.8994];[-0.0506];11189.20536;100),(426070.98889;[0.85];[-0.1];11488.99215;[0.8994];[-0.0506];11189.20536;100),(426600.73423;[0.92];[-0.03];11217.38547;[0.9511];[0.0011];11000.25610;100),(428645.55740;[0.97];[0.02];10766.78930;[0.977];[0.027];10593.58643;100),(431276.62063;[1.];[0.05];11010.16595;[0.9898];[0.0398];10813.40541;100),(432203.19915;[0.92];[-0.03];11168.13406;[0.958];[0.008];10975.20720;100),(433440.73105;[0.92];[-0.03];11094.02471;[0.9563];[0.0063];10907.24915;100),(434641.16979;[0.99];[0.04];11033.67574;[0.9873];[0.0373];10828.45730;100),(436139.10174;[0.92];[-0.03];11045.20790;[0.9558];[0.0058];10859.69928;100),(437470.54243;[1.];[0.05];11039.26566;[0.9881];[0.0381];10834.92112;100),(439238.51275;[0.99];[0.04];11041.81026;[0.9874];[0.0374];10838.75018;100),(439504.28438;[0.99];[0.04];11044.37490;[0.9867];[0.0367];10836.87769;100),(439890.98477;[0.99];[0.04];11044.37490;[0.9867];[0.0367];10836.87769;100),(440459.69748;[0.99];[0.04];11044.37490;[0.9867];[0.0367];10836.87769;100),(441903.42236;[0.92];[-0.03];11044.70405;[0.9558];[0.0058];10859.19090;100),(443640.52320;[0.99];[0.04];11044.37490;[0.9867];[0.0367];10836.87769;100),(445237.46872;[0.99];[0.04];11044.37490;[0.9867];[0.0367];10836.87769;100),(446106.53496;[0.92];[-0.03];11044.70405;[0.9558];[0.0058];10859.19090;100),(453474.58506;[0.85];[-0.1];11488.66420;[0.8994];[-0.0506];11188.85407;100),(457150.15745;[0.85];[-0.1];11488.99215;[0.8994];[-0.0506];11189.20536;100),(461035.04777;[0.85];[-0.1];11488.99215;[0.8994];[-0.0506];11189.20536;100),(464458.59790;[0.85];[-0.1];11488.99215;[0.8994];[-0.0506];11189.20536;100),(468082.76558;[0.85];[-0.1];11488.99215;[0.8994];[-0.0506];11189.20536;100),(468375.46325;[0.92];[-0.03];11217.38547;[0.9511];[0.0011];11000.25610;100),(470778.98788;[0.97];[0.02];10766.78930;[0.977];[0.027];10593.58643;100),(473505.86963;[1.];[0.05];11010.16595;[0.9898];[0.0398];10813.40541;100),(474180.79233;[0.92];[-0.03];11168.13406;[0.958];[0.008];10975.20720;100),(475231.62365;[0.92];[-0.03];11094.02471;[0.9563];[0.0063];10907.24915;100),(476317.12055;[0.99];[0.04];11033.67574;[0.9873];[0.0373];10828.45730;100),(477638.26609;[0.92];[-0.03];11045.20790;[0.9558];[0.0058];10859.69928;100),(479122.89166;[1.];[0.05];11039.26566;[0.9881];[0.0381];10834.92112;100),(480519.14215;[0.99];[0.04];11041.81026;[0.9874];[0.0374];10838.75018;100),(480892.90547;[0.99];[0.04];11044.37490;[0.9867];[0.0367];10836.87769;100),(481278.55515;[0.99];[0.04];11044.37490;[0.9867];[0.0367];10836.87769;100),(481878.12138;[0.99];[0.04];11044.37490;[0.9867];[0.0367];10836.87769;100),(483230.72314;[0.92];[-0.03];11044.70405;[0.9558];[0.0058];10859.19090;100),(485160.65884;[0.99];[0.04];11044.37490;[0.9867];[0.0367];10836.87769;100),(486640.93757;[0.99];[0.04];11044.37490;[0.9867];[0.0367];10836.87769;100),(487706.91514;[0.92];[-0.03];11044.70405;[0.9558];[0.0058];10859.19090;100),(496734.90477;[0.85];[-0.1];11488.66420;[0.8994];[-0.0506];11188.85407;100),(501295.77637;[0.85];[-0.1];11488.99215;[0.8994];[-0.0506];11189.20536;100),(505726.48859;[0.85];[-0.1];11488.99215;[0.8994];[-0.0506];11189.20536;100),(509842.43989;[0.85];[-0.1];11488.99215;[0.8994];[-0.0506];11189.20536;100),(514073.97532;[0.85];[-0.1];11488.99215;[0.8994];[-0.0506];11189.20536;100),(514338.45830;[0.92];[-0.03];11217.38547;[0.9511];[0.0011];11000.25610;100),(516866.94455;[0.97];[0.02];10766.78930;[0.977];[0.027];10593.58643;100),(519688.43699;[1.];[0.05];11010.16595;[0.9898];[0.0398];10813.40541;100),(520481.29368;[0.92];[-0.03];11168.13406;[0.958];[0.008];10975.20720;100),(521321.24543;[0.92];[-0.03];11094.02471;[0.9563];[0.0063];10907.24915;100),(522454.28896;[0.99];[0.04];11033.67574;[0.9873];[0.0373];10828.45730;100),(523595.08681;[0.92];[-0.03];11045.20790;[0.9558];[0.0058];10859.69928;100),(524931.48565;[1.];[0.05];11039.26566;[0.9881];[0.0381];10834.92112;100),(526281.30984;[0.99];[0.04];11041.81026;[0.9874];[0.0374];10838.75018;100),(526564.09144;[0.99];[0.04];11044.37490;[0.9867];[0.0367];10836.87769;100),(527066.34140;[0.99];[0.04];11044.37490;[0.9867];[0.0367];10836.87769;100),(527571.43235;[0.99];[0.04];11044.37490;[0.9867];[0.0367];10836.87769;100),(528817.08694;[0.92];[-0.03];11044.70405;[0.9558];[0.0058];10859.19090;100),(530671.27919;[0.99];[0.04];11044.37490;[0.9867];[0.0367];10836.87769;100),(532296.58175;[0.99];[0.04];11044.37490;[0.9867];[0.0367];10836.87769;100),(533168.19715;[0.92];[-0.03];11044.70405;[0.9558];[0.0058];10859.19090;100),(540535.88176;[0.85];[-0.1];11488.66420;[0.8994];[-0.0506];11188.85407;100),(543962.33678;[0.85];[-0.1];11488.99215;[0.8994];[-0.0506];11189.20536;100),(547405.35235;[0.85];[-0.1];11488.99215;[0.8994];[-0.0506];11189.20536;100),(551410.70962;[0.85];[-0.1];11488.99215;[0.8994];[-0.0506];11189.20536;100),(555021.43478;[0.85];[-0.1];11488.99215;[0.8994];[-0.0506];11189.20536;100),(555263.46755;[0.92];[-0.03];11217.38547;[0.9511];[0.0011];11000.25610;100),(557327.76904;[0.97];[0.02];10766.78930;[0.977];[0.027];10593.58643;100),(559769.93847;[1.];[0.05];11010.16595;[0.9898];[0.0398];10813.40541;100),(560547.27054;[0.92];[-0.03];11168.13406;[0.958];[0.008];10975.20720;100),(561327.89946;[0.92];[-0.03];11094.02471;[0.9563];[0.0063];10907.24915;100),(562720.53361;[0.99];[0.04];11033.67574;[0.9873];[0.0373];10828.45730;100),(563865.17239;[0.92];[-0.03];11045.20790;[0.9558];[0.0058];10859.69928;100),(565186.97691;[1.];[0.05];11039.26566;[0.9881];[0.0381];10834.92112;100),(566722.43786;[0.99];[0.04];11041.81026;[0.9874];[0.0374];10838.75018;100),(567029.90150;[0.99];[0.04];11044.37490;[0.9867];[0.0367];10836.87769;100),(567398.52858;[0.99];[0.04];11044.37490;[0.9867];[0.0367];10836.87769;100),(567917.84406;[0.99];[0.04];11044.37490;[0.9867];[0.0367];10836.87769;100),(569301.70298;[0.92];[-0.03];11044.70405;[0.9558];[0.0058];10859.19090;100),(571136.26075;[0.99];[0.04];11044.37490;[0.9867];[0.0367];10836.87769;100),(572660.47406;[0.99];[0.04];11044.37490;[0.9867];[0.0367];10836.87769;100),(573796.36335;[0.92];[-0.03];11044.70405;[0.9558];[0.0058];10859.19090;100),(582005.34582;[0.85];[-0.1];11488.66420;[0.8994];[-0.0506];11188.85407;100),(586599.08724;[0.85];[-0.1];11488.99215;[0.8994];[-0.0506];11189.20536;100),(591089.87284;[0.85];[-0.1];11488.99215;[0.8994];[-0.0506];11189.20536;100),(595422.63699;[0.85];[-0.1];11488.99215;[0.8994];[-0.0506];11189.20536;100),(599228.23048;[0.85];[-0.1];11488.99215;[0.8994];[-0.0506];11189.20536;100),(599490.92579;[0.92];[-0.03];11217.38547;[0.9511];[0.0011];11000.25610;100),(600727.11110;[0.97];[0.02];10754.08248;[0.977];[0.027];10581.96297;100)]"
3,6,8334.80837413901,[0.9976],[0.0476],714.679479598999,[(699.59331;[0.99];[0.04];7760.05067;[0.9976];[0.0476];8334.80837;100)]
0,9,19914.02523929704,[0.8988],[-0.0512],600052.9174804688,"[(896.58165;[0.94];[-0.01];21158.47331;[0.8524];[-0.0976];20038.69352;100),(7222.82314;[0.94];[-0.01];21158.47331;[0.8524];[-0.0976];20038.69352;100),(10578.40657;[0.94];[-0.01];21158.47331;[0.8524];[-0.0976];20038.69352;100),(14041.59689;[0.94];[-0.01];21158.47331;[0.8524];[-0.0976];20038.69352;100),(17259.98473;[0.94];[-0.01];21158.47331;[0.8524];[-0.0976];20038.69352;100),(20467.74101;[0.94];[-0.01];21158.47331;[0.8524];[-0.0976];20038.69352;100),(20913.34963;[0.95];[0.];21036.76071;[0.8988];[-0.0512];19914.02524;100),(21187.30593;[0.97];[0.02];20777.37122;[0.9338];[-0.0162];19648.25831;100),(25089.27298;[0.96];[0.01];20924.68984;[0.914];[-0.036];19824.47501;100),(27346.42029;[0.96];[0.01];21009.89075;[0.9062];[-0.0438];19904.71922;100),(29536.18979;[0.96];[0.01];21027.37965;[0.9031];[-0.0469];19918.11033;100),(30871.71078;[0.96];[0.01];21033.82944;[0.9];[-0.05];19917.12005;100),(31131.28114;[0.95];[0.];21034.75733;[0.8992];[-0.0508];19916.74914;100),(31562.78467;[0.96];[0.01];21033.84833;[0.9];[-0.05];19917.52985;100),(31947.04437;[0.96];[0.01];21033.84833;[0.9];[-0.05];19917.52985;100),(32382.87854;[0.96];[0.01];21035.11196;[0.9002];[-0.0498];19921.63769;100),(32656.16918;[0.96];[0.01];21035.11196;[0.9002];[-0.0498];19921.63769;100),(32971.07267;[0.96];[0.01];21035.11196;[0.9002];[-0.0498];19921.63769;100),(33227.76389;[0.96];[0.01];21035.11196;[0.9002];[-0.0498];19921.63769;100),(33537.29939;[0.96];[0.01];21035.11196;[0.9002];[-0.0498];19921.63769;100),(33891.58082;[0.96];[0.01];21035.11196;[0.9002];[-0.0498];19921.63769;100),(34147.54415;[0.96];[0.01];21035.11196;[0.9002];[-0.0498];19921.63769;100),(43525.90728;[0.94];[-0.01];21158.47331;[0.8524];[-0.0976];20038.69352;100),(47977.91862;[0.94];[-0.01];21158.47331;[0.8524];[-0.0976];20038.69352;100),(52598.35267;[0.94];[-0.01];21158.47331;[0.8524];[-0.0976];20038.69352;100),(57527.42624;[0.94];[-0.01];21158.47331;[0.8524];[-0.0976];20038.69352;100),(62438.82728;[0.94];[-0.01];21158.47331;[0.8524];[-0.0976];20038.69352;100),(63079.10156;[0.95];[0.];21036.76071;[0.8988];[-0.0512];19914.02524;100),(63614.62331;[0.97];[0.02];20777.37122;[0.9338];[-0.0162];19648.25831;100),(67938.23147;[0.96];[0.01];20924.68984;[0.914];[-0.036];19824.47501;100),(69783.00190;[0.96];[0.01];21009.89075;[0.9062];[-0.0438];19904.71922;100),(71821.07830;[0.96];[0.01];21027.37965;[0.9031];[-0.0469];19918.11033;100),(73368.94751;[0.96];[0.01];21033.82944;[0.9];[-0.05];19917.12005;100),(73643.29743;[0.95];[0.];21034.75733;[0.8992];[-0.0508];19916.74914;100),(74246.78111;[0.96];[0.01];21033.84833;[0.9];[-0.05];19917.52985;100),(74566.27989;[0.96];[0.01];21033.84833;[0.9];[-0.05];19917.52985;100),(74912.31894;[0.96];[0.01];21035.11196;[0.9002];[-0.0498];19921.63769;100),(75150.30026;[0.96];[0.01];21035.11196;[0.9002];[-0.0498];19921.63769;100),(75453.53746;[0.96];[0.01];21035.11196;[0.9002];[-0.0498];19921.63769;100),(75668.69855;[0.96];[0.01];21035.11196;[0.9002];[-0.0498];19921.63769;100),(75909.62982;[0.96];[0.01];21035.11196;[0.9002];[-0.0498];19921.63769;100),(76137.90989;[0.96];[0.01];21035.11196;[0.9002];[-0.0498];19921.63769;100),(76470.31665;[0.96];[0.01];21035.11196;[0.9002];[-0.0498];19921.63769;100),(84222.80836;[0.94];[-0.01];21158.47331;[0.8524];[-0.0976];20038.69352;100),(88153.63693;[0.94];[-0.01];21158.47331;[0.8524];[-0.0976];20038.69352;100),(91877.55299;[0.94];[-0.01];21158.47331;[0.8524];[-0.0976];20038.69352;100),(95225.88038;[0.94];[-0.01];21158.47331;[0.8524];[-0.0976];20038.69352;100),(98604.15912;[0.94];[-0.01];21158.47331;[0.8524];[-0.0976];20038.69352;100),(99374.04394;[0.95];[0.];21036.76071;[0.8988];[-0.0512];19914.02524;100),(99754.83775;[0.97];[0.02];20777.37122;[0.9338];[-0.0162];19648.25831;100),(104039.37650;[0.96];[0.01];20924.68984;[0.914];[-0.036];19824.47501;100),(106774.41359;[0.96];[0.01];21009.89075;[0.9062];[-0.0438];19904.71922;100),(109517.60793;[0.96];[0.01];21027.37965;[0.9031];[-0.0469];19918.11033;100),(110967.36670;[0.96];[0.01];21033.82944;[0.9];[-0.05];19917.12005;100),(111306.80561;[0.95];[0.];21034.75733;[0.8992];[-0.0508];19916.74914;100),(111817.75784;[0.96];[0.01];21033.84833;[0.9];[-0.05];19917.52985;100),(112170.10617;[0.96];[0.01];21033.84833;[0.9];[-0.05];19917.52985;100),(112594.89441;[0.96];[0.01];21035.11196;[0.9002];[-0.0498];19921.63769;100),(112836.71069;[0.96];[0.01];21035.11196;[0.9002];[-0.0498];19921.63769;100),(113121.30523;[0.96];[0.01];21035.11196;[0.9002];[-0.0498];19921.63769;100),(113384.17745;[0.96];[0.01];21035.11196;[0.9002];[-0.0498];19921.63769;100),(113713.56654;[0.96];[0.01];21035.11196;[0.9002];[-0.0498];19921.63769;100),(114030.56240;[0.96];[0.01];21035.11196;[0.9002];[-0.0498];19921.63769;100),(114339.23507;[0.96];[0.01];21035.11196;[0.9002];[-0.0498];19921.63769;100),(122980.43227;[0.94];[-0.01];21158.47331;[0.8524];[-0.0976];20038.69352;100),(127556.41198;[0.94];[-0.01];21158.47331;[0.8524];[-0.0976];20038.69352;100),(132374.97067;[0.94];[-0.01];21158.47331;[0.8524];[-0.0976];20038.69352;100),(136515.49864;[0.94];[-0.01];21158.47331;[0.8524];[-0.0976];20038.69352;100),(140379.20594;[0.94];[-0.01];21158.47331;[0.8524];[-0.0976];20038.69352;100),(141157.93037;[0.95];[0.];21036.76071;[0.8988];[-0.0512];19914.02524;100),(141695.42670;[0.97];[0.02];20777.37122;[0.9338];[-0.0162];19648.25831;100),(145545.28332;[0.96];[0.01];20924.68984;[0.914];[-0.036];19824.47501;100),(147369.04502;[0.96];[0.01];21009.89075;[0.9062];[-0.0438];19904.71922;100),(149154.91033;[0.96];[0.01];21027.37965;[0.9031];[-0.0469];19918.11033;100),(150461.80248;[0.96];[0.01];21033.82944;[0.9];[-0.05];19917.12005;100),(150783.24533;[0.95];[0.];21034.75733;[0.8992];[-0.0508];19916.74914;100),(151247.53499;[0.96];[0.01];21033.84833;[0.9];[-0.05];19917.52985;100),(151493.95609;[0.96];[0.01];21033.84833;[0.9];[-0.05];19917.52985;100),(151848.81568;[0.96];[0.01];21035.11196;[0.9002];[-0.0498];19921.63769;100),(152064.86535;[0.96];[0.01];21035.11196;[0.9002];[-0.0498];19921.63769;100),(152287.72569;[0.96];[0.01];21035.11196;[0.9002];[-0.0498];19921.63769;100),(152519.46926;[0.96];[0.01];21035.11196;[0.9002];[-0.0498];19921.63769;100),(152739.21537;[0.96];[0.01];21035.11196;[0.9002];[-0.0498];19921.63769;100),(153055.00007;[0.96];[0.01];21035.11196;[0.9002];[-0.0498];19921.63769;100),(153268.96167;[0.96];[0.01];21035.11196;[0.9002];[-0.0498];19921.63769;100),(160842.02456;[0.94];[-0.01];21158.47331;[0.8524];[-0.0976];20038.69352;100),(165200.15121;[0.94];[-0.01];21158.47331;[0.8524];[-0.0976];20038.69352;100),(168837.08191;[0.94];[-0.01];21158.47331;[0.8524];[-0.0976];20038.69352;100),(173165.26985;[0.94];[-0.01];21158.47331;[0.8524];[-0.0976];20038.69352;100),(177519.16337;[0.94];[-0.01];21158.47331;[0.8524];[-0.0976];20038.69352;100),(178474.35260;[0.95];[0.];21036.76071;[0.8988];[-0.0512];19914.02524;100),(178827.60406;[0.97];[0.02];20777.37122;[0.9338];[-0.0162];19648.25831;100),(183729.14624;[0.96];[0.01];20924.68984;[0.914];[-0.036];19824.47501;100),(185853.23668;[0.96];[0.01];21009.89075;[0.9062];[-0.0438];19904.71922;100),(187784.55138;[0.96];[0.01];21027.37965;[0.9031];[-0.0469];19918.11033;100),(189476.62902;[0.96];[0.01];21033.82944;[0.9];[-0.05];19917.12005;100),(189738.89041;[0.95];[0.];21034.75733;[0.8992];[-0.0508];19916.74914;100),(190188.09462;[0.96];[0.01];21033.84833;[0.9];[-0.05];19917.52985;100),(190471.85540;[0.96];[0.01];21033.84833;[0.9];[-0.05];19917.52985;100),(190813.46250;[0.96];[0.01];21035.11196;[0.9002];[-0.0498];19921.63769;100),(191045.15910;[0.96];[0.01];21035.11196;[0.9002];[-0.0498];19921.63769;100),(191279.12974;[0.96];[0.01];21035.11196;[0.9002];[-0.0498];19921.63769;100),(191534.87706;[0.96];[0.01];21035.11196;[0.9002];[-0.0498];19921.63769;100),(191888.24987;[0.96];[0.01];21035.11196;[0.9002];[-0.0498];19921.63769;100),(192204.88811;[0.96];[0.01];21035.11196;[0.9002];[-0.0498];19921.63769;100),(192461.46321;[0.96];[0.01];21035.11196;[0.9002];[-0.0498];19921.63769;100),(201092.00525;[0.94];[-0.01];21158.47331;[0.8524];[-0.0976];20038.69352;100),(205474.21002;[0.94];[-0.01];21158.47331;[0.8524];[-0.0976];20038.69352;100),(210048.41542;[0.94];[-0.01];21158.47331;[0.8524];[-0.0976];20038.69352;100),(214973.74558;[0.94];[-0.01];21158.47331;[0.8524];[-0.0976];20038.69352;100),(219004.91571;[0.94];[-0.01];21158.47331;[0.8524];[-0.0976];20038.69352;100),(219682.64055;[0.95];[0.];21036.76071;[0.8988];[-0.0512];19914.02524;100),(219977.62728;[0.97];[0.02];20777.37122;[0.9338];[-0.0162];19648.25831;100),(223802.88339;[0.96];[0.01];20924.68984;[0.914];[-0.036];19824.47501;100),(225832.19934;[0.96];[0.01];21009.89075;[0.9062];[-0.0438];19904.71922;100),(227503.20220;[0.96];[0.01];21027.37965;[0.9031];[-0.0469];19918.11033;100),(228776.99327;[0.96];[0.01];21033.82944;[0.9];[-0.05];19917.12005;100),(229034.91235;[0.95];[0.];21034.75733;[0.8992];[-0.0508];19916.74914;100),(229465.21664;[0.96];[0.01];21033.84833;[0.9];[-0.05];19917.52985;100),(229876.88303;[0.96];[0.01];21033.84833;[0.9];[-0.05];19917.52985;100),(230181.94175;[0.96];[0.01];21035.11196;[0.9002];[-0.0498];19921.63769;100),(230406.23331;[0.96];[0.01];21035.11196;[0.9002];[-0.0498];19921.63769;100),(230617.69772;[0.96];[0.01];21035.11196;[0.9002];[-0.0498];19921.63769;100),(230840.85226;[0.96];[0.01];21035.11196;[0.9002];[-0.0498];19921.63769;100),(231063.96437;[0.96];[0.01];21035.11196;[0.9002];[-0.0498];19921.63769;100),(231293.08271;[0.96];[0.01];21035.11196;[0.9002];[-0.0498];19921.63769;100),(231610.74114;[0.96];[0.01];21035.11196;[0.9002];[-0.0498];19921.63769;100),(239083.04071;[0.94];[-0.01];21158.47331;[0.8524];[-0.0976];20038.69352;100),(243401.41964;[0.94];[-0.01];21158.47331;[0.8524];[-0.0976];20038.69352;100),(248560.19139;[0.94];[-0.01];21158.47331;[0.8524];[-0.0976];20038.69352;100),(253297.48464;[0.94];[-0.01];21158.47331;[0.8524];[-0.0976];20038.69352;100),(257801.67437;[0.94];[-0.01];21158.47331;[0.8524];[-0.0976];20038.69352;100),(258297.36686;[0.95];[0.];21036.76071;[0.8988];[-0.0512];19914.02524;100),(258760.93650;[0.97];[0.02];20777.37122;[0.9338];[-0.0162];19648.25831;100),(263200.72126;[0.96];[0.01];20924.68984;[0.914];[-0.036];19824.47501;100),(265366.55426;[0.96];[0.01];21009.89075;[0.9062];[-0.0438];19904.71922;100),(267052.08135;[0.96];[0.01];21027.37965;[0.9031];[-0.0469];19918.11033;100),(268544.62075;[0.96];[0.01];21033.82944;[0.9];[-0.05];19917.12005;100),(268824.88990;[0.95];[0.];21034.75733;[0.8992];[-0.0508];19916.74914;100),(269469.15364;[0.96];[0.01];21033.84833;[0.9];[-0.05];19917.52985;100),(269813.69948;[0.96];[0.01];21033.84833;[0.9];[-0.05];19917.52985;100),(270137.64119;[0.96];[0.01];21035.11196;[0.9002];[-0.0498];19921.63769;100),(270363.08360;[0.96];[0.01];21035.11196;[0.9002];[-0.0498];19921.63769;100),(270663.91897;[0.96];[0.01];21035.11196;[0.9002];[-0.0498];19921.63769;100),(271001.43242;[0.96];[0.01];21035.11196;[0.9002];[-0.0498];19921.63769;100),(271329.36335;[0.96];[0.01];21035.11196;[0.9002];[-0.0498];19921.63769;100),(271592.10038;[0.96];[0.01];21035.11196;[0.9002];[-0.0498];19921.63769;100),(271920.73965;[0.96];[0.01];21035.11196;[0.9002];[-0.0498];19921.63769;100),(279816.61367;[0.94];[-0.01];21158.47331;[0.8524];[-0.0976];20038.69352;100),(283973.24991;[0.94];[-0.01];21158.47331;[0.8524];[-0.0976];20038.69352;100),(288491.26172;[0.94];[-0.01];21158.47331;[0.8524];[-0.0976];20038.69352;100),(292839.26487;[0.94];[-0.01];21158.47331;[0.8524];[-0.0976];20038.69352;100),(296678.56598;[0.94];[-0.01];21158.47331;[0.8524];[-0.0976];20038.69352;100),(297178.69067;[0.95];[0.];21036.76071;[0.8988];[-0.0512];19914.02524;100),(297708.98438;[0.97];[0.02];20777.37122;[0.9338];[-0.0162];19648.25831;100),(302964.71763;[0.96];[0.01];20924.68984;[0.914];[-0.036];19824.47501;100),(304701.84660;[0.96];[0.01];21009.89075;[0.9062];[-0.0438];19904.71922;100),(306698.96007;[0.96];[0.01];21027.37965;[0.9031];[-0.0469];19918.11033;100),(307969.83743;[0.96];[0.01];21033.82944;[0.9];[-0.05];19917.12005;100),(308222.67413;[0.95];[0.];21034.75733;[0.8992];[-0.0508];19916.74914;100),(308641.95538;[0.96];[0.01];21033.84833;[0.9];[-0.05];19917.52985;100),(308880.86867;[0.96];[0.01];21033.84833;[0.9];[-0.05];19917.52985;100),(309214.51426;[0.96];[0.01];21035.11196;[0.9002];[-0.0498];19921.63769;100),(309431.47302;[0.96];[0.01];21035.11196;[0.9002];[-0.0498];19921.63769;100),(309638.22794;[0.96];[0.01];21035.11196;[0.9002];[-0.0498];19921.63769;100),(309872.50376;[0.96];[0.01];21035.11196;[0.9002];[-0.0498];19921.63769;100),(310108.24156;[0.96];[0.01];21035.11196;[0.9002];[-0.0498];19921.63769;100),(310335.21628;[0.96];[0.01];21035.11196;[0.9002];[-0.0498];19921.63769;100),(310575.53864;[0.96];[0.01];21035.11196;[0.9002];[-0.0498];19921.63769;100),(319174.93129;[0.94];[-0.01];21158.47331;[0.8524];[-0.0976];20038.69352;100),(323504.48966;[0.94];[-0.01];21158.47331;[0.8524];[-0.0976];20038.69352;100),(328172.15085;[0.94];[-0.01];21158.47331;[0.8524];[-0.0976];20038.69352;100),(332405.84564;[0.94];[-0.01];21158.47331;[0.8524];[-0.0976];20038.69352;100),(336279.72317;[0.94];[-0.01];21158.47331;[0.8524];[-0.0976];20038.69352;100),(336985.80718;[0.95];[0.];21036.76071;[0.8988];[-0.0512];19914.02524;100),(337259.43756;[0.97];[0.02];20777.37122;[0.9338];[-0.0162];19648.25831;100),(342434.39627;[0.96];[0.01];20924.68984;[0.914];[-0.036];19824.47501;100),(345138.20887;[0.96];[0.01];21009.89075;[0.9062];[-0.0438];19904.71922;100),(347359.64036;[0.96];[0.01];21027.37965;[0.9031];[-0.0469];19918.11033;100),(348949.73063;[0.96];[0.01];21033.82944;[0.9];[-0.05];19917.12005;100),(349261.14202;[0.95];[0.];21034.75733;[0.8992];[-0.0508];19916.74914;100),(350074.22423;[0.96];[0.01];21033.84833;[0.9];[-0.05];19917.52985;100),(350325.65260;[0.96];[0.01];21033.84833;[0.9];[-0.05];19917.52985;100),(350668.16902;[0.96];[0.01];21035.11196;[0.9002];[-0.0498];19921.63769;100),(350911.09562;[0.96];[0.01];21035.11196;[0.9002];[-0.0498];19921.63769;100),(351235.90159;[0.96];[0.01];21035.11196;[0.9002];[-0.0498];19921.63769;100),(351457.62491;[0.96];[0.01];21035.11196;[0.9002];[-0.0498];19921.63769;100),(351748.00467;[0.96];[0.01];21035.11196;[0.9002];[-0.0498];19921.63769;100),(351956.31337;[0.96];[0.01];21035.11196;[0.9002];[-0.0498];19921.63769;100),(352180.71365;[0.96];[0.01];21035.11196;[0.9002];[-0.0498];19921.63769;100),(359051.69106;[0.94];[-0.01];21158.47331;[0.8524];[-0.0976];20038.69352;100),(362478.77955;[0.94];[-0.01];21158.47331;[0.8524];[-0.0976];20038.69352;100),(366023.62609;[0.94];[-0.01];21158.47331;[0.8524];[-0.0976];20038.69352;100),(369511.05547;[0.94];[-0.01];21158.47331;[0.8524];[-0.0976];20038.69352;100),(372987.19096;[0.94];[-0.01];21158.47331;[0.8524];[-0.0976];20038.69352;100),(373473.95897;[0.95];[0.];21036.76071;[0.8988];[-0.0512];19914.02524;100),(373900.93327;[0.97];[0.02];20777.37122;[0.9338];[-0.0162];19648.25831;100),(377959.06544;[0.96];[0.01];20924.68984;[0.914];[-0.036];19824.47501;100),(379956.51722;[0.96];[0.01];21009.89075;[0.9062];[-0.0438];19904.71922;100),(381873.45338;[0.96];[0.01];21027.37965;[0.9031];[-0.0469];19918.11033;100),(383399.84703;[0.96];[0.01];21033.82944;[0.9];[-0.05];19917.12005;100),(383901.61729;[0.95];[0.];21034.75733;[0.8992];[-0.0508];19916.74914;100),(384529.20604;[0.96];[0.01];21033.84833;[0.9];[-0.05];19917.52985;100),(384872.59960;[0.96];[0.01];21033.84833;[0.9];[-0.05];19917.52985;100),(385420.22872;[0.96];[0.01];21035.11196;[0.9002];[-0.0498];19921.63769;100),(385629.69303;[0.96];[0.01];21035.11196;[0.9002];[-0.0498];19921.63769;100),(385842.97299;[0.96];[0.01];21035.11196;[0.9002];[-0.0498];19921.63769;100),(386065.96470;[0.96];[0.01];21035.11196;[0.9002];[-0.0498];19921.63769;100),(386346.93074;[0.96];[0.01];21035.11196;[0.9002];[-0.0498];19921.63769;100),(386713.11140;[0.96];[0.01];21035.11196;[0.9002];[-0.0498];19921.63769;100),(386962.18228;[0.96];[0.01];21035.11196;[0.9002];[-0.0498];19921.63769;100),(394654.82116;[0.94];[-0.01];21158.47331;[0.8524];[-0.0976];20038.69352;100),(398805.87053;[0.94];[-0.01];21158.47331;[0.8524];[-0.0976];20038.69352;100),(403049.01910;[0.94];[-0.01];21158.47331;[0.8524];[-0.0976];20038.69352;100),(407163.41567;[0.94];[-0.01];21158.47331;[0.8524];[-0.0976];20038.69352;100),(411418.58625;[0.94];[-0.01];21158.47331;[0.8524];[-0.0976];20038.69352;100),(412197.63827;[0.95];[0.];21036.76071;[0.8988];[-0.0512];19914.02524;100),(412707.46565;[0.97];[0.02];20777.37122;[0.9338];[-0.0162];19648.25831;100),(417013.94320;[0.96];[0.01];20924.68984;[0.914];[-0.036];19824.47501;100),(419203.49097;[0.96];[0.01];21009.89075;[0.9062];[-0.0438];19904.71922;100),(421017.22836;[0.96];[0.01];21027.37965;[0.9031];[-0.0469];19918.11033;100),(422585.90746;[0.96];[0.01];21033.82944;[0.9];[-0.05];19917.12005;100),(422847.88013;[0.95];[0.];21034.75733;[0.8992];[-0.0508];19916.74914;100),(423252.54583;[0.96];[0.01];21033.84833;[0.9];[-0.05];19917.52985;100),(423514.36901;[0.96];[0.01];21033.84833;[0.9];[-0.05];19917.52985;100),(423873.11935;[0.96];[0.01];21035.11196;[0.9002];[-0.0498];19921.63769;100),(424276.13020;[0.96];[0.01];21035.11196;[0.9002];[-0.0498];19921.63769;100),(424494.31300;[0.96];[0.01];21035.11196;[0.9002];[-0.0498];19921.63769;100),(424768.07308;[0.96];[0.01];21035.11196;[0.9002];[-0.0498];19921.63769;100),(425115.80133;[0.96];[0.01];21035.11196;[0.9002];[-0.0498];19921.63769;100),(425473.29760;[0.96];[0.01];21035.11196;[0.9002];[-0.0498];19921.63769;100),(425677.72293;[0.96];[0.01];21035.11196;[0.9002];[-0.0498];19921.63769;100),(432691.18047;[0.94];[-0.01];21158.47331;[0.8524];[-0.0976];20038.69352;100),(436310.87279;[0.94];[-0.01];21158.47331;[0.8524];[-0.0976];20038.69352;100),(439779.01483;[0.94];[-0.01];21158.47331;[0.8524];[-0.0976];20038.69352;100),(443493.73031;[0.94];[-0.01];21158.47331;[0.8524];[-0.0976];20038.69352;100),(446711.26461;[0.94];[-0.01];21158.47331;[0.8524];[-0.0976];20038.69352;100),(447261.29150;[0.95];[0.];21036.76071;[0.8988];[-0.0512];19914.02524;100),(447596.32921;[0.97];[0.02];20777.37122;[0.9338];[-0.0162];19648.25831;100),(451692.00850;[0.96];[0.01];20924.68984;[0.914];[-0.036];19824.47501;100),(454050.01760;[0.96];[0.01];21009.89075;[0.9062];[-0.0438];19904.71922;100),(456516.10541;[0.96];[0.01];21027.37965;[0.9031];[-0.0469];19918.11033;100),(457779.67811;[0.96];[0.01];21033.82944;[0.9];[-0.05];19917.12005;100),(458104.03299;[0.95];[0.];21034.75733;[0.8992];[-0.0508];19916.74914;100),(458553.28918;[0.96];[0.01];21033.84833;[0.9];[-0.05];19917.52985;100),(458883.03709;[0.96];[0.01];21033.84833;[0.9];[-0.05];19917.52985;100),(459204.13494;[0.96];[0.01];21035.11196;[0.9002];[-0.0498];19921.63769;100),(459474.40958;[0.96];[0.01];21035.11196;[0.9002];[-0.0498];19921.63769;100),(459725.00753;[0.96];[0.01];21035.11196;[0.9002];[-0.0498];19921.63769;100),(459979.42185;[0.96];[0.01];21035.11196;[0.9002];[-0.0498];19921.63769;100),(460216.65335;[0.96];[0.01];21035.11196;[0.9002];[-0.0498];19921.63769;100),(460530.02334;[0.96];[0.01];21035.11196;[0.9002];[-0.0498];19921.63769;100),(460770.22648;[0.96];[0.01];21035.11196;[0.9002];[-0.0498];19921.63769;100),(469150.84767;[0.94];[-0.01];21158.47331;[0.8524];[-0.0976];20038.69352;100),(473385.49280;[0.94];[-0.01];21158.47331;[0.8524];[-0.0976];20038.69352;100),(477427.49143;[0.94];[-0.01];21158.47331;[0.8524];[-0.0976];20038.69352;100),(481659.90806;[0.94];[-0.01];21158.47331;[0.8524];[-0.0976];20038.69352;100),(485848.41633;[0.94];[-0.01];21158.47331;[0.8524];[-0.0976];20038.69352;100),(486327.89445;[0.95];[0.];21036.76071;[0.8988];[-0.0512];19914.02524;100),(486604.50101;[0.97];[0.02];20777.37122;[0.9338];[-0.0162];19648.25831;100),(490682.08647;[0.96];[0.01];20924.68984;[0.914];[-0.036];19824.47501;100),(492663.87415;[0.96];[0.01];21009.89075;[0.9062];[-0.0438];19904.71922;100),(494837.19492;[0.96];[0.01];21027.37965;[0.9031];[-0.0469];19918.11033;100),(496142.07220;[0.96];[0.01];21033.82944;[0.9];[-0.05];19917.12005;100),(496465.55471;[0.95];[0.];21034.75733;[0.8992];[-0.0508];19916.74914;100),(497124.49241;[0.96];[0.01];21033.84833;[0.9];[-0.05];19917.52985;100),(497505.43523;[0.96];[0.01];21033.84833;[0.9];[-0.05];19917.52985;100),(497819.00525;[0.96];[0.01];21035.11196;[0.9002];[-0.0498];19921.63769;100),(498039.82806;[0.96];[0.01];21035.11196;[0.9002];[-0.0498];19921.63769;100),(498259.91249;[0.96];[0.01];21035.11196;[0.9002];[-0.0498];19921.63769;100),(498580.48534;[0.96];[0.01];21035.11196;[0.9002];[-0.0498];19921.63769;100),(498878.77131;[0.96];[0.01];21035.11196;[0.9002];[-0.0498];19921.63769;100),(499233.50334;[0.96];[0.01];21035.11196;[0.9002];[-0.0498];19921.63769;100),(499613.95478;[0.96];[0.01];21035.11196;[0.9002];[-0.0498];19921.63769;100),(507943.73107;[0.94];[-0.01];21158.47331;[0.8524];[-0.0976];20038.69352;100),(512315.87410;[0.94];[-0.01];21158.47331;[0.8524];[-0.0976];20038.69352;100),(515984.39074;[0.94];[-0.01];21158.47331;[0.8524];[-0.0976];20038.69352;100),(519330.16682;[0.94];[-0.01];21158.47331;[0.8524];[-0.0976];20038.69352;100),(522427.35934;[0.94];[-0.01];21158.47331;[0.8524];[-0.0976];20038.69352;100),(522853.23405;[0.95];[0.];21036.76071;[0.8988];[-0.0512];19914.02524;100),(523100.53039;[0.97];[0.02];20777.37122;[0.9338];[-0.0162];19648.25831;100),(526932.80911;[0.96];[0.01];20924.68984;[0.914];[-0.036];19824.47501;100),(528744.53163;[0.96];[0.01];21009.89075;[0.9062];[-0.0438];19904.71922;100),(530518.45002;[0.96];[0.01];21027.37965;[0.9031];[-0.0469];19918.11033;100),(531764.54020;[0.96];[0.01];21033.82944;[0.9];[-0.05];19917.12005;100),(532013.94606;[0.95];[0.];21034.75733;[0.8992];[-0.0508];19916.74914;100),(532426.81885;[0.96];[0.01];21033.84833;[0.9];[-0.05];19917.52985;100),(532736.10830;[0.96];[0.01];21033.84833;[0.9];[-0.05];19917.52985;100),(533049.86191;[0.96];[0.01];21035.11196;[0.9002];[-0.0498];19921.63769;100),(533331.11310;[0.96];[0.01];21035.11196;[0.9002];[-0.0498];19921.63769;100),(533605.92794;[0.96];[0.01];21035.11196;[0.9002];[-0.0498];19921.63769;100),(533830.75571;[0.96];[0.01];21035.11196;[0.9002];[-0.0498];19921.63769;100),(534127.28810;[0.96];[0.01];21035.11196;[0.9002];[-0.0498];19921.63769;100),(534362.85520;[0.96];[0.01];21035.11196;[0.9002];[-0.0498];19921.63769;100),(534632.59053;[0.96];[0.01];21035.11196;[0.9002];[-0.0498];19921.63769;100),(543222.50223;[0.94];[-0.01];21158.47331;[0.8524];[-0.0976];20038.69352;100),(547485.08358;[0.94];[-0.01];21158.47331;[0.8524];[-0.0976];20038.69352;100),(552486.60135;[0.94];[-0.01];21158.47331;[0.8524];[-0.0976];20038.69352;100),(556488.90710;[0.94];[-0.01];21158.47331;[0.8524];[-0.0976];20038.69352;100),(560608.38342;[0.94];[-0.01];21158.47331;[0.8524];[-0.0976];20038.69352;100),(561147.54248;[0.95];[0.];21036.76071;[0.8988];[-0.0512];19914.02524;100),(561669.07644;[0.97];[0.02];20777.37122;[0.9338];[-0.0162];19648.25831;100),(565695.86468;[0.96];[0.01];20924.68984;[0.914];[-0.036];19824.47501;100),(567597.36609;[0.96];[0.01];21009.89075;[0.9062];[-0.0438];19904.71922;100),(569451.33495;[0.96];[0.01];21027.37965;[0.9031];[-0.0469];19918.11033;100),(570735.57138;[0.96];[0.01];21033.82944;[0.9];[-0.05];19917.12005;100),(570986.11403;[0.95];[0.];21034.75733;[0.8992];[-0.0508];19916.74914;100),(571496.37842;[0.96];[0.01];21033.84833;[0.9];[-0.05];19917.52985;100),(571767.71402;[0.96];[0.01];21033.84833;[0.9];[-0.05];19917.52985;100),(572080.92594;[0.96];[0.01];21035.11196;[0.9002];[-0.0498];19921.63769;100),(572299.32213;[0.96];[0.01];21035.11196;[0.9002];[-0.0498];19921.63769;100),(572517.89308;[0.96];[0.01];21035.11196;[0.9002];[-0.0498];19921.63769;100),(572752.72989;[0.96];[0.01];21035.11196;[0.9002];[-0.0498];19921.63769;100),(573055.03201;[0.96];[0.01];21035.11196;[0.9002];[-0.0498];19921.63769;100),(573291.28981;[0.96];[0.01];21035.11196;[0.9002];[-0.0498];19921.63769;100),(573501.29724;[0.96];[0.01];21035.11196;[0.9002];[-0.0498];19921.63769;100),(580460.85215;[0.94];[-0.01];21158.47331;[0.8524];[-0.0976];20038.69352;100),(584092.34405;[0.94];[-0.01];21158.47331;[0.8524];[-0.0976];20038.69352;100),(588016.99948;[0.94];[-0.01];21158.47331;[0.8524];[-0.0976];20038.69352;100),(591671.03839;[0.94];[-0.01];21158.47331;[0.8524];[-0.0976];20038.69352;100),(595954.47588;[0.94];[-0.01];21158.47331;[0.8524];[-0.0976];20038.69352;100),(596385.84208;[0.95];[0.];21036.76071;[0.8988];[-0.0512];19914.02524;100),(596697.03770;[0.97];[0.02];20777.37122;[0.9338];[-0.0162];19648.25831;100),(600032.56178;[0.97];[0.02];20777.37122;[0.9338];[-0.0162];19648.25831;100)]"
0,10,18461.815025212625,[0.9778],[0.0278],602501.5931129456,"[(936.64336;[0.72];[-0.23];25808.93852;[0.669];[-0.281];19283.01986;100),(7469.54751;[0.72];[-0.23];25808.93852;[0.669];[-0.281];19283.01986;100),(10942.10720;[0.72];[-0.23];25808.93852;[0.669];[-0.281];19283.01986;100),(14471.44604;[0.72];[-0.23];25808.93852;[0.669];[-0.281];19283.01986;100),(17739.03203;[0.72];[-0.23];25808.93852;[0.669];[-0.281];19283.01986;100),(20990.36884;[0.72];[-0.23];25808.93852;[0.669];[-0.281];19283.01986;100),(21325.27208;[0.89];[-0.06];24257.84374;[0.8921];[-0.0579];19915.12305;100),(22260.16259;[0.93];[-0.02];22481.14090;[0.9611];[0.0111];19150.50092;100),(23019.16671;[0.96];[0.01];21392.22295;[0.9792];[0.0292];18709.06743;100),(27764.16469;[0.93];[-0.02];21884.90996;[0.9686];[0.0186];18682.13483;100),(29193.83574;[0.94];[-0.01];21684.88022;[0.9743];[0.0243];18559.64819;100),(30060.35137;[0.95];[0.];21548.48375;[0.9778];[0.0278];18461.81503;100),(31086.28654;[0.96];[0.01];21458.00840;[0.9794];[0.0294];18801.95314;100),(33217.95797;[0.95];[0.];21503.18840;[0.9778];[0.0278];18423.98526;100),(34346.91477;[0.95];[0.];21481.98486;[0.9776];[0.0276];18403.55640;100),(35355.86214;[0.95];[0.];21467.65690;[0.9784];[0.0284];18804.09143;100),(35817.56997;[0.96];[0.01];21463.84817;[0.9792];[0.0292];18806.68487;100),(36110.67152;[0.95];[0.];21466.55276;[0.9785];[0.0285];18803.60023;100),(36464.79154;[0.96];[0.01];21465.62639;[0.9792];[0.0292];18808.09322;100),(36713.27353;[0.96];[0.01];21465.62639;[0.9792];[0.0292];18808.09322;100),(37043.42556;[0.96];[0.01];21465.62639;[0.9792];[0.0292];18808.09322;100),(37391.20865;[0.95];[0.];21465.90161;[0.9789];[0.0289];18806.08375;100),(37634.10234;[0.95];[0.];21465.90161;[0.9789];[0.0289];18806.08375;100),(46424.66402;[0.72];[-0.23];25808.93852;[0.669];[-0.281];19283.01986;100),(50249.91655;[0.72];[-0.23];25808.93852;[0.669];[-0.281];19283.01986;100),(54052.91080;[0.72];[-0.23];25808.93852;[0.669];[-0.281];19283.01986;100),(58330.24383;[0.72];[-0.23];25808.93852;[0.669];[-0.281];19283.01986;100),(62004.62365;[0.72];[-0.23];25808.93852;[0.669];[-0.281];19283.01986;100),(62413.83553;[0.89];[-0.06];24257.84374;[0.8921];[-0.0579];19915.12305;100),(63355.34072;[0.93];[-0.02];22481.14090;[0.9611];[0.0111];19150.50092;100),(64180.11189;[0.96];[0.01];21392.22295;[0.9792];[0.0292];18709.06743;100),(69023.96345;[0.93];[-0.02];21884.90996;[0.9686];[0.0186];18682.13483;100),(70248.59786;[0.94];[-0.01];21684.88022;[0.9743];[0.0243];18559.64819;100),(70986.45020;[0.95];[0.];21548.48375;[0.9778];[0.0278];18461.81503;100),(72081.47407;[0.96];[0.01];21458.00840;[0.9794];[0.0294];18801.95314;100),(74306.50187;[0.95];[0.];21503.18840;[0.9778];[0.0278];18423.98526;100),(74817.41047;[0.95];[0.];21481.98486;[0.9776];[0.0276];18403.55640;100),(75570.24360;[0.95];[0.];21467.65690;[0.9784];[0.0284];18804.09143;100),(76014.42790;[0.96];[0.01];21463.84817;[0.9792];[0.0292];18806.68487;100),(76254.13370;[0.95];[0.];21466.55276;[0.9785];[0.0285];18803.60023;100),(76534.38616;[0.96];[0.01];21465.62639;[0.9792];[0.0292];18808.09322;100),(76760.45895;[0.96];[0.01];21465.62639;[0.9792];[0.0292];18808.09322;100),(77012.34913;[0.96];[0.01];21465.62639;[0.9792];[0.0292];18808.09322;100),(77252.34151;[0.95];[0.];21465.90161;[0.9789];[0.0289];18806.08375;100),(77473.05632;[0.95];[0.];21465.90161;[0.9789];[0.0289];18806.08375;100),(83784.25145;[0.72];[-0.23];25808.93852;[0.669];[-0.281];19283.01986;100),(87381.24275;[0.72];[-0.23];25808.93852;[0.669];[-0.281];19283.01986;100),(91115.03625;[0.72];[-0.23];25808.93852;[0.669];[-0.281];19283.01986;100),(94589.91289;[0.72];[-0.23];25808.93852;[0.669];[-0.281];19283.01986;100),(98032.74345;[0.72];[-0.23];25808.93852;[0.669];[-0.281];19283.01986;100),(98505.63598;[0.89];[-0.06];24257.84374;[0.8921];[-0.0579];19915.12305;100),(99697.23320;[0.93];[-0.02];22481.14090;[0.9611];[0.0111];19150.50092;100),(100453.46093;[0.96];[0.01];21392.22295;[0.9792];[0.0292];18709.06743;100),(105334.11050;[0.93];[-0.02];21884.90996;[0.9686];[0.0186];18682.13483;100),(106692.62600;[0.94];[-0.01];21684.88022;[0.9743];[0.0243];18559.64819;100),(107338.61876;[0.95];[0.];21548.48375;[0.9778];[0.0278];18461.81503;100),(108216.15648;[0.96];[0.01];21458.00840;[0.9794];[0.0294];18801.95314;100),(110526.94845;[0.95];[0.];21503.18840;[0.9778];[0.0278];18423.98526;100),(111395.09106;[0.95];[0.];21481.98486;[0.9776];[0.0276];18403.55640;100),(112319.48948;[0.95];[0.];21467.65690;[0.9784];[0.0284];18804.09143;100),(112748.78407;[0.96];[0.01];21463.84817;[0.9792];[0.0292];18806.68487;100),(113134.43303;[0.95];[0.];21466.55276;[0.9785];[0.0285];18803.60023;100),(113544.38615;[0.96];[0.01];21465.62639;[0.9792];[0.0292];18808.09322;100),(113801.48458;[0.96];[0.01];21465.62639;[0.9792];[0.0292];18808.09322;100),(114068.05372;[0.96];[0.01];21465.62639;[0.9792];[0.0292];18808.09322;100),(114378.05605;[0.95];[0.];21465.90161;[0.9789];[0.0289];18806.08375;100),(114646.04115;[0.95];[0.];21465.90161;[0.9789];[0.0289];18806.08375;100),(123317.04259;[0.72];[-0.23];25808.93852;[0.669];[-0.281];19283.01986;100),(128068.99309;[0.72];[-0.23];25808.93852;[0.669];[-0.281];19283.01986;100),(132888.78632;[0.72];[-0.23];25808.93852;[0.669];[-0.281];19283.01986;100),(137524.58000;[0.72];[-0.23];25808.93852;[0.669];[-0.281];19283.01986;100),(141655.74837;[0.72];[-0.23];25808.93852;[0.669];[-0.281];19283.01986;100),(142075.16479;[0.89];[-0.06];24257.84374;[0.8921];[-0.0579];19915.12305;100),(143244.42363;[0.93];[-0.02];22481.14090;[0.9611];[0.0111];19150.50092;100),(144504.85420;[0.96];[0.01];21392.22295;[0.9792];[0.0292];18709.06743;100),(149191.80965;[0.93];[-0.02];21884.90996;[0.9686];[0.0186];18682.13483;100),(150694.99779;[0.94];[-0.01];21684.88022;[0.9743];[0.0243];18559.64819;100),(151301.75829;[0.95];[0.];21548.48375;[0.9778];[0.0278];18461.81503;100),(152143.13030;[0.96];[0.01];21458.00840;[0.9794];[0.0294];18801.95314;100),(154396.26074;[0.95];[0.];21503.18840;[0.9778];[0.0278];18423.98526;100),(154904.26755;[0.95];[0.];21481.98486;[0.9776];[0.0276];18403.55640;100),(155592.18955;[0.95];[0.];21467.65690;[0.9784];[0.0284];18804.09143;100),(156009.21369;[0.96];[0.01];21463.84817;[0.9792];[0.0292];18806.68487;100),(156236.81784;[0.95];[0.];21466.55276;[0.9785];[0.0285];18803.60023;100),(156528.86486;[0.96];[0.01];21465.62639;[0.9792];[0.0292];18808.09322;100),(156759.69410;[0.96];[0.01];21465.62639;[0.9792];[0.0292];18808.09322;100),(156974.17665;[0.96];[0.01];21465.62639;[0.9792];[0.0292];18808.09322;100),(157200.58894;[0.95];[0.];21465.90161;[0.9789];[0.0289];18806.08375;100),(157416.33344;[0.95];[0.];21465.90161;[0.9789];[0.0289];18806.08375;100),(164326.91669;[0.72];[-0.23];25808.93852;[0.669];[-0.281];19283.01986;100),(168356.76742;[0.72];[-0.23];25808.93852;[0.669];[-0.281];19283.01986;100),(172553.58911;[0.72];[-0.23];25808.93852;[0.669];[-0.281];19283.01986;100),(176639.48750;[0.72];[-0.23];25808.93852;[0.669];[-0.281];19283.01986;100),(180941.07413;[0.72];[-0.23];25808.93852;[0.669];[-0.281];19283.01986;100),(181320.58024;[0.89];[-0.06];24257.84374;[0.8921];[-0.0579];19915.12305;100),(182381.60419;[0.93];[-0.02];22481.14090;[0.9611];[0.0111];19150.50092;100),(183300.65203;[0.96];[0.01];21392.22295;[0.9792];[0.0292];18709.06743;100),(188743.61229;[0.93];[-0.02];21884.90996;[0.9686];[0.0186];18682.13483;100),(189934.08990;[0.94];[-0.01];21684.88022;[0.9743];[0.0243];18559.64819;100),(190787.65750;[0.95];[0.];21548.48375;[0.9778];[0.0278];18461.81503;100),(191597.79787;[0.96];[0.01];21458.00840;[0.9794];[0.0294];18801.95314;100),(193722.05806;[0.95];[0.];21503.18840;[0.9778];[0.0278];18423.98526;100),(194567.35921;[0.95];[0.];21481.98486;[0.9776];[0.0276];18403.55640;100),(195574.25451;[0.95];[0.];21467.65690;[0.9784];[0.0284];18804.09143;100),(195918.69450;[0.96];[0.01];21463.84817;[0.9792];[0.0292];18806.68487;100),(196165.80248;[0.95];[0.];21466.55276;[0.9785];[0.0285];18803.60023;100),(196639.32085;[0.96];[0.01];21465.62639;[0.9792];[0.0292];18808.09322;100),(197013.11278;[0.96];[0.01];21465.62639;[0.9792];[0.0292];18808.09322;100),(197313.56478;[0.96];[0.01];21465.62639;[0.9792];[0.0292];18808.09322;100),(197642.21406;[0.95];[0.];21465.90161;[0.9789];[0.0289];18806.08375;100),(197998.72375;[0.95];[0.];21465.90161;[0.9789];[0.0289];18806.08375;100),(206631.85835;[0.72];[-0.23];25808.93852;[0.669];[-0.281];19283.01986;100),(210838.30380;[0.72];[-0.23];25808.93852;[0.669];[-0.281];19283.01986;100),(215080.87373;[0.72];[-0.23];25808.93852;[0.669];[-0.281];19283.01986;100),(219160.01821;[0.72];[-0.23];25808.93852;[0.669];[-0.281];19283.01986;100),(222890.06329;[0.72];[-0.23];25808.93852;[0.669];[-0.281];19283.01986;100),(223313.49277;[0.89];[-0.06];24257.84374;[0.8921];[-0.0579];19915.12305;100),(224515.44738;[0.93];[-0.02];22481.14090;[0.9611];[0.0111];19150.50092;100),(225210.16765;[0.96];[0.01];21392.22295;[0.9792];[0.0292];18709.06743;100),(230119.16924;[0.93];[-0.02];21884.90996;[0.9686];[0.0186];18682.13483;100),(231112.12468;[0.94];[-0.01];21684.88022;[0.9743];[0.0243];18559.64819;100),(231688.34782;[0.95];[0.];21548.48375;[0.9778];[0.0278];18461.81503;100),(232308.54821;[0.96];[0.01];21458.00840;[0.9794];[0.0294];18801.95314;100),(234237.88452;[0.95];[0.];21503.18840;[0.9778];[0.0278];18423.98526;100),(234742.00630;[0.95];[0.];21481.98486;[0.9776];[0.0276];18403.55640;100),(235443.67528;[0.95];[0.];21467.65690;[0.9784];[0.0284];18804.09143;100),(235756.79445;[0.96];[0.01];21463.84817;[0.9792];[0.0292];18806.68487;100),(236028.47719;[0.95];[0.];21466.55276;[0.9785];[0.0285];18803.60023;100),(236310.26816;[0.96];[0.01];21465.62639;[0.9792];[0.0292];18808.09322;100),(236509.38821;[0.96];[0.01];21465.62639;[0.9792];[0.0292];18808.09322;100),(236766.11209;[0.96];[0.01];21465.62639;[0.9792];[0.0292];18808.09322;100),(237004.97437;[0.95];[0.];21465.90161;[0.9789];[0.0289];18806.08375;100),(237279.83379;[0.95];[0.];21465.90161;[0.9789];[0.0289];18806.08375;100),(244603.96910;[0.72];[-0.23];25808.93852;[0.669];[-0.281];19283.01986;100),(248724.74408;[0.72];[-0.23];25808.93852;[0.669];[-0.281];19283.01986;100),(252919.71493;[0.72];[-0.23];25808.93852;[0.669];[-0.281];19283.01986;100),(257123.17300;[0.72];[-0.23];25808.93852;[0.669];[-0.281];19283.01986;100),(261219.58327;[0.72];[-0.23];25808.93852;[0.669];[-0.281];19283.01986;100),(261723.30189;[0.89];[-0.06];24257.84374;[0.8921];[-0.0579];19915.12305;100),(262775.60711;[0.93];[-0.02];22481.14090;[0.9611];[0.0111];19150.50092;100),(263573.31038;[0.96];[0.01];21392.22295;[0.9792];[0.0292];18709.06743;100),(268608.09731;[0.93];[-0.02];21884.90996;[0.9686];[0.0186];18682.13483;100),(269922.26982;[0.94];[-0.01];21684.88022;[0.9743];[0.0243];18559.64819;100),(271025.59543;[0.95];[0.];21548.48375;[0.9778];[0.0278];18461.81503;100),(271857.52630;[0.96];[0.01];21458.00840;[0.9794];[0.0294];18801.95314;100),(273950.44327;[0.95];[0.];21503.18840;[0.9778];[0.0278];18423.98526;100),(274777.27723;[0.95];[0.];21481.98486;[0.9776];[0.0276];18403.55640;100),(275873.85416;[0.95];[0.];21467.65690;[0.9784];[0.0284];18804.09143;100),(276213.65738;[0.96];[0.01];21463.84817;[0.9792];[0.0292];18806.68487;100),(276501.40357;[0.95];[0.];21466.55276;[0.9785];[0.0285];18803.60023;100),(276948.55928;[0.96];[0.01];21465.62639;[0.9792];[0.0292];18808.09322;100),(277190.20200;[0.96];[0.01];21465.62639;[0.9792];[0.0292];18808.09322;100),(277639.71615;[0.96];[0.01];21465.62639;[0.9792];[0.0292];18808.09322;100),(277893.72873;[0.95];[0.];21465.90161;[0.9789];[0.0289];18806.08375;100),(278218.59169;[0.95];[0.];21465.90161;[0.9789];[0.0289];18806.08375;100),(286660.05158;[0.72];[-0.23];25808.93852;[0.669];[-0.281];19283.01986;100),(291123.80457;[0.72];[-0.23];25808.93852;[0.669];[-0.281];19283.01986;100),(295356.72903;[0.72];[-0.23];25808.93852;[0.669];[-0.281];19283.01986;100),(299774.36638;[0.72];[-0.23];25808.93852;[0.669];[-0.281];19283.01986;100),(303706.39610;[0.72];[-0.23];25808.93852;[0.669];[-0.281];19283.01986;100),(304027.77004;[0.89];[-0.06];24257.84374;[0.8921];[-0.0579];19915.12305;100),(304898.12660;[0.93];[-0.02];22481.14090;[0.9611];[0.0111];19150.50092;100),(305625.04792;[0.96];[0.01];21392.22295;[0.9792];[0.0292];18709.06743;100),(309770.35904;[0.93];[-0.02];21884.90996;[0.9686];[0.0186];18682.13483;100),(310910.46858;[0.94];[-0.01];21684.88022;[0.9743];[0.0243];18559.64819;100),(311505.70464;[0.95];[0.];21548.48375;[0.9778];[0.0278];18461.81503;100),(312221.76695;[0.96];[0.01];21458.00840;[0.9794];[0.0294];18801.95314;100),(314181.52118;[0.95];[0.];21503.18840;[0.9778];[0.0278];18423.98526;100),(314723.06061;[0.95];[0.];21481.98486;[0.9776];[0.0276];18403.55640;100),(315449.90778;[0.95];[0.];21467.65690;[0.9784];[0.0284];18804.09143;100),(315789.63852;[0.96];[0.01];21463.84817;[0.9792];[0.0292];18806.68487;100),(316042.51909;[0.95];[0.];21466.55276;[0.9785];[0.0285];18803.60023;100),(316350.01969;[0.96];[0.01];21465.62639;[0.9792];[0.0292];18808.09322;100),(316558.74038;[0.96];[0.01];21465.62639;[0.9792];[0.0292];18808.09322;100),(316915.92360;[0.96];[0.01];21465.62639;[0.9792];[0.0292];18808.09322;100),(317197.84927;[0.95];[0.];21465.90161;[0.9789];[0.0289];18806.08375;100),(317458.89688;[0.95];[0.];21465.90161;[0.9789];[0.0289];18806.08375;100),(325852.55814;[0.72];[-0.23];25808.93852;[0.669];[-0.281];19283.01986;100),(329990.49687;[0.72];[-0.23];25808.93852;[0.669];[-0.281];19283.01986;100),(334291.91422;[0.72];[-0.23];25808.93852;[0.669];[-0.281];19283.01986;100),(338413.26046;[0.72];[-0.23];25808.93852;[0.669];[-0.281];19283.01986;100),(342663.83934;[0.72];[-0.23];25808.93852;[0.669];[-0.281];19283.01986;100),(343105.38077;[0.89];[-0.06];24257.84374;[0.8921];[-0.0579];19915.12305;100),(344123.34538;[0.93];[-0.02];22481.14090;[0.9611];[0.0111];19150.50092;100),(345129.73976;[0.96];[0.01];21392.22295;[0.9792];[0.0292];18709.06743;100),(350104.85673;[0.93];[-0.02];21884.90996;[0.9686];[0.0186];18682.13483;100),(351498.87180;[0.94];[-0.01];21684.88022;[0.9743];[0.0243];18559.64819;100),(352343.08004;[0.95];[0.];21548.48375;[0.9778];[0.0278];18461.81503;100),(353338.11426;[0.96];[0.01];21458.00840;[0.9794];[0.0294];18801.95314;100),(355151.97659;[0.95];[0.];21503.18840;[0.9778];[0.0278];18423.98526;100),(355891.70194;[0.95];[0.];21481.98486;[0.9776];[0.0276];18403.55640;100),(356774.72782;[0.95];[0.];21467.65690;[0.9784];[0.0284];18804.09143;100),(357261.94048;[0.96];[0.01];21463.84817;[0.9792];[0.0292];18806.68487;100),(357529.44398;[0.95];[0.];21466.55276;[0.9785];[0.0285];18803.60023;100),(357961.56669;[0.96];[0.01];21465.62639;[0.9792];[0.0292];18808.09322;100),(358211.56240;[0.96];[0.01];21465.62639;[0.9792];[0.0292];18808.09322;100),(358592.67473;[0.96];[0.01];21465.62639;[0.9792];[0.0292];18808.09322;100),(358856.86970;[0.95];[0.];21465.90161;[0.9789];[0.0289];18806.08375;100),(359074.78142;[0.95];[0.];21465.90161;[0.9789];[0.0289];18806.08375;100),(367004.67992;[0.72];[-0.23];25808.93852;[0.669];[-0.281];19283.01986;100),(370823.68731;[0.72];[-0.23];25808.93852;[0.669];[-0.281];19283.01986;100),(374837.86130;[0.72];[-0.23];25808.93852;[0.669];[-0.281];19283.01986;100),(378705.94478;[0.72];[-0.23];25808.93852;[0.669];[-0.281];19283.01986;100),(382124.54748;[0.72];[-0.23];25808.93852;[0.669];[-0.281];19283.01986;100),(382798.92373;[0.89];[-0.06];24257.84374;[0.8921];[-0.0579];19915.12305;100),(383871.69361;[0.93];[-0.02];22481.14090;[0.9611];[0.0111];19150.50092;100),(384628.19028;[0.96];[0.01];21392.22295;[0.9792];[0.0292];18709.06743;100),(389255.69367;[0.93];[-0.02];21884.90996;[0.9686];[0.0186];18682.13483;100),(390386.70087;[0.94];[-0.01];21684.88022;[0.9743];[0.0243];18559.64819;100),(391226.98689;[0.95];[0.];21548.48375;[0.9778];[0.0278];18461.81503;100),(392007.19547;[0.96];[0.01];21458.00840;[0.9794];[0.0294];18801.95314;100),(394286.49688;[0.95];[0.];21503.18840;[0.9778];[0.0278];18423.98526;100),(394829.87022;[0.95];[0.];21481.98486;[0.9776];[0.0276];18403.55640;100),(395717.95940;[0.95];[0.];21467.65690;[0.9784];[0.0284];18804.09143;100),(396112.02502;[0.96];[0.01];21463.84817;[0.9792];[0.0292];18806.68487;100),(396628.80683;[0.95];[0.];21466.55276;[0.9785];[0.0285];18803.60023;100),(396927.37651;[0.96];[0.01];21465.62639;[0.9792];[0.0292];18808.09322;100),(397312.32071;[0.96];[0.01];21465.62639;[0.9792];[0.0292];18808.09322;100),(397579.06771;[0.96];[0.01];21465.62639;[0.9792];[0.0292];18808.09322;100),(397968.76335;[0.95];[0.];21465.90161;[0.9789];[0.0289];18806.08375;100),(398185.31966;[0.95];[0.];21465.90161;[0.9789];[0.0289];18806.08375;100),(406209.83577;[0.72];[-0.23];25808.93852;[0.669];[-0.281];19283.01986;100),(410029.74105;[0.72];[-0.23];25808.93852;[0.669];[-0.281];19283.01986;100),(414234.22551;[0.72];[-0.23];25808.93852;[0.669];[-0.281];19283.01986;100),(418681.54359;[0.72];[-0.23];25808.93852;[0.669];[-0.281];19283.01986;100),(422673.86889;[0.72];[-0.23];25808.93852;[0.669];[-0.281];19283.01986;100),(423085.47854;[0.89];[-0.06];24257.84374;[0.8921];[-0.0579];19915.12305;100),(424093.60766;[0.93];[-0.02];22481.14090;[0.9611];[0.0111];19150.50092;100),(425111.50217;[0.96];[0.01];21392.22295;[0.9792];[0.0292];18709.06743;100),(429996.73557;[0.93];[-0.02];21884.90996;[0.9686];[0.0186];18682.13483;100),(431403.80406;[0.94];[-0.01];21684.88022;[0.9743];[0.0243];18559.64819;100),(432063.55047;[0.95];[0.];21548.48375;[0.9778];[0.0278];18461.81503;100),(433164.89029;[0.96];[0.01];21458.00840;[0.9794];[0.0294];18801.95314;100),(435457.07297;[0.95];[0.];21503.18840;[0.9778];[0.0278];18423.98526;100),(436157.79185;[0.95];[0.];21481.98486;[0.9776];[0.0276];18403.55640;100),(437040.16089;[0.95];[0.];21467.65690;[0.9784];[0.0284];18804.09143;100),(437438.32755;[0.96];[0.01];21463.84817;[0.9792];[0.0292];18806.68487;100),(437669.33441;[0.95];[0.];21466.55276;[0.9785];[0.0285];18803.60023;100),(437952.95119;[0.96];[0.01];21465.62639;[0.9792];[0.0292];18808.09322;100),(438154.93917;[0.96];[0.01];21465.62639;[0.9792];[0.0292];18808.09322;100),(438484.72142;[0.96];[0.01];21465.62639;[0.9792];[0.0292];18808.09322;100),(438841.23063;[0.95];[0.];21465.90161;[0.9789];[0.0289];18806.08375;100),(439148.69118;[0.95];[0.];21465.90161;[0.9789];[0.0289];18806.08375;100),(447037.91976;[0.72];[-0.23];25808.93852;[0.669];[-0.281];19283.01986;100),(450972.66603;[0.72];[-0.23];25808.93852;[0.669];[-0.281];19283.01986;100),(455255.91493;[0.72];[-0.23];25808.93852;[0.669];[-0.281];19283.01986;100),(458951.28059;[0.72];[-0.23];25808.93852;[0.669];[-0.281];19283.01986;100),(462366.84370;[0.72];[-0.23];25808.93852;[0.669];[-0.281];19283.01986;100),(462690.36174;[0.89];[-0.06];24257.84374;[0.8921];[-0.0579];19915.12305;100),(463670.56966;[0.93];[-0.02];22481.14090;[0.9611];[0.0111];19150.50092;100),(464324.38493;[0.96];[0.01];21392.22295;[0.9792];[0.0292];18709.06743;100),(468454.68831;[0.93];[-0.02];21884.90996;[0.9686];[0.0186];18682.13483;100),(469762.52151;[0.94];[-0.01];21684.88022;[0.9743];[0.0243];18559.64819;100),(470373.62337;[0.95];[0.];21548.48375;[0.9778];[0.0278];18461.81503;100),(471048.26570;[0.96];[0.01];21458.00840;[0.9794];[0.0294];18801.95314;100),(473248.75665;[0.95];[0.];21503.18840;[0.9778];[0.0278];18423.98526;100),(473980.81589;[0.95];[0.];21481.98486;[0.9776];[0.0276];18403.55640;100),(474873.32773;[0.95];[0.];21467.65690;[0.9784];[0.0284];18804.09143;100),(475219.35749;[0.96];[0.01];21463.84817;[0.9792];[0.0292];18806.68487;100),(475445.39642;[0.95];[0.];21466.55276;[0.9785];[0.0285];18803.60023;100),(475739.77351;[0.96];[0.01];21465.62639;[0.9792];[0.0292];18808.09322;100),(475969.32173;[0.96];[0.01];21465.62639;[0.9792];[0.0292];18808.09322;100),(476251.90163;[0.96];[0.01];21465.62639;[0.9792];[0.0292];18808.09322;100),(476529.85096;[0.95];[0.];21465.90161;[0.9789];[0.0289];18806.08375;100),(476903.27859;[0.95];[0.];21465.90161;[0.9789];[0.0289];18806.08375;100),(484350.41666;[0.72];[-0.23];25808.93852;[0.669];[-0.281];19283.01986;100),(488692.13676;[0.72];[-0.23];25808.93852;[0.669];[-0.281];19283.01986;100),(493185.35471;[0.72];[-0.23];25808.93852;[0.669];[-0.281];19283.01986;100),(497418.49709;[0.72];[-0.23];25808.93852;[0.669];[-0.281];19283.01986;100),(501409.48009;[0.72];[-0.23];25808.93852;[0.669];[-0.281];19283.01986;100),(502055.48596;[0.89];[-0.06];24257.84374;[0.8921];[-0.0579];19915.12305;100),(503086.16614;[0.93];[-0.02];22481.14090;[0.9611];[0.0111];19150.50092;100),(503790.71259;[0.96];[0.01];21392.22295;[0.9792];[0.0292];18709.06743;100),(508610.23760;[0.93];[-0.02];21884.90996;[0.9686];[0.0186];18682.13483;100),(509853.60312;[0.94];[-0.01];21684.88022;[0.9743];[0.0243];18559.64819;100),(510622.75624;[0.95];[0.];21548.48375;[0.9778];[0.0278];18461.81503;100),(511264.92405;[0.96];[0.01];21458.00840;[0.9794];[0.0294];18801.95314;100),(513425.80414;[0.95];[0.];21503.18840;[0.9778];[0.0278];18423.98526;100),(514013.65662;[0.95];[0.];21481.98486;[0.9776];[0.0276];18403.55640;100),(514793.46871;[0.95];[0.];21467.65690;[0.9784];[0.0284];18804.09143;100),(515208.10413;[0.96];[0.01];21463.84817;[0.9792];[0.0292];18806.68487;100),(515460.63375;[0.95];[0.];21466.55276;[0.9785];[0.0285];18803.60023;100),(515758.88753;[0.96];[0.01];21465.62639;[0.9792];[0.0292];18808.09322;100),(515976.85313;[0.96];[0.01];21465.62639;[0.9792];[0.0292];18808.09322;100),(516233.95276;[0.96];[0.01];21465.62639;[0.9792];[0.0292];18808.09322;100),(516489.31789;[0.95];[0.];21465.90161;[0.9789];[0.0289];18806.08375;100),(516719.85579;[0.95];[0.];21465.90161;[0.9789];[0.0289];18806.08375;100),(523565.55843;[0.72];[-0.23];25808.93852;[0.669];[-0.281];19283.01986;100),(527273.45157;[0.72];[-0.23];25808.93852;[0.669];[-0.281];19283.01986;100),(530970.49356;[0.72];[-0.23];25808.93852;[0.669];[-0.281];19283.01986;100),(534262.66098;[0.72];[-0.23];25808.93852;[0.669];[-0.281];19283.01986;100),(537446.74730;[0.72];[-0.23];25808.93852;[0.669];[-0.281];19283.01986;100),(537787.86325;[0.89];[-0.06];24257.84374;[0.8921];[-0.0579];19915.12305;100),(538902.72379;[0.93];[-0.02];22481.14090;[0.9611];[0.0111];19150.50092;100),(539581.90131;[0.96];[0.01];21392.22295;[0.9792];[0.0292];18709.06743;100),(543704.71025;[0.93];[-0.02];21884.90996;[0.9686];[0.0186];18682.13483;100),(544795.02368;[0.94];[-0.01];21684.88022;[0.9743];[0.0243];18559.64819;100),(545429.81148;[0.95];[0.];21548.48375;[0.9778];[0.0278];18461.81503;100),(546091.39538;[0.96];[0.01];21458.00840;[0.9794];[0.0294];18801.95314;100),(548137.41851;[0.95];[0.];21503.18840;[0.9778];[0.0278];18423.98526;100),(548734.64823;[0.95];[0.];21481.98486;[0.9776];[0.0276];18403.55640;100),(549484.51209;[0.95];[0.];21467.65690;[0.9784];[0.0284];18804.09143;100),(549822.48211;[0.96];[0.01];21463.84817;[0.9792];[0.0292];18806.68487;100),(550087.59308;[0.95];[0.];21466.55276;[0.9785];[0.0285];18803.60023;100),(550480.85570;[0.96];[0.01];21465.62639;[0.9792];[0.0292];18808.09322;100),(550713.56797;[0.96];[0.01];21465.62639;[0.9792];[0.0292];18808.09322;100),(550982.77092;[0.96];[0.01];21465.62639;[0.9792];[0.0292];18808.09322;100),(551361.78160;[0.95];[0.];21465.90161;[0.9789];[0.0289];18806.08375;100),(551632.49087;[0.95];[0.];21465.90161;[0.9789];[0.0289];18806.08375;100),(558707.53908;[0.72];[-0.23];25808.93852;[0.669];[-0.281];19283.01986;100),(562930.08280;[0.72];[-0.23];25808.93852;[0.669];[-0.281];19283.01986;100),(567396.29221;[0.72];[-0.23];25808.93852;[0.669];[-0.281];19283.01986;100),(571695.00041;[0.72];[-0.23];25808.93852;[0.669];[-0.281];19283.01986;100),(576186.92636;[0.72];[-0.23];25808.93852;[0.669];[-0.281];19283.01986;100),(576771.45195;[0.89];[-0.06];24257.84374;[0.8921];[-0.0579];19915.12305;100),(577734.12466;[0.93];[-0.02];22481.14090;[0.9611];[0.0111];19150.50092;100),(578736.67455;[0.96];[0.01];21392.22295;[0.9792];[0.0292];18709.06743;100),(583762.67481;[0.93];[-0.02];21884.90996;[0.9686];[0.0186];18682.13483;100),(584968.88208;[0.94];[-0.01];21684.88022;[0.9743];[0.0243];18559.64819;100),(585560.59122;[0.95];[0.];21548.48375;[0.9778];[0.0278];18461.81503;100),(586192.22617;[0.96];[0.01];21458.00840;[0.9794];[0.0294];18801.95314;100),(588108.38294;[0.95];[0.];21503.18840;[0.9778];[0.0278];18423.98526;100),(588618.68358;[0.95];[0.];21481.98486;[0.9776];[0.0276];18403.55640;100),(589759.82285;[0.95];[0.];21467.65690;[0.9784];[0.0284];18804.09143;100),(590093.56737;[0.96];[0.01];21463.84817;[0.9792];[0.0292];18806.68487;100),(590337.47554;[0.95];[0.];21466.55276;[0.9785];[0.0285];18803.60023;100),(590632.66873;[0.96];[0.01];21465.62639;[0.9792];[0.0292];18808.09322;100),(590857.97024;[0.96];[0.01];21465.62639;[0.9792];[0.0292];18808.09322;100),(591080.13272;[0.96];[0.01];21465.62639;[0.9792];[0.0292];18808.09322;100),(591314.26430;[0.95];[0.];21465.90161;[0.9789];[0.0289];18806.08375;100),(591533.26011;[0.95];[0.];21465.90161;[0.9789];[0.0289];18806.08375;100),(598627.88391;[0.72];[-0.23];25808.93852;[0.669];[-0.281];19283.01986;100)]"
2,2,10968.93384798242,[0.9378],[-0.0122],601312.3669624329,"[(1001.87039;[0.77];[-0.18];13314.30328;[0.7521];[-0.1979];11280.72277;100),(7200.79231;[0.77];[-0.18];13314.30328;[0.7521];[-0.1979];11280.72277;100),(10616.48059;[0.77];[-0.18];13314.30328;[0.7521];[-0.1979];11280.72277;100),(14026.24679;[0.77];[-0.18];13314.30328;[0.7521];[-0.1979];11280.72277;100),(17275.18892;[0.77];[-0.18];13314.30328;[0.7521];[-0.1979];11280.72277;100),(20403.14698;[0.77];[-0.18];13314.30328;[0.7521];[-0.1979];11280.72277;100),(22550.59600;[0.87];[-0.08];12615.32706;[0.9039];[-0.0461];11104.09392;100),(23569.68164;[0.96];[0.01];11969.34512;[0.9583];[0.0083];10807.53128;100),(25215.67082;[0.94];[-0.01];12242.11053;[0.936];[-0.014];10871.22368;100),(25652.49395;[0.96];[0.01];12156.91233;[0.9459];[-0.0041];10985.67789;100),(26391.65711;[0.95];[0.];12201.53735;[0.9378];[-0.0122];10968.93385;100),(26854.35843;[0.95];[0.];12182.76641;[0.9437];[-0.0063];10985.72978;100),(27235.80694;[0.96];[0.01];12171.17831;[0.9442];[-0.0058];10986.25899;100),(27714.52618;[0.95];[0.];12177.37527;[0.942];[-0.008];10980.59602;100),(28120.64457;[0.95];[0.];12173.57251;[0.9423];[-0.0077];10984.79077;100),(28457.46732;[0.96];[0.01];12172.43909;[0.945];[-0.005];10986.60208;100),(28998.62361;[0.96];[0.01];12172.68407;[0.944];[-0.006];10985.32826;100),(29441.88738;[0.96];[0.01];12173.32529;[0.9449];[-0.0051];10985.71007;100),(29934.80086;[0.96];[0.01];12173.39759;[0.945];[-0.005];10986.46520;100),(30396.16799;[0.96];[0.01];12173.39759;[0.945];[-0.005];10986.46520;100),(30893.14818;[0.95];[0.];12173.57251;[0.9423];[-0.0077];10984.79077;100),(31335.62565;[0.95];[0.];12173.27129;[0.9423];[-0.0077];10984.48526;100),(39489.15672;[0.77];[-0.18];13314.30328;[0.7521];[-0.1979];11280.72277;100),(43396.03472;[0.77];[-0.18];13314.30328;[0.7521];[-0.1979];11280.72277;100),(47402.76384;[0.77];[-0.18];13314.30328;[0.7521];[-0.1979];11280.72277;100),(52658.84447;[0.77];[-0.18];13314.30328;[0.7521];[-0.1979];11280.72277;100),(56608.46972;[0.77];[-0.18];13314.30328;[0.7521];[-0.1979];11280.72277;100),(59238.97386;[0.87];[-0.08];12615.32706;[0.9039];[-0.0461];11104.09392;100),(60466.16197;[0.96];[0.01];11969.34512;[0.9583];[0.0083];10807.53128;100),(62207.87477;[0.94];[-0.01];12242.11053;[0.936];[-0.014];10871.22368;100),(62627.12097;[0.96];[0.01];12156.91233;[0.9459];[-0.0041];10985.67789;100),(63557.04260;[0.95];[0.];12201.53735;[0.9378];[-0.0122];10968.93385;100),(64054.87800;[0.95];[0.];12182.76641;[0.9437];[-0.0063];10985.72978;100),(64386.80339;[0.96];[0.01];12171.17831;[0.9442];[-0.0058];10986.25899;100),(64933.92444;[0.95];[0.];12177.37527;[0.942];[-0.008];10980.59602;100),(65319.00859;[0.95];[0.];12173.57251;[0.9423];[-0.0077];10984.79077;100),(65754.33469;[0.96];[0.01];12172.43909;[0.945];[-0.005];10986.60208;100),(66428.57003;[0.96];[0.01];12172.68407;[0.944];[-0.006];10985.32826;100),(66989.39419;[0.96];[0.01];12173.32529;[0.9449];[-0.0051];10985.71007;100),(67426.16177;[0.96];[0.01];12173.39759;[0.945];[-0.005];10986.46520;100),(67934.94391;[0.96];[0.01];12173.39759;[0.945];[-0.005];10986.46520;100),(68482.31864;[0.95];[0.];12173.57251;[0.9423];[-0.0077];10984.79077;100),(68952.24667;[0.95];[0.];12173.27129;[0.9423];[-0.0077];10984.48526;100),(76690.35435;[0.77];[-0.18];13314.30328;[0.7521];[-0.1979];11280.72277;100),(80301.15843;[0.77];[-0.18];13314.30328;[0.7521];[-0.1979];11280.72277;100),(83810.75692;[0.77];[-0.18];13314.30328;[0.7521];[-0.1979];11280.72277;100),(87276.10111;[0.77];[-0.18];13314.30328;[0.7521];[-0.1979];11280.72277;100),(90578.77541;[0.77];[-0.18];13314.30328;[0.7521];[-0.1979];11280.72277;100),(92487.05983;[0.87];[-0.08];12615.32706;[0.9039];[-0.0461];11104.09392;100),(93400.44117;[0.96];[0.01];11969.34512;[0.9583];[0.0083];10807.53128;100),(95068.22753;[0.94];[-0.01];12242.11053;[0.936];[-0.014];10871.22368;100),(95465.97290;[0.96];[0.01];12156.91233;[0.9459];[-0.0041];10985.67789;100),(96378.08633;[0.95];[0.];12201.53735;[0.9378];[-0.0122];10968.93385;100),(96931.45204;[0.95];[0.];12182.76641;[0.9437];[-0.0063];10985.72978;100),(97411.12208;[0.96];[0.01];12171.17831;[0.9442];[-0.0058];10986.25899;100),(97920.93420;[0.95];[0.];12177.37527;[0.942];[-0.008];10980.59602;100),(98388.22508;[0.95];[0.];12173.57251;[0.9423];[-0.0077];10984.79077;100),(98764.61363;[0.96];[0.01];12172.43909;[0.945];[-0.005];10986.60208;100),(99298.90227;[0.96];[0.01];12172.68407;[0.944];[-0.006];10985.32826;100),(99780.43842;[0.96];[0.01];12173.32529;[0.9449];[-0.0051];10985.71007;100),(100319.98992;[0.96];[0.01];12173.39759;[0.945];[-0.005];10986.46520;100),(100765.20896;[0.96];[0.01];12173.39759;[0.945];[-0.005];10986.46520;100),(101233.93011;[0.95];[0.];12173.57251;[0.9423];[-0.0077];10984.79077;100),(101738.28483;[0.95];[0.];12173.27129;[0.9423];[-0.0077];10984.48526;100),(110689.10909;[0.77];[-0.18];13314.30328;[0.7521];[-0.1979];11280.72277;100),(115159.91163;[0.77];[-0.18];13314.30328;[0.7521];[-0.1979];11280.72277;100),(120568.46833;[0.77];[-0.18];13314.30328;[0.7521];[-0.1979];11280.72277;100),(124841.91132;[0.77];[-0.18];13314.30328;[0.7521];[-0.1979];11280.72277;100),(128905.24507;[0.77];[-0.18];13314.30328;[0.7521];[-0.1979];11280.72277;100),(130755.23853;[0.87];[-0.08];12615.32706;[0.9039];[-0.0461];11104.09392;100),(131953.80378;[0.96];[0.01];11969.34512;[0.9583];[0.0083];10807.53128;100),(133611.15456;[0.94];[-0.01];12242.11053;[0.936];[-0.014];10871.22368;100),(133952.47221;[0.96];[0.01];12156.91233;[0.9459];[-0.0041];10985.67789;100),(134841.50314;[0.95];[0.];12201.53735;[0.9378];[-0.0122];10968.93385;100),(135345.55221;[0.95];[0.];12182.76641;[0.9437];[-0.0063];10985.72978;100),(135755.37634;[0.96];[0.01];12171.17831;[0.9442];[-0.0058];10986.25899;100),(136241.26315;[0.95];[0.];12177.37527;[0.942];[-0.008];10980.59602;100),(136595.47162;[0.95];[0.];12173.57251;[0.9423];[-0.0077];10984.79077;100),(136966.69507;[0.96];[0.01];12172.43909;[0.945];[-0.005];10986.60208;100),(137447.02387;[0.96];[0.01];12172.68407;[0.944];[-0.006];10985.32826;100),(137887.30311;[0.96];[0.01];12173.32529;[0.9449];[-0.0051];10985.71007;100),(138388.93986;[0.96];[0.01];12173.39759;[0.945];[-0.005];10986.46520;100),(138817.41238;[0.96];[0.01];12173.39759;[0.945];[-0.005];10986.46520;100),(139265.89465;[0.95];[0.];12173.57251;[0.9423];[-0.0077];10984.79077;100),(139781.15463;[0.95];[0.];12173.27129;[0.9423];[-0.0077];10984.48526;100),(147005.17726;[0.77];[-0.18];13314.30328;[0.7521];[-0.1979];11280.72277;100),(150735.01825;[0.77];[-0.18];13314.30328;[0.7521];[-0.1979];11280.72277;100),(154755.49603;[0.77];[-0.18];13314.30328;[0.7521];[-0.1979];11280.72277;100),(158391.29424;[0.77];[-0.18];13314.30328;[0.7521];[-0.1979];11280.72277;100),(162065.77134;[0.77];[-0.18];13314.30328;[0.7521];[-0.1979];11280.72277;100),(164445.99462;[0.87];[-0.08];12615.32706;[0.9039];[-0.0461];11104.09392;100),(165413.39707;[0.96];[0.01];11969.34512;[0.9583];[0.0083];10807.53128;100),(167561.56397;[0.94];[-0.01];12242.11053;[0.936];[-0.014];10871.22368;100),(167989.78877;[0.96];[0.01];12156.91233;[0.9459];[-0.0041];10985.67789;100),(168690.47880;[0.95];[0.];12201.53735;[0.9378];[-0.0122];10968.93385;100),(169157.57680;[0.95];[0.];12182.76641;[0.9437];[-0.0063];10985.72978;100),(169532.35888;[0.96];[0.01];12171.17831;[0.9442];[-0.0058];10986.25899;100),(170036.51142;[0.95];[0.];12177.37527;[0.942];[-0.008];10980.59602;100),(170429.77285;[0.95];[0.];12173.57251;[0.9423];[-0.0077];10984.79077;100),(170803.18117;[0.96];[0.01];12172.43909;[0.945];[-0.005];10986.60208;100),(171301.45073;[0.96];[0.01];12172.68407;[0.944];[-0.006];10985.32826;100),(171739.28356;[0.96];[0.01];12173.32529;[0.9449];[-0.0051];10985.71007;100),(172330.87182;[0.96];[0.01];12173.39759;[0.945];[-0.005];10986.46520;100),(172762.30264;[0.96];[0.01];12173.39759;[0.945];[-0.005];10986.46520;100),(173182.96385;[0.95];[0.];12173.57251;[0.9423];[-0.0077];10984.79077;100),(173597.33105;[0.95];[0.];12173.27129;[0.9423];[-0.0077];10984.48526;100),(181806.41246;[0.77];[-0.18];13314.30328;[0.7521];[-0.1979];11280.72277;100),(186735.06808;[0.77];[-0.18];13314.30328;[0.7521];[-0.1979];11280.72277;100),(191526.93129;[0.77];[-0.18];13314.30328;[0.7521];[-0.1979];11280.72277;100),(195550.10533;[0.77];[-0.18];13314.30328;[0.7521];[-0.1979];11280.72277;100),(199684.33070;[0.77];[-0.18];13314.30328;[0.7521];[-0.1979];11280.72277;100),(202395.75291;[0.87];[-0.08];12615.32706;[0.9039];[-0.0461];11104.09392;100),(203368.23893;[0.96];[0.01];11969.34512;[0.9583];[0.0083];10807.53128;100),(205307.97458;[0.94];[-0.01];12242.11053;[0.936];[-0.014];10871.22368;100),(205639.97483;[0.96];[0.01];12156.91233;[0.9459];[-0.0041];10985.67789;100),(206362.60056;[0.95];[0.];12201.53735;[0.9378];[-0.0122];10968.93385;100),(206860.08072;[0.95];[0.];12182.76641;[0.9437];[-0.0063];10985.72978;100),(207367.97214;[0.96];[0.01];12171.17831;[0.9442];[-0.0058];10986.25899;100),(207960.46638;[0.95];[0.];12177.37527;[0.942];[-0.008];10980.59602;100),(208375.17333;[0.95];[0.];12173.57251;[0.9423];[-0.0077];10984.79077;100),(208834.56182;[0.96];[0.01];12172.43909;[0.945];[-0.005];10986.60208;100),(209296.76819;[0.96];[0.01];12172.68407;[0.944];[-0.006];10985.32826;100),(209829.18000;[0.96];[0.01];12173.32529;[0.9449];[-0.0051];10985.71007;100),(210316.30874;[0.96];[0.01];12173.39759;[0.945];[-0.005];10986.46520;100),(210743.81733;[0.96];[0.01];12173.39759;[0.945];[-0.005];10986.46520;100),(211199.03946;[0.95];[0.];12173.57251;[0.9423];[-0.0077];10984.79077;100),(211552.86622;[0.95];[0.];12173.27129;[0.9423];[-0.0077];10984.48526;100),(218428.38764;[0.77];[-0.18];13314.30328;[0.7521];[-0.1979];11280.72277;100),(222108.69598;[0.77];[-0.18];13314.30328;[0.7521];[-0.1979];11280.72277;100),(225764.15563;[0.77];[-0.18];13314.30328;[0.7521];[-0.1979];11280.72277;100),(229714.02907;[0.77];[-0.18];13314.30328;[0.7521];[-0.1979];11280.72277;100),(233767.20977;[0.77];[-0.18];13314.30328;[0.7521];[-0.1979];11280.72277;100),(236008.68368;[0.87];[-0.08];12615.32706;[0.9039];[-0.0461];11104.09392;100),(237093.38379;[0.96];[0.01];11969.34512;[0.9583];[0.0083];10807.53128;100),(238823.17305;[0.94];[-0.01];12242.11053;[0.936];[-0.014];10871.22368;100),(239229.26545;[0.96];[0.01];12156.91233;[0.9459];[-0.0041];10985.67789;100),(240055.80235;[0.95];[0.];12201.53735;[0.9378];[-0.0122];10968.93385;100),(240855.01313;[0.95];[0.];12182.76641;[0.9437];[-0.0063];10985.72978;100),(241284.34515;[0.96];[0.01];12171.17831;[0.9442];[-0.0058];10986.25899;100),(241790.54809;[0.95];[0.];12177.37527;[0.942];[-0.008];10980.59602;100),(242180.57609;[0.95];[0.];12173.57251;[0.9423];[-0.0077];10984.79077;100),(242504.09627;[0.96];[0.01];12172.43909;[0.945];[-0.005];10986.60208;100),(243018.62836;[0.96];[0.01];12172.68407;[0.944];[-0.006];10985.32826;100),(243501.21927;[0.96];[0.01];12173.32529;[0.9449];[-0.0051];10985.71007;100),(244065.98783;[0.96];[0.01];12173.39759;[0.945];[-0.005];10986.46520;100),(244523.19574;[0.96];[0.01];12173.39759;[0.945];[-0.005];10986.46520;100),(245060.19235;[0.95];[0.];12173.57251;[0.9423];[-0.0077];10984.79077;100),(245509.10139;[0.95];[0.];12173.27129;[0.9423];[-0.0077];10984.48526;100),(254149.05405;[0.77];[-0.18];13314.30328;[0.7521];[-0.1979];11280.72277;100),(258558.07376;[0.77];[-0.18];13314.30328;[0.7521];[-0.1979];11280.72277;100),(263284.29818;[0.77];[-0.18];13314.30328;[0.7521];[-0.1979];11280.72277;100),(267550.25625;[0.77];[-0.18];13314.30328;[0.7521];[-0.1979];11280.72277;100),(272619.52400;[0.77];[-0.18];13314.30328;[0.7521];[-0.1979];11280.72277;100),(275136.90662;[0.87];[-0.08];12615.32706;[0.9039];[-0.0461];11104.09392;100),(276359.24244;[0.96];[0.01];11969.34512;[0.9583];[0.0083];10807.53128;100),(278134.77302;[0.94];[-0.01];12242.11053;[0.936];[-0.014];10871.22368;100),(278630.07402;[0.96];[0.01];12156.91233;[0.9459];[-0.0041];10985.67789;100),(279444.18859;[0.95];[0.];12201.53735;[0.9378];[-0.0122];10968.93385;100),(280104.00033;[0.95];[0.];12182.76641;[0.9437];[-0.0063];10985.72978;100),(280572.46566;[0.96];[0.01];12171.17831;[0.9442];[-0.0058];10986.25899;100),(281071.35510;[0.95];[0.];12177.37527;[0.942];[-0.008];10980.59602;100),(281427.15693;[0.95];[0.];12173.57251;[0.9423];[-0.0077];10984.79077;100),(281727.09632;[0.96];[0.01];12172.43909;[0.945];[-0.005];10986.60208;100),(282184.72886;[0.96];[0.01];12172.68407;[0.944];[-0.006];10985.32826;100),(282621.76967;[0.96];[0.01];12173.32529;[0.9449];[-0.0051];10985.71007;100),(283093.01972;[0.96];[0.01];12173.39759;[0.945];[-0.005];10986.46520;100),(283564.17203;[0.96];[0.01];12173.39759;[0.945];[-0.005];10986.46520;100),(284012.68673;[0.95];[0.];12173.57251;[0.9423];[-0.0077];10984.79077;100),(284379.92501;[0.95];[0.];12173.27129;[0.9423];[-0.0077];10984.48526;100),(291525.40994;[0.77];[-0.18];13314.30328;[0.7521];[-0.1979];11280.72277;100),(295142.75932;[0.77];[-0.18];13314.30328;[0.7521];[-0.1979];11280.72277;100),(298724.19000;[0.77];[-0.18];13314.30328;[0.7521];[-0.1979];11280.72277;100),(302193.27831;[0.77];[-0.18];13314.30328;[0.7521];[-0.1979];11280.72277;100),(305867.76543;[0.77];[-0.18];13314.30328;[0.7521];[-0.1979];11280.72277;100),(308513.10229;[0.87];[-0.08];12615.32706;[0.9039];[-0.0461];11104.09392;100),(309572.59417;[0.96];[0.01];11969.34512;[0.9583];[0.0083];10807.53128;100),(311091.08615;[0.94];[-0.01];12242.11053;[0.936];[-0.014];10871.22368;100),(311507.57337;[0.96];[0.01];12156.91233;[0.9459];[-0.0041];10985.67789;100),(312398.13471;[0.95];[0.];12201.53735;[0.9378];[-0.0122];10968.93385;100),(312981.50659;[0.95];[0.];12182.76641;[0.9437];[-0.0063];10985.72978;100),(313417.35291;[0.96];[0.01];12171.17831;[0.9442];[-0.0058];10986.25899;100),(313923.33508;[0.95];[0.];12177.37527;[0.942];[-0.008];10980.59602;100),(314298.19751;[0.95];[0.];12173.57251;[0.9423];[-0.0077];10984.79077;100),(314657.55677;[0.96];[0.01];12172.43909;[0.945];[-0.005];10986.60208;100),(315209.92732;[0.96];[0.01];12172.68407;[0.944];[-0.006];10985.32826;100),(315701.52974;[0.96];[0.01];12173.32529;[0.9449];[-0.0051];10985.71007;100),(316230.76916;[0.96];[0.01];12173.39759;[0.945];[-0.005];10986.46520;100),(316778.60641;[0.96];[0.01];12173.39759;[0.945];[-0.005];10986.46520;100),(317222.74899;[0.95];[0.];12173.57251;[0.9423];[-0.0077];10984.79077;100),(317669.94953;[0.95];[0.];12173.27129;[0.9423];[-0.0077];10984.48526;100),(325569.10944;[0.77];[-0.18];13314.30328;[0.7521];[-0.1979];11280.72277;100),(329963.86862;[0.77];[-0.18];13314.30328;[0.7521];[-0.1979];11280.72277;100),(334693.65835;[0.77];[-0.18];13314.30328;[0.7521];[-0.1979];11280.72277;100),(338866.21189;[0.77];[-0.18];13314.30328;[0.7521];[-0.1979];11280.72277;100),(343233.35123;[0.77];[-0.18];13314.30328;[0.7521];[-0.1979];11280.72277;100),(345631.76250;[0.87];[-0.08];12615.32706;[0.9039];[-0.0461];11104.09392;100),(346868.44110;[0.96];[0.01];11969.34512;[0.9583];[0.0083];10807.53128;100),(348474.21026;[0.94];[-0.01];12242.11053;[0.936];[-0.014];10871.22368;100),(349095.49713;[0.96];[0.01];12156.91233;[0.9459];[-0.0041];10985.67789;100),(349902.15611;[0.95];[0.];12201.53735;[0.9378];[-0.0122];10968.93385;100),(350307.83868;[0.95];[0.];12182.76641;[0.9437];[-0.0063];10985.72978;100),(350738.95550;[0.96];[0.01];12171.17831;[0.9442];[-0.0058];10986.25899;100),(351188.50088;[0.95];[0.];12177.37527;[0.942];[-0.008];10980.59602;100),(351515.12551;[0.95];[0.];12173.57251;[0.9423];[-0.0077];10984.79077;100),(351826.50828;[0.96];[0.01];12172.43909;[0.945];[-0.005];10986.60208;100),(352241.35470;[0.96];[0.01];12172.68407;[0.944];[-0.006];10985.32826;100),(352774.68395;[0.96];[0.01];12173.32529;[0.9449];[-0.0051];10985.71007;100),(353222.41688;[0.96];[0.01];12173.39759;[0.945];[-0.005];10986.46520;100),(353618.82114;[0.96];[0.01];12173.39759;[0.945];[-0.005];10986.46520;100),(354105.12471;[0.95];[0.];12173.57251;[0.9423];[-0.0077];10984.79077;100),(354459.86032;[0.95];[0.];12173.27129;[0.9423];[-0.0077];10984.48526;100),(361762.01320;[0.77];[-0.18];13314.30328;[0.7521];[-0.1979];11280.72277;100),(365344.00129;[0.77];[-0.18];13314.30328;[0.7521];[-0.1979];11280.72277;100),(369043.46466;[0.77];[-0.18];13314.30328;[0.7521];[-0.1979];11280.72277;100),(373263.68237;[0.77];[-0.18];13314.30328;[0.7521];[-0.1979];11280.72277;100),(377880.77688;[0.77];[-0.18];13314.30328;[0.7521];[-0.1979];11280.72277;100),(380505.01633;[0.87];[-0.08];12615.32706;[0.9039];[-0.0461];11104.09392;100),(381509.41539;[0.96];[0.01];11969.34512;[0.9583];[0.0083];10807.53128;100),(383582.80754;[0.94];[-0.01];12242.11053;[0.936];[-0.014];10871.22368;100),(383995.15581;[0.96];[0.01];12156.91233;[0.9459];[-0.0041];10985.67789;100),(384679.79884;[0.95];[0.];12201.53735;[0.9378];[-0.0122];10968.93385;100),(385206.07400;[0.95];[0.];12182.76641;[0.9437];[-0.0063];10985.72978;100),(385595.82853;[0.96];[0.01];12171.17831;[0.9442];[-0.0058];10986.25899;100),(386030.42102;[0.95];[0.];12177.37527;[0.942];[-0.008];10980.59602;100),(386559.01361;[0.95];[0.];12173.57251;[0.9423];[-0.0077];10984.79077;100),(386882.13491;[0.96];[0.01];12172.43909;[0.945];[-0.005];10986.60208;100),(387390.80739;[0.96];[0.01];12172.68407;[0.944];[-0.006];10985.32826;100),(387890.79833;[0.96];[0.01];12173.32529;[0.9449];[-0.0051];10985.71007;100),(388408.12588;[0.96];[0.01];12173.39759;[0.945];[-0.005];10986.46520;100),(388846.90261;[0.96];[0.01];12173.39759;[0.945];[-0.005];10986.46520;100),(389354.98929;[0.95];[0.];12173.57251;[0.9423];[-0.0077];10984.79077;100),(389899.03331;[0.95];[0.];12173.27129;[0.9423];[-0.0077];10984.48526;100),(398470.33834;[0.77];[-0.18];13314.30328;[0.7521];[-0.1979];11280.72277;100),(402922.78814;[0.77];[-0.18];13314.30328;[0.7521];[-0.1979];11280.72277;100),(407483.40940;[0.77];[-0.18];13314.30328;[0.7521];[-0.1979];11280.72277;100),(411900.94471;[0.77];[-0.18];13314.30328;[0.7521];[-0.1979];11280.72277;100),(416239.01892;[0.77];[-0.18];13314.30328;[0.7521];[-0.1979];11280.72277;100),(418507.27153;[0.87];[-0.08];12615.32706;[0.9039];[-0.0461];11104.09392;100),(419550.79722;[0.96];[0.01];11969.34512;[0.9583];[0.0083];10807.53128;100),(421485.59284;[0.94];[-0.01];12242.11053;[0.936];[-0.014];10871.22368;100),(421858.34122;[0.96];[0.01];12156.91233;[0.9459];[-0.0041];10985.67789;100),(422630.39446;[0.95];[0.];12201.53735;[0.9378];[-0.0122];10968.93385;100),(423132.51472;[0.95];[0.];12182.76641;[0.9437];[-0.0063];10985.72978;100),(423457.39126;[0.96];[0.01];12171.17831;[0.9442];[-0.0058];10986.25899;100),(423937.43539;[0.95];[0.];12177.37527;[0.942];[-0.008];10980.59602;100),(424324.15843;[0.95];[0.];12173.57251;[0.9423];[-0.0077];10984.79077;100),(424756.21319;[0.96];[0.01];12172.43909;[0.945];[-0.005];10986.60208;100),(425215.20257;[0.96];[0.01];12172.68407;[0.944];[-0.006];10985.32826;100),(425604.69699;[0.96];[0.01];12173.32529;[0.9449];[-0.0051];10985.71007;100),(426106.34398;[0.96];[0.01];12173.39759;[0.945];[-0.005];10986.46520;100),(426597.95475;[0.96];[0.01];12173.39759;[0.945];[-0.005];10986.46520;100),(427060.50873;[0.95];[0.];12173.57251;[0.9423];[-0.0077];10984.79077;100),(427616.37354;[0.95];[0.];12173.27129;[0.9423];[-0.0077];10984.48526;100),(435504.34041;[0.77];[-0.18];13314.30328;[0.7521];[-0.1979];11280.72277;100),(439159.90949;[0.77];[-0.18];13314.30328;[0.7521];[-0.1979];11280.72277;100),(443857.02920;[0.77];[-0.18];13314.30328;[0.7521];[-0.1979];11280.72277;100),(447947.65306;[0.77];[-0.18];13314.30328;[0.7521];[-0.1979];11280.72277;100),(451962.52275;[0.77];[-0.18];13314.30328;[0.7521];[-0.1979];11280.72277;100),(454324.85127;[0.87];[-0.08];12615.32706;[0.9039];[-0.0461];11104.09392;100),(455370.20350;[0.96];[0.01];11969.34512;[0.9583];[0.0083];10807.53128;100),(457379.23551;[0.94];[-0.01];12242.11053;[0.936];[-0.014];10871.22368;100),(457901.26896;[0.96];[0.01];12156.91233;[0.9459];[-0.0041];10985.67789;100),(458562.66451;[0.95];[0.];12201.53735;[0.9378];[-0.0122];10968.93385;100),(458991.63508;[0.95];[0.];12182.76641;[0.9437];[-0.0063];10985.72978;100),(459444.06986;[0.96];[0.01];12171.17831;[0.9442];[-0.0058];10986.25899;100),(459956.15911;[0.95];[0.];12177.37527;[0.942];[-0.008];10980.59602;100),(460360.93974;[0.95];[0.];12173.57251;[0.9423];[-0.0077];10984.79077;100),(460786.75699;[0.96];[0.01];12172.43909;[0.945];[-0.005];10986.60208;100),(461300.28582;[0.96];[0.01];12172.68407;[0.944];[-0.006];10985.32826;100),(461821.54393;[0.96];[0.01];12173.32529;[0.9449];[-0.0051];10985.71007;100),(462302.01173;[0.96];[0.01];12173.39759;[0.945];[-0.005];10986.46520;100),(462759.62257;[0.96];[0.01];12173.39759;[0.945];[-0.005];10986.46520;100),(463239.38918;[0.95];[0.];12173.57251;[0.9423];[-0.0077];10984.79077;100),(463752.87366;[0.95];[0.];12173.27129;[0.9423];[-0.0077];10984.48526;100),(472066.61773;[0.77];[-0.18];13314.30328;[0.7521];[-0.1979];11280.72277;100),(476525.61975;[0.77];[-0.18];13314.30328;[0.7521];[-0.1979];11280.72277;100),(481443.13359;[0.77];[-0.18];13314.30328;[0.7521];[-0.1979];11280.72277;100),(486218.79768;[0.77];[-0.18];13314.30328;[0.7521];[-0.1979];11280.72277;100),(490116.33778;[0.77];[-0.18];13314.30328;[0.7521];[-0.1979];11280.72277;100),(492101.70770;[0.87];[-0.08];12615.32706;[0.9039];[-0.0461];11104.09392;100),(493012.02369;[0.96];[0.01];11969.34512;[0.9583];[0.0083];10807.53128;100),(494643.46409;[0.94];[-0.01];12242.11053;[0.936];[-0.014];10871.22368;100),(494968.72067;[0.96];[0.01];12156.91233;[0.9459];[-0.0041];10985.67789;100),(495725.33202;[0.95];[0.];12201.53735;[0.9378];[-0.0122];10968.93385;100),(496151.78204;[0.95];[0.];12182.76641;[0.9437];[-0.0063];10985.72978;100),(496464.22386;[0.96];[0.01];12171.17831;[0.9442];[-0.0058];10986.25899;100),(496959.19156;[0.95];[0.];12177.37527;[0.942];[-0.008];10980.59602;100),(497300.90594;[0.95];[0.];12173.57251;[0.9423];[-0.0077];10984.79077;100),(497637.52389;[0.96];[0.01];12172.43909;[0.945];[-0.005];10986.60208;100),(498102.68855;[0.96];[0.01];12172.68407;[0.944];[-0.006];10985.32826;100),(498690.25636;[0.96];[0.01];12173.32529;[0.9449];[-0.0051];10985.71007;100),(499203.06826;[0.96];[0.01];12173.39759;[0.945];[-0.005];10986.46520;100),(499696.47551;[0.96];[0.01];12173.39759;[0.945];[-0.005];10986.46520;100),(500166.71872;[0.95];[0.];12173.57251;[0.9423];[-0.0077];10984.79077;100),(500532.57203;[0.95];[0.];12173.27129;[0.9423];[-0.0077];10984.48526;100),(507450.23632;[0.77];[-0.18];13314.30328;[0.7521];[-0.1979];11280.72277;100),(510934.73387;[0.77];[-0.18];13314.30328;[0.7521];[-0.1979];11280.72277;100),(514552.45996;[0.77];[-0.18];13314.30328;[0.7521];[-0.1979];11280.72277;100),(518458.71520;[0.77];[-0.18];13314.30328;[0.7521];[-0.1979];11280.72277;100),(521805.98140;[0.77];[-0.18];13314.30328;[0.7521];[-0.1979];11280.72277;100),(524317.28196;[0.87];[-0.08];12615.32706;[0.9039];[-0.0461];11104.09392;100),(525263.70001;[0.96];[0.01];11969.34512;[0.9583];[0.0083];10807.53128;100),(527092.89670;[0.94];[-0.01];12242.11053;[0.936];[-0.014];10871.22368;100),(527423.96092;[0.96];[0.01];12156.91233;[0.9459];[-0.0041];10985.67789;100),(528122.62821;[0.95];[0.];12201.53735;[0.9378];[-0.0122];10968.93385;100),(528537.01615;[0.95];[0.];12182.76641;[0.9437];[-0.0063];10985.72978;100),(528842.82398;[0.96];[0.01];12171.17831;[0.9442];[-0.0058];10986.25899;100),(529325.90890;[0.95];[0.];12177.37527;[0.942];[-0.008];10980.59602;100),(529678.90096;[0.95];[0.];12173.57251;[0.9423];[-0.0077];10984.79077;100),(530143.12053;[0.96];[0.01];12172.43909;[0.945];[-0.005];10986.60208;100),(530608.77681;[0.96];[0.01];12172.68407;[0.944];[-0.006];10985.32826;100),(531050.96507;[0.96];[0.01];12173.32529;[0.9449];[-0.0051];10985.71007;100),(531548.15817;[0.96];[0.01];12173.39759;[0.945];[-0.005];10986.46520;100),(532000.66352;[0.96];[0.01];12173.39759;[0.945];[-0.005];10986.46520;100),(532542.00029;[0.95];[0.];12173.57251;[0.9423];[-0.0077];10984.79077;100),(533050.53043;[0.95];[0.];12173.27129;[0.9423];[-0.0077];10984.48526;100),(542050.19903;[0.77];[-0.18];13314.30328;[0.7521];[-0.1979];11280.72277;100),(546856.51374;[0.77];[-0.18];13314.30328;[0.7521];[-0.1979];11280.72277;100),(552421.74339;[0.77];[-0.18];13314.30328;[0.7521];[-0.1979];11280.72277;100),(557580.02925;[0.77];[-0.18];13314.30328;[0.7521];[-0.1979];11280.72277;100),(562791.57495;[0.77];[-0.18];13314.30328;[0.7521];[-0.1979];11280.72277;100),(565512.10737;[0.87];[-0.08];12615.32706;[0.9039];[-0.0461];11104.09392;100),(566891.09540;[0.96];[0.01];11969.34512;[0.9583];[0.0083];10807.53128;100),(568548.10858;[0.94];[-0.01];12242.11053;[0.936];[-0.014];10871.22368;100),(568953.51934;[0.96];[0.01];12156.91233;[0.9459];[-0.0041];10985.67789;100),(569757.84516;[0.95];[0.];12201.53735;[0.9378];[-0.0122];10968.93385;100),(570600.31724;[0.95];[0.];12182.76641;[0.9437];[-0.0063];10985.72978;100),(570931.80418;[0.96];[0.01];12171.17831;[0.9442];[-0.0058];10986.25899;100),(571557.54781;[0.95];[0.];12177.37527;[0.942];[-0.008];10980.59602;100),(571882.87592;[0.95];[0.];12173.57251;[0.9423];[-0.0077];10984.79077;100),(572428.14326;[0.96];[0.01];12172.43909;[0.945];[-0.005];10986.60208;100),(572885.55193;[0.96];[0.01];12172.68407;[0.944];[-0.006];10985.32826;100),(573509.49693;[0.96];[0.01];12173.32529;[0.9449];[-0.0051];10985.71007;100),(573980.14140;[0.96];[0.01];12173.39759;[0.945];[-0.005];10986.46520;100),(574397.48955;[0.96];[0.01];12173.39759;[0.945];[-0.005];10986.46520;100),(574878.77774;[0.95];[0.];12173.57251;[0.9423];[-0.0077];10984.79077;100),(575227.60725;[0.95];[0.];12173.27129;[0.9423];[-0.0077];10984.48526;100),(582267.53283;[0.77];[-0.18];13314.30328;[0.7521];[-0.1979];11280.72277;100),(586143.97907;[0.77];[-0.18];13314.30328;[0.7521];[-0.1979];11280.72277;100),(590338.24182;[0.77];[-0.18];13314.30328;[0.7521];[-0.1979];11280.72277;100),(595065.90056;[0.77];[-0.18];13314.30328;[0.7521];[-0.1979];11280.72277;100),(598717.75198;[0.77];[-0.18];13314.30328;[0.7521];[-0.1979];11280.72277;100),(601280.92360;[0.97];[0.02];11351.65777;[0.9609];[0.0109];10273.33777;100)]"
2,8,11062.846994844092,[0.8989],[-0.0511],600067.1367645264,"[(979.56610;[0.68];[-0.27];12602.38539;[0.6619];[-0.2881];11255.90649;100),(7864.34221;[0.68];[-0.27];12602.38539;[0.6619];[-0.2881];11255.90649;100),(11450.07229;[0.68];[-0.27];12602.38539;[0.6619];[-0.2881];11255.90649;100),(17373.47293;[0.68];[-0.27];12602.38539;[0.6619];[-0.2881];11255.90649;100),(21650.46525;[0.68];[-0.27];12602.38539;[0.6619];[-0.2881];11255.90649;100),(25031.77118;[0.68];[-0.27];12602.38539;[0.6619];[-0.2881];11255.90649;100),(28315.61923;[0.87];[-0.08];12027.97633;[0.8599];[-0.0901];11079.81875;100),(31045.75729;[0.96];[0.01];11825.68190;[0.9041];[-0.0459];10921.23294;100),(31832.77130;[0.88];[-0.07];12016.02769;[0.8682];[-0.0818];11091.14803;100),(32364.39919;[0.92];[-0.03];11958.57168;[0.8912];[-0.0588];11090.68505;100),(34214.92696;[0.95];[0.];11905.94263;[0.8989];[-0.0511];11062.84699;100),(36715.88206;[0.96];[0.01];11869.91750;[0.9032];[-0.0468];10954.63969;100),(41762.56204;[0.96];[0.01];11887.32081;[0.902];[-0.048];11050.70307;100),(44949.69583;[0.96];[0.01];11898.13528;[0.9009];[-0.0491];11058.57561;100),(49400.50364;[0.96];[0.01];11901.92138;[0.8998];[-0.0502];11060.00987;100),(54721.37308;[0.96];[0.01];11903.70729;[0.8997];[-0.0503];11061.09485;100),(59997.33567;[0.95];[0.];11905.20906;[0.8989];[-0.0511];11062.40506;100),(62620.14174;[0.96];[0.01];11904.38561;[0.9017];[-0.0483];11064.39318;100),(66846.62509;[0.96];[0.01];11904.38561;[0.9017];[-0.0483];11064.39318;100),(71636.34253;[0.95];[0.];11904.62923;[0.8988];[-0.0512];11061.60711;100),(74755.05185;[0.95];[0.];11904.45093;[0.8988];[-0.0512];11061.63519;100),(79508.15582;[0.95];[0.];11904.45093;[0.8988];[-0.0512];11061.63519;100),(88516.36219;[0.68];[-0.27];12602.38539;[0.6619];[-0.2881];11255.90649;100),(92074.12100;[0.68];[-0.27];12602.38539;[0.6619];[-0.2881];11255.90649;100),(97668.94007;[0.68];[-0.27];12602.38539;[0.6619];[-0.2881];11255.90649;100),(101494.15445;[0.68];[-0.27];12602.38539;[0.6619];[-0.2881];11255.90649;100),(105190.19365;[0.68];[-0.27];12602.38539;[0.6619];[-0.2881];11255.90649;100),(108427.11687;[0.87];[-0.08];12027.97633;[0.8599];[-0.0901];11079.81875;100),(111563.24649;[0.96];[0.01];11825.68190;[0.9041];[-0.0459];10921.23294;100),(112230.84188;[0.88];[-0.07];12016.02769;[0.8682];[-0.0818];11091.14803;100),(113209.48148;[0.92];[-0.03];11958.57168;[0.8912];[-0.0588];11090.68505;100),(115582.19695;[0.95];[0.];11905.94263;[0.8989];[-0.0511];11062.84699;100),(118592.03577;[0.96];[0.01];11869.91750;[0.9032];[-0.0468];10954.63969;100),(123940.07921;[0.96];[0.01];11887.32081;[0.902];[-0.048];11050.70307;100),(126697.65806;[0.96];[0.01];11898.13528;[0.9009];[-0.0491];11058.57561;100),(130687.36529;[0.96];[0.01];11901.92138;[0.8998];[-0.0502];11060.00987;100),(134787.19473;[0.96];[0.01];11903.70729;[0.8997];[-0.0503];11061.09485;100),(138970.30926;[0.95];[0.];11905.20906;[0.8989];[-0.0511];11062.40506;100),(140944.96703;[0.96];[0.01];11904.38561;[0.9017];[-0.0483];11064.39318;100),(143706.53486;[0.96];[0.01];11904.38561;[0.9017];[-0.0483];11064.39318;100),(149204.95701;[0.95];[0.];11904.62923;[0.8988];[-0.0512];11061.60711;100),(151199.41449;[0.95];[0.];11904.45093;[0.8988];[-0.0512];11061.63519;100),(155670.81785;[0.95];[0.];11904.45093;[0.8988];[-0.0512];11061.63519;100),(163281.00228;[0.68];[-0.27];12602.38539;[0.6619];[-0.2881];11255.90649;100),(167894.18316;[0.68];[-0.27];12602.38539;[0.6619];[-0.2881];11255.90649;100),(175316.49327;[0.68];[-0.27];12602.38539;[0.6619];[-0.2881];11255.90649;100),(180094.01822;[0.68];[-0.27];12602.38539;[0.6619];[-0.2881];11255.90649;100),(183463.73248;[0.68];[-0.27];12602.38539;[0.6619];[-0.2881];11255.90649;100),(186429.35801;[0.87];[-0.08];12027.97633;[0.8599];[-0.0901];11079.81875;100),(188935.34160;[0.96];[0.01];11825.68190;[0.9041];[-0.0459];10921.23294;100),(189614.32552;[0.88];[-0.07];12016.02769;[0.8682];[-0.0818];11091.14803;100),(190237.71572;[0.92];[-0.03];11958.57168;[0.8912];[-0.0588];11090.68505;100),(192257.35855;[0.95];[0.];11905.94263;[0.8989];[-0.0511];11062.84699;100),(194554.37851;[0.96];[0.01];11869.91750;[0.9032];[-0.0468];10954.63969;100),(199389.94241;[0.96];[0.01];11887.32081;[0.902];[-0.048];11050.70307;100),(202539.85810;[0.96];[0.01];11898.13528;[0.9009];[-0.0491];11058.57561;100),(206735.58807;[0.96];[0.01];11901.92138;[0.8998];[-0.0502];11060.00987;100),(211446.41304;[0.96];[0.01];11903.70729;[0.8997];[-0.0503];11061.09485;100),(216411.10849;[0.95];[0.];11905.20906;[0.8989];[-0.0511];11062.40506;100),(218744.95649;[0.96];[0.01];11904.38561;[0.9017];[-0.0483];11064.39318;100),(221618.31117;[0.96];[0.01];11904.38561;[0.9017];[-0.0483];11064.39318;100),(228030.09272;[0.95];[0.];11904.62923;[0.8988];[-0.0512];11061.60711;100),(229983.99854;[0.95];[0.];11904.45093;[0.8988];[-0.0512];11061.63519;100),(235102.86808;[0.95];[0.];11904.45093;[0.8988];[-0.0512];11061.63519;100),(242679.07596;[0.68];[-0.27];12602.38539;[0.6619];[-0.2881];11255.90649;100),(246811.55920;[0.68];[-0.27];12602.38539;[0.6619];[-0.2881];11255.90649;100),(252881.98471;[0.68];[-0.27];12602.38539;[0.6619];[-0.2881];11255.90649;100),(257200.30785;[0.68];[-0.27];12602.38539;[0.6619];[-0.2881];11255.90649;100),(260948.34399;[0.68];[-0.27];12602.38539;[0.6619];[-0.2881];11255.90649;100),(264081.05683;[0.87];[-0.08];12027.97633;[0.8599];[-0.0901];11079.81875;100),(266989.35795;[0.96];[0.01];11825.68190;[0.9041];[-0.0459];10921.23294;100),(267959.96189;[0.88];[-0.07];12016.02769;[0.8682];[-0.0818];11091.14803;100),(268479.25258;[0.92];[-0.03];11958.57168;[0.8912];[-0.0588];11090.68505;100),(271091.18509;[0.95];[0.];11905.94263;[0.8989];[-0.0511];11062.84699;100),(273647.47667;[0.96];[0.01];11869.91750;[0.9032];[-0.0468];10954.63969;100),(279518.10408;[0.96];[0.01];11887.32081;[0.902];[-0.048];11050.70307;100),(283428.68018;[0.96];[0.01];11898.13528;[0.9009];[-0.0491];11058.57561;100),(288694.56148;[0.96];[0.01];11901.92138;[0.8998];[-0.0502];11060.00987;100),(293240.80038;[0.96];[0.01];11903.70729;[0.8997];[-0.0503];11061.09485;100),(297335.82473;[0.95];[0.];11905.20906;[0.8989];[-0.0511];11062.40506;100),(299206.30908;[0.96];[0.01];11904.38561;[0.9017];[-0.0483];11064.39318;100),(302005.57923;[0.96];[0.01];11904.38561;[0.9017];[-0.0483];11064.39318;100),(306835.66356;[0.95];[0.];11904.62923;[0.8988];[-0.0512];11061.60711;100),(309168.60008;[0.95];[0.];11904.45093;[0.8988];[-0.0512];11061.63519;100),(314170.46285;[0.95];[0.];11904.45093;[0.8988];[-0.0512];11061.63519;100),(322088.44781;[0.68];[-0.27];12602.38539;[0.6619];[-0.2881];11255.90649;100),(326760.14686;[0.68];[-0.27];12602.38539;[0.6619];[-0.2881];11255.90649;100),(333485.72803;[0.68];[-0.27];12602.38539;[0.6619];[-0.2881];11255.90649;100),(338851.40681;[0.68];[-0.27];12602.38539;[0.6619];[-0.2881];11255.90649;100),(343617.88964;[0.68];[-0.27];12602.38539;[0.6619];[-0.2881];11255.90649;100),(346322.14212;[0.87];[-0.08];12027.97633;[0.8599];[-0.0901];11079.81875;100),(348576.17831;[0.96];[0.01];11825.68190;[0.9041];[-0.0459];10921.23294;100),(349199.72777;[0.88];[-0.07];12016.02769;[0.8682];[-0.0818];11091.14803;100),(349769.60039;[0.92];[-0.03];11958.57168;[0.8912];[-0.0588];11090.68505;100),(351462.90588;[0.95];[0.];11905.94263;[0.8989];[-0.0511];11062.84699;100),(353415.00926;[0.96];[0.01];11869.91750;[0.9032];[-0.0468];10954.63969;100),(358665.71403;[0.96];[0.01];11887.32081;[0.902];[-0.048];11050.70307;100),(362095.60800;[0.96];[0.01];11898.13528;[0.9009];[-0.0491];11058.57561;100),(366995.53251;[0.96];[0.01];11901.92138;[0.8998];[-0.0502];11060.00987;100),(371451.53618;[0.96];[0.01];11903.70729;[0.8997];[-0.0503];11061.09485;100),(376372.80560;[0.95];[0.];11905.20906;[0.8989];[-0.0511];11062.40506;100),(378464.06579;[0.96];[0.01];11904.38561;[0.9017];[-0.0483];11064.39318;100),(381600.37398;[0.96];[0.01];11904.38561;[0.9017];[-0.0483];11064.39318;100),(387826.67041;[0.95];[0.];11904.62923;[0.8988];[-0.0512];11061.60711;100),(389899.33181;[0.95];[0.];11904.45093;[0.8988];[-0.0512];11061.63519;100),(395892.08865;[0.95];[0.];11904.45093;[0.8988];[-0.0512];11061.63519;100),(404682.65343;[0.68];[-0.27];12602.38539;[0.6619];[-0.2881];11255.90649;100),(408740.78465;[0.68];[-0.27];12602.38539;[0.6619];[-0.2881];11255.90649;100),(414154.17242;[0.68];[-0.27];12602.38539;[0.6619];[-0.2881];11255.90649;100),(418029.46210;[0.68];[-0.27];12602.38539;[0.6619];[-0.2881];11255.90649;100),(421837.57854;[0.68];[-0.27];12602.38539;[0.6619];[-0.2881];11255.90649;100),(424277.33159;[0.87];[-0.08];12027.97633;[0.8599];[-0.0901];11079.81875;100),(426854.78187;[0.96];[0.01];11825.68190;[0.9041];[-0.0459];10921.23294;100),(427508.21257;[0.88];[-0.07];12016.02769;[0.8682];[-0.0818];11091.14803;100),(428196.58160;[0.92];[-0.03];11958.57168;[0.8912];[-0.0588];11090.68505;100),(430016.59226;[0.95];[0.];11905.94263;[0.8989];[-0.0511];11062.84699;100),(431976.48311;[0.96];[0.01];11869.91750;[0.9032];[-0.0468];10954.63969;100),(437207.35097;[0.96];[0.01];11887.32081;[0.902];[-0.048];11050.70307;100),(440381.94084;[0.96];[0.01];11898.13528;[0.9009];[-0.0491];11058.57561;100),(444892.79270;[0.96];[0.01];11901.92138;[0.8998];[-0.0502];11060.00987;100),(449719.85054;[0.96];[0.01];11903.70729;[0.8997];[-0.0503];11061.09485;100),(454705.65486;[0.95];[0.];11905.20906;[0.8989];[-0.0511];11062.40506;100),(457089.82706;[0.96];[0.01];11904.38561;[0.9017];[-0.0483];11064.39318;100),(459840.60478;[0.96];[0.01];11904.38561;[0.9017];[-0.0483];11064.39318;100),(464680.28307;[0.95];[0.];11904.62923;[0.8988];[-0.0512];11061.60711;100),(466602.29993;[0.95];[0.];11904.45093;[0.8988];[-0.0512];11061.63519;100),(470804.76093;[0.95];[0.];11904.45093;[0.8988];[-0.0512];11061.63519;100),(477401.10803;[0.68];[-0.27];12602.38539;[0.6619];[-0.2881];11255.90649;100),(481405.96080;[0.68];[-0.27];12602.38539;[0.6619];[-0.2881];11255.90649;100),(486796.89240;[0.68];[-0.27];12602.38539;[0.6619];[-0.2881];11255.90649;100),(490666.21971;[0.68];[-0.27];12602.38539;[0.6619];[-0.2881];11255.90649;100),(495442.04950;[0.68];[-0.27];12602.38539;[0.6619];[-0.2881];11255.90649;100),(498285.92587;[0.87];[-0.08];12027.97633;[0.8599];[-0.0901];11079.81875;100),(501460.24752;[0.96];[0.01];11825.68190;[0.9041];[-0.0459];10921.23294;100),(502927.38867;[0.88];[-0.07];12016.02769;[0.8682];[-0.0818];11091.14803;100),(503593.94360;[0.92];[-0.03];11958.57168;[0.8912];[-0.0588];11090.68505;100),(506318.05134;[0.95];[0.];11905.94263;[0.8989];[-0.0511];11062.84699;100),(508386.39188;[0.96];[0.01];11869.91750;[0.9032];[-0.0468];10954.63969;100),(513271.92163;[0.96];[0.01];11887.32081;[0.902];[-0.048];11050.70307;100),(516202.24762;[0.96];[0.01];11898.13528;[0.9009];[-0.0491];11058.57561;100),(521166.85152;[0.96];[0.01];11901.92138;[0.8998];[-0.0502];11060.00987;100),(526086.68041;[0.96];[0.01];11903.70729;[0.8997];[-0.0503];11061.09485;100),(531954.96988;[0.95];[0.];11905.20906;[0.8989];[-0.0511];11062.40506;100),(534282.45616;[0.96];[0.01];11904.38561;[0.9017];[-0.0483];11064.39318;100),(537069.71312;[0.96];[0.01];11904.38561;[0.9017];[-0.0483];11064.39318;100),(541799.28851;[0.95];[0.];11904.62923;[0.8988];[-0.0512];11061.60711;100),(543673.79880;[0.95];[0.];11904.45093;[0.8988];[-0.0512];11061.63519;100),(548199.63098;[0.95];[0.];11904.45093;[0.8988];[-0.0512];11061.63519;100),(556879.28247;[0.68];[-0.27];12602.38539;[0.6619];[-0.2881];11255.90649;100),(561090.82890;[0.68];[-0.27];12602.38539;[0.6619];[-0.2881];11255.90649;100),(568208.74715;[0.68];[-0.27];12602.38539;[0.6619];[-0.2881];11255.90649;100),(572941.64371;[0.68];[-0.27];12602.38539;[0.6619];[-0.2881];11255.90649;100),(577258.98457;[0.68];[-0.27];12602.38539;[0.6619];[-0.2881];11255.90649;100),(581124.39156;[0.87];[-0.08];12027.97633;[0.8599];[-0.0901];11079.81875;100),(584198.81105;[0.96];[0.01];11825.68190;[0.9041];[-0.0459];10921.23294;100),(585113.83557;[0.88];[-0.07];12016.02769;[0.8682];[-0.0818];11091.14803;100),(585918.13064;[0.92];[-0.03];11958.57168;[0.8912];[-0.0588];11090.68505;100),(588461.53307;[0.95];[0.];11905.94263;[0.8989];[-0.0511];11062.84699;100),(591061.27214;[0.96];[0.01];11869.91750;[0.9032];[-0.0468];10954.63969;100),(596058.27260;[0.96];[0.01];11887.32081;[0.902];[-0.048];11050.70307;100),(600046.76533;[0.96];[0.01];11898.13528;[0.9009];[-0.0491];11058.57561;100)]"
2,9,11129.810511544547,[0.9047],[-0.0453],601458.8441848755,"[(820.17803;[0.82];[-0.13];12117.69831;[0.7757];[-0.1743];11331.83741;100),(7594.02561;[0.82];[-0.13];12117.69831;[0.7757];[-0.1743];11331.83741;100),(11472.70465;[0.82];[-0.13];12117.69831;[0.7757];[-0.1743];11331.83741;100),(15197.00456;[0.82];[-0.13];12117.69831;[0.7757];[-0.1743];11331.83741;100),(18682.60598;[0.82];[-0.13];12117.69831;[0.7757];[-0.1743];11331.83741;100),(22038.40899;[0.82];[-0.13];12117.69831;[0.7757];[-0.1743];11331.83741;100),(22751.09506;[0.93];[-0.02];11764.70532;[0.8776];[-0.0724];11183.00319;100),(24919.04759;[0.97];[0.02];11338.14179;[0.947];[-0.003];10990.36912;100),(26829.56409;[0.95];[0.];11689.20758;[0.9047];[-0.0453];11129.81051;100),(28884.18818;[0.96];[0.01];11508.30355;[0.9088];[-0.0412];10957.25566;100),(30156.94118;[0.96];[0.01];11627.05290;[0.9087];[-0.0413];11071.56521;100),(31719.79451;[0.95];[0.];11663.73266;[0.9059];[-0.0441];11105.72866;100),(33720.73436;[0.96];[0.01];11649.04209;[0.9075];[-0.0425];11092.12847;100),(36593.02902;[0.95];[0.];11657.30019;[0.9066];[-0.0434];11098.87765;100),(38493.98327;[0.95];[0.];11653.20791;[0.9069];[-0.0431];11094.61217;100),(40385.78749;[0.96];[0.01];11651.17835;[0.909];[-0.041];11097.05237;100),(43063.13658;[0.95];[0.];11652.17459;[0.9054];[-0.0446];11091.60832;100),(45225.51346;[0.96];[0.01];11651.17835;[0.909];[-0.041];11097.05237;100),(47933.59041;[0.95];[0.];11651.41292;[0.9054];[-0.0446];11090.83566;100),(50056.97155;[0.96];[0.01];11651.17835;[0.909];[-0.041];11097.05237;100),(52756.29878;[0.95];[0.];11651.41292;[0.9054];[-0.0446];11090.83566;100),(55336.74550;[0.96];[0.01];11651.17835;[0.909];[-0.041];11097.05237;100),(64781.32010;[0.82];[-0.13];12117.69831;[0.7757];[-0.1743];11331.83741;100),(69369.71450;[0.82];[-0.13];12117.69831;[0.7757];[-0.1743];11331.83741;100),(73393.75997;[0.82];[-0.13];12117.69831;[0.7757];[-0.1743];11331.83741;100),(77725.39473;[0.82];[-0.13];12117.69831;[0.7757];[-0.1743];11331.83741;100),(81773.50307;[0.82];[-0.13];12117.69831;[0.7757];[-0.1743];11331.83741;100),(82675.12107;[0.93];[-0.02];11764.70532;[0.8776];[-0.0724];11183.00319;100),(85707.31378;[0.97];[0.02];11338.14179;[0.947];[-0.003];10990.36912;100),(87448.57526;[0.95];[0.];11689.20758;[0.9047];[-0.0453];11129.81051;100),(89579.13303;[0.96];[0.01];11508.30355;[0.9088];[-0.0412];10957.25566;100),(90845.79849;[0.96];[0.01];11627.05290;[0.9087];[-0.0413];11071.56521;100),(92061.06162;[0.95];[0.];11663.73266;[0.9059];[-0.0441];11105.72866;100),(94005.73325;[0.96];[0.01];11649.04209;[0.9075];[-0.0425];11092.12847;100),(96896.83390;[0.95];[0.];11657.30019;[0.9066];[-0.0434];11098.87765;100),(98702.47936;[0.95];[0.];11653.20791;[0.9069];[-0.0431];11094.61217;100),(100725.28768;[0.96];[0.01];11651.17835;[0.909];[-0.041];11097.05237;100),(103870.58401;[0.95];[0.];11652.17459;[0.9054];[-0.0446];11091.60832;100),(106121.05536;[0.96];[0.01];11651.17835;[0.909];[-0.041];11097.05237;100),(108986.15813;[0.95];[0.];11651.41292;[0.9054];[-0.0446];11090.83566;100),(111440.17053;[0.96];[0.01];11651.17835;[0.909];[-0.041];11097.05237;100),(114487.58173;[0.95];[0.];11651.41292;[0.9054];[-0.0446];11090.83566;100),(117224.25342;[0.96];[0.01];11651.17835;[0.909];[-0.041];11097.05237;100),(126401.71981;[0.82];[-0.13];12117.69831;[0.7757];[-0.1743];11331.83741;100),(132398.45276;[0.82];[-0.13];12117.69831;[0.7757];[-0.1743];11331.83741;100),(137609.59625;[0.82];[-0.13];12117.69831;[0.7757];[-0.1743];11331.83741;100),(142038.10382;[0.82];[-0.13];12117.69831;[0.7757];[-0.1743];11331.83741;100),(146188.32231;[0.82];[-0.13];12117.69831;[0.7757];[-0.1743];11331.83741;100),(146956.00510;[0.93];[-0.02];11764.70532;[0.8776];[-0.0724];11183.00319;100),(149450.08111;[0.97];[0.02];11338.14179;[0.947];[-0.003];10990.36912;100),(151318.70317;[0.95];[0.];11689.20758;[0.9047];[-0.0453];11129.81051;100),(153570.31560;[0.96];[0.01];11508.30355;[0.9088];[-0.0412];10957.25566;100),(154857.36966;[0.96];[0.01];11627.05290;[0.9087];[-0.0413];11071.56521;100),(156496.85049;[0.95];[0.];11663.73266;[0.9059];[-0.0441];11105.72866;100),(158306.96869;[0.96];[0.01];11649.04209;[0.9075];[-0.0425];11092.12847;100),(161363.47365;[0.95];[0.];11657.30019;[0.9066];[-0.0434];11098.87765;100),(163644.38105;[0.95];[0.];11653.20791;[0.9069];[-0.0431];11094.61217;100),(166020.66636;[0.96];[0.01];11651.17835;[0.909];[-0.041];11097.05237;100),(169431.89907;[0.95];[0.];11652.17459;[0.9054];[-0.0446];11091.60832;100),(172304.51584;[0.96];[0.01];11651.17835;[0.909];[-0.041];11097.05237;100),(175641.94608;[0.95];[0.];11651.41292;[0.9054];[-0.0446];11090.83566;100),(178401.45016;[0.96];[0.01];11651.17835;[0.909];[-0.041];11097.05237;100),(181591.82763;[0.95];[0.];11651.41292;[0.9054];[-0.0446];11090.83566;100),(184962.14080;[0.96];[0.01];11651.17835;[0.909];[-0.041];11097.05237;100),(195060.88018;[0.82];[-0.13];12117.69831;[0.7757];[-0.1743];11331.83741;100),(198584.87296;[0.82];[-0.13];12117.69831;[0.7757];[-0.1743];11331.83741;100),(202472.29099;[0.82];[-0.13];12117.69831;[0.7757];[-0.1743];11331.83741;100),(205777.90785;[0.82];[-0.13];12117.69831;[0.7757];[-0.1743];11331.83741;100),(209608.75702;[0.82];[-0.13];12117.69831;[0.7757];[-0.1743];11331.83741;100),(210298.75755;[0.93];[-0.02];11764.70532;[0.8776];[-0.0724];11183.00319;100),(212657.93490;[0.97];[0.02];11338.14179;[0.947];[-0.003];10990.36912;100),(214868.49236;[0.95];[0.];11689.20758;[0.9047];[-0.0453];11129.81051;100),(217924.99971;[0.96];[0.01];11508.30355;[0.9088];[-0.0412];10957.25566;100),(219839.61368;[0.96];[0.01];11627.05290;[0.9087];[-0.0413];11071.56521;100),(221371.77825;[0.95];[0.];11663.73266;[0.9059];[-0.0441];11105.72866;100),(224276.05963;[0.96];[0.01];11649.04209;[0.9075];[-0.0425];11092.12847;100),(226629.14395;[0.95];[0.];11657.30019;[0.9066];[-0.0434];11098.87765;100),(228580.20520;[0.95];[0.];11653.20791;[0.9069];[-0.0431];11094.61217;100),(230470.20459;[0.96];[0.01];11651.17835;[0.909];[-0.041];11097.05237;100),(233580.68848;[0.95];[0.];11652.17459;[0.9054];[-0.0446];11091.60832;100),(235760.94460;[0.96];[0.01];11651.17835;[0.909];[-0.041];11097.05237;100),(238383.84962;[0.95];[0.];11651.41292;[0.9054];[-0.0446];11090.83566;100),(240483.62780;[0.96];[0.01];11651.17835;[0.909];[-0.041];11097.05237;100),(243468.26720;[0.95];[0.];11651.41292;[0.9054];[-0.0446];11090.83566;100),(246005.46074;[0.96];[0.01];11651.17835;[0.909];[-0.041];11097.05237;100),(255629.61340;[0.82];[-0.13];12117.69831;[0.7757];[-0.1743];11331.83741;100),(261261.31248;[0.82];[-0.13];12117.69831;[0.7757];[-0.1743];11331.83741;100),(266469.42496;[0.82];[-0.13];12117.69831;[0.7757];[-0.1743];11331.83741;100),(272371.36102;[0.82];[-0.13];12117.69831;[0.7757];[-0.1743];11331.83741;100),(277151.87454;[0.82];[-0.13];12117.69831;[0.7757];[-0.1743];11331.83741;100),(277951.31993;[0.93];[-0.02];11764.70532;[0.8776];[-0.0724];11183.00319;100),(280248.33345;[0.97];[0.02];11338.14179;[0.947];[-0.003];10990.36912;100),(282859.08270;[0.95];[0.];11689.20758;[0.9047];[-0.0453];11129.81051;100),(285471.16017;[0.96];[0.01];11508.30355;[0.9088];[-0.0412];10957.25566;100),(286992.54227;[0.96];[0.01];11627.05290;[0.9087];[-0.0413];11071.56521;100),(288184.38864;[0.95];[0.];11663.73266;[0.9059];[-0.0441];11105.72866;100),(290527.26555;[0.96];[0.01];11649.04209;[0.9075];[-0.0425];11092.12847;100),(293290.59219;[0.95];[0.];11657.30019;[0.9066];[-0.0434];11098.87765;100),(295667.79256;[0.95];[0.];11653.20791;[0.9069];[-0.0431];11094.61217;100),(297752.50292;[0.96];[0.01];11651.17835;[0.909];[-0.041];11097.05237;100),(301441.28561;[0.95];[0.];11652.17459;[0.9054];[-0.0446];11091.60832;100),(303502.76995;[0.96];[0.01];11651.17835;[0.909];[-0.041];11097.05237;100),(306338.78660;[0.95];[0.];11651.41292;[0.9054];[-0.0446];11090.83566;100),(309123.23904;[0.96];[0.01];11651.17835;[0.909];[-0.041];11097.05237;100),(312446.32673;[0.95];[0.];11651.41292;[0.9054];[-0.0446];11090.83566;100),(315585.41822;[0.96];[0.01];11651.17835;[0.909];[-0.041];11097.05237;100),(325264.47821;[0.82];[-0.13];12117.69831;[0.7757];[-0.1743];11331.83741;100),(329448.66657;[0.82];[-0.13];12117.69831;[0.7757];[-0.1743];11331.83741;100),(333934.66139;[0.82];[-0.13];12117.69831;[0.7757];[-0.1743];11331.83741;100),(337412.51636;[0.82];[-0.13];12117.69831;[0.7757];[-0.1743];11331.83741;100),(341247.72644;[0.82];[-0.13];12117.69831;[0.7757];[-0.1743];11331.83741;100),(342044.94572;[0.93];[-0.02];11764.70532;[0.8776];[-0.0724];11183.00319;100),(344978.33514;[0.97];[0.02];11338.14179;[0.947];[-0.003];10990.36912;100),(347223.22822;[0.95];[0.];11689.20758;[0.9047];[-0.0453];11129.81051;100),(350457.36170;[0.96];[0.01];11508.30355;[0.9088];[-0.0412];10957.25566;100),(352557.47056;[0.96];[0.01];11627.05290;[0.9087];[-0.0413];11071.56521;100),(354206.27451;[0.95];[0.];11663.73266;[0.9059];[-0.0441];11105.72866;100),(356715.63673;[0.96];[0.01];11649.04209;[0.9075];[-0.0425];11092.12847;100),(359517.59577;[0.95];[0.];11657.30019;[0.9066];[-0.0434];11098.87765;100),(361864.21537;[0.95];[0.];11653.20791;[0.9069];[-0.0431];11094.61217;100),(364392.57550;[0.96];[0.01];11651.17835;[0.909];[-0.041];11097.05237;100),(367317.78717;[0.95];[0.];11652.17459;[0.9054];[-0.0446];11091.60832;100),(370887.64477;[0.96];[0.01];11651.17835;[0.909];[-0.041];11097.05237;100),(374684.98397;[0.95];[0.];11651.41292;[0.9054];[-0.0446];11090.83566;100),(378388.14664;[0.96];[0.01];11651.17835;[0.909];[-0.041];11097.05237;100),(381970.34574;[0.95];[0.];11651.41292;[0.9054];[-0.0446];11090.83566;100),(384361.81879;[0.96];[0.01];11651.17835;[0.909];[-0.041];11097.05237;100),(391980.72219;[0.82];[-0.13];12117.69831;[0.7757];[-0.1743];11331.83741;100),(395605.71599;[0.82];[-0.13];12117.69831;[0.7757];[-0.1743];11331.83741;100),(399596.36116;[0.82];[-0.13];12117.69831;[0.7757];[-0.1743];11331.83741;100),(403446.62166;[0.82];[-0.13];12117.69831;[0.7757];[-0.1743];11331.83741;100),(407172.55950;[0.82];[-0.13];12117.69831;[0.7757];[-0.1743];11331.83741;100),(407903.07045;[0.93];[-0.02];11764.70532;[0.8776];[-0.0724];11183.00319;100),(410684.47804;[0.97];[0.02];11338.14179;[0.947];[-0.003];10990.36912;100),(412652.02212;[0.95];[0.];11689.20758;[0.9047];[-0.0453];11129.81051;100),(415220.92509;[0.96];[0.01];11508.30355;[0.9088];[-0.0412];10957.25566;100),(416488.06524;[0.96];[0.01];11627.05290;[0.9087];[-0.0413];11071.56521;100),(417705.64771;[0.95];[0.];11663.73266;[0.9059];[-0.0441];11105.72866;100),(420488.19971;[0.96];[0.01];11649.04209;[0.9075];[-0.0425];11092.12847;100),(423646.81029;[0.95];[0.];11657.30019;[0.9066];[-0.0434];11098.87765;100),(425824.75471;[0.95];[0.];11653.20791;[0.9069];[-0.0431];11094.61217;100),(428458.85181;[0.96];[0.01];11651.17835;[0.909];[-0.041];11097.05237;100),(431920.64500;[0.95];[0.];11652.17459;[0.9054];[-0.0446];11091.60832;100),(434695.32490;[0.96];[0.01];11651.17835;[0.909];[-0.041];11097.05237;100),(438230.71527;[0.95];[0.];11651.41292;[0.9054];[-0.0446];11090.83566;100),(440438.63940;[0.96];[0.01];11651.17835;[0.909];[-0.041];11097.05237;100),(443473.63043;[0.95];[0.];11651.41292;[0.9054];[-0.0446];11090.83566;100),(445953.69554;[0.96];[0.01];11651.17835;[0.909];[-0.041];11097.05237;100),(453870.62526;[0.82];[-0.13];12117.69831;[0.7757];[-0.1743];11331.83741;100),(457448.15254;[0.82];[-0.13];12117.69831;[0.7757];[-0.1743];11331.83741;100),(461216.76946;[0.82];[-0.13];12117.69831;[0.7757];[-0.1743];11331.83741;100),(464882.12681;[0.82];[-0.13];12117.69831;[0.7757];[-0.1743];11331.83741;100),(468677.21415;[0.82];[-0.13];12117.69831;[0.7757];[-0.1743];11331.83741;100),(469545.95208;[0.93];[-0.02];11764.70532;[0.8776];[-0.0724];11183.00319;100),(472544.34180;[0.97];[0.02];11338.14179;[0.947];[-0.003];10990.36912;100),(474554.26478;[0.95];[0.];11689.20758;[0.9047];[-0.0453];11129.81051;100),(476830.85847;[0.96];[0.01];11508.30355;[0.9088];[-0.0412];10957.25566;100),(479448.19760;[0.96];[0.01];11627.05290;[0.9087];[-0.0413];11071.56521;100),(480649.75286;[0.95];[0.];11663.73266;[0.9059];[-0.0441];11105.72866;100),(483762.29310;[0.96];[0.01];11649.04209;[0.9075];[-0.0425];11092.12847;100),(487287.02259;[0.95];[0.];11657.30019;[0.9066];[-0.0434];11098.87765;100),(489149.93834;[0.95];[0.];11653.20791;[0.9069];[-0.0431];11094.61217;100),(491399.79553;[0.96];[0.01];11651.17835;[0.909];[-0.041];11097.05237;100),(494658.96678;[0.95];[0.];11652.17459;[0.9054];[-0.0446];11091.60832;100),(497222.60928;[0.96];[0.01];11651.17835;[0.909];[-0.041];11097.05237;100),(500886.71064;[0.95];[0.];11651.41292;[0.9054];[-0.0446];11090.83566;100),(503562.04844;[0.96];[0.01];11651.17835;[0.909];[-0.041];11097.05237;100),(507297.06621;[0.95];[0.];11651.41292;[0.9054];[-0.0446];11090.83566;100),(510230.43776;[0.96];[0.01];11651.17835;[0.909];[-0.041];11097.05237;100),(518379.90236;[0.82];[-0.13];12117.69831;[0.7757];[-0.1743];11331.83741;100),(522996.68074;[0.82];[-0.13];12117.69831;[0.7757];[-0.1743];11331.83741;100),(528147.56751;[0.82];[-0.13];12117.69831;[0.7757];[-0.1743];11331.83741;100),(532585.69932;[0.82];[-0.13];12117.69831;[0.7757];[-0.1743];11331.83741;100),(536862.13899;[0.82];[-0.13];12117.69831;[0.7757];[-0.1743];11331.83741;100),(537963.87172;[0.93];[-0.02];11764.70532;[0.8776];[-0.0724];11183.00319;100),(540714.30016;[0.97];[0.02];11338.14179;[0.947];[-0.003];10990.36912;100),(542773.52786;[0.95];[0.];11689.20758;[0.9047];[-0.0453];11129.81051;100),(546222.75758;[0.96];[0.01];11508.30355;[0.9088];[-0.0412];10957.25566;100),(547445.07289;[0.96];[0.01];11627.05290;[0.9087];[-0.0413];11071.56521;100),(549401.06368;[0.95];[0.];11663.73266;[0.9059];[-0.0441];11105.72866;100),(551515.40732;[0.96];[0.01];11649.04209;[0.9075];[-0.0425];11092.12847;100),(554487.51521;[0.95];[0.];11657.30019;[0.9066];[-0.0434];11098.87765;100),(557097.88275;[0.95];[0.];11653.20791;[0.9069];[-0.0431];11094.61217;100),(559645.22290;[0.96];[0.01];11651.17835;[0.909];[-0.041];11097.05237;100),(562519.91677;[0.95];[0.];11652.17459;[0.9054];[-0.0446];11091.60832;100),(565464.95056;[0.96];[0.01];11651.17835;[0.909];[-0.041];11097.05237;100),(568369.51900;[0.95];[0.];11651.41292;[0.9054];[-0.0446];11090.83566;100),(571889.99796;[0.96];[0.01];11651.17835;[0.909];[-0.041];11097.05237;100),(574473.23847;[0.95];[0.];11651.41292;[0.9054];[-0.0446];11090.83566;100),(577612.31279;[0.96];[0.01];11651.17835;[0.909];[-0.041];11097.05237;100),(587422.72067;[0.82];[-0.13];12117.69831;[0.7757];[-0.1743];11331.83741;100),(592516.35599;[0.82];[-0.13];12117.69831;[0.7757];[-0.1743];11331.83741;100),(597223.62924;[0.82];[-0.13];12117.69831;[0.7757];[-0.1743];11331.83741;100)]"
3,1,7342.432036087109,[1.],[0.05],600433.7735176086,"[(714.52212;[0.73];[-0.22];8764.30359;[0.7544];[-0.1956];8550.13381;100),(7483.02388;[0.73];[-0.22];8764.30359;[0.7544];[-0.1956];8550.13381;100),(11418.83564;[0.73];[-0.22];8764.30359;[0.7544];[-0.1956];8550.13381;100),(15242.64932;[0.73];[-0.22];8764.30359;[0.7544];[-0.1956];8550.13381;100),(18671.87476;[0.73];[-0.22];8764.30359;[0.7544];[-0.1956];8550.13381;100),(22445.06502;[0.73];[-0.22];8764.30359;[0.7544];[-0.1956];8550.13381;100),(23251.45602;[0.89];[-0.06];8335.39848;[0.918];[-0.032];8204.21875;100),(26691.77270;[0.96];[0.01];7325.33062;[0.9791];[0.0291];7260.57155;100),(28292.72032;[0.92];[-0.03];7915.36960;[0.9534];[0.0034];7810.66009;100),(31208.13179;[0.92];[-0.03];7588.64468;[0.95];[0.];7471.71216;100),(34912.02354;[1.];[0.05];7383.88266;[0.9947];[0.0447];7308.04789;100),(39340.14606;[1.];[0.05];7413.25510;[1.];[0.05];7336.33283;100),(42186.90515;[0.92];[-0.03];7505.79873;[0.9436];[-0.0064];7391.95562;100),(45855.58796;[0.92];[-0.03];7444.89174;[0.9396];[-0.0104];7332.40631;100),(46545.30525;[1.];[0.05];7418.66841;[1.];[0.05];7342.43204;100),(47979.95591;[0.92];[-0.03];7433.56233;[0.9437];[-0.0063];7319.60461;100),(50576.70617;[0.92];[-0.03];7424.18624;[0.9392];[-0.0108];7310.85557;100),(52517.33017;[0.92];[-0.03];7420.03909;[0.9407];[-0.0093];7306.61253;100),(54674.50523;[1.];[0.05];7418.66841;[1.];[0.05];7342.43204;100),(58211.79152;[0.92];[-0.03];7419.23593;[0.9408];[-0.0092];7305.80350;100),(61088.81116;[1.];[0.05];7418.66841;[1.];[0.05];7342.43204;100),(62540.84229;[0.92];[-0.03];7419.23593;[0.9408];[-0.0092];7305.80350;100),(69126.48201;[0.73];[-0.22];8764.30359;[0.7544];[-0.1956];8550.13381;100),(73017.70973;[0.73];[-0.22];8764.30359;[0.7544];[-0.1956];8550.13381;100),(76916.47792;[0.73];[-0.22];8764.30359;[0.7544];[-0.1956];8550.13381;100),(80566.91647;[0.73];[-0.22];8764.30359;[0.7544];[-0.1956];8550.13381;100),(84481.09221;[0.73];[-0.22];8764.30359;[0.7544];[-0.1956];8550.13381;100),(85222.90802;[0.89];[-0.06];8335.39848;[0.918];[-0.032];8204.21875;100),(87892.43913;[0.96];[0.01];7325.33062;[0.9791];[0.0291];7260.57155;100),(89112.59747;[0.92];[-0.03];7915.36960;[0.9534];[0.0034];7810.66009;100),(92048.05923;[0.92];[-0.03];7588.64468;[0.95];[0.];7471.71216;100),(95650.52295;[1.];[0.05];7383.88266;[0.9947];[0.0447];7308.04789;100),(100290.85732;[1.];[0.05];7413.25510;[1.];[0.05];7336.33283;100),(103231.35495;[0.92];[-0.03];7505.79873;[0.9436];[-0.0064];7391.95562;100),(107053.04551;[0.92];[-0.03];7444.89174;[0.9396];[-0.0104];7332.40631;100),(108085.43420;[1.];[0.05];7418.66841;[1.];[0.05];7342.43204;100),(109541.40544;[0.92];[-0.03];7433.56233;[0.9437];[-0.0063];7319.60461;100),(111762.04824;[0.92];[-0.03];7424.18624;[0.9392];[-0.0108];7310.85557;100),(113825.55819;[0.92];[-0.03];7420.03909;[0.9407];[-0.0093];7306.61253;100),(115676.94902;[1.];[0.05];7418.66841;[1.];[0.05];7342.43204;100),(118781.20685;[0.92];[-0.03];7419.23593;[0.9408];[-0.0092];7305.80350;100),(121629.21953;[1.];[0.05];7418.66841;[1.];[0.05];7342.43204;100),(123139.18257;[0.92];[-0.03];7419.23593;[0.9408];[-0.0092];7305.80350;100),(130421.22126;[0.73];[-0.22];8764.30359;[0.7544];[-0.1956];8550.13381;100),(134797.39833;[0.73];[-0.22];8764.30359;[0.7544];[-0.1956];8550.13381;100),(138755.33557;[0.73];[-0.22];8764.30359;[0.7544];[-0.1956];8550.13381;100),(143405.61986;[0.73];[-0.22];8764.30359;[0.7544];[-0.1956];8550.13381;100),(148491.25600;[0.73];[-0.22];8764.30359;[0.7544];[-0.1956];8550.13381;100),(149435.73952;[0.89];[-0.06];8335.39848;[0.918];[-0.032];8204.21875;100),(152620.13221;[0.96];[0.01];7325.33062;[0.9791];[0.0291];7260.57155;100),(153982.36275;[0.92];[-0.03];7915.36960;[0.9534];[0.0034];7810.66009;100),(157377.01273;[0.92];[-0.03];7588.64468;[0.95];[0.];7471.71216;100),(161023.47398;[1.];[0.05];7383.88266;[0.9947];[0.0447];7308.04789;100),(165273.02027;[1.];[0.05];7413.25510;[1.];[0.05];7336.33283;100),(168048.23089;[0.92];[-0.03];7505.79873;[0.9436];[-0.0064];7391.95562;100),(171567.11674;[0.92];[-0.03];7444.89174;[0.9396];[-0.0104];7332.40631;100),(172731.88591;[1.];[0.05];7418.66841;[1.];[0.05];7342.43204;100),(174201.40529;[0.92];[-0.03];7433.56233;[0.9437];[-0.0063];7319.60461;100),(176712.46815;[0.92];[-0.03];7424.18624;[0.9392];[-0.0108];7310.85557;100),(178794.31796;[0.92];[-0.03];7420.03909;[0.9407];[-0.0093];7306.61253;100),(180577.03614;[1.];[0.05];7418.66841;[1.];[0.05];7342.43204;100),(183760.67448;[0.92];[-0.03];7419.23593;[0.9408];[-0.0092];7305.80350;100),(186468.30344;[1.];[0.05];7418.66841;[1.];[0.05];7342.43204;100),(187937.74319;[0.92];[-0.03];7419.23593;[0.9408];[-0.0092];7305.80350;100),(196735.22210;[0.73];[-0.22];8764.30359;[0.7544];[-0.1956];8550.13381;100),(200832.46040;[0.73];[-0.22];8764.30359;[0.7544];[-0.1956];8550.13381;100),(205127.74849;[0.73];[-0.22];8764.30359;[0.7544];[-0.1956];8550.13381;100),(209225.02255;[0.73];[-0.22];8764.30359;[0.7544];[-0.1956];8550.13381;100),(213449.72515;[0.73];[-0.22];8764.30359;[0.7544];[-0.1956];8550.13381;100),(214327.39043;[0.89];[-0.06];8335.39848;[0.918];[-0.032];8204.21875;100),(217394.07516;[0.96];[0.01];7325.33062;[0.9791];[0.0291];7260.57155;100),(218754.97675;[0.92];[-0.03];7915.36960;[0.9534];[0.0034];7810.66009;100),(221837.63814;[0.92];[-0.03];7588.64468;[0.95];[0.];7471.71216;100),(225752.70009;[1.];[0.05];7383.88266;[0.9947];[0.0447];7308.04789;100),(229296.17429;[1.];[0.05];7413.25510;[1.];[0.05];7336.33283;100),(232330.73139;[0.92];[-0.03];7505.79873;[0.9436];[-0.0064];7391.95562;100),(236136.88707;[0.92];[-0.03];7444.89174;[0.9396];[-0.0104];7332.40631;100),(236971.71640;[1.];[0.05];7418.66841;[1.];[0.05];7342.43204;100),(238577.36397;[0.92];[-0.03];7433.56233;[0.9437];[-0.0063];7319.60461;100),(241047.46103;[0.92];[-0.03];7424.18624;[0.9392];[-0.0108];7310.85557;100),(243253.08514;[0.92];[-0.03];7420.03909;[0.9407];[-0.0093];7306.61253;100),(245034.77144;[1.];[0.05];7418.66841;[1.];[0.05];7342.43204;100),(248351.99523;[0.92];[-0.03];7419.23593;[0.9408];[-0.0092];7305.80350;100),(251324.76950;[1.];[0.05];7418.66841;[1.];[0.05];7342.43204;100),(253138.90934;[0.92];[-0.03];7419.23593;[0.9408];[-0.0092];7305.80350;100),(260736.11045;[0.73];[-0.22];8764.30359;[0.7544];[-0.1956];8550.13381;100),(265199.89991;[0.73];[-0.22];8764.30359;[0.7544];[-0.1956];8550.13381;100),(268898.50140;[0.73];[-0.22];8764.30359;[0.7544];[-0.1956];8550.13381;100),(272544.39425;[0.73];[-0.22];8764.30359;[0.7544];[-0.1956];8550.13381;100),(276334.61690;[0.73];[-0.22];8764.30359;[0.7544];[-0.1956];8550.13381;100),(277065.50455;[0.89];[-0.06];8335.39848;[0.918];[-0.032];8204.21875;100),(280039.29329;[0.96];[0.01];7325.33062;[0.9791];[0.0291];7260.57155;100),(281474.68710;[0.92];[-0.03];7915.36960;[0.9534];[0.0034];7810.66009;100),(284505.22566;[0.92];[-0.03];7588.64468;[0.95];[0.];7471.71216;100),(288164.78038;[1.];[0.05];7383.88266;[0.9947];[0.0447];7308.04789;100),(292878.31759;[1.];[0.05];7413.25510;[1.];[0.05];7336.33283;100),(296188.11917;[0.92];[-0.03];7505.79873;[0.9436];[-0.0064];7391.95562;100),(300055.69863;[0.92];[-0.03];7444.89174;[0.9396];[-0.0104];7332.40631;100),(301034.83987;[1.];[0.05];7418.66841;[1.];[0.05];7342.43204;100),(302637.32576;[0.92];[-0.03];7433.56233;[0.9437];[-0.0063];7319.60461;100),(305078.18675;[0.92];[-0.03];7424.18624;[0.9392];[-0.0108];7310.85557;100),(307033.00095;[0.92];[-0.03];7420.03909;[0.9407];[-0.0093];7306.61253;100),(309149.74189;[1.];[0.05];7418.66841;[1.];[0.05];7342.43204;100),(312302.33145;[0.92];[-0.03];7419.23593;[0.9408];[-0.0092];7305.80350;100),(315405.98702;[1.];[0.05];7418.66841;[1.];[0.05];7342.43204;100),(316844.73443;[0.92];[-0.03];7419.23593;[0.9408];[-0.0092];7305.80350;100),(323585.13498;[0.73];[-0.22];8764.30359;[0.7544];[-0.1956];8550.13381;100),(327553.44296;[0.73];[-0.22];8764.30359;[0.7544];[-0.1956];8550.13381;100),(331692.52634;[0.73];[-0.22];8764.30359;[0.7544];[-0.1956];8550.13381;100),(336008.59404;[0.73];[-0.22];8764.30359;[0.7544];[-0.1956];8550.13381;100),(339955.83153;[0.73];[-0.22];8764.30359;[0.7544];[-0.1956];8550.13381;100),(340828.08828;[0.89];[-0.06];8335.39848;[0.918];[-0.032];8204.21875;100),(344818.27855;[0.96];[0.01];7325.33062;[0.9791];[0.0291];7260.57155;100),(346515.92469;[0.92];[-0.03];7915.36960;[0.9534];[0.0034];7810.66009;100),(349960.67572;[0.92];[-0.03];7588.64468;[0.95];[0.];7471.71216;100),(353594.36154;[1.];[0.05];7383.88266;[0.9947];[0.0447];7308.04789;100),(357856.40192;[1.];[0.05];7413.25510;[1.];[0.05];7336.33283;100),(360685.33111;[0.92];[-0.03];7505.79873;[0.9436];[-0.0064];7391.95562;100),(364337.81695;[0.92];[-0.03];7444.89174;[0.9396];[-0.0104];7332.40631;100),(365002.79570;[1.];[0.05];7418.66841;[1.];[0.05];7342.43204;100),(366374.71890;[0.92];[-0.03];7433.56233;[0.9437];[-0.0063];7319.60461;100),(368623.38638;[0.92];[-0.03];7424.18624;[0.9392];[-0.0108];7310.85557;100),(370656.20899;[0.92];[-0.03];7420.03909;[0.9407];[-0.0093];7306.61253;100),(372393.25452;[1.];[0.05];7418.66841;[1.];[0.05];7342.43204;100),(375801.96977;[0.92];[-0.03];7419.23593;[0.9408];[-0.0092];7305.80350;100),(378684.79609;[1.];[0.05];7418.66841;[1.];[0.05];7342.43204;100),(380155.85876;[0.92];[-0.03];7419.23593;[0.9408];[-0.0092];7305.80350;100),(388950.28543;[0.73];[-0.22];8764.30359;[0.7544];[-0.1956];8550.13381;100),(393801.80621;[0.73];[-0.22];8764.30359;[0.7544];[-0.1956];8550.13381;100),(398234.17616;[0.73];[-0.22];8764.30359;[0.7544];[-0.1956];8550.13381;100),(402349.55859;[0.73];[-0.22];8764.30359;[0.7544];[-0.1956];8550.13381;100),(406127.81858;[0.73];[-0.22];8764.30359;[0.7544];[-0.1956];8550.13381;100),(406872.33877;[0.89];[-0.06];8335.39848;[0.918];[-0.032];8204.21875;100),(409878.12710;[0.96];[0.01];7325.33062;[0.9791];[0.0291];7260.57155;100),(411396.46411;[0.92];[-0.03];7915.36960;[0.9534];[0.0034];7810.66009;100),(414517.21787;[0.92];[-0.03];7588.64468;[0.95];[0.];7471.71216;100),(418541.07332;[1.];[0.05];7383.88266;[0.9947];[0.0447];7308.04789;100),(422850.95572;[1.];[0.05];7413.25510;[1.];[0.05];7336.33283;100),(425520.62058;[0.92];[-0.03];7505.79873;[0.9436];[-0.0064];7391.95562;100),(429974.34568;[0.92];[-0.03];7444.89174;[0.9396];[-0.0104];7332.40631;100),(430827.42476;[1.];[0.05];7418.66841;[1.];[0.05];7342.43204;100),(432240.83257;[0.92];[-0.03];7433.56233;[0.9437];[-0.0063];7319.60461;100),(434594.61451;[0.92];[-0.03];7424.18624;[0.9392];[-0.0108];7310.85557;100),(436721.00306;[0.92];[-0.03];7420.03909;[0.9407];[-0.0093];7306.61253;100),(438660.09378;[1.];[0.05];7418.66841;[1.];[0.05];7342.43204;100),(441852.00286;[0.92];[-0.03];7419.23593;[0.9408];[-0.0092];7305.80350;100),(444718.74714;[1.];[0.05];7418.66841;[1.];[0.05];7342.43204;100),(446263.45301;[0.92];[-0.03];7419.23593;[0.9408];[-0.0092];7305.80350;100),(454395.71476;[0.73];[-0.22];8764.30359;[0.7544];[-0.1956];8550.13381;100),(458367.72394;[0.73];[-0.22];8764.30359;[0.7544];[-0.1956];8550.13381;100),(462201.36094;[0.73];[-0.22];8764.30359;[0.7544];[-0.1956];8550.13381;100),(465755.41186;[0.73];[-0.22];8764.30359;[0.7544];[-0.1956];8550.13381;100),(469425.41766;[0.73];[-0.22];8764.30359;[0.7544];[-0.1956];8550.13381;100),(470209.27835;[0.89];[-0.06];8335.39848;[0.918];[-0.032];8204.21875;100),(473187.17647;[0.96];[0.01];7325.33062;[0.9791];[0.0291];7260.57155;100),(474625.31018;[0.92];[-0.03];7915.36960;[0.9534];[0.0034];7810.66009;100),(478048.68269;[0.92];[-0.03];7588.64468;[0.95];[0.];7471.71216;100),(482915.40432;[1.];[0.05];7383.88266;[0.9947];[0.0447];7308.04789;100),(487230.90029;[1.];[0.05];7413.25510;[1.];[0.05];7336.33283;100),(490119.62438;[0.92];[-0.03];7505.79873;[0.9436];[-0.0064];7391.95562;100),(494109.97796;[0.92];[-0.03];7444.89174;[0.9396];[-0.0104];7332.40631;100),(494938.78984;[1.];[0.05];7418.66841;[1.];[0.05];7342.43204;100),(496340.04045;[0.92];[-0.03];7433.56233;[0.9437];[-0.0063];7319.60461;100),(498824.60380;[0.92];[-0.03];7424.18624;[0.9392];[-0.0108];7310.85557;100),(500793.56575;[0.92];[-0.03];7420.03909;[0.9407];[-0.0093];7306.61253;100),(502876.42431;[1.];[0.05];7418.66841;[1.];[0.05];7342.43204;100),(506193.36605;[0.92];[-0.03];7419.23593;[0.9408];[-0.0092];7305.80350;100),(509163.63621;[1.];[0.05];7418.66841;[1.];[0.05];7342.43204;100),(511187.73246;[0.92];[-0.03];7419.23593;[0.9408];[-0.0092];7305.80350;100),(519720.75653;[0.73];[-0.22];8764.30359;[0.7544];[-0.1956];8550.13381;100),(524522.29834;[0.73];[-0.22];8764.30359;[0.7544];[-0.1956];8550.13381;100),(528670.59660;[0.73];[-0.22];8764.30359;[0.7544];[-0.1956];8550.13381;100),(533711.14397;[0.73];[-0.22];8764.30359;[0.7544];[-0.1956];8550.13381;100),(538791.70918;[0.73];[-0.22];8764.30359;[0.7544];[-0.1956];8550.13381;100),(540084.05185;[0.89];[-0.06];8335.39848;[0.918];[-0.032];8204.21875;100),(543508.22282;[0.96];[0.01];7325.33062;[0.9791];[0.0291];7260.57155;100),(544850.91925;[0.92];[-0.03];7915.36960;[0.9534];[0.0034];7810.66009;100),(547887.67457;[0.92];[-0.03];7588.64468;[0.95];[0.];7471.71216;100),(551518.55254;[1.];[0.05];7383.88266;[0.9947];[0.0447];7308.04789;100),(556052.99544;[1.];[0.05];7413.25510;[1.];[0.05];7336.33283;100),(558762.26854;[0.92];[-0.03];7505.79873;[0.9436];[-0.0064];7391.95562;100),(562245.61572;[0.92];[-0.03];7444.89174;[0.9396];[-0.0104];7332.40631;100),(562911.39007;[1.];[0.05];7418.66841;[1.];[0.05];7342.43204;100),(564292.42492;[0.92];[-0.03];7433.56233;[0.9437];[-0.0063];7319.60461;100),(566524.04189;[0.92];[-0.03];7424.18624;[0.9392];[-0.0108];7310.85557;100),(568345.48330;[0.92];[-0.03];7420.03909;[0.9407];[-0.0093];7306.61253;100),(570196.71535;[1.];[0.05];7418.66841;[1.];[0.05];7342.43204;100),(573708.13584;[0.92];[-0.03];7419.23593;[0.9408];[-0.0092];7305.80350;100),(576259.05395;[1.];[0.05];7418.66841;[1.];[0.05];7342.43204;100),(577699.47982;[0.92];[-0.03];7419.23593;[0.9408];[-0.0092];7305.80350;100),(586494.96746;[0.73];[-0.22];8764.30359;[0.7544];[-0.1956];8550.13381;100),(591895.93458;[0.73];[-0.22];8764.30359;[0.7544];[-0.1956];8550.13381;100),(597136.72328;[0.73];[-0.22];8764.30359;[0.7544];[-0.1956];8550.13381;100)]"
2,7,11126.667946353742,[0.8964],[-0.0536],603694.7898864746,"[(1202.23904;[0.9];[-0.05];11075.01791;[0.8676];[-0.0824];11138.80608;100),(8798.09666;[0.9];[-0.05];11075.20466;[0.8694];[-0.0806];11146.21515;100),(13605.55458;[0.9];[-0.05];11075.20466;[0.8694];[-0.0806];11146.21515;100),(17927.07324;[0.9];[-0.05];11075.20466;[0.8694];[-0.0806];11146.21515;100),(22064.04161;[0.9];[-0.05];11075.20466;[0.8694];[-0.0806];11146.21515;100),(26001.70875;[0.9];[-0.05];11075.29807;[0.8676];[-0.0824];11139.06878;100),(28539.00433;[0.99];[0.04];10985.97367;[0.9479];[-0.0021];10954.84291;100),(29226.30739;[0.92];[-0.03];11061.24440;[0.8848];[-0.0652];11143.96386;100),(32425.85206;[0.96];[0.01];11003.26737;[0.9035];[-0.0465];11105.09008;100),(33509.50646;[0.94];[-0.01];11040.50724;[0.894];[-0.056];11135.98713;100),(37286.36432;[0.95];[0.];11026.11080;[0.8964];[-0.0536];11126.66795;100),(39571.61450;[0.96];[0.01];11017.95540;[0.9013];[-0.0487];11118.66119;100),(41607.58710;[0.96];[0.01];11021.65323;[0.9];[-0.05];11122.58097;100),(42819.48948;[0.96];[0.01];11023.99958;[0.8987];[-0.0513];11124.74426;100),(44305.88460;[0.96];[0.01];11025.02698;[0.8985];[-0.0515];11126.12140;100),(45649.02854;[0.95];[0.];11025.58141;[0.8982];[-0.0518];11126.69014;100),(47177.99854;[0.95];[0.];11025.58141;[0.8982];[-0.0518];11126.69014;100),(48267.61723;[0.95];[0.];11025.58141;[0.8982];[-0.0518];11126.69014;100),(50075.53387;[0.96];[0.01];11025.07876;[0.899];[-0.051];11125.66072;100),(51418.17665;[0.96];[0.01];11025.07876;[0.899];[-0.051];11125.66072;100),(52637.63261;[0.96];[0.01];11025.07876;[0.899];[-0.051];11125.66072;100),(61739.50338;[0.9];[-0.05];11075.20466;[0.8694];[-0.0806];11146.21515;100),(65858.38008;[0.9];[-0.05];11075.20466;[0.8694];[-0.0806];11146.21515;100),(70139.80436;[0.9];[-0.05];11075.20466;[0.8694];[-0.0806];11146.21515;100),(73905.08103;[0.9];[-0.05];11075.20466;[0.8694];[-0.0806];11146.21515;100),(77578.52054;[0.9];[-0.05];11075.29807;[0.8676];[-0.0824];11139.06878;100),(79787.60242;[0.99];[0.04];10985.97367;[0.9479];[-0.0021];10954.84291;100),(80310.71281;[0.92];[-0.03];11061.24440;[0.8848];[-0.0652];11143.96386;100),(83258.62885;[0.96];[0.01];11003.26737;[0.9035];[-0.0465];11105.09008;100),(84238.48963;[0.94];[-0.01];11040.50724;[0.894];[-0.056];11135.98713;100),(87260.72001;[0.95];[0.];11026.11080;[0.8964];[-0.0536];11126.66795;100),(89047.34039;[0.96];[0.01];11017.95540;[0.9013];[-0.0487];11118.66119;100),(90357.13410;[0.96];[0.01];11021.65323;[0.9];[-0.05];11122.58097;100),(91515.56230;[0.96];[0.01];11023.99958;[0.8987];[-0.0513];11124.74426;100),(93310.08840;[0.96];[0.01];11025.02698;[0.8985];[-0.0515];11126.12140;100),(94796.98348;[0.95];[0.];11025.58141;[0.8982];[-0.0518];11126.69014;100),(96051.59616;[0.95];[0.];11025.58141;[0.8982];[-0.0518];11126.69014;100),(97690.70292;[0.95];[0.];11025.58141;[0.8982];[-0.0518];11126.69014;100),(99411.75532;[0.96];[0.01];11025.07876;[0.899];[-0.051];11125.66072;100),(100706.62904;[0.96];[0.01];11025.07876;[0.899];[-0.051];11125.66072;100),(102115.06152;[0.96];[0.01];11025.07876;[0.899];[-0.051];11125.66072;100),(110443.03870;[0.9];[-0.05];11075.20466;[0.8694];[-0.0806];11146.21515;100),(114409.73973;[0.9];[-0.05];11075.20466;[0.8694];[-0.0806];11146.21515;100),(118601.27902;[0.9];[-0.05];11075.20466;[0.8694];[-0.0806];11146.21515;100),(122322.19815;[0.9];[-0.05];11075.20466;[0.8694];[-0.0806];11146.21515;100),(126295.83240;[0.9];[-0.05];11075.29807;[0.8676];[-0.0824];11139.06878;100),(129292.77396;[0.99];[0.04];10985.97367;[0.9479];[-0.0021];10954.84291;100),(129735.20637;[0.92];[-0.03];11061.24440;[0.8848];[-0.0652];11143.96386;100),(132983.55269;[0.96];[0.01];11003.26737;[0.9035];[-0.0465];11105.09008;100),(134274.40572;[0.94];[-0.01];11040.50724;[0.894];[-0.056];11135.98713;100),(138094.21277;[0.95];[0.];11026.11080;[0.8964];[-0.0536];11126.66795;100),(139958.50968;[0.96];[0.01];11017.95540;[0.9013];[-0.0487];11118.66119;100),(141302.83594;[0.96];[0.01];11021.65323;[0.9];[-0.05];11122.58097;100),(142755.08642;[0.96];[0.01];11023.99958;[0.8987];[-0.0513];11124.74426;100),(144361.61208;[0.96];[0.01];11025.02698;[0.8985];[-0.0515];11126.12140;100),(145749.78518;[0.95];[0.];11025.58141;[0.8982];[-0.0518];11126.69014;100),(147403.95546;[0.95];[0.];11025.58141;[0.8982];[-0.0518];11126.69014;100),(148707.91721;[0.95];[0.];11025.58141;[0.8982];[-0.0518];11126.69014;100),(150832.17597;[0.96];[0.01];11025.07876;[0.899];[-0.051];11125.66072;100),(152242.86723;[0.96];[0.01];11025.07876;[0.899];[-0.051];11125.66072;100),(154152.32205;[0.96];[0.01];11025.07876;[0.899];[-0.051];11125.66072;100),(165370.48268;[0.9];[-0.05];11075.20466;[0.8694];[-0.0806];11146.21515;100),(171370.98694;[0.9];[-0.05];11075.20466;[0.8694];[-0.0806];11146.21515;100),(176797.67561;[0.9];[-0.05];11075.20466;[0.8694];[-0.0806];11146.21515;100),(181736.16743;[0.9];[-0.05];11075.20466;[0.8694];[-0.0806];11146.21515;100),(186664.99782;[0.9];[-0.05];11075.29807;[0.8676];[-0.0824];11139.06878;100),(190513.25655;[0.99];[0.04];10985.97367;[0.9479];[-0.0021];10954.84291;100),(191097.65005;[0.92];[-0.03];11061.24440;[0.8848];[-0.0652];11143.96386;100),(194472.66579;[0.96];[0.01];11003.26737;[0.9035];[-0.0465];11105.09008;100),(195562.97922;[0.94];[-0.01];11040.50724;[0.894];[-0.056];11135.98713;100),(198995.35775;[0.95];[0.];11026.11080;[0.8964];[-0.0536];11126.66795;100),(201345.24393;[0.96];[0.01];11017.95540;[0.9013];[-0.0487];11118.66119;100),(202654.63614;[0.96];[0.01];11021.65323;[0.9];[-0.05];11122.58097;100),(204248.93785;[0.96];[0.01];11023.99958;[0.8987];[-0.0513];11124.74426;100),(205487.38265;[0.96];[0.01];11025.02698;[0.8985];[-0.0515];11126.12140;100),(206701.55907;[0.95];[0.];11025.58141;[0.8982];[-0.0518];11126.69014;100),(208225.09170;[0.95];[0.];11025.58141;[0.8982];[-0.0518];11126.69014;100),(209406.52728;[0.95];[0.];11025.58141;[0.8982];[-0.0518];11126.69014;100),(211341.27474;[0.96];[0.01];11025.07876;[0.899];[-0.051];11125.66072;100),(212660.84433;[0.96];[0.01];11025.07876;[0.899];[-0.051];11125.66072;100),(214180.93419;[0.96];[0.01];11025.07876;[0.899];[-0.051];11125.66072;100),(223705.01161;[0.9];[-0.05];11075.20466;[0.8694];[-0.0806];11146.21515;100),(228372.75147;[0.9];[-0.05];11075.20466;[0.8694];[-0.0806];11146.21515;100),(233132.61604;[0.9];[-0.05];11075.20466;[0.8694];[-0.0806];11146.21515;100),(237972.17584;[0.9];[-0.05];11075.20466;[0.8694];[-0.0806];11146.21515;100),(242657.39679;[0.9];[-0.05];11075.29807;[0.8676];[-0.0824];11139.06878;100),(245853.04356;[0.99];[0.04];10985.97367;[0.9479];[-0.0021];10954.84291;100),(246298.91658;[0.92];[-0.03];11061.24440;[0.8848];[-0.0652];11143.96386;100),(250711.95960;[0.96];[0.01];11003.26737;[0.9035];[-0.0465];11105.09008;100),(252051.69702;[0.94];[-0.01];11040.50724;[0.894];[-0.056];11135.98713;100),(255259.39560;[0.95];[0.];11026.11080;[0.8964];[-0.0536];11126.66795;100),(257286.11112;[0.96];[0.01];11017.95540;[0.9013];[-0.0487];11118.66119;100),(258641.26492;[0.96];[0.01];11021.65323;[0.9];[-0.05];11122.58097;100),(259835.19340;[0.96];[0.01];11023.99958;[0.8987];[-0.0513];11124.74426;100),(261000.45729;[0.96];[0.01];11025.02698;[0.8985];[-0.0515];11126.12140;100),(262529.71005;[0.95];[0.];11025.58141;[0.8982];[-0.0518];11126.69014;100),(264225.71087;[0.95];[0.];11025.58141;[0.8982];[-0.0518];11126.69014;100),(265444.06152;[0.95];[0.];11025.58141;[0.8982];[-0.0518];11126.69014;100),(267186.61356;[0.96];[0.01];11025.07876;[0.899];[-0.051];11125.66072;100),(268405.54595;[0.96];[0.01];11025.07876;[0.899];[-0.051];11125.66072;100),(269623.76142;[0.96];[0.01];11025.07876;[0.899];[-0.051];11125.66072;100),(277364.53509;[0.9];[-0.05];11075.20466;[0.8694];[-0.0806];11146.21515;100),(282439.12864;[0.9];[-0.05];11075.20466;[0.8694];[-0.0806];11146.21515;100),(287413.66935;[0.9];[-0.05];11075.20466;[0.8694];[-0.0806];11146.21515;100),(293010.37765;[0.9];[-0.05];11075.20466;[0.8694];[-0.0806];11146.21515;100),(298170.88842;[0.9];[-0.05];11075.29807;[0.8676];[-0.0824];11139.06878;100),(300407.04656;[0.99];[0.04];10985.97367;[0.9479];[-0.0021];10954.84291;100),(300825.23990;[0.92];[-0.03];11061.24440;[0.8848];[-0.0652];11143.96386;100),(304617.10572;[0.96];[0.01];11003.26737;[0.9035];[-0.0465];11105.09008;100),(306296.39721;[0.94];[-0.01];11040.50724;[0.894];[-0.056];11135.98713;100),(309826.95270;[0.95];[0.];11026.11080;[0.8964];[-0.0536];11126.66795;100),(312385.98442;[0.96];[0.01];11017.95540;[0.9013];[-0.0487];11118.66119;100),(313633.37970;[0.96];[0.01];11021.65323;[0.9];[-0.05];11122.58097;100),(314882.45726;[0.96];[0.01];11023.99958;[0.8987];[-0.0513];11124.74426;100),(316309.33785;[0.96];[0.01];11025.02698;[0.8985];[-0.0515];11126.12140;100),(317714.30612;[0.95];[0.];11025.58141;[0.8982];[-0.0518];11126.69014;100),(319006.73008;[0.95];[0.];11025.58141;[0.8982];[-0.0518];11126.69014;100),(320593.08314;[0.95];[0.];11025.58141;[0.8982];[-0.0518];11126.69014;100),(323075.88792;[0.96];[0.01];11025.07876;[0.899];[-0.051];11125.66072;100),(324373.38233;[0.96];[0.01];11025.07876;[0.899];[-0.051];11125.66072;100),(325794.32011;[0.96];[0.01];11025.07876;[0.899];[-0.051];11125.66072;100),(336038.00225;[0.9];[-0.05];11075.20466;[0.8694];[-0.0806];11146.21515;100),(340934.48353;[0.9];[-0.05];11075.20466;[0.8694];[-0.0806];11146.21515;100),(346545.70675;[0.9];[-0.05];11075.20466;[0.8694];[-0.0806];11146.21515;100),(350782.06182;[0.9];[-0.05];11075.20466;[0.8694];[-0.0806];11146.21515;100),(354282.61280;[0.9];[-0.05];11075.29807;[0.8676];[-0.0824];11139.06878;100),(356451.70760;[0.99];[0.04];10985.97367;[0.9479];[-0.0021];10954.84291;100),(356982.75256;[0.92];[-0.03];11061.24440;[0.8848];[-0.0652];11143.96386;100),(359756.02245;[0.96];[0.01];11003.26737;[0.9035];[-0.0465];11105.09008;100),(360744.96865;[0.94];[-0.01];11040.50724;[0.894];[-0.056];11135.98713;100),(363455.65748;[0.95];[0.];11026.11080;[0.8964];[-0.0536];11126.66795;100),(365148.60511;[0.96];[0.01];11017.95540;[0.9013];[-0.0487];11118.66119;100),(366359.07578;[0.96];[0.01];11021.65323;[0.9];[-0.05];11122.58097;100),(367528.88274;[0.96];[0.01];11023.99958;[0.8987];[-0.0513];11124.74426;100),(369045.91918;[0.96];[0.01];11025.02698;[0.8985];[-0.0515];11126.12140;100),(370690.10496;[0.95];[0.];11025.58141;[0.8982];[-0.0518];11126.69014;100),(372567.25383;[0.95];[0.];11025.58141;[0.8982];[-0.0518];11126.69014;100),(374235.50320;[0.95];[0.];11025.58141;[0.8982];[-0.0518];11126.69014;100),(376622.46871;[0.96];[0.01];11025.07876;[0.899];[-0.051];11125.66072;100),(378098.89436;[0.96];[0.01];11025.07876;[0.899];[-0.051];11125.66072;100),(379381.62756;[0.96];[0.01];11025.07876;[0.899];[-0.051];11125.66072;100),(389415.84444;[0.9];[-0.05];11075.20466;[0.8694];[-0.0806];11146.21515;100),(394288.75971;[0.9];[-0.05];11075.20466;[0.8694];[-0.0806];11146.21515;100),(399402.76217;[0.9];[-0.05];11075.20466;[0.8694];[-0.0806];11146.21515;100),(403204.60725;[0.9];[-0.05];11075.20466;[0.8694];[-0.0806];11146.21515;100),(406639.05120;[0.9];[-0.05];11075.29807;[0.8676];[-0.0824];11139.06878;100),(408706.95305;[0.99];[0.04];10985.97367;[0.9479];[-0.0021];10954.84291;100),(409126.43003;[0.92];[-0.03];11061.24440;[0.8848];[-0.0652];11143.96386;100),(412118.93225;[0.96];[0.01];11003.26737;[0.9035];[-0.0465];11105.09008;100),(413582.42607;[0.94];[-0.01];11040.50724;[0.894];[-0.056];11135.98713;100),(416805.36962;[0.95];[0.];11026.11080;[0.8964];[-0.0536];11126.66795;100),(418920.33768;[0.96];[0.01];11017.95540;[0.9013];[-0.0487];11118.66119;100),(420461.77149;[0.96];[0.01];11021.65323;[0.9];[-0.05];11122.58097;100),(422174.23081;[0.96];[0.01];11023.99958;[0.8987];[-0.0513];11124.74426;100),(423580.06001;[0.96];[0.01];11025.02698;[0.8985];[-0.0515];11126.12140;100),(425049.89839;[0.95];[0.];11025.58141;[0.8982];[-0.0518];11126.69014;100),(426566.93196;[0.95];[0.];11025.58141;[0.8982];[-0.0518];11126.69014;100),(428208.58431;[0.95];[0.];11025.58141;[0.8982];[-0.0518];11126.69014;100),(431019.98329;[0.96];[0.01];11025.07876;[0.899];[-0.051];11125.66072;100),(433310.03857;[0.96];[0.01];11025.07876;[0.899];[-0.051];11125.66072;100),(435290.18307;[0.96];[0.01];11025.07876;[0.899];[-0.051];11125.66072;100),(445580.36685;[0.9];[-0.05];11075.20466;[0.8694];[-0.0806];11146.21515;100),(450795.37630;[0.9];[-0.05];11075.20466;[0.8694];[-0.0806];11146.21515;100),(454951.12109;[0.9];[-0.05];11075.20466;[0.8694];[-0.0806];11146.21515;100),(458704.03576;[0.9];[-0.05];11075.20466;[0.8694];[-0.0806];11146.21515;100),(462217.40746;[0.9];[-0.05];11075.29807;[0.8676];[-0.0824];11139.06878;100),(464711.78007;[0.99];[0.04];10985.97367;[0.9479];[-0.0021];10954.84291;100),(465450.07658;[0.92];[-0.03];11061.24440;[0.8848];[-0.0652];11143.96386;100),(469064.31913;[0.96];[0.01];11003.26737;[0.9035];[-0.0465];11105.09008;100),(469996.30523;[0.94];[-0.01];11040.50724;[0.894];[-0.056];11135.98713;100),(472695.27864;[0.95];[0.];11026.11080;[0.8964];[-0.0536];11126.66795;100),(474471.88497;[0.96];[0.01];11017.95540;[0.9013];[-0.0487];11118.66119;100),(475738.49201;[0.96];[0.01];11021.65323;[0.9];[-0.05];11122.58097;100),(477399.40023;[0.96];[0.01];11023.99958;[0.8987];[-0.0513];11124.74426;100),(478980.30090;[0.96];[0.01];11025.02698;[0.8985];[-0.0515];11126.12140;100),(480535.98881;[0.95];[0.];11025.58141;[0.8982];[-0.0518];11126.69014;100),(481972.82314;[0.95];[0.];11025.58141;[0.8982];[-0.0518];11126.69014;100),(483191.53595;[0.95];[0.];11025.58141;[0.8982];[-0.0518];11126.69014;100),(485830.93405;[0.96];[0.01];11025.07876;[0.899];[-0.051];11125.66072;100),(488032.40180;[0.96];[0.01];11025.07876;[0.899];[-0.051];11125.66072;100),(489861.87983;[0.96];[0.01];11025.07876;[0.899];[-0.051];11125.66072;100),(500178.97201;[0.9];[-0.05];11075.20466;[0.8694];[-0.0806];11146.21515;100),(505482.11288;[0.9];[-0.05];11075.20466;[0.8694];[-0.0806];11146.21515;100),(510061.94258;[0.9];[-0.05];11075.20466;[0.8694];[-0.0806];11146.21515;100),(513824.60952;[0.9];[-0.05];11075.20466;[0.8694];[-0.0806];11146.21515;100),(517232.54919;[0.9];[-0.05];11075.29807;[0.8676];[-0.0824];11139.06878;100),(519690.53817;[0.99];[0.04];10985.97367;[0.9479];[-0.0021];10954.84291;100),(520132.49898;[0.92];[-0.03];11061.24440;[0.8848];[-0.0652];11143.96386;100),(523629.91929;[0.96];[0.01];11003.26737;[0.9035];[-0.0465];11105.09008;100),(524569.92030;[0.94];[-0.01];11040.50724;[0.894];[-0.056];11135.98713;100),(527496.49906;[0.95];[0.];11026.11080;[0.8964];[-0.0536];11126.66795;100),(529342.82660;[0.96];[0.01];11017.95540;[0.9013];[-0.0487];11118.66119;100),(530774.55568;[0.96];[0.01];11021.65323;[0.9];[-0.05];11122.58097;100),(532158.66566;[0.96];[0.01];11023.99958;[0.8987];[-0.0513];11124.74426;100),(534126.41740;[0.96];[0.01];11025.02698;[0.8985];[-0.0515];11126.12140;100),(535580.71113;[0.95];[0.];11025.58141;[0.8982];[-0.0518];11126.69014;100),(537238.91926;[0.95];[0.];11025.58141;[0.8982];[-0.0518];11126.69014;100),(538431.16927;[0.95];[0.];11025.58141;[0.8982];[-0.0518];11126.69014;100),(541133.09360;[0.96];[0.01];11025.07876;[0.899];[-0.051];11125.66072;100),(543261.96766;[0.96];[0.01];11025.07876;[0.899];[-0.051];11125.66072;100),(545098.66810;[0.96];[0.01];11025.07876;[0.899];[-0.051];11125.66072;100),(554603.67846;[0.9];[-0.05];11075.20466;[0.8694];[-0.0806];11146.21515;100),(559520.93720;[0.9];[-0.05];11075.20466;[0.8694];[-0.0806];11146.21515;100),(563576.72143;[0.9];[-0.05];11075.20466;[0.8694];[-0.0806];11146.21515;100),(567686.85865;[0.9];[-0.05];11075.20466;[0.8694];[-0.0806];11146.21515;100),(571303.74479;[0.9];[-0.05];11075.29807;[0.8676];[-0.0824];11139.06878;100),(573471.45367;[0.99];[0.04];10985.97367;[0.9479];[-0.0021];10954.84291;100),(574048.74086;[0.92];[-0.03];11061.24440;[0.8848];[-0.0652];11143.96386;100),(577087.70680;[0.96];[0.01];11003.26737;[0.9035];[-0.0465];11105.09008;100),(578145.05720;[0.94];[-0.01];11040.50724;[0.894];[-0.056];11135.98713;100),(581335.68096;[0.95];[0.];11026.11080;[0.8964];[-0.0536];11126.66795;100),(583407.79829;[0.96];[0.01];11017.95540;[0.9013];[-0.0487];11118.66119;100),(585290.44151;[0.96];[0.01];11021.65323;[0.9];[-0.05];11122.58097;100),(586586.28201;[0.96];[0.01];11023.99958;[0.8987];[-0.0513];11124.74426;100),(587887.31480;[0.96];[0.01];11025.02698;[0.8985];[-0.0515];11126.12140;100),(589186.98621;[0.95];[0.];11025.58141;[0.8982];[-0.0518];11126.69014;100),(590497.33472;[0.95];[0.];11025.58141;[0.8982];[-0.0518];11126.69014;100),(592600.60072;[0.95];[0.];11025.58141;[0.8982];[-0.0518];11126.69014;100),(595646.54088;[0.96];[0.01];11025.07876;[0.899];[-0.051];11125.66072;100),(597272.09735;[0.96];[0.01];11025.07876;[0.899];[-0.051];11125.66072;100),(599288.14054;[0.96];[0.01];11025.07876;[0.899];[-0.051];11125.66072;100)]"
3,3,7359.7130248201465,[1.],[0.05],600228.3835411072,"[(743.82687;[0.89];[-0.06];8346.01288;[0.901];[-0.049];8379.77296;100),(8551.21183;[0.89];[-0.06];8346.01288;[0.901];[-0.049];8379.77296;100),(12076.00880;[0.89];[-0.06];8346.01288;[0.901];[-0.049];8379.77296;100),(16036.21030;[0.89];[-0.06];8346.01288;[0.901];[-0.049];8379.77296;100),(20095.87669;[0.89];[-0.06];8346.01288;[0.901];[-0.049];8379.77296;100),(23741.57071;[0.89];[-0.06];8346.01288;[0.901];[-0.049];8379.77296;100),(25739.51435;[0.94];[-0.01];7780.70011;[0.9547];[0.0047];7789.34708;100),(26158.55336;[0.99];[0.04];7171.95970;[0.9831];[0.0331];7168.56621;100),(26965.93595;[1.];[0.05];7321.06004;[0.994];[0.044];7325.77444;100),(28086.85780;[0.94];[-0.01];7614.78138;[0.9551];[0.0051];7621.80230;100),(29019.06633;[1.];[0.05];7345.29259;[1.];[0.05];7356.13903;100),(30642.80319;[0.94];[-0.01];7499.85055;[0.9483];[-0.0017];7507.77279;100),(31190.59515;[0.94];[-0.01];7393.40202;[0.9433];[-0.0067];7401.59533;100),(32175.48966;[1.];[0.05];7348.83749;[1.];[0.05];7359.00014;100),(34102.70786;[1.];[0.05];7349.68738;[1.];[0.05];7359.71302;100),(36790.62366;[0.94];[-0.01];7373.33271;[0.9402];[-0.0098];7381.26129;100),(39767.41958;[0.94];[-0.01];7361.43599;[0.9374];[-0.0126];7368.83461;100),(40382.95293;[0.94];[-0.01];7360.98156;[0.9376];[-0.0124];7368.39331;100),(45076.72834;[0.94];[-0.01];7352.62195;[0.9405];[-0.0095];7360.02187;100),(48817.08789;[0.94];[-0.01];7350.00414;[0.9404];[-0.0096];7357.56140;100),(52429.95358;[1.];[0.05];7349.68738;[1.];[0.05];7359.71302;100),(62199.18418;[0.89];[-0.06];8346.01288;[0.901];[-0.049];8379.77296;100),(66797.02377;[0.89];[-0.06];8346.01288;[0.901];[-0.049];8379.77296;100),(71647.82643;[0.89];[-0.06];8346.01288;[0.901];[-0.049];8379.77296;100),(75646.66080;[0.89];[-0.06];8346.01288;[0.901];[-0.049];8379.77296;100),(78804.25692;[0.89];[-0.06];8346.01288;[0.901];[-0.049];8379.77296;100),(80548.10500;[0.94];[-0.01];7780.70011;[0.9547];[0.0047];7789.34708;100),(80946.97380;[0.99];[0.04];7171.95970;[0.9831];[0.0331];7168.56621;100),(81731.82368;[1.];[0.05];7321.06004;[0.994];[0.044];7325.77444;100),(82516.98518;[0.94];[-0.01];7614.78138;[0.9551];[0.0051];7621.80230;100),(83457.76725;[1.];[0.05];7345.29259;[1.];[0.05];7356.13903;100),(85033.24509;[0.94];[-0.01];7499.85055;[0.9483];[-0.0017];7507.77279;100),(85423.12384;[0.94];[-0.01];7393.40202;[0.9433];[-0.0067];7401.59533;100),(86241.00733;[1.];[0.05];7348.83749;[1.];[0.05];7359.00014;100),(87817.90280;[1.];[0.05];7349.68738;[1.];[0.05];7359.71302;100),(90403.88680;[0.94];[-0.01];7373.33271;[0.9402];[-0.0098];7381.26129;100),(93305.27401;[0.94];[-0.01];7361.43599;[0.9374];[-0.0126];7368.83461;100),(93901.53289;[0.94];[-0.01];7360.98156;[0.9376];[-0.0124];7368.39331;100),(98526.45183;[0.94];[-0.01];7352.62195;[0.9405];[-0.0095];7360.02187;100),(102265.60760;[0.94];[-0.01];7350.00414;[0.9404];[-0.0096];7357.56140;100),(105759.90367;[1.];[0.05];7349.68738;[1.];[0.05];7359.71302;100),(113333.86016;[0.89];[-0.06];8346.01288;[0.901];[-0.049];8379.77296;100),(117188.99894;[0.89];[-0.06];8346.01288;[0.901];[-0.049];8379.77296;100),(121147.09306;[0.89];[-0.06];8346.01288;[0.901];[-0.049];8379.77296;100),(125208.84204;[0.89];[-0.06];8346.01288;[0.901];[-0.049];8379.77296;100),(128648.11563;[0.89];[-0.06];8346.01288;[0.901];[-0.049];8379.77296;100),(131109.22122;[0.94];[-0.01];7780.70011;[0.9547];[0.0047];7789.34708;100),(131835.72960;[0.99];[0.04];7171.95970;[0.9831];[0.0331];7168.56621;100),(132702.70443;[1.];[0.05];7321.06004;[0.994];[0.044];7325.77444;100),(133557.69324;[0.94];[-0.01];7614.78138;[0.9551];[0.0051];7621.80230;100),(134540.65371;[1.];[0.05];7345.29259;[1.];[0.05];7356.13903;100),(136473.17266;[0.94];[-0.01];7499.85055;[0.9483];[-0.0017];7507.77279;100),(136964.00261;[0.94];[-0.01];7393.40202;[0.9433];[-0.0067];7401.59533;100),(137931.50020;[1.];[0.05];7348.83749;[1.];[0.05];7359.00014;100),(139404.30665;[1.];[0.05];7349.68738;[1.];[0.05];7359.71302;100),(142054.74281;[0.94];[-0.01];7373.33271;[0.9402];[-0.0098];7381.26129;100),(144768.66007;[0.94];[-0.01];7361.43599;[0.9374];[-0.0126];7368.83461;100),(145350.39330;[0.94];[-0.01];7360.98156;[0.9376];[-0.0124];7368.39331;100),(150125.51022;[0.94];[-0.01];7352.62195;[0.9405];[-0.0095];7360.02187;100),(153910.68387;[0.94];[-0.01];7350.00414;[0.9404];[-0.0096];7357.56140;100),(157059.29947;[1.];[0.05];7349.68738;[1.];[0.05];7359.71302;100),(164189.36849;[0.89];[-0.06];8346.01288;[0.901];[-0.049];8379.77296;100),(168072.25728;[0.89];[-0.06];8346.01288;[0.901];[-0.049];8379.77296;100),(171899.79935;[0.89];[-0.06];8346.01288;[0.901];[-0.049];8379.77296;100),(175746.54818;[0.89];[-0.06];8346.01288;[0.901];[-0.049];8379.77296;100),(179856.14419;[0.89];[-0.06];8346.01288;[0.901];[-0.049];8379.77296;100),(181817.33990;[0.94];[-0.01];7780.70011;[0.9547];[0.0047];7789.34708;100),(182422.37782;[0.99];[0.04];7171.95970;[0.9831];[0.0331];7168.56621;100),(183208.26674;[1.];[0.05];7321.06004;[0.994];[0.044];7325.77444;100),(184132.02953;[0.94];[-0.01];7614.78138;[0.9551];[0.0051];7621.80230;100),(185201.01953;[1.];[0.05];7345.29259;[1.];[0.05];7356.13903;100),(186931.19717;[0.94];[-0.01];7499.85055;[0.9483];[-0.0017];7507.77279;100),(187420.99404;[0.94];[-0.01];7393.40202;[0.9433];[-0.0067];7401.59533;100),(188465.07001;[1.];[0.05];7348.83749;[1.];[0.05];7359.00014;100),(190006.84571;[1.];[0.05];7349.68738;[1.];[0.05];7359.71302;100),(192809.54480;[0.94];[-0.01];7373.33271;[0.9402];[-0.0098];7381.26129;100),(195560.90188;[0.94];[-0.01];7361.43599;[0.9374];[-0.0126];7368.83461;100),(196158.31280;[0.94];[-0.01];7360.98156;[0.9376];[-0.0124];7368.39331;100),(201008.05998;[0.94];[-0.01];7352.62195;[0.9405];[-0.0095];7360.02187;100),(205001.76740;[0.94];[-0.01];7350.00414;[0.9404];[-0.0096];7357.56140;100),(208389.38260;[1.];[0.05];7349.68738;[1.];[0.05];7359.71302;100),(216216.20154;[0.89];[-0.06];8346.01288;[0.901];[-0.049];8379.77296;100),(220387.49576;[0.89];[-0.06];8346.01288;[0.901];[-0.049];8379.77296;100),(224243.49666;[0.89];[-0.06];8346.01288;[0.901];[-0.049];8379.77296;100),(227919.54207;[0.89];[-0.06];8346.01288;[0.901];[-0.049];8379.77296;100),(231892.43770;[0.89];[-0.06];8346.01288;[0.901];[-0.049];8379.77296;100),(233955.94168;[0.94];[-0.01];7780.70011;[0.9547];[0.0047];7789.34708;100),(234393.33630;[0.99];[0.04];7171.95970;[0.9831];[0.0331];7168.56621;100),(235154.87695;[1.];[0.05];7321.06004;[0.994];[0.044];7325.77444;100),(236149.18852;[0.94];[-0.01];7614.78138;[0.9551];[0.0051];7621.80230;100),(237434.35764;[1.];[0.05];7345.29259;[1.];[0.05];7356.13903;100),(239222.04995;[0.94];[-0.01];7499.85055;[0.9483];[-0.0017];7507.77279;100),(239605.07154;[0.94];[-0.01];7393.40202;[0.9433];[-0.0067];7401.59533;100),(240447.55340;[1.];[0.05];7348.83749;[1.];[0.05];7359.00014;100),(242249.05777;[1.];[0.05];7349.68738;[1.];[0.05];7359.71302;100),(244753.18289;[0.94];[-0.01];7373.33271;[0.9402];[-0.0098];7381.26129;100),(247615.45777;[0.94];[-0.01];7361.43599;[0.9374];[-0.0126];7368.83461;100),(248212.49127;[0.94];[-0.01];7360.98156;[0.9376];[-0.0124];7368.39331;100),(252958.67085;[0.94];[-0.01];7352.62195;[0.9405];[-0.0095];7360.02187;100),(257003.89743;[0.94];[-0.01];7350.00414;[0.9404];[-0.0096];7357.56140;100),(260245.95952;[1.];[0.05];7349.68738;[1.];[0.05];7359.71302;100),(268499.23539;[0.89];[-0.06];8346.01288;[0.901];[-0.049];8379.77296;100),(272828.70245;[0.89];[-0.06];8346.01288;[0.901];[-0.049];8379.77296;100),(276860.08263;[0.89];[-0.06];8346.01288;[0.901];[-0.049];8379.77296;100),(281113.82985;[0.89];[-0.06];8346.01288;[0.901];[-0.049];8379.77296;100),(285271.62266;[0.89];[-0.06];8346.01288;[0.901];[-0.049];8379.77296;100),(288202.22998;[0.94];[-0.01];7780.70011;[0.9547];[0.0047];7789.34708;100),(288602.59414;[0.99];[0.04];7171.95970;[0.9831];[0.0331];7168.56621;100),(289392.68541;[1.];[0.05];7321.06004;[0.994];[0.044];7325.77444;100),(290231.27937;[0.94];[-0.01];7614.78138;[0.9551];[0.0051];7621.80230;100),(291413.52105;[1.];[0.05];7345.29259;[1.];[0.05];7356.13903;100),(293262.86077;[0.94];[-0.01];7499.85055;[0.9483];[-0.0017];7507.77279;100),(293689.24856;[0.94];[-0.01];7393.40202;[0.9433];[-0.0067];7401.59533;100),(294738.48748;[1.];[0.05];7348.83749;[1.];[0.05];7359.00014;100),(296577.02374;[1.];[0.05];7349.68738;[1.];[0.05];7359.71302;100),(299317.36302;[0.94];[-0.01];7373.33271;[0.9402];[-0.0098];7381.26129;100),(302004.98772;[0.94];[-0.01];7361.43599;[0.9374];[-0.0126];7368.83461;100),(302787.52303;[0.94];[-0.01];7360.98156;[0.9376];[-0.0124];7368.39331;100),(307485.48913;[0.94];[-0.01];7352.62195;[0.9405];[-0.0095];7360.02187;100),(311274.24598;[0.94];[-0.01];7350.00414;[0.9404];[-0.0096];7357.56140;100),(314638.54384;[1.];[0.05];7349.68738;[1.];[0.05];7359.71302;100),(321669.92998;[0.89];[-0.06];8346.01288;[0.901];[-0.049];8379.77296;100),(325280.15780;[0.89];[-0.06];8346.01288;[0.901];[-0.049];8379.77296;100),(329830.94859;[0.89];[-0.06];8346.01288;[0.901];[-0.049];8379.77296;100),(334493.96563;[0.89];[-0.06];8346.01288;[0.901];[-0.049];8379.77296;100),(339643.42093;[0.89];[-0.06];8346.01288;[0.901];[-0.049];8379.77296;100),(341666.94188;[0.94];[-0.01];7780.70011;[0.9547];[0.0047];7789.34708;100),(342162.84037;[0.99];[0.04];7171.95970;[0.9831];[0.0331];7168.56621;100),(343024.52159;[1.];[0.05];7321.06004;[0.994];[0.044];7325.77444;100),(343945.91236;[0.94];[-0.01];7614.78138;[0.9551];[0.0051];7621.80230;100),(345102.85401;[1.];[0.05];7345.29259;[1.];[0.05];7356.13903;100),(346834.65600;[0.94];[-0.01];7499.85055;[0.9483];[-0.0017];7507.77279;100),(347232.94282;[0.94];[-0.01];7393.40202;[0.9433];[-0.0067];7401.59533;100),(348012.52317;[1.];[0.05];7348.83749;[1.];[0.05];7359.00014;100),(349855.05581;[1.];[0.05];7349.68738;[1.];[0.05];7359.71302;100),(352562.11972;[0.94];[-0.01];7373.33271;[0.9402];[-0.0098];7381.26129;100),(355504.90880;[0.94];[-0.01];7361.43599;[0.9374];[-0.0126];7368.83461;100),(356389.82654;[0.94];[-0.01];7360.98156;[0.9376];[-0.0124];7368.39331;100),(361123.56949;[0.94];[-0.01];7352.62195;[0.9405];[-0.0095];7360.02187;100),(365238.55042;[0.94];[-0.01];7350.00414;[0.9404];[-0.0096];7357.56140;100),(368768.93449;[1.];[0.05];7349.68738;[1.];[0.05];7359.71302;100),(375645.16306;[0.89];[-0.06];8346.01288;[0.901];[-0.049];8379.77296;100),(379182.57523;[0.89];[-0.06];8346.01288;[0.901];[-0.049];8379.77296;100),(383135.87379;[0.89];[-0.06];8346.01288;[0.901];[-0.049];8379.77296;100),(386577.90947;[0.89];[-0.06];8346.01288;[0.901];[-0.049];8379.77296;100),(390224.49422;[0.89];[-0.06];8346.01288;[0.901];[-0.049];8379.77296;100),(392054.52299;[0.94];[-0.01];7780.70011;[0.9547];[0.0047];7789.34708;100),(392543.05172;[0.99];[0.04];7171.95970;[0.9831];[0.0331];7168.56621;100),(393308.83121;[1.];[0.05];7321.06004;[0.994];[0.044];7325.77444;100),(394113.25169;[0.94];[-0.01];7614.78138;[0.9551];[0.0051];7621.80230;100),(394968.19091;[1.];[0.05];7345.29259;[1.];[0.05];7356.13903;100),(396614.77900;[0.94];[-0.01];7499.85055;[0.9483];[-0.0017];7507.77279;100),(397028.76997;[0.94];[-0.01];7393.40202;[0.9433];[-0.0067];7401.59533;100),(397836.03740;[1.];[0.05];7348.83749;[1.];[0.05];7359.00014;100),(399568.01128;[1.];[0.05];7349.68738;[1.];[0.05];7359.71302;100),(402487.66160;[0.94];[-0.01];7373.33271;[0.9402];[-0.0098];7381.26129;100),(405526.55506;[0.94];[-0.01];7361.43599;[0.9374];[-0.0126];7368.83461;100),(406179.11386;[0.94];[-0.01];7360.98156;[0.9376];[-0.0124];7368.39331;100),(410671.35572;[0.94];[-0.01];7352.62195;[0.9405];[-0.0095];7360.02187;100),(414518.44978;[0.94];[-0.01];7350.00414;[0.9404];[-0.0096];7357.56140;100),(418151.85404;[1.];[0.05];7349.68738;[1.];[0.05];7359.71302;100),(425736.80806;[0.89];[-0.06];8346.01288;[0.901];[-0.049];8379.77296;100),(429995.32843;[0.89];[-0.06];8346.01288;[0.901];[-0.049];8379.77296;100),(433689.86964;[0.89];[-0.06];8346.01288;[0.901];[-0.049];8379.77296;100),(437375.88716;[0.89];[-0.06];8346.01288;[0.901];[-0.049];8379.77296;100),(440535.21800;[0.89];[-0.06];8346.01288;[0.901];[-0.049];8379.77296;100),(442424.97706;[0.94];[-0.01];7780.70011;[0.9547];[0.0047];7789.34708;100),(442883.07333;[0.99];[0.04];7171.95970;[0.9831];[0.0331];7168.56621;100),(443658.14996;[1.];[0.05];7321.06004;[0.994];[0.044];7325.77444;100),(444466.06898;[0.94];[-0.01];7614.78138;[0.9551];[0.0051];7621.80230;100),(445308.78782;[1.];[0.05];7345.29259;[1.];[0.05];7356.13903;100),(446894.01674;[0.94];[-0.01];7499.85055;[0.9483];[-0.0017];7507.77279;100),(447293.53213;[0.94];[-0.01];7393.40202;[0.9433];[-0.0067];7401.59533;100),(448374.13549;[1.];[0.05];7348.83749;[1.];[0.05];7359.00014;100),(449976.32766;[1.];[0.05];7349.68738;[1.];[0.05];7359.71302;100),(452567.25669;[0.94];[-0.01];7373.33271;[0.9402];[-0.0098];7381.26129;100),(455304.40807;[0.94];[-0.01];7361.43599;[0.9374];[-0.0126];7368.83461;100),(455971.25912;[0.94];[-0.01];7360.98156;[0.9376];[-0.0124];7368.39331;100),(460518.09549;[0.94];[-0.01];7352.62195;[0.9405];[-0.0095];7360.02187;100),(464359.98774;[0.94];[-0.01];7350.00414;[0.9404];[-0.0096];7357.56140;100),(467888.73672;[1.];[0.05];7349.68738;[1.];[0.05];7359.71302;100),(475471.85016;[0.89];[-0.06];8346.01288;[0.901];[-0.049];8379.77296;100),(479803.37214;[0.89];[-0.06];8346.01288;[0.901];[-0.049];8379.77296;100),(484666.88013;[0.89];[-0.06];8346.01288;[0.901];[-0.049];8379.77296;100),(489332.51286;[0.89];[-0.06];8346.01288;[0.901];[-0.049];8379.77296;100),(494346.56429;[0.89];[-0.06];8346.01288;[0.901];[-0.049];8379.77296;100),(496534.51443;[0.94];[-0.01];7780.70011;[0.9547];[0.0047];7789.34708;100),(496963.18603;[0.99];[0.04];7171.95970;[0.9831];[0.0331];7168.56621;100),(497826.57814;[1.];[0.05];7321.06004;[0.994];[0.044];7325.77444;100),(498702.79145;[0.94];[-0.01];7614.78138;[0.9551];[0.0051];7621.80230;100),(499551.27859;[1.];[0.05];7345.29259;[1.];[0.05];7356.13903;100),(501499.14670;[0.94];[-0.01];7499.85055;[0.9483];[-0.0017];7507.77279;100),(501984.62701;[0.94];[-0.01];7393.40202;[0.9433];[-0.0067];7401.59533;100),(502737.62727;[1.];[0.05];7348.83749;[1.];[0.05];7359.00014;100),(504300.64440;[1.];[0.05];7349.68738;[1.];[0.05];7359.71302;100),(507083.15754;[0.94];[-0.01];7373.33271;[0.9402];[-0.0098];7381.26129;100),(509787.43696;[0.94];[-0.01];7361.43599;[0.9374];[-0.0126];7368.83461;100),(510362.82945;[0.94];[-0.01];7360.98156;[0.9376];[-0.0124];7368.39331;100),(514859.33852;[0.94];[-0.01];7352.62195;[0.9405];[-0.0095];7360.02187;100),(518739.14933;[0.94];[-0.01];7350.00414;[0.9404];[-0.0096];7357.56140;100),(522037.71019;[1.];[0.05];7349.68738;[1.];[0.05];7359.71302;100),(531095.19768;[0.89];[-0.06];8346.01288;[0.901];[-0.049];8379.77296;100),(535416.94784;[0.89];[-0.06];8346.01288;[0.901];[-0.049];8379.77296;100),(540532.79161;[0.89];[-0.06];8346.01288;[0.901];[-0.049];8379.77296;100),(544612.91528;[0.89];[-0.06];8346.01288;[0.901];[-0.049];8379.77296;100),(548615.44609;[0.89];[-0.06];8346.01288;[0.901];[-0.049];8379.77296;100),(550829.84352;[0.94];[-0.01];7780.70011;[0.9547];[0.0047];7789.34708;100),(551243.67809;[0.99];[0.04];7171.95970;[0.9831];[0.0331];7168.56621;100),(552343.89043;[1.];[0.05];7321.06004;[0.994];[0.044];7325.77444;100),(553222.72420;[0.94];[-0.01];7614.78138;[0.9551];[0.0051];7621.80230;100),(554356.40264;[1.];[0.05];7345.29259;[1.];[0.05];7356.13903;100),(556631.22225;[0.94];[-0.01];7499.85055;[0.9483];[-0.0017];7507.77279;100),(557121.35339;[0.94];[-0.01];7393.40202;[0.9433];[-0.0067];7401.59533;100),(558436.40661;[1.];[0.05];7348.83749;[1.];[0.05];7359.00014;100),(560238.51562;[1.];[0.05];7349.68738;[1.];[0.05];7359.71302;100),(562859.47990;[0.94];[-0.01];7373.33271;[0.9402];[-0.0098];7381.26129;100),(565647.33863;[0.94];[-0.01];7361.43599;[0.9374];[-0.0126];7368.83461;100),(566273.13614;[0.94];[-0.01];7360.98156;[0.9376];[-0.0124];7368.39331;100),(570922.59288;[0.94];[-0.01];7352.62195;[0.9405];[-0.0095];7360.02187;100),(574583.18186;[0.94];[-0.01];7350.00414;[0.9404];[-0.0096];7357.56140;100),(578186.62286;[1.];[0.05];7349.68738;[1.];[0.05];7359.71302;100),(584947.47210;[0.89];[-0.06];8346.01288;[0.901];[-0.049];8379.77296;100),(588888.63754;[0.89];[-0.06];8346.01288;[0.901];[-0.049];8379.77296;100),(592580.31321;[0.89];[-0.06];8346.01288;[0.901];[-0.049];8379.77296;100),(596005.51820;[0.89];[-0.06];8346.01288;[0.901];[-0.049];8379.77296;100),(599275.36130;[0.89];[-0.06];8346.01288;[0.901];[-0.049];8379.77296;100),(600212.60428;[0.94];[-0.01];7740.67634;[0.9531];[0.0031];7749.35101;100)]"
3,2,7588.995320328717,[0.9441],[-0.0059],600072.4296569824,"[(718.52279;[0.61];[-0.34];10103.85792;[0.5609];[-0.3891];8317.98352;100),(7746.54102;[0.61];[-0.34];10103.85792;[0.5609];[-0.3891];8317.98352;100),(11506.53338;[0.61];[-0.34];10103.85792;[0.5609];[-0.3891];8317.98352;100),(15371.59705;[0.61];[-0.34];10103.85792;[0.5609];[-0.3891];8317.98352;100),(19549.94321;[0.61];[-0.34];10103.85792;[0.5609];[-0.3891];8317.98352;100),(23287.27221;[0.61];[-0.34];10103.85792;[0.5609];[-0.3891];8317.98352;100),(23716.11333;[0.8];[-0.15];9445.78614;[0.8444];[-0.1056];8323.38341;100),(25330.68943;[0.94];[-0.01];8643.63137;[0.935];[-0.015];7877.17705;100),(28764.40740;[0.98];[0.03];7768.14545;[0.9739];[0.0239];7187.97939;100),(29113.88183;[0.95];[0.];8258.31090;[0.9441];[-0.0059];7588.99532;100),(30094.68579;[0.97];[0.02];7907.75276;[0.9665];[0.0165];7284.29826;100),(30717.98539;[0.96];[0.01];7967.73117;[0.9604];[0.0104];7306.91974;100),(34237.48302;[0.93];[-0.02];8103.84194;[0.9259];[-0.0241];7431.07077;100),(36496.12904;[0.96];[0.01];7980.80127;[0.9573];[0.0073];7299.55323;100),(37099.20478;[0.93];[-0.02];8031.58817;[0.9264];[-0.0236];7364.72745;100),(39519.55438;[0.96];[0.01];7984.36179;[0.9565];[0.0065];7301.44637;100),(39967.64517;[0.93];[-0.02];8009.57503;[0.9258];[-0.0242];7344.95890;100),(41006.70671;[0.96];[0.01];7986.01540;[0.9562];[0.0062];7303.41455;100),(42686.08618;[0.93];[-0.02];8003.48205;[0.9254];[-0.0246];7338.17480;100),(45535.74824;[0.93];[-0.02];7999.51249;[0.9261];[-0.0239];7334.13401;100),(48021.57235;[0.93];[-0.02];7998.66555;[0.9262];[-0.0238];7333.44141;100),(49817.89231;[0.96];[0.01];7986.01540;[0.9562];[0.0062];7303.41455;100),(58127.62475;[0.61];[-0.34];10103.85792;[0.5609];[-0.3891];8317.98352;100),(62099.74027;[0.61];[-0.34];10103.85792;[0.5609];[-0.3891];8317.98352;100),(65725.86536;[0.61];[-0.34];10103.85792;[0.5609];[-0.3891];8317.98352;100),(69523.27442;[0.61];[-0.34];10103.85792;[0.5609];[-0.3891];8317.98352;100),(73297.37878;[0.61];[-0.34];10103.85792;[0.5609];[-0.3891];8317.98352;100),(73671.77439;[0.8];[-0.15];9445.78614;[0.8444];[-0.1056];8323.38341;100),(75057.22690;[0.94];[-0.01];8643.63137;[0.935];[-0.015];7877.17705;100),(78022.58396;[0.98];[0.03];7768.14545;[0.9739];[0.0239];7187.97939;100),(78333.31633;[0.95];[0.];8258.31090;[0.9441];[-0.0059];7588.99532;100),(79123.65222;[0.97];[0.02];7907.75276;[0.9665];[0.0165];7284.29826;100),(79743.13068;[0.96];[0.01];7967.73117;[0.9604];[0.0104];7306.91974;100),(83168.09821;[0.93];[-0.02];8103.84194;[0.9259];[-0.0241];7431.07077;100),(85189.34536;[0.96];[0.01];7980.80127;[0.9573];[0.0073];7299.55323;100),(85747.22123;[0.93];[-0.02];8031.58817;[0.9264];[-0.0236];7364.72745;100),(88305.86934;[0.96];[0.01];7984.36179;[0.9565];[0.0065];7301.44637;100),(88713.99117;[0.93];[-0.02];8009.57503;[0.9258];[-0.0242];7344.95890;100),(89667.13023;[0.96];[0.01];7986.01540;[0.9562];[0.0062];7303.41455;100),(91479.59447;[0.93];[-0.02];8003.48205;[0.9254];[-0.0246];7338.17480;100),(94197.70408;[0.93];[-0.02];7999.51249;[0.9261];[-0.0239];7334.13401;100),(96614.41493;[0.93];[-0.02];7998.66555;[0.9262];[-0.0238];7333.44141;100),(98174.54743;[0.96];[0.01];7986.01540;[0.9562];[0.0062];7303.41455;100),(105689.49986;[0.61];[-0.34];10103.85792;[0.5609];[-0.3891];8317.98352;100),(109625.99778;[0.61];[-0.34];10103.85792;[0.5609];[-0.3891];8317.98352;100),(113603.92094;[0.61];[-0.34];10103.85792;[0.5609];[-0.3891];8317.98352;100),(118270.44034;[0.61];[-0.34];10103.85792;[0.5609];[-0.3891];8317.98352;100),(121979.41089;[0.61];[-0.34];10103.85792;[0.5609];[-0.3891];8317.98352;100),(122554.28791;[0.8];[-0.15];9445.78614;[0.8444];[-0.1056];8323.38341;100),(124067.42549;[0.94];[-0.01];8643.63137;[0.935];[-0.015];7877.17705;100),(128111.48334;[0.98];[0.03];7768.14545;[0.9739];[0.0239];7187.97939;100),(128480.31449;[0.95];[0.];8258.31090;[0.9441];[-0.0059];7588.99532;100),(129454.62608;[0.97];[0.02];7907.75276;[0.9665];[0.0165];7284.29826;100),(130239.90345;[0.96];[0.01];7967.73117;[0.9604];[0.0104];7306.91974;100),(133732.56850;[0.93];[-0.02];8103.84194;[0.9259];[-0.0241];7431.07077;100),(136226.55559;[0.96];[0.01];7980.80127;[0.9573];[0.0073];7299.55323;100),(136819.37885;[0.93];[-0.02];8031.58817;[0.9264];[-0.0236];7364.72745;100),(139975.74615;[0.96];[0.01];7984.36179;[0.9565];[0.0065];7301.44637;100),(140427.99187;[0.93];[-0.02];8009.57503;[0.9258];[-0.0242];7344.95890;100),(141359.95555;[0.96];[0.01];7986.01540;[0.9562];[0.0062];7303.41455;100),(143438.44748;[0.93];[-0.02];8003.48205;[0.9254];[-0.0246];7338.17480;100),(146038.86175;[0.93];[-0.02];7999.51249;[0.9261];[-0.0239];7334.13401;100),(148675.21071;[0.93];[-0.02];7998.66555;[0.9262];[-0.0238];7333.44141;100),(150423.02752;[0.96];[0.01];7986.01540;[0.9562];[0.0062];7303.41455;100),(158549.34144;[0.61];[-0.34];10103.85792;[0.5609];[-0.3891];8317.98352;100),(163159.45792;[0.61];[-0.34];10103.85792;[0.5609];[-0.3891];8317.98352;100),(167863.88683;[0.61];[-0.34];10103.85792;[0.5609];[-0.3891];8317.98352;100),(172287.89282;[0.61];[-0.34];10103.85792;[0.5609];[-0.3891];8317.98352;100),(176005.06258;[0.61];[-0.34];10103.85792;[0.5609];[-0.3891];8317.98352;100),(176368.67094;[0.8];[-0.15];9445.78614;[0.8444];[-0.1056];8323.38341;100),(177727.60653;[0.94];[-0.01];8643.63137;[0.935];[-0.015];7877.17705;100),(180426.53823;[0.98];[0.03];7768.14545;[0.9739];[0.0239];7187.97939;100),(180778.76711;[0.95];[0.];8258.31090;[0.9441];[-0.0059];7588.99532;100),(181566.70761;[0.97];[0.02];7907.75276;[0.9665];[0.0165];7284.29826;100),(182055.18174;[0.96];[0.01];7967.73117;[0.9604];[0.0104];7306.91974;100),(185545.80450;[0.93];[-0.02];8103.84194;[0.9259];[-0.0241];7431.07077;100),(187528.45383;[0.96];[0.01];7980.80127;[0.9573];[0.0073];7299.55323;100),(188046.68903;[0.93];[-0.02];8031.58817;[0.9264];[-0.0236];7364.72745;100),(190382.90739;[0.96];[0.01];7984.36179;[0.9565];[0.0065];7301.44637;100),(190938.06958;[0.93];[-0.02];8009.57503;[0.9258];[-0.0242];7344.95890;100),(191921.63706;[0.96];[0.01];7986.01540;[0.9562];[0.0062];7303.41455;100),(193792.55509;[0.93];[-0.02];8003.48205;[0.9254];[-0.0246];7338.17480;100),(196750.60511;[0.93];[-0.02];7999.51249;[0.9261];[-0.0239];7334.13401;100),(199430.18651;[0.93];[-0.02];7998.66555;[0.9262];[-0.0238];7333.44141;100),(201160.20298;[0.96];[0.01];7986.01540;[0.9562];[0.0062];7303.41455;100),(209020.57171;[0.61];[-0.34];10103.85792;[0.5609];[-0.3891];8317.98352;100),(213322.49427;[0.61];[-0.34];10103.85792;[0.5609];[-0.3891];8317.98352;100),(218047.87135;[0.61];[-0.34];10103.85792;[0.5609];[-0.3891];8317.98352;100),(223295.88819;[0.61];[-0.34];10103.85792;[0.5609];[-0.3891];8317.98352;100),(227822.83235;[0.61];[-0.34];10103.85792;[0.5609];[-0.3891];8317.98352;100),(228180.09090;[0.8];[-0.15];9445.78614;[0.8444];[-0.1056];8323.38341;100),(229981.90546;[0.94];[-0.01];8643.63137;[0.935];[-0.015];7877.17705;100),(232962.74400;[0.98];[0.03];7768.14545;[0.9739];[0.0239];7187.97939;100),(233431.43225;[0.95];[0.];8258.31090;[0.9441];[-0.0059];7588.99532;100),(234346.25435;[0.97];[0.02];7907.75276;[0.9665];[0.0165];7284.29826;100),(235022.29881;[0.96];[0.01];7967.73117;[0.9604];[0.0104];7306.91974;100),(239101.04823;[0.93];[-0.02];8103.84194;[0.9259];[-0.0241];7431.07077;100),(241592.86332;[0.96];[0.01];7980.80127;[0.9573];[0.0073];7299.55323;100),(242185.70352;[0.93];[-0.02];8031.58817;[0.9264];[-0.0236];7364.72745;100),(244807.46245;[0.96];[0.01];7984.36179;[0.9565];[0.0065];7301.44637;100),(245274.46723;[0.93];[-0.02];8009.57503;[0.9258];[-0.0242];7344.95890;100),(246495.59855;[0.96];[0.01];7986.01540;[0.9562];[0.0062];7303.41455;100),(248488.59000;[0.93];[-0.02];8003.48205;[0.9254];[-0.0246];7338.17480;100),(251240.64326;[0.93];[-0.02];7999.51249;[0.9261];[-0.0239];7334.13401;100),(253356.46939;[0.93];[-0.02];7998.66555;[0.9262];[-0.0238];7333.44141;100),(254941.75720;[0.96];[0.01];7986.01540;[0.9562];[0.0062];7303.41455;100),(261505.93495;[0.61];[-0.34];10103.85792;[0.5609];[-0.3891];8317.98352;100),(265371.01340;[0.61];[-0.34];10103.85792;[0.5609];[-0.3891];8317.98352;100),(270292.42945;[0.61];[-0.34];10103.85792;[0.5609];[-0.3891];8317.98352;100),(274770.21623;[0.61];[-0.34];10103.85792;[0.5609];[-0.3891];8317.98352;100),(279537.12630;[0.61];[-0.34];10103.85792;[0.5609];[-0.3891];8317.98352;100),(280296.16618;[0.8];[-0.15];9445.78614;[0.8444];[-0.1056];8323.38341;100),(282099.23649;[0.94];[-0.01];8643.63137;[0.935];[-0.015];7877.17705;100),(284759.55629;[0.98];[0.03];7768.14545;[0.9739];[0.0239];7187.97939;100),(285147.15815;[0.95];[0.];8258.31090;[0.9441];[-0.0059];7588.99532;100),(286216.54630;[0.97];[0.02];7907.75276;[0.9665];[0.0165];7284.29826;100),(286835.35457;[0.96];[0.01];7967.73117;[0.9604];[0.0104];7306.91974;100),(290434.34119;[0.93];[-0.02];8103.84194;[0.9259];[-0.0241];7431.07077;100),(292389.67252;[0.96];[0.01];7980.80127;[0.9573];[0.0073];7299.55323;100),(293310.55975;[0.93];[-0.02];8031.58817;[0.9264];[-0.0236];7364.72745;100),(295784.59144;[0.96];[0.01];7984.36179;[0.9565];[0.0065];7301.44637;100),(296490.62324;[0.93];[-0.02];8009.57503;[0.9258];[-0.0242];7344.95890;100),(297426.76568;[0.96];[0.01];7986.01540;[0.9562];[0.0062];7303.41455;100),(299350.17300;[0.93];[-0.02];8003.48205;[0.9254];[-0.0246];7338.17480;100),(302507.88522;[0.93];[-0.02];7999.51249;[0.9261];[-0.0239];7334.13401;100),(304823.15588;[0.93];[-0.02];7998.66555;[0.9262];[-0.0238];7333.44141;100),(306391.93606;[0.96];[0.01];7986.01540;[0.9562];[0.0062];7303.41455;100),(313826.49422;[0.61];[-0.34];10103.85792;[0.5609];[-0.3891];8317.98352;100),(317979.55012;[0.61];[-0.34];10103.85792;[0.5609];[-0.3891];8317.98352;100),(322844.55419;[0.61];[-0.34];10103.85792;[0.5609];[-0.3891];8317.98352;100),(327042.04822;[0.61];[-0.34];10103.85792;[0.5609];[-0.3891];8317.98352;100),(331706.47335;[0.61];[-0.34];10103.85792;[0.5609];[-0.3891];8317.98352;100),(332198.02976;[0.8];[-0.15];9445.78614;[0.8444];[-0.1056];8323.38341;100),(333923.11382;[0.94];[-0.01];8643.63137;[0.935];[-0.015];7877.17705;100),(337082.88693;[0.98];[0.03];7768.14545;[0.9739];[0.0239];7187.97939;100),(337403.58233;[0.95];[0.];8258.31090;[0.9441];[-0.0059];7588.99532;100),(338227.31066;[0.97];[0.02];7907.75276;[0.9665];[0.0165];7284.29826;100),(338713.02938;[0.96];[0.01];7967.73117;[0.9604];[0.0104];7306.91974;100),(342144.24253;[0.93];[-0.02];8103.84194;[0.9259];[-0.0241];7431.07077;100),(344077.42810;[0.96];[0.01];7980.80127;[0.9573];[0.0073];7299.55323;100),(344585.11209;[0.93];[-0.02];8031.58817;[0.9264];[-0.0236];7364.72745;100),(347142.08460;[0.96];[0.01];7984.36179;[0.9565];[0.0065];7301.44637;100),(347534.15108;[0.93];[-0.02];8009.57503;[0.9258];[-0.0242];7344.95890;100),(348538.84959;[0.96];[0.01];7986.01540;[0.9562];[0.0062];7303.41455;100),(350210.30354;[0.93];[-0.02];8003.48205;[0.9254];[-0.0246];7338.17480;100),(352867.99145;[0.93];[-0.02];7999.51249;[0.9261];[-0.0239];7334.13401;100),(355223.18816;[0.93];[-0.02];7998.66555;[0.9262];[-0.0238];7333.44141;100),(357056.76079;[0.96];[0.01];7986.01540;[0.9562];[0.0062];7303.41455;100),(365277.96245;[0.61];[-0.34];10103.85792;[0.5609];[-0.3891];8317.98352;100),(370175.79436;[0.61];[-0.34];10103.85792;[0.5609];[-0.3891];8317.98352;100),(374493.16692;[0.61];[-0.34];10103.85792;[0.5609];[-0.3891];8317.98352;100),(379274.64366;[0.61];[-0.34];10103.85792;[0.5609];[-0.3891];8317.98352;100),(383368.42513;[0.61];[-0.34];10103.85792;[0.5609];[-0.3891];8317.98352;100),(383934.51977;[0.8];[-0.15];9445.78614;[0.8444];[-0.1056];8323.38341;100),(385355.13568;[0.94];[-0.01];8643.63137;[0.935];[-0.015];7877.17705;100),(388354.52580;[0.98];[0.03];7768.14545;[0.9739];[0.0239];7187.97939;100),(388678.12037;[0.95];[0.];8258.31090;[0.9441];[-0.0059];7588.99532;100),(389865.70525;[0.97];[0.02];7907.75276;[0.9665];[0.0165];7284.29826;100),(390810.96148;[0.96];[0.01];7967.73117;[0.9604];[0.0104];7306.91974;100),(393972.82577;[0.93];[-0.02];8103.84194;[0.9259];[-0.0241];7431.07077;100),(396310.79316;[0.96];[0.01];7980.80127;[0.9573];[0.0073];7299.55323;100),(396865.93485;[0.93];[-0.02];8031.58817;[0.9264];[-0.0236];7364.72745;100),(400014.45603;[0.96];[0.01];7984.36179;[0.9565];[0.0065];7301.44637;100),(400440.99855;[0.93];[-0.02];8009.57503;[0.9258];[-0.0242];7344.95890;100),(401684.53932;[0.96];[0.01];7986.01540;[0.9562];[0.0062];7303.41455;100),(403644.41919;[0.93];[-0.02];8003.48205;[0.9254];[-0.0246];7338.17480;100),(406265.58328;[0.93];[-0.02];7999.51249;[0.9261];[-0.0239];7334.13401;100),(408665.78007;[0.93];[-0.02];7998.66555;[0.9262];[-0.0238];7333.44141;100),(410687.00695;[0.96];[0.01];7986.01540;[0.9562];[0.0062];7303.41455;100),(419050.41790;[0.61];[-0.34];10103.85792;[0.5609];[-0.3891];8317.98352;100),(423481.88615;[0.61];[-0.34];10103.85792;[0.5609];[-0.3891];8317.98352;100),(427269.57679;[0.61];[-0.34];10103.85792;[0.5609];[-0.3891];8317.98352;100),(430990.42487;[0.61];[-0.34];10103.85792;[0.5609];[-0.3891];8317.98352;100),(434486.81164;[0.61];[-0.34];10103.85792;[0.5609];[-0.3891];8317.98352;100),(434846.28510;[0.8];[-0.15];9445.78614;[0.8444];[-0.1056];8323.38341;100),(436298.90990;[0.94];[-0.01];8643.63137;[0.935];[-0.015];7877.17705;100),(439502.49481;[0.98];[0.03];7768.14545;[0.9739];[0.0239];7187.97939;100),(440051.66864;[0.95];[0.];8258.31090;[0.9441];[-0.0059];7588.99532;100),(440847.93377;[0.97];[0.02];7907.75276;[0.9665];[0.0165];7284.29826;100),(441569.19789;[0.96];[0.01];7967.73117;[0.9604];[0.0104];7306.91974;100),(444739.76111;[0.93];[-0.02];8103.84194;[0.9259];[-0.0241];7431.07077;100),(446811.51795;[0.96];[0.01];7980.80127;[0.9573];[0.0073];7299.55323;100),(447686.11240;[0.93];[-0.02];8031.58817;[0.9264];[-0.0236];7364.72745;100),(450001.77360;[0.96];[0.01];7984.36179;[0.9565];[0.0065];7301.44637;100),(450607.73087;[0.93];[-0.02];8009.57503;[0.9258];[-0.0242];7344.95890;100),(451463.85217;[0.96];[0.01];7986.01540;[0.9562];[0.0062];7303.41455;100),(453391.71863;[0.93];[-0.02];8003.48205;[0.9254];[-0.0246];7338.17480;100),(456106.93836;[0.93];[-0.02];7999.51249;[0.9261];[-0.0239];7334.13401;100),(458753.86596;[0.93];[-0.02];7998.66555;[0.9262];[-0.0238];7333.44141;100),(460399.41144;[0.96];[0.01];7986.01540;[0.9562];[0.0062];7303.41455;100),(469654.43707;[0.61];[-0.34];10103.85792;[0.5609];[-0.3891];8317.98352;100),(474377.48814;[0.61];[-0.34];10103.85792;[0.5609];[-0.3891];8317.98352;100),(478814.04614;[0.61];[-0.34];10103.85792;[0.5609];[-0.3891];8317.98352;100),(483410.98809;[0.61];[-0.34];10103.85792;[0.5609];[-0.3891];8317.98352;100),(487937.63518;[0.61];[-0.34];10103.85792;[0.5609];[-0.3891];8317.98352;100),(488317.00325;[0.8];[-0.15];9445.78614;[0.8444];[-0.1056];8323.38341;100),(490125.33617;[0.94];[-0.01];8643.63137;[0.935];[-0.015];7877.17705;100),(493040.50064;[0.98];[0.03];7768.14545;[0.9739];[0.0239];7187.97939;100),(493494.45510;[0.95];[0.];8258.31090;[0.9441];[-0.0059];7588.99532;100),(494280.65181;[0.97];[0.02];7907.75276;[0.9665];[0.0165];7284.29826;100),(494938.71498;[0.96];[0.01];7967.73117;[0.9604];[0.0104];7306.91974;100),(498245.69607;[0.93];[-0.02];8103.84194;[0.9259];[-0.0241];7431.07077;100),(500147.21680;[0.96];[0.01];7980.80127;[0.9573];[0.0073];7299.55323;100),(500725.33941;[0.93];[-0.02];8031.58817;[0.9264];[-0.0236];7364.72745;100),(502965.67202;[0.96];[0.01];7984.36179;[0.9565];[0.0065];7301.44637;100),(503346.25793;[0.93];[-0.02];8009.57503;[0.9258];[-0.0242];7344.95890;100),(504188.57217;[0.96];[0.01];7986.01540;[0.9562];[0.0062];7303.41455;100),(505841.51006;[0.93];[-0.02];8003.48205;[0.9254];[-0.0246];7338.17480;100),(508330.54328;[0.93];[-0.02];7999.51249;[0.9261];[-0.0239];7334.13401;100),(510664.12759;[0.93];[-0.02];7998.66555;[0.9262];[-0.0238];7333.44141;100),(512521.00134;[0.96];[0.01];7986.01540;[0.9562];[0.0062];7303.41455;100),(519333.32253;[0.61];[-0.34];10103.85792;[0.5609];[-0.3891];8317.98352;100),(523872.13635;[0.61];[-0.34];10103.85792;[0.5609];[-0.3891];8317.98352;100),(528165.11655;[0.61];[-0.34];10103.85792;[0.5609];[-0.3891];8317.98352;100),(532099.86186;[0.61];[-0.34];10103.85792;[0.5609];[-0.3891];8317.98352;100),(535790.98177;[0.61];[-0.34];10103.85792;[0.5609];[-0.3891];8317.98352;100),(536510.65516;[0.8];[-0.15];9445.78614;[0.8444];[-0.1056];8323.38341;100),(537896.16966;[0.94];[-0.01];8643.63137;[0.935];[-0.015];7877.17705;100),(541740.10110;[0.98];[0.03];7768.14545;[0.9739];[0.0239];7187.97939;100),(542210.52480;[0.95];[0.];8258.31090;[0.9441];[-0.0059];7588.99532;100),(543235.53658;[0.97];[0.02];7907.75276;[0.9665];[0.0165];7284.29826;100),(544319.36121;[0.96];[0.01];7967.73117;[0.9604];[0.0104];7306.91974;100),(547705.47676;[0.93];[-0.02];8103.84194;[0.9259];[-0.0241];7431.07077;100),(550075.54698;[0.96];[0.01];7980.80127;[0.9573];[0.0073];7299.55323;100),(550610.82482;[0.93];[-0.02];8031.58817;[0.9264];[-0.0236];7364.72745;100),(553657.74846;[0.96];[0.01];7984.36179;[0.9565];[0.0065];7301.44637;100),(554084.46479;[0.93];[-0.02];8009.57503;[0.9258];[-0.0242];7344.95890;100),(555351.67408;[0.96];[0.01];7986.01540;[0.9562];[0.0062];7303.41455;100),(557313.76076;[0.93];[-0.02];8003.48205;[0.9254];[-0.0246];7338.17480;100),(560190.23514;[0.93];[-0.02];7999.51249;[0.9261];[-0.0239];7334.13401;100),(562463.17768;[0.93];[-0.02];7998.66555;[0.9262];[-0.0238];7333.44141;100),(564712.60118;[0.96];[0.01];7986.01540;[0.9562];[0.0062];7303.41455;100),(572992.90204;[0.61];[-0.34];10103.85792;[0.5609];[-0.3891];8317.98352;100),(577431.61464;[0.61];[-0.34];10103.85792;[0.5609];[-0.3891];8317.98352;100),(581027.60458;[0.61];[-0.34];10103.85792;[0.5609];[-0.3891];8317.98352;100),(584418.06030;[0.61];[-0.34];10103.85792;[0.5609];[-0.3891];8317.98352;100),(587569.76056;[0.61];[-0.34];10103.85792;[0.5609];[-0.3891];8317.98352;100),(587933.72560;[0.8];[-0.15];9445.78614;[0.8444];[-0.1056];8323.38341;100),(589409.44219;[0.94];[-0.01];8643.63137;[0.935];[-0.015];7877.17705;100),(592198.76194;[0.98];[0.03];7768.14545;[0.9739];[0.0239];7187.97939;100),(592509.81545;[0.95];[0.];8258.31090;[0.9441];[-0.0059];7588.99532;100),(593343.71448;[0.97];[0.02];7907.75276;[0.9665];[0.0165];7284.29826;100),(593844.67649;[0.96];[0.01];7967.73117;[0.9604];[0.0104];7306.91974;100),(596879.51779;[0.93];[-0.02];8103.84194;[0.9259];[-0.0241];7431.07077;100),(598986.07731;[0.96];[0.01];7980.80127;[0.9573];[0.0073];7299.55323;100),(599839.13827;[0.93];[-0.02];8031.58817;[0.9264];[-0.0236];7364.72745;100),(600040.39478;[0.55];[-0.4];3021.70401;[0.5171];[-0.4329];2944.24033;100)]"
3,4,8343.129053936425,[0.9188],[-0.0312],604065.7732486725,"[(1235.38017;[0.94];[-0.01];8127.33343;[0.9012];[-0.0488];8374.48500;100),(8988.38353;[0.94];[-0.01];8127.32188;[0.9027];[-0.0473];8374.90838;100),(13601.62973;[0.94];[-0.01];8127.32188;[0.9027];[-0.0473];8374.90838;100),(18117.37823;[0.94];[-0.01];8127.32188;[0.9027];[-0.0473];8374.90838;100),(23592.99278;[0.94];[-0.01];8127.32188;[0.9027];[-0.0473];8374.90838;100),(28115.35692;[0.94];[-0.01];8127.32188;[0.9027];[-0.0473];8374.90838;100),(30795.61186;[0.97];[0.02];7676.22291;[0.9472];[-0.0028];7895.25042;100),(31470.15262;[0.95];[0.];8105.94280;[0.9188];[-0.0312];8343.12905;100),(32218.63914;[0.91];[-0.04];7785.10262;[0.8918];[-0.0582];8011.68838;100),(36081.11405;[0.97];[0.02];7718.47480;[0.9479];[-0.0021];7942.76048;100),(37712.98552;[0.97];[0.02];7739.18769;[0.9604];[0.0104];7966.36369;100),(38577.56686;[0.97];[0.02];7747.40696;[0.9588];[0.0088];7975.44680;100),(40783.01311;[0.97];[0.02];7751.05728;[0.9639];[0.0139];7979.02258;100),(42647.09806;[0.97];[0.02];7753.45257;[0.9644];[0.0144];7982.05212;100),(45666.67676;[0.91];[-0.04];7761.30846;[0.8916];[-0.0584];7985.81206;100),(47319.90194;[0.91];[-0.04];7754.23038;[0.892];[-0.058];7979.38499;100),(50292.09208;[0.97];[0.02];7753.45257;[0.9644];[0.0144];7982.05212;100),(52100.03877;[0.91];[-0.04];7753.64494;[0.892];[-0.058];7978.72011;100),(54458.98628;[1.];[0.05];7753.50658;[0.9809];[0.0309];7981.18767;100),(56426.49984;[1.];[0.05];7753.50658;[0.9809];[0.0309];7981.18767;100),(58482.85317;[0.91];[-0.04];7753.64494;[0.892];[-0.058];7978.72011;100),(65781.17681;[0.94];[-0.01];8127.32188;[0.9027];[-0.0473];8374.90838;100),(69681.58937;[0.94];[-0.01];8127.32188;[0.9027];[-0.0473];8374.90838;100),(73944.37838;[0.94];[-0.01];8127.32188;[0.9027];[-0.0473];8374.90838;100),(77729.36797;[0.94];[-0.01];8127.32188;[0.9027];[-0.0473];8374.90838;100),(81857.64956;[0.94];[-0.01];8127.32188;[0.9027];[-0.0473];8374.90838;100),(83820.95504;[0.97];[0.02];7676.22291;[0.9472];[-0.0028];7895.25042;100),(84442.65890;[0.95];[0.];8105.94280;[0.9188];[-0.0312];8343.12905;100),(85214.97416;[0.91];[-0.04];7785.10262;[0.8918];[-0.0582];8011.68838;100),(88709.42664;[0.97];[0.02];7718.47480;[0.9479];[-0.0021];7942.76048;100),(90152.57549;[0.97];[0.02];7739.18769;[0.9604];[0.0104];7966.36369;100),(91129.42028;[0.97];[0.02];7747.40696;[0.9588];[0.0088];7975.44680;100),(93211.63225;[0.97];[0.02];7751.05728;[0.9639];[0.0139];7979.02258;100),(95005.01204;[0.97];[0.02];7753.45257;[0.9644];[0.0144];7982.05212;100),(98028.20611;[0.91];[-0.04];7761.30846;[0.8916];[-0.0584];7985.81206;100),(99507.24196;[0.91];[-0.04];7754.23038;[0.892];[-0.058];7979.38499;100),(102359.72738;[0.97];[0.02];7753.45257;[0.9644];[0.0144];7982.05212;100),(104360.67677;[0.91];[-0.04];7753.64494;[0.892];[-0.058];7978.72011;100),(106737.67614;[1.];[0.05];7753.50658;[0.9809];[0.0309];7981.18767;100),(109042.15765;[1.];[0.05];7753.50658;[0.9809];[0.0309];7981.18767;100),(111354.21777;[0.91];[-0.04];7753.64494;[0.892];[-0.058];7978.72011;100),(119358.25610;[0.94];[-0.01];8127.32188;[0.9027];[-0.0473];8374.90838;100),(123594.46001;[0.94];[-0.01];8127.32188;[0.9027];[-0.0473];8374.90838;100),(127612.30850;[0.94];[-0.01];8127.32188;[0.9027];[-0.0473];8374.90838;100),(131605.99136;[0.94];[-0.01];8127.32188;[0.9027];[-0.0473];8374.90838;100),(135571.20299;[0.94];[-0.01];8127.32188;[0.9027];[-0.0473];8374.90838;100),(137453.74131;[0.97];[0.02];7676.22291;[0.9472];[-0.0028];7895.25042;100),(138052.52147;[0.95];[0.];8105.94280;[0.9188];[-0.0312];8343.12905;100),(139070.85609;[0.91];[-0.04];7785.10262;[0.8918];[-0.0582];8011.68838;100),(142443.79354;[0.97];[0.02];7718.47480;[0.9479];[-0.0021];7942.76048;100),(143756.97923;[0.97];[0.02];7739.18769;[0.9604];[0.0104];7966.36369;100),(144855.17263;[0.97];[0.02];7747.40696;[0.9588];[0.0088];7975.44680;100),(147306.76770;[0.97];[0.02];7751.05728;[0.9639];[0.0139];7979.02258;100),(148936.75160;[0.97];[0.02];7753.45257;[0.9644];[0.0144];7982.05212;100),(151557.08098;[0.91];[-0.04];7761.30846;[0.8916];[-0.0584];7985.81206;100),(153195.90974;[0.91];[-0.04];7754.23038;[0.892];[-0.058];7979.38499;100),(156491.54830;[0.97];[0.02];7753.45257;[0.9644];[0.0144];7982.05212;100),(158593.50634;[0.91];[-0.04];7753.64494;[0.892];[-0.058];7978.72011;100),(161213.17673;[1.];[0.05];7753.50658;[0.9809];[0.0309];7981.18767;100),(163021.86251;[1.];[0.05];7753.50658;[0.9809];[0.0309];7981.18767;100),(165353.20163;[0.91];[-0.04];7753.64494;[0.892];[-0.058];7978.72011;100),(172506.87885;[0.94];[-0.01];8127.32188;[0.9027];[-0.0473];8374.90838;100),(176038.07783;[0.94];[-0.01];8127.32188;[0.9027];[-0.0473];8374.90838;100),(180219.53034;[0.94];[-0.01];8127.32188;[0.9027];[-0.0473];8374.90838;100),(183991.81771;[0.94];[-0.01];8127.32188;[0.9027];[-0.0473];8374.90838;100),(188074.32723;[0.94];[-0.01];8127.32188;[0.9027];[-0.0473];8374.90838;100),(190301.15891;[0.97];[0.02];7676.22291;[0.9472];[-0.0028];7895.25042;100),(190824.55230;[0.95];[0.];8105.94280;[0.9188];[-0.0312];8343.12905;100),(191645.94746;[0.91];[-0.04];7785.10262;[0.8918];[-0.0582];8011.68838;100),(194913.31458;[0.97];[0.02];7718.47480;[0.9479];[-0.0021];7942.76048;100),(196329.40006;[0.97];[0.02];7739.18769;[0.9604];[0.0104];7966.36369;100),(197247.10846;[0.97];[0.02];7747.40696;[0.9588];[0.0088];7975.44680;100),(199434.48043;[0.97];[0.02];7751.05728;[0.9639];[0.0139];7979.02258;100),(201152.07529;[0.97];[0.02];7753.45257;[0.9644];[0.0144];7982.05212;100),(204007.16972;[0.91];[-0.04];7761.30846;[0.8916];[-0.0584];7985.81206;100),(205107.54943;[0.91];[-0.04];7754.23038;[0.892];[-0.058];7979.38499;100),(207766.51478;[0.97];[0.02];7753.45257;[0.9644];[0.0144];7982.05212;100),(209667.95206;[0.91];[-0.04];7753.64494;[0.892];[-0.058];7978.72011;100),(212340.48104;[1.];[0.05];7753.50658;[0.9809];[0.0309];7981.18767;100),(214316.76483;[1.];[0.05];7753.50658;[0.9809];[0.0309];7981.18767;100),(216416.09550;[0.91];[-0.04];7753.64494;[0.892];[-0.058];7978.72011;100),(223732.80120;[0.94];[-0.01];8127.32188;[0.9027];[-0.0473];8374.90838;100),(228128.85118;[0.94];[-0.01];8127.32188;[0.9027];[-0.0473];8374.90838;100),(232033.07605;[0.94];[-0.01];8127.32188;[0.9027];[-0.0473];8374.90838;100),(235914.29591;[0.94];[-0.01];8127.32188;[0.9027];[-0.0473];8374.90838;100),(239737.44297;[0.94];[-0.01];8127.32188;[0.9027];[-0.0473];8374.90838;100),(241439.79740;[0.97];[0.02];7676.22291;[0.9472];[-0.0028];7895.25042;100),(241980.53336;[0.95];[0.];8105.94280;[0.9188];[-0.0312];8343.12905;100),(242810.54807;[0.91];[-0.04];7785.10262;[0.8918];[-0.0582];8011.68838;100),(245548.05756;[0.97];[0.02];7718.47480;[0.9479];[-0.0021];7942.76048;100),(246704.40245;[0.97];[0.02];7739.18769;[0.9604];[0.0104];7966.36369;100),(247823.42768;[0.97];[0.02];7747.40696;[0.9588];[0.0088];7975.44680;100),(249954.54931;[0.97];[0.02];7751.05728;[0.9639];[0.0139];7979.02258;100),(251661.67831;[0.97];[0.02];7753.45257;[0.9644];[0.0144];7982.05212;100),(254488.11436;[0.91];[-0.04];7761.30846;[0.8916];[-0.0584];7985.81206;100),(255742.27810;[0.91];[-0.04];7754.23038;[0.892];[-0.058];7979.38499;100),(258507.38502;[0.97];[0.02];7753.45257;[0.9644];[0.0144];7982.05212;100),(260477.63491;[0.91];[-0.04];7753.64494;[0.892];[-0.058];7978.72011;100),(263022.05920;[1.];[0.05];7753.50658;[0.9809];[0.0309];7981.18767;100),(264979.38776;[1.];[0.05];7753.50658;[0.9809];[0.0309];7981.18767;100),(267014.73355;[0.91];[-0.04];7753.64494;[0.892];[-0.058];7978.72011;100),(274764.39762;[0.94];[-0.01];8127.32188;[0.9027];[-0.0473];8374.90838;100),(278772.06159;[0.94];[-0.01];8127.32188;[0.9027];[-0.0473];8374.90838;100),(282870.16034;[0.94];[-0.01];8127.32188;[0.9027];[-0.0473];8374.90838;100),(286250.00477;[0.94];[-0.01];8127.32188;[0.9027];[-0.0473];8374.90838;100),(290268.61167;[0.94];[-0.01];8127.32188;[0.9027];[-0.0473];8374.90838;100),(292132.92909;[0.97];[0.02];7676.22291;[0.9472];[-0.0028];7895.25042;100),(292668.73240;[0.95];[0.];8105.94280;[0.9188];[-0.0312];8343.12905;100),(293496.68479;[0.91];[-0.04];7785.10262;[0.8918];[-0.0582];8011.68838;100),(296737.11753;[0.97];[0.02];7718.47480;[0.9479];[-0.0021];7942.76048;100),(298153.32055;[0.97];[0.02];7739.18769;[0.9604];[0.0104];7966.36369;100),(299457.19242;[0.97];[0.02];7747.40696;[0.9588];[0.0088];7975.44680;100),(301640.65862;[0.97];[0.02];7751.05728;[0.9639];[0.0139];7979.02258;100),(303417.64235;[0.97];[0.02];7753.45257;[0.9644];[0.0144];7982.05212;100),(306106.96602;[0.91];[-0.04];7761.30846;[0.8916];[-0.0584];7985.81206;100),(307431.49757;[0.91];[-0.04];7754.23038;[0.892];[-0.058];7979.38499;100),(310674.04556;[0.97];[0.02];7753.45257;[0.9644];[0.0144];7982.05212;100),(312561.71107;[0.91];[-0.04];7753.64494;[0.892];[-0.058];7978.72011;100),(315064.93282;[1.];[0.05];7753.50658;[0.9809];[0.0309];7981.18767;100),(316897.40586;[1.];[0.05];7753.50658;[0.9809];[0.0309];7981.18767;100),(319097.39017;[0.91];[-0.04];7753.64494;[0.892];[-0.058];7978.72011;100),(326049.37768;[0.94];[-0.01];8127.32188;[0.9027];[-0.0473];8374.90838;100),(329605.00503;[0.94];[-0.01];8127.32188;[0.9027];[-0.0473];8374.90838;100),(333616.33539;[0.94];[-0.01];8127.32188;[0.9027];[-0.0473];8374.90838;100),(337473.20342;[0.94];[-0.01];8127.32188;[0.9027];[-0.0473];8374.90838;100),(341022.58611;[0.94];[-0.01];8127.32188;[0.9027];[-0.0473];8374.90838;100),(343016.15834;[0.97];[0.02];7676.22291;[0.9472];[-0.0028];7895.25042;100),(343903.66721;[0.95];[0.];8105.94280;[0.9188];[-0.0312];8343.12905;100),(345130.88107;[0.91];[-0.04];7785.10262;[0.8918];[-0.0582];8011.68838;100),(348453.19176;[0.97];[0.02];7718.47480;[0.9479];[-0.0021];7942.76048;100),(349971.78864;[0.97];[0.02];7739.18769;[0.9604];[0.0104];7966.36369;100),(350973.64330;[0.97];[0.02];7747.40696;[0.9588];[0.0088];7975.44680;100),(353679.19016;[0.97];[0.02];7751.05728;[0.9639];[0.0139];7979.02258;100),(355412.69755;[0.97];[0.02];7753.45257;[0.9644];[0.0144];7982.05212;100),(358458.64701;[0.91];[-0.04];7761.30846;[0.8916];[-0.0584];7985.81206;100),(359674.43991;[0.91];[-0.04];7754.23038;[0.892];[-0.058];7979.38499;100),(362627.48575;[0.97];[0.02];7753.45257;[0.9644];[0.0144];7982.05212;100),(364491.55045;[0.91];[-0.04];7753.64494;[0.892];[-0.058];7978.72011;100),(367034.86228;[1.];[0.05];7753.50658;[0.9809];[0.0309];7981.18767;100),(368949.11671;[1.];[0.05];7753.50658;[0.9809];[0.0309];7981.18767;100),(370779.41227;[0.91];[-0.04];7753.64494;[0.892];[-0.058];7978.72011;100),(377915.15017;[0.94];[-0.01];8127.32188;[0.9027];[-0.0473];8374.90838;100),(381531.76188;[0.94];[-0.01];8127.32188;[0.9027];[-0.0473];8374.90838;100),(385839.29682;[0.94];[-0.01];8127.32188;[0.9027];[-0.0473];8374.90838;100),(390098.00839;[0.94];[-0.01];8127.32188;[0.9027];[-0.0473];8374.90838;100),(394168.76268;[0.94];[-0.01];8127.32188;[0.9027];[-0.0473];8374.90838;100),(396391.96420;[0.97];[0.02];7676.22291;[0.9472];[-0.0028];7895.25042;100),(397111.19366;[0.95];[0.];8105.94280;[0.9188];[-0.0312];8343.12905;100),(398114.84194;[0.91];[-0.04];7785.10262;[0.8918];[-0.0582];8011.68838;100),(401223.53363;[0.97];[0.02];7718.47480;[0.9479];[-0.0021];7942.76048;100),(402467.69309;[0.97];[0.02];7739.18769;[0.9604];[0.0104];7966.36369;100),(403712.01134;[0.97];[0.02];7747.40696;[0.9588];[0.0088];7975.44680;100),(405922.57094;[0.97];[0.02];7751.05728;[0.9639];[0.0139];7979.02258;100),(407710.28614;[0.97];[0.02];7753.45257;[0.9644];[0.0144];7982.05212;100),(410695.02616;[0.91];[-0.04];7761.30846;[0.8916];[-0.0584];7985.81206;100),(411920.67456;[0.91];[-0.04];7754.23038;[0.892];[-0.058];7979.38499;100),(414922.25790;[0.97];[0.02];7753.45257;[0.9644];[0.0144];7982.05212;100),(416834.14245;[0.91];[-0.04];7753.64494;[0.892];[-0.058];7978.72011;100),(419469.59329;[1.];[0.05];7753.50658;[0.9809];[0.0309];7981.18767;100),(421437.19935;[1.];[0.05];7753.50658;[0.9809];[0.0309];7981.18767;100),(423269.83547;[0.91];[-0.04];7753.64494;[0.892];[-0.058];7978.72011;100),(430393.58377;[0.94];[-0.01];8127.32188;[0.9027];[-0.0473];8374.90838;100),(434137.80475;[0.94];[-0.01];8127.32188;[0.9027];[-0.0473];8374.90838;100),(439004.92382;[0.94];[-0.01];8127.32188;[0.9027];[-0.0473];8374.90838;100),(442546.61870;[0.94];[-0.01];8127.32188;[0.9027];[-0.0473];8374.90838;100),(446325.84786;[0.94];[-0.01];8127.32188;[0.9027];[-0.0473];8374.90838;100),(448354.37608;[0.97];[0.02];7676.22291;[0.9472];[-0.0028];7895.25042;100),(449008.08358;[0.95];[0.];8105.94280;[0.9188];[-0.0312];8343.12905;100),(449937.81757;[0.91];[-0.04];7785.10262;[0.8918];[-0.0582];8011.68838;100),(453086.57765;[0.97];[0.02];7718.47480;[0.9479];[-0.0021];7942.76048;100),(454502.35701;[0.97];[0.02];7739.18769;[0.9604];[0.0104];7966.36369;100),(455447.37911;[0.97];[0.02];7747.40696;[0.9588];[0.0088];7975.44680;100),(457745.34416;[0.97];[0.02];7751.05728;[0.9639];[0.0139];7979.02258;100),(459843.29295;[0.97];[0.02];7753.45257;[0.9644];[0.0144];7982.05212;100),(462779.11234;[0.91];[-0.04];7761.30846;[0.8916];[-0.0584];7985.81206;100),(464409.60455;[0.91];[-0.04];7754.23038;[0.892];[-0.058];7979.38499;100),(467533.46586;[0.97];[0.02];7753.45257;[0.9644];[0.0144];7982.05212;100),(469597.25165;[0.91];[-0.04];7753.64494;[0.892];[-0.058];7978.72011;100),(472155.17759;[1.];[0.05];7753.50658;[0.9809];[0.0309];7981.18767;100),(474187.71815;[1.];[0.05];7753.50658;[0.9809];[0.0309];7981.18767;100),(476328.55630;[0.91];[-0.04];7753.64494;[0.892];[-0.058];7978.72011;100),(483712.47077;[0.94];[-0.01];8127.32188;[0.9027];[-0.0473];8374.90838;100),(487265.67698;[0.94];[-0.01];8127.32188;[0.9027];[-0.0473];8374.90838;100),(491217.19980;[0.94];[-0.01];8127.32188;[0.9027];[-0.0473];8374.90838;100),(495415.51185;[0.94];[-0.01];8127.32188;[0.9027];[-0.0473];8374.90838;100),(499081.78210;[0.94];[-0.01];8127.32188;[0.9027];[-0.0473];8374.90838;100),(500713.64117;[0.97];[0.02];7676.22291;[0.9472];[-0.0028];7895.25042;100),(501245.88060;[0.95];[0.];8105.94280;[0.9188];[-0.0312];8343.12905;100),(502074.26357;[0.91];[-0.04];7785.10262;[0.8918];[-0.0582];8011.68838;100),(505221.09556;[0.97];[0.02];7718.47480;[0.9479];[-0.0021];7942.76048;100),(506502.83647;[0.97];[0.02];7739.18769;[0.9604];[0.0104];7966.36369;100),(507395.47062;[0.97];[0.02];7747.40696;[0.9588];[0.0088];7975.44680;100),(509857.29790;[0.97];[0.02];7751.05728;[0.9639];[0.0139];7979.02258;100),(511858.72841;[0.97];[0.02];7753.45257;[0.9644];[0.0144];7982.05212;100),(514692.17658;[0.91];[-0.04];7761.30846;[0.8916];[-0.0584];7985.81206;100),(516242.48004;[0.91];[-0.04];7754.23038;[0.892];[-0.058];7979.38499;100),(518986.85789;[0.97];[0.02];7753.45257;[0.9644];[0.0144];7982.05212;100),(520879.33612;[0.91];[-0.04];7753.64494;[0.892];[-0.058];7978.72011;100),(523351.22538;[1.];[0.05];7753.50658;[0.9809];[0.0309];7981.18767;100),(525196.03133;[1.];[0.05];7753.50658;[0.9809];[0.0309];7981.18767;100),(527245.16416;[0.91];[-0.04];7753.64494;[0.892];[-0.058];7978.72011;100),(534708.13131;[0.94];[-0.01];8127.32188;[0.9027];[-0.0473];8374.90838;100),(538850.39282;[0.94];[-0.01];8127.32188;[0.9027];[-0.0473];8374.90838;100),(542624.74608;[0.94];[-0.01];8127.32188;[0.9027];[-0.0473];8374.90838;100),(546653.50628;[0.94];[-0.01];8127.32188;[0.9027];[-0.0473];8374.90838;100),(550637.28142;[0.94];[-0.01];8127.32188;[0.9027];[-0.0473];8374.90838;100),(552694.24796;[0.97];[0.02];7676.22291;[0.9472];[-0.0028];7895.25042;100),(553227.70023;[0.95];[0.];8105.94280;[0.9188];[-0.0312];8343.12905;100),(554095.14832;[0.91];[-0.04];7785.10262;[0.8918];[-0.0582];8011.68838;100),(557219.17939;[0.97];[0.02];7718.47480;[0.9479];[-0.0021];7942.76048;100),(558585.06536;[0.97];[0.02];7739.18769;[0.9604];[0.0104];7966.36369;100),(559517.07888;[0.97];[0.02];7747.40696;[0.9588];[0.0088];7975.44680;100),(561612.38837;[0.97];[0.02];7751.05728;[0.9639];[0.0139];7979.02258;100),(563452.46601;[0.97];[0.02];7753.45257;[0.9644];[0.0144];7982.05212;100),(566685.63056;[0.91];[-0.04];7761.30846;[0.8916];[-0.0584];7985.81206;100),(567820.33181;[0.91];[-0.04];7754.23038;[0.892];[-0.058];7979.38499;100),(570684.36050;[0.97];[0.02];7753.45257;[0.9644];[0.0144];7982.05212;100),(572706.26926;[0.91];[-0.04];7753.64494;[0.892];[-0.058];7978.72011;100),(575570.74404;[1.];[0.05];7753.50658;[0.9809];[0.0309];7981.18767;100),(577465.97338;[1.];[0.05];7753.50658;[0.9809];[0.0309];7981.18767;100),(579409.68156;[0.91];[-0.04];7753.64494;[0.892];[-0.058];7978.72011;100),(586908.23221;[0.94];[-0.01];8127.32188;[0.9027];[-0.0473];8374.90838;100),(591190.14382;[0.94];[-0.01];8127.32188;[0.9027];[-0.0473];8374.90838;100),(595455.85251;[0.94];[-0.01];8127.32188;[0.9027];[-0.0473];8374.90838;100),(599936.90658;[0.94];[-0.01];8127.32188;[0.9027];[-0.0473];8374.90838;100)]"
3,5,7348.974174579782,[1.],[0.05],600001.0430812836,"[(881.97565;[0.66];[-0.29];8368.50283;[0.7691];[-0.1809];8552.76376;100),(8439.90445;[0.66];[-0.29];8368.50283;[0.7691];[-0.1809];8552.76376;100),(12888.00502;[0.66];[-0.29];8368.50283;[0.7691];[-0.1809];8552.76376;100),(18418.62202;[0.66];[-0.29];8368.72007;[0.7693];[-0.1807];8555.29473;100),(22497.92647;[0.66];[-0.29];8368.72007;[0.7693];[-0.1807];8555.29473;100),(25969.27190;[0.66];[-0.29];8368.72007;[0.7693];[-0.1807];8555.29473;100),(26850.29364;[0.91];[-0.04];7935.72389;[0.9193];[-0.0307];8231.79596;100),(27877.40922;[1.];[0.05];7076.23770;[1.];[0.05];7279.65994;100),(28872.14613;[0.94];[-0.01];7569.92505;[0.9515];[0.0015];7838.97169;100),(30177.39391;[0.94];[-0.01];7347.83536;[0.9507];[0.0007];7607.03430;100),(32300.74906;[1.];[0.05];7133.70262;[1.];[0.05];7332.12781;100),(34860.41188;[1.];[0.05];7163.23669;[1.];[0.05];7347.36732;100),(36996.97971;[0.93];[-0.02];7270.16807;[0.9449];[-0.0051];7534.00351;100),(39328.95017;[0.93];[-0.02];7211.15581;[0.9402];[-0.0098];7477.14647;100),(41694.97943;[0.93];[-0.02];7186.96372;[0.9405];[-0.0095];7451.74308;100),(43643.15200;[0.92];[-0.03];7165.51260;[0.9375];[-0.0125];7431.80301;100),(46143.94617;[1.];[0.05];7164.17845;[1.];[0.05];7347.38693;100),(46768.90492;[1.];[0.05];7165.46811;[1.];[0.05];7348.97417;100),(47994.82298;[1.];[0.05];7165.46811;[1.];[0.05];7348.97417;100),(49245.71109;[0.92];[-0.03];7165.51260;[0.9375];[-0.0125];7431.80301;100),(50318.79115;[0.92];[-0.03];7165.51260;[0.9375];[-0.0125];7431.80301;100),(51405.15113;[0.92];[-0.03];7165.51260;[0.9375];[-0.0125];7431.80301;100),(59693.92276;[0.66];[-0.29];8368.50283;[0.7691];[-0.1809];8552.76376;100),(63316.10584;[0.66];[-0.29];8368.50283;[0.7691];[-0.1809];8552.76376;100),(68712.46767;[0.66];[-0.29];8368.72007;[0.7693];[-0.1807];8555.29473;100),(72527.17853;[0.66];[-0.29];8368.72007;[0.7693];[-0.1807];8555.29473;100),(76709.29217;[0.66];[-0.29];8368.72007;[0.7693];[-0.1807];8555.29473;100),(77380.85604;[0.91];[-0.04];7935.72389;[0.9193];[-0.0307];8231.79596;100),(78095.87169;[1.];[0.05];7076.23770;[1.];[0.05];7279.65994;100),(79012.22229;[0.94];[-0.01];7569.92505;[0.9515];[0.0015];7838.97169;100),(80341.57228;[0.94];[-0.01];7347.83536;[0.9507];[0.0007];7607.03430;100),(82312.83641;[1.];[0.05];7133.70262;[1.];[0.05];7332.12781;100),(84788.22088;[1.];[0.05];7163.23669;[1.];[0.05];7347.36732;100),(87239.04920;[0.93];[-0.02];7270.16807;[0.9449];[-0.0051];7534.00351;100),(89710.99472;[0.93];[-0.02];7211.15581;[0.9402];[-0.0098];7477.14647;100),(92138.46421;[0.93];[-0.02];7186.96372;[0.9405];[-0.0095];7451.74308;100),(94627.66623;[0.92];[-0.03];7165.51260;[0.9375];[-0.0125];7431.80301;100),(97302.53458;[1.];[0.05];7164.17845;[1.];[0.05];7347.38693;100),(98139.32204;[1.];[0.05];7165.46811;[1.];[0.05];7348.97417;100),(99496.03319;[1.];[0.05];7165.46811;[1.];[0.05];7348.97417;100),(101317.31772;[0.92];[-0.03];7165.51260;[0.9375];[-0.0125];7431.80301;100),(102526.70884;[0.92];[-0.03];7165.51260;[0.9375];[-0.0125];7431.80301;100),(103698.96030;[0.92];[-0.03];7165.51260;[0.9375];[-0.0125];7431.80301;100),(112224.65086;[0.66];[-0.29];8368.50283;[0.7691];[-0.1809];8552.76376;100),(116408.73599;[0.66];[-0.29];8368.50283;[0.7691];[-0.1809];8552.76376;100),(122114.00485;[0.66];[-0.29];8368.72007;[0.7693];[-0.1807];8555.29473;100),(125748.44122;[0.66];[-0.29];8368.72007;[0.7693];[-0.1807];8555.29473;100),(129992.34986;[0.66];[-0.29];8368.72007;[0.7693];[-0.1807];8555.29473;100),(130862.75148;[0.91];[-0.04];7935.72389;[0.9193];[-0.0307];8231.79596;100),(131749.75348;[1.];[0.05];7076.23770;[1.];[0.05];7279.65994;100),(132520.27535;[0.94];[-0.01];7569.92505;[0.9515];[0.0015];7838.97169;100),(133844.93470;[0.94];[-0.01];7347.83536;[0.9507];[0.0007];7607.03430;100),(135770.96081;[1.];[0.05];7133.70262;[1.];[0.05];7332.12781;100),(138392.31253;[1.];[0.05];7163.23669;[1.];[0.05];7347.36732;100),(140761.30366;[0.93];[-0.02];7270.16807;[0.9449];[-0.0051];7534.00351;100),(142867.13290;[0.93];[-0.02];7211.15581;[0.9402];[-0.0098];7477.14647;100),(145685.37092;[0.93];[-0.02];7186.96372;[0.9405];[-0.0095];7451.74308;100),(147696.99264;[0.92];[-0.03];7165.51260;[0.9375];[-0.0125];7431.80301;100),(150491.22500;[1.];[0.05];7164.17845;[1.];[0.05];7347.38693;100),(150952.14891;[1.];[0.05];7165.46811;[1.];[0.05];7348.97417;100),(152645.86878;[1.];[0.05];7165.46811;[1.];[0.05];7348.97417;100),(154461.94601;[0.92];[-0.03];7165.51260;[0.9375];[-0.0125];7431.80301;100),(155561.96332;[0.92];[-0.03];7165.51260;[0.9375];[-0.0125];7431.80301;100),(157026.43514;[0.92];[-0.03];7165.51260;[0.9375];[-0.0125];7431.80301;100),(164779.35052;[0.66];[-0.29];8368.50283;[0.7691];[-0.1809];8552.76376;100),(168865.68189;[0.66];[-0.29];8368.50283;[0.7691];[-0.1809];8552.76376;100),(174381.54840;[0.66];[-0.29];8368.72007;[0.7693];[-0.1807];8555.29473;100),(178019.12642;[0.66];[-0.29];8368.72007;[0.7693];[-0.1807];8555.29473;100),(181863.57665;[0.66];[-0.29];8368.72007;[0.7693];[-0.1807];8555.29473;100),(182775.48885;[0.91];[-0.04];7935.72389;[0.9193];[-0.0307];8231.79596;100),(183575.92797;[1.];[0.05];7076.23770;[1.];[0.05];7279.65994;100),(184559.31568;[0.94];[-0.01];7569.92505;[0.9515];[0.0015];7838.97169;100),(185868.65401;[0.94];[-0.01];7347.83536;[0.9507];[0.0007];7607.03430;100),(187799.68047;[1.];[0.05];7133.70262;[1.];[0.05];7332.12781;100),(190184.42273;[1.];[0.05];7163.23669;[1.];[0.05];7347.36732;100),(192613.10673;[0.93];[-0.02];7270.16807;[0.9449];[-0.0051];7534.00351;100),(194950.41966;[0.93];[-0.02];7211.15581;[0.9402];[-0.0098];7477.14647;100),(197554.98576;[0.93];[-0.02];7186.96372;[0.9405];[-0.0095];7451.74308;100),(200144.76204;[0.92];[-0.03];7165.51260;[0.9375];[-0.0125];7431.80301;100),(202756.64616;[1.];[0.05];7164.17845;[1.];[0.05];7347.38693;100),(203289.52098;[1.];[0.05];7165.46811;[1.];[0.05];7348.97417;100),(204500.98395;[1.];[0.05];7165.46811;[1.];[0.05];7348.97417;100),(205682.02496;[0.92];[-0.03];7165.51260;[0.9375];[-0.0125];7431.80301;100),(207317.90018;[0.92];[-0.03];7165.51260;[0.9375];[-0.0125];7431.80301;100),(208980.26705;[0.92];[-0.03];7165.51260;[0.9375];[-0.0125];7431.80301;100),(216872.09058;[0.66];[-0.29];8368.50283;[0.7691];[-0.1809];8552.76376;100),(221182.73759;[0.66];[-0.29];8368.50283;[0.7691];[-0.1809];8552.76376;100),(226831.12335;[0.66];[-0.29];8368.72007;[0.7693];[-0.1807];8555.29473;100),(230749.92418;[0.66];[-0.29];8368.72007;[0.7693];[-0.1807];8555.29473;100),(234795.32766;[0.66];[-0.29];8368.72007;[0.7693];[-0.1807];8555.29473;100),(235566.79606;[0.91];[-0.04];7935.72389;[0.9193];[-0.0307];8231.79596;100),(236409.71375;[1.];[0.05];7076.23770;[1.];[0.05];7279.65994;100),(237234.62296;[0.94];[-0.01];7569.92505;[0.9515];[0.0015];7838.97169;100),(238400.76494;[0.94];[-0.01];7347.83536;[0.9507];[0.0007];7607.03430;100),(240550.37737;[1.];[0.05];7133.70262;[1.];[0.05];7332.12781;100),(242799.50380;[1.];[0.05];7163.23669;[1.];[0.05];7347.36732;100),(244927.33097;[0.93];[-0.02];7270.16807;[0.9449];[-0.0051];7534.00351;100),(246955.51085;[0.93];[-0.02];7211.15581;[0.9402];[-0.0098];7477.14647;100),(249230.96967;[0.93];[-0.02];7186.96372;[0.9405];[-0.0095];7451.74308;100),(250787.96959;[0.92];[-0.03];7165.51260;[0.9375];[-0.0125];7431.80301;100),(253088.92012;[1.];[0.05];7164.17845;[1.];[0.05];7347.38693;100),(253505.74255;[1.];[0.05];7165.46811;[1.];[0.05];7348.97417;100),(254643.15248;[1.];[0.05];7165.46811;[1.];[0.05];7348.97417;100),(256067.67225;[0.92];[-0.03];7165.51260;[0.9375];[-0.0125];7431.80301;100),(257363.41953;[0.92];[-0.03];7165.51260;[0.9375];[-0.0125];7431.80301;100),(258524.81174;[0.92];[-0.03];7165.51260;[0.9375];[-0.0125];7431.80301;100),(266678.83587;[0.66];[-0.29];8368.50283;[0.7691];[-0.1809];8552.76376;100),(270742.52224;[0.66];[-0.29];8368.50283;[0.7691];[-0.1809];8552.76376;100),(276366.61792;[0.66];[-0.29];8368.72007;[0.7693];[-0.1807];8555.29473;100),(280104.90084;[0.66];[-0.29];8368.72007;[0.7693];[-0.1807];8555.29473;100),(284136.18302;[0.66];[-0.29];8368.72007;[0.7693];[-0.1807];8555.29473;100),(284885.93626;[0.91];[-0.04];7935.72389;[0.9193];[-0.0307];8231.79596;100),(285674.74127;[1.];[0.05];7076.23770;[1.];[0.05];7279.65994;100),(286598.46950;[0.94];[-0.01];7569.92505;[0.9515];[0.0015];7838.97169;100),(287876.09696;[0.94];[-0.01];7347.83536;[0.9507];[0.0007];7607.03430;100),(290369.71045;[1.];[0.05];7133.70262;[1.];[0.05];7332.12781;100),(292955.22904;[1.];[0.05];7163.23669;[1.];[0.05];7347.36732;100),(295280.91550;[0.93];[-0.02];7270.16807;[0.9449];[-0.0051];7534.00351;100),(298010.08868;[0.93];[-0.02];7211.15581;[0.9402];[-0.0098];7477.14647;100),(300915.34352;[0.93];[-0.02];7186.96372;[0.9405];[-0.0095];7451.74308;100),(303266.56675;[0.92];[-0.03];7165.51260;[0.9375];[-0.0125];7431.80301;100),(306149.80578;[1.];[0.05];7164.17845;[1.];[0.05];7347.38693;100),(306789.62445;[1.];[0.05];7165.46811;[1.];[0.05];7348.97417;100),(308392.50445;[1.];[0.05];7165.46811;[1.];[0.05];7348.97417;100),(309812.79659;[0.92];[-0.03];7165.51260;[0.9375];[-0.0125];7431.80301;100),(310976.00460;[0.92];[-0.03];7165.51260;[0.9375];[-0.0125];7431.80301;100),(312227.99850;[0.92];[-0.03];7165.51260;[0.9375];[-0.0125];7431.80301;100),(319790.87424;[0.66];[-0.29];8368.50283;[0.7691];[-0.1809];8552.76376;100),(323615.12899;[0.66];[-0.29];8368.50283;[0.7691];[-0.1809];8552.76376;100),(328977.34928;[0.66];[-0.29];8368.72007;[0.7693];[-0.1807];8555.29473;100),(332789.68811;[0.66];[-0.29];8368.72007;[0.7693];[-0.1807];8555.29473;100),(336304.28076;[0.66];[-0.29];8368.72007;[0.7693];[-0.1807];8555.29473;100),(337022.57633;[0.91];[-0.04];7935.72389;[0.9193];[-0.0307];8231.79596;100),(337795.30191;[1.];[0.05];7076.23770;[1.];[0.05];7279.65994;100),(338699.61715;[0.94];[-0.01];7569.92505;[0.9515];[0.0015];7838.97169;100),(340095.15142;[0.94];[-0.01];7347.83536;[0.9507];[0.0007];7607.03430;100),(342470.70527;[1.];[0.05];7133.70262;[1.];[0.05];7332.12781;100),(344824.89276;[1.];[0.05];7163.23669;[1.];[0.05];7347.36732;100),(347542.66953;[0.93];[-0.02];7270.16807;[0.9449];[-0.0051];7534.00351;100),(349948.51375;[0.93];[-0.02];7211.15581;[0.9402];[-0.0098];7477.14647;100),(353009.57870;[0.93];[-0.02];7186.96372;[0.9405];[-0.0095];7451.74308;100),(354908.84662;[0.92];[-0.03];7165.51260;[0.9375];[-0.0125];7431.80301;100),(357965.74593;[1.];[0.05];7164.17845;[1.];[0.05];7347.38693;100),(358891.68406;[1.];[0.05];7165.46811;[1.];[0.05];7348.97417;100),(360047.96815;[1.];[0.05];7165.46811;[1.];[0.05];7348.97417;100),(361721.20547;[0.92];[-0.03];7165.51260;[0.9375];[-0.0125];7431.80301;100),(363219.26713;[0.92];[-0.03];7165.51260;[0.9375];[-0.0125];7431.80301;100),(364384.73654;[0.92];[-0.03];7165.51260;[0.9375];[-0.0125];7431.80301;100),(371548.98548;[0.66];[-0.29];8368.50283;[0.7691];[-0.1809];8552.76376;100),(375319.03124;[0.66];[-0.29];8368.50283;[0.7691];[-0.1809];8552.76376;100),(381214.47206;[0.66];[-0.29];8368.72007;[0.7693];[-0.1807];8555.29473;100),(385325.61493;[0.66];[-0.29];8368.72007;[0.7693];[-0.1807];8555.29473;100),(389381.81734;[0.66];[-0.29];8368.72007;[0.7693];[-0.1807];8555.29473;100),(390183.21562;[0.91];[-0.04];7935.72389;[0.9193];[-0.0307];8231.79596;100),(390973.67311;[1.];[0.05];7076.23770;[1.];[0.05];7279.65994;100),(391843.12320;[0.94];[-0.01];7569.92505;[0.9515];[0.0015];7838.97169;100),(393044.46888;[0.94];[-0.01];7347.83536;[0.9507];[0.0007];7607.03430;100),(395368.12162;[1.];[0.05];7133.70262;[1.];[0.05];7332.12781;100),(397836.37857;[1.];[0.05];7163.23669;[1.];[0.05];7347.36732;100),(400197.29424;[0.93];[-0.02];7270.16807;[0.9449];[-0.0051];7534.00351;100),(402729.23875;[0.93];[-0.02];7211.15581;[0.9402];[-0.0098];7477.14647;100),(405495.49890;[0.93];[-0.02];7186.96372;[0.9405];[-0.0095];7451.74308;100),(407502.95687;[0.92];[-0.03];7165.51260;[0.9375];[-0.0125];7431.80301;100),(410571.84005;[1.];[0.05];7164.17845;[1.];[0.05];7347.38693;100),(411356.42982;[1.];[0.05];7165.46811;[1.];[0.05];7348.97417;100),(412546.16427;[1.];[0.05];7165.46811;[1.];[0.05];7348.97417;100),(414200.34456;[0.92];[-0.03];7165.51260;[0.9375];[-0.0125];7431.80301;100),(415714.64300;[0.92];[-0.03];7165.51260;[0.9375];[-0.0125];7431.80301;100),(416854.92873;[0.92];[-0.03];7165.51260;[0.9375];[-0.0125];7431.80301;100),(424042.33098;[0.66];[-0.29];8368.50283;[0.7691];[-0.1809];8552.76376;100),(427980.23629;[0.66];[-0.29];8368.50283;[0.7691];[-0.1809];8552.76376;100),(434411.61776;[0.66];[-0.29];8368.72007;[0.7693];[-0.1807];8555.29473;100),(438393.37730;[0.66];[-0.29];8368.72007;[0.7693];[-0.1807];8555.29473;100),(441975.41094;[0.66];[-0.29];8368.72007;[0.7693];[-0.1807];8555.29473;100),(442972.72348;[0.91];[-0.04];7935.72389;[0.9193];[-0.0307];8231.79596;100),(443813.66038;[1.];[0.05];7076.23770;[1.];[0.05];7279.65994;100),(444700.11640;[0.94];[-0.01];7569.92505;[0.9515];[0.0015];7838.97169;100),(446115.28945;[0.94];[-0.01];7347.83536;[0.9507];[0.0007];7607.03430;100),(448036.58175;[1.];[0.05];7133.70262;[1.];[0.05];7332.12781;100),(450493.78943;[1.];[0.05];7163.23669;[1.];[0.05];7347.36732;100),(453375.88096;[0.93];[-0.02];7270.16807;[0.9449];[-0.0051];7534.00351;100),(455616.18710;[0.93];[-0.02];7211.15581;[0.9402];[-0.0098];7477.14647;100),(458347.35227;[0.93];[-0.02];7186.96372;[0.9405];[-0.0095];7451.74308;100),(460505.43427;[0.92];[-0.03];7165.51260;[0.9375];[-0.0125];7431.80301;100),(463169.85059;[1.];[0.05];7164.17845;[1.];[0.05];7347.38693;100),(463880.35679;[1.];[0.05];7165.46811;[1.];[0.05];7348.97417;100),(465694.57603;[1.];[0.05];7165.46811;[1.];[0.05];7348.97417;100),(467078.16482;[0.92];[-0.03];7165.51260;[0.9375];[-0.0125];7431.80301;100),(468265.60402;[0.92];[-0.03];7165.51260;[0.9375];[-0.0125];7431.80301;100),(469493.11376;[0.92];[-0.03];7165.51260;[0.9375];[-0.0125];7431.80301;100),(476831.93326;[0.66];[-0.29];8368.50283;[0.7691];[-0.1809];8552.76376;100),(480522.11952;[0.66];[-0.29];8368.50283;[0.7691];[-0.1809];8552.76376;100),(485927.42729;[0.66];[-0.29];8368.72007;[0.7693];[-0.1807];8555.29473;100),(489695.19639;[0.66];[-0.29];8368.72007;[0.7693];[-0.1807];8555.29473;100),(493282.88388;[0.66];[-0.29];8368.72007;[0.7693];[-0.1807];8555.29473;100),(493936.02085;[0.91];[-0.04];7935.72389;[0.9193];[-0.0307];8231.79596;100),(494769.39416;[1.];[0.05];7076.23770;[1.];[0.05];7279.65994;100),(495589.88571;[0.94];[-0.01];7569.92505;[0.9515];[0.0015];7838.97169;100),(496904.55484;[0.94];[-0.01];7347.83536;[0.9507];[0.0007];7607.03430;100),(499112.00213;[1.];[0.05];7133.70262;[1.];[0.05];7332.12781;100),(501614.07804;[1.];[0.05];7163.23669;[1.];[0.05];7347.36732;100),(504176.13101;[0.93];[-0.02];7270.16807;[0.9449];[-0.0051];7534.00351;100),(506237.73813;[0.93];[-0.02];7211.15581;[0.9402];[-0.0098];7477.14647;100),(508815.93776;[0.93];[-0.02];7186.96372;[0.9405];[-0.0095];7451.74308;100),(510669.00659;[0.92];[-0.03];7165.51260;[0.9375];[-0.0125];7431.80301;100),(513428.31159;[1.];[0.05];7164.17845;[1.];[0.05];7347.38693;100),(513871.03462;[1.];[0.05];7165.46811;[1.];[0.05];7348.97417;100),(515495.00108;[1.];[0.05];7165.46811;[1.];[0.05];7348.97417;100),(517435.04810;[0.92];[-0.03];7165.51260;[0.9375];[-0.0125];7431.80301;100),(518950.60778;[0.92];[-0.03];7165.51260;[0.9375];[-0.0125];7431.80301;100),(520106.98557;[0.92];[-0.03];7165.51260;[0.9375];[-0.0125];7431.80301;100),(527652.20547;[0.66];[-0.29];8368.50283;[0.7691];[-0.1809];8552.76376;100),(531440.67383;[0.66];[-0.29];8368.50283;[0.7691];[-0.1809];8552.76376;100),(537024.26124;[0.66];[-0.29];8368.72007;[0.7693];[-0.1807];8555.29473;100),(541051.80430;[0.66];[-0.29];8368.72007;[0.7693];[-0.1807];8555.29473;100),(545214.09249;[0.66];[-0.29];8368.72007;[0.7693];[-0.1807];8555.29473;100),(545915.04955;[0.91];[-0.04];7935.72389;[0.9193];[-0.0307];8231.79596;100),(546763.12828;[1.];[0.05];7076.23770;[1.];[0.05];7279.65994;100),(547676.80693;[0.94];[-0.01];7569.92505;[0.9515];[0.0015];7838.97169;100),(548877.52509;[0.94];[-0.01];7347.83536;[0.9507];[0.0007];7607.03430;100),(551119.28272;[1.];[0.05];7133.70262;[1.];[0.05];7332.12781;100),(553908.30827;[1.];[0.05];7163.23669;[1.];[0.05];7347.36732;100),(556306.49281;[0.93];[-0.02];7270.16807;[0.9449];[-0.0051];7534.00351;100),(558931.10704;[0.93];[-0.02];7211.15581;[0.9402];[-0.0098];7477.14647;100),(561162.72306;[0.93];[-0.02];7186.96372;[0.9405];[-0.0095];7451.74308;100),(563511.31225;[0.92];[-0.03];7165.51260;[0.9375];[-0.0125];7431.80301;100),(566304.60715;[1.];[0.05];7164.17845;[1.];[0.05];7347.38693;100),(566814.59093;[1.];[0.05];7165.46811;[1.];[0.05];7348.97417;100),(568759.04226;[1.];[0.05];7165.46811;[1.];[0.05];7348.97417;100),(570278.75686;[0.92];[-0.03];7165.51260;[0.9375];[-0.0125];7431.80301;100),(571422.13941;[0.92];[-0.03];7165.51260;[0.9375];[-0.0125];7431.80301;100),(572268.42093;[0.92];[-0.03];7165.51260;[0.9375];[-0.0125];7431.80301;100),(580091.44020;[0.66];[-0.29];8368.50283;[0.7691];[-0.1809];8552.76376;100),(584572.80564;[0.66];[-0.29];8368.50283;[0.7691];[-0.1809];8552.76376;100),(590457.94463;[0.66];[-0.29];8368.72007;[0.7693];[-0.1807];8555.29473;100),(594890.87701;[0.66];[-0.29];8368.72007;[0.7693];[-0.1807];8555.29473;100),(599100.04807;[0.66];[-0.29];8368.72007;[0.7693];[-0.1807];8555.29473;100),(599852.25511;[0.91];[-0.04];7935.72389;[0.9193];[-0.0307];8231.79596;100)]"
2,10,10254.219759824504,[0.9805],[0.0305],601185.2118968964,"[(833.36639;[0.63];[-0.32];14722.92789;[0.5434];[-0.4066];10804.55422;100),(8203.03416;[0.63];[-0.32];14722.92789;[0.5434];[-0.4066];10804.55422;100),(12149.14441;[0.63];[-0.32];14722.92789;[0.5434];[-0.4066];10804.55422;100),(16427.48380;[0.63];[-0.32];14722.92789;[0.5434];[-0.4066];10804.55422;100),(20096.51542;[0.63];[-0.32];14722.92789;[0.5434];[-0.4066];10804.55422;100),(23852.23627;[0.63];[-0.32];14722.92789;[0.5434];[-0.4066];10804.55422;100),(26132.20215;[0.86];[-0.09];13286.14350;[0.846];[-0.104];11148.91269;100),(27239.41946;[0.91];[-0.04];12011.75179;[0.943];[-0.007];10345.43772;100),(27781.00324;[0.97];[0.02];11174.52466;[0.984];[0.034];10234.09244;100),(28419.53492;[0.93];[-0.02];11684.82836;[0.9725];[0.0225];10648.16744;100),(30253.08323;[0.93];[-0.02];11435.51619;[0.9752];[0.0252];10445.73257;100),(33794.18683;[0.95];[0.];11232.58304;[0.9805];[0.0305];10254.21976;100),(34273.88787;[0.95];[0.];11204.84206;[0.9816];[0.0316];10242.37889;100),(35672.75143;[0.95];[0.];11190.41479;[0.9815];[0.0315];10233.36616;100),(36133.27956;[0.96];[0.01];11184.77242;[0.9828];[0.0328];10235.37248;100),(36677.44350;[0.96];[0.01];11187.03053;[0.9827];[0.0327];10236.41417;100),(37535.56967;[0.96];[0.01];11187.81447;[0.9816];[0.0316];10233.20746;100),(38222.15033;[0.96];[0.01];11189.65925;[0.9825];[0.0325];10238.17628;100),(38849.29919;[0.95];[0.];11190.41479;[0.9815];[0.0315];10233.36616;100),(40377.46024;[0.96];[0.01];11189.65925;[0.9825];[0.0325];10238.17628;100),(41068.56894;[0.95];[0.];11189.77603;[0.9815];[0.0315];10232.71303;100),(42289.49881;[0.96];[0.01];11189.65925;[0.9825];[0.0325];10238.17628;100),(43089.79845;[0.96];[0.01];11189.65925;[0.9825];[0.0325];10238.17628;100),(51256.57487;[0.63];[-0.32];14722.92789;[0.5434];[-0.4066];10804.55422;100),(56176.30553;[0.63];[-0.32];14722.92789;[0.5434];[-0.4066];10804.55422;100),(62040.87067;[0.63];[-0.32];14722.92789;[0.5434];[-0.4066];10804.55422;100),(66912.27508;[0.63];[-0.32];14722.92789;[0.5434];[-0.4066];10804.55422;100),(70207.53145;[0.63];[-0.32];14722.92789;[0.5434];[-0.4066];10804.55422;100),(72392.89379;[0.86];[-0.09];13286.14350;[0.846];[-0.104];11148.91269;100),(73476.78041;[0.91];[-0.04];12011.75179;[0.943];[-0.007];10345.43772;100),(74039.47186;[0.97];[0.02];11174.52466;[0.984];[0.034];10234.09244;100),(74732.83362;[0.93];[-0.02];11684.82836;[0.9725];[0.0225];10648.16744;100),(76504.78435;[0.93];[-0.02];11435.51619;[0.9752];[0.0252];10445.73257;100),(79774.00303;[0.95];[0.];11232.58304;[0.9805];[0.0305];10254.21976;100),(80260.72073;[0.95];[0.];11204.84206;[0.9816];[0.0316];10242.37889;100),(81130.29528;[0.95];[0.];11190.41479;[0.9815];[0.0315];10233.36616;100),(81594.72942;[0.96];[0.01];11184.77242;[0.9828];[0.0328];10235.37248;100),(82032.29713;[0.96];[0.01];11187.03053;[0.9827];[0.0327];10236.41417;100),(82799.49856;[0.96];[0.01];11187.81447;[0.9816];[0.0316];10233.20746;100),(83393.30888;[0.96];[0.01];11189.65925;[0.9825];[0.0325];10238.17628;100),(83973.91987;[0.95];[0.];11190.41479;[0.9815];[0.0315];10233.36616;100),(84871.65117;[0.96];[0.01];11189.65925;[0.9825];[0.0325];10238.17628;100),(85579.33903;[0.95];[0.];11189.77603;[0.9815];[0.0315];10232.71303;100),(86618.39247;[0.96];[0.01];11189.65925;[0.9825];[0.0325];10238.17628;100),(87244.74454;[0.96];[0.01];11189.65925;[0.9825];[0.0325];10238.17628;100),(96342.57483;[0.63];[-0.32];14722.92789;[0.5434];[-0.4066];10804.55422;100),(101783.58221;[0.63];[-0.32];14722.92789;[0.5434];[-0.4066];10804.55422;100),(106251.22190;[0.63];[-0.32];14722.92789;[0.5434];[-0.4066];10804.55422;100),(110474.58029;[0.63];[-0.32];14722.92789;[0.5434];[-0.4066];10804.55422;100),(114559.45897;[0.63];[-0.32];14722.92789;[0.5434];[-0.4066];10804.55422;100),(117924.03746;[0.86];[-0.09];13286.14350;[0.846];[-0.104];11148.91269;100),(118830.60408;[0.91];[-0.04];12011.75179;[0.943];[-0.007];10345.43772;100),(119765.41853;[0.97];[0.02];11174.52466;[0.984];[0.034];10234.09244;100),(120471.20976;[0.93];[-0.02];11684.82836;[0.9725];[0.0225];10648.16744;100),(122328.77421;[0.93];[-0.02];11435.51619;[0.9752];[0.0252];10445.73257;100),(125585.32858;[0.95];[0.];11232.58304;[0.9805];[0.0305];10254.21976;100),(126179.88420;[0.95];[0.];11204.84206;[0.9816];[0.0316];10242.37889;100),(127006.23202;[0.95];[0.];11190.41479;[0.9815];[0.0315];10233.36616;100),(127460.22320;[0.96];[0.01];11184.77242;[0.9828];[0.0328];10235.37248;100),(127962.57091;[0.96];[0.01];11187.03053;[0.9827];[0.0327];10236.41417;100),(128752.97475;[0.96];[0.01];11187.81447;[0.9816];[0.0316];10233.20746;100),(129332.64804;[0.96];[0.01];11189.65925;[0.9825];[0.0325];10238.17628;100),(129929.48580;[0.95];[0.];11190.41479;[0.9815];[0.0315];10233.36616;100),(131013.94916;[0.96];[0.01];11189.65925;[0.9825];[0.0325];10238.17628;100),(131702.78478;[0.95];[0.];11189.77603;[0.9815];[0.0315];10232.71303;100),(132774.48678;[0.96];[0.01];11189.65925;[0.9825];[0.0325];10238.17628;100),(133471.68159;[0.96];[0.01];11189.65925;[0.9825];[0.0325];10238.17628;100),(142807.78861;[0.63];[-0.32];14722.92789;[0.5434];[-0.4066];10804.55422;100),(147626.03259;[0.63];[-0.32];14722.92789;[0.5434];[-0.4066];10804.55422;100),(153089.72239;[0.63];[-0.32];14722.92789;[0.5434];[-0.4066];10804.55422;100),(157340.87157;[0.63];[-0.32];14722.92789;[0.5434];[-0.4066];10804.55422;100),(162119.56525;[0.63];[-0.32];14722.92789;[0.5434];[-0.4066];10804.55422;100),(164880.67698;[0.86];[-0.09];13286.14350;[0.846];[-0.104];11148.91269;100),(166133.99053;[0.91];[-0.04];12011.75179;[0.943];[-0.007];10345.43772;100),(166955.67632;[0.97];[0.02];11174.52466;[0.984];[0.034];10234.09244;100),(167660.31504;[0.93];[-0.02];11684.82836;[0.9725];[0.0225];10648.16744;100),(169771.25740;[0.93];[-0.02];11435.51619;[0.9752];[0.0252];10445.73257;100),(173765.64455;[0.95];[0.];11232.58304;[0.9805];[0.0305];10254.21976;100),(174849.54524;[0.95];[0.];11204.84206;[0.9816];[0.0316];10242.37889;100),(176066.79821;[0.95];[0.];11190.41479;[0.9815];[0.0315];10233.36616;100),(176664.56127;[0.96];[0.01];11184.77242;[0.9828];[0.0328];10235.37248;100),(177112.74791;[0.96];[0.01];11187.03053;[0.9827];[0.0327];10236.41417;100),(178167.62924;[0.96];[0.01];11187.81447;[0.9816];[0.0316];10233.20746;100),(178747.58887;[0.96];[0.01];11189.65925;[0.9825];[0.0325];10238.17628;100),(179595.07775;[0.95];[0.];11190.41479;[0.9815];[0.0315];10233.36616;100),(180565.52362;[0.96];[0.01];11189.65925;[0.9825];[0.0325];10238.17628;100),(181146.80934;[0.95];[0.];11189.77603;[0.9815];[0.0315];10232.71303;100),(182463.98711;[0.96];[0.01];11189.65925;[0.9825];[0.0325];10238.17628;100),(183135.91814;[0.96];[0.01];11189.65925;[0.9825];[0.0325];10238.17628;100),(191625.68521;[0.63];[-0.32];14722.92789;[0.5434];[-0.4066];10804.55422;100),(195945.51134;[0.63];[-0.32];14722.92789;[0.5434];[-0.4066];10804.55422;100),(200193.20321;[0.63];[-0.32];14722.92789;[0.5434];[-0.4066];10804.55422;100),(204516.39199;[0.63];[-0.32];14722.92789;[0.5434];[-0.4066];10804.55422;100),(208986.34505;[0.63];[-0.32];14722.92789;[0.5434];[-0.4066];10804.55422;100),(212484.54905;[0.86];[-0.09];13286.14350;[0.846];[-0.104];11148.91269;100),(213629.79674;[0.91];[-0.04];12011.75179;[0.943];[-0.007];10345.43772;100),(214362.68616;[0.97];[0.02];11174.52466;[0.984];[0.034];10234.09244;100),(215271.45314;[0.93];[-0.02];11684.82836;[0.9725];[0.0225];10648.16744;100),(217448.66872;[0.93];[-0.02];11435.51619;[0.9752];[0.0252];10445.73257;100),(221375.01931;[0.95];[0.];11232.58304;[0.9805];[0.0305];10254.21976;100),(221961.57551;[0.95];[0.];11204.84206;[0.9816];[0.0316];10242.37889;100),(223165.74740;[0.95];[0.];11190.41479;[0.9815];[0.0315];10233.36616;100),(223839.32781;[0.96];[0.01];11184.77242;[0.9828];[0.0328];10235.37248;100),(224305.13334;[0.96];[0.01];11187.03053;[0.9827];[0.0327];10236.41417;100),(225158.72192;[0.96];[0.01];11187.81447;[0.9816];[0.0316];10233.20746;100),(225764.46152;[0.96];[0.01];11189.65925;[0.9825];[0.0325];10238.17628;100),(226479.63572;[0.95];[0.];11190.41479;[0.9815];[0.0315];10233.36616;100),(227816.73408;[0.96];[0.01];11189.65925;[0.9825];[0.0325];10238.17628;100),(228620.06092;[0.95];[0.];11189.77603;[0.9815];[0.0315];10232.71303;100),(229747.88356;[0.96];[0.01];11189.65925;[0.9825];[0.0325];10238.17628;100),(230577.53015;[0.96];[0.01];11189.65925;[0.9825];[0.0325];10238.17628;100),(241167.61088;[0.63];[-0.32];14722.92789;[0.5434];[-0.4066];10804.55422;100),(245280.09486;[0.63];[-0.32];14722.92789;[0.5434];[-0.4066];10804.55422;100),(249952.28791;[0.63];[-0.32];14722.92789;[0.5434];[-0.4066];10804.55422;100),(253541.98289;[0.63];[-0.32];14722.92789;[0.5434];[-0.4066];10804.55422;100),(257106.64940;[0.63];[-0.32];14722.92789;[0.5434];[-0.4066];10804.55422;100),(259266.39628;[0.86];[-0.09];13286.14350;[0.846];[-0.104];11148.91269;100),(260333.49776;[0.91];[-0.04];12011.75179;[0.943];[-0.007];10345.43772;100),(260917.96041;[0.97];[0.02];11174.52466;[0.984];[0.034];10234.09244;100),(261833.44793;[0.93];[-0.02];11684.82836;[0.9725];[0.0225];10648.16744;100),(263782.22871;[0.93];[-0.02];11435.51619;[0.9752];[0.0252];10445.73257;100),(267765.34843;[0.95];[0.];11232.58304;[0.9805];[0.0305];10254.21976;100),(268558.19678;[0.95];[0.];11204.84206;[0.9816];[0.0316];10242.37889;100),(269568.03441;[0.95];[0.];11190.41479;[0.9815];[0.0315];10233.36616;100),(270017.78388;[0.96];[0.01];11184.77242;[0.9828];[0.0328];10235.37248;100),(270590.25598;[0.96];[0.01];11187.03053;[0.9827];[0.0327];10236.41417;100),(271353.70731;[0.96];[0.01];11187.81447;[0.9816];[0.0316];10233.20746;100),(271947.16406;[0.96];[0.01];11189.65925;[0.9825];[0.0325];10238.17628;100),(272781.89969;[0.95];[0.];11190.41479;[0.9815];[0.0315];10233.36616;100),(274383.83651;[0.96];[0.01];11189.65925;[0.9825];[0.0325];10238.17628;100),(275120.11337;[0.95];[0.];11189.77603;[0.9815];[0.0315];10232.71303;100),(276684.43441;[0.96];[0.01];11189.65925;[0.9825];[0.0325];10238.17628;100),(277283.58126;[0.96];[0.01];11189.65925;[0.9825];[0.0325];10238.17628;100),(286810.49895;[0.63];[-0.32];14722.92789;[0.5434];[-0.4066];10804.55422;100),(292408.01430;[0.63];[-0.32];14722.92789;[0.5434];[-0.4066];10804.55422;100),(297737.79202;[0.63];[-0.32];14722.92789;[0.5434];[-0.4066];10804.55422;100),(301727.94914;[0.63];[-0.32];14722.92789;[0.5434];[-0.4066];10804.55422;100),(305252.25806;[0.63];[-0.32];14722.92789;[0.5434];[-0.4066];10804.55422;100),(307519.98186;[0.86];[-0.09];13286.14350;[0.846];[-0.104];11148.91269;100),(308525.78545;[0.91];[-0.04];12011.75179;[0.943];[-0.007];10345.43772;100),(309140.19418;[0.97];[0.02];11174.52466;[0.984];[0.034];10234.09244;100),(309855.87907;[0.93];[-0.02];11684.82836;[0.9725];[0.0225];10648.16744;100),(311780.23958;[0.93];[-0.02];11435.51619;[0.9752];[0.0252];10445.73257;100),(315121.61589;[0.95];[0.];11232.58304;[0.9805];[0.0305];10254.21976;100),(315744.39192;[0.95];[0.];11204.84206;[0.9816];[0.0316];10242.37889;100),(316838.90915;[0.95];[0.];11190.41479;[0.9815];[0.0315];10233.36616;100),(317306.63133;[0.96];[0.01];11184.77242;[0.9828];[0.0328];10235.37248;100),(317812.17146;[0.96];[0.01];11187.03053;[0.9827];[0.0327];10236.41417;100),(318648.06318;[0.96];[0.01];11187.81447;[0.9816];[0.0316];10233.20746;100),(319260.78129;[0.96];[0.01];11189.65925;[0.9825];[0.0325];10238.17628;100),(319972.77164;[0.95];[0.];11190.41479;[0.9815];[0.0315];10233.36616;100),(321073.50636;[0.96];[0.01];11189.65925;[0.9825];[0.0325];10238.17628;100),(321839.99562;[0.95];[0.];11189.77603;[0.9815];[0.0315];10232.71303;100),(323246.80090;[0.96];[0.01];11189.65925;[0.9825];[0.0325];10238.17628;100),(323987.76484;[0.96];[0.01];11189.65925;[0.9825];[0.0325];10238.17628;100),(332738.55329;[0.63];[-0.32];14722.92789;[0.5434];[-0.4066];10804.55422;100),(337471.84563;[0.63];[-0.32];14722.92789;[0.5434];[-0.4066];10804.55422;100),(342278.31364;[0.63];[-0.32];14722.92789;[0.5434];[-0.4066];10804.55422;100),(346883.98552;[0.63];[-0.32];14722.92789;[0.5434];[-0.4066];10804.55422;100),(351228.35827;[0.63];[-0.32];14722.92789;[0.5434];[-0.4066];10804.55422;100),(355231.42791;[0.86];[-0.09];13286.14350;[0.846];[-0.104];11148.91269;100),(356730.09372;[0.91];[-0.04];12011.75179;[0.943];[-0.007];10345.43772;100),(357401.88432;[0.97];[0.02];11174.52466;[0.984];[0.034];10234.09244;100),(358058.03823;[0.93];[-0.02];11684.82836;[0.9725];[0.0225];10648.16744;100),(360121.34123;[0.93];[-0.02];11435.51619;[0.9752];[0.0252];10445.73257;100),(363911.70955;[0.95];[0.];11232.58304;[0.9805];[0.0305];10254.21976;100),(364621.09399;[0.95];[0.];11204.84206;[0.9816];[0.0316];10242.37889;100),(365632.95555;[0.95];[0.];11190.41479;[0.9815];[0.0315];10233.36616;100),(366193.64309;[0.96];[0.01];11184.77242;[0.9828];[0.0328];10235.37248;100),(366704.19860;[0.96];[0.01];11187.03053;[0.9827];[0.0327];10236.41417;100),(367550.95124;[0.96];[0.01];11187.81447;[0.9816];[0.0316];10233.20746;100),(368091.77732;[0.96];[0.01];11189.65925;[0.9825];[0.0325];10238.17628;100),(369062.76441;[0.95];[0.];11190.41479;[0.9815];[0.0315];10233.36616;100),(369978.06025;[0.96];[0.01];11189.65925;[0.9825];[0.0325];10238.17628;100),(370592.41986;[0.95];[0.];11189.77603;[0.9815];[0.0315];10232.71303;100),(371611.58156;[0.96];[0.01];11189.65925;[0.9825];[0.0325];10238.17628;100),(372263.67235;[0.96];[0.01];11189.65925;[0.9825];[0.0325];10238.17628;100),(380163.86724;[0.63];[-0.32];14722.92789;[0.5434];[-0.4066];10804.55422;100),(384913.80024;[0.63];[-0.32];14722.92789;[0.5434];[-0.4066];10804.55422;100),(390129.61483;[0.63];[-0.32];14722.92789;[0.5434];[-0.4066];10804.55422;100),(394607.64265;[0.63];[-0.32];14722.92789;[0.5434];[-0.4066];10804.55422;100),(398735.30459;[0.63];[-0.32];14722.92789;[0.5434];[-0.4066];10804.55422;100),(401915.14444;[0.86];[-0.09];13286.14350;[0.846];[-0.104];11148.91269;100),(403129.53711;[0.91];[-0.04];12011.75179;[0.943];[-0.007];10345.43772;100),(403716.47549;[0.97];[0.02];11174.52466;[0.984];[0.034];10234.09244;100),(404513.82160;[0.93];[-0.02];11684.82836;[0.9725];[0.0225];10648.16744;100),(407165.37714;[0.93];[-0.02];11435.51619;[0.9752];[0.0252];10445.73257;100),(411317.42191;[0.95];[0.];11232.58304;[0.9805];[0.0305];10254.21976;100),(412108.06632;[0.95];[0.];11204.84206;[0.9816];[0.0316];10242.37889;100),(413557.81198;[0.95];[0.];11190.41479;[0.9815];[0.0315];10233.36616;100),(414209.27882;[0.96];[0.01];11184.77242;[0.9828];[0.0328];10235.37248;100),(414819.67950;[0.96];[0.01];11187.03053;[0.9827];[0.0327];10236.41417;100),(415766.68763;[0.96];[0.01];11187.81447;[0.9816];[0.0316];10233.20746;100),(416370.01157;[0.96];[0.01];11189.65925;[0.9825];[0.0325];10238.17628;100),(416963.89055;[0.95];[0.];11190.41479;[0.9815];[0.0315];10233.36616;100),(417955.88350;[0.96];[0.01];11189.65925;[0.9825];[0.0325];10238.17628;100),(418532.31359;[0.95];[0.];11189.77603;[0.9815];[0.0315];10232.71303;100),(419563.30729;[0.96];[0.01];11189.65925;[0.9825];[0.0325];10238.17628;100),(420186.37252;[0.96];[0.01];11189.65925;[0.9825];[0.0325];10238.17628;100),(427544.60073;[0.63];[-0.32];14722.92789;[0.5434];[-0.4066];10804.55422;100),(431430.36771;[0.63];[-0.32];14722.92789;[0.5434];[-0.4066];10804.55422;100),(435430.27163;[0.63];[-0.32];14722.92789;[0.5434];[-0.4066];10804.55422;100),(438952.58999;[0.63];[-0.32];14722.92789;[0.5434];[-0.4066];10804.55422;100),(443246.81449;[0.63];[-0.32];14722.92789;[0.5434];[-0.4066];10804.55422;100),(447019.79280;[0.86];[-0.09];13286.14350;[0.846];[-0.104];11148.91269;100),(448146.10219;[0.91];[-0.04];12011.75179;[0.943];[-0.007];10345.43772;100),(449034.65557;[0.97];[0.02];11174.52466;[0.984];[0.034];10234.09244;100),(449871.86289;[0.93];[-0.02];11684.82836;[0.9725];[0.0225];10648.16744;100),(452928.07794;[0.93];[-0.02];11435.51619;[0.9752];[0.0252];10445.73257;100),(456769.60635;[0.95];[0.];11232.58304;[0.9805];[0.0305];10254.21976;100),(457353.27721;[0.95];[0.];11204.84206;[0.9816];[0.0316];10242.37889;100),(458517.45462;[0.95];[0.];11190.41479;[0.9815];[0.0315];10233.36616;100),(459245.18561;[0.96];[0.01];11184.77242;[0.9828];[0.0328];10235.37248;100),(459707.83162;[0.96];[0.01];11187.03053;[0.9827];[0.0327];10236.41417;100),(460578.26376;[0.96];[0.01];11187.81447;[0.9816];[0.0316];10233.20746;100),(461184.47495;[0.96];[0.01];11189.65925;[0.9825];[0.0325];10238.17628;100),(461828.48692;[0.95];[0.];11190.41479;[0.9815];[0.0315];10233.36616;100),(463141.08801;[0.96];[0.01];11189.65925;[0.9825];[0.0325];10238.17628;100),(463749.94302;[0.95];[0.];11189.77603;[0.9815];[0.0315];10232.71303;100),(465199.24903;[0.96];[0.01];11189.65925;[0.9825];[0.0325];10238.17628;100),(465931.96201;[0.96];[0.01];11189.65925;[0.9825];[0.0325];10238.17628;100),(473921.88549;[0.63];[-0.32];14722.92789;[0.5434];[-0.4066];10804.55422;100),(478020.95079;[0.63];[-0.32];14722.92789;[0.5434];[-0.4066];10804.55422;100),(481793.74337;[0.63];[-0.32];14722.92789;[0.5434];[-0.4066];10804.55422;100),(485375.67401;[0.63];[-0.32];14722.92789;[0.5434];[-0.4066];10804.55422;100),(489494.34924;[0.63];[-0.32];14722.92789;[0.5434];[-0.4066];10804.55422;100),(492088.39607;[0.86];[-0.09];13286.14350;[0.846];[-0.104];11148.91269;100),(493165.89165;[0.91];[-0.04];12011.75179;[0.943];[-0.007];10345.43772;100),(493844.42353;[0.97];[0.02];11174.52466;[0.984];[0.034];10234.09244;100),(494588.81903;[0.93];[-0.02];11684.82836;[0.9725];[0.0225];10648.16744;100),(496555.39846;[0.93];[-0.02];11435.51619;[0.9752];[0.0252];10445.73257;100),(500126.56283;[0.95];[0.];11232.58304;[0.9805];[0.0305];10254.21976;100),(500890.04230;[0.95];[0.];11204.84206;[0.9816];[0.0316];10242.37889;100),(501793.05053;[0.95];[0.];11190.41479;[0.9815];[0.0315];10233.36616;100),(502276.53432;[0.96];[0.01];11184.77242;[0.9828];[0.0328];10235.37248;100),(502786.69500;[0.96];[0.01];11187.03053;[0.9827];[0.0327];10236.41417;100),(503588.28163;[0.96];[0.01];11187.81447;[0.9816];[0.0316];10233.20746;100),(504141.62970;[0.96];[0.01];11189.65925;[0.9825];[0.0325];10238.17628;100),(504765.69319;[0.95];[0.];11190.41479;[0.9815];[0.0315];10233.36616;100),(505636.57498;[0.96];[0.01];11189.65925;[0.9825];[0.0325];10238.17628;100),(506250.72098;[0.95];[0.];11189.77603;[0.9815];[0.0315];10232.71303;100),(507470.62063;[0.96];[0.01];11189.65925;[0.9825];[0.0325];10238.17628;100),(508129.47798;[0.96];[0.01];11189.65925;[0.9825];[0.0325];10238.17628;100),(516449.99266;[0.63];[-0.32];14722.92789;[0.5434];[-0.4066];10804.55422;100),(520397.78519;[0.63];[-0.32];14722.92789;[0.5434];[-0.4066];10804.55422;100),(524564.09955;[0.63];[-0.32];14722.92789;[0.5434];[-0.4066];10804.55422;100),(528268.40329;[0.63];[-0.32];14722.92789;[0.5434];[-0.4066];10804.55422;100),(532883.75926;[0.63];[-0.32];14722.92789;[0.5434];[-0.4066];10804.55422;100),(535400.35081;[0.86];[-0.09];13286.14350;[0.846];[-0.104];11148.91269;100),(536507.57313;[0.91];[-0.04];12011.75179;[0.943];[-0.007];10345.43772;100),(537402.50707;[0.97];[0.02];11174.52466;[0.984];[0.034];10234.09244;100),(538139.90068;[0.93];[-0.02];11684.82836;[0.9725];[0.0225];10648.16744;100),(540372.61152;[0.93];[-0.02];11435.51619;[0.9752];[0.0252];10445.73257;100),(544415.03716;[0.95];[0.];11232.58304;[0.9805];[0.0305];10254.21976;100),(544968.77909;[0.95];[0.];11204.84206;[0.9816];[0.0316];10242.37889;100),(545824.26667;[0.95];[0.];11190.41479;[0.9815];[0.0315];10233.36616;100),(546365.52405;[0.96];[0.01];11184.77242;[0.9828];[0.0328];10235.37248;100),(546860.66628;[0.96];[0.01];11187.03053;[0.9827];[0.0327];10236.41417;100),(547656.10194;[0.96];[0.01];11187.81447;[0.9816];[0.0316];10233.20746;100),(548262.75754;[0.96];[0.01];11189.65925;[0.9825];[0.0325];10238.17628;100),(548969.56134;[0.95];[0.];11190.41479;[0.9815];[0.0315];10233.36616;100),(549896.92783;[0.96];[0.01];11189.65925;[0.9825];[0.0325];10238.17628;100),(550469.33031;[0.95];[0.];11189.77603;[0.9815];[0.0315];10232.71303;100),(551623.49129;[0.96];[0.01];11189.65925;[0.9825];[0.0325];10238.17628;100),(552274.89018;[0.96];[0.01];11189.65925;[0.9825];[0.0325];10238.17628;100),(559262.29072;[0.63];[-0.32];14722.92789;[0.5434];[-0.4066];10804.55422;100),(562997.06078;[0.63];[-0.32];14722.92789;[0.5434];[-0.4066];10804.55422;100),(567035.45904;[0.63];[-0.32];14722.92789;[0.5434];[-0.4066];10804.55422;100),(570989.47358;[0.63];[-0.32];14722.92789;[0.5434];[-0.4066];10804.55422;100),(575002.74396;[0.63];[-0.32];14722.92789;[0.5434];[-0.4066];10804.55422;100),(577214.69116;[0.86];[-0.09];13286.14350;[0.846];[-0.104];11148.91269;100),(578285.66527;[0.91];[-0.04];12011.75179;[0.943];[-0.007];10345.43772;100),(579066.79821;[0.97];[0.02];11174.52466;[0.984];[0.034];10234.09244;100),(579798.27118;[0.93];[-0.02];11684.82836;[0.9725];[0.0225];10648.16744;100),(582110.83269;[0.93];[-0.02];11435.51619;[0.9752];[0.0252];10445.73257;100),(585812.52694;[0.95];[0.];11232.58304;[0.9805];[0.0305];10254.21976;100),(586543.06746;[0.95];[0.];11204.84206;[0.9816];[0.0316];10242.37889;100),(587540.41624;[0.95];[0.];11190.41479;[0.9815];[0.0315];10233.36616;100),(588031.67558;[0.96];[0.01];11184.77242;[0.9828];[0.0328];10235.37248;100),(588578.29380;[0.96];[0.01];11187.03053;[0.9827];[0.0327];10236.41417;100),(589406.78239;[0.96];[0.01];11187.81447;[0.9816];[0.0316];10233.20746;100),(589945.32537;[0.96];[0.01];11189.65925;[0.9825];[0.0325];10238.17628;100),(590611.56487;[0.95];[0.];11190.41479;[0.9815];[0.0315];10233.36616;100),(591824.19515;[0.96];[0.01];11189.65925;[0.9825];[0.0325];10238.17628;100),(592468.77575;[0.95];[0.];11189.77603;[0.9815];[0.0315];10232.71303;100),(593609.77769;[0.96];[0.01];11189.65925;[0.9825];[0.0325];10238.17628;100),(594205.19233;[0.96];[0.01];11189.65925;[0.9825];[0.0325];10238.17628;100)]"
3,10,7026.397268441372,[0.9824],[0.0324],600299.054145813,"[(710.76560;[0.57];[-0.38];11284.64781;[0.479];[-0.471];8250.65848;100),(8679.84295;[0.57];[-0.38];11284.64781;[0.479];[-0.471];8250.65848;100),(12992.36321;[0.57];[-0.38];11284.64781;[0.479];[-0.471];8250.65848;100),(16909.55114;[0.57];[-0.38];11284.64781;[0.479];[-0.471];8250.65848;100),(20919.10338;[0.57];[-0.38];11284.64781;[0.479];[-0.471];8250.65848;100),(24450.34647;[0.57];[-0.38];11284.64781;[0.479];[-0.471];8250.65848;100),(28334.00989;[0.81];[-0.14];9760.65311;[0.7807];[-0.1693];8222.15386;100),(31210.98781;[0.92];[-0.03];8445.54332;[0.9467];[-0.0033];7783.02919;100),(32794.37232;[0.95];[0.];7494.34257;[0.9824];[0.0324];7026.39727;100),(34028.12934;[1.];[0.05];6836.00671;[0.9993];[0.0493];6489.92792;100),(36444.55457;[1.];[0.05];6977.41587;[0.9938];[0.0438];6572.29700;100),(39836.28440;[0.94];[-0.01];7283.39586;[0.9759];[0.0259];6832.20120;100),(45345.70932;[0.98];[0.03];7008.85060;[0.9906];[0.0406];6590.88294;100),(50075.92225;[0.94];[-0.01];7146.14558;[0.9748];[0.0248];6706.92056;100),(56612.57553;[0.92];[-0.03];7054.79984;[0.9623];[0.0123];6609.89576;100),(61245.45860;[0.98];[0.03];7012.29728;[0.9903];[0.0403];6593.94645;100),(65207.75652;[0.92];[-0.03];7025.01228;[0.9697];[0.0197];6592.07365;100),(70046.13614;[0.92];[-0.03];7019.34766;[0.9643];[0.0143];6570.29094;100),(75613.99770;[0.98];[0.03];7012.77694;[0.9881];[0.0381];6595.11880;100),(79427.62995;[0.92];[-0.03];7015.81716;[0.9643];[0.0143];6567.10944;100),(84083.08291;[0.98];[0.03];7012.77694;[0.9881];[0.0381];6595.11880;100),(87806.61678;[0.98];[0.03];7012.77694;[0.9881];[0.0381];6595.11880;100),(91444.85283;[0.98];[0.03];7012.77694;[0.9881];[0.0381];6595.11880;100),(98373.24977;[0.57];[-0.38];11284.64781;[0.479];[-0.471];8250.65848;100),(102286.02386;[0.57];[-0.38];11284.64781;[0.479];[-0.471];8250.65848;100),(107074.76163;[0.57];[-0.38];11284.64781;[0.479];[-0.471];8250.65848;100),(110735.05974;[0.57];[-0.38];11284.64781;[0.479];[-0.471];8250.65848;100),(114531.54969;[0.57];[-0.38];11284.64781;[0.479];[-0.471];8250.65848;100),(119019.87505;[0.81];[-0.14];9760.65311;[0.7807];[-0.1693];8222.15386;100),(122453.17006;[0.92];[-0.03];8445.54332;[0.9467];[-0.0033];7783.02919;100),(124281.81124;[0.95];[0.];7494.34257;[0.9824];[0.0324];7026.39727;100),(125528.67198;[1.];[0.05];6836.00671;[0.9993];[0.0493];6489.92792;100),(127516.78562;[1.];[0.05];6977.41587;[0.9938];[0.0438];6572.29700;100),(130772.68696;[0.94];[-0.01];7283.39586;[0.9759];[0.0259];6832.20120;100),(135079.19645;[0.98];[0.03];7008.85060;[0.9906];[0.0406];6590.88294;100),(139005.63860;[0.94];[-0.01];7146.14558;[0.9748];[0.0248];6706.92056;100),(144931.54168;[0.92];[-0.03];7054.79984;[0.9623];[0.0123];6609.89576;100),(149654.31809;[0.98];[0.03];7012.29728;[0.9903];[0.0403];6593.94645;100),(153422.07885;[0.92];[-0.03];7025.01228;[0.9697];[0.0197];6592.07365;100),(157575.25921;[0.92];[-0.03];7019.34766;[0.9643];[0.0143];6570.29094;100),(162606.00281;[0.98];[0.03];7012.77694;[0.9881];[0.0381];6595.11880;100),(166767.83085;[0.92];[-0.03];7015.81716;[0.9643];[0.0143];6567.10944;100),(171153.20826;[0.98];[0.03];7012.77694;[0.9881];[0.0381];6595.11880;100),(174837.43763;[0.98];[0.03];7012.77694;[0.9881];[0.0381];6595.11880;100),(178741.73975;[0.98];[0.03];7012.77694;[0.9881];[0.0381];6595.11880;100),(186016.21318;[0.57];[-0.38];11284.64781;[0.479];[-0.471];8250.65848;100),(189432.64174;[0.57];[-0.38];11284.64781;[0.479];[-0.471];8250.65848;100),(193251.62721;[0.57];[-0.38];11284.64781;[0.479];[-0.471];8250.65848;100),(198163.19299;[0.57];[-0.38];11284.64781;[0.479];[-0.471];8250.65848;100),(202539.57820;[0.57];[-0.38];11284.64781;[0.479];[-0.471];8250.65848;100),(207126.76120;[0.81];[-0.14];9760.65311;[0.7807];[-0.1693];8222.15386;100),(210902.85540;[0.92];[-0.03];8445.54332;[0.9467];[-0.0033];7783.02919;100),(212456.32815;[0.95];[0.];7494.34257;[0.9824];[0.0324];7026.39727;100),(213738.60621;[1.];[0.05];6836.00671;[0.9993];[0.0493];6489.92792;100),(215849.32351;[1.];[0.05];6977.41587;[0.9938];[0.0438];6572.29700;100),(219580.37043;[0.94];[-0.01];7283.39586;[0.9759];[0.0259];6832.20120;100),(223463.95588;[0.98];[0.03];7008.85060;[0.9906];[0.0406];6590.88294;100),(227508.33035;[0.94];[-0.01];7146.14558;[0.9748];[0.0248];6706.92056;100),(233098.67811;[0.92];[-0.03];7054.79984;[0.9623];[0.0123];6609.89576;100),(238398.90075;[0.98];[0.03];7012.29728;[0.9903];[0.0403];6593.94645;100),(242286.65733;[0.92];[-0.03];7025.01228;[0.9697];[0.0197];6592.07365;100),(245992.57398;[0.92];[-0.03];7019.34766;[0.9643];[0.0143];6570.29094;100),(250610.46171;[0.98];[0.03];7012.77694;[0.9881];[0.0381];6595.11880;100),(254462.49270;[0.92];[-0.03];7015.81716;[0.9643];[0.0143];6567.10944;100),(258899.29485;[0.98];[0.03];7012.77694;[0.9881];[0.0381];6595.11880;100),(263230.77130;[0.98];[0.03];7012.77694;[0.9881];[0.0381];6595.11880;100),(267039.96778;[0.98];[0.03];7012.77694;[0.9881];[0.0381];6595.11880;100),(274169.76738;[0.57];[-0.38];11284.64781;[0.479];[-0.471];8250.65848;100),(278946.65360;[0.57];[-0.38];11284.64781;[0.479];[-0.471];8250.65848;100),(283196.78307;[0.57];[-0.38];11284.64781;[0.479];[-0.471];8250.65848;100),(286778.34058;[0.57];[-0.38];11284.64781;[0.479];[-0.471];8250.65848;100),(291247.80822;[0.57];[-0.38];11284.64781;[0.479];[-0.471];8250.65848;100),(295681.94008;[0.81];[-0.14];9760.65311;[0.7807];[-0.1693];8222.15386;100),(298589.07008;[0.92];[-0.03];8445.54332;[0.9467];[-0.0033];7783.02919;100),(300093.82939;[0.95];[0.];7494.34257;[0.9824];[0.0324];7026.39727;100),(301245.38279;[1.];[0.05];6836.00671;[0.9993];[0.0493];6489.92792;100),(303359.08127;[1.];[0.05];6977.41587;[0.9938];[0.0438];6572.29700;100),(306727.52261;[0.94];[-0.01];7283.39586;[0.9759];[0.0259];6832.20120;100),(311461.72667;[0.98];[0.03];7008.85060;[0.9906];[0.0406];6590.88294;100),(315710.24156;[0.94];[-0.01];7146.14558;[0.9748];[0.0248];6706.92056;100),(321486.30905;[0.92];[-0.03];7054.79984;[0.9623];[0.0123];6609.89576;100),(326551.09715;[0.98];[0.03];7012.29728;[0.9903];[0.0403];6593.94645;100),(330198.60482;[0.92];[-0.03];7025.01228;[0.9697];[0.0197];6592.07365;100),(334997.09177;[0.92];[-0.03];7019.34766;[0.9643];[0.0143];6570.29094;100),(340283.20456;[0.98];[0.03];7012.77694;[0.9881];[0.0381];6595.11880;100),(344566.19072;[0.92];[-0.03];7015.81716;[0.9643];[0.0143];6567.10944;100),(349443.39180;[0.98];[0.03];7012.77694;[0.9881];[0.0381];6595.11880;100),(353895.05696;[0.98];[0.03];7012.77694;[0.9881];[0.0381];6595.11880;100),(357668.89477;[0.98];[0.03];7012.77694;[0.9881];[0.0381];6595.11880;100),(365341.22467;[0.57];[-0.38];11284.64781;[0.479];[-0.471];8250.65848;100),(369224.85924;[0.57];[-0.38];11284.64781;[0.479];[-0.471];8250.65848;100),(373152.79365;[0.57];[-0.38];11284.64781;[0.479];[-0.471];8250.65848;100),(376866.78314;[0.57];[-0.38];11284.64781;[0.479];[-0.471];8250.65848;100),(380474.97821;[0.57];[-0.38];11284.64781;[0.479];[-0.471];8250.65848;100),(384600.77286;[0.81];[-0.14];9760.65311;[0.7807];[-0.1693];8222.15386;100),(387371.42491;[0.92];[-0.03];8445.54332;[0.9467];[-0.0033];7783.02919;100),(389873.60239;[0.95];[0.];7494.34257;[0.9824];[0.0324];7026.39727;100),(391071.03944;[1.];[0.05];6836.00671;[0.9993];[0.0493];6489.92792;100),(392953.85194;[1.];[0.05];6977.41587;[0.9938];[0.0438];6572.29700;100),(396483.18386;[0.94];[-0.01];7283.39586;[0.9759];[0.0259];6832.20120;100),(401049.45350;[0.98];[0.03];7008.85060;[0.9906];[0.0406];6590.88294;100),(405902.42839;[0.94];[-0.01];7146.14558;[0.9748];[0.0248];6706.92056;100),(411910.67338;[0.92];[-0.03];7054.79984;[0.9623];[0.0123];6609.89576;100),(417184.81374;[0.98];[0.03];7012.29728;[0.9903];[0.0403];6593.94645;100),(421138.38005;[0.92];[-0.03];7025.01228;[0.9697];[0.0197];6592.07365;100),(425446.00010;[0.92];[-0.03];7019.34766;[0.9643];[0.0143];6570.29094;100),(430667.44447;[0.98];[0.03];7012.77694;[0.9881];[0.0381];6595.11880;100),(434523.69833;[0.92];[-0.03];7015.81716;[0.9643];[0.0143];6567.10944;100),(439186.21182;[0.98];[0.03];7012.77694;[0.9881];[0.0381];6595.11880;100),(442770.60056;[0.98];[0.03];7012.77694;[0.9881];[0.0381];6595.11880;100),(446398.41080;[0.98];[0.03];7012.77694;[0.9881];[0.0381];6595.11880;100),(454674.81208;[0.57];[-0.38];11284.64781;[0.479];[-0.471];8250.65848;100),(458072.63756;[0.57];[-0.38];11284.64781;[0.479];[-0.471];8250.65848;100),(462245.49770;[0.57];[-0.38];11284.64781;[0.479];[-0.471];8250.65848;100),(466294.92474;[0.57];[-0.38];11284.64781;[0.479];[-0.471];8250.65848;100),(469557.61838;[0.57];[-0.38];11284.64781;[0.479];[-0.471];8250.65848;100),(473551.81193;[0.81];[-0.14];9760.65311;[0.7807];[-0.1693];8222.15386;100),(476371.29331;[0.92];[-0.03];8445.54332;[0.9467];[-0.0033];7783.02919;100),(478010.87260;[0.95];[0.];7494.34257;[0.9824];[0.0324];7026.39727;100),(479282.03940;[1.];[0.05];6836.00671;[0.9993];[0.0493];6489.92792;100),(481474.30563;[1.];[0.05];6977.41587;[0.9938];[0.0438];6572.29700;100),(484711.34424;[0.94];[-0.01];7283.39586;[0.9759];[0.0259];6832.20120;100),(488951.37334;[0.98];[0.03];7008.85060;[0.9906];[0.0406];6590.88294;100),(493141.32786;[0.94];[-0.01];7146.14558;[0.9748];[0.0248];6706.92056;100),(499338.55867;[0.92];[-0.03];7054.79984;[0.9623];[0.0123];6609.89576;100),(505270.87784;[0.98];[0.03];7012.29728;[0.9903];[0.0403];6593.94645;100),(508756.18362;[0.92];[-0.03];7025.01228;[0.9697];[0.0197];6592.07365;100),(513268.33010;[0.92];[-0.03];7019.34766;[0.9643];[0.0143];6570.29094;100),(519251.19734;[0.98];[0.03];7012.77694;[0.9881];[0.0381];6595.11880;100),(523412.93216;[0.92];[-0.03];7015.81716;[0.9643];[0.0143];6567.10944;100),(527797.70231;[0.98];[0.03];7012.77694;[0.9881];[0.0381];6595.11880;100),(531355.79038;[0.98];[0.03];7012.77694;[0.9881];[0.0381];6595.11880;100),(535072.31069;[0.98];[0.03];7012.77694;[0.9881];[0.0381];6595.11880;100),(541855.90792;[0.57];[-0.38];11284.64781;[0.479];[-0.471];8250.65848;100),(545219.30671;[0.57];[-0.38];11284.64781;[0.479];[-0.471];8250.65848;100),(549163.53941;[0.57];[-0.38];11284.64781;[0.479];[-0.471];8250.65848;100),(553049.08919;[0.57];[-0.38];11284.64781;[0.479];[-0.471];8250.65848;100),(557399.22857;[0.57];[-0.38];11284.64781;[0.479];[-0.471];8250.65848;100),(561902.55880;[0.81];[-0.14];9760.65311;[0.7807];[-0.1693];8222.15386;100),(565134.47571;[0.92];[-0.03];8445.54332;[0.9467];[-0.0033];7783.02919;100),(567092.59081;[0.95];[0.];7494.34257;[0.9824];[0.0324];7026.39727;100),(568416.04280;[1.];[0.05];6836.00671;[0.9993];[0.0493];6489.92792;100),(570663.35702;[1.];[0.05];6977.41587;[0.9938];[0.0438];6572.29700;100),(573902.15826;[0.94];[-0.01];7283.39586;[0.9759];[0.0259];6832.20120;100),(578130.77927;[0.98];[0.03];7008.85060;[0.9906];[0.0406];6590.88294;100),(581380.28693;[0.94];[-0.01];7146.14558;[0.9748];[0.0248];6706.92056;100),(586613.17062;[0.92];[-0.03];7054.79984;[0.9623];[0.0123];6609.89576;100),(590939.29529;[0.98];[0.03];7012.29728;[0.9903];[0.0403];6593.94645;100),(594550.86374;[0.92];[-0.03];7025.01228;[0.9697];[0.0197];6592.07365;100),(599114.91823;[0.92];[-0.03];7019.34766;[0.9643];[0.0143];6570.29094;100),(600280.09105;[1.];[0.05];6336.10863;[1.];[0.05];6075.53692;100)]"
4,2,4382.073925572092,[0.9006],[-0.0494],602493.8144683838,"[(1245.86439;[0.48];[-0.47];7627.58039;[0.4083];[-0.5417];6218.65967;100),(9916.27741;[0.48];[-0.47];7627.58039;[0.4083];[-0.5417];6218.65967;100),(14013.56411;[0.48];[-0.47];7627.58039;[0.4083];[-0.5417];6218.65967;100),(17845.33048;[0.48];[-0.47];7627.58039;[0.4083];[-0.5417];6218.65967;100),(21911.51500;[0.48];[-0.47];7627.58039;[0.4083];[-0.5417];6218.65967;100),(25332.19051;[0.48];[-0.47];7627.58039;[0.4083];[-0.5417];6218.65967;100),(26147.91250;[0.73];[-0.22];7115.57108;[0.7148];[-0.2352];6338.39149;100),(30017.52186;[0.8];[-0.15];5421.21360;[0.8146];[-0.1354];5113.76319;100),(31907.23109;[0.73];[-0.22];4069.11768;[0.7252];[-0.2248];3991.52114;100),(32540.62915;[0.72];[-0.23];4014.59812;[0.7076];[-0.2424];3940.91571;100),(33685.37617;[0.72];[-0.23];3982.70957;[0.6992];[-0.2508];3911.37291;100),(35809.76868;[0.7];[-0.25];3913.12011;[0.6686];[-0.2814];3846.68589;100),(43704.48208;[0.72];[-0.23];7144.62024;[0.6919];[-0.2581];6300.18688;100),(50340.37232;[0.8];[-0.15];5431.55509;[0.8178];[-0.1322];5122.77537;100),(57250.36240;[0.89];[-0.06];4530.22987;[0.8931];[-0.0569];4417.54599;100),(62380.04708;[0.81];[-0.14];4324.87473;[0.8557];[-0.0943];4238.03691;100),(71492.28573;[0.77];[-0.18];4172.25551;[0.7748];[-0.1752];4092.60319;100),(71959.40852;[0.72];[-0.23];4016.87210;[0.7094];[-0.2406];3943.33395;100),(72698.65394;[0.72];[-0.23];3982.70957;[0.6992];[-0.2508];3911.37291;100),(74214.44488;[0.71];[-0.24];3954.21473;[0.6884];[-0.2616];3884.94962;100),(78612.07700;[0.72];[-0.23];7144.52176;[0.6836];[-0.2664];6281.52954;100),(86531.36110;[0.8];[-0.15];5447.64138;[0.8236];[-0.1264];5139.81136;100),(91415.26818;[0.83];[-0.12];4521.22276;[0.8773];[-0.0727];4407.33665;100),(97288.94949;[0.82];[-0.13];4318.04612;[0.8705];[-0.0795];4233.02101;100),(106399.51181;[0.77];[-0.18];4162.81673;[0.7729];[-0.1771];4083.55420;100),(107786.50665;[0.74];[-0.21];4108.37242;[0.7366];[-0.2134];4028.18684;100),(109776.38173;[0.72];[-0.23];4047.47414;[0.7182];[-0.2318];3971.80583;100),(110284.35445;[0.72];[-0.23];4016.87210;[0.7094];[-0.2406];3943.33395;100),(111074.92328;[0.72];[-0.23];3986.69718;[0.699];[-0.251];3914.58123;100),(111543.96152;[0.72];[-0.23];3984.91708;[0.7011];[-0.2489];3913.72789;100),(112266.60895;[0.72];[-0.23];3982.70957;[0.6992];[-0.2508];3911.37291;100),(113377.26521;[0.71];[-0.24];3981.52597;[0.6965];[-0.2535];3909.77076;100),(118358.66904;[0.72];[-0.23];7144.48403;[0.6926];[-0.2574];6302.29973;100),(125182.24621;[0.8];[-0.15];5380.83792;[0.8196];[-0.1304];5081.91114;100),(130218.63818;[0.85];[-0.1];4517.13847;[0.8815];[-0.0685];4404.17285;100),(136143.20207;[0.81];[-0.14];4312.23264;[0.8533];[-0.0967];4226.22121;100),(145919.66629;[0.77];[-0.18];4162.81673;[0.7729];[-0.1771];4083.55420;100),(146777.81343;[0.73];[-0.22];4107.92527;[0.7369];[-0.2131];4027.69654;100),(147300.85921;[0.72];[-0.23];4045.85826;[0.7177];[-0.2323];3970.18767;100),(147903.19657;[0.72];[-0.23];4004.29778;[0.7047];[-0.2453];3930.50407;100),(148529.97422;[0.72];[-0.23];3982.70957;[0.6992];[-0.2508];3911.37291;100),(149925.13251;[0.72];[-0.23];3982.70957;[0.6992];[-0.2508];3911.37291;100),(154657.94253;[0.72];[-0.23];7144.48403;[0.6926];[-0.2574];6302.29973;100),(162694.10610;[0.8];[-0.15];5419.75525;[0.8175];[-0.1325];5112.13706;100),(168089.80060;[0.85];[-0.1];4516.07726;[0.8821];[-0.0679];4403.60312;100),(174096.99559;[0.81];[-0.14];4310.36563;[0.855];[-0.095];4224.78090;100),(178583.06766;[0.72];[-0.23];3982.70957;[0.6992];[-0.2508];3911.37291;100),(184096.88020;[0.72];[-0.23];7144.52176;[0.6836];[-0.2664];6281.52954;100),(191534.43408;[0.8];[-0.15];5419.75525;[0.8175];[-0.1325];5112.13706;100),(197500.96536;[0.85];[-0.1];4516.07726;[0.8821];[-0.0679];4403.60312;100),(203123.46888;[0.81];[-0.14];4310.36563;[0.855];[-0.095];4224.78090;100),(213408.48064;[0.77];[-0.18];4162.81673;[0.7729];[-0.1771];4083.55420;100),(213988.13367;[0.73];[-0.22];4096.82369;[0.7346];[-0.2154];4018.10733;100),(214910.90441;[0.72];[-0.23];4016.87210;[0.7094];[-0.2406];3943.33395;100),(215818.99118;[0.72];[-0.23];3985.53083;[0.701];[-0.249];3914.16919;100),(216887.61806;[0.72];[-0.23];3982.70957;[0.6992];[-0.2508];3911.37291;100),(218753.55172;[0.72];[-0.23];3982.70957;[0.6992];[-0.2508];3911.37291;100),(223665.50398;[0.72];[-0.23];7144.52176;[0.6836];[-0.2664];6281.52954;100),(228984.44009;[0.8];[-0.15];5355.01588;[0.8135];[-0.1365];5058.45005;100),(233669.87777;[0.9];[-0.05];4486.16546;[0.9006];[-0.0494];4382.07393;100),(239028.32842;[0.81];[-0.14];4310.36563;[0.855];[-0.095];4224.78090;100),(250088.77349;[0.75];[-0.2];4162.48542;[0.7458];[-0.2042];4075.28546;100),(251101.39656;[0.73];[-0.22];4091.76613;[0.7349];[-0.2151];4013.82105;100),(251783.09679;[0.72];[-0.23];3984.91708;[0.7011];[-0.2489];3913.72789;100),(253482.68104;[0.72];[-0.23];3983.44309;[0.6993];[-0.2507];3911.94323;100),(254520.36524;[0.72];[-0.23];3982.70957;[0.6992];[-0.2508];3911.37291;100),(254678.37334;[0.72];[-0.23];3982.70957;[0.6992];[-0.2508];3911.37291;100),(260435.54163;[0.72];[-0.23];7144.52176;[0.6836];[-0.2664];6281.52954;100),(267871.87362;[0.8];[-0.15];5411.84147;[0.8228];[-0.1272];5106.70724;100),(273918.08867;[0.86];[-0.09];4491.66617;[0.89];[-0.06];4382.84975;100),(281540.93838;[0.81];[-0.14];4312.23264;[0.8533];[-0.0967];4226.22121;100),(287231.51612;[0.72];[-0.23];3982.70957;[0.6992];[-0.2508];3911.37291;100),(294295.07756;[0.72];[-0.23];7144.52176;[0.6836];[-0.2664];6281.52954;100),(300359.13467;[0.78];[-0.17];5279.97704;[0.7954];[-0.1546];4985.76431;100),(305294.63673;[0.86];[-0.09];4491.66617;[0.89];[-0.06];4382.84975;100),(311138.51094;[0.81];[-0.14];4312.23264;[0.8533];[-0.0967];4226.22121;100),(321926.73230;[0.77];[-0.18];4177.98704;[0.7815];[-0.1685];4097.54725;100),(323476.15528;[0.73];[-0.22];4092.56524;[0.7325];[-0.2175];4013.92413;100),(323980.81470;[0.72];[-0.23];3984.91708;[0.7011];[-0.2489];3913.72789;100),(324594.29145;[0.72];[-0.23];3982.70957;[0.6992];[-0.2508];3911.37291;100),(325749.22919;[0.72];[-0.23];3982.70957;[0.6992];[-0.2508];3911.37291;100),(330297.70327;[0.72];[-0.23];7144.22374;[0.6895];[-0.2605];6296.57587;100),(336437.82830;[0.8];[-0.15];5350.48981;[0.8091];[-0.1409];5052.37611;100),(342238.21497;[0.84];[-0.11];4500.13678;[0.8827];[-0.0673];4389.31616;100),(349535.22611;[0.82];[-0.13];4317.98150;[0.8702];[-0.0798];4234.33287;100),(355752.48456;[0.72];[-0.23];3982.70957;[0.6992];[-0.2508];3911.37291;100),(362487.20407;[0.72];[-0.23];7144.32365;[0.6926];[-0.2574];6302.13624;100),(367154.11353;[0.8];[-0.15];5350.48981;[0.8091];[-0.1409];5052.37611;100),(371552.46925;[0.84];[-0.11];4500.13678;[0.8827];[-0.0673];4389.31616;100),(376885.73050;[0.82];[-0.13];4317.98150;[0.8702];[-0.0798];4234.33287;100),(385865.68046;[0.77];[-0.18];4190.61986;[0.7811];[-0.1689];4108.23788;100),(387062.45279;[0.73];[-0.22];4097.13476;[0.7308];[-0.2192];4017.02681;100),(389062.08873;[0.72];[-0.23];4047.47414;[0.7182];[-0.2318];3971.80583;100),(389816.81466;[0.72];[-0.23];4016.87210;[0.7094];[-0.2406];3943.33395;100),(390571.49696;[0.72];[-0.23];4010.39076;[0.7074];[-0.2426];3937.28818;100),(391036.72171;[0.72];[-0.23];3982.70957;[0.6992];[-0.2508];3911.37291;100),(392403.40281;[0.72];[-0.23];3982.70957;[0.6992];[-0.2508];3911.37291;100),(397618.86692;[0.72];[-0.23];7144.45911;[0.6926];[-0.2574];6302.51277;100),(402738.90495;[0.79];[-0.16];5273.87516;[0.8036];[-0.1464];4983.73476;100),(408793.08772;[0.9];[-0.05];4474.49770;[0.9027];[-0.0473];4370.92658;100),(413526.68381;[0.81];[-0.14];4273.97099;[0.8566];[-0.0934];4192.94197;100),(418060.19711;[0.72];[-0.23];3982.70957;[0.6992];[-0.2508];3911.37291;100),(419322.24131;[0.72];[-0.23];3982.70957;[0.6992];[-0.2508];3911.37291;100),(423795.23993;[0.72];[-0.23];7141.07789;[0.6979];[-0.2521];6312.20772;100),(427697.43848;[0.79];[-0.16];5273.87516;[0.8036];[-0.1464];4983.73476;100),(432349.59936;[0.9];[-0.05];4474.49770;[0.9027];[-0.0473];4370.92658;100),(436300.46368;[0.81];[-0.14];4273.97099;[0.8566];[-0.0934];4192.94197;100),(440885.23817;[0.72];[-0.23];3982.70957;[0.6992];[-0.2508];3911.37291;100),(447423.74635;[0.72];[-0.23];7141.11377;[0.6983];[-0.2517];6313.54067;100),(452603.45411;[0.78];[-0.17];5268.36716;[0.7949];[-0.1551];4975.74460;100),(457601.86982;[0.9];[-0.05];4474.49770;[0.9027];[-0.0473];4370.92658;100),(461930.30024;[0.81];[-0.14];4273.97099;[0.8566];[-0.0934];4192.94197;100),(472699.77975;[0.72];[-0.23];7141.11377;[0.6983];[-0.2517];6313.54067;100),(476771.79766;[0.79];[-0.16];5273.87516;[0.8036];[-0.1464];4983.73476;100),(481227.58603;[0.83];[-0.12];4511.45638;[0.8787];[-0.0713];4399.39525;100),(486721.38453;[0.82];[-0.13];4323.76394;[0.8694];[-0.0806];4239.06029;100),(494028.93543;[0.77];[-0.18];4192.26481;[0.7801];[-0.1699];4109.49611;100),(494744.47846;[0.73];[-0.22];4108.27312;[0.7366];[-0.2134];4027.86501;100),(495618.27493;[0.73];[-0.22];4069.11768;[0.7252];[-0.2248];3991.52114;100),(496392.21501;[0.72];[-0.23];4039.95655;[0.7145];[-0.2355];3964.43333;100),(496974.01071;[0.72];[-0.23];4010.39076;[0.7074];[-0.2426];3937.28818;100),(497395.43700;[0.72];[-0.23];3982.70957;[0.6992];[-0.2508];3911.37291;100),(506495.38922;[0.48];[-0.47];7627.58039;[0.4083];[-0.5417];6218.65967;100),(510631.62303;[0.48];[-0.47];7627.58039;[0.4083];[-0.5417];6218.65967;100),(514673.33794;[0.48];[-0.47];7627.58039;[0.4083];[-0.5417];6218.65967;100),(518072.20721;[0.48];[-0.47];7627.58039;[0.4083];[-0.5417];6218.65967;100),(521541.68892;[0.48];[-0.47];7627.58039;[0.4083];[-0.5417];6218.65967;100),(522084.64932;[0.73];[-0.22];7115.57108;[0.7148];[-0.2352];6338.39149;100),(525105.56221;[0.8];[-0.15];5421.21360;[0.8146];[-0.1354];5113.76319;100),(526414.38413;[0.73];[-0.22];4069.11768;[0.7252];[-0.2248];3991.52114;100),(526996.12665;[0.72];[-0.23];4014.59812;[0.7076];[-0.2424];3940.91571;100),(527996.05107;[0.72];[-0.23];3982.70957;[0.6992];[-0.2508];3911.37291;100),(530089.74504;[0.7];[-0.25];3913.12011;[0.6686];[-0.2814];3846.68589;100),(536940.38773;[0.72];[-0.23];7144.62024;[0.6919];[-0.2581];6300.18688;100),(543587.78811;[0.8];[-0.15];5431.55509;[0.8178];[-0.1322];5122.77537;100),(548983.42347;[0.89];[-0.06];4530.22987;[0.8931];[-0.0569];4417.54599;100),(553656.66628;[0.81];[-0.14];4324.87473;[0.8557];[-0.0943];4238.03691;100),(562728.00636;[0.77];[-0.18];4172.25551;[0.7748];[-0.1752];4092.60319;100),(563104.01583;[0.72];[-0.23];4016.87210;[0.7094];[-0.2406];3943.33395;100),(563876.06049;[0.72];[-0.23];3982.70957;[0.6992];[-0.2508];3911.37291;100),(565010.92672;[0.71];[-0.24];3954.21473;[0.6884];[-0.2616];3884.94962;100),(569429.93641;[0.72];[-0.23];7144.52176;[0.6836];[-0.2664];6281.52954;100),(575928.54238;[0.8];[-0.15];5447.64138;[0.8236];[-0.1264];5139.81136;100),(580525.89631;[0.83];[-0.12];4521.22276;[0.8773];[-0.0727];4407.33665;100),(585389.41503;[0.82];[-0.13];4318.04612;[0.8705];[-0.0795];4233.02101;100),(593644.35840;[0.77];[-0.18];4162.81673;[0.7729];[-0.1771];4083.55420;100),(594362.88571;[0.74];[-0.21];4108.37242;[0.7366];[-0.2134];4028.18684;100),(595889.66584;[0.72];[-0.23];4047.47414;[0.7182];[-0.2318];3971.80583;100),(596273.88120;[0.72];[-0.23];4016.87210;[0.7094];[-0.2406];3943.33395;100),(596832.96585;[0.72];[-0.23];3986.69718;[0.699];[-0.251];3914.58123;100),(597480.32093;[0.72];[-0.23];3984.91708;[0.7011];[-0.2489];3913.72789;100),(598141.31188;[0.72];[-0.23];3982.70957;[0.6992];[-0.2508];3911.37291;100),(598732.87773;[0.71];[-0.24];3981.52597;[0.6965];[-0.2535];3909.77076;100)]"
4,1,4608.050500274415,[0.9975],[0.0475],602059.88073349,"[(1203.52030;[0.54];[-0.41];6487.42587;[0.5192];[-0.4308];6291.85519;100),(9117.74468;[0.54];[-0.41];6487.42587;[0.5192];[-0.4308];6291.85519;100),(13474.78080;[0.54];[-0.41];6487.64700;[0.5191];[-0.4309];6292.45440;100),(18271.92736;[0.54];[-0.41];6487.64700;[0.5191];[-0.4309];6292.45440;100),(23168.64681;[0.54];[-0.41];6487.64700;[0.5191];[-0.4309];6292.45440;100),(28789.33787;[0.54];[-0.41];6487.64700;[0.5191];[-0.4309];6292.45440;100),(31299.68548;[0.76];[-0.19];5909.21768;[0.791];[-0.159];5826.13556;100),(34612.53691;[0.85];[-0.1];4547.84779;[0.8947];[-0.0553];4530.46481;100),(35839.70714;[0.91];[-0.04];4288.43336;[0.9375];[-0.0125];4278.47733;100),(36781.17633;[0.83];[-0.12];4137.63169;[0.8763];[-0.0737];4130.92427;100),(39690.29498;[0.71];[-0.24];3957.85806;[0.7442];[-0.2058];3953.65801;100),(40448.00091;[0.65];[-0.3];3878.54363;[0.6847];[-0.2653];3874.77081;100),(41896.28601;[0.65];[-0.3];3845.94286;[0.6669];[-0.2831];3842.09661;100),(43552.92630;[0.65];[-0.3];3840.22436;[0.6661];[-0.2839];3836.33067;100),(46009.74727;[0.63];[-0.32];3803.12905;[0.6407];[-0.3093];3799.55607;100),(47262.85386;[0.63];[-0.32];3800.79711;[0.64];[-0.31];3797.03620;100),(52045.19606;[0.7];[-0.25];6482.71007;[0.7273];[-0.2227];6357.21620;100),(56555.37343;[0.94];[-0.01];4624.76371;[0.9719];[0.0219];4604.08754;100),(62992.02323;[0.89];[-0.06];4403.33976;[0.9167];[-0.0333];4390.10888;100),(67422.10150;[0.88];[-0.07];4205.80364;[0.917];[-0.033];4197.55775;100),(79773.45800;[0.76];[-0.19];4022.62109;[0.7974];[-0.1526];4017.67685;100),(80741.73427;[0.71];[-0.24];3932.04707;[0.7199];[-0.2301];3927.83755;100),(81139.50801;[0.65];[-0.3];3878.54363;[0.6847];[-0.2653];3874.77081;100),(82704.44965;[0.65];[-0.3];3845.94286;[0.6669];[-0.2831];3842.09661;100),(84644.38391;[0.65];[-0.3];3841.02752;[0.6662];[-0.2838];3837.13970;100),(88239.95519;[0.65];[-0.3];3840.22436;[0.6661];[-0.2839];3836.33067;100),(88496.36102;[0.65];[-0.3];3840.22436;[0.6661];[-0.2839];3836.33067;100),(88649.10388;[0.65];[-0.3];3840.22436;[0.6661];[-0.2839];3836.33067;100),(92970.96539;[0.7];[-0.25];6482.71007;[0.7273];[-0.2227];6357.21620;100),(97299.66736;[1.];[0.05];4629.03978;[0.9975];[0.0475];4608.05050;100),(102312.06250;[0.76];[-0.19];5834.36311;[0.7908];[-0.1592];5776.53509;100),(108928.65491;[0.78];[-0.17];5275.32876;[0.8314];[-0.1186];5232.74243;100),(112730.12137;[0.78];[-0.17];5078.34527;[0.8273];[-0.1227];5040.73084;100),(117169.63673;[0.85];[-0.1];4521.99786;[0.8976];[-0.0524];4505.44444;100),(119671.42177;[0.9];[-0.05];4376.23954;[0.9365];[-0.0135];4365.19953;100),(122950.79947;[0.9];[-0.05];4237.64452;[0.9339];[-0.0161];4228.53350;100),(126207.91101;[0.87];[-0.08];4215.25753;[0.9138];[-0.0362];4207.00944;100),(126650.24972;[0.89];[-0.06];4185.49113;[0.9226];[-0.0274];4177.37459;100),(128494.99416;[0.83];[-0.12];4167.48852;[0.877];[-0.073];4160.85274;100),(128862.88381;[0.82];[-0.13];4150.14937;[0.877];[-0.073];4144.28705;100),(139463.23729;[0.54];[-0.41];6487.42587;[0.5192];[-0.4308];6291.85519;100),(144417.52577;[0.54];[-0.41];6487.64700;[0.5191];[-0.4309];6292.45440;100),(149343.76240;[0.54];[-0.41];6487.64700;[0.5191];[-0.4309];6292.45440;100),(153289.64257;[0.54];[-0.41];6487.64700;[0.5191];[-0.4309];6292.45440;100),(157335.55484;[0.54];[-0.41];6487.64700;[0.5191];[-0.4309];6292.45440;100),(159002.83766;[0.76];[-0.19];5909.21768;[0.791];[-0.159];5826.13556;100),(161404.34361;[0.85];[-0.1];4547.84779;[0.8947];[-0.0553];4530.46481;100),(162579.70285;[0.91];[-0.04];4288.43336;[0.9375];[-0.0125];4278.47733;100),(163266.24155;[0.83];[-0.12];4137.63169;[0.8763];[-0.0737];4130.92427;100),(165542.09757;[0.71];[-0.24];3957.85806;[0.7442];[-0.2058];3953.65801;100),(166272.36366;[0.65];[-0.3];3878.54363;[0.6847];[-0.2653];3874.77081;100),(167801.40281;[0.65];[-0.3];3845.94286;[0.6669];[-0.2831];3842.09661;100),(169373.58046;[0.65];[-0.3];3840.22436;[0.6661];[-0.2839];3836.33067;100),(171843.74213;[0.63];[-0.32];3803.12905;[0.6407];[-0.3093];3799.55607;100),(172943.23158;[0.63];[-0.32];3800.79711;[0.64];[-0.31];3797.03620;100),(178151.93915;[0.7];[-0.25];6482.71007;[0.7273];[-0.2227];6357.21620;100),(183571.09833;[0.94];[-0.01];4624.76371;[0.9719];[0.0219];4604.08754;100),(189135.86211;[0.89];[-0.06];4403.33976;[0.9167];[-0.0333];4390.10888;100),(193461.06195;[0.88];[-0.07];4205.80364;[0.917];[-0.033];4197.55775;100),(204773.83780;[0.76];[-0.19];4022.62109;[0.7974];[-0.1526];4017.67685;100),(205714.64729;[0.71];[-0.24];3932.04707;[0.7199];[-0.2301];3927.83755;100),(206190.66477;[0.65];[-0.3];3878.54363;[0.6847];[-0.2653];3874.77081;100),(207615.41414;[0.65];[-0.3];3845.94286;[0.6669];[-0.2831];3842.09661;100),(208816.56170;[0.65];[-0.3];3841.02752;[0.6662];[-0.2838];3837.13970;100),(210964.41460;[0.65];[-0.3];3840.22436;[0.6661];[-0.2839];3836.33067;100),(211157.88388;[0.65];[-0.3];3840.22436;[0.6661];[-0.2839];3836.33067;100),(211323.12274;[0.65];[-0.3];3840.22436;[0.6661];[-0.2839];3836.33067;100),(214887.92682;[0.7];[-0.25];6482.71007;[0.7273];[-0.2227];6357.21620;100),(218724.67184;[1.];[0.05];4629.03978;[0.9975];[0.0475];4608.05050;100),(224036.40962;[0.76];[-0.19];5834.36311;[0.7908];[-0.1592];5776.53509;100),(231158.03480;[0.78];[-0.17];5275.32876;[0.8314];[-0.1186];5232.74243;100),(235955.65057;[0.78];[-0.17];5078.34527;[0.8273];[-0.1227];5040.73084;100),(241748.50845;[0.85];[-0.1];4521.99786;[0.8976];[-0.0524];4505.44444;100),(244612.08868;[0.9];[-0.05];4376.23954;[0.9365];[-0.0135];4365.19953;100),(247610.58855;[0.9];[-0.05];4237.64452;[0.9339];[-0.0161];4228.53350;100),(251334.21111;[0.87];[-0.08];4215.25753;[0.9138];[-0.0362];4207.00944;100),(251833.73141;[0.89];[-0.06];4185.49113;[0.9226];[-0.0274];4177.37459;100),(253624.28045;[0.83];[-0.12];4167.48852;[0.877];[-0.073];4160.85274;100),(254278.59259;[0.82];[-0.13];4150.14937;[0.877];[-0.073];4144.28705;100),(262698.64964;[0.54];[-0.41];6487.42587;[0.5192];[-0.4308];6291.85519;100),(266573.90761;[0.54];[-0.41];6487.64700;[0.5191];[-0.4309];6292.45440;100),(270553.26128;[0.54];[-0.41];6487.64700;[0.5191];[-0.4309];6292.45440;100),(274140.53464;[0.54];[-0.41];6487.64700;[0.5191];[-0.4309];6292.45440;100),(277654.64425;[0.54];[-0.41];6487.64700;[0.5191];[-0.4309];6292.45440;100),(279341.05039;[0.76];[-0.19];5909.21768;[0.791];[-0.159];5826.13556;100),(281845.02268;[0.85];[-0.1];4547.84779;[0.8947];[-0.0553];4530.46481;100),(282987.59007;[0.91];[-0.04];4288.43336;[0.9375];[-0.0125];4278.47733;100),(283748.16680;[0.83];[-0.12];4137.63169;[0.8763];[-0.0737];4130.92427;100),(286652.21071;[0.71];[-0.24];3957.85806;[0.7442];[-0.2058];3953.65801;100),(287737.82396;[0.65];[-0.3];3878.54363;[0.6847];[-0.2653];3874.77081;100),(289496.39797;[0.65];[-0.3];3845.94286;[0.6669];[-0.2831];3842.09661;100),(291622.65992;[0.65];[-0.3];3840.22436;[0.6661];[-0.2839];3836.33067;100),(295148.56553;[0.63];[-0.32];3803.12905;[0.6407];[-0.3093];3799.55607;100),(296593.54544;[0.63];[-0.32];3800.79711;[0.64];[-0.31];3797.03620;100),(303098.82236;[0.7];[-0.25];6482.71007;[0.7273];[-0.2227];6357.21620;100),(308719.64216;[0.94];[-0.01];4624.76371;[0.9719];[0.0219];4604.08754;100),(314382.48348;[0.89];[-0.06];4403.33976;[0.9167];[-0.0333];4390.10888;100),(318054.77595;[0.88];[-0.07];4205.80364;[0.917];[-0.033];4197.55775;100),(327899.55926;[0.76];[-0.19];4022.62109;[0.7974];[-0.1526];4017.67685;100),(328896.80481;[0.71];[-0.24];3932.04707;[0.7199];[-0.2301];3927.83755;100),(329285.75611;[0.65];[-0.3];3878.54363;[0.6847];[-0.2653];3874.77081;100),(330817.04473;[0.65];[-0.3];3845.94286;[0.6669];[-0.2831];3842.09661;100),(332069.78869;[0.65];[-0.3];3841.02752;[0.6662];[-0.2838];3837.13970;100),(334695.56069;[0.65];[-0.3];3840.22436;[0.6661];[-0.2839];3836.33067;100),(334914.01553;[0.65];[-0.3];3840.22436;[0.6661];[-0.2839];3836.33067;100),(335076.05767;[0.65];[-0.3];3840.22436;[0.6661];[-0.2839];3836.33067;100),(339419.28601;[0.7];[-0.25];6482.71007;[0.7273];[-0.2227];6357.21620;100),(343843.07861;[1.];[0.05];4629.03978;[0.9975];[0.0475];4608.05050;100),(351293.27893;[0.76];[-0.19];5834.36311;[0.7908];[-0.1592];5776.53509;100),(359529.50406;[0.78];[-0.17];5275.32876;[0.8314];[-0.1186];5232.74243;100),(365414.19458;[0.78];[-0.17];5078.34527;[0.8273];[-0.1227];5040.73084;100),(369852.29897;[0.85];[-0.1];4521.99786;[0.8976];[-0.0524];4505.44444;100),(371959.04446;[0.9];[-0.05];4376.23954;[0.9365];[-0.0135];4365.19953;100),(374386.92427;[0.9];[-0.05];4237.64452;[0.9339];[-0.0161];4228.53350;100),(376878.97873;[0.87];[-0.08];4215.25753;[0.9138];[-0.0362];4207.00944;100),(377309.88216;[0.89];[-0.06];4185.49113;[0.9226];[-0.0274];4177.37459;100),(378971.95745;[0.83];[-0.12];4167.48852;[0.877];[-0.073];4160.85274;100),(379523.76580;[0.82];[-0.13];4150.14937;[0.877];[-0.073];4144.28705;100),(387570.07718;[0.54];[-0.41];6487.42587;[0.5192];[-0.4308];6291.85519;100),(391697.98326;[0.54];[-0.41];6487.64700;[0.5191];[-0.4309];6292.45440;100),(396385.90932;[0.54];[-0.41];6487.64700;[0.5191];[-0.4309];6292.45440;100),(400951.52736;[0.54];[-0.41];6487.64700;[0.5191];[-0.4309];6292.45440;100),(405650.36893;[0.54];[-0.41];6487.64700;[0.5191];[-0.4309];6292.45440;100),(407683.37679;[0.76];[-0.19];5909.21768;[0.791];[-0.159];5826.13556;100),(410284.28125;[0.85];[-0.1];4547.84779;[0.8947];[-0.0553];4530.46481;100),(411605.41368;[0.91];[-0.04];4288.43336;[0.9375];[-0.0125];4278.47733;100),(412323.13609;[0.83];[-0.12];4137.63169;[0.8763];[-0.0737];4130.92427;100),(414778.82290;[0.71];[-0.24];3957.85806;[0.7442];[-0.2058];3953.65801;100),(415886.87038;[0.65];[-0.3];3878.54363;[0.6847];[-0.2653];3874.77081;100),(417508.49462;[0.65];[-0.3];3845.94286;[0.6669];[-0.2831];3842.09661;100),(419449.76735;[0.65];[-0.3];3840.22436;[0.6661];[-0.2839];3836.33067;100),(422146.25144;[0.63];[-0.32];3803.12905;[0.6407];[-0.3093];3799.55607;100),(423041.96310;[0.63];[-0.32];3800.79711;[0.64];[-0.31];3797.03620;100),(427323.41385;[0.7];[-0.25];6482.71007;[0.7273];[-0.2227];6357.21620;100),(431852.22268;[0.94];[-0.01];4624.76371;[0.9719];[0.0219];4604.08754;100),(437230.20411;[0.89];[-0.06];4403.33976;[0.9167];[-0.0333];4390.10888;100),(441149.35231;[0.88];[-0.07];4205.80364;[0.917];[-0.033];4197.55775;100),(451190.91535;[0.76];[-0.19];4022.62109;[0.7974];[-0.1526];4017.67685;100),(452275.45691;[0.71];[-0.24];3932.04707;[0.7199];[-0.2301];3927.83755;100),(452755.60379;[0.65];[-0.3];3878.54363;[0.6847];[-0.2653];3874.77081;100),(455104.99048;[0.65];[-0.3];3845.94286;[0.6669];[-0.2831];3842.09661;100),(457133.95619;[0.65];[-0.3];3841.02752;[0.6662];[-0.2838];3837.13970;100),(459882.71356;[0.65];[-0.3];3840.22436;[0.6661];[-0.2839];3836.33067;100),(460133.16154;[0.65];[-0.3];3840.22436;[0.6661];[-0.2839];3836.33067;100),(460350.42930;[0.65];[-0.3];3840.22436;[0.6661];[-0.2839];3836.33067;100),(465252.42591;[0.7];[-0.25];6482.71007;[0.7273];[-0.2227];6357.21620;100),(469740.99708;[1.];[0.05];4629.03978;[0.9975];[0.0475];4608.05050;100),(475971.09365;[0.76];[-0.19];5834.36311;[0.7908];[-0.1592];5776.53509;100),(483153.73778;[0.78];[-0.17];5275.32876;[0.8314];[-0.1186];5232.74243;100),(487155.18188;[0.78];[-0.17];5078.34527;[0.8273];[-0.1227];5040.73084;100),(491566.96224;[0.85];[-0.1];4521.99786;[0.8976];[-0.0524];4505.44444;100),(493943.61591;[0.9];[-0.05];4376.23954;[0.9365];[-0.0135];4365.19953;100),(496713.87529;[0.9];[-0.05];4237.64452;[0.9339];[-0.0161];4228.53350;100),(499671.81683;[0.87];[-0.08];4215.25753;[0.9138];[-0.0362];4207.00944;100),(500143.45765;[0.89];[-0.06];4185.49113;[0.9226];[-0.0274];4177.37459;100),(501882.35617;[0.83];[-0.12];4167.48852;[0.877];[-0.073];4160.85274;100),(502342.00835;[0.82];[-0.13];4150.14937;[0.877];[-0.073];4144.28705;100),(512220.68238;[0.54];[-0.41];6487.42587;[0.5192];[-0.4308];6291.85519;100),(516654.03318;[0.54];[-0.41];6487.64700;[0.5191];[-0.4309];6292.45440;100),(522278.84364;[0.54];[-0.41];6487.64700;[0.5191];[-0.4309];6292.45440;100),(527347.46528;[0.54];[-0.41];6487.64700;[0.5191];[-0.4309];6292.45440;100),(531234.49373;[0.54];[-0.41];6487.64700;[0.5191];[-0.4309];6292.45440;100),(532663.61642;[0.76];[-0.19];5909.21768;[0.791];[-0.159];5826.13556;100),(534804.20685;[0.85];[-0.1];4547.84779;[0.8947];[-0.0553];4530.46481;100),(535911.20481;[0.91];[-0.04];4288.43336;[0.9375];[-0.0125];4278.47733;100),(536648.24986;[0.83];[-0.12];4137.63169;[0.8763];[-0.0737];4130.92427;100),(538719.21873;[0.71];[-0.24];3957.85806;[0.7442];[-0.2058];3953.65801;100),(539577.44646;[0.65];[-0.3];3878.54363;[0.6847];[-0.2653];3874.77081;100),(541167.61184;[0.65];[-0.3];3845.94286;[0.6669];[-0.2831];3842.09661;100),(542816.78748;[0.65];[-0.3];3840.22436;[0.6661];[-0.2839];3836.33067;100),(545411.61966;[0.63];[-0.32];3803.12905;[0.6407];[-0.3093];3799.55607;100),(546470.43037;[0.63];[-0.32];3800.79711;[0.64];[-0.31];3797.03620;100),(551656.49009;[0.7];[-0.25];6482.71007;[0.7273];[-0.2227];6357.21620;100),(556806.57411;[0.94];[-0.01];4624.76371;[0.9719];[0.0219];4604.08754;100),(561875.38052;[0.89];[-0.06];4403.33976;[0.9167];[-0.0333];4390.10888;100),(565793.34784;[0.88];[-0.07];4205.80364;[0.917];[-0.033];4197.55775;100),(575509.42707;[0.76];[-0.19];4022.62109;[0.7974];[-0.1526];4017.67685;100),(576388.11779;[0.71];[-0.24];3932.04707;[0.7199];[-0.2301];3927.83755;100),(576712.09168;[0.65];[-0.3];3878.54363;[0.6847];[-0.2653];3874.77081;100),(578446.03634;[0.65];[-0.3];3845.94286;[0.6669];[-0.2831];3842.09661;100),(579906.58331;[0.65];[-0.3];3841.02752;[0.6662];[-0.2838];3837.13970;100),(582438.90858;[0.65];[-0.3];3840.22436;[0.6661];[-0.2839];3836.33067;100),(582594.39158;[0.65];[-0.3];3840.22436;[0.6661];[-0.2839];3836.33067;100),(582776.73912;[0.65];[-0.3];3840.22436;[0.6661];[-0.2839];3836.33067;100),(587214.13159;[0.7];[-0.25];6482.71007;[0.7273];[-0.2227];6357.21620;100),(591996.37103;[1.];[0.05];4629.03978;[0.9975];[0.0475];4608.05050;100),(598443.97140;[0.76];[-0.19];5834.36311;[0.7908];[-0.1592];5776.53509;100)]"
3,7,8323.654492984633,[0.9003],[-0.0497],600000.8971691132,"[(1072.20912;[0.79];[-0.16];8464.77696;[0.7536];[-0.1964];8507.27107;100),(10777.83108;[0.79];[-0.16];8464.67686;[0.7541];[-0.1959];8510.52392;100),(14792.13953;[0.79];[-0.16];8464.67686;[0.7541];[-0.1959];8510.52392;100),(18338.15980;[0.79];[-0.16];8464.67686;[0.7541];[-0.1959];8510.52392;100),(22348.03534;[0.79];[-0.16];8464.67686;[0.7541];[-0.1959];8510.52392;100),(26929.55709;[0.79];[-0.16];8464.67686;[0.7541];[-0.1959];8510.52392;100),(27185.85491;[0.91];[-0.04];8397.87400;[0.8794];[-0.0706];8335.67423;100),(29440.17863;[0.97];[0.02];7947.58484;[0.9302];[-0.0198];7894.78316;100),(30489.55417;[0.93];[-0.02];8373.64963;[0.8977];[-0.0523];8335.30859;100),(32627.69222;[0.96];[0.01];8289.11673;[0.9119];[-0.0381];8272.19758;100),(34294.73805;[0.96];[0.01];8343.83540;[0.9082];[-0.0418];8309.42836;100),(35345.98589;[0.95];[0.];8361.27841;[0.9003];[-0.0497];8323.65449;100),(36869.28272;[0.95];[0.];8353.36535;[0.9021];[-0.0479];8319.53782;100),(38427.39749;[0.95];[0.];8348.27328;[0.9048];[-0.0452];8315.94517;100),(39981.01330;[0.95];[0.];8347.02072;[0.9038];[-0.0462];8313.74993;100),(41438.43436;[0.95];[0.];8344.86470;[0.904];[-0.046];8312.85735;100),(43252.68221;[0.95];[0.];8344.54263;[0.9043];[-0.0457];8314.88606;100),(43464.16473;[0.95];[0.];8344.54263;[0.9043];[-0.0457];8314.88606;100),(43822.14212;[0.95];[0.];8344.54263;[0.9043];[-0.0457];8314.88606;100),(44119.49253;[0.95];[0.];8344.54263;[0.9043];[-0.0457];8314.88606;100),(44312.05678;[0.95];[0.];8344.54263;[0.9043];[-0.0457];8314.88606;100),(46137.06565;[0.96];[0.01];8343.83540;[0.9082];[-0.0418];8309.42836;100),(54311.27524;[0.79];[-0.16];8464.67686;[0.7541];[-0.1959];8510.52392;100),(58382.14707;[0.79];[-0.16];8464.67686;[0.7541];[-0.1959];8510.52392;100),(62589.53738;[0.79];[-0.16];8464.67686;[0.7541];[-0.1959];8510.52392;100),(66791.74352;[0.79];[-0.16];8464.67686;[0.7541];[-0.1959];8510.52392;100),(70538.63955;[0.79];[-0.16];8464.67686;[0.7541];[-0.1959];8510.52392;100),(70824.43881;[0.91];[-0.04];8397.87400;[0.8794];[-0.0706];8335.67423;100),(73495.03946;[0.97];[0.02];7947.58484;[0.9302];[-0.0198];7894.78316;100),(74776.64137;[0.93];[-0.02];8373.64963;[0.8977];[-0.0523];8335.30859;100),(76733.47330;[0.96];[0.01];8289.11673;[0.9119];[-0.0381];8272.19758;100),(78388.07988;[0.96];[0.01];8343.83540;[0.9082];[-0.0418];8309.42836;100),(79080.16706;[0.95];[0.];8361.27841;[0.9003];[-0.0497];8323.65449;100),(80319.74530;[0.95];[0.];8353.36535;[0.9021];[-0.0479];8319.53782;100),(82132.84922;[0.95];[0.];8348.27328;[0.9048];[-0.0452];8315.94517;100),(83334.77569;[0.95];[0.];8347.02072;[0.9038];[-0.0462];8313.74993;100),(85113.83533;[0.95];[0.];8344.86470;[0.904];[-0.046];8312.85735;100),(86938.30681;[0.95];[0.];8344.54263;[0.9043];[-0.0457];8314.88606;100),(87147.68577;[0.95];[0.];8344.54263;[0.9043];[-0.0457];8314.88606;100),(87538.83052;[0.95];[0.];8344.54263;[0.9043];[-0.0457];8314.88606;100),(87894.65737;[0.95];[0.];8344.54263;[0.9043];[-0.0457];8314.88606;100),(88088.13214;[0.95];[0.];8344.54263;[0.9043];[-0.0457];8314.88606;100),(90821.44332;[0.96];[0.01];8343.83540;[0.9082];[-0.0418];8309.42836;100),(99310.51612;[0.79];[-0.16];8464.67686;[0.7541];[-0.1959];8510.52392;100),(103817.21902;[0.79];[-0.16];8464.67686;[0.7541];[-0.1959];8510.52392;100),(108882.65347;[0.79];[-0.16];8464.67686;[0.7541];[-0.1959];8510.52392;100),(113722.32795;[0.79];[-0.16];8464.67686;[0.7541];[-0.1959];8510.52392;100),(118003.83663;[0.79];[-0.16];8464.67686;[0.7541];[-0.1959];8510.52392;100),(118334.08523;[0.91];[-0.04];8397.87400;[0.8794];[-0.0706];8335.67423;100),(120486.96804;[0.97];[0.02];7947.58484;[0.9302];[-0.0198];7894.78316;100),(121541.77046;[0.93];[-0.02];8373.64963;[0.8977];[-0.0523];8335.30859;100),(123296.29421;[0.96];[0.01];8289.11673;[0.9119];[-0.0381];8272.19758;100),(124496.08541;[0.96];[0.01];8343.83540;[0.9082];[-0.0418];8309.42836;100),(125160.10690;[0.95];[0.];8361.27841;[0.9003];[-0.0497];8323.65449;100),(126550.96912;[0.95];[0.];8353.36535;[0.9021];[-0.0479];8319.53782;100),(127968.35947;[0.95];[0.];8348.27328;[0.9048];[-0.0452];8315.94517;100),(129469.93256;[0.95];[0.];8347.02072;[0.9038];[-0.0462];8313.74993;100),(130961.27915;[0.95];[0.];8344.86470;[0.904];[-0.046];8312.85735;100),(132500.16832;[0.95];[0.];8344.54263;[0.9043];[-0.0457];8314.88606;100),(132720.17384;[0.95];[0.];8344.54263;[0.9043];[-0.0457];8314.88606;100),(133022.89939;[0.95];[0.];8344.54263;[0.9043];[-0.0457];8314.88606;100),(133231.94051;[0.95];[0.];8344.54263;[0.9043];[-0.0457];8314.88606;100),(133458.73570;[0.95];[0.];8344.54263;[0.9043];[-0.0457];8314.88606;100),(135327.50130;[0.96];[0.01];8343.83540;[0.9082];[-0.0418];8309.42836;100),(143494.97080;[0.79];[-0.16];8464.67686;[0.7541];[-0.1959];8510.52392;100),(148422.80197;[0.79];[-0.16];8464.67686;[0.7541];[-0.1959];8510.52392;100),(153059.89647;[0.79];[-0.16];8464.67686;[0.7541];[-0.1959];8510.52392;100),(157645.25795;[0.79];[-0.16];8464.67686;[0.7541];[-0.1959];8510.52392;100),(162557.34563;[0.79];[-0.16];8464.67686;[0.7541];[-0.1959];8510.52392;100),(162856.06718;[0.91];[-0.04];8397.87400;[0.8794];[-0.0706];8335.67423;100),(165534.68156;[0.97];[0.02];7947.58484;[0.9302];[-0.0198];7894.78316;100),(166627.65622;[0.93];[-0.02];8373.64963;[0.8977];[-0.0523];8335.30859;100),(168649.87111;[0.96];[0.01];8289.11673;[0.9119];[-0.0381];8272.19758;100),(170238.07096;[0.96];[0.01];8343.83540;[0.9082];[-0.0418];8309.42836;100),(171083.07433;[0.95];[0.];8361.27841;[0.9003];[-0.0497];8323.65449;100),(172764.92095;[0.95];[0.];8353.36535;[0.9021];[-0.0479];8319.53782;100),(174932.29365;[0.95];[0.];8348.27328;[0.9048];[-0.0452];8315.94517;100),(176211.51781;[0.95];[0.];8347.02072;[0.9038];[-0.0462];8313.74993;100),(177647.85814;[0.95];[0.];8344.86470;[0.904];[-0.046];8312.85735;100),(179115.83376;[0.95];[0.];8344.54263;[0.9043];[-0.0457];8314.88606;100),(179329.60272;[0.95];[0.];8344.54263;[0.9043];[-0.0457];8314.88606;100),(179593.67466;[0.95];[0.];8344.54263;[0.9043];[-0.0457];8314.88606;100),(179884.97782;[0.95];[0.];8344.54263;[0.9043];[-0.0457];8314.88606;100),(180112.99038;[0.95];[0.];8344.54263;[0.9043];[-0.0457];8314.88606;100),(181961.58838;[0.96];[0.01];8343.83540;[0.9082];[-0.0418];8309.42836;100),(189138.49878;[0.79];[-0.16];8464.67686;[0.7541];[-0.1959];8510.52392;100),(192970.41368;[0.79];[-0.16];8464.67686;[0.7541];[-0.1959];8510.52392;100),(197178.74789;[0.79];[-0.16];8464.67686;[0.7541];[-0.1959];8510.52392;100),(201487.44559;[0.79];[-0.16];8464.67686;[0.7541];[-0.1959];8510.52392;100),(206025.05112;[0.79];[-0.16];8464.67686;[0.7541];[-0.1959];8510.52392;100),(206335.91652;[0.91];[-0.04];8397.87400;[0.8794];[-0.0706];8335.67423;100),(208631.91819;[0.97];[0.02];7947.58484;[0.9302];[-0.0198];7894.78316;100),(210141.00409;[0.93];[-0.02];8373.64963;[0.8977];[-0.0523];8335.30859;100),(211827.80099;[0.96];[0.01];8289.11673;[0.9119];[-0.0381];8272.19758;100),(213620.34106;[0.96];[0.01];8343.83540;[0.9082];[-0.0418];8309.42836;100),(214228.34587;[0.95];[0.];8361.27841;[0.9003];[-0.0497];8323.65449;100),(216286.15713;[0.95];[0.];8353.36535;[0.9021];[-0.0479];8319.53782;100),(217951.95937;[0.95];[0.];8348.27328;[0.9048];[-0.0452];8315.94517;100),(219874.24397;[0.95];[0.];8347.02072;[0.9038];[-0.0462];8313.74993;100),(221469.14721;[0.95];[0.];8344.86470;[0.904];[-0.046];8312.85735;100),(223634.80639;[0.95];[0.];8344.54263;[0.9043];[-0.0457];8314.88606;100),(223943.12286;[0.95];[0.];8344.54263;[0.9043];[-0.0457];8314.88606;100),(224307.29842;[0.95];[0.];8344.54263;[0.9043];[-0.0457];8314.88606;100),(224586.33327;[0.95];[0.];8344.54263;[0.9043];[-0.0457];8314.88606;100),(224945.38736;[0.95];[0.];8344.54263;[0.9043];[-0.0457];8314.88606;100),(226751.50156;[0.96];[0.01];8343.83540;[0.9082];[-0.0418];8309.42836;100),(234973.80114;[0.79];[-0.16];8464.67686;[0.7541];[-0.1959];8510.52392;100),(238573.09914;[0.79];[-0.16];8464.67686;[0.7541];[-0.1959];8510.52392;100),(242595.65353;[0.79];[-0.16];8464.67686;[0.7541];[-0.1959];8510.52392;100),(246297.47677;[0.79];[-0.16];8464.67686;[0.7541];[-0.1959];8510.52392;100),(250466.40754;[0.79];[-0.16];8464.67686;[0.7541];[-0.1959];8510.52392;100),(250729.19798;[0.91];[-0.04];8397.87400;[0.8794];[-0.0706];8335.67423;100),(252688.70592;[0.97];[0.02];7947.58484;[0.9302];[-0.0198];7894.78316;100),(253755.91302;[0.93];[-0.02];8373.64963;[0.8977];[-0.0523];8335.30859;100),(255913.60903;[0.96];[0.01];8289.11673;[0.9119];[-0.0381];8272.19758;100),(257926.19658;[0.96];[0.01];8343.83540;[0.9082];[-0.0418];8309.42836;100),(258712.63194;[0.95];[0.];8361.27841;[0.9003];[-0.0497];8323.65449;100),(260631.42347;[0.95];[0.];8353.36535;[0.9021];[-0.0479];8319.53782;100),(262401.59106;[0.95];[0.];8348.27328;[0.9048];[-0.0452];8315.94517;100),(263912.99868;[0.95];[0.];8347.02072;[0.9038];[-0.0462];8313.74993;100),(265395.67924;[0.95];[0.];8344.86470;[0.904];[-0.046];8312.85735;100),(267472.77761;[0.95];[0.];8344.54263;[0.9043];[-0.0457];8314.88606;100),(267683.60400;[0.95];[0.];8344.54263;[0.9043];[-0.0457];8314.88606;100),(267889.41073;[0.95];[0.];8344.54263;[0.9043];[-0.0457];8314.88606;100),(268174.52788;[0.95];[0.];8344.54263;[0.9043];[-0.0457];8314.88606;100),(268479.07162;[0.95];[0.];8344.54263;[0.9043];[-0.0457];8314.88606;100),(270087.26788;[0.96];[0.01];8343.83540;[0.9082];[-0.0418];8309.42836;100),(278737.73313;[0.79];[-0.16];8464.67686;[0.7541];[-0.1959];8510.52392;100),(283105.25107;[0.79];[-0.16];8464.67686;[0.7541];[-0.1959];8510.52392;100),(288784.42669;[0.79];[-0.16];8464.67686;[0.7541];[-0.1959];8510.52392;100),(293064.86464;[0.79];[-0.16];8464.67686;[0.7541];[-0.1959];8510.52392;100),(297406.75282;[0.79];[-0.16];8464.67686;[0.7541];[-0.1959];8510.52392;100),(297655.56502;[0.91];[-0.04];8397.87400;[0.8794];[-0.0706];8335.67423;100),(299624.61901;[0.97];[0.02];7947.58484;[0.9302];[-0.0198];7894.78316;100),(300719.19537;[0.93];[-0.02];8373.64963;[0.8977];[-0.0523];8335.30859;100),(302629.83966;[0.96];[0.01];8289.11673;[0.9119];[-0.0381];8272.19758;100),(304196.69604;[0.96];[0.01];8343.83540;[0.9082];[-0.0418];8309.42836;100),(304798.32649;[0.95];[0.];8361.27841;[0.9003];[-0.0497];8323.65449;100),(306001.91140;[0.95];[0.];8353.36535;[0.9021];[-0.0479];8319.53782;100),(307534.97815;[0.95];[0.];8348.27328;[0.9048];[-0.0452];8315.94517;100),(308909.05118;[0.95];[0.];8347.02072;[0.9038];[-0.0462];8313.74993;100),(310312.67262;[0.95];[0.];8344.86470;[0.904];[-0.046];8312.85735;100),(312100.63934;[0.95];[0.];8344.54263;[0.9043];[-0.0457];8314.88606;100),(312314.49270;[0.95];[0.];8344.54263;[0.9043];[-0.0457];8314.88606;100),(312513.87525;[0.95];[0.];8344.54263;[0.9043];[-0.0457];8314.88606;100),(312716.91370;[0.95];[0.];8344.54263;[0.9043];[-0.0457];8314.88606;100),(312982.62310;[0.95];[0.];8344.54263;[0.9043];[-0.0457];8314.88606;100),(314936.74254;[0.96];[0.01];8343.83540;[0.9082];[-0.0418];8309.42836;100),(323823.70615;[0.79];[-0.16];8464.67686;[0.7541];[-0.1959];8510.52392;100),(328653.94258;[0.79];[-0.16];8464.67686;[0.7541];[-0.1959];8510.52392;100),(333675.27771;[0.79];[-0.16];8464.67686;[0.7541];[-0.1959];8510.52392;100),(338451.73430;[0.79];[-0.16];8464.67686;[0.7541];[-0.1959];8510.52392;100),(343603.47033;[0.79];[-0.16];8464.67686;[0.7541];[-0.1959];8510.52392;100),(343913.91230;[0.91];[-0.04];8397.87400;[0.8794];[-0.0706];8335.67423;100),(346404.27589;[0.97];[0.02];7947.58484;[0.9302];[-0.0198];7894.78316;100),(347409.19399;[0.93];[-0.02];8373.64963;[0.8977];[-0.0523];8335.30859;100),(350113.86633;[0.96];[0.01];8289.11673;[0.9119];[-0.0381];8272.19758;100),(351653.36347;[0.96];[0.01];8343.83540;[0.9082];[-0.0418];8309.42836;100),(352249.38416;[0.95];[0.];8361.27841;[0.9003];[-0.0497];8323.65449;100),(353855.57699;[0.95];[0.];8353.36535;[0.9021];[-0.0479];8319.53782;100),(355118.95728;[0.95];[0.];8348.27328;[0.9048];[-0.0452];8315.94517;100),(356447.55554;[0.95];[0.];8347.02072;[0.9038];[-0.0462];8313.74993;100),(357675.41623;[0.95];[0.];8344.86470;[0.904];[-0.046];8312.85735;100),(359016.24537;[0.95];[0.];8344.54263;[0.9043];[-0.0457];8314.88606;100),(359260.85854;[0.95];[0.];8344.54263;[0.9043];[-0.0457];8314.88606;100),(359529.79636;[0.95];[0.];8344.54263;[0.9043];[-0.0457];8314.88606;100),(359731.13179;[0.95];[0.];8344.54263;[0.9043];[-0.0457];8314.88606;100),(359952.40140;[0.95];[0.];8344.54263;[0.9043];[-0.0457];8314.88606;100),(361447.26086;[0.96];[0.01];8343.83540;[0.9082];[-0.0418];8309.42836;100),(368637.98070;[0.79];[-0.16];8464.67686;[0.7541];[-0.1959];8510.52392;100),(372515.19585;[0.79];[-0.16];8464.67686;[0.7541];[-0.1959];8510.52392;100),(377021.33226;[0.79];[-0.16];8464.67686;[0.7541];[-0.1959];8510.52392;100),(382181.70977;[0.79];[-0.16];8464.67686;[0.7541];[-0.1959];8510.52392;100),(387576.33781;[0.79];[-0.16];8464.67686;[0.7541];[-0.1959];8510.52392;100),(387854.05016;[0.91];[-0.04];8397.87400;[0.8794];[-0.0706];8335.67423;100),(390143.57710;[0.97];[0.02];7947.58484;[0.9302];[-0.0198];7894.78316;100),(391141.54267;[0.93];[-0.02];8373.64963;[0.8977];[-0.0523];8335.30859;100),(393171.55623;[0.96];[0.01];8289.11673;[0.9119];[-0.0381];8272.19758;100),(394495.04685;[0.96];[0.01];8343.83540;[0.9082];[-0.0418];8309.42836;100),(395344.11669;[0.95];[0.];8361.27841;[0.9003];[-0.0497];8323.65449;100),(396926.42951;[0.95];[0.];8353.36535;[0.9021];[-0.0479];8319.53782;100),(398702.71802;[0.95];[0.];8348.27328;[0.9048];[-0.0452];8315.94517;100),(399901.25585;[0.95];[0.];8347.02072;[0.9038];[-0.0462];8313.74993;100),(401576.18666;[0.95];[0.];8344.86470;[0.904];[-0.046];8312.85735;100),(403230.36647;[0.95];[0.];8344.54263;[0.9043];[-0.0457];8314.88606;100),(403446.18297;[0.95];[0.];8344.54263;[0.9043];[-0.0457];8314.88606;100),(403684.05223;[0.95];[0.];8344.54263;[0.9043];[-0.0457];8314.88606;100),(403917.16099;[0.95];[0.];8344.54263;[0.9043];[-0.0457];8314.88606;100),(404136.12795;[0.95];[0.];8344.54263;[0.9043];[-0.0457];8314.88606;100),(405885.52475;[0.96];[0.01];8343.83540;[0.9082];[-0.0418];8309.42836;100),(413191.46156;[0.79];[-0.16];8464.67686;[0.7541];[-0.1959];8510.52392;100),(416950.66714;[0.79];[-0.16];8464.67686;[0.7541];[-0.1959];8510.52392;100),(420833.77242;[0.79];[-0.16];8464.67686;[0.7541];[-0.1959];8510.52392;100),(424858.98876;[0.79];[-0.16];8464.67686;[0.7541];[-0.1959];8510.52392;100),(428804.99291;[0.79];[-0.16];8464.67686;[0.7541];[-0.1959];8510.52392;100),(429119.57455;[0.91];[-0.04];8397.87400;[0.8794];[-0.0706];8335.67423;100),(431047.30701;[0.97];[0.02];7947.58484;[0.9302];[-0.0198];7894.78316;100),(432293.35546;[0.93];[-0.02];8373.64963;[0.8977];[-0.0523];8335.30859;100),(434265.46121;[0.96];[0.01];8289.11673;[0.9119];[-0.0381];8272.19758;100),(435504.78697;[0.96];[0.01];8343.83540;[0.9082];[-0.0418];8309.42836;100),(436119.51494;[0.95];[0.];8361.27841;[0.9003];[-0.0497];8323.65449;100),(437623.36683;[0.95];[0.];8353.36535;[0.9021];[-0.0479];8319.53782;100),(439161.26847;[0.95];[0.];8348.27328;[0.9048];[-0.0452];8315.94517;100),(440376.61719;[0.95];[0.];8347.02072;[0.9038];[-0.0462];8313.74993;100),(441875.91982;[0.95];[0.];8344.86470;[0.904];[-0.046];8312.85735;100),(444558.12359;[0.95];[0.];8344.54263;[0.9043];[-0.0457];8314.88606;100),(444790.42339;[0.95];[0.];8344.54263;[0.9043];[-0.0457];8314.88606;100),(445013.02671;[0.95];[0.];8344.54263;[0.9043];[-0.0457];8314.88606;100),(445209.82051;[0.95];[0.];8344.54263;[0.9043];[-0.0457];8314.88606;100),(445403.22495;[0.95];[0.];8344.54263;[0.9043];[-0.0457];8314.88606;100),(447393.18037;[0.96];[0.01];8343.83540;[0.9082];[-0.0418];8309.42836;100),(454723.36435;[0.79];[-0.16];8464.67686;[0.7541];[-0.1959];8510.52392;100),(458758.20208;[0.79];[-0.16];8464.67686;[0.7541];[-0.1959];8510.52392;100),(462709.21969;[0.79];[-0.16];8464.67686;[0.7541];[-0.1959];8510.52392;100),(467207.03030;[0.79];[-0.16];8464.67686;[0.7541];[-0.1959];8510.52392;100),(471319.43893;[0.79];[-0.16];8464.67686;[0.7541];[-0.1959];8510.52392;100),(471653.57065;[0.91];[-0.04];8397.87400;[0.8794];[-0.0706];8335.67423;100),(474006.25253;[0.97];[0.02];7947.58484;[0.9302];[-0.0198];7894.78316;100),(475146.41881;[0.93];[-0.02];8373.64963;[0.8977];[-0.0523];8335.30859;100),(477203.98211;[0.96];[0.01];8289.11673;[0.9119];[-0.0381];8272.19758;100),(478320.41454;[0.96];[0.01];8343.83540;[0.9082];[-0.0418];8309.42836;100),(478906.09097;[0.95];[0.];8361.27841;[0.9003];[-0.0497];8323.65449;100),(480193.06874;[0.95];[0.];8353.36535;[0.9021];[-0.0479];8319.53782;100),(481781.91161;[0.95];[0.];8348.27328;[0.9048];[-0.0452];8315.94517;100),(483271.84820;[0.95];[0.];8347.02072;[0.9038];[-0.0462];8313.74993;100),(484651.21818;[0.95];[0.];8344.86470;[0.904];[-0.046];8312.85735;100),(486388.90219;[0.95];[0.];8344.54263;[0.9043];[-0.0457];8314.88606;100),(486599.58148;[0.95];[0.];8344.54263;[0.9043];[-0.0457];8314.88606;100),(486821.34533;[0.95];[0.];8344.54263;[0.9043];[-0.0457];8314.88606;100),(487043.81561;[0.95];[0.];8344.54263;[0.9043];[-0.0457];8314.88606;100),(487309.01480;[0.95];[0.];8344.54263;[0.9043];[-0.0457];8314.88606;100),(488811.25975;[0.96];[0.01];8343.83540;[0.9082];[-0.0418];8309.42836;100),(495774.90163;[0.79];[-0.16];8464.67686;[0.7541];[-0.1959];8510.52392;100),(499723.32788;[0.79];[-0.16];8464.67686;[0.7541];[-0.1959];8510.52392;100),(503598.16694;[0.79];[-0.16];8464.67686;[0.7541];[-0.1959];8510.52392;100),(507563.90214;[0.79];[-0.16];8464.67686;[0.7541];[-0.1959];8510.52392;100),(511078.19366;[0.79];[-0.16];8464.67686;[0.7541];[-0.1959];8510.52392;100),(511325.59752;[0.91];[-0.04];8397.87400;[0.8794];[-0.0706];8335.67423;100),(513312.03461;[0.97];[0.02];7947.58484;[0.9302];[-0.0198];7894.78316;100),(514226.44377;[0.93];[-0.02];8373.64963;[0.8977];[-0.0523];8335.30859;100),(516150.06685;[0.96];[0.01];8289.11673;[0.9119];[-0.0381];8272.19758;100),(517303.66683;[0.96];[0.01];8343.83540;[0.9082];[-0.0418];8309.42836;100),(517882.28011;[0.95];[0.];8361.27841;[0.9003];[-0.0497];8323.65449;100),(519382.43127;[0.95];[0.];8353.36535;[0.9021];[-0.0479];8319.53782;100),(520650.12598;[0.95];[0.];8348.27328;[0.9048];[-0.0452];8315.94517;100),(521824.71275;[0.95];[0.];8347.02072;[0.9038];[-0.0462];8313.74993;100),(523230.21579;[0.95];[0.];8344.86470;[0.904];[-0.046];8312.85735;100),(524668.62369;[0.95];[0.];8344.54263;[0.9043];[-0.0457];8314.88606;100),(524875.27680;[0.95];[0.];8344.54263;[0.9043];[-0.0457];8314.88606;100),(525093.12654;[0.95];[0.];8344.54263;[0.9043];[-0.0457];8314.88606;100),(525355.94177;[0.95];[0.];8344.54263;[0.9043];[-0.0457];8314.88606;100),(525569.03839;[0.95];[0.];8344.54263;[0.9043];[-0.0457];8314.88606;100),(527145.57600;[0.96];[0.01];8343.83540;[0.9082];[-0.0418];8309.42836;100),(534408.82277;[0.79];[-0.16];8464.67686;[0.7541];[-0.1959];8510.52392;100),(538083.81081;[0.79];[-0.16];8464.67686;[0.7541];[-0.1959];8510.52392;100),(542233.03080;[0.79];[-0.16];8464.67686;[0.7541];[-0.1959];8510.52392;100),(545958.05359;[0.79];[-0.16];8464.67686;[0.7541];[-0.1959];8510.52392;100),(549870.56565;[0.79];[-0.16];8464.67686;[0.7541];[-0.1959];8510.52392;100),(550158.88715;[0.91];[-0.04];8397.87400;[0.8794];[-0.0706];8335.67423;100),(552005.38874;[0.97];[0.02];7947.58484;[0.9302];[-0.0198];7894.78316;100),(552883.09932;[0.93];[-0.02];8373.64963;[0.8977];[-0.0523];8335.30859;100),(554647.17126;[0.96];[0.01];8289.11673;[0.9119];[-0.0381];8272.19758;100),(555756.06370;[0.96];[0.01];8343.83540;[0.9082];[-0.0418];8309.42836;100),(556332.19266;[0.95];[0.];8361.27841;[0.9003];[-0.0497];8323.65449;100),(557686.10573;[0.95];[0.];8353.36535;[0.9021];[-0.0479];8319.53782;100),(558926.02205;[0.95];[0.];8348.27328;[0.9048];[-0.0452];8315.94517;100),(560202.92044;[0.95];[0.];8347.02072;[0.9038];[-0.0462];8313.74993;100),(561544.85154;[0.95];[0.];8344.86470;[0.904];[-0.046];8312.85735;100),(563042.19818;[0.95];[0.];8344.54263;[0.9043];[-0.0457];8314.88606;100),(563271.87204;[0.95];[0.];8344.54263;[0.9043];[-0.0457];8314.88606;100),(563476.58992;[0.95];[0.];8344.54263;[0.9043];[-0.0457];8314.88606;100),(563675.39525;[0.95];[0.];8344.54263;[0.9043];[-0.0457];8314.88606;100),(563891.57557;[0.95];[0.];8344.54263;[0.9043];[-0.0457];8314.88606;100),(565557.49345;[0.96];[0.01];8343.83540;[0.9082];[-0.0418];8309.42836;100),(572488.62767;[0.79];[-0.16];8464.67686;[0.7541];[-0.1959];8510.52392;100),(576166.55564;[0.79];[-0.16];8464.67686;[0.7541];[-0.1959];8510.52392;100),(579842.53860;[0.79];[-0.16];8464.67686;[0.7541];[-0.1959];8510.52392;100),(583317.06429;[0.79];[-0.16];8464.67686;[0.7541];[-0.1959];8510.52392;100),(587044.66701;[0.79];[-0.16];8464.67686;[0.7541];[-0.1959];8510.52392;100),(587332.13210;[0.91];[-0.04];8397.87400;[0.8794];[-0.0706];8335.67423;100),(589558.68340;[0.97];[0.02];7947.58484;[0.9302];[-0.0198];7894.78316;100),(590533.99777;[0.93];[-0.02];8373.64963;[0.8977];[-0.0523];8335.30859;100),(592303.34353;[0.96];[0.01];8289.11673;[0.9119];[-0.0381];8272.19758;100),(593435.19974;[0.96];[0.01];8343.83540;[0.9082];[-0.0418];8309.42836;100),(594286.49402;[0.95];[0.];8361.27841;[0.9003];[-0.0497];8323.65449;100),(595661.10349;[0.95];[0.];8353.36535;[0.9021];[-0.0479];8319.53782;100),(596943.70484;[0.95];[0.];8348.27328;[0.9048];[-0.0452];8315.94517;100),(598510.46276;[0.95];[0.];8347.02072;[0.9038];[-0.0462];8313.74993;100),(599975.44718;[0.95];[0.];8344.86470;[0.904];[-0.046];8312.85735;100)]"
3,8,8367.422581159091,[0.8953],[-0.0547],600302.8540611267,"[(870.86940;[0.48];[-0.47];9464.71307;[0.4833];[-0.4667];8275.84181;100),(7898.99230;[0.48];[-0.47];9464.49014;[0.4833];[-0.4667];8275.64796;100),(11578.73321;[0.48];[-0.47];9464.49014;[0.4833];[-0.4667];8275.64796;100),(16002.03228;[0.48];[-0.47];9464.49014;[0.4833];[-0.4667];8275.64796;100),(19505.54776;[0.48];[-0.47];9464.49014;[0.4833];[-0.4667];8275.64796;100),(24080.50871;[0.48];[-0.47];9464.49014;[0.4833];[-0.4667];8275.64796;100),(24626.00946;[0.77];[-0.18];9193.30763;[0.7451];[-0.2049];8448.34654;100),(25035.51054;[0.87];[-0.08];8881.04997;[0.8581];[-0.0919];8357.56427;100),(26149.08314;[0.96];[0.01];8491.77545;[0.8929];[-0.0571];8068.39230;100),(27769.69409;[0.94];[-0.01];8845.88162;[0.8911];[-0.0589];8379.64189;100),(29147.12048;[0.96];[0.01];8770.57252;[0.8996];[-0.0504];8330.03447;100),(30991.53709;[0.96];[0.01];8816.42787;[0.8994];[-0.0506];8365.45803;100),(32091.06183;[0.94];[-0.01];8831.91789;[0.8925];[-0.0575];8369.95537;100),(33494.32826;[0.95];[0.];8824.77540;[0.8953];[-0.0547];8367.42258;100),(34716.19749;[0.94];[-0.01];8821.28371;[0.8934];[-0.0566];8362.22935;100),(36312.36386;[0.96];[0.01];8817.62395;[0.8967];[-0.0533];8363.16505;100),(36719.08665;[0.96];[0.01];8819.47139;[0.8982];[-0.0518];8367.11918;100),(37191.64515;[0.94];[-0.01];8819.74866;[0.8935];[-0.0565];8361.04633;100),(38377.90108;[0.96];[0.01];8819.52836;[0.8964];[-0.0536];8364.36355;100),(38921.28301;[0.96];[0.01];8819.52836;[0.8964];[-0.0536];8364.36355;100),(39447.44372;[0.96];[0.01];8819.52836;[0.8964];[-0.0536];8364.36355;100),(39832.06177;[0.94];[-0.01];8819.74866;[0.8935];[-0.0565];8361.04633;100),(41232.31006;[0.94];[-0.01];8819.59342;[0.8935];[-0.0565];8360.73976;100),(48700.92750;[0.48];[-0.47];9464.49014;[0.4833];[-0.4667];8275.64796;100),(53855.43799;[0.48];[-0.47];9464.49014;[0.4833];[-0.4667];8275.64796;100),(58048.70653;[0.48];[-0.47];9464.49014;[0.4833];[-0.4667];8275.64796;100),(62631.70528;[0.48];[-0.47];9464.49014;[0.4833];[-0.4667];8275.64796;100),(66842.62729;[0.48];[-0.47];9464.49014;[0.4833];[-0.4667];8275.64796;100),(67404.78492;[0.77];[-0.18];9193.30763;[0.7451];[-0.2049];8448.34654;100),(67832.63969;[0.87];[-0.08];8881.04997;[0.8581];[-0.0919];8357.56427;100),(69533.28204;[0.96];[0.01];8491.77545;[0.8929];[-0.0571];8068.39230;100),(71286.11374;[0.94];[-0.01];8845.88162;[0.8911];[-0.0589];8379.64189;100),(72681.26798;[0.96];[0.01];8770.57252;[0.8996];[-0.0504];8330.03447;100),(74732.61786;[0.96];[0.01];8816.42787;[0.8994];[-0.0506];8365.45803;100),(75994.89713;[0.94];[-0.01];8831.91789;[0.8925];[-0.0575];8369.95537;100),(77100.76761;[0.95];[0.];8824.77540;[0.8953];[-0.0547];8367.42258;100),(78688.34281;[0.94];[-0.01];8821.28371;[0.8934];[-0.0566];8362.22935;100),(80390.05852;[0.96];[0.01];8817.62395;[0.8967];[-0.0533];8363.16505;100),(80971.38238;[0.96];[0.01];8819.47139;[0.8982];[-0.0518];8367.11918;100),(81795.13311;[0.94];[-0.01];8819.74866;[0.8935];[-0.0565];8361.04633;100),(83395.43581;[0.96];[0.01];8819.52836;[0.8964];[-0.0536];8364.36355;100),(84127.65336;[0.96];[0.01];8819.52836;[0.8964];[-0.0536];8364.36355;100),(84822.04080;[0.96];[0.01];8819.52836;[0.8964];[-0.0536];8364.36355;100),(85220.43800;[0.94];[-0.01];8819.74866;[0.8935];[-0.0565];8361.04633;100),(86405.75910;[0.94];[-0.01];8819.59342;[0.8935];[-0.0565];8360.73976;100),(94714.97774;[0.48];[-0.47];9464.49014;[0.4833];[-0.4667];8275.64796;100),(99280.87187;[0.48];[-0.47];9464.49014;[0.4833];[-0.4667];8275.64796;100),(103831.20370;[0.48];[-0.47];9464.49014;[0.4833];[-0.4667];8275.64796;100),(107751.15919;[0.48];[-0.47];9464.49014;[0.4833];[-0.4667];8275.64796;100),(111433.62284;[0.48];[-0.47];9464.49014;[0.4833];[-0.4667];8275.64796;100),(111720.52956;[0.77];[-0.18];9193.30763;[0.7451];[-0.2049];8448.34654;100),(112294.30580;[0.87];[-0.08];8881.04997;[0.8581];[-0.0919];8357.56427;100),(113400.31219;[0.96];[0.01];8491.77545;[0.8929];[-0.0571];8068.39230;100),(114482.38230;[0.94];[-0.01];8845.88162;[0.8911];[-0.0589];8379.64189;100),(115929.49033;[0.96];[0.01];8770.57252;[0.8996];[-0.0504];8330.03447;100),(117460.57558;[0.96];[0.01];8816.42787;[0.8994];[-0.0506];8365.45803;100),(118452.44455;[0.94];[-0.01];8831.91789;[0.8925];[-0.0575];8369.95537;100),(119886.51037;[0.95];[0.];8824.77540;[0.8953];[-0.0547];8367.42258;100),(120846.56096;[0.94];[-0.01];8821.28371;[0.8934];[-0.0566];8362.22935;100),(123049.63350;[0.96];[0.01];8817.62395;[0.8967];[-0.0533];8363.16505;100),(123464.18405;[0.96];[0.01];8819.47139;[0.8982];[-0.0518];8367.11918;100),(123856.88519;[0.94];[-0.01];8819.74866;[0.8935];[-0.0565];8361.04633;100),(125568.95518;[0.96];[0.01];8819.52836;[0.8964];[-0.0536];8364.36355;100),(126203.94588;[0.96];[0.01];8819.52836;[0.8964];[-0.0536];8364.36355;100),(126880.37133;[0.96];[0.01];8819.52836;[0.8964];[-0.0536];8364.36355;100),(127260.02431;[0.94];[-0.01];8819.74866;[0.8935];[-0.0565];8361.04633;100),(129268.28599;[0.94];[-0.01];8819.59342;[0.8935];[-0.0565];8360.73976;100),(137656.21758;[0.48];[-0.47];9464.49014;[0.4833];[-0.4667];8275.64796;100),(141888.45158;[0.48];[-0.47];9464.49014;[0.4833];[-0.4667];8275.64796;100),(146712.34894;[0.48];[-0.47];9464.49014;[0.4833];[-0.4667];8275.64796;100),(152071.46764;[0.48];[-0.47];9464.49014;[0.4833];[-0.4667];8275.64796;100),(155638.09848;[0.48];[-0.47];9464.49014;[0.4833];[-0.4667];8275.64796;100),(156036.10516;[0.77];[-0.18];9193.30763;[0.7451];[-0.2049];8448.34654;100),(156511.96051;[0.87];[-0.08];8881.04997;[0.8581];[-0.0919];8357.56427;100),(157905.23005;[0.96];[0.01];8491.77545;[0.8929];[-0.0571];8068.39230;100),(159212.66818;[0.94];[-0.01];8845.88162;[0.8911];[-0.0589];8379.64189;100),(160958.73976;[0.96];[0.01];8770.57252;[0.8996];[-0.0504];8330.03447;100),(162929.52800;[0.96];[0.01];8816.42787;[0.8994];[-0.0506];8365.45803;100),(164004.71640;[0.94];[-0.01];8831.91789;[0.8925];[-0.0575];8369.95537;100),(166155.01142;[0.95];[0.];8824.77540;[0.8953];[-0.0547];8367.42258;100),(167525.56729;[0.94];[-0.01];8821.28371;[0.8934];[-0.0566];8362.22935;100),(169808.69222;[0.96];[0.01];8817.62395;[0.8967];[-0.0533];8363.16505;100),(170229.62785;[0.96];[0.01];8819.47139;[0.8982];[-0.0518];8367.11918;100),(170647.44377;[0.94];[-0.01];8819.74866;[0.8935];[-0.0565];8361.04633;100),(172512.51030;[0.96];[0.01];8819.52836;[0.8964];[-0.0536];8364.36355;100),(173017.05623;[0.96];[0.01];8819.52836;[0.8964];[-0.0536];8364.36355;100),(173534.68442;[0.96];[0.01];8819.52836;[0.8964];[-0.0536];8364.36355;100),(173974.64538;[0.94];[-0.01];8819.74866;[0.8935];[-0.0565];8361.04633;100),(175884.28307;[0.94];[-0.01];8819.59342;[0.8935];[-0.0565];8360.73976;100),(184357.86343;[0.48];[-0.47];9464.49014;[0.4833];[-0.4667];8275.64796;100),(187752.73204;[0.48];[-0.47];9464.49014;[0.4833];[-0.4667];8275.64796;100),(191210.29305;[0.48];[-0.47];9464.49014;[0.4833];[-0.4667];8275.64796;100),(195294.95311;[0.48];[-0.47];9464.49014;[0.4833];[-0.4667];8275.64796;100),(199606.36950;[0.48];[-0.47];9464.49014;[0.4833];[-0.4667];8275.64796;100),(199893.49198;[0.77];[-0.18];9193.30763;[0.7451];[-0.2049];8448.34654;100),(200750.40150;[0.87];[-0.08];8881.04997;[0.8581];[-0.0919];8357.56427;100),(201964.39385;[0.96];[0.01];8491.77545;[0.8929];[-0.0571];8068.39230;100),(203390.90276;[0.94];[-0.01];8845.88162;[0.8911];[-0.0589];8379.64189;100),(205600.74139;[0.96];[0.01];8770.57252;[0.8996];[-0.0504];8330.03447;100),(207871.31143;[0.96];[0.01];8816.42787;[0.8994];[-0.0506];8365.45803;100),(209276.27802;[0.94];[-0.01];8831.91789;[0.8925];[-0.0575];8369.95537;100),(210845.87526;[0.95];[0.];8824.77540;[0.8953];[-0.0547];8367.42258;100),(212177.94943;[0.94];[-0.01];8821.28371;[0.8934];[-0.0566];8362.22935;100),(214479.96831;[0.96];[0.01];8817.62395;[0.8967];[-0.0533];8363.16505;100),(214871.91939;[0.96];[0.01];8819.47139;[0.8982];[-0.0518];8367.11918;100),(215616.07289;[0.94];[-0.01];8819.74866;[0.8935];[-0.0565];8361.04633;100),(216821.42282;[0.96];[0.01];8819.52836;[0.8964];[-0.0536];8364.36355;100),(217315.93132;[0.96];[0.01];8819.52836;[0.8964];[-0.0536];8364.36355;100),(217944.52477;[0.96];[0.01];8819.52836;[0.8964];[-0.0536];8364.36355;100),(218588.93323;[0.94];[-0.01];8819.74866;[0.8935];[-0.0565];8361.04633;100),(220018.26763;[0.94];[-0.01];8819.59342;[0.8935];[-0.0565];8360.73976;100),(229178.66778;[0.48];[-0.47];9464.49014;[0.4833];[-0.4667];8275.64796;100),(233503.45540;[0.48];[-0.47];9464.49014;[0.4833];[-0.4667];8275.64796;100),(237620.33153;[0.48];[-0.47];9464.49014;[0.4833];[-0.4667];8275.64796;100),(241556.95176;[0.48];[-0.47];9464.49014;[0.4833];[-0.4667];8275.64796;100),(245909.12604;[0.48];[-0.47];9464.49014;[0.4833];[-0.4667];8275.64796;100),(246224.98274;[0.77];[-0.18];9193.30763;[0.7451];[-0.2049];8448.34654;100),(246775.86865;[0.87];[-0.08];8881.04997;[0.8581];[-0.0919];8357.56427;100),(248197.60990;[0.96];[0.01];8491.77545;[0.8929];[-0.0571];8068.39230;100),(249325.58441;[0.94];[-0.01];8845.88162;[0.8911];[-0.0589];8379.64189;100),(251232.80931;[0.96];[0.01];8770.57252;[0.8996];[-0.0504];8330.03447;100),(252990.42416;[0.96];[0.01];8816.42787;[0.8994];[-0.0506];8365.45803;100),(254475.23427;[0.94];[-0.01];8831.91789;[0.8925];[-0.0575];8369.95537;100),(255710.06346;[0.95];[0.];8824.77540;[0.8953];[-0.0547];8367.42258;100),(257375.23007;[0.94];[-0.01];8821.28371;[0.8934];[-0.0566];8362.22935;100),(259139.88853;[0.96];[0.01];8817.62395;[0.8967];[-0.0533];8363.16505;100),(259576.64609;[0.96];[0.01];8819.47139;[0.8982];[-0.0518];8367.11918;100),(260089.83469;[0.94];[-0.01];8819.74866;[0.8935];[-0.0565];8361.04633;100),(261151.32666;[0.96];[0.01];8819.52836;[0.8964];[-0.0536];8364.36355;100),(261626.52016;[0.96];[0.01];8819.52836;[0.8964];[-0.0536];8364.36355;100),(262165.12966;[0.96];[0.01];8819.52836;[0.8964];[-0.0536];8364.36355;100),(262607.32460;[0.94];[-0.01];8819.74866;[0.8935];[-0.0565];8361.04633;100),(264752.27690;[0.94];[-0.01];8819.59342;[0.8935];[-0.0565];8360.73976;100),(272118.96086;[0.48];[-0.47];9464.49014;[0.4833];[-0.4667];8275.64796;100),(276011.23238;[0.48];[-0.47];9464.49014;[0.4833];[-0.4667];8275.64796;100),(279978.91164;[0.48];[-0.47];9464.49014;[0.4833];[-0.4667];8275.64796;100),(284675.01569;[0.48];[-0.47];9464.49014;[0.4833];[-0.4667];8275.64796;100),(288276.88742;[0.48];[-0.47];9464.49014;[0.4833];[-0.4667];8275.64796;100),(288562.11281;[0.77];[-0.18];9193.30763;[0.7451];[-0.2049];8448.34654;100),(288994.34733;[0.87];[-0.08];8881.04997;[0.8581];[-0.0919];8357.56427;100),(290442.91186;[0.96];[0.01];8491.77545;[0.8929];[-0.0571];8068.39230;100),(291909.85274;[0.94];[-0.01];8845.88162;[0.8911];[-0.0589];8379.64189;100),(293945.81699;[0.96];[0.01];8770.57252;[0.8996];[-0.0504];8330.03447;100),(295961.75098;[0.96];[0.01];8816.42787;[0.8994];[-0.0506];8365.45803;100),(297069.90099;[0.94];[-0.01];8831.91789;[0.8925];[-0.0575];8369.95537;100),(298672.71090;[0.95];[0.];8824.77540;[0.8953];[-0.0547];8367.42258;100),(300006.21033;[0.94];[-0.01];8821.28371;[0.8934];[-0.0566];8362.22935;100),(301779.00505;[0.96];[0.01];8817.62395;[0.8967];[-0.0533];8363.16505;100),(302385.23984;[0.96];[0.01];8819.47139;[0.8982];[-0.0518];8367.11918;100),(303024.56546;[0.94];[-0.01];8819.74866;[0.8935];[-0.0565];8361.04633;100),(304205.57618;[0.96];[0.01];8819.52836;[0.8964];[-0.0536];8364.36355;100),(304761.28054;[0.96];[0.01];8819.52836;[0.8964];[-0.0536];8364.36355;100),(305396.54946;[0.96];[0.01];8819.52836;[0.8964];[-0.0536];8364.36355;100),(305880.52011;[0.94];[-0.01];8819.74866;[0.8935];[-0.0565];8361.04633;100),(307095.09659;[0.94];[-0.01];8819.59342;[0.8935];[-0.0565];8360.73976;100),(315384.67097;[0.48];[-0.47];9464.49014;[0.4833];[-0.4667];8275.64796;100),(319922.25742;[0.48];[-0.47];9464.49014;[0.4833];[-0.4667];8275.64796;100),(324393.85796;[0.48];[-0.47];9464.49014;[0.4833];[-0.4667];8275.64796;100),(328855.82757;[0.48];[-0.47];9464.49014;[0.4833];[-0.4667];8275.64796;100),(333945.46437;[0.48];[-0.47];9464.49014;[0.4833];[-0.4667];8275.64796;100),(334422.22428;[0.77];[-0.18];9193.30763;[0.7451];[-0.2049];8448.34654;100),(335024.52850;[0.87];[-0.08];8881.04997;[0.8581];[-0.0919];8357.56427;100),(336496.84501;[0.96];[0.01];8491.77545;[0.8929];[-0.0571];8068.39230;100),(337482.58567;[0.94];[-0.01];8845.88162;[0.8911];[-0.0589];8379.64189;100),(339121.80209;[0.96];[0.01];8770.57252;[0.8996];[-0.0504];8330.03447;100),(340723.35362;[0.96];[0.01];8816.42787;[0.8994];[-0.0506];8365.45803;100),(341856.18806;[0.94];[-0.01];8831.91789;[0.8925];[-0.0575];8369.95537;100),(343181.12588;[0.95];[0.];8824.77540;[0.8953];[-0.0547];8367.42258;100),(344231.07076;[0.94];[-0.01];8821.28371;[0.8934];[-0.0566];8362.22935;100),(345786.11088;[0.96];[0.01];8817.62395;[0.8967];[-0.0533];8363.16505;100),(346193.79187;[0.96];[0.01];8819.47139;[0.8982];[-0.0518];8367.11918;100),(346659.58142;[0.94];[-0.01];8819.74866;[0.8935];[-0.0565];8361.04633;100),(347806.82588;[0.96];[0.01];8819.52836;[0.8964];[-0.0536];8364.36355;100),(348325.39582;[0.96];[0.01];8819.52836;[0.8964];[-0.0536];8364.36355;100),(348826.25079;[0.96];[0.01];8819.52836;[0.8964];[-0.0536];8364.36355;100),(349200.50907;[0.94];[-0.01];8819.74866;[0.8935];[-0.0565];8361.04633;100),(350386.00183;[0.94];[-0.01];8819.59342;[0.8935];[-0.0565];8360.73976;100),(358169.34252;[0.48];[-0.47];9464.49014;[0.4833];[-0.4667];8275.64796;100),(363451.53022;[0.48];[-0.47];9464.49014;[0.4833];[-0.4667];8275.64796;100),(367676.50914;[0.48];[-0.47];9464.49014;[0.4833];[-0.4667];8275.64796;100),(371867.01298;[0.48];[-0.47];9464.49014;[0.4833];[-0.4667];8275.64796;100),(376514.17685;[0.48];[-0.47];9464.49014;[0.4833];[-0.4667];8275.64796;100),(376960.39677;[0.77];[-0.18];9193.30763;[0.7451];[-0.2049];8448.34654;100),(377558.99525;[0.87];[-0.08];8881.04997;[0.8581];[-0.0919];8357.56427;100),(378774.71328;[0.96];[0.01];8491.77545;[0.8929];[-0.0571];8068.39230;100),(380188.47823;[0.94];[-0.01];8845.88162;[0.8911];[-0.0589];8379.64189;100),(382285.57253;[0.96];[0.01];8770.57252;[0.8996];[-0.0504];8330.03447;100),(383913.31506;[0.96];[0.01];8816.42787;[0.8994];[-0.0506];8365.45803;100),(385081.71916;[0.94];[-0.01];8831.91789;[0.8925];[-0.0575];8369.95537;100),(387050.71831;[0.95];[0.];8824.77540;[0.8953];[-0.0547];8367.42258;100),(388192.47842;[0.94];[-0.01];8821.28371;[0.8934];[-0.0566];8362.22935;100),(390552.13547;[0.96];[0.01];8817.62395;[0.8967];[-0.0533];8363.16505;100),(390975.87562;[0.96];[0.01];8819.47139;[0.8982];[-0.0518];8367.11918;100),(391459.87844;[0.94];[-0.01];8819.74866;[0.8935];[-0.0565];8361.04633;100),(393089.38026;[0.96];[0.01];8819.52836;[0.8964];[-0.0536];8364.36355;100),(393626.54901;[0.96];[0.01];8819.52836;[0.8964];[-0.0536];8364.36355;100),(394297.07336;[0.96];[0.01];8819.52836;[0.8964];[-0.0536];8364.36355;100),(394742.57803;[0.94];[-0.01];8819.74866;[0.8935];[-0.0565];8361.04633;100),(396503.46947;[0.94];[-0.01];8819.59342;[0.8935];[-0.0565];8360.73976;100),(405245.45431;[0.48];[-0.47];9464.49014;[0.4833];[-0.4667];8275.64796;100),(409246.08994;[0.48];[-0.47];9464.49014;[0.4833];[-0.4667];8275.64796;100),(413706.27999;[0.48];[-0.47];9464.49014;[0.4833];[-0.4667];8275.64796;100),(417572.35312;[0.48];[-0.47];9464.49014;[0.4833];[-0.4667];8275.64796;100),(421107.53465;[0.48];[-0.47];9464.49014;[0.4833];[-0.4667];8275.64796;100),(421385.37359;[0.77];[-0.18];9193.30763;[0.7451];[-0.2049];8448.34654;100),(421769.02318;[0.87];[-0.08];8881.04997;[0.8581];[-0.0919];8357.56427;100),(423175.14420;[0.96];[0.01];8491.77545;[0.8929];[-0.0571];8068.39230;100),(424754.48465;[0.94];[-0.01];8845.88162;[0.8911];[-0.0589];8379.64189;100),(426203.87030;[0.96];[0.01];8770.57252;[0.8996];[-0.0504];8330.03447;100),(427776.71194;[0.96];[0.01];8816.42787;[0.8994];[-0.0506];8365.45803;100),(428806.06031;[0.94];[-0.01];8831.91789;[0.8925];[-0.0575];8369.95537;100),(429911.28254;[0.95];[0.];8824.77540;[0.8953];[-0.0547];8367.42258;100),(430913.83028;[0.94];[-0.01];8821.28371;[0.8934];[-0.0566];8362.22935;100),(432726.93205;[0.96];[0.01];8817.62395;[0.8967];[-0.0533];8363.16505;100),(433269.38963;[0.96];[0.01];8819.47139;[0.8982];[-0.0518];8367.11918;100),(433810.64343;[0.94];[-0.01];8819.74866;[0.8935];[-0.0565];8361.04633;100),(435519.38272;[0.96];[0.01];8819.52836;[0.8964];[-0.0536];8364.36355;100),(436085.40583;[0.96];[0.01];8819.52836;[0.8964];[-0.0536];8364.36355;100),(436579.72383;[0.96];[0.01];8819.52836;[0.8964];[-0.0536];8364.36355;100),(437247.23625;[0.94];[-0.01];8819.74866;[0.8935];[-0.0565];8361.04633;100),(438771.09694;[0.94];[-0.01];8819.59342;[0.8935];[-0.0565];8360.73976;100),(447072.39151;[0.48];[-0.47];9464.49014;[0.4833];[-0.4667];8275.64796;100),(451538.61856;[0.48];[-0.47];9464.49014;[0.4833];[-0.4667];8275.64796;100),(455514.48298;[0.48];[-0.47];9464.49014;[0.4833];[-0.4667];8275.64796;100),(460115.85355;[0.48];[-0.47];9464.49014;[0.4833];[-0.4667];8275.64796;100),(464548.51747;[0.48];[-0.47];9464.49014;[0.4833];[-0.4667];8275.64796;100),(464993.87074;[0.77];[-0.18];9193.30763;[0.7451];[-0.2049];8448.34654;100),(465848.05799;[0.87];[-0.08];8881.04997;[0.8581];[-0.0919];8357.56427;100),(467287.11462;[0.96];[0.01];8491.77545;[0.8929];[-0.0571];8068.39230;100),(468452.85368;[0.94];[-0.01];8845.88162;[0.8911];[-0.0589];8379.64189;100),(470574.38970;[0.96];[0.01];8770.57252;[0.8996];[-0.0504];8330.03447;100),(472245.88871;[0.96];[0.01];8816.42787;[0.8994];[-0.0506];8365.45803;100),(474023.12446;[0.94];[-0.01];8831.91789;[0.8925];[-0.0575];8369.95537;100),(476036.13377;[0.95];[0.];8824.77540;[0.8953];[-0.0547];8367.42258;100),(477995.55230;[0.94];[-0.01];8821.28371;[0.8934];[-0.0566];8362.22935;100),(479684.30996;[0.96];[0.01];8817.62395;[0.8967];[-0.0533];8363.16505;100),(480218.04428;[0.96];[0.01];8819.47139;[0.8982];[-0.0518];8367.11918;100),(480794.80815;[0.94];[-0.01];8819.74866;[0.8935];[-0.0565];8361.04633;100),(482071.95568;[0.96];[0.01];8819.52836;[0.8964];[-0.0536];8364.36355;100),(482928.34425;[0.96];[0.01];8819.52836;[0.8964];[-0.0536];8364.36355;100),(483439.01086;[0.96];[0.01];8819.52836;[0.8964];[-0.0536];8364.36355;100),(483815.92464;[0.94];[-0.01];8819.74866;[0.8935];[-0.0565];8361.04633;100),(485544.27886;[0.94];[-0.01];8819.59342;[0.8935];[-0.0565];8360.73976;100),(492433.61831;[0.48];[-0.47];9464.49014;[0.4833];[-0.4667];8275.64796;100),(495862.46300;[0.48];[-0.47];9464.49014;[0.4833];[-0.4667];8275.64796;100),(499814.62049;[0.48];[-0.47];9464.49014;[0.4833];[-0.4667];8275.64796;100),(503626.67012;[0.48];[-0.47];9464.49014;[0.4833];[-0.4667];8275.64796;100),(507523.38815;[0.48];[-0.47];9464.49014;[0.4833];[-0.4667];8275.64796;100),(507912.88614;[0.77];[-0.18];9193.30763;[0.7451];[-0.2049];8448.34654;100),(508342.12327;[0.87];[-0.08];8881.04997;[0.8581];[-0.0919];8357.56427;100),(509913.82313;[0.96];[0.01];8491.77545;[0.8929];[-0.0571];8068.39230;100),(511615.41939;[0.94];[-0.01];8845.88162;[0.8911];[-0.0589];8379.64189;100),(513722.89586;[0.96];[0.01];8770.57252;[0.8996];[-0.0504];8330.03447;100),(515695.50753;[0.96];[0.01];8816.42787;[0.8994];[-0.0506];8365.45803;100),(516732.85508;[0.94];[-0.01];8831.91789;[0.8925];[-0.0575];8369.95537;100),(517960.68406;[0.95];[0.];8824.77540;[0.8953];[-0.0547];8367.42258;100),(519037.92048;[0.94];[-0.01];8821.28371;[0.8934];[-0.0566];8362.22935;100),(521669.81268;[0.96];[0.01];8817.62395;[0.8967];[-0.0533];8363.16505;100),(522070.45269;[0.96];[0.01];8819.47139;[0.8982];[-0.0518];8367.11918;100),(522488.98268;[0.94];[-0.01];8819.74866;[0.8935];[-0.0565];8361.04633;100),(523760.10013;[0.96];[0.01];8819.52836;[0.8964];[-0.0536];8364.36355;100),(524262.26234;[0.96];[0.01];8819.52836;[0.8964];[-0.0536];8364.36355;100),(524761.88517;[0.96];[0.01];8819.52836;[0.8964];[-0.0536];8364.36355;100),(525215.62076;[0.94];[-0.01];8819.74866;[0.8935];[-0.0565];8361.04633;100),(526539.21151;[0.94];[-0.01];8819.59342;[0.8935];[-0.0565];8360.73976;100),(534418.55264;[0.48];[-0.47];9464.49014;[0.4833];[-0.4667];8275.64796;100),(538377.67386;[0.48];[-0.47];9464.49014;[0.4833];[-0.4667];8275.64796;100),(542085.33669;[0.48];[-0.47];9464.49014;[0.4833];[-0.4667];8275.64796;100),(545531.79121;[0.48];[-0.47];9464.49014;[0.4833];[-0.4667];8275.64796;100),(549411.13782;[0.48];[-0.47];9464.49014;[0.4833];[-0.4667];8275.64796;100),(549721.69662;[0.77];[-0.18];9193.30763;[0.7451];[-0.2049];8448.34654;100),(550423.58375;[0.87];[-0.08];8881.04997;[0.8581];[-0.0919];8357.56427;100),(551599.34354;[0.96];[0.01];8491.77545;[0.8929];[-0.0571];8068.39230;100),(553033.73122;[0.94];[-0.01];8845.88162;[0.8911];[-0.0589];8379.64189;100),(554778.93901;[0.96];[0.01];8770.57252;[0.8996];[-0.0504];8330.03447;100),(556681.00381;[0.96];[0.01];8816.42787;[0.8994];[-0.0506];8365.45803;100),(557725.61145;[0.94];[-0.01];8831.91789;[0.8925];[-0.0575];8369.95537;100),(559128.04055;[0.95];[0.];8824.77540;[0.8953];[-0.0547];8367.42258;100),(560113.61122;[0.94];[-0.01];8821.28371;[0.8934];[-0.0566];8362.22935;100),(561963.81426;[0.96];[0.01];8817.62395;[0.8967];[-0.0533];8363.16505;100),(562437.75606;[0.96];[0.01];8819.47139;[0.8982];[-0.0518];8367.11918;100),(562870.44430;[0.94];[-0.01];8819.74866;[0.8935];[-0.0565];8361.04633;100),(564285.14624;[0.96];[0.01];8819.52836;[0.8964];[-0.0536];8364.36355;100),(564816.37549;[0.96];[0.01];8819.52836;[0.8964];[-0.0536];8364.36355;100),(565313.79080;[0.96];[0.01];8819.52836;[0.8964];[-0.0536];8364.36355;100),(565686.26380;[0.94];[-0.01];8819.74866;[0.8935];[-0.0565];8361.04633;100),(567093.45865;[0.94];[-0.01];8819.59342;[0.8935];[-0.0565];8360.73976;100),(576624.22919;[0.48];[-0.47];9464.49014;[0.4833];[-0.4667];8275.64796;100),(580829.75149;[0.48];[-0.47];9464.49014;[0.4833];[-0.4667];8275.64796;100),(584739.10356;[0.48];[-0.47];9464.49014;[0.4833];[-0.4667];8275.64796;100),(588449.91612;[0.48];[-0.47];9464.49014;[0.4833];[-0.4667];8275.64796;100),(591914.73746;[0.48];[-0.47];9464.49014;[0.4833];[-0.4667];8275.64796;100),(592339.54763;[0.77];[-0.18];9193.30763;[0.7451];[-0.2049];8448.34654;100),(592735.85272;[0.87];[-0.08];8881.04997;[0.8581];[-0.0919];8357.56427;100),(593869.45868;[0.96];[0.01];8491.77545;[0.8929];[-0.0571];8068.39230;100),(595143.03875;[0.94];[-0.01];8845.88162;[0.8911];[-0.0589];8379.64189;100),(596485.06784;[0.96];[0.01];8770.57252;[0.8996];[-0.0504];8330.03447;100),(598060.82988;[0.96];[0.01];8816.42787;[0.8994];[-0.0506];8365.45803;100),(599128.13067;[0.94];[-0.01];8831.91789;[0.8925];[-0.0575];8369.95537;100),(600286.78751;[0.95];[0.];8824.77540;[0.8953];[-0.0547];8367.42258;100)]"
3,9,8356.190111179392,[0.9014],[-0.0486],602167.8576469421,"[(1059.44228;[0.64];[-0.31];9080.16365;[0.592];[-0.358];8405.50968;100),(8310.53567;[0.64];[-0.31];9080.50173;[0.592];[-0.358];8405.64057;100),(12226.13621;[0.64];[-0.31];9080.50173;[0.592];[-0.358];8405.64057;100),(15799.66712;[0.64];[-0.31];9080.50173;[0.592];[-0.358];8405.64057;100),(19768.52369;[0.64];[-0.31];9080.50173;[0.592];[-0.358];8405.64057;100),(24212.64005;[0.64];[-0.31];9080.50173;[0.592];[-0.358];8405.64057;100),(27046.18478;[0.82];[-0.13];8696.62960;[0.7855];[-0.1645];8226.74997;100),(28119.62152;[0.95];[0.];8616.22185;[0.9014];[-0.0486];8356.19011;100),(32293.26916;[0.98];[0.03];8095.21026;[0.9387];[-0.0113];7856.04873;100),(33081.56037;[0.97];[0.02];8230.87929;[0.9266];[-0.0234];7979.69920;100),(34149.30582;[0.96];[0.01];8552.98126;[0.912];[-0.038];8301.38821;100),(34870.77141;[0.96];[0.01];8595.45337;[0.9049];[-0.0451];8335.95533;100),(35634.61900;[0.95];[0.];8606.19262;[0.9019];[-0.0481];8345.14821;100),(36692.30795;[0.96];[0.01];8601.44560;[0.9037];[-0.0463];8340.92602;100),(37061.80167;[0.96];[0.01];8603.86047;[0.9053];[-0.0447];8343.36974;100),(37543.37478;[0.95];[0.];8605.11608;[0.9026];[-0.0474];8346.06116;100),(39388.77916;[0.96];[0.01];8604.38866;[0.9047];[-0.0453];8346.34805;100),(39733.52289;[0.96];[0.01];8604.76256;[0.9048];[-0.0452];8346.99260;100),(40180.79829;[0.95];[0.];8605.11608;[0.9026];[-0.0474];8346.06116;100),(40452.64125;[0.95];[0.];8605.11608;[0.9026];[-0.0474];8346.06116;100),(40835.46662;[0.95];[0.];8605.11608;[0.9026];[-0.0474];8346.06116;100),(41051.30243;[0.95];[0.];8605.11608;[0.9026];[-0.0474];8346.06116;100),(50263.57818;[0.64];[-0.31];9080.50173;[0.592];[-0.358];8405.64057;100),(54885.09488;[0.64];[-0.31];9080.50173;[0.592];[-0.358];8405.64057;100),(58887.45809;[0.64];[-0.31];9080.50173;[0.592];[-0.358];8405.64057;100),(62465.54947;[0.64];[-0.31];9080.50173;[0.592];[-0.358];8405.64057;100),(66563.83753;[0.64];[-0.31];9080.50173;[0.592];[-0.358];8405.64057;100),(69323.76218;[0.82];[-0.13];8696.62960;[0.7855];[-0.1645];8226.74997;100),(70636.20996;[0.95];[0.];8616.22185;[0.9014];[-0.0486];8356.19011;100),(74554.19230;[0.98];[0.03];8095.21026;[0.9387];[-0.0113];7856.04873;100),(75398.00286;[0.97];[0.02];8230.87929;[0.9266];[-0.0234];7979.69920;100),(76074.72897;[0.96];[0.01];8552.98126;[0.912];[-0.038];8301.38821;100),(76905.05004;[0.96];[0.01];8595.45337;[0.9049];[-0.0451];8335.95533;100),(77446.47288;[0.95];[0.];8606.19262;[0.9019];[-0.0481];8345.14821;100),(78468.51230;[0.96];[0.01];8601.44560;[0.9037];[-0.0463];8340.92602;100),(78865.48853;[0.96];[0.01];8603.86047;[0.9053];[-0.0447];8343.36974;100),(79432.59072;[0.95];[0.];8605.11608;[0.9026];[-0.0474];8346.06116;100),(81609.26080;[0.96];[0.01];8604.38866;[0.9047];[-0.0453];8346.34805;100),(82134.10568;[0.96];[0.01];8604.76256;[0.9048];[-0.0452];8346.99260;100),(82665.67969;[0.95];[0.];8605.11608;[0.9026];[-0.0474];8346.06116;100),(82888.27205;[0.95];[0.];8605.11608;[0.9026];[-0.0474];8346.06116;100),(83126.79887;[0.95];[0.];8605.11608;[0.9026];[-0.0474];8346.06116;100),(83414.59990;[0.95];[0.];8605.11608;[0.9026];[-0.0474];8346.06116;100),(92778.15628;[0.64];[-0.31];9080.50173;[0.592];[-0.358];8405.64057;100),(97182.82485;[0.64];[-0.31];9080.50173;[0.592];[-0.358];8405.64057;100),(102031.39067;[0.64];[-0.31];9080.50173;[0.592];[-0.358];8405.64057;100),(106712.36706;[0.64];[-0.31];9080.50173;[0.592];[-0.358];8405.64057;100),(111781.12698;[0.64];[-0.31];9080.50173;[0.592];[-0.358];8405.64057;100),(115176.08380;[0.82];[-0.13];8696.62960;[0.7855];[-0.1645];8226.74997;100),(116578.54748;[0.95];[0.];8616.22185;[0.9014];[-0.0486];8356.19011;100),(120473.28281;[0.98];[0.03];8095.21026;[0.9387];[-0.0113];7856.04873;100),(121199.16201;[0.97];[0.02];8230.87929;[0.9266];[-0.0234];7979.69920;100),(122013.81731;[0.96];[0.01];8552.98126;[0.912];[-0.038];8301.38821;100),(122685.57525;[0.96];[0.01];8595.45337;[0.9049];[-0.0451];8335.95533;100),(123237.16402;[0.95];[0.];8606.19262;[0.9019];[-0.0481];8345.14821;100),(124325.55032;[0.96];[0.01];8601.44560;[0.9037];[-0.0463];8340.92602;100),(124747.72000;[0.96];[0.01];8603.86047;[0.9053];[-0.0447];8343.36974;100),(125240.23533;[0.95];[0.];8605.11608;[0.9026];[-0.0474];8346.06116;100),(126962.75067;[0.96];[0.01];8604.38866;[0.9047];[-0.0453];8346.34805;100),(127313.23147;[0.96];[0.01];8604.76256;[0.9048];[-0.0452];8346.99260;100),(127680.19724;[0.95];[0.];8605.11608;[0.9026];[-0.0474];8346.06116;100),(127986.81808;[0.95];[0.];8605.11608;[0.9026];[-0.0474];8346.06116;100),(128243.10160;[0.95];[0.];8605.11608;[0.9026];[-0.0474];8346.06116;100),(128543.05124;[0.95];[0.];8605.11608;[0.9026];[-0.0474];8346.06116;100),(136781.53062;[0.64];[-0.31];9080.50173;[0.592];[-0.358];8405.64057;100),(141396.21377;[0.64];[-0.31];9080.50173;[0.592];[-0.358];8405.64057;100),(146771.27695;[0.64];[-0.31];9080.50173;[0.592];[-0.358];8405.64057;100),(151231.73833;[0.64];[-0.31];9080.50173;[0.592];[-0.358];8405.64057;100),(155615.28873;[0.64];[-0.31];9080.50173;[0.592];[-0.358];8405.64057;100),(159195.36591;[0.82];[-0.13];8696.62960;[0.7855];[-0.1645];8226.74997;100),(160875.14424;[0.95];[0.];8616.22185;[0.9014];[-0.0486];8356.19011;100),(164402.18091;[0.98];[0.03];8095.21026;[0.9387];[-0.0113];7856.04873;100),(165101.20177;[0.97];[0.02];8230.87929;[0.9266];[-0.0234];7979.69920;100),(165840.29531;[0.96];[0.01];8552.98126;[0.912];[-0.038];8301.38821;100),(166614.65359;[0.96];[0.01];8595.45337;[0.9049];[-0.0451];8335.95533;100),(167668.15615;[0.95];[0.];8606.19262;[0.9019];[-0.0481];8345.14821;100),(168874.66764;[0.96];[0.01];8601.44560;[0.9037];[-0.0463];8340.92602;100),(169323.53091;[0.96];[0.01];8603.86047;[0.9053];[-0.0447];8343.36974;100),(170103.42145;[0.95];[0.];8605.11608;[0.9026];[-0.0474];8346.06116;100),(172457.55577;[0.96];[0.01];8604.38866;[0.9047];[-0.0453];8346.34805;100),(172803.43270;[0.96];[0.01];8604.76256;[0.9048];[-0.0452];8346.99260;100),(173100.33917;[0.95];[0.];8605.11608;[0.9026];[-0.0474];8346.06116;100),(173356.15015;[0.95];[0.];8605.11608;[0.9026];[-0.0474];8346.06116;100),(173591.65692;[0.95];[0.];8605.11608;[0.9026];[-0.0474];8346.06116;100),(173810.03237;[0.95];[0.];8605.11608;[0.9026];[-0.0474];8346.06116;100),(182237.29253;[0.64];[-0.31];9080.50173;[0.592];[-0.358];8405.64057;100),(185896.54183;[0.64];[-0.31];9080.50173;[0.592];[-0.358];8405.64057;100),(189687.83712;[0.64];[-0.31];9080.50173;[0.592];[-0.358];8405.64057;100),(193879.69971;[0.64];[-0.31];9080.50173;[0.592];[-0.358];8405.64057;100),(198445.17875;[0.64];[-0.31];9080.50173;[0.592];[-0.358];8405.64057;100),(201936.92923;[0.82];[-0.13];8696.62960;[0.7855];[-0.1645];8226.74997;100),(202887.34412;[0.95];[0.];8616.22185;[0.9014];[-0.0486];8356.19011;100),(206373.97933;[0.98];[0.03];8095.21026;[0.9387];[-0.0113];7856.04873;100),(207170.40396;[0.97];[0.02];8230.87929;[0.9266];[-0.0234];7979.69920;100),(208210.38532;[0.96];[0.01];8552.98126;[0.912];[-0.038];8301.38821;100),(208939.15200;[0.96];[0.01];8595.45337;[0.9049];[-0.0451];8335.95533;100),(209767.86685;[0.95];[0.];8606.19262;[0.9019];[-0.0481];8345.14821;100),(211293.92290;[0.96];[0.01];8601.44560;[0.9037];[-0.0463];8340.92602;100),(211742.89298;[0.96];[0.01];8603.86047;[0.9053];[-0.0447];8343.36974;100),(212368.29114;[0.95];[0.];8605.11608;[0.9026];[-0.0474];8346.06116;100),(214229.74253;[0.96];[0.01];8604.38866;[0.9047];[-0.0453];8346.34805;100),(214625.40221;[0.96];[0.01];8604.76256;[0.9048];[-0.0452];8346.99260;100),(215034.92832;[0.95];[0.];8605.11608;[0.9026];[-0.0474];8346.06116;100),(215403.75590;[0.95];[0.];8605.11608;[0.9026];[-0.0474];8346.06116;100),(215704.21743;[0.95];[0.];8605.11608;[0.9026];[-0.0474];8346.06116;100),(216108.40440;[0.95];[0.];8605.11608;[0.9026];[-0.0474];8346.06116;100),(225943.02034;[0.64];[-0.31];9080.50173;[0.592];[-0.358];8405.64057;100),(230430.94754;[0.64];[-0.31];9080.50173;[0.592];[-0.358];8405.64057;100),(234180.20678;[0.64];[-0.31];9080.50173;[0.592];[-0.358];8405.64057;100),(237671.13447;[0.64];[-0.31];9080.50173;[0.592];[-0.358];8405.64057;100),(241435.46414;[0.64];[-0.31];9080.50173;[0.592];[-0.358];8405.64057;100),(244164.32142;[0.82];[-0.13];8696.62960;[0.7855];[-0.1645];8226.74997;100),(245229.13527;[0.95];[0.];8616.22185;[0.9014];[-0.0486];8356.19011;100),(248792.72842;[0.98];[0.03];8095.21026;[0.9387];[-0.0113];7856.04873;100),(249310.59647;[0.97];[0.02];8230.87929;[0.9266];[-0.0234];7979.69920;100),(250024.48869;[0.96];[0.01];8552.98126;[0.912];[-0.038];8301.38821;100),(250880.14555;[0.96];[0.01];8595.45337;[0.9049];[-0.0451];8335.95533;100),(251584.84268;[0.95];[0.];8606.19262;[0.9019];[-0.0481];8345.14821;100),(253373.16895;[0.96];[0.01];8601.44560;[0.9037];[-0.0463];8340.92602;100),(254114.00771;[0.96];[0.01];8603.86047;[0.9053];[-0.0447];8343.36974;100),(254672.49584;[0.95];[0.];8605.11608;[0.9026];[-0.0474];8346.06116;100),(256701.10178;[0.96];[0.01];8604.38866;[0.9047];[-0.0453];8346.34805;100),(257199.71323;[0.96];[0.01];8604.76256;[0.9048];[-0.0452];8346.99260;100),(257503.89314;[0.95];[0.];8605.11608;[0.9026];[-0.0474];8346.06116;100),(257736.70268;[0.95];[0.];8605.11608;[0.9026];[-0.0474];8346.06116;100),(257976.77684;[0.95];[0.];8605.11608;[0.9026];[-0.0474];8346.06116;100),(258222.97096;[0.95];[0.];8605.11608;[0.9026];[-0.0474];8346.06116;100),(267825.21176;[0.64];[-0.31];9080.50173;[0.592];[-0.358];8405.64057;100),(272262.54654;[0.64];[-0.31];9080.50173;[0.592];[-0.358];8405.64057;100),(276504.46248;[0.64];[-0.31];9080.50173;[0.592];[-0.358];8405.64057;100),(281087.41093;[0.64];[-0.31];9080.50173;[0.592];[-0.358];8405.64057;100),(286368.30950;[0.64];[-0.31];9080.50173;[0.592];[-0.358];8405.64057;100),(289465.00683;[0.82];[-0.13];8696.62960;[0.7855];[-0.1645];8226.74997;100),(291008.08382;[0.95];[0.];8616.22185;[0.9014];[-0.0486];8356.19011;100),(294894.00697;[0.98];[0.03];8095.21026;[0.9387];[-0.0113];7856.04873;100),(295590.01064;[0.97];[0.02];8230.87929;[0.9266];[-0.0234];7979.69920;100),(296277.20976;[0.96];[0.01];8552.98126;[0.912];[-0.038];8301.38821;100),(297069.76771;[0.96];[0.01];8595.45337;[0.9049];[-0.0451];8335.95533;100),(297770.63322;[0.95];[0.];8606.19262;[0.9019];[-0.0481];8345.14821;100),(298876.41883;[0.96];[0.01];8601.44560;[0.9037];[-0.0463];8340.92602;100),(299333.60481;[0.96];[0.01];8603.86047;[0.9053];[-0.0447];8343.36974;100),(300049.12210;[0.95];[0.];8605.11608;[0.9026];[-0.0474];8346.06116;100),(301898.71550;[0.96];[0.01];8604.38866;[0.9047];[-0.0453];8346.34805;100),(302218.04357;[0.96];[0.01];8604.76256;[0.9048];[-0.0452];8346.99260;100),(302512.25019;[0.95];[0.];8605.11608;[0.9026];[-0.0474];8346.06116;100),(302738.11412;[0.95];[0.];8605.11608;[0.9026];[-0.0474];8346.06116;100),(302991.18519;[0.95];[0.];8605.11608;[0.9026];[-0.0474];8346.06116;100),(303224.52545;[0.95];[0.];8605.11608;[0.9026];[-0.0474];8346.06116;100),(311034.69968;[0.64];[-0.31];9080.50173;[0.592];[-0.358];8405.64057;100),(315466.72797;[0.64];[-0.31];9080.50173;[0.592];[-0.358];8405.64057;100),(320214.68949;[0.64];[-0.31];9080.50173;[0.592];[-0.358];8405.64057;100),(325139.18376;[0.64];[-0.31];9080.50173;[0.592];[-0.358];8405.64057;100),(329763.69357;[0.64];[-0.31];9080.50173;[0.592];[-0.358];8405.64057;100),(333658.97083;[0.82];[-0.13];8696.62960;[0.7855];[-0.1645];8226.74997;100),(334867.09714;[0.95];[0.];8616.22185;[0.9014];[-0.0486];8356.19011;100),(338896.61980;[0.98];[0.03];8095.21026;[0.9387];[-0.0113];7856.04873;100),(339656.38423;[0.97];[0.02];8230.87929;[0.9266];[-0.0234];7979.69920;100),(340412.49704;[0.96];[0.01];8552.98126;[0.912];[-0.038];8301.38821;100),(341236.71484;[0.96];[0.01];8595.45337;[0.9049];[-0.0451];8335.95533;100),(341946.26689;[0.95];[0.];8606.19262;[0.9019];[-0.0481];8345.14821;100),(343166.15796;[0.96];[0.01];8601.44560;[0.9037];[-0.0463];8340.92602;100),(343559.17907;[0.96];[0.01];8603.86047;[0.9053];[-0.0447];8343.36974;100),(344268.50152;[0.95];[0.];8605.11608;[0.9026];[-0.0474];8346.06116;100),(347107.99384;[0.96];[0.01];8604.38866;[0.9047];[-0.0453];8346.34805;100),(347580.58929;[0.96];[0.01];8604.76256;[0.9048];[-0.0452];8346.99260;100),(347973.56033;[0.95];[0.];8605.11608;[0.9026];[-0.0474];8346.06116;100),(348246.37008;[0.95];[0.];8605.11608;[0.9026];[-0.0474];8346.06116;100),(348566.34593;[0.95];[0.];8605.11608;[0.9026];[-0.0474];8346.06116;100),(348793.85805;[0.95];[0.];8605.11608;[0.9026];[-0.0474];8346.06116;100),(356476.13120;[0.64];[-0.31];9080.50173;[0.592];[-0.358];8405.64057;100),(360407.16147;[0.64];[-0.31];9080.50173;[0.592];[-0.358];8405.64057;100),(364109.98058;[0.64];[-0.31];9080.50173;[0.592];[-0.358];8405.64057;100),(368077.05402;[0.64];[-0.31];9080.50173;[0.592];[-0.358];8405.64057;100),(372191.96606;[0.64];[-0.31];9080.50173;[0.592];[-0.358];8405.64057;100),(375576.73097;[0.82];[-0.13];8696.62960;[0.7855];[-0.1645];8226.74997;100),(376650.41971;[0.95];[0.];8616.22185;[0.9014];[-0.0486];8356.19011;100),(381212.02111;[0.98];[0.03];8095.21026;[0.9387];[-0.0113];7856.04873;100),(381996.88888;[0.97];[0.02];8230.87929;[0.9266];[-0.0234];7979.69920;100),(382952.90685;[0.96];[0.01];8552.98126;[0.912];[-0.038];8301.38821;100),(383672.92762;[0.96];[0.01];8595.45337;[0.9049];[-0.0451];8335.95533;100),(384372.73645;[0.95];[0.];8606.19262;[0.9019];[-0.0481];8345.14821;100),(385569.49878;[0.96];[0.01];8601.44560;[0.9037];[-0.0463];8340.92602;100),(385952.99935;[0.96];[0.01];8603.86047;[0.9053];[-0.0447];8343.36974;100),(386463.19938;[0.95];[0.];8605.11608;[0.9026];[-0.0474];8346.06116;100),(388863.70111;[0.96];[0.01];8604.38866;[0.9047];[-0.0453];8346.34805;100),(389235.09383;[0.96];[0.01];8604.76256;[0.9048];[-0.0452];8346.99260;100),(389663.45310;[0.95];[0.];8605.11608;[0.9026];[-0.0474];8346.06116;100),(389902.63581;[0.95];[0.];8605.11608;[0.9026];[-0.0474];8346.06116;100),(390158.20098;[0.95];[0.];8605.11608;[0.9026];[-0.0474];8346.06116;100),(390395.38693;[0.95];[0.];8605.11608;[0.9026];[-0.0474];8346.06116;100),(399059.87191;[0.64];[-0.31];9080.50173;[0.592];[-0.358];8405.64057;100),(403434.77345;[0.64];[-0.31];9080.50173;[0.592];[-0.358];8405.64057;100),(407773.77295;[0.64];[-0.31];9080.50173;[0.592];[-0.358];8405.64057;100),(411226.16434;[0.64];[-0.31];9080.50173;[0.592];[-0.358];8405.64057;100),(414718.15133;[0.64];[-0.31];9080.50173;[0.592];[-0.358];8405.64057;100),(417369.83252;[0.82];[-0.13];8696.62960;[0.7855];[-0.1645];8226.74997;100),(418439.74066;[0.95];[0.];8616.22185;[0.9014];[-0.0486];8356.19011;100),(421793.51401;[0.98];[0.03];8095.21026;[0.9387];[-0.0113];7856.04873;100),(422507.23004;[0.97];[0.02];8230.87929;[0.9266];[-0.0234];7979.69920;100),(423095.82973;[0.96];[0.01];8552.98126;[0.912];[-0.038];8301.38821;100),(423899.45936;[0.96];[0.01];8595.45337;[0.9049];[-0.0451];8335.95533;100),(424411.06415;[0.95];[0.];8606.19262;[0.9019];[-0.0481];8345.14821;100),(425568.42113;[0.96];[0.01];8601.44560;[0.9037];[-0.0463];8340.92602;100),(425960.79636;[0.96];[0.01];8603.86047;[0.9053];[-0.0447];8343.36974;100),(426424.64471;[0.95];[0.];8605.11608;[0.9026];[-0.0474];8346.06116;100),(428395.44988;[0.96];[0.01];8604.38866;[0.9047];[-0.0453];8346.34805;100),(428845.25132;[0.96];[0.01];8604.76256;[0.9048];[-0.0452];8346.99260;100),(429167.14215;[0.95];[0.];8605.11608;[0.9026];[-0.0474];8346.06116;100),(429387.96782;[0.95];[0.];8605.11608;[0.9026];[-0.0474];8346.06116;100),(429611.70411;[0.95];[0.];8605.11608;[0.9026];[-0.0474];8346.06116;100),(429850.61407;[0.95];[0.];8605.11608;[0.9026];[-0.0474];8346.06116;100),(437966.00032;[0.64];[-0.31];9080.50173;[0.592];[-0.358];8405.64057;100),(442284.37424;[0.64];[-0.31];9080.50173;[0.592];[-0.358];8405.64057;100),(446680.78947;[0.64];[-0.31];9080.50173;[0.592];[-0.358];8405.64057;100),(450305.41849;[0.64];[-0.31];9080.50173;[0.592];[-0.358];8405.64057;100),(454066.58602;[0.64];[-0.31];9080.50173;[0.592];[-0.358];8405.64057;100),(456585.80565;[0.82];[-0.13];8696.62960;[0.7855];[-0.1645];8226.74997;100),(457618.78872;[0.95];[0.];8616.22185;[0.9014];[-0.0486];8356.19011;100),(461199.95904;[0.98];[0.03];8095.21026;[0.9387];[-0.0113];7856.04873;100),(461840.78074;[0.97];[0.02];8230.87929;[0.9266];[-0.0234];7979.69920;100),(462438.85279;[0.96];[0.01];8552.98126;[0.912];[-0.038];8301.38821;100),(463239.38346;[0.96];[0.01];8595.45337;[0.9049];[-0.0451];8335.95533;100),(463782.91130;[0.95];[0.];8606.19262;[0.9019];[-0.0481];8345.14821;100),(465366.57715;[0.96];[0.01];8601.44560;[0.9037];[-0.0463];8340.92602;100),(465725.67201;[0.96];[0.01];8603.86047;[0.9053];[-0.0447];8343.36974;100),(466144.06991;[0.95];[0.];8605.11608;[0.9026];[-0.0474];8346.06116;100),(468340.60478;[0.96];[0.01];8604.38866;[0.9047];[-0.0453];8346.34805;100),(468679.51250;[0.96];[0.01];8604.76256;[0.9048];[-0.0452];8346.99260;100),(469000.00978;[0.95];[0.];8605.11608;[0.9026];[-0.0474];8346.06116;100),(469423.14243;[0.95];[0.];8605.11608;[0.9026];[-0.0474];8346.06116;100),(469654.54173;[0.95];[0.];8605.11608;[0.9026];[-0.0474];8346.06116;100),(469909.67870;[0.95];[0.];8605.11608;[0.9026];[-0.0474];8346.06116;100),(478072.49784;[0.64];[-0.31];9080.50173;[0.592];[-0.358];8405.64057;100),(482286.37838;[0.64];[-0.31];9080.50173;[0.592];[-0.358];8405.64057;100),(486073.16494;[0.64];[-0.31];9080.50173;[0.592];[-0.358];8405.64057;100),(489547.58620;[0.64];[-0.31];9080.50173;[0.592];[-0.358];8405.64057;100),(492972.16535;[0.64];[-0.31];9080.50173;[0.592];[-0.358];8405.64057;100),(495921.37694;[0.82];[-0.13];8696.62960;[0.7855];[-0.1645];8226.74997;100),(496859.87043;[0.95];[0.];8616.22185;[0.9014];[-0.0486];8356.19011;100),(499640.22040;[0.98];[0.03];8095.21026;[0.9387];[-0.0113];7856.04873;100),(500185.88924;[0.97];[0.02];8230.87929;[0.9266];[-0.0234];7979.69920;100),(500733.33430;[0.96];[0.01];8552.98126;[0.912];[-0.038];8301.38821;100),(501519.79113;[0.96];[0.01];8595.45337;[0.9049];[-0.0451];8335.95533;100),(502117.75851;[0.95];[0.];8606.19262;[0.9019];[-0.0481];8345.14821;100),(503116.89782;[0.96];[0.01];8601.44560;[0.9037];[-0.0463];8340.92602;100),(503460.15334;[0.96];[0.01];8603.86047;[0.9053];[-0.0447];8343.36974;100),(503872.64609;[0.95];[0.];8605.11608;[0.9026];[-0.0474];8346.06116;100),(505641.73317;[0.96];[0.01];8604.38866;[0.9047];[-0.0453];8346.34805;100),(505947.86572;[0.96];[0.01];8604.76256;[0.9048];[-0.0452];8346.99260;100),(506240.17167;[0.95];[0.];8605.11608;[0.9026];[-0.0474];8346.06116;100),(506471.11988;[0.95];[0.];8605.11608;[0.9026];[-0.0474];8346.06116;100),(506777.71235;[0.95];[0.];8605.11608;[0.9026];[-0.0474];8346.06116;100),(507164.25037;[0.95];[0.];8605.11608;[0.9026];[-0.0474];8346.06116;100),(514433.03514;[0.64];[-0.31];9080.50173;[0.592];[-0.358];8405.64057;100),(518077.02303;[0.64];[-0.31];9080.50173;[0.592];[-0.358];8405.64057;100),(522093.98460;[0.64];[-0.31];9080.50173;[0.592];[-0.358];8405.64057;100),(525809.55148;[0.64];[-0.31];9080.50173;[0.592];[-0.358];8405.64057;100),(529446.92397;[0.64];[-0.31];9080.50173;[0.592];[-0.358];8405.64057;100),(531889.17327;[0.82];[-0.13];8696.62960;[0.7855];[-0.1645];8226.74997;100),(532866.49609;[0.95];[0.];8616.22185;[0.9014];[-0.0486];8356.19011;100),(536180.56679;[0.98];[0.03];8095.21026;[0.9387];[-0.0113];7856.04873;100),(536710.00814;[0.97];[0.02];8230.87929;[0.9266];[-0.0234];7979.69920;100),(537289.46829;[0.96];[0.01];8552.98126;[0.912];[-0.038];8301.38821;100),(538029.77133;[0.96];[0.01];8595.45337;[0.9049];[-0.0451];8335.95533;100),(538537.27818;[0.95];[0.];8606.19262;[0.9019];[-0.0481];8345.14821;100),(539498.21186;[0.96];[0.01];8601.44560;[0.9037];[-0.0463];8340.92602;100),(539841.22586;[0.96];[0.01];8603.86047;[0.9053];[-0.0447];8343.36974;100),(540371.91629;[0.95];[0.];8605.11608;[0.9026];[-0.0474];8346.06116;100),(541896.07882;[0.96];[0.01];8604.38866;[0.9047];[-0.0453];8346.34805;100),(542213.82594;[0.96];[0.01];8604.76256;[0.9048];[-0.0452];8346.99260;100),(542508.72350;[0.95];[0.];8605.11608;[0.9026];[-0.0474];8346.06116;100),(542728.86443;[0.95];[0.];8605.11608;[0.9026];[-0.0474];8346.06116;100),(542984.98726;[0.95];[0.];8605.11608;[0.9026];[-0.0474];8346.06116;100),(543234.59458;[0.95];[0.];8605.11608;[0.9026];[-0.0474];8346.06116;100),(551003.72553;[0.64];[-0.31];9080.50173;[0.592];[-0.358];8405.64057;100),(554677.02532;[0.64];[-0.31];9080.50173;[0.592];[-0.358];8405.64057;100),(558433.95233;[0.64];[-0.31];9080.50173;[0.592];[-0.358];8405.64057;100),(562078.42302;[0.64];[-0.31];9080.50173;[0.592];[-0.358];8405.64057;100),(565547.21570;[0.64];[-0.31];9080.50173;[0.592];[-0.358];8405.64057;100),(567987.14924;[0.82];[-0.13];8696.62960;[0.7855];[-0.1645];8226.74997;100),(569038.15222;[0.95];[0.];8616.22185;[0.9014];[-0.0486];8356.19011;100),(572437.94394;[0.98];[0.03];8095.21026;[0.9387];[-0.0113];7856.04873;100),(572931.89573;[0.97];[0.02];8230.87929;[0.9266];[-0.0234];7979.69920;100),(573525.16007;[0.96];[0.01];8552.98126;[0.912];[-0.038];8301.38821;100),(574222.45312;[0.96];[0.01];8595.45337;[0.9049];[-0.0451];8335.95533;100),(574733.95395;[0.95];[0.];8606.19262;[0.9019];[-0.0481];8345.14821;100),(575718.69659;[0.96];[0.01];8601.44560;[0.9037];[-0.0463];8340.92602;100),(576058.61568;[0.96];[0.01];8603.86047;[0.9053];[-0.0447];8343.36974;100),(576474.41483;[0.95];[0.];8605.11608;[0.9026];[-0.0474];8346.06116;100),(578191.42413;[0.96];[0.01];8604.38866;[0.9047];[-0.0453];8346.34805;100),(578577.77762;[0.96];[0.01];8604.76256;[0.9048];[-0.0452];8346.99260;100),(578870.01657;[0.95];[0.];8605.11608;[0.9026];[-0.0474];8346.06116;100),(579090.25598;[0.95];[0.];8605.11608;[0.9026];[-0.0474];8346.06116;100),(579363.77454;[0.95];[0.];8605.11608;[0.9026];[-0.0474];8346.06116;100),(579595.05391;[0.95];[0.];8605.11608;[0.9026];[-0.0474];8346.06116;100),(587582.39841;[0.64];[-0.31];9080.50173;[0.592];[-0.358];8405.64057;100),(591641.75439;[0.64];[-0.31];9080.50173;[0.592];[-0.358];8405.64057;100),(595448.23885;[0.64];[-0.31];9080.50173;[0.592];[-0.358];8405.64057;100),(598826.92075;[0.64];[-0.31];9080.50173;[0.592];[-0.358];8405.64057;100)]"
4,3,4308.3398660239645,[0.9645],[0.0145],601158.4439277649,"[(708.27103;[0.8];[-0.15];6341.30751;[0.7517];[-0.1983];6356.31373;100),(8268.52512;[0.8];[-0.15];6341.30751;[0.7517];[-0.1983];6356.31373;100),(13277.21930;[0.8];[-0.15];6341.30751;[0.7517];[-0.1983];6356.31373;100),(18057.85608;[0.8];[-0.15];6341.30751;[0.7517];[-0.1983];6356.31373;100),(22560.17232;[0.8];[-0.15];6341.30751;[0.7517];[-0.1983];6356.31373;100),(25968.52493;[0.8];[-0.15];6341.30751;[0.7517];[-0.1983];6356.31373;100),(28590.30390;[0.84];[-0.11];5174.23179;[0.8344];[-0.1156];5175.44891;100),(29346.81320;[0.91];[-0.04];4150.73764;[0.9162];[-0.0338];4146.29956;100),(30652.26531;[0.85];[-0.1];4031.45460;[0.8479];[-0.1021];4029.56099;100),(31666.51988;[0.78];[-0.17];3910.96911;[0.7393];[-0.2107];3907.17709;100),(32850.26908;[0.78];[-0.17];3896.55505;[0.7196];[-0.2304];3892.20474;100),(33315.05084;[0.76];[-0.19];3872.27967;[0.6939];[-0.2561];3867.15489;100),(34146.55089;[0.76];[-0.19];3871.69512;[0.6938];[-0.2562];3866.58457;100),(38847.51344;[0.8];[-0.15];6341.30751;[0.7517];[-0.1983];6356.31373;100),(43588.10139;[0.83];[-0.12];5303.77384;[0.8182];[-0.1318];5306.32083;100),(50047.21212;[0.93];[-0.02];4477.51086;[0.9255];[-0.0245];4474.41045;100),(55588.11688;[0.93];[-0.02];4272.32081;[0.945];[-0.005];4267.89983;100),(65634.43708;[0.88];[-0.07];4096.31995;[0.8963];[-0.0537];4093.44745;100),(67660.79497;[0.85];[-0.1];4015.16035;[0.8371];[-0.1129];4013.38751;100),(68017.17949;[0.8];[-0.15];3948.23527;[0.7552];[-0.1948];3944.75864;100),(69013.81373;[0.78];[-0.17];3897.75138;[0.7192];[-0.2308];3893.36414;100),(69777.64177;[0.76];[-0.19];3872.27967;[0.6939];[-0.2561];3867.15489;100),(70123.92068;[0.76];[-0.19];3871.69512;[0.6938];[-0.2562];3866.58457;100),(71177.73342;[0.76];[-0.19];3871.69512;[0.6938];[-0.2562];3866.58457;100),(74949.29814;[0.8];[-0.15];6341.30751;[0.7517];[-0.1983];6356.31373;100),(79718.32442;[0.82];[-0.13];5311.24125;[0.8102];[-0.1398];5314.34622;100),(86537.40978;[0.92];[-0.03];4482.66374;[0.9118];[-0.0382];4479.30170;100),(91155.85613;[0.93];[-0.02];4282.07560;[0.9407];[-0.0093];4277.43667;100),(95752.30670;[0.76];[-0.19];3871.69512;[0.6938];[-0.2562];3866.58457;100),(97356.31943;[0.76];[-0.19];3871.69512;[0.6938];[-0.2562];3866.58457;100),(101506.87957;[0.8];[-0.15];6341.30751;[0.7517];[-0.1983];6356.31373;100),(107557.59144;[0.82];[-0.13];5311.24125;[0.8102];[-0.1398];5314.34622;100),(116339.93673;[0.92];[-0.03];4482.66374;[0.9118];[-0.0382];4479.30170;100),(121317.46101;[0.93];[-0.02];4282.07560;[0.9407];[-0.0093];4277.43667;100),(125789.75463;[0.76];[-0.19];3871.69512;[0.6938];[-0.2562];3866.58457;100),(130872.18332;[0.8];[-0.15];6341.30751;[0.7517];[-0.1983];6356.31373;100),(138540.94124;[0.82];[-0.13];5286.92616;[0.8183];[-0.1317];5289.76357;100),(145579.98395;[0.92];[-0.03];4482.66374;[0.9118];[-0.0382];4479.30170;100),(150322.78442;[0.93];[-0.02];4282.07560;[0.9407];[-0.0093];4277.43667;100),(160041.32891;[0.88];[-0.07];4114.94729;[0.8957];[-0.0543];4111.25695;100),(161975.38352;[0.9];[-0.05];4036.84169;[0.9008];[-0.0492];4035.50749;100),(162907.26447;[0.82];[-0.13];3958.62658;[0.8047];[-0.1453];3956.51664;100),(164048.78283;[0.78];[-0.17];3897.75138;[0.7192];[-0.2308];3893.36414;100),(164628.48067;[0.78];[-0.17];3896.55505;[0.7196];[-0.2304];3892.20474;100),(168925.09747;[0.8];[-0.15];6341.30751;[0.7517];[-0.1983];6356.31373;100),(173312.16645;[0.83];[-0.12];5301.46767;[0.8247];[-0.1253];5304.58191;100),(180273.11397;[0.89];[-0.06];4490.62414;[0.8963];[-0.0537];4487.11202;100),(184098.85454;[0.99];[0.04];4291.75491;[0.9741];[0.0241];4288.72403;100),(188823.11034;[0.93];[-0.02];4365.03974;[0.9278];[-0.0222];4360.93734;100),(189198.22407;[0.92];[-0.03];4171.28466;[0.9217];[-0.0283];4166.88618;100),(189996.89651;[0.85];[-0.1];4064.25675;[0.8504];[-0.0996];4061.38463;100),(190683.53820;[0.85];[-0.1];4015.16035;[0.8371];[-0.1129];4013.38751;100),(191629.18806;[0.85];[-0.1];4014.82801;[0.8378];[-0.1122];4013.07947;100),(192186.44381;[0.85];[-0.1];4014.82801;[0.8378];[-0.1122];4013.07947;100),(196209.57136;[0.8];[-0.15];6341.30751;[0.7517];[-0.1983];6356.31373;100),(200524.75595;[0.83];[-0.12];5305.56446;[0.818];[-0.132];5308.35841;100),(208469.17272;[0.89];[-0.06];4470.24980;[0.892];[-0.058];4465.32727;100),(212779.67930;[0.99];[0.04];4285.38804;[0.974];[0.024];4282.00658;100),(217773.98276;[0.93];[-0.02];4365.40860;[0.9397];[-0.0103];4362.23767;100),(218682.89304;[0.87];[-0.08];4104.68515;[0.8733];[-0.0767];4100.93935;100),(219504.49848;[0.87];[-0.08];4081.64083;[0.8734];[-0.0766];4078.69794;100),(220300.59934;[0.87];[-0.08];4081.64083;[0.8734];[-0.0766];4078.69794;100),(223828.26662;[0.8];[-0.15];6341.30751;[0.7517];[-0.1983];6356.31373;100),(233103.65343;[0.82];[-0.13];5299.57990;[0.8157];[-0.1343];5301.94662;100),(241444.56339;[0.89];[-0.06];4470.24980;[0.892];[-0.058];4465.32727;100),(247572.03007;[0.89];[-0.06];4254.96631;[0.907];[-0.043];4249.30412;100),(255401.98994;[0.8];[-0.15];6341.30751;[0.7517];[-0.1983];6356.31373;100),(259608.70266;[0.82];[-0.13];5325.25196;[0.8129];[-0.1371];5329.08459;100),(266712.57424;[0.88];[-0.07];4503.61396;[0.8969];[-0.0531];4500.31835;100),(271054.99554;[0.96];[0.01];4311.59270;[0.9645];[0.0145];4308.33987;100),(275699.49913;[0.94];[-0.01];4399.08044;[0.9603];[0.0103];4396.59440;100),(278599.56574;[0.9];[-0.05];4246.51229;[0.9075];[-0.0425];4240.47823;100),(281051.69702;[0.89];[-0.06];4173.24505;[0.8835];[-0.0665];4167.73864;100),(286583.21142;[0.88];[-0.07];4150.14298;[0.8782];[-0.0718];4145.23867;100),(286792.89341;[0.88];[-0.07];4150.14298;[0.8782];[-0.0718];4145.23867;100),(287020.15448;[0.88];[-0.07];4150.14298;[0.8782];[-0.0718];4145.23867;100),(287237.08558;[0.88];[-0.07];4150.14298;[0.8782];[-0.0718];4145.23867;100),(291825.38414;[0.8];[-0.15];6341.30751;[0.7517];[-0.1983];6356.31373;100),(296515.25497;[0.82];[-0.13];5318.57223;[0.8115];[-0.1385];5321.96719;100),(303982.56540;[0.88];[-0.07];4497.38951;[0.8829];[-0.0671];4492.61732;100),(308095.14332;[0.91];[-0.04];4293.52373;[0.9163];[-0.0337];4288.19564;100),(316694.43822;[0.8];[-0.15];6341.30751;[0.7517];[-0.1983];6356.31373;100),(320758.81219;[0.82];[-0.13];5318.57223;[0.8115];[-0.1385];5321.96719;100),(329621.33694;[0.88];[-0.07];4497.38951;[0.8829];[-0.0671];4492.61732;100),(334287.12201;[0.93];[-0.02];4341.35668;[0.9326];[-0.0174];4337.27521;100),(340424.18194;[0.88];[-0.07];4150.14298;[0.8782];[-0.0718];4145.23867;100),(345992.43283;[0.88];[-0.07];4150.14298;[0.8782];[-0.0718];4145.23867;100),(350796.81373;[0.8];[-0.15];6341.30751;[0.7517];[-0.1983];6356.31373;100),(355139.94956;[0.82];[-0.13];5318.57223;[0.8115];[-0.1385];5321.96719;100),(362838.88865;[0.88];[-0.07];4497.38951;[0.8829];[-0.0671];4492.61732;100),(367380.87416;[0.93];[-0.02];4341.35668;[0.9326];[-0.0174];4337.27521;100),(383532.11045;[0.88];[-0.07];4150.14298;[0.8782];[-0.0718];4145.23867;100),(387016.69621;[0.8];[-0.15];6341.30751;[0.7517];[-0.1983];6356.31373;100),(391072.68429;[0.82];[-0.13];5344.53746;[0.8109];[-0.1391];5348.85851;100),(399153.11670;[0.86];[-0.09];4522.30499;[0.8689];[-0.0811];4518.31239;100),(403843.75882;[0.92];[-0.03];4387.88283;[0.9197];[-0.0303];4383.76488;100),(408156.66151;[0.91];[-0.04];4293.52373;[0.9163];[-0.0337];4288.19564;100),(410427.22440;[0.89];[-0.06];4221.28956;[0.8937];[-0.0563];4215.09864;100),(410987.26678;[0.88];[-0.07];4175.47979;[0.8789];[-0.0711];4169.94811;100),(413141.36410;[0.88];[-0.07];4150.14298;[0.8782];[-0.0718];4145.23867;100),(418932.64484;[0.88];[-0.07];4150.14298;[0.8782];[-0.0718];4145.23867;100),(422544.57092;[0.8];[-0.15];6341.30751;[0.7517];[-0.1983];6356.31373;100),(426899.21570;[0.83];[-0.12];5303.76039;[0.8186];[-0.1314];5306.48233;100),(433959.45859;[0.89];[-0.06];4502.77743;[0.8976];[-0.0524];4499.50417;100),(438224.34211;[0.92];[-0.03];4348.00075;[0.9188];[-0.0312];4343.46401;100),(443604.28286;[0.88];[-0.07];4150.14298;[0.8782];[-0.0718];4145.23867;100),(449348.80972;[0.88];[-0.07];4150.14298;[0.8782];[-0.0718];4145.23867;100),(452947.67070;[0.8];[-0.15];6341.30751;[0.7517];[-0.1983];6356.31373;100),(457350.82698;[0.83];[-0.12];5303.76039;[0.8186];[-0.1314];5306.48233;100),(464719.91277;[0.89];[-0.06];4502.77743;[0.8976];[-0.0524];4499.50417;100),(469248.98028;[0.92];[-0.03];4348.00075;[0.9188];[-0.0312];4343.46401;100),(475745.61667;[0.88];[-0.07];4150.14298;[0.8782];[-0.0718];4145.23867;100),(482261.88874;[0.88];[-0.07];4150.14298;[0.8782];[-0.0718];4145.23867;100),(485521.78049;[0.8];[-0.15];6341.30751;[0.7517];[-0.1983];6356.31373;100),(490546.38386;[0.83];[-0.12];5303.76039;[0.8186];[-0.1314];5306.48233;100),(498355.22389;[0.89];[-0.06];4502.77743;[0.8976];[-0.0524];4499.50417;100),(502630.35560;[0.92];[-0.03];4348.00075;[0.9188];[-0.0312];4343.46401;100),(508061.90610;[0.88];[-0.07];4150.14298;[0.8782];[-0.0718];4145.23867;100),(521228.94502;[0.8];[-0.15];6341.30751;[0.7517];[-0.1983];6356.31373;100),(526865.57817;[0.83];[-0.12];5303.76039;[0.8186];[-0.1314];5306.48233;100),(534901.87192;[0.89];[-0.06];4502.77743;[0.8976];[-0.0524];4499.50417;100),(539065.06968;[0.92];[-0.03];4348.00075;[0.9188];[-0.0312];4343.46401;100),(552176.49508;[0.88];[-0.07];4150.14298;[0.8782];[-0.0718];4145.23867;100),(555582.99422;[0.8];[-0.15];6341.30751;[0.7517];[-0.1983];6356.31373;100),(559579.55599;[0.83];[-0.12];5303.76039;[0.8186];[-0.1314];5306.48233;100),(567156.24309;[0.89];[-0.06];4502.77743;[0.8976];[-0.0524];4499.50417;100),(572057.19924;[0.92];[-0.03];4348.00075;[0.9188];[-0.0312];4343.46401;100),(574118.73293;[0.93];[-0.02];4272.32081;[0.945];[-0.005];4267.89983;100),(576507.44605;[0.91];[-0.04];4219.81373;[0.914];[-0.036];4214.39980;100),(578443.19630;[0.91];[-0.04];4199.40000;[0.9209];[-0.0291];4194.25940;100),(579743.30020;[0.89];[-0.06];4192.39597;[0.8773];[-0.0727];4186.46431;100),(580119.63344;[0.89];[-0.06];4186.97495;[0.879];[-0.071];4181.25204;100),(580264.44864;[0.89];[-0.06];4186.97495;[0.879];[-0.071];4181.25204;100),(584210.52289;[0.8];[-0.15];6341.30751;[0.7517];[-0.1983];6356.31373;100),(591990.13686;[0.83];[-0.12];5257.81198;[0.8237];[-0.1263];5259.23447;100),(601141.95585;[0.92];[-0.03];4421.34447;[0.912];[-0.038];4416.39374;100)]"
4,7,4439.171175092188,[0.891],[-0.059],600890.6509876251,"[(932.16062;[0.73];[-0.22];6397.20859;[0.7275];[-0.2225];6315.04650;100),(7747.42842;[0.73];[-0.22];6397.20859;[0.7275];[-0.2225];6315.04650;100),(11458.36616;[0.73];[-0.22];6397.20859;[0.7275];[-0.2225];6315.04650;100),(15896.87419;[0.73];[-0.22];6397.20859;[0.7275];[-0.2225];6315.04650;100),(19797.24050;[0.73];[-0.22];6397.20859;[0.7275];[-0.2225];6315.04650;100),(23952.56186;[0.73];[-0.22];6397.20859;[0.7275];[-0.2225];6315.04650;100),(26858.89053;[0.82];[-0.13];5263.46938;[0.81];[-0.14];5195.76469;100),(27326.89452;[0.82];[-0.13];4196.96453;[0.8217];[-0.1283];4128.42957;100),(30037.01162;[0.72];[-0.23];4037.24027;[0.7187];[-0.2313];3991.43539;100),(32012.46667;[0.71];[-0.24];3946.49540;[0.7103];[-0.2397];3949.85807;100),(35668.63465;[0.7];[-0.25];3933.69247;[0.7074];[-0.2426];3937.28818;100),(37311.05947;[0.69];[-0.26];3918.40765;[0.6989];[-0.2511];3921.45330;100),(46382.61819;[0.73];[-0.22];6397.20859;[0.7275];[-0.2225];6315.04650;100),(52270.74337;[0.82];[-0.13];5272.70232;[0.8137];[-0.1363];5210.99986;100),(59049.46566;[0.9];[-0.05];4483.78207;[0.8739];[-0.0761];4419.85941;100),(63563.44414;[0.88];[-0.07];4257.38125;[0.8462];[-0.1038];4213.09114;100),(75742.05446;[0.74];[-0.21];4086.34672;[0.7453];[-0.2047];4041.27204;100),(77684.69667;[0.7];[-0.25];3934.15852;[0.7072];[-0.2428];3937.75498;100),(82865.87954;[0.7];[-0.25];3933.69247;[0.7074];[-0.2426];3937.28818;100),(85056.74601;[0.69];[-0.26];3913.59355;[0.698];[-0.252];3916.73817;100),(90018.79454;[0.73];[-0.22];6397.20859;[0.7275];[-0.2225];6315.04650;100),(95723.21415;[0.82];[-0.13];5282.36869;[0.8157];[-0.1343];5220.98735;100),(101919.43502;[0.93];[-0.02];4484.26497;[0.8867];[-0.0633];4420.93943;100),(107664.03294;[0.88];[-0.07];4268.46230;[0.8465];[-0.1035];4211.97467;100),(119626.54948;[0.76];[-0.19];4092.88256;[0.7641];[-0.1859];4048.64870;100),(122036.10110;[0.72];[-0.23];4027.10496;[0.7183];[-0.2317];3981.32395;100),(123557.17134;[0.71];[-0.24];3982.98671;[0.7113];[-0.2387];3956.34268;100),(125597.46289;[0.71];[-0.24];3947.15755;[0.71];[-0.24];3950.50390;100),(127253.47137;[0.7];[-0.25];3934.15852;[0.7072];[-0.2428];3937.75498;100),(128347.02396;[0.7];[-0.25];3933.69247;[0.7074];[-0.2426];3937.28818;100),(128915.82870;[0.7];[-0.25];3933.69247;[0.7074];[-0.2426];3937.28818;100),(132370.58496;[0.73];[-0.22];6397.20859;[0.7275];[-0.2225];6315.04650;100),(138889.58478;[0.82];[-0.13];5259.08289;[0.8136];[-0.1364];5196.84114;100),(145986.04417;[0.93];[-0.02];4488.92798;[0.8837];[-0.0663];4425.60008;100),(152302.92726;[0.88];[-0.07];4280.98200;[0.8428];[-0.1072];4211.37611;100),(156165.53950;[0.7];[-0.25];3933.69247;[0.7074];[-0.2426];3937.28818;100),(161572.09969;[0.73];[-0.22];6397.20859;[0.7275];[-0.2225];6315.04650;100),(168668.36739;[0.82];[-0.13];5259.08289;[0.8136];[-0.1364];5196.84114;100),(175139.40310;[0.93];[-0.02];4488.92798;[0.8837];[-0.0663];4425.60008;100),(180504.95410;[0.88];[-0.07];4280.98200;[0.8428];[-0.1072];4211.37611;100),(190051.97239;[0.78];[-0.17];4107.74727;[0.7771];[-0.1729];4082.14220;100),(191994.05980;[0.74];[-0.21];4034.85057;[0.7408];[-0.2092];4009.23829;100),(193851.31216;[0.71];[-0.24];3973.97113;[0.709];[-0.241];3947.16536;100),(195652.50587;[0.71];[-0.24];3946.49540;[0.7103];[-0.2397];3949.85807;100),(197727.99206;[0.7];[-0.25];3933.69247;[0.7074];[-0.2426];3937.28818;100),(199412.18185;[0.7];[-0.25];3933.69247;[0.7074];[-0.2426];3937.28818;100),(203290.02523;[0.73];[-0.22];6397.20859;[0.7275];[-0.2225];6315.04650;100),(210613.19017;[0.82];[-0.13];5275.21802;[0.8234];[-0.1266];5214.46218;100),(217563.55000;[0.92];[-0.03];4493.08477;[0.8831];[-0.0669];4429.65829;100),(222789.45565;[0.94];[-0.01];4296.44122;[0.8955];[-0.0545];4241.49054;100),(227270.75005;[0.7];[-0.25];3933.69247;[0.7074];[-0.2426];3937.28818;100),(229575.94299;[0.7];[-0.25];3933.69247;[0.7074];[-0.2426];3937.28818;100),(232940.39464;[0.73];[-0.22];6397.20859;[0.7275];[-0.2225];6315.04650;100),(238691.43915;[0.82];[-0.13];5234.37269;[0.8189];[-0.1311];5196.99683;100),(245675.13394;[0.94];[-0.01];4467.40547;[0.8932];[-0.0568];4402.98142;100),(251037.93883;[0.94];[-0.01];4296.44122;[0.8955];[-0.0545];4241.49054;100),(257219.55490;[0.7];[-0.25];3933.69247;[0.7074];[-0.2426];3937.28818;100),(263018.72873;[0.73];[-0.22];6397.20859;[0.7275];[-0.2225];6315.04650;100),(269050.55165;[0.82];[-0.13];5234.37269;[0.8189];[-0.1311];5196.99683;100),(275474.03646;[0.94];[-0.01];4467.40547;[0.8932];[-0.0568];4402.98142;100),(280911.07082;[0.94];[-0.01];4296.40628;[0.8955];[-0.0545];4240.00531;100),(292450.09780;[0.81];[-0.14];4133.37662;[0.8115];[-0.1385];4108.65053;100),(295578.12810;[0.76];[-0.19];4051.27422;[0.7674];[-0.1826];4056.43938;100),(297587.39066;[0.74];[-0.21];3989.50293;[0.7222];[-0.2278];3992.97578;100),(299644.67049;[0.7];[-0.25];3933.69247;[0.7074];[-0.2426];3937.28818;100),(303757.29060;[0.7];[-0.25];3933.69247;[0.7074];[-0.2426];3937.28818;100),(309294.38233;[0.73];[-0.22];6397.20859;[0.7275];[-0.2225];6315.04650;100),(315184.90314;[0.82];[-0.13];5254.13970;[0.8151];[-0.1349];5191.68484;100),(321862.01596;[0.92];[-0.03];4470.22895;[0.8791];[-0.0709];4405.59300;100),(327349.77436;[0.92];[-0.03];4307.80602;[0.8804];[-0.0696];4252.84403;100),(337158.01620;[0.83];[-0.12];4160.86361;[0.8129];[-0.1371];4116.74529;100),(339148.74768;[0.78];[-0.17];4082.19524;[0.779];[-0.171];4086.73680;100),(341019.59968;[0.74];[-0.21];3991.74900;[0.7248];[-0.2252];3995.25445;100),(344842.76104;[0.72];[-0.23];3962.37661;[0.7157];[-0.2343];3965.80822;100),(348221.31038;[0.71];[-0.24];3961.04740;[0.7145];[-0.2355];3964.43333;100),(350180.64308;[0.71];[-0.24];3961.04740;[0.7145];[-0.2355];3964.43333;100),(353836.37381;[0.73];[-0.22];6397.20859;[0.7275];[-0.2225];6315.04650;100),(360780.52306;[0.83];[-0.12];5228.96851;[0.8236];[-0.1264];5178.95356;100),(367694.61203;[0.94];[-0.01];4477.70979;[0.891];[-0.059];4439.17118;100),(372794.19470;[0.92];[-0.03];4321.08507;[0.875];[-0.075];4253.02787;100),(378253.77274;[0.71];[-0.24];3961.04740;[0.7145];[-0.2355];3964.43333;100),(390977.86689;[0.73];[-0.22];6397.20859;[0.7275];[-0.2225];6315.04650;100),(399017.04335;[0.83];[-0.12];5228.96851;[0.8236];[-0.1264];5178.95356;100),(405613.88516;[0.94];[-0.01];4477.70979;[0.891];[-0.059];4439.17118;100),(410994.08817;[0.92];[-0.03];4321.08507;[0.875];[-0.075];4253.02787;100),(419830.95169;[0.83];[-0.12];4187.21991;[0.8144];[-0.1356];4142.04296;100),(421661.83591;[0.82];[-0.13];4117.43633;[0.8148];[-0.1352];4122.67303;100),(423783.81348;[0.76];[-0.19];4050.82215;[0.7676];[-0.1824];4055.99808;100),(427096.35425;[0.74];[-0.21];3983.40463;[0.7212];[-0.2288];3986.49884;100),(429723.73676;[0.72];[-0.23];3961.92453;[0.7157];[-0.2343];3965.36692;100),(434239.37607;[0.72];[-0.23];3961.92453;[0.7157];[-0.2343];3965.36692;100),(438243.14952;[0.73];[-0.22];6397.20859;[0.7275];[-0.2225];6315.04650;100),(445600.89374;[0.82];[-0.13];5202.80216;[0.8173];[-0.1327];5163.14507;100),(454420.86148;[0.94];[-0.01];4457.66294;[0.8958];[-0.0542];4392.73900;100),(460923.95139;[0.92];[-0.03];4285.04911;[0.8808];[-0.0692];4241.96016;100),(466354.52914;[0.72];[-0.23];3961.92453;[0.7157];[-0.2343];3965.36692;100),(475130.72133;[0.71];[-0.24];3961.04740;[0.7145];[-0.2355];3964.43333;100),(478786.93438;[0.73];[-0.22];6397.20859;[0.7275];[-0.2225];6315.04650;100),(486743.66856;[0.82];[-0.13];5202.80216;[0.8173];[-0.1327];5163.14507;100),(496000.71430;[0.94];[-0.01];4457.66294;[0.8958];[-0.0542];4392.73900;100),(502492.68031;[0.9];[-0.05];4284.18538;[0.8616];[-0.0884];4240.33802;100),(507453.61114;[0.71];[-0.24];3961.04740;[0.7145];[-0.2355];3964.43333;100),(515495.01896;[0.71];[-0.24];3961.04740;[0.7145];[-0.2355];3964.43333;100),(519277.82369;[0.73];[-0.22];6397.20859;[0.7275];[-0.2225];6315.04650;100),(525914.01052;[0.82];[-0.13];5202.80216;[0.8173];[-0.1327];5163.14507;100),(535224.01595;[0.94];[-0.01];4457.66294;[0.8958];[-0.0542];4392.73900;100),(541310.57882;[0.9];[-0.05];4284.18538;[0.8616];[-0.0884];4240.33802;100),(547115.18097;[0.71];[-0.24];3961.04740;[0.7145];[-0.2355];3964.43333;100),(559798.39730;[0.73];[-0.22];6397.20859;[0.7275];[-0.2225];6315.04650;100),(566521.19637;[0.82];[-0.13];5202.80216;[0.8173];[-0.1327];5163.14507;100),(575129.22955;[0.94];[-0.01];4457.66294;[0.8958];[-0.0542];4392.73900;100),(580822.76773;[0.9];[-0.05];4284.18538;[0.8616];[-0.0884];4240.33802;100),(597182.14679;[0.71];[-0.24];3961.04740;[0.7145];[-0.2355];3964.43333;100)]"
4,4,4506.473164153847,[0.9146],[-0.0354],600323.1873512268,"[(969.98739;[0.71];[-0.24];6153.02694;[0.7498];[-0.2002];6352.31409;100),(9084.63979;[0.71];[-0.24];6153.02694;[0.7498];[-0.2002];6352.31409;100),(12687.04581;[0.71];[-0.24];6153.02694;[0.7498];[-0.2002];6352.31409;100),(16066.23292;[0.71];[-0.24];6153.02694;[0.7498];[-0.2002];6352.31409;100),(19908.34188;[0.71];[-0.24];6153.02694;[0.7498];[-0.2002];6352.31409;100),(23603.65677;[0.71];[-0.24];6153.02694;[0.7498];[-0.2002];6352.31409;100),(25782.48024;[0.85];[-0.1];5111.62309;[0.8323];[-0.1177];5229.28689;100),(26563.27200;[0.9];[-0.05];4177.68149;[0.8867];[-0.0633];4209.16859;100),(28820.24908;[0.73];[-0.22];4022.59045;[0.7542];[-0.1958];4050.04547;100),(33973.85097;[0.71];[-0.24];3948.91646;[0.7347];[-0.2153];3972.23105;100),(34902.29845;[0.67];[-0.28];3892.74319;[0.7011];[-0.2489];3913.72789;100),(37482.57661;[0.67];[-0.28];3890.33623;[0.6992];[-0.2508];3911.37291;100),(43545.43996;[0.71];[-0.24];6153.02694;[0.7498];[-0.2002];6352.31409;100),(49893.54491;[0.85];[-0.1];5100.93356;[0.8346];[-0.1154];5218.80741;100),(55676.35632;[0.97];[0.02];4418.16215;[0.9287];[-0.0213];4462.08033;100),(60193.38751;[0.89];[-0.06];4503.54337;[0.8928];[-0.0572];4555.99316;100),(68862.91933;[0.95];[0.];4458.89035;[0.9146];[-0.0354];4506.47316;100),(71363.42573;[0.95];[0.];4213.09217;[0.926];[-0.024];4245.89507;100),(73139.14585;[0.92];[-0.03];4167.17388;[0.8935];[-0.0565];4197.75784;100),(73712.45527;[0.87];[-0.08];4130.08307;[0.8523];[-0.0977];4159.21111;100),(74394.84811;[0.84];[-0.11];4103.10217;[0.8385];[-0.1115];4131.34711;100),(75068.13860;[0.81];[-0.14];4078.52272;[0.8144];[-0.1356];4105.66341;100),(75988.58500;[0.76];[-0.19];4047.77977;[0.777];[-0.173];4074.83066;100),(78132.34854;[0.76];[-0.19];4042.12640;[0.7769];[-0.1731];4068.92618;100),(78294.10648;[0.76];[-0.19];4042.12640;[0.7769];[-0.1731];4068.92618;100),(81407.11522;[0.71];[-0.24];6153.09843;[0.7461];[-0.2039];6352.41342;100),(87688.96866;[0.85];[-0.1];5137.92061;[0.828];[-0.122];5258.76588;100),(94234.36713;[0.93];[-0.02];4405.99278;[0.9054];[-0.0446];4451.35855;100),(98342.05842;[0.98];[0.03];4260.93897;[0.9696];[0.0196];4294.76011;100),(103889.64081;[0.97];[0.02];4325.45348;[0.9393];[-0.0107];4364.79451;100),(108687.82997;[0.97];[0.02];4355.97413;[0.9603];[0.0103];4396.59440;100),(111452.16107;[0.96];[0.01];4207.92057;[0.9306];[-0.0194];4240.19861;100),(112149.38426;[0.98];[0.03];4301.10479;[0.9718];[0.0218];4337.15405;100),(112467.16166;[0.97];[0.02];4332.00806;[0.9341];[-0.0159];4371.87466;100),(112949.17226;[0.98];[0.03];4342.89038;[0.9646];[0.0146];4381.12181;100),(113226.05324;[0.97];[0.02];4350.47130;[0.9615];[0.0115];4390.05845;100),(113951.16735;[0.97];[0.02];4350.75602;[0.9638];[0.0138];4390.98531;100),(114312.69932;[0.97];[0.02];4355.97413;[0.9603];[0.0103];4396.59440;100),(114528.70417;[0.97];[0.02];4355.97413;[0.9603];[0.0103];4396.59440;100),(114796.16475;[0.97];[0.02];4355.97413;[0.9603];[0.0103];4396.59440;100),(115062.12687;[0.97];[0.02];4355.97413;[0.9603];[0.0103];4396.59440;100),(115312.37102;[0.97];[0.02];4355.97413;[0.9603];[0.0103];4396.59440;100),(118697.92557;[0.71];[-0.24];6153.02694;[0.7498];[-0.2002];6352.31409;100),(123871.23632;[0.79];[-0.16];5645.58373;[0.7991];[-0.1509];5805.37422;100),(128126.88732;[0.88];[-0.07];4512.51664;[0.882];[-0.068];4567.56581;100),(134180.74632;[0.93];[-0.02];4431.70239;[0.9074];[-0.0426];4479.64791;100),(141863.44075;[0.96];[0.01];4381.39225;[0.9292];[-0.0208];4424.17682;100),(142694.34977;[0.97];[0.02];4267.87769;[0.9612];[0.0112];4302.49237;100),(143045.67051;[0.96];[0.01];4334.39727;[0.9321];[-0.0179];4374.48565;100),(143956.79975;[0.97];[0.02];4356.90201;[0.9566];[0.0066];4397.77882;100),(146385.92696;[0.97];[0.02];4369.19641;[0.9495];[-0.0005];4410.81182;100),(148138.46850;[0.97];[0.02];4377.19534;[0.9291];[-0.0209];4418.93113;100),(150763.55958;[0.97];[0.02];4377.19534;[0.9291];[-0.0209];4418.93113;100),(153157.02581;[0.96];[0.01];4378.85067;[0.9318];[-0.0182];4422.33474;100),(155113.24120;[0.96];[0.01];4381.39225;[0.9292];[-0.0208];4424.17682;100),(157120.32294;[0.96];[0.01];4381.39225;[0.9292];[-0.0208];4424.17682;100),(159155.93314;[0.96];[0.01];4381.39225;[0.9292];[-0.0208];4424.17682;100),(161304.16751;[0.96];[0.01];4381.39225;[0.9292];[-0.0208];4424.17682;100),(164798.29383;[0.71];[-0.24];6153.02694;[0.7498];[-0.2002];6352.31409;100),(169327.30579;[0.79];[-0.16];5647.85629;[0.7989];[-0.1511];5807.94315;100),(173798.19107;[0.93];[-0.02];4522.19611;[0.913];[-0.037];4577.29316;100),(179876.00684;[0.92];[-0.03];4454.27073;[0.8967];[-0.0533];4504.37656;100),(186627.66719;[0.93];[-0.02];4405.99278;[0.9054];[-0.0446];4451.35855;100),(187380.97024;[0.98];[0.03];4307.43582;[0.9704];[0.0204];4344.70520;100),(187846.74025;[0.97];[0.02];4361.64318;[0.9523];[0.0023];4402.04372;100),(190634.40418;[0.96];[0.01];4383.50408;[0.9262];[-0.0238];4426.59175;100),(193694.05031;[0.96];[0.01];4394.89770;[0.9235];[-0.0265];4439.51745;100),(196856.97675;[0.95];[0.];4399.59139;[0.9177];[-0.0323];4442.78322;100),(202411.68761;[0.95];[0.];4397.93463;[0.9231];[-0.0269];4443.57566;100),(204824.48912;[0.95];[0.];4397.93463;[0.9231];[-0.0269];4443.57566;100),(206974.07508;[0.95];[0.];4397.93463;[0.9231];[-0.0269];4443.57566;100),(209326.68662;[0.95];[0.];4397.93463;[0.9231];[-0.0269];4443.57566;100),(215063.72952;[0.96];[0.01];4394.89770;[0.9235];[-0.0265];4439.51745;100),(217320.30177;[0.95];[0.];4397.93463;[0.9231];[-0.0269];4443.57566;100),(220335.66999;[0.71];[-0.24];6153.02694;[0.7498];[-0.2002];6352.31409;100),(224917.50598;[0.79];[-0.16];5622.90500;[0.7999];[-0.1501];5780.53754;100),(229080.49226;[0.88];[-0.07];4517.76524;[0.8846];[-0.0654];4573.00620;100),(235388.77797;[0.93];[-0.02];4446.22278;[0.9011];[-0.0489];4494.84352;100),(243637.52556;[0.95];[0.];4397.93463;[0.9231];[-0.0269];4443.57566;100),(244077.30985;[0.97];[0.02];4293.82785;[0.9559];[0.0059];4331.84736;100),(244635.54645;[0.97];[0.02];4350.75602;[0.9638];[0.0138];4390.98531;100),(247064.45932;[0.97];[0.02];4373.11189;[0.9349];[-0.0151];4415.35193;100),(249979.31671;[0.96];[0.01];4383.50408;[0.9262];[-0.0238];4426.59175;100),(252554.09670;[0.96];[0.01];4392.23996;[0.9258];[-0.0242];4436.65933;100),(254809.45086;[0.96];[0.01];4394.89770;[0.9235];[-0.0265];4439.51745;100),(257412.43386;[0.96];[0.01];4394.89770;[0.9235];[-0.0265];4439.51745;100),(259939.06426;[0.96];[0.01];4394.89770;[0.9235];[-0.0265];4439.51745;100),(262356.91118;[0.96];[0.01];4394.89770;[0.9235];[-0.0265];4439.51745;100),(264652.50969;[0.96];[0.01];4394.89770;[0.9235];[-0.0265];4439.51745;100),(266862.65278;[0.95];[0.];4397.93463;[0.9231];[-0.0269];4443.57566;100),(270435.28724;[0.71];[-0.24];6153.02694;[0.7498];[-0.2002];6352.31409;100),(275082.31735;[0.79];[-0.16];5622.90500;[0.7999];[-0.1501];5780.53754;100),(279933.31313;[0.88];[-0.07];4517.76524;[0.8846];[-0.0654];4573.00620;100),(286462.58140;[0.93];[-0.02];4446.22278;[0.9011];[-0.0489];4494.84352;100),(295640.14959;[0.95];[0.];4397.93463;[0.9231];[-0.0269];4443.57566;100),(296340.12532;[0.97];[0.02];4293.82785;[0.9559];[0.0059];4331.84736;100),(297190.63067;[0.97];[0.02];4350.47130;[0.9615];[0.0115];4390.05845;100),(299812.29162;[0.97];[0.02];4373.11189;[0.9349];[-0.0151];4415.35193;100),(302207.61275;[0.96];[0.01];4383.50408;[0.9262];[-0.0238];4426.59175;100),(304284.57117;[0.96];[0.01];4392.23996;[0.9258];[-0.0242];4436.65933;100),(306109.40909;[0.96];[0.01];4394.89770;[0.9235];[-0.0265];4439.51745;100),(309082.84187;[0.96];[0.01];4394.89770;[0.9235];[-0.0265];4439.51745;100),(311489.90536;[0.96];[0.01];4394.89770;[0.9235];[-0.0265];4439.51745;100),(314031.68774;[0.96];[0.01];4394.89770;[0.9235];[-0.0265];4439.51745;100),(316723.74487;[0.96];[0.01];4394.89770;[0.9235];[-0.0265];4439.51745;100),(319605.27372;[0.96];[0.01];4394.89770;[0.9235];[-0.0265];4439.51745;100),(323781.19683;[0.71];[-0.24];6153.02694;[0.7498];[-0.2002];6352.31409;100),(331725.04282;[0.87];[-0.08];5225.88501;[0.8615];[-0.0885];5354.99303;100),(335768.21637;[0.89];[-0.06];4509.34638;[0.8874];[-0.0626];4563.74642;100),(342601.71366;[0.93];[-0.02];4446.22278;[0.9011];[-0.0489];4494.84352;100),(351009.22823;[0.96];[0.01];4394.89770;[0.9235];[-0.0265];4439.51745;100),(351813.39383;[0.97];[0.02];4293.82785;[0.9559];[0.0059];4331.84736;100),(352472.22900;[0.97];[0.02];4350.75602;[0.9638];[0.0138];4390.98531;100),(354867.68532;[0.97];[0.02];4373.11189;[0.9349];[-0.0151];4415.35193;100),(357167.54365;[0.96];[0.01];4385.47202;[0.9282];[-0.0218];4428.65389;100),(359947.95561;[0.96];[0.01];4392.23996;[0.9258];[-0.0242];4436.65933;100),(361868.45160;[0.96];[0.01];4394.89770;[0.9235];[-0.0265];4439.51745;100),(364599.70546;[0.96];[0.01];4394.89770;[0.9235];[-0.0265];4439.51745;100),(367151.84855;[0.96];[0.01];4394.89770;[0.9235];[-0.0265];4439.51745;100),(369887.48574;[0.96];[0.01];4394.89770;[0.9235];[-0.0265];4439.51745;100),(372145.61796;[0.96];[0.01];4394.89770;[0.9235];[-0.0265];4439.51745;100),(374849.18690;[0.95];[0.];4397.93463;[0.9231];[-0.0269];4443.57566;100),(378359.98511;[0.71];[-0.24];6153.02694;[0.7498];[-0.2002];6352.31409;100),(383351.46451;[0.79];[-0.16];5622.90500;[0.7999];[-0.1501];5780.53754;100),(387601.99285;[0.88];[-0.07];4517.76524;[0.8846];[-0.0654];4573.00620;100),(394427.45042;[0.94];[-0.01];4462.95735;[0.9115];[-0.0385];4511.85193;100),(400824.73516;[0.96];[0.01];4423.81068;[0.9267];[-0.0233];4468.87525;100),(401615.47399;[0.97];[0.02];4324.95946;[0.9359];[-0.0141];4363.10893;100),(404738.18207;[0.97];[0.02];4377.19534;[0.9291];[-0.0209];4418.93113;100),(407789.40773;[0.97];[0.02];4398.30194;[0.9495];[-0.0005];4440.63027;100),(410580.58476;[0.92];[-0.03];4411.95763;[0.8938];[-0.0562];4459.36562;100),(412930.07541;[0.93];[-0.02];4405.99278;[0.9054];[-0.0446];4451.35855;100),(418659.79910;[0.97];[0.02];4400.37904;[0.9336];[-0.0164];4444.61072;100),(421322.09492;[0.95];[0.];4403.45481;[0.9188];[-0.0312];4447.60418;100),(424758.92806;[0.97];[0.02];4401.41700;[0.9382];[-0.0118];4443.69849;100),(428025.19655;[0.97];[0.02];4401.77626;[0.9466];[-0.0034];4444.52529;100),(430923.28739;[0.95];[0.];4403.45481;[0.9188];[-0.0312];4447.60418;100),(434334.23662;[0.97];[0.02];4402.85989;[0.9349];[-0.0151];4446.72594;100),(437551.63836;[0.71];[-0.24];6153.02694;[0.7498];[-0.2002];6352.31409;100),(441814.93187;[0.87];[-0.08];5237.70394;[0.8478];[-0.1022];5371.51605;100),(445770.28847;[0.93];[-0.02];4522.19611;[0.913];[-0.037];4577.29316;100),(450171.13209;[0.93];[-0.02];4468.71675;[0.9009];[-0.0491];4519.18909;100),(456284.58643;[0.93];[-0.02];4430.56600;[0.9062];[-0.0438];4477.69198;100),(457015.37156;[0.96];[0.01];4336.20497;[0.9339];[-0.0161];4377.12035;100),(459956.98404;[0.96];[0.01];4386.89476;[0.9271];[-0.0229];4430.18536;100),(463818.55392;[0.97];[0.02];4407.96748;[0.9394];[-0.0106];4451.28822;100),(467030.35998;[0.97];[0.02];4421.83088;[0.9286];[-0.0214];4466.69813;100),(469733.24776;[0.96];[0.01];4428.25023;[0.9255];[-0.0245];4474.41045;100),(472719.53154;[0.93];[-0.02];4429.37588;[0.9075];[-0.0425];4476.39033;100),(475514.77551;[0.96];[0.01];4428.25023;[0.9255];[-0.0245];4474.41045;100),(478208.31990;[0.96];[0.01];4428.25023;[0.9255];[-0.0245];4474.41045;100),(481054.76022;[0.96];[0.01];4428.25023;[0.9255];[-0.0245];4474.41045;100),(483779.92535;[0.93];[-0.02];4429.37588;[0.9075];[-0.0425];4476.39033;100),(486655.48563;[0.93];[-0.02];4429.37588;[0.9075];[-0.0425];4476.39033;100),(490941.66183;[0.71];[-0.24];6153.02694;[0.7498];[-0.2002];6352.31409;100),(494870.27359;[0.87];[-0.08];5237.13491;[0.8497];[-0.1003];5370.52184;100),(498995.79620;[0.88];[-0.07];4521.66589;[0.8751];[-0.0749];4579.08237;100),(503458.42409;[0.93];[-0.02];4466.39416;[0.9051];[-0.0449];4515.65362;100),(509557.09124;[0.93];[-0.02];4429.37588;[0.9075];[-0.0425];4476.39033;100),(510364.33244;[0.97];[0.02];4332.00806;[0.9341];[-0.0159];4371.87466;100),(513873.23618;[0.93];[-0.02];4382.36338;[0.9121];[-0.0379];4427.40993;100),(514382.06029;[0.97];[0.02];4359.77073;[0.9557];[0.0057];4399.94826;100),(516518.24284;[0.97];[0.02];4371.52292;[0.9481];[-0.0019];4414.06940;100),(518950.75274;[0.97];[0.02];4377.19534;[0.9291];[-0.0209];4418.93113;100),(520952.08359;[0.96];[0.01];4381.39225;[0.9292];[-0.0208];4424.17682;100),(523521.34776;[0.96];[0.01];4381.39225;[0.9292];[-0.0208];4424.17682;100),(525681.13089;[0.93];[-0.02];4381.45606;[0.9136];[-0.0364];4426.38157;100),(528014.73904;[0.93];[-0.02];4381.45606;[0.9136];[-0.0364];4426.38157;100),(532812.46996;[0.96];[0.01];4381.39225;[0.9292];[-0.0208];4424.17682;100),(535106.42338;[0.96];[0.01];4381.39225;[0.9292];[-0.0208];4424.17682;100),(538586.58791;[0.71];[-0.24];6153.02694;[0.7498];[-0.2002];6352.31409;100),(543767.52377;[0.82];[-0.13];5217.42645;[0.8109];[-0.1391];5348.85851;100),(548140.44762;[0.89];[-0.06];4502.56880;[0.8949];[-0.0551];4554.86205;100),(554520.19072;[0.97];[0.02];4435.50923;[0.931];[-0.019];4480.06200;100),(561172.99604;[0.97];[0.02];4457.37338;[0.9284];[-0.0216];4503.66606;100),(565233.03771;[0.91];[-0.04];4475.09995;[0.8973];[-0.0527];4526.84766;100),(565863.96575;[0.97];[0.02];4284.49034;[0.9597];[0.0097];4321.14597;100),(569982.50508;[0.97];[0.02];4400.37904;[0.9336];[-0.0164];4444.61072;100),(573456.23493;[0.93];[-0.02];4444.72674;[0.9047];[-0.0453];4493.10480;100),(576371.86933;[0.96];[0.01];4428.25023;[0.9255];[-0.0245];4474.41045;100),(579511.74378;[0.97];[0.02];4436.73892;[0.9399];[-0.0101];4480.73349;100),(582209.50484;[0.97];[0.02];4442.64105;[0.9278];[-0.0222];4488.49547;100),(584839.02502;[0.97];[0.02];4442.64105;[0.9278];[-0.0222];4488.49547;100),(588018.20350;[0.94];[-0.01];4444.28615;[0.9166];[-0.0334];4491.50689;100),(590854.05612;[0.94];[-0.01];4444.28615;[0.9166];[-0.0334];4491.50689;100),(594309.32832;[0.97];[0.02];4442.64105;[0.9278];[-0.0222];4488.49547;100),(597262.43734;[0.97];[0.02];4442.64105;[0.9278];[-0.0222];4488.49547;100),(600295.90034;[0.97];[0.02];4442.64105;[0.9278];[-0.0222];4488.49547;100)]"
4,10,4301.035777246424,[0.9277],[-0.0223],601315.911769867,"[(816.33234;[0.53];[-0.42];8357.23613;[0.4083];[-0.5417];6230.49179;100),(7639.21762;[0.53];[-0.42];8357.23613;[0.4083];[-0.5417];6230.49179;100),(11256.78658;[0.53];[-0.42];8357.23613;[0.4083];[-0.5417];6230.49179;100),(15217.22651;[0.53];[-0.42];8357.23613;[0.4083];[-0.5417];6230.49179;100),(19559.78656;[0.53];[-0.42];8357.23613;[0.4083];[-0.5417];6230.49179;100),(24153.42116;[0.53];[-0.42];8357.23613;[0.4083];[-0.5417];6230.49179;100),(24573.49157;[0.79];[-0.16];6815.04367;[0.7434];[-0.2066];6207.23045;100),(26362.48255;[0.79];[-0.16];4942.73970;[0.7377];[-0.2123];4690.55810;100),(28156.19779;[0.89];[-0.06];4577.55425;[0.8745];[-0.0755];4442.68438;100),(28659.02114;[0.9];[-0.05];4372.13900;[0.904];[-0.046];4273.90369;100),(30015.10453;[0.83];[-0.12];4128.14500;[0.8048];[-0.1452];4046.91961;100),(30733.76226;[0.75];[-0.2];3949.90304;[0.6819];[-0.2681];3872.87601;100),(32833.91023;[0.67];[-0.28];3769.08015;[0.5768];[-0.3732];3710.09483;100),(39291.37659;[0.65];[-0.3];3725.07854;[0.5434];[-0.4066];3670.94488;100),(40964.85901;[0.65];[-0.3];3722.26377;[0.5402];[-0.4098];3668.10717;100),(43062.55984;[0.58];[-0.37];3675.15961;[0.4976];[-0.4524];3624.97501;100),(45183.28023;[0.58];[-0.37];3669.32245;[0.4907];[-0.4593];3620.15805;100),(53148.02170;[0.77];[-0.18];7053.27169;[0.7029];[-0.2471];6329.17725;100),(57061.24759;[0.83];[-0.12];5681.76567;[0.8014];[-0.1486];5341.04017;100),(64709.24854;[0.88];[-0.07];4620.10167;[0.8613];[-0.0887];4474.76916;100),(70888.07869;[0.9];[-0.05];4300.52868;[0.914];[-0.036];4214.39980;100),(84356.75716;[0.78];[-0.17];4010.78642;[0.718];[-0.232];3930.77226;100),(85898.83208;[0.73];[-0.22];3856.90818;[0.6322];[-0.3178];3788.85402;100),(86417.03486;[0.7];[-0.25];3808.93091;[0.605];[-0.345];3746.19143;100),(89529.69551;[0.67];[-0.28];3762.85694;[0.574];[-0.376];3705.40749;100),(90249.31645;[0.65];[-0.3];3722.26377;[0.5402];[-0.4098];3668.10717;100),(90518.78786;[0.65];[-0.3];3722.26377;[0.5402];[-0.4098];3668.10717;100),(96736.41133;[0.77];[-0.18];7053.27169;[0.7029];[-0.2471];6329.17725;100),(100657.19938;[0.81];[-0.14];5705.30068;[0.7848];[-0.1652];5346.27905;100),(106273.34809;[0.89];[-0.06];4640.88714;[0.867];[-0.083];4493.43181;100),(111718.37568;[0.89];[-0.06];4343.51386;[0.8857];[-0.0643];4245.39124;100),(116016.98279;[0.65];[-0.3];3722.26377;[0.5402];[-0.4098];3668.10717;100),(120509.18198;[0.65];[-0.3];3722.12859;[0.5404];[-0.4096];3667.91332;100),(127428.52950;[0.76];[-0.19];7052.98068;[0.7004];[-0.2496];6318.88944;100),(131662.64582;[0.81];[-0.14];5705.30068;[0.7848];[-0.1652];5346.27905;100),(138222.59521;[0.89];[-0.06];4640.88714;[0.867];[-0.083];4493.43181;100),(143526.05009;[0.89];[-0.06];4343.51386;[0.8857];[-0.0643];4245.39124;100),(147421.05460;[0.65];[-0.3];3722.12859;[0.5404];[-0.4096];3667.91332;100),(150979.21705;[0.65];[-0.3];3722.12859;[0.5404];[-0.4096];3667.91332;100),(157862.10799;[0.77];[-0.18];7053.27169;[0.7029];[-0.2471];6329.17725;100),(163176.39089;[0.82];[-0.13];5663.70295;[0.7996];[-0.1504];5324.90861;100),(169893.42499;[0.89];[-0.06];4640.88714;[0.867];[-0.083];4493.43181;100),(175822.24822;[0.89];[-0.06];4343.51386;[0.8857];[-0.0643];4245.39124;100),(179440.24134;[0.65];[-0.3];3722.12859;[0.5404];[-0.4096];3667.91332;100),(183165.41195;[0.65];[-0.3];3722.12859;[0.5404];[-0.4096];3667.91332;100),(188971.17734;[0.77];[-0.18];7053.27169;[0.7029];[-0.2471];6329.17725;100),(193802.54745;[0.82];[-0.13];5663.70295;[0.7996];[-0.1504];5324.90861;100),(199657.45687;[0.89];[-0.06];4640.88714;[0.867];[-0.083];4493.43181;100),(205383.72326;[0.89];[-0.06];4343.51386;[0.8857];[-0.0643];4245.39124;100),(210006.02627;[0.65];[-0.3];3722.12859;[0.5404];[-0.4096];3667.91332;100),(214842.74507;[0.65];[-0.3];3722.12859;[0.5404];[-0.4096];3667.91332;100),(221421.53358;[0.77];[-0.18];7053.27169;[0.7029];[-0.2471];6329.17725;100),(226227.80275;[0.82];[-0.13];5663.70295;[0.7996];[-0.1504];5324.90861;100),(231508.06403;[0.89];[-0.06];4640.88714;[0.867];[-0.083];4493.43181;100),(236200.66977;[0.89];[-0.06];4343.51386;[0.8857];[-0.0643];4245.39124;100),(240137.16793;[0.65];[-0.3];3722.12859;[0.5404];[-0.4096];3667.91332;100),(244074.21136;[0.65];[-0.3];3722.12859;[0.5404];[-0.4096];3667.91332;100),(250328.45902;[0.77];[-0.18];7053.27169;[0.7029];[-0.2471];6329.17725;100),(255478.66321;[0.83];[-0.12];5663.62844;[0.7995];[-0.1505];5324.82365;100),(262013.34286;[0.89];[-0.06];4640.88714;[0.867];[-0.083];4493.43181;100),(267479.18296;[0.89];[-0.06];4343.51386;[0.8857];[-0.0643];4245.39124;100),(271248.17753;[0.65];[-0.3];3722.12859;[0.5404];[-0.4096];3667.91332;100),(279900.65980;[0.77];[-0.18];7053.27169;[0.7029];[-0.2471];6329.17725;100),(288311.66792;[0.83];[-0.12];5621.98329;[0.812];[-0.138];5298.99930;100),(296186.41591;[0.89];[-0.06];4599.42258;[0.8888];[-0.0612];4464.62600;100),(301510.97679;[0.89];[-0.06];4343.51386;[0.8857];[-0.0643];4245.39124;100),(310837.81004;[0.81];[-0.14];4116.33770;[0.7854];[-0.1646];4033.33683;100),(313125.54669;[0.78];[-0.17];3990.01476;[0.7269];[-0.2231];3917.02853;100),(314213.18269;[0.75];[-0.2];3894.62740;[0.6716];[-0.2784];3827.94731;100),(316071.08235;[0.7];[-0.25];3812.74957;[0.6076];[-0.3424];3749.50714;100),(317364.20822;[0.7];[-0.25];3808.93091;[0.605];[-0.345];3746.19143;100),(318456.74753;[0.7];[-0.25];3808.93091;[0.605];[-0.345];3746.19143;100),(325204.34380;[0.76];[-0.19];7052.77391;[0.701];[-0.249];6322.90912;100),(330705.02830;[0.82];[-0.13];5642.86908;[0.7973];[-0.1527];5305.80071;100),(337774.05620;[0.89];[-0.06];4614.01244;[0.8626];[-0.0874];4470.11704;100),(342582.72219;[0.9];[-0.05];4375.27403;[0.9012];[-0.0488];4276.02488;100),(351544.39497;[0.82];[-0.13];4145.22883;[0.7885];[-0.1615];4058.53057;100),(352648.83566;[0.78];[-0.17];4020.64836;[0.7236];[-0.2264];3940.46133;100),(355309.16262;[0.76];[-0.19];3909.27188;[0.693];[-0.257];3844.85980;100),(358264.10341;[0.73];[-0.22];3854.73285;[0.6315];[-0.3185];3787.12457;100),(358945.37449;[0.7];[-0.25];3812.74957;[0.6076];[-0.3424];3749.50714;100),(359412.03880;[0.7];[-0.25];3808.93091;[0.605];[-0.345];3746.19143;100),(359583.14633;[0.7];[-0.25];3808.93091;[0.605];[-0.345];3746.19143;100),(359730.42727;[0.7];[-0.25];3808.93091;[0.605];[-0.345];3746.19143;100),(366654.19149;[0.77];[-0.18];7053.27169;[0.7029];[-0.2471];6329.17725;100),(377336.24220;[0.83];[-0.12];5621.98329;[0.812];[-0.138];5298.99930;100),(384935.50324;[0.89];[-0.06];4626.13169;[0.8839];[-0.0661];4486.11976;100),(389764.34207;[0.91];[-0.04];4398.54625;[0.9277];[-0.0223];4301.03578;100),(399114.51554;[0.87];[-0.08];4211.53129;[0.8367];[-0.1133];4123.74840;100),(399563.30037;[0.77];[-0.18];3995.77759;[0.7011];[-0.2489];3913.72789;100),(402605.80850;[0.75];[-0.2];3891.76561;[0.6702];[-0.2798];3825.37382;100),(405530.33233;[0.75];[-0.2];3891.00343;[0.6702];[-0.2798];3824.80350;100),(407629.13585;[0.7];[-0.25];3808.93091;[0.605];[-0.345];3746.19143;100),(409401.73173;[0.7];[-0.25];3808.93091;[0.605];[-0.345];3746.19143;100),(415619.82536;[0.77];[-0.18];7053.27169;[0.7029];[-0.2471];6329.17725;100),(420449.62883;[0.83];[-0.12];5638.00960;[0.8037];[-0.1463];5306.00166;100),(427700.29306;[0.89];[-0.06];4630.76164;[0.8829];[-0.0671];4489.94061;100),(432525.96402;[0.89];[-0.06];4406.28784;[0.8795];[-0.0705];4298.23747;100),(438332.24106;[0.7];[-0.25];3808.93091;[0.605];[-0.345];3746.19143;100),(449946.01870;[0.77];[-0.18];7053.27169;[0.7029];[-0.2471];6329.17725;100),(454404.64735;[0.83];[-0.12];5638.00960;[0.8037];[-0.1463];5306.00166;100),(461696.21491;[0.89];[-0.06];4630.76164;[0.8829];[-0.0671];4489.94061;100),(465792.11164;[0.89];[-0.06];4406.28784;[0.8795];[-0.0705];4298.23747;100),(475636.37304;[0.89];[-0.06];4241.79743;[0.8587];[-0.0913];4154.40101;100),(477150.70987;[0.78];[-0.17];4085.99963;[0.7408];[-0.2092];3997.32748;100),(477823.63057;[0.78];[-0.17];4044.73483;[0.7478];[-0.2022];3966.01662;100),(478467.74936;[0.77];[-0.18];3995.77759;[0.7011];[-0.2489];3913.72789;100),(478782.83286;[0.78];[-0.17];3979.32589;[0.7065];[-0.2435];3902.77640;100),(479317.58618;[0.76];[-0.19];3942.85537;[0.6944];[-0.2556];3870.83757;100),(479462.04686;[0.76];[-0.19];3942.85537;[0.6944];[-0.2556];3870.83757;100),(486358.19435;[0.77];[-0.18];7053.27169;[0.7029];[-0.2471];6329.17725;100),(496876.60956;[0.83];[-0.12];5608.28404;[0.8048];[-0.1452];5282.77292;100),(504591.61329;[0.9];[-0.05];4589.20049;[0.8951];[-0.0549];4457.83415;100),(509543.97941;[0.9];[-0.05];4354.68522;[0.8899];[-0.0601];4256.65457;100),(521905.13730;[0.77];[-0.18];7053.27169;[0.7029];[-0.2471];6329.17725;100),(527339.15019;[0.82];[-0.13];5651.59236;[0.7984];[-0.1516];5313.36458;100),(535045.69936;[0.89];[-0.06];4632.00844;[0.8694];[-0.0806];4487.14998;100),(539600.46029;[0.9];[-0.05];4410.82075;[0.9136];[-0.0364];4309.42500;100),(545991.45937;[0.89];[-0.06];4258.91142;[0.8591];[-0.0909];4168.69518;100),(547349.76172;[0.81];[-0.14];4116.33770;[0.7854];[-0.1646];4033.33683;100),(549911.44228;[0.81];[-0.14];4078.12807;[0.757];[-0.193];3995.48414;100),(550795.43996;[0.78];[-0.17];4044.73483;[0.7478];[-0.2022];3966.01662;100),(551999.69864;[0.78];[-0.17];4002.14686;[0.7317];[-0.2183];3927.62896;100),(552563.85374;[0.77];[-0.18];3995.77759;[0.7011];[-0.2489];3913.72789;100),(552962.52561;[0.78];[-0.17];3979.32589;[0.7065];[-0.2435];3902.77640;100),(553389.57930;[0.78];[-0.17];3979.31596;[0.7091];[-0.2409];3903.29009;100),(557156.65698;[0.77];[-0.18];7053.27169;[0.7029];[-0.2471];6329.17725;100),(564582.64518;[0.84];[-0.11];5567.05974;[0.8144];[-0.1356];5254.67931;100),(571891.71124;[0.89];[-0.06];4591.33504;[0.8766];[-0.0734];4454.75024;100),(577441.72668;[0.9];[-0.05];4358.05503;[0.9072];[-0.0428];4262.69443;100),(581323.64106;[0.78];[-0.17];3979.31596;[0.7091];[-0.2409];3903.29009;100),(587042.81878;[0.77];[-0.18];7053.27169;[0.7029];[-0.2471];6329.17725;100),(594367.15508;[0.84];[-0.11];5567.05974;[0.8144];[-0.1356];5254.67931;100),(601277.90856;[0.89];[-0.06];4577.93925;[0.8911];[-0.0589];4446.75761;100)]"
4,6,5368.515600256355,[0.9928],[0.0428],600421.8566417694,"[(813.48228;[0.71];[-0.24];5844.90593;[0.7682];[-0.1818];6338.99328;100),(9067.18278;[0.71];[-0.24];5844.90593;[0.7682];[-0.1818];6338.99328;100),(13383.67105;[0.71];[-0.24];5844.90593;[0.7682];[-0.1818];6338.99328;100),(17580.96576;[0.71];[-0.24];5844.90593;[0.7682];[-0.1818];6338.99328;100),(22079.69546;[0.71];[-0.24];5844.90593;[0.7682];[-0.1818];6338.99328;100),(26711.53665;[0.71];[-0.24];5844.90593;[0.7682];[-0.1818];6338.99328;100),(27510.27584;[0.9];[-0.05];4984.63395;[0.9268];[-0.0232];5175.48582;100),(27949.83983;[0.95];[0.];4195.47803;[0.9442];[-0.0058];4259.86665;100),(29353.00970;[0.86];[-0.09];4044.79762;[0.8812];[-0.0688];4105.87638;100),(31705.21855;[0.67];[-0.28];3915.68074;[0.7518];[-0.1982];3983.25043;100),(32537.92357;[0.65];[-0.3];3864.02584;[0.733];[-0.217];3926.71367;100),(32994.62867;[0.62];[-0.33];3799.00141;[0.6893];[-0.2607];3862.73243;100),(34944.34857;[0.6];[-0.35];3763.01345;[0.6695];[-0.2805];3822.94823;100),(40882.09033;[0.71];[-0.24];5844.90593;[0.7682];[-0.1818];6338.99328;100),(45011.14893;[1.];[0.05];4597.10429;[1.];[0.05];4625.68377;100),(49792.53006;[0.99];[0.04];5170.91113;[0.9928];[0.0428];5368.51560;100),(57400.14362;[0.76];[-0.19];5626.96426;[0.8205];[-0.1295];5994.14233;100),(63888.81493;[0.73];[-0.22];5387.05801;[0.7935];[-0.1565];5748.02057;100),(66256.19912;[1.];[0.05];4446.96438;[1.];[0.05];4523.79938;100),(68868.67714;[0.84];[-0.11];5013.20361;[0.88];[-0.07];5226.68198;100),(69452.57807;[1.];[0.05];4571.44280;[1.];[0.05];4612.47765;100),(72417.11664;[0.79];[-0.16];4942.19756;[0.8437];[-0.1063];5170.28302;100),(75219.95044;[0.79];[-0.16];4883.12349;[0.8411];[-0.1089];5102.82062;100),(78185.73356;[0.79];[-0.16];4831.76596;[0.834];[-0.116];5044.11464;100),(79029.80828;[1.];[0.05];4577.36533;[1.];[0.05];4611.13562;100),(79487.48159;[0.78];[-0.17];4801.90352;[0.8341];[-0.1159];5013.41878;100),(80150.54750;[1.];[0.05];4579.70974;[1.];[0.05];4616.18631;100),(80945.89496;[1.];[0.05];4579.70974;[1.];[0.05];4616.18631;100),(83928.29943;[1.];[0.05];4579.79559;[1.];[0.05];4612.61155;100),(84691.79678;[0.78];[-0.17];4801.90352;[0.8341];[-0.1159];5013.41878;100),(87937.88385;[1.];[0.05];4579.79559;[1.];[0.05];4612.61155;100),(88387.40039;[0.78];[-0.17];4801.90352;[0.8341];[-0.1159];5013.41878;100),(97507.70473;[0.71];[-0.24];5844.90593;[0.7682];[-0.1818];6338.99328;100),(102307.09887;[0.71];[-0.24];5844.90593;[0.7682];[-0.1818];6338.99328;100),(106466.13622;[0.71];[-0.24];5844.90593;[0.7682];[-0.1818];6338.99328;100),(110542.56296;[0.71];[-0.24];5844.90593;[0.7682];[-0.1818];6338.99328;100),(114460.85763;[0.71];[-0.24];5844.90593;[0.7682];[-0.1818];6338.99328;100),(115365.21220;[0.9];[-0.05];4984.63395;[0.9268];[-0.0232];5175.48582;100),(115845.44063;[0.95];[0.];4195.47803;[0.9442];[-0.0058];4259.86665;100),(117290.74121;[0.86];[-0.09];4044.79762;[0.8812];[-0.0688];4105.87638;100),(119380.06067;[0.67];[-0.28];3915.68074;[0.7518];[-0.1982];3983.25043;100),(120252.50793;[0.65];[-0.3];3864.02584;[0.733];[-0.217];3926.71367;100),(120721.65990;[0.62];[-0.33];3799.00141;[0.6893];[-0.2607];3862.73243;100),(122565.27567;[0.6];[-0.35];3763.01345;[0.6695];[-0.2805];3822.94823;100),(128437.14285;[0.71];[-0.24];5844.90593;[0.7682];[-0.1818];6338.99328;100),(132543.58268;[1.];[0.05];4597.10429;[1.];[0.05];4625.68377;100),(137478.08552;[0.99];[0.04];5170.91113;[0.9928];[0.0428];5368.51560;100),(144776.73793;[0.76];[-0.19];5626.96426;[0.8205];[-0.1295];5994.14233;100),(150642.94481;[0.73];[-0.22];5387.05801;[0.7935];[-0.1565];5748.02057;100),(152831.59828;[1.];[0.05];4446.96438;[1.];[0.05];4523.79938;100),(155405.65300;[0.84];[-0.11];5013.20361;[0.88];[-0.07];5226.68198;100),(155933.34818;[1.];[0.05];4571.44280;[1.];[0.05];4612.47765;100),(158984.19285;[0.79];[-0.16];4942.19756;[0.8437];[-0.1063];5170.28302;100),(161997.42913;[0.79];[-0.16];4883.12349;[0.8411];[-0.1089];5102.82062;100),(164864.19129;[0.79];[-0.16];4831.76596;[0.834];[-0.116];5044.11464;100),(165631.91795;[1.];[0.05];4577.36533;[1.];[0.05];4611.13562;100),(166150.81215;[0.78];[-0.17];4801.90352;[0.8341];[-0.1159];5013.41878;100),(166912.60600;[1.];[0.05];4579.70974;[1.];[0.05];4616.18631;100),(167582.08704;[1.];[0.05];4579.70974;[1.];[0.05];4616.18631;100),(170624.85003;[1.];[0.05];4579.79559;[1.];[0.05];4612.61155;100),(171098.92297;[0.78];[-0.17];4801.90352;[0.8341];[-0.1159];5013.41878;100),(174459.08761;[1.];[0.05];4579.79559;[1.];[0.05];4612.61155;100),(175018.08953;[0.78];[-0.17];4801.90352;[0.8341];[-0.1159];5013.41878;100),(182515.84220;[0.71];[-0.24];5844.90593;[0.7682];[-0.1818];6338.99328;100),(186964.02979;[0.71];[-0.24];5844.90593;[0.7682];[-0.1818];6338.99328;100),(190674.38936;[0.71];[-0.24];5844.90593;[0.7682];[-0.1818];6338.99328;100),(194728.17159;[0.71];[-0.24];5844.90593;[0.7682];[-0.1818];6338.99328;100),(198594.01917;[0.71];[-0.24];5844.90593;[0.7682];[-0.1818];6338.99328;100),(199444.14306;[0.9];[-0.05];4984.63395;[0.9268];[-0.0232];5175.48582;100),(199956.56872;[0.95];[0.];4195.47803;[0.9442];[-0.0058];4259.86665;100),(201692.71159;[0.86];[-0.09];4044.79762;[0.8812];[-0.0688];4105.87638;100),(203731.26364;[0.67];[-0.28];3915.68074;[0.7518];[-0.1982];3983.25043;100),(204556.10251;[0.65];[-0.3];3864.02584;[0.733];[-0.217];3926.71367;100),(204970.97945;[0.62];[-0.33];3799.00141;[0.6893];[-0.2607];3862.73243;100),(207086.33685;[0.6];[-0.35];3763.01345;[0.6695];[-0.2805];3822.94823;100),(213590.10601;[0.71];[-0.24];5844.90593;[0.7682];[-0.1818];6338.99328;100),(217771.38638;[1.];[0.05];4597.10429;[1.];[0.05];4625.68377;100),(223108.83427;[0.99];[0.04];5170.91113;[0.9928];[0.0428];5368.51560;100),(230917.61827;[0.76];[-0.19];5626.96426;[0.8205];[-0.1295];5994.14233;100),(237045.58468;[0.73];[-0.22];5387.05801;[0.7935];[-0.1565];5748.02057;100),(239361.03010;[1.];[0.05];4446.96438;[1.];[0.05];4523.79938;100),(241543.51568;[0.84];[-0.11];5013.20361;[0.88];[-0.07];5226.68198;100),(241932.48105;[1.];[0.05];4571.44280;[1.];[0.05];4612.47765;100),(245085.52909;[0.79];[-0.16];4942.19756;[0.8437];[-0.1063];5170.28302;100),(247506.16860;[0.79];[-0.16];4883.12349;[0.8411];[-0.1089];5102.82062;100),(250151.20578;[0.79];[-0.16];4831.76596;[0.834];[-0.116];5044.11464;100),(250861.48429;[1.];[0.05];4577.36533;[1.];[0.05];4611.13562;100),(251320.16277;[0.78];[-0.17];4801.90352;[0.8341];[-0.1159];5013.41878;100),(252350.46005;[1.];[0.05];4579.70974;[1.];[0.05];4616.18631;100),(253056.15354;[1.];[0.05];4579.70974;[1.];[0.05];4616.18631;100),(255902.29988;[1.];[0.05];4579.79559;[1.];[0.05];4612.61155;100),(256345.79468;[0.78];[-0.17];4801.90352;[0.8341];[-0.1159];5013.41878;100),(259589.41126;[1.];[0.05];4579.79559;[1.];[0.05];4612.61155;100),(260036.12447;[0.78];[-0.17];4801.90352;[0.8341];[-0.1159];5013.41878;100),(267589.81037;[0.71];[-0.24];5844.90593;[0.7682];[-0.1818];6338.99328;100),(271373.78192;[0.71];[-0.24];5844.90593;[0.7682];[-0.1818];6338.99328;100),(275942.14869;[0.71];[-0.24];5844.90593;[0.7682];[-0.1818];6338.99328;100),(279649.33515;[0.71];[-0.24];5844.90593;[0.7682];[-0.1818];6338.99328;100),(283337.65864;[0.71];[-0.24];5844.90593;[0.7682];[-0.1818];6338.99328;100),(284043.82157;[0.9];[-0.05];4984.63395;[0.9268];[-0.0232];5175.48582;100),(284578.10640;[0.95];[0.];4195.47803;[0.9442];[-0.0058];4259.86665;100),(285967.10706;[0.86];[-0.09];4044.79762;[0.8812];[-0.0688];4105.87638;100),(288256.19769;[0.67];[-0.28];3915.68074;[0.7518];[-0.1982];3983.25043;100),(289331.05779;[0.65];[-0.3];3864.02584;[0.733];[-0.217];3926.71367;100),(289774.15824;[0.62];[-0.33];3799.00141;[0.6893];[-0.2607];3862.73243;100),(292006.56629;[0.6];[-0.35];3763.01345;[0.6695];[-0.2805];3822.94823;100),(297993.27087;[0.71];[-0.24];5844.90593;[0.7682];[-0.1818];6338.99328;100),(302354.89202;[1.];[0.05];4597.10429;[1.];[0.05];4625.68377;100),(307236.89508;[0.99];[0.04];5170.91113;[0.9928];[0.0428];5368.51560;100),(315845.76035;[0.76];[-0.19];5626.96426;[0.8205];[-0.1295];5994.14233;100),(320926.32031;[0.73];[-0.22];5387.05801;[0.7935];[-0.1565];5748.02057;100),(323077.10028;[1.];[0.05];4446.96438;[1.];[0.05];4523.79938;100),(325386.38997;[0.84];[-0.11];5013.20361;[0.88];[-0.07];5226.68198;100),(325851.87650;[1.];[0.05];4571.44280;[1.];[0.05];4612.47765;100),(328407.40323;[0.79];[-0.16];4942.19756;[0.8437];[-0.1063];5170.28302;100),(331083.37355;[0.79];[-0.16];4883.12349;[0.8411];[-0.1089];5102.82062;100),(333582.69525;[0.79];[-0.16];4831.76596;[0.834];[-0.116];5044.11464;100),(334312.12854;[1.];[0.05];4577.36533;[1.];[0.05];4611.13562;100),(334758.41975;[0.78];[-0.17];4801.90352;[0.8341];[-0.1159];5013.41878;100),(335429.17800;[1.];[0.05];4579.70974;[1.];[0.05];4616.18631;100),(336235.98170;[1.];[0.05];4579.70974;[1.];[0.05];4616.18631;100),(338689.55564;[1.];[0.05];4579.79559;[1.];[0.05];4612.61155;100),(339119.94553;[0.78];[-0.17];4801.90352;[0.8341];[-0.1159];5013.41878;100),(342609.78746;[1.];[0.05];4579.79559;[1.];[0.05];4612.61155;100),(343047.08529;[0.78];[-0.17];4801.90352;[0.8341];[-0.1159];5013.41878;100),(350265.89084;[0.71];[-0.24];5844.90593;[0.7682];[-0.1818];6338.99328;100),(354440.21749;[0.71];[-0.24];5844.90593;[0.7682];[-0.1818];6338.99328;100),(358678.67184;[0.71];[-0.24];5844.90593;[0.7682];[-0.1818];6338.99328;100),(362576.51949;[0.71];[-0.24];5844.90593;[0.7682];[-0.1818];6338.99328;100),(366148.53120;[0.71];[-0.24];5844.90593;[0.7682];[-0.1818];6338.99328;100),(366970.49379;[0.9];[-0.05];4984.63395;[0.9268];[-0.0232];5175.48582;100),(367462.99076;[0.95];[0.];4195.47803;[0.9442];[-0.0058];4259.86665;100),(369003.27015;[0.86];[-0.09];4044.79762;[0.8812];[-0.0688];4105.87638;100),(371783.01907;[0.67];[-0.28];3915.68074;[0.7518];[-0.1982];3983.25043;100),(372593.27483;[0.65];[-0.3];3864.02584;[0.733];[-0.217];3926.71367;100),(373003.94487;[0.62];[-0.33];3799.00141;[0.6893];[-0.2607];3862.73243;100),(375536.41844;[0.6];[-0.35];3763.01345;[0.6695];[-0.2805];3822.94823;100),(381252.83718;[0.71];[-0.24];5844.90593;[0.7682];[-0.1818];6338.99328;100),(385334.60951;[1.];[0.05];4597.10429;[1.];[0.05];4625.68377;100),(389930.11522;[0.99];[0.04];5170.91113;[0.9928];[0.0428];5368.51560;100),(396795.03012;[0.76];[-0.19];5626.96426;[0.8205];[-0.1295];5994.14233;100),(402071.09022;[0.73];[-0.22];5387.05801;[0.7935];[-0.1565];5748.02057;100),(404557.49917;[1.];[0.05];4446.96438;[1.];[0.05];4523.79938;100),(406898.02957;[0.84];[-0.11];5013.20361;[0.88];[-0.07];5226.68198;100),(407394.26303;[1.];[0.05];4571.44280;[1.];[0.05];4612.47765;100),(409959.01132;[0.79];[-0.16];4942.19756;[0.8437];[-0.1063];5170.28302;100),(412867.35439;[0.79];[-0.16];4883.12349;[0.8411];[-0.1089];5102.82062;100),(415475.19207;[0.79];[-0.16];4831.76596;[0.834];[-0.116];5044.11464;100),(416326.03431;[1.];[0.05];4577.36533;[1.];[0.05];4611.13562;100),(416809.94081;[0.78];[-0.17];4801.90352;[0.8341];[-0.1159];5013.41878;100),(417527.37021;[1.];[0.05];4579.70974;[1.];[0.05];4616.18631;100),(418337.52513;[1.];[0.05];4579.70974;[1.];[0.05];4616.18631;100),(421555.26567;[1.];[0.05];4579.79559;[1.];[0.05];4612.61155;100),(421953.74513;[0.78];[-0.17];4801.90352;[0.8341];[-0.1159];5013.41878;100),(425624.03655;[1.];[0.05];4579.79559;[1.];[0.05];4612.61155;100),(426053.52187;[0.78];[-0.17];4801.90352;[0.8341];[-0.1159];5013.41878;100),(433236.11927;[0.71];[-0.24];5844.90593;[0.7682];[-0.1818];6338.99328;100),(436572.32523;[0.71];[-0.24];5844.90593;[0.7682];[-0.1818];6338.99328;100),(440500.83208;[0.71];[-0.24];5844.90593;[0.7682];[-0.1818];6338.99328;100),(444234.20620;[0.71];[-0.24];5844.90593;[0.7682];[-0.1818];6338.99328;100),(447853.87683;[0.71];[-0.24];5844.90593;[0.7682];[-0.1818];6338.99328;100),(448557.12914;[0.9];[-0.05];4984.63395;[0.9268];[-0.0232];5175.48582;100),(449052.52051;[0.95];[0.];4195.47803;[0.9442];[-0.0058];4259.86665;100),(450459.11121;[0.86];[-0.09];4044.79762;[0.8812];[-0.0688];4105.87638;100),(452538.78808;[0.67];[-0.28];3915.68074;[0.7518];[-0.1982];3983.25043;100),(453293.91432;[0.65];[-0.3];3864.02584;[0.733];[-0.217];3926.71367;100),(453742.16008;[0.62];[-0.33];3799.00141;[0.6893];[-0.2607];3862.73243;100),(455759.27210;[0.6];[-0.35];3763.01345;[0.6695];[-0.2805];3822.94823;100),(461362.55813;[0.71];[-0.24];5844.90593;[0.7682];[-0.1818];6338.99328;100),(465158.70953;[1.];[0.05];4597.10429;[1.];[0.05];4625.68377;100),(469447.69669;[0.99];[0.04];5170.91113;[0.9928];[0.0428];5368.51560;100),(475849.53499;[0.76];[-0.19];5626.96426;[0.8205];[-0.1295];5994.14233;100),(480830.35135;[0.73];[-0.22];5387.05801;[0.7935];[-0.1565];5748.02057;100),(482961.93671;[1.];[0.05];4446.96438;[1.];[0.05];4523.79938;100),(485260.56218;[0.84];[-0.11];5013.20361;[0.88];[-0.07];5226.68198;100),(485669.73448;[1.];[0.05];4571.44280;[1.];[0.05];4612.47765;100),(488671.40174;[0.79];[-0.16];4942.19756;[0.8437];[-0.1063];5170.28302;100),(491701.81561;[0.79];[-0.16];4883.12349;[0.8411];[-0.1089];5102.82062;100),(494580.39880;[0.79];[-0.16];4831.76596;[0.834];[-0.116];5044.11464;100),(495371.64116;[1.];[0.05];4577.36533;[1.];[0.05];4611.13562;100),(495869.67540;[0.78];[-0.17];4801.90352;[0.8341];[-0.1159];5013.41878;100),(496643.81313;[1.];[0.05];4579.70974;[1.];[0.05];4616.18631;100),(497550.61007;[1.];[0.05];4579.70974;[1.];[0.05];4616.18631;100),(500586.81273;[1.];[0.05];4579.79559;[1.];[0.05];4612.61155;100),(501086.71904;[0.78];[-0.17];4801.90352;[0.8341];[-0.1159];5013.41878;100),(504675.82941;[1.];[0.05];4579.79559;[1.];[0.05];4612.61155;100),(505149.78194;[0.78];[-0.17];4801.90352;[0.8341];[-0.1159];5013.41878;100),(512442.74139;[0.71];[-0.24];5844.90593;[0.7682];[-0.1818];6338.99328;100),(516009.76443;[0.71];[-0.24];5844.90593;[0.7682];[-0.1818];6338.99328;100),(519963.90653;[0.71];[-0.24];5844.90593;[0.7682];[-0.1818];6338.99328;100),(523541.56995;[0.71];[-0.24];5844.90593;[0.7682];[-0.1818];6338.99328;100),(527753.16262;[0.71];[-0.24];5844.90593;[0.7682];[-0.1818];6338.99328;100),(528487.36882;[0.9];[-0.05];4984.63395;[0.9268];[-0.0232];5175.48582;100),(529086.94887;[0.95];[0.];4195.47803;[0.9442];[-0.0058];4259.86665;100),(530900.69270;[0.86];[-0.09];4044.79762;[0.8812];[-0.0688];4105.87638;100),(533417.74321;[0.67];[-0.28];3915.68074;[0.7518];[-0.1982];3983.25043;100),(534098.75703;[0.65];[-0.3];3864.02584;[0.733];[-0.217];3926.71367;100),(534527.44412;[0.62];[-0.33];3799.00141;[0.6893];[-0.2607];3862.73243;100),(536530.70903;[0.6];[-0.35];3763.01345;[0.6695];[-0.2805];3822.94823;100),(544521.93475;[0.71];[-0.24];5844.90593;[0.7682];[-0.1818];6338.99328;100),(549811.88440;[1.];[0.05];4597.10429;[1.];[0.05];4625.68377;100),(555840.50488;[0.99];[0.04];5170.91113;[0.9928];[0.0428];5368.51560;100),(563453.52602;[0.76];[-0.19];5626.96426;[0.8205];[-0.1295];5994.14233;100),(570048.75565;[0.73];[-0.22];5387.05801;[0.7935];[-0.1565];5748.02057;100),(572391.62970;[1.];[0.05];4446.96438;[1.];[0.05];4523.79938;100),(574565.72986;[0.84];[-0.11];5013.20361;[0.88];[-0.07];5226.68198;100),(574968.32085;[1.];[0.05];4571.44280;[1.];[0.05];4612.47765;100),(577531.22783;[0.79];[-0.16];4942.19756;[0.8437];[-0.1063];5170.28302;100),(579984.28607;[0.79];[-0.16];4883.12349;[0.8411];[-0.1089];5102.82062;100),(582500.73719;[0.79];[-0.16];4831.76596;[0.834];[-0.116];5044.11464;100),(583260.73861;[1.];[0.05];4577.36533;[1.];[0.05];4611.13562;100),(583861.10497;[0.78];[-0.17];4801.90352;[0.8341];[-0.1159];5013.41878;100),(584518.53204;[1.];[0.05];4579.70974;[1.];[0.05];4616.18631;100),(585434.12232;[1.];[0.05];4579.70974;[1.];[0.05];4616.18631;100),(588376.63412;[1.];[0.05];4579.79559;[1.];[0.05];4612.61155;100),(588840.24906;[0.78];[-0.17];4801.90352;[0.8341];[-0.1159];5013.41878;100),(592218.58573;[1.];[0.05];4579.79559;[1.];[0.05];4612.61155;100),(592641.16669;[0.78];[-0.17];4801.90352;[0.8341];[-0.1159];5013.41878;100)]"
5,1,4709.729004201394,[0.4431],[-0.5069],603542.2570705414,"[(779.05226;[0.43];[-0.52];4788.02095;[0.4369];[-0.5131];4705.33954;100),(7828.17507;[0.43];[-0.52];4788.02095;[0.4369];[-0.5131];4705.33954;100),(14318.27283;[0.43];[-0.52];4788.02095;[0.4369];[-0.5131];4705.33954;100),(17942.92831;[0.43];[-0.52];4788.02095;[0.4369];[-0.5131];4705.33954;100),(21924.87216;[0.43];[-0.52];4788.02095;[0.4369];[-0.5131];4705.33954;100),(25794.15321;[0.43];[-0.52];4788.02095;[0.4369];[-0.5131];4705.33954;100),(27318.93396;[0.34];[-0.61];4181.99909;[0.3468];[-0.6032];4142.15186;100),(29097.05925;[0.14];[-0.81];3568.00082;[0.1067];[-0.8433];3552.09948;100),(29514.14013;[0.02];[-0.93];3348.92756;[0.0161];[-0.9339];3339.05986;100),(30182.82723;[0.];[-0.95];2906.78255;[0.0006];[-0.9494];2903.30146;100),(30746.55056;[0.];[-0.95];2832.37741;[0.0001];[-0.9499];2829.71121;100),(31779.29521;[0.];[-0.95];2789.83032;[0.];[-0.95];2787.38598;100),(32380.69296;[0.];[-0.95];2789.83032;[0.];[-0.95];2787.38598;100),(35722.82863;[0.43];[-0.52];4788.02095;[0.4369];[-0.5131];4705.33954;100),(40301.97430;[0.2];[-0.75];3613.41315;[0.1355];[-0.8145];3597.56778;100),(46494.13967;[0.04];[-0.91];3401.67438;[0.0322];[-0.9178];3390.49917;100),(51253.71957;[0.];[-0.95];3216.14095;[0.0076];[-0.9424];3209.82872;100),(54764.59265;[0.];[-0.95];2789.83032;[0.];[-0.95];2787.38598;100),(59800.56834;[0.43];[-0.52];4787.96535;[0.4376];[-0.5124];4705.66938;100),(68027.80223;[0.17];[-0.78];3598.99985;[0.1263];[-0.8237];3583.13781;100),(74513.94629;[0.03];[-0.92];3381.06629;[0.0237];[-0.9263];3369.71762;100),(80308.34603;[0.];[-0.95];3130.25365;[0.0039];[-0.9461];3126.10937;100),(89787.70328;[0.];[-0.95];2789.83032;[0.];[-0.95];2787.38598;100),(93217.04412;[0.43];[-0.52];4788.02095;[0.4369];[-0.5131];4705.33954;100),(97009.41610;[0.19];[-0.76];3627.54283;[0.1298];[-0.8202];3609.35890;100),(103728.75905;[0.05];[-0.9];3426.33806;[0.0384];[-0.9116];3415.50992;100),(107973.30213;[0.];[-0.95];3275.32168;[0.009];[-0.941];3266.71373;100),(112670.92156;[0.];[-0.95];3027.96854;[0.0028];[-0.9472];3024.08697;100),(113792.30332;[0.];[-0.95];2949.13844;[0.0011];[-0.9489];2945.92979;100),(114499.71485;[0.];[-0.95];2902.94483;[0.0006];[-0.9494];2899.53978;100),(114891.04223;[0.];[-0.95];2869.41875;[0.0002];[-0.9498];2866.23297;100),(115424.22652;[0.];[-0.95];2868.50712;[0.0002];[-0.9498];2865.30815;100),(119816.30445;[0.43];[-0.52];4787.77964;[0.4381];[-0.5119];4705.86739;100),(125542.64736;[0.17];[-0.78];3602.66296;[0.1218];[-0.8282];3585.33070;100),(132251.52421;[0.03];[-0.92];3403.32645;[0.0316];[-0.9184];3392.17880;100),(136654.15931;[0.];[-0.95];3228.80329;[0.0073];[-0.9427];3221.78712;100),(143952.50320;[0.];[-0.95];3041.93220;[0.0025];[-0.9475];3037.73732;100),(144971.51375;[0.];[-0.95];2950.14790;[0.0011];[-0.9489];2946.83091;100),(145684.13448;[0.];[-0.95];2902.94483;[0.0006];[-0.9494];2899.53978;100),(146409.60407;[0.];[-0.95];2872.84543;[0.0002];[-0.9498];2869.61109;100),(146940.38129;[0.];[-0.95];2872.34159;[0.0002];[-0.9498];2869.10272;100),(147350.32773;[0.];[-0.95];2869.41875;[0.0002];[-0.9498];2866.23297;100),(147702.14987;[0.];[-0.95];2868.50712;[0.0002];[-0.9498];2865.30815;100),(151486.42993;[0.43];[-0.52];4787.44764;[0.4387];[-0.5113];4707.96726;100),(156187.93654;[0.17];[-0.78];3606.47397;[0.1242];[-0.8258];3590.19646;100),(162569.23318;[0.05];[-0.9];3406.64630;[0.0388];[-0.9112];3396.07837;100),(168340.95621;[0.];[-0.95];3237.80739;[0.0052];[-0.9448];3229.87419;100),(175550.07529;[0.];[-0.95];3061.75623;[0.0029];[-0.9471];3057.62612;100),(176322.65878;[0.];[-0.95];2976.89175;[0.0015];[-0.9485];2973.05028;100),(177043.76030;[0.];[-0.95];2905.17056;[0.0006];[-0.9494];2901.67518;100),(178490.65089;[0.];[-0.95];2872.84543;[0.0002];[-0.9498];2869.61109;100),(178699.41068;[0.];[-0.95];2872.34159;[0.0002];[-0.9498];2869.10272;100),(179187.88695;[0.];[-0.95];2868.50712;[0.0002];[-0.9498];2865.30815;100),(182983.24275;[0.43];[-0.52];4787.37886;[0.4412];[-0.5088];4710.14710;100),(188460.23297;[0.17];[-0.78];3596.77214;[0.1172];[-0.8328];3579.56836;100),(194785.68196;[0.03];[-0.92];3385.29501;[0.022];[-0.928];3375.36320;100),(200512.37059;[0.];[-0.95];3243.53245;[0.0076];[-0.9424];3235.74533;100),(210826.27034;[0.];[-0.95];3070.85124;[0.0049];[-0.9451];3067.43288;100),(212079.37884;[0.];[-0.95];2981.77837;[0.0028];[-0.9472];2979.34538;100),(212678.34544;[0.];[-0.95];2902.94483;[0.0006];[-0.9494];2899.53978;100),(213570.89329;[0.];[-0.95];2869.41875;[0.0002];[-0.9498];2866.23297;100),(214477.79489;[0.];[-0.95];2868.50712;[0.0002];[-0.9498];2865.30815;100),(218210.44517;[0.44];[-0.51];4786.40056;[0.4431];[-0.5069];4709.72900;100),(222815.23108;[0.17];[-0.78];3599.38284;[0.127];[-0.823];3584.54054;100),(228956.16937;[0.03];[-0.92];3389.94464;[0.0274];[-0.9226];3378.78793;100),(234157.10640;[0.];[-0.95];3250.08467;[0.0098];[-0.9402];3243.00724;100),(244037.36758;[0.];[-0.95];3090.50818;[0.0045];[-0.9455];3086.54833;100),(244983.24442;[0.];[-0.95];3002.14362;[0.0027];[-0.9473];2999.07215;100),(245577.88062;[0.];[-0.95];2872.34159;[0.0002];[-0.9498];2869.10272;100),(246662.30702;[0.];[-0.95];2869.41875;[0.0002];[-0.9498];2866.23297;100),(247110.39472;[0.];[-0.95];2868.50712;[0.0002];[-0.9498];2865.30815;100),(251833.84204;[0.44];[-0.51];4785.86208;[0.4437];[-0.5063];4709.58963;100),(258329.85020;[0.17];[-0.78];3592.97277;[0.1194];[-0.8306];3576.54131;100),(264653.18370;[0.03];[-0.92];3394.36162;[0.0299];[-0.9201];3383.28045;100),(268409.53660;[0.];[-0.95];3260.32535;[0.0073];[-0.9427];3251.87906;100),(272667.96470;[0.];[-0.95];2868.50712;[0.0002];[-0.9498];2865.30815;100),(273919.08360;[0.];[-0.95];2868.50712;[0.0002];[-0.9498];2865.30815;100),(277519.03749;[0.44];[-0.51];4785.86208;[0.4437];[-0.5063];4709.58963;100),(283372.68901;[0.17];[-0.78];3592.97277;[0.1194];[-0.8306];3576.54131;100),(289938.44032;[0.03];[-0.92];3393.86281;[0.0313];[-0.9187];3384.36170;100),(294732.46241;[0.];[-0.95];3260.32535;[0.0073];[-0.9427];3251.87906;100),(299038.62596;[0.];[-0.95];2868.50712;[0.0002];[-0.9498];2865.30815;100),(304390.17868;[0.44];[-0.51];4782.36119;[0.4484];[-0.5016];4711.53332;100),(310506.15931;[0.17];[-0.78];3592.97277;[0.1194];[-0.8306];3576.54131;100),(317497.98250;[0.03];[-0.92];3393.86281;[0.0313];[-0.9187];3384.36170;100),(321996.09208;[0.];[-0.95];3260.32535;[0.0073];[-0.9427];3251.87906;100),(331546.13256;[0.];[-0.95];3108.22804;[0.0045];[-0.9455];3104.00544;100),(332366.65034;[0.];[-0.95];3024.90409;[0.0028];[-0.9472];3021.04893;100),(332781.59928;[0.];[-0.95];2976.33070;[0.0012];[-0.9488];2972.47995;100),(333866.01496;[0.];[-0.95];2901.08623;[0.0006];[-0.9494];2897.68391;100),(334515.40518;[0.];[-0.95];2899.92872;[0.0006];[-0.9494];2896.55954;100),(338835.59203;[0.44];[-0.51];4779.54608;[0.4499];[-0.5001];4710.75889;100),(345026.26681;[0.17];[-0.78];3585.25803;[0.1169];[-0.8331];3568.15491;100),(350999.73702;[0.03];[-0.92];3377.95504;[0.0221];[-0.9279];3368.14663;100),(355700.97303;[0.];[-0.95];3208.79189;[0.0076];[-0.9424];3202.85569;100),(365234.23290;[0.44];[-0.51];4779.54608;[0.4499];[-0.5001];4710.75889;100),(370597.56064;[0.17];[-0.78];3597.20706;[0.1244];[-0.8256];3581.34680;100),(377800.63438;[0.03];[-0.92];3398.01350;[0.0246];[-0.9254];3387.74886;100),(382275.43283;[0.];[-0.95];3266.19654;[0.0079];[-0.9421];3257.76117;100),(389017.79008;[0.];[-0.95];3119.92859;[0.0034];[-0.9466];3115.53145;100),(389813.57908;[0.];[-0.95];3028.33586;[0.0028];[-0.9472];3024.45280;100),(390476.18270;[0.];[-0.95];2980.97521;[0.0028];[-0.9472];2978.53635;100),(391026.24083;[0.];[-0.95];2938.81839;[0.0009];[-0.9491];2935.29710;100),(392316.18166;[0.];[-0.95];2938.81839;[0.0009];[-0.9491];2935.29710;100),(396185.65798;[0.44];[-0.51];4778.92723;[0.4505];[-0.4995];4711.12535;100),(404227.08654;[0.17];[-0.78];3590.63638;[0.121];[-0.829];3574.24546;100),(410996.39702;[0.03];[-0.92];3382.07644;[0.024];[-0.926];3372.05598;100),(416087.11910;[0.];[-0.95];3221.82247;[0.0069];[-0.9431];3215.29983;100),(420745.35990;[0.];[-0.95];2938.81839;[0.0009];[-0.9491];2935.29710;100),(426212.74304;[0.44];[-0.51];4772.55960;[0.4553];[-0.4947];4708.34899;100),(432355.09992;[0.14];[-0.81];3576.55636;[0.1053];[-0.8447];3560.48599;100),(439659.76000;[0.03];[-0.92];3382.07644;[0.024];[-0.926];3372.05598;100),(444298.18439;[0.];[-0.95];3221.82247;[0.0069];[-0.9431];3215.29983;100),(451290.97319;[0.];[-0.95];2938.81839;[0.0009];[-0.9491];2935.29710;100),(454959.36680;[0.44];[-0.51];4772.55960;[0.4553];[-0.4947];4708.34899;100),(462375.54145;[0.17];[-0.78];3590.63638;[0.121];[-0.829];3574.24546;100),(470245.95547;[0.05];[-0.9];3406.64630;[0.0388];[-0.9112];3396.07837;100),(473859.88593;[0.];[-0.95];3276.89877;[0.009];[-0.941];3268.29290;100),(479989.99333;[0.];[-0.95];3137.66648;[0.0062];[-0.9438];3133.64572;100),(483004.22239;[0.];[-0.95];3048.70247;[0.0036];[-0.9464];3045.29087;100),(484100.82078;[0.];[-0.95];3002.14362;[0.0027];[-0.9473];2999.07215;100),(485701.71046;[0.];[-0.95];2976.33070;[0.0012];[-0.9488];2972.47995;100),(486650.58541;[0.];[-0.95];2976.33070;[0.0012];[-0.9488];2972.47995;100),(491975.53921;[0.44];[-0.51];4767.54138;[0.4564];[-0.4936];4704.27229;100),(498750.67019;[0.17];[-0.78];3583.86226;[0.1203];[-0.8297];3567.83367;100),(505656.45099;[0.03];[-0.92];3387.43071;[0.0294];[-0.9206];3378.11595;100),(510925.60577;[0.];[-0.95];3233.37848;[0.0076];[-0.9424];3226.44137;100),(516819.98158;[0.];[-0.95];2976.33070;[0.0012];[-0.9488];2972.47995;100),(521256.18005;[0.44];[-0.51];4767.54138;[0.4564];[-0.4936];4704.27229;100),(527604.77519;[0.17];[-0.78];3583.86226;[0.1203];[-0.8297];3567.83367;100),(534911.82852;[0.03];[-0.92];3387.43071;[0.0294];[-0.9206];3378.11595;100),(539163.04088;[0.];[-0.95];3281.42210;[0.0101];[-0.9399];3272.70913;100),(545681.58984;[0.];[-0.95];3149.96090;[0.0056];[-0.9444];3145.62436;100),(549748.64578;[0.];[-0.95];3054.22746;[0.0039];[-0.9461];3050.75014;100),(550504.17352;[0.];[-0.95];3002.14362;[0.0027];[-0.9473];2999.07215;100),(551236.31310;[0.];[-0.95];3001.46331;[0.0026];[-0.9474];2998.37956;100),(551516.73508;[0.];[-0.95];2976.33070;[0.0012];[-0.9488];2972.47995;100),(555949.64385;[0.44];[-0.51];4742.41548;[0.4571];[-0.4929];4683.77628;100),(562616.04738;[0.14];[-0.81];3575.47601;[0.1044];[-0.8456];3559.44606;100),(569760.76698;[0.03];[-0.92];3373.91515;[0.0206];[-0.9294];3363.52882;100),(575065.16814;[0.];[-0.95];3243.53245;[0.0076];[-0.9424];3235.74533;100),(581105.60751;[0.];[-0.95];2976.33070;[0.0012];[-0.9488];2972.47995;100),(585527.85611;[0.44];[-0.51];4742.41548;[0.4571];[-0.4929];4683.77628;100),(592426.05257;[0.14];[-0.81];3575.47601;[0.1044];[-0.8456];3559.44606;100),(599615.84806;[0.03];[-0.92];3395.83381;[0.03];[-0.92];3384.96836;100)]"
4,5,4632.956708960904,[1.],[0.05],601760.8797550201,"[(919.74926;[0.41];[-0.54];6296.05546;[0.4119];[-0.5381];6261.36607;100),(8400.01202;[0.41];[-0.54];6296.05546;[0.4119];[-0.5381];6261.36607;100),(12088.07540;[0.41];[-0.54];6296.05546;[0.4119];[-0.5381];6261.36607;100),(15959.35297;[0.41];[-0.54];6296.05546;[0.4119];[-0.5381];6261.36607;100),(19540.89308;[0.41];[-0.54];6296.05546;[0.4119];[-0.5381];6261.36607;100),(23283.97679;[0.41];[-0.54];6296.05546;[0.4119];[-0.5381];6261.36607;100),(23655.42126;[0.7];[-0.25];6090.21977;[0.7636];[-0.1864];6328.14160;100),(25340.62147;[0.77];[-0.18];4822.28482;[0.7999];[-0.1501];4951.40659;100),(25960.73318;[0.92];[-0.03];4430.18681;[0.9255];[-0.0245];4474.41045;100),(26913.34701;[0.96];[0.01];4275.90215;[0.9643];[0.0143];4306.89185;100),(28299.94369;[0.95];[0.];4361.99727;[0.9586];[0.0086];4399.01758;100),(30045.20917;[0.96];[0.01];4321.68559;[0.9611];[0.0111];4356.60168;100),(30675.64797;[0.92];[-0.03];4342.63035;[0.9208];[-0.0292];4382.52458;100),(32042.25540;[0.92];[-0.03];4331.76576;[0.9229];[-0.0271];4370.58701;100),(33519.59157;[0.95];[0.];4326.68728;[0.9571];[0.0071];4362.04712;100),(35119.62056;[0.96];[0.01];4324.19662;[0.9586];[0.0086];4359.13412;100),(35620.34869;[0.95];[0.];4326.68728;[0.9571];[0.0071];4362.04712;100),(37129.53067;[0.95];[0.];4325.68855;[0.9581];[0.0081];4360.80683;100),(38859.36785;[0.96];[0.01];4324.19662;[0.9586];[0.0086];4359.13412;100),(39258.86488;[0.95];[0.];4325.68855;[0.9581];[0.0081];4360.80683;100),(41252.64478;[0.96];[0.01];4324.19662;[0.9586];[0.0086];4359.13412;100),(44781.91042;[0.69];[-0.26];6112.77995;[0.752];[-0.198];6352.17011;100),(52260.39815;[0.83];[-0.12];5186.81764;[0.8709];[-0.0791];5312.03063;100),(56049.60799;[1.];[0.05];4560.32157;[1.];[0.05];4581.58957;100),(60676.11361;[0.8];[-0.15];4919.44987;[0.8317];[-0.1183];5042.66324;100),(65120.56351;[1.];[0.05];4590.97957;[1.];[0.05];4612.01289;100),(69401.60203;[1.];[0.05];4607.62888;[1.];[0.05];4632.95671;100),(70784.99413;[0.92];[-0.03];4430.18681;[0.9255];[-0.0245];4474.41045;100),(71222.07618;[0.97];[0.02];4286.37967;[0.963];[0.013];4317.01588;100),(72087.84747;[0.92];[-0.03];4365.92611;[0.923];[-0.027];4406.98443;100),(73504.35543;[0.95];[0.];4330.37412;[0.9556];[0.0056];4365.30470;100),(76230.55339;[0.92];[-0.03];4307.55649;[0.9356];[-0.0144];4342.54415;100),(78273.13232;[0.97];[0.02];4297.05132;[0.9704];[0.0204];4328.39877;100),(78696.55919;[0.93];[-0.02];4303.97896;[0.9506];[0.0006];4335.76517;100),(80994.32302;[0.94];[-0.01];4299.52986;[0.9516];[0.0016];4331.70696;100),(81188.24458;[0.94];[-0.01];4299.52986;[0.9516];[0.0016];4331.70696;100),(83157.01246;[0.97];[0.02];4297.77378;[0.9693];[0.0193];4328.86872;100),(83524.92905;[0.94];[-0.01];4297.99000;[0.9534];[0.0034];4329.99047;100),(83714.13755;[0.94];[-0.01];4297.99000;[0.9534];[0.0034];4329.99047;100),(83910.89606;[0.94];[-0.01];4297.99000;[0.9534];[0.0034];4329.99047;100),(86987.68234;[0.69];[-0.26];6112.97888;[0.7522];[-0.1978];6353.74643;100),(93971.66967;[0.8];[-0.15];5108.76862;[0.8347];[-0.1153];5245.99444;100),(100099.98393;[1.];[0.05];4499.40697;[1.];[0.05];4529.26066;100),(104529.82545;[1.];[0.05];4569.98404;[1.];[0.05];4587.36406;100),(108690.27114;[0.8];[-0.15];4870.76309;[0.8235];[-0.1265];4994.11879;100),(112962.83197;[0.89];[-0.06];4455.41468;[0.8967];[-0.0533];4504.37656;100),(115019.96303;[0.95];[0.];4332.61980;[0.9519];[0.0019];4367.85298;100),(116857.14197;[0.96];[0.01];4287.87160;[0.961];[0.011];4318.68859;100),(118013.44728;[0.95];[0.];4311.47426;[0.9532];[0.0032];4345.98331;100),(119764.20665;[0.94];[-0.01];4299.52986;[0.9516];[0.0016];4331.70696;100),(121749.49384;[0.97];[0.02];4292.24257;[0.9706];[0.0206];4323.78096;100),(122057.16228;[0.95];[0.];4294.99931;[0.9564];[0.0064];4326.74356;100),(123968.41908;[0.98];[0.03];4293.27995;[0.9738];[0.0238];4324.23162;100),(124565.35745;[0.96];[0.01];4293.94278;[0.9577];[0.0077];4325.48444;100),(124909.31606;[0.96];[0.01];4293.94278;[0.9577];[0.0077];4325.48444;100),(125315.32717;[0.95];[0.];4294.99931;[0.9564];[0.0064];4326.74356;100),(132673.67554;[0.41];[-0.54];6296.05546;[0.4119];[-0.5381];6261.36607;100),(136420.76945;[0.41];[-0.54];6296.05546;[0.4119];[-0.5381];6261.36607;100),(139929.98981;[0.41];[-0.54];6296.05546;[0.4119];[-0.5381];6261.36607;100),(143318.25304;[0.41];[-0.54];6296.05546;[0.4119];[-0.5381];6261.36607;100),(147262.34293;[0.41];[-0.54];6296.05546;[0.4119];[-0.5381];6261.36607;100),(147662.03260;[0.7];[-0.25];6090.21977;[0.7636];[-0.1864];6328.14160;100),(149275.82264;[0.77];[-0.18];4822.28482;[0.7999];[-0.1501];4951.40659;100),(149923.34485;[0.92];[-0.03];4430.18681;[0.9255];[-0.0245];4474.41045;100),(150536.47566;[0.96];[0.01];4275.90215;[0.9643];[0.0143];4306.89185;100),(151948.68636;[0.95];[0.];4361.99727;[0.9586];[0.0086];4399.01758;100),(153959.00202;[0.96];[0.01];4321.68559;[0.9611];[0.0111];4356.60168;100),(154662.52351;[0.92];[-0.03];4342.63035;[0.9208];[-0.0292];4382.52458;100),(155607.08427;[0.92];[-0.03];4331.76576;[0.9229];[-0.0271];4370.58701;100),(157115.40437;[0.95];[0.];4326.68728;[0.9571];[0.0071];4362.04712;100),(158711.31063;[0.96];[0.01];4324.19662;[0.9586];[0.0086];4359.13412;100),(159077.43216;[0.95];[0.];4326.68728;[0.9571];[0.0071];4362.04712;100),(160422.86181;[0.95];[0.];4325.68855;[0.9581];[0.0081];4360.80683;100),(162032.26089;[0.96];[0.01];4324.19662;[0.9586];[0.0086];4359.13412;100),(162557.42526;[0.95];[0.];4325.68855;[0.9581];[0.0081];4360.80683;100),(164373.45576;[0.96];[0.01];4324.19662;[0.9586];[0.0086];4359.13412;100),(167837.91208;[0.69];[-0.26];6112.77995;[0.752];[-0.198];6352.17011;100),(175600.55995;[0.83];[-0.12];5186.81764;[0.8709];[-0.0791];5312.03063;100),(179796.93317;[1.];[0.05];4560.32157;[1.];[0.05];4581.58957;100),(183943.14051;[0.8];[-0.15];4919.44987;[0.8317];[-0.1183];5042.66324;100),(188842.82565;[1.];[0.05];4590.97957;[1.];[0.05];4612.01289;100),(193158.67329;[1.];[0.05];4607.62888;[1.];[0.05];4632.95671;100),(194575.87314;[0.92];[-0.03];4430.18681;[0.9255];[-0.0245];4474.41045;100),(195251.04809;[0.97];[0.02];4286.37967;[0.963];[0.013];4317.01588;100),(196086.76100;[0.92];[-0.03];4365.92611;[0.923];[-0.027];4406.98443;100),(197209.62453;[0.95];[0.];4330.37412;[0.9556];[0.0056];4365.30470;100),(199487.63967;[0.92];[-0.03];4307.55649;[0.9356];[-0.0144];4342.54415;100),(201756.02984;[0.97];[0.02];4297.05132;[0.9704];[0.0204];4328.39877;100),(202141.88528;[0.93];[-0.02];4303.97896;[0.9506];[0.0006];4335.76517;100),(204151.27540;[0.94];[-0.01];4299.52986;[0.9516];[0.0016];4331.70696;100),(204413.52630;[0.94];[-0.01];4299.52986;[0.9516];[0.0016];4331.70696;100),(206431.75268;[0.97];[0.02];4297.77378;[0.9693];[0.0193];4328.86872;100),(206827.79336;[0.94];[-0.01];4297.99000;[0.9534];[0.0034];4329.99047;100),(207009.69577;[0.94];[-0.01];4297.99000;[0.9534];[0.0034];4329.99047;100),(207176.59903;[0.94];[-0.01];4297.99000;[0.9534];[0.0034];4329.99047;100),(210251.77526;[0.69];[-0.26];6112.97888;[0.7522];[-0.1978];6353.74643;100),(217745.83673;[0.8];[-0.15];5108.76862;[0.8347];[-0.1153];5245.99444;100),(223376.60551;[1.];[0.05];4499.40697;[1.];[0.05];4529.26066;100),(227844.86365;[1.];[0.05];4569.98404;[1.];[0.05];4587.36406;100),(232139.46056;[0.8];[-0.15];4870.76309;[0.8235];[-0.1265];4994.11879;100),(236749.28617;[0.89];[-0.06];4455.41468;[0.8967];[-0.0533];4504.37656;100),(238111.38177;[0.95];[0.];4332.61980;[0.9519];[0.0019];4367.85298;100),(240223.88387;[0.96];[0.01];4287.87160;[0.961];[0.011];4318.68859;100),(241669.78717;[0.95];[0.];4311.47426;[0.9532];[0.0032];4345.98331;100),(243031.21233;[0.94];[-0.01];4299.52986;[0.9516];[0.0016];4331.70696;100),(245494.28940;[0.97];[0.02];4292.24257;[0.9706];[0.0206];4323.78096;100),(245815.89913;[0.95];[0.];4294.99931;[0.9564];[0.0064];4326.74356;100),(247953.11832;[0.98];[0.03];4293.27995;[0.9738];[0.0238];4324.23162;100),(248400.57397;[0.96];[0.01];4293.94278;[0.9577];[0.0077];4325.48444;100),(248781.73304;[0.96];[0.01];4293.94278;[0.9577];[0.0077];4325.48444;100),(249117.41376;[0.95];[0.];4294.99931;[0.9564];[0.0064];4326.74356;100),(255961.53378;[0.41];[-0.54];6296.05546;[0.4119];[-0.5381];6261.36607;100),(259850.13652;[0.41];[-0.54];6296.05546;[0.4119];[-0.5381];6261.36607;100),(263730.69787;[0.41];[-0.54];6296.05546;[0.4119];[-0.5381];6261.36607;100),(268198.59242;[0.41];[-0.54];6296.05546;[0.4119];[-0.5381];6261.36607;100),(271774.82629;[0.41];[-0.54];6296.05546;[0.4119];[-0.5381];6261.36607;100),(272144.10710;[0.7];[-0.25];6090.21977;[0.7636];[-0.1864];6328.14160;100),(273775.05064;[0.77];[-0.18];4822.28482;[0.7999];[-0.1501];4951.40659;100),(274691.68139;[0.92];[-0.03];4430.18681;[0.9255];[-0.0245];4474.41045;100),(275270.98179;[0.96];[0.01];4275.90215;[0.9643];[0.0143];4306.89185;100),(276653.39112;[0.95];[0.];4361.99727;[0.9586];[0.0086];4399.01758;100),(278714.03408;[0.96];[0.01];4321.68559;[0.9611];[0.0111];4356.60168;100),(279272.89224;[0.92];[-0.03];4342.63035;[0.9208];[-0.0292];4382.52458;100),(280556.00643;[0.92];[-0.03];4331.76576;[0.9229];[-0.0271];4370.58701;100),(282128.69906;[0.95];[0.];4326.68728;[0.9571];[0.0071];4362.04712;100),(283853.71566;[0.96];[0.01];4324.19662;[0.9586];[0.0086];4359.13412;100),(284224.91932;[0.95];[0.];4326.68728;[0.9571];[0.0071];4362.04712;100),(285547.59669;[0.95];[0.];4325.68855;[0.9581];[0.0081];4360.80683;100),(287514.87064;[0.96];[0.01];4324.19662;[0.9586];[0.0086];4359.13412;100),(287885.70523;[0.95];[0.];4325.68855;[0.9581];[0.0081];4360.80683;100),(289795.88103;[0.96];[0.01];4324.19662;[0.9586];[0.0086];4359.13412;100),(293264.98413;[0.69];[-0.26];6112.77995;[0.752];[-0.198];6352.17011;100),(300480.48210;[0.83];[-0.12];5186.81764;[0.8709];[-0.0791];5312.03063;100),(304802.41823;[1.];[0.05];4560.32157;[1.];[0.05];4581.58957;100),(309265.12265;[0.8];[-0.15];4919.44987;[0.8317];[-0.1183];5042.66324;100),(313585.70123;[1.];[0.05];4590.97957;[1.];[0.05];4612.01289;100),(318288.65170;[1.];[0.05];4607.62888;[1.];[0.05];4632.95671;100),(319725.45433;[0.92];[-0.03];4430.18681;[0.9255];[-0.0245];4474.41045;100),(320154.10256;[0.97];[0.02];4286.37967;[0.963];[0.013];4317.01588;100),(321066.98060;[0.92];[-0.03];4365.92611;[0.923];[-0.027];4406.98443;100),(322258.17418;[0.95];[0.];4330.37412;[0.9556];[0.0056];4365.30470;100),(324593.86611;[0.92];[-0.03];4307.55649;[0.9356];[-0.0144];4342.54415;100),(326960.64663;[0.97];[0.02];4297.05132;[0.9704];[0.0204];4328.39877;100),(327439.74447;[0.93];[-0.02];4303.97896;[0.9506];[0.0006];4335.76517;100),(329393.59355;[0.94];[-0.01];4299.52986;[0.9516];[0.0016];4331.70696;100),(329540.84039;[0.94];[-0.01];4299.52986;[0.9516];[0.0016];4331.70696;100),(331594.33389;[0.97];[0.02];4297.77378;[0.9693];[0.0193];4328.86872;100),(331986.86147;[0.94];[-0.01];4297.99000;[0.9534];[0.0034];4329.99047;100),(332176.49102;[0.94];[-0.01];4297.99000;[0.9534];[0.0034];4329.99047;100),(332352.83327;[0.94];[-0.01];4297.99000;[0.9534];[0.0034];4329.99047;100),(335740.21196;[0.69];[-0.26];6112.97888;[0.7522];[-0.1978];6353.74643;100),(343420.73274;[0.8];[-0.15];5108.76862;[0.8347];[-0.1153];5245.99444;100),(349896.03591;[1.];[0.05];4499.40697;[1.];[0.05];4529.26066;100),(354802.75297;[1.];[0.05];4569.98404;[1.];[0.05];4587.36406;100),(359340.37709;[0.8];[-0.15];4870.76309;[0.8235];[-0.1265];4994.11879;100),(363651.54147;[0.89];[-0.06];4455.41468;[0.8967];[-0.0533];4504.37656;100),(365118.91103;[0.95];[0.];4332.61980;[0.9519];[0.0019];4367.85298;100),(366851.96733;[0.96];[0.01];4287.87160;[0.961];[0.011];4318.68859;100),(368093.13750;[0.95];[0.];4311.47426;[0.9532];[0.0032];4345.98331;100),(369425.04954;[0.94];[-0.01];4299.52986;[0.9516];[0.0016];4331.70696;100),(371468.47582;[0.97];[0.02];4292.24257;[0.9706];[0.0206];4323.78096;100),(371875.25368;[0.95];[0.];4294.99931;[0.9564];[0.0064];4326.74356;100),(373978.20330;[0.98];[0.03];4293.27995;[0.9738];[0.0238];4324.23162;100),(374424.27278;[0.96];[0.01];4293.94278;[0.9577];[0.0077];4325.48444;100),(374802.73843;[0.96];[0.01];4293.94278;[0.9577];[0.0077];4325.48444;100),(375110.94213;[0.95];[0.];4294.99931;[0.9564];[0.0064];4326.74356;100),(382513.30614;[0.41];[-0.54];6296.05546;[0.4119];[-0.5381];6261.36607;100),(386148.30208;[0.41];[-0.54];6296.05546;[0.4119];[-0.5381];6261.36607;100),(390016.85548;[0.41];[-0.54];6296.05546;[0.4119];[-0.5381];6261.36607;100),(393659.39569;[0.41];[-0.54];6296.05546;[0.4119];[-0.5381];6261.36607;100),(397614.45856;[0.41];[-0.54];6296.05546;[0.4119];[-0.5381];6261.36607;100),(398128.84212;[0.7];[-0.25];6090.21977;[0.7636];[-0.1864];6328.14160;100),(399768.98122;[0.77];[-0.18];4822.28482;[0.7999];[-0.1501];4951.40659;100),(400399.98579;[0.92];[-0.03];4430.18681;[0.9255];[-0.0245];4474.41045;100),(400958.60410;[0.96];[0.01];4275.90215;[0.9643];[0.0143];4306.89185;100),(402379.95052;[0.95];[0.];4361.99727;[0.9586];[0.0086];4399.01758;100),(404551.58067;[0.96];[0.01];4321.68559;[0.9611];[0.0111];4356.60168;100),(405036.28016;[0.92];[-0.03];4342.63035;[0.9208];[-0.0292];4382.52458;100),(406105.44825;[0.92];[-0.03];4331.76576;[0.9229];[-0.0271];4370.58701;100),(407732.26357;[0.95];[0.];4326.68728;[0.9571];[0.0071];4362.04712;100),(409254.25267;[0.96];[0.01];4324.19662;[0.9586];[0.0086];4359.13412;100),(409611.95087;[0.95];[0.];4326.68728;[0.9571];[0.0071];4362.04712;100),(410949.16368;[0.95];[0.];4325.68855;[0.9581];[0.0081];4360.80683;100),(412969.24543;[0.96];[0.01];4324.19662;[0.9586];[0.0086];4359.13412;100),(413336.21526;[0.95];[0.];4325.68855;[0.9581];[0.0081];4360.80683;100),(415142.92383;[0.96];[0.01];4324.19662;[0.9586];[0.0086];4359.13412;100),(419240.76772;[0.69];[-0.26];6112.77995;[0.752];[-0.198];6352.17011;100),(427695.14680;[0.83];[-0.12];5186.81764;[0.8709];[-0.0791];5312.03063;100),(432201.16401;[1.];[0.05];4560.32157;[1.];[0.05];4581.58957;100),(436893.94975;[0.8];[-0.15];4919.44987;[0.8317];[-0.1183];5042.66324;100),(441294.60955;[1.];[0.05];4590.97957;[1.];[0.05];4612.01289;100),(445948.75503;[1.];[0.05];4607.62888;[1.];[0.05];4632.95671;100),(447126.40214;[0.92];[-0.03];4430.18681;[0.9255];[-0.0245];4474.41045;100),(447562.97970;[0.97];[0.02];4286.37967;[0.963];[0.013];4317.01588;100),(448522.43257;[0.92];[-0.03];4365.92611;[0.923];[-0.027];4406.98443;100),(450536.65781;[0.95];[0.];4330.37412;[0.9556];[0.0056];4365.30470;100),(452688.77554;[0.92];[-0.03];4307.55649;[0.9356];[-0.0144];4342.54415;100),(455119.73858;[0.97];[0.02];4297.05132;[0.9704];[0.0204];4328.39877;100),(455504.86493;[0.93];[-0.02];4303.97896;[0.9506];[0.0006];4335.76517;100),(458034.44648;[0.94];[-0.01];4299.52986;[0.9516];[0.0016];4331.70696;100),(458179.87013;[0.94];[-0.01];4299.52986;[0.9516];[0.0016];4331.70696;100),(460941.70642;[0.97];[0.02];4297.77378;[0.9693];[0.0193];4328.86872;100),(461338.68909;[0.94];[-0.01];4297.99000;[0.9534];[0.0034];4329.99047;100),(461630.41162;[0.94];[-0.01];4297.99000;[0.9534];[0.0034];4329.99047;100),(461799.91031;[0.94];[-0.01];4297.99000;[0.9534];[0.0034];4329.99047;100),(465039.10184;[0.69];[-0.26];6112.97888;[0.7522];[-0.1978];6353.74643;100),(472565.92894;[0.8];[-0.15];5108.76862;[0.8347];[-0.1153];5245.99444;100),(478981.95314;[1.];[0.05];4499.40697;[1.];[0.05];4529.26066;100),(483429.21233;[1.];[0.05];4569.98404;[1.];[0.05];4587.36406;100),(487907.46427;[0.8];[-0.15];4870.76309;[0.8235];[-0.1265];4994.11879;100),(493475.01159;[0.89];[-0.06];4455.41468;[0.8967];[-0.0533];4504.37656;100),(495108.60658;[0.95];[0.];4332.61980;[0.9519];[0.0019];4367.85298;100),(497204.90718;[0.96];[0.01];4287.87160;[0.961];[0.011];4318.68859;100),(498558.09021;[0.95];[0.];4311.47426;[0.9532];[0.0032];4345.98331;100),(499943.71438;[0.94];[-0.01];4299.52986;[0.9516];[0.0016];4331.70696;100),(502331.56371;[0.97];[0.02];4292.24257;[0.9706];[0.0206];4323.78096;100),(502706.95877;[0.95];[0.];4294.99931;[0.9564];[0.0064];4326.74356;100),(504963.94491;[0.98];[0.03];4293.27995;[0.9738];[0.0238];4324.23162;100),(505364.43138;[0.96];[0.01];4293.94278;[0.9577];[0.0077];4325.48444;100),(505719.36345;[0.96];[0.01];4293.94278;[0.9577];[0.0077];4325.48444;100),(506048.89703;[0.95];[0.];4294.99931;[0.9564];[0.0064];4326.74356;100),(513481.38642;[0.41];[-0.54];6296.05546;[0.4119];[-0.5381];6261.36607;100),(517236.17768;[0.41];[-0.54];6296.05546;[0.4119];[-0.5381];6261.36607;100),(521861.73630;[0.41];[-0.54];6296.05546;[0.4119];[-0.5381];6261.36607;100),(525667.72103;[0.41];[-0.54];6296.05546;[0.4119];[-0.5381];6261.36607;100),(529539.74390;[0.41];[-0.54];6296.05546;[0.4119];[-0.5381];6261.36607;100),(529930.30381;[0.7];[-0.25];6090.21977;[0.7636];[-0.1864];6328.14160;100),(531525.85173;[0.77];[-0.18];4822.28482;[0.7999];[-0.1501];4951.40659;100),(532160.11071;[0.92];[-0.03];4430.18681;[0.9255];[-0.0245];4474.41045;100),(532713.82570;[0.96];[0.01];4275.90215;[0.9643];[0.0143];4306.89185;100),(534155.80344;[0.95];[0.];4361.99727;[0.9586];[0.0086];4399.01758;100),(536282.21488;[0.96];[0.01];4321.68559;[0.9611];[0.0111];4356.60168;100),(536809.70979;[0.92];[-0.03];4342.63035;[0.9208];[-0.0292];4382.52458;100),(537949.44715;[0.92];[-0.03];4331.76576;[0.9229];[-0.0271];4370.58701;100),(539511.33966;[0.95];[0.];4326.68728;[0.9571];[0.0071];4362.04712;100),(541191.69354;[0.96];[0.01];4324.19662;[0.9586];[0.0086];4359.13412;100),(541601.72343;[0.95];[0.];4326.68728;[0.9571];[0.0071];4362.04712;100),(542957.69596;[0.95];[0.];4325.68855;[0.9581];[0.0081];4360.80683;100),(544410.69674;[0.96];[0.01];4324.19662;[0.9586];[0.0086];4359.13412;100),(544778.56326;[0.95];[0.];4325.68855;[0.9581];[0.0081];4360.80683;100),(546887.24303;[0.96];[0.01];4324.19662;[0.9586];[0.0086];4359.13412;100),(550863.85345;[0.69];[-0.26];6112.77995;[0.752];[-0.198];6352.17011;100),(558648.46969;[0.83];[-0.12];5186.81764;[0.8709];[-0.0791];5312.03063;100),(562880.91683;[1.];[0.05];4560.32157;[1.];[0.05];4581.58957;100),(567914.01029;[0.8];[-0.15];4919.44987;[0.8317];[-0.1183];5042.66324;100),(572691.18810;[1.];[0.05];4590.97957;[1.];[0.05];4612.01289;100),(577338.18579;[1.];[0.05];4607.62888;[1.];[0.05];4632.95671;100),(578895.07437;[0.92];[-0.03];4430.18681;[0.9255];[-0.0245];4474.41045;100),(579333.93598;[0.97];[0.02];4286.37967;[0.963];[0.013];4317.01588;100),(580225.47030;[0.92];[-0.03];4365.92611;[0.923];[-0.027];4406.98443;100),(581255.02467;[0.95];[0.];4330.37412;[0.9556];[0.0056];4365.30470;100),(583475.50201;[0.92];[-0.03];4307.55649;[0.9356];[-0.0144];4342.54415;100),(586067.61599;[0.97];[0.02];4297.05132;[0.9704];[0.0204];4328.39877;100),(586490.19217;[0.93];[-0.02];4303.97896;[0.9506];[0.0006];4335.76517;100),(589037.05597;[0.94];[-0.01];4299.52986;[0.9516];[0.0016];4331.70696;100),(589266.39628;[0.94];[-0.01];4299.52986;[0.9516];[0.0016];4331.70696;100),(591247.03145;[0.97];[0.02];4297.77378;[0.9693];[0.0193];4328.86872;100),(591641.50214;[0.94];[-0.01];4297.99000;[0.9534];[0.0034];4329.99047;100),(591860.67462;[0.94];[-0.01];4297.99000;[0.9534];[0.0034];4329.99047;100),(592124.09019;[0.94];[-0.01];4297.99000;[0.9534];[0.0034];4329.99047;100),(595773.68927;[0.69];[-0.26];6112.97888;[0.7522];[-0.1978];6353.74643;100)]"
5,2,4689.332481715802,[0.4354],[-0.5146],601895.7622051239,"[(1043.66922;[0.36];[-0.59];5551.49042;[0.3023];[-0.6477];4453.45115;100),(7772.66049;[0.36];[-0.59];5551.49042;[0.3023];[-0.6477];4453.45115;100),(11409.50751;[0.36];[-0.59];5551.49042;[0.3023];[-0.6477];4453.45115;100),(15044.31987;[0.36];[-0.59];5551.49042;[0.3023];[-0.6477];4453.45115;100),(18518.23425;[0.36];[-0.59];5551.49042;[0.3023];[-0.6477];4453.45115;100),(22423.93160;[0.36];[-0.59];5551.49042;[0.3023];[-0.6477];4453.45115;100),(23115.11898;[0.41];[-0.54];4327.20274;[0.333];[-0.617];4046.48095;100),(24394.79995;[0.];[-0.95];3047.18209;[0.0029];[-0.9471];2987.49050;100),(24956.40087;[0.];[-0.95];2955.22158;[0.0006];[-0.9494];2902.80407;100),(25448.81678;[0.];[-0.95];2914.99426;[0.0002];[-0.9498];2865.17679;100),(26051.66292;[0.];[-0.95];2880.45705;[0.0001];[-0.9499];2833.91058;100),(31157.35459;[0.49];[-0.46];5309.47723;[0.4159];[-0.5341];4645.73081;100),(37034.75332;[0.22];[-0.73];3756.63674;[0.1505];[-0.7995];3593.91006;100),(43777.82202;[0.09];[-0.86];3507.52936;[0.0591];[-0.8909];3415.72177;100),(47694.08607;[0.03];[-0.92];3323.40135;[0.0149];[-0.9351];3259.44282;100),(56104.64334;[0.03];[-0.92];3185.93277;[0.0149];[-0.9351];3115.68648;100),(57018.43357;[0.];[-0.95];3049.66257;[0.0029];[-0.9471];2990.14856;100),(57505.76782;[0.];[-0.95];2915.13049;[0.0002];[-0.9498];2865.74567;100),(59006.09303;[0.];[-0.95];2914.05367;[0.0002];[-0.9498];2864.35296;100),(62573.52662;[0.49];[-0.46];5309.47723;[0.4159];[-0.5341];4645.73081;100),(66459.04994;[0.23];[-0.72];3759.41061;[0.1551];[-0.7949];3593.38133;100),(73150.91467;[0.09];[-0.86];3500.97190;[0.0573];[-0.8927];3410.45288;100),(77394.31143;[0.03];[-0.92];3321.08001;[0.0175];[-0.9325];3253.93388;100),(81255.73349;[0.];[-0.95];2914.05367;[0.0002];[-0.9498];2864.35296;100),(83151.20530;[0.];[-0.95];2914.05367;[0.0002];[-0.9498];2864.35296;100),(86994.31038;[0.49];[-0.46];5309.47723;[0.4159];[-0.5341];4645.73081;100),(91171.60988;[0.23];[-0.72];3759.41061;[0.1551];[-0.7949];3593.38133;100),(98320.78528;[0.09];[-0.86];3500.97190;[0.0573];[-0.8927];3410.45288;100),(102611.12356;[0.03];[-0.92];3321.08001;[0.0175];[-0.9325];3253.93388;100),(106367.39182;[0.];[-0.95];2914.05367;[0.0002];[-0.9498];2864.35296;100),(111492.28930;[0.49];[-0.46];5309.47723;[0.4159];[-0.5341];4645.73081;100),(115669.78002;[0.22];[-0.73];3740.57857;[0.1465];[-0.8035];3590.88915;100),(123279.47307;[0.09];[-0.86];3500.97190;[0.0573];[-0.8927];3410.45288;100),(128278.04995;[0.03];[-0.92];3321.08001;[0.0175];[-0.9325];3253.93388;100),(138610.13937;[0.03];[-0.92];3187.15099;[0.0151];[-0.9349];3116.78891;100),(139199.57113;[0.03];[-0.92];3132.75868;[0.0088];[-0.9412];3067.07698;100),(139884.89437;[0.];[-0.95];3078.81091;[0.0048];[-0.9452];3017.38072;100),(140574.99790;[0.];[-0.95];3050.65081;[0.003];[-0.947];2990.85217;100),(142490.27538;[0.];[-0.95];3047.18209;[0.0029];[-0.9471];2987.49050;100),(144929.03733;[0.];[-0.95];3011.20651;[0.0013];[-0.9487];2954.34749;100),(157161.74269;[0.49];[-0.46];5309.47723;[0.4159];[-0.5341];4645.73081;100),(161574.54872;[0.23];[-0.72];3746.23635;[0.152];[-0.798];3589.80451;100),(169098.74129;[0.09];[-0.86];3499.83544;[0.0565];[-0.8935];3409.47602;100),(173722.48435;[0.03];[-0.92];3321.08001;[0.0175];[-0.9325];3253.93388;100),(185678.49874;[0.03];[-0.92];3200.08543;[0.0135];[-0.9365];3132.21055;100),(188555.97997;[0.03];[-0.92];3135.48508;[0.0092];[-0.9408];3070.38630;100),(189398.76699;[0.01];[-0.94];3097.09422;[0.0061];[-0.9439];3033.55235;100),(191148.97633;[0.];[-0.95];3075.46085;[0.0046];[-0.9454];3014.02950;100),(193036.57985;[0.];[-0.95];3049.66257;[0.0029];[-0.9471];2990.14856;100),(198127.98548;[0.];[-0.95];3047.18209;[0.0029];[-0.9471];2987.49050;100),(200191.43271;[0.];[-0.95];3046.21641;[0.0029];[-0.9471];2986.68147;100),(200349.79606;[0.];[-0.95];3046.21641;[0.0029];[-0.9471];2986.68147;100),(203896.85082;[0.49];[-0.46];5309.47723;[0.4159];[-0.5341];4645.73081;100),(208073.56620;[0.22];[-0.73];3732.78183;[0.1449];[-0.8051];3582.76405;100),(214374.81856;[0.08];[-0.87];3471.10699;[0.0427];[-0.9073];3388.00093;100),(218708.19807;[0.03];[-0.92];3321.02145;[0.0143];[-0.9357];3256.68666;100),(224426.15032;[0.];[-0.95];3046.21641;[0.0029];[-0.9471];2986.68147;100),(234148.66114;[0.];[-0.95];3011.20651;[0.0013];[-0.9487];2954.34749;100),(237551.92018;[0.49];[-0.46];5309.47723;[0.4159];[-0.5341];4645.73081;100),(241794.94286;[0.22];[-0.73];3732.78183;[0.1449];[-0.8051];3582.76405;100),(248466.02368;[0.08];[-0.87];3471.10699;[0.0427];[-0.9073];3388.00093;100),(252703.31001;[0.03];[-0.92];3321.02145;[0.0143];[-0.9357];3256.68666;100),(259250.38910;[0.];[-0.95];3011.20651;[0.0013];[-0.9487];2954.34749;100),(272880.22614;[0.49];[-0.46];5306.72199;[0.4193];[-0.5307];4650.99168;100),(277603.45626;[0.22];[-0.73];3732.78183;[0.1449];[-0.8051];3582.76405;100),(283978.92737;[0.08];[-0.87];3471.10699;[0.0427];[-0.9073];3388.00093;100),(287871.44566;[0.03];[-0.92];3321.02145;[0.0143];[-0.9357];3256.68666;100),(300426.48435;[0.03];[-0.92];3206.86490;[0.0143];[-0.9357];3138.58778;100),(301135.80251;[0.03];[-0.92];3134.25358;[0.009];[-0.941];3069.47819;100),(302113.62028;[0.];[-0.95];3077.08052;[0.0046];[-0.9454];3015.75111;100),(306003.39317;[0.];[-0.95];3075.46085;[0.0046];[-0.9454];3014.02950;100),(307923.15888;[0.];[-0.95];3050.28032;[0.0029];[-0.9471];2990.61537;100),(309861.76014;[0.];[-0.95];3049.66257;[0.0029];[-0.9471];2990.14856;100),(312159.40809;[0.];[-0.95];3047.18209;[0.0029];[-0.9471];2987.49050;100),(314252.13146;[0.];[-0.95];3046.87280;[0.0028];[-0.9472];2987.65123;100),(318266.13116;[0.49];[-0.46];5306.03727;[0.4198];[-0.5302];4655.39131;100),(322441.63346;[0.21];[-0.74];3717.65499;[0.1381];[-0.8119];3580.98188;100),(329189.37278;[0.08];[-0.87];3473.76958;[0.0443];[-0.9057];3390.29667;100),(332974.04981;[0.03];[-0.92];3321.02145;[0.0143];[-0.9357];3256.68666;100),(338082.06511;[0.];[-0.95];3046.87280;[0.0028];[-0.9472];2987.65123;100),(346627.35510;[0.];[-0.95];3046.21641;[0.0029];[-0.9471];2986.68147;100),(350280.92360;[0.49];[-0.46];5306.03727;[0.4198];[-0.5302];4655.39131;100),(354831.79450;[0.21];[-0.74];3717.65499;[0.1381];[-0.8119];3580.98188;100),(361755.77307;[0.08];[-0.87];3473.76958;[0.0443];[-0.9057];3390.29667;100),(366233.28543;[0.03];[-0.92];3321.02145;[0.0143];[-0.9357];3256.68666;100),(372346.01784;[0.];[-0.95];3046.21641;[0.0029];[-0.9471];2986.68147;100),(385662.36925;[0.5];[-0.45];5300.80216;[0.425];[-0.525];4670.82340;100),(389545.20774;[0.21];[-0.74];3717.65499;[0.1381];[-0.8119];3580.98188;100),(395683.00295;[0.08];[-0.87];3473.76958;[0.0443];[-0.9057];3390.29667;100),(400708.00686;[0.03];[-0.92];3321.02145;[0.0143];[-0.9357];3256.68666;100),(412098.68836;[0.03];[-0.92];3206.86490;[0.0143];[-0.9357];3138.58778;100),(412773.56696;[0.02];[-0.93];3131.52718;[0.0086];[-0.9414];3066.16888;100),(415465.17682;[0.];[-0.95];3050.28032;[0.0029];[-0.9471];2990.61537;100),(419110.44550;[0.];[-0.95];3046.87280;[0.0028];[-0.9472];2987.65123;100),(428838.27090;[0.52];[-0.43];5299.34635;[0.4261];[-0.5239];4671.68017;100),(433156.94690;[0.2];[-0.75];3704.71131;[0.1366];[-0.8134];3571.82454;100),(440659.32393;[0.07];[-0.88];3445.99267;[0.0353];[-0.9147];3367.73964;100),(445476.81332;[0.03];[-0.92];3276.48112;[0.013];[-0.937];3212.43759;100),(457397.64428;[0.];[-0.95];3046.21641;[0.0029];[-0.9471];2986.68147;100),(461200.89459;[0.52];[-0.43];5299.34635;[0.4261];[-0.5239];4671.68017;100),(465589.37287;[0.21];[-0.74];3724.17212;[0.1381];[-0.8119];3574.48738;100),(472596.13705;[0.08];[-0.87];3478.19482;[0.0463];[-0.9037];3394.91448;100),(477216.64524;[0.03];[-0.92];3321.50996;[0.0168];[-0.9332];3253.05158;100),(484402.59266;[0.03];[-0.92];3209.05386;[0.0144];[-0.9356];3140.74578;100),(484919.82484;[0.03];[-0.92];3132.63770;[0.0088];[-0.9412];3067.86004;100),(487750.98419;[0.];[-0.95];3046.21641;[0.0029];[-0.9471];2986.68147;100),(498150.37775;[0.51];[-0.44];5297.45548;[0.4282];[-0.5218];4677.33273;100),(502735.93950;[0.2];[-0.75];3712.42984;[0.1361];[-0.8139];3577.75697;100),(509864.97355;[0.07];[-0.88];3451.22979;[0.0375];[-0.9125];3371.89870;100),(515488.43193;[0.03];[-0.92];3283.28072;[0.0137];[-0.9363];3218.20614;100),(532423.26784;[0.51];[-0.44];5297.45548;[0.4282];[-0.5218];4677.33273;100),(536503.97444;[0.2];[-0.75];3712.42984;[0.1361];[-0.8139];3577.75697;100),(543322.86263;[0.09];[-0.86];3483.94482;[0.0487];[-0.9013];3399.42085;100),(547330.65629;[0.03];[-0.92];3327.62699;[0.0157];[-0.9343];3261.66429;100),(551975.81148;[0.03];[-0.92];3217.53089;[0.0155];[-0.9345];3147.82672;100),(552903.45550;[0.03];[-0.92];3132.63770;[0.0088];[-0.9412];3067.86004;100),(555220.37792;[0.01];[-0.94];3100.90652;[0.0065];[-0.9435];3037.96826;100),(557492.40112;[0.];[-0.95];3076.09745;[0.0044];[-0.9456];3014.99335;100),(559042.28473;[0.];[-0.95];3074.61094;[0.0046];[-0.9454];3013.32399;100),(564932.34253;[0.];[-0.95];3046.87280;[0.0028];[-0.9472];2987.65123;100),(568814.81099;[0.53];[-0.42];5285.79276;[0.4354];[-0.5146];4689.33248;100),(572969.74015;[0.21];[-0.74];3700.05876;[0.1381];[-0.8119];3565.04118;100),(579787.76693;[0.07];[-0.88];3459.77240;[0.038];[-0.912];3378.22025;100),(584525.45500;[0.03];[-0.92];3288.47502;[0.0144];[-0.9356];3223.55278;100),(589882.04694;[0.];[-0.95];3046.87280;[0.0028];[-0.9472];2987.65123;100)]"
5,3,4707.943869732226,[0.4553],[-0.4947],600148.4401226044,"[(683.77495;[0.5];[-0.45];4702.41539;[0.4551];[-0.4949];4708.12308;100),(7509.48572;[0.5];[-0.45];4702.53936;[0.4553];[-0.4947];4707.94387;100),(11237.32352;[0.5];[-0.45];4702.53936;[0.4553];[-0.4947];4707.94387;100),(14791.79835;[0.5];[-0.45];4702.53936;[0.4553];[-0.4947];4707.94387;100),(18280.18332;[0.5];[-0.45];4702.53936;[0.4553];[-0.4947];4707.94387;100),(21821.57087;[0.5];[-0.45];4702.53936;[0.4553];[-0.4947];4707.94387;100),(23355.58987;[0.34];[-0.61];4051.17476;[0.3212];[-0.6288];4055.45522;100),(24595.99209;[0.05];[-0.9];3476.87505;[0.0643];[-0.8857];3475.41784;100),(26980.75199;[0.];[-0.95];3353.70251;[0.0176];[-0.9324];3353.09852;100),(27250.15926;[0.];[-0.95];3254.36923;[0.009];[-0.941];3251.17925;100),(29177.34528;[0.];[-0.95];3128.27426;[0.0025];[-0.9475];3128.43351;100),(30066.99324;[0.];[-0.95];3002.36170;[0.0006];[-0.9494];3001.24275;100),(30955.54256;[0.];[-0.95];2950.17941;[0.0006];[-0.9494];2946.99084;100),(31588.76705;[0.];[-0.95];2837.60654;[0.0001];[-0.9499];2833.53529;100),(33364.77304;[0.];[-0.95];2836.77077;[0.0001];[-0.9499];2832.71804;100),(33573.09914;[0.];[-0.95];2836.77077;[0.0001];[-0.9499];2832.71804;100),(37037.42266;[0.5];[-0.45];4702.53936;[0.4553];[-0.4947];4707.94387;100),(41873.41356;[0.4];[-0.55];4156.67543;[0.3527];[-0.5973];4161.02424;100),(47490.23724;[0.05];[-0.9];3476.11094;[0.0637];[-0.8863];3474.30678;100),(51217.97538;[0.];[-0.95];3287.94483;[0.0086];[-0.9414];3286.47765;100),(54530.10798;[0.];[-0.95];2836.77077;[0.0001];[-0.9499];2832.71804;100),(56434.77654;[0.];[-0.95];2836.77077;[0.0001];[-0.9499];2832.71804;100),(59710.70480;[0.5];[-0.45];4702.53936;[0.4553];[-0.4947];4707.94387;100),(66128.15547;[0.38];[-0.57];4085.64815;[0.3351];[-0.6149];4088.60411;100),(71361.21392;[0.05];[-0.9];3452.03307;[0.0536];[-0.8964];3450.43435;100),(75712.44431;[0.];[-0.95];3231.43346;[0.0051];[-0.9449];3229.85013;100),(83549.91817;[0.];[-0.95];2836.77077;[0.0001];[-0.9499];2832.71804;100),(90197.42703;[0.5];[-0.45];4702.53936;[0.4553];[-0.4947];4707.94387;100),(95579.75316;[0.4];[-0.55];4156.67543;[0.3527];[-0.5973];4161.02424;100),(102231.31227;[0.05];[-0.9];3476.03658;[0.0616];[-0.8884];3475.17078;100),(106648.05245;[0.];[-0.95];3287.94483;[0.0086];[-0.9414];3286.47765;100),(117446.89941;[0.];[-0.95];3123.97922;[0.0025];[-0.9475];3124.17149;100),(120722.73254;[0.];[-0.95];3046.53268;[0.0006];[-0.9494];3047.00898;100),(122144.03439;[0.];[-0.95];2994.40833;[0.0006];[-0.9494];2992.43723;100),(125528.74875;[0.];[-0.95];2963.77263;[0.0006];[-0.9494];2961.49875;100),(129021.18230;[0.];[-0.95];2948.74168;[0.0006];[-0.9494];2945.59274;100),(135047.18781;[0.];[-0.95];2873.17300;[0.0002];[-0.9498];2869.10272;100),(138707.56936;[0.5];[-0.45];4702.53936;[0.4553];[-0.4947];4707.94387;100),(144940.64093;[0.39];[-0.56];4118.15512;[0.345];[-0.605];4120.81465;100),(150137.68268;[0.05];[-0.9];3484.49775;[0.0639];[-0.8861];3483.63743;100),(154110.26216;[0.];[-0.95];3300.16204;[0.0119];[-0.9381];3297.94949;100),(160321.31386;[0.];[-0.95];2873.17300;[0.0002];[-0.9498];2869.10272;100),(172449.97883;[0.];[-0.95];2869.31494;[0.0002];[-0.9498];2865.30815;100),(176206.99954;[0.5];[-0.45];4702.53936;[0.4553];[-0.4947];4707.94387;100),(182191.79106;[0.39];[-0.56];4118.15512;[0.345];[-0.605];4120.81465;100),(187460.62994;[0.05];[-0.9];3484.49775;[0.0639];[-0.8861];3483.63743;100),(191460.43515;[0.];[-0.95];3300.16204;[0.0119];[-0.9381];3297.94949;100),(201124.76802;[0.];[-0.95];2869.31494;[0.0002];[-0.9498];2865.30815;100),(212865.06796;[0.5];[-0.45];4702.53936;[0.4553];[-0.4947];4707.94387;100),(219123.58594;[0.39];[-0.56];4118.15512;[0.345];[-0.605];4120.81465;100),(224386.04569;[0.05];[-0.9];3484.49775;[0.0639];[-0.8861];3483.63743;100),(228302.01793;[0.];[-0.95];3300.16204;[0.0119];[-0.9381];3297.94949;100),(240135.91361;[0.];[-0.95];3151.99430;[0.0027];[-0.9473];3151.88941;100),(243522.24422;[0.];[-0.95];3082.41743;[0.001];[-0.949];3082.91199;100),(245088.79924;[0.];[-0.95];3035.03679;[0.0006];[-0.9494];3035.28090;100),(247707.54242;[0.];[-0.95];2990.25486;[0.0006];[-0.9494];2988.51126;100),(250120.07380;[0.];[-0.95];2967.19435;[0.0006];[-0.9494];2964.90983;100),(253742.54274;[0.];[-0.95];2963.77263;[0.0006];[-0.9494];2961.49875;100),(256489.84647;[0.];[-0.95];2948.74168;[0.0006];[-0.9494];2945.59274;100),(256791.76402;[0.];[-0.95];2948.74168;[0.0006];[-0.9494];2945.59274;100),(260339.02693;[0.5];[-0.45];4702.53936;[0.4553];[-0.4947];4707.94387;100),(265970.69073;[0.37];[-0.58];4074.43001;[0.3314];[-0.6186];4077.60255;100),(272190.99975;[0.05];[-0.9];3466.06722;[0.0573];[-0.8927];3464.23440;100),(276528.55825;[0.];[-0.95];3305.74102;[0.0128];[-0.9372];3303.82903;100),(283057.33633;[0.];[-0.95];2948.74168;[0.0006];[-0.9494];2945.59274;100),(294822.05772;[0.5];[-0.45];4702.53936;[0.4553];[-0.4947];4707.94387;100),(300868.86334;[0.37];[-0.58];4074.43001;[0.3314];[-0.6186];4077.60255;100),(306461.50017;[0.05];[-0.9];3466.06722;[0.0573];[-0.8927];3464.23440;100),(310705.10840;[0.];[-0.95];3305.74102;[0.0128];[-0.9372];3303.82903;100),(322512.38608;[0.];[-0.95];3177.49076;[0.0037];[-0.9463];3176.39546;100),(325721.03024;[0.];[-0.95];3101.84148;[0.0012];[-0.9488];3102.27239;100),(329043.39647;[0.];[-0.95];3046.53268;[0.0006];[-0.9494];3047.00898;100),(331803.48444;[0.];[-0.95];3001.39761;[0.0006];[-0.9494];3000.24749;100),(334067.13867;[0.];[-0.95];2967.19435;[0.0006];[-0.9494];2964.90983;100),(340220.00146;[0.];[-0.95];2963.77263;[0.0006];[-0.9494];2961.49875;100),(345671.12684;[0.5];[-0.45];4702.53936;[0.4553];[-0.4947];4707.94387;100),(351833.08196;[0.39];[-0.56];4109.58947;[0.3422];[-0.6078];4112.82535;100),(358609.48682;[0.05];[-0.9];3473.46434;[0.0637];[-0.8863];3471.63443;100),(363709.40137;[0.];[-0.95];3316.95178;[0.0122];[-0.9378];3316.22570;100),(374484.95173;[0.];[-0.95];3198.42804;[0.0054];[-0.9446];3196.56004;100),(379153.44310;[0.];[-0.95];3131.56634;[0.0025];[-0.9475];3131.71172;100),(380483.12306;[0.];[-0.95];3082.08509;[0.001];[-0.949];3082.60394;100),(384410.54749;[0.];[-0.95];3035.74731;[0.0006];[-0.9494];3035.97350;100),(386206.45308;[0.];[-0.95];2989.64308;[0.0006];[-0.9494];2987.92219;100),(389832.51929;[0.];[-0.95];2988.81713;[0.0006];[-0.9494];2987.11316;100),(391676.64599;[0.];[-0.95];2988.81713;[0.0006];[-0.9494];2987.11316;100),(395785.86960;[0.5];[-0.45];4702.53936;[0.4553];[-0.4947];4707.94387;100),(400932.57666;[0.36];[-0.59];4057.50405;[0.3314];[-0.6186];4058.55644;100),(406898.28563;[0.05];[-0.9];3479.00406;[0.0673];[-0.8827];3477.53903;100),(410950.49000;[0.];[-0.95];3325.94191;[0.0121];[-0.9379];3325.71732;100),(416468.78314;[0.];[-0.95];2988.81713;[0.0006];[-0.9494];2987.11316;100),(428568.49146;[0.5];[-0.45];4702.53936;[0.4553];[-0.4947];4707.94387;100),(433466.72654;[0.36];[-0.59];4057.50405;[0.3314];[-0.6186];4058.55644;100),(439267.84396;[0.05];[-0.9];3479.00406;[0.0673];[-0.8827];3477.53903;100),(443010.63037;[0.];[-0.95];3325.80862;[0.0158];[-0.9342];3323.78114;100),(453575.41990;[0.];[-0.95];3207.29040;[0.0058];[-0.9442];3204.72605;100),(456223.56868;[0.];[-0.95];3147.98665;[0.0025];[-0.9475];3148.16295;100),(458148.41032;[0.];[-0.95];3082.08509;[0.001];[-0.949];3082.60394;100),(463374.80044;[0.];[-0.95];3035.74731;[0.0006];[-0.9494];3035.97350;100),(468235.00943;[0.];[-0.95];3034.30653;[0.0006];[-0.9494];3034.21400;100),(471561.52606;[0.];[-0.95];2989.64308;[0.0006];[-0.9494];2987.92219;100),(474939.62216;[0.];[-0.95];2988.81713;[0.0006];[-0.9494];2987.11316;100),(478314.38851;[0.5];[-0.45];4702.53936;[0.4553];[-0.4947];4707.94387;100),(482024.47629;[0.09];[-0.86];3635.98960;[0.1263];[-0.8237];3642.26156;100),(488479.66409;[0.05];[-0.9];3461.38989;[0.058];[-0.892];3458.94450;100),(492432.48034;[0.];[-0.95];3293.91040;[0.011];[-0.939];3291.75906;100),(497857.39756;[0.];[-0.95];2988.81713;[0.0006];[-0.9494];2987.11316;100),(506123.35634;[0.];[-0.95];2988.81713;[0.0006];[-0.9494];2987.11316;100),(509415.48896;[0.5];[-0.45];4702.53936;[0.4553];[-0.4947];4707.94387;100),(513304.41904;[0.09];[-0.86];3635.98960;[0.1263];[-0.8237];3642.26156;100),(519473.92249;[0.05];[-0.9];3461.38989;[0.058];[-0.892];3458.94450;100),(523557.72567;[0.];[-0.95];3292.73641;[0.011];[-0.939];3290.68206;100),(528799.91364;[0.];[-0.95];2988.81713;[0.0006];[-0.9494];2987.11316;100),(542557.08337;[0.5];[-0.45];4702.53936;[0.4553];[-0.4947];4707.94387;100),(545947.97564;[0.09];[-0.86];3635.98960;[0.1263];[-0.8237];3642.26156;100),(552593.40096;[0.05];[-0.9];3461.38989;[0.058];[-0.892];3458.94450;100),(556242.68579;[0.];[-0.95];3292.73641;[0.011];[-0.939];3290.68206;100),(570512.75373;[0.];[-0.95];2988.81713;[0.0006];[-0.9494];2987.11316;100),(573989.09378;[0.5];[-0.45];4702.53936;[0.4553];[-0.4947];4707.94387;100),(577613.85345;[0.09];[-0.86];3635.98960;[0.1263];[-0.8237];3642.26156;100),(584137.64954;[0.05];[-0.9];3488.62858;[0.0632];[-0.8868];3488.26059;100),(587687.39247;[0.];[-0.95];3335.20385;[0.0154];[-0.9346];3333.81417;100),(592516.70671;[0.];[-0.95];3232.98944;[0.0069];[-0.9431];3230.38268;100),(595610.11529;[0.];[-0.95];3179.35053;[0.0052];[-0.9448];3177.56417;100),(597809.73411;[0.];[-0.95];3147.98665;[0.0025];[-0.9475];3148.16295;100),(598982.53632;[0.];[-0.95];3101.15345;[0.001];[-0.949];3101.62656;100)]"
4,8,4227.474835738336,[0.8327],[-0.1173],602895.1668739319,"[(1294.31653;[0.43];[-0.52];7010.63740;[0.4071];[-0.5429];6067.41378;100),(9983.51097;[0.43];[-0.52];7010.63740;[0.4071];[-0.5429];6067.41378;100),(14409.03044;[0.43];[-0.52];7010.63740;[0.4071];[-0.5429];6067.41378;100),(18757.10154;[0.43];[-0.52];7010.63740;[0.4071];[-0.5429];6067.41378;100),(22432.17635;[0.43];[-0.52];7010.63740;[0.4071];[-0.5429];6067.41378;100),(26331.20894;[0.43];[-0.52];7010.63740;[0.4071];[-0.5429];6067.41378;100),(26690.60254;[0.73];[-0.22];6724.36592;[0.7138];[-0.2362];6344.59792;100),(28315.99641;[0.83];[-0.12];5566.15188;[0.7891];[-0.1609];5358.81923;100),(30388.69286;[0.85];[-0.1];4438.51502;[0.8301];[-0.1199];4367.46979;100),(32686.63669;[0.86];[-0.09];4283.74350;[0.8327];[-0.1173];4227.47484;100),(33725.77620;[0.75];[-0.2];4155.31876;[0.7603];[-0.1897];4097.39870;100),(35485.58879;[0.74];[-0.21];4105.97495;[0.7395];[-0.2105];4047.91109;100),(37805.68218;[0.73];[-0.22];4053.44359;[0.7267];[-0.2233];3999.09972;100),(39403.69701;[0.73];[-0.22];4017.97942;[0.7157];[-0.2343];3965.80822;100),(43308.80404;[0.73];[-0.22];4017.37384;[0.714];[-0.236];3964.87463;100),(44801.04661;[0.73];[-0.22];4016.79378;[0.7145];[-0.2355];3964.43333;100),(44975.59333;[0.73];[-0.22];4016.79378;[0.7145];[-0.2355];3964.43333;100),(51579.94866;[0.43];[-0.52];7010.63740;[0.4071];[-0.5429];6067.41378;100),(55373.95382;[0.43];[-0.52];7010.63740;[0.4071];[-0.5429];6067.41378;100),(59282.58896;[0.43];[-0.52];7010.63740;[0.4071];[-0.5429];6067.41378;100),(63057.54876;[0.43];[-0.52];7010.63740;[0.4071];[-0.5429];6067.41378;100),(67946.84410;[0.43];[-0.52];7010.63740;[0.4071];[-0.5429];6067.41378;100),(68159.25908;[0.73];[-0.22];6724.36592;[0.7138];[-0.2362];6344.59792;100),(70825.74058;[0.83];[-0.12];5566.15188;[0.7891];[-0.1609];5358.81923;100),(72228.80554;[0.85];[-0.1];4438.51502;[0.8301];[-0.1199];4367.46979;100),(74154.70815;[0.86];[-0.09];4283.74350;[0.8327];[-0.1173];4227.47484;100),(74837.67104;[0.75];[-0.2];4155.31876;[0.7603];[-0.1897];4097.39870;100),(76492.53535;[0.74];[-0.21];4105.97495;[0.7395];[-0.2105];4047.91109;100),(79063.39288;[0.73];[-0.22];4053.44359;[0.7267];[-0.2233];3999.09972;100),(80823.66538;[0.73];[-0.22];4017.97942;[0.7157];[-0.2343];3965.80822;100),(84731.36783;[0.73];[-0.22];4017.37384;[0.714];[-0.236];3964.87463;100),(86415.69090;[0.73];[-0.22];4016.79378;[0.7145];[-0.2355];3964.43333;100),(86598.00482;[0.73];[-0.22];4016.79378;[0.7145];[-0.2355];3964.43333;100),(95144.65094;[0.43];[-0.52];7010.63740;[0.4071];[-0.5429];6067.41378;100),(98733.33478;[0.43];[-0.52];7010.63740;[0.4071];[-0.5429];6067.41378;100),(102523.03171;[0.43];[-0.52];7010.63740;[0.4071];[-0.5429];6067.41378;100),(106067.44814;[0.43];[-0.52];7010.63740;[0.4071];[-0.5429];6067.41378;100),(109566.64371;[0.43];[-0.52];7010.63740;[0.4071];[-0.5429];6067.41378;100),(109969.85912;[0.73];[-0.22];6724.36592;[0.7138];[-0.2362];6344.59792;100),(111857.85842;[0.83];[-0.12];5566.15188;[0.7891];[-0.1609];5358.81923;100),(113157.60469;[0.85];[-0.1];4438.51502;[0.8301];[-0.1199];4367.46979;100),(115350.16203;[0.86];[-0.09];4283.74350;[0.8327];[-0.1173];4227.47484;100),(116212.86178;[0.75];[-0.2];4155.31876;[0.7603];[-0.1897];4097.39870;100),(117970.55912;[0.74];[-0.21];4105.97495;[0.7395];[-0.2105];4047.91109;100),(120269.01674;[0.73];[-0.22];4053.44359;[0.7267];[-0.2233];3999.09972;100),(122353.81341;[0.73];[-0.22];4017.97942;[0.7157];[-0.2343];3965.80822;100),(126989.48574;[0.73];[-0.22];4017.37384;[0.714];[-0.236];3964.87463;100),(128767.51184;[0.73];[-0.22];4016.79378;[0.7145];[-0.2355];3964.43333;100),(128978.90186;[0.73];[-0.22];4016.79378;[0.7145];[-0.2355];3964.43333;100),(136679.05712;[0.43];[-0.52];7010.63740;[0.4071];[-0.5429];6067.41378;100),(140469.57421;[0.43];[-0.52];7010.63740;[0.4071];[-0.5429];6067.41378;100),(144093.14513;[0.43];[-0.52];7010.63740;[0.4071];[-0.5429];6067.41378;100),(147760.93030;[0.43];[-0.52];7010.63740;[0.4071];[-0.5429];6067.41378;100),(151540.35664;[0.43];[-0.52];7010.63740;[0.4071];[-0.5429];6067.41378;100),(151880.50961;[0.73];[-0.22];6724.36592;[0.7138];[-0.2362];6344.59792;100),(153438.98392;[0.83];[-0.12];5566.15188;[0.7891];[-0.1609];5358.81923;100),(155130.06568;[0.85];[-0.1];4438.51502;[0.8301];[-0.1199];4367.46979;100),(157395.16258;[0.86];[-0.09];4283.74350;[0.8327];[-0.1173];4227.47484;100),(158061.97000;[0.75];[-0.2];4155.31876;[0.7603];[-0.1897];4097.39870;100),(159925.81773;[0.74];[-0.21];4105.97495;[0.7395];[-0.2105];4047.91109;100),(162333.84633;[0.73];[-0.22];4053.44359;[0.7267];[-0.2233];3999.09972;100),(164869.63320;[0.73];[-0.22];4017.97942;[0.7157];[-0.2343];3965.80822;100),(169630.24473;[0.73];[-0.22];4017.37384;[0.714];[-0.236];3964.87463;100),(171414.99925;[0.73];[-0.22];4016.79378;[0.7145];[-0.2355];3964.43333;100),(171675.74477;[0.73];[-0.22];4016.79378;[0.7145];[-0.2355];3964.43333;100),(179452.61765;[0.43];[-0.52];7010.63740;[0.4071];[-0.5429];6067.41378;100),(183199.81956;[0.43];[-0.52];7010.63740;[0.4071];[-0.5429];6067.41378;100),(186887.68125;[0.43];[-0.52];7010.63740;[0.4071];[-0.5429];6067.41378;100),(190478.98912;[0.43];[-0.52];7010.63740;[0.4071];[-0.5429];6067.41378;100),(194526.04651;[0.43];[-0.52];7010.63740;[0.4071];[-0.5429];6067.41378;100),(194785.07447;[0.73];[-0.22];6724.36592;[0.7138];[-0.2362];6344.59792;100),(196238.16514;[0.83];[-0.12];5566.15188;[0.7891];[-0.1609];5358.81923;100),(197650.50817;[0.85];[-0.1];4438.51502;[0.8301];[-0.1199];4367.46979;100),(199734.69877;[0.86];[-0.09];4283.74350;[0.8327];[-0.1173];4227.47484;100),(200392.69209;[0.75];[-0.2];4155.31876;[0.7603];[-0.1897];4097.39870;100),(202373.99912;[0.74];[-0.21];4105.97495;[0.7395];[-0.2105];4047.91109;100),(204764.98008;[0.73];[-0.22];4053.44359;[0.7267];[-0.2233];3999.09972;100),(206549.42036;[0.73];[-0.22];4017.97942;[0.7157];[-0.2343];3965.80822;100),(211201.49136;[0.73];[-0.22];4017.37384;[0.714];[-0.236];3964.87463;100),(213396.42096;[0.73];[-0.22];4016.79378;[0.7145];[-0.2355];3964.43333;100),(213620.84818;[0.73];[-0.22];4016.79378;[0.7145];[-0.2355];3964.43333;100),(221441.64610;[0.43];[-0.52];7010.63740;[0.4071];[-0.5429];6067.41378;100),(225299.20745;[0.43];[-0.52];7010.63740;[0.4071];[-0.5429];6067.41378;100),(228932.25622;[0.43];[-0.52];7010.63740;[0.4071];[-0.5429];6067.41378;100),(232804.52967;[0.43];[-0.52];7010.63740;[0.4071];[-0.5429];6067.41378;100),(236256.93941;[0.43];[-0.52];7010.63740;[0.4071];[-0.5429];6067.41378;100),(236535.43973;[0.73];[-0.22];6724.36592;[0.7138];[-0.2362];6344.59792;100),(238269.56081;[0.83];[-0.12];5566.15188;[0.7891];[-0.1609];5358.81923;100),(239862.83875;[0.85];[-0.1];4438.51502;[0.8301];[-0.1199];4367.46979;100),(241833.52232;[0.86];[-0.09];4283.74350;[0.8327];[-0.1173];4227.47484;100),(242495.44311;[0.75];[-0.2];4155.31876;[0.7603];[-0.1897];4097.39870;100),(244277.43196;[0.74];[-0.21];4105.97495;[0.7395];[-0.2105];4047.91109;100),(246645.81966;[0.73];[-0.22];4053.44359;[0.7267];[-0.2233];3999.09972;100),(248444.56434;[0.73];[-0.22];4017.97942;[0.7157];[-0.2343];3965.80822;100),(254125.11468;[0.73];[-0.22];4017.37384;[0.714];[-0.236];3964.87463;100),(255688.25793;[0.73];[-0.22];4016.79378;[0.7145];[-0.2355];3964.43333;100),(255888.62848;[0.73];[-0.22];4016.79378;[0.7145];[-0.2355];3964.43333;100),(263492.92660;[0.43];[-0.52];7010.63740;[0.4071];[-0.5429];6067.41378;100),(267323.28463;[0.43];[-0.52];7010.63740;[0.4071];[-0.5429];6067.41378;100),(271516.03317;[0.43];[-0.52];7010.63740;[0.4071];[-0.5429];6067.41378;100),(275433.81548;[0.43];[-0.52];7010.63740;[0.4071];[-0.5429];6067.41378;100),(280200.63210;[0.43];[-0.52];7010.63740;[0.4071];[-0.5429];6067.41378;100),(280703.92942;[0.73];[-0.22];6724.36592;[0.7138];[-0.2362];6344.59792;100),(282299.59655;[0.83];[-0.12];5566.15188;[0.7891];[-0.1609];5358.81923;100),(283928.55167;[0.85];[-0.1];4438.51502;[0.8301];[-0.1199];4367.46979;100),(285949.47195;[0.86];[-0.09];4283.74350;[0.8327];[-0.1173];4227.47484;100),(286591.26163;[0.75];[-0.2];4155.31876;[0.7603];[-0.1897];4097.39870;100),(289424.69215;[0.74];[-0.21];4105.97495;[0.7395];[-0.2105];4047.91109;100),(291570.25051;[0.73];[-0.22];4053.44359;[0.7267];[-0.2233];3999.09972;100),(293661.02409;[0.73];[-0.22];4017.97942;[0.7157];[-0.2343];3965.80822;100),(297926.57971;[0.73];[-0.22];4017.37384;[0.714];[-0.236];3964.87463;100),(299560.80198;[0.73];[-0.22];4016.79378;[0.7145];[-0.2355];3964.43333;100),(299737.64110;[0.73];[-0.22];4016.79378;[0.7145];[-0.2355];3964.43333;100),(308148.98825;[0.43];[-0.52];7010.63740;[0.4071];[-0.5429];6067.41378;100),(312162.43815;[0.43];[-0.52];7010.63740;[0.4071];[-0.5429];6067.41378;100),(316601.89176;[0.43];[-0.52];7010.63740;[0.4071];[-0.5429];6067.41378;100),(320419.81936;[0.43];[-0.52];7010.63740;[0.4071];[-0.5429];6067.41378;100),(324695.54830;[0.43];[-0.52];7010.63740;[0.4071];[-0.5429];6067.41378;100),(324932.72662;[0.73];[-0.22];6724.36592;[0.7138];[-0.2362];6344.59792;100),(326938.60364;[0.83];[-0.12];5566.15188;[0.7891];[-0.1609];5358.81923;100),(328544.89470;[0.85];[-0.1];4438.51502;[0.8301];[-0.1199];4367.46979;100),(331241.34231;[0.86];[-0.09];4283.74350;[0.8327];[-0.1173];4227.47484;100),(331878.37076;[0.75];[-0.2];4155.31876;[0.7603];[-0.1897];4097.39870;100),(333560.82439;[0.74];[-0.21];4105.97495;[0.7395];[-0.2105];4047.91109;100),(335741.25576;[0.73];[-0.22];4053.44359;[0.7267];[-0.2233];3999.09972;100),(337348.07491;[0.73];[-0.22];4017.97942;[0.7157];[-0.2343];3965.80822;100),(341571.80500;[0.73];[-0.22];4017.37384;[0.714];[-0.236];3964.87463;100),(343157.58848;[0.73];[-0.22];4016.79378;[0.7145];[-0.2355];3964.43333;100),(343352.16856;[0.73];[-0.22];4016.79378;[0.7145];[-0.2355];3964.43333;100),(350820.14704;[0.43];[-0.52];7010.63740;[0.4071];[-0.5429];6067.41378;100),(354521.09861;[0.43];[-0.52];7010.63740;[0.4071];[-0.5429];6067.41378;100),(358310.70256;[0.43];[-0.52];7010.63740;[0.4071];[-0.5429];6067.41378;100),(362283.32829;[0.43];[-0.52];7010.63740;[0.4071];[-0.5429];6067.41378;100),(366568.39609;[0.43];[-0.52];7010.63740;[0.4071];[-0.5429];6067.41378;100),(366777.21548;[0.73];[-0.22];6724.36592;[0.7138];[-0.2362];6344.59792;100),(368419.20424;[0.83];[-0.12];5566.15188;[0.7891];[-0.1609];5358.81923;100),(370265.96284;[0.85];[-0.1];4438.51502;[0.8301];[-0.1199];4367.46979;100),(372678.44152;[0.86];[-0.09];4283.74350;[0.8327];[-0.1173];4227.47484;100),(373328.64952;[0.75];[-0.2];4155.31876;[0.7603];[-0.1897];4097.39870;100),(375535.29024;[0.74];[-0.21];4105.97495;[0.7395];[-0.2105];4047.91109;100),(377721.03000;[0.73];[-0.22];4053.44359;[0.7267];[-0.2233];3999.09972;100),(379845.92128;[0.73];[-0.22];4017.97942;[0.7157];[-0.2343];3965.80822;100),(384986.91249;[0.73];[-0.22];4017.37384;[0.714];[-0.236];3964.87463;100),(387172.04928;[0.73];[-0.22];4016.79378;[0.7145];[-0.2355];3964.43333;100),(387453.00007;[0.73];[-0.22];4016.79378;[0.7145];[-0.2355];3964.43333;100),(394090.03925;[0.43];[-0.52];7010.63740;[0.4071];[-0.5429];6067.41378;100),(397949.26143;[0.43];[-0.52];7010.63740;[0.4071];[-0.5429];6067.41378;100),(402085.00576;[0.43];[-0.52];7010.63740;[0.4071];[-0.5429];6067.41378;100),(405915.33256;[0.43];[-0.52];7010.63740;[0.4071];[-0.5429];6067.41378;100),(409489.55822;[0.43];[-0.52];7010.63740;[0.4071];[-0.5429];6067.41378;100),(409794.99626;[0.73];[-0.22];6724.36592;[0.7138];[-0.2362];6344.59792;100),(411609.79056;[0.83];[-0.12];5566.15188;[0.7891];[-0.1609];5358.81923;100),(413103.69062;[0.85];[-0.1];4438.51502;[0.8301];[-0.1199];4367.46979;100),(415592.60774;[0.86];[-0.09];4283.74350;[0.8327];[-0.1173];4227.47484;100),(416242.60616;[0.75];[-0.2];4155.31876;[0.7603];[-0.1897];4097.39870;100),(418817.22903;[0.74];[-0.21];4105.97495;[0.7395];[-0.2105];4047.91109;100),(421290.94028;[0.73];[-0.22];4053.44359;[0.7267];[-0.2233];3999.09972;100),(423180.75848;[0.73];[-0.22];4017.97942;[0.7157];[-0.2343];3965.80822;100),(427410.43472;[0.73];[-0.22];4017.37384;[0.714];[-0.236];3964.87463;100),(429376.43671;[0.73];[-0.22];4016.79378;[0.7145];[-0.2355];3964.43333;100),(429549.66164;[0.73];[-0.22];4016.79378;[0.7145];[-0.2355];3964.43333;100),(437616.96625;[0.43];[-0.52];7010.63740;[0.4071];[-0.5429];6067.41378;100),(441662.55784;[0.43];[-0.52];7010.63740;[0.4071];[-0.5429];6067.41378;100),(445167.84310;[0.43];[-0.52];7010.63740;[0.4071];[-0.5429];6067.41378;100),(448720.19815;[0.43];[-0.52];7010.63740;[0.4071];[-0.5429];6067.41378;100),(452246.94896;[0.43];[-0.52];7010.63740;[0.4071];[-0.5429];6067.41378;100),(452507.53331;[0.73];[-0.22];6724.36592;[0.7138];[-0.2362];6344.59792;100),(454498.69800;[0.83];[-0.12];5566.15188;[0.7891];[-0.1609];5358.81923;100),(455872.70474;[0.85];[-0.1];4438.51502;[0.8301];[-0.1199];4367.46979;100),(458010.27369;[0.86];[-0.09];4283.74350;[0.8327];[-0.1173];4227.47484;100),(458647.21203;[0.75];[-0.2];4155.31876;[0.7603];[-0.1897];4097.39870;100),(460545.47811;[0.74];[-0.21];4105.97495;[0.7395];[-0.2105];4047.91109;100),(463088.36770;[0.73];[-0.22];4053.44359;[0.7267];[-0.2233];3999.09972;100),(464846.57145;[0.73];[-0.22];4017.97942;[0.7157];[-0.2343];3965.80822;100),(469645.49232;[0.73];[-0.22];4017.37384;[0.714];[-0.236];3964.87463;100),(471508.45218;[0.73];[-0.22];4016.79378;[0.7145];[-0.2355];3964.43333;100),(471694.05413;[0.73];[-0.22];4016.79378;[0.7145];[-0.2355];3964.43333;100),(479635.71429;[0.43];[-0.52];7010.63740;[0.4071];[-0.5429];6067.41378;100),(483593.92047;[0.43];[-0.52];7010.63740;[0.4071];[-0.5429];6067.41378;100),(487286.41891;[0.43];[-0.52];7010.63740;[0.4071];[-0.5429];6067.41378;100),(490824.41974;[0.43];[-0.52];7010.63740;[0.4071];[-0.5429];6067.41378;100),(494288.15866;[0.43];[-0.52];7010.63740;[0.4071];[-0.5429];6067.41378;100),(494647.62211;[0.73];[-0.22];6724.36592;[0.7138];[-0.2362];6344.59792;100),(496145.46108;[0.83];[-0.12];5566.15188;[0.7891];[-0.1609];5358.81923;100),(497703.46308;[0.85];[-0.1];4438.51502;[0.8301];[-0.1199];4367.46979;100),(499716.38823;[0.86];[-0.09];4283.74350;[0.8327];[-0.1173];4227.47484;100),(500364.67528;[0.75];[-0.2];4155.31876;[0.7603];[-0.1897];4097.39870;100),(502074.76139;[0.74];[-0.21];4105.97495;[0.7395];[-0.2105];4047.91109;100),(504534.58524;[0.73];[-0.22];4053.44359;[0.7267];[-0.2233];3999.09972;100),(506138.21077;[0.73];[-0.22];4017.97942;[0.7157];[-0.2343];3965.80822;100),(510281.34418;[0.73];[-0.22];4017.37384;[0.714];[-0.236];3964.87463;100),(512008.90374;[0.73];[-0.22];4016.79378;[0.7145];[-0.2355];3964.43333;100),(512212.50057;[0.73];[-0.22];4016.79378;[0.7145];[-0.2355];3964.43333;100),(519839.83326;[0.43];[-0.52];7010.63740;[0.4071];[-0.5429];6067.41378;100),(523319.69547;[0.43];[-0.52];7010.63740;[0.4071];[-0.5429];6067.41378;100),(527225.27242;[0.43];[-0.52];7010.63740;[0.4071];[-0.5429];6067.41378;100),(530766.99591;[0.43];[-0.52];7010.63740;[0.4071];[-0.5429];6067.41378;100),(534453.55415;[0.43];[-0.52];7010.63740;[0.4071];[-0.5429];6067.41378;100),(534839.75601;[0.73];[-0.22];6724.36592;[0.7138];[-0.2362];6344.59792;100),(536772.88556;[0.83];[-0.12];5566.15188;[0.7891];[-0.1609];5358.81923;100),(538517.15732;[0.85];[-0.1];4438.51502;[0.8301];[-0.1199];4367.46979;100),(540507.02953;[0.86];[-0.09];4283.74350;[0.8327];[-0.1173];4227.47484;100),(541413.26189;[0.75];[-0.2];4155.31876;[0.7603];[-0.1897];4097.39870;100),(543203.39966;[0.74];[-0.21];4105.97495;[0.7395];[-0.2105];4047.91109;100),(545901.38865;[0.73];[-0.22];4053.44359;[0.7267];[-0.2233];3999.09972;100),(547660.51865;[0.73];[-0.22];4017.97942;[0.7157];[-0.2343];3965.80822;100),(551942.65723;[0.73];[-0.22];4017.37384;[0.714];[-0.236];3964.87463;100),(553467.61417;[0.73];[-0.22];4016.79378;[0.7145];[-0.2355];3964.43333;100),(553743.59250;[0.73];[-0.22];4016.79378;[0.7145];[-0.2355];3964.43333;100),(560437.74843;[0.43];[-0.52];7010.63740;[0.4071];[-0.5429];6067.41378;100),(563859.78317;[0.43];[-0.52];7010.63740;[0.4071];[-0.5429];6067.41378;100),(567449.52083;[0.43];[-0.52];7010.63740;[0.4071];[-0.5429];6067.41378;100),(570803.98393;[0.43];[-0.52];7010.63740;[0.4071];[-0.5429];6067.41378;100),(574521.90590;[0.43];[-0.52];7010.63740;[0.4071];[-0.5429];6067.41378;100),(574793.95127;[0.73];[-0.22];6724.36592;[0.7138];[-0.2362];6344.59792;100),(576433.09379;[0.83];[-0.12];5566.15188;[0.7891];[-0.1609];5358.81923;100),(577787.67395;[0.85];[-0.1];4438.51502;[0.8301];[-0.1199];4367.46979;100),(580203.58634;[0.86];[-0.09];4283.74350;[0.8327];[-0.1173];4227.47484;100),(580974.68019;[0.75];[-0.2];4155.31876;[0.7603];[-0.1897];4097.39870;100),(582806.99492;[0.74];[-0.21];4105.97495;[0.7395];[-0.2105];4047.91109;100),(585305.70030;[0.73];[-0.22];4053.44359;[0.7267];[-0.2233];3999.09972;100),(587062.87956;[0.73];[-0.22];4017.97942;[0.7157];[-0.2343];3965.80822;100),(590904.99926;[0.73];[-0.22];4017.37384;[0.714];[-0.236];3964.87463;100),(592817.89184;[0.73];[-0.22];4016.79378;[0.7145];[-0.2355];3964.43333;100),(592989.16459;[0.73];[-0.22];4016.79378;[0.7145];[-0.2355];3964.43333;100),(599497.77365;[0.43];[-0.52];7010.63740;[0.4071];[-0.5429];6067.41378;100)]"
5,4,4705.57042067131,[0.4506],[-0.4994],601900.377035141,"[(748.39091;[0.4];[-0.55];4548.94639;[0.4506];[-0.4994];4705.57042;100),(7787.04333;[0.4];[-0.55];4548.94639;[0.4506];[-0.4994];4705.57042;100),(11188.94315;[0.4];[-0.55];4548.94639;[0.4506];[-0.4994];4705.57042;100),(14716.39013;[0.4];[-0.55];4548.94639;[0.4506];[-0.4994];4705.57042;100),(18582.98278;[0.4];[-0.55];4548.94639;[0.4506];[-0.4994];4705.57042;100),(22522.25733;[0.4];[-0.55];4548.94639;[0.4506];[-0.4994];4705.57042;100),(22929.00753;[0.26];[-0.69];3957.19300;[0.3261];[-0.6239];4059.35155;100),(24922.07980;[0.05];[-0.9];3383.69199;[0.0467];[-0.9033];3420.38527;100),(25400.61402;[0.01];[-0.94];3222.37542;[0.0084];[-0.9416];3247.21389;100),(27598.36030;[0.01];[-0.94];3133.08785;[0.0113];[-0.9387];3157.74171;100),(30597.63670;[0.01];[-0.94];3057.38693;[0.0062];[-0.9438];3078.22035;100),(32921.59677;[0.];[-0.95];2996.70574;[0.0046];[-0.9454];3015.75111;100),(35609.54237;[0.];[-0.95];2952.30976;[0.0026];[-0.9474];2969.24356;100),(40524.81699;[0.];[-0.95];2884.72080;[0.0006];[-0.9494];2899.31019;100),(42509.99594;[0.];[-0.95];2882.91520;[0.0006];[-0.9494];2897.28722;100),(44616.86921;[0.];[-0.95];2882.91520;[0.0006];[-0.9494];2897.28722;100),(49366.62364;[0.4];[-0.55];4548.94639;[0.4506];[-0.4994];4705.57042;100),(53143.50915;[0.1];[-0.85];3586.58906;[0.1102];[-0.8398];3638.80555;100),(58606.75001;[0.05];[-0.9];3428.41059;[0.0631];[-0.8869];3467.67553;100),(63084.72991;[0.01];[-0.94];3246.50923;[0.0105];[-0.9395];3273.54221;100),(74177.48928;[0.01];[-0.94];3123.41939;[0.0095];[-0.9405];3147.10207;100),(75995.00918;[0.];[-0.95];2996.47462;[0.0046];[-0.9454];3015.48144;100),(80714.74838;[0.];[-0.95];2972.54474;[0.0029];[-0.9471];2990.14856;100),(83507.70783;[0.];[-0.95];2940.16506;[0.0013];[-0.9487];2956.07777;100),(91473.25516;[0.];[-0.95];2938.20814;[0.0013];[-0.9487];2954.34749;100),(94827.94213;[0.4];[-0.55];4548.94639;[0.4506];[-0.4994];4705.57042;100),(99042.46068;[0.1];[-0.85];3586.58906;[0.1102];[-0.8398];3638.80555;100),(104357.55849;[0.05];[-0.9];3428.41059;[0.0631];[-0.8869];3467.67553;100),(108297.32132;[0.01];[-0.94];3249.13999;[0.0112];[-0.9388];3276.69441;100),(114319.99063;[0.];[-0.95];2938.20814;[0.0013];[-0.9487];2954.34749;100),(131780.40099;[0.4];[-0.55];4548.94639;[0.4506];[-0.4994];4705.57042;100),(135466.87794;[0.1];[-0.85];3586.58906;[0.1102];[-0.8398];3638.80555;100),(140572.18075;[0.05];[-0.9];3428.41059;[0.0631];[-0.8869];3467.67553;100),(144268.58950;[0.01];[-0.94];3249.13999;[0.0112];[-0.9388];3276.69441;100),(154579.74625;[0.01];[-0.94];3127.20893;[0.0099];[-0.9401];3151.17323;100),(157091.17174;[0.];[-0.95];2972.54474;[0.0029];[-0.9471];2990.14856;100),(165410.12144;[0.];[-0.95];2970.26001;[0.0028];[-0.9472];2987.65123;100),(167506.11782;[0.];[-0.95];2965.21587;[0.0026];[-0.9474];2982.36880;100),(171140.74564;[0.4];[-0.55];4548.94639;[0.4506];[-0.4994];4705.57042;100),(176527.27962;[0.1];[-0.85];3574.67888;[0.1025];[-0.8475];3626.09955;100),(181708.06050;[0.05];[-0.9];3430.10885;[0.0556];[-0.8944];3468.43014;100),(185703.34554;[0.02];[-0.93];3251.37227;[0.0137];[-0.9363];3279.65668;100),(190675.17877;[0.];[-0.95];2965.21587;[0.0026];[-0.9474];2982.36880;100),(198342.92221;[0.];[-0.95];2965.21587;[0.0026];[-0.9474];2982.36880;100),(201809.09014;[0.4];[-0.55];4548.94639;[0.4506];[-0.4994];4705.57042;100),(206915.59744;[0.1];[-0.85];3574.67888;[0.1025];[-0.8475];3626.09955;100),(212779.12116;[0.05];[-0.9];3430.10885;[0.0556];[-0.8944];3468.43014;100),(217031.49700;[0.02];[-0.93];3251.37227;[0.0137];[-0.9363];3279.65668;100),(222581.08091;[0.];[-0.95];2965.21587;[0.0026];[-0.9474];2982.36880;100),(233906.25167;[0.4];[-0.55];4548.94639;[0.4506];[-0.4994];4705.57042;100),(239207.17025;[0.1];[-0.85];3574.67888;[0.1025];[-0.8475];3626.09955;100),(244786.62086;[0.05];[-0.9];3430.10885;[0.0556];[-0.8944];3468.43014;100),(249383.81076;[0.02];[-0.93];3251.37227;[0.0137];[-0.9363];3279.65668;100),(259993.25418;[0.01];[-0.94];3132.84746;[0.0111];[-0.9389];3157.43366;100),(262036.88407;[0.01];[-0.94];3074.38534;[0.0067];[-0.9433];3095.95118;100),(264383.72016;[0.01];[-0.94];3023.21538;[0.007];[-0.943];3043.92910;100),(266270.32351;[0.];[-0.95];2996.47462;[0.0046];[-0.9454];3015.48144;100),(271583.61769;[0.];[-0.95];2996.04102;[0.0044];[-0.9456];3014.99335;100),(274734.63964;[0.];[-0.95];2995.37829;[0.0043];[-0.9457];3014.28784;100),(276279.51574;[0.];[-0.95];2994.19228;[0.0046];[-0.9454];3013.32399;100),(279934.06415;[0.4];[-0.55];4548.94639;[0.4506];[-0.4994];4705.57042;100),(284327.14796;[0.11];[-0.84];3567.35023;[0.1408];[-0.8092];3617.76065;100),(290658.66709;[0.05];[-0.9];3411.39476;[0.0536];[-0.8964];3450.43435;100),(295512.77208;[0.02];[-0.93];3254.86744;[0.0152];[-0.9348];3284.48736;100),(301166.10146;[0.];[-0.95];2994.19228;[0.0046];[-0.9454];3013.32399;100),(314628.96347;[0.4];[-0.55];4548.94639;[0.4506];[-0.4994];4705.57042;100),(318892.72785;[0.11];[-0.84];3567.35023;[0.1408];[-0.8092];3617.76065;100),(325607.06091;[0.05];[-0.9];3411.39476;[0.0536];[-0.8964];3450.43435;100),(329867.12480;[0.02];[-0.93];3254.86744;[0.0152];[-0.9348];3284.48736;100),(340070.88351;[0.01];[-0.94];3150.67023;[0.0079];[-0.9421];3173.98781;100),(342041.73732;[0.01];[-0.94];3084.28116;[0.0098];[-0.9402];3107.66494;100),(344436.13148;[0.01];[-0.94];3023.21538;[0.007];[-0.943];3043.92910;100),(344830.92308;[0.];[-0.95];2996.04102;[0.0044];[-0.9456];3014.99335;100),(348974.30515;[0.];[-0.95];2995.37829;[0.0043];[-0.9457];3014.28784;100),(353174.82591;[0.4];[-0.55];4548.94639;[0.4506];[-0.4994];4705.57042;100),(357834.79214;[0.12];[-0.83];3561.33359;[0.1437];[-0.8063];3612.86453;100),(364381.29449;[0.05];[-0.9];3415.76721;[0.0488];[-0.9012];3451.47912;100),(368372.70570;[0.01];[-0.94];3261.27612;[0.0105];[-0.9395];3287.94299;100),(372598.69313;[0.];[-0.95];2995.37829;[0.0043];[-0.9457];3014.28784;100),(380174.35646;[0.4];[-0.55];4548.94639;[0.4506];[-0.4994];4705.57042;100),(384619.43078;[0.12];[-0.83];3561.33359;[0.1437];[-0.8063];3612.86453;100),(391506.02484;[0.05];[-0.9];3415.76721;[0.0488];[-0.9012];3451.47912;100),(396247.46728;[0.01];[-0.94];3261.27612;[0.0105];[-0.9395];3287.94299;100),(405764.36996;[0.01];[-0.94];3156.63583;[0.0089];[-0.9411];3180.41962;100),(407277.32062;[0.01];[-0.94];3086.48528;[0.0107];[-0.9393];3110.43287;100),(408836.27677;[0.01];[-0.94];3018.69343;[0.0067];[-0.9433];3039.13838;100),(411127.19274;[0.];[-0.95];2996.47462;[0.0046];[-0.9454];3015.48144;100),(413747.14565;[0.];[-0.95];2995.37829;[0.0043];[-0.9457];3014.28784;100),(420607.99003;[0.4];[-0.55];4548.94639;[0.4506];[-0.4994];4705.57042;100),(425347.30077;[0.13];[-0.82];3564.34630;[0.1463];[-0.8037];3616.15710;100),(431934.30114;[0.05];[-0.9];3420.76176;[0.0508];[-0.8992];3457.55921;100),(436427.65141;[0.01];[-0.94];3269.64400;[0.0119];[-0.9381];3297.94949;100),(446138.53383;[0.01];[-0.94];3164.93946;[0.0073];[-0.9427];3187.81451;100),(447824.33867;[0.01];[-0.94];3094.91800;[0.0117];[-0.9383];3119.27276;100),(449395.22052;[0.01];[-0.94];3018.57568;[0.0066];[-0.9434];3038.96473;100),(454484.65180;[0.01];[-0.94];3018.22998;[0.0066];[-0.9434];3038.57279;100),(456299.02577;[0.01];[-0.94];3017.66268;[0.0065];[-0.9435];3037.96826;100),(457566.84136;[0.];[-0.95];2995.37829;[0.0043];[-0.9457];3014.28784;100),(461707.63826;[0.4];[-0.55];4548.94639;[0.4506];[-0.4994];4705.57042;100),(465867.37585;[0.11];[-0.84];3557.05100;[0.1305];[-0.8195];3605.60154;100),(472595.05081;[0.05];[-0.9];3401.13845;[0.05];[-0.9];3437.94233;100),(476479.14672;[0.01];[-0.94];3236.25263;[0.0108];[-0.9392];3263.17267;100),(481868.73198;[0.];[-0.95];2995.37829;[0.0043];[-0.9457];3014.28784;100),(492744.31157;[0.4];[-0.55];4548.94639;[0.4506];[-0.4994];4705.57042;100),(496953.86362;[0.11];[-0.84];3557.05100;[0.1305];[-0.8195];3605.60154;100),(504451.38335;[0.05];[-0.9];3401.13845;[0.05];[-0.9];3437.94233;100),(508693.50123;[0.01];[-0.94];3236.25263;[0.0108];[-0.9392];3263.17267;100),(520481.30631;[0.];[-0.95];2995.37829;[0.0043];[-0.9457];3014.28784;100),(523949.47290;[0.4];[-0.55];4548.94639;[0.4506];[-0.4994];4705.57042;100),(528287.50253;[0.11];[-0.84];3557.05100;[0.1305];[-0.8195];3605.60154;100),(534157.79996;[0.05];[-0.9];3425.76286;[0.0529];[-0.8971];3463.02049;100),(538736.33599;[0.02];[-0.93];3275.08313;[0.0148];[-0.9352];3304.35221;100),(542766.82091;[0.01];[-0.94];3175.55802;[0.0088];[-0.9412];3199.50387;100),(543632.64823;[0.01];[-0.94];3116.73013;[0.0082];[-0.9418];3139.92409;100),(546458.39524;[0.01];[-0.94];3067.44913;[0.0082];[-0.9418];3089.58442;100),(547980.08633;[0.01];[-0.94];3039.03905;[0.0064];[-0.9436];3059.92097;100),(549552.46902;[0.01];[-0.94];3018.22998;[0.0066];[-0.9434];3038.57279;100),(551041.09573;[0.01];[-0.94];3017.66268;[0.0065];[-0.9435];3037.96826;100),(558790.36713;[0.4];[-0.55];4548.94639;[0.4506];[-0.4994];4705.57042;100),(563229.80428;[0.11];[-0.84];3548.74711;[0.1315];[-0.8185];3597.93841;100),(569096.38095;[0.05];[-0.9];3410.59607;[0.0538];[-0.8962];3448.85982;100),(572544.91663;[0.01];[-0.94];3244.14081;[0.0101];[-0.9399];3270.93494;100),(586869.97294;[0.4];[-0.55];4548.94639;[0.4506];[-0.4994];4705.57042;100),(590836.26771;[0.12];[-0.83];3559.00708;[0.1422];[-0.8078];3609.60695;100),(595711.28821;[0.05];[-0.9];3431.66465;[0.0637];[-0.8863];3471.63443;100),(598981.81915;[0.02];[-0.93];3287.98877;[0.015];[-0.935];3317.06370;100)]"
5,7,4660.964429738053,[0.44],[-0.51],600030.0433635712,"[(834.91611;[0.41];[-0.54];4781.68599;[0.44];[-0.51];4660.96443;100),(7738.71708;[0.41];[-0.54];4781.68599;[0.44];[-0.51];4660.96443;100),(11165.00401;[0.41];[-0.54];4781.68599;[0.44];[-0.51];4660.96443;100),(14948.46606;[0.41];[-0.54];4781.68599;[0.44];[-0.51];4660.96443;100),(18828.34935;[0.41];[-0.54];4781.68599;[0.44];[-0.51];4660.96443;100),(22584.69415;[0.41];[-0.54];4781.68599;[0.44];[-0.51];4660.96443;100),(24643.35561;[0.3];[-0.65];4060.64748;[0.3229];[-0.6271];3993.69944;100),(25414.94775;[0.02];[-0.93];3360.29366;[0.0191];[-0.9309];3291.74258;100),(27517.97032;[0.02];[-0.93];3253.59155;[0.0147];[-0.9353];3173.80158;100),(29646.73543;[0.02];[-0.93];3162.73525;[0.009];[-0.941];3093.18558;100),(30126.75619;[0.02];[-0.93];3102.10066;[0.0073];[-0.9427];3030.99283;100),(30417.05942;[0.02];[-0.93];3061.62880;[0.0056];[-0.9444];3015.61270;100),(32054.70252;[0.02];[-0.93];3022.04111;[0.0044];[-0.9456];2994.99381;100),(34217.77582;[0.02];[-0.93];2995.99728;[0.0041];[-0.9459];2999.08773;100),(39331.52294;[0.02];[-0.93];2964.32764;[0.0024];[-0.9476];2967.79093;100),(47248.50678;[0.02];[-0.93];2963.52968;[0.0024];[-0.9476];2966.91137;100),(50670.79735;[0.41];[-0.54];4781.68599;[0.44];[-0.51];4660.96443;100),(55476.63760;[0.31];[-0.64];4112.01674;[0.3326];[-0.6174];4059.06617;100),(62135.50448;[0.06];[-0.89];3504.35735;[0.0697];[-0.8803];3432.37194;100),(66763.96918;[0.02];[-0.93];3284.32912;[0.0156];[-0.9344];3213.28237;100),(72911.21745;[0.02];[-0.93];2963.52968;[0.0024];[-0.9476];2966.91137;100),(80491.00184;[0.02];[-0.93];2963.52968;[0.0024];[-0.9476];2966.91137;100),(84194.29708;[0.41];[-0.54];4781.68599;[0.44];[-0.51];4660.96443;100),(88916.86177;[0.11];[-0.84];3662.90323;[0.1521];[-0.7979];3597.34908;100),(96176.32222;[0.06];[-0.89];3479.14321;[0.058];[-0.892];3405.78559;100),(101727.64277;[0.02];[-0.93];3217.04290;[0.0126];[-0.9374];3172.33192;100),(113207.83401;[0.02];[-0.93];2963.52968;[0.0024];[-0.9476];2966.91137;100),(132066.13684;[0.41];[-0.54];4781.68599;[0.44];[-0.51];4660.96443;100),(136241.57047;[0.31];[-0.64];4112.01674;[0.3326];[-0.6174];4059.06617;100),(142268.61119;[0.06];[-0.89];3503.75551;[0.0694];[-0.8806];3431.79204;100),(146617.01345;[0.02];[-0.93];3284.32912;[0.0156];[-0.9344];3213.28237;100),(159623.31843;[0.02];[-0.93];3132.48190;[0.011];[-0.939];3074.20279;100),(161827.00801;[0.02];[-0.93];3082.98966;[0.007];[-0.943];3036.97112;100),(162239.62975;[0.02];[-0.93];3045.91749;[0.0056];[-0.9444];3019.13787;100),(164175.99630;[0.02];[-0.93];3018.71276;[0.0042];[-0.9458];2991.88309;100),(165985.27789;[0.02];[-0.93];2996.49250;[0.0041];[-0.9459];2999.59611;100),(169149.96982;[0.02];[-0.93];2989.86908;[0.0038];[-0.9462];2993.13989;100),(177329.36883;[0.41];[-0.54];4781.68599;[0.44];[-0.51];4660.96443;100),(181400.94185;[0.11];[-0.84];3662.90323;[0.1521];[-0.7979];3597.34908;100),(188889.99057;[0.06];[-0.89];3508.66259;[0.0722];[-0.8778];3441.96773;100),(193147.43400;[0.02];[-0.93];3299.74774;[0.0156];[-0.9344];3229.41028;100),(203831.77352;[0.02];[-0.93];3139.27640;[0.0101];[-0.9399];3093.57800;100),(204710.43396;[0.02];[-0.93];3082.98966;[0.007];[-0.943];3036.97112;100),(204961.70354;[0.02];[-0.93];3045.18737;[0.0056];[-0.9444];3018.34900;100),(208535.69412;[0.02];[-0.93];3017.98314;[0.0054];[-0.9446];3021.40203;100),(210526.83997;[0.02];[-0.93];3017.47423;[0.0059];[-0.9441];3020.79781;100),(212051.45383;[0.02];[-0.93];3011.09612;[0.0048];[-0.9452];3014.51759;100),(213950.74248;[0.02];[-0.93];3010.62925;[0.0046];[-0.9454];3014.02950;100),(214094.01512;[0.02];[-0.93];3010.62925;[0.0046];[-0.9454];3014.02950;100),(217477.41127;[0.41];[-0.54];4781.68599;[0.44];[-0.51];4660.96443;100),(222519.45090;[0.31];[-0.64];4064.50012;[0.329];[-0.621];4042.03446;100),(228525.04587;[0.06];[-0.89];3511.56482;[0.0725];[-0.8775];3439.49865;100),(232150.88320;[0.02];[-0.93];3312.17169;[0.0175];[-0.9325];3241.62871;100),(237161.54146;[0.02];[-0.93];3010.62925;[0.0046];[-0.9454];3014.02950;100),(250594.28906;[0.41];[-0.54];4781.68599;[0.44];[-0.51];4660.96443;100),(256374.62997;[0.31];[-0.64];4064.50012;[0.329];[-0.621];4042.03446;100),(261573.86351;[0.06];[-0.89];3511.56482;[0.0725];[-0.8775];3439.49865;100),(265084.21922;[0.02];[-0.93];3312.17169;[0.0175];[-0.9325];3241.62871;100),(276461.45320;[0.02];[-0.93];3152.26152;[0.0089];[-0.9411];3107.52269;100),(278620.29982;[0.02];[-0.93];3083.26124;[0.0069];[-0.9431];3036.84369;100),(281474.32041;[0.02];[-0.93];3035.51788;[0.0066];[-0.9434];3038.96473;100),(284578.80139;[0.02];[-0.93];3011.48778;[0.0044];[-0.9456];3014.99335;100),(287269.15479;[0.02];[-0.93];3010.62925;[0.0046];[-0.9454];3014.02950;100),(293524.23429;[0.41];[-0.54];4781.68599;[0.44];[-0.51];4660.96443;100),(298121.96636;[0.11];[-0.84];3656.82591;[0.1495];[-0.8005];3596.58115;100),(305606.18210;[0.06];[-0.89];3492.25421;[0.0602];[-0.8898];3424.45983;100),(309636.80577;[0.02];[-0.93];3319.50438;[0.0156];[-0.9344];3244.34490;100),(320047.02210;[0.02];[-0.93];3172.45013;[0.0094];[-0.9406];3127.80053;100),(321779.18363;[0.02];[-0.93];3086.67291;[0.0086];[-0.9414];3059.37222;100),(324427.16503;[0.02];[-0.93];3035.13540;[0.0066];[-0.9434];3038.57279;100),(331751.36709;[0.02];[-0.93];3011.48778;[0.0044];[-0.9456];3014.99335;100),(333514.26625;[0.02];[-0.93];3010.62925;[0.0046];[-0.9454];3014.02950;100),(333901.97086;[0.02];[-0.93];3010.62925;[0.0046];[-0.9454];3014.02950;100),(338833.38165;[0.41];[-0.54];4781.68599;[0.44];[-0.51];4660.96443;100),(343327.34323;[0.12];[-0.83];3659.58466;[0.1545];[-0.7955];3593.27248;100),(350707.45134;[0.06];[-0.89];3496.81020;[0.0621];[-0.8879];3429.46652;100),(355404.20580;[0.02];[-0.93];3331.91645;[0.0166];[-0.9334];3262.94189;100),(360778.51701;[0.02];[-0.93];3010.62925;[0.0046];[-0.9454];3014.02950;100),(365957.54433;[0.02];[-0.93];3010.62925;[0.0046];[-0.9454];3014.02950;100),(369880.93448;[0.41];[-0.54];4781.68599;[0.44];[-0.51];4660.96443;100),(374696.33961;[0.09];[-0.86];3651.51997;[0.1451];[-0.8049];3584.97944;100),(381596.62080;[0.06];[-0.89];3496.81020;[0.0621];[-0.8879];3429.46652;100),(385755.16820;[0.02];[-0.93];3331.91645;[0.0166];[-0.9334];3262.94189;100),(391311.26261;[0.02];[-0.93];3010.62925;[0.0046];[-0.9454];3014.02950;100),(403353.59001;[0.41];[-0.54];4781.68599;[0.44];[-0.51];4660.96443;100),(407784.22308;[0.09];[-0.86];3651.51997;[0.1451];[-0.8049];3584.97944;100),(415562.24298;[0.06];[-0.89];3496.81020;[0.0621];[-0.8879];3429.46652;100),(419840.73830;[0.02];[-0.93];3331.91645;[0.0166];[-0.9334];3262.94189;100),(430773.43512;[0.02];[-0.93];3191.87907;[0.0128];[-0.9372];3165.61945;100),(433199.95809;[0.02];[-0.93];3094.70933;[0.0095];[-0.9405];3098.57050;100),(435954.48184;[0.02];[-0.93];3059.79463;[0.0086];[-0.9414];3062.65591;100),(437969.79523;[0.02];[-0.93];3040.99093;[0.007];[-0.943];3043.92910;100),(439497.47491;[0.02];[-0.93];3035.13540;[0.0066];[-0.9434];3038.57279;100),(444326.86996;[0.02];[-0.93];3034.55579;[0.0065];[-0.9435];3037.96826;100),(448453.46284;[0.41];[-0.54];4781.68599;[0.44];[-0.51];4660.96443;100),(452945.92452;[0.1];[-0.85];3653.17713;[0.147];[-0.803];3586.66502;100),(460799.91817;[0.06];[-0.89];3503.51378;[0.0705];[-0.8795];3437.07375;100),(465243.93129;[0.02];[-0.93];3343.33203;[0.0158];[-0.9342];3274.50064;100),(470359.80701;[0.02];[-0.93];3034.55579;[0.0065];[-0.9435];3037.96826;100),(475599.89190;[0.02];[-0.93];3034.55579;[0.0065];[-0.9435];3037.96826;100),(479296.15664;[0.41];[-0.54];4781.68599;[0.44];[-0.51];4660.96443;100),(483613.45172;[0.09];[-0.86];3644.30233;[0.1449];[-0.8051];3582.39067;100),(490740.88860;[0.06];[-0.89];3479.14321;[0.058];[-0.892];3405.78559;100),(495128.27134;[0.02];[-0.93];3294.16316;[0.0152];[-0.9348];3249.62834;100),(500261.06191;[0.02];[-0.93];3034.55579;[0.0065];[-0.9435];3037.96826;100),(510373.33441;[0.41];[-0.54];4781.68599;[0.44];[-0.51];4660.96443;100),(515326.45488;[0.09];[-0.86];3644.30233;[0.1449];[-0.8051];3582.39067;100),(523229.90036;[0.06];[-0.89];3479.14321;[0.058];[-0.892];3405.78559;100),(526917.10901;[0.02];[-0.93];3294.16316;[0.0152];[-0.9348];3249.62834;100),(537133.34751;[0.02];[-0.93];3034.55579;[0.0065];[-0.9435];3037.96826;100),(540070.01114;[0.41];[-0.54];4781.68599;[0.44];[-0.51];4660.96443;100),(543898.35453;[0.1];[-0.85];3653.17713;[0.147];[-0.803];3586.66502;100),(550248.18349;[0.06];[-0.89];3503.51378;[0.0705];[-0.8795];3437.07375;100),(554443.22586;[0.02];[-0.93];3341.12705;[0.0186];[-0.9314];3271.95770;100),(558380.93376;[0.02];[-0.93];3216.79899;[0.0092];[-0.9408];3172.89110;100),(559617.62571;[0.02];[-0.93];3123.32022;[0.0079];[-0.9421];3128.18870;100),(563591.20035;[0.02];[-0.93];3071.54620;[0.007];[-0.943];3075.78670;100),(564912.20617;[0.02];[-0.93];3035.51788;[0.0066];[-0.9434];3038.96473;100),(567935.16994;[0.02];[-0.93];3035.13540;[0.0066];[-0.9434];3038.57279;100),(569215.45410;[0.02];[-0.93];3034.55579;[0.0065];[-0.9435];3037.96826;100),(573156.89468;[0.41];[-0.54];4781.68599;[0.44];[-0.51];4660.96443;100),(576349.03264;[0.09];[-0.86];3635.41518;[0.1422];[-0.8078];3572.61873;100),(582023.26918;[0.06];[-0.89];3487.04087;[0.0576];[-0.8924];3419.28820;100),(584979.60305;[0.02];[-0.93];3312.17169;[0.0175];[-0.9325];3241.62871;100),(597193.43543;[0.41];[-0.54];4781.68599;[0.44];[-0.51];4660.96443;100),(600014.14752;[0.11];[-0.84];3647.88147;[0.1498];[-0.8002];3586.28177;100)]"
5,5,4705.501711827694,[0.4536],[-0.4964],601438.9359951019,"[(1097.64600;[0.27];[-0.68];4632.36884;[0.2794];[-0.6706];4535.44697;100),(8072.94655;[0.27];[-0.68];4632.36884;[0.2794];[-0.6706];4535.44697;100),(11930.02295;[0.27];[-0.68];4632.36884;[0.2794];[-0.6706];4535.44697;100),(15528.24116;[0.27];[-0.68];4632.36884;[0.2794];[-0.6706];4535.44697;100),(18927.10829;[0.27];[-0.68];4632.36884;[0.2794];[-0.6706];4535.44697;100),(22451.03192;[0.27];[-0.68];4632.36884;[0.2794];[-0.6706];4535.44697;100),(23332.80563;[0.05];[-0.9];3588.90192;[0.0482];[-0.9018];3592.84013;100),(26100.99697;[0.04];[-0.91];3367.83499;[0.0248];[-0.9252];3390.71311;100),(28048.08831;[0.];[-0.95];3002.23122;[0.0029];[-0.9471];3031.86150;100),(28706.99000;[0.];[-0.95];2923.30152;[0.0013];[-0.9487];2954.34749;100),(29105.00908;[0.];[-0.95];2874.47067;[0.0006];[-0.9494];2902.09856;100),(29718.76216;[0.];[-0.95];2844.25221;[0.0002];[-0.9498];2869.61109;100),(30082.09395;[0.];[-0.95];2810.16742;[0.0001];[-0.9499];2833.91058;100),(30930.75252;[0.];[-0.95];2808.39293;[0.0001];[-0.9499];2832.10584;100),(31236.13811;[0.];[-0.95];2807.46784;[0.0001];[-0.9499];2831.07751;100),(35233.96540;[0.43];[-0.52];4523.60278;[0.4493];[-0.5007];4707.80636;100),(40442.99889;[0.07];[-0.88];3604.88917;[0.0658];[-0.8842];3615.68292;100),(47030.75647;[0.07];[-0.88];3422.27628;[0.0558];[-0.8942];3454.27826;100),(51619.83514;[0.01];[-0.94];3231.61440;[0.0073];[-0.9427];3251.87906;100),(55640.66482;[0.];[-0.95];2807.46784;[0.0001];[-0.9499];2831.07751;100),(62080.16801;[0.43];[-0.52];4523.60278;[0.4493];[-0.5007];4707.80636;100),(67933.68721;[0.08];[-0.87];3590.18244;[0.095];[-0.855];3614.50158;100),(74137.15458;[0.05];[-0.9];3399.57678;[0.0386];[-0.9114];3427.42110;100),(79721.95816;[0.01];[-0.94];3145.58733;[0.008];[-0.942];3174.63363;100),(93040.21764;[0.43];[-0.52];4523.60278;[0.4493];[-0.5007];4707.80636;100),(97786.61323;[0.07];[-0.88];3621.90404;[0.0639];[-0.8861];3629.72701;100),(103249.51673;[0.07];[-0.88];3441.66220;[0.0637];[-0.8863];3474.30678;100),(107025.77043;[0.02];[-0.93];3283.24946;[0.0128];[-0.9372];3303.82903;100),(113580.33538;[0.];[-0.95];3011.81785;[0.003];[-0.947];3041.46274;100),(113994.12513;[0.];[-0.95];2843.80196;[0.0002];[-0.9498];2869.10272;100),(114980.26395;[0.];[-0.95];2810.28730;[0.0001];[-0.9499];2833.66684;100),(115533.84590;[0.];[-0.95];2808.39293;[0.0001];[-0.9499];2832.10584;100),(115714.42223;[0.];[-0.95];2808.39293;[0.0001];[-0.9499];2832.10584;100),(119495.16082;[0.43];[-0.52];4523.60278;[0.4493];[-0.5007];4707.80636;100),(124270.03431;[0.06];[-0.89];3591.63390;[0.0534];[-0.8966];3598.67039;100),(131458.05764;[0.07];[-0.88];3425.96311;[0.0571];[-0.8929];3457.53583;100),(135886.67464;[0.02];[-0.93];3247.65959;[0.009];[-0.941];3268.29290;100),(140010.71382;[0.];[-0.95];2808.39293;[0.0001];[-0.9499];2832.10584;100),(141496.32645;[0.];[-0.95];2807.46784;[0.0001];[-0.9499];2831.07751;100),(144914.75153;[0.43];[-0.52];4523.60278;[0.4493];[-0.5007];4707.80636;100),(149617.35177;[0.06];[-0.89];3591.63390;[0.0534];[-0.8966];3598.67039;100),(156458.19259;[0.07];[-0.88];3425.96311;[0.0571];[-0.8929];3457.53583;100),(160829.98967;[0.02];[-0.93];3247.65959;[0.009];[-0.941];3268.29290;100),(164726.93253;[0.];[-0.95];2807.46784;[0.0001];[-0.9499];2831.07751;100),(169690.35053;[0.43];[-0.52];4523.60278;[0.4493];[-0.5007];4707.80636;100),(175370.49508;[0.06];[-0.89];3591.63390;[0.0534];[-0.8966];3598.67039;100),(180368.68119;[0.07];[-0.88];3425.96311;[0.0571];[-0.8929];3457.53583;100),(184406.76188;[0.02];[-0.93];3247.65959;[0.009];[-0.941];3268.29290;100),(194520.51854;[0.01];[-0.94];3052.25983;[0.004];[-0.946];3081.77773;100),(195185.75311;[0.];[-0.95];2847.24976;[0.0002];[-0.9498];2872.37147;100),(195849.62463;[0.];[-0.95];2843.80196;[0.0002];[-0.9498];2869.10272;100),(196679.01444;[0.];[-0.95];2840.17289;[0.0002];[-0.9498];2865.30815;100),(201234.64775;[0.43];[-0.52];4523.35920;[0.451];[-0.499];4702.63410;100),(205619.34519;[0.05];[-0.9];3578.94529;[0.0515];[-0.8985];3586.94967;100),(212350.01612;[0.05];[-0.9];3401.56788;[0.0393];[-0.9107];3428.63040;100),(216039.45088;[0.02];[-0.93];3259.06750;[0.0111];[-0.9389];3280.09949;100),(226025.07234;[0.];[-0.95];3069.34154;[0.0028];[-0.9472];3094.57279;100),(226529.14929;[0.];[-0.95];2843.80196;[0.0002];[-0.9498];2869.10272;100),(227595.78872;[0.];[-0.95];2840.17289;[0.0002];[-0.9498];2865.30815;100),(231914.62708;[0.44];[-0.51];4522.82463;[0.4536];[-0.4964];4705.50171;100),(235688.88402;[0.07];[-0.88];3580.70917;[0.0655];[-0.8845];3595.38600;100),(241966.04514;[0.05];[-0.9];3402.57709;[0.0401];[-0.9099];3429.84429;100),(246662.41789;[0.02];[-0.93];3263.25741;[0.0111];[-0.9389];3283.02244;100),(256329.06342;[0.01];[-0.94];3094.98368;[0.0041];[-0.9459];3121.77122;100),(259017.17854;[0.];[-0.95];3029.40039;[0.0029];[-0.9471];3057.62612;100),(260624.75634;[0.];[-0.95];2978.15738;[0.0026];[-0.9474];3008.81201;100),(263722.21088;[0.];[-0.95];2845.79669;[0.0002];[-0.9498];2870.89425;100),(266130.26333;[0.];[-0.95];2844.25221;[0.0002];[-0.9498];2869.61109;100),(266445.03021;[0.];[-0.95];2843.80196;[0.0002];[-0.9498];2869.10272;100),(266749.98975;[0.];[-0.95];2843.80196;[0.0002];[-0.9498];2869.10272;100),(272041.14652;[0.44];[-0.51];4522.21838;[0.4553];[-0.4947];4702.42033;100),(276611.24516;[0.08];[-0.87];3568.95989;[0.0732];[-0.8768];3587.61606;100),(283212.73112;[0.05];[-0.9];3404.09713;[0.0463];[-0.9037];3432.77713;100),(286876.67346;[0.02];[-0.93];3271.46298;[0.011];[-0.939];3291.75906;100),(297083.30870;[0.01];[-0.94];3125.48556;[0.0064];[-0.9436];3153.60933;100),(298640.54680;[0.01];[-0.94];3056.86197;[0.0045];[-0.9455];3086.35375;100),(300119.90094;[0.];[-0.95];3001.93415;[0.0028];[-0.9472];3031.49567;100),(302990.03100;[0.];[-0.95];2951.34884;[0.0012];[-0.9488];2980.28468;100),(318707.10683;[0.44];[-0.51];4519.61133;[0.456];[-0.494];4701.26300;100),(323044.54279;[0.08];[-0.87];3571.99238;[0.0751];[-0.8749];3591.31532;100),(329659.32107;[0.05];[-0.9];3406.99075;[0.0436];[-0.9064];3434.92607;100),(334626.45340;[0.02];[-0.93];3277.60057;[0.0139];[-0.9361];3298.35096;100),(346642.78412;[0.01];[-0.94];3147.20471;[0.0066];[-0.9434];3174.06802;100),(349204.05626;[0.01];[-0.94];3077.90747;[0.0064];[-0.9436];3108.42656;100),(352189.09788;[0.01];[-0.94];3033.06885;[0.0043];[-0.9457];3063.86640;100),(354492.71750;[0.];[-0.95];2979.14144;[0.0026];[-0.9474];3009.52054;100),(358514.19759;[0.];[-0.95];2978.15738;[0.0026];[-0.9474];3008.81201;100),(360167.21106;[0.];[-0.95];2977.61292;[0.0028];[-0.9472];3008.51941;100),(361678.28584;[0.];[-0.95];2977.01761;[0.0028];[-0.9472];3007.82682;100),(361811.51104;[0.];[-0.95];2977.01761;[0.0028];[-0.9472];3007.82682;100),(364980.89552;[0.44];[-0.51];4514.60976;[0.4572];[-0.4928];4697.87808;100),(369186.33318;[0.08];[-0.87];3560.80282;[0.0713];[-0.8787];3579.61257;100),(375007.36499;[0.05];[-0.9];3387.13676;[0.034];[-0.916];3413.84417;100),(378432.11246;[0.02];[-0.93];3247.65959;[0.009];[-0.941];3268.29290;100),(383188.88783;[0.];[-0.95];2977.01761;[0.0028];[-0.9472];3007.82682;100),(393916.73326;[0.44];[-0.51];4514.60976;[0.4572];[-0.4928];4697.87808;100),(398151.73507;[0.08];[-0.87];3560.80282;[0.0713];[-0.8787];3579.61257;100),(405452.88777;[0.05];[-0.9];3387.13676;[0.034];[-0.916];3413.84417;100),(409783.92076;[0.02];[-0.93];3247.65959;[0.009];[-0.941];3268.29290;100),(425985.18157;[0.];[-0.95];2977.01761;[0.0028];[-0.9472];3007.82682;100),(429768.86725;[0.44];[-0.51];4514.60976;[0.4572];[-0.4928];4697.87808;100),(433753.99637;[0.08];[-0.87];3574.20564;[0.0722];[-0.8778];3592.98412;100),(439479.35605;[0.05];[-0.9];3410.51676;[0.0493];[-0.9007];3440.71974;100),(444027.60649;[0.02];[-0.93];3283.24946;[0.0128];[-0.9372];3303.82903;100),(448575.41847;[0.01];[-0.94];3165.22352;[0.0077];[-0.9423];3192.00908;100),(451647.17102;[0.01];[-0.94];3087.52611;[0.0067];[-0.9433];3118.36789;100),(454105.72124;[0.01];[-0.94];3032.87967;[0.0044];[-0.9456];3063.69855;100),(457561.88893;[0.];[-0.95];3001.42249;[0.0028];[-0.9472];3030.90660;100),(459327.57115;[0.];[-0.95];2978.15738;[0.0026];[-0.9474];3008.81201;100),(461042.29784;[0.];[-0.95];2977.61292;[0.0028];[-0.9472];3008.51941;100),(462638.13615;[0.];[-0.95];2977.01761;[0.0028];[-0.9472];3007.82682;100),(467704.36978;[0.44];[-0.51];4458.63800;[0.4529];[-0.4971];4646.03799;100),(474772.99047;[0.07];[-0.88];3549.90857;[0.0631];[-0.8869];3568.62233;100),(480953.77159;[0.05];[-0.9];3392.43313;[0.0402];[-0.9098];3420.70168;100),(484740.65018;[0.02];[-0.93];3249.76951;[0.0101];[-0.9399];3270.93494;100),(497347.91899;[0.];[-0.95];2977.01761;[0.0028];[-0.9472];3007.82682;100),(501384.86242;[0.44];[-0.51];4458.63800;[0.4529];[-0.4971];4646.03799;100),(505404.01864;[0.07];[-0.88];3562.93787;[0.0614];[-0.8886];3578.38251;100),(511327.04139;[0.06];[-0.89];3413.90530;[0.0521];[-0.8979];3445.81654;100),(515711.68327;[0.02];[-0.93];3287.19453;[0.0114];[-0.9386];3305.93303;100),(520436.59830;[0.01];[-0.94];3177.30338;[0.0076];[-0.9424];3202.85569;100),(522816.96844;[0.01];[-0.94];3108.24022;[0.0082];[-0.9418];3139.92409;100),(524290.69209;[0.01];[-0.94];3032.87967;[0.0044];[-0.9456];3063.69855;100),(525748.04759;[0.];[-0.95];2977.01761;[0.0028];[-0.9472];3007.82682;100),(536038.58805;[0.31];[-0.64];4302.46372;[0.3579];[-0.5921];4386.13688;100),(541522.83382;[0.08];[-0.87];3551.78135;[0.07];[-0.88];3573.11899;100),(547551.17583;[0.05];[-0.9];3395.87302;[0.0424];[-0.9076];3424.55201;100),(550838.40084;[0.02];[-0.93];3259.06750;[0.0111];[-0.9389];3280.09949;100),(561990.48710;[0.];[-0.95];2977.01761;[0.0028];[-0.9472];3007.82682;100),(565123.72780;[0.31];[-0.64];4302.46372;[0.3579];[-0.5921];4386.13688;100),(569979.28238;[0.08];[-0.87];3551.78135;[0.07];[-0.88];3573.11899;100),(575466.31455;[0.05];[-0.9];3395.87302;[0.0424];[-0.9076];3424.55201;100),(578758.17680;[0.03];[-0.92];3293.38906;[0.0148];[-0.9352];3314.37663;100),(582264.19902;[0.01];[-0.94];3191.88351;[0.0069];[-0.9431];3215.29983;100),(583713.09495;[0.01];[-0.94];3125.26939;[0.0064];[-0.9436];3153.30128;100),(585802.78015;[0.];[-0.95];3001.42249;[0.0028];[-0.9472];3030.90660;100),(593750.69666;[0.];[-0.95];2977.01761;[0.0028];[-0.9472];3007.82682;100),(598848.80090;[0.33];[-0.62];4272.16133;[0.3679];[-0.5821];4366.68046;100)]"
5,6,4698.69365741757,[0.4565],[-0.4935],601078.1610012054,"[(761.95908;[0.37];[-0.58];4356.68477;[0.4513];[-0.4987];4692.68122;100),(7600.97241;[0.37];[-0.58];4356.77204;[0.4516];[-0.4984];4693.70018;100),(11734.58195;[0.37];[-0.58];4356.77204;[0.4516];[-0.4984];4693.70018;100),(15758.10122;[0.37];[-0.58];4356.77204;[0.4516];[-0.4984];4693.70018;100),(19624.89486;[0.37];[-0.58];4356.77204;[0.4516];[-0.4984];4693.70018;100),(23989.66479;[0.37];[-0.58];4356.77204;[0.4516];[-0.4984];4693.70018;100),(25403.29432;[0.31];[-0.64];3934.85564;[0.3391];[-0.6109];4130.68758;100),(26111.44161;[0.01];[-0.94];3478.59030;[0.0155];[-0.9345];3489.80318;100),(26777.40049;[0.01];[-0.94];3263.73092;[0.0107];[-0.9393];3307.51771;100),(27270.87474;[0.];[-0.95];3024.64832;[0.003];[-0.947];3070.11680;100),(29336.86829;[0.];[-0.95];2870.77494;[0.0002];[-0.9498];2913.21857;100),(30222.63265;[0.];[-0.95];2837.91247;[0.0001];[-0.9499];2877.09474;100),(30907.76134;[0.];[-0.95];2780.52125;[0.];[-0.95];2819.27965;100),(31141.02793;[0.];[-0.95];2778.54268;[0.];[-0.95];2816.53897;100),(31526.00336;[0.];[-0.95];2778.54268;[0.];[-0.95];2816.53897;100),(36788.30314;[0.37];[-0.58];4356.68477;[0.4513];[-0.4987];4692.68122;100),(42021.46220;[0.02];[-0.93];3576.32464;[0.0423];[-0.9077];3599.44051;100),(46686.40018;[0.03];[-0.92];3401.18767;[0.0569];[-0.8931];3470.85332;100),(50700.84786;[0.01];[-0.94];3270.75757;[0.0126];[-0.9374];3317.73918;100),(61913.90300;[0.];[-0.95];3127.24384;[0.008];[-0.942];3179.10470;100),(63394.05823;[0.];[-0.95];2970.77825;[0.0026];[-0.9474];3020.35074;100),(66998.46220;[0.];[-0.95];2845.74795;[0.0002];[-0.9498];2891.24733;100),(68005.49269;[0.];[-0.95];2812.37357;[0.0001];[-0.9499];2854.20332;100),(68955.80006;[0.];[-0.95];2810.13324;[0.0001];[-0.9499];2852.14517;100),(69414.99472;[0.];[-0.95];2809.23185;[0.0001];[-0.9499];2851.11683;100),(73578.50671;[0.37];[-0.58];4356.77204;[0.4516];[-0.4984];4693.70018;100),(78168.30945;[0.02];[-0.93];3572.37538;[0.0407];[-0.9093];3594.17319;100),(85154.92916;[0.03];[-0.92];3399.63746;[0.0556];[-0.8944];3468.84759;100),(89531.20470;[0.];[-0.95];3272.29304;[0.0108];[-0.9392];3317.22052;100),(93149.04451;[0.];[-0.95];2809.23185;[0.0001];[-0.9499];2851.11683;100),(98203.70078;[0.37];[-0.58];4356.68477;[0.4513];[-0.4987];4692.68122;100),(102980.71098;[0.02];[-0.93];3572.37538;[0.0407];[-0.9093];3594.17319;100),(108850.02232;[0.03];[-0.92];3399.63746;[0.0556];[-0.8944];3468.84759;100),(113311.55801;[0.01];[-0.94];3272.20989;[0.0141];[-0.9359];3319.81555;100),(124059.99446;[0.];[-0.95];3145.38560;[0.0079];[-0.9421];3195.81371;100),(124486.12309;[0.];[-0.95];2998.39764;[0.0039];[-0.9461];3050.75014;100),(127610.02064;[0.];[-0.95];2943.65880;[0.0011];[-0.9489];2991.10686;100),(130660.78281;[0.];[-0.95];2918.52654;[0.0011];[-0.9489];2968.88277;100),(137155.23672;[0.37];[-0.58];4356.77204;[0.4516];[-0.4984];4693.70018;100),(142729.77757;[0.02];[-0.93];3557.90034;[0.0418];[-0.9082];3584.22369;100),(147506.87218;[0.03];[-0.92];3399.62344;[0.0499];[-0.9001];3464.19570;100),(152260.41293;[0.01];[-0.94];3275.66174;[0.0132];[-0.9368];3323.78936;100),(162441.83016;[0.];[-0.95];3163.76555;[0.0104];[-0.9396];3214.96413;100),(163027.68469;[0.];[-0.95];3021.67687;[0.0039];[-0.9461];3071.36810;100),(163581.36582;[0.];[-0.95];2998.39764;[0.0039];[-0.9461];3050.75014;100),(167335.03962;[0.];[-0.95];2972.50017;[0.0039];[-0.9461];3027.59970;100),(168214.64705;[0.];[-0.95];2972.50017;[0.0039];[-0.9461];3027.59970;100),(171864.23254;[0.37];[-0.58];4356.68477;[0.4513];[-0.4987];4692.68122;100),(176822.11757;[0.02];[-0.93];3556.82710;[0.0374];[-0.9126];3582.12696;100),(181787.24718;[0.03];[-0.92];3399.02219;[0.0501];[-0.8999];3465.72553;100),(186446.05541;[0.01];[-0.94];3276.80211;[0.0115];[-0.9385];3322.65192;100),(191004.91428;[0.];[-0.95];2972.50017;[0.0039];[-0.9461];3027.59970;100),(196701.14112;[0.];[-0.95];2965.43373;[0.0026];[-0.9474];3014.98989;100),(200248.61598;[0.38];[-0.57];4354.16791;[0.4565];[-0.4935];4698.69366;100),(204659.91426;[0.02];[-0.93];3544.22349;[0.0389];[-0.9111];3573.63923;100),(211126.74761;[0.02];[-0.93];3381.85904;[0.0394];[-0.9106];3443.97640;100),(215498.85607;[0.01];[-0.94];3275.66174;[0.0132];[-0.9368];3323.78936;100),(220807.75499;[0.];[-0.95];2965.43373;[0.0026];[-0.9474];3014.98989;100),(229074.88084;[0.38];[-0.57];4354.16791;[0.4565];[-0.4935];4698.69366;100),(234017.50016;[0.02];[-0.93];3544.22349;[0.0389];[-0.9111];3573.63923;100),(241312.72984;[0.02];[-0.93];3381.85904;[0.0394];[-0.9106];3443.97640;100),(245658.26559;[0.01];[-0.94];3275.66174;[0.0132];[-0.9368];3323.78936;100),(255695.32037;[0.];[-0.95];3176.88025;[0.0098];[-0.9402];3226.78366;100),(256211.05528;[0.];[-0.95];2998.82899;[0.0039];[-0.9461];3051.32047;100),(257877.68817;[0.];[-0.95];2998.39764;[0.0039];[-0.9461];3050.75014;100),(258011.29079;[0.];[-0.95];2998.39764;[0.0039];[-0.9461];3050.75014;100),(262514.13131;[0.38];[-0.57];4346.64577;[0.4566];[-0.4934];4690.30706;100),(266828.19438;[0.02];[-0.93];3541.39702;[0.0378];[-0.9122];3571.12648;100),(272965.46531;[0.02];[-0.93];3381.85904;[0.0394];[-0.9106];3443.97640;100),(277817.28196;[0.01];[-0.94];3280.30043;[0.014];[-0.936];3328.19714;100),(286827.68011;[0.];[-0.95];3178.85997;[0.0076];[-0.9424];3227.51838;100),(290040.53330;[0.];[-0.95];3101.60028;[0.0061];[-0.9439];3148.76704;100),(291489.33697;[0.];[-0.95];3080.85464;[0.0035];[-0.9465];3125.54285;100),(291726.48644;[0.];[-0.95];3045.58998;[0.0037];[-0.9463];3093.40588;100),(293629.92311;[0.];[-0.95];2998.39764;[0.0039];[-0.9461];3050.75014;100),(293846.44890;[0.];[-0.95];2998.39764;[0.0039];[-0.9461];3050.75014;100),(298993.68286;[0.38];[-0.57];4333.56104;[0.4558];[-0.4942];4676.93111;100),(305547.28484;[0.03];[-0.92];3527.57243;[0.054];[-0.896];3573.30578;100),(312365.63420;[0.02];[-0.93];3384.10421;[0.0392];[-0.9108];3444.92620;100),(316038.35797;[0.01];[-0.94];3284.11835;[0.0127];[-0.9373];3330.12510;100),(323522.37391;[0.];[-0.95];3187.09825;[0.0073];[-0.9427];3235.09950;100),(326205.54209;[0.];[-0.95];3120.11322;[0.0079];[-0.9421];3173.98781;100),(327743.34550;[0.];[-0.95];3080.85464;[0.0035];[-0.9465];3125.54285;100),(330815.15574;[0.];[-0.95];3062.72208;[0.0035];[-0.9465];3108.56596;100),(332290.59672;[0.];[-0.95];3045.58998;[0.0037];[-0.9463];3093.40588;100),(335129.59027;[0.];[-0.95];2998.39764;[0.0039];[-0.9461];3050.75014;100),(335520.84279;[0.];[-0.95];2998.39764;[0.0039];[-0.9461];3050.75014;100),(339892.31753;[0.37];[-0.58];4308.00024;[0.4542];[-0.4958];4655.24918;100),(344922.45388;[0.04];[-0.91];3528.43568;[0.0552];[-0.8948];3574.86516;100),(352556.49495;[0.02];[-0.93];3384.10421;[0.0392];[-0.9108];3444.92620;100),(357024.41120;[0.01];[-0.94];3288.89837;[0.0161];[-0.9339];3339.05986;100),(361225.65842;[0.];[-0.95];2998.39764;[0.0039];[-0.9461];3050.75014;100),(365298.03681;[0.];[-0.95];2998.39764;[0.0039];[-0.9461];3050.75014;100),(370809.32760;[0.32];[-0.63];4249.67542;[0.3385];[-0.6115];4380.30751;100),(376982.25737;[0.04];[-0.91];3514.92104;[0.057];[-0.893];3565.22312;100),(383372.82324;[0.02];[-0.93];3368.66624;[0.0372];[-0.9128];3428.77129;100),(387603.78647;[0.];[-0.95];3252.25683;[0.0099];[-0.9401];3297.86911;100),(392280.56312;[0.];[-0.95];2998.39764;[0.0039];[-0.9461];3050.75014;100),(399911.58605;[0.32];[-0.63];4249.67542;[0.3385];[-0.6115];4380.30751;100),(407108.78944;[0.04];[-0.91];3514.92104;[0.057];[-0.893];3565.22312;100),(414417.01555;[0.02];[-0.93];3368.66624;[0.0372];[-0.9128];3428.77129;100),(418942.05642;[0.];[-0.95];3252.25683;[0.0099];[-0.9401];3297.86911;100),(425589.89048;[0.];[-0.95];2998.39764;[0.0039];[-0.9461];3050.75014;100),(429947.91222;[0.32];[-0.63];4249.67542;[0.3385];[-0.6115];4380.30751;100),(434207.55410;[0.04];[-0.91];3528.43568;[0.0552];[-0.8948];3574.86516;100),(440916.02993;[0.02];[-0.93];3384.10421;[0.0392];[-0.9108];3444.92620;100),(444725.97861;[0.01];[-0.94];3288.89837;[0.0161];[-0.9339];3339.05986;100),(449083.73475;[0.];[-0.95];3199.17778;[0.0066];[-0.9434];3245.18021;100),(452015.64884;[0.];[-0.95];3143.03825;[0.0064];[-0.9436];3191.79890;100),(453482.43332;[0.];[-0.95];3098.57362;[0.0052];[-0.9448];3145.23190;100),(455626.68729;[0.];[-0.95];3062.72208;[0.0035];[-0.9465];3108.56596;100),(461834.06472;[0.];[-0.95];3045.58998;[0.0037];[-0.9463];3093.40588;100),(469333.16302;[0.32];[-0.63];4218.10475;[0.3546];[-0.5954];4373.75054;100),(476031.35681;[0.04];[-0.91];3501.05951;[0.0626];[-0.8874];3557.59230;100),(482842.13543;[0.02];[-0.93];3370.09954;[0.034];[-0.916];3428.98514;100),(487074.64027;[0.01];[-0.94];3258.54342;[0.011];[-0.939];3303.74866;100),(505711.16853;[0.32];[-0.63];4218.10475;[0.3546];[-0.5954];4373.75054;100),(511652.27175;[0.04];[-0.91];3516.32729;[0.0622];[-0.8878];3568.74624;100),(517985.56066;[0.03];[-0.92];3385.05242;[0.0504];[-0.8996];3451.38141;100),(521970.95585;[0.01];[-0.94];3289.89034;[0.0144];[-0.9356];3337.75822;100),(526082.27539;[0.];[-0.95];3204.81245;[0.0073];[-0.9427];3251.87906;100),(528702.51989;[0.];[-0.95];3144.76300;[0.0079];[-0.9421];3195.28552;100),(531473.77396;[0.];[-0.95];3081.48512;[0.0036];[-0.9464];3126.45095;100),(535883.61692;[0.];[-0.95];3062.72208;[0.0035];[-0.9465];3108.56596;100),(537936.68127;[0.];[-0.95];3062.72208;[0.0035];[-0.9465];3108.56596;100),(538147.35007;[0.];[-0.95];3062.72208;[0.0035];[-0.9465];3108.56596;100),(544199.99886;[0.32];[-0.63];4204.18481;[0.345];[-0.605];4352.54721;100),(549964.96272;[0.05];[-0.9];3503.45900;[0.0674];[-0.8826];3562.70605;100),(555988.21974;[0.02];[-0.93];3370.64008;[0.0378];[-0.9122];3431.83073;100),(559453.00651;[0.01];[-0.94];3260.82979;[0.0119];[-0.9381];3306.48926;100),(573603.92761;[0.];[-0.95];3062.72208;[0.0035];[-0.9465];3108.56596;100),(577329.52261;[0.32];[-0.63];4204.18481;[0.345];[-0.605];4352.54721;100),(582544.23070;[0.05];[-0.9];3503.45900;[0.0674];[-0.8826];3562.70605;100),(588291.21709;[0.02];[-0.93];3370.64008;[0.0378];[-0.9122];3431.83073;100),(591448.86351;[0.01];[-0.94];3293.48701;[0.0147];[-0.9353];3340.42523;100),(595188.20834;[0.];[-0.95];3209.55380;[0.0079];[-0.9421];3257.76117;100),(596515.98668;[0.];[-0.95];3160.65795;[0.0076];[-0.9424];3210.13676;100),(599769.15002;[0.];[-0.95];3081.28599;[0.0036];[-0.9464];3126.11317;100)]"
4,9,4337.32528850448,[0.8796],[-0.0704],600047.8801727295,"[(1021.04044;[0.5];[-0.45];6869.21359;[0.4162];[-0.5338];6277.21411;100),(9227.94414;[0.5];[-0.45];6869.21359;[0.4162];[-0.5338];6277.21411;100),(13299.27158;[0.5];[-0.45];6869.21359;[0.4162];[-0.5338];6277.21411;100),(17099.60008;[0.5];[-0.45];6869.21359;[0.4162];[-0.5338];6277.21411;100),(21165.84635;[0.5];[-0.45];6869.21359;[0.4162];[-0.5338];6277.21411;100),(25329.74744;[0.5];[-0.45];6869.21359;[0.4162];[-0.5338];6277.21411;100),(25623.30031;[0.74];[-0.21];6564.84447;[0.7289];[-0.2211];6350.90407;100),(26971.25196;[0.83];[-0.12];5464.70148;[0.7901];[-0.1599];5339.36194;100),(28198.15159;[0.96];[0.01];4391.45777;[0.8966];[-0.0534];4340.65551;100),(28658.30803;[0.83];[-0.12];5109.99165;[0.8015];[-0.1485];5009.69830;100),(29295.21585;[0.91];[-0.04];4584.82140;[0.866];[-0.084];4523.55705;100),(32155.12776;[0.89];[-0.06];4501.63071;[0.857];[-0.093];4438.22789;100),(33395.59221;[0.91];[-0.04];4450.44593;[0.8685];[-0.0815];4390.86942;100),(34263.47017;[0.93];[-0.02];4423.24640;[0.8739];[-0.0761];4366.14988;100),(35056.68759;[0.9];[-0.05];4408.97131;[0.8665];[-0.0835];4351.77529;100),(35977.06556;[0.9];[-0.05];4401.04683;[0.8684];[-0.0816];4345.86575;100),(36977.26440;[0.91];[-0.04];4395.09640;[0.866];[-0.084];4337.73898;100),(37727.47779;[0.91];[-0.04];4394.06995;[0.8668];[-0.0832];4336.94714;100),(38399.53899;[0.91];[-0.04];4392.66077;[0.8677];[-0.0823];4335.73325;100),(39887.09879;[0.96];[0.01];4391.45777;[0.8966];[-0.0534];4340.65551;100),(40535.12573;[0.91];[-0.04];4392.66077;[0.8677];[-0.0823];4335.73325;100),(41578.94588;[0.95];[0.];4392.38785;[0.8796];[-0.0704];4337.32529;100),(49038.14030;[0.5];[-0.45];6869.21359;[0.4162];[-0.5338];6277.21411;100),(53042.13762;[0.5];[-0.45];6869.21359;[0.4162];[-0.5338];6277.21411;100),(56552.70100;[0.5];[-0.45];6869.21359;[0.4162];[-0.5338];6277.21411;100),(59826.83516;[0.5];[-0.45];6869.21359;[0.4162];[-0.5338];6277.21411;100),(63518.98265;[0.5];[-0.45];6869.21359;[0.4162];[-0.5338];6277.21411;100),(63825.41561;[0.74];[-0.21];6564.84447;[0.7289];[-0.2211];6350.90407;100),(65418.10107;[0.83];[-0.12];5464.70148;[0.7901];[-0.1599];5339.36194;100),(66302.17123;[0.96];[0.01];4391.45777;[0.8966];[-0.0534];4340.65551;100),(66648.07940;[0.83];[-0.12];5109.99165;[0.8015];[-0.1485];5009.69830;100),(67319.50235;[0.91];[-0.04];4584.82140;[0.866];[-0.084];4523.55705;100),(70168.98012;[0.89];[-0.06];4501.63071;[0.857];[-0.093];4438.22789;100),(71195.84394;[0.91];[-0.04];4450.44593;[0.8685];[-0.0815];4390.86942;100),(72045.08090;[0.93];[-0.02];4423.24640;[0.8739];[-0.0761];4366.14988;100),(72771.14749;[0.9];[-0.05];4408.97131;[0.8665];[-0.0835];4351.77529;100),(73640.22803;[0.9];[-0.05];4401.04683;[0.8684];[-0.0816];4345.86575;100),(74870.07475;[0.91];[-0.04];4395.09640;[0.866];[-0.084];4337.73898;100),(75504.10676;[0.91];[-0.04];4394.06995;[0.8668];[-0.0832];4336.94714;100),(76442.94715;[0.91];[-0.04];4392.66077;[0.8677];[-0.0823];4335.73325;100),(77812.57749;[0.96];[0.01];4391.45777;[0.8966];[-0.0534];4340.65551;100),(78465.55352;[0.91];[-0.04];4392.66077;[0.8677];[-0.0823];4335.73325;100),(79364.64143;[0.95];[0.];4392.38785;[0.8796];[-0.0704];4337.32529;100),(87249.17030;[0.5];[-0.45];6869.21359;[0.4162];[-0.5338];6277.21411;100),(90743.20650;[0.5];[-0.45];6869.21359;[0.4162];[-0.5338];6277.21411;100),(94225.83342;[0.5];[-0.45];6869.21359;[0.4162];[-0.5338];6277.21411;100),(98009.41873;[0.5];[-0.45];6869.21359;[0.4162];[-0.5338];6277.21411;100),(101764.92763;[0.5];[-0.45];6869.21359;[0.4162];[-0.5338];6277.21411;100),(102068.58134;[0.74];[-0.21];6564.84447;[0.7289];[-0.2211];6350.90407;100),(103455.34611;[0.83];[-0.12];5464.70148;[0.7901];[-0.1599];5339.36194;100),(104547.94359;[0.96];[0.01];4391.45777;[0.8966];[-0.0534];4340.65551;100),(105020.34879;[0.83];[-0.12];5109.99165;[0.8015];[-0.1485];5009.69830;100),(105630.48124;[0.91];[-0.04];4584.82140;[0.866];[-0.084];4523.55705;100),(108717.04197;[0.89];[-0.06];4501.63071;[0.857];[-0.093];4438.22789;100),(109740.99350;[0.91];[-0.04];4450.44593;[0.8685];[-0.0815];4390.86942;100),(110514.40811;[0.93];[-0.02];4423.24640;[0.8739];[-0.0761];4366.14988;100),(111131.25467;[0.9];[-0.05];4408.97131;[0.8665];[-0.0835];4351.77529;100),(112222.88704;[0.9];[-0.05];4401.04683;[0.8684];[-0.0816];4345.86575;100),(113190.32907;[0.91];[-0.04];4395.09640;[0.866];[-0.084];4337.73898;100),(113800.37165;[0.91];[-0.04];4394.06995;[0.8668];[-0.0832];4336.94714;100),(114428.57981;[0.91];[-0.04];4392.66077;[0.8677];[-0.0823];4335.73325;100),(115880.74374;[0.96];[0.01];4391.45777;[0.8966];[-0.0534];4340.65551;100),(116492.15508;[0.91];[-0.04];4392.66077;[0.8677];[-0.0823];4335.73325;100),(117322.62588;[0.95];[0.];4392.38785;[0.8796];[-0.0704];4337.32529;100),(125068.02845;[0.5];[-0.45];6869.21359;[0.4162];[-0.5338];6277.21411;100),(129231.96030;[0.5];[-0.45];6869.21359;[0.4162];[-0.5338];6277.21411;100),(133630.96428;[0.5];[-0.45];6869.21359;[0.4162];[-0.5338];6277.21411;100),(137368.79778;[0.5];[-0.45];6869.21359;[0.4162];[-0.5338];6277.21411;100),(141138.40771;[0.5];[-0.45];6869.21359;[0.4162];[-0.5338];6277.21411;100),(141510.70714;[0.74];[-0.21];6564.84447;[0.7289];[-0.2211];6350.90407;100),(142963.92202;[0.83];[-0.12];5464.70148;[0.7901];[-0.1599];5339.36194;100),(143897.78066;[0.96];[0.01];4391.45777;[0.8966];[-0.0534];4340.65551;100),(144304.77357;[0.83];[-0.12];5109.99165;[0.8015];[-0.1485];5009.69830;100),(145123.55113;[0.91];[-0.04];4584.82140;[0.866];[-0.084];4523.55705;100),(148144.64331;[0.89];[-0.06];4501.63071;[0.857];[-0.093];4438.22789;100),(149187.95204;[0.91];[-0.04];4450.44593;[0.8685];[-0.0815];4390.86942;100),(149989.59565;[0.93];[-0.02];4423.24640;[0.8739];[-0.0761];4366.14988;100),(150671.84711;[0.9];[-0.05];4408.97131;[0.8665];[-0.0835];4351.77529;100),(151608.81209;[0.9];[-0.05];4401.04683;[0.8684];[-0.0816];4345.86575;100),(152758.83842;[0.91];[-0.04];4395.09640;[0.866];[-0.084];4337.73898;100),(153475.92139;[0.91];[-0.04];4394.06995;[0.8668];[-0.0832];4336.94714;100),(154109.25364;[0.91];[-0.04];4392.66077;[0.8677];[-0.0823];4335.73325;100),(155510.54883;[0.96];[0.01];4391.45777;[0.8966];[-0.0534];4340.65551;100),(156059.58748;[0.91];[-0.04];4392.66077;[0.8677];[-0.0823];4335.73325;100),(156825.41060;[0.95];[0.];4392.38785;[0.8796];[-0.0704];4337.32529;100),(163782.53269;[0.5];[-0.45];6869.21359;[0.4162];[-0.5338];6277.21411;100),(167316.83445;[0.5];[-0.45];6869.21359;[0.4162];[-0.5338];6277.21411;100),(170859.65133;[0.5];[-0.45];6869.21359;[0.4162];[-0.5338];6277.21411;100),(174649.63913;[0.5];[-0.45];6869.21359;[0.4162];[-0.5338];6277.21411;100),(178338.50384;[0.5];[-0.45];6869.21359;[0.4162];[-0.5338];6277.21411;100),(178690.22584;[0.74];[-0.21];6564.84447;[0.7289];[-0.2211];6350.90407;100),(180190.08327;[0.83];[-0.12];5464.70148;[0.7901];[-0.1599];5339.36194;100),(181154.88100;[0.96];[0.01];4391.45777;[0.8966];[-0.0534];4340.65551;100),(181501.46270;[0.83];[-0.12];5109.99165;[0.8015];[-0.1485];5009.69830;100),(182190.67764;[0.91];[-0.04];4584.82140;[0.866];[-0.084];4523.55705;100),(185155.41673;[0.89];[-0.06];4501.63071;[0.857];[-0.093];4438.22789;100),(186345.03102;[0.91];[-0.04];4450.44593;[0.8685];[-0.0815];4390.86942;100),(187422.02473;[0.93];[-0.02];4423.24640;[0.8739];[-0.0761];4366.14988;100),(188122.50996;[0.9];[-0.05];4408.97131;[0.8665];[-0.0835];4351.77529;100),(189244.79508;[0.9];[-0.05];4401.04683;[0.8684];[-0.0816];4345.86575;100),(190217.24844;[0.91];[-0.04];4395.09640;[0.866];[-0.084];4337.73898;100),(190836.59434;[0.91];[-0.04];4394.06995;[0.8668];[-0.0832];4336.94714;100),(191458.05073;[0.91];[-0.04];4392.66077;[0.8677];[-0.0823];4335.73325;100),(192779.67095;[0.96];[0.01];4391.45777;[0.8966];[-0.0534];4340.65551;100),(193325.14977;[0.91];[-0.04];4392.66077;[0.8677];[-0.0823];4335.73325;100),(194167.67168;[0.95];[0.];4392.38785;[0.8796];[-0.0704];4337.32529;100),(201203.47166;[0.5];[-0.45];6869.21359;[0.4162];[-0.5338];6277.21411;100),(204936.96260;[0.5];[-0.45];6869.21359;[0.4162];[-0.5338];6277.21411;100),(208373.09098;[0.5];[-0.45];6869.21359;[0.4162];[-0.5338];6277.21411;100),(212087.83555;[0.5];[-0.45];6869.21359;[0.4162];[-0.5338];6277.21411;100),(215795.79234;[0.5];[-0.45];6869.21359;[0.4162];[-0.5338];6277.21411;100),(216078.48787;[0.74];[-0.21];6564.84447;[0.7289];[-0.2211];6350.90407;100),(217399.38045;[0.83];[-0.12];5464.70148;[0.7901];[-0.1599];5339.36194;100),(218219.50030;[0.96];[0.01];4391.45777;[0.8966];[-0.0534];4340.65551;100),(218570.48345;[0.83];[-0.12];5109.99165;[0.8015];[-0.1485];5009.69830;100),(219177.72961;[0.91];[-0.04];4584.82140;[0.866];[-0.084];4523.55705;100),(221889.87613;[0.89];[-0.06];4501.63071;[0.857];[-0.093];4438.22789;100),(222876.36328;[0.91];[-0.04];4450.44593;[0.8685];[-0.0815];4390.86942;100),(223732.24306;[0.93];[-0.02];4423.24640;[0.8739];[-0.0761];4366.14988;100),(224390.74850;[0.9];[-0.05];4408.97131;[0.8665];[-0.0835];4351.77529;100),(225301.77498;[0.9];[-0.05];4401.04683;[0.8684];[-0.0816];4345.86575;100),(226395.64466;[0.91];[-0.04];4395.09640;[0.866];[-0.084];4337.73898;100),(227200.44637;[0.91];[-0.04];4394.06995;[0.8668];[-0.0832];4336.94714;100),(227968.74237;[0.91];[-0.04];4392.66077;[0.8677];[-0.0823];4335.73325;100),(229466.58325;[0.96];[0.01];4391.45777;[0.8966];[-0.0534];4340.65551;100),(229978.47152;[0.91];[-0.04];4392.66077;[0.8677];[-0.0823];4335.73325;100),(230723.53244;[0.95];[0.];4392.38785;[0.8796];[-0.0704];4337.32529;100),(237396.59214;[0.5];[-0.45];6869.21359;[0.4162];[-0.5338];6277.21411;100),(241088.60588;[0.5];[-0.45];6869.21359;[0.4162];[-0.5338];6277.21411;100),(244536.51309;[0.5];[-0.45];6869.21359;[0.4162];[-0.5338];6277.21411;100),(248054.94928;[0.5];[-0.45];6869.21359;[0.4162];[-0.5338];6277.21411;100),(252019.96565;[0.5];[-0.45];6869.21359;[0.4162];[-0.5338];6277.21411;100),(252308.21729;[0.74];[-0.21];6564.84447;[0.7289];[-0.2211];6350.90407;100),(253649.48702;[0.83];[-0.12];5464.70148;[0.7901];[-0.1599];5339.36194;100),(254631.69384;[0.96];[0.01];4391.45777;[0.8966];[-0.0534];4340.65551;100),(254968.48726;[0.83];[-0.12];5109.99165;[0.8015];[-0.1485];5009.69830;100),(255712.13603;[0.91];[-0.04];4584.82140;[0.866];[-0.084];4523.55705;100),(258651.71695;[0.89];[-0.06];4501.63071;[0.857];[-0.093];4438.22789;100),(259713.53102;[0.91];[-0.04];4450.44593;[0.8685];[-0.0815];4390.86942;100),(260494.53878;[0.93];[-0.02];4423.24640;[0.8739];[-0.0761];4366.14988;100),(261144.65427;[0.9];[-0.05];4408.97131;[0.8665];[-0.0835];4351.77529;100),(261953.09806;[0.9];[-0.05];4401.04683;[0.8684];[-0.0816];4345.86575;100),(262901.40629;[0.91];[-0.04];4395.09640;[0.866];[-0.084];4337.73898;100),(263580.34587;[0.91];[-0.04];4394.06995;[0.8668];[-0.0832];4336.94714;100),(264184.90314;[0.91];[-0.04];4392.66077;[0.8677];[-0.0823];4335.73325;100),(265741.31131;[0.96];[0.01];4391.45777;[0.8966];[-0.0534];4340.65551;100),(266261.45911;[0.91];[-0.04];4392.66077;[0.8677];[-0.0823];4335.73325;100),(267143.05425;[0.95];[0.];4392.38785;[0.8796];[-0.0704];4337.32529;100),(274940.06300;[0.5];[-0.45];6869.21359;[0.4162];[-0.5338];6277.21411;100),(279143.12649;[0.5];[-0.45];6869.21359;[0.4162];[-0.5338];6277.21411;100),(282872.32566;[0.5];[-0.45];6869.21359;[0.4162];[-0.5338];6277.21411;100),(286650.29955;[0.5];[-0.45];6869.21359;[0.4162];[-0.5338];6277.21411;100),(290471.19093;[0.5];[-0.45];6869.21359;[0.4162];[-0.5338];6277.21411;100),(290757.58076;[0.74];[-0.21];6564.84447;[0.7289];[-0.2211];6350.90407;100),(292150.20251;[0.83];[-0.12];5464.70148;[0.7901];[-0.1599];5339.36194;100),(293280.85732;[0.96];[0.01];4391.45777;[0.8966];[-0.0534];4340.65551;100),(293599.03479;[0.83];[-0.12];5109.99165;[0.8015];[-0.1485];5009.69830;100),(294195.91594;[0.91];[-0.04];4584.82140;[0.866];[-0.084];4523.55705;100),(297443.80307;[0.89];[-0.06];4501.63071;[0.857];[-0.093];4438.22789;100),(298478.14250;[0.91];[-0.04];4450.44593;[0.8685];[-0.0815];4390.86942;100),(299264.65821;[0.93];[-0.02];4423.24640;[0.8739];[-0.0761];4366.14988;100),(300045.43686;[0.9];[-0.05];4408.97131;[0.8665];[-0.0835];4351.77529;100),(300889.50992;[0.9];[-0.05];4401.04683;[0.8684];[-0.0816];4345.86575;100),(301833.23646;[0.91];[-0.04];4395.09640;[0.866];[-0.084];4337.73898;100),(302500.78797;[0.91];[-0.04];4394.06995;[0.8668];[-0.0832];4336.94714;100),(303148.99898;[0.91];[-0.04];4392.66077;[0.8677];[-0.0823];4335.73325;100),(304495.18299;[0.96];[0.01];4391.45777;[0.8966];[-0.0534];4340.65551;100),(305044.39497;[0.91];[-0.04];4392.66077;[0.8677];[-0.0823];4335.73325;100),(306214.42032;[0.95];[0.];4392.38785;[0.8796];[-0.0704];4337.32529;100),(313584.31387;[0.5];[-0.45];6869.21359;[0.4162];[-0.5338];6277.21411;100),(317330.61671;[0.5];[-0.45];6869.21359;[0.4162];[-0.5338];6277.21411;100),(321571.53296;[0.5];[-0.45];6869.21359;[0.4162];[-0.5338];6277.21411;100),(325213.08160;[0.5];[-0.45];6869.21359;[0.4162];[-0.5338];6277.21411;100),(329427.98257;[0.5];[-0.45];6869.21359;[0.4162];[-0.5338];6277.21411;100),(329725.22330;[0.74];[-0.21];6564.84447;[0.7289];[-0.2211];6350.90407;100),(331255.37872;[0.83];[-0.12];5464.70148;[0.7901];[-0.1599];5339.36194;100),(332114.20488;[0.96];[0.01];4391.45777;[0.8966];[-0.0534];4340.65551;100),(332455.74689;[0.83];[-0.12];5109.99165;[0.8015];[-0.1485];5009.69830;100),(333292.41586;[0.91];[-0.04];4584.82140;[0.866];[-0.084];4523.55705;100),(336126.35803;[0.89];[-0.06];4501.63071;[0.857];[-0.093];4438.22789;100),(337335.57510;[0.91];[-0.04];4450.44593;[0.8685];[-0.0815];4390.86942;100),(338258.57019;[0.93];[-0.02];4423.24640;[0.8739];[-0.0761];4366.14988;100),(338838.44447;[0.9];[-0.05];4408.97131;[0.8665];[-0.0835];4351.77529;100),(339700.46186;[0.9];[-0.05];4401.04683;[0.8684];[-0.0816];4345.86575;100),(340753.04818;[0.91];[-0.04];4395.09640;[0.866];[-0.084];4337.73898;100),(341389.68873;[0.91];[-0.04];4394.06995;[0.8668];[-0.0832];4336.94714;100),(342127.45118;[0.91];[-0.04];4392.66077;[0.8677];[-0.0823];4335.73325;100),(343501.12724;[0.96];[0.01];4391.45777;[0.8966];[-0.0534];4340.65551;100),(344164.34264;[0.91];[-0.04];4392.66077;[0.8677];[-0.0823];4335.73325;100),(345021.69085;[0.95];[0.];4392.38785;[0.8796];[-0.0704];4337.32529;100),(352644.15741;[0.5];[-0.45];6869.21359;[0.4162];[-0.5338];6277.21411;100),(356814.68368;[0.5];[-0.45];6869.21359;[0.4162];[-0.5338];6277.21411;100),(360499.03131;[0.5];[-0.45];6869.21359;[0.4162];[-0.5338];6277.21411;100),(363953.67026;[0.5];[-0.45];6869.21359;[0.4162];[-0.5338];6277.21411;100),(368145.13254;[0.5];[-0.45];6869.21359;[0.4162];[-0.5338];6277.21411;100),(368438.91668;[0.74];[-0.21];6564.84447;[0.7289];[-0.2211];6350.90407;100),(369750.42629;[0.83];[-0.12];5464.70148;[0.7901];[-0.1599];5339.36194;100),(370663.13958;[0.96];[0.01];4391.45777;[0.8966];[-0.0534];4340.65551;100),(371034.70325;[0.83];[-0.12];5109.99165;[0.8015];[-0.1485];5009.69830;100),(371634.55248;[0.91];[-0.04];4584.82140;[0.866];[-0.084];4523.55705;100),(374188.00855;[0.89];[-0.06];4501.63071;[0.857];[-0.093];4438.22789;100),(375363.70182;[0.91];[-0.04];4450.44593;[0.8685];[-0.0815];4390.86942;100),(376235.34966;[0.93];[-0.02];4423.24640;[0.8739];[-0.0761];4366.14988;100),(376855.27635;[0.9];[-0.05];4408.97131;[0.8665];[-0.0835];4351.77529;100),(377721.77291;[0.9];[-0.05];4401.04683;[0.8684];[-0.0816];4345.86575;100),(378759.72414;[0.91];[-0.04];4395.09640;[0.866];[-0.084];4337.73898;100),(379402.46034;[0.91];[-0.04];4394.06995;[0.8668];[-0.0832];4336.94714;100),(380054.66199;[0.91];[-0.04];4392.66077;[0.8677];[-0.0823];4335.73325;100),(381401.01838;[0.96];[0.01];4391.45777;[0.8966];[-0.0534];4340.65551;100),(381950.43540;[0.91];[-0.04];4392.66077;[0.8677];[-0.0823];4335.73325;100),(382816.83993;[0.95];[0.];4392.38785;[0.8796];[-0.0704];4337.32529;100),(389849.39933;[0.5];[-0.45];6869.21359;[0.4162];[-0.5338];6277.21411;100),(394234.57932;[0.5];[-0.45];6869.21359;[0.4162];[-0.5338];6277.21411;100),(398476.60017;[0.5];[-0.45];6869.21359;[0.4162];[-0.5338];6277.21411;100),(402146.74830;[0.5];[-0.45];6869.21359;[0.4162];[-0.5338];6277.21411;100),(405886.31225;[0.5];[-0.45];6869.21359;[0.4162];[-0.5338];6277.21411;100),(406207.34286;[0.74];[-0.21];6564.84447;[0.7289];[-0.2211];6350.90407;100),(407581.05731;[0.83];[-0.12];5464.70148;[0.7901];[-0.1599];5339.36194;100),(408402.43793;[0.96];[0.01];4391.45777;[0.8966];[-0.0534];4340.65551;100),(408724.85685;[0.83];[-0.12];5109.99165;[0.8015];[-0.1485];5009.69830;100),(409329.77605;[0.91];[-0.04];4584.82140;[0.866];[-0.084];4523.55705;100),(412508.22425;[0.89];[-0.06];4501.63071;[0.857];[-0.093];4438.22789;100),(413616.69278;[0.91];[-0.04];4450.44593;[0.8685];[-0.0815];4390.86942;100),(414401.74556;[0.93];[-0.02];4423.24640;[0.8739];[-0.0761];4366.14988;100),(415182.33943;[0.9];[-0.05];4408.97131;[0.8665];[-0.0835];4351.77529;100),(416045.09354;[0.9];[-0.05];4401.04683;[0.8684];[-0.0816];4345.86575;100),(417002.73252;[0.91];[-0.04];4395.09640;[0.866];[-0.084];4337.73898;100),(417648.78654;[0.91];[-0.04];4394.06995;[0.8668];[-0.0832];4336.94714;100),(418419.56973;[0.91];[-0.04];4392.66077;[0.8677];[-0.0823];4335.73325;100),(419740.34643;[0.96];[0.01];4391.45777;[0.8966];[-0.0534];4340.65551;100),(420343.88804;[0.91];[-0.04];4392.66077;[0.8677];[-0.0823];4335.73325;100),(421117.81502;[0.95];[0.];4392.38785;[0.8796];[-0.0704];4337.32529;100),(429172.59431;[0.5];[-0.45];6869.21359;[0.4162];[-0.5338];6277.21411;100),(433118.84737;[0.5];[-0.45];6869.21359;[0.4162];[-0.5338];6277.21411;100),(437278.42236;[0.5];[-0.45];6869.21359;[0.4162];[-0.5338];6277.21411;100),(440937.65044;[0.5];[-0.45];6869.21359;[0.4162];[-0.5338];6277.21411;100),(444420.78447;[0.5];[-0.45];6869.21359;[0.4162];[-0.5338];6277.21411;100),(444714.17499;[0.74];[-0.21];6564.84447;[0.7289];[-0.2211];6350.90407;100),(446267.74716;[0.83];[-0.12];5464.70148;[0.7901];[-0.1599];5339.36194;100),(447304.94571;[0.96];[0.01];4391.45777;[0.8966];[-0.0534];4340.65551;100),(447630.66554;[0.83];[-0.12];5109.99165;[0.8015];[-0.1485];5009.69830;100),(448236.30691;[0.91];[-0.04];4584.82140;[0.866];[-0.084];4523.55705;100),(451127.53010;[0.89];[-0.06];4501.63071;[0.857];[-0.093];4438.22789;100),(452223.53292;[0.91];[-0.04];4450.44593;[0.8685];[-0.0815];4390.86942;100),(453001.72377;[0.93];[-0.02];4423.24640;[0.8739];[-0.0761];4366.14988;100),(453807.80768;[0.9];[-0.05];4408.97131;[0.8665];[-0.0835];4351.77529;100),(454634.39345;[0.9];[-0.05];4401.04683;[0.8684];[-0.0816];4345.86575;100),(455611.45663;[0.91];[-0.04];4395.09640;[0.866];[-0.084];4337.73898;100),(456268.67127;[0.91];[-0.04];4394.06995;[0.8668];[-0.0832];4336.94714;100),(456910.58755;[0.91];[-0.04];4392.66077;[0.8677];[-0.0823];4335.73325;100),(458255.32770;[0.96];[0.01];4391.45777;[0.8966];[-0.0534];4340.65551;100),(458812.65259;[0.91];[-0.04];4392.66077;[0.8677];[-0.0823];4335.73325;100),(459637.45356;[0.95];[0.];4392.38785;[0.8796];[-0.0704];4337.32529;100),(466945.51802;[0.5];[-0.45];6869.21359;[0.4162];[-0.5338];6277.21411;100),(471631.49595;[0.5];[-0.45];6869.21359;[0.4162];[-0.5338];6277.21411;100),(475671.88191;[0.5];[-0.45];6869.21359;[0.4162];[-0.5338];6277.21411;100),(479385.03957;[0.5];[-0.45];6869.21359;[0.4162];[-0.5338];6277.21411;100),(482977.09012;[0.5];[-0.45];6869.21359;[0.4162];[-0.5338];6277.21411;100),(483311.97667;[0.74];[-0.21];6564.84447;[0.7289];[-0.2211];6350.90407;100),(484907.24325;[0.83];[-0.12];5464.70148;[0.7901];[-0.1599];5339.36194;100),(485929.94118;[0.96];[0.01];4391.45777;[0.8966];[-0.0534];4340.65551;100),(486274.99986;[0.83];[-0.12];5109.99165;[0.8015];[-0.1485];5009.69830;100),(486892.00830;[0.91];[-0.04];4584.82140;[0.866];[-0.084];4523.55705;100),(489696.71917;[0.89];[-0.06];4501.63071;[0.857];[-0.093];4438.22789;100),(490814.68511;[0.91];[-0.04];4450.44593;[0.8685];[-0.0815];4390.86942;100),(491644.27757;[0.93];[-0.02];4423.24640;[0.8739];[-0.0761];4366.14988;100),(492230.25417;[0.9];[-0.05];4408.97131;[0.8665];[-0.0835];4351.77529;100),(493071.19918;[0.9];[-0.05];4401.04683;[0.8684];[-0.0816];4345.86575;100),(494091.67218;[0.91];[-0.04];4395.09640;[0.866];[-0.084];4337.73898;100),(494953.49121;[0.91];[-0.04];4394.06995;[0.8668];[-0.0832];4336.94714;100),(495615.77630;[0.91];[-0.04];4392.66077;[0.8677];[-0.0823];4335.73325;100),(496973.14787;[0.96];[0.01];4391.45777;[0.8966];[-0.0534];4340.65551;100),(497525.25067;[0.91];[-0.04];4392.66077;[0.8677];[-0.0823];4335.73325;100),(498291.62860;[0.95];[0.];4392.38785;[0.8796];[-0.0704];4337.32529;100),(506541.26239;[0.5];[-0.45];6869.21359;[0.4162];[-0.5338];6277.21411;100),(510777.41528;[0.5];[-0.45];6869.21359;[0.4162];[-0.5338];6277.21411;100),(514923.84696;[0.5];[-0.45];6869.21359;[0.4162];[-0.5338];6277.21411;100),(518676.39542;[0.5];[-0.45];6869.21359;[0.4162];[-0.5338];6277.21411;100),(523188.29584;[0.5];[-0.45];6869.21359;[0.4162];[-0.5338];6277.21411;100),(523660.32434;[0.74];[-0.21];6564.84447;[0.7289];[-0.2211];6350.90407;100),(525462.26096;[0.83];[-0.12];5464.70148;[0.7901];[-0.1599];5339.36194;100),(526349.46084;[0.96];[0.01];4391.45777;[0.8966];[-0.0534];4340.65551;100),(526756.73366;[0.83];[-0.12];5109.99165;[0.8015];[-0.1485];5009.69830;100),(527346.22312;[0.91];[-0.04];4584.82140;[0.866];[-0.084];4523.55705;100),(530150.62523;[0.89];[-0.06];4501.63071;[0.857];[-0.093];4438.22789;100),(531269.08588;[0.91];[-0.04];4450.44593;[0.8685];[-0.0815];4390.86942;100),(532377.44188;[0.93];[-0.02];4423.24640;[0.8739];[-0.0761];4366.14988;100),(532959.34367;[0.9];[-0.05];4408.97131;[0.8665];[-0.0835];4351.77529;100),(533814.77237;[0.9];[-0.05];4401.04683;[0.8684];[-0.0816];4345.86575;100),(534888.84711;[0.91];[-0.04];4395.09640;[0.866];[-0.084];4337.73898;100),(535491.36233;[0.91];[-0.04];4394.06995;[0.8668];[-0.0832];4336.94714;100),(536108.14953;[0.91];[-0.04];4392.66077;[0.8677];[-0.0823];4335.73325;100),(537379.13394;[0.96];[0.01];4391.45777;[0.8966];[-0.0534];4340.65551;100),(537894.83500;[0.91];[-0.04];4392.66077;[0.8677];[-0.0823];4335.73325;100),(538805.44496;[0.95];[0.];4392.38785;[0.8796];[-0.0704];4337.32529;100),(545468.44172;[0.5];[-0.45];6869.21359;[0.4162];[-0.5338];6277.21411;100),(549595.53313;[0.5];[-0.45];6869.21359;[0.4162];[-0.5338];6277.21411;100),(553047.14012;[0.5];[-0.45];6869.21359;[0.4162];[-0.5338];6277.21411;100),(556068.46380;[0.5];[-0.45];6869.21359;[0.4162];[-0.5338];6277.21411;100),(559692.43169;[0.5];[-0.45];6869.21359;[0.4162];[-0.5338];6277.21411;100),(560004.96030;[0.74];[-0.21];6564.84447;[0.7289];[-0.2211];6350.90407;100),(561304.38089;[0.83];[-0.12];5464.70148;[0.7901];[-0.1599];5339.36194;100),(562547.67537;[0.96];[0.01];4391.45777;[0.8966];[-0.0534];4340.65551;100),(562870.81313;[0.83];[-0.12];5109.99165;[0.8015];[-0.1485];5009.69830;100),(563646.46053;[0.91];[-0.04];4584.82140;[0.866];[-0.084];4523.55705;100),(566052.60134;[0.89];[-0.06];4501.63071;[0.857];[-0.093];4438.22789;100),(567121.67025;[0.91];[-0.04];4450.44593;[0.8685];[-0.0815];4390.86942;100),(567982.99122;[0.93];[-0.02];4423.24640;[0.8739];[-0.0761];4366.14988;100),(568537.75954;[0.9];[-0.05];4408.97131;[0.8665];[-0.0835];4351.77529;100),(569329.47683;[0.9];[-0.05];4401.04683;[0.8684];[-0.0816];4345.86575;100),(570202.62861;[0.91];[-0.04];4395.09640;[0.866];[-0.084];4337.73898;100),(570817.21830;[0.91];[-0.04];4394.06995;[0.8668];[-0.0832];4336.94714;100),(571408.21552;[0.91];[-0.04];4392.66077;[0.8677];[-0.0823];4335.73325;100),(573023.33665;[0.96];[0.01];4391.45777;[0.8966];[-0.0534];4340.65551;100),(573570.91975;[0.91];[-0.04];4392.66077;[0.8677];[-0.0823];4335.73325;100),(574309.04055;[0.95];[0.];4392.38785;[0.8796];[-0.0704];4337.32529;100),(580615.85879;[0.5];[-0.45];6869.21359;[0.4162];[-0.5338];6277.21411;100),(584222.63432;[0.5];[-0.45];6869.21359;[0.4162];[-0.5338];6277.21411;100),(587833.91547;[0.5];[-0.45];6869.21359;[0.4162];[-0.5338];6277.21411;100),(591016.93964;[0.5];[-0.45];6869.21359;[0.4162];[-0.5338];6277.21411;100),(593940.95039;[0.5];[-0.45];6869.21359;[0.4162];[-0.5338];6277.21411;100),(594211.52759;[0.74];[-0.21];6564.84447;[0.7289];[-0.2211];6350.90407;100),(595625.02789;[0.83];[-0.12];5464.70148;[0.7901];[-0.1599];5339.36194;100),(596430.85384;[0.96];[0.01];4391.45777;[0.8966];[-0.0534];4340.65551;100),(596733.00004;[0.83];[-0.12];5109.99165;[0.8015];[-0.1485];5009.69830;100),(597265.88655;[0.91];[-0.04];4584.82140;[0.866];[-0.084];4523.55705;100),(599834.16224;[0.89];[-0.06];4501.63071;[0.857];[-0.093];4438.22789;100),(600032.94325;[0.88];[-0.07];4349.84709;[0.8462];[-0.1038];4297.17296;100)]"
5,8,4696.687542318358,[0.4393],[-0.5107],600039.7148132324,"[(811.69200;[0.35];[-0.6];5018.30591;[0.3293];[-0.6207];4508.14490;100),(8477.37074;[0.35];[-0.6];5018.30231;[0.3293];[-0.6207];4508.23507;100),(12283.30660;[0.35];[-0.6];5018.67249;[0.3293];[-0.6207];4508.74093;100),(16789.61158;[0.35];[-0.6];5018.67249;[0.3293];[-0.6207];4508.74093;100),(23126.02186;[0.35];[-0.6];5018.67249;[0.3293];[-0.6207];4508.74093;100),(27065.37914;[0.35];[-0.6];5018.67249;[0.3293];[-0.6207];4508.74093;100),(28947.78609;[0.32];[-0.63];3960.21132;[0.287];[-0.663];3808.22060;100),(31857.32436;[0.09];[-0.86];3454.08834;[0.07];[-0.88];3397.48639;100),(32593.63818;[0.03];[-0.92];3311.99730;[0.0239];[-0.9261];3270.25074;100),(33068.09950;[0.02];[-0.93];3214.18026;[0.0162];[-0.9338];3168.96342;100),(34165.42983;[0.01];[-0.94];3133.29875;[0.0119];[-0.9381];3086.99525;100),(35871.71626;[0.01];[-0.94];3081.56519;[0.007];[-0.943];3039.13080;100),(41378.93462;[0.01];[-0.94];3080.28421;[0.0066];[-0.9434];3038.57279;100),(43018.07642;[0.01];[-0.94];3078.30827;[0.0067];[-0.9433];3036.30666;100),(51703.33266;[0.45];[-0.5];4968.49261;[0.4395];[-0.5105];4696.77150;100),(57617.27929;[0.36];[-0.59];4288.65288;[0.3527];[-0.5973];4133.78167;100),(63813.68017;[0.09];[-0.86];3507.35842;[0.0832];[-0.8668];3449.60777;100),(68155.46727;[0.03];[-0.92];3301.81789;[0.0204];[-0.9296];3261.29995;100),(80113.91878;[0.02];[-0.93];3193.97124;[0.0165];[-0.9335];3147.06391;100),(81666.54205;[0.01];[-0.94];3101.01949;[0.0083];[-0.9417];3057.04190;100),(84806.94008;[0.01];[-0.94];3081.04635;[0.0067];[-0.9433];3039.13838;100),(86677.37842;[0.01];[-0.94];3078.70666;[0.0068];[-0.9432];3036.60258;100),(90404.36769;[0.01];[-0.94];3078.30827;[0.0067];[-0.9433];3036.30666;100),(95890.79380;[0.45];[-0.5];4968.69739;[0.4393];[-0.5107];4696.68754;100),(101092.57770;[0.36];[-0.59];4297.94355;[0.3577];[-0.5923];4138.36081;100),(107228.63340;[0.09];[-0.86];3507.35842;[0.0832];[-0.8668];3449.60777;100),(110507.74288;[0.03];[-0.92];3300.28009;[0.0192];[-0.9308];3259.94394;100),(119467.95368;[0.02];[-0.93];3193.97124;[0.0165];[-0.9335];3147.06391;100),(121766.87670;[0.01];[-0.94];3154.83441;[0.0145];[-0.9355];3106.64316;100),(124093.97697;[0.01];[-0.94];3121.87237;[0.0105];[-0.9395];3076.39422;100),(126388.07297;[0.01];[-0.94];3105.42202;[0.0086];[-0.9414];3061.02011;100),(128064.12506;[0.01];[-0.94];3080.76814;[0.0066];[-0.9434];3038.96473;100),(131557.36923;[0.01];[-0.94];3080.28421;[0.0066];[-0.9434];3038.57279;100),(133086.66611;[0.01];[-0.94];3078.30827;[0.0067];[-0.9433];3036.30666;100),(133267.89236;[0.01];[-0.94];3078.30827;[0.0067];[-0.9433];3036.30666;100),(136657.71723;[0.45];[-0.5];4968.49261;[0.4395];[-0.5105];4696.77150;100),(142276.29328;[0.36];[-0.59];4245.11672;[0.3433];[-0.6067];4090.92794;100),(148335.12855;[0.09];[-0.86];3507.35842;[0.0832];[-0.8668];3449.60777;100),(151892.07792;[0.03];[-0.92];3300.28009;[0.0192];[-0.9308];3259.94394;100),(156270.29181;[0.01];[-0.94];3078.30827;[0.0067];[-0.9433];3036.30666;100),(166633.10051;[0.45];[-0.5];4968.49261;[0.4395];[-0.5105];4696.77150;100),(171490.76819;[0.36];[-0.59];4245.11672;[0.3433];[-0.6067];4090.92794;100),(176953.33910;[0.09];[-0.86];3507.35842;[0.0832];[-0.8668];3449.60777;100),(180504.49872;[0.02];[-0.93];3297.52156;[0.0179];[-0.9321];3257.66972;100),(188678.91407;[0.02];[-0.93];3194.19951;[0.0165];[-0.9335];3147.16746;100),(189879.16613;[0.01];[-0.94];3154.80126;[0.0143];[-0.9357];3106.73179;100),(191173.72394;[0.01];[-0.94];3107.44766;[0.0086];[-0.9414];3063.16239;100),(193851.89748;[0.01];[-0.94];3081.04635;[0.0067];[-0.9433];3039.13838;100),(196569.64040;[0.01];[-0.94];3080.76814;[0.0066];[-0.9434];3038.96473;100),(197909.64556;[0.01];[-0.94];3078.30827;[0.0067];[-0.9433];3036.30666;100),(199224.95461;[0.01];[-0.94];3077.70804;[0.0066];[-0.9434];3035.79828;100),(201866.41073;[0.45];[-0.5];4968.69739;[0.4393];[-0.5107];4696.68754;100),(206474.13445;[0.36];[-0.59];4266.66520;[0.3504];[-0.5996];4108.00510;100),(212075.20318;[0.1];[-0.85];3510.18378;[0.0846];[-0.8654];3451.48385;100),(215107.68723;[0.03];[-0.92];3301.19148;[0.0193];[-0.9307];3260.92696;100),(218928.45464;[0.01];[-0.94];3077.70804;[0.0066];[-0.9434];3035.79828;100),(226836.70950;[0.45];[-0.5];4968.49261;[0.4395];[-0.5105];4696.77150;100),(229835.97136;[0.35];[-0.6];4187.21097;[0.3305];[-0.6195];4038.60078;100),(235605.38745;[0.09];[-0.86];3480.89937;[0.0748];[-0.8752];3422.99491;100),(238563.37142;[0.03];[-0.92];3301.19148;[0.0193];[-0.9307];3260.92696;100),(245661.10611;[0.01];[-0.94];3200.87298;[0.0143];[-0.9357];3156.88221;100),(246718.17875;[0.01];[-0.94];3154.55228;[0.0143];[-0.9357];3106.59114;100),(248144.38534;[0.01];[-0.94];3080.76814;[0.0066];[-0.9434];3038.96473;100),(252392.80128;[0.01];[-0.94];3080.28421;[0.0066];[-0.9434];3038.57279;100),(256148.89169;[0.01];[-0.94];3077.70804;[0.0066];[-0.9434];3035.79828;100),(258595.37077;[0.45];[-0.5];4968.49261;[0.4395];[-0.5105];4696.77150;100),(261441.61153;[0.36];[-0.59];4224.50441;[0.3383];[-0.6117];4073.94536;100),(267122.68996;[0.09];[-0.86];3487.70298;[0.063];[-0.887];3439.88738;100),(270076.24650;[0.03];[-0.92];3305.34524;[0.0266];[-0.9234];3261.08958;100),(274301.85461;[0.01];[-0.94];3077.70804;[0.0066];[-0.9434];3035.79828;100),(283784.15656;[0.45];[-0.5];4968.49261;[0.4395];[-0.5105];4696.77150;100),(286653.40519;[0.36];[-0.59];4224.50441;[0.3383];[-0.6117];4073.94536;100),(292287.21642;[0.09];[-0.86];3487.70298;[0.063];[-0.887];3439.88738;100),(295331.58350;[0.03];[-0.92];3305.34524;[0.0266];[-0.9234];3261.08958;100),(303324.78046;[0.02];[-0.93];3204.49171;[0.0152];[-0.9348];3159.94702;100),(304482.05829;[0.01];[-0.94];3154.80126;[0.0143];[-0.9357];3106.73179;100),(307546.57817;[0.01];[-0.94];3115.57059;[0.0094];[-0.9406];3070.61936;100),(309262.56514;[0.01];[-0.94];3106.72535;[0.0086];[-0.9414];3062.65591;100),(311853.32227;[0.01];[-0.94];3080.76814;[0.0066];[-0.9434];3038.96473;100),(314312.60395;[0.01];[-0.94];3080.28421;[0.0066];[-0.9434];3038.57279;100),(317256.40082;[0.45];[-0.5];4968.49261;[0.4395];[-0.5105];4696.77150;100),(321562.49309;[0.23];[-0.72];3695.86663;[0.1689];[-0.7811];3616.54681;100),(327450.89984;[0.09];[-0.86];3497.26390;[0.0656];[-0.8844];3447.00962;100),(330936.39398;[0.03];[-0.92];3309.73155;[0.0256];[-0.9244];3266.10790;100),(334767.98868;[0.01];[-0.94];3080.28421;[0.0066];[-0.9434];3038.57279;100),(339325.99521;[0.01];[-0.94];3080.28421;[0.0066];[-0.9434];3038.57279;100),(341973.93227;[0.45];[-0.5];4968.69739;[0.4393];[-0.5107];4696.68754;100),(345715.14177;[0.23];[-0.72];3695.86663;[0.1689];[-0.7811];3616.54681;100),(351418.59460;[0.09];[-0.86];3495.71889;[0.0723];[-0.8777];3442.70061;100),(354735.91113;[0.03];[-0.92];3309.73155;[0.0256];[-0.9244];3266.10790;100),(358560.12011;[0.01];[-0.94];3080.28421;[0.0066];[-0.9434];3038.57279;100),(367334.69796;[0.45];[-0.5];4968.69739;[0.4393];[-0.5107];4696.68754;100),(371270.61105;[0.23];[-0.72];3695.86663;[0.1689];[-0.7811];3616.54681;100),(376986.38511;[0.09];[-0.86];3495.71889;[0.0723];[-0.8777];3442.70061;100),(380090.92808;[0.03];[-0.92];3309.73155;[0.0256];[-0.9244];3266.10790;100),(387051.01371;[0.02];[-0.93];3211.56033;[0.0159];[-0.9341];3166.21207;100),(388364.34722;[0.01];[-0.94];3154.80126;[0.0143];[-0.9357];3106.73179;100),(389635.13827;[0.01];[-0.94];3115.12222;[0.0094];[-0.9406];3070.28158;100),(391785.35962;[0.01];[-0.94];3107.19868;[0.0086];[-0.9414];3063.02174;100),(394331.22039;[0.01];[-0.94];3106.72535;[0.0086];[-0.9414];3062.65591;100),(395623.91829;[0.01];[-0.94];3080.28421;[0.0066];[-0.9434];3038.57279;100),(398129.41694;[0.45];[-0.5];4968.69739;[0.4393];[-0.5107];4696.68754;100),(401090.72280;[0.23];[-0.72];3687.17656;[0.1579];[-0.7921];3612.54312;100),(406491.23573;[0.09];[-0.86];3477.17659;[0.069];[-0.881];3423.48081;100),(409594.63859;[0.03];[-0.92];3275.99438;[0.0217];[-0.9283];3232.35031;100),(413341.24756;[0.01];[-0.94];3080.28421;[0.0066];[-0.9434];3038.57279;100),(422147.78757;[0.45];[-0.5];4966.72032;[0.4404];[-0.5096];4694.87355;100),(424968.25004;[0.23];[-0.72];3687.17656;[0.1579];[-0.7921];3612.54312;100),(430335.78610;[0.09];[-0.86];3477.17659;[0.069];[-0.881];3423.48081;100),(433343.36877;[0.03];[-0.92];3275.99438;[0.0217];[-0.9283];3232.35031;100),(443226.54533;[0.01];[-0.94];3106.72535;[0.0086];[-0.9414];3062.65591;100),(445935.28032;[0.45];[-0.5];4966.72032;[0.4404];[-0.5096];4694.87355;100),(448734.57670;[0.23];[-0.72];3687.17656;[0.1579];[-0.7921];3612.54312;100),(454018.08023;[0.09];[-0.86];3507.35842;[0.0832];[-0.8668];3449.60777;100),(456930.93157;[0.05];[-0.9];3321.35076;[0.0288];[-0.9212];3275.89446;100),(459694.21697;[0.02];[-0.93];3222.93950;[0.0172];[-0.9328];3176.99886;100),(460982.55634;[0.01];[-0.94];3154.83441;[0.0145];[-0.9355];3106.64316;100),(462295.19224;[0.01];[-0.94];3115.12222;[0.0094];[-0.9406];3070.28158;100),(465463.15908;[0.01];[-0.94];3106.72535;[0.0086];[-0.9414];3062.65591;100),(472207.69215;[0.45];[-0.5];4965.70307;[0.4429];[-0.5071];4698.38896;100),(476448.39358;[0.23];[-0.72];3677.69795;[0.1561];[-0.7939];3603.34926;100),(482151.52431;[0.09];[-0.86];3484.46666;[0.067];[-0.883];3432.70144;100),(485186.60069;[0.03];[-0.92];3286.67136;[0.0245];[-0.9255];3241.78925;100),(497902.39859;[0.45];[-0.5];4965.70307;[0.4429];[-0.5071];4698.38896;100),(501141.33215;[0.23];[-0.72];3690.74798;[0.1614];[-0.7886];3615.04067;100),(505799.59059;[0.1];[-0.85];3510.95312;[0.085];[-0.865];3452.05461;100),(509257.86138;[0.04];[-0.91];3331.09782;[0.0282];[-0.9218];3287.74492;100),(512096.17352;[0.03];[-0.92];3228.52321;[0.0198];[-0.9302];3181.87655;100),(512965.42263;[0.01];[-0.94];3164.02350;[0.0144];[-0.9356];3116.61273;100),(514410.30502;[0.01];[-0.94];3107.19868;[0.0086];[-0.9414];3063.02174;100),(519528.39398;[0.01];[-0.94];3106.72535;[0.0086];[-0.9414];3062.65591;100),(524748.05188;[0.45];[-0.5];4962.40108;[0.4453];[-0.5047];4702.90567;100),(529163.50389;[0.22];[-0.73];3668.20574;[0.1547];[-0.7953];3594.02830;100),(535977.49066;[0.09];[-0.86];3462.59754;[0.0671];[-0.8829];3407.18388;100),(539183.36916;[0.03];[-0.92];3300.28009;[0.0192];[-0.9308];3259.94394;100),(550179.15964;[0.01];[-0.94];3106.72535;[0.0086];[-0.9414];3062.65591;100),(553731.89926;[0.45];[-0.5];4962.40108;[0.4453];[-0.5047];4702.90567;100),(557472.50724;[0.23];[-0.72];3685.08995;[0.1568];[-0.7932];3611.32671;100),(563639.81128;[0.09];[-0.86];3493.26108;[0.0762];[-0.8738];3436.65045;100),(567148.12851;[0.05];[-0.9];3346.30890;[0.0325];[-0.9175];3300.99354;100),(570352.51403;[0.02];[-0.93];3241.71277;[0.017];[-0.933];3197.49974;100),(570884.23896;[0.02];[-0.93];3186.24016;[0.0174];[-0.9326];3136.89207;100),(573753.43204;[0.01];[-0.94];3154.80126;[0.0143];[-0.9357];3106.73179;100),(576087.62717;[0.01];[-0.94];3146.88397;[0.0134];[-0.9366];3100.03320;100),(578467.35120;[0.01];[-0.94];3106.72535;[0.0086];[-0.9414];3062.65591;100),(583682.16586;[0.45];[-0.5];4960.34976;[0.446];[-0.504];4697.87613;100),(587149.52183;[0.23];[-0.72];3674.96610;[0.1592];[-0.7908];3599.30062;100),(593089.69498;[0.09];[-0.86];3472.80478;[0.0669];[-0.8831];3420.22323;100),(596897.70293;[0.03];[-0.92];3309.25731;[0.0224];[-0.9276];3268.01740;100)]"
5,9,4702.402979234373,[0.4483],[-0.5017],601684.4234466553,"[(867.30075;[0.38];[-0.57];4967.28036;[0.3298];[-0.6202];4592.45196;100),(8247.11990;[0.38];[-0.57];4967.34587;[0.3298];[-0.6202];4593.74700;100),(12392.91334;[0.38];[-0.57];4967.34587;[0.3298];[-0.6202];4593.74700;100),(16437.03198;[0.38];[-0.57];4967.34587;[0.3298];[-0.6202];4593.74700;100),(20607.57828;[0.38];[-0.57];4967.34587;[0.3298];[-0.6202];4593.74700;100),(24173.31529;[0.38];[-0.57];4967.34587;[0.3298];[-0.6202];4593.74700;100),(24907.74393;[0.15];[-0.8];3663.46986;[0.1571];[-0.7929];3604.12293;100),(25365.98110;[0.02];[-0.93];3341.78472;[0.0248];[-0.9252];3300.98579;100),(26202.15702;[0.02];[-0.93];3229.94169;[0.0181];[-0.9319];3185.64295;100),(27532.58681;[0.02];[-0.93];3170.46668;[0.016];[-0.934];3125.88435;100),(30702.77762;[0.02];[-0.93];3136.64472;[0.0123];[-0.9377];3095.87215;100),(32588.14573;[0.02];[-0.93];3116.66699;[0.01];[-0.94];3079.48517;100),(34105.99995;[0.02];[-0.93];3100.20731;[0.0086];[-0.9414];3064.82711;100),(38713.22489;[0.01];[-0.94];3086.50881;[0.0071];[-0.9429];3052.99812;100),(41595.91126;[0.];[-0.95];3043.91044;[0.0046];[-0.9454];3014.02950;100),(45296.77224;[0.5];[-0.45];4853.29745;[0.4483];[-0.5017];4702.40298;100),(49924.18623;[0.41];[-0.54];4322.45244;[0.3756];[-0.5744];4221.61159;100),(56754.76003;[0.09];[-0.86];3556.16366;[0.1014];[-0.8486];3504.47839;100),(61349.05529;[0.02];[-0.93];3367.44611;[0.0348];[-0.9152];3321.76345;100),(66902.16875;[0.];[-0.95];3043.91044;[0.0046];[-0.9454];3014.02950;100),(75033.64062;[0.];[-0.95];3043.08947;[0.0046];[-0.9454];3013.32399;100),(77990.66567;[0.5];[-0.45];4853.29745;[0.4483];[-0.5017];4702.40298;100),(81411.33976;[0.37];[-0.58];4281.29754;[0.3662];[-0.5838];4183.23462;100),(87277.16756;[0.09];[-0.86];3532.36438;[0.0894];[-0.8606];3479.94090;100),(90997.35045;[0.02];[-0.93];3318.26729;[0.0289];[-0.9211];3273.55465;100),(99535.39205;[0.];[-0.95];3043.08947;[0.0046];[-0.9454];3013.32399;100),(110997.09725;[0.5];[-0.45];4853.29745;[0.4483];[-0.5017];4702.40298;100),(115087.22472;[0.41];[-0.54];4322.45244;[0.3756];[-0.5744];4221.61159;100),(120590.62052;[0.09];[-0.86];3556.16366;[0.1014];[-0.8486];3504.47839;100),(124197.68810;[0.02];[-0.93];3367.44611;[0.0348];[-0.9152];3321.76345;100),(133282.54986;[0.02];[-0.93];3253.47790;[0.0241];[-0.9259];3206.20529;100),(136196.78283;[0.02];[-0.93];3205.30467;[0.0178];[-0.9322];3160.17424;100),(138620.72158;[0.02];[-0.93];3171.35196;[0.0162];[-0.9338];3126.53017;100),(140191.18428;[0.02];[-0.93];3136.64472;[0.0123];[-0.9377];3095.87215;100),(141708.40549;[0.02];[-0.93];3114.24749;[0.01];[-0.94];3076.93367;100),(145654.60491;[0.02];[-0.93];3114.24749;[0.01];[-0.94];3076.93367;100),(148504.12893;[0.5];[-0.45];4853.29745;[0.4483];[-0.5017];4702.40298;100),(152120.68892;[0.39];[-0.56];4293.94933;[0.3699];[-0.5801];4195.47674;100),(157382.80916;[0.09];[-0.86];3560.23924;[0.098];[-0.852];3510.22897;100),(162241.89758;[0.02];[-0.93];3379.60093;[0.0369];[-0.9131];3332.87528;100),(166255.99599;[0.02];[-0.93];3114.24749;[0.01];[-0.94];3076.93367;100),(175636.06668;[0.5];[-0.45];4853.29745;[0.4483];[-0.5017];4702.40298;100),(179083.40597;[0.39];[-0.56];4293.94933;[0.3699];[-0.5801];4195.47674;100),(184088.56797;[0.09];[-0.86];3560.23924;[0.098];[-0.852];3510.22897;100),(189255.94211;[0.02];[-0.93];3378.60865;[0.03];[-0.92];3338.52942;100),(196279.55842;[0.02];[-0.93];3272.29341;[0.0198];[-0.9302];3230.14514;100),(198557.89804;[0.02];[-0.93];3229.94169;[0.0181];[-0.9319];3185.64295;100),(198939.20279;[0.02];[-0.93];3198.87343;[0.0166];[-0.9334];3154.42821;100),(200553.47776;[0.02];[-0.93];3171.35196;[0.0162];[-0.9338];3126.53017;100),(202726.73106;[0.02];[-0.93];3136.64472;[0.0123];[-0.9377];3095.87215;100),(203824.80407;[0.02];[-0.93];3134.56602;[0.0122];[-0.9378];3093.76597;100),(207064.71443;[0.02];[-0.93];3116.66699;[0.01];[-0.94];3079.48517;100),(209780.34759;[0.5];[-0.45];4853.29745;[0.4483];[-0.5017];4702.40298;100),(213407.97901;[0.39];[-0.56];4311.47703;[0.372];[-0.578];4212.80911;100),(218154.69050;[0.1];[-0.85];3563.69027;[0.1077];[-0.8423];3510.37307;100),(223191.89382;[0.02];[-0.93];3386.81750;[0.0358];[-0.9142];3343.45962;100),(227006.49810;[0.02];[-0.93];3116.66699;[0.01];[-0.94];3079.48517;100),(235678.94912;[0.5];[-0.45];4853.29745;[0.4483];[-0.5017];4702.40298;100),(238787.64296;[0.37];[-0.58];4270.92042;[0.3645];[-0.5855];4171.62397;100),(243065.39512;[0.08];[-0.87];3539.11697;[0.082];[-0.868];3492.70921;100),(247986.56464;[0.02];[-0.93];3386.81750;[0.0358];[-0.9142];3343.45962;100),(254857.65290;[0.02];[-0.93];3282.06942;[0.0235];[-0.9265];3238.00795;100),(256859.62582;[0.02];[-0.93];3240.40379;[0.0209];[-0.9291];3195.40651;100),(258859.26986;[0.02];[-0.93];3208.41047;[0.0185];[-0.9315];3162.30846;100),(260159.12676;[0.02];[-0.93];3187.86083;[0.0185];[-0.9315];3140.32659;100),(261319.17596;[0.02];[-0.93];3170.46668;[0.016];[-0.934];3125.88435;100),(263751.64533;[0.02];[-0.93];3135.96666;[0.0123];[-0.9377];3095.30182;100),(266153.85103;[0.02];[-0.93];3135.96666;[0.0123];[-0.9377];3095.30182;100),(268821.61784;[0.5];[-0.45];4853.29745;[0.4483];[-0.5017];4702.40298;100),(271868.51716;[0.37];[-0.58];4289.78518;[0.3674];[-0.5826];4193.75231;100),(276484.08079;[0.08];[-0.87];3540.72799;[0.0834];[-0.8666];3493.31130;100),(281237.03861;[0.02];[-0.93];3391.09440;[0.037];[-0.913];3347.13825;100),(286166.12625;[0.02];[-0.93];3135.96666;[0.0123];[-0.9377];3095.30182;100),(293610.20041;[0.02];[-0.93];3134.56602;[0.0122];[-0.9378];3093.76597;100),(296206.45952;[0.5];[-0.45];4853.29745;[0.4483];[-0.5017];4702.40298;100),(299440.12332;[0.38];[-0.57];4288.64149;[0.3684];[-0.5816];4189.42390;100),(303866.33301;[0.08];[-0.87];3540.72799;[0.0834];[-0.8666];3493.31130;100),(308746.83785;[0.02];[-0.93];3391.09440;[0.037];[-0.913];3347.13825;100),(313538.79237;[0.02];[-0.93];3134.56602;[0.0122];[-0.9378];3093.76597;100),(323514.06789;[0.5];[-0.45];4853.29745;[0.4483];[-0.5017];4702.40298;100),(326266.21938;[0.37];[-0.58];4239.25400;[0.356];[-0.594];4142.67644;100),(330824.42975;[0.08];[-0.87];3540.72799;[0.0834];[-0.8666];3493.31130;100),(335686.25569;[0.02];[-0.93];3391.09440;[0.037];[-0.913];3347.13825;100),(343045.66336;[0.02];[-0.93];3293.25889;[0.021];[-0.929];3250.89376;100),(344819.87548;[0.02];[-0.93];3250.85717;[0.0181];[-0.9319];3207.64052;100),(345817.93618;[0.02];[-0.93];3218.45259;[0.0204];[-0.9296];3170.65341;100),(346171.70691;[0.02];[-0.93];3198.87343;[0.0166];[-0.9334];3154.42821;100),(347249.84431;[0.02];[-0.93];3180.16331;[0.0167];[-0.9333];3133.27471;100),(351243.86430;[0.02];[-0.93];3170.46668;[0.016];[-0.934];3125.88435;100),(351392.83609;[0.02];[-0.93];3170.46668;[0.016];[-0.934];3125.88435;100),(354191.14137;[0.5];[-0.45];4853.29745;[0.4483];[-0.5017];4702.40298;100),(357325.47021;[0.37];[-0.58];4257.05753;[0.3604];[-0.5896];4161.17306;100),(363753.10755;[0.09];[-0.86];3545.66774;[0.0958];[-0.8542];3493.83280;100),(368839.77365;[0.02];[-0.93];3396.22866;[0.0342];[-0.9158];3354.55143;100),(373119.12847;[0.02];[-0.93];3170.46668;[0.016];[-0.934];3125.88435;100),(379130.68986;[0.02];[-0.93];3170.46668;[0.016];[-0.934];3125.88435;100),(381943.19749;[0.5];[-0.45];4853.29745;[0.4483];[-0.5017];4702.40298;100),(385194.99111;[0.37];[-0.58];4257.05753;[0.3604];[-0.5896];4161.17306;100),(390247.51782;[0.09];[-0.86];3545.66774;[0.0958];[-0.8542];3493.83280;100),(395279.19507;[0.02];[-0.93];3396.22866;[0.0342];[-0.9158];3354.55143;100),(400222.19419;[0.02];[-0.93];3170.46668;[0.016];[-0.934];3125.88435;100),(410179.96740;[0.5];[-0.45];4853.29745;[0.4483];[-0.5017];4702.40298;100),(414440.02700;[0.36];[-0.59];4186.04822;[0.3433];[-0.6067];4090.92794;100),(418760.74815;[0.08];[-0.87];3521.42176;[0.0804];[-0.8696];3470.80127;100),(421572.62516;[0.02];[-0.93];3355.66054;[0.03];[-0.92];3311.46197;100),(433110.10480;[0.02];[-0.93];3170.46668;[0.016];[-0.934];3125.88435;100),(435871.74273;[0.5];[-0.45];4853.29745;[0.4483];[-0.5017];4702.40298;100),(438785.15935;[0.37];[-0.58];4257.05753;[0.3604];[-0.5896];4161.17306;100),(444130.57351;[0.09];[-0.86];3545.66774;[0.0958];[-0.8542];3493.83280;100),(449133.85987;[0.02];[-0.93];3396.22866;[0.0342];[-0.9158];3354.55143;100),(452414.31856;[0.02];[-0.93];3297.25411;[0.0221];[-0.9279];3253.67080;100),(453543.87808;[0.02];[-0.93];3261.13651;[0.0174];[-0.9326];3219.90276;100),(454724.14351;[0.02];[-0.93];3218.45259;[0.0204];[-0.9296];3170.65341;100),(455077.60859;[0.02];[-0.93];3198.87343;[0.0166];[-0.9334];3154.42821;100),(456303.07221;[0.02];[-0.93];3198.44518;[0.0165];[-0.9335];3154.12017;100),(457854.38585;[0.02];[-0.93];3180.16331;[0.0167];[-0.9333];3133.27471;100),(461917.68956;[0.5];[-0.45];4853.29745;[0.4483];[-0.5017];4702.40298;100),(466815.70816;[0.36];[-0.59];4214.36200;[0.3477];[-0.6023];4124.06754;100),(471163.79309;[0.08];[-0.87];3526.43818;[0.0834];[-0.8666];3475.07459;100),(474279.75440;[0.02];[-0.93];3358.59337;[0.0306];[-0.9194];3314.99842;100),(483982.49340;[0.02];[-0.93];3180.16331;[0.0167];[-0.9333];3133.27471;100),(486753.82710;[0.5];[-0.45];4853.29745;[0.4483];[-0.5017];4702.40298;100),(491545.62616;[0.36];[-0.59];4214.36200;[0.3477];[-0.6023];4124.06754;100),(497399.75452;[0.09];[-0.86];3551.02450;[0.0976];[-0.8524];3500.21451;100),(502658.36620;[0.02];[-0.93];3399.67623;[0.0357];[-0.9143];3356.54802;100),(505928.44296;[0.02];[-0.93];3302.57293;[0.0237];[-0.9263];3259.28316;100),(506753.18193;[0.02];[-0.93];3265.72250;[0.018];[-0.932];3224.25954;100),(507744.01760;[0.02];[-0.93];3214.83850;[0.0188];[-0.9312];3168.12278;100),(508414.41941;[0.02];[-0.93];3199.22039;[0.0164];[-0.9336];3155.21708;100),(508730.61800;[0.02];[-0.93];3198.87343;[0.0166];[-0.9334];3154.42821;100),(509011.96909;[0.02];[-0.93];3198.44518;[0.0165];[-0.9335];3154.12017;100),(509138.84997;[0.02];[-0.93];3198.44518;[0.0165];[-0.9335];3154.12017;100),(509268.34846;[0.02];[-0.93];3198.44518;[0.0165];[-0.9335];3154.12017;100),(511896.56925;[0.5];[-0.45];4853.29745;[0.4483];[-0.5017];4702.40298;100),(514965.21163;[0.36];[-0.59];4167.39999;[0.3403];[-0.6097];4071.53245;100),(519800.04263;[0.08];[-0.87];3528.46717;[0.0867];[-0.8633];3477.47458;100),(523391.57557;[0.02];[-0.93];3364.07957;[0.0326];[-0.9174];3319.08784;100),(526567.19136;[0.02];[-0.93];3198.44518;[0.0165];[-0.9335];3154.12017;100),(533453.55105;[0.5];[-0.45];4853.29745;[0.4483];[-0.5017];4702.40298;100),(536806.26702;[0.36];[-0.59];4167.39999;[0.3403];[-0.6097];4071.53245;100),(542049.16954;[0.08];[-0.87];3528.46717;[0.0867];[-0.8633];3477.47458;100),(545516.32285;[0.02];[-0.93];3364.07957;[0.0326];[-0.9174];3319.08784;100),(551910.18367;[0.02];[-0.93];3198.44518;[0.0165];[-0.9335];3154.12017;100),(554930.76658;[0.5];[-0.45];4853.29745;[0.4483];[-0.5017];4702.40298;100),(558383.67891;[0.36];[-0.59];4167.39999;[0.3403];[-0.6097];4071.53245;100),(563253.61443;[0.09];[-0.86];3529.70797;[0.0924];[-0.8576];3474.47750;100),(568511.58977;[0.02];[-0.93];3404.19214;[0.0378];[-0.9122];3360.54796;100),(571773.33236;[0.02];[-0.93];3306.80072;[0.0255];[-0.9245];3261.18648;100),(572515.83028;[0.02];[-0.93];3271.96617;[0.0193];[-0.9307];3229.94061;100),(573426.56970;[0.02];[-0.93];3210.73519;[0.0185];[-0.9315];3164.77387;100),(573816.51592;[0.02];[-0.93];3198.87343;[0.0166];[-0.9334];3154.42821;100),(575100.03638;[0.02];[-0.93];3198.44518;[0.0165];[-0.9335];3154.12017;100),(578368.53957;[0.5];[-0.45];4853.29745;[0.4483];[-0.5017];4702.40298;100),(581344.94114;[0.16];[-0.79];3686.88684;[0.1774];[-0.7726];3618.81301;100),(585500.96321;[0.08];[-0.87];3509.57639;[0.0803];[-0.8697];3457.68723;100),(588707.21126;[0.02];[-0.93];3367.18201;[0.0295];[-0.9205];3324.37313;100),(593536.44657;[0.02];[-0.93];3198.44518;[0.0165];[-0.9335];3154.12017;100),(596170.73607;[0.5];[-0.45];4853.29745;[0.4483];[-0.5017];4702.40298;100),(599055.45044;[0.16];[-0.79];3686.88684;[0.1774];[-0.7726];3618.81301;100)]"
5,10,4682.380709044253,[0.4325],[-0.5175],600536.6332530975,"[(1144.55843;[0.42];[-0.53];5868.03788;[0.3068];[-0.6432];4498.42286;100),(8269.05155;[0.42];[-0.53];5868.03788;[0.3068];[-0.6432];4498.42286;100),(11763.73053;[0.42];[-0.53];5868.03788;[0.3068];[-0.6432];4498.42286;100),(17076.49803;[0.42];[-0.53];5868.03788;[0.3068];[-0.6432];4498.42286;100),(22732.23948;[0.42];[-0.53];5868.03788;[0.3068];[-0.6432];4498.42286;100),(26399.54400;[0.42];[-0.53];5868.03788;[0.3068];[-0.6432];4498.42286;100),(27292.98139;[0.22];[-0.73];3830.92195;[0.1826];[-0.7674];3633.67677;100),(28081.24948;[0.09];[-0.86];3590.22314;[0.0739];[-0.8761];3483.23530;100),(28985.74615;[0.03];[-0.92];3393.77673;[0.0171];[-0.9329];3319.79702;100),(31139.33873;[0.];[-0.95];3166.87263;[0.0045];[-0.9455];3104.00544;100),(32515.81550;[0.];[-0.95];2722.73685;[0.];[-0.95];2690.81326;100),(34888.48567;[0.];[-0.95];2716.36853;[0.];[-0.95];2685.16226;100),(36638.09991;[0.];[-0.95];2716.36853;[0.];[-0.95];2685.16226;100),(42687.93011;[0.55];[-0.4];5205.18356;[0.4325];[-0.5175];4682.38071;100),(46649.10078;[0.49];[-0.46];4482.24103;[0.37];[-0.58];4199.30777;100),(51111.53913;[0.09];[-0.86];3576.00196;[0.0722];[-0.8778];3468.55285;100),(55347.72921;[0.02];[-0.93];3273.20279;[0.0114];[-0.9386];3201.67289;100),(58968.67037;[0.];[-0.95];2716.36853;[0.];[-0.95];2685.16226;100),(68139.01305;[0.54];[-0.41];5205.43412;[0.4284];[-0.5216];4678.16768;100),(72564.32152;[0.46];[-0.49];4416.63866;[0.3559];[-0.5941];4149.55199;100),(76794.17491;[0.07];[-0.88];3538.84196;[0.0595];[-0.8905];3439.67892;100),(81887.13837;[0.];[-0.95];3145.23272;[0.004];[-0.946];3081.77773;100),(91805.14026;[0.];[-0.95];2716.23335;[0.];[-0.95];2684.96841;100),(97181.15640;[0.55];[-0.4];5205.18356;[0.4325];[-0.5175];4682.38071;100),(102885.44846;[0.49];[-0.46];4544.20214;[0.3808];[-0.5692];4250.71019;100),(107881.14262;[0.14];[-0.81];3604.11020;[0.0907];[-0.8593];3487.28649;100),(111037.18519;[0.02];[-0.93];3352.00938;[0.0157];[-0.9343];3277.47745;100),(114153.53775;[0.];[-0.95];2945.24550;[0.0002];[-0.9498];2894.08454;100),(114540.50207;[0.];[-0.95];2859.78960;[0.];[-0.95];2818.47062;100),(115271.28458;[0.];[-0.95];2789.55967;[0.];[-0.95];2751.01576;100),(116741.18018;[0.];[-0.95];2722.73685;[0.];[-0.95];2690.81326;100),(118580.33490;[0.];[-0.95];2716.23335;[0.];[-0.95];2684.96841;100),(123320.59050;[0.54];[-0.41];5205.10800;[0.431];[-0.519];4676.21642;100),(127214.66732;[0.48];[-0.47];4464.31990;[0.364];[-0.586];4192.79802;100),(131893.33987;[0.09];[-0.86];3590.78600;[0.0736];[-0.8764];3483.72509;100),(135016.54243;[0.02];[-0.93];3330.02343;[0.0143];[-0.9357];3256.68666;100),(138365.46206;[0.];[-0.95];2716.23335;[0.];[-0.95];2684.96841;100),(146028.14984;[0.55];[-0.4];5205.18356;[0.4325];[-0.5175];4682.38071;100),(149792.32836;[0.48];[-0.47];4464.31990;[0.364];[-0.586];4192.79802;100),(154450.79398;[0.09];[-0.86];3590.78600;[0.0736];[-0.8764];3483.72509;100),(157585.96730;[0.02];[-0.93];3330.02343;[0.0143];[-0.9357];3256.68666;100),(163778.74207;[0.];[-0.95];3042.04251;[0.0012];[-0.9488];2982.32421;100),(164466.08043;[0.];[-0.95];2942.65274;[0.0002];[-0.9498];2891.92356;100),(165482.72395;[0.];[-0.95];2884.86421;[0.0001];[-0.9499];2836.50889;100),(165840.13462;[0.];[-0.95];2844.16796;[0.];[-0.95];2800.40399;100),(167316.87212;[0.];[-0.95];2841.31462;[0.];[-0.95];2797.95695;100),(168157.37200;[0.];[-0.95];2789.55967;[0.];[-0.95];2751.01576;100),(168955.17874;[0.];[-0.95];2788.46288;[0.];[-0.95];2750.09499;100),(169172.61147;[0.];[-0.95];2788.46288;[0.];[-0.95];2750.09499;100),(172114.48574;[0.54];[-0.41];5205.12718;[0.4282];[-0.5218];4679.03600;100),(175950.25420;[0.49];[-0.46];4497.26017;[0.3729];[-0.5771];4212.60788;100),(180179.69608;[0.11];[-0.84];3601.56366;[0.0799];[-0.8701];3491.99198;100),(183823.73452;[0.02];[-0.93];3355.36594;[0.0163];[-0.9337];3279.86252;100),(187107.99885;[0.];[-0.95];2788.46288;[0.];[-0.95];2750.09499;100),(188899.17040;[0.];[-0.95];2788.46288;[0.];[-0.95];2750.09499;100),(192037.00972;[0.55];[-0.4];5205.18356;[0.4325];[-0.5175];4682.38071;100),(195647.49169;[0.47];[-0.48];4434.66405;[0.361];[-0.589];4160.24988;100),(199673.86317;[0.1];[-0.85];3572.79677;[0.0763];[-0.8737];3463.18976;100),(203477.96178;[0.02];[-0.93];3355.36594;[0.0163];[-0.9337];3279.86252;100),(206751.69110;[0.];[-0.95];2788.46288;[0.];[-0.95];2750.09499;100),(211172.69802;[0.54];[-0.41];5205.22687;[0.4316];[-0.5184];4675.83559;100),(214665.01904;[0.47];[-0.48];4434.66405;[0.361];[-0.589];4160.24988;100),(218674.20316;[0.1];[-0.85];3572.79677;[0.0763];[-0.8737];3463.18976;100),(222102.68664;[0.02];[-0.93];3355.36594;[0.0163];[-0.9337];3279.86252;100),(229897.84598;[0.];[-0.95];3081.55423;[0.003];[-0.947];3017.35272;100),(230539.31117;[0.];[-0.95];2960.49885;[0.0002];[-0.9498];2911.74135;100),(231225.67153;[0.];[-0.95];2900.23341;[0.0001];[-0.9499];2854.07307;100),(231443.35818;[0.];[-0.95];2859.78960;[0.];[-0.95];2818.47062;100),(232143.31317;[0.];[-0.95];2841.31462;[0.];[-0.95];2797.95695;100),(232290.78841;[0.];[-0.95];2841.31462;[0.];[-0.95];2797.95695;100),(235534.13129;[0.55];[-0.4];5205.18356;[0.4325];[-0.5175];4682.38071;100),(238864.92586;[0.49];[-0.46];4472.22493;[0.3688];[-0.5812];4188.76298;100),(242695.56189;[0.1];[-0.85];3584.50374;[0.0786];[-0.8714];3474.38878;100),(245903.51987;[0.03];[-0.92];3379.95244;[0.0176];[-0.9324];3303.91596;100),(254202.01516;[0.];[-0.95];3176.44799;[0.0064];[-0.9436];3108.28500;100),(255340.67464;[0.];[-0.95];2942.65274;[0.0002];[-0.9498];2891.92356;100),(256294.48247;[0.];[-0.95];2898.76103;[0.0001];[-0.9499];2852.96241;100),(256520.34044;[0.];[-0.95];2882.53842;[0.0001];[-0.9499];2834.69517;100),(257846.98582;[0.];[-0.95];2841.31462;[0.];[-0.95];2797.95695;100),(260919.13128;[0.55];[-0.4];5205.18356;[0.4325];[-0.5175];4682.38071;100),(264523.62061;[0.47];[-0.48];4434.66405;[0.361];[-0.589];4160.24988;100),(268909.08289;[0.1];[-0.85];3588.91340;[0.0801];[-0.8699];3477.64636;100),(272271.00801;[0.04];[-0.91];3391.82912;[0.0237];[-0.9263];3310.91615;100),(279404.68335;[0.02];[-0.93];3234.92088;[0.0113];[-0.9387];3160.61794;100),(280973.07563;[0.];[-0.95];3042.67723;[0.0012];[-0.9488];2982.76551;100),(283978.49226;[0.];[-0.95];2941.85610;[0.0002];[-0.9498];2891.24733;100),(284549.64066;[0.];[-0.95];2921.43845;[0.0002];[-0.9498];2869.10272;100),(285133.56924;[0.];[-0.95];2883.52782;[0.0001];[-0.9499];2835.51242;100),(285452.80743;[0.];[-0.95];2882.53842;[0.0001];[-0.9499];2834.69517;100),(285865.29708;[0.];[-0.95];2882.30665;[0.0001];[-0.9499];2833.91058;100),(288547.42694;[0.55];[-0.4];5205.18356;[0.4325];[-0.5175];4682.38071;100),(291508.28433;[0.48];[-0.47];4464.31990;[0.364];[-0.586];4192.79802;100),(295527.12798;[0.09];[-0.86];3593.92104;[0.0768];[-0.8732];3485.84628;100),(298211.36332;[0.04];[-0.91];3403.81137;[0.0233];[-0.9267];3324.22885;100),(301091.81190;[0.];[-0.95];2882.30665;[0.0001];[-0.9499];2833.91058;100),(305153.01538;[0.54];[-0.41];5205.43412;[0.4284];[-0.5216];4678.16768;100),(309658.95557;[0.46];[-0.49];4380.61428;[0.348];[-0.602];4117.76962;100),(313798.65026;[0.07];[-0.88];3561.15402;[0.0647];[-0.8853];3457.89298;100),(316601.37343;[0.02];[-0.93];3352.00938;[0.0157];[-0.9343];3277.47745;100),(320718.14728;[0.];[-0.95];2882.30665;[0.0001];[-0.9499];2833.91058;100),(323455.33276;[0.54];[-0.41];5205.43412;[0.4284];[-0.5216];4678.16768;100),(326403.90706;[0.48];[-0.47];4464.31990;[0.364];[-0.586];4192.79802;100),(330414.32405;[0.09];[-0.86];3593.92104;[0.0768];[-0.8732];3485.84628;100),(333104.32816;[0.04];[-0.91];3403.81137;[0.0233];[-0.9267];3324.22885;100),(337013.67736;[0.02];[-0.93];3270.55432;[0.0108];[-0.9392];3199.59769;100),(338566.65969;[0.];[-0.95];3108.78827;[0.0044];[-0.9456];3041.92162;100),(341101.70388;[0.];[-0.95];3072.51915;[0.0028];[-0.9472];3008.51941;100),(342345.17717;[0.];[-0.95];3040.26740;[0.0012];[-0.9488];2980.28468;100),(347515.90562;[0.];[-0.95];3000.54223;[0.0006];[-0.9494];2945.59274;100),(351780.71141;[0.54];[-0.41];5205.12718;[0.4282];[-0.5218];4679.03600;100),(355182.12247;[0.46];[-0.49];4422.94563;[0.3582];[-0.5918];4154.25124;100),(359258.73923;[0.08];[-0.87];3566.03302;[0.0699];[-0.8801];3460.98013;100),(362473.90842;[0.03];[-0.92];3358.24483;[0.0165];[-0.9335];3282.48451;100),(377789.92295;[0.55];[-0.4];5205.18356;[0.4325];[-0.5175];4682.38071;100),(381396.35634;[0.46];[-0.49];4422.94563;[0.3582];[-0.5918];4154.25124;100),(385464.41865;[0.14];[-0.81];3598.09182;[0.0936];[-0.8564];3479.41875;100),(388549.37458;[0.04];[-0.91];3407.61825;[0.0243];[-0.9257];3326.90490;100),(392327.19064;[0.02];[-0.93];3293.67553;[0.0098];[-0.9402];3226.78366;100),(393845.12591;[0.];[-0.95];3144.36163;[0.0039];[-0.9461];3081.08513;100),(397313.40337;[0.];[-0.95];3093.39674;[0.0028];[-0.9472];3030.90660;100),(399221.56549;[0.];[-0.95];3073.17394;[0.0028];[-0.9472];3008.98621;100),(400477.41461;[0.];[-0.95];3071.64807;[0.0028];[-0.9472];3007.82682;100),(404691.06293;[0.];[-0.95];3040.26740;[0.0012];[-0.9488];2980.28468;100),(407565.85026;[0.54];[-0.41];5205.43412;[0.4284];[-0.5216];4678.16768;100),(412035.13432;[0.46];[-0.49];4360.44242;[0.3434];[-0.6066];4101.82685;100),(416145.72716;[0.09];[-0.86];3572.72010;[0.0755];[-0.8745];3463.41845;100),(419546.84734;[0.03];[-0.92];3363.03044;[0.017];[-0.933];3286.98326;100),(423463.88292;[0.];[-0.95];3040.26740;[0.0012];[-0.9488];2980.28468;100),(429348.85836;[0.];[-0.95];3040.26740;[0.0012];[-0.9488];2980.28468;100),(432292.27734;[0.54];[-0.41];5205.43412;[0.4284];[-0.5216];4678.16768;100),(436718.30702;[0.46];[-0.49];4360.44242;[0.3434];[-0.6066];4101.82685;100),(440785.15148;[0.09];[-0.86];3572.72010;[0.0755];[-0.8745];3463.41845;100),(444123.02279;[0.03];[-0.92];3363.03044;[0.017];[-0.933];3286.98326;100),(448104.12145;[0.];[-0.95];3040.26740;[0.0012];[-0.9488];2980.28468;100),(456938.59863;[0.54];[-0.41];5205.12718;[0.4282];[-0.5218];4679.03600;100),(460441.35904;[0.22];[-0.73];3782.22225;[0.1697];[-0.7803];3618.55883;100),(465846.08769;[0.07];[-0.88];3536.58382;[0.0613];[-0.8887];3435.63021;100),(469165.82799;[0.03];[-0.92];3363.03044;[0.017];[-0.933];3286.98326;100),(480369.84849;[0.];[-0.95];3040.26740;[0.0012];[-0.9488];2980.28468;100),(483888.01789;[0.54];[-0.41];5205.12718;[0.4282];[-0.5218];4679.03600;100),(488941.22982;[0.46];[-0.49];4360.44242;[0.3434];[-0.6066];4101.82685;100),(493218.99796;[0.09];[-0.86];3572.72010;[0.0755];[-0.8745];3463.41845;100),(497743.38770;[0.04];[-0.91];3410.08792;[0.0253];[-0.9247];3329.24023;100),(500886.65199;[0.02];[-0.93];3302.73726;[0.0125];[-0.9375];3230.37817;100),(502921.49615;[0.];[-0.95];3144.36163;[0.0039];[-0.9461];3081.08513;100),(504540.34638;[0.];[-0.95];3073.17394;[0.0028];[-0.9472];3008.98621;100),(507085.42490;[0.];[-0.95];3072.51915;[0.0028];[-0.9472];3008.51941;100),(508372.71690;[0.];[-0.95];3071.64807;[0.0028];[-0.9472];3007.82682;100),(513568.80260;[0.54];[-0.41];5205.43412;[0.4284];[-0.5216];4678.16768;100),(516602.54121;[0.42];[-0.53];4290.22758;[0.3303];[-0.6197];4038.15948;100),(520527.33517;[0.07];[-0.88];3542.18781;[0.063];[-0.887];3439.88738;100),(524367.56301;[0.03];[-0.92];3366.34096;[0.0177];[-0.9323];3289.28155;100),(536133.15678;[0.55];[-0.4];5205.18356;[0.4325];[-0.5175];4682.38071;100),(539039.75940;[0.42];[-0.53];4290.22758;[0.3303];[-0.6197];4038.15948;100),(543207.00216;[0.09];[-0.86];3577.08439;[0.0729];[-0.8771];3469.32269;100),(547830.49989;[0.04];[-0.91];3414.70383;[0.0263];[-0.9237];3332.51512;100),(550911.44085;[0.02];[-0.93];3309.05954;[0.0155];[-0.9345];3231.15590;100),(552358.61492;[0.];[-0.95];3160.39929;[0.0066];[-0.9434];3090.29689;100),(554962.07857;[0.];[-0.95];3104.96335;[0.0042];[-0.9458];3037.11486;100),(556824.35608;[0.];[-0.95];3072.51915;[0.0028];[-0.9472];3008.51941;100),(559207.20291;[0.];[-0.95];3071.64807;[0.0028];[-0.9472];3007.82682;100),(563160.72059;[0.55];[-0.4];5205.18356;[0.4325];[-0.5175];4682.38071;100),(566073.84396;[0.22];[-0.73];3773.90135;[0.1689];[-0.7811];3616.54681;100),(571373.75975;[0.07];[-0.88];3548.40429;[0.0613];[-0.8887];3447.44823;100),(574492.42377;[0.03];[-0.92];3371.97423;[0.0196];[-0.9304];3293.61284;100),(583584.62191;[0.];[-0.95];3071.64807;[0.0028];[-0.9472];3007.82682;100),(586422.88709;[0.55];[-0.4];5205.18356;[0.4325];[-0.5175];4682.38071;100),(589280.19738;[0.22];[-0.73];3773.90135;[0.1689];[-0.7811];3616.54681;100),(594461.64823;[0.07];[-0.88];3548.40429;[0.0613];[-0.8887];3447.44823;100),(597867.03849;[0.03];[-0.92];3371.97423;[0.0196];[-0.9304];3293.61284;100),(599082.28564;[0.02];[-0.93];3210.81728;[0.0083];[-0.9417];3140.23213;100)]"
