Hardness,Seed,Objective,ObjRatio,deter_feas,prob_feas,feas,surplus,Runtime,solutions
2,4,13789.636200422561,0.99147,1,1,[1.],[0.05],3373.115301132202,[(3110.63504;[1.];[0.05];13905.72110;1;1;[1.];[0.05];13789.63620;100)]
0,4,18213.73955181916,0.99337,1,1,[1.],[0.05],3760.239362716675,[(3411.31067;[1.];[0.05];18352.11167;1;1;[1.];[0.05];18213.73955;100)]
0,6,17833.81934403228,0.97265,1,1,[1.],[0.05],3788.3784770965576,[(3419.82770;[1.];[0.05];17768.49387;1;1;[1.];[0.05];17833.81934;100)]
2,7,13901.21659133537,0.99949,1,1,[0.9778],[0.0278],3721.6837406158447,[(3339.73145;[0.9778];[0.0278];13901.21659;1;1;[0.9778];[0.0278];13901.21659;100)]
2,6,13486.189258918874,0.96965,1,1,[1.],[0.05],3970.804214477539,[(3566.16688;[1.];[0.05];13422.72104;1;1;[1.];[0.05];13486.18926;100)]
1,3,15972.192225271257,0.99835,1,1,[0.9993],[0.0493],3927.5150299072266,[(3612.80251;[0.9993];[0.0493];15978.07108;1;1;[0.9993];[0.0493];15972.19223;100)]
1,7,15981.088610404311,0.99891,1,1,[0.9932],[0.0432],3803.563356399536,[(3513.10444;[0.9932];[0.0432];15981.08861;1;1;[0.9932];[0.0432];15981.08861;100)]
1,5,15624.157446783849,0.9766,1,1,[1.],[0.05],3915.7819747924805,[(3576.12872;[1.];[0.05];15534.95382;1;1;[1.];[0.05];15624.15745;100)]
0,1,18328.876152156874,0.99965,1,1,[1.],[0.05],3915.9996509552,[(3497.91455;[1.];[0.05];18394.91100;1;1;[1.];[0.05];18328.87615;100)]
2,3,13896.260481816304,0.99914,1,1,[0.9977],[0.0477],3940.268039703369,[(3614.10403;[0.9967];[0.0467];13895.82902;1;1;[0.9977];[0.0477];13896.26048;100)]
0,5,17939.368321919592,0.97841,1,1,[1.],[0.05],4205.05166053772,[(3931.60057;[1.];[0.05];17842.44257;1;1;[1.];[0.05];17939.36832;100)]
1,1,15986.72313092698,0.99926,1,1,[1.],[0.05],4077.3189067840576,[(3584.39779;[1.];[0.05];16052.26352;1;1;[1.];[0.05];15986.72313;100)]
2,5,13617.707022932289,0.97911,1,1,[1.],[0.05],4243.291854858398,[(3985.37564;[1.];[0.05];13527.48461;1;1;[1.];[0.05];13617.70702;100)]
0,7,18298.29349698812,0.99798,1,1,[1.],[0.05],3871.739149093628,[(3619.15016;[1.];[0.05];18298.29350;1;1;[1.];[0.05];18298.29350;100)]
1,4,15862.273988243982,0.99148,1,1,[1.],[0.05],4053.879976272583,[(3640.92588;[1.];[0.05];15975.96298;1;1;[1.];[0.05];15862.27399;100)]
2,1,13883.67512373633,0.99823,1,1,[1.],[0.05],3850.693941116333,[(3568.28380;[1.];[0.05];13941.29970;1;1;[1.];[0.05];13883.67512;100)]
0,3,18247.032308011978,0.99519,1,1,[1.],[0.05],4513.9172077178955,[(4276.12662;[1.];[0.05];18257.74587;1;1;[1.];[0.05];18247.03231;100)]
1,6,15505.455823241471,0.96918,1,1,[1.],[0.05],4660.1502895355225,[(4366.50753;[1.];[0.05];15431.27860;1;1;[1.];[0.05];15505.45582;100)]
0,10,17811.112638263086,0.97141,1,1,[0.9517],[0.0017],8858.67953300476,"[(3858.66451;[0.8895];[-0.0605];18430.75747;1;0;[0.8949];[-0.0551];18097.64738;100),(5041.37087;[0.8895];[-0.0605];18430.75747;1;0;[0.8949];[-0.0551];18097.64738;100),(5656.29244;[0.8895];[-0.0605];18430.75747;1;0;[0.8949];[-0.0551];18097.64738;100),(6564.53156;[0.8895];[-0.0605];18430.75747;1;0;[0.8949];[-0.0551];18097.64738;100),(7172.11914;[0.8895];[-0.0605];18430.75747;1;0;[0.8949];[-0.0551];18097.64738;100),(7815.97805;[0.8895];[-0.0605];18430.75747;1;0;[0.8949];[-0.0551];18097.64738;100),(8623.73114;[0.9502];[0.0002];18074.56654;1;1;[0.9517];[0.0017];17811.11264;100)]"
0,9,18334.14888158054,0.99994,1,1,[1.],[0.05],9509.73629951477,"[(3611.92751;[0.8983];[-0.0517];18071.85063;1;0;[0.8968];[-0.0532];18083.88929;100),(4658.73170;[0.8983];[-0.0517];18071.85063;1;0;[0.8968];[-0.0532];18083.88929;100),(6425.19403;[0.9841];[0.0341];18274.17266;1;1;[0.9827];[0.0327];18290.57384;200),(9268.82148;[1.];[0.05];18313.82730;1;1;[1.];[0.05];18334.14888;400)]"
2,9,13901.144251318628,0.99949,1,1,[0.9976],[0.0476],9543.166637420654,"[(3592.22102;[0.7962];[-0.1538];13727.10959;1;0;[0.7899];[-0.1601];13740.21059;100),(4667.09232;[0.7962];[-0.1538];13727.10959;1;0;[0.7899];[-0.1601];13740.21059;100),(6701.98345;[0.8434];[-0.1066];13835.72507;1;0;[0.8413];[-0.1087];13850.84210;200),(9282.87339;[0.9983];[0.0483];13886.34386;1;1;[0.9976];[0.0476];13901.14425;400)]"
0,8,18292.25497819238,0.99765,1,1,[0.9827],[0.0327],9587.154865264893,"[(3457.31711;[0.921];[-0.029];18568.12311;1;0;[0.9131];[-0.0369];18161.03189;100),(4634.61828;[0.921];[-0.029];18568.12311;1;0;[0.9131];[-0.0369];18161.03189;100),(6791.94617;[0.921];[-0.029];18568.12311;1;0;[0.9131];[-0.0369];18161.03189;200),(9338.18173;[0.9847];[0.0347];18647.63768;1;1;[0.9827];[0.0327];18292.25498;400)]"
1,9,15983.306403898443,0.99905,1,1,[0.9937],[0.0437],9982.490301132202,"[(3762.15315;[0.8682];[-0.0818];15808.29184;1;0;[0.8669];[-0.0831];15818.91489;100),(4897.11308;[0.8682];[-0.0818];15808.29184;1;0;[0.8669];[-0.0831];15818.91489;100),(6680.36699;[0.9061];[-0.0439];15919.07501;1;0;[0.9027];[-0.0473];15930.84200;200),(9731.41193;[0.9947];[0.0447];15972.09411;1;1;[0.9937];[0.0437];15983.30640;400)]"
3,1,12202.46230186433,0.99734,1,1,[1.],[0.05],3579.193592071533,[(3339.84780;[1.];[0.05];12252.08972;1;1;[1.];[0.05];12202.46230;100)]
3,6,11926.474305276139,0.97478,1,1,[1.],[0.05],3663.8801097869873,[(3407.07850;[1.];[0.05];11874.32780;1;1;[1.];[0.05];11926.47431;100)]
3,5,12120.38633566516,0.99063,1,1,[1.],[0.05],3933.6843490600586,[(3633.55923;[1.];[0.05];12040.06967;1;1;[1.];[0.05];12120.38634;100)]
3,4,12103.654232917006,0.98926,1,1,[1.],[0.05],3630.06329536438,[(3344.38562;[1.];[0.05];12187.82345;1;1;[1.];[0.05];12103.65423;100)]
4,5,10808.483191564532,0.99464,1,1,[0.9619],[0.0119],3681.546688079834,[(3438.16638;[0.9632];[0.0132];10731.41773;1;1;[0.9619];[0.0119];10808.48319;100)]
4,6,10524.835942541966,0.96854,1,1,[1.],[0.05],3446.455478668213,[(3151.25537;[1.];[0.05];10488.06639;1;1;[1.];[0.05];10524.83594;100)]
3,7,12188.939087220204,0.99623,1,1,[1.],[0.05],6656.660795211792,"[(3561.72204;[0.7697];[-0.1803];12203.72771;1;0;[0.7697];[-0.1803];12203.72771;100),(4687.66570;[0.7697];[-0.1803];12203.72771;1;0;[0.7697];[-0.1803];12203.72771;100),(6381.17504;[1.];[0.05];12188.93909;1;1;[1.];[0.05];12188.93909;200)]"
0,2,18302.14669860684,0.99819,1,1,[0.9988],[0.0488],15985.355854034424,"[(3723.95086;[0.9226];[-0.0274];18431.51904;1;0;[0.9237];[-0.0263];18184.45898;100),(4950.77610;[0.9226];[-0.0274];18431.51904;1;0;[0.9237];[-0.0263];18184.45898;100),(6773.01097;[0.9204];[-0.0296];18427.60586;1;0;[0.9205];[-0.0295];18178.82317;200),(10282.51171;[0.8951];[-0.0549];18354.71383;1;0;[0.8959];[-0.0541];18097.00925;400),(15678.02286;[0.9988];[0.0488];18509.76876;1;1;[0.9988];[0.0488];18302.14670;800)]"
4,7,10786.970970617018,0.99266,1,1,[0.9896],[0.0396],7532.168388366699,"[(3561.01012;[0.6622];[-0.2878];10832.47191;1;0;[0.6622];[-0.2878];10832.47191;100),(4983.29329;[0.6622];[-0.2878];10832.47191;1;0;[0.6622];[-0.2878];10832.47191;100),(7241.22763;[0.9896];[0.0396];10786.97097;1;1;[0.9896];[0.0396];10786.97097;200)]"
5,6,9090.370680579874,0.94073,1,1,[0.9916],[0.0416],3733.8099479675293,[(3431.27227;[0.991];[0.041];9050.03152;1;1;[0.9916];[0.0416];9090.37068;100)]
3,3,11786.96724498602,0.96338,1,1,[1.],[0.05],18596.462726593018,"[(3539.49881;[0.7971];[-0.1529];12203.10119;1;0;[0.7904];[-0.1596];12197.27483;100),(4671.69738;[0.7971];[-0.1529];12203.10119;1;0;[0.7904];[-0.1596];12197.27483;100),(5225.65556;[0.7971];[-0.1529];12203.10119;1;0;[0.7904];[-0.1596];12197.27483;100),(6073.26818;[0.7971];[-0.1529];12203.10119;1;0;[0.7904];[-0.1596];12197.27483;100),(6665.72714;[0.7971];[-0.1529];12203.10119;1;0;[0.7904];[-0.1596];12197.27483;100),(7279.38604;[0.7971];[-0.1529];12203.10119;1;0;[0.7904];[-0.1596];12197.27483;100),(7765.69462;[0.883];[-0.067];11466.05037;1;0;[0.8842];[-0.0658];11443.43734;100),(8287.88733;[1.];[0.05];10328.21424;1;1;[1.];[0.05];10319.22515;100),(9215.49296;[0.9153];[-0.0347];11000.34386;1;0;[0.9151];[-0.0349];10978.30673;100),(9743.89386;[0.9291];[-0.0209];10742.47117;1;0;[0.9309];[-0.0191];10721.46947;100),(10592.17429;[0.9474];[-0.0026];10514.45637;1;0;[0.9482];[-0.0018];10498.03528;100),(11323.96340;[1.];[0.05];10416.98634;1;1;[1.];[0.05];10406.55716;100),(11639.40239;[0.9407];[-0.0093];10491.06997;1;0;[0.9416];[-0.0084];10473.91491;100),(12048.28119;[0.94];[-0.01];10480.11288;1;0;[0.9406];[-0.0094];10462.80945;100),(12758.51488;[1.];[0.05];10423.73774;1;1;[1.];[0.05];10413.40725;100),(13126.85895;[0.9393];[-0.0107];10464.44648;1;0;[0.9397];[-0.0103];10447.06783;100),(13825.43826;[1.];[0.05];10424.04382;1;1;[1.];[0.05];10413.76836;100),(14441.76054;[1.];[0.05];10424.04382;1;1;[1.];[0.05];10413.76836;100),(14841.84647;[0.9386];[-0.0114];10459.99856;1;0;[0.9392];[-0.0108];10442.57081;100),(15507.33876;[1.];[0.05];10424.93037;1;1;[1.];[0.05];10414.57723;100),(16033.46300;[1.];[0.05];10424.93037;1;1;[1.];[0.05];10414.57723;100),(16605.70526;[1.];[0.05];10424.93037;1;1;[1.];[0.05];10414.57723;100),(18360.30388;[1.];[0.05];11761.89917;1;1;[1.];[0.05];11786.96724;200)]"
1,8,15244.455394126384,0.95286,1,1,[0.9524],[0.0024],39464.02621269226,"[(3623.35730;[0.8798];[-0.0702];16253.77072;1;0;[0.8723];[-0.0777];15885.29087;100),(4831.30932;[0.8798];[-0.0702];16253.77072;1;0;[0.8723];[-0.0777];15885.29087;100),(6959.18536;[0.8798];[-0.0702];16253.77072;1;0;[0.8723];[-0.0777];15885.29087;200),(9681.13232;[0.9];[-0.05];16282.74479;1;0;[0.8911];[-0.0589];15924.41945;400),(14992.40708;[0.893];[-0.057];16276.87405;1;0;[0.8846];[-0.0654];15916.06220;800),(17662.57739;[0.893];[-0.057];16276.87405;1;0;[0.8846];[-0.0654];15916.06220;800),(20744.44246;[0.893];[-0.057];16276.87405;1;0;[0.8846];[-0.0654];15916.06220;800),(23716.57276;[0.893];[-0.057];16276.87405;1;0;[0.8846];[-0.0654];15916.06220;800),(26818.75777;[0.893];[-0.057];16276.87405;1;0;[0.8846];[-0.0654];15916.06220;800),(30031.52156;[0.893];[-0.057];16276.87405;1;0;[0.8846];[-0.0654];15916.06220;800),(33422.82557;[0.893];[-0.057];16276.87405;1;0;[0.8846];[-0.0654];15916.06220;800),(37148.50616;[0.893];[-0.057];16276.87405;1;0;[0.8846];[-0.0654];15916.06220;800),(37851.55940;[0.939];[-0.011];15792.64020;1;0;[0.9374];[-0.0126];15488.44745;800),(38384.54223;[0.9656];[0.0156];15140.99706;1;1;[0.9639];[0.0139];14915.08235;800),(39092.34953;[0.9549];[0.0049];15513.99882;1;1;[0.9524];[0.0024];15244.45539;800)]"
1,10,15127.476843147819,0.94555,1,1,[0.9564],[0.0064],39733.04033279419,"[(3434.70359;[0.8387];[-0.1113];16092.58336;1;0;[0.846];[-0.104];15784.48817;100),(4482.14102;[0.8387];[-0.1113];16092.58336;1;0;[0.846];[-0.104];15784.48817;100),(6732.95140;[0.8433];[-0.1067];16106.53725;1;0;[0.8473];[-0.1027];15802.97504;200),(9850.42810;[0.8498];[-0.1002];16126.96821;1;0;[0.8539];[-0.0961];15825.88819;400),(14953.11880;[0.8825];[-0.0675];16204.92032;1;0;[0.8846];[-0.0654];15916.06220;800),(17609.44653;[0.8825];[-0.0675];16204.92032;1;0;[0.8846];[-0.0654];15916.06220;800),(20700.54054;[0.8825];[-0.0675];16204.92032;1;0;[0.8846];[-0.0654];15916.06220;800),(23644.80400;[0.8825];[-0.0675];16204.92032;1;0;[0.8846];[-0.0654];15916.06220;800),(26758.07476;[0.8825];[-0.0675];16204.92032;1;0;[0.8846];[-0.0654];15916.06220;800),(29739.56180;[0.8825];[-0.0675];16204.92032;1;0;[0.8846];[-0.0654];15916.06220;800),(33247.06650;[0.8825];[-0.0675];16204.92032;1;0;[0.8846];[-0.0654];15916.06220;800),(36775.69938;[0.8825];[-0.0675];16204.92032;1;0;[0.8846];[-0.0654];15916.06220;800),(37390.34319;[0.9245];[-0.0255];15825.95975;1;0;[0.9306];[-0.0194];15589.40495;800),(38269.36173;[0.9643];[0.0143];15094.26478;1;1;[0.9635];[0.0135];14933.53858;800),(38797.16730;[0.9465];[-0.0035];15520.53980;1;0;[0.949];[-0.001];15315.38837;800),(39368.88790;[0.9554];[0.0054];15304.74598;1;1;[0.9564];[0.0064];15127.47684;800)]"
1,2,15243.6917353076,0.95282,1,1,[0.9523],[0.0023],42053.3766746521,"[(3635.05793;[0.8947];[-0.0553];16145.12375;1;0;[0.8954];[-0.0546];15927.99921;100),(4653.54300;[0.8947];[-0.0553];16145.12375;1;0;[0.8954];[-0.0546];15927.99921;100),(6517.33565;[0.8902];[-0.0598];16142.33828;1;0;[0.8911];[-0.0589];15924.41945;200),(9651.59655;[0.8636];[-0.0864];16086.06887;1;0;[0.8627];[-0.0873];15860.45280;400),(14829.31185;[0.9105];[-0.0395];16151.42205;1;0;[0.9113];[-0.0387];15938.56979;800),(18203.58014;[0.9105];[-0.0395];16151.42205;1;0;[0.9113];[-0.0387];15938.56979;800),(21626.55210;[0.9105];[-0.0395];16151.42205;1;0;[0.9113];[-0.0387];15938.56979;800),(25036.50665;[0.9105];[-0.0395];16151.42205;1;0;[0.9113];[-0.0387];15938.56979;800),(28344.96856;[0.9105];[-0.0395];16151.42205;1;0;[0.9113];[-0.0387];15938.56979;800),(31729.73037;[0.9105];[-0.0395];16151.42205;1;0;[0.9113];[-0.0387];15938.56979;800),(34661.13520;[0.9105];[-0.0395];16151.42205;1;0;[0.9113];[-0.0387];15938.56979;800),(38502.60973;[0.9105];[-0.0395];16151.42205;1;0;[0.9113];[-0.0387];15938.56979;800),(39127.05970;[0.9423];[-0.0077];15592.79385;1;0;[0.9438];[-0.0062];15397.84419;800),(39941.69688;[0.973];[0.023];14815.44197;1;1;[0.9715];[0.0215];14672.78958;800),(40763.86738;[0.9584];[0.0084];15235.18361;1;1;[0.9589];[0.0089];15064.74757;800),(41666.41426;[0.953];[0.003];15428.47367;1;1;[0.9523];[0.0023];15243.69174;800)]"
2,2,13905.803260697225,0.99982,1,1,[0.9706],[0.0206],67215.27314186096,"[(3859.32755;[0.8121];[-0.1379];14013.75591;1;0;[0.8051];[-0.1449];13810.42378;100),(5099.76554;[0.8121];[-0.1379];14013.75591;1;0;[0.8051];[-0.1449];13810.42378;100),(7372.94960;[0.8121];[-0.1379];14015.04751;1;0;[0.8049];[-0.1451];13811.55248;200),(10470.70384;[0.8011];[-0.1489];13992.52363;1;0;[0.7928];[-0.1572];13785.92539;400),(16604.36368;[0.848];[-0.102];14059.44856;1;0;[0.8471];[-0.1029];13868.47687;800),(19879.18425;[0.848];[-0.102];14059.44856;1;0;[0.8471];[-0.1029];13868.47687;800),(24053.49827;[0.848];[-0.102];14059.44856;1;0;[0.8471];[-0.1029];13868.47687;800),(27657.16529;[0.848];[-0.102];14059.44856;1;0;[0.8471];[-0.1029];13868.47687;800),(31117.04397;[0.848];[-0.102];14059.44856;1;0;[0.8471];[-0.1029];13868.47687;800),(34698.42458;[0.848];[-0.102];14059.44856;1;0;[0.8471];[-0.1029];13868.47687;800),(38836.80272;[0.848];[-0.102];14059.44856;1;0;[0.8471];[-0.1029];13868.47687;800),(42390.27786;[0.848];[-0.102];14059.44856;1;0;[0.8471];[-0.1029];13868.47687;800),(43070.52302;[0.9207];[-0.0293];13371.11834;1;0;[0.9217];[-0.0283];13213.60013;800),(43836.72309;[0.9679];[0.0179];12287.55245;1;1;[0.9668];[0.0168];12185.69378;800),(44776.94249;[0.9453];[-0.0047];12930.36166;1;0;[0.9462];[-0.0038];12802.60037;800),(45602.83160;[0.9593];[0.0093];12650.59852;1;1;[0.9593];[0.0093];12537.65304;800),(46186.69534;[0.9527];[0.0027];12790.02740;1;1;[0.9523];[0.0023];12667.12489;800),(46685.53209;[0.9485];[-0.0015];12876.30057;1;1;[0.9502];[0.0002];12751.97917;800),(47132.11536;[0.9492];[-0.0008];12837.37333;1;1;[0.9507];[0.0007];12714.95943;800),(47627.66218;[0.9522];[0.0022];12821.12260;1;1;[0.9522];[0.0022];12701.08664;800),(48212.27288;[0.9512];[0.0012];12815.67262;1;1;[0.9512];[0.0012];12691.32811;800),(48893.43762;[0.9523];[0.0023];12825.84473;1;1;[0.9524];[0.0024];12705.82283;800),(49410.38084;[0.9489];[-0.0011];12833.26685;1;1;[0.9506];[0.0006];12710.87128;800),(50195.34159;[0.9491];[-0.0009];12836.98438;1;1;[0.9506];[0.0006];12716.65215;800),(50887.88915;[0.9494];[-0.0006];12836.85841;1;1;[0.9508];[0.0008];12716.57267;800),(51451.47038;[0.9494];[-0.0006];12836.85841;1;1;[0.9508];[0.0008];12716.57267;800),(52075.31929;[0.9494];[-0.0006];12836.85841;1;1;[0.9508];[0.0008];12716.57267;800),(52786.34620;[0.9494];[-0.0006];12834.63340;1;1;[0.9507];[0.0007];12714.73187;800),(53426.91612;[0.9494];[-0.0006];12834.63340;1;1;[0.9507];[0.0007];12714.73187;800),(66854.27380;[0.9695];[0.0195];14059.90333;1;1;[0.9706];[0.0206];13905.80326;1600)]"
4,4,10708.185856189495,0.98541,1,1,[0.9734],[0.0234],54642.76361465454,"[(3315.50074;[0.8887];[-0.0613];10841.30825;1;0;[0.8862];[-0.0638];10735.36816;100),(4436.36560;[0.8887];[-0.0613];10841.30825;1;0;[0.8862];[-0.0638];10735.36816;100),(4951.45750;[0.8887];[-0.0613];10841.30825;1;0;[0.8862];[-0.0638];10735.36816;100),(5775.63977;[0.8887];[-0.0613];10841.30825;1;0;[0.8862];[-0.0638];10735.36816;100),(6378.33667;[0.8887];[-0.0613];10841.30825;1;0;[0.8862];[-0.0638];10735.36816;100),(7042.45424;[0.8887];[-0.0613];10841.30825;1;0;[0.8862];[-0.0638];10735.36816;100),(7729.02703;[0.8247];[-0.1253];10070.25347;1;0;[0.8202];[-0.1298];9968.40356;100),(8281.12245;[0.8631];[-0.0869];9326.04684;1;0;[0.8622];[-0.0878];9258.62290;100),(8880.08380;[0.8789];[-0.0711];8812.00598;1;0;[0.8762];[-0.0738];8758.94360;100),(9451.92671;[0.8776];[-0.0724];8268.07321;1;0;[0.8761];[-0.0739];8226.26581;100),(10086.29107;[0.8773];[-0.0727];8090.72155;1;0;[0.8743];[-0.0757];8052.59535;100),(10514.34183;[0.8749];[-0.0751];8077.88030;1;0;[0.8709];[-0.0791];8039.68432;100),(10986.76276;[0.8727];[-0.0773];8069.28621;1;0;[0.868];[-0.082];8030.86114;100),(11557.78050;[0.8727];[-0.0773];8069.28621;1;0;[0.868];[-0.082];8030.86114;100),(12009.77468;[0.8727];[-0.0773];8069.28621;1;0;[0.868];[-0.082];8030.86114;100),(12720.91436;[0.8887];[-0.0613];10841.30825;1;0;[0.8862];[-0.0638];10735.36816;100),(13858.27184;[0.9116];[-0.0384];10307.15159;1;0;[0.9114];[-0.0386];10220.66116;100),(14482.15532;[0.8459];[-0.1041];9805.49410;1;0;[0.8426];[-0.1074];9718.78585;100),(15577.46720;[0.8785];[-0.0715];9034.10609;1;0;[0.8746];[-0.0754];8976.85612;100),(16229.51317;[0.8727];[-0.0773];8069.28621;1;0;[0.868];[-0.082];8030.86114;100),(16905.58457;[0.8727];[-0.0773];8069.28621;1;0;[0.868];[-0.082];8030.86114;100),(17467.70358;[0.8887];[-0.0613];10841.30825;1;0;[0.8862];[-0.0638];10735.36816;100),(18547.60170;[0.9395];[-0.0105];10280.39901;1;0;[0.9378];[-0.0122];10200.25214;100),(19248.24190;[0.8475];[-0.1025];9681.12892;1;0;[0.8428];[-0.1072];9597.68517;100),(20451.77174;[0.8855];[-0.0645];8794.55878;1;0;[0.883];[-0.067];8743.48476;100),(21868.32595;[0.8727];[-0.0773];8069.28621;1;0;[0.868];[-0.082];8030.86114;100),(22701.94960;[0.8727];[-0.0773];8069.28621;1;0;[0.868];[-0.082];8030.86114;100),(23432.51419;[0.8887];[-0.0613];10841.30825;1;0;[0.8862];[-0.0638];10735.36816;100),(24470.86239;[0.9116];[-0.0384];10307.15159;1;0;[0.9114];[-0.0386];10220.66116;100),(25191.57004;[0.8459];[-0.1041];9805.49410;1;0;[0.8426];[-0.1074];9718.78585;100),(26200.54293;[0.8785];[-0.0715];9034.10609;1;0;[0.8746];[-0.0754];8976.85612;100),(27400.02608;[0.8727];[-0.0773];8069.28621;1;0;[0.868];[-0.082];8030.86114;100),(28589.13398;[0.8727];[-0.0773];8069.28621;1;0;[0.868];[-0.082];8030.86114;100),(29286.65018;[0.8887];[-0.0613];10841.30825;1;0;[0.8862];[-0.0638];10735.36816;100),(30334.62405;[0.9116];[-0.0384];10307.15159;1;0;[0.9114];[-0.0386];10220.66116;100),(31077.13699;[0.8459];[-0.1041];9805.49410;1;0;[0.8426];[-0.1074];9718.78585;100),(31959.79953;[0.8785];[-0.0715];9034.10609;1;0;[0.8746];[-0.0754];8976.85612;100),(32676.30720;[0.8727];[-0.0773];8069.28621;1;0;[0.868];[-0.082];8030.86114;100),(33683.72846;[0.8727];[-0.0773];8069.28621;1;0;[0.868];[-0.082];8030.86114;100),(34650.38753;[0.8887];[-0.0613];10841.30825;1;0;[0.8862];[-0.0638];10735.36816;100),(35787.76002;[0.9395];[-0.0105];10280.39901;1;0;[0.9378];[-0.0122];10200.25214;100),(36441.96677;[0.8459];[-0.1041];9805.49410;1;0;[0.8426];[-0.1074];9718.78585;100),(37190.09233;[0.8785];[-0.0715];9034.10609;1;0;[0.8746];[-0.0754];8976.85612;100),(37924.02315;[0.8727];[-0.0773];8069.28621;1;0;[0.868];[-0.082];8030.86114;100),(38682.86896;[0.8727];[-0.0773];8069.28621;1;0;[0.868];[-0.082];8030.86114;100),(39445.17207;[0.8887];[-0.0613];10841.30825;1;0;[0.8862];[-0.0638];10735.36816;100),(40765.66815;[0.9395];[-0.0105];10280.39901;1;0;[0.9378];[-0.0122];10200.25214;100),(41376.37496;[0.8459];[-0.1041];9805.49410;1;0;[0.8426];[-0.1074];9718.78585;100),(42366.33420;[0.8785];[-0.0715];9034.10609;1;0;[0.8746];[-0.0754];8976.85612;100),(43115.07201;[0.8727];[-0.0773];8069.28621;1;0;[0.868];[-0.082];8030.86114;100),(43916.35847;[0.8727];[-0.0773];8069.28621;1;0;[0.868];[-0.082];8030.86114;100),(44530.09295;[0.8887];[-0.0613];10841.30825;1;0;[0.8862];[-0.0638];10735.36816;100),(45598.92416;[0.9395];[-0.0105];10280.39901;1;0;[0.9378];[-0.0122];10200.25214;100),(46463.20820;[0.8459];[-0.1041];9805.49410;1;0;[0.8426];[-0.1074];9718.78585;100),(47220.83855;[0.8785];[-0.0715];9034.10609;1;0;[0.8746];[-0.0754];8976.85612;100),(47943.48717;[0.8727];[-0.0773];8069.28621;1;0;[0.868];[-0.082];8030.86114;100),(48696.66028;[0.8727];[-0.0773];8069.28621;1;0;[0.868];[-0.082];8030.86114;100),(49344.32316;[0.8887];[-0.0613];10841.30825;1;0;[0.8862];[-0.0638];10735.36816;100),(50223.73724;[0.9403];[-0.0097];10279.77016;1;0;[0.9387];[-0.0113];10199.78543;100),(50934.91173;[0.8459];[-0.1041];9805.49410;1;0;[0.8426];[-0.1074];9718.78585;100),(52192.11006;[0.8785];[-0.0715];9034.10609;1;0;[0.8746];[-0.0754];8976.85612;100),(52953.04203;[0.8727];[-0.0773];8069.28621;1;0;[0.868];[-0.082];8030.86114;100),(53543.62082;[0.8727];[-0.0773];8069.28621;1;0;[0.868];[-0.082];8030.86114;100),(54382.61318;[0.9738];[0.0238];10807.82115;1;1;[0.9734];[0.0234];10708.18586;100)]"
5,5,9365.799977628132,0.96923,1,1,[0.9633],[0.0133],52509.14025306702,"[(3259.39488;[0.5984];[-0.3516];9489.71026;1;0;[0.5993];[-0.3507];9565.73577;100),(4393.04066;[0.5984];[-0.3516];9489.71026;1;0;[0.5993];[-0.3507];9565.73577;100),(5386.29150;[0.5984];[-0.3516];9489.71026;1;0;[0.5993];[-0.3507];9565.73577;100),(5974.66421;[0.5984];[-0.3516];9489.71026;1;0;[0.5993];[-0.3507];9565.73577;100),(6664.35361;[0.5984];[-0.3516];9489.71026;1;0;[0.5993];[-0.3507];9565.73577;100),(7370.67437;[0.5984];[-0.3516];9489.71026;1;0;[0.5993];[-0.3507];9565.73577;100),(7959.83243;[0.8439];[-0.1061];8682.05524;1;0;[0.838];[-0.112];8689.27446;100),(8341.80284;[0.5856];[-0.3644];7458.47691;1;0;[0.5852];[-0.3648];7465.95175;100),(9127.94232;[0.4837];[-0.4663];7023.90360;1;0;[0.489];[-0.461];7031.17883;100),(9628.42298;[0.4187];[-0.5313];6807.25816;1;0;[0.4231];[-0.5269];6814.53055;100),(10393.92376;[0.3324];[-0.6176];6587.57791;1;0;[0.3418];[-0.6082];6594.39567;100),(10690.17434;[0.3305];[-0.6195];6579.23554;1;0;[0.3392];[-0.6108];6585.96412;100),(11402.46725;[0.2238];[-0.7262];6308.86122;1;0;[0.2293];[-0.7207];6315.08214;100),(11801.11003;[0.2229];[-0.7271];6307.10966;1;0;[0.2275];[-0.7225];6313.30465;100),(12120.89086;[0.2235];[-0.7265];6302.21775;1;0;[0.2282];[-0.7218];6308.40096;100),(12678.48611;[0.2235];[-0.7265];6302.21775;1;0;[0.2282];[-0.7218];6308.40096;100),(13443.61639;[0.8808];[-0.0692];9387.63597;1;0;[0.8789];[-0.0711];9447.98431;100),(14193.03250;[0.9306];[-0.0194];8984.56898;1;0;[0.9294];[-0.0206];9010.54183;100),(15321.14601;[0.7213];[-0.2287];8555.01403;1;0;[0.7194];[-0.2306];8563.91683;100),(16369.75980;[0.6542];[-0.2958];7972.58973;1;0;[0.6524];[-0.2976];7979.49282;100),(17953.04322;[0.5483];[-0.4017];7284.12580;1;0;[0.5507];[-0.3993];7291.92546;100),(18505.82957;[0.4269];[-0.5231];6835.43921;1;0;[0.4316];[-0.5184];6842.89562;100),(19073.13704;[0.3318];[-0.6182];6584.02815;1;0;[0.3405];[-0.6095];6590.80308;100),(19506.44708;[0.3286];[-0.6214];6573.17382;1;0;[0.3378];[-0.6122];6579.87582;100),(20011.63602;[0.323];[-0.627];6557.52025;1;0;[0.3342];[-0.6158];6564.14933;100),(20675.06289;[0.323];[-0.627];6557.52025;1;0;[0.3342];[-0.6158];6564.14933;100),(21058.01153;[0.323];[-0.627];6557.52025;1;0;[0.3342];[-0.6158];6564.14933;100),(21524.16182;[0.323];[-0.627];6557.52025;1;0;[0.3342];[-0.6158];6564.14933;100),(22240.38339;[0.8772];[-0.0728];9382.45631;1;0;[0.8745];[-0.0755];9440.84187;100),(23499.12429;[0.9306];[-0.0194];8984.56898;1;0;[0.9294];[-0.0206];9010.54183;100),(24851.01223;[0.7344];[-0.2156];8552.72128;1;0;[0.7343];[-0.2157];8561.24522;100),(25605.24559;[0.6737];[-0.2763];8100.07280;1;0;[0.6724];[-0.2776];8105.52127;100),(26316.06174;[0.323];[-0.627];6557.52025;1;0;[0.3342];[-0.6158];6564.14933;100),(27460.42562;[0.8772];[-0.0728];9382.45631;1;0;[0.8745];[-0.0755];9440.84187;100),(28493.52884;[0.9306];[-0.0194];8984.56898;1;0;[0.9294];[-0.0206];9010.54183;100),(29554.93617;[0.7344];[-0.2156];8552.72128;1;0;[0.7343];[-0.2157];8561.24522;100),(30630.12886;[0.6737];[-0.2763];8100.07280;1;0;[0.6724];[-0.2776];8105.52127;100),(31716.57228;[0.5887];[-0.3613];7474.68370;1;0;[0.59];[-0.36];7482.33402;100),(32286.35836;[0.4923];[-0.4577];7059.14181;1;0;[0.4978];[-0.4522];7066.62731;100),(32741.07981;[0.4203];[-0.5297];6813.51878;1;0;[0.4252];[-0.5248];6820.83474;100),(33679.10910;[0.3305];[-0.6195];6579.23554;1;0;[0.3392];[-0.6108];6585.96412;100),(34032.79996;[0.3305];[-0.6195];6579.23554;1;0;[0.3392];[-0.6108];6585.96412;100),(34560.53853;[0.323];[-0.627];6557.52025;1;0;[0.3342];[-0.6158];6564.14933;100),(34884.63116;[0.323];[-0.627];6557.52025;1;0;[0.3342];[-0.6158];6564.14933;100),(36013.08608;[0.9176];[-0.0324];9370.26558;1;0;[0.9155];[-0.0345];9429.12838;100),(36930.17387;[0.9478];[-0.0022];8958.06724;1;0;[0.9459];[-0.0041];8982.53554;100),(38079.13041;[0.7044];[-0.2456];8576.48687;1;0;[0.704];[-0.246];8586.53117;100),(38899.98126;[0.6793];[-0.2707];8101.98914;1;0;[0.6776];[-0.2724];8107.44707;100),(40474.97821;[0.6151];[-0.3349];7630.41730;1;0;[0.6154];[-0.3346];7637.19078;100),(41147.39513;[0.5434];[-0.4066];7265.63056;1;0;[0.5455];[-0.4045];7273.20879;100),(41633.37278;[0.4923];[-0.4577];7059.14181;1;0;[0.4978];[-0.4522];7066.62731;100),(42065.81736;[0.4203];[-0.5297];6813.49992;1;0;[0.4253];[-0.5247];6820.81276;100),(42538.19299;[0.4203];[-0.5297];6813.49992;1;0;[0.4253];[-0.5247];6820.81276;100),(42828.63903;[0.4187];[-0.5313];6807.25816;1;0;[0.4231];[-0.5269];6814.53055;100),(44140.73181;[0.948];[-0.002];9334.82849;1;0;[0.9483];[-0.0017];9391.01668;100),(44931.01716;[0.95];[0.];8957.17578;1;0;[0.9476];[-0.0024];8981.61544;100),(45740.04269;[0.7138];[-0.2362];8574.61283;1;0;[0.7123];[-0.2377];8584.75307;100),(46624.17483;[0.6791];[-0.2709];8195.95085;1;0;[0.6755];[-0.2745];8200.20685;100),(47951.92981;[0.6217];[-0.3283];7659.28101;1;0;[0.621];[-0.329];7666.35269;100),(48416.30459;[0.5483];[-0.4017];7284.12580;1;0;[0.5507];[-0.3993];7291.92546;100),(48907.06468;[0.5419];[-0.4081];7258.76516;1;0;[0.5438];[-0.4062];7266.33669;100),(49333.51755;[0.4923];[-0.4577];7059.14181;1;0;[0.4978];[-0.4522];7066.62731;100),(49657.71937;[0.4891];[-0.4609];7045.04443;1;0;[0.4953];[-0.4547];7052.41538;100),(50121.93990;[0.4854];[-0.4646];7030.78481;1;0;[0.4913];[-0.4587];7038.08270;100),(50460.43777;[0.4854];[-0.4646];7030.78481;1;0;[0.4913];[-0.4587];7038.08270;100),(50913.97214;[0.4854];[-0.4646];7030.78481;1;0;[0.4913];[-0.4587];7038.08270;100),(52202.46530;[0.963];[0.013];9311.08134;1;1;[0.9633];[0.0133];9365.79998;100)]"
4,3,10514.363979073534,0.96757,1,1,[1.],[0.05],110061.39016151428,"[(3688.86018;[0.6849];[-0.2651];10827.30803;1;0;[0.6784];[-0.2716];10824.78298;100),(5161.46374;[0.6849];[-0.2651];10827.30803;1;0;[0.6784];[-0.2716];10824.78298;100),(6090.01875;[0.6849];[-0.2651];10827.30803;1;0;[0.6784];[-0.2716];10824.78298;100),(7139.41312;[0.6849];[-0.2651];10827.30803;1;0;[0.6784];[-0.2716];10824.78298;100),(7936.28240;[0.6849];[-0.2651];10827.30803;1;0;[0.6784];[-0.2716];10824.78298;100),(8700.07229;[0.6849];[-0.2651];10827.30803;1;0;[0.6784];[-0.2716];10824.78298;100),(9182.87587;[0.8329];[-0.1171];9920.89047;1;0;[0.8296];[-0.1204];9901.59200;100),(9680.16481;[0.8651];[-0.0849];9253.78891;1;0;[0.8625];[-0.0875];9236.89094;100),(10071.20800;[0.8835];[-0.0665];8750.51974;1;0;[0.8824];[-0.0676];8739.68437;100),(10519.19413;[0.84];[-0.11];7372.36217;1;0;[0.8375];[-0.1125];7368.78300;100),(10955.42312;[0.8349];[-0.1151];7356.28817;1;0;[0.8307];[-0.1193];7352.60118;100),(11281.21853;[0.8342];[-0.1158];7352.45545;1;0;[0.8283];[-0.1217];7348.72395;100),(11784.10864;[0.8342];[-0.1158];7352.45545;1;0;[0.8283];[-0.1217];7348.72395;100),(12095.09802;[0.8321];[-0.1179];7347.40049;1;0;[0.826];[-0.124];7343.62126;100),(13054.18539;[0.6849];[-0.2651];10827.30803;1;0;[0.6784];[-0.2716];10824.78298;100),(13997.58244;[0.77];[-0.18];10366.22007;1;0;[0.7612];[-0.1888];10344.57785;100),(14875.11039;[0.8489];[-0.1011];9506.81378;1;0;[0.8468];[-0.1032];9488.65186;100),(15920.25137;[0.882];[-0.068];8880.23759;1;0;[0.8798];[-0.0702];8868.18010;100),(17034.60073;[0.88];[-0.07];8258.00649;1;0;[0.8803];[-0.0697];8250.59338;100),(17546.36860;[0.8566];[-0.0934];7610.14263;1;0;[0.8547];[-0.0953];7605.54838;100),(18027.95696;[0.84];[-0.11];7372.36217;1;0;[0.8375];[-0.1125];7368.78300;100),(18332.06701;[0.8374];[-0.1126];7370.75747;1;0;[0.8351];[-0.1149];7367.11182;100),(18751.89924;[0.8344];[-0.1156];7352.80230;1;0;[0.8287];[-0.1213];7349.07336;100),(19097.17965;[0.8342];[-0.1158];7352.45545;1;0;[0.8283];[-0.1217];7348.72395;100),(19646.89946;[0.8342];[-0.1158];7352.45545;1;0;[0.8283];[-0.1217];7348.72395;100),(19962.76641;[0.8342];[-0.1158];7352.45545;1;0;[0.8283];[-0.1217];7348.72395;100),(20966.31455;[0.6849];[-0.2651];10827.30803;1;0;[0.6784];[-0.2716];10824.78298;100),(22032.86004;[0.7742];[-0.1758];10384.17953;1;0;[0.767];[-0.183];10363.53694;100),(22938.42554;[0.9914];[0.0414];9567.70912;1;1;[0.9917];[0.0417];9558.46714;100),(23959.47337;[0.8151];[-0.1349];10047.93807;1;0;[0.8102];[-0.1398];10028.23243;100),(25273.63610;[0.8483];[-0.1017];9853.35031;1;0;[0.845];[-0.105];9835.54753;100),(25787.30154;[0.8639];[-0.0861];9272.67104;1;0;[0.8627];[-0.0873];9257.00752;100),(26307.73711;[0.8804];[-0.0696];8870.68586;1;0;[0.878];[-0.072];8858.49439;100),(27086.37428;[0.8839];[-0.0661];8601.13528;1;0;[0.8837];[-0.0663];8591.53462;100),(27641.76631;[0.8823];[-0.0677];8594.37299;1;0;[0.8823];[-0.0677];8584.69844;100),(28007.45130;[0.8802];[-0.0698];8578.87030;1;0;[0.8805];[-0.0695];8569.05267;100),(28342.65518;[0.8803];[-0.0697];8421.61214;1;0;[0.8806];[-0.0694];8413.21003;100),(29132.17902;[0.8803];[-0.0697];8421.61214;1;0;[0.8806];[-0.0694];8413.21003;100),(29492.68103;[0.8803];[-0.0697];8421.61214;1;0;[0.8806];[-0.0694];8413.21003;100),(29844.94328;[0.8803];[-0.0697];8421.61214;1;0;[0.8806];[-0.0694];8413.21003;100),(31023.15092;[0.6849];[-0.2651];10827.30803;1;0;[0.6784];[-0.2716];10824.78298;100),(31955.15084;[0.7673];[-0.1827];10317.13224;1;0;[0.7599];[-0.1901];10295.66170;100),(33181.17619;[0.8383];[-0.1117];9847.17451;1;0;[0.8361];[-0.1139];9827.75526;100),(34195.25671;[0.8704];[-0.0796];9112.61565;1;0;[0.8685];[-0.0815];9097.46348;100),(35614.09473;[0.8803];[-0.0697];8421.61214;1;0;[0.8806];[-0.0694];8413.21003;100),(37597.46909;[0.6849];[-0.2651];10827.30803;1;0;[0.6784];[-0.2716];10824.78298;100),(38406.53443;[0.7602];[-0.1898];10335.10551;1;0;[0.7525];[-0.1975];10314.46733;100),(39095.20483;[0.8418];[-0.1082];9914.68441;1;0;[0.839];[-0.111];9896.79424;100),(39800.24457;[0.8651];[-0.0849];9255.22676;1;0;[0.8627];[-0.0873];9238.36284;100),(41401.05081;[0.8861];[-0.0639];8886.89234;1;0;[0.8831];[-0.0669];8874.99773;100),(42084.96475;[0.8833];[-0.0667];8752.62041;1;0;[0.8817];[-0.0683];8741.76040;100),(42529.96635;[0.883];[-0.067];8739.22649;1;0;[0.8812];[-0.0688];8728.34847;100),(43040.48896;[0.8839];[-0.0661];8598.72561;1;0;[0.8835];[-0.0665];8589.03684;100),(43475.12031;[0.8822];[-0.0678];8592.54636;1;0;[0.8822];[-0.0678];8582.83060;100),(43875.72098;[0.8813];[-0.0687];8581.74031;1;0;[0.8818];[-0.0682];8571.97978;100),(44332.78656;[0.8811];[-0.0689];8577.29063;1;0;[0.8815];[-0.0685];8567.49851;100),(44715.77168;[0.8811];[-0.0689];8577.29063;1;0;[0.8815];[-0.0685];8567.49851;100),(45841.13479;[0.6849];[-0.2651];10827.30803;1;0;[0.6784];[-0.2716];10824.78298;100),(46767.30514;[0.7673];[-0.1827];10317.13224;1;0;[0.7599];[-0.1901];10295.66170;100),(47619.39859;[0.8485];[-0.1015];9852.53188;1;0;[0.8452];[-0.1048];9834.70651;100),(48292.35125;[0.8685];[-0.0815];9167.38770;1;0;[0.8664];[-0.0836];9151.37114;100),(49456.88915;[0.8811];[-0.0689];8577.29063;1;0;[0.8815];[-0.0685];8567.49851;100),(50192.24095;[0.8811];[-0.0689];8577.29063;1;0;[0.8815];[-0.0685];8567.49851;100),(51043.37025;[0.6849];[-0.2651];10827.30803;1;0;[0.6784];[-0.2716];10824.78298;100),(51722.45741;[0.7673];[-0.1827];10317.13224;1;0;[0.7599];[-0.1901];10295.66170;100),(52678.36022;[0.8485];[-0.1015];9852.53188;1;0;[0.8452];[-0.1048];9834.70651;100),(53468.92977;[0.8685];[-0.0815];9167.38770;1;0;[0.8664];[-0.0836];9151.37114;100),(54028.20158;[0.8811];[-0.0689];8577.29063;1;0;[0.8815];[-0.0685];8567.49851;100),(55703.09353;[0.6849];[-0.2651];10827.30803;1;0;[0.6784];[-0.2716];10824.78298;100),(56568.28809;[0.7673];[-0.1827];10317.13224;1;0;[0.7599];[-0.1901];10295.66170;100),(57470.60418;[0.8485];[-0.1015];9852.53188;1;0;[0.8452];[-0.1048];9834.70651;100),(58208.05907;[0.8685];[-0.0815];9167.38770;1;0;[0.8664];[-0.0836];9151.37114;100),(59246.64736;[0.8811];[-0.0689];8577.29063;1;0;[0.8815];[-0.0685];8567.49851;100),(60324.75305;[0.6849];[-0.2651];10827.30803;1;0;[0.6784];[-0.2716];10824.78298;100),(61583.02188;[0.7673];[-0.1827];10317.13224;1;0;[0.7599];[-0.1901];10295.66170;100),(62433.85029;[0.8298];[-0.1202];9937.14041;1;0;[0.8258];[-0.1242];9917.39665;100),(63115.48471;[0.8639];[-0.0861];9272.67104;1;0;[0.8627];[-0.0873];9257.00752;100),(63706.70319;[0.8792];[-0.0708];8995.99394;1;0;[0.8745];[-0.0755];8982.74205;100),(64044.32821;[0.8822];[-0.0678];8592.54636;1;0;[0.8822];[-0.0678];8582.83060;100),(64559.44061;[0.8813];[-0.0687];8581.74031;1;0;[0.8818];[-0.0682];8571.97978;100),(64895.01452;[0.8811];[-0.0689];8577.29063;1;0;[0.8815];[-0.0685];8567.49851;100),(65804.76904;[0.6982];[-0.2518];10801.01175;1;0;[0.6931];[-0.2569];10798.74724;100),(66823.95601;[0.7804];[-0.1696];10290.68773;1;0;[0.7717];[-0.1783];10268.95113;100),(67647.51148;[0.8353];[-0.1147];9889.42642;1;0;[0.8334];[-0.1166];9870.70850;100),(68562.95562;[0.8717];[-0.0783];9185.60606;1;0;[0.8692];[-0.0808];9169.81782;100),(69496.19436;[0.8811];[-0.0689];8577.29063;1;0;[0.8815];[-0.0685];8567.49851;100),(70238.38878;[0.6982];[-0.2518];10801.01175;1;0;[0.6931];[-0.2569];10798.74724;100),(71066.70427;[0.7742];[-0.1758];10292.38228;1;0;[0.7652];[-0.1848];10270.32514;100),(71789.49118;[0.8353];[-0.1147];9889.42642;1;0;[0.8334];[-0.1166];9870.70850;100),(72720.27636;[0.8627];[-0.0873];9275.06398;1;0;[0.8612];[-0.0888];9259.38528;100),(73502.69389;[0.8802];[-0.0698];8998.92652;1;0;[0.8754];[-0.0746];8985.69917;100),(74015.69486;[0.8814];[-0.0686];8734.97528;1;0;[0.8806];[-0.0694];8724.00203;100),(74543.77842;[0.8832];[-0.0668];8594.18588;1;0;[0.8833];[-0.0667];8584.53513;100),(74936.33223;[0.8822];[-0.0678];8592.54636;1;0;[0.8822];[-0.0678];8582.83060;100),(75287.58860;[0.8813];[-0.0687];8581.74031;1;0;[0.8818];[-0.0682];8571.97978;100),(75616.92405;[0.8811];[-0.0689];8577.29063;1;0;[0.8815];[-0.0685];8567.49851;100),(75919.51203;[0.8811];[-0.0689];8577.29063;1;0;[0.8815];[-0.0685];8567.49851;100),(76767.79985;[0.6982];[-0.2518];10779.42585;1;0;[0.6929];[-0.2571];10776.21165;100),(77751.87302;[0.7801];[-0.1699];10261.74453;1;0;[0.7714];[-0.1786];10239.38745;100),(78613.77096;[0.8425];[-0.1075];9826.45060;1;0;[0.8389];[-0.1111];9807.76743;100),(79246.08326;[0.8699];[-0.0801];9187.76558;1;0;[0.8681];[-0.0819];9171.85956;100),(80650.71940;[0.8811];[-0.0689];8577.29063;1;0;[0.8815];[-0.0685];8567.49851;100),(81408.59890;[0.6982];[-0.2518];10779.42585;1;0;[0.6929];[-0.2571];10776.21165;100),(82067.84010;[0.7707];[-0.1793];10302.84426;1;0;[0.7625];[-0.1875];10281.32104;100),(82659.91068;[0.8351];[-0.1149];9895.16844;1;0;[0.8325];[-0.1175];9876.48152;100),(83501.33228;[0.8748];[-0.0752];9280.48542;1;0;[0.8711];[-0.0789];9264.47513;100),(84161.91173;[0.8796];[-0.0704];9000.57352;1;0;[0.8749];[-0.0751];8987.32346;100),(84580.55973;[0.8834];[-0.0666];8746.66332;1;0;[0.8818];[-0.0682];8735.82646;100),(84911.70788;[0.8822];[-0.0678];8592.54636;1;0;[0.8822];[-0.0678];8582.83060;100),(85509.16791;[0.8811];[-0.0689];8577.29063;1;0;[0.8815];[-0.0685];8567.49851;100),(85914.43443;[0.8811];[-0.0689];8577.29063;1;0;[0.8815];[-0.0685];8567.49851;100),(87037.25982;[0.6975];[-0.2525];10760.98320;1;0;[0.6905];[-0.2595];10753.66666;100),(87888.78155;[0.7939];[-0.1561];10231.80934;1;0;[0.7866];[-0.1634];10212.10065;100),(88619.35687;[0.842];[-0.108];9830.31089;1;0;[0.8385];[-0.1115];9811.66369;100),(89452.04306;[0.8731];[-0.0769];9189.76710;1;0;[0.87];[-0.08];9173.96537;100),(91075.97470;[0.8811];[-0.0689];8577.29063;1;0;[0.8815];[-0.0685];8567.49851;100),(91709.84983;[0.6975];[-0.2525];10760.98320;1;0;[0.6905];[-0.2595];10753.66666;100),(92502.51174;[0.7771];[-0.1729];10280.40668;1;0;[0.7684];[-0.1816];10257.93891;100),(93326.70951;[0.8331];[-0.1169];9916.87881;1;0;[0.8298];[-0.1202];9897.53876;100),(93992.33675;[0.8585];[-0.0915];9343.22579;1;0;[0.8566];[-0.0934];9325.99430;100),(94814.56137;[0.8753];[-0.0747];9087.45759;1;0;[0.871];[-0.079];9072.98567;100),(95158.79250;[0.881];[-0.069];8874.01987;1;0;[0.8785];[-0.0715];8861.87026;100),(95613.15608;[0.8834];[-0.0666];8746.66332;1;0;[0.8818];[-0.0682];8735.82646;100),(96001.57785;[0.8823];[-0.0677];8737.72473;1;0;[0.881];[-0.069];8726.79410;100),(96624.71771;[0.8823];[-0.0677];8737.72473;1;0;[0.881];[-0.069];8726.79410;100),(96980.57008;[0.8814];[-0.0686];8734.97528;1;0;[0.8806];[-0.0694];8724.00203;100),(97314.23807;[0.8814];[-0.0686];8734.97528;1;0;[0.8806];[-0.0694];8724.00203;100),(97594.72156;[0.8814];[-0.0686];8734.97528;1;0;[0.8806];[-0.0694];8724.00203;100),(98837.65864;[0.6967];[-0.2533];10756.65478;1;0;[0.6897];[-0.2603];10748.53292;100),(99553.83396;[0.7918];[-0.1582];10246.37454;1;0;[0.7842];[-0.1658];10227.10369;100),(100370.75853;[0.8493];[-0.1007];9849.31290;1;0;[0.8459];[-0.1041];9831.48947;100),(101331.55537;[0.8666];[-0.0834];9210.96919;1;0;[0.8643];[-0.0857];9194.38229;100),(103727.70524;[0.6967];[-0.2533];10756.65478;1;0;[0.6897];[-0.2603];10748.53292;100),(104287.57620;[0.7918];[-0.1582];10246.37454;1;0;[0.7842];[-0.1658];10227.10369;100),(104862.61868;[0.8493];[-0.1007];9849.31290;1;0;[0.8459];[-0.1041];9831.48947;100),(106162.49657;[0.8666];[-0.0834];9210.96919;1;0;[0.8643];[-0.0857];9194.38229;100),(106613.01184;[0.8801];[-0.0699];8996.76960;1;0;[0.8755];[-0.0745];8983.58193;100),(107002.80094;[0.8832];[-0.0668];8744.68543;1;0;[0.8813];[-0.0687];8733.81742;100),(107450.03343;[0.8814];[-0.0686];8734.97528;1;0;[0.8806];[-0.0694];8724.00203;100),(107988.53087;[0.8814];[-0.0686];8734.97528;1;0;[0.8806];[-0.0694];8724.00203;100),(109744.19451;[1.];[0.05];10494.31279;1;1;[1.];[0.05];10514.36398;200)]"
5,3,9387.803879589215,0.97151,1,1,[0.9664],[0.0164],327770.0026035309,"[(3331.00629;[0.5418];[-0.4082];9635.39526;1;0;[0.5395];[-0.4105];9636.27181;100),(4873.84033;[0.5418];[-0.4082];9635.39526;1;0;[0.5395];[-0.4105];9636.27181;100),(5690.28187;[0.5418];[-0.4082];9635.39526;1;0;[0.5395];[-0.4105];9636.27181;100),(6314.03637;[0.5418];[-0.4082];9635.39526;1;0;[0.5395];[-0.4105];9636.27181;100),(7051.89419;[0.5418];[-0.4082];9635.39526;1;0;[0.5395];[-0.4105];9636.27181;100),(7705.01161;[0.5418];[-0.4082];9635.39526;1;0;[0.5395];[-0.4105];9636.27181;100),(8207.89504;[0.6982];[-0.2518];8493.96927;1;0;[0.6899];[-0.2601];8477.71257;100),(8826.34139;[0.6626];[-0.2874];7862.57332;1;0;[0.6542];[-0.2958];7854.36678;100),(9218.71448;[0.5968];[-0.3532];7495.76940;1;0;[0.5915];[-0.3585];7488.96863;100),(9696.79475;[0.5017];[-0.4483];7091.20497;1;0;[0.5021];[-0.4479];7086.32449;100),(10220.31093;[0.4308];[-0.5192];6858.47160;1;0;[0.4337];[-0.5163];6854.41131;100),(10831.87389;[0.3359];[-0.6141];6597.28234;1;0;[0.3412];[-0.6088];6594.08782;100),(11164.35027;[0.235];[-0.715];6341.02238;1;0;[0.2341];[-0.7159];6338.46788;100),(11809.86238;[0.2325];[-0.7175];6329.58210;1;0;[0.2313];[-0.7187];6326.94210;100),(12436.89132;[0.2298];[-0.7202];6320.17895;1;0;[0.2271];[-0.7229];6317.54531;100),(12879.05884;[0.2298];[-0.7202];6320.17895;1;0;[0.2271];[-0.7229];6317.54531;100),(13904.91271;[0.5418];[-0.4082];9635.39526;1;0;[0.5395];[-0.4105];9636.27181;100),(15116.42790;[0.6335];[-0.3165];9224.12738;1;0;[0.63];[-0.32];9208.51185;100),(16069.59391;[0.6886];[-0.2614];8622.81220;1;0;[0.6796];[-0.2704];8605.42221;100),(16723.47116;[0.6695];[-0.2805];7986.44414;1;0;[0.6608];[-0.2892];7976.54358;100),(17972.63527;[0.552];[-0.398];7299.52274;1;0;[0.5515];[-0.3985];7293.75397;100),(18799.76296;[0.4278];[-0.5222];6852.14877;1;0;[0.4323];[-0.5177];6848.11376;100),(19400.03514;[0.4215];[-0.5285];6832.07236;1;0;[0.4263];[-0.5237];6827.91218;100),(19901.28899;[0.3339];[-0.6161];6592.30113;1;0;[0.3391];[-0.6109];6589.06977;100),(20434.44061;[0.3339];[-0.6161];6592.30113;1;0;[0.3391];[-0.6109];6589.06977;100),(21458.47368;[0.5418];[-0.4082];9635.39526;1;0;[0.5395];[-0.4105];9636.27181;100),(22559.83877;[0.6307];[-0.3193];9237.76557;1;0;[0.6266];[-0.3234];9222.62785;100),(23800.85826;[0.6934];[-0.2566];8631.58670;1;0;[0.6853];[-0.2647];8615.62095;100),(25215.25502;[0.6767];[-0.2733];8009.14250;1;0;[0.6696];[-0.2804];7999.66275;100),(27054.88300;[0.5577];[-0.3923];7307.73038;1;0;[0.5569];[-0.3931];7302.37693;100),(27602.91481;[0.4307];[-0.5193];6860.36742;1;0;[0.4341];[-0.5159];6856.38503;100),(28291.98098;[0.4273];[-0.5227];6850.17368;1;0;[0.4322];[-0.5178];6846.08092;100),(28601.19629;[0.4262];[-0.5238];6846.81326;1;0;[0.4313];[-0.5187];6842.68489;100),(29176.36633;[0.4204];[-0.5296];6827.36216;1;0;[0.4251];[-0.5249];6823.15483;100),(29895.71071;[0.4204];[-0.5296];6827.36216;1;0;[0.4251];[-0.5249];6823.15483;100),(30695.79387;[0.5418];[-0.4082];9635.39526;1;0;[0.5395];[-0.4105];9636.27181;100),(31586.74479;[0.621];[-0.329];9228.76854;1;0;[0.6183];[-0.3317];9209.68739;100),(33237.37025;[0.6883];[-0.2617];8652.33924;1;0;[0.6787];[-0.2713];8635.55998;100),(33904.72364;[0.6787];[-0.2713];8118.58232;1;0;[0.6724];[-0.2776];8107.39061;100),(34720.34454;[0.4204];[-0.5296];6827.36216;1;0;[0.4251];[-0.5249];6823.15483;100),(36421.40937;[0.5418];[-0.4082];9635.39526;1;0;[0.5395];[-0.4105];9636.27181;100),(37498.61050;[0.621];[-0.329];9228.76854;1;0;[0.6183];[-0.3317];9209.68739;100),(38825.49787;[0.6883];[-0.2617];8652.33924;1;0;[0.6787];[-0.2713];8635.55998;100),(39822.93916;[0.6787];[-0.2713];8118.58232;1;0;[0.6724];[-0.2776];8107.39061;100),(41226.11356;[0.5968];[-0.3532];7495.76940;1;0;[0.5915];[-0.3585];7488.96863;100),(41651.46995;[0.4999];[-0.4501];7084.36198;1;0;[0.501];[-0.449];7079.38204;100),(42126.35851;[0.4262];[-0.5238];6846.81326;1;0;[0.4313];[-0.5187];6842.68489;100),(42583.64487;[0.4212];[-0.5288];6829.87157;1;0;[0.4263];[-0.5237];6825.64028;100),(43934.56912;[0.4204];[-0.5296];6827.36216;1;0;[0.4251];[-0.5249];6823.15483;100),(44725.76404;[0.5418];[-0.4082];9635.39526;1;0;[0.5395];[-0.4105];9636.27181;100),(45649.12534;[0.6335];[-0.3165];9224.12738;1;0;[0.63];[-0.32];9208.51185;100),(46343.14179;[0.8566];[-0.0934];8692.02158;1;0;[0.8518];[-0.0982];8684.86090;100),(47440.73558;[0.6871];[-0.2629];8137.03718;1;0;[0.6802];[-0.2698];8126.31032;100),(48523.70858;[0.4204];[-0.5296];6827.36216;1;0;[0.4251];[-0.5249];6823.15483;100),(50166.05735;[0.5418];[-0.4082];9635.39526;1;0;[0.5395];[-0.4105];9636.27181;100),(50868.05344;[0.6348];[-0.3152];9199.68270;1;0;[0.632];[-0.318];9182.78922;100),(51631.49047;[0.6887];[-0.2613];8623.31514;1;0;[0.6798];[-0.2702];8605.97279;100),(52560.37664;[0.6871];[-0.2629];8137.03718;1;0;[0.6802];[-0.2698];8126.31032;100),(54058.91180;[0.6269];[-0.3231];7668.27406;1;0;[0.6204];[-0.3296];7660.42580;100),(54829.87618;[0.5506];[-0.3994];7292.47277;1;0;[0.55];[-0.4];7286.68681;100),(55620.74447;[0.4964];[-0.4536];7071.63303;1;0;[0.4978];[-0.4522];7066.53903;100),(56278.44405;[0.4962];[-0.4538];7070.37483;1;0;[0.4976];[-0.4524];7065.32550;100),(56655.74884;[0.4953];[-0.4547];7068.26425;1;0;[0.4973];[-0.4527];7063.13654;100),(56965.03687;[0.4951];[-0.4549];7066.36081;1;0;[0.4972];[-0.4528];7061.26250;100),(57306.57768;[0.4951];[-0.4549];7066.36081;1;0;[0.4972];[-0.4528];7061.26250;100),(58256.08230;[0.5429];[-0.4071];9632.31088;1;0;[0.5406];[-0.4094];9632.63795;100),(59118.80445;[0.6436];[-0.3064];9195.85132;1;0;[0.6414];[-0.3086];9180.13913;100),(59855.43203;[0.6929];[-0.2571];8632.29028;1;0;[0.6844];[-0.2656];8616.21316;100),(60474.33019;[0.6876];[-0.2624];8230.85442;1;0;[0.6796];[-0.2704];8218.33685;100),(62143.52655;[0.6278];[-0.3222];7674.60657;1;0;[0.6212];[-0.3288];7666.82665;100),(62603.97530;[0.5514];[-0.3986];7297.73655;1;0;[0.5507];[-0.3993];7291.92546;100),(63086.53545;[0.4965];[-0.4535];7071.70702;1;0;[0.4978];[-0.4522];7066.62731;100),(63430.95803;[0.4962];[-0.4538];7070.37483;1;0;[0.4976];[-0.4524];7065.32550;100),(63764.38761;[0.4951];[-0.4549];7066.36081;1;0;[0.4972];[-0.4528];7061.26250;100),(64116.14633;[0.4951];[-0.4549];7066.36081;1;0;[0.4972];[-0.4528];7061.26250;100),(64904.12807;[0.546];[-0.404];9617.77257;1;0;[0.5439];[-0.4061];9618.23673;100),(65857.38873;[0.6371];[-0.3129];9179.67040;1;0;[0.635];[-0.315];9162.64518;100),(66772.12954;[0.689];[-0.261];8654.25071;1;0;[0.6796];[-0.2704];8637.52121;100),(67474.62010;[0.6876];[-0.2624];8235.97499;1;0;[0.6791];[-0.2709];8223.49704;100),(68102.73218;[0.4951];[-0.4549];7066.36081;1;0;[0.4972];[-0.4528];7061.26250;100),(69437.97445;[0.546];[-0.404];9617.77257;1;0;[0.5439];[-0.4061];9618.23673;100),(70053.74432;[0.6371];[-0.3129];9179.67040;1;0;[0.635];[-0.315];9162.64518;100),(71061.70273;[0.689];[-0.261];8654.25071;1;0;[0.6796];[-0.2704];8637.52121;100),(71813.76672;[0.6878];[-0.2622];8236.43815;1;0;[0.6801];[-0.2699];8223.99624;100),(72733.86884;[0.6507];[-0.2993];7833.28310;1;0;[0.6431];[-0.3069];7824.53818;100),(73098.97804;[0.5958];[-0.3542];7489.26112;1;0;[0.5896];[-0.3604];7482.37077;100),(73663.85818;[0.5506];[-0.3994];7292.47277;1;0;[0.55];[-0.4];7286.68681;100),(74122.35761;[0.4951];[-0.4549];7066.36081;1;0;[0.4972];[-0.4528];7061.26250;100),(75342.49854;[0.553];[-0.397];9586.86913;1;0;[0.5507];[-0.3993];9581.37013;100),(76073.19021;[0.6465];[-0.3035];9181.10095;1;0;[0.6449];[-0.3051];9164.97415;100),(77025.94900;[0.8537];[-0.0963];8683.81348;1;0;[0.8486];[-0.1014];8676.50072;100),(77777.13466;[0.6952];[-0.2548];8254.40580;1;0;[0.6875];[-0.2625];8242.46365;100),(78961.26962;[0.6526];[-0.2974];7839.33755;1;0;[0.6449];[-0.3051];7830.74060;100),(79510.53882;[0.5965];[-0.3535];7492.44599;1;0;[0.5908];[-0.3592];7485.66320;100),(79864.36057;[0.5514];[-0.3986];7297.73655;1;0;[0.5507];[-0.3993];7291.92546;100),(80330.02424;[0.5492];[-0.4008];7287.35050;1;0;[0.5483];[-0.4017];7281.47322;100),(80914.65521;[0.5464];[-0.4036];7275.93427;1;0;[0.5449];[-0.4051];7270.00345;100),(81476.16696;[0.5461];[-0.4039];7273.87165;1;0;[0.5447];[-0.4053];7267.96644;100),(81963.68504;[0.5461];[-0.4039];7273.87165;1;0;[0.5447];[-0.4053];7267.96644;100),(82840.24906;[0.5519];[-0.3981];9590.89326;1;0;[0.5497];[-0.4003];9584.61363;100),(84123.48676;[0.6351];[-0.3149];9158.67265;1;0;[0.6322];[-0.3178];9140.75905;100),(84786.38792;[0.6933];[-0.2567];8632.10777;1;0;[0.6853];[-0.2647];8616.10977;100),(85468.07742;[0.6858];[-0.2642];8130.68132;1;0;[0.6789];[-0.2711];8119.92000;100),(86204.32425;[0.5461];[-0.4039];7273.87165;1;0;[0.5447];[-0.4053];7267.96644;100),(87190.21821;[0.5452];[-0.4048];7271.90044;1;0;[0.5438];[-0.4062];7265.91894;100),(87797.27530;[0.5519];[-0.3981];9590.89326;1;0;[0.5497];[-0.4003];9584.61363;100),(89210.58369;[0.6351];[-0.3149];9158.67265;1;0;[0.6322];[-0.3178];9140.75905;100),(89880.20205;[0.6933];[-0.2567];8632.10777;1;0;[0.6853];[-0.2647];8616.10977;100),(90901.30115;[0.6858];[-0.2642];8130.68132;1;0;[0.6789];[-0.2711];8119.92000;100),(91567.32225;[0.5452];[-0.4048];7271.90044;1;0;[0.5438];[-0.4062];7265.91894;100),(92930.11808;[0.5519];[-0.3981];9590.89326;1;0;[0.5497];[-0.4003];9584.61363;100),(94073.86112;[0.6355];[-0.3145];9156.43407;1;0;[0.632];[-0.318];9138.57333;100),(95120.59760;[0.6933];[-0.2567];8632.10777;1;0;[0.6853];[-0.2647];8616.10977;100),(95913.63120;[0.6858];[-0.2642];8130.68132;1;0;[0.6789];[-0.2711];8119.92000;100),(97855.30400;[0.5519];[-0.3981];9590.89326;1;0;[0.5497];[-0.4003];9584.61363;100),(99273.93889;[0.6355];[-0.3145];9156.43407;1;0;[0.632];[-0.318];9138.57333;100),(100105.47805;[0.6875];[-0.2625];8680.13449;1;0;[0.6795];[-0.2705];8666.12066;100),(100876.17183;[0.6926];[-0.2574];8328.76898;1;0;[0.6845];[-0.2655];8315.03057;100),(101674.79277;[0.6605];[-0.2895];7850.36311;1;0;[0.6521];[-0.2979];7842.20009;100),(102027.32491;[0.6267];[-0.3233];7666.44781;1;0;[0.6196];[-0.3304];7658.55398;100),(102500.33593;[0.5943];[-0.3557];7480.52337;1;0;[0.587];[-0.363];7473.61286;100),(102818.62044;[0.5492];[-0.4008];7287.35050;1;0;[0.5483];[-0.4017];7281.47322;100),(103549.07656;[0.5492];[-0.4008];7287.35050;1;0;[0.5483];[-0.4017];7281.47322;100),(104021.68345;[0.5461];[-0.4039];7273.87165;1;0;[0.5447];[-0.4053];7267.96644;100),(104454.26488;[0.5452];[-0.4048];7271.90044;1;0;[0.5438];[-0.4062];7265.91894;100),(105049.78347;[0.5563];[-0.3937];9580.08936;1;0;[0.5534];[-0.3966];9573.50421;100),(105976.42565;[0.6519];[-0.2981];9123.12632;1;0;[0.6494];[-0.3006];9107.91508;100),(107367.30385;[0.6883];[-0.2617];8652.33924;1;0;[0.6787];[-0.2713];8635.55998;100),(108255.61357;[0.6871];[-0.2629];8222.54560;1;0;[0.6783];[-0.2717];8210.01314;100),(109220.95990;[0.5452];[-0.4048];7271.90044;1;0;[0.5438];[-0.4062];7265.91894;100),(110571.12312;[0.5563];[-0.3937];9580.08936;1;0;[0.5534];[-0.3966];9573.50421;100),(111550.57240;[0.6525];[-0.2975];9130.90333;1;0;[0.6492];[-0.3008];9113.42917;100),(112739.48860;[0.6883];[-0.2617];8652.33924;1;0;[0.6787];[-0.2713];8635.55998;100),(113648.43631;[0.6871];[-0.2629];8222.54560;1;0;[0.6783];[-0.2717];8210.01314;100),(115929.27313;[0.5563];[-0.3937];9580.08936;1;0;[0.5534];[-0.3966];9573.50421;100),(116840.40332;[0.6519];[-0.2981];9123.12632;1;0;[0.6494];[-0.3006];9107.91508;100),(118061.03849;[0.6883];[-0.2617];8652.33924;1;0;[0.6787];[-0.2713];8635.55998;100),(118685.40072;[0.6931];[-0.2569];8337.35060;1;0;[0.6849];[-0.2651];8323.71978;100),(119885.08272;[0.6679];[-0.2821];7981.73773;1;0;[0.6597];[-0.2903];7971.68755;100),(120529.43969;[0.628];[-0.322];7673.73766;1;0;[0.6213];[-0.3287];7665.94035;100),(120877.30360;[0.5962];[-0.3538];7491.69667;1;0;[0.5907];[-0.3593];7484.88451;100),(121423.59996;[0.5492];[-0.4008];7287.35050;1;0;[0.5483];[-0.4017];7281.47322;100),(122325.28949;[0.5492];[-0.4008];7287.35050;1;0;[0.5483];[-0.4017];7281.47322;100),(122693.38965;[0.5492];[-0.4008];7287.35050;1;0;[0.5483];[-0.4017];7281.47322;100),(124044.11578;[0.5712];[-0.3788];9525.30861;1;0;[0.568];[-0.382];9519.52374;100),(124939.58592;[0.6653];[-0.2847];9091.74731;1;0;[0.6592];[-0.2908];9076.63753;100),(125707.40223;[0.6864];[-0.2636];8614.64755;1;0;[0.6782];[-0.2718];8597.10427;100),(126347.84818;[0.6878];[-0.2622];8236.43815;1;0;[0.6801];[-0.2699];8223.99624;100),(126982.07498;[0.5492];[-0.4008];7287.35050;1;0;[0.5483];[-0.4017];7281.47322;100),(129015.85650;[0.5712];[-0.3788];9525.30861;1;0;[0.568];[-0.382];9519.52374;100),(129671.55552;[0.6653];[-0.2847];9091.74731;1;0;[0.6592];[-0.2908];9076.63753;100),(130693.24994;[0.6864];[-0.2636];8614.64755;1;0;[0.6782];[-0.2718];8597.10427;100),(131442.35444;[0.6878];[-0.2622];8236.43815;1;0;[0.6801];[-0.2699];8223.99624;100),(133232.88131;[0.5492];[-0.4008];7287.35050;1;0;[0.5483];[-0.4017];7281.47322;100),(134280.23553;[0.5712];[-0.3788];9525.30861;1;0;[0.568];[-0.382];9519.52374;100),(134895.70761;[0.6653];[-0.2847];9091.74731;1;0;[0.6592];[-0.2908];9076.63753;100),(135661.08894;[0.6882];[-0.2618];8657.71662;1;0;[0.6785];[-0.2715];8640.96368;100),(136557.78241;[0.699];[-0.251];8354.38651;1;0;[0.6923];[-0.2577];8341.21428;100),(137143.21470;[0.6738];[-0.2762];7991.68205;1;0;[0.6662];[-0.2838];7982.07320;100),(137600.77262;[0.6517];[-0.2983];7835.37077;1;0;[0.6443];[-0.3057];7826.70914;100),(138035.35008;[0.6271];[-0.3229];7672.51050;1;0;[0.6206];[-0.3294];7664.62960;100),(138492.46287;[0.6267];[-0.3233];7666.44781;1;0;[0.6196];[-0.3304];7658.55398;100),(138998.79646;[0.5949];[-0.3551];7485.44208;1;0;[0.5888];[-0.3612];7478.54078;100),(139340.78526;[0.5943];[-0.3557];7480.52337;1;0;[0.587];[-0.363];7473.61286;100),(139663.87987;[0.5942];[-0.3558];7479.03486;1;0;[0.5872];[-0.3628];7472.15694;100),(140074.91970;[0.5936];[-0.3564];7477.18748;1;0;[0.5863];[-0.3637];7470.22878;100),(141472.84770;[0.5796];[-0.3704];9461.72296;1;0;[0.5756];[-0.3744];9454.86484;100),(142587.31580;[0.6726];[-0.2774];9053.32255;1;0;[0.6656];[-0.2844];9037.88815;100),(143316.36500;[0.6933];[-0.2567];8632.10777;1;0;[0.6853];[-0.2647];8616.10977;100),(144396.90757;[0.6946];[-0.2554];8250.05407;1;0;[0.687];[-0.263];8238.00810;100),(146834.83934;[0.5796];[-0.3704];9461.72296;1;0;[0.5756];[-0.3744];9454.86484;100),(148117.87224;[0.6726];[-0.2774];9053.32255;1;0;[0.6656];[-0.2844];9037.88815;100),(148758.89444;[0.6933];[-0.2567];8632.10777;1;0;[0.6853];[-0.2647];8616.10977;100),(149871.78969;[0.6946];[-0.2554];8250.05407;1;0;[0.687];[-0.263];8238.00810;100),(150271.13008;[0.6742];[-0.2758];7994.10526;1;0;[0.6671];[-0.2829];7984.53121;100),(150727.45919;[0.6269];[-0.3231];7668.27406;1;0;[0.6204];[-0.3296];7660.42580;100),(151103.85633;[0.6267];[-0.3233];7666.44781;1;0;[0.6196];[-0.3304];7658.55398;100),(151645.41054;[0.626];[-0.324];7663.37727;1;0;[0.6191];[-0.3309];7655.43720;100),(152012.81428;[0.6232];[-0.3268];7653.34088;1;0;[0.6182];[-0.3318];7645.34374;100),(152478.49107;[0.622];[-0.328];7649.41679;1;0;[0.6168];[-0.3332];7641.37309;100),(153182.82747;[0.5815];[-0.3685];9443.41651;1;0;[0.5773];[-0.3727];9432.52723;100),(154156.45385;[0.6538];[-0.2962];9016.08106;1;0;[0.6501];[-0.2999];8997.73673;100),(154823.39406;[0.7013];[-0.2487];8518.42989;1;0;[0.6933];[-0.2567];8503.98787;100),(155885.27799;[0.678];[-0.272];8120.10065;1;0;[0.6721];[-0.2779];8108.89283;100),(156311.29241;[0.6695];[-0.2805];7986.13736;1;0;[0.6606];[-0.2894];7976.17996;100),(156704.04077;[0.6517];[-0.2983];7835.37077;1;0;[0.6443];[-0.3057];7826.70914;100),(157346.29750;[0.6259];[-0.3241];7664.10573;1;0;[0.6192];[-0.3308];7656.12942;100),(158049.84760;[0.6232];[-0.3268];7653.34088;1;0;[0.6182];[-0.3318];7645.34374;100),(159695.69182;[0.582];[-0.368];9440.40216;1;0;[0.578];[-0.372];9428.65492;100),(160614.08687;[0.6538];[-0.2962];9016.08106;1;0;[0.6501];[-0.2999];8997.73673;100),(161903.38707;[0.6917];[-0.2583];8600.75550;1;0;[0.6831];[-0.2669];8584.05224;100),(162733.38771;[0.6868];[-0.2632];8135.81583;1;0;[0.6789];[-0.2711];8125.02335;100),(163102.22983;[0.6693];[-0.2807];7987.48086;1;0;[0.66];[-0.29];7977.50230;100),(163520.40911;[0.6519];[-0.2981];7835.97672;1;0;[0.6442];[-0.3058];7827.34881;100),(163885.20789;[0.6507];[-0.2993];7833.28310;1;0;[0.6431];[-0.3069];7824.53818;100),(164250.88835;[0.6497];[-0.3003];7825.67606;1;0;[0.6421];[-0.3079];7816.91337;100),(164629.92597;[0.6488];[-0.3012];7822.45074;1;0;[0.6416];[-0.3084];7813.64102;100),(165074.52178;[0.6488];[-0.3012];7822.45074;1;0;[0.6416];[-0.3084];7813.64102;100),(166018.28694;[0.5922];[-0.3578];9434.36029;1;0;[0.5874];[-0.3626];9423.28456;100),(166770.83349;[0.6618];[-0.2882];8988.41172;1;0;[0.6567];[-0.2933];8969.78899;100),(167462.10837;[0.6964];[-0.2536];8574.11280;1;0;[0.6877];[-0.2623];8558.04081;100),(168743.90841;[0.6877];[-0.2623];8231.87031;1;0;[0.6797];[-0.2703];8219.40224;100),(169269.24849;[0.6742];[-0.2758];7994.10526;1;0;[0.6671];[-0.2829];7984.53121;100),(169604.14314;[0.6682];[-0.2818];7979.63575;1;0;[0.6598];[-0.2902];7969.62017;100),(169900.24853;[0.6497];[-0.3003];7825.67606;1;0;[0.6421];[-0.3079];7816.91337;100),(170501.38426;[0.6497];[-0.3003];7825.67606;1;0;[0.6421];[-0.3079];7816.91337;100),(170809.26108;[0.6488];[-0.3012];7822.45074;1;0;[0.6416];[-0.3084];7813.64102;100),(171227.77915;[0.6488];[-0.3012];7822.45074;1;0;[0.6416];[-0.3084];7813.64102;100),(171835.72555;[0.5973];[-0.3527];9413.96016;1;0;[0.5919];[-0.3581];9402.52299;100),(172734.75933;[0.6618];[-0.2882];8988.41172;1;0;[0.6567];[-0.2933];8969.78899;100),(173553.19118;[0.696];[-0.254];8574.93276;1;0;[0.6876];[-0.2624];8558.87224;100),(174208.92954;[0.6881];[-0.2619];8235.72767;1;0;[0.6807];[-0.2693];8223.35813;100),(174571.83051;[0.6784];[-0.2716];8116.68770;1;0;[0.6719];[-0.2781];8105.44911;100),(175036.41367;[0.6689];[-0.2811];7981.34474;1;0;[0.66];[-0.29];7971.37681;100),(175359.02858;[0.6497];[-0.3003];7825.67606;1;0;[0.6421];[-0.3079];7816.91337;100),(175758.37755;[0.6497];[-0.3003];7825.67606;1;0;[0.6421];[-0.3079];7816.91337;100),(176054.90661;[0.6488];[-0.3012];7822.45074;1;0;[0.6416];[-0.3084];7813.64102;100),(176446.25378;[0.6488];[-0.3012];7822.45074;1;0;[0.6416];[-0.3084];7813.64102;100),(177228.99365;[0.6013];[-0.3487];9400.13688;1;0;[0.597];[-0.353];9387.86574;100),(178028.62644;[0.6724];[-0.2776];8969.14552;1;0;[0.6659];[-0.2841];8953.62379;100),(178686.25426;[0.6975];[-0.2525];8495.45565;1;0;[0.6891];[-0.2609];8479.19001;100),(179293.08271;[0.6488];[-0.3012];7822.45074;1;0;[0.6416];[-0.3084];7813.64102;100),(180551.55063;[0.6165];[-0.3335];9348.54825;1;0;[0.6141];[-0.3359];9338.66857;100),(181182.32656;[0.6724];[-0.2776];8969.14552;1;0;[0.6659];[-0.2841];8953.62379;100),(181854.52127;[0.6975];[-0.2525];8495.45565;1;0;[0.6891];[-0.2609];8479.19001;100),(183190.16266;[0.6878];[-0.2622];8236.43815;1;0;[0.6801];[-0.2699];8223.99624;100),(183574.00942;[0.6782];[-0.2718];8117.80497;1;0;[0.6718];[-0.2782];8106.56567;100),(183876.50919;[0.6695];[-0.2805];7986.13736;1;0;[0.6606];[-0.2894];7976.17996;100),(184446.29788;[0.6497];[-0.3003];7825.67606;1;0;[0.6421];[-0.3079];7816.91337;100),(184808.06661;[0.6497];[-0.3003];7825.67606;1;0;[0.6421];[-0.3079];7816.91337;100),(185222.80812;[0.6488];[-0.3012];7822.45074;1;0;[0.6416];[-0.3084];7813.64102;100),(185534.38044;[0.6488];[-0.3012];7822.45074;1;0;[0.6416];[-0.3084];7813.64102;100),(186664.96682;[0.605];[-0.345];9369.86327;1;0;[0.6009];[-0.3491];9357.27563;100),(187668.83588;[0.6722];[-0.2778];8970.06366;1;0;[0.6656];[-0.2844];8954.52207;100),(188506.52695;[0.691];[-0.259];8592.50212;1;0;[0.6829];[-0.2671];8575.68249;100),(189466.68983;[0.6944];[-0.2556];8249.11983;1;0;[0.6869];[-0.2631];8237.10688;100),(189942.02852;[0.6785];[-0.2715];8119.11296;1;0;[0.6725];[-0.2775];8107.92160;100),(190303.15948;[0.6695];[-0.2805];7986.44414;1;0;[0.6608];[-0.2892];7976.54358;100),(190791.52966;[0.6678];[-0.2822];7980.00342;1;0;[0.6594];[-0.2906];7969.95275;100),(191244.32516;[0.6673];[-0.2827];7977.62289;1;0;[0.659];[-0.291];7967.52231;100),(191763.34167;[0.666];[-0.284];7968.01523;1;0;[0.6572];[-0.2928];7957.89434;100),(192544.10148;[0.666];[-0.284];7968.01523;1;0;[0.6572];[-0.2928];7957.89434;100),(193694.22054;[0.6278];[-0.3222];9284.63218;1;0;[0.6247];[-0.3253];9273.22895;100),(194440.45830;[0.68];[-0.27];8937.67840;1;0;[0.6722];[-0.2778];8921.84909;100),(195046.17763;[0.7008];[-0.2492];8516.26508;1;0;[0.6931];[-0.2569];8501.84201;100),(195760.48684;[0.666];[-0.284];7968.01523;1;0;[0.6572];[-0.2928];7957.89434;100),(197393.92042;[0.6278];[-0.3222];9284.63218;1;0;[0.6247];[-0.3253];9273.22895;100),(198211.32946;[0.68];[-0.27];8937.67840;1;0;[0.6722];[-0.2778];8921.84909;100),(199099.25508;[0.7008];[-0.2492];8516.26508;1;0;[0.6931];[-0.2569];8501.84201;100),(200243.17503;[0.6926];[-0.2574];8328.76898;1;0;[0.6845];[-0.2655];8315.03057;100),(200805.04513;[0.6779];[-0.2721];8120.17647;1;0;[0.6713];[-0.2787];8108.93081;100),(201249.28069;[0.6775];[-0.2725];8108.49267;1;0;[0.6705];[-0.2795];8097.18923;100),(201610.00896;[0.6689];[-0.2811];7981.34474;1;0;[0.66];[-0.29];7971.37681;100),(201991.96196;[0.6673];[-0.2827];7977.62289;1;0;[0.659];[-0.291];7967.52231;100),(203100.18778;[0.666];[-0.284];7968.01523;1;0;[0.6572];[-0.2928];7957.89434;100),(204508.69060;[0.6041];[-0.3459];9288.14811;1;0;[0.5997];[-0.3503];9271.30135;100),(205224.05148;[0.67];[-0.28];8954.23232;1;0;[0.6633];[-0.2867];8937.96898;100),(205925.24552;[0.7013];[-0.2487];8518.42989;1;0;[0.6933];[-0.2567];8503.98787;100),(207268.55755;[0.6934];[-0.2566];8335.75022;1;0;[0.6849];[-0.2651];8322.07504;100),(207694.35596;[0.6878];[-0.2622];8231.84846;1;0;[0.6801];[-0.2699];8219.41839;100),(208032.04846;[0.6787];[-0.2713];8116.72016;1;0;[0.6724];[-0.2776];8105.52127;100),(208379.26912;[0.6689];[-0.2811];7981.34474;1;0;[0.66];[-0.29];7971.37681;100),(208774.05381;[0.6673];[-0.2827];7977.62289;1;0;[0.659];[-0.291];7967.52231;100),(209830.04379;[0.6673];[-0.2827];7977.62289;1;0;[0.659];[-0.291];7967.52231;100),(210470.23892;[0.6122];[-0.3378];9287.73187;1;0;[0.6089];[-0.3411];9270.63329;100),(211183.86507;[0.684];[-0.266];8923.81274;1;0;[0.6756];[-0.2744];8907.52843;100),(211870.93639;[0.6946];[-0.2554];8565.65338;1;0;[0.6866];[-0.2634];8549.43015;100),(212486.80997;[0.6673];[-0.2827];7977.62289;1;0;[0.659];[-0.291];7967.52231;100),(214388.18622;[0.6122];[-0.3378];9287.73187;1;0;[0.6089];[-0.3411];9270.63329;100),(215272.29381;[0.684];[-0.266];8923.81274;1;0;[0.6756];[-0.2744];8907.52843;100),(215827.17466;[0.6946];[-0.2554];8565.65338;1;0;[0.6866];[-0.2634];8549.43015;100),(217314.96167;[0.6927];[-0.2573];8336.34763;1;0;[0.6846];[-0.2654];8322.63479;100),(217703.08805;[0.688];[-0.262];8235.53464;1;0;[0.6804];[-0.2696];8223.11412;100),(218011.23905;[0.6792];[-0.2708];8117.18472;1;0;[0.6727];[-0.2773];8106.01505;100),(218424.23153;[0.6689];[-0.2811];7981.34474;1;0;[0.66];[-0.29];7971.37681;100),(218854.67386;[0.6678];[-0.2822];7980.00342;1;0;[0.6594];[-0.2906];7969.95275;100),(219223.76060;[0.6673];[-0.2827];7977.62289;1;0;[0.659];[-0.291];7967.52231;100),(220105.86286;[0.6673];[-0.2827];7977.62289;1;0;[0.659];[-0.291];7967.52231;100),(220387.25734;[0.6673];[-0.2827];7977.62289;1;0;[0.659];[-0.291];7967.52231;100),(221058.34627;[0.6176];[-0.3324];9266.88388;1;0;[0.614];[-0.336];9249.32892;100),(221827.65007;[0.683];[-0.267];8924.09824;1;0;[0.6747];[-0.2753];8907.70445;100),(222681.73838;[0.6964];[-0.2536];8574.11280;1;0;[0.6877];[-0.2623];8558.04081;100),(223348.11807;[0.6673];[-0.2827];7977.62289;1;0;[0.659];[-0.291];7967.52231;100),(224433.24232;[0.6673];[-0.2827];7977.62289;1;0;[0.659];[-0.291];7967.52231;100),(225143.38756;[0.622];[-0.328];9244.12992;1;0;[0.6201];[-0.3299];9225.75055;100),(225788.16199;[0.6896];[-0.2604];8880.20887;1;0;[0.6822];[-0.2678];8864.36818;100),(226655.93052;[0.6971];[-0.2529];8488.30747;1;0;[0.6889];[-0.2611];8471.95248;100),(227321.51484;[0.6673];[-0.2827];7977.62289;1;0;[0.659];[-0.291];7967.52231;100),(229408.80346;[0.622];[-0.328];9244.12992;1;0;[0.6201];[-0.3299];9225.75055;100),(229956.29573;[0.6896];[-0.2604];8880.20887;1;0;[0.6822];[-0.2678];8864.36818;100),(230851.42756;[0.6971];[-0.2529];8488.30747;1;0;[0.6889];[-0.2611];8471.95248;100),(232811.02562;[0.6673];[-0.2827];7977.62289;1;0;[0.659];[-0.291];7967.52231;100),(233591.45379;[0.622];[-0.328];9244.12992;1;0;[0.6201];[-0.3299];9225.75055;100),(234294.57951;[0.683];[-0.267];8924.09824;1;0;[0.6747];[-0.2753];8907.70445;100),(235154.99353;[0.6964];[-0.2536];8574.11280;1;0;[0.6877];[-0.2623];8558.04081;100),(235759.95922;[0.6925];[-0.2575];8338.23743;1;0;[0.6845];[-0.2655];8324.55181;100),(236248.94047;[0.6881];[-0.2619];8235.72767;1;0;[0.6807];[-0.2693];8223.35813;100),(236755.94258;[0.6792];[-0.2708];8117.18472;1;0;[0.6727];[-0.2773];8106.01505;100),(237241.66512;[0.6775];[-0.2725];8108.49267;1;0;[0.6705];[-0.2795];8097.18923;100),(237647.40777;[0.6678];[-0.2822];7980.00342;1;0;[0.6594];[-0.2906];7969.95275;100),(238155.92408;[0.6673];[-0.2827];7977.62289;1;0;[0.659];[-0.291];7967.52231;100),(238605.34859;[0.6673];[-0.2827];7977.62289;1;0;[0.659];[-0.291];7967.52231;100),(238887.54869;[0.6673];[-0.2827];7977.62289;1;0;[0.659];[-0.291];7967.52231;100),(239618.88099;[0.6373];[-0.3127];9177.32702;1;0;[0.6351];[-0.3149];9160.37322;100),(240424.90625;[0.6873];[-0.2627];8859.88081;1;0;[0.6792];[-0.2708];8843.27410;100),(241121.17314;[0.6982];[-0.2518];8493.96927;1;0;[0.6899];[-0.2601];8477.71257;100),(242523.85521;[0.6673];[-0.2827];7977.62289;1;0;[0.659];[-0.291];7967.52231;100),(243582.85666;[0.6373];[-0.3127];9177.32702;1;0;[0.6351];[-0.3149];9160.37322;100),(244196.65170;[0.681];[-0.269];8905.04058;1;0;[0.6724];[-0.2776];8887.86135;100),(244787.60505;[0.6959];[-0.2541];8575.77882;1;0;[0.6875];[-0.2625];8559.70023;100),(245452.82435;[0.6977];[-0.2523];8346.60564;1;0;[0.6907];[-0.2593];8333.41449;100),(245908.22363;[0.6878];[-0.2622];8236.08694;1;0;[0.6798];[-0.2702];8223.65962;100),(246252.52414;[0.6878];[-0.2622];8231.84846;1;0;[0.6801];[-0.2699];8219.41839;100),(246721.17376;[0.6784];[-0.2716];8116.68770;1;0;[0.6719];[-0.2781];8105.44911;100),(247013.09109;[0.6775];[-0.2725];8108.49267;1;0;[0.6705];[-0.2795];8097.18923;100),(247365.91196;[0.6775];[-0.2725];8108.49267;1;0;[0.6705];[-0.2795];8097.18923;100),(247998.53253;[0.677];[-0.273];8105.38559;1;0;[0.6697];[-0.2803];8094.03303;100),(248611.21941;[0.6489];[-0.3011];9146.99826;1;0;[0.6467];[-0.3033];9130.15575;100),(249522.14050;[0.6866];[-0.2634];8861.52792;1;0;[0.6785];[-0.2715];8844.86082;100),(250350.79694;[0.6981];[-0.2519];8494.73781;1;0;[0.6898];[-0.2602];8478.52412;100),(251070.69588;[0.677];[-0.273];8105.38559;1;0;[0.6697];[-0.2803];8094.03303;100),(251781.14986;[0.677];[-0.273];8105.38559;1;0;[0.6697];[-0.2803];8094.03303;100),(252564.49604;[0.6438];[-0.3062];9116.23877;1;0;[0.641];[-0.309];9096.98061;100),(253126.89233;[0.6916];[-0.2584];8810.59464;1;0;[0.6845];[-0.2655];8795.21561;100),(254027.19688;[0.6988];[-0.2512];8351.66975;1;0;[0.692];[-0.258];8338.51542;100),(254503.73316;[0.6926];[-0.2574];8328.76898;1;0;[0.6845];[-0.2655];8315.03057;100),(255009.73010;[0.6877];[-0.2623];8234.51423;1;0;[0.6795];[-0.2705];8222.02467;100),(255540.81392;[0.6792];[-0.2708];8117.18472;1;0;[0.6727];[-0.2773];8106.01505;100),(255855.07202;[0.6787];[-0.2713];8116.72016;1;0;[0.6724];[-0.2776];8105.52127;100),(256176.79214;[0.6775];[-0.2725];8108.49267;1;0;[0.6705];[-0.2795];8097.18923;100),(256450.01459;[0.6775];[-0.2725];8108.49267;1;0;[0.6705];[-0.2795];8097.18923;100),(256987.97584;[0.6775];[-0.2725];8108.49267;1;0;[0.6705];[-0.2795];8097.18923;100),(257275.41280;[0.6775];[-0.2725];8108.49267;1;0;[0.6705];[-0.2795];8097.18923;100),(258567.32941;[0.6546];[-0.2954];9070.48244;1;0;[0.651];[-0.299];9053.32397;100),(259463.23490;[0.689];[-0.261];8653.07872;1;0;[0.6795];[-0.2705];8636.32726;100),(260075.02389;[0.6775];[-0.2725];8108.49267;1;0;[0.6705];[-0.2795];8097.18923;100),(260790.14444;[0.6775];[-0.2725];8108.49267;1;0;[0.6705];[-0.2795];8097.18923;100),(261727.69904;[0.6505];[-0.2995];9024.87595;1;0;[0.647];[-0.303];9007.01050;100),(262354.35891;[0.689];[-0.261];8653.07872;1;0;[0.6795];[-0.2705];8636.32726;100),(263294.20352;[0.6775];[-0.2725];8108.49267;1;0;[0.6705];[-0.2795];8097.18923;100),(264243.55340;[0.677];[-0.273];8105.38559;1;0;[0.6697];[-0.2803];8094.03303;100),(265379.01402;[0.6505];[-0.2995];9024.87595;1;0;[0.647];[-0.303];9007.01050;100),(266331.65908;[0.689];[-0.261];8653.07872;1;0;[0.6795];[-0.2705];8636.32726;100),(266920.05324;[0.677];[-0.273];8105.38559;1;0;[0.6697];[-0.2803];8094.03303;100),(267715.04951;[0.677];[-0.273];8105.38559;1;0;[0.6697];[-0.2803];8094.03303;100),(268530.29776;[0.6573];[-0.2927];9004.52356;1;0;[0.6534];[-0.2966];8985.72550;100),(269609.06410;[0.6914];[-0.2586];8589.43394;1;0;[0.6827];[-0.2673];8572.95064;100),(270397.74609;[0.677];[-0.273];8105.38559;1;0;[0.6697];[-0.2803];8094.03303;100),(271185.01377;[0.677];[-0.273];8105.38559;1;0;[0.6697];[-0.2803];8094.03303;100),(271976.51315;[0.6573];[-0.2927];9004.52356;1;0;[0.6534];[-0.2966];8985.72550;100),(273081.25257;[0.6914];[-0.2586];8589.43394;1;0;[0.6827];[-0.2673];8572.95064;100),(273710.38270;[0.677];[-0.273];8105.38559;1;0;[0.6697];[-0.2803];8094.03303;100),(274524.61290;[0.677];[-0.273];8105.38559;1;0;[0.6697];[-0.2803];8094.03303;100),(275353.36828;[0.6722];[-0.2778];8970.06366;1;0;[0.6656];[-0.2844];8954.52207;100),(276223.00959;[0.6914];[-0.2586];8589.43394;1;0;[0.6827];[-0.2673];8572.95064;100),(276895.21027;[0.677];[-0.273];8105.38559;1;0;[0.6697];[-0.2803];8094.03303;100),(278282.97210;[0.6722];[-0.2778];8970.06366;1;0;[0.6656];[-0.2844];8954.52207;100),(279774.13440;[0.6914];[-0.2586];8589.43394;1;0;[0.6827];[-0.2673];8572.95064;100),(280922.19210;[0.6966];[-0.2534];8419.73160;1;0;[0.6875];[-0.2625];8404.87873;100),(281269.67072;[0.6934];[-0.2566];8335.75022;1;0;[0.6849];[-0.2651];8322.07504;100),(281557.80053;[0.688];[-0.262];8235.53464;1;0;[0.6804];[-0.2696];8223.11412;100),(281871.05370;[0.6876];[-0.2624];8230.85442;1;0;[0.6796];[-0.2704];8218.33685;100),(282188.86995;[0.6787];[-0.2713];8116.72016;1;0;[0.6724];[-0.2776];8105.52127;100),(282485.97550;[0.6775];[-0.2725];8108.49267;1;0;[0.6705];[-0.2795];8097.18923;100),(282978.34921;[0.6775];[-0.2725];8108.49267;1;0;[0.6705];[-0.2795];8097.18923;100),(283380.05996;[0.6775];[-0.2725];8108.49267;1;0;[0.6705];[-0.2795];8097.18923;100),(283690.81759;[0.6775];[-0.2725];8108.49267;1;0;[0.6705];[-0.2795];8097.18923;100),(283970.40176;[0.6775];[-0.2725];8108.49267;1;0;[0.6705];[-0.2795];8097.18923;100),(284990.89432;[0.67];[-0.28];8953.06143;1;0;[0.6627];[-0.2873];8936.72905;100),(285755.43880;[0.6923];[-0.2577];8599.51045;1;0;[0.6838];[-0.2662];8582.81473;100),(286369.27772;[0.6775];[-0.2725];8108.49267;1;0;[0.6705];[-0.2795];8097.18923;100),(287034.49583;[0.6775];[-0.2725];8108.49267;1;0;[0.6705];[-0.2795];8097.18923;100),(288444.61894;[0.67];[-0.28];8953.06143;1;0;[0.6627];[-0.2873];8936.72905;100),(289060.22835;[0.6923];[-0.2577];8599.51045;1;0;[0.6838];[-0.2662];8582.81473;100),(289622.71500;[0.6775];[-0.2725];8108.49267;1;0;[0.6705];[-0.2795];8097.18923;100),(290303.38764;[0.6775];[-0.2725];8108.49267;1;0;[0.6705];[-0.2795];8097.18923;100),(290837.74686;[0.6771];[-0.2729];8919.47959;1;0;[0.6698];[-0.2802];8902.91996;100),(291712.51416;[0.6988];[-0.2512];8503.86743;1;0;[0.691];[-0.259];8489.33129;100),(292299.89219;[0.6775];[-0.2725];8108.49267;1;0;[0.6705];[-0.2795];8097.18923;100),(292936.45382;[0.6775];[-0.2725];8108.49267;1;0;[0.6705];[-0.2795];8097.18923;100),(293688.80415;[0.6771];[-0.2729];8919.47959;1;0;[0.6698];[-0.2802];8902.91996;100),(294590.24692;[0.6988];[-0.2512];8503.86743;1;0;[0.691];[-0.259];8489.33129;100),(295133.56590;[0.6775];[-0.2725];8108.49267;1;0;[0.6705];[-0.2795];8097.18923;100),(295766.17265;[0.6775];[-0.2725];8108.49267;1;0;[0.6705];[-0.2795];8097.18923;100),(296321.26594;[0.6831];[-0.2669];8882.66760;1;0;[0.6751];[-0.2749];8865.68080;100),(297297.85848;[0.6988];[-0.2512];8503.86743;1;0;[0.691];[-0.259];8489.33129;100),(297841.97378;[0.6775];[-0.2725];8108.49267;1;0;[0.6705];[-0.2795];8097.18923;100),(298501.71018;[0.6775];[-0.2725];8108.49267;1;0;[0.6705];[-0.2795];8097.18923;100),(299321.89488;[0.6831];[-0.2669];8882.66760;1;0;[0.6751];[-0.2749];8865.68080;100),(300247.08962;[0.6988];[-0.2512];8503.86743;1;0;[0.691];[-0.259];8489.33129;100),(300860.84342;[0.6775];[-0.2725];8108.49267;1;0;[0.6705];[-0.2795];8097.18923;100),(301498.76285;[0.6775];[-0.2725];8108.49267;1;0;[0.6705];[-0.2795];8097.18923;100),(302036.76844;[0.6894];[-0.2606];8835.87943;1;0;[0.6824];[-0.2676];8819.91472;100),(302597.58067;[0.6965];[-0.2535];8422.84313;1;0;[0.6875];[-0.2625];8408.01301;100),(302949.48626;[0.6775];[-0.2725];8108.49267;1;0;[0.6705];[-0.2795];8097.18923;100),(303406.36587;[0.6775];[-0.2725];8108.49267;1;0;[0.6705];[-0.2795];8097.18923;100),(304230.82018;[0.6882];[-0.2618];8657.71662;1;0;[0.6785];[-0.2715];8640.96368;100),(305348.20771;[0.6959];[-0.2541];8423.38587;1;0;[0.6869];[-0.2631];8408.52265;100),(305673.72060;[0.6876];[-0.2624];8230.85442;1;0;[0.6796];[-0.2704];8218.33685;100),(306478.84941;[0.6872];[-0.2628];8228.58768;1;0;[0.6792];[-0.2708];8216.01949;100),(307105.88050;[0.6872];[-0.2628];8228.58768;1;0;[0.6792];[-0.2708];8216.01949;100),(307373.54136;[0.6872];[-0.2628];8228.58768;1;0;[0.6792];[-0.2708];8216.01949;100),(308319.53549;[0.6917];[-0.2583];8622.65109;1;0;[0.6832];[-0.2668];8606.51453;100),(308937.43348;[0.6872];[-0.2628];8228.58768;1;0;[0.6792];[-0.2708];8216.01949;100),(311067.28268;[0.6917];[-0.2583];8622.65109;1;0;[0.6832];[-0.2668];8606.51453;100),(312885.21385;[0.6954];[-0.2546];8423.86639;1;0;[0.6866];[-0.2634];8408.98868;100),(313430.08637;[0.6877];[-0.2623];8231.87031;1;0;[0.6797];[-0.2703];8219.40224;100),(313842.78035;[0.6876];[-0.2624];8230.85442;1;0;[0.6796];[-0.2704];8218.33685;100),(314389.65964;[0.6872];[-0.2628];8228.58768;1;0;[0.6792];[-0.2708];8216.01949;100),(315117.83314;[0.6872];[-0.2628];8228.58768;1;0;[0.6792];[-0.2708];8216.01949;100),(316364.85767;[0.6954];[-0.2546];8567.85902;1;0;[0.6868];[-0.2632];8551.68625;100),(316975.96884;[0.6872];[-0.2628];8228.58768;1;0;[0.6792];[-0.2708];8216.01949;100),(318857.47600;[0.6957];[-0.2543];8424.65472;1;0;[0.6868];[-0.2632];8409.82128;100),(319440.48595;[0.6877];[-0.2623];8231.87031;1;0;[0.6797];[-0.2703];8219.40224;100),(319797.27149;[0.6876];[-0.2624];8230.85442;1;0;[0.6796];[-0.2704];8218.33685;100),(320376.60623;[0.6872];[-0.2628];8228.58768;1;0;[0.6792];[-0.2708];8216.01949;100),(320817.23547;[0.6872];[-0.2628];8228.58768;1;0;[0.6792];[-0.2708];8216.01949;100),(322355.78322;[0.7005];[-0.2495];8433.83531;1;0;[0.6946];[-0.2554];8419.48320;100),(322698.45247;[0.6877];[-0.2623];8234.07926;1;0;[0.68];[-0.27];8221.61107;100),(323220.10899;[0.6876];[-0.2624];8230.85442;1;0;[0.6796];[-0.2704];8218.33685;100),(323579.95296;[0.6872];[-0.2628];8228.58768;1;0;[0.6792];[-0.2708];8216.01949;100),(324660.02035;[0.6872];[-0.2628];8228.58768;1;0;[0.6792];[-0.2708];8216.01949;100),(327549.05510;[0.9663];[0.0163];9375.03521;1;1;[0.9664];[0.0164];9387.80388;200)]"
2,10,12736.822611444039,0.91577,1,1,[0.9525],[0.0025],604831.8660259247,"[(3670.66407;[0.7746];[-0.1754];14015.36278;1;0;[0.7717];[-0.1783];13736.14932;100),(4809.10182;[0.7746];[-0.1754];14015.36278;1;0;[0.7717];[-0.1783];13736.14932;100),(6559.06916;[0.7828];[-0.1672];14045.46716;1;0;[0.7798];[-0.1702];13770.02663;200),(9259.48286;[0.79];[-0.16];14045.24033;1;0;[0.7892];[-0.1608];13774.88220;400),(15034.61242;[0.8167];[-0.1333];14113.59195;1;0;[0.8224];[-0.1276];13852.86341;800),(17858.24323;[0.8134];[-0.1366];14107.03500;1;0;[0.8184];[-0.1316];13844.96241;800),(21424.65472;[0.8134];[-0.1366];14107.03500;1;0;[0.8184];[-0.1316];13844.96241;800),(24721.40980;[0.8134];[-0.1366];14107.03500;1;0;[0.8184];[-0.1316];13844.96241;800),(27905.75767;[0.8134];[-0.1366];14107.03500;1;0;[0.8184];[-0.1316];13844.96241;800),(31432.59788;[0.8134];[-0.1366];14107.03500;1;0;[0.8184];[-0.1316];13844.96241;800),(34513.95345;[0.8134];[-0.1366];14107.03500;1;0;[0.8184];[-0.1316];13844.96241;800),(38293.27130;[0.8134];[-0.1366];14107.03500;1;0;[0.8184];[-0.1316];13844.96241;800),(38866.49776;[0.8961];[-0.0539];13592.55556;1;0;[0.9021];[-0.0479];13400.44339;800),(39679.61264;[0.96];[0.01];12638.01748;1;1;[0.9607];[0.0107];12524.22828;800),(40153.02396;[0.9272];[-0.0228];13187.60634;1;0;[0.9332];[-0.0168];13039.73218;800),(40772.53413;[0.9423];[-0.0077];12933.84355;1;0;[0.9459];[-0.0041];12805.77547;800),(41296.36002;[0.9513];[0.0013];12804.38648;1;1;[0.9533];[0.0033];12684.40640;800),(41765.29241;[0.9471];[-0.0029];12873.75534;1;1;[0.9502];[0.0002];12747.22194;800),(42513.78798;[0.9508];[0.0008];12834.68619;1;1;[0.9527];[0.0027];12712.42152;800),(43028.86319;[0.9487];[-0.0013];12857.16677;1;1;[0.9512];[0.0012];12732.76910;800),(43972.42618;[0.9481];[-0.0019];12846.28750;1;1;[0.9509];[0.0009];12721.87180;800),(44737.86902;[0.9478];[-0.0022];12841.10589;1;1;[0.9506];[0.0006];12716.65215;800),(45621.35077;[0.95];[0.];12836.14565;1;1;[0.9524];[0.0024];12713.64045;800),(46079.76532;[0.95];[0.];12836.14565;1;1;[0.9524];[0.0024];12713.64045;800),(46940.44685;[0.9507];[0.0007];12836.49034;1;1;[0.9527];[0.0027];12714.25783;800),(47397.71414;[0.95];[0.];12836.14565;1;1;[0.9524];[0.0024];12713.64045;800),(47889.14824;[0.95];[0.];12836.14565;1;1;[0.9524];[0.0024];12713.64045;800),(48489.48121;[0.95];[0.];12836.14565;1;1;[0.9524];[0.0024];12713.64045;800),(49264.53519;[0.9507];[0.0007];12836.49034;1;1;[0.9527];[0.0027];12714.25783;800),(61721.60959;[0.8424];[-0.1076];14119.17616;1;0;[0.8471];[-0.1029];13868.47687;1600),(67793.66183;[0.8424];[-0.1076];14119.17616;1;0;[0.8471];[-0.1029];13868.47687;1600),(74902.35806;[0.8424];[-0.1076];14119.17616;1;0;[0.8471];[-0.1029];13868.47687;1600),(82099.84684;[0.8424];[-0.1076];14119.17616;1;0;[0.8471];[-0.1029];13868.47687;1600),(88685.28056;[0.8424];[-0.1076];14119.17616;1;0;[0.8471];[-0.1029];13868.47687;1600),(95080.36947;[0.8424];[-0.1076];14119.17616;1;0;[0.8471];[-0.1029];13868.47687;1600),(100731.99677;[0.8424];[-0.1076];14119.17616;1;0;[0.8471];[-0.1029];13868.47687;1600),(106614.36462;[0.8424];[-0.1076];14119.17616;1;0;[0.8471];[-0.1029];13868.47687;1600),(112093.37544;[0.8424];[-0.1076];14119.17616;1;0;[0.8471];[-0.1029];13868.47687;1600),(112844.69438;[0.9016];[-0.0484];13552.83891;1;0;[0.9072];[-0.0428];13365.42230;1600),(113647.44806;[0.9638];[0.0138];12548.14199;1;1;[0.9633];[0.0133];12442.33808;1600),(114107.41997;[0.9316];[-0.0184];13130.71264;1;0;[0.9373];[-0.0127];12988.13553;1600),(114919.91615;[0.9505];[0.0005];12855.82326;1;1;[0.9525];[0.0025];12736.82261;1600),(115546.87214;[0.9388];[-0.0112];13002.47425;1;0;[0.9433];[-0.0067];12872.06690;1600),(115894.15741;[0.9453];[-0.0047];12932.37668;1;0;[0.948];[-0.002];12808.96737;1600),(116380.16200;[0.9468];[-0.0032];12900.67567;1;0;[0.9496];[-0.0004];12776.84296;1600),(116916.21804;[0.9483];[-0.0017];12880.14317;1;1;[0.9513];[0.0013];12758.74654;1600),(117228.21999;[0.9479];[-0.0021];12873.76327;1;1;[0.9508];[0.0008];12752.31236;1600),(117938.25603;[0.9479];[-0.0021];12862.80709;1;1;[0.9508];[0.0008];12741.52612;1600),(118743.04485;[0.9475];[-0.0025];12858.58987;1;1;[0.95];[0.];12737.13688;1600),(119475.80624;[0.9499];[-0.0001];12855.80703;1;1;[0.9523];[0.0023];12736.56245;1600),(120078.83024;[0.9505];[0.0005];12855.82326;1;1;[0.9525];[0.0025];12736.82261;1600),(120624.48907;[0.9505];[0.0005];12855.82326;1;1;[0.9525];[0.0025];12736.82261;1600),(121211.34138;[0.9499];[-0.0001];12855.80703;1;1;[0.9523];[0.0023];12736.56245;1600),(121766.12616;[0.9499];[-0.0001];12855.80703;1;1;[0.9523];[0.0023];12736.56245;1600),(122341.15148;[0.9499];[-0.0001];12855.80703;1;1;[0.9523];[0.0023];12736.56245;1600),(146737.18095;[0.9127];[-0.0373];14132.79567;1;0;[0.9181];[-0.0319];13900.71653;3200),(159831.95424;[0.9127];[-0.0373];14132.79567;1;0;[0.9181];[-0.0319];13900.71653;3200),(172272.67671;[0.9127];[-0.0373];14132.79567;1;0;[0.9181];[-0.0319];13900.71653;3200),(185143.89753;[0.9127];[-0.0373];14132.79567;1;0;[0.9181];[-0.0319];13900.71653;3200),(197606.37760;[0.9127];[-0.0373];14132.79567;1;0;[0.9181];[-0.0319];13900.71653;3200),(209100.47340;[0.9127];[-0.0373];14132.79567;1;0;[0.9181];[-0.0319];13900.71653;3200),(219958.78577;[0.9127];[-0.0373];14132.79567;1;0;[0.9181];[-0.0319];13900.71653;3200),(231923.98381;[0.9127];[-0.0373];14132.79567;1;0;[0.9181];[-0.0319];13900.71653;3200),(242803.31707;[0.9127];[-0.0373];14132.79567;1;0;[0.9181];[-0.0319];13900.71653;3200),(253679.99530;[0.9127];[-0.0373];14132.79567;1;0;[0.9181];[-0.0319];13900.71653;3200),(254467.24582;[0.9042];[-0.0458];13518.01075;1;0;[0.9099];[-0.0401];13333.82706;3200),(255269.19603;[0.966];[0.016];12446.86633;1;1;[0.9651];[0.0151];12342.65111;3200),(255751.00160;[0.9343];[-0.0157];13068.02176;1;0;[0.9394];[-0.0106];12927.86965;3200),(256348.88673;[0.9508];[0.0008];12790.64363;1;1;[0.9527];[0.0027];12670.67457;3200),(256932.00421;[0.9436];[-0.0064];12934.96776;1;0;[0.9466];[-0.0034];12802.36012;3200),(257525.79761;[0.9463];[-0.0037];12857.46241;1;0;[0.9489];[-0.0011];12730.83428;3200),(258230.74341;[0.9505];[0.0005];12830.30838;1;1;[0.9526];[0.0026];12708.02113;3200),(259049.99638;[0.9487];[-0.0013];12846.63720;1;1;[0.9512];[0.0012];12722.40147;3200),(259653.05233;[0.9508];[0.0008];12834.68619;1;1;[0.9527];[0.0027];12712.42152;3200),(260546.30232;[0.9478];[-0.0022];12841.10589;1;1;[0.9506];[0.0006];12716.65215;3200),(261407.13048;[0.9507];[0.0007];12836.49034;1;1;[0.9527];[0.0027];12714.25783;3200),(261998.49510;[0.9478];[-0.0022];12839.85126;1;1;[0.9507];[0.0007];12715.48672;3200),(262770.91932;[0.9476];[-0.0024];12836.43014;1;1;[0.9503];[0.0003];12711.98625;3200),(263241.84799;[0.9476];[-0.0024];12836.43014;1;1;[0.9503];[0.0003];12711.98625;3200),(264031.03852;[0.9476];[-0.0024];12834.44037;1;1;[0.9503];[0.0003];12710.14544;3200),(264862.29658;[0.9507];[0.0007];12836.49034;1;1;[0.9527];[0.0027];12714.25783;3200),(265562.68120;[0.9507];[0.0007];12836.49034;1;1;[0.9527];[0.0027];12714.25783;3200),(316396.97909;[0.926];[-0.024];14134.46167;1;0;[0.9306];[-0.0194];13905.03312;6400),(343068.92514;[0.926];[-0.024];14134.46167;1;0;[0.9306];[-0.0194];13905.03312;6400),(368374.06468;[0.926];[-0.024];14134.46167;1;0;[0.9306];[-0.0194];13905.03312;6400),(392938.69925;[0.926];[-0.024];14134.46167;1;0;[0.9306];[-0.0194];13905.03312;6400),(415812.65068;[0.926];[-0.024];14134.46167;1;0;[0.9306];[-0.0194];13905.03312;6400),(439251.56760;[0.926];[-0.024];14134.46167;1;0;[0.9306];[-0.0194];13905.03312;6400),(462792.40918;[0.926];[-0.024];14134.46167;1;0;[0.9306];[-0.0194];13905.03312;6400),(485667.61541;[0.926];[-0.024];14134.46167;1;0;[0.9306];[-0.0194];13905.03312;6400),(509208.91094;[0.926];[-0.024];14134.46167;1;0;[0.9306];[-0.0194];13905.03312;6400),(533011.04665;[0.926];[-0.024];14134.46167;1;0;[0.9306];[-0.0194];13905.03312;6400),(555729.73061;[0.926];[-0.024];14134.46167;1;0;[0.9306];[-0.0194];13905.03312;6400),(556372.97773;[0.9113];[-0.0387];13520.43332;1;0;[0.9176];[-0.0324];13339.71477;6400),(556870.25738;[0.9668];[0.0168];12455.51338;1;1;[0.9655];[0.0155];12351.48320;6400),(557524.52159;[0.934];[-0.016];13074.17305;1;0;[0.9391];[-0.0109];12935.67663;6400),(557994.73095;[0.951];[0.001];12800.92505;1;1;[0.9531];[0.0031];12680.93051;6400),(558651.90506;[0.9439];[-0.0061];12935.65392;1;0;[0.9468];[-0.0032];12803.04919;6400),(559274.93477;[0.9474];[-0.0026];12869.22732;1;1;[0.9502];[0.0002];12742.93993;6400),(559851.68099;[0.9508];[0.0008];12834.68619;1;1;[0.9527];[0.0027];12712.42152;6400),(560331.93588;[0.9487];[-0.0013];12855.38044;1;1;[0.9512];[0.0012];12730.95781;6400),(561063.94696;[0.948];[-0.002];12844.28073;1;1;[0.9508];[0.0008];12719.90612;6400),(562018.26191;[0.9507];[0.0007];12836.49034;1;1;[0.9527];[0.0027];12714.25783;6400),(562455.21379;[0.9478];[-0.0022];12840.97328;1;1;[0.9508];[0.0008];12716.57267;6400),(563333.63152;[0.9507];[0.0007];12836.49034;1;1;[0.9527];[0.0027];12714.25783;6400),(563910.36558;[0.9474];[-0.0026];12836.95588;1;1;[0.9503];[0.0003];12712.38755;6400),(564767.93838;[0.9476];[-0.0024];12836.43014;1;1;[0.9503];[0.0003];12711.98625;6400),(565397.79997;[0.9476];[-0.0024];12836.43014;1;1;[0.9503];[0.0003];12711.98625;6400),(566005.68676;[0.9476];[-0.0024];12836.43014;1;1;[0.9503];[0.0003];12711.98625;6400),(566684.26347;[0.9507];[0.0007];12836.49034;1;1;[0.9527];[0.0027];12714.25783;6400)]"
2,8,12778.244260007656,0.91875,1,0,[0.9489],[-0.0011],610910.3245735168,"[(3695.35112;[0.8045];[-0.1455];14141.25584;1;0;[0.7955];[-0.1545];13800.49622;100),(4683.07924;[0.8045];[-0.1455];14141.25584;1;0;[0.7955];[-0.1545];13800.49622;100),(6623.58713;[0.8182];[-0.1318];14164.90310;1;0;[0.8087];[-0.1413];13832.16389;200),(9179.41856;[0.8374];[-0.1126];14182.83210;1;0;[0.8301];[-0.1199];13860.51441;400),(15133.17275;[0.8313];[-0.1187];14177.90109;1;0;[0.8224];[-0.1276];13852.86341;800),(18033.07629;[0.8313];[-0.1187];14177.90109;1;0;[0.8224];[-0.1276];13852.86341;800),(21426.01466;[0.8313];[-0.1187];14177.90109;1;0;[0.8224];[-0.1276];13852.86341;800),(24867.51938;[0.8313];[-0.1187];14177.90109;1;0;[0.8224];[-0.1276];13852.86341;800),(28168.06674;[0.8313];[-0.1187];14177.90109;1;0;[0.8224];[-0.1276];13852.86341;800),(31700.10757;[0.8313];[-0.1187];14177.90109;1;0;[0.8224];[-0.1276];13852.86341;800),(35177.69980;[0.8313];[-0.1187];14177.90109;1;0;[0.8224];[-0.1276];13852.86341;800),(39260.07009;[0.8313];[-0.1187];14177.90109;1;0;[0.8224];[-0.1276];13852.86341;800),(39766.33644;[0.9193];[-0.0307];13544.76675;1;0;[0.9131];[-0.0369];13300.21500;800),(40389.29558;[0.9644];[0.0144];12609.37125;1;1;[0.9618];[0.0118];12461.62413;800),(41059.72695;[0.9397];[-0.0103];13139.99371;1;0;[0.9375];[-0.0125];12947.62607;800),(41516.49475;[0.953];[0.003];12900.70510;1;1;[0.9512];[0.0012];12730.95781;800),(42060.86946;[0.946];[-0.004];13018.78611;1;0;[0.9437];[-0.0063];12832.29893;800),(42744.83418;[0.9498];[-0.0002];12958.17591;1;0;[0.9479];[-0.0021];12779.92132;800),(43339.33878;[0.9514];[0.0014];12926.52312;1;1;[0.9503];[0.0003];12754.36607;800),(44006.41441;[0.9492];[-0.0008];12945.33833;1;0;[0.9476];[-0.0024];12767.06792;800),(44801.03588;[0.9497];[-0.0003];12938.36792;1;0;[0.9486];[-0.0014];12767.68539;800),(45503.31950;[0.9516];[0.0016];12927.69330;1;1;[0.9504];[0.0004];12755.60285;800),(46093.83607;[0.9509];[0.0009];12930.54092;1;1;[0.9502];[0.0002];12755.98154;800),(46841.23254;[0.9497];[-0.0003];12915.95714;1;0;[0.9484];[-0.0016];12735.25540;800),(47583.25553;[0.9497];[-0.0003];12915.95714;1;0;[0.9484];[-0.0016];12735.25540;800),(48309.18026;[0.9509];[0.0009];12930.54092;1;1;[0.9502];[0.0002];12755.98154;800),(49205.30987;[0.9509];[0.0009];12930.54092;1;1;[0.9502];[0.0002];12755.98154;800),(49842.33713;[0.9497];[-0.0003];12915.95714;1;0;[0.9484];[-0.0016];12735.25540;800),(63161.53669;[0.8313];[-0.1187];14177.90109;1;0;[0.8224];[-0.1276];13852.86341;1600),(69688.01880;[0.8313];[-0.1187];14177.90109;1;0;[0.8224];[-0.1276];13852.86341;1600),(76467.30375;[0.8313];[-0.1187];14177.90109;1;0;[0.8224];[-0.1276];13852.86341;1600),(82699.73564;[0.8313];[-0.1187];14177.90109;1;0;[0.8224];[-0.1276];13852.86341;1600),(88856.84085;[0.8313];[-0.1187];14177.90109;1;0;[0.8224];[-0.1276];13852.86341;1600),(95596.26031;[0.8313];[-0.1187];14177.90109;1;0;[0.8224];[-0.1276];13852.86341;1600),(101865.08274;[0.8313];[-0.1187];14177.90109;1;0;[0.8224];[-0.1276];13852.86341;1600),(107854.69317;[0.8313];[-0.1187];14177.90109;1;0;[0.8224];[-0.1276];13852.86341;1600),(114120.98956;[0.8313];[-0.1187];14177.90109;1;0;[0.8224];[-0.1276];13852.86341;1600),(114816.24103;[0.9205];[-0.0295];13521.35692;1;0;[0.9148];[-0.0352];13278.77200;1600),(115329.35667;[0.9629];[0.0129];12558.77496;1;1;[0.9612];[0.0112];12414.23799;1600),(115877.60544;[0.9414];[-0.0086];13101.31239;1;0;[0.9401];[-0.0099];12903.54108;1600),(116272.25447;[0.9544];[0.0044];12865.63761;1;1;[0.952];[0.002];12698.51408;1600),(116882.35855;[0.9479];[-0.0021];12997.81400;1;0;[0.9462];[-0.0038];12820.05393;1600),(117452.34370;[0.9509];[0.0009];12927.63999;1;1;[0.9503];[0.0003];12753.22804;1600),(117981.13465;[0.9498];[-0.0002];12958.17591;1;0;[0.9479];[-0.0021];12779.92132;1600),(118323.31300;[0.9494];[-0.0006];12945.24787;1;0;[0.9477];[-0.0023];12767.04878;1600),(119142.41743;[0.9504];[0.0004];12942.31308;1;0;[0.9491];[-0.0009];12771.80461;1600),(119649.44386;[0.9512];[0.0012];12946.98909;1;0;[0.9495];[-0.0005];12776.70203;1600),(120238.11293;[0.9484];[-0.0016];12938.46393;1;0;[0.947];[-0.003];12759.96812;1600),(120735.25858;[0.9515];[0.0015];12948.03897;1;0;[0.9496];[-0.0004];12777.84971;1600),(121261.60288;[0.9484];[-0.0016];12938.46393;1;0;[0.947];[-0.003];12759.96812;1600),(121896.34442;[0.9515];[0.0015];12948.03897;1;0;[0.9496];[-0.0004];12777.84971;1600),(122570.76168;[0.9485];[-0.0015];12936.61334;1;0;[0.947];[-0.003];12758.71345;1600),(123279.31690;[0.9485];[-0.0015];12936.61334;1;0;[0.947];[-0.003];12758.71345;1600),(146376.58548;[0.8374];[-0.1126];14182.83210;1;0;[0.8301];[-0.1199];13860.51441;3200),(157931.21505;[0.8374];[-0.1126];14182.83210;1;0;[0.8301];[-0.1199];13860.51441;3200),(169326.37048;[0.8374];[-0.1126];14182.83210;1;0;[0.8301];[-0.1199];13860.51441;3200),(180558.82978;[0.8374];[-0.1126];14182.83210;1;0;[0.8301];[-0.1199];13860.51441;3200),(191581.73513;[0.8374];[-0.1126];14182.83210;1;0;[0.8301];[-0.1199];13860.51441;3200),(202636.91187;[0.8374];[-0.1126];14182.83210;1;0;[0.8301];[-0.1199];13860.51441;3200),(213348.43111;[0.8374];[-0.1126];14182.83210;1;0;[0.8301];[-0.1199];13860.51441;3200),(223986.30619;[0.8374];[-0.1126];14182.83210;1;0;[0.8301];[-0.1199];13860.51441;3200),(235167.43803;[0.8374];[-0.1126];14182.83210;1;0;[0.8301];[-0.1199];13860.51441;3200),(246006.53815;[0.8374];[-0.1126];14182.83210;1;0;[0.8301];[-0.1199];13860.51441;3200),(246425.48823;[0.9236];[-0.0264];13489.02842;1;0;[0.9192];[-0.0308];13250.32408;3200),(246965.59620;[0.9666];[0.0166];12464.40538;1;1;[0.9646];[0.0146];12324.45836;3200),(247536.13615;[0.945];[-0.005];13052.72079;1;0;[0.9425];[-0.0075];12860.69774;3200),(248100.95739;[0.958];[0.008];12783.85555;1;1;[0.9556];[0.0056];12614.08195;3200),(248739.51435;[0.9508];[0.0008];12929.89217;1;1;[0.9501];[0.0001];12755.30407;3200),(249361.69362;[0.9472];[-0.0028];12995.20218;1;0;[0.9451];[-0.0049];12811.09393;3200),(249881.55508;[0.9489];[-0.0011];12971.26620;1;0;[0.9481];[-0.0019];12798.14976;3200),(250393.22877;[0.9494];[-0.0006];12953.17720;1;0;[0.9478];[-0.0022];12774.87113;3200),(250880.98121;[0.9484];[-0.0016];12938.46393;1;0;[0.947];[-0.003];12759.96812;3200),(251472.64099;[0.9504];[0.0004];12942.31308;1;0;[0.9491];[-0.0009];12771.80461;3200),(251877.32363;[0.9505];[0.0005];12945.12626;1;0;[0.9493];[-0.0007];12774.69079;3200),(252350.93999;[0.9515];[0.0015];12947.05862;1;0;[0.9496];[-0.0004];12776.84296;3200),(252753.20840;[0.9515];[0.0015];12947.05862;1;0;[0.9496];[-0.0004];12776.84296;3200),(253194.87929;[0.9484];[-0.0016];12938.46393;1;0;[0.947];[-0.003];12759.96812;3200),(253684.21650;[0.9484];[-0.0016];12938.46393;1;0;[0.947];[-0.003];12759.96812;3200),(254236.01413;[0.9515];[0.0015];12947.05862;1;0;[0.9496];[-0.0004];12776.84296;3200),(301909.86919;[0.847];[-0.103];14182.66678;1;0;[0.8403];[-0.1097];13866.52307;6400),(325736.49693;[0.847];[-0.103];14182.66678;1;0;[0.8403];[-0.1097];13866.52307;6400),(349940.13858;[0.847];[-0.103];14182.66678;1;0;[0.8403];[-0.1097];13866.52307;6400),(374314.76617;[0.847];[-0.103];14182.66678;1;0;[0.8403];[-0.1097];13866.52307;6400),(397431.87141;[0.847];[-0.103];14182.66678;1;0;[0.8403];[-0.1097];13866.52307;6400),(419547.36471;[0.847];[-0.103];14182.66678;1;0;[0.8403];[-0.1097];13866.52307;6400),(441365.21506;[0.847];[-0.103];14182.66678;1;0;[0.8403];[-0.1097];13866.52307;6400),(462961.83968;[0.847];[-0.103];14182.66678;1;0;[0.8403];[-0.1097];13866.52307;6400),(485339.22839;[0.847];[-0.103];14182.66678;1;0;[0.8403];[-0.1097];13866.52307;6400),(507131.09875;[0.847];[-0.103];14182.66678;1;0;[0.8403];[-0.1097];13866.52307;6400),(529344.15340;[0.847];[-0.103];14182.66678;1;0;[0.8403];[-0.1097];13866.52307;6400),(529841.19844;[0.925];[-0.025];13465.56843;1;0;[0.9205];[-0.0295];13229.16098;6400),(530374.38464;[0.9662];[0.0162];12430.08140;1;1;[0.9642];[0.0142];12293.52632;6400),(530857.08761;[0.9471];[-0.0029];13031.41866;1;0;[0.945];[-0.005];12849.94851;6400),(531381.61612;[0.9598];[0.0098];12754.67155;1;1;[0.9577];[0.0077];12603.28440;6400),(531782.52387;[0.953];[0.003];12900.70510;1;1;[0.9512];[0.0012];12730.95781;6400),(532408.66494;[0.9487];[-0.0013];12962.16288;1;0;[0.948];[-0.002];12789.08817;6400),(533204.15473;[0.9508];[0.0008];12929.89217;1;1;[0.9501];[0.0001];12755.30407;6400),(533711.39646;[0.9515];[0.0015];12950.88758;1;0;[0.9497];[-0.0003];12780.66914;6400),(534232.36465;[0.9502];[0.0002];12956.25262;1;0;[0.9489];[-0.0011];12778.24426;6400),(534816.92076;[0.9498];[-0.0002];12958.17591;1;0;[0.9479];[-0.0021];12779.92132;6400),(535505.50795;[0.9494];[-0.0006];12957.40318;1;0;[0.9478];[-0.0022];12778.99754;6400),(536010.59675;[0.9494];[-0.0006];12957.40318;1;0;[0.9478];[-0.0022];12778.99754;6400),(536516.43991;[0.9494];[-0.0006];12957.40318;1;0;[0.9478];[-0.0022];12778.99754;6400),(536984.76720;[0.9494];[-0.0006];12957.40318;1;0;[0.9478];[-0.0022];12778.99754;6400),(537467.81635;[0.9494];[-0.0006];12957.40318;1;0;[0.9478];[-0.0022];12778.99754;6400),(538091.87675;[0.9498];[-0.0002];12956.70638;1;0;[0.9479];[-0.0021];12778.45738;6400)]"
4,8,8591.534622380816,0.79063,1,0,[0.8837],[-0.0663],600145.9527015686,"[(3253.94559;[0.6154];[-0.3346];11073.91289;1;0;[0.6131];[-0.3369];10791.29350;100),(4599.44439;[0.6154];[-0.3346];11073.91289;1;0;[0.6131];[-0.3369];10791.29350;100),(6570.14465;[0.6154];[-0.3346];11073.91289;1;0;[0.6131];[-0.3369];10791.29350;200),(9392.77434;[0.6381];[-0.3119];11120.28662;1;0;[0.6341];[-0.3159];10860.40314;400),(10962.59856;[0.6381];[-0.3119];11120.28662;1;0;[0.6341];[-0.3159];10860.40314;400),(12471.08626;[0.6381];[-0.3119];11120.28662;1;0;[0.6341];[-0.3159];10860.40314;400),(14745.58783;[0.6381];[-0.3119];11120.28662;1;0;[0.6341];[-0.3159];10860.40314;400),(16463.42444;[0.6381];[-0.3119];11120.28662;1;0;[0.6341];[-0.3159];10860.40314;400),(18076.34163;[0.6381];[-0.3119];11120.28662;1;0;[0.6341];[-0.3159];10860.40314;400),(19723.41895;[0.6381];[-0.3119];11120.28662;1;0;[0.6341];[-0.3159];10860.40314;400),(20530.08151;[0.8153];[-0.1347];10172.24522;1;0;[0.8076];[-0.1424];10030.88452;400),(21259.07874;[0.8643];[-0.0857];9399.39409;1;0;[0.854];[-0.096];9315.77153;400),(21835.54721;[0.8847];[-0.0653];8827.32585;1;0;[0.8762];[-0.0738];8761.03030;400),(22201.87426;[0.8683];[-0.0817];7857.89208;1;0;[0.8605];[-0.0895];7816.17410;400),(22813.38787;[0.8574];[-0.0926];7636.07597;1;0;[0.8502];[-0.0998];7599.01402;400),(23217.60416;[0.8398];[-0.1102];7400.70987;1;0;[0.8335];[-0.1165];7368.32897;400),(24101.96996;[0.835];[-0.115];7383.34958;1;0;[0.8269];[-0.1231];7350.87770;400),(24553.39694;[0.833];[-0.117];7378.53370;1;0;[0.8241];[-0.1259];7345.87786;400),(25002.55942;[0.8309];[-0.1191];7373.05527;1;0;[0.8225];[-0.1275];7340.32005;400),(25423.54536;[0.8314];[-0.1186];7372.34776;1;0;[0.8226];[-0.1274];7339.70179;400),(25983.45494;[0.8293];[-0.1207];7365.48861;1;0;[0.8207];[-0.1293];7332.73480;400),(29035.18319;[0.6407];[-0.3093];11080.76731;1;0;[0.636];[-0.314];10808.70668;400),(35929.64864;[0.6307];[-0.3193];11111.45763;1;0;[0.6261];[-0.3239];10843.67762;800),(39109.03597;[0.6307];[-0.3193];11111.45763;1;0;[0.6261];[-0.3239];10843.67762;800),(42452.14796;[0.6307];[-0.3193];11111.45763;1;0;[0.6261];[-0.3239];10843.67762;800),(45737.60343;[0.6307];[-0.3193];11111.45763;1;0;[0.6261];[-0.3239];10843.67762;800),(48904.23298;[0.6307];[-0.3193];11111.45763;1;0;[0.6261];[-0.3239];10843.67762;800),(51812.34550;[0.6307];[-0.3193];11111.45763;1;0;[0.6261];[-0.3239];10843.67762;800),(55275.75850;[0.6307];[-0.3193];11111.45763;1;0;[0.6261];[-0.3239];10843.67762;800),(58374.42875;[0.6307];[-0.3193];11111.45763;1;0;[0.6261];[-0.3239];10843.67762;800),(58806.74672;[0.8191];[-0.1309];10145.84396;1;0;[0.8106];[-0.1394];10007.08754;800),(59473.91796;[0.8634];[-0.0866];9363.96058;1;0;[0.8533];[-0.0967];9272.15731;800),(60168.17904;[0.8837];[-0.0663];8823.88572;1;0;[0.8746];[-0.0754];8757.35877;800),(60723.23465;[0.8749];[-0.0751];8063.03569;1;0;[0.8659];[-0.0841];8016.59367;800),(61271.52514;[0.8604];[-0.0896];7651.00250;1;0;[0.8538];[-0.0962];7613.98137;800),(61685.27222;[0.835];[-0.115];7383.34958;1;0;[0.8269];[-0.1231];7350.87770;800),(62044.16037;[0.8314];[-0.1186];7372.34776;1;0;[0.8226];[-0.1274];7339.70179;800),(62414.15000;[0.8314];[-0.1186];7372.34776;1;0;[0.8226];[-0.1274];7339.70179;800),(63118.21723;[0.8314];[-0.1186];7372.34776;1;0;[0.8226];[-0.1274];7339.70179;800),(65908.45919;[0.6423];[-0.3077];11082.50065;1;0;[0.6378];[-0.3122];10811.66467;800),(76376.90496;[0.6307];[-0.3193];11111.45763;1;0;[0.6261];[-0.3239];10843.67762;1600),(81666.04710;[0.6307];[-0.3193];11111.45763;1;0;[0.6261];[-0.3239];10843.67762;1600),(87014.46390;[0.6307];[-0.3193];11111.45763;1;0;[0.6261];[-0.3239];10843.67762;1600),(92337.02445;[0.6307];[-0.3193];11111.45763;1;0;[0.6261];[-0.3239];10843.67762;1600),(97832.23605;[0.6307];[-0.3193];11111.45763;1;0;[0.6261];[-0.3239];10843.67762;1600),(103344.69390;[0.6307];[-0.3193];11111.45763;1;0;[0.6261];[-0.3239];10843.67762;1600),(109596.78316;[0.6307];[-0.3193];11111.45763;1;0;[0.6261];[-0.3239];10843.67762;1600),(115908.29659;[0.6307];[-0.3193];11111.45763;1;0;[0.6261];[-0.3239];10843.67762;1600),(121515.09237;[0.6307];[-0.3193];11111.45763;1;0;[0.6261];[-0.3239];10843.67762;1600),(121955.78551;[0.8223];[-0.1277];10123.30156;1;0;[0.8141];[-0.1359];9987.81506;1600),(122591.03012;[0.8612];[-0.0888];9358.87755;1;0;[0.8508];[-0.0992];9266.62861;1600),(122945.72449;[0.8903];[-0.0597];8800.93184;1;0;[0.8824];[-0.0676];8739.39858;1600),(123303.67541;[0.8708];[-0.0792];7860.26418;1;0;[0.8626];[-0.0874];7818.91108;1600),(123825.68741;[0.8554];[-0.0946];7630.93716;1;0;[0.8474];[-0.1026];7593.70397;1600),(124291.43763;[0.8336];[-0.1164];7377.99163;1;0;[0.8246];[-0.1254];7345.42560;1600),(125007.68209;[0.8314];[-0.1186];7372.34776;1;0;[0.8226];[-0.1274];7339.70179;1600),(125405.38979;[0.8314];[-0.1186];7372.34776;1;0;[0.8226];[-0.1274];7339.70179;1600),(125754.73285;[0.8314];[-0.1186];7372.34776;1;0;[0.8226];[-0.1274];7339.70179;1600),(132521.82841;[0.638];[-0.312];11100.47415;1;0;[0.6338];[-0.3162];10834.92810;1600),(139302.61207;[0.7481];[-0.2019];10625.74307;1;0;[0.738];[-0.212];10419.78446;1600),(145457.87573;[0.8251];[-0.1249];10106.31835;1;0;[0.8155];[-0.1345];9976.69170;1600),(151503.56364;[0.864];[-0.086];9452.70333;1;0;[0.8539];[-0.0961];9364.98351;1600),(157684.64565;[0.878];[-0.072];9061.17368;1;0;[0.8694];[-0.0806];8988.04654;1600),(163621.88005;[0.8895];[-0.0605];8646.65282;1;0;[0.8822];[-0.0678];8588.13058;1600),(169559.71408;[0.8799];[-0.0701];8250.54918;1;0;[0.8698];[-0.0802];8199.49298;1600),(175534.03735;[0.87];[-0.08];7862.42030;1;0;[0.862];[-0.088];7820.88471;1600),(187188.79557;[0.856];[-0.094];7630.71801;1;0;[0.8481];[-0.1019];7593.56191;1600),(187894.74058;[0.8377];[-0.1123];7384.78683;1;0;[0.8307];[-0.1193];7352.60118;1600),(188344.65528;[0.8336];[-0.1164];7377.99163;1;0;[0.8246];[-0.1254];7345.42560;1600),(189044.55686;[0.8336];[-0.1164];7377.99163;1;0;[0.8246];[-0.1254];7345.42560;1600),(189456.66552;[0.8314];[-0.1186];7372.34776;1;0;[0.8226];[-0.1274];7339.70179;1600),(189801.61476;[0.8314];[-0.1186];7372.34776;1;0;[0.8226];[-0.1274];7339.70179;1600),(190078.63569;[0.8314];[-0.1186];7372.34776;1;0;[0.8226];[-0.1274];7339.70179;1600),(195716.83097;[0.6455];[-0.3045];11105.89830;1;0;[0.6426];[-0.3074];10849.14420;1600),(202026.07107;[0.7489];[-0.2011];10626.43673;1;0;[0.7386];[-0.2114];10420.03659;1600),(207719.96641;[0.8267];[-0.1233];10101.60499;1;0;[0.817];[-0.133];9971.93460;1600),(213766.60585;[0.8626];[-0.0874];9451.01735;1;0;[0.8529];[-0.0971];9362.96176;1600),(219839.80179;[0.878];[-0.072];9061.17368;1;0;[0.8694];[-0.0806];8988.04654;1600),(225380.32937;[0.8909];[-0.0591];8649.01469;1;0;[0.8836];[-0.0664];8590.67404;1600),(230829.22983;[0.8835];[-0.0665];8272.49141;1;0;[0.8744];[-0.0756];8221.55558;1600),(236462.63266;[0.8717];[-0.0783];7865.09761;1;0;[0.8632];[-0.0868];7823.73822;1600),(242224.26105;[0.8314];[-0.1186];7372.34776;1;0;[0.8226];[-0.1274];7339.70179;1600),(243178.21264;[0.8314];[-0.1186];7372.34776;1;0;[0.8226];[-0.1274];7339.70179;1600),(250258.64649;[0.6455];[-0.3045];11105.89830;1;0;[0.6426];[-0.3074];10849.14420;1600),(257354.13980;[0.7489];[-0.2011];10626.43673;1;0;[0.7386];[-0.2114];10420.03659;1600),(263475.89302;[0.8267];[-0.1233];10101.60499;1;0;[0.817];[-0.133];9971.93460;1600),(270182.70469;[0.8626];[-0.0874];9451.01735;1;0;[0.8529];[-0.0971];9362.96176;1600),(276979.42376;[0.878];[-0.072];9061.17368;1;0;[0.8694];[-0.0806];8988.04654;1600),(283671.02695;[0.8909];[-0.0591];8649.01469;1;0;[0.8836];[-0.0664];8590.67404;1600),(289524.00875;[0.8835];[-0.0665];8272.49141;1;0;[0.8744];[-0.0756];8221.55558;1600),(295504.20618;[0.8717];[-0.0783];7865.09761;1;0;[0.8632];[-0.0868];7823.73822;1600),(301582.04031;[0.8314];[-0.1186];7372.34776;1;0;[0.8226];[-0.1274];7339.70179;1600),(308997.22457;[0.6423];[-0.3077];11097.42200;1;0;[0.6378];[-0.3122];10835.74880;1600),(315361.94062;[0.7489];[-0.2011];10626.43673;1;0;[0.7386];[-0.2114];10420.03659;1600),(322192.19947;[0.8267];[-0.1233];10101.60499;1;0;[0.817];[-0.133];9971.93460;1600),(328420.46309;[0.8626];[-0.0874];9451.01735;1;0;[0.8529];[-0.0971];9362.96176;1600),(334435.53829;[0.878];[-0.072];9061.17368;1;0;[0.8694];[-0.0806];8988.04654;1600),(340118.15524;[0.8909];[-0.0591];8649.01469;1;0;[0.8836];[-0.0664];8590.67404;1600),(345643.97192;[0.8835];[-0.0665];8272.49141;1;0;[0.8744];[-0.0756];8221.55558;1600),(351208.63914;[0.8717];[-0.0783];7865.09761;1;0;[0.8632];[-0.0868];7823.73822;1600),(362216.42089;[0.856];[-0.094];7630.71801;1;0;[0.8481];[-0.1019];7593.56191;1600),(362842.36622;[0.8377];[-0.1123];7384.78683;1;0;[0.8307];[-0.1193];7352.60118;1600),(363165.92097;[0.8336];[-0.1164];7377.99163;1;0;[0.8246];[-0.1254];7345.42560;1600),(363757.35044;[0.8343];[-0.1157];7375.97596;1;0;[0.826];[-0.124];7343.62126;1600),(364059.92985;[0.8314];[-0.1186];7372.34776;1;0;[0.8226];[-0.1274];7339.70179;1600),(364337.64505;[0.8314];[-0.1186];7372.34776;1;0;[0.8226];[-0.1274];7339.70179;1600),(370523.46992;[0.6423];[-0.3077];11097.42200;1;0;[0.6378];[-0.3122];10835.74880;1600),(376864.72845;[0.7489];[-0.2011];10626.43673;1;0;[0.7386];[-0.2114];10420.03659;1600),(383268.74304;[0.8267];[-0.1233];10101.60499;1;0;[0.817];[-0.133];9971.93460;1600),(389010.42652;[0.8626];[-0.0874];9451.01735;1;0;[0.8529];[-0.0971];9362.96176;1600),(394946.13671;[0.8782];[-0.0718];9067.77901;1;0;[0.8697];[-0.0803];8994.61103;1600),(400495.54086;[0.8909];[-0.0591];8649.01469;1;0;[0.8836];[-0.0664];8590.67404;1600),(405939.81361;[0.8846];[-0.0654];8276.74746;1;0;[0.8758];[-0.0742];8225.89164;1600),(411919.75141;[0.8699];[-0.0801];7870.48671;1;0;[0.8617];[-0.0883];7828.71567;1600),(423061.06043;[0.8578];[-0.0922];7635.45475;1;0;[0.8505];[-0.0995];7598.47573;1600),(423664.55603;[0.8377];[-0.1123];7384.78683;1;0;[0.8307];[-0.1193];7352.60118;1600),(423984.53999;[0.8336];[-0.1164];7377.99163;1;0;[0.8246];[-0.1254];7345.42560;1600),(424503.41940;[0.8336];[-0.1164];7377.99163;1;0;[0.8246];[-0.1254];7345.42560;1600),(424796.00596;[0.8314];[-0.1186];7372.34776;1;0;[0.8226];[-0.1274];7339.70179;1600),(425117.33747;[0.8314];[-0.1186];7372.34776;1;0;[0.8226];[-0.1274];7339.70179;1600),(431096.04621;[0.6423];[-0.3077];11097.42200;1;0;[0.6378];[-0.3122];10835.74880;1600),(437043.52784;[0.7489];[-0.2011];10626.43673;1;0;[0.7386];[-0.2114];10420.03659;1600),(443279.55675;[0.8267];[-0.1233];10101.60499;1;0;[0.817];[-0.133];9971.93460;1600),(449191.52927;[0.8626];[-0.0874];9451.01735;1;0;[0.8529];[-0.0971];9362.96176;1600),(455057.33585;[0.8788];[-0.0712];9072.07844;1;0;[0.8702];[-0.0798];8998.97874;1600),(460476.73869;[0.8909];[-0.0591];8649.01469;1;0;[0.8836];[-0.0664];8590.67404;1600),(466270.79177;[0.884];[-0.066];8276.96660;1;0;[0.8753];[-0.0747];8226.03369;1600),(471857.12528;[0.8722];[-0.0778];7874.98038;1;0;[0.8638];[-0.0862];7833.46252;1600),(482640.80310;[0.8574];[-0.0926];7636.07597;1;0;[0.8502];[-0.0998];7599.01402;1600),(483497.29276;[0.8377];[-0.1123];7384.78683;1;0;[0.8307];[-0.1193];7352.60118;1600),(483823.62223;[0.8336];[-0.1164];7377.99163;1;0;[0.8246];[-0.1254];7345.42560;1600),(484264.01138;[0.8343];[-0.1157];7375.97596;1;0;[0.826];[-0.124];7343.62126;1600),(484552.10567;[0.8314];[-0.1186];7372.34776;1;0;[0.8226];[-0.1274];7339.70179;1600),(484859.39765;[0.8314];[-0.1186];7372.34776;1;0;[0.8226];[-0.1274];7339.70179;1600),(490708.91118;[0.652];[-0.298];11091.39172;1;0;[0.6462];[-0.3038];10828.15719;1600),(496738.89756;[0.7489];[-0.2011];10626.43673;1;0;[0.7386];[-0.2114];10420.03659;1600),(503049.15094;[0.8269];[-0.1231];10099.07456;1;0;[0.8174];[-0.1326];9969.50041;1600),(508991.47034;[0.8626];[-0.0874];9451.01735;1;0;[0.8529];[-0.0971];9362.96176;1600),(514745.43691;[0.8788];[-0.0712];9072.07844;1;0;[0.8702];[-0.0798];8998.97874;1600),(520218.79435;[0.8909];[-0.0591];8649.01469;1;0;[0.8836];[-0.0664];8590.67404;1600),(525618.31975;[0.885];[-0.065];8279.76204;1;0;[0.8765];[-0.0735];8228.98837;1600),(530887.29167;[0.8737];[-0.0763];7878.50943;1;0;[0.8651];[-0.0849];7837.07655;1600),(542287.84513;[0.8594];[-0.0906];7639.64668;1;0;[0.8522];[-0.0978];7602.75772;1600),(543089.01095;[0.8377];[-0.1123];7384.78683;1;0;[0.8307];[-0.1193];7352.60118;1600),(543517.76147;[0.8336];[-0.1164];7377.99163;1;0;[0.8246];[-0.1254];7345.42560;1600),(544060.90713;[0.8343];[-0.1157];7375.97596;1;0;[0.826];[-0.124];7343.62126;1600),(544348.99974;[0.8314];[-0.1186];7372.34776;1;0;[0.8226];[-0.1274];7339.70179;1600),(544976.41444;[0.8314];[-0.1186];7372.34776;1;0;[0.8226];[-0.1274];7339.70179;1600),(550905.30610;[0.652];[-0.298];11091.39172;1;0;[0.6462];[-0.3038];10828.15719;1600),(557110.67367;[0.7489];[-0.2011];10626.43673;1;0;[0.7386];[-0.2114];10420.03659;1600),(563337.45337;[0.8269];[-0.1231];10099.07456;1;0;[0.8174];[-0.1326];9969.50041;1600),(570159.87992;[0.8625];[-0.0875];9451.48074;1;0;[0.8529];[-0.0971];9363.44333;1600),(576593.85014;[0.8788];[-0.0712];9072.07844;1;0;[0.8702];[-0.0798];8998.97874;1600),(581866.59241;[0.8909];[-0.0591];8649.92512;1;0;[0.8837];[-0.0663];8591.53462;1600),(587481.29058;[0.8842];[-0.0658];8284.24656;1;0;[0.8757];[-0.0743];8233.19023;1600),(593453.51124;[0.8737];[-0.0763];7878.50943;1;0;[0.8651];[-0.0849];7837.07655;1600),(599194.64755;[0.8314];[-0.1186];7372.34776;1;0;[0.8226];[-0.1274];7339.70179;1600),(599901.36623;[0.8314];[-0.1186];7372.34776;1;0;[0.8226];[-0.1274];7339.70179;1600)]"
3,2,10185.088973016005,0.83245,1,0,[0.9498],[-0.0002],611503.2951831818,"[(3488.10315;[0.7409];[-0.2091];12373.02207;1;0;[0.7332];[-0.2168];12199.30871;100),(4937.33239;[0.7409];[-0.2091];12373.02207;1;0;[0.7332];[-0.2168];12199.30871;100),(6795.01605;[0.7375];[-0.2125];12368.20430;1;0;[0.7296];[-0.2204];12192.78182;200),(9623.45624;[0.7178];[-0.2322];12331.00292;1;0;[0.7102];[-0.2398];12148.94507;400),(11042.90843;[0.7178];[-0.2322];12331.00292;1;0;[0.7102];[-0.2398];12148.94507;400),(13021.75117;[0.7178];[-0.2322];12331.00292;1;0;[0.7102];[-0.2398];12148.94507;400),(15108.85072;[0.7178];[-0.2322];12331.00292;1;0;[0.7102];[-0.2398];12148.94507;400),(16758.78119;[0.7178];[-0.2322];12331.00292;1;0;[0.7102];[-0.2398];12148.94507;400),(18575.75727;[0.7178];[-0.2322];12331.00292;1;0;[0.7102];[-0.2398];12148.94507;400),(20443.27140;[0.7217];[-0.2283];12336.50585;1;0;[0.7145];[-0.2355];12154.76035;400),(26800.39001;[0.7742];[-0.1758];12396.96104;1;0;[0.7664];[-0.1836];12235.01421;800),(30613.13558;[0.7742];[-0.1758];12396.96104;1;0;[0.7664];[-0.1836];12235.01421;800),(34231.56428;[0.7742];[-0.1758];12396.96104;1;0;[0.7664];[-0.1836];12235.01421;800),(37860.62145;[0.7742];[-0.1758];12396.96104;1;0;[0.7664];[-0.1836];12235.01421;800),(41435.23574;[0.7742];[-0.1758];12396.96104;1;0;[0.7664];[-0.1836];12235.01421;800),(44808.97141;[0.7742];[-0.1758];12396.96104;1;0;[0.7664];[-0.1836];12235.01421;800),(48386.91735;[0.7742];[-0.1758];12396.96104;1;0;[0.7664];[-0.1836];12235.01421;800),(51731.28963;[0.7742];[-0.1758];12396.96104;1;0;[0.7664];[-0.1836];12235.01421;800),(52392.16208;[0.8849];[-0.0651];11542.30150;1;0;[0.8845];[-0.0655];11423.04471;800),(52958.81271;[0.9518];[0.0018];10173.91633;1;1;[0.9511];[0.0011];10116.25528;800),(53489.67505;[0.9191];[-0.0309];10972.79572;1;0;[0.9225];[-0.0275];10885.68635;800),(54366.90784;[0.9369];[-0.0131];10576.47887;1;0;[0.9379];[-0.0121];10501.54104;800),(55306.90932;[0.9478];[-0.0022];10339.56582;1;0;[0.9487];[-0.0013];10278.62412;800),(55797.13702;[0.9488];[-0.0012];10265.76920;1;0;[0.9483];[-0.0017];10207.42576;800),(56202.97337;[0.9492];[-0.0008];10225.56216;1;0;[0.9486];[-0.0014];10169.48899;800),(56743.32404;[0.9516];[0.0016];10208.05391;1;1;[0.9512];[0.0012];10154.52173;800),(57200.91081;[0.9499];[-0.0001];10201.28811;1;0;[0.9492];[-0.0008];10141.60651;800),(57705.14584;[0.9527];[0.0027];10210.85474;1;1;[0.9518];[0.0018];10157.45685;800),(58331.43234;[0.9527];[0.0027];10210.85474;1;1;[0.9518];[0.0018];10157.45685;800),(59077.80695;[0.9495];[-0.0005];10198.01097;1;0;[0.9492];[-0.0008];10138.28983;800),(59582.63111;[0.9495];[-0.0005];10198.01097;1;0;[0.9492];[-0.0008];10138.28983;800),(60052.06418;[0.9495];[-0.0005];10198.01097;1;0;[0.9492];[-0.0008];10138.28983;800),(60919.59357;[0.9527];[0.0027];10210.85474;1;1;[0.9518];[0.0018];10157.45685;800),(61386.89423;[0.9495];[-0.0005];10198.01097;1;0;[0.9492];[-0.0008];10138.28983;800),(61850.41714;[0.9495];[-0.0005];10198.01097;1;0;[0.9492];[-0.0008];10138.28983;800),(75391.71004;[0.7742];[-0.1758];12396.96104;1;0;[0.7664];[-0.1836];12235.01421;1600),(82188.00545;[0.7742];[-0.1758];12396.96104;1;0;[0.7664];[-0.1836];12235.01421;1600),(88299.45755;[0.7742];[-0.1758];12396.96104;1;0;[0.7664];[-0.1836];12235.01421;1600),(94242.63668;[0.7742];[-0.1758];12396.96104;1;0;[0.7664];[-0.1836];12235.01421;1600),(100327.10910;[0.7742];[-0.1758];12396.96104;1;0;[0.7664];[-0.1836];12235.01421;1600),(106073.81201;[0.7742];[-0.1758];12396.96104;1;0;[0.7664];[-0.1836];12235.01421;1600),(112448.19331;[0.7742];[-0.1758];12396.96104;1;0;[0.7664];[-0.1836];12235.01421;1600),(118279.57296;[0.7742];[-0.1758];12396.96104;1;0;[0.7664];[-0.1836];12235.01421;1600),(123615.48257;[0.7742];[-0.1758];12396.96104;1;0;[0.7664];[-0.1836];12235.01421;1600),(124333.43387;[0.8868];[-0.0632];11549.88769;1;0;[0.8856];[-0.0644];11434.58977;1600),(124755.00131;[0.9523];[0.0023];10209.95346;1;1;[0.9515];[0.0015];10156.53784;1600),(125376.09553;[0.9191];[-0.0309];10977.00278;1;0;[0.9227];[-0.0273];10889.85194;1600),(125971.54713;[0.9358];[-0.0142];10641.66898;1;0;[0.9368];[-0.0132];10567.88540;1600),(126752.32601;[0.9499];[-0.0001];10358.40704;1;1;[0.95];[0.];10297.78221;1600),(127508.96811;[0.9445];[-0.0055];10280.66350;1;0;[0.9454];[-0.0046];10220.26704;1600),(128138.66878;[0.9503];[0.0003];10241.14261;1;0;[0.9498];[-0.0002];10185.08897;1600),(128540.00735;[0.9488];[-0.0012];10265.76920;1;0;[0.9483];[-0.0017];10207.42576;1600),(128940.88936;[0.9477];[-0.0023];10256.94018;1;0;[0.9476];[-0.0024];10198.55273;1600),(129672.26410;[0.9466];[-0.0034];10241.60506;1;0;[0.9471];[-0.0029];10183.23775;1600),(130331.43520;[0.9503];[0.0003];10241.14261;1;0;[0.9498];[-0.0002];10185.08897;1600),(130870.33057;[0.9503];[0.0003];10241.14261;1;0;[0.9498];[-0.0002];10185.08897;1600),(131464.79845;[0.9503];[0.0003];10241.14261;1;0;[0.9498];[-0.0002];10185.08897;1600),(132063.62796;[0.9503];[0.0003];10241.14261;1;0;[0.9498];[-0.0002];10185.08897;1600),(132623.57092;[0.9466];[-0.0034];10241.60506;1;0;[0.9471];[-0.0029];10183.23775;1600),(133238.76762;[0.9466];[-0.0034];10241.60506;1;0;[0.9471];[-0.0029];10183.23775;1600),(134045.78424;[0.9503];[0.0003];10241.14261;1;0;[0.9498];[-0.0002];10185.08897;1600),(157897.37821;[0.7679];[-0.1821];12397.89895;1;0;[0.7601];[-0.1899];12234.48150;3200),(170092.93795;[0.7679];[-0.1821];12397.89895;1;0;[0.7601];[-0.1899];12234.48150;3200),(182597.48840;[0.7679];[-0.1821];12397.89895;1;0;[0.7601];[-0.1899];12234.48150;3200),(194996.82951;[0.7679];[-0.1821];12397.89895;1;0;[0.7601];[-0.1899];12234.48150;3200),(206485.98790;[0.7679];[-0.1821];12397.89895;1;0;[0.7601];[-0.1899];12234.48150;3200),(218213.28306;[0.7679];[-0.1821];12397.89895;1;0;[0.7601];[-0.1899];12234.48150;3200),(230357.47528;[0.7679];[-0.1821];12397.89895;1;0;[0.7601];[-0.1899];12234.48150;3200),(241906.11959;[0.7679];[-0.1821];12397.89895;1;0;[0.7601];[-0.1899];12234.48150;3200),(256141.33644;[0.7679];[-0.1821];12397.89895;1;0;[0.7601];[-0.1899];12234.48150;3200),(268577.11244;[0.7679];[-0.1821];12397.89895;1;0;[0.7601];[-0.1899];12234.48150;3200),(269105.24559;[0.8882];[-0.0618];11536.89754;1;0;[0.8876];[-0.0624];11419.51823;3200),(270172.39499;[0.951];[0.001];10170.27367;1;1;[0.9503];[0.0003];10112.48224;3200),(270837.39924;[0.9172];[-0.0328];10955.58512;1;0;[0.9201];[-0.0299];10869.04357;3200),(271612.65850;[0.9374];[-0.0126];10573.79360;1;0;[0.939];[-0.011];10499.25610;3200),(272318.56632;[0.9486];[-0.0014];10337.57011;1;0;[0.9483];[-0.0017];10276.71173;3200),(272812.44683;[0.9488];[-0.0012];10265.76920;1;0;[0.9483];[-0.0017];10207.42576;3200),(273288.80119;[0.9492];[-0.0008];10225.56216;1;0;[0.9486];[-0.0014];10169.48899;3200),(273761.13081;[0.9516];[0.0016];10208.05391;1;1;[0.9512];[0.0012];10154.52173;3200),(274417.38963;[0.9519];[0.0019];10210.95828;1;1;[0.9512];[0.0012];10157.34097;3200),(275051.15700;[0.9521];[0.0021];10212.15500;1;1;[0.9513];[0.0013];10158.55634;3200),(275817.99769;[0.9481];[-0.0019];10215.34157;1;0;[0.9477];[-0.0023];10159.03557;3200),(276292.88769;[0.949];[-0.001];10213.74254;1;0;[0.9483];[-0.0017];10157.68307;3200),(277139.72592;[0.9521];[0.0021];10212.15500;1;1;[0.9513];[0.0013];10158.55634;3200),(277804.30365;[0.9521];[0.0021];10212.15500;1;1;[0.9513];[0.0013];10158.55634;3200),(278630.31197;[0.9521];[0.0021];10212.15500;1;1;[0.9513];[0.0013];10158.55634;3200),(279532.65095;[0.949];[-0.001];10211.13395;1;0;[0.9482];[-0.0018];10155.59638;3200),(280279.41179;[0.949];[-0.001];10211.13395;1;0;[0.9482];[-0.0018];10155.59638;3200),(330456.88701;[0.7679];[-0.1821];12397.89895;1;0;[0.7601];[-0.1899];12234.48150;6400),(355930.99761;[0.7679];[-0.1821];12397.89895;1;0;[0.7601];[-0.1899];12234.48150;6400),(380557.84678;[0.7679];[-0.1821];12397.89895;1;0;[0.7601];[-0.1899];12234.48150;6400),(404597.32246;[0.7679];[-0.1821];12397.89895;1;0;[0.7601];[-0.1899];12234.48150;6400),(428561.51724;[0.7679];[-0.1821];12397.89895;1;0;[0.7601];[-0.1899];12234.48150;6400),(451183.72536;[0.7679];[-0.1821];12397.89895;1;0;[0.7601];[-0.1899];12234.48150;6400),(473086.69233;[0.7679];[-0.1821];12397.89895;1;0;[0.7601];[-0.1899];12234.48150;6400),(495851.82142;[0.7679];[-0.1821];12397.89895;1;0;[0.7601];[-0.1899];12234.48150;6400),(518563.72309;[0.7679];[-0.1821];12397.89895;1;0;[0.7601];[-0.1899];12234.48150;6400),(541814.84509;[0.7679];[-0.1821];12397.89895;1;0;[0.7601];[-0.1899];12234.48150;6400),(563378.47900;[0.7679];[-0.1821];12397.89895;1;0;[0.7601];[-0.1899];12234.48150;6400),(564305.36199;[0.8868];[-0.0632];11549.88769;1;0;[0.8856];[-0.0644];11434.58977;6400),(565181.28347;[0.952];[0.002];10203.32810;1;1;[0.9512];[0.0012];10149.90666;6400),(565920.51268;[0.9199];[-0.0301];10976.05261;1;0;[0.9231];[-0.0269];10889.03547;6400),(566588.53889;[0.9358];[-0.0142];10641.66898;1;0;[0.9368];[-0.0132];10567.88540;6400),(567315.64736;[0.9497];[-0.0003];10356.83586;1;0;[0.9496];[-0.0004];10296.17628;6400),(568066.40315;[0.9471];[-0.0029];10274.64144;1;0;[0.9469];[-0.0031];10220.30286;6400),(568899.63627;[0.9506];[0.0006];10239.37036;1;1;[0.95];[0.];10183.47359;6400),(569648.64969;[0.9473];[-0.0027];10260.20781;1;0;[0.9473];[-0.0027];10201.71840;6400),(570502.82025;[0.9466];[-0.0034];10241.60506;1;0;[0.9471];[-0.0029];10183.23775;6400),(571199.20349;[0.9499];[-0.0001];10240.60874;1;0;[0.9494];[-0.0006];10184.45875;6400),(571698.37642;[0.9499];[-0.0001];10240.60874;1;0;[0.9494];[-0.0006];10184.45875;6400),(572397.47906;[0.9506];[0.0006];10239.37036;1;1;[0.95];[0.];10183.47359;6400),(573007.96986;[0.9499];[-0.0001];10240.60874;1;0;[0.9494];[-0.0006];10184.45875;6400),(573663.07020;[0.9506];[0.0006];10239.37036;1;1;[0.95];[0.];10183.47359;6400),(574280.99847;[0.9499];[-0.0001];10240.60874;1;0;[0.9494];[-0.0006];10184.45875;6400),(574967.01264;[0.9498];[-0.0002];10239.27320;1;0;[0.9494];[-0.0006];10183.26480;6400),(575682.67870;[0.9506];[0.0006];10239.37036;1;1;[0.95];[0.];10183.47359;6400)]"
3,8,10209.28153384916,0.83443,1,0,[0.9482],[-0.0018],601619.353055954,"[(3363.24525;[0.7208];[-0.2292];12469.49879;1;0;[0.7115];[-0.2385];12161.45143;100),(4590.71136;[0.7208];[-0.2292];12469.49879;1;0;[0.7115];[-0.2385];12161.45143;100),(6795.54868;[0.7208];[-0.2292];12469.49879;1;0;[0.7115];[-0.2385];12161.45143;200),(9981.05574;[0.7457];[-0.2043];12509.80176;1;0;[0.7362];[-0.2138];12217.29098;400),(16101.24755;[0.7393];[-0.2107];12503.18174;1;0;[0.7301];[-0.2199];12208.04651;800),(19964.30635;[0.7393];[-0.2107];12503.18174;1;0;[0.7301];[-0.2199];12208.04651;800),(23536.23533;[0.7393];[-0.2107];12503.18174;1;0;[0.7301];[-0.2199];12208.04651;800),(26928.09987;[0.7393];[-0.2107];12503.18174;1;0;[0.7301];[-0.2199];12208.04651;800),(31123.69609;[0.7393];[-0.2107];12503.18174;1;0;[0.7301];[-0.2199];12208.04651;800),(34536.36408;[0.7393];[-0.2107];12503.18174;1;0;[0.7301];[-0.2199];12208.04651;800),(38792.48309;[0.7393];[-0.2107];12503.18174;1;0;[0.7301];[-0.2199];12208.04651;800),(42949.81480;[0.7393];[-0.2107];12503.18174;1;0;[0.7301];[-0.2199];12208.04651;800),(43633.62980;[0.8856];[-0.0644];11715.58287;1;0;[0.8774];[-0.0726];11530.32830;800),(44338.04965;[0.9493];[-0.0007];10329.78492;1;0;[0.9462];[-0.0038];10231.98395;800),(44709.93733;[0.9902];[0.0402];8412.51255;1;1;[0.9897];[0.0397];8371.86249;800),(45222.92542;[0.968];[0.018];9961.91277;1;1;[0.9667];[0.0167];9888.12089;800),(45859.41362;[0.9597];[0.0097];10156.49494;1;1;[0.9565];[0.0065];10074.47631;800),(46639.57524;[0.9526];[0.0026];10258.60329;1;0;[0.9486];[-0.0014];10169.48899;800),(47134.28569;[0.9516];[0.0016];10300.77064;1;0;[0.9483];[-0.0017];10207.42576;800),(47823.73667;[0.9483];[-0.0017];10314.24184;1;0;[0.9448];[-0.0052];10216.36482;800),(48565.69815;[0.9516];[0.0016];10302.78181;1;0;[0.9482];[-0.0018];10209.28153;800),(49390.85007;[0.9491];[-0.0009];10310.91729;1;0;[0.9452];[-0.0048];10220.28366;800),(50189.73064;[0.9516];[0.0016];10302.78181;1;0;[0.9482];[-0.0018];10209.28153;800),(50897.75252;[0.9472];[-0.0028];10298.29440;1;0;[0.9433];[-0.0067];10200.11770;800),(51859.39145;[0.9472];[-0.0028];10298.31181;1;0;[0.9438];[-0.0062];10200.20598;800),(52769.95063;[0.9516];[0.0016];10302.78181;1;0;[0.9482];[-0.0018];10209.28153;800),(53555.90057;[0.9472];[-0.0028];10298.31181;1;0;[0.9438];[-0.0062];10200.20598;800),(54443.13931;[0.9516];[0.0016];10302.78181;1;0;[0.9482];[-0.0018];10209.28153;800),(55162.62269;[0.9472];[-0.0028];10298.31181;1;0;[0.9438];[-0.0062];10200.20598;800),(67784.24525;[0.7457];[-0.2043];12509.80176;1;0;[0.7362];[-0.2138];12217.29098;1600),(74065.04869;[0.7457];[-0.2043];12509.80176;1;0;[0.7362];[-0.2138];12217.29098;1600),(80415.47489;[0.7457];[-0.2043];12509.80176;1;0;[0.7362];[-0.2138];12217.29098;1600),(86848.95730;[0.7457];[-0.2043];12509.80176;1;0;[0.7362];[-0.2138];12217.29098;1600),(93057.05690;[0.7457];[-0.2043];12509.80176;1;0;[0.7362];[-0.2138];12217.29098;1600),(98983.94799;[0.7457];[-0.2043];12509.80176;1;0;[0.7362];[-0.2138];12217.29098;1600),(105406.50725;[0.7457];[-0.2043];12509.80176;1;0;[0.7362];[-0.2138];12217.29098;1600),(112005.60665;[0.7457];[-0.2043];12509.80176;1;0;[0.7362];[-0.2138];12217.29098;1600),(118420.32099;[0.7457];[-0.2043];12509.80176;1;0;[0.7362];[-0.2138];12217.29098;1600),(118859.10940;[0.888];[-0.062];11689.96891;1;0;[0.8801];[-0.0699];11506.78878;1600),(119392.62080;[0.9495];[-0.0005];10327.19761;1;0;[0.9462];[-0.0038];10229.56394;1600),(119766.51478;[0.9675];[0.0175];9953.54097;1;1;[0.9662];[0.0162];9879.63724;1600),(120433.29167;[0.9587];[0.0087];10150.28440;1;1;[0.9559];[0.0059];10068.05869;1600),(121062.95776;[0.9559];[0.0059];10242.90161;1;1;[0.9513];[0.0013];10158.55634;1600),(121515.71083;[0.9508];[0.0008];10289.08592;1;0;[0.9473];[-0.0027];10195.52347;1600),(122054.90208;[0.9516];[0.0016];10302.78181;1;0;[0.9482];[-0.0018];10209.28153;1600),(122687.02197;[0.9483];[-0.0017];10314.24184;1;0;[0.9448];[-0.0052];10216.36482;1600),(123474.11823;[0.9477];[-0.0023];10300.39049;1;0;[0.9441];[-0.0059];10203.19531;1600),(124282.74894;[0.9516];[0.0016];10302.78181;1;0;[0.9482];[-0.0018];10209.28153;1600),(124786.35240;[0.9472];[-0.0028];10298.31181;1;0;[0.9438];[-0.0062];10200.20598;1600),(125431.90074;[0.9516];[0.0016];10302.78181;1;0;[0.9482];[-0.0018];10209.28153;1600),(125995.75162;[0.9516];[0.0016];10302.78181;1;0;[0.9482];[-0.0018];10209.28153;1600),(126618.35337;[0.9472];[-0.0028];10298.31181;1;0;[0.9438];[-0.0062];10200.20598;1600),(127191.52904;[0.9472];[-0.0028];10298.31181;1;0;[0.9438];[-0.0062];10200.20598;1600),(127760.45513;[0.9472];[-0.0028];10298.31181;1;0;[0.9438];[-0.0062];10200.20598;1600),(132983.87861;[0.7457];[-0.2043];12509.80176;1;0;[0.7362];[-0.2138];12217.29098;1600),(139328.43661;[0.8042];[-0.1458];12295.22950;1;0;[0.7929];[-0.1571];12031.01936;1600),(145340.89565;[0.8732];[-0.0768];11828.43559;1;0;[0.8658];[-0.0842];11628.01418;1600),(151219.89489;[0.9124];[-0.0376];11304.75051;1;0;[0.9067];[-0.0433];11169.09419;1600),(157254.74215;[0.9313];[-0.0187];10919.64043;1;0;[0.9267];[-0.0233];10800.60865;1600),(163128.61967;[0.9427];[-0.0073];10599.27651;1;0;[0.9381];[-0.0119];10494.94566;1600),(169375.68331;[0.9461];[-0.0039];10407.75449;1;0;[0.9428];[-0.0072];10315.46599;1600),(176332.48401;[0.9495];[-0.0005];10340.48588;1;0;[0.9461];[-0.0039];10249.55736;1600),(182455.03259;[0.9472];[-0.0028];10298.31181;1;0;[0.9438];[-0.0062];10200.20598;1600),(182884.40323;[0.9701];[0.0201];9888.98978;1;1;[0.969];[0.019];9813.83657;1600),(183315.96422;[0.957];[0.007];10120.36788;1;1;[0.9528];[0.0028];10030.66035;1600),(183979.50816;[0.9557];[0.0057];10234.13945;1;1;[0.9512];[0.0012];10149.90666;1600),(184417.84120;[0.9539];[0.0039];10271.69452;1;0;[0.9498];[-0.0002];10182.96471;1600),(184938.17449;[0.951];[0.001];10292.01711;1;0;[0.9476];[-0.0024];10198.55273;1600),(185378.42774;[0.9516];[0.0016];10300.77064;1;0;[0.9483];[-0.0017];10207.42576;1600),(185887.84027;[0.9513];[0.0013];10301.63419;1;0;[0.9478];[-0.0022];10208.05391;1600),(186392.17854;[0.9516];[0.0016];10302.78181;1;0;[0.9482];[-0.0018];10209.28153;1600),(186960.77538;[0.9516];[0.0016];10302.78181;1;0;[0.9482];[-0.0018];10209.28153;1600),(187515.34891;[0.9516];[0.0016];10302.78181;1;0;[0.9482];[-0.0018];10209.28153;1600),(188098.77801;[0.9516];[0.0016];10302.78181;1;0;[0.9482];[-0.0018];10209.28153;1600),(188618.17765;[0.9516];[0.0016];10302.78181;1;0;[0.9482];[-0.0018];10209.28153;1600),(189230.95441;[0.9516];[0.0016];10302.78181;1;0;[0.9482];[-0.0018];10209.28153;1600),(189802.42252;[0.9472];[-0.0028];10298.31181;1;0;[0.9438];[-0.0062];10200.20598;1600),(194892.86685;[0.7457];[-0.2043];12509.80176;1;0;[0.7362];[-0.2138];12217.29098;1600),(200945.44101;[0.8042];[-0.1458];12295.22950;1;0;[0.7929];[-0.1571];12031.01936;1600),(206699.00680;[0.8732];[-0.0768];11828.43559;1;0;[0.8658];[-0.0842];11628.01418;1600),(212440.00387;[0.9124];[-0.0376];11304.75051;1;0;[0.9067];[-0.0433];11169.09419;1600),(218981.61888;[0.9313];[-0.0187];10919.64043;1;0;[0.9267];[-0.0233];10800.60865;1600),(224853.88732;[0.9427];[-0.0073];10599.27651;1;0;[0.9381];[-0.0119];10494.94566;1600),(230750.80609;[0.9461];[-0.0039];10407.75449;1;0;[0.9428];[-0.0072];10315.46599;1600),(236412.12511;[0.9495];[-0.0005];10340.48588;1;0;[0.9461];[-0.0039];10249.55736;1600),(241961.31253;[0.9472];[-0.0028];10298.31181;1;0;[0.9438];[-0.0062];10200.20598;1600),(242531.26907;[0.9701];[0.0201];9888.98978;1;1;[0.969];[0.019];9813.83657;1600),(243059.67927;[0.9567];[0.0067];10120.55330;1;1;[0.9528];[0.0028];10030.75756;1600),(243745.42260;[0.9557];[0.0057];10234.13945;1;1;[0.9512];[0.0012];10149.90666;1600),(244254.39787;[0.9539];[0.0039];10271.69452;1;0;[0.9498];[-0.0002];10182.96471;1600),(244776.28469;[0.951];[0.001];10292.01711;1;0;[0.9476];[-0.0024];10198.55273;1600),(245222.22471;[0.9516];[0.0016];10300.77064;1;0;[0.9483];[-0.0017];10207.42576;1600),(245772.31574;[0.9513];[0.0013];10301.63419;1;0;[0.9478];[-0.0022];10208.05391;1600),(246459.06329;[0.9516];[0.0016];10302.78181;1;0;[0.9482];[-0.0018];10209.28153;1600),(247029.16956;[0.9516];[0.0016];10302.78181;1;0;[0.9482];[-0.0018];10209.28153;1600),(247707.59535;[0.9516];[0.0016];10302.78181;1;0;[0.9482];[-0.0018];10209.28153;1600),(248291.06688;[0.9516];[0.0016];10302.78181;1;0;[0.9482];[-0.0018];10209.28153;1600),(249119.13037;[0.9516];[0.0016];10302.78181;1;0;[0.9482];[-0.0018];10209.28153;1600),(249749.19987;[0.9516];[0.0016];10302.78181;1;0;[0.9482];[-0.0018];10209.28153;1600),(250436.34772;[0.9472];[-0.0028];10298.31181;1;0;[0.9438];[-0.0062];10200.20598;1600),(256341.06588;[0.7457];[-0.2043];12509.80176;1;0;[0.7362];[-0.2138];12217.29098;1600),(263181.90217;[0.8102];[-0.1398];12290.82343;1;0;[0.7997];[-0.1503];12031.51868;1600),(269966.83598;[0.8733];[-0.0767];11826.49489;1;0;[0.866];[-0.084];11626.24884;1600),(276963.52339;[0.9106];[-0.0394];11279.05664;1;0;[0.9055];[-0.0445];11143.06865;1600),(283987.05792;[0.9313];[-0.0187];10919.64043;1;0;[0.9267];[-0.0233];10800.60865;1600),(289668.25438;[0.9426];[-0.0074];10598.64707;1;0;[0.938];[-0.012];10494.25478;1600),(296447.89910;[0.9461];[-0.0039];10407.75449;1;0;[0.9428];[-0.0072];10315.46599;1600),(302605.68738;[0.9495];[-0.0005];10340.48588;1;0;[0.9461];[-0.0039];10249.55736;1600),(309300.41265;[0.9472];[-0.0028];10298.31181;1;0;[0.9438];[-0.0062];10200.20598;1600),(309800.25649;[0.9701];[0.0201];9888.98978;1;1;[0.969];[0.019];9813.83657;1600),(310304.99697;[0.957];[0.007];10120.36788;1;1;[0.9528];[0.0028];10030.66035;1600),(310929.46529;[0.9557];[0.0057];10234.13945;1;1;[0.9512];[0.0012];10149.90666;1600),(311481.92596;[0.9539];[0.0039];10271.69452;1;0;[0.9498];[-0.0002];10182.96471;1600),(312129.85110;[0.951];[0.001];10292.01711;1;0;[0.9476];[-0.0024];10198.55273;1600),(312668.28918;[0.9516];[0.0016];10300.77064;1;0;[0.9483];[-0.0017];10207.42576;1600),(313249.08733;[0.9513];[0.0013];10301.63419;1;0;[0.9478];[-0.0022];10208.05391;1600),(313871.28997;[0.9516];[0.0016];10302.78181;1;0;[0.9482];[-0.0018];10209.28153;1600),(314380.85437;[0.9516];[0.0016];10302.78181;1;0;[0.9482];[-0.0018];10209.28153;1600),(314945.07980;[0.9516];[0.0016];10302.78181;1;0;[0.9482];[-0.0018];10209.28153;1600),(315445.97888;[0.9516];[0.0016];10302.78181;1;0;[0.9482];[-0.0018];10209.28153;1600),(316002.13933;[0.9516];[0.0016];10302.78181;1;0;[0.9482];[-0.0018];10209.28153;1600),(316546.94319;[0.9516];[0.0016];10302.78181;1;0;[0.9482];[-0.0018];10209.28153;1600),(317113.03377;[0.9472];[-0.0028];10298.31181;1;0;[0.9438];[-0.0062];10200.20598;1600),(322585.16359;[0.7457];[-0.2043];12509.80176;1;0;[0.7362];[-0.2138];12217.29098;1600),(329252.05898;[0.8102];[-0.1398];12290.82343;1;0;[0.7997];[-0.1503];12031.51868;1600),(334935.13441;[0.8733];[-0.0767];11826.49489;1;0;[0.866];[-0.084];11626.24884;1600),(340708.40001;[0.9106];[-0.0394];11279.05664;1;0;[0.9055];[-0.0445];11143.06865;1600),(346664.40725;[0.9313];[-0.0187];10919.64043;1;0;[0.9267];[-0.0233];10800.60865;1600),(352174.89004;[0.9426];[-0.0074];10598.64707;1;0;[0.938];[-0.012];10494.25478;1600),(357685.28485;[0.9461];[-0.0039];10407.75449;1;0;[0.9428];[-0.0072];10315.46599;1600),(363349.65038;[0.9495];[-0.0005];10340.48588;1;0;[0.9461];[-0.0039];10249.55736;1600),(369781.34155;[0.9472];[-0.0028];10298.31181;1;0;[0.9438];[-0.0062];10200.20598;1600),(370234.60102;[0.9701];[0.0201];9888.98978;1;1;[0.969];[0.019];9813.83657;1600),(370866.90903;[0.957];[0.007];10120.36788;1;1;[0.9528];[0.0028];10030.66035;1600),(371582.70359;[0.9557];[0.0057];10234.13945;1;1;[0.9512];[0.0012];10149.90666;1600),(372075.02031;[0.9539];[0.0039];10271.69452;1;0;[0.9498];[-0.0002];10182.96471;1600),(372581.30026;[0.951];[0.001];10292.01711;1;0;[0.9476];[-0.0024];10198.55273;1600),(372977.19955;[0.9516];[0.0016];10300.77064;1;0;[0.9483];[-0.0017];10207.42576;1600),(373452.06833;[0.9513];[0.0013];10301.63419;1;0;[0.9478];[-0.0022];10208.05391;1600),(373942.93284;[0.9516];[0.0016];10302.78181;1;0;[0.9482];[-0.0018];10209.28153;1600),(374431.05888;[0.9516];[0.0016];10302.78181;1;0;[0.9482];[-0.0018];10209.28153;1600),(374961.85827;[0.9516];[0.0016];10302.78181;1;0;[0.9482];[-0.0018];10209.28153;1600),(375461.12275;[0.9516];[0.0016];10302.78181;1;0;[0.9482];[-0.0018];10209.28153;1600),(375999.37510;[0.9516];[0.0016];10302.78181;1;0;[0.9482];[-0.0018];10209.28153;1600),(376548.79618;[0.9516];[0.0016];10302.78181;1;0;[0.9482];[-0.0018];10209.28153;1600),(377177.03485;[0.9472];[-0.0028];10298.31181;1;0;[0.9438];[-0.0062];10200.20598;1600),(382180.20654;[0.7457];[-0.2043];12509.80176;1;0;[0.7362];[-0.2138];12217.29098;1600),(388333.48322;[0.8102];[-0.1398];12290.82343;1;0;[0.7997];[-0.1503];12031.51868;1600),(394237.50114;[0.8733];[-0.0767];11826.49489;1;0;[0.866];[-0.084];11626.24884;1600),(399790.95721;[0.9106];[-0.0394];11279.05664;1;0;[0.9055];[-0.0445];11143.06865;1600),(405837.64982;[0.9313];[-0.0187];10919.64043;1;0;[0.9267];[-0.0233];10800.60865;1600),(411534.08122;[0.9427];[-0.0073];10599.27651;1;0;[0.9381];[-0.0119];10494.94566;1600),(417436.08308;[0.9461];[-0.0039];10407.75449;1;0;[0.9428];[-0.0072];10315.46599;1600),(423502.06590;[0.9495];[-0.0005];10340.48588;1;0;[0.9461];[-0.0039];10249.55736;1600),(429561.12242;[0.9472];[-0.0028];10298.31181;1;0;[0.9438];[-0.0062];10200.20598;1600),(430060.63461;[0.9701];[0.0201];9888.98978;1;1;[0.969];[0.019];9813.83657;1600),(430528.99218;[0.957];[0.007];10120.36788;1;1;[0.9528];[0.0028];10030.66035;1600),(431030.00474;[0.9557];[0.0057];10234.13945;1;1;[0.9512];[0.0012];10149.90666;1600),(431534.24931;[0.9539];[0.0039];10271.69452;1;0;[0.9498];[-0.0002];10182.96471;1600),(432052.67143;[0.951];[0.001];10292.01711;1;0;[0.9476];[-0.0024];10198.55273;1600),(432446.19346;[0.9516];[0.0016];10300.77064;1;0;[0.9483];[-0.0017];10207.42576;1600),(432937.60633;[0.9513];[0.0013];10301.63419;1;0;[0.9478];[-0.0022];10208.05391;1600),(433478.50251;[0.9516];[0.0016];10302.78181;1;0;[0.9482];[-0.0018];10209.28153;1600),(433976.72033;[0.9516];[0.0016];10302.78181;1;0;[0.9482];[-0.0018];10209.28153;1600),(434537.65798;[0.9516];[0.0016];10302.78181;1;0;[0.9482];[-0.0018];10209.28153;1600),(435052.10400;[0.9516];[0.0016];10302.78181;1;0;[0.9482];[-0.0018];10209.28153;1600),(435562.30807;[0.9516];[0.0016];10302.78181;1;0;[0.9482];[-0.0018];10209.28153;1600),(436105.53908;[0.9516];[0.0016];10302.78181;1;0;[0.9482];[-0.0018];10209.28153;1600),(436556.79464;[0.9472];[-0.0028];10298.31181;1;0;[0.9438];[-0.0062];10200.20598;1600),(441670.67981;[0.7457];[-0.2043];12509.80176;1;0;[0.7362];[-0.2138];12217.29098;1600),(447990.12733;[0.8102];[-0.1398];12290.82343;1;0;[0.7997];[-0.1503];12031.51868;1600),(453526.81947;[0.8733];[-0.0767];11826.49489;1;0;[0.866];[-0.084];11626.24884;1600),(459183.26378;[0.9106];[-0.0394];11279.05664;1;0;[0.9055];[-0.0445];11143.06865;1600),(465260.97250;[0.9313];[-0.0187];10919.64043;1;0;[0.9267];[-0.0233];10800.60865;1600),(470918.94865;[0.9427];[-0.0073];10599.27651;1;0;[0.9381];[-0.0119];10494.94566;1600),(476566.15901;[0.9461];[-0.0039];10407.75449;1;0;[0.9428];[-0.0072];10315.46599;1600),(482359.49922;[0.9495];[-0.0005];10340.48588;1;0;[0.9461];[-0.0039];10249.55736;1600),(488236.64498;[0.9472];[-0.0028];10298.31181;1;0;[0.9438];[-0.0062];10200.20598;1600),(488667.56248;[0.9701];[0.0201];9888.98978;1;1;[0.969];[0.019];9813.83657;1600),(489281.23999;[0.957];[0.007];10120.36788;1;1;[0.9528];[0.0028];10030.66035;1600),(489957.04436;[0.9557];[0.0057];10234.13945;1;1;[0.9512];[0.0012];10149.90666;1600),(490510.50615;[0.9539];[0.0039];10271.69452;1;0;[0.9498];[-0.0002];10182.96471;1600),(491086.91001;[0.951];[0.001];10292.01711;1;0;[0.9476];[-0.0024];10198.55273;1600),(491559.91387;[0.9516];[0.0016];10300.77064;1;0;[0.9483];[-0.0017];10207.42576;1600),(492081.15315;[0.9513];[0.0013];10301.63419;1;0;[0.9478];[-0.0022];10208.05391;1600),(492614.13550;[0.9516];[0.0016];10302.78181;1;0;[0.9482];[-0.0018];10209.28153;1600),(493133.87775;[0.9516];[0.0016];10302.78181;1;0;[0.9482];[-0.0018];10209.28153;1600),(493836.80344;[0.9516];[0.0016];10302.78181;1;0;[0.9482];[-0.0018];10209.28153;1600),(494391.88123;[0.9516];[0.0016];10302.78181;1;0;[0.9482];[-0.0018];10209.28153;1600),(494934.75819;[0.9516];[0.0016];10302.78181;1;0;[0.9482];[-0.0018];10209.28153;1600),(495551.87345;[0.9516];[0.0016];10302.78181;1;0;[0.9482];[-0.0018];10209.28153;1600),(496230.30972;[0.9472];[-0.0028];10298.31181;1;0;[0.9438];[-0.0062];10200.20598;1600),(501472.42332;[0.7457];[-0.2043];12509.80176;1;0;[0.7362];[-0.2138];12217.29098;1600),(507662.65440;[0.8102];[-0.1398];12290.82343;1;0;[0.7997];[-0.1503];12031.51868;1600),(513534.22046;[0.8733];[-0.0767];11826.49489;1;0;[0.866];[-0.084];11626.24884;1600),(519257.10797;[0.9106];[-0.0394];11279.05664;1;0;[0.9055];[-0.0445];11143.06865;1600),(525080.30891;[0.9313];[-0.0187];10919.64043;1;0;[0.9267];[-0.0233];10800.60865;1600),(530510.29730;[0.9427];[-0.0073];10599.27651;1;0;[0.9381];[-0.0119];10494.94566;1600),(536524.79291;[0.9461];[-0.0039];10407.75449;1;0;[0.9428];[-0.0072];10315.46599;1600),(542653.07570;[0.9495];[-0.0005];10340.48588;1;0;[0.9461];[-0.0039];10249.55736;1600),(549268.57400;[0.9472];[-0.0028];10298.31181;1;0;[0.9438];[-0.0062];10200.20598;1600),(549698.28510;[0.9701];[0.0201];9888.98978;1;1;[0.969];[0.019];9813.83657;1600),(550167.62447;[0.957];[0.007];10120.36788;1;1;[0.9528];[0.0028];10030.66035;1600),(550809.45587;[0.9557];[0.0057];10234.13945;1;1;[0.9512];[0.0012];10149.90666;1600),(551288.28239;[0.9539];[0.0039];10271.69452;1;0;[0.9498];[-0.0002];10182.96471;1600),(551822.61801;[0.951];[0.001];10292.01711;1;0;[0.9476];[-0.0024];10198.55273;1600),(552208.92167;[0.9516];[0.0016];10300.77064;1;0;[0.9483];[-0.0017];10207.42576;1600),(552705.79696;[0.9513];[0.0013];10301.63419;1;0;[0.9478];[-0.0022];10208.05391;1600),(553197.98851;[0.9516];[0.0016];10302.78181;1;0;[0.9482];[-0.0018];10209.28153;1600),(553720.56389;[0.9516];[0.0016];10302.78181;1;0;[0.9482];[-0.0018];10209.28153;1600),(554260.46681;[0.9516];[0.0016];10302.78181;1;0;[0.9482];[-0.0018];10209.28153;1600),(554776.66211;[0.9516];[0.0016];10302.78181;1;0;[0.9482];[-0.0018];10209.28153;1600),(555297.60909;[0.9516];[0.0016];10302.78181;1;0;[0.9482];[-0.0018];10209.28153;1600),(555785.52651;[0.9516];[0.0016];10302.78181;1;0;[0.9482];[-0.0018];10209.28153;1600),(556356.96626;[0.9472];[-0.0028];10298.31181;1;0;[0.9438];[-0.0062];10200.20598;1600),(561720.20340;[0.7457];[-0.2043];12509.80176;1;0;[0.7362];[-0.2138];12217.29098;1600),(568253.20697;[0.8102];[-0.1398];12290.82343;1;0;[0.7997];[-0.1503];12031.51868;1600),(573621.53506;[0.8733];[-0.0767];11826.49489;1;0;[0.866];[-0.084];11626.24884;1600),(579144.02318;[0.9106];[-0.0394];11279.05664;1;0;[0.9055];[-0.0445];11143.06865;1600),(585246.42348;[0.9313];[-0.0187];10919.64043;1;0;[0.9267];[-0.0233];10800.60865;1600),(591209.38993;[0.9427];[-0.0073];10599.27651;1;0;[0.9381];[-0.0119];10494.94566;1600),(596501.16158;[0.9461];[-0.0039];10407.75449;1;0;[0.9428];[-0.0072];10315.46599;1600)]"
3,10,10120.758391269786,0.8272,1,1,[0.952],[0.002],615941.3273334503,"[(3383.86869;[0.6903];[-0.2597];12338.98913;1;0;[0.6839];[-0.2661];12082.83778;100),(4587.77404;[0.6903];[-0.2597];12338.98913;1;0;[0.6839];[-0.2661];12082.83778;100),(6667.70005;[0.6961];[-0.2539];12359.97192;1;0;[0.6907];[-0.2593];12106.31999;200),(9925.69876;[0.6986];[-0.2514];12370.28193;1;0;[0.6927];[-0.2573];12118.24008;400),(11589.96272;[0.6986];[-0.2514];12370.28193;1;0;[0.6927];[-0.2573];12118.24008;400),(13135.25224;[0.6986];[-0.2514];12370.28193;1;0;[0.6927];[-0.2573];12118.24008;400),(15763.33094;[0.6986];[-0.2514];12370.28193;1;0;[0.6927];[-0.2573];12118.24008;400),(17439.41641;[0.6986];[-0.2514];12370.28193;1;0;[0.6927];[-0.2573];12118.24008;400),(19033.16426;[0.6986];[-0.2514];12370.28193;1;0;[0.6927];[-0.2573];12118.24008;400),(20835.38866;[0.6986];[-0.2514];12370.28193;1;0;[0.6927];[-0.2573];12118.24008;400),(21446.14577;[0.8569];[-0.0931];11813.86228;1;0;[0.86];[-0.09];11661.17726;400),(22007.32327;[0.942];[-0.008];10375.97871;1;0;[0.9451];[-0.0049];10295.08798;400),(22672.29438;[0.9848];[0.0348];9063.57421;1;1;[0.9837];[0.0337];9022.94209;400),(23023.03791;[0.9588];[0.0088];10013.30737;1;1;[0.9608];[0.0108];9957.73842;400),(23591.59732;[0.9458];[-0.0042];10201.56006;1;0;[0.9484];[-0.0016];10132.34934;400),(24325.95968;[0.9523];[0.0023];10101.16993;1;1;[0.9538];[0.0038];10037.26069;400),(24875.66185;[0.9527];[0.0027];10163.45463;1;1;[0.9543];[0.0043];10099.84668;400),(25587.15725;[0.95];[0.];10187.21558;1;1;[0.952];[0.002];10120.75839;400),(26304.59881;[0.9482];[-0.0018];10169.75404;1;1;[0.9501];[0.0001];10103.07181;400),(27067.03639;[0.9532];[0.0032];10165.02769;1;1;[0.9548];[0.0048];10101.54106;400),(27647.00317;[0.9472];[-0.0028];10159.65701;1;0;[0.9492];[-0.0008];10092.74498;400),(28371.17338;[0.948];[-0.002];10150.11020;1;1;[0.9507];[0.0007];10087.24889;400),(29190.48452;[0.9532];[0.0032];10165.02769;1;1;[0.9548];[0.0048];10101.54106;400),(29820.12272;[0.9523];[0.0023];10164.21386;1;1;[0.9541];[0.0041];10100.44044;400),(30460.77919;[0.9523];[0.0023];10164.21386;1;1;[0.9541];[0.0041];10100.44044;400),(31023.65708;[0.9523];[0.0023];10164.21386;1;1;[0.9541];[0.0041];10100.44044;400),(31581.20275;[0.948];[-0.002];10150.11020;1;1;[0.9507];[0.0007];10087.24889;400),(38580.88207;[0.7358];[-0.2142];12446.70139;1;0;[0.7301];[-0.2199];12208.04651;800),(41890.87439;[0.7358];[-0.2142];12446.70139;1;0;[0.7301];[-0.2199];12208.04651;800),(45538.01441;[0.7358];[-0.2142];12446.70139;1;0;[0.7301];[-0.2199];12208.04651;800),(48668.75958;[0.7358];[-0.2142];12446.70139;1;0;[0.7301];[-0.2199];12208.04651;800),(51780.41101;[0.7358];[-0.2142];12446.70139;1;0;[0.7301];[-0.2199];12208.04651;800),(55171.06771;[0.7358];[-0.2142];12446.70139;1;0;[0.7301];[-0.2199];12208.04651;800),(58268.95118;[0.7358];[-0.2142];12446.70139;1;0;[0.7301];[-0.2199];12208.04651;800),(61886.05785;[0.7358];[-0.2142];12446.70139;1;0;[0.7301];[-0.2199];12208.04651;800),(62426.93901;[0.8555];[-0.0945];11837.03234;1;0;[0.8584];[-0.0916];11682.64068;800),(62934.24058;[0.9383];[-0.0117];10539.89526;1;0;[0.9411];[-0.0089];10464.63674;800),(63320.39928;[0.9834];[0.0334];9267.47313;1;1;[0.9819];[0.0319];9223.55916;800),(63912.81009;[0.9584];[0.0084];10063.47882;1;1;[0.9604];[0.0104];10004.77704;800),(64499.35961;[0.9441];[-0.0059];10266.19269;1;0;[0.9476];[-0.0024];10198.55273;800),(65112.75887;[0.9532];[0.0032];10165.02769;1;1;[0.9548];[0.0048];10101.54106;800),(65528.50437;[0.9499];[-0.0001];10220.12307;1;1;[0.9513];[0.0013];10158.55634;800),(66208.23264;[0.9471];[-0.0029];10198.19258;1;0;[0.9497];[-0.0003];10136.44002;800),(66923.54131;[0.9485];[-0.0015];10176.78669;1;1;[0.9502];[0.0002];10110.66653;800),(67553.09987;[0.9475];[-0.0025];10165.44384;1;0;[0.9494];[-0.0006];10098.61804;800),(68163.45906;[0.9523];[0.0023];10164.21386;1;1;[0.9541];[0.0041];10100.44044;800),(68726.24969;[0.9526];[0.0026];10164.50985;1;1;[0.9543];[0.0043];10100.73983;800),(69271.78645;[0.9526];[0.0026];10164.50985;1;1;[0.9543];[0.0043];10100.73983;800),(69838.50217;[0.9475];[-0.0025];10165.44384;1;0;[0.9494];[-0.0006];10098.61804;800),(70436.72585;[0.9475];[-0.0025];10162.98785;1;0;[0.9494];[-0.0006];10096.80234;800),(71173.81835;[0.9475];[-0.0025];10161.65549;1;0;[0.9494];[-0.0006];10095.60839;800),(71625.60654;[0.9475];[-0.0025];10161.65549;1;0;[0.9494];[-0.0006];10095.60839;800),(81592.04125;[0.7555];[-0.1945];12461.82767;1;0;[0.7519];[-0.1981];12231.79494;1600),(86693.13622;[0.7555];[-0.1945];12461.82767;1;0;[0.7519];[-0.1981];12231.79494;1600),(92022.77899;[0.7555];[-0.1945];12461.82767;1;0;[0.7519];[-0.1981];12231.79494;1600),(97518.17012;[0.7555];[-0.1945];12461.82767;1;0;[0.7519];[-0.1981];12231.79494;1600),(103564.40377;[0.7555];[-0.1945];12461.82767;1;0;[0.7519];[-0.1981];12231.79494;1600),(109908.11944;[0.7555];[-0.1945];12461.82767;1;0;[0.7519];[-0.1981];12231.79494;1600),(115947.78466;[0.7555];[-0.1945];12461.82767;1;0;[0.7519];[-0.1981];12231.79494;1600),(121504.73785;[0.7555];[-0.1945];12461.82767;1;0;[0.7519];[-0.1981];12231.79494;1600),(128109.40051;[0.7555];[-0.1945];12461.82767;1;0;[0.7519];[-0.1981];12231.79494;1600),(128538.71584;[0.8603];[-0.0897];11792.69181;1;0;[0.8636];[-0.0864];11642.96314;1600),(129103.61028;[0.9407];[-0.0093];10398.91948;1;0;[0.9424];[-0.0076];10325.76351;1600),(129520.54000;[0.9852];[0.0352];9074.31650;1;1;[0.984];[0.034];9033.66112;1600),(129889.08792;[0.9603];[0.0103];10029.83161;1;1;[0.9626];[0.0126];9974.37269;1600),(130459.52129;[0.9498];[-0.0002];10218.91977;1;1;[0.9512];[0.0012];10157.34097;1600),(130908.23984;[0.9547];[0.0047];10126.70451;1;1;[0.9558];[0.0058];10066.27929;1600),(131328.06540;[0.9532];[0.0032];10165.02769;1;1;[0.9548];[0.0048];10101.54106;1600),(132023.46778;[0.9476];[-0.0024];10195.45422;1;1;[0.95];[0.];10133.90676;1600),(132765.46693;[0.9481];[-0.0019];10174.92839;1;1;[0.9501];[0.0001];10108.15870;1600),(133435.47463;[0.9532];[0.0032];10165.02769;1;1;[0.9548];[0.0048];10101.54106;1600),(134032.09424;[0.9482];[-0.0018];10169.75404;1;1;[0.9501];[0.0001];10103.07181;1600),(134724.14899;[0.9532];[0.0032];10165.02769;1;1;[0.9548];[0.0048];10101.54106;1600),(135358.91032;[0.953];[0.003];10165.78046;1;1;[0.9546];[0.0046];10102.11734;1600),(135866.54162;[0.953];[0.003];10165.78046;1;1;[0.9546];[0.0046];10102.11734;1600),(136492.10811;[0.9482];[-0.0018];10168.64644;1;1;[0.9501];[0.0001];10102.17907;1600),(137205.36780;[0.953];[0.003];10165.78046;1;1;[0.9546];[0.0046];10102.11734;1600),(137898.98610;[0.953];[0.003];10165.78046;1;1;[0.9546];[0.0046];10102.11734;1600),(160990.90695;[0.7488];[-0.2012];12460.58814;1;0;[0.7459];[-0.2041];12227.83299;3200),(173474.00141;[0.7488];[-0.2012];12460.58814;1;0;[0.7459];[-0.2041];12227.83299;3200),(186350.54588;[0.7488];[-0.2012];12460.58814;1;0;[0.7459];[-0.2041];12227.83299;3200),(198407.03702;[0.7488];[-0.2012];12460.58814;1;0;[0.7459];[-0.2041];12227.83299;3200),(209504.13275;[0.7488];[-0.2012];12460.58814;1;0;[0.7459];[-0.2041];12227.83299;3200),(221141.17885;[0.7488];[-0.2012];12460.58814;1;0;[0.7459];[-0.2041];12227.83299;3200),(232743.09635;[0.7488];[-0.2012];12460.58814;1;0;[0.7459];[-0.2041];12227.83299;3200),(244294.04211;[0.7488];[-0.2012];12460.58814;1;0;[0.7459];[-0.2041];12227.83299;3200),(258117.30409;[0.7488];[-0.2012];12460.58814;1;0;[0.7459];[-0.2041];12227.83299;3200),(270401.34597;[0.7488];[-0.2012];12460.58814;1;0;[0.7459];[-0.2041];12227.83299;3200),(271105.25942;[0.8645];[-0.0855];11755.19317;1;0;[0.8691];[-0.0809];11608.78739;3200),(271868.33143;[0.9385];[-0.0115];10303.71201;1;0;[0.9422];[-0.0078];10230.62426;3200),(272324.71371;[0.9929];[0.0429];8166.13732;1;1;[0.9917];[0.0417];8138.57277;3200),(272886.00731;[0.9641];[0.0141];9917.14803;1;1;[0.965];[0.015];9862.70215;3200),(273553.54071;[0.9547];[0.0047];10131.25582;1;1;[0.9558];[0.0058];10070.73240;3200),(274290.06863;[0.9454];[-0.0046];10222.39789;1;0;[0.9483];[-0.0017];10157.68307;3200),(274937.03818;[0.9482];[-0.0018];10169.75404;1;1;[0.9501];[0.0001];10103.07181;3200),(275419.86513;[0.9524];[0.0024];10157.04195;1;1;[0.9543];[0.0043];10093.50771;3200),(275952.85320;[0.953];[0.003];10163.82439;1;1;[0.9546];[0.0046];10100.32568;3200),(276706.49147;[0.9532];[0.0032];10165.02769;1;1;[0.9548];[0.0048];10101.54106;3200),(277246.97471;[0.9475];[-0.0025];10165.44384;1;0;[0.9494];[-0.0006];10098.61804;3200),(278007.64370;[0.9532];[0.0032];10165.02769;1;1;[0.9548];[0.0048];10101.54106;3200),(278730.56149;[0.9532];[0.0032];10165.02769;1;1;[0.9548];[0.0048];10101.54106;3200),(279282.73964;[0.9532];[0.0032];10165.02769;1;1;[0.9548];[0.0048];10101.54106;3200),(279869.15398;[0.9532];[0.0032];10165.02769;1;1;[0.9548];[0.0048];10101.54106;3200),(280388.61632;[0.9475];[-0.0025];10162.98785;1;0;[0.9494];[-0.0006];10096.80234;3200),(280939.92686;[0.9475];[-0.0025];10162.98785;1;0;[0.9494];[-0.0006];10096.80234;3200),(330752.95663;[0.7555];[-0.1945];12461.82767;1;0;[0.7519];[-0.1981];12231.79494;6400),(355830.29342;[0.7555];[-0.1945];12461.82767;1;0;[0.7519];[-0.1981];12231.79494;6400),(380816.36024;[0.7555];[-0.1945];12461.82767;1;0;[0.7519];[-0.1981];12231.79494;6400),(404697.82186;[0.7555];[-0.1945];12461.82767;1;0;[0.7519];[-0.1981];12231.79494;6400),(428306.24628;[0.7555];[-0.1945];12461.82767;1;0;[0.7519];[-0.1981];12231.79494;6400),(452162.74214;[0.7555];[-0.1945];12461.82767;1;0;[0.7519];[-0.1981];12231.79494;6400),(475215.15298;[0.7555];[-0.1945];12461.82767;1;0;[0.7519];[-0.1981];12231.79494;6400),(498942.34300;[0.7555];[-0.1945];12461.82767;1;0;[0.7519];[-0.1981];12231.79494;6400),(521993.62946;[0.7555];[-0.1945];12461.82767;1;0;[0.7519];[-0.1981];12231.79494;6400),(544462.25929;[0.7555];[-0.1945];12461.82767;1;0;[0.7519];[-0.1981];12231.79494;6400),(569083.64630;[0.7555];[-0.1945];12461.82767;1;0;[0.7519];[-0.1981];12231.79494;6400),(569749.60351;[0.8639];[-0.0861];11755.83103;1;0;[0.868];[-0.082];11609.14970;6400),(570332.29303;[0.9416];[-0.0084];10329.01366;1;0;[0.9437];[-0.0063];10259.43364;6400),(570958.16612;[0.9915];[0.0415];8428.08975;1;1;[0.9901];[0.0401];8397.34540;6400),(571349.37382;[0.9666];[0.0166];9942.55031;1;1;[0.9667];[0.0167];9888.12089;6400),(571983.87504;[0.9506];[0.0006];10140.35196;1;1;[0.952];[0.002];10076.63886;6400),(572427.47545;[0.947];[-0.003];10245.99077;1;0;[0.9494];[-0.0006];10181.35200;6400),(573057.64866;[0.9471];[-0.0029];10191.83916;1;0;[0.9497];[-0.0003];10130.17491;6400),(573644.05704;[0.9532];[0.0032];10165.02769;1;1;[0.9548];[0.0048];10101.54106;6400),(574303.24650;[0.9484];[-0.0016];10179.24268;1;1;[0.9503];[0.0003];10112.48224;6400),(575235.85010;[0.9475];[-0.0025];10165.44384;1;0;[0.9494];[-0.0006];10098.61804;6400),(575931.40554;[0.9532];[0.0032];10165.02769;1;1;[0.9548];[0.0048];10101.54106;6400),(576504.54307;[0.9532];[0.0032];10165.02769;1;1;[0.9548];[0.0048];10101.54106;6400),(577102.51904;[0.9475];[-0.0025];10165.44384;1;0;[0.9494];[-0.0006];10098.61804;6400),(577814.97931;[0.9532];[0.0032];10165.02769;1;1;[0.9548];[0.0048];10101.54106;6400),(578464.68258;[0.9532];[0.0032];10165.02769;1;1;[0.9548];[0.0048];10101.54106;6400),(579132.52282;[0.9475];[-0.0025];10165.44384;1;0;[0.9494];[-0.0006];10098.61804;6400),(579944.88049;[0.9475];[-0.0025];10164.33624;1;0;[0.9494];[-0.0006];10097.72530;6400)]"
5,2,8399.208594898822,0.8692,1,0,[0.6861],[-0.2639],600496.6406822205,"[(3460.46996;[0.5123];[-0.4377];9779.74916;1;0;[0.5075];[-0.4425];9643.10464;100),(5015.85102;[0.5123];[-0.4377];9779.74916;1;0;[0.5075];[-0.4425];9643.10464;100),(6935.33397;[0.5127];[-0.4373];9777.17122;1;0;[0.5078];[-0.4422];9639.08144;200),(10418.12849;[0.5088];[-0.4412];9745.32063;1;0;[0.503];[-0.447];9600.89896;400),(12350.51441;[0.5088];[-0.4412];9745.32063;1;0;[0.503];[-0.447];9600.89896;400),(14235.09359;[0.5088];[-0.4412];9745.32063;1;0;[0.503];[-0.447];9600.89896;400),(16332.15261;[0.5088];[-0.4412];9745.32063;1;0;[0.503];[-0.447];9600.89896;400),(17971.92478;[0.5088];[-0.4412];9745.32063;1;0;[0.503];[-0.447];9600.89896;400),(19574.80073;[0.5088];[-0.4412];9745.32063;1;0;[0.503];[-0.447];9600.89896;400),(21483.46853;[0.5088];[-0.4412];9745.32063;1;0;[0.503];[-0.447];9600.89896;400),(22072.66855;[0.6683];[-0.2817];8693.59487;1;0;[0.6608];[-0.2892];8629.57103;400),(23075.31738;[0.6833];[-0.2667];8290.32934;1;0;[0.6744];[-0.2756];8244.76372;400),(23818.38989;[0.6148];[-0.3352];7698.61132;1;0;[0.6097];[-0.3403];7660.13261;400),(24248.77524;[0.4922];[-0.4578];7065.92538;1;0;[0.4913];[-0.4587];7038.56250;400),(24921.93413;[0.4275];[-0.5225];6850.39198;1;0;[0.4268];[-0.5232];6825.77898;400),(25577.12793;[0.3393];[-0.6107];6586.42192;1;0;[0.3342];[-0.6158];6564.14933;400),(26198.58718;[0.3372];[-0.6128];6579.51015;1;0;[0.3333];[-0.6167];6557.14945;400),(26789.65378;[0.3372];[-0.6128];6579.51015;1;0;[0.3333];[-0.6167];6557.14945;400),(27199.56279;[0.3372];[-0.6128];6579.51015;1;0;[0.3333];[-0.6167];6557.14945;400),(29376.12796;[0.5206];[-0.4294];9750.37294;1;0;[0.5148];[-0.4352];9603.39485;400),(36033.72860;[0.5196];[-0.4304];9794.26595;1;0;[0.5153];[-0.4347];9663.14663;800),(39425.38643;[0.5196];[-0.4304];9794.26595;1;0;[0.5153];[-0.4347];9663.14663;800),(42959.06162;[0.5196];[-0.4304];9794.26595;1;0;[0.5153];[-0.4347];9663.14663;800),(46576.23219;[0.5196];[-0.4304];9794.26595;1;0;[0.5153];[-0.4347];9663.14663;800),(50196.48194;[0.5196];[-0.4304];9794.26595;1;0;[0.5153];[-0.4347];9663.14663;800),(53511.73210;[0.5196];[-0.4304];9794.26595;1;0;[0.5153];[-0.4347];9663.14663;800),(56876.30749;[0.5196];[-0.4304];9794.26595;1;0;[0.5153];[-0.4347];9663.14663;800),(60097.82004;[0.5196];[-0.4304];9794.26595;1;0;[0.5153];[-0.4347];9663.14663;800),(60513.78059;[0.669];[-0.281];8589.30500;1;0;[0.6609];[-0.2891];8528.18487;800),(61390.43403;[0.6783];[-0.2717];8139.63719;1;0;[0.6712];[-0.2788];8098.30644;800),(61827.32940;[0.5962];[-0.3538];7517.46330;1;0;[0.5907];[-0.3593];7484.88451;800),(62145.23888;[0.4264];[-0.5236];6845.43481;1;0;[0.4253];[-0.5247];6820.81276;800),(62491.66322;[0.2398];[-0.7102];6332.65737;1;0;[0.2275];[-0.7225];6313.30465;800),(63073.62318;[0.2398];[-0.7102];6332.65737;1;0;[0.2275];[-0.7225];6313.30465;800),(63360.54373;[0.2402];[-0.7098];6327.94800;1;0;[0.2282];[-0.7218];6308.40096;800),(64050.51637;[0.1264];[-0.8236];6039.02336;1;0;[0.1191];[-0.8309];6022.34881;800),(66984.04622;[0.5375];[-0.4125];9784.38685;1;0;[0.5304];[-0.4196];9651.00006;800),(70186.20300;[0.6095];[-0.3405];9388.98872;1;0;[0.6041];[-0.3459];9271.24742;800),(73547.03641;[0.6862];[-0.2638];8919.69495;1;0;[0.6784];[-0.2716];8843.87886;800),(76769.01197;[0.6946];[-0.2554];8445.44358;1;0;[0.6861];[-0.2639];8399.20859;800),(80655.44319;[0.6448];[-0.3052];7886.06777;1;0;[0.6376];[-0.3124];7845.76025;800),(83484.61413;[0.5554];[-0.3946];7323.52729;1;0;[0.5515];[-0.3985];7293.75397;800),(86656.70872;[0.4291];[-0.5209];6858.46183;1;0;[0.4289];[-0.5211];6833.78475;800),(89757.48396;[0.1264];[-0.8236];6039.02336;1;0;[0.1191];[-0.8309];6022.34881;800),(90799.78013;[0.1264];[-0.8236];6039.02336;1;0;[0.1191];[-0.8309];6022.34881;800),(93715.17229;[0.5375];[-0.4125];9784.38685;1;0;[0.5304];[-0.4196];9651.00006;800),(97110.20780;[0.6095];[-0.3405];9388.98872;1;0;[0.6041];[-0.3459];9271.24742;800),(100341.95161;[0.6862];[-0.2638];8919.69495;1;0;[0.6784];[-0.2716];8843.87886;800),(103592.56029;[0.6946];[-0.2554];8445.44358;1;0;[0.6861];[-0.2639];8399.20859;800),(107402.32134;[0.6448];[-0.3052];7886.06777;1;0;[0.6376];[-0.3124];7845.76025;800),(110307.05833;[0.5554];[-0.3946];7323.52729;1;0;[0.5515];[-0.3985];7293.75397;800),(113444.90004;[0.4291];[-0.5209];6858.46183;1;0;[0.4289];[-0.5211];6833.78475;800),(116659.66940;[0.1264];[-0.8236];6039.02336;1;0;[0.1191];[-0.8309];6022.34881;800),(117864.43520;[0.1264];[-0.8236];6039.02336;1;0;[0.1191];[-0.8309];6022.34881;800),(121129.84300;[0.5375];[-0.4125];9784.38685;1;0;[0.5304];[-0.4196];9651.00006;800),(124622.67971;[0.6119];[-0.3381];9379.60009;1;0;[0.6072];[-0.3428];9262.49709;800),(128187.33358;[0.6873];[-0.2627];8917.98363;1;0;[0.6791];[-0.2709];8842.49316;800),(131411.37528;[0.6946];[-0.2554];8445.44358;1;0;[0.6861];[-0.2639];8399.20859;800),(134828.14789;[0.6448];[-0.3052];7886.06777;1;0;[0.6376];[-0.3124];7845.76025;800),(137758.95762;[0.5554];[-0.3946];7323.52729;1;0;[0.5515];[-0.3985];7293.75397;800),(141158.67281;[0.4291];[-0.5209];6858.46183;1;0;[0.4289];[-0.5211];6833.78475;800),(144168.95747;[0.1264];[-0.8236];6039.02336;1;0;[0.1191];[-0.8309];6022.34881;800),(145294.46101;[0.1264];[-0.8236];6039.02336;1;0;[0.1191];[-0.8309];6022.34881;800),(147983.94203;[0.5375];[-0.4125];9784.38685;1;0;[0.5304];[-0.4196];9651.00006;800),(150913.88392;[0.6119];[-0.3381];9379.60009;1;0;[0.6072];[-0.3428];9262.49709;800),(153991.06097;[0.6873];[-0.2627];8917.98363;1;0;[0.6791];[-0.2709];8842.49316;800),(157374.86100;[0.6946];[-0.2554];8445.44358;1;0;[0.6861];[-0.2639];8399.20859;800),(161375.44727;[0.6448];[-0.3052];7886.06777;1;0;[0.6376];[-0.3124];7845.76025;800),(164615.40222;[0.5554];[-0.3946];7323.52729;1;0;[0.5515];[-0.3985];7293.75397;800),(167623.03305;[0.4291];[-0.5209];6858.46183;1;0;[0.4289];[-0.5211];6833.78475;800),(170655.18260;[0.1264];[-0.8236];6039.02336;1;0;[0.1191];[-0.8309];6022.34881;800),(171541.66317;[0.1264];[-0.8236];6039.02336;1;0;[0.1191];[-0.8309];6022.34881;800),(174169.84034;[0.5375];[-0.4125];9784.38685;1;0;[0.5304];[-0.4196];9651.00006;800),(177862.96010;[0.6119];[-0.3381];9379.60009;1;0;[0.6072];[-0.3428];9262.49709;800),(180995.65792;[0.6873];[-0.2627];8917.98363;1;0;[0.6791];[-0.2709];8842.49316;800),(184150.64263;[0.6946];[-0.2554];8445.44358;1;0;[0.6861];[-0.2639];8399.20859;800),(187432.80196;[0.6448];[-0.3052];7886.06777;1;0;[0.6376];[-0.3124];7845.76025;800),(190827.07310;[0.5554];[-0.3946];7323.52729;1;0;[0.5515];[-0.3985];7293.75397;800),(193791.94880;[0.4291];[-0.5209];6858.46183;1;0;[0.4289];[-0.5211];6833.78475;800),(196711.54690;[0.1264];[-0.8236];6039.02336;1;0;[0.1191];[-0.8309];6022.34881;800),(197659.79266;[0.1264];[-0.8236];6039.02336;1;0;[0.1191];[-0.8309];6022.34881;800),(200582.31521;[0.5375];[-0.4125];9784.38685;1;0;[0.5304];[-0.4196];9651.00006;800),(203713.27400;[0.6119];[-0.3381];9379.60009;1;0;[0.6072];[-0.3428];9262.49709;800),(206642.38787;[0.6873];[-0.2627];8917.98363;1;0;[0.6791];[-0.2709];8842.49316;800),(209823.43793;[0.6946];[-0.2554];8445.44358;1;0;[0.6861];[-0.2639];8399.20859;800),(213569.47303;[0.6448];[-0.3052];7886.06777;1;0;[0.6376];[-0.3124];7845.76025;800),(216631.77967;[0.5554];[-0.3946];7323.52729;1;0;[0.5515];[-0.3985];7293.75397;800),(220006.44088;[0.4291];[-0.5209];6858.46183;1;0;[0.4289];[-0.5211];6833.78475;800),(223042.89532;[0.1264];[-0.8236];6039.02336;1;0;[0.1191];[-0.8309];6022.34881;800),(224025.58589;[0.1264];[-0.8236];6039.02336;1;0;[0.1191];[-0.8309];6022.34881;800),(227084.84888;[0.5375];[-0.4125];9784.38685;1;0;[0.5304];[-0.4196];9651.00006;800),(230010.94937;[0.6119];[-0.3381];9379.60009;1;0;[0.6072];[-0.3428];9262.49709;800),(233287.05001;[0.6873];[-0.2627];8917.98363;1;0;[0.6791];[-0.2709];8842.49316;800),(236414.03317;[0.6946];[-0.2554];8445.44358;1;0;[0.6861];[-0.2639];8399.20859;800),(240402.15921;[0.6435];[-0.3065];7885.54619;1;0;[0.637];[-0.313];7845.07325;800),(243432.01828;[0.5554];[-0.3946];7323.52729;1;0;[0.5515];[-0.3985];7293.75397;800),(246706.71082;[0.4291];[-0.5209];6858.46183;1;0;[0.4289];[-0.5211];6833.78475;800),(249880.62096;[0.1264];[-0.8236];6039.02336;1;0;[0.1191];[-0.8309];6022.34881;800),(251026.09754;[0.1264];[-0.8236];6039.02336;1;0;[0.1191];[-0.8309];6022.34881;800),(254281.95739;[0.5375];[-0.4125];9784.38685;1;0;[0.5304];[-0.4196];9651.00006;800),(257215.81888;[0.6119];[-0.3381];9379.60009;1;0;[0.6072];[-0.3428];9262.49709;800),(260536.06415;[0.6873];[-0.2627];8917.98363;1;0;[0.6791];[-0.2709];8842.49316;800),(263590.54399;[0.6946];[-0.2554];8445.44358;1;0;[0.6861];[-0.2639];8399.20859;800),(267214.55073;[0.6435];[-0.3065];7885.54619;1;0;[0.637];[-0.313];7845.07325;800),(270434.14140;[0.5554];[-0.3946];7323.52729;1;0;[0.5515];[-0.3985];7293.75397;800),(273405.43723;[0.4291];[-0.5209];6858.46183;1;0;[0.4289];[-0.5211];6833.78475;800),(276378.93081;[0.1264];[-0.8236];6039.02336;1;0;[0.1191];[-0.8309];6022.34881;800),(277291.84437;[0.1264];[-0.8236];6039.02336;1;0;[0.1191];[-0.8309];6022.34881;800),(279958.76884;[0.5375];[-0.4125];9784.38685;1;0;[0.5304];[-0.4196];9651.00006;800),(283278.27621;[0.6119];[-0.3381];9379.60009;1;0;[0.6072];[-0.3428];9262.49709;800),(286149.66750;[0.6873];[-0.2627];8917.98363;1;0;[0.6791];[-0.2709];8842.49316;800),(289409.40976;[0.6946];[-0.2554];8445.44358;1;0;[0.6861];[-0.2639];8399.20859;800),(293052.43945;[0.6435];[-0.3065];7885.54619;1;0;[0.637];[-0.313];7845.07325;800),(296312.56366;[0.5554];[-0.3946];7323.52729;1;0;[0.5515];[-0.3985];7293.75397;800),(299289.08300;[0.4291];[-0.5209];6858.46183;1;0;[0.4289];[-0.5211];6833.78475;800),(303162.21356;[0.1264];[-0.8236];6039.02336;1;0;[0.1191];[-0.8309];6022.34881;800),(304145.95318;[0.1264];[-0.8236];6039.02336;1;0;[0.1191];[-0.8309];6022.34881;800),(307408.80489;[0.5375];[-0.4125];9784.38685;1;0;[0.5304];[-0.4196];9651.00006;800),(310745.26978;[0.6119];[-0.3381];9379.60009;1;0;[0.6072];[-0.3428];9262.49709;800),(313727.93126;[0.6873];[-0.2627];8917.98363;1;0;[0.6791];[-0.2709];8842.49316;800),(316965.99579;[0.6946];[-0.2554];8445.44358;1;0;[0.6861];[-0.2639];8399.20859;800),(320828.14765;[0.6435];[-0.3065];7885.54619;1;0;[0.637];[-0.313];7845.07325;800),(323997.98846;[0.5554];[-0.3946];7323.52729;1;0;[0.5515];[-0.3985];7293.75397;800),(326990.50570;[0.4291];[-0.5209];6858.46183;1;0;[0.4289];[-0.5211];6833.78475;800),(329980.42750;[0.1264];[-0.8236];6039.02336;1;0;[0.1191];[-0.8309];6022.34881;800),(333378.87001;[0.5375];[-0.4125];9784.38685;1;0;[0.5304];[-0.4196];9651.00006;800),(336344.84529;[0.6117];[-0.3383];9378.93847;1;0;[0.6072];[-0.3428];9261.86037;800),(339109.44152;[0.6862];[-0.2638];8910.93864;1;0;[0.6782];[-0.2718];8835.42690;800),(342511.71446;[0.688];[-0.262];8397.72890;1;0;[0.6809];[-0.2691];8350.15900;800),(346175.33231;[0.6435];[-0.3065];7885.54619;1;0;[0.637];[-0.313];7845.07325;800),(349196.95592;[0.5554];[-0.3946];7323.52729;1;0;[0.5515];[-0.3985];7293.75397;800),(352236.24086;[0.4291];[-0.5209];6858.46183;1;0;[0.4289];[-0.5211];6833.78475;800),(358512.07399;[0.3394];[-0.6106];6590.29031;1;0;[0.3339];[-0.6161];6568.21722;800),(358967.97228;[0.2478];[-0.7022];6353.92063;1;0;[0.2344];[-0.7156];6334.49846;800),(359355.56173;[0.2413];[-0.7087];6334.23096;1;0;[0.2294];[-0.7206];6314.77761;800),(359714.38670;[0.2402];[-0.7098];6327.94800;1;0;[0.2282];[-0.7218];6308.40096;800),(360411.65304;[0.2402];[-0.7098];6327.94800;1;0;[0.2282];[-0.7218];6308.40096;800),(363715.79051;[0.5375];[-0.4125];9784.38685;1;0;[0.5304];[-0.4196];9651.00006;800),(366451.43390;[0.6119];[-0.3381];9379.60009;1;0;[0.6072];[-0.3428];9262.49709;800),(369347.88752;[0.6862];[-0.2638];8910.93864;1;0;[0.6782];[-0.2718];8835.42690;800),(372766.37888;[0.6816];[-0.2684];8397.71525;1;0;[0.6728];[-0.2772];8347.87524;800),(375400.42686;[0.6457];[-0.3043];7892.16666;1;0;[0.6382];[-0.3118];7851.76660;800),(378052.09565;[0.556];[-0.394];7324.41290;1;0;[0.5521];[-0.3979];7294.73897;800),(380916.82768;[0.4303];[-0.5197];6863.58765;1;0;[0.4304];[-0.5196];6838.99369;800),(383531.85320;[0.2402];[-0.7098];6327.94800;1;0;[0.2282];[-0.7218];6308.40096;800),(384321.51771;[0.2402];[-0.7098];6327.94800;1;0;[0.2282];[-0.7218];6308.40096;800),(386800.38476;[0.5326];[-0.4174];9784.37275;1;0;[0.5256];[-0.4244];9647.48865;800),(389478.54042;[0.6119];[-0.3381];9379.60009;1;0;[0.6072];[-0.3428];9262.49709;800),(392328.22466;[0.6862];[-0.2638];8910.93864;1;0;[0.6782];[-0.2718];8835.42690;800),(395948.80795;[0.6816];[-0.2684];8397.71525;1;0;[0.6728];[-0.2772];8347.87524;800),(399494.09914;[0.6457];[-0.3043];7892.16666;1;0;[0.6382];[-0.3118];7851.76660;800),(402591.19129;[0.556];[-0.394];7324.41290;1;0;[0.5521];[-0.3979];7294.73897;800),(405527.15015;[0.4303];[-0.5197];6863.58765;1;0;[0.4304];[-0.5196];6838.99369;800),(408147.81904;[0.2402];[-0.7098];6327.94800;1;0;[0.2282];[-0.7218];6308.40096;800),(408900.72417;[0.2402];[-0.7098];6327.94800;1;0;[0.2282];[-0.7218];6308.40096;800),(411685.72187;[0.5326];[-0.4174];9784.37275;1;0;[0.5256];[-0.4244];9647.48865;800),(414435.09579;[0.612];[-0.338];9374.60511;1;0;[0.6076];[-0.3424];9259.96506;800),(417694.40842;[0.6862];[-0.2638];8910.93864;1;0;[0.6782];[-0.2718];8835.42690;800),(420728.22356;[0.6816];[-0.2684];8397.71525;1;0;[0.6728];[-0.2772];8347.87524;800),(423590.37566;[0.6457];[-0.3043];7892.16666;1;0;[0.6382];[-0.3118];7851.76660;800),(426245.37659;[0.556];[-0.394];7324.41290;1;0;[0.5521];[-0.3979];7294.73897;800),(429023.98944;[0.4303];[-0.5197];6863.58765;1;0;[0.4304];[-0.5196];6838.99369;800),(431852.76389;[0.2402];[-0.7098];6327.94800;1;0;[0.2282];[-0.7218];6308.40096;800),(432721.02857;[0.2402];[-0.7098];6327.94800;1;0;[0.2282];[-0.7218];6308.40096;800),(435593.25981;[0.5326];[-0.4174];9784.37275;1;0;[0.5256];[-0.4244];9647.48865;800),(438564.89015;[0.612];[-0.338];9374.60511;1;0;[0.6076];[-0.3424];9259.96506;800),(441208.97341;[0.6862];[-0.2638];8910.93864;1;0;[0.6782];[-0.2718];8835.42690;800),(444272.22228;[0.6816];[-0.2684];8397.71525;1;0;[0.6728];[-0.2772];8347.87524;800),(447203.30453;[0.6457];[-0.3043];7892.16666;1;0;[0.6382];[-0.3118];7851.76660;800),(450012.53200;[0.556];[-0.394];7324.41290;1;0;[0.5521];[-0.3979];7294.73897;800),(452996.01793;[0.4303];[-0.5197];6863.58765;1;0;[0.4304];[-0.5196];6838.99369;800),(455701.21622;[0.2402];[-0.7098];6327.94800;1;0;[0.2282];[-0.7218];6308.40096;800),(456367.80334;[0.2402];[-0.7098];6327.94800;1;0;[0.2282];[-0.7218];6308.40096;800),(458910.45523;[0.5326];[-0.4174];9784.37275;1;0;[0.5256];[-0.4244];9647.48865;800),(461994.96388;[0.612];[-0.338];9374.60511;1;0;[0.6076];[-0.3424];9259.96506;800),(464849.27440;[0.6862];[-0.2638];8910.93864;1;0;[0.6782];[-0.2718];8835.42690;800),(467874.43590;[0.6816];[-0.2684];8397.71525;1;0;[0.6728];[-0.2772];8347.87524;800),(470841.28022;[0.6457];[-0.3043];7892.16666;1;0;[0.6382];[-0.3118];7851.76660;800),(473524.55974;[0.556];[-0.394];7324.41290;1;0;[0.5521];[-0.3979];7294.73897;800),(476318.65788;[0.4303];[-0.5197];6863.58765;1;0;[0.4304];[-0.5196];6838.99369;800),(479165.16614;[0.2402];[-0.7098];6327.94800;1;0;[0.2282];[-0.7218];6308.40096;800),(479943.91251;[0.2402];[-0.7098];6327.94800;1;0;[0.2282];[-0.7218];6308.40096;800),(482458.24838;[0.5326];[-0.4174];9784.37275;1;0;[0.5256];[-0.4244];9647.48865;800),(485565.58537;[0.612];[-0.338];9374.60511;1;0;[0.6076];[-0.3424];9259.96506;800),(488731.50015;[0.6862];[-0.2638];8910.93864;1;0;[0.6782];[-0.2718];8835.42690;800),(492075.65737;[0.6816];[-0.2684];8397.71525;1;0;[0.6728];[-0.2772];8347.87524;800),(495080.12533;[0.6457];[-0.3043];7892.16666;1;0;[0.6382];[-0.3118];7851.76660;800),(497852.08011;[0.556];[-0.394];7324.41290;1;0;[0.5521];[-0.3979];7294.73897;800),(500825.53291;[0.4303];[-0.5197];6863.58765;1;0;[0.4304];[-0.5196];6838.99369;800),(503450.84262;[0.2402];[-0.7098];6327.94800;1;0;[0.2282];[-0.7218];6308.40096;800),(504197.81637;[0.2402];[-0.7098];6327.94800;1;0;[0.2282];[-0.7218];6308.40096;800),(507528.68009;[0.5375];[-0.4125];9784.38685;1;0;[0.5304];[-0.4196];9651.00006;800),(510416.53061;[0.6142];[-0.3358];9366.48014;1;0;[0.6105];[-0.3395];9250.13984;800),(513393.67890;[0.691];[-0.259];8893.76751;1;0;[0.6824];[-0.2676];8820.37326;800),(516546.95940;[0.6816];[-0.2684];8397.71525;1;0;[0.6728];[-0.2772];8347.87524;800),(519322.15738;[0.6457];[-0.3043];7892.16666;1;0;[0.6382];[-0.3118];7851.76660;800),(522330.98269;[0.556];[-0.394];7324.41290;1;0;[0.5521];[-0.3979];7294.73897;800),(525332.01241;[0.4303];[-0.5197];6863.58765;1;0;[0.4304];[-0.5196];6838.99369;800),(527926.06187;[0.2402];[-0.7098];6327.94800;1;0;[0.2282];[-0.7218];6308.40096;800),(528699.79858;[0.2402];[-0.7098];6327.94800;1;0;[0.2282];[-0.7218];6308.40096;800),(531347.30530;[0.5375];[-0.4125];9784.38685;1;0;[0.5304];[-0.4196];9651.00006;800),(534541.99576;[0.6142];[-0.3358];9366.48014;1;0;[0.6105];[-0.3395];9250.13984;800),(537340.70396;[0.691];[-0.259];8893.76751;1;0;[0.6824];[-0.2676];8820.37326;800),(540612.58841;[0.6816];[-0.2684];8397.71525;1;0;[0.6728];[-0.2772];8347.87524;800),(543852.02932;[0.6457];[-0.3043];7892.16666;1;0;[0.6382];[-0.3118];7851.76660;800),(546920.32385;[0.556];[-0.394];7324.41290;1;0;[0.5521];[-0.3979];7294.73897;800),(550029.00290;[0.4303];[-0.5197];6863.58765;1;0;[0.4304];[-0.5196];6838.99369;800),(552963.79590;[0.2402];[-0.7098];6327.94800;1;0;[0.2282];[-0.7218];6308.40096;800),(556260.64181;[0.5375];[-0.4125];9784.38685;1;0;[0.5304];[-0.4196];9651.00006;800),(559224.71142;[0.6142];[-0.3358];9366.48014;1;0;[0.6105];[-0.3395];9250.13984;800),(562610.70132;[0.691];[-0.259];8893.76751;1;0;[0.6824];[-0.2676];8820.37326;800),(565774.01876;[0.6816];[-0.2684];8397.71525;1;0;[0.6728];[-0.2772];8347.87524;800),(568847.03255;[0.6457];[-0.3043];7892.16666;1;0;[0.6382];[-0.3118];7851.76660;800),(571782.45592;[0.556];[-0.394];7324.41290;1;0;[0.5521];[-0.3979];7294.73897;800),(574707.32737;[0.4303];[-0.5197];6863.58765;1;0;[0.4304];[-0.5196];6838.99369;800),(580554.38113;[0.3439];[-0.6061];6602.08806;1;0;[0.3378];[-0.6122];6579.87582;800),(580991.39810;[0.2478];[-0.7022];6353.92063;1;0;[0.2344];[-0.7156];6334.49846;800),(581318.84289;[0.2413];[-0.7087];6334.23096;1;0;[0.2294];[-0.7206];6314.77761;800),(581811.47408;[0.2398];[-0.7102];6332.65737;1;0;[0.2275];[-0.7225];6313.30465;800),(582158.37407;[0.2398];[-0.7102];6332.65737;1;0;[0.2275];[-0.7225];6313.30465;800),(582415.87281;[0.2398];[-0.7102];6332.65737;1;0;[0.2275];[-0.7225];6313.30465;800),(582692.62218;[0.2402];[-0.7098];6327.94800;1;0;[0.2282];[-0.7218];6308.40096;800),(585461.27820;[0.5326];[-0.4174];9784.37275;1;0;[0.5256];[-0.4244];9647.48865;800),(588478.19805;[0.6142];[-0.3358];9366.48014;1;0;[0.6105];[-0.3395];9250.13984;800),(591463.14573;[0.691];[-0.259];8893.76751;1;0;[0.6824];[-0.2676];8820.37326;800),(594344.19560;[0.6904];[-0.2596];8423.41311;1;0;[0.6832];[-0.2668];8377.01187;800),(597116.65010;[0.6603];[-0.2897];7975.32519;1;0;[0.6534];[-0.2966];7935.58799;800)]"
5,8,8477.71256650007,0.87732,1,0,[0.6899],[-0.2601],606906.8195819855,"[(3711.26509;[0.5142];[-0.4358];9863.17539;1;0;[0.5031];[-0.4469];9599.58530;100),(5279.23441;[0.5142];[-0.4358];9863.17539;1;0;[0.5031];[-0.4469];9599.58530;100),(6473.88935;[0.5142];[-0.4358];9863.17539;1;0;[0.5031];[-0.4469];9599.58530;100),(7097.48554;[0.5142];[-0.4358];9863.17539;1;0;[0.5031];[-0.4469];9599.58530;100),(7846.82751;[0.5142];[-0.4358];9863.17539;1;0;[0.5031];[-0.4469];9599.58530;100),(8597.33295;[0.5142];[-0.4358];9863.17539;1;0;[0.5031];[-0.4469];9599.58530;100),(8969.45167;[0.6604];[-0.2896];9122.26102;1;0;[0.6535];[-0.2965];8989.06252;100),(11106.75097;[0.5142];[-0.4358];9863.17539;1;0;[0.5031];[-0.4469];9599.58530;200),(12490.09347;[0.5142];[-0.4358];9863.17539;1;0;[0.5031];[-0.4469];9599.58530;200),(13726.75252;[0.5142];[-0.4358];9863.17539;1;0;[0.5031];[-0.4469];9599.58530;200),(14927.18124;[0.5142];[-0.4358];9863.17539;1;0;[0.5031];[-0.4469];9599.58530;200),(15940.39273;[0.5142];[-0.4358];9863.17539;1;0;[0.5031];[-0.4469];9599.58530;200),(17020.74933;[0.5142];[-0.4358];9863.17539;1;0;[0.5031];[-0.4469];9599.58530;200),(17415.20000;[0.6732];[-0.2768];9039.46494;1;0;[0.6656];[-0.2844];8920.55147;200),(21581.49815;[0.5182];[-0.4318];9893.76092;1;0;[0.5075];[-0.4425];9643.10464;400),(23551.96714;[0.5182];[-0.4318];9893.76092;1;0;[0.5075];[-0.4425];9643.10464;400),(26070.47391;[0.5182];[-0.4318];9893.76092;1;0;[0.5075];[-0.4425];9643.10464;400),(28255.33724;[0.5182];[-0.4318];9893.76092;1;0;[0.5075];[-0.4425];9643.10464;400),(30253.65067;[0.5182];[-0.4318];9893.76092;1;0;[0.5075];[-0.4425];9643.10464;400),(32070.50228;[0.5182];[-0.4318];9893.76092;1;0;[0.5075];[-0.4425];9643.10464;400),(34260.94604;[0.5182];[-0.4318];9893.76092;1;0;[0.5075];[-0.4425];9643.10464;400),(34942.33775;[0.6819];[-0.2681];8725.09472;1;0;[0.6736];[-0.2764];8627.98226;400),(35467.69118;[0.6785];[-0.2715];8294.61461;1;0;[0.6708];[-0.2792];8223.07042;400),(35856.18067;[0.6279];[-0.3221];7716.87437;1;0;[0.6206];[-0.3294];7664.62960;400),(36301.52535;[0.5011];[-0.4489];7097.36243;1;0;[0.4963];[-0.4537];7058.56843;400),(36882.59506;[0.3418];[-0.6082];6595.65667;1;0;[0.3347];[-0.6153];6565.41915;400),(37471.62437;[0.3401];[-0.6099];6587.86311;1;0;[0.3339];[-0.6161];6557.58771;400),(37866.41359;[0.3376];[-0.6124];6580.32347;1;0;[0.3319];[-0.6181];6549.92252;400),(38229.86913;[0.3348];[-0.6152];6570.95972;1;0;[0.3292];[-0.6208];6540.49878;400),(40102.17810;[0.5419];[-0.4081];9872.85117;1;0;[0.5302];[-0.4198];9633.53360;400),(42189.97002;[0.6136];[-0.3364];9440.70588;1;0;[0.6076];[-0.3424];9259.96506;400),(43755.10478;[0.674];[-0.276];9042.63900;1;0;[0.6658];[-0.2842];8923.82127;400),(45550.38261;[0.6931];[-0.2569];8577.31955;1;0;[0.6843];[-0.2657];8496.02945;400),(47164.12497;[0.6787];[-0.2713];8157.63068;1;0;[0.669];[-0.281];8094.22650;400),(49209.88703;[0.5932];[-0.3568];7513.98148;1;0;[0.5852];[-0.3648];7465.95175;400),(52654.64830;[0.4966];[-0.4534];7078.09800;1;0;[0.4914];[-0.4586];7038.85993;400),(53112.99944;[0.3391];[-0.6109];6587.25956;1;0;[0.3333];[-0.6167];6557.14945;400),(53693.12048;[0.3376];[-0.6124];6580.32347;1;0;[0.3319];[-0.6181];6549.92252;400),(54082.07774;[0.3376];[-0.6124];6580.32347;1;0;[0.3319];[-0.6181];6549.92252;400),(56451.08271;[0.5422];[-0.4078];9859.59422;1;0;[0.5308];[-0.4192];9618.68870;400),(63112.82969;[0.5175];[-0.4325];9889.51298;1;0;[0.5062];[-0.4438];9636.14048;800),(66913.64455;[0.5175];[-0.4325];9889.51298;1;0;[0.5062];[-0.4438];9636.14048;800),(70217.74125;[0.5175];[-0.4325];9889.51298;1;0;[0.5062];[-0.4438];9636.14048;800),(73533.40983;[0.5175];[-0.4325];9889.51298;1;0;[0.5062];[-0.4438];9636.14048;800),(76482.64050;[0.5175];[-0.4325];9889.51298;1;0;[0.5062];[-0.4438];9636.14048;800),(79562.86979;[0.5175];[-0.4325];9889.51298;1;0;[0.5062];[-0.4438];9636.14048;800),(82600.19040;[0.5175];[-0.4325];9889.51298;1;0;[0.5062];[-0.4438];9636.14048;800),(86009.83572;[0.5175];[-0.4325];9889.51298;1;0;[0.5062];[-0.4438];9636.14048;800),(86458.85277;[0.6715];[-0.2785];8713.66938;1;0;[0.6639];[-0.2861];8610.21747;800),(86967.11159;[0.6882];[-0.2618];8289.58365;1;0;[0.6807];[-0.2693];8223.35813;800),(87685.20045;[0.619];[-0.331];7728.03782;1;0;[0.6119];[-0.3381];7670.75465;800),(88254.18901;[0.5056];[-0.4444];7120.58909;1;0;[0.5012];[-0.4488];7082.08125;800),(88776.60680;[0.4363];[-0.5137];6877.04376;1;0;[0.4317];[-0.5183];6842.99104;800),(89101.04561;[0.4299];[-0.5201];6855.21656;1;0;[0.4255];[-0.5245];6820.93150;800),(89556.38671;[0.347];[-0.603];6616.08753;1;0;[0.3395];[-0.6105];6586.23283;800),(90110.92591;[0.3418];[-0.6082];6595.65667;1;0;[0.3347];[-0.6153];6565.41915;800),(90406.83770;[0.3407];[-0.6093];6594.12829;1;0;[0.3342];[-0.6158];6564.14933;800),(90826.90215;[0.3391];[-0.6109];6587.25956;1;0;[0.3333];[-0.6167];6557.14945;800),(93945.42170;[0.5371];[-0.4129];9881.54758;1;0;[0.5236];[-0.4264];9634.57978;800),(97438.73334;[0.6119];[-0.3381];9446.17918;1;0;[0.6072];[-0.3428];9262.49709;800),(100697.33644;[0.678];[-0.272];9022.41352;1;0;[0.6692];[-0.2808];8906.37374;800),(104199.41115;[0.6985];[-0.2515];8554.21996;1;0;[0.6899];[-0.2601];8477.71257;800),(106938.51495;[0.681];[-0.269];8168.62325;1;0;[0.6719];[-0.2781];8105.44911;800),(110225.49725;[0.6252];[-0.3248];7704.79427;1;0;[0.6186];[-0.3314];7652.33152;800),(113483.46329;[0.5053];[-0.4447];7117.72938;1;0;[0.501];[-0.449];7079.38204;800),(119253.07775;[0.435];[-0.515];6873.11695;1;0;[0.4304];[-0.5196];6838.99369;800),(119621.23132;[0.4296];[-0.5204];6855.02880;1;0;[0.4253];[-0.5247];6820.81276;800),(120026.34096;[0.3466];[-0.6034];6615.74839;1;0;[0.3392];[-0.6108];6585.96412;800),(120477.72622;[0.3412];[-0.6088];6594.75163;1;0;[0.3345];[-0.6155];6564.69957;800),(120943.43233;[0.3391];[-0.6109];6587.25956;1;0;[0.3333];[-0.6167];6557.14945;800),(121297.47915;[0.3391];[-0.6109];6587.25956;1;0;[0.3333];[-0.6167];6557.14945;800),(121609.19690;[0.3391];[-0.6109];6587.25956;1;0;[0.3333];[-0.6167];6557.14945;800),(121968.93120;[0.3391];[-0.6109];6587.25956;1;0;[0.3333];[-0.6167];6557.14945;800),(124977.51570;[0.5371];[-0.4129];9881.54758;1;0;[0.5236];[-0.4264];9634.57978;800),(128137.63666;[0.6121];[-0.3379];9445.73271;1;0;[0.6076];[-0.3424];9262.31866;800),(132131.50692;[0.6805];[-0.2695];9002.02280;1;0;[0.6711];[-0.2789];8888.46317;800),(135708.40287;[0.6985];[-0.2515];8554.21996;1;0;[0.6899];[-0.2601];8477.71257;800),(138753.88813;[0.681];[-0.269];8168.62325;1;0;[0.6719];[-0.2781];8105.44911;800),(141698.88258;[0.6261];[-0.3239];7708.52071;1;0;[0.6192];[-0.3308];7656.12942;800),(144550.63605;[0.5053];[-0.4447];7117.72938;1;0;[0.501];[-0.449];7079.38204;800),(147569.49091;[0.3391];[-0.6109];6587.25956;1;0;[0.3333];[-0.6167];6557.14945;800),(151437.13737;[0.5371];[-0.4129];9881.54758;1;0;[0.5236];[-0.4264];9634.57978;800),(154465.75475;[0.6121];[-0.3379];9445.73271;1;0;[0.6076];[-0.3424];9262.31866;800),(157772.10331;[0.6805];[-0.2695];9002.02280;1;0;[0.6711];[-0.2789];8888.46317;800),(160916.40449;[0.6985];[-0.2515];8554.21996;1;0;[0.6899];[-0.2601];8477.71257;800),(163905.09558;[0.681];[-0.269];8168.62325;1;0;[0.6719];[-0.2781];8105.44911;800),(167342.61799;[0.6261];[-0.3239];7708.52071;1;0;[0.6192];[-0.3308];7656.12942;800),(171175.25864;[0.5053];[-0.4447];7117.72938;1;0;[0.501];[-0.449];7079.38204;800),(177255.61357;[0.4363];[-0.5137];6877.04376;1;0;[0.4317];[-0.5183];6842.99104;800),(177699.28980;[0.4299];[-0.5201];6855.21656;1;0;[0.4255];[-0.5245];6820.93150;800),(178092.18907;[0.3466];[-0.6034];6615.74839;1;0;[0.3392];[-0.6108];6585.96412;800),(178497.83301;[0.3412];[-0.6088];6594.75163;1;0;[0.3345];[-0.6155];6564.69957;800),(178850.43359;[0.3391];[-0.6109];6587.25956;1;0;[0.3333];[-0.6167];6557.14945;800),(179248.07596;[0.3391];[-0.6109];6587.25956;1;0;[0.3333];[-0.6167];6557.14945;800),(182087.42929;[0.5354];[-0.4146];9871.24971;1;0;[0.5224];[-0.4276];9618.86093;800),(193520.31088;[0.5193];[-0.4307];9894.72007;1;0;[0.5086];[-0.4414];9646.86037;1600),(199729.01154;[0.5193];[-0.4307];9894.72007;1;0;[0.5086];[-0.4414];9646.86037;1600),(205785.53104;[0.5193];[-0.4307];9894.72007;1;0;[0.5086];[-0.4414];9646.86037;1600),(212453.23396;[0.5193];[-0.4307];9894.72007;1;0;[0.5086];[-0.4414];9646.86037;1600),(218468.63294;[0.5193];[-0.4307];9894.72007;1;0;[0.5086];[-0.4414];9646.86037;1600),(224272.77017;[0.5193];[-0.4307];9894.72007;1;0;[0.5086];[-0.4414];9646.86037;1600),(229735.98146;[0.5193];[-0.4307];9894.72007;1;0;[0.5086];[-0.4414];9646.86037;1600),(236268.65578;[0.5193];[-0.4307];9894.72007;1;0;[0.5086];[-0.4414];9646.86037;1600),(242125.55242;[0.5193];[-0.4307];9894.72007;1;0;[0.5086];[-0.4414];9646.86037;1600),(242733.34050;[0.6704];[-0.2796];8702.76139;1;0;[0.6629];[-0.2871];8599.40929;1600),(243114.68744;[0.6863];[-0.2637];8282.54390;1;0;[0.6792];[-0.2708];8216.01949;1600),(243594.92707;[0.6279];[-0.3221];7716.87437;1;0;[0.6206];[-0.3294];7664.62960;1600),(244009.61375;[0.5];[-0.45];7092.05299;1;0;[0.4952];[-0.4548];7053.16453;1600),(244533.06484;[0.434];[-0.516];6868.08960;1;0;[0.4289];[-0.5211];6833.78475;1600),(244976.32718;[0.3466];[-0.6034];6615.74839;1;0;[0.3392];[-0.6108];6585.96412;1600),(245569.97085;[0.3407];[-0.6093];6594.12829;1;0;[0.3342];[-0.6158];6564.14933;1600),(246135.20956;[0.3407];[-0.6093];6594.12829;1;0;[0.3342];[-0.6158];6564.14933;1600),(246605.48759;[0.3391];[-0.6109];6587.25956;1;0;[0.3333];[-0.6167];6557.14945;1600),(246926.79238;[0.3391];[-0.6109];6587.25956;1;0;[0.3333];[-0.6167];6557.14945;1600),(252272.01033;[0.5337];[-0.4163];9881.11850;1;0;[0.5198];[-0.4302];9630.65400;1600),(275680.44877;[0.521];[-0.429];9899.70235;1;0;[0.5101];[-0.4399];9654.43153;3200),(288495.59951;[0.521];[-0.429];9899.70235;1;0;[0.5101];[-0.4399];9654.43153;3200),(300949.48339;[0.521];[-0.429];9899.70235;1;0;[0.5101];[-0.4399];9654.43153;3200),(312954.43726;[0.521];[-0.429];9899.70235;1;0;[0.5101];[-0.4399];9654.43153;3200),(324580.31869;[0.521];[-0.429];9899.70235;1;0;[0.5101];[-0.4399];9654.43153;3200),(336710.09493;[0.521];[-0.429];9899.70235;1;0;[0.5101];[-0.4399];9654.43153;3200),(348486.45949;[0.521];[-0.429];9899.70235;1;0;[0.5101];[-0.4399];9654.43153;3200),(359904.06632;[0.521];[-0.429];9899.70235;1;0;[0.5101];[-0.4399];9654.43153;3200),(371558.56252;[0.521];[-0.429];9899.70235;1;0;[0.5101];[-0.4399];9654.43153;3200),(382854.45499;[0.521];[-0.429];9899.70235;1;0;[0.5101];[-0.4399];9654.43153;3200),(383253.19505;[0.6761];[-0.2739];8685.00480;1;0;[0.6672];[-0.2828];8585.33105;3200),(383850.72279;[0.6775];[-0.2725];8201.93835;1;0;[0.6678];[-0.2822];8134.35785;3200),(384401.26657;[0.6266];[-0.3234];7710.99199;1;0;[0.6197];[-0.3303];7658.67018;3200),(385065.95731;[0.4385];[-0.5115];6885.23288;1;0;[0.4334];[-0.5166];6851.22743;3200),(385643.42141;[0.3507];[-0.5993];6627.28727;1;0;[0.3437];[-0.6063];6597.41411;3200),(385986.24229;[0.3466];[-0.6034];6615.74839;1;0;[0.3392];[-0.6108];6585.96412;3200),(386408.32853;[0.3407];[-0.6093];6594.12829;1;0;[0.3342];[-0.6158];6564.14933;3200),(386842.98325;[0.3407];[-0.6093];6594.12829;1;0;[0.3342];[-0.6158];6564.14933;3200),(387256.96516;[0.3391];[-0.6109];6587.25956;1;0;[0.3333];[-0.6167];6557.14945;3200),(387737.03814;[0.3391];[-0.6109];6587.25956;1;0;[0.3333];[-0.6167];6557.14945;3200),(399536.37123;[0.5376];[-0.4124];9885.58480;1;0;[0.525];[-0.425];9644.47189;3200),(411021.85345;[0.6089];[-0.3411];9458.25294;1;0;[0.6039];[-0.3461];9272.66835;3200),(423451.21074;[0.6775];[-0.2725];9020.10142;1;0;[0.6691];[-0.2809];8903.96702;3200),(435714.43415;[0.6945];[-0.2555];8583.35114;1;0;[0.6855];[-0.2645];8502.21116;3200),(447450.12426;[0.6718];[-0.2782];8174.64786;1;0;[0.6631];[-0.2869];8106.67409;3200),(458668.05506;[0.6285];[-0.3215];7721.30245;1;0;[0.621];[-0.329];7669.02624;3200),(470900.55060;[0.5588];[-0.3912];7336.68588;1;0;[0.5515];[-0.3985];7293.75397;3200),(482154.05011;[0.5016];[-0.4484];7101.67768;1;0;[0.4973];[-0.4527];7063.13654;3200),(493275.03014;[0.4299];[-0.5201];6855.21656;1;0;[0.4255];[-0.5245];6820.93150;3200),(504881.49261;[0.3391];[-0.6109];6587.25956;1;0;[0.3333];[-0.6167];6557.14945;3200),(517013.63730;[0.5376];[-0.4124];9885.58480;1;0;[0.525];[-0.425];9644.47189;3200),(528238.12771;[0.6089];[-0.3411];9458.25294;1;0;[0.6039];[-0.3461];9272.66835;3200),(539920.69173;[0.6775];[-0.2725];9020.10142;1;0;[0.6691];[-0.2809];8903.96702;3200),(551550.27962;[0.6945];[-0.2555];8583.35114;1;0;[0.6855];[-0.2645];8502.21116;3200),(562629.72021;[0.6718];[-0.2782];8174.64786;1;0;[0.6631];[-0.2869];8106.67409;3200),(574250.58317;[0.6285];[-0.3215];7721.30245;1;0;[0.621];[-0.329];7669.02624;3200),(585201.97535;[0.5588];[-0.3912];7336.68588;1;0;[0.5515];[-0.3985];7293.75397;3200),(595791.79382;[0.5016];[-0.4484];7101.67768;1;0;[0.4973];[-0.4527];7063.13654;3200)]"
4,2,8257.22856320139,0.75986,1,0,[0.8834],[-0.0666],601957.3037624359,"[(3371.42134;[0.6142];[-0.3358];10904.06295;1;0;[0.6105];[-0.3395];10743.68269;100),(4637.37512;[0.6142];[-0.3358];10904.06295;1;0;[0.6105];[-0.3395];10743.68269;100),(7113.94501;[0.6361];[-0.3139];10997.46713;1;0;[0.6297];[-0.3203];10850.00433;200),(8089.35690;[0.6361];[-0.3139];10997.46713;1;0;[0.6297];[-0.3203];10850.00433;200),(9164.83378;[0.6361];[-0.3139];10997.46713;1;0;[0.6297];[-0.3203];10850.00433;200),(10129.06313;[0.6361];[-0.3139];10997.46713;1;0;[0.6297];[-0.3203];10850.00433;200),(11076.44844;[0.6361];[-0.3139];10997.46713;1;0;[0.6297];[-0.3203];10850.00433;200),(12324.96738;[0.6361];[-0.3139];10997.46713;1;0;[0.6297];[-0.3203];10850.00433;200),(12931.94723;[0.7741];[-0.1759];10365.17475;1;0;[0.7658];[-0.1842];10249.31404;200),(13333.66203;[0.8838];[-0.0662];8463.51318;1;0;[0.8823];[-0.0677];8426.47319;200),(13658.67209;[0.8765];[-0.0735];8256.44296;1;0;[0.8744];[-0.0756];8221.55558;200),(14365.73434;[0.8688];[-0.0812];8048.49035;1;0;[0.8659];[-0.0841];8016.59367;200),(14908.75721;[0.8677];[-0.0823];8025.89947;1;0;[0.8634];[-0.0866];7993.59693;200),(15325.76251;[0.8651];[-0.0849];8019.34710;1;0;[0.8622];[-0.0878];7986.98991;200),(15939.30626;[0.8651];[-0.0849];8019.34710;1;0;[0.8622];[-0.0878];7986.98991;200),(17468.41884;[0.6371];[-0.3129];10989.00773;1;0;[0.6317];[-0.3183];10840.17263;200),(21016.52312;[0.6168];[-0.3332];10948.91762;1;0;[0.6131];[-0.3369];10791.29350;400),(22871.14334;[0.6168];[-0.3332];10948.91762;1;0;[0.6131];[-0.3369];10791.29350;400),(24587.91876;[0.6168];[-0.3332];10948.91762;1;0;[0.6131];[-0.3369];10791.29350;400),(26440.74154;[0.6168];[-0.3332];10948.91762;1;0;[0.6131];[-0.3369];10791.29350;400),(28785.44664;[0.6168];[-0.3332];10948.91762;1;0;[0.6131];[-0.3369];10791.29350;400),(30724.74527;[0.6168];[-0.3332];10948.91762;1;0;[0.6131];[-0.3369];10791.29350;400),(32622.81513;[0.6168];[-0.3332];10948.91762;1;0;[0.6131];[-0.3369];10791.29350;400),(33535.97927;[0.7887];[-0.1613];10265.92290;1;0;[0.7784];[-0.1716];10155.90221;400),(34046.90695;[0.833];[-0.117];9500.92620;1;0;[0.8299];[-0.1201];9431.86585;400),(34442.21091;[0.8688];[-0.0812];9152.85208;1;0;[0.8679];[-0.0821];9105.19015;400),(34953.38750;[0.8816];[-0.0684];8774.65808;1;0;[0.8811];[-0.0689];8734.06123;400),(35452.01707;[0.8819];[-0.0681];8285.43641;1;0;[0.8803];[-0.0697];8250.59338;400),(35869.44962;[0.8624];[-0.0876];7844.74396;1;0;[0.8609];[-0.0891];7815.80127;400),(36414.03747;[0.8508];[-0.0992];7624.93960;1;0;[0.8488];[-0.1012];7598.58668;400),(36870.32390;[0.8502];[-0.0998];7619.89607;1;0;[0.8481];[-0.1019];7593.56191;400),(37341.62831;[0.8476];[-0.1024];7603.49794;1;0;[0.8461];[-0.1039];7577.24517;400),(37659.18207;[0.8446];[-0.1054];7597.51561;1;0;[0.8425];[-0.1075];7571.13289;400),(38016.46161;[0.8446];[-0.1054];7597.51561;1;0;[0.8425];[-0.1075];7571.13289;400),(39963.55963;[0.6168];[-0.3332];10948.91762;1;0;[0.6131];[-0.3369];10791.29350;400),(41990.75365;[0.7431];[-0.2069];10557.95210;1;0;[0.7354];[-0.2146];10424.09403;400),(44128.34525;[0.8262];[-0.1238];10035.39421;1;0;[0.8229];[-0.1271];9948.19083;400),(46306.52785;[0.8596];[-0.0904];9340.22447;1;0;[0.8582];[-0.0918];9285.45317;400),(47965.64817;[0.8755];[-0.0745];8937.81766;1;0;[0.8724];[-0.0776];8892.96798;400),(49824.04494;[0.8815];[-0.0685];8458.96588;1;0;[0.8808];[-0.0692];8421.87265;400),(52844.55156;[0.8707];[-0.0793];8052.62056;1;0;[0.8676];[-0.0824];8020.82770;400),(53232.19514;[0.8617];[-0.0883];7845.17636;1;0;[0.8605];[-0.0895];7816.17410;400),(53674.85762;[0.8494];[-0.1006];7620.08968;1;0;[0.8474];[-0.1026];7593.70397;400),(53981.18877;[0.8476];[-0.1024];7603.49794;1;0;[0.8461];[-0.1039];7577.24517;400),(54385.36167;[0.8446];[-0.1054];7597.51561;1;0;[0.8425];[-0.1075];7571.13289;400),(56566.87784;[0.6168];[-0.3332];10948.91762;1;0;[0.6131];[-0.3369];10791.29350;400),(58836.00783;[0.7443];[-0.2057];10558.90949;1;0;[0.7354];[-0.2146];10426.40161;400),(60994.22884;[0.8262];[-0.1238];10035.39421;1;0;[0.8229];[-0.1271];9948.19083;400),(62937.06656;[0.8588];[-0.0912];9339.07483;1;0;[0.8576];[-0.0924];9284.21858;400),(65123.73042;[0.8759];[-0.0741];8939.46123;1;0;[0.8731];[-0.0769];8894.67479;400),(67423.09237;[0.8825];[-0.0675];8461.68181;1;0;[0.8814];[-0.0686];8424.60525;400),(71662.44435;[0.8728];[-0.0772];8067.28250;1;0;[0.8697];[-0.0803];8035.47698;400),(72233.57558;[0.8636];[-0.0864];7849.11846;1;0;[0.8618];[-0.0882];7820.20975;400),(72534.97982;[0.8502];[-0.0998];7619.89607;1;0;[0.8481];[-0.1019];7593.56191;400),(72905.53427;[0.8476];[-0.1024];7603.49794;1;0;[0.8461];[-0.1039];7577.24517;400),(73571.37465;[0.8476];[-0.1024];7603.49794;1;0;[0.8461];[-0.1039];7577.24517;400),(73889.08052;[0.8446];[-0.1054];7597.51561;1;0;[0.8425];[-0.1075];7571.13289;400),(74182.42168;[0.8446];[-0.1054];7597.51561;1;0;[0.8425];[-0.1075];7571.13289;400),(75928.81012;[0.6168];[-0.3332];10948.91762;1;0;[0.6131];[-0.3369];10791.29350;400),(78080.06120;[0.7451];[-0.2049];10555.71169;1;0;[0.7351];[-0.2149];10425.17202;400),(79863.77287;[0.8262];[-0.1238];10035.39421;1;0;[0.8229];[-0.1271];9948.19083;400),(81721.90595;[0.8588];[-0.0912];9339.07483;1;0;[0.8576];[-0.0924];9284.21858;400),(83415.44461;[0.872];[-0.078];8992.85266;1;0;[0.8705];[-0.0795];8948.93801;400),(85457.70168;[0.8817];[-0.0683];8464.36677;1;0;[0.8811];[-0.0689];8427.13501;400),(86928.95603;[0.8446];[-0.1054];7597.51561;1;0;[0.8425];[-0.1075];7571.13289;400),(88902.14324;[0.6168];[-0.3332];10948.91762;1;0;[0.6131];[-0.3369];10791.29350;400),(90938.57932;[0.7451];[-0.2049];10555.71169;1;0;[0.7351];[-0.2149];10425.17202;400),(92556.02646;[0.8262];[-0.1238];10035.39421;1;0;[0.8229];[-0.1271];9948.19083;400),(94573.69757;[0.8588];[-0.0912];9339.07483;1;0;[0.8576];[-0.0924];9284.21858;400),(96574.45598;[0.872];[-0.078];8992.85266;1;0;[0.8705];[-0.0795];8948.93801;400),(98351.00794;[0.8817];[-0.0683];8464.36677;1;0;[0.8811];[-0.0689];8427.13501;400),(101685.52709;[0.8734];[-0.0766];8071.80888;1;0;[0.8704];[-0.0796];8039.99184;400),(102328.21488;[0.8631];[-0.0869];7849.38568;1;0;[0.8615];[-0.0885];7820.41658;400),(102709.55420;[0.8502];[-0.0998];7619.89607;1;0;[0.8481];[-0.1019];7593.56191;400),(103109.12371;[0.8446];[-0.1054];7597.51561;1;0;[0.8425];[-0.1075];7571.13289;400),(103864.49718;[0.8446];[-0.1054];7597.51561;1;0;[0.8425];[-0.1075];7571.13289;400),(105810.29248;[0.6188];[-0.3312];10949.72002;1;0;[0.6146];[-0.3354];10792.11695;400),(112022.93134;[0.6481];[-0.3019];11003.93257;1;0;[0.641];[-0.309];10860.45903;800),(114775.97833;[0.6481];[-0.3019];11003.93257;1;0;[0.641];[-0.309];10860.45903;800),(117987.54358;[0.6481];[-0.3019];11003.93257;1;0;[0.641];[-0.309];10860.45903;800),(121094.21945;[0.6481];[-0.3019];11003.93257;1;0;[0.641];[-0.309];10860.45903;800),(124175.79842;[0.6481];[-0.3019];11003.93257;1;0;[0.641];[-0.309];10860.45903;800),(127131.39105;[0.6481];[-0.3019];11003.93257;1;0;[0.641];[-0.309];10860.45903;800),(130508.96120;[0.6481];[-0.3019];11003.93257;1;0;[0.641];[-0.309];10860.45903;800),(133622.14565;[0.6481];[-0.3019];11003.93257;1;0;[0.641];[-0.309];10860.45903;800),(134084.60212;[0.8043];[-0.1457];10156.39886;1;0;[0.7984];[-0.1516];10056.78604;800),(134527.90904;[0.8554];[-0.0946];9417.17197;1;0;[0.8531];[-0.0969];9361.05272;800),(134938.38382;[0.8762];[-0.0738];8939.46470;1;0;[0.8732];[-0.0768];8894.74904;800),(135244.35592;[0.8805];[-0.0695];8450.48702;1;0;[0.88];[-0.07];8413.44958;800),(135617.36059;[0.8647];[-0.0853];7857.54784;1;0;[0.8627];[-0.0873];7828.60178;800),(136010.05173;[0.8401];[-0.1099];7404.43570;1;0;[0.8378];[-0.1122];7380.81251;800),(136446.84887;[0.8061];[-0.1439];7134.83881;1;0;[0.8006];[-0.1494];7113.51108;800),(136953.32408;[0.804];[-0.146];7122.51977;1;0;[0.7977];[-0.1523];7101.27680;800),(137349.12181;[0.8021];[-0.1479];7117.67860;1;0;[0.7954];[-0.1546];7096.38820;800),(137831.54535;[0.8004];[-0.1496];7110.87857;1;0;[0.7933];[-0.1567];7089.61448;800),(138265.18369;[0.8004];[-0.1496];7110.87857;1;0;[0.7933];[-0.1567];7089.61448;800),(141296.29326;[0.6546];[-0.2954];11004.78378;1;0;[0.6465];[-0.3035];10862.78636;800),(144753.93724;[0.7512];[-0.1988];10539.91245;1;0;[0.7412];[-0.2088];10408.99479;800),(147694.42320;[0.8323];[-0.1177];9976.20709;1;0;[0.8291];[-0.1209];9893.44887;800),(150513.78989;[0.8626];[-0.0874];9272.69848;1;0;[0.8607];[-0.0893];9221.33746;800),(154174.95108;[0.8768];[-0.0732];8796.40609;1;0;[0.875];[-0.075];8753.35677;800),(157635.71358;[0.8805];[-0.0695];8278.27383;1;0;[0.8791];[-0.0709];8243.47443;800),(160845.64209;[0.8587];[-0.0913];7645.67572;1;0;[0.8565];[-0.0935];7619.47676;800),(166781.24237;[0.835];[-0.115];7388.27223;1;0;[0.8316];[-0.1184];7364.64632;800),(167318.79950;[0.8058];[-0.1442];7124.97270;1;0;[0.7998];[-0.1502];7103.82038;800),(167896.37423;[0.8048];[-0.1452];7119.90017;1;0;[0.7985];[-0.1515];7098.79751;800),(168271.24000;[0.8004];[-0.1496];7110.87857;1;0;[0.7933];[-0.1567];7089.61448;800),(168618.67142;[0.8004];[-0.1496];7110.87857;1;0;[0.7933];[-0.1567];7089.61448;800),(168982.04327;[0.8004];[-0.1496];7110.87857;1;0;[0.7933];[-0.1567];7089.61448;800),(172145.58411;[0.6546];[-0.2954];11004.78378;1;0;[0.6465];[-0.3035];10862.78636;800),(176022.09640;[0.752];[-0.198];10541.09197;1;0;[0.7423];[-0.2077];10412.09057;800),(179390.09428;[0.8337];[-0.1163];9968.29227;1;0;[0.8302];[-0.1198];9886.63620;800),(182622.39385;[0.8628];[-0.0872];9274.53810;1;0;[0.8613];[-0.0887];9223.19496;800),(186123.63315;[0.8761];[-0.0739];8800.52688;1;0;[0.8746];[-0.0754];8757.35877;800),(188939.13865;[0.8814];[-0.0686];8279.63820;1;0;[0.8798];[-0.0702];8244.82298;800),(191835.82759;[0.8585];[-0.0915];7649.40091;1;0;[0.8564];[-0.0936];7623.30563;800),(195091.17556;[0.8004];[-0.1496];7110.87857;1;0;[0.7933];[-0.1567];7089.61448;800),(195819.44609;[0.8004];[-0.1496];7110.87857;1;0;[0.7933];[-0.1567];7089.61448;800),(199244.79437;[0.6546];[-0.2954];11004.78378;1;0;[0.6465];[-0.3035];10862.78636;800),(202371.12546;[0.752];[-0.198];10541.09197;1;0;[0.7423];[-0.2077];10412.09057;800),(205405.81989;[0.8337];[-0.1163];9968.29227;1;0;[0.8302];[-0.1198];9886.63620;800),(208507.78961;[0.8628];[-0.0872];9274.53810;1;0;[0.8613];[-0.0887];9223.19496;800),(211945.97125;[0.8761];[-0.0739];8800.52688;1;0;[0.8746];[-0.0754];8757.35877;800),(215833.26483;[0.8814];[-0.0686];8279.63820;1;0;[0.8798];[-0.0702];8244.82298;800),(219112.85233;[0.8585];[-0.0915];7649.40091;1;0;[0.8564];[-0.0936];7623.30563;800),(222010.11610;[0.8004];[-0.1496];7110.87857;1;0;[0.7933];[-0.1567];7089.61448;800),(225478.93453;[0.6569];[-0.2931];11002.39283;1;0;[0.6486];[-0.3014];10860.89755;800),(228606.31728;[0.752];[-0.198];10541.09197;1;0;[0.7423];[-0.2077];10412.09057;800),(231260.79178;[0.8337];[-0.1163];9968.29227;1;0;[0.8302];[-0.1198];9886.63620;800),(234608.09970;[0.8628];[-0.0872];9274.53810;1;0;[0.8613];[-0.0887];9223.19496;800),(237760.34713;[0.877];[-0.073];8800.43931;1;0;[0.8751];[-0.0749];8757.36077;800),(240864.59804;[0.8814];[-0.0686];8279.63820;1;0;[0.8798];[-0.0702];8244.82298;800),(243909.95145;[0.8585];[-0.0915];7649.40091;1;0;[0.8564];[-0.0936];7623.30563;800),(250301.73779;[0.8376];[-0.1124];7390.59403;1;0;[0.8351];[-0.1149];7367.11182;800),(250877.59733;[0.8062];[-0.1438];7123.61040;1;0;[0.8006];[-0.1494];7102.53100;800),(251297.70064;[0.8048];[-0.1452];7119.90017;1;0;[0.7985];[-0.1515];7098.79751;800),(251667.48786;[0.8004];[-0.1496];7110.87857;1;0;[0.7933];[-0.1567];7089.61448;800),(252445.13488;[0.8004];[-0.1496];7110.87857;1;0;[0.7933];[-0.1567];7089.61448;800),(252716.78305;[0.8004];[-0.1496];7110.87857;1;0;[0.7933];[-0.1567];7089.61448;800),(255466.75825;[0.6569];[-0.2931];11002.39283;1;0;[0.6486];[-0.3014];10860.89755;800),(258703.36938;[0.7549];[-0.1951];10530.40535;1;0;[0.7427];[-0.2073];10399.10348;800),(261665.38954;[0.8337];[-0.1163];9968.29227;1;0;[0.8302];[-0.1198];9886.63620;800),(264477.82850;[0.8628];[-0.0872];9274.53810;1;0;[0.8613];[-0.0887];9223.19496;800),(268150.80023;[0.8777];[-0.0723];8804.09351;1;0;[0.8762];[-0.0738];8761.03030;800),(270952.01302;[0.8819];[-0.0681];8285.28019;1;0;[0.8803];[-0.0697];8250.43800;800),(274539.41536;[0.8585];[-0.0915];7649.40091;1;0;[0.8564];[-0.0936];7623.30563;800),(277337.02397;[0.8004];[-0.1496];7110.87857;1;0;[0.7933];[-0.1567];7089.61448;800),(278054.05903;[0.8004];[-0.1496];7110.87857;1;0;[0.7933];[-0.1567];7089.61448;800),(280833.02927;[0.6569];[-0.2931];11002.39283;1;0;[0.6486];[-0.3014];10860.89755;800),(283790.30704;[0.7549];[-0.1951];10530.40535;1;0;[0.7427];[-0.2073];10399.10348;800),(287151.64280;[0.8337];[-0.1163];9968.29227;1;0;[0.8302];[-0.1198];9886.63620;800),(290742.98573;[0.8628];[-0.0872];9274.53810;1;0;[0.8613];[-0.0887];9223.19496;800),(294452.63505;[0.8777];[-0.0723];8804.09351;1;0;[0.8762];[-0.0738];8761.03030;800),(297178.37548;[0.8819];[-0.0681];8285.28019;1;0;[0.8803];[-0.0697];8250.43800;800),(300350.68321;[0.8585];[-0.0915];7649.40091;1;0;[0.8564];[-0.0936];7623.30563;800),(303272.23492;[0.8004];[-0.1496];7110.87857;1;0;[0.7933];[-0.1567];7089.61448;800),(306785.53057;[0.6543];[-0.2957];11001.17282;1;0;[0.6464];[-0.3036];10858.28450;800),(310012.43138;[0.7549];[-0.1951];10530.40535;1;0;[0.7427];[-0.2073];10399.10348;800),(313233.88791;[0.8337];[-0.1163];9968.29227;1;0;[0.8302];[-0.1198];9886.63620;800),(316148.76366;[0.8628];[-0.0872];9274.53810;1;0;[0.8613];[-0.0887];9223.19496;800),(319351.49312;[0.8777];[-0.0723];8804.09351;1;0;[0.8762];[-0.0738];8761.03030;800),(322497.73026;[0.8819];[-0.0681];8285.28019;1;0;[0.8803];[-0.0697];8250.43800;800),(325526.58868;[0.8585];[-0.0915];7649.40091;1;0;[0.8564];[-0.0936];7623.30563;800),(332033.39458;[0.8362];[-0.1138];7391.93635;1;0;[0.8335];[-0.1165];7368.32897;800),(332541.86606;[0.8062];[-0.1438];7123.61040;1;0;[0.8006];[-0.1494];7102.53100;800),(332910.23684;[0.8021];[-0.1479];7117.67860;1;0;[0.7954];[-0.1546];7096.38820;800),(333475.36421;[0.8004];[-0.1496];7110.87857;1;0;[0.7933];[-0.1567];7089.61448;800),(333975.18730;[0.8004];[-0.1496];7110.87857;1;0;[0.7933];[-0.1567];7089.61448;800),(336771.13533;[0.6589];[-0.2911];10998.46476;1;0;[0.6509];[-0.2991];10856.97919;800),(339678.80464;[0.7543];[-0.1957];10532.45300;1;0;[0.7438];[-0.2062];10403.95073;800),(342474.70999;[0.8328];[-0.1172];9965.14358;1;0;[0.8297];[-0.1203];9883.46072;800),(345470.59727;[0.8617];[-0.0883];9268.07664;1;0;[0.8601];[-0.0899];9216.73110;800),(348658.12945;[0.8786];[-0.0714];8807.24730;1;0;[0.8778];[-0.0722];8764.23639;800),(351583.63748;[0.8822];[-0.0678];8286.46975;1;0;[0.8801];[-0.0699];8251.57575;800),(354372.55120;[0.8599];[-0.0901];7651.97297;1;0;[0.8576];[-0.0924];7625.89422;800),(357119.43245;[0.8004];[-0.1496];7110.87857;1;0;[0.7933];[-0.1567];7089.61448;800),(360345.50047;[0.6589];[-0.2911];10998.46476;1;0;[0.6509];[-0.2991];10856.97919;800),(363279.94275;[0.7543];[-0.1957];10532.45300;1;0;[0.7438];[-0.2062];10403.95073;800),(366207.31878;[0.8328];[-0.1172];9965.14358;1;0;[0.8297];[-0.1203];9883.46072;800),(369120.90683;[0.8617];[-0.0883];9268.07664;1;0;[0.8601];[-0.0899];9216.73110;800),(372101.42183;[0.8786];[-0.0714];8807.24730;1;0;[0.8778];[-0.0722];8764.23639;800),(375001.77002;[0.8822];[-0.0678];8286.46975;1;0;[0.8801];[-0.0699];8251.57575;800),(377800.33231;[0.8599];[-0.0901];7651.97297;1;0;[0.8576];[-0.0924];7625.89422;800),(382891.64257;[0.8364];[-0.1136];7392.18666;1;0;[0.8338];[-0.1162];7368.59390;800),(383507.94172;[0.8062];[-0.1438];7123.61040;1;0;[0.8006];[-0.1494];7102.53100;800),(383873.52681;[0.8021];[-0.1479];7117.67860;1;0;[0.7954];[-0.1546];7096.38820;800),(384271.03710;[0.8004];[-0.1496];7110.87857;1;0;[0.7933];[-0.1567];7089.61448;800),(384617.05494;[0.8004];[-0.1496];7110.87857;1;0;[0.7933];[-0.1567];7089.61448;800),(385002.66576;[0.8004];[-0.1496];7110.87857;1;0;[0.7933];[-0.1567];7089.61448;800),(388224.14565;[0.6589];[-0.2911];10998.46476;1;0;[0.6509];[-0.2991];10856.97919;800),(391228.62005;[0.7543];[-0.1957];10532.45300;1;0;[0.7438];[-0.2062];10403.95073;800),(394126.82080;[0.8341];[-0.1159];9966.54816;1;0;[0.8304];[-0.1196];9884.95422;800),(397265.56921;[0.8617];[-0.0883];9268.07664;1;0;[0.8601];[-0.0899];9216.73110;800),(400449.79596;[0.8786];[-0.0714];8807.24730;1;0;[0.8778];[-0.0722];8764.23639;800),(403409.37304;[0.8836];[-0.0664];8286.97536;1;0;[0.8823];[-0.0677];8252.18461;800),(407024.91570;[0.8599];[-0.0901];7651.97297;1;0;[0.8576];[-0.0924];7625.89422;800),(409849.35856;[0.8004];[-0.1496];7110.87857;1;0;[0.7933];[-0.1567];7089.61448;800),(413226.90511;[0.6605];[-0.2895];10996.00342;1;0;[0.6537];[-0.2963];10854.45800;800),(416504.86755;[0.7547];[-0.1953];10531.85131;1;0;[0.7443];[-0.2057];10403.55579;800),(419223.32573;[0.8341];[-0.1159];9966.54816;1;0;[0.8304];[-0.1196];9884.95422;800),(422294.66820;[0.8617];[-0.0883];9268.07664;1;0;[0.8601];[-0.0899];9216.73110;800),(425557.30176;[0.8786];[-0.0714];8807.24730;1;0;[0.8778];[-0.0722];8764.23639;800),(428806.69069;[0.8836];[-0.0664];8286.97536;1;0;[0.8823];[-0.0677];8252.18461;800),(431920.81404;[0.8599];[-0.0901];7651.97297;1;0;[0.8576];[-0.0924];7625.89422;800),(437280.10750;[0.8364];[-0.1136];7392.18666;1;0;[0.8338];[-0.1162];7368.59390;800),(437732.02777;[0.8062];[-0.1438];7123.61040;1;0;[0.8006];[-0.1494];7102.53100;800),(438082.45492;[0.8021];[-0.1479];7117.67860;1;0;[0.7954];[-0.1546];7096.38820;800),(438529.05560;[0.8004];[-0.1496];7110.87857;1;0;[0.7933];[-0.1567];7089.61448;800),(438874.11094;[0.8004];[-0.1496];7110.87857;1;0;[0.7933];[-0.1567];7089.61448;800),(441739.04467;[0.6605];[-0.2895];10996.00342;1;0;[0.6537];[-0.2963];10854.45800;800),(445301.27597;[0.7547];[-0.1953];10531.85131;1;0;[0.7443];[-0.2057];10403.55579;800),(448256.08444;[0.8341];[-0.1159];9966.54816;1;0;[0.8304];[-0.1196];9884.95422;800),(451414.34956;[0.8626];[-0.0874];9268.98117;1;0;[0.8609];[-0.0891];9217.70304;800),(454480.04365;[0.877];[-0.073];8876.22820;1;0;[0.8749];[-0.0751];8834.21433;800),(457337.53371;[0.8823];[-0.0677];8288.76473;1;0;[0.8807];[-0.0693];8253.99677;800),(460385.02836;[0.8636];[-0.0864];7849.11846;1;0;[0.8618];[-0.0882];7820.20975;800),(465921.77200;[0.8383];[-0.1117];7394.49215;1;0;[0.836];[-0.114];7370.97262;800),(466348.82689;[0.8062];[-0.1438];7123.61040;1;0;[0.8006];[-0.1494];7102.53100;800),(466675.97008;[0.8021];[-0.1479];7117.67860;1;0;[0.7954];[-0.1546];7096.38820;800),(467034.70325;[0.8004];[-0.1496];7110.87857;1;0;[0.7933];[-0.1567];7089.61448;800),(470511.96647;[0.6581];[-0.2919];10992.08332;1;0;[0.6501];[-0.2999];10849.68997;800),(473705.98841;[0.7583];[-0.1917];10519.37947;1;0;[0.7468];[-0.2032];10388.98224;800),(476784.04665;[0.8316];[-0.1184];9953.31012;1;0;[0.8284];[-0.1216];9871.52459;800),(479674.33619;[0.8626];[-0.0874];9272.69848;1;0;[0.8607];[-0.0893];9221.33746;800),(482356.77004;[0.8782];[-0.0718];8894.28943;1;0;[0.8779];[-0.0721];8852.24106;800),(485738.61814;[0.8847];[-0.0653];8291.92254;1;0;[0.8834];[-0.0666];8257.22856;800),(488781.44479;[0.8661];[-0.0839];7862.37116;1;0;[0.8638];[-0.0862];7833.46252;800),(494331.73037;[0.8376];[-0.1124];7394.92455;1;0;[0.8353];[-0.1147];7371.34545;800),(494747.57981;[0.8062];[-0.1438];7123.61040;1;0;[0.8006];[-0.1494];7102.53100;800),(495061.63192;[0.8021];[-0.1479];7117.67860;1;0;[0.7954];[-0.1546];7096.38820;800),(495482.58162;[0.8004];[-0.1496];7110.87857;1;0;[0.7933];[-0.1567];7089.61448;800),(498789.33597;[0.6628];[-0.2872];10989.04136;1;0;[0.656];[-0.294];10847.58795;800),(501672.56093;[0.7583];[-0.1917];10519.37947;1;0;[0.7468];[-0.2032];10388.98224;800),(504800.32945;[0.8325];[-0.1175];9958.72815;1;0;[0.8295];[-0.1205];9877.11053;800),(507617.83648;[0.8628];[-0.0872];9274.53810;1;0;[0.8613];[-0.0887];9223.19496;800),(510497.02406;[0.878];[-0.072];8900.80333;1;0;[0.8774];[-0.0726];8858.59166;800),(513416.04948;[0.8847];[-0.0653];8291.92254;1;0;[0.8834];[-0.0666];8257.22856;800),(516206.02965;[0.867];[-0.083];7865.96441;1;0;[0.8651];[-0.0849];7837.07655;800),(521911.78727;[0.8378];[-0.1122];7395.17486;1;0;[0.8354];[-0.1146];7371.61038;800),(522255.00417;[0.8325];[-0.1175];7372.18570;1;0;[0.8283];[-0.1217];7348.72395;800),(522600.45695;[0.8021];[-0.1479];7117.67860;1;0;[0.7954];[-0.1546];7096.38820;800),(522957.19504;[0.8004];[-0.1496];7110.87857;1;0;[0.7933];[-0.1567];7089.61448;800),(526170.89558;[0.6628];[-0.2872];10989.04136;1;0;[0.656];[-0.294];10847.58795;800),(529210.38651;[0.7583];[-0.1917];10522.16847;1;0;[0.747];[-0.203];10394.90133;800),(532727.72527;[0.8327];[-0.1173];9961.51239;1;0;[0.8295];[-0.1205];9880.39138;800),(535550.77863;[0.8628];[-0.0872];9274.53810;1;0;[0.8613];[-0.0887];9223.19496;800),(538841.20345;[0.8798];[-0.0702];8905.29613;1;0;[0.8799];[-0.0701];8863.24528;800),(541979.16007;[0.8844];[-0.0656];8292.96957;1;0;[0.8827];[-0.0673];8258.38133;800),(545223.68050;[0.8683];[-0.0817];7868.57681;1;0;[0.8659];[-0.0841];7839.71799;800),(551323.18330;[0.8502];[-0.0998];7606.31052;1;0;[0.8483];[-0.1017];7580.26805;800),(551705.36304;[0.8313];[-0.1187];7373.52535;1;0;[0.8262];[-0.1238];7349.90354;800),(552014.28294;[0.8021];[-0.1479];7117.67860;1;0;[0.7954];[-0.1546];7096.38820;800),(552444.03625;[0.8004];[-0.1496];7110.87857;1;0;[0.7933];[-0.1567];7089.61448;800),(553109.75456;[0.8004];[-0.1496];7110.87857;1;0;[0.7933];[-0.1567];7089.61448;800),(557359.36809;[0.6686];[-0.2814];10983.74069;1;0;[0.6612];[-0.2888];10844.10326;800),(560553.40576;[0.7583];[-0.1917];10522.16847;1;0;[0.747];[-0.203];10394.90133;800),(563980.63684;[0.8328];[-0.1172];9965.14358;1;0;[0.8297];[-0.1203];9883.46072;800),(566561.76138;[0.8638];[-0.0862];9285.67654;1;0;[0.8627];[-0.0873];9238.36284;800),(569299.51262;[0.8799];[-0.0701];8906.64127;1;0;[0.8797];[-0.0703];8864.54222;800),(572043.93840;[0.8801];[-0.0699];8446.10994;1;0;[0.8792];[-0.0708];8409.08323;800),(575191.42413;[0.8677];[-0.0823];7869.98921;1;0;[0.8655];[-0.0845];7841.06378;800),(578064.96382;[0.8004];[-0.1496];7110.87857;1;0;[0.7933];[-0.1567];7089.61448;800),(578803.55048;[0.8004];[-0.1496];7110.87857;1;0;[0.7933];[-0.1567];7089.61448;800),(582984.78150;[0.6686];[-0.2814];10983.74069;1;0;[0.6612];[-0.2888];10844.10326;800),(585915.29679;[0.7583];[-0.1917];10522.16847;1;0;[0.747];[-0.203];10394.90133;800),(588541.99696;[0.8328];[-0.1172];9965.14358;1;0;[0.8297];[-0.1203];9883.46072;800),(591189.65244;[0.8638];[-0.0862];9285.67654;1;0;[0.8627];[-0.0873];9238.36284;800),(593918.99037;[0.8799];[-0.0701];8906.64127;1;0;[0.8797];[-0.0703];8864.54222;800),(596466.79020;[0.8801];[-0.0699];8446.10994;1;0;[0.8792];[-0.0708];8409.08323;800),(599421.19241;[0.8677];[-0.0823];7869.98921;1;0;[0.8655];[-0.0845];7841.06378;800)]"
5,10,8551.686245547906,0.88498,1,0,[0.6868],[-0.2632],600232.1193218231,"[(3474.20812;[0.4948];[-0.4552];9727.24522;1;0;[0.4839];[-0.4661];9502.47988;100),(4522.16148;[0.4948];[-0.4552];9727.24522;1;0;[0.4839];[-0.4661];9502.47988;100),(6563.36761;[0.4963];[-0.4537];9726.80268;1;0;[0.4861];[-0.4639];9502.12625;200),(10347.70489;[0.51];[-0.44];9788.39790;1;0;[0.4996];[-0.4504];9569.47643;400),(12709.43475;[0.51];[-0.44];9788.39790;1;0;[0.4996];[-0.4504];9569.47643;400),(14787.34064;[0.51];[-0.44];9788.39790;1;0;[0.4996];[-0.4504];9569.47643;400),(17101.40419;[0.51];[-0.44];9788.39790;1;0;[0.4996];[-0.4504];9569.47643;400),(19584.94925;[0.51];[-0.44];9788.39790;1;0;[0.4996];[-0.4504];9569.47643;400),(22256.75988;[0.51];[-0.44];9788.39790;1;0;[0.4996];[-0.4504];9569.47643;400),(24463.56916;[0.51];[-0.44];9788.39790;1;0;[0.4996];[-0.4504];9569.47643;400),(25132.73072;[0.6445];[-0.3055];8902.33727;1;0;[0.6389];[-0.3111];8806.84514;400),(25545.43424;[0.6491];[-0.3009];7864.01228;1;0;[0.6423];[-0.3077];7821.42477;400),(26169.10863;[0.5084];[-0.4416];7111.50068;1;0;[0.5012];[-0.4488];7082.08125;400),(26605.53598;[0.4345];[-0.5155];6851.87298;1;0;[0.4263];[-0.5237];6825.64028;400),(27087.06141;[0.3473];[-0.6027];6603.38666;1;0;[0.3388];[-0.6112];6580.45183;400),(27443.16864;[0.3424];[-0.6076];6587.00870;1;0;[0.3342];[-0.6158];6564.14933;400),(27916.03017;[0.3414];[-0.6086];6580.09528;1;0;[0.3333];[-0.6167];6557.14945;400),(28441.15758;[0.3414];[-0.6086];6580.09528;1;0;[0.3333];[-0.6167];6557.14945;400),(28723.65308;[0.3414];[-0.6086];6580.09528;1;0;[0.3333];[-0.6167];6557.14945;400),(30791.94403;[0.5112];[-0.4388];9794.05300;1;0;[0.5005];[-0.4495];9575.91965;400),(32868.32261;[0.5956];[-0.3544];9508.62918;1;0;[0.5862];[-0.3638];9360.75906;400),(35131.20151;[0.6621];[-0.2879];9058.57600;1;0;[0.6554];[-0.2946];8964.86161;400),(36997.11514;[0.6858];[-0.2642];8587.80838;1;0;[0.6801];[-0.2699];8525.24249;400),(39057.28555;[0.6717];[-0.2783];8173.50527;1;0;[0.6647];[-0.2853];8121.45492;400),(40701.46012;[0.5981];[-0.3519];7525.00229;1;0;[0.5915];[-0.3585];7488.96863;400),(42367.75851;[0.3414];[-0.6086];6580.09528;1;0;[0.3333];[-0.6167];6557.14945;400),(44951.51567;[0.5112];[-0.4388];9794.05300;1;0;[0.5005];[-0.4495];9575.91965;400),(46863.15989;[0.5956];[-0.3544];9508.62918;1;0;[0.5862];[-0.3638];9360.75906;400),(48777.00138;[0.6621];[-0.2879];9058.57600;1;0;[0.6554];[-0.2946];8964.86161;400),(51250.58699;[0.6858];[-0.2642];8587.80838;1;0;[0.6801];[-0.2699];8525.24249;400),(53041.07785;[0.6717];[-0.2783];8173.50527;1;0;[0.6647];[-0.2853];8121.45492;400),(55370.48078;[0.5981];[-0.3519];7525.00229;1;0;[0.5915];[-0.3585];7488.96863;400),(59438.00759;[0.5023];[-0.4477];7095.95054;1;0;[0.4978];[-0.4522];7066.62731;400),(60030.56812;[0.3428];[-0.6072];6587.61549;1;0;[0.3345];[-0.6155];6564.69957;400),(60577.60882;[0.3424];[-0.6076];6587.00870;1;0;[0.3342];[-0.6158];6564.14933;400),(61065.67478;[0.3414];[-0.6086];6580.09528;1;0;[0.3333];[-0.6167];6557.14945;400),(63425.71950;[0.5126];[-0.4374];9800.73180;1;0;[0.5015];[-0.4485];9583.44403;400),(66656.03852;[0.5952];[-0.3548];9487.84579;1;0;[0.5858];[-0.3642];9340.54637;400),(68703.90224;[0.6621];[-0.2879];9058.57600;1;0;[0.6554];[-0.2946];8964.86161;400),(70886.52658;[0.6855];[-0.2645];8588.54824;1;0;[0.6796];[-0.2704];8525.84273;400),(72490.18598;[0.6729];[-0.2771];8179.91914;1;0;[0.6657];[-0.2843];8127.92133;400),(74214.48112;[0.6171];[-0.3329];7655.74490;1;0;[0.6112];[-0.3388];7615.92866;400),(77527.79865;[0.5063];[-0.4437];7106.03405;1;0;[0.5005];[-0.4495];7076.72465;400),(77885.91027;[0.3424];[-0.6076];6587.00870;1;0;[0.3342];[-0.6158];6564.14933;400),(78348.55247;[0.3414];[-0.6086];6580.09528;1;0;[0.3333];[-0.6167];6557.14945;400),(78695.02425;[0.3414];[-0.6086];6580.09528;1;0;[0.3333];[-0.6167];6557.14945;400),(80451.49279;[0.5132];[-0.4368];9804.56158;1;0;[0.5023];[-0.4477];9588.19086;400),(82544.26169;[0.5972];[-0.3528];9494.82031;1;0;[0.5888];[-0.3612];9348.71375;400),(84423.20991;[0.6619];[-0.2881];9054.83225;1;0;[0.6548];[-0.2952];8961.05109;400),(86340.36565;[0.6924];[-0.2576];8606.71013;1;0;[0.6859];[-0.2641];8545.76192;400),(88133.04162;[0.674];[-0.276];8183.80345;1;0;[0.6672];[-0.2828];8131.87598;400),(90180.85933;[0.6269];[-0.3231];7691.95312;1;0;[0.6186];[-0.3314];7652.33152;400),(93500.43058;[0.5069];[-0.4431];7108.38630;1;0;[0.5008];[-0.4492];7079.05079;400),(94077.90661;[0.3414];[-0.6086];6580.09528;1;0;[0.3333];[-0.6167];6557.14945;400),(96399.03092;[0.5135];[-0.4365];9806.17137;1;0;[0.5033];[-0.4467];9590.36302;400),(98653.39494;[0.5968];[-0.3532];9477.57440;1;0;[0.5882];[-0.3618];9332.15561;400),(100450.26684;[0.666];[-0.284];9051.39665;1;0;[0.6595];[-0.2905];8959.67714;400),(103250.60225;[0.6937];[-0.2563];8612.41490;1;0;[0.6868];[-0.2632];8551.68625;400),(104704.94175;[0.6815];[-0.2685];8246.51289;1;0;[0.6744];[-0.2756];8195.05155;400),(106464.48803;[0.6278];[-0.3222];7698.12327;1;0;[0.6194];[-0.3306];7658.49536;400),(109337.03589;[0.5561];[-0.3939];7300.03021;1;0;[0.5437];[-0.4063];7267.24110;400),(109720.83879;[0.4337];[-0.5163];6847.35186;1;0;[0.4255];[-0.5245];6820.93150;400),(110097.14437;[0.4324];[-0.5176];6840.97923;1;0;[0.4231];[-0.5269];6814.53055;400),(110618.35742;[0.4324];[-0.5176];6840.97923;1;0;[0.4231];[-0.5269];6814.53055;400),(112706.88438;[0.5141];[-0.4359];9809.48204;1;0;[0.5046];[-0.4454];9594.73773;400),(115251.01447;[0.5989];[-0.3511];9477.44295;1;0;[0.5906];[-0.3594];9332.82599;400),(117078.19724;[0.666];[-0.284];9051.39665;1;0;[0.6595];[-0.2905];8959.67714;400),(119298.81668;[0.6931];[-0.2569];8611.72663;1;0;[0.6864];[-0.2636];8550.85465;400),(121110.87012;[0.6841];[-0.2659];8260.00326;1;0;[0.6775];[-0.2725];8208.67081;400),(122916.10575;[0.6293];[-0.3207];7704.13673;1;0;[0.6206];[-0.3294];7664.62960;400),(126853.91426;[0.5591];[-0.3909];7310.66048;1;0;[0.5465];[-0.4035];7278.06711;400),(127256.33430;[0.4336];[-0.5164];6847.17617;1;0;[0.4253];[-0.5247];6820.81276;400),(127661.80205;[0.4324];[-0.5176];6840.97923;1;0;[0.4231];[-0.5269];6814.53055;400),(127983.34980;[0.4324];[-0.5176];6840.97923;1;0;[0.4231];[-0.5269];6814.53055;400),(128359.46918;[0.4324];[-0.5176];6840.97923;1;0;[0.4231];[-0.5269];6814.53055;400),(129839.27441;[0.5149];[-0.4351];9813.06551;1;0;[0.5056];[-0.4444];9599.16806;400),(131738.64865;[0.5982];[-0.3518];9462.36745;1;0;[0.5895];[-0.3605];9317.86499;400),(133676.19538;[0.6658];[-0.2842];9049.45235;1;0;[0.6592];[-0.2908];8957.67226;400),(135450.91391;[0.6936];[-0.2564];8615.03076;1;0;[0.6869];[-0.2631];8554.23445;400),(136958.54783;[0.6857];[-0.2643];8267.15509;1;0;[0.6792];[-0.2708];8216.01949;400),(138898.05412;[0.6299];[-0.3201];7705.85388;1;0;[0.621];[-0.329];7666.35269;400),(140518.69631;[0.4324];[-0.5176];6840.97923;1;0;[0.4231];[-0.5269];6814.53055;400),(142564.80074;[0.5162];[-0.4338];9810.73843;1;0;[0.5063];[-0.4437];9597.79820;400),(144574.41926;[0.5982];[-0.3518];9462.36745;1;0;[0.5895];[-0.3605];9317.86499;400),(146966.50124;[0.6658];[-0.2842];9049.45235;1;0;[0.6592];[-0.2908];8957.67226;400),(148692.20710;[0.6936];[-0.2564];8615.03076;1;0;[0.6869];[-0.2631];8554.23445;400),(151229.33722;[0.6857];[-0.2643];8267.15509;1;0;[0.6792];[-0.2708];8216.01949;400),(153103.37639;[0.6299];[-0.3201];7705.85388;1;0;[0.621];[-0.329];7666.35269;400),(156297.52183;[0.5612];[-0.3888];7317.09327;1;0;[0.5489];[-0.4011];7284.61220;400),(156695.70422;[0.5044];[-0.4456];7102.68920;1;0;[0.4991];[-0.4509];7073.22403;400),(157077.15940;[0.5005];[-0.4495];7088.14751;1;0;[0.4963];[-0.4537];7058.56843;400),(157415.55095;[0.4956];[-0.4544];7067.65274;1;0;[0.4913];[-0.4587];7038.08270;400),(157740.87286;[0.4337];[-0.5163];6847.35186;1;0;[0.4255];[-0.5245];6820.93150;400),(158081.59280;[0.4336];[-0.5164];6847.17617;1;0;[0.4253];[-0.5247];6820.81276;400),(158515.79523;[0.4324];[-0.5176];6840.97923;1;0;[0.4231];[-0.5269];6814.53055;400),(158831.08830;[0.4324];[-0.5176];6840.97923;1;0;[0.4231];[-0.5269];6814.53055;400),(160855.60727;[0.5171];[-0.4329];9807.20176;1;0;[0.5067];[-0.4433];9595.52212;400),(162745.26072;[0.5989];[-0.3511];9441.21360;1;0;[0.5903];[-0.3597];9296.77502;400),(164896.50679;[0.6692];[-0.2808];9034.87448;1;0;[0.6631];[-0.2869];8945.07071;400),(167007.20215;[0.6857];[-0.2643];8585.23274;1;0;[0.6806];[-0.2694];8522.75956;400),(169005.33915;[0.6851];[-0.2649];8268.88499;1;0;[0.6782];[-0.2718];8217.52650;400),(171001.24621;[0.6296];[-0.3204];7707.74503;1;0;[0.6208];[-0.3292];7668.11268;400),(174403.44191;[0.5621];[-0.3879];7321.34513;1;0;[0.55];[-0.4];7288.83958;400),(174781.65913;[0.5549];[-0.3951];7294.17743;1;0;[0.5422];[-0.4078];7261.47635;400),(175182.48057;[0.5016];[-0.4484];7092.64343;1;0;[0.4975];[-0.4525];7063.19822;400),(175545.81666;[0.4993];[-0.4507];7082.80316;1;0;[0.4952];[-0.4548];7053.16453;400),(176006.96778;[0.4956];[-0.4544];7067.65274;1;0;[0.4913];[-0.4587];7038.08270;400),(176390.34986;[0.4324];[-0.5176];6840.97923;1;0;[0.4231];[-0.5269];6814.53055;400),(176821.36488;[0.4324];[-0.5176];6840.97923;1;0;[0.4231];[-0.5269];6814.53055;400),(178506.98686;[0.518];[-0.432];9820.23050;1;0;[0.5077];[-0.4423];9611.11066;400),(183774.46532;[0.5159];[-0.4341];9836.88664;1;0;[0.5052];[-0.4448];9627.45425;800),(187036.96156;[0.5159];[-0.4341];9836.88664;1;0;[0.5052];[-0.4448];9627.45425;800),(190133.20661;[0.5159];[-0.4341];9836.88664;1;0;[0.5052];[-0.4448];9627.45425;800),(193159.34610;[0.5159];[-0.4341];9836.88664;1;0;[0.5052];[-0.4448];9627.45425;800),(196115.31281;[0.5159];[-0.4341];9836.88664;1;0;[0.5052];[-0.4448];9627.45425;800),(199269.03844;[0.5159];[-0.4341];9836.88664;1;0;[0.5052];[-0.4448];9627.45425;800),(202410.70986;[0.5159];[-0.4341];9836.88664;1;0;[0.5052];[-0.4448];9627.45425;800),(205671.02623;[0.5159];[-0.4341];9836.88664;1;0;[0.5052];[-0.4448];9627.45425;800),(206096.11988;[0.6829];[-0.2671];8945.20605;1;0;[0.6754];[-0.2746];8864.48887;800),(206739.76707;[0.6406];[-0.3094];7871.87218;1;0;[0.6328];[-0.3172];7825.98789;800),(207233.56891;[0.5608];[-0.3892];7314.48874;1;0;[0.5482];[-0.4018];7281.96791;800),(207747.75243;[0.4386];[-0.5114];6869.23287;1;0;[0.4317];[-0.5183];6842.99104;800),(208122.13039;[0.3424];[-0.6076];6587.00870;1;0;[0.3342];[-0.6158];6564.14933;800),(208787.06098;[0.3414];[-0.6086];6580.09528;1;0;[0.3333];[-0.6167];6557.14945;800),(209140.74922;[0.3414];[-0.6086];6580.09528;1;0;[0.3333];[-0.6167];6557.14945;800),(212074.62454;[0.5313];[-0.4187];9824.32995;1;0;[0.5174];[-0.4326];9620.09313;800),(215022.72415;[0.6067];[-0.3433];9427.50313;1;0;[0.5998];[-0.3502];9288.09886;800),(218101.48263;[0.6725];[-0.2775];9013.43334;1;0;[0.6665];[-0.2835];8925.81170;800),(221080.66177;[0.6914];[-0.2586];8562.65121;1;0;[0.6858];[-0.2642];8503.31975;800),(224128.08275;[0.674];[-0.276];8183.80345;1;0;[0.6672];[-0.2828];8131.87598;800),(227143.21446;[0.6298];[-0.3202];7708.65161;1;0;[0.621];[-0.329];7669.02624;800),(230341.02917;[0.5551];[-0.3949];7294.06518;1;0;[0.5423];[-0.4077];7261.41468;800),(233309.35502;[0.3414];[-0.6086];6580.09528;1;0;[0.3333];[-0.6167];6557.14945;800),(237071.00272;[0.5313];[-0.4187];9824.32995;1;0;[0.5174];[-0.4326];9620.09313;800),(240472.41330;[0.6067];[-0.3433];9427.50313;1;0;[0.5998];[-0.3502];9288.09886;800),(243539.51502;[0.6725];[-0.2775];9013.43334;1;0;[0.6665];[-0.2835];8925.81170;800),(246385.18500;[0.6914];[-0.2586];8562.65121;1;0;[0.6858];[-0.2642];8503.31975;800),(249534.99699;[0.674];[-0.276];8183.80345;1;0;[0.6672];[-0.2828];8131.87598;800),(252366.95075;[0.6298];[-0.3202];7708.65161;1;0;[0.621];[-0.329];7669.02624;800),(255535.62546;[0.5551];[-0.3949];7294.06518;1;0;[0.5423];[-0.4077];7261.41468;800),(261471.57717;[0.4358];[-0.5142];6854.23186;1;0;[0.4274];[-0.5226];6827.72075;800),(262092.79466;[0.3498];[-0.6002];6617.00701;1;0;[0.3418];[-0.6082];6594.39567;800),(262413.22803;[0.3481];[-0.6019];6609.03947;1;0;[0.3395];[-0.6105];6586.23283;800),(263102.69308;[0.3427];[-0.6073];6590.86152;1;0;[0.3339];[-0.6161];6568.21722;800),(263464.92076;[0.3424];[-0.6076];6587.00870;1;0;[0.3342];[-0.6158];6564.14933;800),(263942.70062;[0.3414];[-0.6086];6580.09528;1;0;[0.3333];[-0.6167];6557.14945;800),(264263.68618;[0.3414];[-0.6086];6580.09528;1;0;[0.3333];[-0.6167];6557.14945;800),(267279.45995;[0.5313];[-0.4187];9824.32995;1;0;[0.5174];[-0.4326];9620.09313;800),(270554.46553;[0.6067];[-0.3433];9427.50313;1;0;[0.5998];[-0.3502];9288.09886;800),(273708.62770;[0.6695];[-0.2805];8989.63254;1;0;[0.663];[-0.287];8902.06549;800),(277338.43446;[0.6904];[-0.2596];8562.21319;1;0;[0.6845];[-0.2655];8502.65383;800),(280922.46938;[0.674];[-0.276];8183.80345;1;0;[0.6672];[-0.2828];8131.87598;800),(284244.26198;[0.6298];[-0.3202];7708.65161;1;0;[0.621];[-0.329];7669.02624;800),(286890.81287;[0.5562];[-0.3938];7298.86801;1;0;[0.5437];[-0.4063];7266.22643;800),(292572.20721;[0.4368];[-0.5132];6860.23114;1;0;[0.4289];[-0.5211];6833.78475;800),(293197.09635;[0.3498];[-0.6002];6617.00701;1;0;[0.3418];[-0.6082];6594.39567;800),(293648.95844;[0.3481];[-0.6019];6609.03947;1;0;[0.3395];[-0.6105];6586.23283;800),(294209.34343;[0.3427];[-0.6073];6590.86152;1;0;[0.3339];[-0.6161];6568.21722;800),(294584.69748;[0.3424];[-0.6076];6587.00870;1;0;[0.3342];[-0.6158];6564.14933;800),(295045.25113;[0.3414];[-0.6086];6580.09528;1;0;[0.3333];[-0.6167];6557.14945;800),(295557.02162;[0.3414];[-0.6086];6580.09528;1;0;[0.3333];[-0.6167];6557.14945;800),(298791.38160;[0.5313];[-0.4187];9824.32995;1;0;[0.5174];[-0.4326];9620.09313;800),(301968.90140;[0.6067];[-0.3433];9427.50313;1;0;[0.5998];[-0.3502];9288.09886;800),(305323.09484;[0.6737];[-0.2763];8994.52314;1;0;[0.6683];[-0.2817];8908.55086;800),(308606.37355;[0.6908];[-0.2592];8562.43911;1;0;[0.6851];[-0.2649];8502.95004;800),(311545.16268;[0.6733];[-0.2767];8184.22838;1;0;[0.6664];[-0.2836];8132.14211;800),(314497.95437;[0.6441];[-0.3059];7834.48128;1;0;[0.6367];[-0.3133];7791.76362;800),(317782.66954;[0.5573];[-0.3927];7305.93720;1;0;[0.5455];[-0.4045];7273.20879;800),(321158.33879;[0.3414];[-0.6086];6580.09528;1;0;[0.3333];[-0.6167];6557.14945;800),(321831.42066;[0.3414];[-0.6086];6580.09528;1;0;[0.3333];[-0.6167];6557.14945;800),(324679.23164;[0.5313];[-0.4187];9824.32995;1;0;[0.5174];[-0.4326];9620.09313;800),(327863.84201;[0.6094];[-0.3406];9419.45939;1;0;[0.6026];[-0.3474];9281.71358;800),(331174.80993;[0.6743];[-0.2757];8995.16733;1;0;[0.669];[-0.281];8909.45657;800),(334439.08787;[0.6908];[-0.2592];8562.43911;1;0;[0.6851];[-0.2649];8502.95004;800),(337447.96371;[0.6733];[-0.2767];8184.22838;1;0;[0.6664];[-0.2836];8132.14211;800),(340559.26299;[0.6441];[-0.3059];7834.48128;1;0;[0.6367];[-0.3133];7791.76362;800),(343356.12798;[0.5573];[-0.3927];7305.93720;1;0;[0.5455];[-0.4045];7273.20879;800),(346196.30027;[0.3414];[-0.6086];6580.09528;1;0;[0.3333];[-0.6167];6557.14945;800),(346811.99431;[0.3414];[-0.6086];6580.09528;1;0;[0.3333];[-0.6167];6557.14945;800),(349853.34015;[0.5313];[-0.4187];9824.32995;1;0;[0.5174];[-0.4326];9620.09313;800),(353303.29156;[0.6094];[-0.3406];9419.45939;1;0;[0.6026];[-0.3474];9281.71358;800),(356133.82888;[0.6737];[-0.2763];8994.52314;1;0;[0.6683];[-0.2817];8908.55086;800),(359330.64055;[0.6908];[-0.2592];8562.43911;1;0;[0.6851];[-0.2649];8502.95004;800),(362225.22855;[0.6733];[-0.2767];8184.22838;1;0;[0.6664];[-0.2836];8132.14211;800),(364873.30198;[0.6441];[-0.3059];7834.48128;1;0;[0.6367];[-0.3133];7791.76362;800),(367673.56133;[0.5573];[-0.3927];7305.93720;1;0;[0.5455];[-0.4045];7273.20879;800),(370398.86308;[0.3414];[-0.6086];6580.09528;1;0;[0.3333];[-0.6167];6557.14945;800),(371272.01557;[0.3414];[-0.6086];6580.09528;1;0;[0.3333];[-0.6167];6557.14945;800),(374387.69054;[0.5313];[-0.4187];9824.32995;1;0;[0.5174];[-0.4326];9620.09313;800),(377797.00351;[0.6094];[-0.3406];9419.45939;1;0;[0.6026];[-0.3474];9281.71358;800),(381354.01011;[0.6743];[-0.2757];8995.16733;1;0;[0.669];[-0.281];8909.45657;800),(384870.98837;[0.6908];[-0.2592];8562.43911;1;0;[0.6851];[-0.2649];8502.95004;800),(388452.48890;[0.6733];[-0.2767];8184.22838;1;0;[0.6664];[-0.2836];8132.14211;800),(391422.88685;[0.6441];[-0.3059];7834.48128;1;0;[0.6367];[-0.3133];7791.76362;800),(394317.37280;[0.5573];[-0.3927];7305.93720;1;0;[0.5455];[-0.4045];7273.20879;800),(397221.47799;[0.3414];[-0.6086];6580.09528;1;0;[0.3333];[-0.6167];6557.14945;800),(398031.15726;[0.3414];[-0.6086];6580.09528;1;0;[0.3333];[-0.6167];6557.14945;800),(400989.65478;[0.5313];[-0.4187];9824.32995;1;0;[0.5174];[-0.4326];9620.09313;800),(404090.43241;[0.6094];[-0.3406];9419.45939;1;0;[0.6026];[-0.3474];9281.71358;800),(407190.19294;[0.6743];[-0.2757];8994.64151;1;0;[0.669];[-0.281];8908.89253;800),(410268.08882;[0.6908];[-0.2592];8562.43911;1;0;[0.6851];[-0.2649];8502.95004;800),(413519.00315;[0.6733];[-0.2767];8184.22838;1;0;[0.6664];[-0.2836];8132.14211;800),(416787.95958;[0.6441];[-0.3059];7834.48128;1;0;[0.6367];[-0.3133];7791.76362;800),(420035.30979;[0.5573];[-0.3927];7305.93720;1;0;[0.5455];[-0.4045];7273.20879;800),(423082.02887;[0.3414];[-0.6086];6580.09528;1;0;[0.3333];[-0.6167];6557.14945;800),(423642.60411;[0.3414];[-0.6086];6580.09528;1;0;[0.3333];[-0.6167];6557.14945;800),(426572.07537;[0.5313];[-0.4187];9824.32995;1;0;[0.5174];[-0.4326];9620.09313;800),(429681.44035;[0.6094];[-0.3406];9419.45939;1;0;[0.6026];[-0.3474];9281.71358;800),(432637.00056;[0.6752];[-0.2748];8994.58660;1;0;[0.6692];[-0.2808];8909.06805;800),(436065.65022;[0.6905];[-0.2595];8557.37162;1;0;[0.6844];[-0.2656];8497.96921;800),(438921.55743;[0.6733];[-0.2767];8184.22838;1;0;[0.6664];[-0.2836];8132.14211;800),(441862.02335;[0.6441];[-0.3059];7834.48128;1;0;[0.6367];[-0.3133];7791.76362;800),(444579.75602;[0.5573];[-0.3927];7305.93720;1;0;[0.5455];[-0.4045];7273.20879;800),(447495.18132;[0.3414];[-0.6086];6580.09528;1;0;[0.3333];[-0.6167];6557.14945;800),(448097.57066;[0.3414];[-0.6086];6580.09528;1;0;[0.3333];[-0.6167];6557.14945;800),(451169.76047;[0.5313];[-0.4187];9824.32995;1;0;[0.5174];[-0.4326];9620.09313;800),(454813.64036;[0.6094];[-0.3406];9419.45939;1;0;[0.6026];[-0.3474];9281.71358;800),(458051.44286;[0.6752];[-0.2748];8994.58660;1;0;[0.6692];[-0.2808];8909.06805;800),(461431.30136;[0.6905];[-0.2595];8557.37162;1;0;[0.6844];[-0.2656];8497.96921;800),(464264.88948;[0.6733];[-0.2767];8184.22838;1;0;[0.6664];[-0.2836];8132.14211;800),(466984.22027;[0.6441];[-0.3059];7834.48128;1;0;[0.6367];[-0.3133];7791.76362;800),(469999.20034;[0.5573];[-0.3927];7305.93720;1;0;[0.5455];[-0.4045];7273.20879;800),(473405.74360;[0.3414];[-0.6086];6580.09528;1;0;[0.3333];[-0.6167];6557.14945;800),(474065.99474;[0.3414];[-0.6086];6580.09528;1;0;[0.3333];[-0.6167];6557.14945;800),(477047.62173;[0.5313];[-0.4187];9824.32995;1;0;[0.5174];[-0.4326];9620.09313;800),(479960.51478;[0.6094];[-0.3406];9419.45939;1;0;[0.6026];[-0.3474];9281.71358;800),(483021.92020;[0.6752];[-0.2748];8994.58660;1;0;[0.6692];[-0.2808];8909.06805;800),(486022.41564;[0.6905];[-0.2595];8557.37162;1;0;[0.6844];[-0.2656];8497.96921;800),(489450.88816;[0.6733];[-0.2767];8184.22838;1;0;[0.6664];[-0.2836];8132.14211;800),(493235.88824;[0.6441];[-0.3059];7834.48128;1;0;[0.6367];[-0.3133];7791.76362;800),(496287.19044;[0.5573];[-0.3927];7305.93720;1;0;[0.5455];[-0.4045];7273.20879;800),(498943.50719;[0.3414];[-0.6086];6580.09528;1;0;[0.3333];[-0.6167];6557.14945;800),(499642.46631;[0.3414];[-0.6086];6580.09528;1;0;[0.3333];[-0.6167];6557.14945;800),(502555.21083;[0.5313];[-0.4187];9824.32995;1;0;[0.5174];[-0.4326];9620.09313;800),(505695.20283;[0.6094];[-0.3406];9419.45939;1;0;[0.6026];[-0.3474];9281.71358;800),(508422.25695;[0.6752];[-0.2748];8994.58660;1;0;[0.6692];[-0.2808];8909.06805;800),(511657.29403;[0.6905];[-0.2595];8557.37162;1;0;[0.6844];[-0.2656];8497.96921;800),(514447.91341;[0.6733];[-0.2767];8184.22838;1;0;[0.6664];[-0.2836];8132.14211;800),(517340.64913;[0.6441];[-0.3059];7834.48128;1;0;[0.6367];[-0.3133];7791.76362;800),(520315.36341;[0.5573];[-0.3927];7305.93720;1;0;[0.5455];[-0.4045];7273.20879;800),(523353.89757;[0.3414];[-0.6086];6580.09528;1;0;[0.3333];[-0.6167];6557.14945;800),(524009.53770;[0.3414];[-0.6086];6580.09528;1;0;[0.3333];[-0.6167];6557.14945;800),(527477.50425;[0.5313];[-0.4187];9824.32995;1;0;[0.5174];[-0.4326];9620.09313;800),(530921.68880;[0.6094];[-0.3406];9419.45939;1;0;[0.6026];[-0.3474];9281.71358;800),(533982.26833;[0.6752];[-0.2748];8994.58660;1;0;[0.6692];[-0.2808];8909.06805;800),(537457.42536;[0.6905];[-0.2595];8557.37162;1;0;[0.6844];[-0.2656];8497.96921;800),(540539.43062;[0.6733];[-0.2767];8184.22838;1;0;[0.6664];[-0.2836];8132.14211;800),(543563.17830;[0.6441];[-0.3059];7834.48128;1;0;[0.6367];[-0.3133];7791.76362;800),(547017.65895;[0.5573];[-0.3927];7305.93720;1;0;[0.5455];[-0.4045];7273.20879;800),(550455.48558;[0.3414];[-0.6086];6580.09528;1;0;[0.3333];[-0.6167];6557.14945;800),(551234.03883;[0.3414];[-0.6086];6580.09528;1;0;[0.3333];[-0.6167];6557.14945;800),(554314.20374;[0.5313];[-0.4187];9824.32995;1;0;[0.5174];[-0.4326];9620.09313;800),(556916.88061;[0.6094];[-0.3406];9419.45939;1;0;[0.6026];[-0.3474];9281.71358;800),(560056.51402;[0.6752];[-0.2748];8994.58660;1;0;[0.6692];[-0.2808];8909.06805;800),(562842.29922;[0.6905];[-0.2595];8557.37162;1;0;[0.6844];[-0.2656];8497.96921;800),(565789.79397;[0.6733];[-0.2767];8184.22838;1;0;[0.6664];[-0.2836];8132.14211;800),(568792.70792;[0.6441];[-0.3059];7834.48128;1;0;[0.6367];[-0.3133];7791.76362;800),(571559.87692;[0.5573];[-0.3927];7305.93720;1;0;[0.5455];[-0.4045];7273.20879;800),(574215.35516;[0.3414];[-0.6086];6580.09528;1;0;[0.3333];[-0.6167];6557.14945;800),(574846.02547;[0.3414];[-0.6086];6580.09528;1;0;[0.3333];[-0.6167];6557.14945;800),(577630.77617;[0.5313];[-0.4187];9824.32995;1;0;[0.5174];[-0.4326];9620.09313;800),(580250.05770;[0.6094];[-0.3406];9419.45939;1;0;[0.6026];[-0.3474];9281.71358;800),(583009.86433;[0.6752];[-0.2748];8994.58660;1;0;[0.6692];[-0.2808];8909.06805;800),(586150.41780;[0.6905];[-0.2595];8557.37162;1;0;[0.6844];[-0.2656];8497.96921;800),(589025.71607;[0.6733];[-0.2767];8184.22838;1;0;[0.6664];[-0.2836];8132.14211;800),(591716.72130;[0.6441];[-0.3059];7834.48128;1;0;[0.6367];[-0.3133];7791.76362;800),(594421.18669;[0.5573];[-0.3927];7305.93720;1;0;[0.5455];[-0.4045];7273.20879;800),(597022.91059;[0.3414];[-0.6086];6580.09528;1;0;[0.3333];[-0.6167];6557.14945;800),(597614.58969;[0.3414];[-0.6086];6580.09528;1;0;[0.3333];[-0.6167];6557.14945;800),(600003.52454;[0.5328];[-0.4172];9762.87287;1;0;[0.5192];[-0.4308];9565.45812;800)]"
4,10,8595.948805571528,0.79103,1,0,[0.8849],[-0.0651],600117.6512241364,"[(3238.33776;[0.599];[-0.351];10968.74672;1;0;[0.5888];[-0.3612];10734.01701;100),(4333.14967;[0.599];[-0.351];10968.74672;1;0;[0.5888];[-0.3612];10734.01701;100),(6273.13638;[0.6013];[-0.3487];10981.75462;1;0;[0.5938];[-0.3562];10748.41964;200),(8967.77916;[0.6036];[-0.3464];11000.55088;1;0;[0.5952];[-0.3548];10770.02656;400),(10534.54161;[0.6036];[-0.3464];11000.55088;1;0;[0.5952];[-0.3548];10770.02656;400),(12295.91131;[0.6036];[-0.3464];11000.55088;1;0;[0.5952];[-0.3548];10770.02656;400),(14129.38881;[0.6036];[-0.3464];11000.55088;1;0;[0.5952];[-0.3548];10770.02656;400),(15891.64591;[0.6036];[-0.3464];11000.55088;1;0;[0.5952];[-0.3548];10770.02656;400),(17793.66422;[0.6036];[-0.3464];11000.55088;1;0;[0.5952];[-0.3548];10770.02656;400),(19541.70895;[0.6036];[-0.3464];11000.55088;1;0;[0.5952];[-0.3548];10770.02656;400),(20031.01659;[0.7887];[-0.1613];10245.25245;1;0;[0.7879];[-0.1621];10126.96596;400),(20721.60316;[0.8389];[-0.1111];9496.38177;1;0;[0.8419];[-0.1081];9423.94090;400),(21463.61542;[0.8649];[-0.0851];9087.48448;1;0;[0.8671];[-0.0829];9029.31491;400),(22068.11905;[0.8755];[-0.0745];8661.37557;1;0;[0.8777];[-0.0723];8613.49336;400),(22549.42179;[0.8761];[-0.0739];8282.90996;1;0;[0.8769];[-0.0731];8244.33877;400),(23008.85081;[0.8563];[-0.0937];7821.63778;1;0;[0.8574];[-0.0926];7790.24639;400),(23641.22391;[0.8241];[-0.1259];7375.00594;1;0;[0.8262];[-0.1238];7349.90354;400),(24117.03682;[0.8211];[-0.1289];7364.93789;1;0;[0.8226];[-0.1274];7339.70179;400),(24971.60006;[0.8211];[-0.1289];7364.93789;1;0;[0.8226];[-0.1274];7339.70179;400),(25374.34363;[0.8219];[-0.1281];7362.36493;1;0;[0.8236];[-0.1264];7337.28122;400),(27236.10139;[0.6063];[-0.3437];11005.07440;1;0;[0.5994];[-0.3506];10776.40824;400),(29220.69764;[0.7224];[-0.2276];10707.25836;1;0;[0.7175];[-0.2325];10539.91600;400),(31595.89100;[0.8039];[-0.1461];10148.22595;1;0;[0.8073];[-0.1427];10046.28972;400),(33475.30389;[0.8473];[-0.1027];9450.05368;1;0;[0.8486];[-0.1014];9382.62890;400),(35084.39827;[0.8743];[-0.0757];9035.34475;1;0;[0.8738];[-0.0762];8983.05298;400),(37270.14780;[0.8796];[-0.0704];8466.60283;1;0;[0.8815];[-0.0685];8425.07946;400),(39004.42004;[0.8219];[-0.1281];7362.36493;1;0;[0.8236];[-0.1264];7337.28122;400),(41762.14838;[0.6063];[-0.3437];11005.07440;1;0;[0.5994];[-0.3506];10776.40824;400),(43800.36426;[0.7224];[-0.2276];10707.25836;1;0;[0.7175];[-0.2325];10539.91600;400),(46064.39996;[0.8039];[-0.1461];10148.22595;1;0;[0.8073];[-0.1427];10046.28972;400),(48166.10169;[0.8473];[-0.1027];9450.05368;1;0;[0.8486];[-0.1014];9382.62890;400),(50051.48339;[0.8743];[-0.0757];9035.34475;1;0;[0.8738];[-0.0762];8983.05298;400),(52215.78526;[0.8796];[-0.0704];8466.60283;1;0;[0.8815];[-0.0685];8425.07946;400),(56770.84327;[0.8668];[-0.0832];8055.74495;1;0;[0.8676];[-0.0824];8020.82770;400),(57217.05770;[0.8614];[-0.0886];7845.18917;1;0;[0.8613];[-0.0887];7813.88636;400),(57688.53688;[0.848];[-0.102];7627.34476;1;0;[0.8502];[-0.0998];7599.01402;400),(57989.20846;[0.8255];[-0.1245];7373.67379;1;0;[0.8283];[-0.1217];7348.72395;400),(58411.15570;[0.8211];[-0.1289];7364.93789;1;0;[0.8226];[-0.1274];7339.70179;400),(59027.26865;[0.8219];[-0.1281];7362.36493;1;0;[0.8236];[-0.1264];7337.28122;400),(61232.89371;[0.6076];[-0.3424];11005.13704;1;0;[0.601];[-0.349];10777.27206;400),(62840.41071;[0.7254];[-0.2246];10693.52002;1;0;[0.7198];[-0.2302];10527.61907;400),(64586.82871;[0.8032];[-0.1468];10145.87121;1;0;[0.8069];[-0.1431];10043.77057;400),(66399.44029;[0.8479];[-0.1021];9449.81487;1;0;[0.8493];[-0.1007];9383.12510;400),(68287.76884;[0.8747];[-0.0753];9037.12794;1;0;[0.8741];[-0.0759];8984.81808;400),(70241.36472;[0.8822];[-0.0678];8473.04940;1;0;[0.8836];[-0.0664];8431.58359;400),(73739.81094;[0.8706];[-0.0794];8077.74154;1;0;[0.8713];[-0.0787];8042.78778;400),(74144.70148;[0.8629];[-0.0871];7864.88486;1;0;[0.8638];[-0.0862];7833.46252;400),(74827.47602;[0.8496];[-0.1004];7631.43021;1;0;[0.8515];[-0.0985];7603.13055;400),(75392.92955;[0.8453];[-0.1047];7610.58170;1;0;[0.8471];[-0.1029];7582.33354;400),(75826.01428;[0.8439];[-0.1061];7605.57266;1;0;[0.8461];[-0.1039];7577.24517;400),(76224.61605;[0.8417];[-0.1083];7597.81169;1;0;[0.8442];[-0.1058];7569.46176;400),(76697.85237;[0.8417];[-0.1083];7597.81169;1;0;[0.8442];[-0.1058];7569.46176;400),(77176.82266;[0.8417];[-0.1083];7597.81169;1;0;[0.8442];[-0.1058];7569.46176;400),(79444.58294;[0.6107];[-0.3393];10996.04506;1;0;[0.606];[-0.344];10764.68513;400),(81198.91167;[0.726];[-0.224];10692.91249;1;0;[0.7205];[-0.2295];10527.21645;400),(83190.59610;[0.8032];[-0.1468];10145.87121;1;0;[0.8069];[-0.1431];10043.77057;400),(84996.56367;[0.8478];[-0.1022];9452.27086;1;0;[0.8493];[-0.1007];9384.94080;400),(86662.55116;[0.8656];[-0.0844];9035.40253;1;0;[0.8682];[-0.0818];8980.88705;400),(88421.55075;[0.8817];[-0.0683];8475.71144;1;0;[0.8831];[-0.0669];8434.11336;400),(90195.94574;[0.8417];[-0.1083];7597.81169;1;0;[0.8442];[-0.1058];7569.46176;400),(90701.08342;[0.8417];[-0.1083];7597.81169;1;0;[0.8442];[-0.1058];7569.46176;400),(92738.89279;[0.6107];[-0.3393];10996.04506;1;0;[0.606];[-0.344];10764.68513;400),(94526.84140;[0.7286];[-0.2214];10679.64959;1;0;[0.7221];[-0.2279];10515.50708;400),(96523.20743;[0.8038];[-0.1462];10118.30798;1;0;[0.807];[-0.143];10016.90089;400),(98291.08095;[0.8478];[-0.1022];9452.27086;1;0;[0.8493];[-0.1007];9384.94080;400),(100357.26285;[0.8656];[-0.0844];9035.40253;1;0;[0.8682];[-0.0818];8980.88705;400),(102182.97291;[0.8817];[-0.0683];8475.71144;1;0;[0.8831];[-0.0669];8434.11336;400),(103799.02697;[0.8417];[-0.1083];7597.81169;1;0;[0.8442];[-0.1058];7569.46176;400),(106382.17020;[0.6107];[-0.3393];10996.04506;1;0;[0.606];[-0.344];10764.68513;400),(108401.22223;[0.7286];[-0.2214];10679.64959;1;0;[0.7221];[-0.2279];10515.50708;400),(110144.57512;[0.8038];[-0.1462];10118.30798;1;0;[0.807];[-0.143];10016.90089;400),(111874.16029;[0.8478];[-0.1022];9452.27086;1;0;[0.8493];[-0.1007];9384.94080;400),(113611.92465;[0.8653];[-0.0847];9034.07544;1;0;[0.8673];[-0.0827];8978.70607;400),(115497.62225;[0.8817];[-0.0683];8475.71144;1;0;[0.8831];[-0.0669];8434.11336;400),(119145.75839;[0.8718];[-0.0782];8087.47727;1;0;[0.8724];[-0.0776];8052.42115;400),(119627.65884;[0.8634];[-0.0866];7868.45957;1;0;[0.8643];[-0.0857];7836.99056;400),(120070.32585;[0.8614];[-0.0886];7845.18917;1;0;[0.8613];[-0.0887];7813.88636;400),(120428.52521;[0.8467];[-0.1033];7621.95472;1;0;[0.8481];[-0.1019];7593.56191;400),(120729.75278;[0.8439];[-0.1061];7605.57266;1;0;[0.8461];[-0.1039];7577.24517;400),(121225.51227;[0.8417];[-0.1083];7597.81169;1;0;[0.8442];[-0.1058];7569.46176;400),(121496.32072;[0.8417];[-0.1083];7597.81169;1;0;[0.8442];[-0.1058];7569.46176;400),(121808.20322;[0.8417];[-0.1083];7597.81169;1;0;[0.8442];[-0.1058];7569.46176;400),(123535.91967;[0.6107];[-0.3393];10996.04506;1;0;[0.606];[-0.344];10764.68513;400),(125510.10513;[0.7287];[-0.2213];10679.09413;1;0;[0.7226];[-0.2274];10515.11091;400),(127094.66052;[0.8065];[-0.1435];10127.38461;1;0;[0.8104];[-0.1396];10027.23612;400),(128709.74135;[0.8478];[-0.1022];9452.27086;1;0;[0.8493];[-0.1007];9384.94080;400),(130345.40153;[0.8663];[-0.0837];9049.93801;1;0;[0.8691];[-0.0809];8994.56429;400),(132119.05146;[0.8755];[-0.0745];8604.11973;1;0;[0.8778];[-0.0722];8559.29211;400),(133555.73130;[0.8417];[-0.1083];7597.81169;1;0;[0.8442];[-0.1058];7569.46176;400),(134059.97229;[0.8417];[-0.1083];7597.81169;1;0;[0.8442];[-0.1058];7569.46176;400),(135728.26028;[0.6107];[-0.3393];10996.04506;1;0;[0.606];[-0.344];10764.68513;400),(137419.47794;[0.7306];[-0.2194];10664.44524;1;0;[0.725];[-0.225];10501.87411;400),(139038.68294;[0.8065];[-0.1435];10127.38461;1;0;[0.8104];[-0.1396];10027.23612;400),(140856.97699;[0.8478];[-0.1022];9452.27086;1;0;[0.8493];[-0.1007];9384.94080;400),(142337.34679;[0.8674];[-0.0826];9049.87134;1;0;[0.8697];[-0.0803];8994.61103;400),(144141.15429;[0.8744];[-0.0756];8594.14868;1;0;[0.8769];[-0.0731];8549.36942;400),(145553.81894;[0.8417];[-0.1083];7597.81169;1;0;[0.8442];[-0.1058];7569.46176;400),(147327.66891;[0.6107];[-0.3393];10996.04506;1;0;[0.606];[-0.344];10764.68513;400),(149344.57111;[0.7306];[-0.2194];10664.44524;1;0;[0.725];[-0.225];10501.87411;400),(151187.28757;[0.8065];[-0.1435];10127.38461;1;0;[0.8104];[-0.1396];10027.23612;400),(152642.83967;[0.8478];[-0.1022];9452.27086;1;0;[0.8493];[-0.1007];9384.94080;400),(154385.48374;[0.8663];[-0.0837];9049.93801;1;0;[0.8691];[-0.0809];8994.56429;400),(156025.74182;[0.8744];[-0.0756];8594.14868;1;0;[0.8769];[-0.0731];8549.36942;400),(158961.80153;[0.8719];[-0.0781];8088.79005;1;0;[0.8726];[-0.0774];8053.74430;400),(159319.03863;[0.8668];[-0.0832];8055.74495;1;0;[0.8676];[-0.0824];8020.82770;400),(159688.85541;[0.8614];[-0.0886];7851.61133;1;0;[0.8618];[-0.0882];7820.20975;400),(160020.64109;[0.8467];[-0.1033];7621.95472;1;0;[0.8481];[-0.1019];7593.56191;400),(160482.54967;[0.8439];[-0.1061];7605.57266;1;0;[0.8461];[-0.1039];7577.24517;400),(160748.10052;[0.8439];[-0.1061];7605.57266;1;0;[0.8461];[-0.1039];7577.24517;400),(161057.00302;[0.8417];[-0.1083];7597.81169;1;0;[0.8442];[-0.1058];7569.46176;400),(161316.38288;[0.8417];[-0.1083];7597.81169;1;0;[0.8442];[-0.1058];7569.46176;400),(161616.76812;[0.8417];[-0.1083];7597.81169;1;0;[0.8442];[-0.1058];7569.46176;400),(163276.82924;[0.6107];[-0.3393];10996.04506;1;0;[0.606];[-0.344];10764.68513;400),(164978.83940;[0.7301];[-0.2199];10661.86474;1;0;[0.7241];[-0.2259];10499.15486;400),(166918.25438;[0.8069];[-0.1431];10127.58141;1;0;[0.8109];[-0.1391];10027.53794;400),(168482.25522;[0.8481];[-0.1019];9453.99248;1;0;[0.8495];[-0.1005];9386.68904;400),(170235.92854;[0.8694];[-0.0806];9056.95345;1;0;[0.8706];[-0.0794];9001.69997;400),(171747.97726;[0.8793];[-0.0707];8624.09875;1;0;[0.8819];[-0.0681];8579.36865;400),(173427.38295;[0.8417];[-0.1083];7597.81169;1;0;[0.8442];[-0.1058];7569.46176;400),(175463.26947;[0.6107];[-0.3393];10996.04506;1;0;[0.606];[-0.344];10764.68513;400),(178039.46733;[0.734];[-0.216];10653.06308;1;0;[0.7284];[-0.2216];10492.93396;400),(179438.43055;[0.8056];[-0.1444];10102.20887;1;0;[0.8093];[-0.1407];10000.27922;400),(180969.42806;[0.8511];[-0.0989];9427.42930;1;0;[0.8529];[-0.0971];9362.96176;400),(182477.14710;[0.8694];[-0.0806];9056.95345;1;0;[0.8706];[-0.0794];9001.69997;400),(183974.19381;[0.8778];[-0.0722];8620.03554;1;0;[0.8798];[-0.0702];8575.16143;400),(186958.64606;[0.8735];[-0.0765];8264.30628;1;0;[0.8758];[-0.0742];8225.89164;400),(187294.19851;[0.8697];[-0.0803];8074.95146;1;0;[0.8704];[-0.0796];8039.99184;400),(187813.10868;[0.8621];[-0.0879];7860.05686;1;0;[0.8627];[-0.0873];7828.60178;400),(188098.38438;[0.8583];[-0.0917];7841.67647;1;0;[0.8595];[-0.0905];7810.14633;400),(188482.05566;[0.8417];[-0.1083];7597.81169;1;0;[0.8442];[-0.1058];7569.46176;400),(188814.95500;[0.8417];[-0.1083];7597.81169;1;0;[0.8442];[-0.1058];7569.46176;400),(190732.77521;[0.6107];[-0.3393];10996.04506;1;0;[0.606];[-0.344];10764.68513;400),(192432.00827;[0.7334];[-0.2166];10647.88499;1;0;[0.7273];[-0.2227];10486.68090;400),(193839.71906;[0.8064];[-0.1436];10102.42474;1;0;[0.8107];[-0.1393];10002.63316;400),(195467.36383;[0.8518];[-0.0982];9429.24257;1;0;[0.8538];[-0.0962];9364.89620;400),(196988.91163;[0.8692];[-0.0808];9060.12202;1;0;[0.8703];[-0.0797];9004.77976;400),(198721.21525;[0.8804];[-0.0696];8629.47210;1;0;[0.8823];[-0.0677];8584.69844;400),(201519.38248;[0.8753];[-0.0747];8276.17448;1;0;[0.8767];[-0.0733];8237.68898;400),(201991.29272;[0.8686];[-0.0814];8080.45277;1;0;[0.8699];[-0.0801];8045.32215;400),(202337.88824;[0.8661];[-0.0839];8050.80797;1;0;[0.8664];[-0.0836];8015.80995;400),(202644.28163;[0.862];[-0.088];7850.16857;1;0;[0.8626];[-0.0874];7818.91108;400),(202963.13405;[0.8614];[-0.0886];7845.18917;1;0;[0.8613];[-0.0887];7813.88636;400),(203315.13953;[0.8583];[-0.0917];7841.67647;1;0;[0.8595];[-0.0905];7810.14633;400),(205652.95339;[0.6107];[-0.3393];10996.04506;1;0;[0.606];[-0.344];10764.68513;400),(207546.11850;[0.7347];[-0.2153];10624.23163;1;0;[0.7292];[-0.2208];10464.79598;400),(209133.21519;[0.8064];[-0.1436];10102.42474;1;0;[0.8107];[-0.1393];10002.63316;400),(211089.03646;[0.8518];[-0.0982];9429.24257;1;0;[0.8538];[-0.0962];9364.89620;400),(212538.45215;[0.8705];[-0.0795];9065.10746;1;0;[0.8715];[-0.0785];9009.83861;400),(214045.72558;[0.8815];[-0.0685];8635.44237;1;0;[0.8836];[-0.0664];8590.67404;400),(216906.04329;[0.8772];[-0.0728];8281.68071;1;0;[0.8784];[-0.0716];8243.20769;400),(217547.33896;[0.8709];[-0.0791];8084.67889;1;0;[0.8718];[-0.0782];8049.62104;400),(217858.80828;[0.8678];[-0.0822];8070.81330;1;0;[0.8688];[-0.0812];8035.75912;400),(218303.08795;[0.8614];[-0.0886];7851.61133;1;0;[0.8618];[-0.0882];7820.20975;400),(218576.48277;[0.8583];[-0.0917];7841.67647;1;0;[0.8595];[-0.0905];7810.14633;400),(219289.34121;[0.8583];[-0.0917];7841.67647;1;0;[0.8595];[-0.0905];7810.14633;400),(220865.88144;[0.6107];[-0.3393];10996.04506;1;0;[0.606];[-0.344];10764.68513;400),(223059.41200;[0.7364];[-0.2136];10626.66737;1;0;[0.731];[-0.219];10467.74855;400),(225310.77480;[0.806];[-0.144];10096.37473;1;0;[0.8095];[-0.1405];9996.86875;400),(227160.35676;[0.8518];[-0.0982];9429.24257;1;0;[0.8538];[-0.0962];9364.89620;400),(228926.57018;[0.8711];[-0.0789];9066.04518;1;0;[0.872];[-0.078];9010.76092;400),(230707.17740;[0.8814];[-0.0686];8636.37304;1;0;[0.8837];[-0.0663];8591.53462;400),(232182.36327;[0.8583];[-0.0917];7841.67647;1;0;[0.8595];[-0.0905];7810.14633;400),(232972.83649;[0.8583];[-0.0917];7841.67647;1;0;[0.8595];[-0.0905];7810.14633;400),(235091.89391;[0.6107];[-0.3393];10996.04506;1;0;[0.606];[-0.344];10764.68513;400),(236963.63378;[0.7364];[-0.2136];10626.66737;1;0;[0.731];[-0.219];10467.74855;400),(239436.81192;[0.806];[-0.144];10096.37473;1;0;[0.8095];[-0.1405];9996.86875;400),(241397.32814;[0.8518];[-0.0982];9429.24257;1;0;[0.8538];[-0.0962];9364.89620;400),(243106.14371;[0.8711];[-0.0789];9066.04518;1;0;[0.872];[-0.078];9010.76092;400),(244842.25845;[0.8814];[-0.0686];8636.37304;1;0;[0.8837];[-0.0663];8591.53462;400),(246763.35359;[0.8583];[-0.0917];7841.67647;1;0;[0.8595];[-0.0905];7810.14633;400),(247442.21044;[0.8583];[-0.0917];7841.67647;1;0;[0.8595];[-0.0905];7810.14633;400),(249209.42998;[0.6107];[-0.3393];10996.04506;1;0;[0.606];[-0.344];10764.68513;400),(251665.70616;[0.7359];[-0.2141];10605.69516;1;0;[0.7299];[-0.2201];10448.12922;400),(253272.51124;[0.8094];[-0.1406];10087.00747;1;0;[0.8136];[-0.1364];9987.41538;400),(255008.35013;[0.8518];[-0.0982];9429.24257;1;0;[0.8538];[-0.0962];9364.89620;400),(256673.20609;[0.8711];[-0.0789];9066.04518;1;0;[0.872];[-0.078];9010.76092;400),(258628.03435;[0.8814];[-0.0686];8636.37304;1;0;[0.8837];[-0.0663];8591.53462;400),(260323.56000;[0.8583];[-0.0917];7841.67647;1;0;[0.8595];[-0.0905];7810.14633;400),(262864.83431;[0.6107];[-0.3393];10996.04506;1;0;[0.606];[-0.344];10764.68513;400),(265693.24112;[0.7359];[-0.2141];10605.69516;1;0;[0.7299];[-0.2201];10448.12922;400),(267192.07263;[0.8094];[-0.1406];10087.00747;1;0;[0.8136];[-0.1364];9987.41538;400),(268891.24274;[0.8518];[-0.0982];9429.24257;1;0;[0.8538];[-0.0962];9364.89620;400),(270839.75577;[0.8711];[-0.0789];9066.04518;1;0;[0.872];[-0.078];9010.76092;400),(272571.28215;[0.8814];[-0.0686];8636.37304;1;0;[0.8837];[-0.0663];8591.53462;400),(275587.98242;[0.8782];[-0.0718];8283.97110;1;0;[0.8799];[-0.0701];8245.62023;400),(276034.84988;[0.8718];[-0.0782];8087.47727;1;0;[0.8724];[-0.0776];8052.42115;400),(276370.81170;[0.8702];[-0.0798];8074.59135;1;0;[0.8709];[-0.0791];8039.68432;400),(276756.59871;[0.8674];[-0.0826];8053.44120;1;0;[0.8682];[-0.0818];8018.67566;400),(277124.45259;[0.8652];[-0.0848];8043.21794;1;0;[0.8648];[-0.0852];8008.20706;400),(277426.63860;[0.8583];[-0.0917];7841.67647;1;0;[0.8595];[-0.0905];7810.14633;400),(279283.29158;[0.6135];[-0.3365];11001.17081;1;0;[0.6081];[-0.3419];10770.73021;400),(281033.71239;[0.7381];[-0.2119];10611.10349;1;0;[0.7328];[-0.2172];10453.61644;400),(282710.20842;[0.8089];[-0.1411];10085.40893;1;0;[0.8134];[-0.1366];9985.74468;400),(284465.69276;[0.8504];[-0.0996];9428.02326;1;0;[0.8526];[-0.0974];9363.38266;400),(286202.08025;[0.8699];[-0.0801];9066.85914;1;0;[0.8712];[-0.0788];9011.46291;400),(287721.93813;[0.8817];[-0.0683];8637.91037;1;0;[0.8835];[-0.0665];8593.12070;400),(290454.40793;[0.8783];[-0.0717];8289.06588;1;0;[0.8803];[-0.0697];8250.59338;400),(290790.93075;[0.8735];[-0.0765];8264.30628;1;0;[0.8758];[-0.0742];8225.89164;400),(291269.31000;[0.871];[-0.079];8077.54257;1;0;[0.8721];[-0.0779];8042.64572;400),(291651.71623;[0.8673];[-0.0827];8065.90874;1;0;[0.868];[-0.082];8030.86114;400),(291972.59092;[0.8661];[-0.0839];8050.80797;1;0;[0.8664];[-0.0836];8015.80995;400),(292405.59077;[0.8652];[-0.0848];8043.21794;1;0;[0.8648];[-0.0852];8008.20706;400),(293044.85464;[0.8652];[-0.0848];8043.21794;1;0;[0.8648];[-0.0852];8008.20706;400),(295413.32459;[0.6147];[-0.3353];11003.98680;1;0;[0.6098];[-0.3402];10773.91816;400),(297412.40191;[0.7364];[-0.2136];10589.28603;1;0;[0.7304];[-0.2196];10431.96787;400),(298967.40651;[0.8089];[-0.1411];10085.40893;1;0;[0.8134];[-0.1366];9985.74468;400),(300592.62967;[0.8504];[-0.0996];9428.02326;1;0;[0.8526];[-0.0974];9363.38266;400),(302195.29152;[0.8705];[-0.0795];9068.25227;1;0;[0.8717];[-0.0783];9012.83695;400),(303768.74852;[0.8818];[-0.0682];8639.53500;1;0;[0.8839];[-0.0661];8594.73042;400),(305459.04660;[0.8652];[-0.0848];8043.21794;1;0;[0.8648];[-0.0852];8008.20706;400),(306188.31921;[0.8652];[-0.0848];8043.21794;1;0;[0.8648];[-0.0852];8008.20706;400),(307778.15890;[0.6186];[-0.3314];11023.31994;1;0;[0.6127];[-0.3373];10795.73326;400),(313146.58117;[0.6284];[-0.3216];11054.65465;1;0;[0.6207];[-0.3293];10833.60416;800),(316098.46401;[0.6284];[-0.3216];11054.65465;1;0;[0.6207];[-0.3293];10833.60416;800),(319076.07317;[0.6284];[-0.3216];11054.65465;1;0;[0.6207];[-0.3293];10833.60416;800),(322602.25868;[0.6284];[-0.3216];11054.65465;1;0;[0.6207];[-0.3293];10833.60416;800),(325464.74314;[0.6284];[-0.3216];11054.65465;1;0;[0.6207];[-0.3293];10833.60416;800),(328326.22480;[0.6284];[-0.3216];11054.65465;1;0;[0.6207];[-0.3293];10833.60416;800),(331388.37981;[0.6284];[-0.3216];11054.65465;1;0;[0.6207];[-0.3293];10833.60416;800),(334366.40382;[0.6284];[-0.3216];11054.65465;1;0;[0.6207];[-0.3293];10833.60416;800),(334887.99644;[0.7867];[-0.1633];10263.96149;1;0;[0.7843];[-0.1657];10143.13905;800),(335642.16781;[0.8356];[-0.1144];9522.65738;1;0;[0.8377];[-0.1123];9448.41449;800),(335972.99218;[0.8704];[-0.0796];9139.91361;1;0;[0.8707];[-0.0793];9085.98119;800),(336374.72486;[0.8804];[-0.0696];8787.51022;1;0;[0.8824];[-0.0676];8739.68437;800),(336688.91573;[0.8798];[-0.0702];8466.13253;1;0;[0.8814];[-0.0686];8424.60525;800),(337172.08171;[0.8709];[-0.0791];8084.67889;1;0;[0.8718];[-0.0782];8049.62104;800),(337487.67471;[0.8255];[-0.1245];7373.67379;1;0;[0.8283];[-0.1217];7348.72395;800),(337829.18239;[0.824];[-0.126];7368.62240;1;0;[0.826];[-0.124];7343.62126;800),(340896.62790;[0.6284];[-0.3216];11054.65465;1;0;[0.6207];[-0.3293];10833.60416;800),(343965.16037;[0.7411];[-0.2089];10594.32557;1;0;[0.7355];[-0.2145];10438.63947;800),(347032.51910;[0.8111];[-0.1389];10072.72221;1;0;[0.8155];[-0.1345];9976.69170;800),(349864.33363;[0.8512];[-0.0988];9425.39008;1;0;[0.8531];[-0.0969];9361.05272;800),(352894.48380;[0.8675];[-0.0825];9044.88027;1;0;[0.8696];[-0.0804];8990.34671;800),(355840.83533;[0.8805];[-0.0695];8636.23024;1;0;[0.8827];[-0.0673];8591.33965;800),(358578.10068;[0.8732];[-0.0768];8264.50524;1;0;[0.8753];[-0.0747];8226.03369;800),(364219.62190;[0.8641];[-0.0859];7868.48810;1;0;[0.8651];[-0.0849];7837.07655;800),(364671.57269;[0.8504];[-0.0996];7630.98949;1;0;[0.8522];[-0.0978];7602.75772;800),(365080.32942;[0.8417];[-0.1083];7597.81169;1;0;[0.8442];[-0.1058];7569.46176;800),(365435.71568;[0.824];[-0.126];7368.62240;1;0;[0.826];[-0.124];7343.62126;800),(365775.67339;[0.824];[-0.126];7368.62240;1;0;[0.826];[-0.124];7343.62126;800),(368533.73671;[0.6284];[-0.3216];11054.65465;1;0;[0.6207];[-0.3293];10833.60416;800),(371932.64651;[0.7391];[-0.2109];10583.88762;1;0;[0.7333];[-0.2167];10428.38016;800),(375155.16233;[0.8139];[-0.1361];10066.08903;1;0;[0.8178];[-0.1322];9970.17461;800),(378281.81028;[0.8512];[-0.0988];9425.39008;1;0;[0.8531];[-0.0969];9361.05272;800),(381337.78715;[0.8691];[-0.0809];9054.20137;1;0;[0.8702];[-0.0798];8998.97874;800),(384383.73685;[0.8818];[-0.0682];8639.53500;1;0;[0.8839];[-0.0661];8594.73042;800),(387011.02591;[0.8759];[-0.0741];8276.09719;1;0;[0.877];[-0.073];8237.66983;800),(392649.03378;[0.8634];[-0.0866];7868.45957;1;0;[0.8643];[-0.0857];7836.99056;800),(392971.75050;[0.8614];[-0.0886];7845.18917;1;0;[0.8613];[-0.0887];7813.88636;800),(393362.70213;[0.8462];[-0.1038];7610.15158;1;0;[0.8475];[-0.1025];7581.98491;800),(393682.41978;[0.8417];[-0.1083];7597.81169;1;0;[0.8442];[-0.1058];7569.46176;800),(394154.53935;[0.8417];[-0.1083];7597.81169;1;0;[0.8442];[-0.1058];7569.46176;800),(396740.67330;[0.6284];[-0.3216];11054.65465;1;0;[0.6207];[-0.3293];10833.60416;800),(400350.69203;[0.7406];[-0.2094];10582.02470;1;0;[0.735];[-0.215];10427.13139;800),(403121.06156;[0.8139];[-0.1361];10066.08903;1;0;[0.8178];[-0.1322];9970.17461;800),(406187.89792;[0.8512];[-0.0988];9425.39008;1;0;[0.8531];[-0.0969];9361.05272;800),(409194.96799;[0.8694];[-0.0806];9056.95345;1;0;[0.8706];[-0.0794];9001.69997;800),(412029.45447;[0.8828];[-0.0672];8640.65244;1;0;[0.8849];[-0.0651];8595.94881;800),(414631.67405;[0.8766];[-0.0734];8279.54554;1;0;[0.8771];[-0.0729];8241.06905;800),(420319.56506;[0.8654];[-0.0846];7871.11528;1;0;[0.8659];[-0.0841];7839.71799;800),(420728.48296;[0.8614];[-0.0886];7851.61133;1;0;[0.8618];[-0.0882];7820.20975;800),(421043.38074;[0.8488];[-0.1012];7626.74289;1;0;[0.8505];[-0.0995];7598.47573;800),(421373.91329;[0.8417];[-0.1083];7597.81169;1;0;[0.8442];[-0.1058];7569.46176;800),(421960.25014;[0.8417];[-0.1083];7597.81169;1;0;[0.8442];[-0.1058];7569.46176;800),(424701.34830;[0.6281];[-0.3219];11050.31456;1;0;[0.6206];[-0.3294];10828.32496;800),(427537.15396;[0.7406];[-0.2094];10582.02470;1;0;[0.735];[-0.215];10427.13139;800),(430351.36604;[0.8136];[-0.1364];10065.44119;1;0;[0.8174];[-0.1326];9969.50041;800),(433253.72744;[0.8512];[-0.0988];9425.39008;1;0;[0.8531];[-0.0969];9361.05272;800),(436429.08239;[0.8701];[-0.0799];9058.94867;1;0;[0.8712];[-0.0788];9003.76561;800),(439279.13404;[0.8828];[-0.0672];8640.65244;1;0;[0.8849];[-0.0651];8595.94881;800),(442134.51743;[0.8772];[-0.0728];8281.68071;1;0;[0.8784];[-0.0716];8243.20769;800),(444763.42702;[0.8417];[-0.1083];7597.81169;1;0;[0.8442];[-0.1058];7569.46176;800),(447731.78649;[0.6281];[-0.3219];11050.31456;1;0;[0.6206];[-0.3294];10828.32496;800),(450723.35434;[0.7406];[-0.2094];10582.02470;1;0;[0.735];[-0.215];10427.13139;800),(453979.39968;[0.8136];[-0.1364];10065.44119;1;0;[0.8174];[-0.1326];9969.50041;800),(457201.87616;[0.8512];[-0.0988];9425.39008;1;0;[0.8531];[-0.0969];9361.05272;800),(459936.91921;[0.8701];[-0.0799];9058.94867;1;0;[0.8712];[-0.0788];9003.76561;800),(462692.41619;[0.8828];[-0.0672];8640.65244;1;0;[0.8849];[-0.0651];8595.94881;800),(465471.24028;[0.8772];[-0.0728];8281.68071;1;0;[0.8784];[-0.0716];8243.20769;800),(471473.60373;[0.8661];[-0.0839];8050.80797;1;0;[0.8664];[-0.0836];8015.80995;800),(472102.44679;[0.8615];[-0.0885];7852.27271;1;0;[0.862];[-0.088];7820.88471;800),(472398.63014;[0.8488];[-0.1012];7626.74289;1;0;[0.8505];[-0.0995];7598.47573;800),(472670.58039;[0.8417];[-0.1083];7597.81169;1;0;[0.8442];[-0.1058];7569.46176;800),(475572.47972;[0.6281];[-0.3219];11050.31456;1;0;[0.6206];[-0.3294];10828.32496;800),(478877.24018;[0.7406];[-0.2094];10582.02470;1;0;[0.735];[-0.215];10427.13139;800),(481833.56285;[0.8136];[-0.1364];10065.44119;1;0;[0.8174];[-0.1326];9969.50041;800),(484697.76726;[0.8512];[-0.0988];9425.39008;1;0;[0.8531];[-0.0969];9361.05272;800),(487879.35400;[0.8692];[-0.0808];9060.12202;1;0;[0.8703];[-0.0797];9004.77976;800),(491014.31823;[0.8828];[-0.0672];8640.65244;1;0;[0.8849];[-0.0651];8595.94881;800),(494140.20300;[0.8782];[-0.0718];8283.11080;1;0;[0.8802];[-0.0698];8244.74351;800),(499857.16152;[0.8673];[-0.0827];8065.90874;1;0;[0.868];[-0.082];8030.86114;800),(500311.66124;[0.8621];[-0.0879];7860.05686;1;0;[0.8627];[-0.0873];7828.60178;800),(500987.19645;[0.8467];[-0.1033];7621.95472;1;0;[0.8481];[-0.1019];7593.56191;800),(501363.38735;[0.8468];[-0.1032];7608.36170;1;0;[0.8483];[-0.1017];7580.26805;800),(501680.22418;[0.8439];[-0.1061];7605.57266;1;0;[0.8461];[-0.1039];7577.24517;800),(502221.06433;[0.8417];[-0.1083];7597.81169;1;0;[0.8442];[-0.1058];7569.46176;800),(502625.65541;[0.8417];[-0.1083];7597.81169;1;0;[0.8442];[-0.1058];7569.46176;800),(505508.27265;[0.6338];[-0.3162];11063.16922;1;0;[0.6267];[-0.3233];10846.21354;800),(508717.62371;[0.7415];[-0.2085];10579.26245;1;0;[0.7351];[-0.2149];10425.17202;800),(511549.71051;[0.8154];[-0.1346];10061.04590;1;0;[0.8195];[-0.1305];9967.64414;800),(514807.74212;[0.8482];[-0.1018];9403.95544;1;0;[0.8501];[-0.0999];9339.31318;800),(517571.66076;[0.8697];[-0.0803];9063.08926;1;0;[0.8711];[-0.0789];9007.75330;800),(520604.43568;[0.8713];[-0.0787];8641.26996;1;0;[0.8736];[-0.0764];8593.54399;800),(523917.68146;[0.8772];[-0.0728];8286.30751;1;0;[0.8782];[-0.0718];8247.74200;800),(526705.52993;[0.8417];[-0.1083];7597.81169;1;0;[0.8442];[-0.1058];7569.46176;800),(527338.53030;[0.8417];[-0.1083];7597.81169;1;0;[0.8442];[-0.1058];7569.46176;800),(530386.38687;[0.632];[-0.318];11058.53693;1;0;[0.6241];[-0.3259];10838.85717;800),(533916.83459;[0.7417];[-0.2083];10579.45875;1;0;[0.7355];[-0.2145];10425.45195;800),(537001.54400;[0.8154];[-0.1346];10061.04590;1;0;[0.8195];[-0.1305];9967.64414;800),(540280.19524;[0.8482];[-0.1018];9403.95544;1;0;[0.8501];[-0.0999];9339.31318;800),(543312.99591;[0.8697];[-0.0803];9063.08926;1;0;[0.8711];[-0.0789];9007.75330;800),(546321.55728;[0.8713];[-0.0787];8641.26996;1;0;[0.8736];[-0.0764];8593.54399;800),(549395.16211;[0.8772];[-0.0728];8286.30751;1;0;[0.8782];[-0.0718];8247.74200;800),(552443.17532;[0.8417];[-0.1083];7597.81169;1;0;[0.8442];[-0.1058];7569.46176;800),(556005.09644;[0.632];[-0.318];11058.53693;1;0;[0.6241];[-0.3259];10838.85717;800),(559509.47595;[0.7415];[-0.2085];10579.26245;1;0;[0.7351];[-0.2149];10425.17202;800),(562514.59837;[0.8154];[-0.1346];10061.04590;1;0;[0.8195];[-0.1305];9967.64414;800),(565878.86500;[0.8482];[-0.1018];9403.95544;1;0;[0.8501];[-0.0999];9339.31318;800),(568744.02237;[0.8697];[-0.0803];9063.08926;1;0;[0.8711];[-0.0789];9007.75330;800),(573032.30309;[0.8713];[-0.0787];8641.26996;1;0;[0.8736];[-0.0764];8593.54399;800),(575784.69396;[0.8772];[-0.0728];8286.30751;1;0;[0.8782];[-0.0718];8247.74200;800),(580751.96481;[0.8702];[-0.0798];8074.59135;1;0;[0.8709];[-0.0791];8039.68432;800),(581113.39808;[0.8629];[-0.0871];7864.88486;1;0;[0.8638];[-0.0862];7833.46252;800),(581459.46884;[0.86];[-0.09];7847.24829;1;0;[0.8609];[-0.0891];7815.80127;800),(582153.22208;[0.8468];[-0.1032];7608.36170;1;0;[0.8483];[-0.1017];7580.26805;800),(582445.30630;[0.8439];[-0.1061];7605.57266;1;0;[0.8461];[-0.1039];7577.24517;800),(582786.07869;[0.8417];[-0.1083];7597.81169;1;0;[0.8442];[-0.1058];7569.46176;800),(583048.11597;[0.8417];[-0.1083];7597.81169;1;0;[0.8442];[-0.1058];7569.46176;800),(583313.21049;[0.8417];[-0.1083];7597.81169;1;0;[0.8442];[-0.1058];7569.46176;800),(586098.10424;[0.6361];[-0.3139];11063.83756;1;0;[0.6284];[-0.3216];10847.69090;800),(588903.95713;[0.7434];[-0.2066];10573.18418;1;0;[0.7386];[-0.2114];10420.03659;800),(591644.95516;[0.8154];[-0.1346];10061.04590;1;0;[0.8195];[-0.1305];9967.64414;800),(594491.36066;[0.8482];[-0.1018];9403.95544;1;0;[0.8501];[-0.0999];9339.31318;800),(597105.85976;[0.8697];[-0.0803];9063.08926;1;0;[0.8711];[-0.0789];9007.75330;800),(599887.14528;[0.8722];[-0.0778];8646.43903;1;0;[0.8747];[-0.0753];8598.61828;800)]"
3,9,10298.06180479749,0.84169,1,1,[0.9503],[0.0003],602566.2851333618,"[(3487.47969;[0.7142];[-0.2358];12114.69722;1;0;[0.713];[-0.237];12129.15077;100),(4852.17142;[0.7142];[-0.2358];12114.69722;1;0;[0.713];[-0.237];12129.15077;100),(6733.86359;[0.7411];[-0.2089];12202.16485;1;0;[0.7411];[-0.2089];12216.46659;200),(9638.09276;[0.7707];[-0.1793];12219.56445;1;0;[0.7664];[-0.1836];12235.01421;400),(11072.75915;[0.7707];[-0.1793];12219.56445;1;0;[0.7664];[-0.1836];12235.01421;400),(13161.48114;[0.7707];[-0.1793];12219.56445;1;0;[0.7664];[-0.1836];12235.01421;400),(15235.35752;[0.7707];[-0.1793];12219.56445;1;0;[0.7664];[-0.1836];12235.01421;400),(16932.63102;[0.7707];[-0.1793];12219.56445;1;0;[0.7664];[-0.1836];12235.01421;400),(18627.89130;[0.7707];[-0.1793];12219.56445;1;0;[0.7664];[-0.1836];12235.01421;400),(20408.66733;[0.7707];[-0.1793];12219.56445;1;0;[0.7664];[-0.1836];12235.01421;400),(21075.45161;[0.8862];[-0.0638];11551.07147;1;0;[0.8853];[-0.0647];11535.85096;400),(22019.31882;[0.9546];[0.0046];10280.35644;1;1;[0.9524];[0.0024];10272.51669;400),(22953.13358;[0.9185];[-0.0315];11048.10811;1;0;[0.9193];[-0.0307];11036.72143;400),(23380.25951;[0.9324];[-0.0176];10768.24033;1;0;[0.9319];[-0.0181];10758.20813;400),(23735.33273;[0.9399];[-0.0101];10588.58052;1;0;[0.9377];[-0.0123];10579.71757;400),(24172.12105;[0.9429];[-0.0071];10382.34201;1;0;[0.9422];[-0.0078];10374.18026;400),(24734.88569;[0.9443];[-0.0057];10342.83074;1;0;[0.9434];[-0.0066];10335.34835;400),(25410.59923;[0.9426];[-0.0074];10306.11714;1;0;[0.9409];[-0.0091];10297.45659;400),(26430.24111;[0.9508];[0.0008];10300.97267;1;0;[0.9494];[-0.0006];10292.31622;400),(27083.92763;[0.9515];[0.0015];10304.94246;1;0;[0.9497];[-0.0003];10296.26227;400),(27606.46224;[0.9516];[0.0016];10306.44674;1;1;[0.95];[0.];10297.78221;400),(28252.47598;[0.9522];[0.0022];10306.71011;1;1;[0.9503];[0.0003];10298.06180;400),(28830.06191;[0.9522];[0.0022];10306.71011;1;1;[0.9503];[0.0003];10298.06180;400),(29430.30548;[0.9429];[-0.0071];10305.61082;1;0;[0.9411];[-0.0089];10296.96190;400),(30350.33107;[0.9522];[0.0022];10306.71011;1;1;[0.9503];[0.0003];10298.06180;400),(30762.99310;[0.9429];[-0.0071];10305.61082;1;0;[0.9411];[-0.0089];10296.96190;400),(31631.06799;[0.9522];[0.0022];10306.71011;1;1;[0.9503];[0.0003];10298.06180;400),(38454.24914;[0.7481];[-0.2019];12213.12927;1;0;[0.7459];[-0.2041];12227.83299;800),(42139.19139;[0.7481];[-0.2019];12213.12927;1;0;[0.7459];[-0.2041];12227.83299;800),(45827.14462;[0.7481];[-0.2019];12213.12927;1;0;[0.7459];[-0.2041];12227.83299;800),(49087.46529;[0.7481];[-0.2019];12213.12927;1;0;[0.7459];[-0.2041];12227.83299;800),(52268.75401;[0.7481];[-0.2019];12213.12927;1;0;[0.7459];[-0.2041];12227.83299;800),(55260.96940;[0.7481];[-0.2019];12213.12927;1;0;[0.7459];[-0.2041];12227.83299;800),(58364.57539;[0.7481];[-0.2019];12213.12927;1;0;[0.7459];[-0.2041];12227.83299;800),(61995.63479;[0.7481];[-0.2019];12213.12927;1;0;[0.7459];[-0.2041];12227.83299;800),(62606.22406;[0.8827];[-0.0673];11490.70752;1;0;[0.8815];[-0.0685];11475.79266;800),(63341.14814;[0.949];[-0.001];10217.47069;1;0;[0.9466];[-0.0034];10209.18570;800),(64037.97150;[0.9699];[0.0199];9814.91262;1;1;[0.9687];[0.0187];9808.19564;800),(64586.52449;[0.9591];[0.0091];10050.59674;1;1;[0.9556];[0.0056];10043.23728;800),(65345.55244;[0.9516];[0.0016];10115.16057;1;0;[0.9488];[-0.0012];10107.02275;800),(65978.99055;[0.9519];[0.0019];10183.74933;1;0;[0.9493];[-0.0007];10175.00366;800),(66631.33526;[0.952];[0.002];10193.13608;1;0;[0.9494];[-0.0006];10184.45875;800),(67474.77126;[0.9495];[-0.0005];10208.07832;1;0;[0.9476];[-0.0024];10198.55273;800),(68184.11827;[0.9487];[-0.0013];10200.49810;1;0;[0.9467];[-0.0033];10190.89184;800),(68829.78368;[0.952];[0.002];10193.13608;1;0;[0.9494];[-0.0006];10184.45875;800),(69392.49945;[0.9479];[-0.0021];10195.50680;1;0;[0.9461];[-0.0039];10185.86050;800),(70118.75606;[0.9525];[0.0025];10193.71687;1;0;[0.9498];[-0.0002];10185.08897;800),(70836.13729;[0.9482];[-0.0018];10195.25136;1;0;[0.9463];[-0.0037];10185.61969;800),(71590.27982;[0.9525];[0.0025];10193.71687;1;0;[0.9498];[-0.0002];10185.08897;800),(72211.02905;[0.9482];[-0.0018];10195.25136;1;0;[0.9463];[-0.0037];10185.61969;800),(73111.85765;[0.9525];[0.0025];10193.71687;1;0;[0.9498];[-0.0002];10185.08897;800),(76228.23930;[0.7481];[-0.2019];12213.12927;1;0;[0.7459];[-0.2041];12227.83299;800),(79611.12928;[0.8245];[-0.1255];12052.08145;1;0;[0.8208];[-0.1292];12052.60998;800),(83159.14488;[0.8726];[-0.0774];11609.17265;1;0;[0.8709];[-0.0791];11592.76385;800),(86273.38743;[0.9084];[-0.0416];11114.60415;1;0;[0.9064];[-0.0436];11101.36025;800),(89135.37502;[0.9319];[-0.0181];10763.26851;1;0;[0.931];[-0.019];10753.09109;800),(93153.40757;[0.946];[-0.004];10366.24569;1;0;[0.9446];[-0.0054];10357.21610;800),(96424.34645;[0.948];[-0.002];10258.49925;1;0;[0.9461];[-0.0039];10249.55736;800),(99876.47438;[0.9525];[0.0025];10193.71687;1;0;[0.9498];[-0.0002];10185.08897;800),(103053.14255;[0.9499];[-0.0001];10222.40986;1;0;[0.947];[-0.003];10214.22110;800),(103491.25886;[0.9699];[0.0199];9819.00093;1;1;[0.9687];[0.0187];9812.29071;800),(104067.74163;[0.959];[0.009];10052.57131;1;1;[0.9552];[0.0052];10045.21128;800),(104731.09770;[0.9524];[0.0024];10138.25065;1;0;[0.9497];[-0.0003];10130.17491;800),(105037.00829;[0.9518];[0.0018];10187.64255;1;0;[0.949];[-0.001];10178.89657;800),(105665.69114;[0.952];[0.002];10193.13608;1;0;[0.9494];[-0.0006];10184.45875;800),(106443.75253;[0.9494];[-0.0006];10211.25330;1;0;[0.9473];[-0.0027];10201.71840;800),(106863.22761;[0.9498];[-0.0002];10207.34859;1;0;[0.9477];[-0.0023];10197.82792;800),(107558.84266;[0.9489];[-0.0011];10200.82263;1;0;[0.947];[-0.003];10191.22309;800),(108244.85278;[0.9482];[-0.0018];10195.25136;1;0;[0.9463];[-0.0037];10185.61969;800),(108881.55723;[0.9525];[0.0025];10193.71687;1;0;[0.9498];[-0.0002];10185.08897;800),(109383.94880;[0.9525];[0.0025];10193.71687;1;0;[0.9498];[-0.0002];10185.08897;800),(109957.46922;[0.9525];[0.0025];10193.71687;1;0;[0.9498];[-0.0002];10185.08897;800),(110510.10704;[0.9482];[-0.0018];10195.06259;1;0;[0.9463];[-0.0037];10185.42584;800),(111293.77580;[0.9482];[-0.0018];10195.25136;1;0;[0.9463];[-0.0037];10185.61969;800),(114021.28029;[0.7481];[-0.2019];12213.12927;1;0;[0.7459];[-0.2041];12227.83299;800),(117231.15754;[0.833];[-0.117];12042.20430;1;0;[0.8301];[-0.1199];12040.68568;800),(120817.02209;[0.8739];[-0.0761];11590.44506;1;0;[0.8717];[-0.0783];11573.81464;800),(124386.80506;[0.9079];[-0.0421];11107.94745;1;0;[0.9055];[-0.0445];11094.64641;800),(127574.98169;[0.9315];[-0.0185];10756.08716;1;0;[0.9306];[-0.0194];10745.85979;800),(131068.13884;[0.946];[-0.004];10366.06953;1;0;[0.9445];[-0.0055];10357.03694;800),(134371.07396;[0.948];[-0.002];10258.49925;1;0;[0.9461];[-0.0039];10249.55736;800),(137748.12651;[0.9482];[-0.0018];10195.25136;1;0;[0.9463];[-0.0037];10185.61969;800),(138144.96088;[0.969];[0.019];9801.05739;1;1;[0.9676];[0.0176];9794.21476;800),(138834.75947;[0.959];[0.009];10026.42629;1;1;[0.9558];[0.0058];10017.69595;800),(139370.45360;[0.9578];[0.0078];10109.79280;1;1;[0.9548];[0.0048];10101.54106;800),(139955.37663;[0.9542];[0.0042];10165.20769;1;1;[0.9512];[0.0012];10157.34097;800),(140589.97631;[0.9518];[0.0018];10187.64255;1;0;[0.949];[-0.001];10178.89657;800),(141295.01677;[0.952];[0.002];10193.13608;1;0;[0.9494];[-0.0006];10184.45875;800),(141851.86744;[0.952];[0.002];10193.13608;1;0;[0.9494];[-0.0006];10184.45875;800),(142405.58052;[0.952];[0.002];10193.13608;1;0;[0.9494];[-0.0006];10184.45875;800),(143042.74821;[0.952];[0.002];10193.13608;1;0;[0.9494];[-0.0006];10184.45875;800),(143627.26021;[0.9525];[0.0025];10193.71687;1;0;[0.9498];[-0.0002];10185.08897;800),(144200.66214;[0.9525];[0.0025];10193.71687;1;0;[0.9498];[-0.0002];10185.08897;800),(144709.55634;[0.9525];[0.0025];10193.71687;1;0;[0.9498];[-0.0002];10185.08897;800),(145382.22599;[0.9525];[0.0025];10193.71687;1;0;[0.9498];[-0.0002];10185.08897;800),(146102.35572;[0.9482];[-0.0018];10195.25136;1;0;[0.9463];[-0.0037];10185.61969;800),(148893.66341;[0.7481];[-0.2019];12213.12927;1;0;[0.7459];[-0.2041];12227.83299;800),(152062.69264;[0.833];[-0.117];12042.20430;1;0;[0.8301];[-0.1199];12040.68568;800),(156144.71745;[0.8739];[-0.0761];11590.44506;1;0;[0.8717];[-0.0783];11573.81464;800),(159281.39448;[0.9079];[-0.0421];11107.94745;1;0;[0.9055];[-0.0445];11094.64641;800),(162445.86706;[0.9315];[-0.0185];10756.08716;1;0;[0.9306];[-0.0194];10745.85979;800),(165933.36773;[0.946];[-0.004];10366.06953;1;0;[0.9445];[-0.0055];10357.03694;800),(169200.15240;[0.948];[-0.002];10258.49925;1;0;[0.9461];[-0.0039];10249.55736;800),(173073.10534;[0.9482];[-0.0018];10195.25136;1;0;[0.9463];[-0.0037];10185.61969;800),(173546.53382;[0.969];[0.019];9801.05739;1;1;[0.9676];[0.0176];9794.21476;800),(174212.57782;[0.959];[0.009];10026.42629;1;1;[0.9558];[0.0058];10017.69595;800),(174810.92167;[0.9578];[0.0078];10109.79280;1;1;[0.9548];[0.0048];10101.54106;800),(175313.79509;[0.9542];[0.0042];10165.20769;1;1;[0.9512];[0.0012];10157.34097;800),(175883.60429;[0.9518];[0.0018];10187.64255;1;0;[0.949];[-0.001];10178.89657;800),(176499.25566;[0.952];[0.002];10193.13608;1;0;[0.9494];[-0.0006];10184.45875;800),(177116.53280;[0.952];[0.002];10193.13608;1;0;[0.9494];[-0.0006];10184.45875;800),(177663.40351;[0.952];[0.002];10193.13608;1;0;[0.9494];[-0.0006];10184.45875;800),(178217.44013;[0.9525];[0.0025];10193.71687;1;0;[0.9498];[-0.0002];10185.08897;800),(178701.96605;[0.9525];[0.0025];10193.71687;1;0;[0.9498];[-0.0002];10185.08897;800),(179254.17328;[0.9525];[0.0025];10193.71687;1;0;[0.9498];[-0.0002];10185.08897;800),(179870.16439;[0.9525];[0.0025];10193.71687;1;0;[0.9498];[-0.0002];10185.08897;800),(180431.23913;[0.9525];[0.0025];10193.71687;1;0;[0.9498];[-0.0002];10185.08897;800),(181047.83463;[0.9525];[0.0025];10193.71687;1;0;[0.9498];[-0.0002];10185.08897;800),(184070.43171;[0.7481];[-0.2019];12213.12927;1;0;[0.7459];[-0.2041];12227.83299;800),(187264.35423;[0.833];[-0.117];12042.20430;1;0;[0.8301];[-0.1199];12040.68568;800),(190961.37428;[0.8739];[-0.0761];11590.44506;1;0;[0.8717];[-0.0783];11573.81464;800),(194043.43557;[0.9079];[-0.0421];11107.94745;1;0;[0.9055];[-0.0445];11094.64641;800),(197603.71900;[0.9315];[-0.0185];10756.08716;1;0;[0.9306];[-0.0194];10745.85979;800),(200951.10083;[0.946];[-0.004];10366.06953;1;0;[0.9445];[-0.0055];10357.03694;800),(203942.53898;[0.948];[-0.002];10258.49925;1;0;[0.9461];[-0.0039];10249.55736;800),(207272.71295;[0.9525];[0.0025];10193.71687;1;0;[0.9498];[-0.0002];10185.08897;800),(210141.66760;[0.9496];[-0.0004];10225.45923;1;0;[0.9469];[-0.0031];10217.23627;800),(210687.11185;[0.9701];[0.0201];9819.91706;1;1;[0.9688];[0.0188];9813.25298;800),(211065.62233;[0.9594];[0.0094];10055.56750;1;1;[0.9562];[0.0062];10048.26062;800),(211936.39898;[0.9529];[0.0029];10141.95449;1;1;[0.95];[0.];10133.90676;800),(212348.85049;[0.9518];[0.0018];10187.64255;1;0;[0.949];[-0.001];10178.89657;800),(212999.52364;[0.9521];[0.0021];10193.45157;1;0;[0.9497];[-0.0003];10184.80949;800),(213680.65739;[0.9494];[-0.0006];10211.25330;1;0;[0.9473];[-0.0027];10201.71840;800),(214078.64976;[0.9498];[-0.0002];10207.34859;1;0;[0.9477];[-0.0023];10197.82792;800),(214821.25664;[0.9489];[-0.0011];10200.82263;1;0;[0.947];[-0.003];10191.22309;800),(215611.33122;[0.9482];[-0.0018];10195.25136;1;0;[0.9463];[-0.0037];10185.61969;800),(216268.11767;[0.9525];[0.0025];10193.71687;1;0;[0.9498];[-0.0002];10185.08897;800),(216810.52065;[0.9525];[0.0025];10193.71687;1;0;[0.9498];[-0.0002];10185.08897;800),(217420.98689;[0.9482];[-0.0018];10195.25136;1;0;[0.9463];[-0.0037];10185.61969;800),(218159.28960;[0.9525];[0.0025];10193.71687;1;0;[0.9498];[-0.0002];10185.08897;800),(218774.06764;[0.9482];[-0.0018];10195.25136;1;0;[0.9463];[-0.0037];10185.61969;800),(221693.05634;[0.7481];[-0.2019];12213.12927;1;0;[0.7459];[-0.2041];12227.83299;800),(224883.65006;[0.8417];[-0.1083];12035.55117;1;0;[0.8397];[-0.1103];12033.92406;800),(228156.44479;[0.8745];[-0.0755];11589.64250;1;0;[0.8719];[-0.0781];11572.99436;800),(231414.39652;[0.9106];[-0.0394];11096.04599;1;0;[0.9089];[-0.0411];11083.65208;800),(234219.85126;[0.9315];[-0.0185];10756.08716;1;0;[0.9306];[-0.0194];10745.85979;800),(237804.31366;[0.9459];[-0.0041];10363.26250;1;0;[0.9441];[-0.0059];10354.19963;800),(241003.06106;[0.948];[-0.002];10258.49925;1;0;[0.9461];[-0.0039];10249.55736;800),(244276.53503;[0.9482];[-0.0018];10195.25136;1;0;[0.9463];[-0.0037];10185.61969;800),(244732.55730;[0.9689];[0.0189];9807.98779;1;1;[0.9675];[0.0175];9801.15010;800),(245158.44607;[0.9594];[0.0094];10030.60449;1;1;[0.9566];[0.0066];10021.91700;800),(245784.01613;[0.9578];[0.0078];10109.79280;1;1;[0.9548];[0.0048];10101.54106;800),(246455.69301;[0.9542];[0.0042];10165.20769;1;1;[0.9512];[0.0012];10157.34097;800),(247295.63665;[0.9518];[0.0018];10187.64255;1;0;[0.949];[-0.001];10178.89657;800),(247831.11477;[0.952];[0.002];10193.13608;1;0;[0.9494];[-0.0006];10184.45875;800),(248332.29780;[0.952];[0.002];10193.13608;1;0;[0.9494];[-0.0006];10184.45875;800),(248814.66317;[0.952];[0.002];10193.13608;1;0;[0.9494];[-0.0006];10184.45875;800),(249388.03649;[0.952];[0.002];10193.13608;1;0;[0.9494];[-0.0006];10184.45875;800),(249958.97388;[0.952];[0.002];10193.13608;1;0;[0.9494];[-0.0006];10184.45875;800),(250547.66679;[0.9525];[0.0025];10193.71687;1;0;[0.9498];[-0.0002];10185.08897;800),(251253.91364;[0.9525];[0.0025];10193.71687;1;0;[0.9498];[-0.0002];10185.08897;800),(251909.05666;[0.9525];[0.0025];10193.71687;1;0;[0.9498];[-0.0002];10185.08897;800),(252667.97733;[0.9525];[0.0025];10193.71687;1;0;[0.9498];[-0.0002];10185.08897;800),(255569.10849;[0.7481];[-0.2019];12213.12927;1;0;[0.7459];[-0.2041];12227.83299;800),(258630.42665;[0.8417];[-0.1083];12035.55117;1;0;[0.8397];[-0.1103];12033.92406;800),(261739.00032;[0.8745];[-0.0755];11589.64250;1;0;[0.8719];[-0.0781];11572.99436;800),(265376.59478;[0.9109];[-0.0391];11096.28839;1;0;[0.9094];[-0.0406];11083.95419;800),(268399.15609;[0.9315];[-0.0185];10756.08716;1;0;[0.9306];[-0.0194];10745.85979;800),(271963.61661;[0.9459];[-0.0041];10363.26250;1;0;[0.9441];[-0.0059];10354.19963;800),(275191.07962;[0.948];[-0.002];10258.49925;1;0;[0.9461];[-0.0039];10249.55736;800),(278816.12325;[0.9525];[0.0025];10193.71687;1;0;[0.9498];[-0.0002];10185.08897;800),(281566.07056;[0.9496];[-0.0004];10225.45923;1;0;[0.9469];[-0.0031];10217.23627;800),(282040.10248;[0.9703];[0.0203];9820.48338;1;1;[0.969];[0.019];9813.83657;800),(282489.22539;[0.9595];[0.0095];10056.02876;1;1;[0.9562];[0.0062];10048.72126;800),(283240.04579;[0.9524];[0.0024];10144.50830;1;0;[0.9497];[-0.0003];10136.44002;800),(283784.97314;[0.9518];[0.0018];10187.64255;1;0;[0.949];[-0.001];10178.89657;800),(284301.03374;[0.9525];[0.0025];10193.71687;1;0;[0.9498];[-0.0002];10185.08897;800),(284949.01562;[0.9494];[-0.0006];10211.25330;1;0;[0.9473];[-0.0027];10201.71840;800),(285377.69771;[0.9498];[-0.0002];10207.34859;1;0;[0.9477];[-0.0023];10197.82792;800),(286200.31714;[0.9489];[-0.0011];10200.42555;1;0;[0.947];[-0.003];10190.82461;800),(286874.98617;[0.9482];[-0.0018];10195.25136;1;0;[0.9463];[-0.0037];10185.61969;800),(287472.94831;[0.9525];[0.0025];10193.71687;1;0;[0.9498];[-0.0002];10185.08897;800),(288157.74369;[0.9525];[0.0025];10193.71687;1;0;[0.9498];[-0.0002];10185.08897;800),(288775.30932;[0.9482];[-0.0018];10195.25136;1;0;[0.9463];[-0.0037];10185.61969;800),(289529.46973;[0.9525];[0.0025];10193.71687;1;0;[0.9498];[-0.0002];10185.08897;800),(290106.29201;[0.9525];[0.0025];10193.71687;1;0;[0.9498];[-0.0002];10185.08897;800),(292682.46222;[0.7481];[-0.2019];12213.12927;1;0;[0.7459];[-0.2041];12227.83299;800),(295810.91332;[0.834];[-0.116];12029.55397;1;0;[0.8319];[-0.1181];12027.66866;800),(298998.28148;[0.8747];[-0.0753];11586.95148;1;0;[0.8721];[-0.0779];11570.64667;800),(302355.63207;[0.9106];[-0.0394];11096.04599;1;0;[0.9089];[-0.0411];11083.65208;800),(305464.21289;[0.9311];[-0.0189];10753.01289;1;0;[0.9302];[-0.0198];10742.74202;800),(308777.15468;[0.946];[-0.004];10362.81287;1;0;[0.9444];[-0.0056];10353.74736;800),(311644.09375;[0.948];[-0.002];10258.49925;1;0;[0.9461];[-0.0039];10249.55736;800),(315167.70554;[0.9525];[0.0025];10193.71687;1;0;[0.9498];[-0.0002];10185.08897;800),(318177.18148;[0.9496];[-0.0004];10225.45923;1;0;[0.9469];[-0.0031];10217.23627;800),(318884.54556;[0.9703];[0.0203];9820.48338;1;1;[0.969];[0.019];9813.83657;800),(319256.50883;[0.9596];[0.0096];10058.25842;1;1;[0.9566];[0.0066];10050.98671;800),(319628.05057;[0.9528];[0.0028];10149.42339;1;1;[0.95];[0.];10141.38088;800),(320170.05229;[0.9518];[0.0018];10187.64255;1;0;[0.949];[-0.001];10178.89657;800),(320724.56670;[0.9525];[0.0025];10193.71687;1;0;[0.9498];[-0.0002];10185.08897;800),(321314.57663;[0.9494];[-0.0006];10211.25330;1;0;[0.9473];[-0.0027];10201.71840;800),(321847.20898;[0.9498];[-0.0002];10207.34859;1;0;[0.9477];[-0.0023];10197.82792;800),(322463.72318;[0.9487];[-0.0013];10200.49810;1;0;[0.9467];[-0.0033];10190.89184;800),(323124.82786;[0.9479];[-0.0021];10195.50680;1;0;[0.9461];[-0.0039];10185.86050;800),(323821.37203;[0.9525];[0.0025];10193.71687;1;0;[0.9498];[-0.0002];10185.08897;800),(324395.82038;[0.9525];[0.0025];10193.71687;1;0;[0.9498];[-0.0002];10185.08897;800),(325142.70759;[0.9482];[-0.0018];10195.25136;1;0;[0.9463];[-0.0037];10185.61969;800),(325797.69731;[0.9482];[-0.0018];10195.25136;1;0;[0.9463];[-0.0037];10185.61969;800),(326340.67750;[0.9482];[-0.0018];10195.25136;1;0;[0.9463];[-0.0037];10185.61969;800),(329174.24011;[0.7481];[-0.2019];12213.12927;1;0;[0.7459];[-0.2041];12227.83299;800),(332627.09284;[0.8439];[-0.1061];12023.47093;1;0;[0.8416];[-0.1084];12021.32470;800),(335791.79549;[0.8769];[-0.0731];11568.87053;1;0;[0.875];[-0.075];11552.41095;800),(339600.92092;[0.9103];[-0.0397];11089.08980;1;0;[0.9089];[-0.0411];11076.59424;800),(342621.75918;[0.9306];[-0.0194];10740.74428;1;0;[0.9299];[-0.0201];10730.41165;800),(346017.20691;[0.9458];[-0.0042];10358.59125;1;0;[0.9436];[-0.0064];10349.49710;800),(349190.58728;[0.948];[-0.002];10258.49925;1;0;[0.9461];[-0.0039];10249.55736;800),(352345.46542;[0.9482];[-0.0018];10195.25136;1;0;[0.9463];[-0.0037];10185.61969;800),(352846.76909;[0.9696];[0.0196];9813.50786;1;1;[0.9683];[0.0183];9806.75294;800),(353235.36658;[0.9585];[0.0085];10033.21008;1;1;[0.954];[0.004];10025.69976;800),(353660.67338;[0.9557];[0.0057];10111.22716;1;1;[0.9523];[0.0023];10102.38264;800),(354007.14898;[0.9545];[0.0045];10166.38883;1;1;[0.9513];[0.0013];10158.55634;800),(354381.61373;[0.9521];[0.0021];10190.05557;1;0;[0.9494];[-0.0006];10181.35200;800),(354803.90811;[0.9523];[0.0023];10192.79897;1;0;[0.9498];[-0.0002];10184.13469;800),(355321.53130;[0.9525];[0.0025];10193.71687;1;0;[0.9498];[-0.0002];10185.08897;800),(355909.12032;[0.9525];[0.0025];10193.71687;1;0;[0.9498];[-0.0002];10185.08897;800),(356410.61330;[0.9525];[0.0025];10193.71687;1;0;[0.9498];[-0.0002];10185.08897;800),(356887.31003;[0.9525];[0.0025];10193.71687;1;0;[0.9498];[-0.0002];10185.08897;800),(357475.00777;[0.9525];[0.0025];10193.71687;1;0;[0.9498];[-0.0002];10185.08897;800),(358286.59391;[0.9525];[0.0025];10193.71687;1;0;[0.9498];[-0.0002];10185.08897;800),(359049.29399;[0.9525];[0.0025];10193.71687;1;0;[0.9498];[-0.0002];10185.08897;800),(359556.43630;[0.9482];[-0.0018];10195.25136;1;0;[0.9463];[-0.0037];10185.61969;800),(362204.76365;[0.7481];[-0.2019];12213.12927;1;0;[0.7459];[-0.2041];12227.83299;800),(365347.09096;[0.8439];[-0.1061];12023.47093;1;0;[0.8416];[-0.1084];12021.32470;800),(368321.81787;[0.8769];[-0.0731];11568.87053;1;0;[0.875];[-0.075];11552.41095;800),(371243.21413;[0.9103];[-0.0397];11089.08980;1;0;[0.9089];[-0.0411];11076.59424;800),(374426.05162;[0.9306];[-0.0194];10740.74428;1;0;[0.9299];[-0.0201];10730.41165;800),(377858.16813;[0.9458];[-0.0042];10358.59125;1;0;[0.9436];[-0.0064];10349.49710;800),(380957.97515;[0.948];[-0.002];10258.49925;1;0;[0.9461];[-0.0039];10249.55736;800),(384241.58335;[0.9482];[-0.0018];10195.25136;1;0;[0.9463];[-0.0037];10185.61969;800),(384784.87611;[0.9696];[0.0196];9813.50786;1;1;[0.9683];[0.0183];9806.75294;800),(385181.63538;[0.9585];[0.0085];10033.21008;1;1;[0.954];[0.004];10025.69976;800),(385650.98643;[0.9557];[0.0057];10111.22716;1;1;[0.9523];[0.0023];10102.38264;800),(385997.29967;[0.9545];[0.0045];10166.38883;1;1;[0.9513];[0.0013];10158.55634;800),(386476.31359;[0.9521];[0.0021];10190.05557;1;0;[0.9494];[-0.0006];10181.35200;800),(387083.17447;[0.9523];[0.0023];10192.79897;1;0;[0.9498];[-0.0002];10184.13469;800),(387589.27989;[0.9525];[0.0025];10193.71687;1;0;[0.9498];[-0.0002];10185.08897;800),(388037.10079;[0.9525];[0.0025];10193.71687;1;0;[0.9498];[-0.0002];10185.08897;800),(388618.20889;[0.9525];[0.0025];10193.71687;1;0;[0.9498];[-0.0002];10185.08897;800),(389238.69443;[0.9525];[0.0025];10193.71687;1;0;[0.9498];[-0.0002];10185.08897;800),(389810.73809;[0.9525];[0.0025];10193.71687;1;0;[0.9498];[-0.0002];10185.08897;800),(390467.54551;[0.9525];[0.0025];10193.71687;1;0;[0.9498];[-0.0002];10185.08897;800),(391169.82675;[0.9525];[0.0025];10193.71687;1;0;[0.9498];[-0.0002];10185.08897;800),(391836.24005;[0.9525];[0.0025];10193.71687;1;0;[0.9498];[-0.0002];10185.08897;800),(394600.90828;[0.7481];[-0.2019];12213.12927;1;0;[0.7459];[-0.2041];12227.83299;800),(397529.86264;[0.8439];[-0.1061];12023.47093;1;0;[0.8416];[-0.1084];12021.32470;800),(400918.33854;[0.8769];[-0.0731];11568.87053;1;0;[0.875];[-0.075];11552.41095;800),(404084.25140;[0.9103];[-0.0397];11089.08980;1;0;[0.9089];[-0.0411];11076.59424;800),(407331.61378;[0.9306];[-0.0194];10740.74428;1;0;[0.9299];[-0.0201];10730.41165;800),(410620.61119;[0.9458];[-0.0042];10358.59125;1;0;[0.9436];[-0.0064];10349.49710;800),(413606.10676;[0.948];[-0.002];10258.49925;1;0;[0.9461];[-0.0039];10249.55736;800),(417084.86295;[0.9482];[-0.0018];10195.25136;1;0;[0.9463];[-0.0037];10185.61969;800),(417724.08390;[0.9696];[0.0196];9813.50786;1;1;[0.9683];[0.0183];9806.75294;800),(418055.81117;[0.9585];[0.0085];10033.21008;1;1;[0.954];[0.004];10025.69976;800),(418524.61267;[0.9557];[0.0057];10111.22716;1;1;[0.9523];[0.0023];10102.38264;800),(418928.37286;[0.9545];[0.0045];10166.38883;1;1;[0.9513];[0.0013];10158.55634;800),(419378.02362;[0.9521];[0.0021];10190.05557;1;0;[0.9494];[-0.0006];10181.35200;800),(419947.08085;[0.952];[0.002];10193.13608;1;0;[0.9494];[-0.0006];10184.45875;800),(420407.07159;[0.952];[0.002];10193.13608;1;0;[0.9494];[-0.0006];10184.45875;800),(420894.96899;[0.952];[0.002];10193.13608;1;0;[0.9494];[-0.0006];10184.45875;800),(421399.47414;[0.952];[0.002];10193.13608;1;0;[0.9494];[-0.0006];10184.45875;800),(421898.42224;[0.9521];[0.0021];10193.45157;1;0;[0.9497];[-0.0003];10184.80949;800),(422572.28351;[0.9525];[0.0025];10193.71687;1;0;[0.9498];[-0.0002];10185.08897;800),(423194.92269;[0.9525];[0.0025];10193.71687;1;0;[0.9498];[-0.0002];10185.08897;800),(423733.46639;[0.9482];[-0.0018];10195.25136;1;0;[0.9463];[-0.0037];10185.61969;800),(424418.81275;[0.9525];[0.0025];10193.71687;1;0;[0.9498];[-0.0002];10185.08897;800),(427261.81269;[0.7481];[-0.2019];12213.12927;1;0;[0.7459];[-0.2041];12227.83299;800),(430829.26393;[0.7997];[-0.1503];11998.35993;1;0;[0.7942];[-0.1558];11993.22638;800),(434014.00137;[0.8769];[-0.0731];11568.87053;1;0;[0.875];[-0.075];11552.41095;800),(437199.78809;[0.9103];[-0.0397];11089.08980;1;0;[0.9089];[-0.0411];11076.59424;800),(440275.14291;[0.9309];[-0.0191];10740.11378;1;0;[0.9299];[-0.0201];10729.78280;800),(443500.55718;[0.9458];[-0.0042];10358.59125;1;0;[0.9436];[-0.0064];10349.49710;800),(446488.93523;[0.948];[-0.002];10258.49925;1;0;[0.9461];[-0.0039];10249.55736;800),(449524.74785;[0.9525];[0.0025];10193.71687;1;0;[0.9498];[-0.0002];10185.08897;800),(452798.70510;[0.9496];[-0.0004];10225.31217;1;0;[0.9469];[-0.0031];10217.09228;800),(453225.02470;[0.9653];[0.0153];9860.27219;1;1;[0.9643];[0.0143];9853.36982;800),(453549.66426;[0.9597];[0.0097];10059.22700;1;1;[0.9571];[0.0071];10051.99123;800),(453947.66593;[0.9536];[0.0036];10153.15636;1;1;[0.9509];[0.0009];10145.17390;800),(454577.41046;[0.9518];[0.0018];10187.64255;1;0;[0.949];[-0.001];10178.89657;800),(455262.18891;[0.9521];[0.0021];10193.45157;1;0;[0.9497];[-0.0003];10184.80949;800),(455944.00144;[0.9494];[-0.0006];10211.25330;1;0;[0.9473];[-0.0027];10201.71840;800),(456439.06307;[0.9498];[-0.0002];10207.34859;1;0;[0.9477];[-0.0023];10197.82792;800),(457148.00906;[0.9489];[-0.0011];10200.82263;1;0;[0.947];[-0.003];10191.22309;800),(457783.02169;[0.9479];[-0.0021];10195.50680;1;0;[0.9461];[-0.0039];10185.86050;800),(458633.53634;[0.9525];[0.0025];10193.71687;1;0;[0.9498];[-0.0002];10185.08897;800),(459140.01679;[0.9482];[-0.0018];10195.25136;1;0;[0.9463];[-0.0037];10185.61969;800),(459907.00412;[0.9525];[0.0025];10193.71687;1;0;[0.9498];[-0.0002];10185.08897;800),(460427.86646;[0.9517];[0.0017];10193.71890;1;0;[0.9492];[-0.0008];10185.05663;800),(460977.17619;[0.9517];[0.0017];10193.71890;1;0;[0.9492];[-0.0008];10185.05663;800),(463583.23717;[0.7481];[-0.2019];12213.12927;1;0;[0.7459];[-0.2041];12227.83299;800),(466463.41896;[0.7997];[-0.1503];11998.35993;1;0;[0.7942];[-0.1558];11993.22638;800),(469492.55586;[0.8772];[-0.0728];11567.70340;1;0;[0.8754];[-0.0746];11551.26456;800),(472950.93346;[0.9095];[-0.0405];11082.39248;1;0;[0.908];[-0.042];11069.82362;800),(475767.43817;[0.9294];[-0.0206];10731.66742;1;0;[0.9291];[-0.0209];10721.27464;800),(478835.42585;[0.9499];[-0.0001];10357.15665;1;0;[0.9488];[-0.0012];10348.98475;800),(481558.00676;[0.948];[-0.002];10258.49925;1;0;[0.9461];[-0.0039];10249.55736;800),(484547.33443;[0.9517];[0.0017];10193.71890;1;0;[0.9492];[-0.0008];10185.05663;800),(487424.30472;[0.9495];[-0.0005];10225.50014;1;0;[0.9466];[-0.0034];10217.26398;800),(487917.61327;[0.9666];[0.0166];9872.17606;1;1;[0.966];[0.016];9865.40000;800),(488245.29958;[0.9597];[0.0097];10059.22700;1;1;[0.9571];[0.0071];10051.99123;800),(488624.59350;[0.9536];[0.0036];10153.15636;1;1;[0.9509];[0.0009];10145.17390;800),(489039.74652;[0.9525];[0.0025];10189.86743;1;0;[0.9498];[-0.0002];10181.17717;800),(489649.51396;[0.9525];[0.0025];10193.71687;1;0;[0.9498];[-0.0002];10185.08897;800),(490509.70697;[0.9494];[-0.0006];10211.25330;1;0;[0.9473];[-0.0027];10201.71840;800),(491135.21099;[0.9498];[-0.0002];10207.34859;1;0;[0.9477];[-0.0023];10197.82792;800),(491775.77543;[0.9487];[-0.0013];10200.49810;1;0;[0.9467];[-0.0033];10190.89184;800),(492503.84545;[0.9479];[-0.0021];10195.50680;1;0;[0.9461];[-0.0039];10185.86050;800),(493222.18108;[0.9525];[0.0025];10193.71687;1;0;[0.9498];[-0.0002];10185.08897;800),(493806.22172;[0.9517];[0.0017];10193.71890;1;0;[0.9492];[-0.0008];10185.05663;800),(494362.85853;[0.9517];[0.0017];10193.71890;1;0;[0.9492];[-0.0008];10185.05663;800),(494939.82077;[0.9479];[-0.0021];10195.50680;1;0;[0.9461];[-0.0039];10185.86050;800),(497581.03180;[0.7481];[-0.2019];12213.12927;1;0;[0.7459];[-0.2041];12227.83299;800),(500671.32473;[0.8084];[-0.1416];12000.99404;1;0;[0.8029];[-0.1471];11996.49895;800),(504036.94320;[0.8725];[-0.0775];11537.57602;1;0;[0.8701];[-0.0799];11523.27842;800),(506771.55542;[0.909];[-0.041];11074.49303;1;0;[0.9071];[-0.0429];11061.88553;800),(509897.71605;[0.9301];[-0.0199];10719.13549;1;0;[0.93];[-0.02];10708.00186;800),(512805.04680;[0.9499];[-0.0001];10356.85101;1;0;[0.9486];[-0.0014];10348.67836;800),(515921.58294;[0.948];[-0.002];10258.49925;1;0;[0.9461];[-0.0039];10249.55736;800),(519020.38264;[0.9479];[-0.0021];10195.50680;1;0;[0.9461];[-0.0039];10185.86050;800),(519362.62250;[0.9699];[0.0199];9819.00093;1;1;[0.9687];[0.0187];9812.29071;800),(520096.14062;[0.9589];[0.0089];10039.96127;1;1;[0.9552];[0.0052];10032.54867;800),(520458.53043;[0.9557];[0.0057];10112.66229;1;1;[0.9525];[0.0025];10103.85145;800),(520938.33804;[0.9545];[0.0045];10166.38883;1;1;[0.9513];[0.0013];10158.55634;800),(521326.39313;[0.9521];[0.0021];10190.05557;1;0;[0.9494];[-0.0006];10181.35200;800),(521714.57863;[0.952];[0.002];10193.13608;1;0;[0.9494];[-0.0006];10184.45875;800),(522282.22489;[0.952];[0.002];10193.13608;1;0;[0.9494];[-0.0006];10184.45875;800),(522753.75986;[0.952];[0.002];10193.13608;1;0;[0.9494];[-0.0006];10184.45875;800),(523356.21476;[0.9525];[0.0025];10193.71687;1;0;[0.9498];[-0.0002];10185.08897;800),(523947.97873;[0.9525];[0.0025];10193.71687;1;0;[0.9498];[-0.0002];10185.08897;800),(524472.98217;[0.9517];[0.0017];10193.71890;1;0;[0.9492];[-0.0008];10185.05663;800),(525067.01684;[0.9517];[0.0017];10193.71890;1;0;[0.9492];[-0.0008];10185.05663;800),(525733.03509;[0.9517];[0.0017];10193.71890;1;0;[0.9492];[-0.0008];10185.05663;800),(528376.51825;[0.7481];[-0.2019];12213.12927;1;0;[0.7459];[-0.2041];12227.83299;800),(531432.99246;[0.8084];[-0.1416];12000.99404;1;0;[0.8029];[-0.1471];11996.49895;800),(534525.64430;[0.8725];[-0.0775];11537.57602;1;0;[0.8701];[-0.0799];11523.27842;800),(537460.44040;[0.9131];[-0.0369];11070.22255;1;0;[0.912];[-0.038];11058.68615;800),(541050.39740;[0.9301];[-0.0199];10719.13549;1;0;[0.93];[-0.02];10708.00186;800),(543944.95940;[0.9499];[-0.0001];10357.15665;1;0;[0.9488];[-0.0012];10348.98475;800),(546637.81714;[0.948];[-0.002];10258.49925;1;0;[0.9461];[-0.0039];10249.55736;800),(549786.56602;[0.9482];[-0.0018];10195.25136;1;0;[0.9463];[-0.0037];10185.61969;800),(550188.70115;[0.9699];[0.0199];9819.00093;1;1;[0.9687];[0.0187];9812.29071;800),(550885.38456;[0.9589];[0.0089];10039.96127;1;1;[0.9552];[0.0052];10032.54867;800),(551355.94106;[0.9557];[0.0057];10112.66229;1;1;[0.9525];[0.0025];10103.85145;800),(551679.92282;[0.9545];[0.0045];10166.38883;1;1;[0.9513];[0.0013];10158.55634;800),(552051.54872;[0.9521];[0.0021];10190.05557;1;0;[0.9494];[-0.0006];10181.35200;800),(552521.68036;[0.952];[0.002];10193.13608;1;0;[0.9494];[-0.0006];10184.45875;800),(552963.39774;[0.952];[0.002];10193.13608;1;0;[0.9494];[-0.0006];10184.45875;800),(553431.90789;[0.952];[0.002];10193.13608;1;0;[0.9494];[-0.0006];10184.45875;800),(553951.92242;[0.9525];[0.0025];10193.71687;1;0;[0.9498];[-0.0002];10185.08897;800),(554497.15996;[0.9525];[0.0025];10193.71687;1;0;[0.9498];[-0.0002];10185.08897;800),(555005.75089;[0.9517];[0.0017];10193.71890;1;0;[0.9492];[-0.0008];10185.05663;800),(555511.88350;[0.9517];[0.0017];10193.71890;1;0;[0.9492];[-0.0008];10185.05663;800),(556102.33212;[0.9482];[-0.0018];10195.25136;1;0;[0.9463];[-0.0037];10185.61969;800),(558495.32723;[0.7481];[-0.2019];12213.12927;1;0;[0.7459];[-0.2041];12227.83299;800),(561432.54733;[0.8084];[-0.1416];12000.99404;1;0;[0.8029];[-0.1471];11996.49895;800),(565007.45034;[0.8725];[-0.0775];11537.57602;1;0;[0.8701];[-0.0799];11523.27842;800),(567710.43587;[0.909];[-0.041];11074.49303;1;0;[0.9071];[-0.0429];11061.88553;800),(570715.80458;[0.9301];[-0.0199];10719.13549;1;0;[0.93];[-0.02];10708.00186;800),(573503.16644;[0.9499];[-0.0001];10356.85101;1;0;[0.9486];[-0.0014];10348.67836;800),(576187.35695;[0.948];[-0.002];10258.49925;1;0;[0.9461];[-0.0039];10249.55736;800),(579149.42455;[0.9517];[0.0017];10193.56384;1;0;[0.9492];[-0.0008];10184.90125;800),(582431.01430;[0.9495];[-0.0005];10225.50014;1;0;[0.9466];[-0.0034];10217.26398;800),(582718.44459;[0.9667];[0.0167];9884.48134;1;1;[0.966];[0.016];9877.74962;800),(583072.83163;[0.9596];[0.0096];10058.25842;1;1;[0.9566];[0.0066];10050.98671;800),(583503.26705;[0.954];[0.004];10156.11416;1;1;[0.951];[0.001];10148.17339;800),(583877.71654;[0.9521];[0.0021];10190.05557;1;0;[0.9494];[-0.0006];10181.35200;800),(584514.06527;[0.9525];[0.0025];10193.71687;1;0;[0.9498];[-0.0002];10185.08897;800),(585168.74933;[0.9494];[-0.0006];10211.25330;1;0;[0.9473];[-0.0027];10201.71840;800),(585642.83299;[0.9495];[-0.0005];10208.07832;1;0;[0.9476];[-0.0024];10198.55273;800),(586233.94370;[0.9489];[-0.0011];10200.82263;1;0;[0.947];[-0.003];10191.22309;800),(586663.31506;[0.9489];[-0.0011];10200.82263;1;0;[0.947];[-0.003];10191.22309;800),(587400.69652;[0.9482];[-0.0018];10195.25136;1;0;[0.9463];[-0.0037];10185.61969;800),(588123.96455;[0.9517];[0.0017];10193.71890;1;0;[0.9492];[-0.0008];10185.05663;800),(588621.40179;[0.9517];[0.0017];10193.71890;1;0;[0.9492];[-0.0008];10185.05663;800),(589145.71905;[0.9517];[0.0017];10193.71890;1;0;[0.9492];[-0.0008];10185.05663;800),(591562.94250;[0.7481];[-0.2019];12213.12927;1;0;[0.7459];[-0.2041];12227.83299;800),(594126.36018;[0.8028];[-0.1472];11997.40438;1;0;[0.7979];[-0.1521];11992.78152;800),(596953.41349;[0.8862];[-0.0638];11551.07147;1;0;[0.8853];[-0.0647];11535.85096;800),(599732.82576;[0.9131];[-0.0369];11070.22255;1;0;[0.912];[-0.038];11058.68615;800)]"
5,9,8408.202998466199,0.87013,1,0,[0.6881],[-0.2619],600283.4327220917,"[(4457.46088;[0.5037];[-0.4463];9552.34596;1;0;[0.5023];[-0.4477];9569.33522;100),(6266.41750;[0.5037];[-0.4463];9552.34596;1;0;[0.5023];[-0.4477];9569.33522;100),(7452.53205;[0.5037];[-0.4463];9552.34596;1;0;[0.5023];[-0.4477];9569.33522;100),(8383.64697;[0.5037];[-0.4463];9552.34596;1;0;[0.5023];[-0.4477];9569.33522;100),(9381.58560;[0.5037];[-0.4463];9552.34596;1;0;[0.5023];[-0.4477];9569.33522;100),(10292.83023;[0.5037];[-0.4463];9552.34596;1;0;[0.5023];[-0.4477];9569.33522;100),(11030.18188;[0.65];[-0.3];9001.10250;1;0;[0.6505];[-0.2995];8995.41179;100),(12903.17893;[0.5124];[-0.4376];9633.25151;1;0;[0.5092];[-0.4408];9650.22717;200),(16297.69874;[0.5353];[-0.4147];9635.97623;1;0;[0.5321];[-0.4179];9648.84021;400),(18139.73379;[0.5353];[-0.4147];9635.97623;1;0;[0.5321];[-0.4179];9648.84021;400),(19899.47820;[0.5353];[-0.4147];9635.97623;1;0;[0.5321];[-0.4179];9648.84021;400),(21983.40440;[0.5353];[-0.4147];9635.97623;1;0;[0.5321];[-0.4179];9648.84021;400),(23910.90775;[0.5353];[-0.4147];9635.97623;1;0;[0.5321];[-0.4179];9648.84021;400),(26201.32947;[0.5353];[-0.4147];9635.97623;1;0;[0.5321];[-0.4179];9648.84021;400),(28095.95609;[0.5353];[-0.4147];9635.97623;1;0;[0.5321];[-0.4179];9648.84021;400),(29158.91671;[0.674];[-0.276];8659.50126;1;0;[0.6712];[-0.2788];8651.13608;400),(29909.60622;[0.6787];[-0.2713];8255.84894;1;0;[0.6754];[-0.2746];8250.28766;400),(30395.46561;[0.646];[-0.304];7829.13325;1;0;[0.6443];[-0.3057];7826.70914;400),(30770.30802;[0.5545];[-0.3955];7292.96689;1;0;[0.5507];[-0.3993];7291.92546;400),(31151.19600;[0.3401];[-0.6099];6606.72371;1;0;[0.3446];[-0.6054];6605.88047;400),(31686.09595;[0.3299];[-0.6201];6569.22939;1;0;[0.3339];[-0.6161];6568.21722;400),(32614.07185;[0.3299];[-0.6201];6569.22939;1;0;[0.3339];[-0.6161];6568.21722;400),(34607.53870;[0.5353];[-0.4147];9635.97623;1;0;[0.5321];[-0.4179];9648.84021;400),(37090.21616;[0.6157];[-0.3343];9249.45743;1;0;[0.6134];[-0.3366];9240.11223;400),(39059.32331;[0.6825];[-0.2675];8853.23133;1;0;[0.6785];[-0.2715];8844.86082;400),(40753.53909;[0.6863];[-0.2637];8441.08876;1;0;[0.6828];[-0.2672];8434.12983;400),(43010.32329;[0.6627];[-0.2873];7981.57449;1;0;[0.6604];[-0.2896];7978.30358;400),(44723.47331;[0.5556];[-0.3944];7297.04730;1;0;[0.552];[-0.398];7296.07604;400),(46360.05044;[0.3299];[-0.6201];6569.22939;1;0;[0.3339];[-0.6161];6568.21722;400),(47269.10973;[0.3299];[-0.6201];6569.22939;1;0;[0.3339];[-0.6161];6568.21722;400),(48851.25065;[0.5353];[-0.4147];9635.97623;1;0;[0.5321];[-0.4179];9648.84021;400),(50972.50891;[0.6157];[-0.3343];9249.45743;1;0;[0.6134];[-0.3366];9240.11223;400),(52787.33182;[0.6825];[-0.2675];8853.23133;1;0;[0.6785];[-0.2715];8844.86082;400),(54767.27819;[0.6863];[-0.2637];8441.08876;1;0;[0.6828];[-0.2672];8434.12983;400),(57051.64289;[0.6622];[-0.2878];7981.51265;1;0;[0.6597];[-0.2903];7978.22320;400),(59218.78314;[0.5556];[-0.3944];7297.04730;1;0;[0.552];[-0.398];7296.07604;400),(61204.92983;[0.3299];[-0.6201];6569.22939;1;0;[0.3339];[-0.6161];6568.21722;400),(62234.19809;[0.3299];[-0.6201];6569.22939;1;0;[0.3339];[-0.6161];6568.21722;400),(64093.92095;[0.5353];[-0.4147];9635.97623;1;0;[0.5321];[-0.4179];9648.84021;400),(66311.60402;[0.6286];[-0.3214];9234.57965;1;0;[0.6265];[-0.3235];9226.61992;400),(68948.79007;[0.6825];[-0.2675];8853.23133;1;0;[0.6785];[-0.2715];8844.86082;400),(70703.68481;[0.6863];[-0.2637];8441.08876;1;0;[0.6828];[-0.2672];8434.12983;400),(72727.06699;[0.6622];[-0.2878];7981.51265;1;0;[0.6597];[-0.2903];7978.22320;400),(74413.65218;[0.5556];[-0.3944];7297.04730;1;0;[0.552];[-0.398];7296.07604;400),(76055.45068;[0.3299];[-0.6201];6569.22939;1;0;[0.3339];[-0.6161];6568.21722;400),(77063.47871;[0.3274];[-0.6226];6562.94583;1;0;[0.3333];[-0.6167];6561.90649;400),(78700.57344;[0.5353];[-0.4147];9635.97623;1;0;[0.5321];[-0.4179];9648.84021;400),(80878.74746;[0.6286];[-0.3214];9234.57965;1;0;[0.6265];[-0.3235];9226.61992;400),(82758.80241;[0.6825];[-0.2675];8853.23133;1;0;[0.6785];[-0.2715];8844.86082;400),(84790.19976;[0.6863];[-0.2637];8441.08876;1;0;[0.6828];[-0.2672];8434.12983;400),(86484.92098;[0.6622];[-0.2878];7981.51265;1;0;[0.6597];[-0.2903];7978.22320;400),(88324.41068;[0.5556];[-0.3944];7297.04730;1;0;[0.552];[-0.398];7296.07604;400),(90073.35210;[0.3274];[-0.6226];6562.94583;1;0;[0.3333];[-0.6167];6561.90649;400),(91030.80797;[0.3274];[-0.6226];6562.94583;1;0;[0.3333];[-0.6167];6561.90649;400),(92719.87295;[0.5376];[-0.4124];9632.95638;1;0;[0.5342];[-0.4158];9645.47388;400),(94769.87076;[0.6286];[-0.3214];9234.57965;1;0;[0.6265];[-0.3235];9226.61992;400),(96616.05453;[0.6825];[-0.2675];8853.23133;1;0;[0.6785];[-0.2715];8844.86082;400),(98477.90623;[0.6863];[-0.2637];8441.08876;1;0;[0.6828];[-0.2672];8434.12983;400),(100522.47548;[0.6622];[-0.2878];7981.51265;1;0;[0.6597];[-0.2903];7978.22320;400),(102299.63899;[0.5556];[-0.3944];7297.04730;1;0;[0.552];[-0.398];7296.07604;400),(104451.73120;[0.3274];[-0.6226];6562.94583;1;0;[0.3333];[-0.6167];6561.90649;400),(105225.26598;[0.3274];[-0.6226];6562.94583;1;0;[0.3333];[-0.6167];6561.90649;400),(106763.09133;[0.5376];[-0.4124];9632.95638;1;0;[0.5342];[-0.4158];9645.47388;400),(108575.99497;[0.6286];[-0.3214];9234.57965;1;0;[0.6265];[-0.3235];9226.61992;400),(110367.30361;[0.6825];[-0.2675];8853.23133;1;0;[0.6785];[-0.2715];8844.86082;400),(111934.12709;[0.6863];[-0.2637];8441.08876;1;0;[0.6828];[-0.2672];8434.12983;400),(113860.32987;[0.6622];[-0.2878];7981.51265;1;0;[0.6597];[-0.2903];7978.22320;400),(115656.44932;[0.5556];[-0.3944];7297.04730;1;0;[0.552];[-0.398];7296.07604;400),(117368.71219;[0.3274];[-0.6226];6562.94583;1;0;[0.3333];[-0.6167];6561.90649;400),(118157.78875;[0.3274];[-0.6226];6562.94583;1;0;[0.3333];[-0.6167];6561.90649;400),(119609.34973;[0.5376];[-0.4124];9632.95638;1;0;[0.5342];[-0.4158];9645.47388;400),(121609.41315;[0.6185];[-0.3315];9238.89843;1;0;[0.6157];[-0.3343];9229.13965;400),(123139.00757;[0.6829];[-0.2671];8850.87103;1;0;[0.6791];[-0.2709];8842.49316;400),(124842.09466;[0.6863];[-0.2637];8441.08876;1;0;[0.6828];[-0.2672];8434.12983;400),(126607.50675;[0.6622];[-0.2878];7981.51265;1;0;[0.6597];[-0.2903];7978.22320;400),(128551.95355;[0.5556];[-0.3944];7297.04730;1;0;[0.552];[-0.398];7296.07604;400),(130372.21336;[0.3274];[-0.6226];6562.94583;1;0;[0.3333];[-0.6167];6561.90649;400),(131346.28582;[0.3274];[-0.6226];6562.94583;1;0;[0.3333];[-0.6167];6561.90649;400),(133081.69651;[0.5376];[-0.4124];9632.95638;1;0;[0.5342];[-0.4158];9645.47388;400),(135259.66859;[0.6185];[-0.3315];9238.89843;1;0;[0.6157];[-0.3343];9229.13965;400),(137007.82466;[0.6829];[-0.2671];8850.87103;1;0;[0.6791];[-0.2709];8842.49316;400),(139202.61645;[0.6863];[-0.2637];8441.08876;1;0;[0.6828];[-0.2672];8434.12983;400),(141193.99190;[0.6622];[-0.2878];7981.51265;1;0;[0.6597];[-0.2903];7978.22320;400),(142712.12626;[0.5556];[-0.3944];7297.04730;1;0;[0.552];[-0.398];7296.07604;400),(144460.75630;[0.3274];[-0.6226];6562.94583;1;0;[0.3333];[-0.6167];6561.90649;400),(145244.30990;[0.3274];[-0.6226];6562.94583;1;0;[0.3333];[-0.6167];6561.90649;400),(146969.79117;[0.5393];[-0.4107];9629.23053;1;0;[0.5358];[-0.4142];9641.42662;400),(149183.14052;[0.6185];[-0.3315];9238.89843;1;0;[0.6157];[-0.3343];9229.13965;400),(150682.92260;[0.6829];[-0.2671];8850.87103;1;0;[0.6791];[-0.2709];8842.49316;400),(152648.03028;[0.6863];[-0.2637];8441.08876;1;0;[0.6828];[-0.2672];8434.12983;400),(154524.97864;[0.6622];[-0.2878];7981.51265;1;0;[0.6597];[-0.2903];7978.22320;400),(156085.57248;[0.5556];[-0.3944];7297.04730;1;0;[0.552];[-0.398];7296.07604;400),(157977.58365;[0.3274];[-0.6226];6562.94583;1;0;[0.3333];[-0.6167];6561.90649;400),(158768.47649;[0.3274];[-0.6226];6562.94583;1;0;[0.3333];[-0.6167];6561.90649;400),(160472.97335;[0.5393];[-0.4107];9629.23053;1;0;[0.5358];[-0.4142];9641.42662;400),(162805.39584;[0.6185];[-0.3315];9238.89843;1;0;[0.6157];[-0.3343];9229.13965;400),(164911.63874;[0.6829];[-0.2671];8850.87103;1;0;[0.6791];[-0.2709];8842.49316;400),(166777.30107;[0.6863];[-0.2637];8441.08876;1;0;[0.6828];[-0.2672];8434.12983;400),(168889.84919;[0.6622];[-0.2878];7981.51265;1;0;[0.6597];[-0.2903];7978.22320;400),(170893.83554;[0.5556];[-0.3944];7297.04730;1;0;[0.552];[-0.398];7296.07604;400),(172785.44950;[0.3274];[-0.6226];6562.94583;1;0;[0.3333];[-0.6167];6561.90649;400),(173696.35391;[0.3274];[-0.6226];6562.94583;1;0;[0.3333];[-0.6167];6561.90649;400),(175683.42853;[0.5383];[-0.4117];9627.51329;1;0;[0.5347];[-0.4153];9639.51331;400),(177629.23574;[0.6314];[-0.3186];9225.28714;1;0;[0.6299];[-0.3201];9216.88440;400),(179333.85539;[0.6829];[-0.2671];8850.87103;1;0;[0.6791];[-0.2709];8842.49316;400),(180860.40044;[0.6863];[-0.2637];8441.08876;1;0;[0.6828];[-0.2672];8434.12983;400),(182509.84955;[0.6622];[-0.2878];7981.51265;1;0;[0.6597];[-0.2903];7978.22320;400),(184156.40044;[0.5556];[-0.3944];7297.04730;1;0;[0.552];[-0.398];7296.07604;400),(185700.39010;[0.3274];[-0.6226];6562.94583;1;0;[0.3333];[-0.6167];6561.90649;400),(186569.82732;[0.3274];[-0.6226];6562.94583;1;0;[0.3333];[-0.6167];6561.90649;400),(189130.37825;[0.5383];[-0.4117];9627.51329;1;0;[0.5347];[-0.4153];9639.51331;400),(190915.68851;[0.6314];[-0.3186];9225.28714;1;0;[0.6299];[-0.3201];9216.88440;400),(192309.83996;[0.6829];[-0.2671];8850.87103;1;0;[0.6791];[-0.2709];8842.49316;400),(193854.73275;[0.6863];[-0.2637];8441.08876;1;0;[0.6828];[-0.2672];8434.12983;400),(195775.90370;[0.6622];[-0.2878];7981.51265;1;0;[0.6597];[-0.2903];7978.22320;400),(197442.30604;[0.5556];[-0.3944];7297.04730;1;0;[0.552];[-0.398];7296.07604;400),(199346.69137;[0.3274];[-0.6226];6562.94583;1;0;[0.3333];[-0.6167];6561.90649;400),(200146.66033;[0.3274];[-0.6226];6562.94583;1;0;[0.3333];[-0.6167];6561.90649;400),(202098.05751;[0.5408];[-0.4092];9623.15751;1;0;[0.5374];[-0.4126];9635.15271;400),(203962.08549;[0.6314];[-0.3186];9225.28714;1;0;[0.6299];[-0.3201];9216.88440;400),(205797.95384;[0.6829];[-0.2671];8850.87103;1;0;[0.6791];[-0.2709];8842.49316;400),(207716.74705;[0.6863];[-0.2637];8441.08876;1;0;[0.6828];[-0.2672];8434.12983;400),(209977.13709;[0.6622];[-0.2878];7981.51265;1;0;[0.6597];[-0.2903];7978.22320;400),(211855.69096;[0.5556];[-0.3944];7297.04730;1;0;[0.552];[-0.398];7296.07604;400),(213482.26643;[0.3274];[-0.6226];6562.94583;1;0;[0.3333];[-0.6167];6561.90649;400),(214317.03401;[0.3274];[-0.6226];6562.94583;1;0;[0.3333];[-0.6167];6561.90649;400),(216011.62291;[0.5408];[-0.4092];9623.15751;1;0;[0.5374];[-0.4126];9635.15271;400),(217703.46975;[0.6314];[-0.3186];9225.28714;1;0;[0.6299];[-0.3201];9216.88440;400),(219109.28369;[0.6829];[-0.2671];8850.87103;1;0;[0.6791];[-0.2709];8842.49316;400),(220762.84337;[0.6863];[-0.2637];8441.08876;1;0;[0.6828];[-0.2672];8434.12983;400),(222595.18862;[0.6622];[-0.2878];7981.51265;1;0;[0.6597];[-0.2903];7978.22320;400),(224310.51207;[0.5556];[-0.3944];7297.04730;1;0;[0.552];[-0.398];7296.07604;400),(225941.21957;[0.3274];[-0.6226];6562.94583;1;0;[0.3333];[-0.6167];6561.90649;400),(226649.37377;[0.3274];[-0.6226];6562.94583;1;0;[0.3333];[-0.6167];6561.90649;400),(228368.69812;[0.5445];[-0.4055];9620.22626;1;0;[0.5394];[-0.4106];9631.90120;400),(230331.15029;[0.6275];[-0.3225];9221.41076;1;0;[0.6257];[-0.3243];9212.93481;400),(232165.52305;[0.6866];[-0.2634];8827.74316;1;0;[0.6827];[-0.2673];8820.16763;400),(234258.32653;[0.6864];[-0.2636];8434.02265;1;0;[0.6824];[-0.2676];8426.95263;400),(236114.20059;[0.6622];[-0.2878];7981.51265;1;0;[0.6597];[-0.2903];7978.22320;400),(237712.41593;[0.5556];[-0.3944];7297.04730;1;0;[0.552];[-0.398];7296.07604;400),(239662.72140;[0.3274];[-0.6226];6562.94583;1;0;[0.3333];[-0.6167];6561.90649;400),(240635.82158;[0.3274];[-0.6226];6562.94583;1;0;[0.3333];[-0.6167];6561.90649;400),(242654.09851;[0.5445];[-0.4055];9620.22626;1;0;[0.5394];[-0.4106];9631.90120;400),(244310.22429;[0.6275];[-0.3225];9221.41076;1;0;[0.6257];[-0.3243];9212.93481;400),(246151.68428;[0.6866];[-0.2634];8827.74316;1;0;[0.6827];[-0.2673];8820.16763;400),(247863.59596;[0.6864];[-0.2636];8434.02265;1;0;[0.6824];[-0.2676];8426.95263;400),(249792.99569;[0.6622];[-0.2878];7981.51265;1;0;[0.6597];[-0.2903];7978.22320;400),(251292.69814;[0.5556];[-0.3944];7297.04730;1;0;[0.552];[-0.398];7296.07604;400),(252960.60681;[0.3274];[-0.6226];6562.94583;1;0;[0.3333];[-0.6167];6561.90649;400),(253771.69871;[0.3274];[-0.6226];6562.94583;1;0;[0.3333];[-0.6167];6561.90649;400),(255925.35758;[0.5415];[-0.4085];9617.42602;1;0;[0.5375];[-0.4125];9628.96946;400),(258078.71485;[0.6275];[-0.3225];9221.41076;1;0;[0.6257];[-0.3243];9212.93481;400),(259775.42424;[0.6865];[-0.2635];8827.60284;1;0;[0.6827];[-0.2673];8820.03068;400),(261628.77488;[0.6864];[-0.2636];8434.02265;1;0;[0.6824];[-0.2676];8426.95263;400),(263391.27779;[0.6622];[-0.2878];7981.51265;1;0;[0.6597];[-0.2903];7978.22320;400),(265510.42819;[0.5556];[-0.3944];7297.04730;1;0;[0.552];[-0.398];7296.07604;400),(266989.52103;[0.3274];[-0.6226];6562.94583;1;0;[0.3333];[-0.6167];6561.90649;400),(267827.51107;[0.3274];[-0.6226];6562.94583;1;0;[0.3333];[-0.6167];6561.90649;400),(270172.30725;[0.5415];[-0.4085];9617.42602;1;0;[0.5375];[-0.4125];9628.96946;400),(271868.86883;[0.6275];[-0.3225];9221.41076;1;0;[0.6257];[-0.3243];9212.93481;400),(273376.19305;[0.6866];[-0.2634];8827.74316;1;0;[0.6827];[-0.2673];8820.16763;400),(275308.01892;[0.6864];[-0.2636];8434.02265;1;0;[0.6824];[-0.2676];8426.95263;400),(277224.91980;[0.6622];[-0.2878];7981.51265;1;0;[0.6597];[-0.2903];7978.22320;400),(279074.25952;[0.5556];[-0.3944];7297.04730;1;0;[0.552];[-0.398];7296.07604;400),(281382.07197;[0.3274];[-0.6226];6562.94583;1;0;[0.3333];[-0.6167];6561.90649;400),(282362.49352;[0.3274];[-0.6226];6562.94583;1;0;[0.3333];[-0.6167];6561.90649;400),(284418.71285;[0.5457];[-0.4043];9613.60531;1;0;[0.5416];[-0.4084];9624.98195;400),(285912.24360;[0.6334];[-0.3166];9213.25692;1;0;[0.6335];[-0.3165];9203.81234;400),(287349.89142;[0.6866];[-0.2634];8827.74316;1;0;[0.6827];[-0.2673];8820.16763;400),(289141.90483;[0.6864];[-0.2636];8434.02265;1;0;[0.6824];[-0.2676];8426.95263;400),(290775.71702;[0.6622];[-0.2878];7981.51265;1;0;[0.6597];[-0.2903];7978.22320;400),(292653.16820;[0.5556];[-0.3944];7297.04730;1;0;[0.552];[-0.398];7296.07604;400),(294533.95772;[0.3274];[-0.6226];6562.94583;1;0;[0.3333];[-0.6167];6561.90649;400),(295343.19305;[0.3274];[-0.6226];6562.94583;1;0;[0.3333];[-0.6167];6561.90649;400),(297436.43761;[0.5457];[-0.4043];9613.60531;1;0;[0.5416];[-0.4084];9624.98195;400),(299054.81362;[0.6334];[-0.3166];9213.25692;1;0;[0.6335];[-0.3165];9203.81234;400),(300593.71352;[0.6865];[-0.2635];8827.60284;1;0;[0.6827];[-0.2673];8820.03068;400),(302426.41139;[0.6864];[-0.2636];8434.02265;1;0;[0.6824];[-0.2676];8426.95263;400),(304194.30566;[0.6622];[-0.2878];7981.51265;1;0;[0.6597];[-0.2903];7978.22320;400),(306097.14532;[0.5556];[-0.3944];7297.04730;1;0;[0.552];[-0.398];7296.07604;400),(307702.51417;[0.3274];[-0.6226];6562.94583;1;0;[0.3333];[-0.6167];6561.90649;400),(308635.93054;[0.3274];[-0.6226];6562.94583;1;0;[0.3333];[-0.6167];6561.90649;400),(310902.92859;[0.5476];[-0.4024];9605.20979;1;0;[0.5429];[-0.4071];9616.39713;400),(312529.21844;[0.6334];[-0.3166];9213.25692;1;0;[0.6335];[-0.3165];9203.81234;400),(314217.56673;[0.6866];[-0.2634];8827.74316;1;0;[0.6827];[-0.2673];8820.16763;400),(316407.88221;[0.6864];[-0.2636];8434.02265;1;0;[0.6824];[-0.2676];8426.95263;400),(318484.14612;[0.6622];[-0.2878];7981.51265;1;0;[0.6597];[-0.2903];7978.22320;400),(320194.14520;[0.5556];[-0.3944];7297.04730;1;0;[0.552];[-0.398];7296.07604;400),(321874.01795;[0.3274];[-0.6226];6562.94583;1;0;[0.3333];[-0.6167];6561.90649;400),(322798.24352;[0.3274];[-0.6226];6562.94583;1;0;[0.3333];[-0.6167];6561.90649;400),(324762.94708;[0.5476];[-0.4024];9605.20979;1;0;[0.5429];[-0.4071];9616.39713;400),(326353.69110;[0.6334];[-0.3166];9213.25692;1;0;[0.6335];[-0.3165];9203.81234;400),(328158.01597;[0.6866];[-0.2634];8827.74316;1;0;[0.6827];[-0.2673];8820.16763;400),(329883.25381;[0.6864];[-0.2636];8434.02265;1;0;[0.6824];[-0.2676];8426.95263;400),(331659.58023;[0.6622];[-0.2878];7981.51265;1;0;[0.6597];[-0.2903];7978.22320;400),(333192.04926;[0.5556];[-0.3944];7297.04730;1;0;[0.552];[-0.398];7296.07604;400),(334706.47168;[0.3274];[-0.6226];6562.94583;1;0;[0.3333];[-0.6167];6561.90649;400),(335599.82514;[0.3274];[-0.6226];6562.94583;1;0;[0.3333];[-0.6167];6561.90649;400),(337453.47643;[0.5474];[-0.4026];9602.03892;1;0;[0.5427];[-0.4073];9613.21647;400),(339237.57243;[0.6299];[-0.3201];9210.58367;1;0;[0.6281];[-0.3219];9201.67539;400),(341053.19905;[0.6861];[-0.2639];8822.78385;1;0;[0.6819];[-0.2681];8815.08386;400),(342771.21210;[0.6864];[-0.2636];8434.02265;1;0;[0.6824];[-0.2676];8426.95263;400),(344670.14027;[0.6622];[-0.2878];7981.51265;1;0;[0.6597];[-0.2903];7978.22320;400),(346323.03262;[0.5556];[-0.3944];7297.04730;1;0;[0.552];[-0.398];7296.07604;400),(347862.34641;[0.3274];[-0.6226];6562.94583;1;0;[0.3333];[-0.6167];6561.90649;400),(348956.70533;[0.3274];[-0.6226];6562.94583;1;0;[0.3333];[-0.6167];6561.90649;400),(351732.05400;[0.5474];[-0.4026];9602.03892;1;0;[0.5427];[-0.4073];9613.21647;400),(353430.16481;[0.6299];[-0.3201];9210.58367;1;0;[0.6281];[-0.3219];9201.67539;400),(355275.59710;[0.6861];[-0.2639];8822.78385;1;0;[0.6819];[-0.2681];8815.08386;400),(357135.37598;[0.6864];[-0.2636];8434.02265;1;0;[0.6824];[-0.2676];8426.95263;400),(358782.51958;[0.6627];[-0.2873];7981.57449;1;0;[0.6604];[-0.2896];7978.30358;400),(360267.88020;[0.5556];[-0.3944];7297.04730;1;0;[0.552];[-0.398];7296.07604;400),(362066.34617;[0.3274];[-0.6226];6562.94583;1;0;[0.3333];[-0.6167];6561.90649;400),(362849.79105;[0.3274];[-0.6226];6562.94583;1;0;[0.3333];[-0.6167];6561.90649;400),(364500.00882;[0.5476];[-0.4024];9597.85782;1;0;[0.5431];[-0.4069];9608.63101;400),(366045.13168;[0.6299];[-0.3201];9210.58367;1;0;[0.6281];[-0.3219];9201.67539;400),(367894.14239;[0.6861];[-0.2639];8822.78385;1;0;[0.6819];[-0.2681];8815.08386;400),(369839.55860;[0.6864];[-0.2636];8434.02265;1;0;[0.6824];[-0.2676];8426.95263;400),(371595.78347;[0.6622];[-0.2878];7981.51265;1;0;[0.6597];[-0.2903];7978.22320;400),(373812.77442;[0.5556];[-0.3944];7297.04730;1;0;[0.552];[-0.398];7296.07604;400),(375355.74579;[0.3274];[-0.6226];6562.94583;1;0;[0.3333];[-0.6167];6561.90649;400),(376372.44153;[0.3274];[-0.6226];6562.94583;1;0;[0.3333];[-0.6167];6561.90649;400),(378250.65255;[0.5476];[-0.4024];9597.85782;1;0;[0.5431];[-0.4069];9608.63101;400),(380002.73108;[0.6299];[-0.3201];9210.58367;1;0;[0.6281];[-0.3219];9201.67539;400),(381994.78126;[0.6861];[-0.2639];8822.78385;1;0;[0.6819];[-0.2681];8815.08386;400),(384073.62986;[0.6864];[-0.2636];8434.02265;1;0;[0.6824];[-0.2676];8426.95263;400),(385906.59189;[0.6622];[-0.2878];7981.51265;1;0;[0.6597];[-0.2903];7978.22320;400),(387740.44585;[0.5556];[-0.3944];7297.04730;1;0;[0.552];[-0.398];7296.07604;400),(389296.48709;[0.3274];[-0.6226];6562.94583;1;0;[0.3333];[-0.6167];6561.90649;400),(390036.93461;[0.3274];[-0.6226];6562.94583;1;0;[0.3333];[-0.6167];6561.90649;400),(392172.97053;[0.5529];[-0.3971];9592.72255;1;0;[0.5472];[-0.4028];9604.31015;400),(393672.99414;[0.6365];[-0.3135];9199.18397;1;0;[0.6366];[-0.3134];9188.82150;400),(395701.17521;[0.6861];[-0.2639];8822.78385;1;0;[0.6819];[-0.2681];8815.08386;400),(397356.38165;[0.6864];[-0.2636];8434.02265;1;0;[0.6824];[-0.2676];8426.95263;400),(399333.34160;[0.6622];[-0.2878];7981.51265;1;0;[0.6597];[-0.2903];7978.22320;400),(400941.70690;[0.5556];[-0.3944];7297.04730;1;0;[0.552];[-0.398];7296.07604;400),(402513.05008;[0.3274];[-0.6226];6562.94583;1;0;[0.3333];[-0.6167];6561.90649;400),(403227.55289;[0.3274];[-0.6226];6562.94583;1;0;[0.3333];[-0.6167];6561.90649;400),(405289.85572;[0.5529];[-0.3971];9592.72255;1;0;[0.5472];[-0.4028];9604.31015;400),(406888.27372;[0.6365];[-0.3135];9199.18397;1;0;[0.6366];[-0.3134];9188.82150;400),(408937.72221;[0.6861];[-0.2639];8822.78385;1;0;[0.6819];[-0.2681];8815.08386;400),(411081.37655;[0.6864];[-0.2636];8434.02265;1;0;[0.6824];[-0.2676];8426.95263;400),(412751.49035;[0.6622];[-0.2878];7981.51265;1;0;[0.6597];[-0.2903];7978.22320;400),(414369.15159;[0.5556];[-0.3944];7297.04730;1;0;[0.552];[-0.398];7296.07604;400),(416050.04025;[0.3274];[-0.6226];6562.94583;1;0;[0.3333];[-0.6167];6561.90649;400),(416982.75638;[0.3274];[-0.6226];6562.94583;1;0;[0.3333];[-0.6167];6561.90649;400),(419004.07863;[0.5492];[-0.4008];9586.61516;1;0;[0.5444];[-0.4056];9596.86984;400),(420649.87493;[0.6365];[-0.3135];9199.18397;1;0;[0.6366];[-0.3134];9188.82150;400),(422871.20032;[0.6861];[-0.2639];8822.78385;1;0;[0.6819];[-0.2681];8815.08386;400),(424869.02237;[0.6864];[-0.2636];8434.02265;1;0;[0.6824];[-0.2676];8426.95263;400),(426505.94211;[0.6622];[-0.2878];7981.51265;1;0;[0.6597];[-0.2903];7978.22320;400),(428145.61987;[0.5556];[-0.3944];7297.04730;1;0;[0.552];[-0.398];7296.07604;400),(429806.57911;[0.3274];[-0.6226];6562.94583;1;0;[0.3333];[-0.6167];6561.90649;400),(430640.38610;[0.3274];[-0.6226];6562.94583;1;0;[0.3333];[-0.6167];6561.90649;400),(432308.48098;[0.5492];[-0.4008];9586.61516;1;0;[0.5444];[-0.4056];9596.86984;400),(434286.99017;[0.6365];[-0.3135];9199.18397;1;0;[0.6366];[-0.3134];9188.82150;400),(436122.33257;[0.6861];[-0.2639];8822.78385;1;0;[0.6819];[-0.2681];8815.08386;400),(437833.10723;[0.6864];[-0.2636];8434.02265;1;0;[0.6824];[-0.2676];8426.95263;400),(439370.16726;[0.6622];[-0.2878];7981.51265;1;0;[0.6597];[-0.2903];7978.22320;400),(440828.32050;[0.5556];[-0.3944];7297.04730;1;0;[0.552];[-0.398];7296.07604;400),(442288.62095;[0.3274];[-0.6226];6562.94583;1;0;[0.3333];[-0.6167];6561.90649;400),(443115.32426;[0.3274];[-0.6226];6562.94583;1;0;[0.3333];[-0.6167];6561.90649;400),(445141.63947;[0.5523];[-0.3977];9583.92230;1;0;[0.5472];[-0.4028];9594.73281;400),(446590.19232;[0.632];[-0.318];9198.10636;1;0;[0.6319];[-0.3181];9188.20090;400),(448199.37968;[0.6892];[-0.2608];8801.03914;1;0;[0.6848];[-0.2652];8794.21950;400),(449915.04312;[0.6913];[-0.2587];8414.29118;1;0;[0.6881];[-0.2619];8408.20300;400),(451618.73126;[0.6623];[-0.2877];7974.68760;1;0;[0.66];[-0.29];7971.37681;400),(453565.87434;[0.5556];[-0.3944];7297.04730;1;0;[0.552];[-0.398];7296.07604;400),(455672.44673;[0.3274];[-0.6226];6562.94583;1;0;[0.3333];[-0.6167];6561.90649;400),(456545.22681;[0.3274];[-0.6226];6562.94583;1;0;[0.3333];[-0.6167];6561.90649;400),(458304.51322;[0.5523];[-0.3977];9583.92230;1;0;[0.5472];[-0.4028];9594.73281;400),(459762.74776;[0.632];[-0.318];9198.10636;1;0;[0.6319];[-0.3181];9188.20090;400),(461322.21007;[0.6892];[-0.2608];8801.03914;1;0;[0.6848];[-0.2652];8794.21950;400),(462734.34663;[0.6913];[-0.2587];8414.29118;1;0;[0.6881];[-0.2619];8408.20300;400),(464362.54525;[0.6623];[-0.2877];7974.68760;1;0;[0.66];[-0.29];7971.37681;400),(466079.10728;[0.5556];[-0.3944];7297.04730;1;0;[0.552];[-0.398];7296.07604;400),(467734.63106;[0.3274];[-0.6226];6562.94583;1;0;[0.3333];[-0.6167];6561.90649;400),(468513.66639;[0.3274];[-0.6226];6562.94583;1;0;[0.3333];[-0.6167];6561.90649;400),(470185.79626;[0.5583];[-0.3917];9573.24918;1;0;[0.554];[-0.396];9578.94211;400),(471666.02135;[0.632];[-0.318];9198.10636;1;0;[0.6319];[-0.3181];9188.20090;400),(473395.60843;[0.6892];[-0.2608];8801.03914;1;0;[0.6848];[-0.2652];8794.21950;400),(474897.06516;[0.6913];[-0.2587];8414.29118;1;0;[0.6881];[-0.2619];8408.20300;400),(476691.42199;[0.6623];[-0.2877];7974.68760;1;0;[0.66];[-0.29];7971.37681;400),(478445.84560;[0.5556];[-0.3944];7297.04730;1;0;[0.552];[-0.398];7296.07604;400),(480126.88684;[0.3274];[-0.6226];6562.94583;1;0;[0.3333];[-0.6167];6561.90649;400),(480973.60921;[0.3274];[-0.6226];6562.94583;1;0;[0.3333];[-0.6167];6561.90649;400),(482804.81219;[0.5583];[-0.3917];9573.24918;1;0;[0.554];[-0.396];9578.94211;400),(484692.54470;[0.632];[-0.318];9198.10636;1;0;[0.6319];[-0.3181];9188.20090;400),(486544.84153;[0.6892];[-0.2608];8801.03914;1;0;[0.6848];[-0.2652];8794.21950;400),(488430.59278;[0.6913];[-0.2587];8414.29118;1;0;[0.6881];[-0.2619];8408.20300;400),(490073.59910;[0.6623];[-0.2877];7974.68760;1;0;[0.66];[-0.29];7971.37681;400),(491564.99958;[0.5556];[-0.3944];7297.04730;1;0;[0.552];[-0.398];7296.07604;400),(493112.23006;[0.3274];[-0.6226];6562.94583;1;0;[0.3333];[-0.6167];6561.90649;400),(493820.55807;[0.3274];[-0.6226];6562.94583;1;0;[0.3333];[-0.6167];6561.90649;400),(495497.02692;[0.5583];[-0.3917];9573.24918;1;0;[0.554];[-0.396];9578.94211;400),(497594.83504;[0.6394];[-0.3106];9183.89191;1;0;[0.6394];[-0.3106];9172.76240;400),(499396.45791;[0.6892];[-0.2608];8801.03914;1;0;[0.6848];[-0.2652];8794.21950;400),(500940.93394;[0.6913];[-0.2587];8414.29118;1;0;[0.6881];[-0.2619];8408.20300;400),(502406.17418;[0.6623];[-0.2877];7974.68760;1;0;[0.66];[-0.29];7971.37681;400),(504178.52902;[0.5556];[-0.3944];7297.04730;1;0;[0.552];[-0.398];7296.07604;400),(505677.32191;[0.3274];[-0.6226];6562.94583;1;0;[0.3333];[-0.6167];6561.90649;400),(506526.05963;[0.3274];[-0.6226];6562.94583;1;0;[0.3333];[-0.6167];6561.90649;400),(508355.12424;[0.5583];[-0.3917];9573.24918;1;0;[0.554];[-0.396];9578.94211;400),(510493.48283;[0.6394];[-0.3106];9183.89191;1;0;[0.6394];[-0.3106];9172.76240;400),(511902.13871;[0.6892];[-0.2608];8801.03914;1;0;[0.6848];[-0.2652];8794.21950;400),(513600.44837;[0.6913];[-0.2587];8414.29118;1;0;[0.6881];[-0.2619];8408.20300;400),(515195.44125;[0.6623];[-0.2877];7974.68760;1;0;[0.66];[-0.29];7971.37681;400),(517140.79785;[0.5556];[-0.3944];7297.04730;1;0;[0.552];[-0.398];7296.07604;400),(518915.49087;[0.3274];[-0.6226];6562.94583;1;0;[0.3333];[-0.6167];6561.90649;400),(519812.27636;[0.3274];[-0.6226];6562.94583;1;0;[0.3333];[-0.6167];6561.90649;400),(521920.20822;[0.5583];[-0.3917];9573.24918;1;0;[0.554];[-0.396];9578.94211;400),(523531.28839;[0.6394];[-0.3106];9183.89191;1;0;[0.6394];[-0.3106];9172.76240;400),(525089.55574;[0.6892];[-0.2608];8801.03914;1;0;[0.6848];[-0.2652];8794.21950;400),(526587.88562;[0.6913];[-0.2587];8414.29118;1;0;[0.6881];[-0.2619];8408.20300;400),(528050.27103;[0.6623];[-0.2877];7974.68760;1;0;[0.66];[-0.29];7971.37681;400),(529842.80729;[0.5556];[-0.3944];7297.04730;1;0;[0.552];[-0.398];7296.07604;400),(531601.53365;[0.3274];[-0.6226];6562.94583;1;0;[0.3333];[-0.6167];6561.90649;400),(532339.05554;[0.3274];[-0.6226];6562.94583;1;0;[0.3333];[-0.6167];6561.90649;400),(534251.07694;[0.5583];[-0.3917];9573.24918;1;0;[0.554];[-0.396];9578.94211;400),(535979.01416;[0.6394];[-0.3106];9183.89191;1;0;[0.6394];[-0.3106];9172.76240;400),(537449.40305;[0.6892];[-0.2608];8801.03914;1;0;[0.6848];[-0.2652];8794.21950;400),(538830.76310;[0.6913];[-0.2587];8414.29118;1;0;[0.6881];[-0.2619];8408.20300;400),(540525.22159;[0.6623];[-0.2877];7974.68760;1;0;[0.66];[-0.29];7971.37681;400),(542282.75800;[0.5556];[-0.3944];7297.04730;1;0;[0.552];[-0.398];7296.07604;400),(544001.17540;[0.3274];[-0.6226];6562.94583;1;0;[0.3333];[-0.6167];6561.90649;400),(544936.76019;[0.3274];[-0.6226];6562.94583;1;0;[0.3333];[-0.6167];6561.90649;400),(546666.99886;[0.5583];[-0.3917];9573.24918;1;0;[0.554];[-0.396];9578.94211;400),(548188.31158;[0.6345];[-0.3155];9183.14958;1;0;[0.6349];[-0.3151];9172.29788;400),(550146.31128;[0.6887];[-0.2613];8793.10328;1;0;[0.685];[-0.265];8786.22239;400),(551728.73926;[0.6913];[-0.2587];8414.29118;1;0;[0.6881];[-0.2619];8408.20300;400),(553418.40553;[0.6623];[-0.2877];7974.68760;1;0;[0.66];[-0.29];7971.37681;400),(554911.90672;[0.5556];[-0.3944];7297.04730;1;0;[0.552];[-0.398];7296.07604;400),(556563.83991;[0.3274];[-0.6226];6562.94583;1;0;[0.3333];[-0.6167];6561.90649;400),(557269.16575;[0.3274];[-0.6226];6562.94583;1;0;[0.3333];[-0.6167];6561.90649;400),(559078.31788;[0.5583];[-0.3917];9573.24918;1;0;[0.554];[-0.396];9578.94211;400),(560509.13286;[0.6345];[-0.3155];9183.14958;1;0;[0.6349];[-0.3151];9172.29788;400),(562541.63313;[0.6887];[-0.2613];8793.10328;1;0;[0.685];[-0.265];8786.22239;400),(564153.35894;[0.6913];[-0.2587];8414.29118;1;0;[0.6881];[-0.2619];8408.20300;400),(565690.19461;[0.6623];[-0.2877];7974.68760;1;0;[0.66];[-0.29];7971.37681;400),(567186.42569;[0.5556];[-0.3944];7297.04730;1;0;[0.552];[-0.398];7296.07604;400),(568698.90738;[0.3274];[-0.6226];6562.94583;1;0;[0.3333];[-0.6167];6561.90649;400),(569421.97275;[0.3274];[-0.6226];6562.94583;1;0;[0.3333];[-0.6167];6561.90649;400),(570958.81677;[0.5583];[-0.3917];9573.24918;1;0;[0.554];[-0.396];9578.94211;400),(572398.82779;[0.6345];[-0.3155];9183.14958;1;0;[0.6349];[-0.3151];9172.29788;400),(574793.68114;[0.6887];[-0.2613];8793.10328;1;0;[0.685];[-0.265];8786.22239;400),(576299.28637;[0.6913];[-0.2587];8414.29118;1;0;[0.6881];[-0.2619];8408.20300;400),(577863.19208;[0.6623];[-0.2877];7974.68760;1;0;[0.66];[-0.29];7971.37681;400),(579618.83283;[0.5556];[-0.3944];7297.04730;1;0;[0.552];[-0.398];7296.07604;400),(581236.45210;[0.3274];[-0.6226];6562.94583;1;0;[0.3333];[-0.6167];6561.90649;400),(582175.65036;[0.3274];[-0.6226];6562.94583;1;0;[0.3333];[-0.6167];6561.90649;400),(583932.11651;[0.5583];[-0.3917];9573.24918;1;0;[0.554];[-0.396];9578.94211;400),(585621.12284;[0.6345];[-0.3155];9183.14958;1;0;[0.6349];[-0.3151];9172.29788;400),(587320.57095;[0.6887];[-0.2613];8793.10328;1;0;[0.685];[-0.265];8786.22239;400),(588684.74340;[0.6913];[-0.2587];8414.29118;1;0;[0.6881];[-0.2619];8408.20300;400),(590121.23322;[0.6623];[-0.2877];7974.68760;1;0;[0.66];[-0.29];7971.37681;400),(591626.82390;[0.5556];[-0.3944];7297.04730;1;0;[0.552];[-0.398];7296.07604;400),(593124.86148;[0.3274];[-0.6226];6562.94583;1;0;[0.3333];[-0.6167];6561.90649;400),(593856.48513;[0.3274];[-0.6226];6562.94583;1;0;[0.3333];[-0.6167];6561.90649;400),(595677.57773;[0.5583];[-0.3917];9573.24918;1;0;[0.554];[-0.396];9578.94211;400),(597344.81096;[0.6537];[-0.2963];9160.47646;1;0;[0.6533];[-0.2967];9151.54079;400),(599009.11140;[0.6887];[-0.2613];8793.10328;1;0;[0.685];[-0.265];8786.22239;400)]"
4,9,8431.957080585098,0.77594,1,0,[0.8851],[-0.0649],600948.5237598419,"[(3669.91091;[0.6134];[-0.3366];10737.75883;1;0;[0.6092];[-0.3408];10754.54525;100),(5252.92182;[0.6134];[-0.3366];10737.75883;1;0;[0.6092];[-0.3408];10754.54525;100),(6049.81470;[0.6134];[-0.3366];10737.75883;1;0;[0.6092];[-0.3408];10754.54525;100),(6912.87518;[0.6134];[-0.3366];10737.75883;1;0;[0.6092];[-0.3408];10754.54525;100),(7620.15772;[0.6134];[-0.3366];10737.75883;1;0;[0.6092];[-0.3408];10754.54525;100),(8397.30358;[0.6134];[-0.3366];10737.75883;1;0;[0.6092];[-0.3408];10754.54525;100),(9122.77818;[0.7555];[-0.1945];10336.67747;1;0;[0.751];[-0.199];10329.78754;100),(11037.92500;[0.6309];[-0.3191];10831.43566;1;0;[0.6295];[-0.3205];10849.31342;200),(14489.64739;[0.6608];[-0.2892];10844.71697;1;0;[0.6571];[-0.2929];10862.13936;400),(16290.72356;[0.6608];[-0.2892];10844.71697;1;0;[0.6571];[-0.2929];10862.13936;400),(18157.80139;[0.6608];[-0.2892];10844.71697;1;0;[0.6571];[-0.2929];10862.13936;400),(19824.51630;[0.6608];[-0.2892];10844.71697;1;0;[0.6571];[-0.2929];10862.13936;400),(21657.89819;[0.6608];[-0.2892];10844.71697;1;0;[0.6571];[-0.2929];10862.13936;400),(23907.36794;[0.6608];[-0.2892];10844.71697;1;0;[0.6571];[-0.2929];10862.13936;400),(26048.46239;[0.6608];[-0.2892];10844.71697;1;0;[0.6571];[-0.2929];10862.13936;400),(26932.25384;[0.8195];[-0.1305];10025.08457;1;0;[0.8148];[-0.1352];10013.94480;400),(27441.53142;[0.8596];[-0.0904];9330.93481;1;0;[0.8561];[-0.0939];9323.30449;400),(27981.03642;[0.8845];[-0.0655];8873.11799;1;0;[0.8805];[-0.0695];8868.45649;400),(28583.66346;[0.8804];[-0.0696];8061.56039;1;0;[0.8758];[-0.0742];8060.23102;400),(28953.63998;[0.8399];[-0.1101];7367.70921;1;0;[0.8351];[-0.1149];7367.11182;400),(29490.25798;[0.8327];[-0.1173];7344.32567;1;0;[0.826];[-0.124];7343.62126;400),(30067.42954;[0.8327];[-0.1173];7344.32567;1;0;[0.826];[-0.124];7343.62126;400),(30540.59005;[0.8327];[-0.1173];7344.32567;1;0;[0.826];[-0.124];7343.62126;400),(32605.85093;[0.7232];[-0.2268];10828.73230;1;0;[0.7226];[-0.2274];10845.19027;400),(35105.78060;[0.7776];[-0.1724];10382.49663;1;0;[0.773];[-0.177];10370.73224;400),(37122.50280;[0.8335];[-0.1165];9905.34783;1;0;[0.8295];[-0.1205];9895.49763;400),(39329.57530;[0.8613];[-0.0887];9283.47807;1;0;[0.8574];[-0.0926];9275.82503;400),(42053.44057;[0.8785];[-0.0715];8884.55844;1;0;[0.8733];[-0.0767];8879.06374;400),(44169.14845;[0.8845];[-0.0655];8255.80484;1;0;[0.8807];[-0.0693];8253.99677;400),(47290.16590;[0.8703];[-0.0797];7837.93678;1;0;[0.8651];[-0.0849];7837.07655;400),(47738.00516;[0.8572];[-0.0928];7594.81333;1;0;[0.8514];[-0.0986];7594.17413;400),(48049.79014;[0.8341];[-0.1159];7349.39201;1;0;[0.8283];[-0.1217];7348.72395;400),(48412.03713;[0.8327];[-0.1173];7344.32567;1;0;[0.826];[-0.124];7343.62126;400),(48777.65870;[0.8327];[-0.1173];7344.32567;1;0;[0.826];[-0.124];7343.62126;400),(49126.11365;[0.8327];[-0.1173];7344.32567;1;0;[0.826];[-0.124];7343.62126;400),(50956.29239;[0.6716];[-0.2784];10821.38906;1;0;[0.6688];[-0.2812];10834.05397;400),(53132.26223;[0.7706];[-0.1794];10381.64091;1;0;[0.7672];[-0.1828];10370.44315;400),(56273.79537;[0.8335];[-0.1165];9902.75948;1;0;[0.8295];[-0.1205];9893.41094;400),(58396.81387;[0.8619];[-0.0881];9285.00458;1;0;[0.8578];[-0.0922];9277.39296;400),(60377.93255;[0.8788];[-0.0712];8894.92860;1;0;[0.8734];[-0.0766];8889.47123;400),(62572.80087;[0.8857];[-0.0643];8259.00008;1;0;[0.8834];[-0.0666];8257.22856;400),(64421.85473;[0.8327];[-0.1173];7344.32567;1;0;[0.826];[-0.124];7343.62126;400),(66921.30041;[0.6716];[-0.2784];10821.38906;1;0;[0.6688];[-0.2812];10834.05397;400),(69285.07996;[0.7706];[-0.1794];10381.64091;1;0;[0.7672];[-0.1828];10370.44315;400),(71732.71394;[0.8335];[-0.1165];9902.75948;1;0;[0.8295];[-0.1205];9893.41094;400),(73642.68565;[0.8619];[-0.0881];9285.00458;1;0;[0.8578];[-0.0922];9277.39296;400),(75798.42448;[0.8777];[-0.0723];8893.33514;1;0;[0.8722];[-0.0778];8887.77188;400),(77474.15280;[0.8857];[-0.0643];8259.00008;1;0;[0.8834];[-0.0666];8257.22856;400),(80591.57324;[0.8718];[-0.0782];7843.56415;1;0;[0.8668];[-0.0832];7842.68413;400),(81255.07927;[0.8566];[-0.0934];7599.36370;1;0;[0.8505];[-0.0995];7598.47573;400),(81555.20082;[0.8341];[-0.1159];7349.39201;1;0;[0.8283];[-0.1217];7348.72395;400),(81898.85426;[0.8327];[-0.1173];7344.32567;1;0;[0.826];[-0.124];7343.62126;400),(82227.87237;[0.8327];[-0.1173];7344.32567;1;0;[0.826];[-0.124];7343.62126;400),(84295.38679;[0.6716];[-0.2784];10821.38906;1;0;[0.6688];[-0.2812];10834.05397;400),(86347.36586;[0.7704];[-0.1796];10379.19713;1;0;[0.7667];[-0.1833];10367.96812;400),(88156.27337;[0.8328];[-0.1172];9903.35580;1;0;[0.8291];[-0.1209];9893.44887;400),(90084.00917;[0.8612];[-0.0888];9286.71251;1;0;[0.8574];[-0.0926];9279.05870;400),(92061.36775;[0.8794];[-0.0706];8897.90396;1;0;[0.8741];[-0.0759];8892.41353;400),(93852.75173;[0.8838];[-0.0662];8415.52993;1;0;[0.8806];[-0.0694];8413.21003;400),(95539.24370;[0.8327];[-0.1173];7344.32567;1;0;[0.826];[-0.124];7343.62126;400),(95977.59175;[0.8327];[-0.1173];7344.32567;1;0;[0.826];[-0.124];7343.62126;400),(98176.60260;[0.6716];[-0.2784];10821.38906;1;0;[0.6688];[-0.2812];10834.05397;400),(100227.29516;[0.774];[-0.176];10372.08582;1;0;[0.77];[-0.18];10359.90324;400),(102048.15054;[0.8363];[-0.1137];9883.29803;1;0;[0.8335];[-0.1165];9874.36148;400),(104054.17442;[0.8612];[-0.0888];9286.71251;1;0;[0.8574];[-0.0926];9279.05870;400),(106140.10334;[0.8794];[-0.0706];8897.90396;1;0;[0.8741];[-0.0759];8892.41353;400),(108035.51483;[0.8838];[-0.0662];8415.52993;1;0;[0.8806];[-0.0694];8413.21003;400),(109581.70223;[0.8327];[-0.1173];7344.32567;1;0;[0.826];[-0.124];7343.62126;400),(111771.82102;[0.6716];[-0.2784];10821.38906;1;0;[0.6688];[-0.2812];10834.05397;400),(113586.93719;[0.774];[-0.176];10372.08582;1;0;[0.77];[-0.18];10359.90324;400),(115414.96754;[0.8363];[-0.1137];9883.29803;1;0;[0.8335];[-0.1165];9874.36148;400),(117051.92900;[0.8612];[-0.0888];9286.71251;1;0;[0.8574];[-0.0926];9279.05870;400),(119277.65894;[0.8794];[-0.0706];8897.90396;1;0;[0.8741];[-0.0759];8892.41353;400),(120783.32305;[0.8838];[-0.0662];8415.52993;1;0;[0.8806];[-0.0694];8413.21003;400),(123971.50373;[0.8726];[-0.0774];7848.80784;1;0;[0.8674];[-0.0826];7848.00353;400),(124552.45113;[0.8587];[-0.0913];7606.61475;1;0;[0.8538];[-0.0962];7605.79246;400),(124886.22546;[0.8538];[-0.0962];7580.98643;1;0;[0.8483];[-0.1017];7580.24551;400),(125303.34234;[0.8327];[-0.1173];7344.32567;1;0;[0.826];[-0.124];7343.62126;400),(125891.76559;[0.8327];[-0.1173];7344.32567;1;0;[0.826];[-0.124];7343.62126;400),(127912.86731;[0.6716];[-0.2784];10821.38906;1;0;[0.6688];[-0.2812];10834.05397;400),(129597.13483;[0.774];[-0.176];10372.08582;1;0;[0.77];[-0.18];10359.90324;400),(131587.85129;[0.8363];[-0.1137];9883.29803;1;0;[0.8335];[-0.1165];9874.36148;400),(133327.27933;[0.8612];[-0.0888];9286.71251;1;0;[0.8574];[-0.0926];9279.05870;400),(135528.92375;[0.8789];[-0.0711];8898.79253;1;0;[0.8735];[-0.0765];8893.25576;400),(137318.28785;[0.885];[-0.065];8420.22476;1;0;[0.8818];[-0.0682];8417.97205;400),(139090.05165;[0.8327];[-0.1173];7344.32567;1;0;[0.826];[-0.124];7343.62126;400),(139736.72009;[0.8327];[-0.1173];7344.32567;1;0;[0.826];[-0.124];7343.62126;400),(141861.58156;[0.6716];[-0.2784];10821.38906;1;0;[0.6688];[-0.2812];10834.05397;400),(143767.15589;[0.8022];[-0.1478];10349.18633;1;0;[0.7966];[-0.1534];10338.02634;400),(145258.25429;[0.8363];[-0.1137];9883.29803;1;0;[0.8335];[-0.1165];9874.36148;400),(147022.07804;[0.8612];[-0.0888];9286.71251;1;0;[0.8574];[-0.0926];9279.05870;400),(148969.98644;[0.8789];[-0.0711];8898.79253;1;0;[0.8735];[-0.0765];8893.25576;400),(151545.15147;[0.885];[-0.065];8420.22476;1;0;[0.8818];[-0.0682];8417.97205;400),(153141.05749;[0.8327];[-0.1173];7344.32567;1;0;[0.826];[-0.124];7343.62126;400),(155522.53270;[0.6716];[-0.2784];10821.38906;1;0;[0.6688];[-0.2812];10834.05397;400),(157675.34065;[0.8022];[-0.1478];10349.18633;1;0;[0.7966];[-0.1534];10338.02634;400),(159447.73960;[0.8363];[-0.1137];9883.29803;1;0;[0.8335];[-0.1165];9874.36148;400),(161232.15485;[0.8612];[-0.0888];9286.71251;1;0;[0.8574];[-0.0926];9279.05870;400),(163221.31896;[0.8789];[-0.0711];8898.79253;1;0;[0.8735];[-0.0765];8893.25576;400),(165116.29820;[0.885];[-0.065];8420.22476;1;0;[0.8818];[-0.0682];8417.97205;400),(168557.24001;[0.8785];[-0.0715];8042.46945;1;0;[0.8733];[-0.0767];8041.08612;400),(169040.72332;[0.869];[-0.081];7824.63865;1;0;[0.8632];[-0.0868];7823.73822;400),(169406.84676;[0.8569];[-0.0931];7589.74750;1;0;[0.8515];[-0.0985];7589.08824;400),(169848.35982;[0.8538];[-0.0962];7580.98643;1;0;[0.8483];[-0.1017];7580.24551;400),(170437.23536;[0.8527];[-0.0973];7569.38321;1;0;[0.8476];[-0.1024];7568.64972;400),(172769.75131;[0.6716];[-0.2784];10821.38906;1;0;[0.6688];[-0.2812];10834.05397;400),(174994.49062;[0.8022];[-0.1478];10349.18633;1;0;[0.7966];[-0.1534];10338.02634;400),(176926.27668;[0.8363];[-0.1137];9883.29803;1;0;[0.8335];[-0.1165];9874.36148;400),(178889.49919;[0.8612];[-0.0888];9286.71251;1;0;[0.8574];[-0.0926];9279.05870;400),(181235.05521;[0.8797];[-0.0703];8902.04769;1;0;[0.8748];[-0.0752];8896.59003;400),(182735.30006;[0.8859];[-0.0641];8428.89317;1;0;[0.8829];[-0.0671];8426.66514;400),(185704.66113;[0.8764];[-0.0736];8046.98602;1;0;[0.8703];[-0.0797];8045.57852;400),(186095.97945;[0.8712];[-0.0788];7836.56662;1;0;[0.866];[-0.084];7835.71556;400),(186423.31958;[0.8547];[-0.0953];7587.56228;1;0;[0.8494];[-0.1006];7586.85739;400),(187111.50646;[0.8538];[-0.0962];7580.98643;1;0;[0.8483];[-0.1017];7580.24551;400),(187476.98617;[0.8538];[-0.0962];7580.98643;1;0;[0.8483];[-0.1017];7580.24551;400),(187862.44440;[0.8538];[-0.0962];7580.98643;1;0;[0.8483];[-0.1017];7580.24551;400),(190155.81226;[0.6716];[-0.2784];10821.38906;1;0;[0.6688];[-0.2812];10834.05397;400),(192586.22026;[0.7773];[-0.1727];10349.62418;1;0;[0.7733];[-0.1767];10337.57222;400),(194332.80301;[0.8358];[-0.1142];9872.81666;1;0;[0.8333];[-0.1167];9862.34236;400),(195943.42852;[0.8666];[-0.0834];9265.36907;1;0;[0.8622];[-0.0878];9258.62290;400),(197739.91275;[0.8797];[-0.0703];8903.02310;1;0;[0.8752];[-0.0748];8897.57714;400),(199284.61599;[0.8861];[-0.0639];8431.00900;1;0;[0.883];[-0.067];8428.75099;400),(202544.69776;[0.8785];[-0.0715];8053.96314;1;0;[0.8736];[-0.0764];8052.61450;400),(203155.52831;[0.8703];[-0.0797];7837.93678;1;0;[0.8651];[-0.0849];7837.07655;400),(203453.64118;[0.8547];[-0.0953];7587.56228;1;0;[0.8494];[-0.1006];7586.85739;400),(204069.61823;[0.8538];[-0.0962];7580.98643;1;0;[0.8483];[-0.1017];7580.24551;400),(204451.54500;[0.8538];[-0.0962];7580.98643;1;0;[0.8483];[-0.1017];7580.24551;400),(204743.34431;[0.8538];[-0.0962];7580.98643;1;0;[0.8483];[-0.1017];7580.24551;400),(206844.26284;[0.6716];[-0.2784];10821.38906;1;0;[0.6688];[-0.2812];10834.05397;400),(208891.95633;[0.7702];[-0.1798];10352.19547;1;0;[0.7665];[-0.1835];10339.55960;400),(210760.95653;[0.8359];[-0.1141];9872.36199;1;0;[0.8334];[-0.1166];9861.89263;400),(212597.52846;[0.8666];[-0.0834];9265.36907;1;0;[0.8622];[-0.0878];9258.62290;400),(214222.04638;[0.8774];[-0.0726];8964.08680;1;0;[0.8722];[-0.0778];8958.47140;400),(215777.93956;[0.8865];[-0.0635];8433.39999;1;0;[0.8836];[-0.0664];8431.17488;400),(217554.38995;[0.8538];[-0.0962];7580.98643;1;0;[0.8483];[-0.1017];7580.24551;400),(218575.77348;[0.8538];[-0.0962];7580.98643;1;0;[0.8483];[-0.1017];7580.24551;400),(220536.60274;[0.6716];[-0.2784];10821.38906;1;0;[0.6688];[-0.2812];10834.05397;400),(222231.38118;[0.7985];[-0.1515];10337.20592;1;0;[0.7924];[-0.1576];10325.81342;400),(224012.88486;[0.8358];[-0.1142];9872.81666;1;0;[0.8333];[-0.1167];9862.34236;400),(225903.00274;[0.8666];[-0.0834];9265.36907;1;0;[0.8622];[-0.0878];9258.62290;400),(227803.89667;[0.8774];[-0.0726];8964.08680;1;0;[0.8722];[-0.0778];8958.47140;400),(230434.40843;[0.8865];[-0.0635];8433.39999;1;0;[0.8836];[-0.0664];8431.17488;400),(232055.39179;[0.8538];[-0.0962];7580.98643;1;0;[0.8483];[-0.1017];7580.24551;400),(232851.03559;[0.8538];[-0.0962];7580.98643;1;0;[0.8483];[-0.1017];7580.24551;400),(234449.07069;[0.6716];[-0.2784];10821.38906;1;0;[0.6688];[-0.2812];10834.05397;400),(235959.92398;[0.7985];[-0.1515];10337.20592;1;0;[0.7924];[-0.1576];10325.81342;400),(237621.11378;[0.8359];[-0.1141];9872.36199;1;0;[0.8334];[-0.1166];9861.89263;400),(239159.50608;[0.8666];[-0.0834];9265.36907;1;0;[0.8622];[-0.0878];9258.62290;400),(241356.10056;[0.8774];[-0.0726];8964.08680;1;0;[0.8722];[-0.0778];8958.47140;400),(243024.17278;[0.8865];[-0.0635];8433.39999;1;0;[0.8836];[-0.0664];8431.17488;400),(244605.38244;[0.8538];[-0.0962];7580.98643;1;0;[0.8483];[-0.1017];7580.24551;400),(247232.43022;[0.6716];[-0.2784];10821.38906;1;0;[0.6688];[-0.2812];10834.05397;400),(248823.33541;[0.7985];[-0.1515];10337.20592;1;0;[0.7924];[-0.1576];10325.81342;400),(250447.08180;[0.8358];[-0.1142];9872.81666;1;0;[0.8333];[-0.1167];9862.34236;400),(252285.02488;[0.8666];[-0.0834];9265.36907;1;0;[0.8622];[-0.0878];9258.62290;400),(253988.23524;[0.8774];[-0.0726];8964.08680;1;0;[0.8722];[-0.0778];8958.47140;400),(255436.92946;[0.8865];[-0.0635];8433.39999;1;0;[0.8836];[-0.0664];8431.17488;400),(258653.78523;[0.8797];[-0.0703];8056.10518;1;0;[0.8743];[-0.0757];8054.77385;400),(259137.94088;[0.8714];[-0.0786];7840.54615;1;0;[0.8659];[-0.0841];7839.71799;400),(259442.30914;[0.8538];[-0.0962];7580.98643;1;0;[0.8483];[-0.1017];7580.24551;400),(262091.92014;[0.6716];[-0.2784];10821.38906;1;0;[0.6688];[-0.2812];10834.05397;400),(264718.16707;[0.8016];[-0.1484];10323.47064;1;0;[0.7952];[-0.1548];10311.07500;400),(266599.22266;[0.838];[-0.112];9848.24365;1;0;[0.8361];[-0.1139];9838.49396;400),(268202.08216;[0.8666];[-0.0834];9265.36907;1;0;[0.8622];[-0.0878];9258.62290;400),(269580.66440;[0.8795];[-0.0705];8978.21566;1;0;[0.8736];[-0.0764];8972.68910;400),(271243.84260;[0.8873];[-0.0627];8434.15903;1;0;[0.8851];[-0.0649];8431.95708;400),(274368.75057;[0.8813];[-0.0687];8060.63301;1;0;[0.8774];[-0.0726];8059.30954;400),(274717.57221;[0.8739];[-0.0761];8022.33351;1;0;[0.8676];[-0.0824];8020.82770;400),(275066.65111;[0.8679];[-0.0821];7819.84009;1;0;[0.8626];[-0.0874];7818.91108;400),(275407.28378;[0.8667];[-0.0833];7814.85242;1;0;[0.8613];[-0.0887];7813.88636;400),(275795.42303;[0.8667];[-0.0833];7814.85242;1;0;[0.8613];[-0.0887];7813.88636;400),(277778.47791;[0.6666];[-0.2834];10822.14541;1;0;[0.6648];[-0.2852];10832.97939;400),(279729.09904;[0.8027];[-0.1473];10323.52791;1;0;[0.7968];[-0.1532];10311.16850;400),(281264.52374;[0.848];[-0.102];9843.16655;1;0;[0.8452];[-0.1048];9834.70651;400),(282981.18711;[0.8666];[-0.0834];9265.36907;1;0;[0.8622];[-0.0878];9258.62290;400),(284445.36257;[0.8801];[-0.0699];8980.88810;1;0;[0.8741];[-0.0759];8975.39225;400),(286317.36422;[0.8856];[-0.0644];8434.89447;1;0;[0.8825];[-0.0675];8432.65287;400),(289025.69389;[0.88];[-0.07];8227.83694;1;0;[0.8758];[-0.0742];8225.89164;400),(289353.37734;[0.8768];[-0.0732];8041.10154;1;0;[0.8709];[-0.0791];8039.68432;400),(289642.99631;[0.8679];[-0.0821];7819.84009;1;0;[0.8626];[-0.0874];7818.91108;400),(289996.77992;[0.8667];[-0.0833];7814.85242;1;0;[0.8613];[-0.0887];7813.88636;400),(290380.84197;[0.8667];[-0.0833];7814.85242;1;0;[0.8613];[-0.0887];7813.88636;400),(292069.54408;[0.6695];[-0.2805];10819.45688;1;0;[0.6669];[-0.2831];10829.98649;400),(293947.24822;[0.7931];[-0.1569];10319.73676;1;0;[0.7875];[-0.1625];10307.80959;400),(295551.77641;[0.848];[-0.102];9843.16655;1;0;[0.8452];[-0.1048];9834.70651;400),(297556.23007;[0.8622];[-0.0878];9272.78868;1;0;[0.8592];[-0.0908];9264.90981;400),(299386.08479;[0.8804];[-0.0696];8982.31439;1;0;[0.8746];[-0.0754];8976.85612;400),(300838.12118;[0.8838];[-0.0662];8572.30966;1;0;[0.8805];[-0.0695];8569.05267;400),(303625.32234;[0.8814];[-0.0686];8231.57228;1;0;[0.8766];[-0.0734];8229.66333;400),(304001.64437;[0.8768];[-0.0732];8041.10154;1;0;[0.8709];[-0.0791];8039.68432;400),(304534.61170;[0.8712];[-0.0788];7836.56662;1;0;[0.866];[-0.084];7835.71556;400),(304906.78382;[0.8697];[-0.0803];7822.33553;1;0;[0.8639];[-0.0861];7821.45297;400),(305200.32525;[0.8674];[-0.0826];7821.03726;1;0;[0.8624];[-0.0876];7820.10099;400),(305480.09372;[0.8679];[-0.0821];7819.84009;1;0;[0.8626];[-0.0874];7818.91108;400),(305733.40368;[0.8679];[-0.0821];7819.84009;1;0;[0.8626];[-0.0874];7818.91108;400),(306059.64518;[0.8667];[-0.0833];7814.85242;1;0;[0.8613];[-0.0887];7813.88636;400),(306326.13015;[0.8667];[-0.0833];7814.85242;1;0;[0.8613];[-0.0887];7813.88636;400),(307880.82814;[0.6695];[-0.2805];10819.45688;1;0;[0.6669];[-0.2831];10829.98649;400),(309813.21263;[0.7844];[-0.1656];10318.74968;1;0;[0.7794];[-0.1706];10307.57456;400),(311455.01709;[0.848];[-0.102];9843.16655;1;0;[0.8452];[-0.1048];9834.70651;400),(312935.76336;[0.8624];[-0.0876];9274.31331;1;0;[0.8598];[-0.0902];9266.47095;400),(314438.95197;[0.8803];[-0.0697];8986.88032;1;0;[0.874];[-0.076];8981.42869;400),(315993.68191;[0.8849];[-0.0651];8582.57457;1;0;[0.8819];[-0.0681];8579.36865;400),(317472.72682;[0.8667];[-0.0833];7814.85242;1;0;[0.8613];[-0.0887];7813.88636;400),(318242.75970;[0.8667];[-0.0833];7814.85242;1;0;[0.8613];[-0.0887];7813.88636;400),(320190.33575;[0.6695];[-0.2805];10819.45688;1;0;[0.6669];[-0.2831];10829.98649;400),(322268.45312;[0.7844];[-0.1656];10318.74968;1;0;[0.7794];[-0.1706];10307.57456;400),(323913.37228;[0.848];[-0.102];9843.16655;1;0;[0.8452];[-0.1048];9834.70651;400),(325381.19745;[0.8624];[-0.0876];9274.31331;1;0;[0.8598];[-0.0902];9266.47095;400),(326871.58871;[0.8803];[-0.0697];8986.88032;1;0;[0.874];[-0.076];8981.42869;400),(328360.98409;[0.8849];[-0.0651];8582.57457;1;0;[0.8819];[-0.0681];8579.36865;400),(329822.71552;[0.8667];[-0.0833];7814.85242;1;0;[0.8613];[-0.0887];7813.88636;400),(332061.51533;[0.6778];[-0.2722];10814.93492;1;0;[0.6745];[-0.2755];10825.88643;400),(333633.56900;[0.7972];[-0.1528];10308.89962;1;0;[0.7916];[-0.1584];10296.33945;400),(335389.83250;[0.8389];[-0.1111];9844.23230;1;0;[0.8372];[-0.1128];9834.50646;400),(337019.95373;[0.8659];[-0.0841];9256.97193;1;0;[0.8612];[-0.0888];9250.16454;400),(338609.85637;[0.8788];[-0.0712];8896.19255;1;0;[0.8734];[-0.0766];8890.66518;400),(340032.08065;[0.8849];[-0.0651];8582.57457;1;0;[0.8819];[-0.0681];8579.36865;400),(342994.05837;[0.8829];[-0.0671];8243.08209;1;0;[0.8781];[-0.0719];8241.20997;400),(343340.45506;[0.8775];[-0.0725];8044.03533;1;0;[0.8721];[-0.0779];8042.64572;400),(343774.79482;[0.8748];[-0.0752];8020.16463;1;0;[0.8682];[-0.0818];8018.67566;400),(344164.03747;[0.8697];[-0.0803];7822.33553;1;0;[0.8639];[-0.0861];7821.45297;400),(344468.79745;[0.8674];[-0.0826];7821.03726;1;0;[0.8624];[-0.0876];7820.10099;400),(344738.75499;[0.8679];[-0.0821];7819.84009;1;0;[0.8626];[-0.0874];7818.91108;400),(345034.93690;[0.8667];[-0.0833];7814.85242;1;0;[0.8613];[-0.0887];7813.88636;400),(345471.80343;[0.8667];[-0.0833];7814.85242;1;0;[0.8613];[-0.0887];7813.88636;400),(346931.83088;[0.6778];[-0.2722];10814.93492;1;0;[0.6745];[-0.2755];10825.88643;400),(348719.94138;[0.7972];[-0.1528];10308.89962;1;0;[0.7916];[-0.1584];10296.33945;400),(350185.33278;[0.8389];[-0.1111];9844.23230;1;0;[0.8372];[-0.1128];9834.50646;400),(352063.95841;[0.8654];[-0.0846];9257.88846;1;0;[0.8608];[-0.0892];9251.03983;400),(353898.24700;[0.8794];[-0.0706];8897.90396;1;0;[0.8741];[-0.0759];8892.41353;400),(355466.97593;[0.8862];[-0.0638];8587.67147;1;0;[0.8833];[-0.0667];8584.53513;400),(356820.61863;[0.8667];[-0.0833];7814.85242;1;0;[0.8613];[-0.0887];7813.88636;400),(358677.96087;[0.6778];[-0.2722];10814.93492;1;0;[0.6745];[-0.2755];10825.88643;400),(360397.63474;[0.7969];[-0.1531];10308.66363;1;0;[0.7913];[-0.1587];10296.05192;400),(361856.93836;[0.8389];[-0.1111];9844.23230;1;0;[0.8372];[-0.1128];9834.50646;400),(363770.33496;[0.8654];[-0.0846];9257.88846;1;0;[0.8608];[-0.0892];9251.03983;400),(365314.82720;[0.8794];[-0.0706];8897.90396;1;0;[0.8741];[-0.0759];8892.41353;400),(366657.75681;[0.8862];[-0.0638];8587.67147;1;0;[0.8833];[-0.0667];8584.53513;400),(369454.73814;[0.8835];[-0.0665];8245.30950;1;0;[0.8791];[-0.0709];8243.47443;400),(369982.91922;[0.8791];[-0.0709];8044.77758;1;0;[0.8742];[-0.0758];8043.42809;400),(370504.17733;[0.8761];[-0.0739];8036.92859;1;0;[0.8697];[-0.0803];8035.47698;400),(370811.38372;[0.8674];[-0.0826];7821.03726;1;0;[0.8624];[-0.0876];7820.10099;400),(371126.80650;[0.8679];[-0.0821];7819.84009;1;0;[0.8626];[-0.0874];7818.91108;400),(371537.17208;[0.8679];[-0.0821];7819.84009;1;0;[0.8626];[-0.0874];7818.91108;400),(371813.32159;[0.8667];[-0.0833];7814.85242;1;0;[0.8613];[-0.0887];7813.88636;400),(374072.63565;[0.6808];[-0.2692];10808.22478;1;0;[0.6772];[-0.2728];10818.87654;400),(376139.37330;[0.7867];[-0.1633];10298.52703;1;0;[0.7817];[-0.1683];10287.06948;400),(377591.02941;[0.8389];[-0.1111];9844.23230;1;0;[0.8372];[-0.1128];9834.50646;400),(379304.17013;[0.866];[-0.084];9260.23155;1;0;[0.8616];[-0.0884];9253.42963;400),(381075.76871;[0.8795];[-0.0705];8898.37683;1;0;[0.8744];[-0.0756];8892.90189;400),(383072.53838;[0.8862];[-0.0638];8589.09963;1;0;[0.8835];[-0.0665];8585.97406;400),(386252.70438;[0.884];[-0.066];8246.55849;1;0;[0.8802];[-0.0698];8244.74351;400),(386850.11983;[0.8764];[-0.0736];8046.98602;1;0;[0.8703];[-0.0797];8045.57852;400),(387220.29638;[0.8768];[-0.0732];8041.10154;1;0;[0.8709];[-0.0791];8039.68432;400),(387614.37058;[0.8748];[-0.0752];8020.16463;1;0;[0.8682];[-0.0818];8018.67566;400),(387886.39688;[0.8667];[-0.0833];7814.85242;1;0;[0.8613];[-0.0887];7813.88636;400),(389717.12971;[0.6808];[-0.2692];10808.22478;1;0;[0.6772];[-0.2728];10818.87654;400),(391643.85486;[0.78];[-0.17];10299.91201;1;0;[0.7751];[-0.1749];10288.31198;400),(393129.00782;[0.8389];[-0.1111];9844.23230;1;0;[0.8372];[-0.1128];9834.50646;400),(394585.42919;[0.8664];[-0.0836];9262.61128;1;0;[0.8624];[-0.0876];9255.84485;400),(396431.44393;[0.8789];[-0.0711];8900.23880;1;0;[0.8732];[-0.0768];8894.74904;400),(398442.40808;[0.8865];[-0.0635];8593.78137;1;0;[0.8836];[-0.0664];8590.67404;400),(401237.20002;[0.8838];[-0.0662];8249.64065;1;0;[0.8794];[-0.0706];8247.82183;400),(401642.00592;[0.8791];[-0.0709];8053.94114;1;0;[0.8743];[-0.0757];8052.59535;400),(402089.07819;[0.8775];[-0.0725];8044.03533;1;0;[0.8721];[-0.0779];8042.64572;400),(402394.96613;[0.8768];[-0.0732];8041.10154;1;0;[0.8709];[-0.0791];8039.68432;400),(402721.62485;[0.8751];[-0.0749];8030.51530;1;0;[0.8689];[-0.0811];8029.02939;400),(403138.64326;[0.8748];[-0.0752];8020.16463;1;0;[0.8682];[-0.0818];8018.67566;400),(404995.57281;[0.6833];[-0.2667];10800.23774;1;0;[0.679];[-0.271];10810.72517;400),(406720.68739;[0.8182];[-0.1318];10281.49236;1;0;[0.8146];[-0.1354];10271.19835;400),(408239.49456;[0.8411];[-0.1089];9819.69986;1;0;[0.8388];[-0.1112];9810.76075;400),(409804.95548;[0.8666];[-0.0834];9263.73883;1;0;[0.8627];[-0.0873];9257.00752;400),(411321.74087;[0.8784];[-0.0716];8967.56122;1;0;[0.8727];[-0.0773];8961.98549;400),(412801.07307;[0.8865];[-0.0635];8594.63462;1;0;[0.8837];[-0.0663];8591.53462;400),(415589.09702;[0.8841];[-0.0659];8252.39707;1;0;[0.8803];[-0.0697];8250.59338;400),(416001.00160;[0.8791];[-0.0709];8053.94114;1;0;[0.8743];[-0.0757];8052.59535;400),(416373.19255;[0.8748];[-0.0752];8020.16463;1;0;[0.8682];[-0.0818];8018.67566;400),(419462.13579;[0.6865];[-0.2635];10791.60542;1;0;[0.6818];[-0.2682];10802.78870;400),(421222.91875;[0.8002];[-0.1498];10289.98340;1;0;[0.7945];[-0.1555];10276.49965;400),(422696.07806;[0.8411];[-0.1089];9819.69986;1;0;[0.8388];[-0.1112];9810.76075;400),(424287.96864;[0.8666];[-0.0834];9263.73883;1;0;[0.8627];[-0.0873];9257.00752;400),(425629.65584;[0.8795];[-0.0705];8978.21566;1;0;[0.8736];[-0.0764];8972.68910;400),(427360.45074;[0.8865];[-0.0635];8594.63462;1;0;[0.8837];[-0.0663];8591.53462;400),(430667.85383;[0.8841];[-0.0659];8252.39707;1;0;[0.8803];[-0.0697];8250.59338;400),(431114.19797;[0.8791];[-0.0709];8053.94114;1;0;[0.8743];[-0.0757];8052.59535;400),(431476.89724;[0.8775];[-0.0725];8044.03533;1;0;[0.8721];[-0.0779];8042.64572;400),(431763.94844;[0.8768];[-0.0732];8041.10154;1;0;[0.8709];[-0.0791];8039.68432;400),(432127.36535;[0.8761];[-0.0739];8036.92859;1;0;[0.8697];[-0.0803];8035.47698;400),(432502.70844;[0.8748];[-0.0752];8020.16463;1;0;[0.8682];[-0.0818];8018.67566;400),(433046.07558;[0.8748];[-0.0752];8020.16463;1;0;[0.8682];[-0.0818];8018.67566;400),(434926.26214;[0.6865];[-0.2635];10791.60542;1;0;[0.6818];[-0.2682];10802.78870;400),(436523.20528;[0.8208];[-0.1292];10267.67456;1;0;[0.8173];[-0.1327];10256.39049;400),(438115.38291;[0.8405];[-0.1095];9820.60848;1;0;[0.8385];[-0.1115];9811.66369;400),(439517.04955;[0.8666];[-0.0834];9263.73883;1;0;[0.8627];[-0.0873];9257.00752;400),(440932.00493;[0.8801];[-0.0699];8980.88810;1;0;[0.8741];[-0.0759];8975.39225;400),(442571.96784;[0.8867];[-0.0633];8596.23667;1;0;[0.8835];[-0.0665];8593.12070;400),(445780.78628;[0.8841];[-0.0659];8252.39707;1;0;[0.8803];[-0.0697];8250.59338;400),(446172.36662;[0.8809];[-0.0691];8227.50765;1;0;[0.8764];[-0.0736];8225.56745;400),(446586.06052;[0.8775];[-0.0725];8044.03533;1;0;[0.8721];[-0.0779];8042.64572;400),(446887.35580;[0.8768];[-0.0732];8041.10154;1;0;[0.8709];[-0.0791];8039.68432;400),(447221.72999;[0.8751];[-0.0749];8030.51530;1;0;[0.8689];[-0.0811];8029.02939;400),(447785.39658;[0.8748];[-0.0752];8020.16463;1;0;[0.8682];[-0.0818];8018.67566;400),(448076.15185;[0.8748];[-0.0752];8020.16463;1;0;[0.8682];[-0.0818];8018.67566;400),(449785.20870;[0.6958];[-0.2542];10785.25717;1;0;[0.6939];[-0.2561];10795.46558;400),(451662.32204;[0.8208];[-0.1292];10267.67456;1;0;[0.8173];[-0.1327];10256.39049;400),(453179.97622;[0.8405];[-0.1095];9820.60848;1;0;[0.8385];[-0.1115];9811.66369;400),(454829.43130;[0.8666];[-0.0834];9263.73883;1;0;[0.8627];[-0.0873];9257.00752;400),(456334.33414;[0.8804];[-0.0696];8982.31439;1;0;[0.8746];[-0.0754];8976.85612;400),(457878.83925;[0.8871];[-0.0629];8598.04557;1;0;[0.8848];[-0.0652];8594.96169;400),(459360.98409;[0.8748];[-0.0752];8020.16463;1;0;[0.8682];[-0.0818];8018.67566;400),(460208.87399;[0.8748];[-0.0752];8020.16463;1;0;[0.8682];[-0.0818];8018.67566;400),(462887.52437;[0.6994];[-0.2506];10773.70522;1;0;[0.6957];[-0.2543];10783.44224;400),(464262.99667;[0.813];[-0.137];10266.52963;1;0;[0.8081];[-0.1419];10255.93340;400),(465903.25093;[0.8424];[-0.1076];9816.22138;1;0;[0.8398];[-0.1102];9807.32602;400),(467546.28468;[0.8663];[-0.0837];9247.18931;1;0;[0.8624];[-0.0876];9240.12819;400),(469198.28868;[0.8804];[-0.0696];8982.31439;1;0;[0.8746];[-0.0754];8976.85612;400),(470818.53580;[0.8871];[-0.0629];8598.04557;1;0;[0.8848];[-0.0652];8594.96169;400),(472677.55866;[0.8748];[-0.0752];8020.16463;1;0;[0.8682];[-0.0818];8018.67566;400),(473883.03185;[0.8748];[-0.0752];8020.16463;1;0;[0.8682];[-0.0818];8018.67566;400),(476827.03757;[0.6994];[-0.2506];10773.70522;1;0;[0.6957];[-0.2543];10783.44224;400),(478366.80341;[0.813];[-0.137];10266.52963;1;0;[0.8081];[-0.1419];10255.93340;400),(480000.51975;[0.8424];[-0.1076];9816.22138;1;0;[0.8398];[-0.1102];9807.32602;400),(481536.14640;[0.8663];[-0.0837];9247.18931;1;0;[0.8624];[-0.0876];9240.12819;400),(483262.21657;[0.8804];[-0.0696];8982.31439;1;0;[0.8746];[-0.0754];8976.85612;400),(484689.24451;[0.8871];[-0.0629];8598.04557;1;0;[0.8848];[-0.0652];8594.96169;400),(486149.71042;[0.8748];[-0.0752];8020.16463;1;0;[0.8682];[-0.0818];8018.67566;400),(487158.50115;[0.8748];[-0.0752];8020.16463;1;0;[0.8682];[-0.0818];8018.67566;400),(489515.94710;[0.6948];[-0.2552];10771.27927;1;0;[0.6918];[-0.2582];10781.94235;400),(491061.26022;[0.813];[-0.137];10266.52963;1;0;[0.8081];[-0.1419];10255.93340;400),(492441.08486;[0.8424];[-0.1076];9816.22138;1;0;[0.8398];[-0.1102];9807.32602;400),(493961.70354;[0.8663];[-0.0837];9247.18931;1;0;[0.8624];[-0.0876];9240.12819;400),(495803.28655;[0.8804];[-0.0696];8982.31439;1;0;[0.8746];[-0.0754];8976.85612;400),(497376.09649;[0.8871];[-0.0629];8598.04557;1;0;[0.8848];[-0.0652];8594.96169;400),(499103.26242;[0.8748];[-0.0752];8020.16463;1;0;[0.8682];[-0.0818];8018.67566;400),(500110.50200;[0.8748];[-0.0752];8020.16463;1;0;[0.8682];[-0.0818];8018.67566;400),(502035.73847;[0.6948];[-0.2552];10771.27927;1;0;[0.6918];[-0.2582];10781.94235;400),(503648.70453;[0.813];[-0.137];10266.52963;1;0;[0.8081];[-0.1419];10255.93340;400),(505118.44921;[0.8424];[-0.1076];9816.22138;1;0;[0.8398];[-0.1102];9807.32602;400),(506673.30170;[0.8663];[-0.0837];9247.18931;1;0;[0.8624];[-0.0876];9240.12819;400),(508267.22693;[0.8804];[-0.0696];8982.31439;1;0;[0.8746];[-0.0754];8976.85612;400),(509981.56595;[0.8871];[-0.0629];8598.04557;1;0;[0.8848];[-0.0652];8594.96169;400),(511495.44978;[0.8748];[-0.0752];8020.16463;1;0;[0.8682];[-0.0818];8018.67566;400),(512423.43378;[0.8748];[-0.0752];8020.16463;1;0;[0.8682];[-0.0818];8018.67566;400),(514174.08991;[0.7836];[-0.1664];10769.82311;1;0;[0.7781];[-0.1719];10779.40171;400),(516177.99592;[0.825];[-0.125];10250.41158;1;0;[0.8209];[-0.1291];10238.39249;400),(517689.83388;[0.8424];[-0.1076];9816.22138;1;0;[0.8398];[-0.1102];9807.32602;400),(519286.33547;[0.8663];[-0.0837];9247.18931;1;0;[0.8624];[-0.0876];9240.12819;400),(521122.60056;[0.8804];[-0.0696];8982.31439;1;0;[0.8746];[-0.0754];8976.85612;400),(522797.37329;[0.8871];[-0.0629];8598.04557;1;0;[0.8848];[-0.0652];8594.96169;400),(524554.69251;[0.8748];[-0.0752];8020.16463;1;0;[0.8682];[-0.0818];8018.67566;400),(525460.08849;[0.8748];[-0.0752];8020.16463;1;0;[0.8682];[-0.0818];8018.67566;400),(527247.02144;[0.7836];[-0.1664];10769.82311;1;0;[0.7781];[-0.1719];10779.40171;400),(529081.43640;[0.825];[-0.125];10250.41158;1;0;[0.8209];[-0.1291];10238.39249;400),(530752.71702;[0.8424];[-0.1076];9816.22138;1;0;[0.8398];[-0.1102];9807.32602;400),(532542.46736;[0.8663];[-0.0837];9247.18931;1;0;[0.8624];[-0.0876];9240.12819;400),(534296.73362;[0.8804];[-0.0696];8982.31439;1;0;[0.8746];[-0.0754];8976.85612;400),(535914.50763;[0.8871];[-0.0629];8598.04557;1;0;[0.8848];[-0.0652];8594.96169;400),(537447.53933;[0.8748];[-0.0752];8020.16463;1;0;[0.8682];[-0.0818];8018.67566;400),(538397.25614;[0.8748];[-0.0752];8020.16463;1;0;[0.8682];[-0.0818];8018.67566;400),(540291.83817;[0.7876];[-0.1624];10766.07036;1;0;[0.7841];[-0.1659];10775.32067;400),(542310.05549;[0.825];[-0.125];10250.41158;1;0;[0.8209];[-0.1291];10238.39249;400),(544012.47787;[0.8424];[-0.1076];9816.22138;1;0;[0.8398];[-0.1102];9807.32602;400),(545654.38533;[0.8663];[-0.0837];9247.18931;1;0;[0.8624];[-0.0876];9240.12819;400),(547505.00703;[0.8804];[-0.0696];8982.31439;1;0;[0.8746];[-0.0754];8976.85612;400),(549257.52378;[0.8871];[-0.0629];8598.04557;1;0;[0.8848];[-0.0652];8594.96169;400),(550779.93155;[0.8748];[-0.0752];8020.16463;1;0;[0.8682];[-0.0818];8018.67566;400),(551697.76702;[0.8748];[-0.0752];8020.16463;1;0;[0.8682];[-0.0818];8018.67566;400),(553481.14800;[0.7876];[-0.1624];10766.07036;1;0;[0.7841];[-0.1659];10775.32067;400),(555526.82137;[0.825];[-0.125];10250.41158;1;0;[0.8209];[-0.1291];10238.39249;400),(556979.37369;[0.8424];[-0.1076];9816.22138;1;0;[0.8398];[-0.1102];9807.32602;400),(558693.33506;[0.8663];[-0.0837];9247.18931;1;0;[0.8624];[-0.0876];9240.12819;400),(560196.29526;[0.8804];[-0.0696];8982.31439;1;0;[0.8746];[-0.0754];8976.85612;400),(561884.14359;[0.8871];[-0.0629];8598.04557;1;0;[0.8848];[-0.0652];8594.96169;400),(563505.74636;[0.8748];[-0.0752];8020.16463;1;0;[0.8682];[-0.0818];8018.67566;400),(564334.34224;[0.8748];[-0.0752];8020.16463;1;0;[0.8682];[-0.0818];8018.67566;400),(566732.90086;[0.8246];[-0.1254];10759.14904;1;0;[0.8188];[-0.1312];10768.52290;400),(568229.96473;[0.8159];[-0.1341];10248.56051;1;0;[0.8113];[-0.1387];10236.91257;400),(570165.95101;[0.8405];[-0.1095];9748.62547;1;0;[0.8379];[-0.1121];9739.61140;400),(571946.93041;[0.8663];[-0.0837];9247.18931;1;0;[0.8624];[-0.0876];9240.12819;400),(573560.90641;[0.8804];[-0.0696];8982.31439;1;0;[0.8746];[-0.0754];8976.85612;400),(575090.44695;[0.8871];[-0.0629];8598.04557;1;0;[0.8848];[-0.0652];8594.96169;400),(576679.56734;[0.8748];[-0.0752];8020.16463;1;0;[0.8682];[-0.0818];8018.67566;400),(577752.37417;[0.8748];[-0.0752];8020.16463;1;0;[0.8682];[-0.0818];8018.67566;400),(580173.93494;[0.8246];[-0.1254];10759.14904;1;0;[0.8188];[-0.1312];10768.52290;400),(581662.44912;[0.8159];[-0.1341];10248.56051;1;0;[0.8113];[-0.1387];10236.91257;400),(583550.87686;[0.8405];[-0.1095];9748.62547;1;0;[0.8379];[-0.1121];9739.61140;400),(585505.90396;[0.8663];[-0.0837];9247.18931;1;0;[0.8624];[-0.0876];9240.12819;400),(587061.41424;[0.8804];[-0.0696];8982.31439;1;0;[0.8746];[-0.0754];8976.85612;400),(588470.38531;[0.8871];[-0.0629];8598.04557;1;0;[0.8848];[-0.0652];8594.96169;400),(590124.28069;[0.8748];[-0.0752];8020.16463;1;0;[0.8682];[-0.0818];8018.67566;400),(591081.80285;[0.8748];[-0.0752];8020.16463;1;0;[0.8682];[-0.0818];8018.67566;400),(592862.37574;[0.7925];[-0.1575];10762.49912;1;0;[0.789];[-0.161];10772.56492;400),(594412.11343;[0.8159];[-0.1341];10248.56051;1;0;[0.8113];[-0.1387];10236.91257;400),(596248.27266;[0.8405];[-0.1095];9748.62547;1;0;[0.8379];[-0.1121];9739.61140;400),(597720.07942;[0.8663];[-0.0837];9247.18931;1;0;[0.8624];[-0.0876];9240.12819;400),(599470.98207;[0.8804];[-0.0696];8982.31439;1;0;[0.8746];[-0.0754];8976.85612;400)]"
5,7,8322.247645577167,0.86124,1,0,[0.6853],[-0.2647],600526.5831947327,"[(4277.06456;[0.5299];[-0.4201];9639.96397;1;0;[0.5299];[-0.4201];9639.96397;100),(6104.53701;[0.5299];[-0.4201];9639.96397;1;0;[0.5299];[-0.4201];9639.96397;100),(8054.03614;[0.5457];[-0.4043];9635.29162;1;0;[0.5457];[-0.4043];9635.29162;200),(8952.83556;[0.5457];[-0.4043];9635.29162;1;0;[0.5457];[-0.4043];9635.29162;200),(9866.09912;[0.5457];[-0.4043];9635.29162;1;0;[0.5457];[-0.4043];9635.29162;200),(10786.99994;[0.5457];[-0.4043];9635.29162;1;0;[0.5457];[-0.4043];9635.29162;200),(11761.92832;[0.5457];[-0.4043];9635.29162;1;0;[0.5457];[-0.4043];9635.29162;200),(13320.77765;[0.5632];[-0.3868];9602.26053;1;0;[0.5632];[-0.3868];9602.26053;200),(14066.50996;[0.6853];[-0.2647];8322.24765;1;0;[0.6853];[-0.2647];8322.24765;200),(14596.94719;[0.6196];[-0.3304];7658.55398;1;0;[0.6196];[-0.3304];7658.55398;200),(14936.15937;[0.5513];[-0.3987];7293.57381;1;0;[0.5513];[-0.3987];7293.57381;200),(15329.83780;[0.4926];[-0.4574];7043.71501;1;0;[0.4926];[-0.4574];7043.71501;200),(15693.50290;[0.3446];[-0.6054];6605.88047;1;0;[0.3446];[-0.6054];6605.88047;200),(16083.63318;[0.3405];[-0.6095];6590.80308;1;0;[0.3405];[-0.6095];6590.80308;200),(16535.01654;[0.3378];[-0.6122];6579.87582;1;0;[0.3378];[-0.6122];6579.87582;200),(16980.86095;[0.3342];[-0.6158];6564.14933;1;0;[0.3342];[-0.6158];6564.14933;200),(17641.34598;[0.3342];[-0.6158];6564.14933;1;0;[0.3342];[-0.6158];6564.14933;200),(18366.25123;[0.3333];[-0.6167];6557.14945;1;0;[0.3333];[-0.6167];6557.14945;200),(20055.22990;[0.6038];[-0.3462];9564.49246;1;0;[0.6038];[-0.3462];9564.49246;200),(21372.93434;[0.6334];[-0.3166];9202.73816;1;0;[0.6334];[-0.3166];9202.73816;200),(22585.64591;[0.6827];[-0.2673];8820.16763;1;0;[0.6827];[-0.2673];8820.16763;200),(23853.33467;[0.6807];[-0.2693];8223.35813;1;0;[0.6807];[-0.2693];8223.35813;200),(25268.86773;[0.5526];[-0.3974];7296.98460;1;0;[0.5526];[-0.3974];7296.98460;200),(27558.64263;[0.3333];[-0.6167];6557.14945;1;0;[0.3333];[-0.6167];6557.14945;200),(29381.22821;[0.6038];[-0.3462];9564.49246;1;0;[0.6038];[-0.3462];9564.49246;200),(30400.26903;[0.6298];[-0.3202];9214.69867;1;0;[0.6298];[-0.3202];9214.69867;200),(31607.51438;[0.6785];[-0.2715];8844.86082;1;0;[0.6785];[-0.2715];8844.86082;200),(32941.58101;[0.6845];[-0.2655];8317.54199;1;0;[0.6845];[-0.2655];8317.54199;200),(34332.97968;[0.6001];[-0.3499];7509.24039;1;0;[0.6001];[-0.3499];7509.24039;200),(36237.52809;[0.5011];[-0.4489];7080.25404;1;0;[0.5011];[-0.4489];7080.25404;200),(36893.54444;[0.4337];[-0.5163];6854.41131;1;0;[0.4337];[-0.5163];6854.41131;200),(37265.48743;[0.4266];[-0.5234];6826.12008;1;0;[0.4266];[-0.5234];6826.12008;200),(38039.89339;[0.3418];[-0.6082];6594.56761;1;0;[0.3418];[-0.6082];6594.56761;200),(38464.20264;[0.3395];[-0.6105];6586.23283;1;0;[0.3395];[-0.6105];6586.23283;200),(38874.79138;[0.3378];[-0.6122];6579.87582;1;0;[0.3378];[-0.6122];6579.87582;200),(39379.78268;[0.3342];[-0.6158];6564.14933;1;0;[0.3342];[-0.6158];6564.14933;200),(39720.12973;[0.3342];[-0.6158];6564.14933;1;0;[0.3342];[-0.6158];6564.14933;200),(40108.90198;[0.3342];[-0.6158];6564.14933;1;0;[0.3342];[-0.6158];6564.14933;200),(41179.45671;[0.61];[-0.34];9556.55190;1;0;[0.61];[-0.34];9556.55190;200),(42504.71020;[0.6241];[-0.3259];9200.27453;1;0;[0.6241];[-0.3259];9200.27453;200),(43459.77092;[0.6792];[-0.2708];8843.27410;1;0;[0.6792];[-0.2708];8843.27410;200),(44689.70108;[0.6853];[-0.2647];8322.24765;1;0;[0.6853];[-0.2647];8322.24765;200),(45773.57197;[0.6186];[-0.3314];7652.33152;1;0;[0.6186];[-0.3314];7652.33152;200),(46736.97567;[0.3342];[-0.6158];6564.14933;1;0;[0.3342];[-0.6158];6564.14933;200),(47443.61973;[0.3342];[-0.6158];6564.14933;1;0;[0.3342];[-0.6158];6564.14933;200),(48464.78295;[0.61];[-0.34];9556.55190;1;0;[0.61];[-0.34];9556.55190;200),(49937.34479;[0.6241];[-0.3259];9200.27453;1;0;[0.6241];[-0.3259];9200.27453;200),(50835.35242;[0.6792];[-0.2708];8843.27410;1;0;[0.6792];[-0.2708];8843.27410;200),(52466.26687;[0.6853];[-0.2647];8322.24765;1;0;[0.6853];[-0.2647];8322.24765;200),(53599.68972;[0.6186];[-0.3314];7652.33152;1;0;[0.6186];[-0.3314];7652.33152;200),(54958.46772;[0.3342];[-0.6158];6564.14933;1;0;[0.3342];[-0.6158];6564.14933;200),(56945.15634;[0.6162];[-0.3338];9541.71829;1;0;[0.6162];[-0.3338];9541.71829;200),(58344.26093;[0.6241];[-0.3259];9200.27453;1;0;[0.6241];[-0.3259];9200.27453;200),(59432.75976;[0.6792];[-0.2708];8843.27410;1;0;[0.6792];[-0.2708];8843.27410;200),(60880.12600;[0.6853];[-0.2647];8322.24765;1;0;[0.6853];[-0.2647];8322.24765;200),(62181.81849;[0.6186];[-0.3314];7652.33152;1;0;[0.6186];[-0.3314];7652.33152;200),(64042.17792;[0.5017];[-0.4483];7084.59227;1;0;[0.5017];[-0.4483];7084.59227;200),(64548.64025;[0.4337];[-0.5163];6854.41131;1;0;[0.4337];[-0.5163];6854.41131;200),(64894.80186;[0.4263];[-0.5237];6825.64028;1;0;[0.4263];[-0.5237];6825.64028;200),(65200.64712;[0.3392];[-0.6108];6585.96412;1;0;[0.3392];[-0.6108];6585.96412;200),(65784.75904;[0.3378];[-0.6122];6579.87582;1;0;[0.3378];[-0.6122];6579.87582;200),(66273.29874;[0.3342];[-0.6158];6564.14933;1;0;[0.3342];[-0.6158];6564.14933;200),(67653.26023;[0.6157];[-0.3343];9533.34939;1;0;[0.6157];[-0.3343];9533.34939;200),(68851.39060;[0.6228];[-0.3272];9180.66590;1;0;[0.6228];[-0.3272];9180.66590;200),(72341.57848;[0.536];[-0.414];9646.08017;1;0;[0.536];[-0.414];9646.08017;400),(73826.79582;[0.536];[-0.414];9646.08017;1;0;[0.536];[-0.414];9646.08017;400),(75516.86740;[0.536];[-0.414];9646.08017;1;0;[0.536];[-0.414];9646.08017;400),(77090.28101;[0.536];[-0.414];9646.08017;1;0;[0.536];[-0.414];9646.08017;400),(78757.51019;[0.536];[-0.414];9646.08017;1;0;[0.536];[-0.414];9646.08017;400),(80978.34659;[0.5321];[-0.4179];9648.84021;1;0;[0.5321];[-0.4179];9648.84021;400),(82931.75673;[0.5321];[-0.4179];9648.84021;1;0;[0.5321];[-0.4179];9648.84021;400),(83398.63324;[0.6744];[-0.2756];8195.05155;1;0;[0.6744];[-0.2756];8195.05155;400),(83810.88424;[0.5564];[-0.3936];7302.04204;1;0;[0.5564];[-0.3936];7302.04204;400),(84564.39734;[0.3469];[-0.6031];6612.39030;1;0;[0.3469];[-0.6031];6612.39030;400),(84948.33469;[0.3392];[-0.6108];6585.96412;1;0;[0.3392];[-0.6108];6585.96412;400),(85426.65744;[0.2294];[-0.7206];6314.77761;1;0;[0.2294];[-0.7206];6314.77761;400),(85738.38854;[0.2275];[-0.7225];6313.30465;1;0;[0.2275];[-0.7225];6313.30465;400),(86162.33730;[0.2275];[-0.7225];6313.30465;1;0;[0.2275];[-0.7225];6313.30465;400),(86668.36596;[0.2275];[-0.7225];6313.30465;1;0;[0.2275];[-0.7225];6313.30465;400),(88577.33226;[0.5358];[-0.4142];9641.42662;1;0;[0.5358];[-0.4142];9641.42662;400),(90040.59505;[0.6041];[-0.3459];9272.35896;1;0;[0.6041];[-0.3459];9272.35896;400),(92009.87649;[0.6693];[-0.2807];8907.95807;1;0;[0.6693];[-0.2807];8907.95807;400),(93904.11353;[0.6844];[-0.2656];8388.81214;1;0;[0.6844];[-0.2656];8388.81214;400),(96055.71842;[0.6423];[-0.3077];7821.42477;1;0;[0.6423];[-0.3077];7821.42477;400),(98186.89966;[0.5025];[-0.4475];7086.22863;1;0;[0.5025];[-0.4475];7086.22863;400),(99971.06504;[0.2275];[-0.7225];6313.30465;1;0;[0.2275];[-0.7225];6313.30465;400),(100628.74484;[0.2275];[-0.7225];6313.30465;1;0;[0.2275];[-0.7225];6313.30465;400),(102255.51629;[0.5358];[-0.4142];9641.42662;1;0;[0.5358];[-0.4142];9641.42662;400),(103820.74809;[0.6041];[-0.3459];9272.35896;1;0;[0.6041];[-0.3459];9272.35896;400),(105666.13722;[0.6693];[-0.2807];8907.95807;1;0;[0.6693];[-0.2807];8907.95807;400),(107350.94333;[0.6844];[-0.2656];8388.81214;1;0;[0.6844];[-0.2656];8388.81214;400),(109391.37793;[0.6423];[-0.3077];7821.42477;1;0;[0.6423];[-0.3077];7821.42477;400),(111149.94979;[0.5025];[-0.4475];7086.22863;1;0;[0.5025];[-0.4475];7086.22863;400),(112792.13786;[0.2275];[-0.7225];6313.30465;1;0;[0.2275];[-0.7225];6313.30465;400),(113364.17961;[0.2275];[-0.7225];6313.30465;1;0;[0.2275];[-0.7225];6313.30465;400),(114948.45343;[0.5358];[-0.4142];9641.42662;1;0;[0.5358];[-0.4142];9641.42662;400),(116703.88722;[0.6054];[-0.3446];9267.35570;1;0;[0.6054];[-0.3446];9267.35570;400),(118491.24312;[0.6693];[-0.2807];8907.95807;1;0;[0.6693];[-0.2807];8907.95807;400),(120518.51511;[0.6844];[-0.2656];8388.81214;1;0;[0.6844];[-0.2656];8388.81214;400),(122354.69055;[0.6423];[-0.3077];7821.42477;1;0;[0.6423];[-0.3077];7821.42477;400),(124064.62193;[0.5025];[-0.4475];7086.22863;1;0;[0.5025];[-0.4475];7086.22863;400),(125757.59315;[0.2275];[-0.7225];6313.30465;1;0;[0.2275];[-0.7225];6313.30465;400),(126352.32282;[0.2275];[-0.7225];6313.30465;1;0;[0.2275];[-0.7225];6313.30465;400),(128197.39175;[0.5358];[-0.4142];9641.42662;1;0;[0.5358];[-0.4142];9641.42662;400),(130091.48097;[0.6054];[-0.3446];9267.35570;1;0;[0.6054];[-0.3446];9267.35570;400),(132193.06350;[0.6693];[-0.2807];8907.95807;1;0;[0.6693];[-0.2807];8907.95807;400),(133907.58348;[0.6844];[-0.2656];8388.81214;1;0;[0.6844];[-0.2656];8388.81214;400),(135847.39947;[0.6423];[-0.3077];7821.42477;1;0;[0.6423];[-0.3077];7821.42477;400),(137507.39574;[0.5025];[-0.4475];7086.22863;1;0;[0.5025];[-0.4475];7086.22863;400),(138948.12083;[0.2275];[-0.7225];6313.30465;1;0;[0.2275];[-0.7225];6313.30465;400),(139574.70798;[0.2275];[-0.7225];6313.30465;1;0;[0.2275];[-0.7225];6313.30465;400),(141132.18093;[0.5391];[-0.4109];9635.62207;1;0;[0.5391];[-0.4109];9635.62207;400),(143291.89420;[0.6054];[-0.3446];9267.35570;1;0;[0.6054];[-0.3446];9267.35570;400),(145067.94024;[0.6693];[-0.2807];8907.95807;1;0;[0.6693];[-0.2807];8907.95807;400),(146605.80516;[0.6844];[-0.2656];8388.81214;1;0;[0.6844];[-0.2656];8388.81214;400),(148217.60821;[0.6423];[-0.3077];7821.42477;1;0;[0.6423];[-0.3077];7821.42477;400),(149985.31270;[0.5025];[-0.4475];7086.22863;1;0;[0.5025];[-0.4475];7086.22863;400),(151572.24107;[0.2275];[-0.7225];6313.30465;1;0;[0.2275];[-0.7225];6313.30465;400),(152099.01142;[0.2275];[-0.7225];6313.30465;1;0;[0.2275];[-0.7225];6313.30465;400),(154174.47925;[0.5391];[-0.4109];9635.62207;1;0;[0.5391];[-0.4109];9635.62207;400),(156169.89422;[0.6054];[-0.3446];9267.35570;1;0;[0.6054];[-0.3446];9267.35570;400),(157933.34436;[0.6693];[-0.2807];8907.95807;1;0;[0.6693];[-0.2807];8907.95807;400),(160190.11211;[0.684];[-0.266];8383.63236;1;0;[0.684];[-0.266];8383.63236;400),(161941.41531;[0.6423];[-0.3077];7821.42477;1;0;[0.6423];[-0.3077];7821.42477;400),(163907.28617;[0.5025];[-0.4475];7086.22863;1;0;[0.5025];[-0.4475];7086.22863;400),(166023.16427;[0.2275];[-0.7225];6313.30465;1;0;[0.2275];[-0.7225];6313.30465;400),(166785.74038;[0.2275];[-0.7225];6313.30465;1;0;[0.2275];[-0.7225];6313.30465;400),(168592.76199;[0.5364];[-0.4136];9635.87502;1;0;[0.5364];[-0.4136];9635.87502;400),(170720.13092;[0.6076];[-0.3424];9262.31866;1;0;[0.6076];[-0.3424];9262.31866;400),(172687.70385;[0.6728];[-0.2772];8888.83048;1;0;[0.6728];[-0.2772];8888.83048;400),(174651.29972;[0.684];[-0.266];8383.63236;1;0;[0.684];[-0.266];8383.63236;400),(176275.11072;[0.6423];[-0.3077];7821.42477;1;0;[0.6423];[-0.3077];7821.42477;400),(178172.48154;[0.5025];[-0.4475];7086.22863;1;0;[0.5025];[-0.4475];7086.22863;400),(179599.62893;[0.2275];[-0.7225];6313.30465;1;0;[0.2275];[-0.7225];6313.30465;400),(180100.85487;[0.2275];[-0.7225];6313.30465;1;0;[0.2275];[-0.7225];6313.30465;400),(181677.29306;[0.5364];[-0.4136];9635.87502;1;0;[0.5364];[-0.4136];9635.87502;400),(183507.74527;[0.6076];[-0.3424];9262.31866;1;0;[0.6076];[-0.3424];9262.31866;400),(185714.94484;[0.6728];[-0.2772];8888.83048;1;0;[0.6728];[-0.2772];8888.83048;400),(187666.56423;[0.684];[-0.266];8383.63236;1;0;[0.684];[-0.266];8383.63236;400),(189361.39178;[0.6423];[-0.3077];7821.42477;1;0;[0.6423];[-0.3077];7821.42477;400),(191306.94938;[0.5025];[-0.4475];7086.22863;1;0;[0.5025];[-0.4475];7086.22863;400),(192815.91725;[0.2275];[-0.7225];6313.30465;1;0;[0.2275];[-0.7225];6313.30465;400),(193321.92159;[0.2275];[-0.7225];6313.30465;1;0;[0.2275];[-0.7225];6313.30465;400),(195079.34070;[0.5411];[-0.4089];9629.20500;1;0;[0.5411];[-0.4089];9629.20500;400),(196885.40912;[0.6076];[-0.3424];9262.31866;1;0;[0.6076];[-0.3424];9262.31866;400),(198550.50802;[0.6725];[-0.2775];8888.98036;1;0;[0.6725];[-0.2775];8888.98036;400),(200852.66066;[0.684];[-0.266];8383.63236;1;0;[0.684];[-0.266];8383.63236;400),(202622.41936;[0.6423];[-0.3077];7821.42477;1;0;[0.6423];[-0.3077];7821.42477;400),(204587.63051;[0.5025];[-0.4475];7086.22863;1;0;[0.5025];[-0.4475];7086.22863;400),(206443.57610;[0.2275];[-0.7225];6313.30465;1;0;[0.2275];[-0.7225];6313.30465;400),(207199.29600;[0.2275];[-0.7225];6313.30465;1;0;[0.2275];[-0.7225];6313.30465;400),(208904.45876;[0.5411];[-0.4089];9629.20500;1;0;[0.5411];[-0.4089];9629.20500;400),(210715.55042;[0.6076];[-0.3424];9262.31866;1;0;[0.6076];[-0.3424];9262.31866;400),(212721.87281;[0.6725];[-0.2775];8888.98036;1;0;[0.6725];[-0.2775];8888.98036;400),(214725.41904;[0.684];[-0.266];8383.63236;1;0;[0.684];[-0.266];8383.63236;400),(216226.22800;[0.6423];[-0.3077];7821.42477;1;0;[0.6423];[-0.3077];7821.42477;400),(217841.64715;[0.5025];[-0.4475];7086.22863;1;0;[0.5025];[-0.4475];7086.22863;400),(219336.50923;[0.2275];[-0.7225];6313.30465;1;0;[0.2275];[-0.7225];6313.30465;400),(220008.81457;[0.2275];[-0.7225];6313.30465;1;0;[0.2275];[-0.7225];6313.30465;400),(221837.44526;[0.5415];[-0.4085];9623.73385;1;0;[0.5415];[-0.4085];9623.73385;400),(223655.19905;[0.6076];[-0.3424];9262.31866;1;0;[0.6076];[-0.3424];9262.31866;400),(225526.79324;[0.6725];[-0.2775];8888.98036;1;0;[0.6725];[-0.2775];8888.98036;400),(227661.42035;[0.684];[-0.266];8383.63236;1;0;[0.684];[-0.266];8383.63236;400),(229246.77777;[0.6423];[-0.3077];7821.42477;1;0;[0.6423];[-0.3077];7821.42477;400),(231038.24878;[0.5025];[-0.4475];7086.22863;1;0;[0.5025];[-0.4475];7086.22863;400),(232700.29831;[0.2275];[-0.7225];6313.30465;1;0;[0.2275];[-0.7225];6313.30465;400),(233264.32443;[0.2275];[-0.7225];6313.30465;1;0;[0.2275];[-0.7225];6313.30465;400),(235303.59387;[0.5415];[-0.4085];9623.73385;1;0;[0.5415];[-0.4085];9623.73385;400),(237243.51978;[0.6076];[-0.3424];9262.31866;1;0;[0.6076];[-0.3424];9262.31866;400),(239216.56704;[0.6725];[-0.2775];8888.98036;1;0;[0.6725];[-0.2775];8888.98036;400),(241248.17967;[0.684];[-0.266];8383.63236;1;0;[0.684];[-0.266];8383.63236;400),(242686.06591;[0.6423];[-0.3077];7821.42477;1;0;[0.6423];[-0.3077];7821.42477;400),(244379.86851;[0.5025];[-0.4475];7086.22863;1;0;[0.5025];[-0.4475];7086.22863;400),(246304.95548;[0.2275];[-0.7225];6313.30465;1;0;[0.2275];[-0.7225];6313.30465;400),(246830.79839;[0.2275];[-0.7225];6313.30465;1;0;[0.2275];[-0.7225];6313.30465;400),(248594.12193;[0.5415];[-0.4085];9623.73385;1;0;[0.5415];[-0.4085];9623.73385;400),(250135.29301;[0.6076];[-0.3424];9262.31866;1;0;[0.6076];[-0.3424];9262.31866;400),(251864.16769;[0.6725];[-0.2775];8888.98036;1;0;[0.6725];[-0.2775];8888.98036;400),(253875.08440;[0.684];[-0.266];8383.63236;1;0;[0.684];[-0.266];8383.63236;400),(255586.09462;[0.6423];[-0.3077];7821.42477;1;0;[0.6423];[-0.3077];7821.42477;400),(257482.79834;[0.5025];[-0.4475];7086.22863;1;0;[0.5025];[-0.4475];7086.22863;400),(259117.77306;[0.2275];[-0.7225];6313.30465;1;0;[0.2275];[-0.7225];6313.30465;400),(259728.74999;[0.2275];[-0.7225];6313.30465;1;0;[0.2275];[-0.7225];6313.30465;400),(261682.51157;[0.5415];[-0.4085];9623.73385;1;0;[0.5415];[-0.4085];9623.73385;400),(263032.55630;[0.6076];[-0.3424];9262.31866;1;0;[0.6076];[-0.3424];9262.31866;400),(264916.99100;[0.6728];[-0.2772];8888.83048;1;0;[0.6728];[-0.2772];8888.83048;400),(267047.84131;[0.684];[-0.266];8383.63236;1;0;[0.684];[-0.266];8383.63236;400),(268709.89108;[0.6423];[-0.3077];7821.42477;1;0;[0.6423];[-0.3077];7821.42477;400),(270609.61604;[0.5025];[-0.4475];7086.22863;1;0;[0.5025];[-0.4475];7086.22863;400),(272252.19011;[0.2275];[-0.7225];6313.30465;1;0;[0.2275];[-0.7225];6313.30465;400),(272884.61900;[0.2275];[-0.7225];6313.30465;1;0;[0.2275];[-0.7225];6313.30465;400),(275012.65979;[0.5454];[-0.4046];9616.97979;1;0;[0.5454];[-0.4046];9616.97979;400),(276835.10160;[0.6141];[-0.3359];9254.45196;1;0;[0.6141];[-0.3359];9254.45196;400),(278773.16022;[0.6724];[-0.2776];8884.70363;1;0;[0.6724];[-0.2776];8884.70363;400),(280746.48237;[0.682];[-0.268];8347.91635;1;0;[0.682];[-0.268];8347.91635;400),(282237.58054;[0.6423];[-0.3077];7821.42477;1;0;[0.6423];[-0.3077];7821.42477;400),(283855.94320;[0.5025];[-0.4475];7086.22863;1;0;[0.5025];[-0.4475];7086.22863;400),(285315.71054;[0.2275];[-0.7225];6313.30465;1;0;[0.2275];[-0.7225];6313.30465;400),(285976.94945;[0.2275];[-0.7225];6313.30465;1;0;[0.2275];[-0.7225];6313.30465;400),(287841.55917;[0.5454];[-0.4046];9616.97979;1;0;[0.5454];[-0.4046];9616.97979;400),(289684.52644;[0.6141];[-0.3359];9254.45196;1;0;[0.6141];[-0.3359];9254.45196;400),(291667.60492;[0.6724];[-0.2776];8884.70363;1;0;[0.6724];[-0.2776];8884.70363;400),(293579.90503;[0.682];[-0.268];8347.91635;1;0;[0.682];[-0.268];8347.91635;400),(295364.77041;[0.6423];[-0.3077];7821.42477;1;0;[0.6423];[-0.3077];7821.42477;400),(297093.83345;[0.5025];[-0.4475];7086.22863;1;0;[0.5025];[-0.4475];7086.22863;400),(298621.06109;[0.2275];[-0.7225];6313.30465;1;0;[0.2275];[-0.7225];6313.30465;400),(299150.92492;[0.2275];[-0.7225];6313.30465;1;0;[0.2275];[-0.7225];6313.30465;400),(301248.17419;[0.5429];[-0.4071];9613.20928;1;0;[0.5429];[-0.4071];9613.20928;400),(303210.40750;[0.6141];[-0.3359];9254.45196;1;0;[0.6141];[-0.3359];9254.45196;400),(304825.40059;[0.6724];[-0.2776];8884.70363;1;0;[0.6724];[-0.2776];8884.70363;400),(306303.76959;[0.682];[-0.268];8347.91635;1;0;[0.682];[-0.268];8347.91635;400),(308067.53111;[0.6423];[-0.3077];7821.42477;1;0;[0.6423];[-0.3077];7821.42477;400),(309735.96072;[0.5025];[-0.4475];7086.22863;1;0;[0.5025];[-0.4475];7086.22863;400),(311216.40325;[0.2275];[-0.7225];6313.30465;1;0;[0.2275];[-0.7225];6313.30465;400),(311867.27905;[0.2275];[-0.7225];6313.30465;1;0;[0.2275];[-0.7225];6313.30465;400),(314170.17007;[0.5429];[-0.4071];9613.20928;1;0;[0.5429];[-0.4071];9613.20928;400),(316085.42395;[0.6141];[-0.3359];9254.45196;1;0;[0.6141];[-0.3359];9254.45196;400),(317638.68928;[0.6724];[-0.2776];8884.70363;1;0;[0.6724];[-0.2776];8884.70363;400),(319310.48918;[0.682];[-0.268];8347.91635;1;0;[0.682];[-0.268];8347.91635;400),(321127.77448;[0.6423];[-0.3077];7821.42477;1;0;[0.6423];[-0.3077];7821.42477;400),(322794.21806;[0.5025];[-0.4475];7086.22863;1;0;[0.5025];[-0.4475];7086.22863;400),(324630.46980;[0.2275];[-0.7225];6313.30465;1;0;[0.2275];[-0.7225];6313.30465;400),(325129.97484;[0.2275];[-0.7225];6313.30465;1;0;[0.2275];[-0.7225];6313.30465;400),(327329.04124;[0.5454];[-0.4046];9611.90381;1;0;[0.5454];[-0.4046];9611.90381;400),(328953.86004;[0.6141];[-0.3359];9254.45196;1;0;[0.6141];[-0.3359];9254.45196;400),(330510.24413;[0.6724];[-0.2776];8884.70363;1;0;[0.6724];[-0.2776];8884.70363;400),(332106.81605;[0.682];[-0.268];8347.91635;1;0;[0.682];[-0.268];8347.91635;400),(333809.65185;[0.6423];[-0.3077];7821.42477;1;0;[0.6423];[-0.3077];7821.42477;400),(335648.40484;[0.5025];[-0.4475];7086.22863;1;0;[0.5025];[-0.4475];7086.22863;400),(337149.57213;[0.2275];[-0.7225];6313.30465;1;0;[0.2275];[-0.7225];6313.30465;400),(337692.38591;[0.2275];[-0.7225];6313.30465;1;0;[0.2275];[-0.7225];6313.30465;400),(339486.34076;[0.5454];[-0.4046];9611.90381;1;0;[0.5454];[-0.4046];9611.90381;400),(341074.67818;[0.6141];[-0.3359];9254.45196;1;0;[0.6141];[-0.3359];9254.45196;400),(342653.71609;[0.6724];[-0.2776];8884.70363;1;0;[0.6724];[-0.2776];8884.70363;400),(344400.97213;[0.682];[-0.268];8347.91635;1;0;[0.682];[-0.268];8347.91635;400),(346592.30185;[0.6423];[-0.3077];7821.42477;1;0;[0.6423];[-0.3077];7821.42477;400),(348664.90459;[0.5025];[-0.4475];7086.22863;1;0;[0.5025];[-0.4475];7086.22863;400),(350058.86006;[0.2275];[-0.7225];6313.30465;1;0;[0.2275];[-0.7225];6313.30465;400),(350767.86041;[0.2275];[-0.7225];6313.30465;1;0;[0.2275];[-0.7225];6313.30465;400),(352650.96045;[0.5472];[-0.4028];9604.31015;1;0;[0.5472];[-0.4028];9604.31015;400),(354155.22432;[0.6141];[-0.3359];9254.45196;1;0;[0.6141];[-0.3359];9254.45196;400),(355612.07128;[0.6724];[-0.2776];8884.70363;1;0;[0.6724];[-0.2776];8884.70363;400),(357323.43602;[0.682];[-0.268];8347.91635;1;0;[0.682];[-0.268];8347.91635;400),(359072.61753;[0.6423];[-0.3077];7821.42477;1;0;[0.6423];[-0.3077];7821.42477;400),(360899.28555;[0.5025];[-0.4475];7086.22863;1;0;[0.5025];[-0.4475];7086.22863;400),(362293.07175;[0.2275];[-0.7225];6313.30465;1;0;[0.2275];[-0.7225];6313.30465;400),(362943.06397;[0.2275];[-0.7225];6313.30465;1;0;[0.2275];[-0.7225];6313.30465;400),(364935.42171;[0.5472];[-0.4028];9604.31015;1;0;[0.5472];[-0.4028];9604.31015;400),(366426.13554;[0.6141];[-0.3359];9254.45196;1;0;[0.6141];[-0.3359];9254.45196;400),(368150.92468;[0.6724];[-0.2776];8884.70363;1;0;[0.6724];[-0.2776];8884.70363;400),(370168.87522;[0.682];[-0.268];8347.91635;1;0;[0.682];[-0.268];8347.91635;400),(371802.33884;[0.6423];[-0.3077];7821.42477;1;0;[0.6423];[-0.3077];7821.42477;400),(373568.10641;[0.5025];[-0.4475];7086.22863;1;0;[0.5025];[-0.4475];7086.22863;400),(375201.79796;[0.2275];[-0.7225];6313.30465;1;0;[0.2275];[-0.7225];6313.30465;400),(375864.34555;[0.2275];[-0.7225];6313.30465;1;0;[0.2275];[-0.7225];6313.30465;400),(377883.70347;[0.5481];[-0.4019];9595.54580;1;0;[0.5481];[-0.4019];9595.54580;400),(379780.19571;[0.6167];[-0.3333];9244.02915;1;0;[0.6167];[-0.3333];9244.02915;400),(382093.87350;[0.6762];[-0.2738];8866.65712;1;0;[0.6762];[-0.2738];8866.65712;400),(383756.30426;[0.682];[-0.268];8347.91635;1;0;[0.682];[-0.268];8347.91635;400),(385188.36260;[0.6423];[-0.3077];7821.42477;1;0;[0.6423];[-0.3077];7821.42477;400),(386910.14004;[0.5025];[-0.4475];7086.22863;1;0;[0.5025];[-0.4475];7086.22863;400),(388503.57294;[0.2275];[-0.7225];6313.30465;1;0;[0.2275];[-0.7225];6313.30465;400),(389093.72950;[0.2275];[-0.7225];6313.30465;1;0;[0.2275];[-0.7225];6313.30465;400),(390804.40307;[0.5481];[-0.4019];9595.54580;1;0;[0.5481];[-0.4019];9595.54580;400),(392568.97998;[0.6167];[-0.3333];9244.02915;1;0;[0.6167];[-0.3333];9244.02915;400),(394242.78736;[0.6762];[-0.2738];8866.65712;1;0;[0.6762];[-0.2738];8866.65712;400),(395796.92554;[0.6819];[-0.2681];8348.09178;1;0;[0.6819];[-0.2681];8348.09178;400),(397341.73083;[0.6423];[-0.3077];7821.42477;1;0;[0.6423];[-0.3077];7821.42477;400),(399155.05314;[0.5025];[-0.4475];7086.22863;1;0;[0.5025];[-0.4475];7086.22863;400),(400691.63036;[0.2275];[-0.7225];6313.30465;1;0;[0.2275];[-0.7225];6313.30465;400),(401241.52327;[0.2275];[-0.7225];6313.30465;1;0;[0.2275];[-0.7225];6313.30465;400),(403297.22285;[0.5538];[-0.3962];9588.36507;1;0;[0.5538];[-0.3962];9588.36507;400),(405166.03732;[0.6167];[-0.3333];9244.02915;1;0;[0.6167];[-0.3333];9244.02915;400),(407008.83794;[0.6762];[-0.2738];8866.65712;1;0;[0.6762];[-0.2738];8866.65712;400),(408777.41385;[0.682];[-0.268];8347.91635;1;0;[0.682];[-0.268];8347.91635;400),(410510.24652;[0.6423];[-0.3077];7821.42477;1;0;[0.6423];[-0.3077];7821.42477;400),(412476.93682;[0.5025];[-0.4475];7086.22863;1;0;[0.5025];[-0.4475];7086.22863;400),(414329.72908;[0.2275];[-0.7225];6313.30465;1;0;[0.2275];[-0.7225];6313.30465;400),(414865.98635;[0.2275];[-0.7225];6313.30465;1;0;[0.2275];[-0.7225];6313.30465;400),(416682.53636;[0.5538];[-0.3962];9588.36507;1;0;[0.5538];[-0.3962];9588.36507;400),(418439.96024;[0.6167];[-0.3333];9244.02915;1;0;[0.6167];[-0.3333];9244.02915;400),(420362.31041;[0.6762];[-0.2738];8866.65712;1;0;[0.6762];[-0.2738];8866.65712;400),(422029.20485;[0.6819];[-0.2681];8348.09178;1;0;[0.6819];[-0.2681];8348.09178;400),(423492.93661;[0.6423];[-0.3077];7821.42477;1;0;[0.6423];[-0.3077];7821.42477;400),(425431.41007;[0.5025];[-0.4475];7086.22863;1;0;[0.5025];[-0.4475];7086.22863;400),(426889.57143;[0.2275];[-0.7225];6313.30465;1;0;[0.2275];[-0.7225];6313.30465;400),(427475.00467;[0.2275];[-0.7225];6313.30465;1;0;[0.2275];[-0.7225];6313.30465;400),(429457.99923;[0.5495];[-0.4005];9583.68028;1;0;[0.5495];[-0.4005];9583.68028;400),(431028.56326;[0.6167];[-0.3333];9244.02915;1;0;[0.6167];[-0.3333];9244.02915;400),(432824.21088;[0.6762];[-0.2738];8866.65712;1;0;[0.6762];[-0.2738];8866.65712;400),(434319.82017;[0.6819];[-0.2681];8348.09178;1;0;[0.6819];[-0.2681];8348.09178;400),(435989.27402;[0.6423];[-0.3077];7821.42477;1;0;[0.6423];[-0.3077];7821.42477;400),(437535.07876;[0.5025];[-0.4475];7086.22863;1;0;[0.5025];[-0.4475];7086.22863;400),(439222.20397;[0.2275];[-0.7225];6313.30465;1;0;[0.2275];[-0.7225];6313.30465;400),(439800.46201;[0.2275];[-0.7225];6313.30465;1;0;[0.2275];[-0.7225];6313.30465;400),(441793.12110;[0.5495];[-0.4005];9583.68028;1;0;[0.5495];[-0.4005];9583.68028;400),(443564.46648;[0.6167];[-0.3333];9244.02915;1;0;[0.6167];[-0.3333];9244.02915;400),(445301.20230;[0.6762];[-0.2738];8866.65712;1;0;[0.6762];[-0.2738];8866.65712;400),(447393.81289;[0.682];[-0.268];8347.91635;1;0;[0.682];[-0.268];8347.91635;400),(449016.04319;[0.6423];[-0.3077];7821.42477;1;0;[0.6423];[-0.3077];7821.42477;400),(450736.54318;[0.5025];[-0.4475];7086.22863;1;0;[0.5025];[-0.4475];7086.22863;400),(452353.81198;[0.2275];[-0.7225];6313.30465;1;0;[0.2275];[-0.7225];6313.30465;400),(452870.64576;[0.2275];[-0.7225];6313.30465;1;0;[0.2275];[-0.7225];6313.30465;400),(454630.73802;[0.5556];[-0.3944];9578.64273;1;0;[0.5556];[-0.3944];9578.64273;400),(456123.37470;[0.6167];[-0.3333];9244.02915;1;0;[0.6167];[-0.3333];9244.02915;400),(457804.28290;[0.6762];[-0.2738];8866.65712;1;0;[0.6762];[-0.2738];8866.65712;400),(459375.54431;[0.6819];[-0.2681];8348.09178;1;0;[0.6819];[-0.2681];8348.09178;400),(460882.14493;[0.6423];[-0.3077];7821.42477;1;0;[0.6423];[-0.3077];7821.42477;400),(462524.60074;[0.5025];[-0.4475];7086.22863;1;0;[0.5025];[-0.4475];7086.22863;400),(464069.91625;[0.2275];[-0.7225];6313.30465;1;0;[0.2275];[-0.7225];6313.30465;400),(464594.06376;[0.2275];[-0.7225];6313.30465;1;0;[0.2275];[-0.7225];6313.30465;400),(466355.37338;[0.5556];[-0.3944];9578.64273;1;0;[0.5556];[-0.3944];9578.64273;400),(468362.92243;[0.6167];[-0.3333];9244.02915;1;0;[0.6167];[-0.3333];9244.02915;400),(469914.37697;[0.6762];[-0.2738];8866.65712;1;0;[0.6762];[-0.2738];8866.65712;400),(471566.88166;[0.682];[-0.268];8347.91635;1;0;[0.682];[-0.268];8347.91635;400),(473067.04497;[0.6423];[-0.3077];7821.42477;1;0;[0.6423];[-0.3077];7821.42477;400),(474717.16738;[0.5025];[-0.4475];7086.22863;1;0;[0.5025];[-0.4475];7086.22863;400),(476403.98383;[0.2275];[-0.7225];6313.30465;1;0;[0.2275];[-0.7225];6313.30465;400),(476921.24581;[0.2275];[-0.7225];6313.30465;1;0;[0.2275];[-0.7225];6313.30465;400),(478968.04690;[0.5535];[-0.3965];9582.70634;1;0;[0.5535];[-0.3965];9582.70634;400),(480994.66991;[0.6122];[-0.3378];9232.43151;1;0;[0.6122];[-0.3378];9232.43151;400),(482957.18908;[0.6737];[-0.2763];8853.62118;1;0;[0.6737];[-0.2763];8853.62118;400),(484582.53813;[0.6849];[-0.2651];8323.71978;1;0;[0.6849];[-0.2651];8323.71978;400),(486222.65077;[0.6264];[-0.3236];7676.06058;1;0;[0.6264];[-0.3236];7676.06058;400),(487876.82271;[0.5025];[-0.4475];7086.22863;1;0;[0.5025];[-0.4475];7086.22863;400),(489553.41744;[0.2275];[-0.7225];6313.30465;1;0;[0.2275];[-0.7225];6313.30465;400),(490130.87583;[0.2275];[-0.7225];6313.30465;1;0;[0.2275];[-0.7225];6313.30465;400),(491857.06139;[0.5535];[-0.3965];9582.70634;1;0;[0.5535];[-0.3965];9582.70634;400),(493836.66921;[0.6122];[-0.3378];9232.43151;1;0;[0.6122];[-0.3378];9232.43151;400),(495481.68707;[0.6737];[-0.2763];8853.62118;1;0;[0.6737];[-0.2763];8853.62118;400),(496859.27963;[0.6849];[-0.2651];8323.71978;1;0;[0.6849];[-0.2651];8323.71978;400),(498602.02909;[0.6264];[-0.3236];7676.06058;1;0;[0.6264];[-0.3236];7676.06058;400),(500430.07231;[0.5025];[-0.4475];7086.22863;1;0;[0.5025];[-0.4475];7086.22863;400),(501971.91882;[0.2275];[-0.7225];6313.30465;1;0;[0.2275];[-0.7225];6313.30465;400),(502479.15673;[0.2275];[-0.7225];6313.30465;1;0;[0.2275];[-0.7225];6313.30465;400),(504201.69711;[0.5535];[-0.3965];9582.70634;1;0;[0.5535];[-0.3965];9582.70634;400),(506084.80978;[0.6122];[-0.3378];9232.43151;1;0;[0.6122];[-0.3378];9232.43151;400),(507664.34360;[0.6737];[-0.2763];8853.62118;1;0;[0.6737];[-0.2763];8853.62118;400),(509256.08611;[0.6849];[-0.2651];8323.71978;1;0;[0.6849];[-0.2651];8323.71978;400),(511274.56021;[0.6264];[-0.3236];7676.06058;1;0;[0.6264];[-0.3236];7676.06058;400),(513086.54308;[0.5025];[-0.4475];7086.22863;1;0;[0.5025];[-0.4475];7086.22863;400),(514783.29730;[0.2275];[-0.7225];6313.30465;1;0;[0.2275];[-0.7225];6313.30465;400),(515423.49744;[0.2275];[-0.7225];6313.30465;1;0;[0.2275];[-0.7225];6313.30465;400),(517276.99208;[0.5535];[-0.3965];9582.70634;1;0;[0.5535];[-0.3965];9582.70634;400),(519234.50804;[0.6122];[-0.3378];9232.43151;1;0;[0.6122];[-0.3378];9232.43151;400),(520789.40105;[0.6737];[-0.2763];8853.62118;1;0;[0.6737];[-0.2763];8853.62118;400),(522351.24326;[0.6849];[-0.2651];8323.71978;1;0;[0.6849];[-0.2651];8323.71978;400),(524175.20714;[0.6264];[-0.3236];7676.06058;1;0;[0.6264];[-0.3236];7676.06058;400),(525780.63440;[0.5025];[-0.4475];7086.22863;1;0;[0.5025];[-0.4475];7086.22863;400),(527205.44338;[0.2275];[-0.7225];6313.30465;1;0;[0.2275];[-0.7225];6313.30465;400),(527801.76210;[0.2275];[-0.7225];6313.30465;1;0;[0.2275];[-0.7225];6313.30465;400),(529612.42962;[0.5535];[-0.3965];9582.70634;1;0;[0.5535];[-0.3965];9582.70634;400),(531147.27473;[0.6156];[-0.3344];9230.46604;1;0;[0.6156];[-0.3344];9230.46604;400),(533045.22252;[0.6737];[-0.2763];8853.62118;1;0;[0.6737];[-0.2763];8853.62118;400),(534409.83486;[0.6849];[-0.2651];8323.71978;1;0;[0.6849];[-0.2651];8323.71978;400),(536274.10293;[0.6264];[-0.3236];7676.06058;1;0;[0.6264];[-0.3236];7676.06058;400),(537863.50441;[0.5025];[-0.4475];7086.22863;1;0;[0.5025];[-0.4475];7086.22863;400),(539368.25752;[0.2275];[-0.7225];6313.30465;1;0;[0.2275];[-0.7225];6313.30465;400),(540065.35125;[0.2275];[-0.7225];6313.30465;1;0;[0.2275];[-0.7225];6313.30465;400),(541656.24738;[0.5535];[-0.3965];9582.70634;1;0;[0.5535];[-0.3965];9582.70634;400),(544116.45293;[0.6156];[-0.3344];9230.46604;1;0;[0.6156];[-0.3344];9230.46604;400),(546142.30204;[0.6737];[-0.2763];8853.62118;1;0;[0.6737];[-0.2763];8853.62118;400),(547508.26025;[0.6849];[-0.2651];8323.71978;1;0;[0.6849];[-0.2651];8323.71978;400),(549115.15570;[0.6264];[-0.3236];7676.06058;1;0;[0.6264];[-0.3236];7676.06058;400),(550671.04268;[0.5025];[-0.4475];7086.22863;1;0;[0.5025];[-0.4475];7086.22863;400),(552055.84455;[0.2275];[-0.7225];6313.30465;1;0;[0.2275];[-0.7225];6313.30465;400),(552642.67349;[0.2275];[-0.7225];6313.30465;1;0;[0.2275];[-0.7225];6313.30465;400),(554696.13838;[0.5535];[-0.3965];9582.70634;1;0;[0.5535];[-0.3965];9582.70634;400),(556179.13580;[0.6156];[-0.3344];9230.46604;1;0;[0.6156];[-0.3344];9230.46604;400),(558010.44345;[0.6737];[-0.2763];8853.62118;1;0;[0.6737];[-0.2763];8853.62118;400),(559422.25504;[0.6849];[-0.2651];8323.71978;1;0;[0.6849];[-0.2651];8323.71978;400),(561176.43785;[0.6264];[-0.3236];7676.06058;1;0;[0.6264];[-0.3236];7676.06058;400),(562673.58303;[0.5025];[-0.4475];7086.22863;1;0;[0.5025];[-0.4475];7086.22863;400),(564233.37865;[0.2275];[-0.7225];6313.30465;1;0;[0.2275];[-0.7225];6313.30465;400),(564810.56809;[0.2275];[-0.7225];6313.30465;1;0;[0.2275];[-0.7225];6313.30465;400),(566382.02286;[0.5535];[-0.3965];9582.70634;1;0;[0.5535];[-0.3965];9582.70634;400),(568111.76586;[0.6156];[-0.3344];9230.46604;1;0;[0.6156];[-0.3344];9230.46604;400),(569914.55173;[0.6737];[-0.2763];8853.62118;1;0;[0.6737];[-0.2763];8853.62118;400),(571426.22232;[0.6849];[-0.2651];8323.71978;1;0;[0.6849];[-0.2651];8323.71978;400),(572976.06421;[0.6264];[-0.3236];7676.06058;1;0;[0.6264];[-0.3236];7676.06058;400),(574959.48434;[0.5025];[-0.4475];7086.22863;1;0;[0.5025];[-0.4475];7086.22863;400),(576456.78830;[0.2275];[-0.7225];6313.30465;1;0;[0.2275];[-0.7225];6313.30465;400),(576999.03560;[0.2275];[-0.7225];6313.30465;1;0;[0.2275];[-0.7225];6313.30465;400),(578825.46091;[0.5535];[-0.3965];9582.70634;1;0;[0.5535];[-0.3965];9582.70634;400),(580362.41889;[0.6153];[-0.3347];9227.13615;1;0;[0.6153];[-0.3347];9227.13615;400),(581803.64680;[0.6792];[-0.2708];8842.42849;1;0;[0.6792];[-0.2708];8842.42849;400),(583264.29415;[0.6849];[-0.2651];8323.71978;1;0;[0.6849];[-0.2651];8323.71978;400),(584985.35848;[0.6264];[-0.3236];7676.06058;1;0;[0.6264];[-0.3236];7676.06058;400),(586570.29390;[0.5025];[-0.4475];7086.22863;1;0;[0.5025];[-0.4475];7086.22863;400),(587881.76203;[0.2275];[-0.7225];6313.30465;1;0;[0.2275];[-0.7225];6313.30465;400),(588445.83488;[0.2275];[-0.7225];6313.30465;1;0;[0.2275];[-0.7225];6313.30465;400),(590048.50960;[0.5535];[-0.3965];9582.70634;1;0;[0.5535];[-0.3965];9582.70634;400),(591671.00835;[0.6153];[-0.3347];9227.13615;1;0;[0.6153];[-0.3347];9227.13615;400),(593269.19389;[0.6792];[-0.2708];8842.42849;1;0;[0.6792];[-0.2708];8842.42849;400),(594711.22289;[0.6849];[-0.2651];8323.71978;1;0;[0.6849];[-0.2651];8323.71978;400),(596414.26897;[0.6264];[-0.3236];7676.06058;1;0;[0.6264];[-0.3236];7676.06058;400),(597727.11754;[0.5025];[-0.4475];7086.22863;1;0;[0.5025];[-0.4475];7086.22863;400),(598960.54697;[0.2275];[-0.7225];6313.30465;1;0;[0.2275];[-0.7225];6313.30465;400),(599413.80334;[0.2275];[-0.7225];6313.30465;1;0;[0.2275];[-0.7225];6313.30465;400)]"
4,1,8435.167425134701,0.77624,1,0,[0.886],[-0.064],600090.7778739929,"[(3756.33836;[0.717];[-0.233];10888.73883;1;0;[0.719];[-0.231];10835.57930;100),(5685.05239;[0.717];[-0.233];10888.73883;1;0;[0.719];[-0.231];10835.57930;100),(6659.84464;[0.717];[-0.233];10888.73883;1;0;[0.719];[-0.231];10835.57930;100),(7843.99438;[0.717];[-0.233];10888.73883;1;0;[0.719];[-0.231];10835.57930;100),(8756.23679;[0.717];[-0.233];10888.73883;1;0;[0.719];[-0.231];10835.57930;100),(9749.50480;[0.717];[-0.233];10888.73883;1;0;[0.719];[-0.231];10835.57930;100),(10365.49592;[0.8013];[-0.1487];10068.67894;1;0;[0.8017];[-0.1483];10034.38084;100),(10837.84986;[0.8478];[-0.1022];9406.01979;1;0;[0.8494];[-0.1006];9382.78664;100),(11396.66200;[0.8704];[-0.0796];9019.20205;1;0;[0.8708];[-0.0792];8999.39732;100),(11864.37678;[0.8826];[-0.0674];8611.86569;1;0;[0.8849];[-0.0651];8595.94881;100),(12199.38445;[0.88];[-0.07];8258.85863;1;0;[0.8802];[-0.0698];8244.74351;100),(12523.92530;[0.8664];[-0.0836];7850.63958;1;0;[0.8665];[-0.0835];7839.41046;100),(12881.44040;[0.8539];[-0.0961];7629.16621;1;0;[0.8565];[-0.0935];7619.47676;100),(13264.39238;[0.8442];[-0.1058];7584.28881;1;0;[0.8467];[-0.1033];7574.56618;100),(13717.30614;[0.832];[-0.118];7376.57440;1;0;[0.8335];[-0.1165];7368.32897;100),(14152.76027;[0.8305];[-0.1195];7360.79543;1;0;[0.8307];[-0.1193];7352.60118;100),(14549.46136;[0.8275];[-0.1225];7351.87741;1;0;[0.826];[-0.124];7343.62126;100),(14991.05167;[0.8269];[-0.1231];7350.74568;1;0;[0.8259];[-0.1241];7342.48074;100),(16056.83231;[0.7017];[-0.2483];10843.39638;1;0;[0.7008];[-0.2492];10786.50005;100),(17010.41269;[0.7962];[-0.1538];10122.61451;1;0;[0.7947];[-0.1553];10087.38803;100),(17700.89889;[0.8538];[-0.0962];9293.21177;1;0;[0.8569];[-0.0931];9270.90573;100),(18720.03365;[0.8763];[-0.0737];8628.18590;1;0;[0.8777];[-0.0723];8611.75868;100),(20152.28534;[0.8781];[-0.0719];8074.44427;1;0;[0.8784];[-0.0716];8061.82715;100),(20757.48324;[0.8678];[-0.0822];7859.28222;1;0;[0.8674];[-0.0826];7848.00353;100),(21158.13613;[0.8547];[-0.0953];7630.20164;1;0;[0.8573];[-0.0927];7620.50301;100),(21486.96446;[0.8489];[-0.1011];7612.44299;1;0;[0.8522];[-0.0978];7602.75772;100),(21914.90793;[0.8291];[-0.1209];7356.95044;1;0;[0.8283];[-0.1217];7348.72395;100),(22315.86862;[0.8275];[-0.1225];7351.87741;1;0;[0.826];[-0.124];7343.62126;100),(22872.22886;[0.8275];[-0.1225];7351.87741;1;0;[0.826];[-0.124];7343.62126;100),(23972.04995;[0.7837];[-0.1663];10801.07062;1;0;[0.7838];[-0.1662];10753.61101;100),(25362.43796;[0.7937];[-0.1563];10129.54287;1;0;[0.7925];[-0.1575];10092.84708;100),(26595.25967;[0.8551];[-0.0949];9304.47564;1;0;[0.858];[-0.092];9282.15656;100),(27742.52009;[0.8782];[-0.0718];8751.28703;1;0;[0.8811];[-0.0689];8734.06123;100),(28435.94003;[0.8275];[-0.1225];7351.87741;1;0;[0.826];[-0.124];7343.62126;100),(29938.26723;[0.7837];[-0.1663];10801.07062;1;0;[0.7838];[-0.1662];10753.61101;100),(30974.61796;[0.7937];[-0.1563];10129.54287;1;0;[0.7925];[-0.1575];10092.84708;100),(32428.78461;[0.8551];[-0.0949];9304.47564;1;0;[0.858];[-0.092];9282.15656;100),(33329.47206;[0.8788];[-0.0712];8750.98920;1;0;[0.8813];[-0.0687];8733.81742;100),(35116.80746;[0.8788];[-0.0712];8078.27797;1;0;[0.879];[-0.071];8065.65470;100),(35825.03843;[0.8695];[-0.0805];7861.26380;1;0;[0.8688];[-0.0812];7850.00783;100),(36543.06626;[0.8549];[-0.0951];7630.32245;1;0;[0.8576];[-0.0924];7620.62882;100),(36920.17126;[0.8507];[-0.0993];7615.20693;1;0;[0.8547];[-0.0953];7605.54838;100),(37602.46420;[0.85];[-0.1];7610.34830;1;0;[0.8537];[-0.0963];7600.70658;100),(38498.39115;[0.8457];[-0.1043];7589.95362;1;0;[0.8483];[-0.1017];7580.26805;100),(39187.71434;[0.8442];[-0.1058];7584.28881;1;0;[0.8467];[-0.1033];7574.56618;100),(40568.99142;[0.8096];[-0.1404];10793.74505;1;0;[0.8109];[-0.1391];10748.94484;100),(41340.04235;[0.801];[-0.149];10123.21847;1;0;[0.7994];[-0.1506];10087.59503;100),(42258.91709;[0.8527];[-0.0973];9342.81482;1;0;[0.8548];[-0.0952];9320.38933;100),(43003.32427;[0.8808];[-0.0692];8759.11211;1;0;[0.8829];[-0.0671];8741.89763;100),(45003.49474;[0.8802];[-0.0698];8268.16692;1;0;[0.8807];[-0.0693];8253.99677;100),(45340.31010;[0.8525];[-0.0975];7626.90750;1;0;[0.8557];[-0.0943];7617.22476;100),(45693.36677;[0.8489];[-0.1011];7612.44299;1;0;[0.8522];[-0.0978];7602.75772;100),(46357.06234;[0.85];[-0.1];7610.34830;1;0;[0.8537];[-0.0963];7600.70658;100),(46634.00412;[0.85];[-0.1];7610.34830;1;0;[0.8537];[-0.0963];7600.70658;100),(47072.16191;[0.85];[-0.1];7610.34830;1;0;[0.8537];[-0.0963];7600.70658;100),(48078.08685;[0.8661];[-0.0839];10769.39187;1;0;[0.8654];[-0.0846];10728.63993;100),(49178.00140;[0.801];[-0.149];10123.21847;1;0;[0.7994];[-0.1506];10087.59503;100),(50013.36193;[0.8551];[-0.0949];9360.38967;1;0;[0.8579];[-0.0921];9338.06593;100),(50951.02668;[0.873];[-0.077];8763.35647;1;0;[0.8747];[-0.0753];8745.81160;100),(51851.28188;[0.85];[-0.1];7610.34830;1;0;[0.8537];[-0.0963];7600.70658;100),(53008.43644;[0.85];[-0.1];7610.08774;1;0;[0.8537];[-0.0963];7600.44703;100),(54043.56933;[0.6999];[-0.2501];10782.57862;1;0;[0.6989];[-0.2511];10725.71681;100),(55036.45897;[0.803];[-0.147];10076.85793;1;0;[0.8041];[-0.1459];10042.70585;100),(55815.19961;[0.8603];[-0.0897];9278.75524;1;0;[0.8627];[-0.0873];9257.00752;100),(56562.74152;[0.873];[-0.077];8763.35647;1;0;[0.8747];[-0.0753];8745.81160;100),(57280.91741;[0.85];[-0.1];7610.08774;1;0;[0.8537];[-0.0963];7600.44703;100),(59205.58023;[0.6999];[-0.2501];10782.57862;1;0;[0.6989];[-0.2511];10725.71681;100),(59899.89161;[0.803];[-0.147];10076.85793;1;0;[0.8041];[-0.1459];10042.70585;100),(60695.36304;[0.8603];[-0.0897];9278.75524;1;0;[0.8627];[-0.0873];9257.00752;100),(61634.13954;[0.873];[-0.077];8763.35647;1;0;[0.8747];[-0.0753];8745.81160;100),(62911.15284;[0.882];[-0.068];8272.51683;1;0;[0.8827];[-0.0673];8258.38133;100),(63296.31019;[0.8646];[-0.0854];7848.34226;1;0;[0.8651];[-0.0849];7837.07655;100),(63670.21370;[0.8513];[-0.0987];7613.99652;1;0;[0.855];[-0.095];7604.35847;100),(64060.00209;[0.8489];[-0.1011];7612.44299;1;0;[0.8522];[-0.0978];7602.75772;100),(64384.80663;[0.85];[-0.1];7610.34830;1;0;[0.8537];[-0.0963];7600.70658;100),(64754.48608;[0.85];[-0.1];7610.34830;1;0;[0.8537];[-0.0963];7600.70658;100),(65908.77032;[0.7026];[-0.2474];10771.79794;1;0;[0.7008];[-0.2492];10715.59000;100),(66691.88881;[0.8042];[-0.1458];10095.40798;1;0;[0.8037];[-0.1463];10061.74288;100),(67658.00047;[0.8597];[-0.0903];9280.40954;1;0;[0.8622];[-0.0878];9258.62290;100),(68907.87530;[0.8738];[-0.0762];8772.35624;1;0;[0.8763];[-0.0737];8754.67170;100),(69890.10262;[0.8793];[-0.0707];8431.02690;1;0;[0.8814];[-0.0686];8416.09299;100),(70356.18091;[0.8678];[-0.0822];7859.28222;1;0;[0.8674];[-0.0826];7848.00353;100),(70788.39993;[0.8664];[-0.0836];7850.63958;1;0;[0.8665];[-0.0835];7839.41046;100),(71200.67668;[0.8657];[-0.0843];7846.93362;1;0;[0.866];[-0.084];7835.71556;100),(71609.29728;[0.864];[-0.086];7832.64209;1;0;[0.8639];[-0.0861];7821.45297;100),(71980.15451;[0.8626];[-0.0874];7830.15749;1;0;[0.8626];[-0.0874];7818.91108;100),(72391.00766;[0.8626];[-0.0874];7830.15749;1;0;[0.8626];[-0.0874];7818.91108;100),(73961.35139;[0.7133];[-0.2367];10751.31353;1;0;[0.7119];[-0.2381];10696.88656;100),(74838.76562;[0.8205];[-0.1295];10065.43632;1;0;[0.8193];[-0.1307];10033.55343;100),(75776.88766;[0.8533];[-0.0967];9276.90326;1;0;[0.8554];[-0.0946];9254.90419;100),(76516.21652;[0.8742];[-0.0758];8780.74801;1;0;[0.8772];[-0.0728];8762.61234;100),(77235.00896;[0.8626];[-0.0874];7830.15749;1;0;[0.8626];[-0.0874];7818.91108;100),(77692.22569;[0.8626];[-0.0874];7830.15749;1;0;[0.8626];[-0.0874];7818.91108;100),(78899.01495;[0.7261];[-0.2239];10726.14787;1;0;[0.7248];[-0.2252];10675.81570;100),(79912.66131;[0.8205];[-0.1295];10065.43632;1;0;[0.8193];[-0.1307];10033.55343;100),(80992.55133;[0.8533];[-0.0967];9276.90326;1;0;[0.8554];[-0.0946];9254.90419;100),(81916.42785;[0.8742];[-0.0758];8780.74801;1;0;[0.8772];[-0.0728];8762.61234;100),(82535.35867;[0.8626];[-0.0874];7830.15749;1;0;[0.8626];[-0.0874];7818.91108;100),(83047.31607;[0.8626];[-0.0874];7830.15749;1;0;[0.8626];[-0.0874];7818.91108;100),(84148.97728;[0.7261];[-0.2239];10726.14787;1;0;[0.7248];[-0.2252];10675.81570;100),(84957.18646;[0.8205];[-0.1295];10065.43632;1;0;[0.8193];[-0.1307];10033.55343;100),(86140.82861;[0.8533];[-0.0967];9276.90326;1;0;[0.8554];[-0.0946];9254.90419;100),(86951.69806;[0.8742];[-0.0758];8780.74801;1;0;[0.8772];[-0.0728];8762.61234;100),(87602.15783;[0.8626];[-0.0874];7830.15749;1;0;[0.8626];[-0.0874];7818.91108;100),(88092.66376;[0.8626];[-0.0874];7830.15749;1;0;[0.8626];[-0.0874];7818.91108;100),(89105.86882;[0.8483];[-0.1017];10688.65599;1;0;[0.8468];[-0.1032];10648.26365;100),(89860.53348;[0.8174];[-0.1326];10025.77398;1;0;[0.8179];[-0.1321];9994.09055;100),(90829.59700;[0.8613];[-0.0887];9220.02493;1;0;[0.8649];[-0.0851];9198.59465;100),(91800.39740;[0.8826];[-0.0674];8611.86569;1;0;[0.8849];[-0.0651];8595.94881;100),(92399.08051;[0.8626];[-0.0874];7830.15749;1;0;[0.8626];[-0.0874];7818.91108;100),(93562.80088;[0.8483];[-0.1017];10688.65599;1;0;[0.8468];[-0.1032];10648.26365;100),(94337.15177;[0.8174];[-0.1326];10025.77398;1;0;[0.8179];[-0.1321];9994.09055;100),(95159.56378;[0.8613];[-0.0887];9220.02493;1;0;[0.8649];[-0.0851];9198.59465;100),(95871.54031;[0.8826];[-0.0674];8611.86569;1;0;[0.8849];[-0.0651];8595.94881;100),(96994.26007;[0.8626];[-0.0874];7830.15749;1;0;[0.8626];[-0.0874];7818.91108;100),(98020.20073;[0.8483];[-0.1017];10688.65599;1;0;[0.8468];[-0.1032];10648.26365;100),(98932.59478;[0.8205];[-0.1295];10065.43632;1;0;[0.8193];[-0.1307];10033.55343;100),(100042.81163;[0.8533];[-0.0967];9276.90326;1;0;[0.8554];[-0.0946];9254.90419;100),(100914.86216;[0.8742];[-0.0758];8780.74801;1;0;[0.8772];[-0.0728];8762.61234;100),(101550.73214;[0.8808];[-0.0692];8439.50960;1;0;[0.8821];[-0.0679];8424.57264;100),(102279.02842;[0.8674];[-0.0826];7852.23811;1;0;[0.867];[-0.083];7841.00529;100),(102651.65925;[0.8657];[-0.0843];7846.93362;1;0;[0.866];[-0.084];7835.71556;100),(103112.31709;[0.8626];[-0.0874];7830.15749;1;0;[0.8626];[-0.0874];7818.91108;100),(103600.60906;[0.8626];[-0.0874];7830.15749;1;0;[0.8626];[-0.0874];7818.91108;100),(103963.76157;[0.8626];[-0.0874];7830.15749;1;0;[0.8626];[-0.0874];7818.91108;100),(104261.43479;[0.8626];[-0.0874];7830.15749;1;0;[0.8626];[-0.0874];7818.91108;100),(105038.20157;[0.879];[-0.071];10648.16546;1;0;[0.8801];[-0.0699];10610.51524;100),(105844.23232;[0.8211];[-0.1289];9984.69864;1;0;[0.8208];[-0.1292];9953.12018;100),(106886.98077;[0.8591];[-0.0909];9238.64376;1;0;[0.8608];[-0.0892];9216.81029;100),(107542.67073;[0.8825];[-0.0675];8613.47247;1;0;[0.8851];[-0.0649];8597.55591;100),(108201.15685;[0.8626];[-0.0874];7830.15749;1;0;[0.8626];[-0.0874];7818.91108;100),(108731.79984;[0.8626];[-0.0874];7830.15749;1;0;[0.8626];[-0.0874];7818.91108;100),(109408.08368;[0.879];[-0.071];10648.16546;1;0;[0.8801];[-0.0699];10610.51524;100),(110388.72385;[0.8199];[-0.1301];9985.21968;1;0;[0.8198];[-0.1302];9953.54119;100),(111440.41896;[0.8591];[-0.0909];9238.64376;1;0;[0.8608];[-0.0892];9216.81029;100),(112148.92316;[0.8825];[-0.0675];8613.47247;1;0;[0.8851];[-0.0649];8597.55591;100),(112747.84112;[0.8626];[-0.0874];7830.15749;1;0;[0.8626];[-0.0874];7818.91108;100),(113353.16563;[0.8626];[-0.0874];7830.15749;1;0;[0.8626];[-0.0874];7818.91108;100),(114278.99003;[0.7397];[-0.2103];10644.31692;1;0;[0.7361];[-0.2139];10595.98826;100),(115163.56111;[0.8199];[-0.1301];9985.21968;1;0;[0.8198];[-0.1302];9953.54119;100),(116348.41061;[0.8591];[-0.0909];9238.64376;1;0;[0.8608];[-0.0892];9216.81029;100),(116954.85210;[0.8825];[-0.0675];8613.47247;1;0;[0.8851];[-0.0649];8597.55591;100),(117523.34762;[0.8626];[-0.0874];7830.15749;1;0;[0.8626];[-0.0874];7818.91108;100),(117960.84309;[0.8626];[-0.0874];7830.15749;1;0;[0.8626];[-0.0874];7818.91108;100),(118705.47152;[0.7397];[-0.2103];10644.31692;1;0;[0.7361];[-0.2139];10595.98826;100),(119403.42641;[0.8199];[-0.1301];9985.21968;1;0;[0.8198];[-0.1302];9953.54119;100),(120349.05124;[0.8591];[-0.0909];9238.64376;1;0;[0.8608];[-0.0892];9216.81029;100),(121205.53923;[0.8825];[-0.0675];8613.47247;1;0;[0.8851];[-0.0649];8597.55591;100),(121848.87528;[0.8626];[-0.0874];7830.15749;1;0;[0.8626];[-0.0874];7818.91108;100),(122267.85994;[0.8626];[-0.0874];7830.15749;1;0;[0.8626];[-0.0874];7818.91108;100),(122860.02994;[0.7408];[-0.2092];10629.19142;1;0;[0.7376];[-0.2124];10581.16016;100),(123573.35758;[0.8262];[-0.1238];9940.43688;1;0;[0.8271];[-0.1229];9910.05342;100),(124095.68858;[0.8649];[-0.0851];9189.58127;1;0;[0.8691];[-0.0809];9169.22194;100),(124839.33949;[0.8825];[-0.0675];8613.47247;1;0;[0.8851];[-0.0649];8597.55591;100),(125656.57711;[0.8626];[-0.0874];7830.15749;1;0;[0.8626];[-0.0874];7818.91108;100),(126130.62477;[0.8626];[-0.0874];7830.15749;1;0;[0.8626];[-0.0874];7818.91108;100),(126844.83147;[0.7408];[-0.2092];10629.19142;1;0;[0.7376];[-0.2124];10581.16016;100),(127486.96923;[0.8262];[-0.1238];9940.43688;1;0;[0.8271];[-0.1229];9910.05342;100),(128027.89283;[0.8649];[-0.0851];9189.58127;1;0;[0.8691];[-0.0809];9169.22194;100),(128667.94682;[0.8825];[-0.0675];8613.47247;1;0;[0.8851];[-0.0649];8597.55591;100),(129204.66614;[0.8626];[-0.0874];7830.15749;1;0;[0.8626];[-0.0874];7818.91108;100),(129684.17287;[0.8626];[-0.0874];7830.15749;1;0;[0.8626];[-0.0874];7818.91108;100),(130725.57330;[0.7518];[-0.1982];10588.77213;1;0;[0.7513];[-0.1987];10542.58727;100),(131654.36816;[0.8262];[-0.1238];9940.43688;1;0;[0.8271];[-0.1229];9910.05342;100),(132214.76007;[0.8649];[-0.0851];9189.58127;1;0;[0.8691];[-0.0809];9169.22194;100),(132864.44712;[0.8817];[-0.0683];8613.04354;1;0;[0.884];[-0.066];8597.03729;100),(133380.74350;[0.8626];[-0.0874];7830.15749;1;0;[0.8626];[-0.0874];7818.91108;100),(133809.06272;[0.8626];[-0.0874];7830.15749;1;0;[0.8626];[-0.0874];7818.91108;100),(134750.33188;[0.7518];[-0.1982];10588.77213;1;0;[0.7513];[-0.1987];10542.58727;100),(135395.46847;[0.8262];[-0.1238];9940.43688;1;0;[0.8271];[-0.1229];9910.05342;100),(136248.76046;[0.8649];[-0.0851];9189.58127;1;0;[0.8691];[-0.0809];9169.22194;100),(136840.80029;[0.8825];[-0.0675];8613.47247;1;0;[0.8851];[-0.0649];8597.55591;100),(137409.27219;[0.8626];[-0.0874];7830.15749;1;0;[0.8626];[-0.0874];7818.91108;100),(138581.37202;[0.7548];[-0.1952];10558.34329;1;0;[0.7514];[-0.1986];10513.95394;100),(139253.86930;[0.8314];[-0.1186];9888.49247;1;0;[0.8336];[-0.1164];9859.25003;100),(139791.68487;[0.8649];[-0.0851];9189.58127;1;0;[0.8691];[-0.0809];9169.22194;100),(140614.94207;[0.8825];[-0.0675];8613.47247;1;0;[0.8851];[-0.0649];8597.55591;100),(141372.64562;[0.8626];[-0.0874];7830.15749;1;0;[0.8626];[-0.0874];7818.91108;100),(142425.70329;[0.7548];[-0.1952];10558.34329;1;0;[0.7514];[-0.1986];10513.95394;100),(143032.42207;[0.8265];[-0.1235];9940.33507;1;0;[0.828];[-0.122];9909.98029;100),(144086.75122;[0.8591];[-0.0909];9238.64376;1;0;[0.8608];[-0.0892];9216.81029;100),(144888.68070;[0.8753];[-0.0747];8782.79042;1;0;[0.8781];[-0.0719];8764.62530;100),(145707.91030;[0.8818];[-0.0682];8442.49515;1;0;[0.8837];[-0.0663];8427.53071;100),(146018.48936;[0.8626];[-0.0874];7830.15749;1;0;[0.8626];[-0.0874];7818.91108;100),(146356.07719;[0.8626];[-0.0874];7830.15749;1;0;[0.8626];[-0.0874];7818.91108;100),(147377.61259;[0.7584];[-0.1916];10531.67068;1;0;[0.7553];[-0.1947];10487.54983;100),(148321.47098;[0.8281];[-0.1219];9904.92397;1;0;[0.8296];[-0.1204];9875.29483;100),(148932.90329;[0.8641];[-0.0859];9192.29804;1;0;[0.8681];[-0.0819];9171.85956;100),(149670.80164;[0.8737];[-0.0763];8611.90686;1;0;[0.8747];[-0.0753];8595.60863;100),(150578.56154;[0.8626];[-0.0874];7830.15749;1;0;[0.8626];[-0.0874];7818.91108;100),(151629.72450;[0.7584];[-0.1916];10531.67068;1;0;[0.7553];[-0.1947];10487.54983;100),(152486.28187;[0.8281];[-0.1219];9904.92397;1;0;[0.8296];[-0.1204];9875.29483;100),(153235.53753;[0.8641];[-0.0859];9192.29804;1;0;[0.8681];[-0.0819];9171.85956;100),(154115.39602;[0.8749];[-0.0751];8612.32040;1;0;[0.877];[-0.073];8596.04194;100),(154455.63436;[0.8735];[-0.0765];8055.26027;1;0;[0.8721];[-0.0779];8042.64572;100),(154812.67905;[0.8723];[-0.0777];8052.30948;1;0;[0.8709];[-0.0791];8039.68432;100),(155141.38222;[0.8723];[-0.0777];8052.30948;1;0;[0.8709];[-0.0791];8039.68432;100),(155480.19123;[0.8723];[-0.0777];8052.30948;1;0;[0.8709];[-0.0791];8039.68432;100),(156378.63469;[0.744];[-0.206];10454.70038;1;0;[0.7412];[-0.2088];10408.99479;100),(157022.23325;[0.8377];[-0.1123];9836.79222;1;0;[0.8397];[-0.1103];9809.02995;100),(157935.65655;[0.8721];[-0.0779];9031.47777;1;0;[0.8724];[-0.0776];9011.20883;100),(158516.35528;[0.8723];[-0.0777];8052.30948;1;0;[0.8709];[-0.0791];8039.68432;100),(159838.66930;[0.744];[-0.206];10454.70038;1;0;[0.7412];[-0.2088];10408.99479;100),(160481.28343;[0.8377];[-0.1123];9836.79222;1;0;[0.8397];[-0.1103];9809.02995;100),(161223.70553;[0.8721];[-0.0779];9031.47777;1;0;[0.8724];[-0.0776];9011.20883;100),(162829.29945;[0.8831];[-0.0669];8450.11362;1;0;[0.886];[-0.064];8435.16743;100),(163175.39310;[0.8745];[-0.0755];8053.65623;1;0;[0.8733];[-0.0767];8041.08612;100),(163653.57852;[0.8723];[-0.0777];8052.30948;1;0;[0.8709];[-0.0791];8039.68432;100),(163961.38215;[0.8723];[-0.0777];8052.30948;1;0;[0.8709];[-0.0791];8039.68432;100),(164999.97282;[0.7478];[-0.2022];10440.72939;1;0;[0.7445];[-0.2055];10395.61606;100),(165748.46125;[0.8339];[-0.1161];9864.16012;1;0;[0.8368];[-0.1132];9835.39433;100),(166287.49204;[0.8651];[-0.0849];9191.29276;1;0;[0.8689];[-0.0811];9170.94325;100),(167061.13577;[0.8793];[-0.0707];8588.06898;1;0;[0.8814];[-0.0686];8571.84904;100),(167367.86580;[0.876];[-0.074];8238.59290;1;0;[0.8766];[-0.0734];8224.46827;100),(167844.19322;[0.8723];[-0.0777];8052.30948;1;0;[0.8709];[-0.0791];8039.68432;100),(168678.91788;[0.7653];[-0.1847];10420.99945;1;0;[0.7637];[-0.1863];10379.41860;100),(169442.29174;[0.8366];[-0.1134];9827.06797;1;0;[0.8393];[-0.1107];9799.35330;100),(170237.57672;[0.8702];[-0.0798];9107.60236;1;0;[0.8713];[-0.0787];9087.72547;100),(170778.24664;[0.8723];[-0.0777];8052.30948;1;0;[0.8709];[-0.0791];8039.68432;100),(171541.07523;[0.7655];[-0.1845];10393.36669;1;0;[0.7636];[-0.1864];10352.08937;100),(172210.16526;[0.8381];[-0.1119];9562.62457;1;0;[0.8398];[-0.1102];9537.16552;100),(172825.27328;[0.8757];[-0.0743];9005.09987;1;0;[0.8763];[-0.0737];8985.81642;100),(174030.33209;[0.8824];[-0.0676];8607.75632;1;0;[0.8845];[-0.0655];8591.84913;100),(174354.26235;[0.8801];[-0.0699];8264.74859;1;0;[0.8803];[-0.0697];8250.59338;100),(174697.51430;[0.8792];[-0.0708];8257.33888;1;0;[0.8797];[-0.0703];8243.23488;100),(174988.29317;[0.8779];[-0.0721];8255.35514;1;0;[0.8781];[-0.0719];8241.20997;100),(175351.51505;[0.8751];[-0.0749];8240.06060;1;0;[0.8758];[-0.0742];8225.89164;100),(175691.75696;[0.876];[-0.074];8238.59290;1;0;[0.8766];[-0.0734];8224.46827;100),(176033.61964;[0.876];[-0.074];8238.59290;1;0;[0.8766];[-0.0734];8224.46827;100),(176644.95182;[0.762];[-0.188];10409.96806;1;0;[0.7595];[-0.1905];10368.00444;100),(177294.43622;[0.8369];[-0.1131];9838.67538;1;0;[0.8387];[-0.1113];9810.79600;100),(178169.93141;[0.8673];[-0.0827];9130.60267;1;0;[0.8694];[-0.0806];9109.83249;100),(178758.61382;[0.8822];[-0.0678];8610.86375;1;0;[0.8848];[-0.0652];8594.96169;100),(179211.61771;[0.8801];[-0.0699];8264.74859;1;0;[0.8803];[-0.0697];8250.59338;100),(179516.30807;[0.8786];[-0.0714];8253.79051;1;0;[0.8794];[-0.0706];8239.69596;100),(179924.61443;[0.876];[-0.074];8238.59290;1;0;[0.8766];[-0.0734];8224.46827;100),(181071.25235;[0.7815];[-0.1685];10348.75333;1;0;[0.7801];[-0.1699];10309.69833;100),(182039.64472;[0.8376];[-0.1124];9547.58489;1;0;[0.8407];[-0.1093];9523.51403;100),(182588.52220;[0.872];[-0.078];9031.16430;1;0;[0.8721];[-0.0779];9010.91004;100),(183692.04807;[0.8826];[-0.0674];8611.86569;1;0;[0.8849];[-0.0651];8595.94881;100),(184046.46134;[0.8801];[-0.0699];8264.74859;1;0;[0.8803];[-0.0697];8250.59338;100),(184332.86834;[0.8786];[-0.0714];8253.79051;1;0;[0.8794];[-0.0706];8239.69596;100),(184936.53321;[0.876];[-0.074];8238.59290;1;0;[0.8766];[-0.0734];8224.46827;100),(185503.97325;[0.778];[-0.172];10368.44833;1;0;[0.7766];[-0.1734];10328.70900;100),(186377.90728;[0.8377];[-0.1123];9837.30439;1;0;[0.8398];[-0.1102];9809.52563;100),(186988.59692;[0.865];[-0.085];9192.54032;1;0;[0.8691];[-0.0809];9172.10954;100),(187514.86611;[0.8795];[-0.0705];8753.00981;1;0;[0.8818];[-0.0682];8735.82646;100),(187920.12715;[0.8808];[-0.0692];8439.50960;1;0;[0.8821];[-0.0679];8424.57264;100),(188245.18013;[0.8792];[-0.0708];8257.33888;1;0;[0.8797];[-0.0703];8243.23488;100),(188642.24458;[0.8779];[-0.0721];8255.35514;1;0;[0.8781];[-0.0719];8241.20997;100),(188923.08378;[0.8779];[-0.0721];8255.35514;1;0;[0.8781];[-0.0719];8241.20997;100),(189204.18763;[0.8786];[-0.0714];8253.79051;1;0;[0.8794];[-0.0706];8239.69596;100),(189447.57414;[0.8786];[-0.0714];8253.79051;1;0;[0.8794];[-0.0706];8239.69596;100),(190166.97359;[0.7886];[-0.1614];10295.08350;1;0;[0.7863];[-0.1637];10256.85997;100),(190782.39918;[0.8397];[-0.1103];9529.08807;1;0;[0.8432];[-0.1068];9504.17205;100),(191413.67435;[0.8756];[-0.0744];9004.88545;1;0;[0.876];[-0.074];8985.61902;100),(192434.94105;[0.8786];[-0.0714];8253.79051;1;0;[0.8794];[-0.0706];8239.69596;100),(193000.26584;[0.8786];[-0.0714];8253.79051;1;0;[0.8794];[-0.0706];8239.69596;100),(193850.05832;[0.7886];[-0.1614];10295.08350;1;0;[0.7863];[-0.1637];10256.85997;100),(194491.04857;[0.8394];[-0.1106];9742.49131;1;0;[0.8423];[-0.1077];9715.83303;100),(195273.73743;[0.8651];[-0.0849];9118.13691;1;0;[0.8681];[-0.0819];9097.81674;100),(195834.83028;[0.8786];[-0.0714];8253.79051;1;0;[0.8794];[-0.0706];8239.69596;100),(197328.70483;[0.7886];[-0.1614];10295.08350;1;0;[0.7863];[-0.1637];10256.85997;100),(198009.15956;[0.8394];[-0.1106];9742.49131;1;0;[0.8423];[-0.1077];9715.83303;100),(198866.04071;[0.8651];[-0.0849];9118.13691;1;0;[0.8681];[-0.0819];9097.81674;100),(199912.52518;[0.8817];[-0.0683];8757.30756;1;0;[0.8835];[-0.0665];8740.13228;100),(200299.11661;[0.8821];[-0.0679];8446.11907;1;0;[0.8836];[-0.0664];8431.17488;100),(200634.43732;[0.8816];[-0.0684];8441.61648;1;0;[0.8829];[-0.0671];8426.66514;100),(200931.52070;[0.8808];[-0.0692];8431.52705;1;0;[0.8823];[-0.0677];8416.65071;100),(201285.79783;[0.8786];[-0.0714];8253.79051;1;0;[0.8794];[-0.0706];8239.69596;100),(201808.85077;[0.8786];[-0.0714];8253.79051;1;0;[0.8794];[-0.0706];8239.69596;100),(202145.20836;[0.8786];[-0.0714];8253.79051;1;0;[0.8794];[-0.0706];8239.69596;100),(202728.70326;[0.7957];[-0.1543];10271.36805;1;0;[0.7934];[-0.1566];10234.84457;100),(203770.67947;[0.8403];[-0.1097];9560.95678;1;0;[0.8424];[-0.1076];9537.00286;100),(204358.20794;[0.8645];[-0.0855];9184.95758;1;0;[0.8686];[-0.0814];9164.62041;100),(204944.90004;[0.8786];[-0.0714];8253.79051;1;0;[0.8794];[-0.0706];8239.69596;100),(206192.37185;[0.7927];[-0.1573];10224.92849;1;0;[0.7911];[-0.1589];10188.74371;100),(206958.27484;[0.8403];[-0.1097];9560.95678;1;0;[0.8424];[-0.1076];9537.00286;100),(207515.57469;[0.8645];[-0.0855];9184.95758;1;0;[0.8686];[-0.0814];9164.62041;100),(208634.83787;[0.8763];[-0.0737];8880.09061;1;0;[0.8785];[-0.0715];8861.87026;100),(208977.85807;[0.8813];[-0.0687];8600.40801;1;0;[0.8833];[-0.0667];8584.53513;100),(209439.75830;[0.8822];[-0.0678];8441.23283;1;0;[0.8848];[-0.0652];8426.32174;100),(209844.56921;[0.8799];[-0.0701];8432.65776;1;0;[0.8817];[-0.0683];8417.73411;100),(210230.21817;[0.8793];[-0.0707];8431.02690;1;0;[0.8814];[-0.0686];8416.09299;100),(210529.74963;[0.8786];[-0.0714];8428.15604;1;0;[0.8806];[-0.0694];8413.21003;100),(211033.03123;[0.8786];[-0.0714];8428.15604;1;0;[0.8806];[-0.0694];8413.21003;100),(211983.16979;[0.806];[-0.144];10193.86692;1;0;[0.8058];[-0.1442];10158.62048;100),(212671.59510;[0.8439];[-0.1061];9513.04516;1;0;[0.8465];[-0.1035];9489.01736;100),(213420.50052;[0.8707];[-0.0793];9101.43008;1;0;[0.8719];[-0.0781];9081.65428;100),(213987.90264;[0.8786];[-0.0714];8428.15604;1;0;[0.8806];[-0.0694];8413.21003;100),(215519.96517;[0.806];[-0.144];10193.86692;1;0;[0.8058];[-0.1442];10158.62048;100),(216345.31689;[0.8439];[-0.1061];9513.04516;1;0;[0.8465];[-0.1035];9489.01736;100),(217127.98095;[0.8707];[-0.0793];9101.43008;1;0;[0.8719];[-0.0781];9081.65428;100),(218061.82313;[0.8786];[-0.0714];8428.15604;1;0;[0.8806];[-0.0694];8413.21003;100),(218814.90302;[0.806];[-0.144];10193.86692;1;0;[0.8058];[-0.1442];10158.62048;100),(219391.85333;[0.8424];[-0.1076];9635.66526;1;0;[0.8436];[-0.1064];9609.99581;100),(220200.76180;[0.8647];[-0.0853];9191.24071;1;0;[0.8689];[-0.0811];9170.80560;100),(220818.46857;[0.8777];[-0.0723];8887.14378;1;0;[0.8804];[-0.0696];8868.92745;100),(221180.82929;[0.8816];[-0.0684];8607.49859;1;0;[0.8837];[-0.0663];8591.53462;100),(221494.59910;[0.8793];[-0.0707];8588.06898;1;0;[0.8814];[-0.0686];8571.84904;100),(221821.44642;[0.8816];[-0.0684];8441.61648;1;0;[0.8829];[-0.0671];8426.66514;100),(222240.90004;[0.8808];[-0.0692];8431.52705;1;0;[0.8823];[-0.0677];8416.65071;100),(222565.89937;[0.8786];[-0.0714];8428.15604;1;0;[0.8806];[-0.0694];8413.21003;100),(223041.25094;[0.8786];[-0.0714];8428.15604;1;0;[0.8806];[-0.0694];8413.21003;100),(223779.06013;[0.7975];[-0.1525];10139.79477;1;0;[0.7964];[-0.1536];10103.51372;100),(224602.66566;[0.8475];[-0.1025];9451.50450;1;0;[0.8486];[-0.1014];9428.19623;100),(225465.15584;[0.8708];[-0.0792];9104.54551;1;0;[0.872];[-0.078];9084.69740;100),(226085.82425;[0.8786];[-0.0714];8428.15604;1;0;[0.8806];[-0.0694];8413.21003;100),(227579.18501;[0.7975];[-0.1525];10139.79477;1;0;[0.7964];[-0.1536];10103.51372;100),(228258.15940;[0.8475];[-0.1025];9451.50450;1;0;[0.8486];[-0.1014];9428.19623;100),(228972.06044;[0.8708];[-0.0792];9104.54551;1;0;[0.872];[-0.078];9084.69740;100),(230017.28821;[0.8786];[-0.0714];8428.15604;1;0;[0.8806];[-0.0694];8413.21003;100),(230761.71255;[0.7975];[-0.1525];10139.79477;1;0;[0.7964];[-0.1536];10103.51372;100),(231623.56210;[0.839];[-0.111];9520.09350;1;0;[0.8418];[-0.1082];9495.07613;100),(232454.52452;[0.8669];[-0.0831];9193.29011;1;0;[0.8704];[-0.0796];9173.04086;100),(233003.84545;[0.8781];[-0.0719];8890.31647;1;0;[0.8809];[-0.0691];8872.09300;100),(233660.14695;[0.8785];[-0.0715];8745.50846;1;0;[0.8812];[-0.0688];8728.34847;100),(234156.70776;[0.881];[-0.069];8600.60864;1;0;[0.883];[-0.067];8584.70966;100),(234785.54153;[0.8818];[-0.0682];8442.49515;1;0;[0.8837];[-0.0663];8427.53071;100),(235139.48607;[0.8808];[-0.0692];8439.50960;1;0;[0.8821];[-0.0679];8424.57264;100),(235468.70708;[0.8808];[-0.0692];8431.52705;1;0;[0.8823];[-0.0677];8416.65071;100),(235754.61698;[0.8793];[-0.0707];8431.02690;1;0;[0.8814];[-0.0686];8416.09299;100),(236064.82291;[0.8801];[-0.0699];8429.28550;1;0;[0.8817];[-0.0683];8414.40036;100),(236620.66102;[0.8786];[-0.0714];8428.15604;1;0;[0.8806];[-0.0694];8413.21003;100),(237663.35845;[0.8152];[-0.1348];10079.42409;1;0;[0.8154];[-0.1346];10046.76422;100),(238300.55785;[0.8519];[-0.0981];9388.27832;1;0;[0.8539];[-0.0961];9364.98351;100),(238836.31730;[0.8739];[-0.0761];8996.12558;1;0;[0.8746];[-0.0754];8976.85612;100),(239299.39151;[0.8797];[-0.0703];8753.80709;1;0;[0.8821];[-0.0679];8736.60643;100),(239837.51416;[0.8808];[-0.0692];8431.52705;1;0;[0.8823];[-0.0677];8416.65071;100),(240246.90437;[0.8793];[-0.0707];8431.02690;1;0;[0.8814];[-0.0686];8416.09299;100),(240539.65116;[0.8801];[-0.0699];8429.28550;1;0;[0.8817];[-0.0683];8414.40036;100),(241586.19428;[0.8138];[-0.1362];10046.21348;1;0;[0.8152];[-0.1348];10013.78697;100),(242440.82284;[0.8538];[-0.0962];9348.30227;1;0;[0.8566];[-0.0934];9325.99430;100),(243500.72265;[0.8756];[-0.0744];9004.88545;1;0;[0.876];[-0.074];8985.61902;100),(243985.74495;[0.8772];[-0.0728];8882.77363;1;0;[0.88];[-0.07];8864.57878;100),(244332.34477;[0.8781];[-0.0719];8743.96492;1;0;[0.881];[-0.069];8726.79410;100),(244701.27749;[0.8799];[-0.0701];8589.93478;1;0;[0.8822];[-0.0678];8573.72810;100),(245411.48043;[0.8803];[-0.0697];8589.73415;1;0;[0.8824];[-0.0676];8573.55357;100),(245760.59532;[0.8793];[-0.0707];8588.06898;1;0;[0.8814];[-0.0686];8571.84904;100),(246028.46575;[0.8793];[-0.0707];8588.06898;1;0;[0.8814];[-0.0686];8571.84904;100),(246962.54587;[0.8174];[-0.1326];10025.77398;1;0;[0.8179];[-0.1321];9994.09055;100),(247889.68682;[0.8551];[-0.0949];9360.38967;1;0;[0.8579];[-0.0921];9338.06593;100),(248796.30184;[0.8749];[-0.0751];9006.73823;1;0;[0.8752];[-0.0748];8987.36482;100),(249570.00279;[0.8777];[-0.0723];8887.14378;1;0;[0.8804];[-0.0696];8868.92745;100),(249903.55587;[0.8797];[-0.0703];8753.80709;1;0;[0.8821];[-0.0679];8736.60643;100),(250224.85471;[0.8803];[-0.0697];8589.73415;1;0;[0.8824];[-0.0676];8573.55357;100),(250587.00466;[0.8793];[-0.0707];8588.06898;1;0;[0.8814];[-0.0686];8571.84904;100),(250904.71411;[0.8793];[-0.0707];8588.06898;1;0;[0.8814];[-0.0686];8571.84904;100),(251238.44194;[0.8793];[-0.0707];8588.06898;1;0;[0.8814];[-0.0686];8571.84904;100),(252444.60201;[0.8206];[-0.1294];9982.58917;1;0;[0.8206];[-0.1294];9950.98932;100),(253006.99806;[0.8603];[-0.0897];9278.75524;1;0;[0.8627];[-0.0873];9257.00752;100),(253557.52754;[0.8793];[-0.0707];8588.06898;1;0;[0.8814];[-0.0686];8571.84904;100),(254149.89519;[0.8793];[-0.0707];8588.06898;1;0;[0.8814];[-0.0686];8571.84904;100),(255103.63793;[0.8246];[-0.1254];9925.13998;1;0;[0.8257];[-0.1243];9894.63186;100),(255717.62705;[0.8603];[-0.0897];9278.75524;1;0;[0.8627];[-0.0873];9257.00752;100),(256264.29033;[0.8793];[-0.0707];8588.06898;1;0;[0.8814];[-0.0686];8571.84904;100),(257046.43464;[0.8793];[-0.0707];8588.06898;1;0;[0.8814];[-0.0686];8571.84904;100),(258276.77774;[0.8246];[-0.1254];9925.13998;1;0;[0.8257];[-0.1243];9894.63186;100),(258909.52039;[0.8603];[-0.0897];9278.75524;1;0;[0.8627];[-0.0873];9257.00752;100),(259599.47062;[0.8793];[-0.0707];8588.06898;1;0;[0.8814];[-0.0686];8571.84904;100),(260163.63931;[0.8793];[-0.0707];8588.06898;1;0;[0.8814];[-0.0686];8571.84904;100),(260830.98364;[0.8368];[-0.1132];9868.25506;1;0;[0.8392];[-0.1108];9839.69984;100),(261602.10943;[0.8647];[-0.0853];9191.24071;1;0;[0.8689];[-0.0811];9170.80560;100),(262443.62855;[0.8793];[-0.0707];8588.06898;1;0;[0.8814];[-0.0686];8571.84904;100),(263028.78881;[0.8793];[-0.0707];8588.06898;1;0;[0.8814];[-0.0686];8571.84904;100),(263942.38496;[0.8368];[-0.1132];9868.25506;1;0;[0.8392];[-0.1108];9839.69984;100),(264584.26189;[0.8603];[-0.0897];9278.75524;1;0;[0.8627];[-0.0873];9257.00752;100),(265107.31649;[0.8793];[-0.0707];8588.06898;1;0;[0.8814];[-0.0686];8571.84904;100),(266134.31573;[0.8368];[-0.1132];9868.25506;1;0;[0.8392];[-0.1108];9839.69984;100),(266773.52715;[0.8603];[-0.0897];9278.75524;1;0;[0.8627];[-0.0873];9257.00752;100),(267974.78271;[0.8755];[-0.0745];9006.45815;1;0;[0.876];[-0.074];8987.13545;100),(268347.54014;[0.8737];[-0.0763];8994.66823;1;0;[0.8741];[-0.0759];8975.39225;100),(268666.52966;[0.8772];[-0.0728];8882.77363;1;0;[0.88];[-0.07];8864.57878;100),(268993.06965;[0.8795];[-0.0705];8753.00981;1;0;[0.8818];[-0.0682];8735.82646;100),(269277.51780;[0.8781];[-0.0719];8743.96492;1;0;[0.881];[-0.069];8726.79410;100),(269772.49980;[0.8772];[-0.0728];8741.17569;1;0;[0.8806];[-0.0694];8724.00203;100),(270190.33194;[0.8772];[-0.0728];8741.17569;1;0;[0.8806];[-0.0694];8724.00203;100),(270742.93137;[0.8373];[-0.1127];9838.31093;1;0;[0.8391];[-0.1109];9810.49166;100),(271475.09480;[0.865];[-0.085];9192.54032;1;0;[0.8691];[-0.0809];9172.10954;100),(272030.02143;[0.8772];[-0.0728];8741.17569;1;0;[0.8806];[-0.0694];8724.00203;100),(272726.68386;[0.8772];[-0.0728];8741.17569;1;0;[0.8806];[-0.0694];8724.00203;100),(273570.75214;[0.841];[-0.109];9539.61227;1;0;[0.8432];[-0.1068];9514.62454;100),(274288.83171;[0.8634];[-0.0866];9192.73956;1;0;[0.8671];[-0.0829];9172.24660;100),(275084.32221;[0.8772];[-0.0728];8741.17569;1;0;[0.8806];[-0.0694];8724.00203;100),(275646.48223;[0.8772];[-0.0728];8741.17569;1;0;[0.8806];[-0.0694];8724.00203;100),(276495.43834;[0.841];[-0.109];9539.61227;1;0;[0.8432];[-0.1068];9514.62454;100),(277372.46919;[0.865];[-0.085];9192.54032;1;0;[0.8691];[-0.0809];9172.10954;100),(277959.95474;[0.8772];[-0.0728];8741.17569;1;0;[0.8806];[-0.0694];8724.00203;100),(279458.23073;[0.8478];[-0.1022];9454.13444;1;0;[0.8491];[-0.1009];9430.82611;100),(280081.96568;[0.871];[-0.079];9101.45258;1;0;[0.8721];[-0.0779];9081.66253;100),(280539.27231;[0.8785];[-0.0715];8745.50846;1;0;[0.8812];[-0.0688];8728.34847;100),(280868.69216;[0.8781];[-0.0719];8743.96492;1;0;[0.881];[-0.069];8726.79410;100),(281215.35778;[0.8781];[-0.0719];8743.96492;1;0;[0.881];[-0.069];8726.79410;100),(281631.53148;[0.8772];[-0.0728];8741.17569;1;0;[0.8806];[-0.0694];8724.00203;100),(283537.03833;[0.665];[-0.285];10897.39424;1;0;[0.6648];[-0.2852];10832.97939;200),(284370.39542;[0.665];[-0.285];10897.39424;1;0;[0.6648];[-0.2852];10832.97939;200),(285259.63926;[0.665];[-0.285];10897.39424;1;0;[0.6648];[-0.2852];10832.97939;200),(286078.14074;[0.665];[-0.285];10897.39424;1;0;[0.6648];[-0.2852];10832.97939;200),(286977.34666;[0.665];[-0.285];10897.39424;1;0;[0.6648];[-0.2852];10832.97939;200),(288044.56997;[0.665];[-0.285];10897.39424;1;0;[0.6648];[-0.2852];10832.97939;200),(288748.77238;[0.808];[-0.142];10083.90957;1;0;[0.8078];[-0.1422];10049.58191;200),(289170.27473;[0.8485];[-0.1015];9414.17167;1;0;[0.8503];[-0.0997];9390.12912;200),(289539.08539;[0.8722];[-0.0778];9033.40483;1;0;[0.8724];[-0.0776];9013.15909;200),(290027.88568;[0.8772];[-0.0728];8630.79595;1;0;[0.8795];[-0.0705];8613.96991;200),(290386.73377;[0.8821];[-0.0679];8273.90427;1;0;[0.8836];[-0.0664];8259.75538;200),(290727.72598;[0.8744];[-0.0756];8061.79892;1;0;[0.8728];[-0.0772];8049.17032;200),(291059.28135;[0.8626];[-0.0874];7830.15749;1;0;[0.8626];[-0.0874];7818.91108;200),(291430.48501;[0.8514];[-0.0986];7623.41652;1;0;[0.8551];[-0.0949];7613.72407;200),(291731.37498;[0.8489];[-0.1011];7612.44299;1;0;[0.8522];[-0.0978];7602.75772;200),(292193.91632;[0.8462];[-0.1038];7601.59130;1;0;[0.8492];[-0.1008];7591.86384;200),(292516.71529;[0.8457];[-0.1043];7589.95362;1;0;[0.8483];[-0.1017];7580.26805;200),(292956.56514;[0.8442];[-0.1058];7584.28881;1;0;[0.8467];[-0.1033];7574.56618;200),(293891.34455;[0.665];[-0.285];10897.39424;1;0;[0.6648];[-0.2852];10832.97939;200),(295103.27291;[0.778];[-0.172];10368.44833;1;0;[0.7766];[-0.1734];10328.70900;200),(296163.48410;[0.8394];[-0.1106];9742.49131;1;0;[0.8423];[-0.1077];9715.83303;200),(297237.42843;[0.8707];[-0.0793];9101.43008;1;0;[0.8719];[-0.0781];9081.65428;200),(298204.22983;[0.878];[-0.072];8424.05893;1;0;[0.8792];[-0.0708];8409.08323;200),(299871.99903;[0.8442];[-0.1058];7584.28881;1;0;[0.8467];[-0.1033];7574.56618;200),(300514.93764;[0.8442];[-0.1058];7584.28881;1;0;[0.8467];[-0.1033];7574.56618;200),(301668.42747;[0.665];[-0.285];10897.39424;1;0;[0.6648];[-0.2852];10832.97939;200),(302772.24398;[0.7746];[-0.1754];10384.98177;1;0;[0.7737];[-0.1763];10344.74724;200),(303709.57804;[0.8366];[-0.1134];9773.34284;1;0;[0.8388];[-0.1112];9745.66783;200),(304803.38049;[0.8678];[-0.0822];9133.86571;1;0;[0.8698];[-0.0802];9113.07382;200),(305883.01134;[0.881];[-0.069];8600.60864;1;0;[0.883];[-0.067];8584.70966;200),(306799.55721;[0.8442];[-0.1058];7584.28881;1;0;[0.8467];[-0.1033];7574.56618;200),(308093.32490;[0.665];[-0.285];10897.39424;1;0;[0.6648];[-0.2852];10832.97939;200),(309278.77069;[0.7746];[-0.1754];10384.98177;1;0;[0.7737];[-0.1763];10344.74724;200),(310313.72452;[0.8366];[-0.1134];9773.34284;1;0;[0.8388];[-0.1112];9745.66783;200),(311256.21128;[0.8678];[-0.0822];9133.86571;1;0;[0.8698];[-0.0802];9113.07382;200),(312406.10647;[0.881];[-0.069];8600.60864;1;0;[0.883];[-0.067];8584.70966;200),(314319.69643;[0.8769];[-0.0731];8072.85041;1;0;[0.8758];[-0.0742];8060.23102;200),(314756.97613;[0.8658];[-0.0842];7850.96651;1;0;[0.8659];[-0.0841];7839.71799;200),(315061.45120;[0.8462];[-0.1038];7601.59130;1;0;[0.8492];[-0.1008];7591.86384;200),(315593.89877;[0.8457];[-0.1043];7589.95362;1;0;[0.8483];[-0.1017];7580.26805;200),(315981.50182;[0.8457];[-0.1043];7589.95362;1;0;[0.8483];[-0.1017];7580.26805;200),(316917.43660;[0.665];[-0.285];10897.39424;1;0;[0.6648];[-0.2852];10832.97939;200),(317772.84527;[0.778];[-0.172];10368.44833;1;0;[0.7766];[-0.1734];10328.70900;200),(318625.23746;[0.8366];[-0.1134];9827.06797;1;0;[0.8393];[-0.1107];9799.35330;200),(319813.63773;[0.866];[-0.084];9134.47327;1;0;[0.8685];[-0.0815];9113.60809;200),(320842.27633;[0.8824];[-0.0676];8607.75632;1;0;[0.8845];[-0.0655];8591.84913;200),(321733.47473;[0.8457];[-0.1043];7589.95362;1;0;[0.8483];[-0.1017];7580.26805;200),(323149.07002;[0.6672];[-0.2828];10893.94093;1;0;[0.6669];[-0.2831];10829.98649;200),(324059.35216;[0.778];[-0.172];10368.44833;1;0;[0.7766];[-0.1734];10328.70900;200),(325074.29600;[0.8366];[-0.1134];9827.06797;1;0;[0.8393];[-0.1107];9799.35330;200),(326353.65939;[0.866];[-0.084];9134.47327;1;0;[0.8685];[-0.0815];9113.60809;200),(327487.78558;[0.8824];[-0.0676];8607.75632;1;0;[0.8845];[-0.0655];8591.84913;200),(329163.47122;[0.8779];[-0.0721];8075.39158;1;0;[0.8783];[-0.0717];8062.77598;200),(329551.63598;[0.8678];[-0.0822];7859.28222;1;0;[0.8674];[-0.0826];7848.00353;200),(329983.27041;[0.8462];[-0.1038];7601.59130;1;0;[0.8492];[-0.1008];7591.86384;200),(330649.68944;[0.8457];[-0.1043];7589.95362;1;0;[0.8483];[-0.1017];7580.26805;200),(331718.30273;[0.676];[-0.274];10888.10312;1;0;[0.6745];[-0.2755];10825.88643;200),(332728.38831;[0.7736];[-0.1764];10349.30217;1;0;[0.7722];[-0.1778];10309.07788;200),(334042.43469;[0.8392];[-0.1108];9745.14854;1;0;[0.8425];[-0.1075];9718.43940;200),(335021.72661;[0.8665];[-0.0835];9134.38372;1;0;[0.8685];[-0.0815];9113.50022;200),(335908.27155;[0.8826];[-0.0674];8611.86569;1;0;[0.8849];[-0.0651];8595.94881;200),(337521.98672;[0.8779];[-0.0721];8255.35514;1;0;[0.8781];[-0.0719];8241.20997;200),(338381.15191;[0.8684];[-0.0816];7860.43845;1;0;[0.8678];[-0.0822];7849.15559;200),(338683.95805;[0.8513];[-0.0987];7613.99652;1;0;[0.855];[-0.095];7604.35847;200),(339153.67961;[0.85];[-0.1];7610.34830;1;0;[0.8537];[-0.0963];7600.70658;200),(339528.18370;[0.8462];[-0.1038];7601.59130;1;0;[0.8492];[-0.1008];7591.86384;200),(339947.35551;[0.8462];[-0.1038];7601.59130;1;0;[0.8492];[-0.1008];7591.86384;200),(340942.20185;[0.6785];[-0.2715];10879.70611;1;0;[0.6772];[-0.2728];10818.05455;200),(342129.77076;[0.7676];[-0.1824];10348.35063;1;0;[0.765];[-0.185];10307.17801;200),(343033.34045;[0.8398];[-0.1102];9745.51196;1;0;[0.8426];[-0.1074];9718.78585;200),(343929.11887;[0.8659];[-0.0841];9135.78818;1;0;[0.8683];[-0.0817];9114.93092;200),(344879.95648;[0.8825];[-0.0675];8613.47247;1;0;[0.8851];[-0.0649];8597.55591;200),(346386.18517;[0.8791];[-0.0709];8261.96858;1;0;[0.8794];[-0.0706];8247.82183;200),(346844.71202;[0.8736];[-0.0764];8055.49521;1;0;[0.8723];[-0.0777];8042.88366;200),(347438.58051;[0.864];[-0.086];7832.64209;1;0;[0.8639];[-0.0861];7821.45297;200),(347770.31231;[0.862];[-0.088];7831.36790;1;0;[0.8624];[-0.0876];7820.10099;200),(348042.23824;[0.8626];[-0.0874];7830.15749;1;0;[0.8626];[-0.0874];7818.91108;200),(348450.38176;[0.8626];[-0.0874];7830.15749;1;0;[0.8626];[-0.0874];7818.91108;200),(348718.45365;[0.8603];[-0.0897];7825.16017;1;0;[0.8613];[-0.0887];7813.88636;200),(350202.93260;[0.6845];[-0.2655];10860.21324;1;0;[0.6816];[-0.2684];10799.56417;200),(351585.60395;[0.7699];[-0.1801];10325.08782;1;0;[0.7684];[-0.1816];10284.27806;200),(352463.48214;[0.8385];[-0.1115];9745.96894;1;0;[0.8414];[-0.1086];9719.18674;200),(353499.53032;[0.8623];[-0.0877];9168.34257;1;0;[0.8659];[-0.0841];9147.95080;200),(354377.65241;[0.8825];[-0.0675];8613.47247;1;0;[0.8851];[-0.0649];8597.55591;200),(355203.82309;[0.8603];[-0.0897];7825.16017;1;0;[0.8613];[-0.0887];7813.88636;200),(355686.68723;[0.8603];[-0.0897];7825.16017;1;0;[0.8613];[-0.0887];7813.88636;200),(357269.83476;[0.6845];[-0.2655];10860.21324;1;0;[0.6816];[-0.2684];10799.56417;200),(358421.37241;[0.7699];[-0.1801];10325.08782;1;0;[0.7684];[-0.1816];10284.27806;200),(359548.06995;[0.8382];[-0.1118];9745.91597;1;0;[0.8414];[-0.1086];9719.11726;200),(360412.64725;[0.8623];[-0.0877];9168.34257;1;0;[0.8659];[-0.0841];9147.95080;200),(361314.04614;[0.8825];[-0.0675];8613.47247;1;0;[0.8851];[-0.0649];8597.55591;200),(362095.17622;[0.8603];[-0.0897];7825.16017;1;0;[0.8613];[-0.0887];7813.88636;200),(364211.83944;[0.6918];[-0.2582];10852.64247;1;0;[0.6896];[-0.2604];10793.70353;200),(365345.46638;[0.7699];[-0.1801];10325.08782;1;0;[0.7684];[-0.1816];10284.27806;200),(366179.18849;[0.8382];[-0.1118];9745.91597;1;0;[0.8414];[-0.1086];9719.11726;200),(367145.32709;[0.8623];[-0.0877];9168.34257;1;0;[0.8659];[-0.0841];9147.95080;200),(368124.14598;[0.8825];[-0.0675];8613.47247;1;0;[0.8851];[-0.0649];8597.55591;200),(369910.11500;[0.8799];[-0.0701];8265.76719;1;0;[0.8801];[-0.0699];8251.57575;200),(370212.43429;[0.8757];[-0.0743];8065.21420;1;0;[0.8743];[-0.0757];8052.59535;200),(370635.22673;[0.8629];[-0.0871];7834.97486;1;0;[0.8632];[-0.0868];7823.73822;200),(370946.94924;[0.8626];[-0.0874];7830.15749;1;0;[0.8626];[-0.0874];7818.91108;200),(372326.94817;[0.6896];[-0.2604];10840.73903;1;0;[0.6872];[-0.2628];10781.28569;200),(373641.30759;[0.7738];[-0.1762];10284.10001;1;0;[0.7725];[-0.1775];10245.41373;200),(374675.06814;[0.8406];[-0.1094];9638.50747;1;0;[0.8426];[-0.1074];9612.71225;200),(375584.71203;[0.8709];[-0.0791];9106.22004;1;0;[0.8723];[-0.0777];9086.37759;200),(376477.29087;[0.8825];[-0.0675];8613.47247;1;0;[0.8851];[-0.0649];8597.55591;200),(378440.64569;[0.8813];[-0.0687];8266.32291;1;0;[0.8823];[-0.0677];8252.18461;200),(378765.89632;[0.8757];[-0.0743];8065.21420;1;0;[0.8743];[-0.0757];8052.59535;200),(379297.49870;[0.8674];[-0.0826];7852.23811;1;0;[0.867];[-0.083];7841.00529;200),(379626.88255;[0.8646];[-0.0854];7848.34226;1;0;[0.8651];[-0.0849];7837.07655;200),(380016.78705;[0.864];[-0.086];7832.64209;1;0;[0.8639];[-0.0861];7821.45297;200),(380292.86671;[0.8626];[-0.0874];7830.15749;1;0;[0.8626];[-0.0874];7818.91108;200),(380546.59057;[0.8626];[-0.0874];7830.15749;1;0;[0.8626];[-0.0874];7818.91108;200),(381608.82497;[0.6741];[-0.2759];10822.33118;1;0;[0.6713];[-0.2787];10759.12675;200),(382888.78059;[0.7739];[-0.1761];10280.61040;1;0;[0.7727];[-0.1773];10242.08475;200),(383863.77096;[0.8368];[-0.1132];9647.40489;1;0;[0.8399];[-0.1101];9621.23755;200),(384688.08842;[0.8702];[-0.0798];9107.60236;1;0;[0.8713];[-0.0787];9087.72547;200),(385852.15139;[0.8825];[-0.0675];8613.47247;1;0;[0.8851];[-0.0649];8597.55591;200),(387300.78030;[0.8817];[-0.0683];8270.28518;1;0;[0.8824];[-0.0676];8256.15493;200),(387634.42230;[0.8762];[-0.0738];8067.39792;1;0;[0.8743];[-0.0757];8054.77385;200),(387967.41986;[0.8712];[-0.0788];8048.13187;1;0;[0.8697];[-0.0803];8035.47698;200),(388248.35014;[0.8657];[-0.0843];7846.93362;1;0;[0.866];[-0.084];7835.71556;200),(388523.40746;[0.8626];[-0.0874];7830.15749;1;0;[0.8626];[-0.0874];7818.91108;200),(388995.61191;[0.8626];[-0.0874];7830.15749;1;0;[0.8626];[-0.0874];7818.91108;200),(389262.78400;[0.8626];[-0.0874];7830.15749;1;0;[0.8626];[-0.0874];7818.91108;200),(390138.27014;[0.6741];[-0.2759];10822.33118;1;0;[0.6713];[-0.2787];10759.12675;200),(391404.51670;[0.7762];[-0.1738];10262.58584;1;0;[0.7755];[-0.1745];10224.48758;200),(392384.66859;[0.8376];[-0.1124];9660.16080;1;0;[0.8411];[-0.1089];9633.52376;200),(393751.70159;[0.8651];[-0.0849];9120.66379;1;0;[0.868];[-0.082];9099.90344;200),(394762.70127;[0.8771];[-0.0729];8741.37632;1;0;[0.8803];[-0.0697];8724.17656;200),(395694.06891;[0.8626];[-0.0874];7830.15749;1;0;[0.8626];[-0.0874];7818.91108;200),(396318.25686;[0.8626];[-0.0874];7830.15749;1;0;[0.8626];[-0.0874];7818.91108;200),(397444.82660;[0.6713];[-0.2787];10823.12836;1;0;[0.6696];[-0.2804];10759.10736;200),(398876.67108;[0.7762];[-0.1738];10262.58584;1;0;[0.7755];[-0.1745];10224.48758;200),(399782.49097;[0.8376];[-0.1124];9660.16080;1;0;[0.8411];[-0.1089];9633.52376;200),(401150.39802;[0.8651];[-0.0849];9120.66379;1;0;[0.868];[-0.082];9099.90344;200),(402074.50747;[0.8771];[-0.0729];8741.37632;1;0;[0.8803];[-0.0697];8724.17656;200),(402846.00663;[0.8626];[-0.0874];7830.15749;1;0;[0.8626];[-0.0874];7818.91108;200),(403403.59926;[0.8626];[-0.0874];7830.15749;1;0;[0.8626];[-0.0874];7818.91108;200),(404330.16205;[0.6732];[-0.2768];10819.75856;1;0;[0.671];[-0.279];10756.16443;200),(405461.36308;[0.7762];[-0.1738];10262.58584;1;0;[0.7755];[-0.1745];10224.48758;200),(406445.05072;[0.8376];[-0.1124];9660.16080;1;0;[0.8411];[-0.1089];9633.52376;200),(407720.91866;[0.8651];[-0.0849];9120.66379;1;0;[0.868];[-0.082];9099.90344;200),(408543.43724;[0.8771];[-0.0729];8741.37632;1;0;[0.8803];[-0.0697];8724.17656;200),(409431.86474;[0.8626];[-0.0874];7830.15749;1;0;[0.8626];[-0.0874];7818.91108;200),(409898.88382;[0.8626];[-0.0874];7830.15749;1;0;[0.8626];[-0.0874];7818.91108;200),(410625.23961;[0.6732];[-0.2768];10819.75856;1;0;[0.671];[-0.279];10756.16443;200),(411825.40011;[0.7762];[-0.1738];10262.58584;1;0;[0.7755];[-0.1745];10224.48758;200),(412702.57068;[0.8376];[-0.1124];9660.16080;1;0;[0.8411];[-0.1089];9633.52376;200),(413888.92865;[0.8651];[-0.0849];9120.66379;1;0;[0.868];[-0.082];9099.90344;200),(414741.84299;[0.8771];[-0.0729];8741.37632;1;0;[0.8803];[-0.0697];8724.17656;200),(415618.42060;[0.8626];[-0.0874];7830.15749;1;0;[0.8626];[-0.0874];7818.91108;200),(416056.16140;[0.8626];[-0.0874];7830.15749;1;0;[0.8626];[-0.0874];7818.91108;200),(416874.90368;[0.6865];[-0.2635];10819.13822;1;0;[0.6841];[-0.2659];10759.09895;200),(418011.67178;[0.7799];[-0.1701];10246.54187;1;0;[0.779];[-0.171];10209.00435;200),(419161.10206;[0.8404];[-0.1096];9540.60793;1;0;[0.8427];[-0.1073];9515.58728;200),(420508.71778;[0.8651];[-0.0849];9120.66379;1;0;[0.868];[-0.082];9099.90344;200),(421354.54369;[0.8771];[-0.0729];8741.37632;1;0;[0.8803];[-0.0697];8724.17656;200),(422206.86746;[0.8626];[-0.0874];7830.15749;1;0;[0.8626];[-0.0874];7818.91108;200),(422779.99592;[0.8626];[-0.0874];7830.15749;1;0;[0.8626];[-0.0874];7818.91108;200),(423700.85740;[0.6865];[-0.2635];10819.13822;1;0;[0.6841];[-0.2659];10759.09895;200),(424772.07851;[0.7799];[-0.1701];10246.54187;1;0;[0.779];[-0.171];10209.00435;200),(426116.06312;[0.8404];[-0.1096];9540.60793;1;0;[0.8427];[-0.1073];9515.58728;200),(427284.11674;[0.8651];[-0.0849];9120.66379;1;0;[0.868];[-0.082];9099.90344;200),(428092.78083;[0.8771];[-0.0729];8741.37632;1;0;[0.8803];[-0.0697];8724.17656;200),(428950.10042;[0.8626];[-0.0874];7830.15749;1;0;[0.8626];[-0.0874];7818.91108;200),(429441.12325;[0.8626];[-0.0874];7830.15749;1;0;[0.8626];[-0.0874];7818.91108;200),(430253.91364;[0.6898];[-0.2602];10814.98553;1;0;[0.6867];[-0.2633];10755.53671;200),(431347.56732;[0.7799];[-0.1701];10246.54187;1;0;[0.779];[-0.171];10209.00435;200),(432472.19896;[0.8404];[-0.1096];9540.60793;1;0;[0.8427];[-0.1073];9515.58728;200),(433746.31095;[0.8651];[-0.0849];9120.66379;1;0;[0.868];[-0.082];9099.90344;200),(434651.68357;[0.8771];[-0.0729];8741.37632;1;0;[0.8803];[-0.0697];8724.17656;200),(435595.28375;[0.8626];[-0.0874];7830.15749;1;0;[0.8626];[-0.0874];7818.91108;200),(436253.54099;[0.8626];[-0.0874];7830.15749;1;0;[0.8626];[-0.0874];7818.91108;200),(437180.76968;[0.6898];[-0.2602];10814.98553;1;0;[0.6867];[-0.2633];10755.53671;200),(438380.97072;[0.7799];[-0.1701];10246.54187;1;0;[0.779];[-0.171];10209.00435;200),(439609.32589;[0.8404];[-0.1096];9540.60793;1;0;[0.8427];[-0.1073];9515.58728;200),(440647.70627;[0.8651];[-0.0849];9120.66379;1;0;[0.868];[-0.082];9099.90344;200),(441878.60632;[0.8771];[-0.0729];8741.37632;1;0;[0.8803];[-0.0697];8724.17656;200),(442779.90794;[0.8626];[-0.0874];7830.15749;1;0;[0.8626];[-0.0874];7818.91108;200),(443247.08676;[0.8626];[-0.0874];7830.15749;1;0;[0.8626];[-0.0874];7818.91108;200),(444399.56045;[0.6925];[-0.2575];10807.42824;1;0;[0.6897];[-0.2603];10748.53292;200),(445763.74912;[0.7818];[-0.1682];10217.02816;1;0;[0.782];[-0.168];10179.96465;200),(447263.15784;[0.8404];[-0.1096];9540.60793;1;0;[0.8427];[-0.1073];9515.58728;200),(448321.58899;[0.8651];[-0.0849];9120.66379;1;0;[0.868];[-0.082];9099.90344;200),(450108.38842;[0.8771];[-0.0729];8741.37632;1;0;[0.8803];[-0.0697];8724.17656;200),(450884.21416;[0.8626];[-0.0874];7830.15749;1;0;[0.8626];[-0.0874];7818.91108;200),(451306.84233;[0.8626];[-0.0874];7830.15749;1;0;[0.8626];[-0.0874];7818.91108;200),(452483.27732;[0.6925];[-0.2575];10807.42824;1;0;[0.6897];[-0.2603];10748.53292;200),(453697.58439;[0.7818];[-0.1682];10217.02816;1;0;[0.782];[-0.168];10179.96465;200),(454903.39494;[0.8404];[-0.1096];9540.60793;1;0;[0.8427];[-0.1073];9515.58728;200),(455912.95695;[0.8651];[-0.0849];9120.66379;1;0;[0.868];[-0.082];9099.90344;200),(457042.22822;[0.8771];[-0.0729];8741.37632;1;0;[0.8803];[-0.0697];8724.17656;200),(457928.26343;[0.8626];[-0.0874];7830.15749;1;0;[0.8626];[-0.0874];7818.91108;200),(458380.52893;[0.8626];[-0.0874];7830.15749;1;0;[0.8626];[-0.0874];7818.91108;200),(459329.15616;[0.7031];[-0.2469];10804.76768;1;0;[0.702];[-0.248];10748.22374;200),(461086.07197;[0.7818];[-0.1682];10217.02816;1;0;[0.782];[-0.168];10179.96465;200),(462396.74687;[0.8404];[-0.1096];9540.60793;1;0;[0.8427];[-0.1073];9515.58728;200),(463368.28256;[0.8651];[-0.0849];9120.66379;1;0;[0.868];[-0.082];9099.90344;200),(464415.54308;[0.8771];[-0.0729];8741.37632;1;0;[0.8803];[-0.0697];8724.17656;200),(465402.88353;[0.8626];[-0.0874];7830.15749;1;0;[0.8626];[-0.0874];7818.91108;200),(465817.64054;[0.8626];[-0.0874];7830.15749;1;0;[0.8626];[-0.0874];7818.91108;200),(466880.07307;[0.7031];[-0.2469];10804.76768;1;0;[0.702];[-0.248];10748.22374;200),(468406.82673;[0.7818];[-0.1682];10217.02816;1;0;[0.782];[-0.168];10179.96465;200),(469575.20747;[0.8404];[-0.1096];9540.60793;1;0;[0.8427];[-0.1073];9515.58728;200),(470625.63181;[0.8651];[-0.0849];9120.66379;1;0;[0.868];[-0.082];9099.90344;200),(471903.83554;[0.8771];[-0.0729];8741.37632;1;0;[0.8803];[-0.0697];8724.17656;200),(472808.98571;[0.8626];[-0.0874];7830.15749;1;0;[0.8626];[-0.0874];7818.91108;200),(473221.95673;[0.8626];[-0.0874];7830.15749;1;0;[0.8626];[-0.0874];7818.91108;200),(474162.38642;[0.7017];[-0.2483];10798.84672;1;0;[0.7009];[-0.2491];10742.07616;200),(475314.94808;[0.788];[-0.162];10193.47884;1;0;[0.7885];[-0.1615];10157.87150;200),(476402.33064;[0.8441];[-0.1059];9512.75317;1;0;[0.8475];[-0.1025];9488.77731;200),(477423.28072;[0.8723];[-0.0777];9034.00820;1;0;[0.8725];[-0.0775];9013.74876;200),(478442.28840;[0.8788];[-0.0712];8587.97405;1;0;[0.8815];[-0.0685];8572.07320;200),(479279.69122;[0.8626];[-0.0874];7830.15749;1;0;[0.8626];[-0.0874];7818.91108;200),(479704.88763;[0.8626];[-0.0874];7830.15749;1;0;[0.8626];[-0.0874];7818.91108;200),(480698.06695;[0.7017];[-0.2483];10798.84672;1;0;[0.7009];[-0.2491];10742.07616;200),(481806.09322;[0.788];[-0.162];10193.47884;1;0;[0.7885];[-0.1615];10157.87150;200),(482726.25637;[0.8441];[-0.1059];9512.75317;1;0;[0.8475];[-0.1025];9488.77731;200),(483635.63466;[0.8723];[-0.0777];9034.00820;1;0;[0.8725];[-0.0775];9013.74876;200),(484757.86710;[0.8788];[-0.0712];8587.97405;1;0;[0.8815];[-0.0685];8572.07320;200),(485735.00347;[0.8626];[-0.0874];7830.15749;1;0;[0.8626];[-0.0874];7818.91108;200),(487598.95349;[0.7008];[-0.2492];10778.18323;1;0;[0.6989];[-0.2511];10721.77953;200),(488716.60137;[0.788];[-0.162];10193.47884;1;0;[0.7885];[-0.1615];10157.87150;200),(489556.57864;[0.8436];[-0.1064];9513.01365;1;0;[0.8458];[-0.1042];9488.93698;200),(490554.33249;[0.8723];[-0.0777];9034.00820;1;0;[0.8725];[-0.0775];9013.74876;200),(491626.87755;[0.8788];[-0.0712];8587.97405;1;0;[0.8815];[-0.0685];8572.07320;200),(493175.61316;[0.8626];[-0.0874];7830.15749;1;0;[0.8626];[-0.0874];7818.91108;200),(494548.85101;[0.7008];[-0.2492];10778.18323;1;0;[0.6989];[-0.2511];10721.77953;200),(495812.94012;[0.788];[-0.162];10193.47884;1;0;[0.7885];[-0.1615];10157.87150;200),(497251.53708;[0.8404];[-0.1096];9540.60793;1;0;[0.8427];[-0.1073];9515.58728;200),(498361.18817;[0.8651];[-0.0849];9120.66379;1;0;[0.868];[-0.082];9099.90344;200),(499452.68154;[0.8771];[-0.0729];8741.37632;1;0;[0.8803];[-0.0697];8724.17656;200),(500434.72338;[0.8818];[-0.0682];8271.37599;1;0;[0.8834];[-0.0666];8257.22856;200),(500908.57029;[0.8774];[-0.0726];8067.26702;1;0;[0.8766];[-0.0734];8054.67800;200),(501275.45476;[0.8735];[-0.0765];8055.26027;1;0;[0.8721];[-0.0779];8042.64572;200),(501626.47939;[0.8606];[-0.0894];7831.49770;1;0;[0.8618];[-0.0882];7820.20975;200),(501987.00881;[0.8626];[-0.0874];7830.15749;1;0;[0.8626];[-0.0874];7818.91108;200),(502246.65427;[0.8626];[-0.0874];7830.15749;1;0;[0.8626];[-0.0874];7818.91108;200),(502516.52169;[0.8626];[-0.0874];7830.15749;1;0;[0.8626];[-0.0874];7818.91108;200),(502808.33960;[0.8626];[-0.0874];7830.15749;1;0;[0.8626];[-0.0874];7818.91108;200),(504031.62050;[0.7205];[-0.2295];10771.13286;1;0;[0.7185];[-0.2315];10718.45726;200),(505309.52668;[0.7876];[-0.1624];10174.89409;1;0;[0.7878];[-0.1622];10139.81172;200),(506308.99739;[0.8438];[-0.1062];9513.04926;1;0;[0.8464];[-0.1036];9489.02445;200),(507211.41028;[0.8693];[-0.0807];9099.17120;1;0;[0.8711];[-0.0789];9079.37077;200),(508400.40970;[0.881];[-0.069];8600.60864;1;0;[0.883];[-0.067];8584.70966;200),(509312.20222;[0.8626];[-0.0874];7830.15749;1;0;[0.8626];[-0.0874];7818.91108;200),(509771.44074;[0.8626];[-0.0874];7830.15749;1;0;[0.8626];[-0.0874];7818.91108;200),(511019.67144;[0.7176];[-0.2324];10759.38303;1;0;[0.7156];[-0.2344];10706.43342;200),(512382.11417;[0.7876];[-0.1624];10174.89409;1;0;[0.7878];[-0.1622];10139.81172;200),(513422.60098;[0.8438];[-0.1062];9513.04926;1;0;[0.8464];[-0.1036];9489.02445;200),(514278.87201;[0.8693];[-0.0807];9099.17120;1;0;[0.8711];[-0.0789];9079.37077;200),(515856.55713;[0.881];[-0.069];8600.60864;1;0;[0.883];[-0.067];8584.70966;200),(516813.40361;[0.8626];[-0.0874];7830.15749;1;0;[0.8626];[-0.0874];7818.91108;200),(517330.42669;[0.8626];[-0.0874];7830.15749;1;0;[0.8626];[-0.0874];7818.91108;200),(518529.42753;[0.7176];[-0.2324];10759.38303;1;0;[0.7156];[-0.2344];10706.43342;200),(519762.26807;[0.7876];[-0.1624];10174.89409;1;0;[0.7878];[-0.1622];10139.81172;200),(520742.44976;[0.8438];[-0.1062];9513.04926;1;0;[0.8464];[-0.1036];9489.02445;200),(521651.84951;[0.8693];[-0.0807];9099.17120;1;0;[0.8711];[-0.0789];9079.37077;200),(522890.26356;[0.881];[-0.069];8600.60864;1;0;[0.883];[-0.067];8584.70966;200),(523860.69465;[0.8626];[-0.0874];7830.15749;1;0;[0.8626];[-0.0874];7818.91108;200),(524325.69051;[0.8626];[-0.0874];7830.15749;1;0;[0.8626];[-0.0874];7818.91108;200),(525551.54943;[0.7207];[-0.2293];10746.48497;1;0;[0.7191];[-0.2309];10694.25033;200),(526807.62506;[0.8019];[-0.1481];10153.26214;1;0;[0.801];[-0.149];10120.39826;200),(527891.18123;[0.8438];[-0.1062];9465.01335;1;0;[0.8461];[-0.1039];9440.57774;200),(528674.60346;[0.8693];[-0.0807];9099.17120;1;0;[0.8711];[-0.0789];9079.37077;200),(529805.17912;[0.881];[-0.069];8600.60864;1;0;[0.883];[-0.067];8584.70966;200),(530666.65840;[0.8626];[-0.0874];7830.15749;1;0;[0.8626];[-0.0874];7818.91108;200),(531256.96063;[0.8626];[-0.0874];7830.15749;1;0;[0.8626];[-0.0874];7818.91108;200),(532347.54395;[0.7207];[-0.2293];10746.48497;1;0;[0.7191];[-0.2309];10694.25033;200),(533524.09744;[0.8019];[-0.1481];10153.26214;1;0;[0.801];[-0.149];10120.39826;200),(534503.23582;[0.8438];[-0.1062];9465.01335;1;0;[0.8461];[-0.1039];9440.57774;200),(535387.49552;[0.8693];[-0.0807];9099.17120;1;0;[0.8711];[-0.0789];9079.37077;200),(536459.06591;[0.881];[-0.069];8600.60864;1;0;[0.883];[-0.067];8584.70966;200),(537443.58182;[0.8626];[-0.0874];7830.15749;1;0;[0.8626];[-0.0874];7818.91108;200),(537866.37712;[0.8626];[-0.0874];7830.15749;1;0;[0.8626];[-0.0874];7818.91108;200),(538961.48181;[0.7177];[-0.2323];10723.68510;1;0;[0.7164];[-0.2336];10672.00670;200),(540198.06075;[0.8019];[-0.1481];10153.26214;1;0;[0.801];[-0.149];10120.39826;200),(541250.39601;[0.8438];[-0.1062];9464.86435;1;0;[0.8461];[-0.1039];9440.42869;200),(542123.64125;[0.8693];[-0.0807];9099.17120;1;0;[0.8711];[-0.0789];9079.37077;200),(543210.42371;[0.881];[-0.069];8600.60864;1;0;[0.883];[-0.067];8584.70966;200),(544012.15219;[0.8626];[-0.0874];7830.15749;1;0;[0.8626];[-0.0874];7818.91108;200),(544551.31841;[0.8626];[-0.0874];7830.15749;1;0;[0.8626];[-0.0874];7818.91108;200),(545664.38746;[0.7177];[-0.2323];10723.68510;1;0;[0.7164];[-0.2336];10672.00670;200),(546789.70098;[0.803];[-0.147];10152.96470;1;0;[0.8022];[-0.1478];10120.20316;200),(547783.21362;[0.8438];[-0.1062];9465.01335;1;0;[0.8461];[-0.1039];9440.57774;200),(548849.57504;[0.8693];[-0.0807];9099.17120;1;0;[0.8711];[-0.0789];9079.37077;200),(550024.40524;[0.881];[-0.069];8600.60864;1;0;[0.883];[-0.067];8584.70966;200),(550813.14230;[0.8626];[-0.0874];7830.15749;1;0;[0.8626];[-0.0874];7818.91108;200),(551298.33841;[0.8626];[-0.0874];7830.15749;1;0;[0.8626];[-0.0874];7818.91108;200),(552566.80894;[0.7351];[-0.2149];10707.68482;1;0;[0.7328];[-0.2172];10658.66557;200),(553585.35790;[0.7923];[-0.1577];10153.63793;1;0;[0.7907];[-0.1593];10117.30468;200),(554629.78506;[0.8438];[-0.1062];9465.01335;1;0;[0.8461];[-0.1039];9440.57774;200),(555470.56198;[0.8693];[-0.0807];9099.17120;1;0;[0.8711];[-0.0789];9079.37077;200),(556613.17444;[0.881];[-0.069];8600.60864;1;0;[0.883];[-0.067];8584.70966;200),(557418.47706;[0.8626];[-0.0874];7830.15749;1;0;[0.8626];[-0.0874];7818.91108;200),(557840.74926;[0.8626];[-0.0874];7830.15749;1;0;[0.8626];[-0.0874];7818.91108;200),(559453.27497;[0.7351];[-0.2149];10707.68482;1;0;[0.7328];[-0.2172];10658.66557;200),(560344.53583;[0.7923];[-0.1577];10153.63793;1;0;[0.7907];[-0.1593];10117.30468;200),(561343.39619;[0.8438];[-0.1062];9465.01335;1;0;[0.8461];[-0.1039];9440.57774;200),(562199.55635;[0.8693];[-0.0807];9099.17120;1;0;[0.8711];[-0.0789];9079.37077;200),(563221.89593;[0.881];[-0.069];8600.60864;1;0;[0.883];[-0.067];8584.70966;200),(564181.93769;[0.8626];[-0.0874];7830.15749;1;0;[0.8626];[-0.0874];7818.91108;200),(564605.67594;[0.8626];[-0.0874];7830.15749;1;0;[0.8626];[-0.0874];7818.91108;200),(565804.54707;[0.8265];[-0.1235];10690.89917;1;0;[0.8288];[-0.1212];10649.81406;200),(566613.28745;[0.7923];[-0.1577];10153.63793;1;0;[0.7907];[-0.1593];10117.30468;200),(567538.45358;[0.8438];[-0.1062];9465.01335;1;0;[0.8461];[-0.1039];9440.57774;200),(568291.80121;[0.8693];[-0.0807];9099.17120;1;0;[0.8711];[-0.0789];9079.37077;200),(569308.47907;[0.881];[-0.069];8600.60864;1;0;[0.883];[-0.067];8584.70966;200),(570048.59304;[0.8626];[-0.0874];7830.15749;1;0;[0.8626];[-0.0874];7818.91108;200),(570454.91695;[0.8626];[-0.0874];7830.15749;1;0;[0.8626];[-0.0874];7818.91108;200),(571628.44968;[0.8265];[-0.1235];10690.89917;1;0;[0.8288];[-0.1212];10649.81406;200),(572468.19997;[0.7923];[-0.1577];10153.63793;1;0;[0.7907];[-0.1593];10117.30468;200),(573421.13113;[0.8438];[-0.1062];9465.01335;1;0;[0.8461];[-0.1039];9440.57774;200),(574153.72729;[0.8693];[-0.0807];9099.17120;1;0;[0.8711];[-0.0789];9079.37077;200),(575280.18904;[0.881];[-0.069];8600.60864;1;0;[0.883];[-0.067];8584.70966;200),(576098.23895;[0.8626];[-0.0874];7830.15749;1;0;[0.8626];[-0.0874];7818.91108;200),(576518.32294;[0.8626];[-0.0874];7830.15749;1;0;[0.8626];[-0.0874];7818.91108;200),(577432.14345;[0.7071];[-0.2429];10683.03545;1;0;[0.7051];[-0.2449];10629.07541;200),(578616.75310;[0.7952];[-0.1548];10135.08885;1;0;[0.7953];[-0.1547];10099.17290;200),(579441.02263;[0.8472];[-0.1028];9437.41619;1;0;[0.8504];[-0.0996];9414.03204;200),(580506.71506;[0.8747];[-0.0753];9006.67904;1;0;[0.8749];[-0.0751];8987.32346;200),(581501.57690;[0.881];[-0.069];8600.60864;1;0;[0.883];[-0.067];8584.70966;200),(582280.37930;[0.8626];[-0.0874];7830.15749;1;0;[0.8626];[-0.0874];7818.91108;200),(582793.48063;[0.8626];[-0.0874];7830.15749;1;0;[0.8626];[-0.0874];7818.91108;200),(583736.36413;[0.7071];[-0.2429];10683.03545;1;0;[0.7051];[-0.2449];10629.07541;200),(584943.57252;[0.7952];[-0.1548];10135.08885;1;0;[0.7953];[-0.1547];10099.17290;200),(585781.91209;[0.8472];[-0.1028];9437.41619;1;0;[0.8504];[-0.0996];9414.03204;200),(586607.63955;[0.8747];[-0.0753];9006.67904;1;0;[0.8749];[-0.0751];8987.32346;200),(587607.27358;[0.881];[-0.069];8600.60864;1;0;[0.883];[-0.067];8584.70966;200),(588396.71898;[0.8626];[-0.0874];7830.15749;1;0;[0.8626];[-0.0874];7818.91108;200),(588886.00969;[0.8626];[-0.0874];7830.15749;1;0;[0.8626];[-0.0874];7818.91108;200),(589915.32993;[0.7098];[-0.2402];10678.31645;1;0;[0.7082];[-0.2418];10624.90974;200),(591355.42607;[0.7952];[-0.1548];10135.08885;1;0;[0.7953];[-0.1547];10099.17290;200),(592187.19935;[0.8472];[-0.1028];9437.41619;1;0;[0.8504];[-0.0996];9414.03204;200),(593021.83461;[0.8747];[-0.0753];9006.67904;1;0;[0.8749];[-0.0751];8987.32346;200),(593907.75871;[0.881];[-0.069];8600.60864;1;0;[0.883];[-0.067];8584.70966;200),(594915.91835;[0.8626];[-0.0874];7830.15749;1;0;[0.8626];[-0.0874];7818.91108;200),(595348.60110;[0.8626];[-0.0874];7830.15749;1;0;[0.8626];[-0.0874];7818.91108;200),(596331.66528;[0.7098];[-0.2402];10678.31645;1;0;[0.7082];[-0.2418];10624.90974;200),(597485.73112;[0.7952];[-0.1548];10135.08885;1;0;[0.7953];[-0.1547];10099.17290;200),(598239.27116;[0.8472];[-0.1028];9437.41619;1;0;[0.8504];[-0.0996];9414.03204;200),(599058.04825;[0.8747];[-0.0753];9006.67904;1;0;[0.8749];[-0.0751];8987.32346;200),(599890.04612;[0.881];[-0.069];8600.60864;1;0;[0.883];[-0.067];8584.70966;200)]"
5,1,8414.480743945589,0.87078,1,0,[0.6942],[-0.2558],600014.0674114227,"[(3773.13614;[0.5363];[-0.4137];9692.85777;1;0;[0.536];[-0.414];9646.08017;100),(5475.10457;[0.5372];[-0.4128];9693.47839;1;0;[0.5361];[-0.4139];9646.31222;100),(6526.38173;[0.5372];[-0.4128];9693.47839;1;0;[0.5361];[-0.4139];9646.31222;100),(7133.67200;[0.5372];[-0.4128];9693.47839;1;0;[0.5361];[-0.4139];9646.31222;100),(7823.53520;[0.5372];[-0.4128];9693.47839;1;0;[0.5361];[-0.4139];9646.31222;100),(8500.01526;[0.5372];[-0.4128];9693.47839;1;0;[0.5361];[-0.4139];9646.31222;100),(9391.40630;[0.6783];[-0.2717];8573.49730;1;0;[0.6752];[-0.2748];8550.55498;100),(10154.92606;[0.6654];[-0.2846];8129.45851;1;0;[0.6636];[-0.2864];8111.21458;100),(10818.12906;[0.6053];[-0.3447];7524.92969;1;0;[0.6009];[-0.3491];7512.12788;100),(11340.26718;[0.4335];[-0.5165];6854.65574;1;0;[0.4322];[-0.5178];6846.01924;100),(11778.42712;[0.3371];[-0.6129];6600.41445;1;0;[0.3403];[-0.6097];6593.23858;100),(12140.61546;[0.3366];[-0.6134];6593.25104;1;0;[0.3392];[-0.6108];6585.96412;100),(12951.01404;[0.3304];[-0.6196];6571.47629;1;0;[0.3342];[-0.6158];6564.14933;100),(13967.08751;[0.3289];[-0.6211];6569.18314;1;0;[0.3333];[-0.6167];6561.90649;100),(15112.15377;[0.5532];[-0.3968];9629.52173;1;0;[0.5492];[-0.4008];9573.65012;100),(15825.31929;[0.6502];[-0.2998];9036.03819;1;0;[0.6498];[-0.3002];9003.50956;100),(17239.99953;[0.6831];[-0.2669];8437.06315;1;0;[0.6793];[-0.2707];8415.86009;100),(18049.07465;[0.6453];[-0.3047];7842.08993;1;0;[0.6443];[-0.3057];7826.70914;100),(18995.43738;[0.3289];[-0.6211];6569.18314;1;0;[0.3333];[-0.6167];6561.90649;100),(21556.56123;[0.5582];[-0.3918];9610.39002;1;0;[0.5539];[-0.3961];9556.14167;100),(22328.05252;[0.6559];[-0.2941];9005.81826;1;0;[0.6559];[-0.2941];8974.82710;100),(23433.58779;[0.6799];[-0.2701];8385.48136;1;0;[0.6766];[-0.2734];8364.46452;100),(24622.46513;[0.6007];[-0.3493];7505.44931;1;0;[0.5962];[-0.3538];7492.65706;100),(27927.40989;[0.5532];[-0.3968];9629.52173;1;0;[0.5492];[-0.4008];9573.65012;100),(29269.74511;[0.6426];[-0.3074];9043.31971;1;0;[0.6423];[-0.3077];9011.68115;100),(30503.40152;[0.6942];[-0.2558];8510.82947;1;0;[0.6912];[-0.2588];8489.53006;100),(31726.10998;[0.6619];[-0.2881];7993.86755;1;0;[0.66];[-0.29];7977.50230;100),(33099.93720;[0.55];[-0.4];7285.07430;1;0;[0.5455];[-0.4045];7273.20879;100),(33698.47202;[0.3406];[-0.6094];6609.12626;1;0;[0.344];[-0.606];6601.88354;100),(34104.15149;[0.3374];[-0.6126];6598.06953;1;0;[0.3405];[-0.6095];6590.80308;100),(34778.49555;[0.3367];[-0.6133];6596.28336;1;0;[0.3391];[-0.6109];6589.06977;100),(35153.66101;[0.3366];[-0.6134];6593.25104;1;0;[0.3392];[-0.6108];6585.96412;100),(35460.10375;[0.3366];[-0.6134];6593.25104;1;0;[0.3392];[-0.6108];6585.96412;100),(37270.31446;[0.5657];[-0.3843];9593.73365;1;0;[0.5609];[-0.3891];9543.87241;100),(38325.21582;[0.6559];[-0.2941];9005.81826;1;0;[0.6559];[-0.2941];8974.82710;100),(39455.63817;[0.6837];[-0.2663];8471.61124;1;0;[0.6794];[-0.2706];8450.50740;100),(40439.07499;[0.6487];[-0.3013];7846.45086;1;0;[0.6483];[-0.3017];7831.33795;100),(42723.69218;[0.5547];[-0.3953];7298.36064;1;0;[0.55];[-0.4];7286.68681;100),(43167.30428;[0.3374];[-0.6126];6598.06953;1;0;[0.3405];[-0.6095];6590.80308;100),(43687.82854;[0.3366];[-0.6134];6593.25104;1;0;[0.3392];[-0.6108];6585.96412;100),(45467.66329;[0.5723];[-0.3777];9582.90812;1;0;[0.5686];[-0.3814];9536.60512;100),(46351.21679;[0.6528];[-0.2972];9021.57971;1;0;[0.6533];[-0.2967];8989.69198;100),(47536.43608;[0.6936];[-0.2564];8498.18411;1;0;[0.69];[-0.26];8477.48889;100),(48323.80819;[0.6554];[-0.2946];7871.72380;1;0;[0.6551];[-0.2949];7856.67937;100),(50097.06664;[0.5571];[-0.3929];7308.83760;1;0;[0.5525];[-0.3975];7297.11396;100),(50715.18826;[0.4335];[-0.5165];6854.65574;1;0;[0.4322];[-0.5178];6846.01924;100),(51259.76324;[0.4323];[-0.5177];6847.74706;1;0;[0.4304];[-0.5196];6838.99369;100),(51830.46579;[0.4282];[-0.5218];6834.34713;1;0;[0.4263];[-0.5237];6825.64028;100),(52177.88625;[0.4282];[-0.5218];6834.34713;1;0;[0.4263];[-0.5237];6825.64028;100),(52641.72244;[0.4264];[-0.5236];6827.90729;1;0;[0.4243];[-0.5257];6819.21266;100),(52963.91296;[0.4264];[-0.5236];6827.90729;1;0;[0.4243];[-0.5257];6819.21266;100),(53326.42674;[0.4264];[-0.5236];6827.90729;1;0;[0.4243];[-0.5257];6819.21266;100),(54767.69447;[0.574];[-0.376];9570.41952;1;0;[0.5701];[-0.3799];9524.26016;100),(55644.32549;[0.6565];[-0.2935];8996.70290;1;0;[0.6559];[-0.2941];8966.84735;100),(56586.46345;[0.6879];[-0.2621];8452.02512;1;0;[0.6834];[-0.2666];8430.89546;100),(57361.87434;[0.6602];[-0.2898];7986.31637;1;0;[0.6594];[-0.2906];7969.95275;100),(57986.34768;[0.4264];[-0.5236];6827.90729;1;0;[0.4243];[-0.5257];6819.21266;100),(59978.77789;[0.574];[-0.376];9570.41952;1;0;[0.5701];[-0.3799];9524.26016;100),(60624.94969;[0.6565];[-0.2935];8996.70290;1;0;[0.6559];[-0.2941];8966.84735;100),(61542.87100;[0.6879];[-0.2621];8452.02512;1;0;[0.6834];[-0.2666];8430.89546;100),(62212.24976;[0.6602];[-0.2898];7986.31637;1;0;[0.6594];[-0.2906];7969.95275;100),(63454.66399;[0.5968];[-0.3532];7498.44300;1;0;[0.591];[-0.359];7485.40789;100),(63865.26608;[0.4973];[-0.4527];7083.01346;1;0;[0.4993];[-0.4507];7072.82764;100),(64233.64234;[0.4328];[-0.5172];6851.34745;1;0;[0.4313];[-0.5187];6842.68489;100),(64569.03052;[0.4264];[-0.5236];6827.90729;1;0;[0.4243];[-0.5257];6819.21266;100),(66468.52541;[0.5812];[-0.3688];9550.34398;1;0;[0.5777];[-0.3723];9507.33560;100),(67369.76862;[0.6559];[-0.2941];9005.81826;1;0;[0.6559];[-0.2941];8974.82710;100),(68214.90121;[0.6872];[-0.2628];8452.92875;1;0;[0.6826];[-0.2674];8432.16248;100),(69025.06685;[0.6615];[-0.2885];7990.89705;1;0;[0.6601];[-0.2899];7974.56450;100),(70048.47884;[0.5975];[-0.3525];7503.20131;1;0;[0.5917];[-0.3583];7490.12163;100),(70460.60586;[0.4983];[-0.4517];7089.51464;1;0;[0.501];[-0.449];7079.38204;100),(70823.56238;[0.4966];[-0.4534];7076.79985;1;0;[0.4978];[-0.4522];7066.62731;100),(71309.97181;[0.4953];[-0.4547];7073.34554;1;0;[0.4973];[-0.4527];7063.13654;100),(71623.76666;[0.494];[-0.456];7068.62892;1;0;[0.4963];[-0.4537];7058.39852;100),(72519.04821;[0.494];[-0.456];7068.62892;1;0;[0.4963];[-0.4537];7058.39852;100),(73954.72693;[0.5811];[-0.3689];9522.19590;1;0;[0.5771];[-0.3729];9478.42879;100),(75044.18778;[0.6596];[-0.2904];8990.03997;1;0;[0.6599];[-0.2901];8960.27332;100),(75928.22170;[0.6939];[-0.2561];8464.42281;1;0;[0.6894];[-0.2606];8443.66096;100),(76642.35187;[0.6627];[-0.2873];7992.85849;1;0;[0.6608];[-0.2892];7976.54358;100),(77200.96111;[0.494];[-0.456];7068.62892;1;0;[0.4963];[-0.4537];7058.39852;100),(79062.64329;[0.592];[-0.358];9491.02158;1;0;[0.5886];[-0.3614];9450.80610;100),(80127.57945;[0.6596];[-0.2904];8990.03997;1;0;[0.6599];[-0.2901];8960.27332;100),(81091.60018;[0.6939];[-0.2561];8464.42281;1;0;[0.6894];[-0.2606];8443.66096;100),(81838.60445;[0.6627];[-0.2873];7992.85849;1;0;[0.6608];[-0.2892];7976.54358;100),(83493.65234;[0.597];[-0.353];7503.91318;1;0;[0.5917];[-0.3583];7490.80422;100),(84034.27458;[0.4983];[-0.4517];7089.51464;1;0;[0.501];[-0.449];7079.38204;100),(84444.02194;[0.4961];[-0.4539];7075.44508;1;0;[0.4976];[-0.4524];7065.32550;100),(84960.71577;[0.4953];[-0.4547];7073.34554;1;0;[0.4973];[-0.4527];7063.13654;100),(85599.21312;[0.494];[-0.456];7068.62892;1;0;[0.4963];[-0.4537];7058.39852;100),(85883.12387;[0.494];[-0.456];7068.62892;1;0;[0.4963];[-0.4537];7058.39852;100),(87094.43808;[0.5758];[-0.3742];9514.78869;1;0;[0.5718];[-0.3782];9466.05352;100),(88283.79869;[0.6671];[-0.2829];8956.96807;1;0;[0.6666];[-0.2834];8928.27777;100),(88913.54561;[0.6913];[-0.2587];8428.74860;1;0;[0.6869];[-0.2631];8408.52265;100),(89737.24842;[0.6452];[-0.3048];7845.08832;1;0;[0.6447];[-0.3053];7829.67992;100),(91867.08641;[0.5758];[-0.3742];9514.78869;1;0;[0.5718];[-0.3782];9466.05352;100),(92687.57534;[0.6657];[-0.2843];8989.11899;1;0;[0.6652];[-0.2848];8960.29490;100),(93786.19766;[0.693];[-0.257];8498.43876;1;0;[0.6899];[-0.2601];8477.71257;100),(94498.98863;[0.6624];[-0.2876];7994.65731;1;0;[0.6604];[-0.2896];7978.30358;100),(95203.13454;[0.6199];[-0.3301];7651.89367;1;0;[0.6154];[-0.3346];7637.19078;100),(95868.35265;[0.4966];[-0.4534];7076.79985;1;0;[0.4978];[-0.4522];7066.62731;100),(96226.65477;[0.494];[-0.456];7068.62892;1;0;[0.4963];[-0.4537];7058.39852;100),(96825.88148;[0.494];[-0.456];7068.62892;1;0;[0.4963];[-0.4537];7058.39852;100),(97683.92277;[0.5782];[-0.3718];9512.78649;1;0;[0.5737];[-0.3763];9464.63645;100),(98399.13344;[0.6625];[-0.2875];8974.86400;1;0;[0.6628];[-0.2872];8945.46539;100),(99450.16646;[0.6866];[-0.2634];8439.28278;1;0;[0.6822];[-0.2678];8418.72398;100),(100438.16686;[0.6445];[-0.3055];7846.34720;1;0;[0.6439];[-0.3061];7830.88668;100),(100997.30420;[0.494];[-0.456];7068.62892;1;0;[0.4963];[-0.4537];7058.39852;100),(102401.35121;[0.5827];[-0.3673];9492.11948;1;0;[0.5786];[-0.3714];9444.91488;100),(102974.80750;[0.6705];[-0.2795];8937.65228;1;0;[0.669];[-0.281];8909.75909;100),(104012.40849;[0.6854];[-0.2646];8441.02792;1;0;[0.6811];[-0.2689];8419.82350;100),(104930.41325;[0.6445];[-0.3055];7846.34720;1;0;[0.6439];[-0.3061];7830.88668;100),(106474.96963;[0.494];[-0.456];7068.62892;1;0;[0.4963];[-0.4537];7058.39852;100),(107460.66880;[0.5827];[-0.3673];9492.11948;1;0;[0.5786];[-0.3714];9444.91488;100),(108466.01486;[0.6625];[-0.2875];8974.86400;1;0;[0.6628];[-0.2872];8945.46539;100),(109486.75776;[0.6885];[-0.2615];8485.16757;1;0;[0.6843];[-0.2657];8463.83649;100),(110329.00047;[0.6684];[-0.2816];8002.00244;1;0;[0.6672];[-0.2828];7985.99281;100),(111268.07547;[0.6238];[-0.3262];7673.31176;1;0;[0.6197];[-0.3303];7658.67018;100),(111680.15647;[0.4953];[-0.4547];7073.34554;1;0;[0.4973];[-0.4527];7063.13654;100),(112072.81113;[0.494];[-0.456];7068.62892;1;0;[0.4963];[-0.4537];7058.39852;100),(113642.51614;[0.5899];[-0.3601];9481.35616;1;0;[0.5857];[-0.3643];9436.09531;100),(114400.59304;[0.6666];[-0.2834];8955.87249;1;0;[0.6663];[-0.2837];8927.14060;100),(115203.34101;[0.6883];[-0.2617];8454.89718;1;0;[0.6843];[-0.2657];8433.81018;100),(116321.44475;[0.6522];[-0.2978];7859.74570;1;0;[0.6519];[-0.2981];7844.70281;100),(118135.26082;[0.5899];[-0.3601];9481.35616;1;0;[0.5857];[-0.3643];9436.09531;100),(119178.41697;[0.6666];[-0.2834];8955.87249;1;0;[0.6663];[-0.2837];8927.14060;100),(119913.50818;[0.6883];[-0.2617];8454.89718;1;0;[0.6843];[-0.2657];8433.81018;100),(120911.62109;[0.6711];[-0.2789];8015.65665;1;0;[0.6696];[-0.2804];7999.66275;100),(121622.89548;[0.6252];[-0.3248];7681.55448;1;0;[0.6216];[-0.3284];7666.99523;100),(122146.07930;[0.5471];[-0.4029];7273.22791;1;0;[0.5423];[-0.4077];7261.41468;100),(122825.54078;[0.5471];[-0.4029];7273.22791;1;0;[0.5423];[-0.4077];7261.41468;100),(123097.71776;[0.5471];[-0.4029];7273.22791;1;0;[0.5423];[-0.4077];7261.41468;100),(123857.31554;[0.5987];[-0.3513];9446.23954;1;0;[0.597];[-0.353];9403.88834;100),(124510.72550;[0.6713];[-0.2787];8935.79675;1;0;[0.6693];[-0.2807];8907.95807;100),(125500.78773;[0.6924];[-0.2576];8428.33006;1;0;[0.6881];[-0.2619];8408.20300;100),(126252.79522;[0.6569];[-0.2931];7959.75476;1;0;[0.6554];[-0.2946];7943.05491;100),(126867.64121;[0.5471];[-0.4029];7273.22791;1;0;[0.5423];[-0.4077];7261.41468;100),(127994.47894;[0.5987];[-0.3513];9446.23954;1;0;[0.597];[-0.353];9403.88834;100),(128735.58521;[0.6713];[-0.2787];8935.79675;1;0;[0.6693];[-0.2807];8907.95807;100),(129524.77694;[0.6924];[-0.2576];8428.33006;1;0;[0.6881];[-0.2619];8408.20300;100),(130404.50621;[0.6569];[-0.2931];7959.75476;1;0;[0.6554];[-0.2946];7943.05491;100),(131717.22627;[0.5471];[-0.4029];7273.22791;1;0;[0.5423];[-0.4077];7261.41468;100),(132468.59837;[0.5987];[-0.3513];9446.23954;1;0;[0.597];[-0.353];9403.88834;100),(133264.08911;[0.6713];[-0.2787];8935.79675;1;0;[0.6693];[-0.2807];8907.95807;100),(134014.61840;[0.6929];[-0.2571];8496.94924;1;0;[0.6897];[-0.2603];8476.19443;100),(134655.51710;[0.674];[-0.276];8123.57740;1;0;[0.6727];[-0.2773];8106.01505;100),(135548.92755;[0.625];[-0.325];7683.66095;1;0;[0.621];[-0.329];7669.02624;100),(135935.22191;[0.5484];[-0.4016];7277.69165;1;0;[0.5438];[-0.4062];7265.91894;100),(136540.83014;[0.5471];[-0.4029];7273.22791;1;0;[0.5423];[-0.4077];7261.41468;100),(136835.28948;[0.5471];[-0.4029];7273.22791;1;0;[0.5423];[-0.4077];7261.41468;100),(137702.09837;[0.612];[-0.338];9386.12869;1;0;[0.6087];[-0.3413];9347.78129;100),(138542.85526;[0.6732];[-0.2768];8906.72625;1;0;[0.6718];[-0.2782];8879.55379;100),(139573.48895;[0.6976];[-0.2524];8434.37850;1;0;[0.694];[-0.256];8414.56022;100),(140595.71171;[0.662];[-0.288];7988.15665;1;0;[0.6602];[-0.2898];7971.87473;100),(141302.84381;[0.5471];[-0.4029];7273.22791;1;0;[0.5423];[-0.4077];7261.41468;100),(142186.08022;[0.5471];[-0.4029];7273.22791;1;0;[0.5423];[-0.4077];7261.41468;100),(143399.39332;[0.612];[-0.338];9386.12869;1;0;[0.6087];[-0.3413];9347.78129;100),(144170.00771;[0.6732];[-0.2768];8906.72625;1;0;[0.6718];[-0.2782];8879.55379;100),(145166.81218;[0.6976];[-0.2524];8434.37850;1;0;[0.694];[-0.256];8414.56022;100),(146131.46567;[0.662];[-0.288];7988.15665;1;0;[0.6602];[-0.2898];7971.87473;100),(147023.53096;[0.5471];[-0.4029];7273.22791;1;0;[0.5423];[-0.4077];7261.41468;100),(148516.28208;[0.6131];[-0.3369];9353.66117;1;0;[0.6092];[-0.3408];9315.40413;100),(149394.13857;[0.6802];[-0.2698];8867.87387;1;0;[0.6794];[-0.2706];8841.60042;100),(150285.27761;[0.6952];[-0.2548];8352.55916;1;0;[0.6912];[-0.2588];8333.28488;100),(151057.73377;[0.6312];[-0.3188];7690.32940;1;0;[0.6264];[-0.3236];7676.06058;100),(151505.96046;[0.6238];[-0.3262];7673.14710;1;0;[0.6196];[-0.3304];7658.55398;100),(152022.43972;[0.596];[-0.354];7497.94928;1;0;[0.5907];[-0.3593];7484.88451;100),(152378.55959;[0.5929];[-0.3571];7486.72108;1;0;[0.587];[-0.363];7473.61286;100),(152870.04209;[0.5533];[-0.3967];7293.20251;1;0;[0.5483];[-0.4017];7281.47322;100),(153361.39345;[0.5502];[-0.3998];7284.76972;1;0;[0.5457];[-0.4043];7272.95348;100),(153697.23153;[0.5484];[-0.4016];7277.69165;1;0;[0.5438];[-0.4062];7265.91894;100),(154251.19138;[0.5471];[-0.4029];7273.22791;1;0;[0.5423];[-0.4077];7261.41468;100),(154960.60038;[0.6118];[-0.3382];9336.22904;1;0;[0.6078];[-0.3422];9297.46913;100),(155916.62669;[0.6827];[-0.2673];8836.24262;1;0;[0.6818];[-0.2682];8810.85644;100),(156950.82998;[0.6786];[-0.2714];8263.94081;1;0;[0.6746];[-0.2754];8244.78289;100),(158156.08597;[0.6453];[-0.3047];7842.08993;1;0;[0.6443];[-0.3057];7826.70914;100),(158551.37420;[0.5929];[-0.3571];7486.72108;1;0;[0.587];[-0.363];7473.61286;100),(158993.76106;[0.5918];[-0.3582];7483.37372;1;0;[0.5863];[-0.3637];7470.22878;100),(159582.21459;[0.5908];[-0.3592];7478.76128;1;0;[0.5855];[-0.3645];7465.59552;100),(160788.95807;[0.6104];[-0.3396];9303.54147;1;0;[0.6057];[-0.3443];9264.56853;100),(161485.06904;[0.6827];[-0.2673];8846.37719;1;0;[0.6821];[-0.2679];8820.55909;100),(162267.63272;[0.6925];[-0.2575];8428.44341;1;0;[0.6884];[-0.2616];8408.32845;100),(163080.32346;[0.6452];[-0.3048];7845.08832;1;0;[0.6447];[-0.3053];7829.67992;100),(163616.98055;[0.5957];[-0.3543];7495.42679;1;0;[0.59];[-0.36];7482.33402;100),(164009.05538;[0.5917];[-0.3583];7483.40988;1;0;[0.5862];[-0.3638];7470.24043;100),(164489.97641;[0.5918];[-0.3582];7483.37372;1;0;[0.5863];[-0.3637];7470.22878;100),(164773.20933;[0.5918];[-0.3582];7483.37372;1;0;[0.5863];[-0.3637];7470.22878;100),(165129.16875;[0.5908];[-0.3592];7478.76128;1;0;[0.5855];[-0.3645];7465.59552;100),(166789.08014;[0.6137];[-0.3363];9304.37732;1;0;[0.6107];[-0.3393];9266.00034;100),(167426.84722;[0.687];[-0.263];8820.00612;1;0;[0.6855];[-0.2645];8795.18306;100),(168292.18316;[0.6936];[-0.2564];8345.79521;1;0;[0.6898];[-0.2602];8326.47590;100),(169382.74050;[0.6451];[-0.3049];7846.13932;1;0;[0.6449];[-0.3051];7830.74060;100),(170074.98693;[0.5929];[-0.3571];7486.72108;1;0;[0.587];[-0.363];7473.61286;100),(170412.39810;[0.5918];[-0.3582];7483.37372;1;0;[0.5863];[-0.3637];7470.22878;100),(171225.69442;[0.5908];[-0.3592];7478.76128;1;0;[0.5855];[-0.3645];7465.59552;100),(172081.00057;[0.6127];[-0.3373];9299.20230;1;0;[0.6105];[-0.3395];9260.39463;100),(173184.00478;[0.6836];[-0.2664];8845.90846;1;0;[0.6827];[-0.2673];8820.16763;100),(173974.14875;[0.6855];[-0.2645];8369.03027;1;0;[0.6822];[-0.2678];8348.44929;100),(174801.40567;[0.6516];[-0.2984];7856.99647;1;0;[0.6516];[-0.2984];7841.92839;100),(175153.96142;[0.6207];[-0.3293];7656.03627;1;0;[0.6168];[-0.3332];7641.37309;100),(175643.02850;[0.5929];[-0.3571];7486.72108;1;0;[0.587];[-0.363];7473.61286;100),(176037.17065;[0.5918];[-0.3582];7483.37372;1;0;[0.5863];[-0.3637];7470.22878;100),(176325.04272;[0.5918];[-0.3582];7483.37372;1;0;[0.5863];[-0.3637];7470.22878;100),(176610.57019;[0.5918];[-0.3582];7483.37372;1;0;[0.5863];[-0.3637];7470.22878;100),(177418.47658;[0.6161];[-0.3339];9286.07067;1;0;[0.6136];[-0.3364];9247.78231;100),(178018.93091;[0.6876];[-0.2624];8817.80727;1;0;[0.6865];[-0.2635];8793.07059;100),(178662.51445;[0.6893];[-0.2607];8341.74149;1;0;[0.6849];[-0.2651];8322.07504;100),(180176.58710;[0.6598];[-0.2902];7983.91050;1;0;[0.659];[-0.291];7967.52231;100),(180633.94570;[0.6239];[-0.3261];7674.99169;1;0;[0.6204];[-0.3296];7660.42580;100),(181079.33855;[0.6199];[-0.3301];7651.89367;1;0;[0.6154];[-0.3346];7637.19078;100),(182251.43313;[0.6152];[-0.3348];9274.67149;1;0;[0.6132];[-0.3368];9235.88405;100),(183359.08461;[0.6818];[-0.2682];8820.62072;1;0;[0.68];[-0.27];8795.04397;100),(184100.52323;[0.6978];[-0.2522];8434.16803;1;0;[0.6942];[-0.2558];8414.38601;100),(184771.15488;[0.6627];[-0.2873];7992.85849;1;0;[0.6608];[-0.2892];7976.54358;100),(185269.77491;[0.6252];[-0.3248];7680.95840;1;0;[0.621];[-0.329];7666.35269;100),(185745.95881;[0.6239];[-0.3261];7674.99169;1;0;[0.6204];[-0.3296];7660.42580;100),(186143.69822;[0.6236];[-0.3264];7670.05670;1;0;[0.6191];[-0.3309];7655.43720;100),(186657.08518;[0.6207];[-0.3293];7656.03627;1;0;[0.6168];[-0.3332];7641.37309;100),(187126.53136;[0.6199];[-0.3301];7651.89367;1;0;[0.6154];[-0.3346];7637.19078;100),(188334.50770;[0.6279];[-0.3221];9252.12366;1;0;[0.6257];[-0.3243];9216.01829;100),(189101.58205;[0.6863];[-0.2637];8701.83113;1;0;[0.6828];[-0.2672];8678.40378;100),(189968.64915;[0.6959];[-0.2541];8357.92248;1;0;[0.692];[-0.258];8338.62942;100),(191281.17251;[0.6624];[-0.2876];7994.65731;1;0;[0.6604];[-0.2896];7978.30358;100),(192207.08370;[0.6441];[-0.3059];7833.74909;1;0;[0.6428];[-0.3072];7818.37875;100),(192613.31701;[0.6235];[-0.3265];7670.79824;1;0;[0.6192];[-0.3308];7656.12942;100),(193342.98635;[0.6207];[-0.3293];7656.03627;1;0;[0.6168];[-0.3332];7641.37309;100),(194097.28098;[0.6199];[-0.3301];7651.89367;1;0;[0.6154];[-0.3346];7637.19078;100),(194968.75477;[0.6267];[-0.3233];9238.34188;1;0;[0.6244];[-0.3256];9201.82896;100),(195946.06137;[0.6876];[-0.2624];8817.80727;1;0;[0.6865];[-0.2635];8793.07059;100),(196575.35219;[0.6899];[-0.2601];8416.02699;1;0;[0.686];[-0.264];8395.79287;100),(197790.93385;[0.6725];[-0.2775];8114.79807;1;0;[0.6705];[-0.2795];8097.18923;100),(198261.80339;[0.6453];[-0.3047];7842.08993;1;0;[0.6443];[-0.3057];7826.70914;100),(198771.42072;[0.6236];[-0.3264];7670.05670;1;0;[0.6191];[-0.3309];7655.43720;100),(199335.80327;[0.6207];[-0.3293];7656.03627;1;0;[0.6168];[-0.3332];7641.37309;100),(199873.78550;[0.6207];[-0.3293];7656.03627;1;0;[0.6168];[-0.3332];7641.37309;100),(200301.37157;[0.6199];[-0.3301];7651.89367;1;0;[0.6154];[-0.3346];7637.19078;100),(201209.57112;[0.6274];[-0.3226];9202.84664;1;0;[0.6253];[-0.3247];9166.46479;100),(202007.38287;[0.6862];[-0.2638];8820.22596;1;0;[0.6846];[-0.2654];8795.36890;100),(202674.84236;[0.6924];[-0.2576];8428.33006;1;0;[0.6881];[-0.2619];8408.20300;100),(203790.42196;[0.6199];[-0.3301];7651.89367;1;0;[0.6154];[-0.3346];7637.19078;100),(205496.49429;[0.6274];[-0.3226];9202.84664;1;0;[0.6253];[-0.3247];9166.46479;100),(206222.26787;[0.6862];[-0.2638];8820.22596;1;0;[0.6846];[-0.2654];8795.36890;100),(206845.51406;[0.6924];[-0.2576];8428.33006;1;0;[0.6881];[-0.2619];8408.20300;100),(208148.84186;[0.674];[-0.276];8123.57740;1;0;[0.6727];[-0.2773];8106.01505;100),(208760.85949;[0.6447];[-0.3053];7842.73817;1;0;[0.6442];[-0.3058];7827.34881;100),(209481.11033;[0.6207];[-0.3293];7656.03627;1;0;[0.6168];[-0.3332];7641.37309;100),(210768.02325;[0.6207];[-0.3293];7656.03627;1;0;[0.6168];[-0.3332];7641.37309;100),(211967.60917;[0.6379];[-0.3121];9184.16887;1;0;[0.6383];[-0.3117];9150.71051;100),(213173.32315;[0.6829];[-0.2671];8682.33844;1;0;[0.6805];[-0.2695];8658.69754;100),(213880.20277;[0.6978];[-0.2522];8434.27776;1;0;[0.6942];[-0.2558];8414.48074;100),(215243.34741;[0.674];[-0.276];8125.91296;1;0;[0.673];[-0.277];8108.34112;100),(215804.02446;[0.6574];[-0.2926];7963.59141;1;0;[0.6563];[-0.2937];7946.91278;100),(216121.02365;[0.6445];[-0.3055];7839.98136;1;0;[0.6431];[-0.3069];7824.53818;100),(216498.35229;[0.6436];[-0.3064];7832.33793;1;0;[0.6421];[-0.3079];7816.91337;100),(216878.70359;[0.6432];[-0.3068];7829.10305;1;0;[0.6416];[-0.3084];7813.64102;100),(217489.09855;[0.6432];[-0.3068];7829.10305;1;0;[0.6416];[-0.3084];7813.64102;100),(218223.12403;[0.6408];[-0.3092];9171.00009;1;0;[0.6405];[-0.3095];9137.04365;100),(219142.42125;[0.6864];[-0.2636];8811.02679;1;0;[0.685];[-0.265];8786.22239;100),(219822.57771;[0.6879];[-0.2621];8452.02512;1;0;[0.6834];[-0.2666];8430.89546;100),(220509.88579;[0.6432];[-0.3068];7829.10305;1;0;[0.6416];[-0.3084];7813.64102;100),(221524.10293;[0.6432];[-0.3068];7829.10305;1;0;[0.6416];[-0.3084];7813.64102;100),(222108.97303;[0.6368];[-0.3132];9123.13297;1;0;[0.6366];[-0.3134];9089.38064;100),(223101.76897;[0.6855];[-0.2645];8656.15754;1;0;[0.6829];[-0.2671];8632.79858;100),(223825.92177;[0.6948];[-0.2552];8352.73535;1;0;[0.6907];[-0.2593];8333.41449;100),(224795.86482;[0.6432];[-0.3068];7829.10305;1;0;[0.6416];[-0.3084];7813.64102;100),(226181.49590;[0.6368];[-0.3132];9123.13297;1;0;[0.6366];[-0.3134];9089.38064;100),(227302.16622;[0.6855];[-0.2645];8656.15754;1;0;[0.6829];[-0.2671];8632.79858;100),(227983.59156;[0.6948];[-0.2552];8352.73535;1;0;[0.6907];[-0.2593];8333.41449;100),(229453.09401;[0.6432];[-0.3068];7829.10305;1;0;[0.6416];[-0.3084];7813.64102;100),(230240.21626;[0.6368];[-0.3132];9123.13297;1;0;[0.6366];[-0.3134];9089.38064;100),(231195.94455;[0.6864];[-0.2636];8811.02679;1;0;[0.685];[-0.265];8786.22239;100),(231812.90817;[0.6879];[-0.2621];8452.02512;1;0;[0.6834];[-0.2666];8430.89546;100),(232508.82554;[0.6821];[-0.2679];8234.66350;1;0;[0.6792];[-0.2708];8216.01949;100),(233137.35104;[0.6602];[-0.2898];7986.31637;1;0;[0.6594];[-0.2906];7969.95275;100),(233819.83137;[0.6453];[-0.3047];7842.08993;1;0;[0.6443];[-0.3057];7826.70914;100),(234203.18747;[0.6436];[-0.3064];7832.33793;1;0;[0.6421];[-0.3079];7816.91337;100),(234718.61148;[0.6432];[-0.3068];7829.10305;1;0;[0.6416];[-0.3084];7813.64102;100),(235009.09853;[0.6432];[-0.3068];7829.10305;1;0;[0.6416];[-0.3084];7813.64102;100),(235362.72955;[0.6432];[-0.3068];7829.10305;1;0;[0.6416];[-0.3084];7813.64102;100),(236483.49690;[0.6498];[-0.3002];9049.78258;1;0;[0.6506];[-0.2994];9018.61136;100),(237287.96697;[0.6863];[-0.2637];8640.48498;1;0;[0.6855];[-0.2645];8617.23844;100),(238156.58689;[0.6959];[-0.2541];8357.92248;1;0;[0.692];[-0.258];8338.62942;100),(239777.35376;[0.6432];[-0.3068];7829.10305;1;0;[0.6416];[-0.3084];7813.64102;100),(240790.83586;[0.6498];[-0.3002];9049.78258;1;0;[0.6506];[-0.2994];9018.61136;100),(241947.75271;[0.6753];[-0.2747];8674.65538;1;0;[0.6712];[-0.2788];8649.82746;100),(242630.50580;[0.6883];[-0.2617];8454.89718;1;0;[0.6843];[-0.2657];8433.81018;100),(243218.58621;[0.6836];[-0.2664];8241.69092;1;0;[0.6804];[-0.2696];8223.11412;100),(243687.66427;[0.6615];[-0.2885];7990.89705;1;0;[0.6601];[-0.2899];7974.56450;100),(244203.04108;[0.6447];[-0.3053];7842.73817;1;0;[0.6442];[-0.3058];7827.34881;100),(244782.42373;[0.6436];[-0.3064];7832.33793;1;0;[0.6421];[-0.3079];7816.91337;100),(245132.85494;[0.6432];[-0.3068];7829.10305;1;0;[0.6416];[-0.3084];7813.64102;100),(245506.79445;[0.6432];[-0.3068];7829.10305;1;0;[0.6416];[-0.3084];7813.64102;100),(245896.53468;[0.6432];[-0.3068];7829.10305;1;0;[0.6416];[-0.3084];7813.64102;100),(246865.10158;[0.6483];[-0.3017];9022.94427;1;0;[0.6488];[-0.3012];8991.35346;100),(248138.07726;[0.6781];[-0.2719];8644.30692;1;0;[0.6747];[-0.2753];8620.25125;100),(248702.88968;[0.6917];[-0.2583];8425.04547;1;0;[0.6875];[-0.2625];8404.87873;100),(249255.81503;[0.6432];[-0.3068];7829.10305;1;0;[0.6416];[-0.3084];7813.64102;100),(249964.96630;[0.6432];[-0.3068];7829.10305;1;0;[0.6416];[-0.3084];7813.64102;100),(251086.98368;[0.6527];[-0.2973];9014.49007;1;0;[0.6526];[-0.2974];8982.60859;100),(251695.03760;[0.6864];[-0.2636];8607.10709;1;0;[0.6837];[-0.2663];8584.00667;100),(252439.87656;[0.6828];[-0.2672];8242.61224;1;0;[0.6801];[-0.2699];8223.99624;100),(252855.49068;[0.6725];[-0.2775];8114.79807;1;0;[0.6705];[-0.2795];8097.18923;100),(253360.73446;[0.6602];[-0.2898];7976.99406;1;0;[0.6584];[-0.2916];7960.39525;100),(253667.64545;[0.6453];[-0.3047];7842.08993;1;0;[0.6443];[-0.3057];7826.70914;100),(254008.34274;[0.6432];[-0.3068];7829.10305;1;0;[0.6416];[-0.3084];7813.64102;100),(254386.22713;[0.6432];[-0.3068];7829.10305;1;0;[0.6416];[-0.3084];7813.64102;100),(255714.79630;[0.6657];[-0.2843];8989.11899;1;0;[0.6652];[-0.2848];8960.29490;100),(256387.08782;[0.6904];[-0.2596];8580.13976;1;0;[0.6877];[-0.2623];8558.04081;100),(257598.74129;[0.6892];[-0.2608];8249.35901;1;0;[0.686];[-0.264];8231.12718;100),(258098.40560;[0.6739];[-0.2761];8123.07602;1;0;[0.6724];[-0.2776];8105.52127;100),(258629.21715;[0.6602];[-0.2898];7986.31637;1;0;[0.6594];[-0.2906];7969.95275;100),(259272.47643;[0.6446];[-0.3054];7839.67673;1;0;[0.6437];[-0.3063];7824.26985;100),(259639.94670;[0.6436];[-0.3064];7832.33793;1;0;[0.6421];[-0.3079];7816.91337;100),(260016.29996;[0.6432];[-0.3068];7829.10305;1;0;[0.6416];[-0.3084];7813.64102;100),(260479.79569;[0.6432];[-0.3068];7829.10305;1;0;[0.6416];[-0.3084];7813.64102;100),(261250.15140;[0.6631];[-0.2869];8974.43416;1;0;[0.6631];[-0.2869];8945.07071;100),(262145.90311;[0.6904];[-0.2596];8580.98600;1;0;[0.6876];[-0.2624];8558.87224;100),(262948.80915;[0.6893];[-0.2607];8341.74149;1;0;[0.6849];[-0.2651];8322.07504;100),(263661.81064;[0.6739];[-0.2761];8124.97446;1;0;[0.6724];[-0.2776];8107.39061;100),(264260.22744;[0.6727];[-0.2773];8115.86031;1;0;[0.6712];[-0.2788];8098.30644;100),(264834.36513;[0.6602];[-0.2898];7976.99406;1;0;[0.6584];[-0.2916];7960.39525;100),(265235.35037;[0.6582];[-0.2918];7973.23663;1;0;[0.6572];[-0.2928];7956.54075;100),(266049.34049;[0.6574];[-0.2926];7963.59141;1;0;[0.6563];[-0.2937];7946.91278;100),(266594.35344;[0.6574];[-0.2926];7963.59141;1;0;[0.6563];[-0.2937];7946.91278;100),(267692.15775;[0.6664];[-0.2836];8949.12963;1;0;[0.6656];[-0.2844];8920.43980;100),(268333.42600;[0.6883];[-0.2617];8523.92889;1;0;[0.6855];[-0.2645];8502.21116;100),(269409.68418;[0.6894];[-0.2606];8343.39776;1;0;[0.6849];[-0.2651];8323.71978;100),(269885.80775;[0.6831];[-0.2669];8237.96700;1;0;[0.6801];[-0.2699];8219.41839;100),(270256.78968;[0.6588];[-0.2912];7975.64250;1;0;[0.6577];[-0.2923];7958.97119;100),(271445.45436;[0.6582];[-0.2918];7973.23663;1;0;[0.6572];[-0.2928];7956.54075;100),(272427.14429;[0.6574];[-0.2926];7963.59141;1;0;[0.6563];[-0.2937];7946.91278;100),(273078.21012;[0.6574];[-0.2926];7963.59141;1;0;[0.6563];[-0.2937];7946.91278;100),(273905.38073;[0.6737];[-0.2763];8916.69588;1;0;[0.6721];[-0.2779];8889.21319;100),(274858.35290;[0.6967];[-0.2533];8523.13632;1;0;[0.6931];[-0.2569];8501.84201;100),(275557.25551;[0.6574];[-0.2926];7963.59141;1;0;[0.6563];[-0.2937];7946.91278;100),(277420.93420;[0.6574];[-0.2926];7963.59141;1;0;[0.6563];[-0.2937];7946.91278;100),(278221.34924;[0.6737];[-0.2763];8916.69588;1;0;[0.6721];[-0.2779];8889.21319;100),(278893.41116;[0.6967];[-0.2533];8523.13632;1;0;[0.6931];[-0.2569];8501.84201;100),(279697.42727;[0.6574];[-0.2926];7963.59141;1;0;[0.6563];[-0.2937];7946.91278;100),(281450.73700;[0.6574];[-0.2926];7963.59141;1;0;[0.6563];[-0.2937];7946.91278;100),(282258.23426;[0.6796];[-0.2704];8870.29437;1;0;[0.6786];[-0.2714];8843.96808;100),(283102.74053;[0.6967];[-0.2533];8523.13632;1;0;[0.6931];[-0.2569];8501.84201;100),(283903.91874;[0.6574];[-0.2926];7963.59141;1;0;[0.6563];[-0.2937];7946.91278;100),(285874.37630;[0.6796];[-0.2704];8870.29437;1;0;[0.6786];[-0.2714];8843.96808;100),(286552.71864;[0.6967];[-0.2533];8523.13632;1;0;[0.6931];[-0.2569];8501.84201;100),(288015.30671;[0.6891];[-0.2609];8344.30014;1;0;[0.6845];[-0.2655];8324.55181;100),(288476.91846;[0.6836];[-0.2664];8241.69092;1;0;[0.6804];[-0.2696];8223.11412;100),(289052.22416;[0.6725];[-0.2775];8114.79807;1;0;[0.6705];[-0.2795];8097.18923;100),(289628.68381;[0.6725];[-0.2775];8114.79807;1;0;[0.6705];[-0.2795];8097.18923;100),(290031.09980;[0.6725];[-0.2775];8114.79807;1;0;[0.6705];[-0.2795];8097.18923;100),(290439.89658;[0.6716];[-0.2784];8111.67742;1;0;[0.6697];[-0.2803];8094.03303;100),(290732.14102;[0.6716];[-0.2784];8111.67742;1;0;[0.6697];[-0.2803];8094.03303;100),(291800.28725;[0.6829];[-0.2671];8846.15735;1;0;[0.6824];[-0.2676];8820.37326;100),(292554.58140;[0.6926];[-0.2574];8493.83576;1;0;[0.6893];[-0.2607];8473.10015;100),(294346.81058;[0.6829];[-0.2671];8846.15735;1;0;[0.6824];[-0.2676];8820.37326;100),(294992.40637;[0.6971];[-0.2529];8525.25321;1;0;[0.6936];[-0.2564];8503.99357;100),(295690.15098;[0.6948];[-0.2552];8352.73535;1;0;[0.6907];[-0.2593];8333.41449;100),(296100.14820;[0.6837];[-0.2663];8241.92521;1;0;[0.6807];[-0.2693];8223.35813;100),(296467.95034;[0.6739];[-0.2761];8123.07602;1;0;[0.6724];[-0.2776];8105.52127;100),(296830.91307;[0.6725];[-0.2775];8114.79807;1;0;[0.6705];[-0.2795];8097.18923;100),(297295.60304;[0.6716];[-0.2784];8111.67742;1;0;[0.6697];[-0.2803];8094.03303;100),(297718.93001;[0.6716];[-0.2784];8111.67742;1;0;[0.6697];[-0.2803];8094.03303;100),(299280.10702;[0.6815];[-0.2685];8661.84389;1;0;[0.6796];[-0.2704];8637.52121;100),(299884.10330;[0.696];[-0.254];8357.82361;1;0;[0.692];[-0.258];8338.51542;100),(300403.75018;[0.6828];[-0.2672];8242.61224;1;0;[0.6801];[-0.2699];8223.99624;100),(300941.54286;[0.6739];[-0.2761];8123.07602;1;0;[0.6724];[-0.2776];8105.52127;100),(301311.64718;[0.6725];[-0.2775];8114.79807;1;0;[0.6705];[-0.2795];8097.18923;100),(301651.75724;[0.6716];[-0.2784];8111.67742;1;0;[0.6697];[-0.2803];8094.03303;100),(302934.71146;[0.6816];[-0.2684];8614.73611;1;0;[0.6783];[-0.2717];8591.12147;100),(303814.54372;[0.6919];[-0.2581];8425.95674;1;0;[0.6876];[-0.2624];8405.81905;100),(304127.06232;[0.6893];[-0.2607];8341.74149;1;0;[0.6849];[-0.2651];8322.07504;100),(304471.26579;[0.6831];[-0.2669];8237.96700;1;0;[0.6801];[-0.2699];8219.41839;100),(304834.29384;[0.6739];[-0.2761];8123.07602;1;0;[0.6724];[-0.2776];8105.52127;100),(305146.04115;[0.6725];[-0.2775];8114.79807;1;0;[0.6705];[-0.2795];8097.18923;100),(305570.15514;[0.6725];[-0.2775];8114.79807;1;0;[0.6705];[-0.2795];8097.18923;100),(305908.62942;[0.6716];[-0.2784];8111.67742;1;0;[0.6697];[-0.2803];8094.03303;100),(306196.56706;[0.6716];[-0.2784];8111.67742;1;0;[0.6697];[-0.2803];8094.03303;100),(306763.41248;[0.69];[-0.26];8581.85017;1;0;[0.6875];[-0.2625];8559.70023;100),(307581.99239;[0.6716];[-0.2784];8111.67742;1;0;[0.6697];[-0.2803];8094.03303;100),(308457.65758;[0.6716];[-0.2784];8111.67742;1;0;[0.6697];[-0.2803];8094.03303;100),(309340.44313;[0.69];[-0.26];8581.85017;1;0;[0.6875];[-0.2625];8559.70023;100),(309956.02465;[0.6716];[-0.2784];8111.67742;1;0;[0.6697];[-0.2803];8094.03303;100),(310636.94715;[0.6716];[-0.2784];8111.67742;1;0;[0.6697];[-0.2803];8094.03303;100),(311317.44719;[0.6923];[-0.2577];8499.99026;1;0;[0.6891];[-0.2609];8479.19001;100),(312109.24649;[0.6716];[-0.2784];8111.67742;1;0;[0.6697];[-0.2803];8094.03303;100),(312826.33519;[0.6716];[-0.2784];8111.67742;1;0;[0.6697];[-0.2803];8094.03303;100),(313463.68623;[0.6923];[-0.2577];8499.99026;1;0;[0.6891];[-0.2609];8479.19001;100),(314196.56658;[0.6716];[-0.2784];8111.67742;1;0;[0.6697];[-0.2803];8094.03303;100),(314905.73049;[0.6716];[-0.2784];8111.67742;1;0;[0.6697];[-0.2803];8094.03303;100),(315490.52358;[0.6924];[-0.2576];8428.33006;1;0;[0.6881];[-0.2619];8408.20300;100),(316026.35956;[0.6896];[-0.2604];8341.88690;1;0;[0.6853];[-0.2647];8322.24765;100),(316333.32944;[0.6836];[-0.2664];8241.69092;1;0;[0.6804];[-0.2696];8223.11412;100),(316789.27231;[0.6831];[-0.2669];8237.96700;1;0;[0.6801];[-0.2699];8219.41839;100),(317500.64182;[0.6813];[-0.2687];8226.16537;1;0;[0.6775];[-0.2725];8207.52980;100),(317898.53263;[0.6725];[-0.2775];8114.79807;1;0;[0.6705];[-0.2795];8097.18923;100),(318514.13178;[0.6716];[-0.2784];8111.67742;1;0;[0.6697];[-0.2803];8094.03303;100),(319113.25669;[0.6716];[-0.2784];8111.67742;1;0;[0.6697];[-0.2803];8094.03303;100),(320123.53969;[0.6716];[-0.2784];8111.67742;1;0;[0.6697];[-0.2803];8094.03303;100),(321055.21274;[0.6716];[-0.2784];8111.67742;1;0;[0.6697];[-0.2803];8094.03303;100),(321887.83002;[0.6716];[-0.2784];8111.67742;1;0;[0.6697];[-0.2803];8094.03303;100),(322741.89639;[0.6716];[-0.2784];8111.67742;1;0;[0.6697];[-0.2803];8094.03303;100),(324587.06737;[0.5376];[-0.4124];9703.37002;1;0;[0.5342];[-0.4158];9645.47388;200),(325514.17804;[0.5376];[-0.4124];9703.37002;1;0;[0.5342];[-0.4158];9645.47388;200),(326541.21804;[0.5376];[-0.4124];9703.37002;1;0;[0.5342];[-0.4158];9645.47388;200),(327675.36759;[0.5376];[-0.4124];9703.37002;1;0;[0.5342];[-0.4158];9645.47388;200),(328486.31215;[0.5376];[-0.4124];9703.37002;1;0;[0.5342];[-0.4158];9645.47388;200),(329317.53802;[0.5376];[-0.4124];9703.37002;1;0;[0.5342];[-0.4158];9645.47388;200),(329727.04053;[0.6859];[-0.2641];8569.15879;1;0;[0.6843];[-0.2657];8546.34215;200),(330536.73625;[0.6672];[-0.2828];8142.69926;1;0;[0.665];[-0.285];8124.05098;200),(331001.05619;[0.6235];[-0.3265];7670.79824;1;0;[0.6192];[-0.3308];7656.12942;200),(331297.32203;[0.4323];[-0.5177];6847.74706;1;0;[0.4304];[-0.5196];6838.99369;200),(331660.96878;[0.4282];[-0.5218];6834.34713;1;0;[0.4263];[-0.5237];6825.64028;200),(331953.31240;[0.4271];[-0.5229];6829.56046;1;0;[0.4253];[-0.5247];6820.81276;200),(332247.29109;[0.4264];[-0.5236];6827.90729;1;0;[0.4243];[-0.5257];6819.21266;200),(332570.98365;[0.4264];[-0.5236];6827.90729;1;0;[0.4243];[-0.5257];6819.21266;200),(334216.89296;[0.5449];[-0.4051];9671.06832;1;0;[0.5426];[-0.4074];9616.49813;200),(335160.83527;[0.6267];[-0.3233];9239.07024;1;0;[0.6241];[-0.3259];9202.49485;200),(336384.21798;[0.6854];[-0.2646];8691.53511;1;0;[0.6843];[-0.2657];8667.94293;200),(337344.20156;[0.6782];[-0.2718];8260.34096;1;0;[0.6742];[-0.2758];8241.19080;200),(338197.69144;[0.5975];[-0.3525];7503.20131;1;0;[0.5917];[-0.3583];7490.12163;200),(340099.22409;[0.4264];[-0.5236];6827.90729;1;0;[0.4243];[-0.5257];6819.21266;200),(341043.50781;[0.5435];[-0.4065];9683.44812;1;0;[0.5415];[-0.4085];9628.26361;200),(342035.97188;[0.6215];[-0.3285];9269.55967;1;0;[0.6193];[-0.3307];9231.86830;200),(342853.20973;[0.6813];[-0.2687];8826.98591;1;0;[0.6802];[-0.2698];8801.55799;200),(343907.89604;[0.6855];[-0.2645];8369.03027;1;0;[0.6822];[-0.2678];8348.44929;200),(344947.46327;[0.6523];[-0.2977];7859.84748;1;0;[0.6517];[-0.2983];7844.78821;200),(346136.96480;[0.555];[-0.395];7300.59401;1;0;[0.55];[-0.4];7288.83958;200),(346538.81598;[0.4983];[-0.4517];7089.51464;1;0;[0.501];[-0.449];7079.38204;200),(346826.06673;[0.4328];[-0.5172];6851.34745;1;0;[0.4313];[-0.5187];6842.68489;200),(347140.02657;[0.4282];[-0.5218];6834.34713;1;0;[0.4263];[-0.5237];6825.64028;200),(347448.51851;[0.4271];[-0.5229];6829.56046;1;0;[0.4253];[-0.5247];6820.81276;200),(347736.56249;[0.4264];[-0.5236];6827.90729;1;0;[0.4243];[-0.5257];6819.21266;200),(348060.13203;[0.4264];[-0.5236];6827.90729;1;0;[0.4243];[-0.5257];6819.21266;200),(349242.79070;[0.5477];[-0.4023];9655.81359;1;0;[0.5439];[-0.4061];9601.17806;200),(350096.53497;[0.6267];[-0.3233];9238.34188;1;0;[0.6244];[-0.3256];9201.82896;200),(351070.23573;[0.6773];[-0.2727];8715.95664;1;0;[0.6763];[-0.2737];8691.11605;200),(351979.58970;[0.6896];[-0.2604];8341.88690;1;0;[0.6853];[-0.2647];8322.24765;200),(352844.88297;[0.6419];[-0.3081];7825.20121;1;0;[0.6404];[-0.3096];7809.66959;200),(353878.85332;[0.4264];[-0.5236];6827.90729;1;0;[0.4243];[-0.5257];6819.21266;200),(355282.99642;[0.5477];[-0.4023];9655.81359;1;0;[0.5439];[-0.4061];9601.17806;200),(356102.21839;[0.6267];[-0.3233];9238.34188;1;0;[0.6244];[-0.3256];9201.82896;200),(357266.57748;[0.6773];[-0.2727];8715.95664;1;0;[0.6763];[-0.2737];8691.11605;200),(358286.58795;[0.6896];[-0.2604];8341.88690;1;0;[0.6853];[-0.2647];8322.24765;200),(359121.25087;[0.6419];[-0.3081];7825.20121;1;0;[0.6404];[-0.3096];7809.66959;200),(360917.78922;[0.5572];[-0.3928];7306.41124;1;0;[0.5521];[-0.3979];7294.73897;200),(361376.99986;[0.4986];[-0.4514];7090.45366;1;0;[0.5011];[-0.4489];7080.30574;200),(361674.10564;[0.494];[-0.456];7068.62892;1;0;[0.4963];[-0.4537];7058.39852;200),(361982.80382;[0.4282];[-0.5218];6834.34713;1;0;[0.4263];[-0.5237];6825.64028;200),(362289.02459;[0.4271];[-0.5229];6829.56046;1;0;[0.4253];[-0.5247];6820.81276;200),(362565.39273;[0.4264];[-0.5236];6827.90729;1;0;[0.4243];[-0.5257];6819.21266;200),(363641.04486;[0.5521];[-0.3979];9640.74979;1;0;[0.5497];[-0.4003];9584.61363;200),(364460.19197;[0.6228];[-0.3272];9238.73467;1;0;[0.6202];[-0.3298];9201.24566;200),(365293.31994;[0.686];[-0.264];8808.71106;1;0;[0.6844];[-0.2656];8783.86298;200),(366289.54291;[0.6888];[-0.2612];8342.35634;1;0;[0.6846];[-0.2654];8322.63479;200),(367292.95206;[0.6453];[-0.3047];7842.08993;1;0;[0.6443];[-0.3057];7826.70914;200),(368955.85322;[0.5569];[-0.3931];7308.72522;1;0;[0.5522];[-0.3978];7296.96969;200),(369299.06964;[0.5484];[-0.4016];7277.69165;1;0;[0.5438];[-0.4062];7265.91894;200),(369644.06991;[0.4973];[-0.4527];7083.01346;1;0;[0.4993];[-0.4507];7072.82764;200),(370015.25259;[0.4954];[-0.4546];7073.43119;1;0;[0.4975];[-0.4525];7063.19822;200),(370303.78103;[0.494];[-0.456];7068.62892;1;0;[0.4963];[-0.4537];7058.39852;200),(371036.70549;[0.4898];[-0.4602];7052.10906;1;0;[0.4921];[-0.4579];7041.93098;200),(371414.21533;[0.4887];[-0.4613];7048.34593;1;0;[0.4913];[-0.4587];7038.08270;200),(371693.87603;[0.4887];[-0.4613];7048.34593;1;0;[0.4913];[-0.4587];7038.08270;200),(372524.95384;[0.5521];[-0.3979];9640.74979;1;0;[0.5497];[-0.4003];9584.61363;200),(373399.61386;[0.6258];[-0.3242];9219.64569;1;0;[0.6232];[-0.3268];9182.69259;200),(374597.91493;[0.681];[-0.269];8689.95296;1;0;[0.6795];[-0.2705];8666.12066;200),(375720.72864;[0.6894];[-0.2606];8343.39776;1;0;[0.6849];[-0.2651];8323.71978;200),(376684.65614;[0.6447];[-0.3053];7842.73817;1;0;[0.6442];[-0.3058];7827.34881;200),(377557.24406;[0.4887];[-0.4613];7048.34593;1;0;[0.4913];[-0.4587];7038.08270;200),(379085.11949;[0.5521];[-0.3979];9640.74979;1;0;[0.5497];[-0.4003];9584.61363;200),(379901.68405;[0.6258];[-0.3242];9219.64569;1;0;[0.6232];[-0.3268];9182.69259;200),(380831.65240;[0.681];[-0.269];8689.95296;1;0;[0.6795];[-0.2705];8666.12066;200),(381967.84306;[0.6894];[-0.2606];8343.39776;1;0;[0.6849];[-0.2651];8323.71978;200),(382902.50087;[0.6447];[-0.3053];7842.73817;1;0;[0.6442];[-0.3058];7827.34881;200),(384481.03547;[0.5929];[-0.3571];7486.72108;1;0;[0.587];[-0.363];7473.61286;200),(384851.98760;[0.5532];[-0.3968];7293.74747;1;0;[0.5482];[-0.4018];7281.96791;200),(385159.98125;[0.4982];[-0.4518];7086.88473;1;0;[0.5005];[-0.4495];7076.72465;200),(385439.82267;[0.494];[-0.456];7068.62892;1;0;[0.4963];[-0.4537];7058.39852;200),(385948.23384;[0.4887];[-0.4613];7048.34593;1;0;[0.4913];[-0.4587];7038.08270;200),(387124.28379;[0.5521];[-0.3979];9640.74979;1;0;[0.5497];[-0.4003];9584.61363;200),(388019.58060;[0.6273];[-0.3227];9198.99101;1;0;[0.6251];[-0.3249];9162.56066;200),(389463.40156;[0.681];[-0.269];8689.95296;1;0;[0.6795];[-0.2705];8666.12066;200),(390343.51993;[0.6894];[-0.2606];8343.39776;1;0;[0.6849];[-0.2651];8323.71978;200),(391351.42207;[0.6452];[-0.3048];7845.08832;1;0;[0.6447];[-0.3053];7829.67992;200),(393065.27185;[0.5948];[-0.3552];7492.31962;1;0;[0.5887];[-0.3613];7479.15786;200),(393447.31545;[0.554];[-0.396];7296.40112;1;0;[0.5495];[-0.4005];7284.69898;200),(393932.10912;[0.4973];[-0.4527];7083.01346;1;0;[0.4993];[-0.4507];7072.82764;200),(394346.54737;[0.4953];[-0.4547];7073.34554;1;0;[0.4973];[-0.4527];7063.13654;200),(394639.71734;[0.494];[-0.456];7068.62892;1;0;[0.4963];[-0.4537];7058.39852;200),(395308.18796;[0.494];[-0.456];7068.62892;1;0;[0.4963];[-0.4537];7058.39852;200),(396173.68650;[0.5521];[-0.3979];9640.74979;1;0;[0.5497];[-0.4003];9584.61363;200),(397253.59654;[0.6383];[-0.3117];9191.34331;1;0;[0.6379];[-0.3121];9156.71801;200),(398408.63061;[0.681];[-0.269];8691.90827;1;0;[0.6797];[-0.2703];8668.05980;200),(399314.74900;[0.6894];[-0.2606];8343.36384;1;0;[0.6852];[-0.2648];8323.69811;200),(400151.28851;[0.6451];[-0.3049];7846.13932;1;0;[0.6449];[-0.3051];7830.74060;200),(400974.56074;[0.494];[-0.456];7068.62892;1;0;[0.4963];[-0.4537];7058.39852;200),(401664.30902;[0.494];[-0.456];7068.62892;1;0;[0.4963];[-0.4537];7058.39852;200),(402382.08532;[0.5521];[-0.3979];9640.74979;1;0;[0.5497];[-0.4003];9584.61363;200),(403468.80507;[0.6383];[-0.3117];9191.34331;1;0;[0.6379];[-0.3121];9156.71801;200),(404582.12709;[0.681];[-0.269];8691.90827;1;0;[0.6797];[-0.2703];8668.05980;200),(405494.16399;[0.6894];[-0.2606];8343.39776;1;0;[0.6849];[-0.2651];8323.71978;200),(406379.66824;[0.6451];[-0.3049];7846.13932;1;0;[0.6449];[-0.3051];7830.74060;200),(407175.41862;[0.494];[-0.456];7068.62892;1;0;[0.4963];[-0.4537];7058.39852;200),(409027.04024;[0.5508];[-0.3992];9638.45745;1;0;[0.5486];[-0.4014];9581.49595;200),(410324.66078;[0.6293];[-0.3207];9177.55412;1;0;[0.6277];[-0.3223];9140.96283;200),(411955.43909;[0.679];[-0.271];8666.86515;1;0;[0.6794];[-0.2706];8642.65883;200),(412807.36780;[0.6795];[-0.2705];8268.67057;1;0;[0.6753];[-0.2747];8249.13085;200),(413671.48709;[0.6451];[-0.3049];7846.13932;1;0;[0.6449];[-0.3051];7830.74060;200),(415281.26764;[0.5957];[-0.3543];7495.50694;1;0;[0.5896];[-0.3604];7482.37077;200),(415635.84709;[0.5539];[-0.3961];7296.43728;1;0;[0.5492];[-0.4008];7284.71063;200),(415941.91670;[0.4961];[-0.4539];7075.44508;1;0;[0.4976];[-0.4524];7065.32550;200),(416260.27131;[0.4953];[-0.4547];7073.34554;1;0;[0.4973];[-0.4527];7063.13654;200),(416548.48838;[0.494];[-0.456];7068.62892;1;0;[0.4963];[-0.4537];7058.39852;200),(417943.20059;[0.5511];[-0.3989];9632.13107;1;0;[0.5491];[-0.4009];9574.70618;200),(419220.12210;[0.6403];[-0.3097];9172.57737;1;0;[0.6402];[-0.3098];9138.56420;200),(420375.69308;[0.6799];[-0.2701];8667.48072;1;0;[0.6798];[-0.2702];8643.32138;200),(421257.75456;[0.6795];[-0.2705];8268.67057;1;0;[0.6753];[-0.2747];8249.13085;200),(422118.43872;[0.6454];[-0.3046];7845.72515;1;0;[0.6455];[-0.3045];7830.33927;200),(423840.17992;[0.596];[-0.354];7497.94928;1;0;[0.5907];[-0.3593];7484.88451;200),(424361.04035;[0.5539];[-0.3961];7296.43728;1;0;[0.5492];[-0.4008];7284.71063;200),(424645.90883;[0.494];[-0.456];7068.62892;1;0;[0.4963];[-0.4537];7058.39852;200),(425082.63206;[0.494];[-0.456];7068.62892;1;0;[0.4963];[-0.4537];7058.39852;200),(425342.22507;[0.494];[-0.456];7068.62892;1;0;[0.4963];[-0.4537];7058.39852;200),(426672.80126;[0.56];[-0.39];9629.63670;1;0;[0.5572];[-0.3928];9576.10649;200),(427713.78231;[0.638];[-0.312];9153.77059;1;0;[0.638];[-0.312];9119.28705;200),(428715.98434;[0.6769];[-0.2731];8678.15182;1;0;[0.6748];[-0.2752];8653.02518;200),(429531.04830;[0.6864];[-0.2636];8322.11697;1;0;[0.6828];[-0.2672];8302.37735;200),(430451.96462;[0.6445];[-0.3055];7846.55720;1;0;[0.6441];[-0.3059];7831.09552;200),(432629.29249;[0.596];[-0.354];7499.65763;1;0;[0.5909];[-0.3591];7486.55341;200),(433309.66806;[0.5547];[-0.3953];7298.36064;1;0;[0.55];[-0.4];7286.68681;200),(433698.09151;[0.5515];[-0.3985];7289.88342;1;0;[0.5465];[-0.4035];7278.06711;200),(433981.62770;[0.5471];[-0.4029];7273.22791;1;0;[0.5423];[-0.4077];7261.41468;200),(434317.09528;[0.494];[-0.456];7068.62892;1;0;[0.4963];[-0.4537];7058.39852;200),(434889.55402;[0.494];[-0.456];7068.62892;1;0;[0.4963];[-0.4537];7058.39852;200),(435158.42700;[0.494];[-0.456];7068.62892;1;0;[0.4963];[-0.4537];7058.39852;200),(435445.91713;[0.494];[-0.456];7068.62892;1;0;[0.4963];[-0.4537];7058.39852;200),(436523.25821;[0.5624];[-0.3876];9621.86952;1;0;[0.5585];[-0.3915];9568.88055;200),(437573.17281;[0.638];[-0.312];9153.77059;1;0;[0.638];[-0.312];9119.28705;200),(438810.10342;[0.6773];[-0.2727];8684.24266;1;0;[0.6757];[-0.2743];8659.13994;200),(439785.46357;[0.6888];[-0.2612];8336.08509;1;0;[0.6846];[-0.2654];8316.41036;200),(441121.56153;[0.6508];[-0.2992];7853.87068;1;0;[0.6511];[-0.2989];7838.81429;200),(442232.92875;[0.494];[-0.456];7068.62892;1;0;[0.4963];[-0.4537];7058.39852;200),(443972.78595;[0.5624];[-0.3876];9621.86952;1;0;[0.5585];[-0.3915];9568.88055;200),(445091.94636;[0.638];[-0.312];9153.77059;1;0;[0.638];[-0.312];9119.28705;200),(446255.15938;[0.6773];[-0.2727];8684.24266;1;0;[0.6757];[-0.2743];8659.13994;200),(447151.09277;[0.6888];[-0.2612];8336.08509;1;0;[0.6846];[-0.2654];8316.41036;200),(448264.56165;[0.6508];[-0.2992];7853.87068;1;0;[0.6511];[-0.2989];7838.81429;200),(450032.29237;[0.5974];[-0.3526];7502.84752;1;0;[0.5918];[-0.3582];7489.77823;200),(450373.11506;[0.5562];[-0.3938];7303.65299;1;0;[0.5507];[-0.3993];7291.92546;200),(450830.46103;[0.5532];[-0.3968];7293.74747;1;0;[0.5482];[-0.4018];7281.96791;200),(451207.61561;[0.5502];[-0.3998];7284.76972;1;0;[0.5457];[-0.4043];7272.95348;200),(451532.22513;[0.5471];[-0.4029];7273.22791;1;0;[0.5423];[-0.4077];7261.41468;200),(451818.35556;[0.5471];[-0.4029];7273.22791;1;0;[0.5423];[-0.4077];7261.41468;200),(453145.57362;[0.5665];[-0.3835];9614.12919;1;0;[0.5622];[-0.3878];9563.56096;200),(454392.80343;[0.6338];[-0.3162];9142.10387;1;0;[0.6326];[-0.3174];9106.52865;200),(455490.99994;[0.6819];[-0.2681];8663.38060;1;0;[0.68];[-0.27];8639.08269;200),(456351.76373;[0.6893];[-0.2607];8341.74149;1;0;[0.6849];[-0.2651];8322.07504;200),(457822.56150;[0.6531];[-0.2969];7862.40963;1;0;[0.6525];[-0.2975];7847.36818;200),(459572.74961;[0.5974];[-0.3526];7503.22457;1;0;[0.5918];[-0.3582];7490.13130;200),(460070.67204;[0.5562];[-0.3938];7303.65299;1;0;[0.5507];[-0.3993];7291.92546;200),(460427.82450;[0.554];[-0.396];7296.40112;1;0;[0.5495];[-0.4005];7284.69898;200),(460793.38241;[0.55];[-0.4];7285.07430;1;0;[0.5455];[-0.4045];7273.20879;200),(461128.90649;[0.5484];[-0.4016];7277.69165;1;0;[0.5438];[-0.4062];7265.91894;200),(461460.50620;[0.5471];[-0.4029];7273.22791;1;0;[0.5423];[-0.4077];7261.41468;200),(461757.09844;[0.5471];[-0.4029];7273.22791;1;0;[0.5423];[-0.4077];7261.41468;200),(462013.33261;[0.5471];[-0.4029];7273.22791;1;0;[0.5423];[-0.4077];7261.41468;200),(462937.98423;[0.5692];[-0.3808];9606.33091;1;0;[0.5659];[-0.3841];9557.13582;200),(464215.42573;[0.6342];[-0.3158];9139.30761;1;0;[0.6326];[-0.3174];9103.33747;200),(465216.27283;[0.6817];[-0.2683];8664.69096;1;0;[0.6798];[-0.2702];8640.35793;200),(466392.71545;[0.6888];[-0.2612];8342.35634;1;0;[0.6846];[-0.2654];8322.63479;200),(467637.52055;[0.6538];[-0.2962];7866.56790;1;0;[0.6535];[-0.2965];7851.52070;200),(468406.20804;[0.5471];[-0.4029];7273.22791;1;0;[0.5423];[-0.4077];7261.41468;200),(469382.14898;[0.5694];[-0.3806];9597.89499;1;0;[0.5655];[-0.3845];9548.42861;200),(470193.36414;[0.6362];[-0.3138];9129.96293;1;0;[0.6351];[-0.3149];9095.00122;200),(471013.54074;[0.6817];[-0.2683];8664.90459;1;0;[0.6799];[-0.2701];8640.56517;200),(472189.86320;[0.6888];[-0.2612];8342.35634;1;0;[0.6846];[-0.2654];8322.63479;200),(473337.01801;[0.6538];[-0.2962];7866.56790;1;0;[0.6535];[-0.2965];7851.52070;200),(474935.76550;[0.6217];[-0.3283];7659.98567;1;0;[0.6182];[-0.3318];7645.34374;200),(475277.54474;[0.5908];[-0.3592];7478.76128;1;0;[0.5855];[-0.3645];7465.59552;200),(475583.12869;[0.5532];[-0.3968];7293.74747;1;0;[0.5482];[-0.4018];7281.96791;200),(475910.72845;[0.5484];[-0.4016];7277.69165;1;0;[0.5438];[-0.4062];7265.91894;200),(476211.59935;[0.5471];[-0.4029];7273.22791;1;0;[0.5423];[-0.4077];7261.41468;200),(476510.42295;[0.5471];[-0.4029];7273.22791;1;0;[0.5423];[-0.4077];7261.41468;200),(477576.00307;[0.5711];[-0.3789];9585.64979;1;0;[0.5679];[-0.3821];9536.96561;200),(478394.06705;[0.6362];[-0.3138];9129.96293;1;0;[0.6351];[-0.3149];9095.00122;200),(479533.05674;[0.6821];[-0.2679];8664.69873;1;0;[0.6807];[-0.2693];8640.46177;200),(480475.36111;[0.6894];[-0.2606];8343.39776;1;0;[0.6849];[-0.2651];8323.71978;200),(481386.21759;[0.6598];[-0.2902];7983.91050;1;0;[0.659];[-0.291];7967.52231;200),(482898.71383;[0.6238];[-0.3262];7673.14710;1;0;[0.6196];[-0.3304];7658.55398;200),(483348.98448;[0.5917];[-0.3583];7483.40988;1;0;[0.5862];[-0.3638];7470.24043;200),(483662.94980;[0.5532];[-0.3968];7293.74747;1;0;[0.5482];[-0.4018];7281.96791;200),(484062.12544;[0.5484];[-0.4016];7277.69165;1;0;[0.5438];[-0.4062];7265.91894;200),(484411.81636;[0.5471];[-0.4029];7273.22791;1;0;[0.5423];[-0.4077];7261.41468;200),(484718.94765;[0.5471];[-0.4029];7273.22791;1;0;[0.5423];[-0.4077];7261.41468;200),(484984.71975;[0.5471];[-0.4029];7273.22791;1;0;[0.5423];[-0.4077];7261.41468;200),(486194.28015;[0.5746];[-0.3754];9561.88752;1;0;[0.5701];[-0.3799];9515.60455;200),(487483.68645;[0.6434];[-0.3066];9113.86732;1;0;[0.6433];[-0.3067];9080.31677;200),(488418.32805;[0.6854];[-0.2646];8640.64073;1;0;[0.6842];[-0.2658];8617.26523;200),(489389.83393;[0.6795];[-0.2705];8268.67057;1;0;[0.6753];[-0.2747];8249.13085;200),(490388.57126;[0.6447];[-0.3053];7842.73817;1;0;[0.6442];[-0.3058];7827.34881;200),(491211.36642;[0.5471];[-0.4029];7273.22791;1;0;[0.5423];[-0.4077];7261.41468;200),(492574.20278;[0.5746];[-0.3754];9561.88752;1;0;[0.5701];[-0.3799];9515.60455;200),(494034.65652;[0.6434];[-0.3066];9113.86732;1;0;[0.6433];[-0.3067];9080.31677;200),(495276.30210;[0.6854];[-0.2646];8640.64073;1;0;[0.6842];[-0.2658];8617.26523;200),(496380.51414;[0.6795];[-0.2705];8268.67057;1;0;[0.6753];[-0.2747];8249.13085;200),(497482.48053;[0.6447];[-0.3053];7842.73817;1;0;[0.6442];[-0.3058];7827.34881;200),(499887.48384;[0.5746];[-0.3754];9561.88752;1;0;[0.5701];[-0.3799];9515.60455;200),(501040.02571;[0.6366];[-0.3134];9130.30742;1;0;[0.6355];[-0.3145];9095.38814;200),(502414.30426;[0.6811];[-0.2689];8665.34709;1;0;[0.6785];[-0.2715];8640.96368;200),(503536.45492;[0.6891];[-0.2609];8344.30014;1;0;[0.6845];[-0.2655];8324.55181;200),(504725.40855;[0.6613];[-0.2887];7987.66793;1;0;[0.66];[-0.29];7971.37681;200),(505922.24002;[0.6239];[-0.3261];7674.99169;1;0;[0.6204];[-0.3296];7660.42580;200),(506391.60991;[0.5929];[-0.3571];7486.72108;1;0;[0.587];[-0.363];7473.61286;200),(506802.44255;[0.5515];[-0.3985];7289.88342;1;0;[0.5465];[-0.4035];7278.06711;200),(507137.37750;[0.5484];[-0.4016];7277.69165;1;0;[0.5438];[-0.4062];7265.91894;200),(507447.45827;[0.5471];[-0.4029];7273.22791;1;0;[0.5423];[-0.4077];7261.41468;200),(507713.32455;[0.5471];[-0.4029];7273.22791;1;0;[0.5423];[-0.4077];7261.41468;200),(509377.40827;[0.5757];[-0.3743];9535.98571;1;0;[0.5712];[-0.3788];9489.88074;200),(510490.43918;[0.6512];[-0.2988];9095.40009;1;0;[0.6513];[-0.2987];9063.37751;200),(511710.15143;[0.6807];[-0.2693];8656.21264;1;0;[0.6784];[-0.2716];8631.82523;200),(512646.00396;[0.6888];[-0.2612];8334.72066;1;0;[0.6845];[-0.2655];8315.03057;200),(513465.84058;[0.6451];[-0.3049];7846.13932;1;0;[0.6449];[-0.3051];7830.74060;200),(515968.61553;[0.5757];[-0.3743];9535.98571;1;0;[0.5712];[-0.3788];9489.88074;200),(517188.30371;[0.6481];[-0.3019];9113.90849;1;0;[0.6494];[-0.3006];9081.19573;200),(518178.43771;[0.6762];[-0.2738];8674.69734;1;0;[0.6743];[-0.2757];8649.53391;200),(519062.03818;[0.6937];[-0.2563];8351.12917;1;0;[0.6902];[-0.2598];8331.75054;200),(519932.57880;[0.6625];[-0.2875];7992.50589;1;0;[0.6606];[-0.2894];7976.17996;200),(521057.40666;[0.6244];[-0.3256];7679.23787;1;0;[0.6206];[-0.3294];7664.62960;200),(521482.71370;[0.5948];[-0.3552];7492.31962;1;0;[0.5887];[-0.3613];7479.15786;200),(522069.99159;[0.55];[-0.4];7285.07430;1;0;[0.5455];[-0.4045];7273.20879;200),(522424.10493;[0.5484];[-0.4016];7277.69165;1;0;[0.5438];[-0.4062];7265.91894;200),(522803.22599;[0.5471];[-0.4029];7273.22791;1;0;[0.5423];[-0.4077];7261.41468;200),(523129.87185;[0.5471];[-0.4029];7273.22791;1;0;[0.5423];[-0.4077];7261.41468;200),(524146.37327;[0.5771];[-0.3729];9534.23412;1;0;[0.5725];[-0.3775];9488.42750;200),(525363.62934;[0.6511];[-0.2989];9095.34174;1;0;[0.6515];[-0.2985];9063.32849;200),(526468.15896;[0.6819];[-0.2681];8663.38060;1;0;[0.68];[-0.27];8639.08269;200),(527305.02415;[0.6894];[-0.2606];8341.52979;1;0;[0.6852];[-0.2648];8321.89961;200),(528210.55794;[0.6445];[-0.3055];7846.55720;1;0;[0.6441];[-0.3059];7831.09552;200),(529235.47959;[0.5471];[-0.4029];7273.22791;1;0;[0.5423];[-0.4077];7261.41468;200),(530177.83928;[0.5771];[-0.3729];9534.23412;1;0;[0.5725];[-0.3775];9488.42750;200),(531527.16589;[0.6511];[-0.2989];9095.34174;1;0;[0.6515];[-0.2985];9063.32849;200),(532570.58620;[0.6819];[-0.2681];8663.38060;1;0;[0.68];[-0.27];8639.08269;200),(533685.71186;[0.6841];[-0.2659];8365.05948;1;0;[0.6809];[-0.2691];8344.37226;200),(534564.63075;[0.6619];[-0.2881];7993.86755;1;0;[0.66];[-0.29];7977.50230;200),(535453.24993;[0.6252];[-0.3248];7681.55448;1;0;[0.6216];[-0.3284];7666.99523;200),(535789.14261;[0.596];[-0.354];7497.94928;1;0;[0.5907];[-0.3593];7484.88451;200),(536120.12649;[0.5917];[-0.3583];7483.40988;1;0;[0.5862];[-0.3638];7470.24043;200),(536434.78727;[0.5908];[-0.3592];7478.76128;1;0;[0.5855];[-0.3645];7465.59552;200),(536803.39170;[0.5471];[-0.4029];7273.22791;1;0;[0.5423];[-0.4077];7261.41468;200),(537178.51353;[0.5471];[-0.4029];7273.22791;1;0;[0.5423];[-0.4077];7261.41468;200),(537939.01253;[0.572];[-0.378];9521.74351;1;0;[0.5683];[-0.3817];9471.15512;200),(539404.67954;[0.6536];[-0.2964];9073.97214;1;0;[0.6534];[-0.2966];9042.32681;200),(540212.17775;[0.6863];[-0.2637];8640.48498;1;0;[0.6855];[-0.2645];8617.23844;200),(541345.35074;[0.6888];[-0.2612];8342.35634;1;0;[0.6846];[-0.2654];8322.63479;200),(542459.95975;[0.6499];[-0.3001];7848.06371;1;0;[0.6499];[-0.3001];7833.00496;200),(543332.34978;[0.5471];[-0.4029];7273.22791;1;0;[0.5423];[-0.4077];7261.41468;200),(544456.59232;[0.572];[-0.378];9521.74351;1;0;[0.5683];[-0.3817];9471.15512;200),(545778.98264;[0.6536];[-0.2964];9073.97214;1;0;[0.6534];[-0.2966];9042.32681;200),(546591.45331;[0.6863];[-0.2637];8640.48498;1;0;[0.6855];[-0.2645];8617.23844;200),(547551.12600;[0.6888];[-0.2612];8342.35634;1;0;[0.6846];[-0.2654];8322.63479;200),(548635.27107;[0.6499];[-0.3001];7848.06371;1;0;[0.6499];[-0.3001];7833.00496;200),(550375.57507;[0.572];[-0.378];9521.74351;1;0;[0.5683];[-0.3817];9471.15512;200),(551688.89380;[0.6536];[-0.2964];9073.97214;1;0;[0.6534];[-0.2966];9042.32681;200),(552589.28347;[0.6817];[-0.2683];8664.90459;1;0;[0.6799];[-0.2701];8640.56517;200),(553481.54569;[0.6849];[-0.2651];8368.72114;1;0;[0.6819];[-0.2681];8348.09178;200),(554362.76412;[0.6624];[-0.2876];7994.65731;1;0;[0.6604];[-0.2896];7978.30358;200),(555173.39063;[0.6247];[-0.3253];7682.75722;1;0;[0.6208];[-0.3292];7668.11268;200),(555631.01363;[0.596];[-0.354];7497.94928;1;0;[0.5907];[-0.3593];7484.88451;200),(556022.25757;[0.5929];[-0.3571];7486.72108;1;0;[0.587];[-0.363];7473.61286;200),(556301.14079;[0.5918];[-0.3582];7483.37372;1;0;[0.5863];[-0.3637];7470.22878;200),(556911.34238;[0.5908];[-0.3592];7478.76128;1;0;[0.5855];[-0.3645];7465.59552;200),(557156.49414;[0.5908];[-0.3592];7478.76128;1;0;[0.5855];[-0.3645];7465.59552;200),(557422.81699;[0.5908];[-0.3592];7478.76128;1;0;[0.5855];[-0.3645];7465.59552;200),(558166.27049;[0.5782];[-0.3718];9512.78649;1;0;[0.5737];[-0.3763];9464.63645;200),(559599.62726;[0.6437];[-0.3063];9059.77638;1;0;[0.6437];[-0.3063];9025.99170;200),(560687.52742;[0.6863];[-0.2637];8640.48498;1;0;[0.6855];[-0.2645];8617.23844;200),(561559.05581;[0.6894];[-0.2606];8343.39776;1;0;[0.6849];[-0.2651];8323.71978;200),(562595.79849;[0.6521];[-0.2979];7858.90292;1;0;[0.652];[-0.298];7843.84085;200),(563361.04822;[0.5908];[-0.3592];7478.76128;1;0;[0.5855];[-0.3645];7465.59552;200),(564736.55963;[0.5782];[-0.3718];9512.78649;1;0;[0.5737];[-0.3763];9464.63645;200),(566005.30195;[0.6437];[-0.3063];9059.77638;1;0;[0.6437];[-0.3063];9025.99170;200),(567070.40954;[0.6863];[-0.2637];8640.48498;1;0;[0.6855];[-0.2645];8617.23844;200),(568009.39155;[0.6894];[-0.2606];8343.36384;1;0;[0.6852];[-0.2648];8323.69811;200),(568813.70997;[0.6521];[-0.2979];7858.90292;1;0;[0.652];[-0.298];7843.84085;200),(570758.04472;[0.5782];[-0.3718];9512.78649;1;0;[0.5737];[-0.3763];9464.63645;200),(572215.70897;[0.6437];[-0.3063];9059.77638;1;0;[0.6437];[-0.3063];9025.99170;200),(573202.13985;[0.6863];[-0.2637];8640.48498;1;0;[0.6855];[-0.2645];8617.23844;200),(574047.90735;[0.6894];[-0.2606];8343.36384;1;0;[0.6852];[-0.2648];8323.69811;200),(574974.30301;[0.667];[-0.283];7998.05534;1;0;[0.6662];[-0.2838];7982.07320;200),(575867.93590;[0.6419];[-0.3081];7825.20121;1;0;[0.6404];[-0.3096];7809.66959;200),(576247.81871;[0.6207];[-0.3293];7656.03627;1;0;[0.6168];[-0.3332];7641.37309;200),(576879.09508;[0.5929];[-0.3571];7486.72108;1;0;[0.587];[-0.363];7473.61286;200),(577191.99634;[0.5918];[-0.3582];7483.37372;1;0;[0.5863];[-0.3637];7470.22878;200),(577549.77441;[0.5908];[-0.3592];7478.76128;1;0;[0.5855];[-0.3645];7465.59552;200),(578165.92693;[0.5908];[-0.3592];7478.76128;1;0;[0.5855];[-0.3645];7465.59552;200),(578949.23425;[0.5784];[-0.3716];9505.73908;1;0;[0.5743];[-0.3757];9457.24151;200),(580047.86587;[0.6466];[-0.3034];9049.05503;1;0;[0.647];[-0.303];9016.02055;200),(581322.92557;[0.6839];[-0.2661];8627.04670;1;0;[0.6826];[-0.2674];8603.62283;200),(582480.30996;[0.6785];[-0.2715];8266.57453;1;0;[0.6743];[-0.2757];8246.95768;200),(583636.18731;[0.6583];[-0.2917];7976.15982;1;0;[0.6564];[-0.2936];7959.69332;200),(584380.73111;[0.5908];[-0.3592];7478.76128;1;0;[0.5855];[-0.3645];7465.59552;200),(585158.91218;[0.5908];[-0.3592];7478.76128;1;0;[0.5855];[-0.3645];7465.59552;200),(585889.95075;[0.5784];[-0.3716];9505.73908;1;0;[0.5743];[-0.3757];9457.24151;200),(586860.49223;[0.6466];[-0.3034];9049.05503;1;0;[0.647];[-0.303];9016.02055;200),(587957.28374;[0.6839];[-0.2661];8627.04670;1;0;[0.6826];[-0.2674];8603.62283;200),(589080.27101;[0.6908];[-0.2592];8261.88876;1;0;[0.6875];[-0.2625];8243.62640;200),(590210.53600;[0.6583];[-0.2917];7976.15982;1;0;[0.6564];[-0.2936];7959.69332;200),(590976.48072;[0.5908];[-0.3592];7478.76128;1;0;[0.5855];[-0.3645];7465.59552;200),(592330.33490;[0.5802];[-0.3698];9497.64986;1;0;[0.576];[-0.374];9449.69735;200),(593442.90757;[0.6502];[-0.2998];9036.03819;1;0;[0.6498];[-0.3002];9003.50956;200),(594453.46236;[0.6839];[-0.2661];8627.04670;1;0;[0.6826];[-0.2674];8603.62283;200),(595583.76598;[0.6908];[-0.2592];8261.88876;1;0;[0.6875];[-0.2625];8243.62640;200),(596737.12993;[0.6583];[-0.2917];7976.15982;1;0;[0.6564];[-0.2936];7959.69332;200),(598742.77496;[0.5802];[-0.3698];9497.64986;1;0;[0.576];[-0.374];9449.69735;200),(599810.27174;[0.6466];[-0.3034];9049.05503;1;0;[0.647];[-0.303];9016.02055;200)]"
5,4,9417.725971784088,0.9746,1,0,[0.9277],[-0.0223],600018.1002616882,"[(3890.11598;[0.8778];[-0.0722];9507.09417;1;0;[0.8741];[-0.0759];9453.40437;100),(5474.71333;[0.8778];[-0.0722];9507.09417;1;0;[0.8741];[-0.0759];9453.40437;100),(6392.14730;[0.8778];[-0.0722];9507.09417;1;0;[0.8741];[-0.0759];9453.40437;100),(7205.77216;[0.8778];[-0.0722];9507.09417;1;0;[0.8741];[-0.0759];9453.40437;100),(8071.78807;[0.8778];[-0.0722];9507.09417;1;0;[0.8741];[-0.0759];9453.40437;100),(9021.01326;[0.8778];[-0.0722];9507.09417;1;0;[0.8741];[-0.0759];9453.40437;100),(9655.03240;[0.7036];[-0.2464];8546.99867;1;0;[0.6903];[-0.2597];8481.92240;100),(10048.90418;[0.673];[-0.277];8025.53284;1;0;[0.661];[-0.289];7976.47174;100),(10462.18324;[0.6304];[-0.3196];7709.78600;1;0;[0.6216];[-0.3284];7666.99523;100),(10956.40111;[0.5612];[-0.3888];7320.78883;1;0;[0.5495];[-0.4005];7284.69898;100),(11381.06680;[0.5557];[-0.3943];7297.86280;1;0;[0.5423];[-0.4077];7261.41468;100),(11757.12967;[0.5036];[-0.4464];7091.21274;1;0;[0.4963];[-0.4537];7058.39852;100),(12628.96252;[0.5036];[-0.4464];7091.21274;1;0;[0.4963];[-0.4537];7058.39852;100),(13404.19436;[0.5036];[-0.4464];7091.21274;1;0;[0.4963];[-0.4537];7058.39852;100),(14333.54330;[0.8778];[-0.0722];9507.09417;1;0;[0.8741];[-0.0759];9453.40437;100),(15359.53522;[0.6421];[-0.3079];9254.52412;1;0;[0.6323];[-0.3177];9143.37356;100),(16346.87543;[0.6943];[-0.2557];8749.84604;1;0;[0.6799];[-0.2701];8671.62476;100),(17461.54666;[0.6939];[-0.2561];8174.36239;1;0;[0.6788];[-0.2712];8123.04509;100),(18257.78198;[0.5036];[-0.4464];7091.21274;1;0;[0.4963];[-0.4537];7058.39852;100),(20516.77489;[0.8778];[-0.0722];9507.09417;1;0;[0.8741];[-0.0759];9453.40437;100),(21801.38254;[0.6543];[-0.2957];9214.55762;1;0;[0.6439];[-0.3061];9108.33434;100),(22611.91535;[0.7005];[-0.2495];8651.57495;1;0;[0.6856];[-0.2644];8580.82090;100),(23667.27519;[0.6723];[-0.2777];8027.62970;1;0;[0.6604];[-0.2896];7978.30358;100),(25859.35450;[0.5017];[-0.4483];7085.29860;1;0;[0.4953];[-0.4547];7052.41538;100),(26830.15347;[0.8778];[-0.0722];9507.09417;1;0;[0.8741];[-0.0759];9453.40437;100),(27653.11337;[0.6497];[-0.3003];9270.26124;1;0;[0.6402];[-0.3098];9162.97123;100),(28390.02323;[0.697];[-0.253];8901.35396;1;0;[0.6827];[-0.2673];8817.82802;100),(29680.21750;[0.6907];[-0.2593];8304.37222;1;0;[0.6752];[-0.2748];8247.04416;100),(30676.91708;[0.6523];[-0.2977];7867.52763;1;0;[0.6423];[-0.3077];7821.42477;100),(31181.42509;[0.6031];[-0.3469];7529.39183;1;0;[0.5917];[-0.3583];7490.12163;100),(31934.39674;[0.5935];[-0.3565];7491.95892;1;0;[0.5827];[-0.3673];7452.29245;100),(32451.28131;[0.557];[-0.393];7302.22744;1;0;[0.5438];[-0.4062];7265.91894;100),(33038.24139;[0.5557];[-0.3943];7297.86280;1;0;[0.5423];[-0.4077];7261.41468;100),(33443.39657;[0.5557];[-0.3943];7297.86280;1;0;[0.5423];[-0.4077];7261.41468;100),(33863.41953;[0.5557];[-0.3943];7297.86280;1;0;[0.5423];[-0.4077];7261.41468;100),(34741.25195;[0.8883];[-0.0617];9494.53539;1;0;[0.8871];[-0.0629];9441.92378;100),(35458.74119;[0.6485];[-0.3015];9215.54647;1;0;[0.6382];[-0.3118];9106.49596;100),(36503.43394;[0.6942];[-0.2558];8749.83088;1;0;[0.6798];[-0.2702];8671.47793;100),(37448.35854;[0.6957];[-0.2543];8177.56445;1;0;[0.6805];[-0.2695];8126.50300;100),(38219.19370;[0.5557];[-0.3943];7297.86280;1;0;[0.5423];[-0.4077];7261.41468;100),(39827.91162;[0.8883];[-0.0617];9494.53539;1;0;[0.8871];[-0.0629];9441.92378;100),(40608.38389;[0.6485];[-0.3015];9215.54647;1;0;[0.6382];[-0.3118];9106.49596;100),(41440.35363;[0.6942];[-0.2558];8749.83088;1;0;[0.6798];[-0.2702];8671.47793;100),(42605.17335;[0.6956];[-0.2544];8177.42526;1;0;[0.6802];[-0.2698];8126.31032;100),(43762.61067;[0.6543];[-0.2957];7872.56359;1;0;[0.6443];[-0.3057];7826.70914;100),(44462.20112;[0.6026];[-0.3474];7529.48652;1;0;[0.5918];[-0.3582];7490.13130;100),(44869.19069;[0.5557];[-0.3943];7297.86280;1;0;[0.5423];[-0.4077];7261.41468;100),(45353.25217;[0.5557];[-0.3943];7297.86280;1;0;[0.5423];[-0.4077];7261.41468;100),(46987.55813;[0.9271];[-0.0229];9466.37886;1;0;[0.9277];[-0.0223];9417.72597;100),(47913.69009;[0.6631];[-0.2869];9188.11365;1;0;[0.6523];[-0.2977];9090.13647;100),(48503.66330;[0.6943];[-0.2557];8749.84604;1;0;[0.6799];[-0.2701];8671.62476;100),(49531.93498;[0.6965];[-0.2535];8181.49777;1;0;[0.6812];[-0.2688];8130.43226;100),(50825.61350;[0.6542];[-0.2958];7873.19650;1;0;[0.6442];[-0.3058];7827.34881;100),(51309.36384;[0.6026];[-0.3474];7529.48652;1;0;[0.5918];[-0.3582];7490.13130;100),(51717.39364;[0.6009];[-0.3491];7521.73267;1;0;[0.59];[-0.36];7482.33402;100),(52231.70495;[0.597];[-0.353];7505.21746;1;0;[0.5855];[-0.3645];7465.59552;100),(52924.03531;[0.597];[-0.353];7505.21746;1;0;[0.5855];[-0.3645];7465.59552;100),(54445.76645;[0.5915];[-0.3585];9642.89657;1;0;[0.5757];[-0.3743];9518.93785;100),(55378.39413;[0.6593];[-0.2907];9168.89149;1;0;[0.6493];[-0.3007];9069.32371;100),(56244.94028;[0.7012];[-0.2488];8656.21381;1;0;[0.6859];[-0.2641];8585.60041;100),(56855.01313;[0.6941];[-0.2559];8274.88864;1;0;[0.6801];[-0.2699];8219.41839;100),(57956.26354;[0.6548];[-0.2952];7876.12591;1;0;[0.6455];[-0.3045];7830.33927;100),(58533.05554;[0.6265];[-0.3235];7695.54123;1;0;[0.6186];[-0.3314];7652.33152;100),(58969.80882;[0.6009];[-0.3491];7521.73267;1;0;[0.59];[-0.36];7482.33402;100),(59281.82721;[0.5981];[-0.3519];7509.76344;1;0;[0.5863];[-0.3637];7470.22878;100),(59801.61333;[0.5981];[-0.3519];7509.76344;1;0;[0.5863];[-0.3637];7470.22878;100),(60295.24851;[0.597];[-0.353];7505.21746;1;0;[0.5855];[-0.3645];7465.59552;100),(60645.49422;[0.597];[-0.353];7505.21746;1;0;[0.5855];[-0.3645];7465.59552;100),(62158.65612;[0.5951];[-0.3549];9618.96253;1;0;[0.5801];[-0.3699];9497.98704;100),(63110.11863;[0.6596];[-0.2904];9178.21435;1;0;[0.6495];[-0.3005];9075.33121;100),(63993.89267;[0.6997];[-0.2503];8686.01026;1;0;[0.6842];[-0.2658];8612.74730;100),(64638.95464;[0.6944];[-0.2556];8278.84410;1;0;[0.6807];[-0.2693];8223.35813;100),(65332.56698;[0.597];[-0.353];7505.21746;1;0;[0.5855];[-0.3645];7465.59552;100),(66859.29227;[0.665];[-0.285];9525.47959;1;0;[0.6541];[-0.2959];9444.82921;100),(68261.96551;[0.6726];[-0.2774];9117.58934;1;0;[0.6598];[-0.2902];9024.90498;100),(69200.38414;[0.6997];[-0.2503];8686.01026;1;0;[0.6842];[-0.2658];8612.74730;100),(69961.72309;[0.6948];[-0.2552];8278.42266;1;0;[0.6811];[-0.2689];8223.03617;100),(71234.00474;[0.6587];[-0.2913];7876.26178;1;0;[0.6483];[-0.3017];7831.33795;100),(71643.63790;[0.6291];[-0.3209];7701.49362;1;0;[0.6196];[-0.3304];7658.55398;100),(72060.26864;[0.6009];[-0.3491];7521.73267;1;0;[0.59];[-0.36];7482.33402;100),(72368.54386;[0.5981];[-0.3519];7509.76344;1;0;[0.5863];[-0.3637];7470.22878;100),(73215.25502;[0.597];[-0.353];7505.21746;1;0;[0.5855];[-0.3645];7465.59552;100),(74222.42236;[0.7033];[-0.2467];9497.25882;1;0;[0.6907];[-0.2593];9423.51039;100),(75292.60921;[0.6726];[-0.2774];9117.58934;1;0;[0.6598];[-0.2902];9024.90498;100),(76028.95117;[0.7007];[-0.2493];8690.25668;1;0;[0.6855];[-0.2645];8617.23844;100),(76769.24539;[0.6941];[-0.2559];8279.68869;1;0;[0.6801];[-0.2699];8223.99624;100),(77337.45670;[0.597];[-0.353];7505.21746;1;0;[0.5855];[-0.3645];7465.59552;100),(78124.51577;[0.597];[-0.353];7505.21746;1;0;[0.5855];[-0.3645];7465.59552;100),(79051.04375;[0.7033];[-0.2467];9497.25882;1;0;[0.6907];[-0.2593];9423.51039;100),(79891.46209;[0.6726];[-0.2774];9117.58934;1;0;[0.6598];[-0.2902];9024.90498;100),(80896.33751;[0.7007];[-0.2493];8690.25668;1;0;[0.6855];[-0.2645];8617.23844;100),(81793.44296;[0.6941];[-0.2559];8279.68869;1;0;[0.6801];[-0.2699];8223.99624;100),(82419.02351;[0.597];[-0.353];7505.21746;1;0;[0.5855];[-0.3645];7465.59552;100),(83665.91883;[0.911];[-0.039];9403.34951;1;0;[0.9091];[-0.0409];9347.59387;100),(84940.89293;[0.6619];[-0.2881];9111.65183;1;0;[0.6509];[-0.2991];9009.66355;100),(86029.67143;[0.7003];[-0.2497];8628.63050;1;0;[0.6875];[-0.2625];8559.70023;100),(87003.50285;[0.6861];[-0.2639];8157.79395;1;0;[0.6732];[-0.2768];8105.55620;100),(89113.24310;[0.911];[-0.039];9403.34951;1;0;[0.9091];[-0.0409];9347.59387;100),(90092.46993;[0.6726];[-0.2774];9117.58934;1;0;[0.6598];[-0.2902];9024.90498;100),(90987.99419;[0.7007];[-0.2493];8690.25668;1;0;[0.6855];[-0.2645];8617.23844;100),(91850.57306;[0.6941];[-0.2559];8279.68869;1;0;[0.6801];[-0.2699];8223.99624;100),(93193.51482;[0.6622];[-0.2878];7886.65306;1;0;[0.6516];[-0.2984];7841.92839;100),(93829.58102;[0.6291];[-0.3209];7701.49362;1;0;[0.6196];[-0.3304];7658.55398;100),(94389.46557;[0.5989];[-0.3511];7513.06818;1;0;[0.587];[-0.363];7473.61286;100),(94860.67986;[0.5981];[-0.3519];7509.76344;1;0;[0.5863];[-0.3637];7470.22878;100),(95431.94056;[0.5981];[-0.3519];7509.76344;1;0;[0.5863];[-0.3637];7470.22878;100),(95902.12107;[0.597];[-0.353];7505.21746;1;0;[0.5855];[-0.3645];7465.59552;100),(96727.76079;[0.9219];[-0.0281];9390.10056;1;0;[0.9196];[-0.0304];9335.13457;100),(97633.27098;[0.6691];[-0.2809];9095.64930;1;0;[0.6575];[-0.2925];9001.47900;100),(98497.84946;[0.6974];[-0.2526];8650.27761;1;0;[0.6834];[-0.2666];8579.75555;100),(99225.33107;[0.685];[-0.265];8161.58794;1;0;[0.6721];[-0.2779];8108.89283;100),(99953.43184;[0.597];[-0.353];7505.21746;1;0;[0.5855];[-0.3645];7465.59552;100),(101587.41117;[0.6032];[-0.3468];9561.12997;1;0;[0.5914];[-0.3586];9433.01051;100),(102326.41006;[0.6604];[-0.2896];9097.99192;1;0;[0.6506];[-0.2994];8996.43987;100),(103068.20416;[0.6974];[-0.2526];8650.27761;1;0;[0.6834];[-0.2666];8579.75555;100),(103762.19344;[0.685];[-0.265];8161.58794;1;0;[0.6721];[-0.2779];8108.89283;100),(105701.24412;[0.6032];[-0.3468];9561.12997;1;0;[0.5914];[-0.3586];9433.01051;100),(107466.52484;[0.6686];[-0.2814];9111.62837;1;0;[0.6569];[-0.2931];9012.95550;100),(108308.26449;[0.697];[-0.253];8681.79924;1;0;[0.6824];[-0.2676];8609.43851;100),(109398.38815;[0.6994];[-0.2506];8285.60532;1;0;[0.6855];[-0.2645];8231.25398;100),(110146.94548;[0.6718];[-0.2782];8020.52430;1;0;[0.66];[-0.29];7971.37681;100),(110792.50860;[0.6297];[-0.3203];7703.29775;1;0;[0.6204];[-0.3296];7660.42580;100),(111406.50797;[0.6259];[-0.3241];7690.60302;1;0;[0.6177];[-0.3323];7647.35858;100),(111986.71651;[0.5989];[-0.3511];7513.06818;1;0;[0.587];[-0.363];7473.61286;100),(112343.16421;[0.5989];[-0.3511];7513.06818;1;0;[0.587];[-0.363];7473.61286;100),(112753.67880;[0.5981];[-0.3519];7509.76344;1;0;[0.5863];[-0.3637];7470.22878;100),(113418.06102;[0.5981];[-0.3519];7509.76344;1;0;[0.5863];[-0.3637];7470.22878;100),(114361.85217;[0.6055];[-0.3445];9550.18196;1;0;[0.5943];[-0.3557];9423.15566;100),(115611.22561;[0.6604];[-0.2896];9097.99192;1;0;[0.6506];[-0.2994];8996.43987;100),(116880.10025;[0.6975];[-0.2525];8652.69619;1;0;[0.6835];[-0.2665];8581.96554;100),(117883.48651;[0.6939];[-0.2561];8171.57975;1;0;[0.6789];[-0.2711];8120.40692;100),(119916.90874;[0.6055];[-0.3445];9550.18196;1;0;[0.5943];[-0.3557];9423.15566;100),(120956.33054;[0.6604];[-0.2896];9097.99192;1;0;[0.6506];[-0.2994];8996.43987;100),(121836.04670;[0.6975];[-0.2525];8652.69619;1;0;[0.6835];[-0.2665];8581.96554;100),(123211.02667;[0.7016];[-0.2484];8296.69299;1;0;[0.6875];[-0.2625];8242.46365;100),(123841.46762;[0.673];[-0.277];8025.53284;1;0;[0.661];[-0.289];7976.47174;100),(124220.36695;[0.6504];[-0.2996];7859.69933;1;0;[0.6416];[-0.3084];7813.64102;100),(124776.56388;[0.6291];[-0.3209];7701.49362;1;0;[0.6196];[-0.3304];7658.55398;100),(125368.24918;[0.6258];[-0.3242];7691.18735;1;0;[0.6174];[-0.3326];7647.83225;100),(126048.14506;[0.6251];[-0.3249];7684.53033;1;0;[0.6168];[-0.3332];7641.37309;100),(126385.40483;[0.6251];[-0.3249];7684.53033;1;0;[0.6168];[-0.3332];7641.37309;100),(126835.07776;[0.6239];[-0.3261];7680.48285;1;0;[0.6154];[-0.3346];7637.19078;100),(127171.98396;[0.6239];[-0.3261];7680.48285;1;0;[0.6154];[-0.3346];7637.19078;100),(128099.11728;[0.6136];[-0.3364];9507.87407;1;0;[0.6016];[-0.3484];9383.49289;100),(128812.81090;[0.6633];[-0.2867];9083.40714;1;0;[0.6534];[-0.2966];8982.85590;100),(129476.71700;[0.7009];[-0.2491];8627.65201;1;0;[0.6876];[-0.2624];8558.87224;100),(130406.74663;[0.6965];[-0.2535];8181.49777;1;0;[0.6812];[-0.2688];8130.43226;100),(131564.76951;[0.6239];[-0.3261];7680.48285;1;0;[0.6154];[-0.3346];7637.19078;100),(132888.96489;[0.6136];[-0.3364];9507.87407;1;0;[0.6016];[-0.3484];9383.49289;100),(133614.40849;[0.6633];[-0.2867];9083.40714;1;0;[0.6534];[-0.2966];8982.85590;100),(134217.47875;[0.7009];[-0.2491];8627.65201;1;0;[0.6876];[-0.2624];8558.87224;100),(135738.08336;[0.6965];[-0.2535];8181.49777;1;0;[0.6812];[-0.2688];8130.43226;100),(137634.24444;[0.5981];[-0.3519];7509.76344;1;0;[0.5863];[-0.3637];7470.22878;100),(138618.71886;[0.6136];[-0.3364];9507.87407;1;0;[0.6016];[-0.3484];9383.49289;100),(139392.83681;[0.6633];[-0.2867];9083.40714;1;0;[0.6534];[-0.2966];8982.85590;100),(140093.79888;[0.7012];[-0.2488];8656.21381;1;0;[0.6859];[-0.2641];8585.60041;100),(140747.21861;[0.7];[-0.25];8380.78148;1;0;[0.6853];[-0.2647];8322.24765;100),(141439.11099;[0.6723];[-0.2777];8027.62970;1;0;[0.6604];[-0.2896];7978.30358;100),(141905.56931;[0.6543];[-0.2957];7872.56359;1;0;[0.6443];[-0.3057];7826.70914;100),(142327.91185;[0.6277];[-0.3223];7699.25965;1;0;[0.6192];[-0.3308];7656.12942;100),(142931.54311;[0.626];[-0.324];7688.41538;1;0;[0.6182];[-0.3318];7645.34374;100),(143468.39595;[0.6251];[-0.3249];7684.53033;1;0;[0.6168];[-0.3332];7641.37309;100),(143933.97069;[0.6251];[-0.3249];7684.53033;1;0;[0.6168];[-0.3332];7641.37309;100),(145149.33801;[0.6252];[-0.3248];9451.89772;1;0;[0.6113];[-0.3387];9331.93033;100),(146487.38408;[0.6682];[-0.2818];9070.46411;1;0;[0.6568];[-0.2932];8973.83026;100),(147289.76941;[0.7003];[-0.2497];8628.63050;1;0;[0.6875];[-0.2625];8559.70023;100),(148132.23815;[0.6941];[-0.2559];8277.19601;1;0;[0.68];[-0.27];8221.61107;100),(148775.81096;[0.6251];[-0.3249];7684.53033;1;0;[0.6168];[-0.3332];7641.37309;100),(150417.67144;[0.6252];[-0.3248];9451.89772;1;0;[0.6113];[-0.3387];9331.93033;100),(151290.36736;[0.6682];[-0.2818];9070.46411;1;0;[0.6568];[-0.2932];8973.83026;100),(152465.82556;[0.7003];[-0.2497];8628.63050;1;0;[0.6875];[-0.2625];8559.70023;100),(153208.35185;[0.6941];[-0.2559];8277.19601;1;0;[0.68];[-0.27];8221.61107;100),(154419.91735;[0.6251];[-0.3249];7684.53033;1;0;[0.6168];[-0.3332];7641.37309;100),(155765.83838;[0.6252];[-0.3248];9451.89772;1;0;[0.6113];[-0.3387];9331.93033;100),(156690.78112;[0.6682];[-0.2818];9070.46411;1;0;[0.6568];[-0.2932];8973.83026;100),(157502.74611;[0.7003];[-0.2497];8628.63050;1;0;[0.6875];[-0.2625];8559.70023;100),(158721.76480;[0.6941];[-0.2559];8277.19601;1;0;[0.68];[-0.27];8221.61107;100),(159300.77910;[0.6725];[-0.2775];8025.39545;1;0;[0.6606];[-0.2894];7976.17996;100),(159722.66889;[0.6544];[-0.2956];7872.61217;1;0;[0.645];[-0.305];7826.87514;100),(160451.19977;[0.6515];[-0.2985];7862.89121;1;0;[0.6421];[-0.3079];7816.91337;100),(161030.56693;[0.6515];[-0.2985];7862.89121;1;0;[0.6421];[-0.3079];7816.91337;100),(161443.50934;[0.6504];[-0.2996];7859.69933;1;0;[0.6416];[-0.3084];7813.64102;100),(161841.02392;[0.6504];[-0.2996];7859.69933;1;0;[0.6416];[-0.3084];7813.64102;100),(162213.93538;[0.6504];[-0.2996];7859.69933;1;0;[0.6416];[-0.3084];7813.64102;100),(163450.32024;[0.6431];[-0.3069];9367.07835;1;0;[0.6304];[-0.3196];9257.78980;100),(164224.48325;[0.6801];[-0.2699];9021.54767;1;0;[0.6667];[-0.2833];8927.86952;100),(165056.33807;[0.6982];[-0.2518];8494.65039;1;0;[0.6841];[-0.2659];8431.72348;100),(166186.33604;[0.6852];[-0.2648];8158.40411;1;0;[0.6727];[-0.2773];8106.01505;100),(166589.44345;[0.6703];[-0.2797];8016.92120;1;0;[0.659];[-0.291];7967.52231;100),(166971.87066;[0.6543];[-0.2957];7872.56359;1;0;[0.6443];[-0.3057];7826.70914;100),(167386.29484;[0.6515];[-0.2985];7862.89121;1;0;[0.6421];[-0.3079];7816.91337;100),(167812.17432;[0.6504];[-0.2996];7859.69933;1;0;[0.6416];[-0.3084];7813.64102;100),(168391.09182;[0.6504];[-0.2996];7859.69933;1;0;[0.6416];[-0.3084];7813.64102;100),(169662.50229;[0.6331];[-0.3169];9381.00037;1;0;[0.6218];[-0.3282];9266.10462;100),(170638.45539;[0.6801];[-0.2699];9021.54767;1;0;[0.6667];[-0.2833];8927.86952;100),(171345.84427;[0.7003];[-0.2497];8620.48363;1;0;[0.6868];[-0.2632];8551.68625;100),(172093.30392;[0.6852];[-0.2648];8159.84624;1;0;[0.6724];[-0.2776];8107.39061;100),(172525.17867;[0.6718];[-0.2782];8020.52430;1;0;[0.66];[-0.29];7971.37681;100),(172903.11384;[0.6543];[-0.2957];7872.56359;1;0;[0.6443];[-0.3057];7826.70914;100),(173312.30831;[0.6515];[-0.2985];7862.89121;1;0;[0.6421];[-0.3079];7816.91337;100),(173824.41044;[0.6504];[-0.2996];7859.69933;1;0;[0.6416];[-0.3084];7813.64102;100),(174287.72974;[0.6504];[-0.2996];7859.69933;1;0;[0.6416];[-0.3084];7813.64102;100),(174640.01822;[0.6504];[-0.2996];7859.69933;1;0;[0.6416];[-0.3084];7813.64102;100),(175372.67089;[0.6311];[-0.3189];9369.80818;1;0;[0.6213];[-0.3287];9250.99597;100),(175988.26075;[0.6836];[-0.2664];9001.16843;1;0;[0.6693];[-0.2807];8908.85346;100),(177054.02017;[0.7016];[-0.2484];8541.50436;1;0;[0.6899];[-0.2601];8477.71257;100),(177662.18638;[0.6504];[-0.2996];7859.69933;1;0;[0.6416];[-0.3084];7813.64102;100),(178388.73386;[0.6504];[-0.2996];7859.69933;1;0;[0.6416];[-0.3084];7813.64102;100),(179036.37648;[0.6311];[-0.3189];9369.80818;1;0;[0.6213];[-0.3287];9250.99597;100),(179750.03958;[0.6836];[-0.2664];9001.16843;1;0;[0.6693];[-0.2807];8908.85346;100),(180514.96625;[0.7016];[-0.2484];8541.50436;1;0;[0.6899];[-0.2601];8477.71257;100),(181107.43141;[0.6504];[-0.2996];7859.69933;1;0;[0.6416];[-0.3084];7813.64102;100),(183009.71270;[0.6377];[-0.3123];9325.28442;1;0;[0.6266];[-0.3234];9212.19284;100),(183665.53187;[0.6898];[-0.2602];8952.65572;1;0;[0.6754];[-0.2746];8864.53839;100),(184317.38496;[0.7019];[-0.2481];8469.33480;1;0;[0.6881];[-0.2619];8408.20300;100),(185593.22429;[0.6853];[-0.2647];8160.52109;1;0;[0.6727];[-0.2773];8108.01908;100),(186077.18396;[0.6729];[-0.2771];8024.64281;1;0;[0.6609];[-0.2891];7975.53048;100),(186478.73187;[0.6544];[-0.2956];7872.61217;1;0;[0.645];[-0.305];7826.87514;100),(186924.47925;[0.6515];[-0.2985];7862.89121;1;0;[0.6421];[-0.3079];7816.91337;100),(187300.58670;[0.6515];[-0.2985];7862.89121;1;0;[0.6421];[-0.3079];7816.91337;100),(187660.27904;[0.6504];[-0.2996];7859.69933;1;0;[0.6416];[-0.3084];7813.64102;100),(188841.86649;[0.6377];[-0.3123];9325.28442;1;0;[0.6266];[-0.3234];9212.19284;100),(190154.73366;[0.6838];[-0.2662];9001.39290;1;0;[0.6695];[-0.2805];8909.14647;100),(191228.27721;[0.6995];[-0.2505];8543.92747;1;0;[0.6863];[-0.2637];8477.80133;100),(191988.05594;[0.6923];[-0.2577];8162.92228;1;0;[0.6778];[-0.2722];8111.69602;100),(192409.47270;[0.673];[-0.277];8025.53284;1;0;[0.661];[-0.289];7976.47174;100),(192760.40173;[0.6714];[-0.2786];8018.83808;1;0;[0.6598];[-0.2902];7969.62017;100),(193312.38008;[0.6515];[-0.2985];7862.89121;1;0;[0.6421];[-0.3079];7816.91337;100),(193662.21595;[0.6515];[-0.2985];7862.89121;1;0;[0.6421];[-0.3079];7816.91337;100),(194084.29408;[0.6504];[-0.2996];7859.69933;1;0;[0.6416];[-0.3084];7813.64102;100),(194397.55988;[0.6504];[-0.2996];7859.69933;1;0;[0.6416];[-0.3084];7813.64102;100),(194714.86068;[0.6504];[-0.2996];7859.69933;1;0;[0.6416];[-0.3084];7813.64102;100),(195588.55343;[0.651];[-0.299];9280.56187;1;0;[0.6419];[-0.3081];9174.83305;100),(196318.21060;[0.6941];[-0.2559];8925.17088;1;0;[0.6793];[-0.2707];8840.00857;100),(197018.85009;[0.7055];[-0.2445];8474.42766;1;0;[0.6942];[-0.2558];8414.48074;100),(197601.62830;[0.6504];[-0.2996];7859.69933;1;0;[0.6416];[-0.3084];7813.64102;100),(198430.45163;[0.6504];[-0.2996];7859.69933;1;0;[0.6416];[-0.3084];7813.64102;100),(199656.03590;[0.651];[-0.299];9280.56187;1;0;[0.6419];[-0.3081];9174.83305;100),(200398.90361;[0.694];[-0.256];8924.95903;1;0;[0.6793];[-0.2707];8839.84520;100),(201158.30827;[0.7055];[-0.2445];8474.42766;1;0;[0.6942];[-0.2558];8414.48074;100),(201754.84395;[0.6504];[-0.2996];7859.69933;1;0;[0.6416];[-0.3084];7813.64102;100),(202862.25104;[0.6499];[-0.3001];9268.96266;1;0;[0.6405];[-0.3095];9161.93195;100),(203571.90657;[0.6941];[-0.2559];8925.17088;1;0;[0.6793];[-0.2707];8840.00857;100),(204631.13260;[0.7055];[-0.2445];8474.42766;1;0;[0.6942];[-0.2558];8414.48074;100),(205878.52454;[0.6939];[-0.2561];8171.57975;1;0;[0.6789];[-0.2711];8120.40692;100),(206263.25607;[0.673];[-0.277];8025.53284;1;0;[0.661];[-0.289];7976.47174;100),(206696.13910;[0.6718];[-0.2782];8020.52430;1;0;[0.66];[-0.29];7971.37681;100),(207097.45669;[0.6515];[-0.2985];7862.89121;1;0;[0.6421];[-0.3079];7816.91337;100),(207570.50228;[0.6504];[-0.2996];7859.69933;1;0;[0.6416];[-0.3084];7813.64102;100),(208014.17994;[0.6504];[-0.2996];7859.69933;1;0;[0.6416];[-0.3084];7813.64102;100),(208339.13851;[0.6504];[-0.2996];7859.69933;1;0;[0.6416];[-0.3084];7813.64102;100),(209040.30418;[0.6499];[-0.3001];9269.86535;1;0;[0.6402];[-0.3098];9162.67083;100),(210201.93338;[0.6936];[-0.2564];8926.35252;1;0;[0.6788];[-0.2712];8840.95842;100),(211286.79705;[0.7061];[-0.2439];8479.42626;1;0;[0.6946];[-0.2554];8419.48320;100),(212341.59946;[0.6504];[-0.2996];7859.69933;1;0;[0.6416];[-0.3084];7813.64102;100),(213253.17645;[0.6504];[-0.2996];7859.69933;1;0;[0.6416];[-0.3084];7813.64102;100),(214353.25933;[0.6506];[-0.2994];9236.60772;1;0;[0.6406];[-0.3094];9128.77303;100),(215257.14540;[0.6936];[-0.2564];8926.35252;1;0;[0.6788];[-0.2712];8840.95842;100),(216335.93917;[0.7061];[-0.2439];8479.42626;1;0;[0.6946];[-0.2554];8419.48320;100),(217250.91481;[0.6504];[-0.2996];7859.69933;1;0;[0.6416];[-0.3084];7813.64102;100),(219164.08849;[0.6506];[-0.2994];9236.60772;1;0;[0.6406];[-0.3094];9128.77303;100),(220387.95304;[0.6936];[-0.2564];8926.35252;1;0;[0.6788];[-0.2712];8840.95842;100),(221560.39619;[0.7061];[-0.2439];8479.42626;1;0;[0.6946];[-0.2554];8419.48320;100),(222731.98462;[0.6934];[-0.2566];8271.74252;1;0;[0.6792];[-0.2708];8216.01949;100),(223184.06343;[0.6723];[-0.2777];8027.62970;1;0;[0.6604];[-0.2896];7978.30358;100),(223679.35324;[0.6725];[-0.2775];8025.39545;1;0;[0.6606];[-0.2894];7976.17996;100),(224020.77222;[0.6718];[-0.2782];8020.52430;1;0;[0.66];[-0.29];7971.37681;100),(224789.65473;[0.6688];[-0.2812];8007.24433;1;0;[0.6572];[-0.2928];7957.89434;100),(226377.03490;[0.654];[-0.296];9215.80890;1;0;[0.6434];[-0.3066];9109.33506;100),(227105.69787;[0.6966];[-0.2534];8901.94633;1;0;[0.6828];[-0.2672];8818.28656;100),(228383.67152;[0.6978];[-0.2522];8491.85102;1;0;[0.6832];[-0.2668];8428.80877;100),(229590.30390;[0.6941];[-0.2559];8277.19601;1;0;[0.68];[-0.27];8221.61107;100),(230170.87173;[0.6839];[-0.2661];8149.71499;1;0;[0.6705];[-0.2795];8097.18923;100),(230803.51305;[0.673];[-0.277];8025.53284;1;0;[0.661];[-0.289];7976.47174;100),(231274.35875;[0.6718];[-0.2782];8020.52430;1;0;[0.66];[-0.29];7971.37681;100),(231688.33065;[0.6714];[-0.2786];8018.83808;1;0;[0.6598];[-0.2902];7969.62017;100),(232189.87489;[0.6714];[-0.2786];8018.83808;1;0;[0.6598];[-0.2902];7969.62017;100),(232575.31619;[0.6703];[-0.2797];8016.92120;1;0;[0.659];[-0.291];7967.52231;100),(233242.13123;[0.6704];[-0.2796];8015.90974;1;0;[0.659];[-0.291];7966.61754;100),(234267.15636;[0.6635];[-0.2865];9187.87561;1;0;[0.6524];[-0.2976];9089.94794;100),(235071.42496;[0.6966];[-0.2534];8901.94633;1;0;[0.6828];[-0.2672];8818.28656;100),(235951.34687;[0.7092];[-0.2408];8487.70367;1;0;[0.6971];[-0.2529];8428.38309;100),(237652.32348;[0.6948];[-0.2552];8278.42266;1;0;[0.6811];[-0.2689];8223.03617;100),(238088.92035;[0.6848];[-0.2652];8155.66065;1;0;[0.6718];[-0.2782];8103.19289;100),(238568.36200;[0.673];[-0.277];8025.53284;1;0;[0.661];[-0.289];7976.47174;100),(239145.34783;[0.6718];[-0.2782];8020.52430;1;0;[0.66];[-0.29];7971.37681;100),(239506.26731;[0.6714];[-0.2786];8018.83808;1;0;[0.6598];[-0.2902];7969.62017;100),(239945.13297;[0.6704];[-0.2796];8015.90974;1;0;[0.659];[-0.291];7966.61754;100),(242122.69950;[0.6696];[-0.2804];9146.61586;1;0;[0.6574];[-0.2926];9051.09694;100),(242817.90352;[0.7007];[-0.2493];8877.04755;1;0;[0.6855];[-0.2645];8795.18306;100),(243549.20554;[0.7018];[-0.2482];8465.23920;1;0;[0.6876];[-0.2624];8404.09573;100),(247232.63717;[0.6696];[-0.2804];9146.61586;1;0;[0.6574];[-0.2926];9051.09694;100),(247904.56176;[0.6942];[-0.2558];8923.37262;1;0;[0.6798];[-0.2702];8838.34181;100),(248557.11460;[0.7008];[-0.2492];8535.70485;1;0;[0.689];[-0.261];8471.87803;100),(249190.61732;[0.6948];[-0.2552];8278.42266;1;0;[0.6811];[-0.2689];8223.03617;100),(249677.31977;[0.6851];[-0.2649];8157.91443;1;0;[0.6724];[-0.2776];8105.52127;100),(250107.27763;[0.673];[-0.277];8025.53284;1;0;[0.661];[-0.289];7976.47174;100),(250669.03138;[0.6718];[-0.2782];8020.52430;1;0;[0.66];[-0.29];7971.37681;100),(251041.72349;[0.6714];[-0.2786];8018.83808;1;0;[0.6598];[-0.2902];7969.62017;100),(251352.29063;[0.6714];[-0.2786];8018.83808;1;0;[0.6598];[-0.2902];7969.62017;100),(251868.54124;[0.6703];[-0.2797];8016.92120;1;0;[0.659];[-0.291];7967.52231;100),(252197.90363;[0.6703];[-0.2797];8016.92120;1;0;[0.659];[-0.291];7967.52231;100),(252594.47169;[0.6704];[-0.2796];8015.90974;1;0;[0.659];[-0.291];7966.61754;100),(253640.67698;[0.6949];[-0.2551];9085.84109;1;0;[0.6824];[-0.2676];9002.76077;100),(254331.64668;[0.7007];[-0.2493];8690.25668;1;0;[0.6855];[-0.2645];8617.23844;100),(255447.34168;[0.7019];[-0.2481];8468.00405;1;0;[0.6877];[-0.2623];8406.81761;100),(256302.38509;[0.6704];[-0.2796];8015.90974;1;0;[0.659];[-0.291];7966.61754;100),(258261.35302;[0.6949];[-0.2551];9085.84109;1;0;[0.6824];[-0.2676];9002.76077;100),(258954.00357;[0.7007];[-0.2493];8690.25668;1;0;[0.6855];[-0.2645];8617.23844;100),(259751.74546;[0.7019];[-0.2481];8468.00405;1;0;[0.6877];[-0.2623];8406.81761;100),(261289.86144;[0.6703];[-0.2797];8016.92120;1;0;[0.659];[-0.291];7967.52231;100),(262705.81365;[0.6949];[-0.2551];9085.84109;1;0;[0.6824];[-0.2676];9002.76077;100),(263344.87176;[0.7007];[-0.2493];8877.04755;1;0;[0.6855];[-0.2645];8795.18306;100),(264030.32756;[0.7017];[-0.2483];8541.17414;1;0;[0.69];[-0.26];8477.48889;100),(264762.46071;[0.6941];[-0.2559];8279.68869;1;0;[0.6801];[-0.2699];8223.99624;100),(265258.73017;[0.6852];[-0.2648];8158.40411;1;0;[0.6727];[-0.2773];8106.01505;100),(265622.35522;[0.673];[-0.277];8025.53284;1;0;[0.661];[-0.289];7976.47174;100),(266224.88570;[0.6718];[-0.2782];8020.52430;1;0;[0.66];[-0.29];7971.37681;100),(266634.77039;[0.6714];[-0.2786];8018.83808;1;0;[0.6598];[-0.2902];7969.62017;100),(267033.73218;[0.6703];[-0.2797];8016.92120;1;0;[0.659];[-0.291];7967.52231;100),(268297.93358;[0.6704];[-0.2796];8015.90974;1;0;[0.659];[-0.291];7966.61754;100),(269362.53357;[0.6679];[-0.2821];9066.92663;1;0;[0.656];[-0.294];8967.99102;100),(270283.22864;[0.6975];[-0.2525];8652.69619;1;0;[0.6835];[-0.2665];8581.96554;100),(271619.10391;[0.6998];[-0.2502];8285.43005;1;0;[0.686];[-0.264];8231.12718;100),(272184.06296;[0.6852];[-0.2648];8159.84624;1;0;[0.6724];[-0.2776];8107.39061;100),(272692.64245;[0.6839];[-0.2661];8149.71499;1;0;[0.6705];[-0.2795];8097.18923;100),(273175.58265;[0.6718];[-0.2782];8020.52430;1;0;[0.66];[-0.29];7971.37681;100),(273691.00428;[0.6714];[-0.2786];8018.83808;1;0;[0.6598];[-0.2902];7969.62017;100),(274142.14158;[0.6714];[-0.2786];8018.83808;1;0;[0.6598];[-0.2902];7969.62017;100),(274512.40802;[0.6714];[-0.2786];8018.83808;1;0;[0.6598];[-0.2902];7969.62017;100),(274995.80741;[0.6703];[-0.2797];8016.92120;1;0;[0.659];[-0.291];7967.52231;100),(275505.16701;[0.6704];[-0.2796];8015.90974;1;0;[0.659];[-0.291];7966.61754;100),(276408.94556;[0.672];[-0.278];9041.80251;1;0;[0.6597];[-0.2903];8945.81447;100),(277120.66984;[0.7003];[-0.2497];8628.63050;1;0;[0.6875];[-0.2625];8559.70023;100),(277957.24797;[0.6704];[-0.2796];8015.90974;1;0;[0.659];[-0.291];7966.61754;100),(279024.79339;[0.6704];[-0.2796];8015.90974;1;0;[0.659];[-0.291];7966.61754;100),(279859.39312;[0.6753];[-0.2747];9040.17564;1;0;[0.6631];[-0.2869];8945.07071;100),(280490.72552;[0.7003];[-0.2497];8628.63050;1;0;[0.6875];[-0.2625];8559.70023;100),(281621.08374;[0.6704];[-0.2796];8015.90974;1;0;[0.659];[-0.291];7966.61754;100),(283106.65226;[0.6753];[-0.2747];9040.17564;1;0;[0.6631];[-0.2869];8945.07071;100),(283820.64176;[0.7003];[-0.2497];8628.63050;1;0;[0.6875];[-0.2625];8559.70023;100),(284940.22894;[0.7002];[-0.2498];8380.44000;1;0;[0.6852];[-0.2648];8321.89961;100),(285489.92038;[0.6856];[-0.2644];8160.74694;1;0;[0.673];[-0.277];8108.34112;100),(285914.79421;[0.6851];[-0.2649];8157.91443;1;0;[0.6724];[-0.2776];8105.52127;100),(286476.47762;[0.6718];[-0.2782];8020.52430;1;0;[0.66];[-0.29];7971.37681;100),(286939.08000;[0.6714];[-0.2786];8018.83808;1;0;[0.6598];[-0.2902];7969.62017;100),(287263.32855;[0.6714];[-0.2786];8018.83808;1;0;[0.6598];[-0.2902];7969.62017;100),(288233.31594;[0.6704];[-0.2796];8015.90974;1;0;[0.659];[-0.291];7966.61754;100),(289051.99265;[0.6801];[-0.2699];9020.65355;1;0;[0.6667];[-0.2833];8926.97414;100),(290176.40233;[0.7003];[-0.2497];8628.63050;1;0;[0.6875];[-0.2625];8559.70023;100),(290891.57319;[0.7];[-0.25];8380.78148;1;0;[0.6853];[-0.2647];8322.24765;100),(291786.81707;[0.6856];[-0.2644];8160.74694;1;0;[0.673];[-0.277];8108.34112;100),(292325.08039;[0.6852];[-0.2648];8158.40411;1;0;[0.6727];[-0.2773];8106.01505;100),(292639.39643;[0.6851];[-0.2649];8157.91443;1;0;[0.6724];[-0.2776];8105.52127;100),(293089.88547;[0.6839];[-0.2661];8149.71499;1;0;[0.6705];[-0.2795];8097.18923;100),(293407.71651;[0.6839];[-0.2661];8149.71499;1;0;[0.6705];[-0.2795];8097.18923;100),(293740.84640;[0.6714];[-0.2786];8018.83808;1;0;[0.6598];[-0.2902];7969.62017;100),(294297.80436;[0.6714];[-0.2786];8018.83808;1;0;[0.6598];[-0.2902];7969.62017;100),(295186.87487;[0.6898];[-0.2602];8994.92334;1;0;[0.6752];[-0.2748];8905.60757;100),(295915.75384;[0.7076];[-0.2424];8568.68959;1;0;[0.6936];[-0.2564];8503.99357;100),(296970.29495;[0.6998];[-0.2502];8382.34405;1;0;[0.6852];[-0.2648];8323.69811;100),(297609.76768;[0.6942];[-0.2558];8275.21028;1;0;[0.6803];[-0.2697];8219.78916;100),(297976.22013;[0.6848];[-0.2652];8155.66065;1;0;[0.6718];[-0.2782];8103.19289;100),(298535.54177;[0.6839];[-0.2661];8149.71499;1;0;[0.6705];[-0.2795];8097.18923;100),(298839.28275;[0.6839];[-0.2661];8149.71499;1;0;[0.6705];[-0.2795];8097.18923;100),(299285.34245;[0.6839];[-0.2661];8149.71499;1;0;[0.6705];[-0.2795];8097.18923;100),(300372.95222;[0.6906];[-0.2594];8951.36256;1;0;[0.676];[-0.274];8863.64747;100),(301184.12828;[0.708];[-0.242];8572.10098;1;0;[0.6946];[-0.2554];8507.56682;100),(301755.08976;[0.6839];[-0.2661];8149.71499;1;0;[0.6705];[-0.2795];8097.18923;100),(302534.87563;[0.6839];[-0.2661];8149.71499;1;0;[0.6705];[-0.2795];8097.18923;100),(303418.07747;[0.6906];[-0.2594];8951.36256;1;0;[0.676];[-0.274];8863.64747;100),(304234.36165;[0.708];[-0.242];8572.10098;1;0;[0.6946];[-0.2554];8507.56682;100),(304815.15574;[0.6839];[-0.2661];8149.71499;1;0;[0.6705];[-0.2795];8097.18923;100),(305602.10824;[0.6839];[-0.2661];8149.71499;1;0;[0.6705];[-0.2795];8097.18923;100),(306570.07384;[0.694];[-0.256];8924.95903;1;0;[0.6793];[-0.2707];8839.84520;100),(307189.22949;[0.7087];[-0.2413];8487.58344;1;0;[0.6964];[-0.2536];8428.08969;100),(307760.31685;[0.6839];[-0.2661];8149.71499;1;0;[0.6705];[-0.2795];8097.18923;100),(308557.86705;[0.6839];[-0.2661];8149.71499;1;0;[0.6705];[-0.2795];8097.18923;100),(309181.56195;[0.694];[-0.256];8924.95903;1;0;[0.6793];[-0.2707];8839.84520;100),(309892.82560;[0.7087];[-0.2413];8487.58344;1;0;[0.6964];[-0.2536];8428.08969;100),(310459.07593;[0.6839];[-0.2661];8149.71499;1;0;[0.6705];[-0.2795];8097.18923;100),(311224.53237;[0.6839];[-0.2661];8149.71499;1;0;[0.6705];[-0.2795];8097.18923;100),(312455.34635;[0.704];[-0.246];8889.56986;1;0;[0.6887];[-0.2613];8809.29344;100),(313139.85634;[0.7087];[-0.2413];8487.58344;1;0;[0.6964];[-0.2536];8428.08969;100),(313709.06472;[0.6839];[-0.2661];8149.71499;1;0;[0.6705];[-0.2795];8097.18923;100),(314495.65458;[0.6839];[-0.2661];8149.71499;1;0;[0.6705];[-0.2795];8097.18923;100),(315318.20130;[0.704];[-0.246];8889.56986;1;0;[0.6887];[-0.2613];8809.29344;100),(315953.94778;[0.7087];[-0.2413];8487.58344;1;0;[0.6964];[-0.2536];8428.08969;100),(316559.72624;[0.6839];[-0.2661];8149.71499;1;0;[0.6705];[-0.2795];8097.18923;100),(317422.25385;[0.6839];[-0.2661];8149.71499;1;0;[0.6705];[-0.2795];8097.18923;100),(318435.03571;[0.7007];[-0.2493];8690.25668;1;0;[0.6855];[-0.2645];8617.23844;100),(319299.14594;[0.7035];[-0.2465];8383.57209;1;0;[0.6898];[-0.2602];8326.16838;100),(319798.09427;[0.6943];[-0.2557];8278.64637;1;0;[0.6804];[-0.2696];8223.11412;100),(320116.81604;[0.6851];[-0.2649];8157.91443;1;0;[0.6724];[-0.2776];8105.52127;100),(320553.67994;[0.6839];[-0.2661];8149.71499;1;0;[0.6705];[-0.2795];8097.18923;100),(320982.31792;[0.6839];[-0.2661];8149.71499;1;0;[0.6705];[-0.2795];8097.18923;100),(321882.27320;[0.6975];[-0.2525];8652.69619;1;0;[0.6835];[-0.2665];8581.96554;100),(323069.46135;[0.7042];[-0.2458];8391.11035;1;0;[0.6906];[-0.2594];8333.68618;100),(323509.36317;[0.6948];[-0.2552];8278.42266;1;0;[0.6811];[-0.2689];8223.03617;100),(323950.76513;[0.6851];[-0.2649];8157.91443;1;0;[0.6724];[-0.2776];8105.52127;100),(324436.69176;[0.6839];[-0.2661];8149.71499;1;0;[0.6705];[-0.2795];8097.18923;100),(324910.31003;[0.6839];[-0.2661];8149.71499;1;0;[0.6705];[-0.2795];8097.18923;100),(325299.56651;[0.6839];[-0.2661];8149.71499;1;0;[0.6705];[-0.2795];8097.18923;100),(325967.77749;[0.7003];[-0.2497];8628.63050;1;0;[0.6875];[-0.2625];8559.70023;100),(327140.47956;[0.6839];[-0.2661];8149.71499;1;0;[0.6705];[-0.2795];8097.18923;100),(328437.73389;[0.7018];[-0.2482];8627.18956;1;0;[0.6881];[-0.2619];8558.65856;100),(329494.01212;[0.7019];[-0.2481];8466.67766;1;0;[0.6881];[-0.2619];8405.60352;100),(329887.70080;[0.699];[-0.251];8373.70377;1;0;[0.6845];[-0.2655];8315.03057;100),(330302.31380;[0.6851];[-0.2649];8157.91443;1;0;[0.6724];[-0.2776];8105.52127;100),(330769.80567;[0.6851];[-0.2649];8157.91443;1;0;[0.6724];[-0.2776];8105.52127;100),(331165.85803;[0.6839];[-0.2661];8149.71499;1;0;[0.6705];[-0.2795];8097.18923;100),(331492.49339;[0.6839];[-0.2661];8149.71499;1;0;[0.6705];[-0.2795];8097.18923;100),(331894.25516;[0.6839];[-0.2661];8149.71499;1;0;[0.6705];[-0.2795];8097.18923;100),(332216.30383;[0.6839];[-0.2661];8149.71499;1;0;[0.6705];[-0.2795];8097.18923;100),(332862.89573;[0.7014];[-0.2486];8542.37191;1;0;[0.6898];[-0.2602];8478.52412;100),(333426.75734;[0.6839];[-0.2661];8149.71499;1;0;[0.6705];[-0.2795];8097.18923;100),(334755.10311;[0.7019];[-0.2481];8469.33480;1;0;[0.6881];[-0.2619];8408.20300;100),(335319.09800;[0.7002];[-0.2498];8380.44000;1;0;[0.6852];[-0.2648];8321.89961;100),(335721.26150;[0.6941];[-0.2559];8274.88864;1;0;[0.6801];[-0.2699];8219.41839;100),(336234.23862;[0.6839];[-0.2661];8149.71499;1;0;[0.6705];[-0.2795];8097.18923;100),(336776.31474;[0.6839];[-0.2661];8149.71499;1;0;[0.6705];[-0.2795];8097.18923;100),(337087.37040;[0.6839];[-0.2661];8149.71499;1;0;[0.6705];[-0.2795];8097.18923;100),(337407.79090;[0.6839];[-0.2661];8149.71499;1;0;[0.6705];[-0.2795];8097.18923;100),(337973.91915;[0.6839];[-0.2661];8149.71499;1;0;[0.6705];[-0.2795];8097.18923;100),(341424.10898;[0.5675];[-0.3825];9707.79820;1;0;[0.5565];[-0.3935];9607.69630;200),(342960.62899;[0.5675];[-0.3825];9707.79820;1;0;[0.5565];[-0.3935];9607.69630;200),(344038.85293;[0.5675];[-0.3825];9707.79820;1;0;[0.5565];[-0.3935];9607.69630;200),(345075.43135;[0.5675];[-0.3825];9707.79820;1;0;[0.5565];[-0.3935];9607.69630;200),(346112.15925;[0.5675];[-0.3825];9707.79820;1;0;[0.5565];[-0.3935];9607.69630;200),(347283.01573;[0.5711];[-0.3789];9700.25030;1;0;[0.5595];[-0.3905];9601.16833;200),(347614.58826;[0.6939];[-0.2561];8273.98352;1;0;[0.6796];[-0.2704];8218.33685;200),(347960.58750;[0.5053];[-0.4447];7099.27480;1;0;[0.4978];[-0.4522];7066.62731;200),(348589.13422;[0.3442];[-0.6058];6619.97820;1;0;[0.3418];[-0.6082];6594.56761;200),(348923.01321;[0.3431];[-0.6069];6611.55452;1;0;[0.3392];[-0.6108];6585.96412;200),(349343.99319;[0.3412];[-0.6088];6605.53909;1;0;[0.3378];[-0.6122];6579.87582;200),(349816.02049;[0.337];[-0.613];6589.87363;1;0;[0.3342];[-0.6158];6564.14933;200),(352023.30780;[0.5675];[-0.3825];9707.79820;1;0;[0.5565];[-0.3935];9607.69630;200),(353644.90795;[0.6304];[-0.3196];9352.73718;1;0;[0.6195];[-0.3305];9231.12942;200),(354612.86092;[0.6972];[-0.2528];8901.55561;1;0;[0.683];[-0.267];8818.08094;200),(355821.14673;[0.6907];[-0.2593];8304.37222;1;0;[0.6752];[-0.2748];8247.04416;200),(356721.79675;[0.6031];[-0.3469];7529.39183;1;0;[0.5917];[-0.3583];7490.12163;200),(360167.48166;[0.5675];[-0.3825];9707.79820;1;0;[0.5565];[-0.3935];9607.69630;200),(361264.83560;[0.6342];[-0.3158];9355.65701;1;0;[0.6232];[-0.3268];9237.78206;200),(362225.59071;[0.6976];[-0.2524];8945.63946;1;0;[0.6832];[-0.2668];8861.07495;200),(363243.05940;[0.7019];[-0.2481];8469.34955;1;0;[0.6875];[-0.2625];8408.01301;200),(364161.09562;[0.664];[-0.286];7894.64590;1;0;[0.6531];[-0.2969];7850.04701;200),(365151.84879;[0.5569];[-0.3931];7302.70195;1;0;[0.5438];[-0.4062];7266.33669;200),(365508.20756;[0.5047];[-0.4453];7095.86295;1;0;[0.4973];[-0.4527];7063.13654;200),(365918.85018;[0.4306];[-0.5194];6855.26162;1;0;[0.4251];[-0.5249];6826.20286;200),(366274.86348;[0.3443];[-0.6057];6619.82191;1;0;[0.3418];[-0.6082];6594.39567;200),(366687.48498;[0.3412];[-0.6088];6605.53909;1;0;[0.3378];[-0.6122];6579.87582;200),(367529.22845;[0.3412];[-0.6088];6605.53909;1;0;[0.3378];[-0.6122];6579.87582;200),(368877.79927;[0.5711];[-0.3789];9700.25030;1;0;[0.5595];[-0.3905];9601.16833;200),(369936.85222;[0.6443];[-0.3057];9311.33054;1;0;[0.634];[-0.316];9204.09593;200),(370979.55585;[0.7016];[-0.2484];8918.90389;1;0;[0.686];[-0.264];8836.98621;200),(371922.55068;[0.6945];[-0.2555];8405.28217;1;0;[0.6817];[-0.2683];8344.77734;200),(372784.88803;[0.6515];[-0.2985];7862.89121;1;0;[0.6421];[-0.3079];7816.91337;200),(373616.14156;[0.3412];[-0.6088];6605.53909;1;0;[0.3378];[-0.6122];6579.87582;200),(375790.24172;[0.5711];[-0.3789];9700.25030;1;0;[0.5595];[-0.3905];9601.16833;200),(376787.83035;[0.6443];[-0.3057];9311.33054;1;0;[0.634];[-0.316];9204.09593;200),(377812.83689;[0.7016];[-0.2484];8918.90389;1;0;[0.686];[-0.264];8836.98621;200),(378815.46092;[0.6945];[-0.2555];8405.28217;1;0;[0.6817];[-0.2683];8344.77734;200),(379872.38002;[0.6515];[-0.2985];7862.89121;1;0;[0.6421];[-0.3079];7816.91337;200),(382106.66513;[0.5606];[-0.3894];7321.68156;1;0;[0.5487];[-0.4013];7285.32146;200),(382569.38124;[0.5072];[-0.4428];7106.01088;1;0;[0.4991];[-0.4509];7073.22403;200),(382991.14633;[0.4309];[-0.5191];6856.27116;1;0;[0.4253];[-0.5247];6827.09048;200),(383623.88968;[0.4253];[-0.5247];6838.16681;1;0;[0.4209];[-0.5291];6808.90955;200),(384020.85733;[0.3437];[-0.6063];6616.30939;1;0;[0.3405];[-0.6095];6590.80308;200),(384376.34993;[0.3431];[-0.6069];6611.55452;1;0;[0.3392];[-0.6108];6585.96412;200),(384807.43074;[0.3431];[-0.6069];6611.55452;1;0;[0.3392];[-0.6108];6585.96412;200),(385179.00372;[0.3412];[-0.6088];6605.53909;1;0;[0.3378];[-0.6122];6579.87582;200),(385458.31585;[0.3412];[-0.6088];6605.53909;1;0;[0.3378];[-0.6122];6579.87582;200),(386353.59001;[0.58];[-0.37];9685.11292;1;0;[0.5679];[-0.3821];9590.58967;200),(387341.95590;[0.6406];[-0.3094];9316.71859;1;0;[0.6301];[-0.3199];9207.09323;200),(388348.17767;[0.7016];[-0.2484];8918.90389;1;0;[0.686];[-0.264];8836.98621;200),(389267.50922;[0.696];[-0.254];8406.64479;1;0;[0.6821];[-0.2679];8346.36260;200),(390487.75053;[0.6542];[-0.2958];7873.19650;1;0;[0.6442];[-0.3058];7827.34881;200),(391716.75849;[0.3412];[-0.6088];6605.53909;1;0;[0.3378];[-0.6122];6579.87582;200),(393471.31610;[0.5829];[-0.3671];9673.47817;1;0;[0.571];[-0.379];9579.90118;200),(394384.41873;[0.6479];[-0.3021];9295.37592;1;0;[0.638];[-0.312];9189.06390;200),(395576.35403;[0.6972];[-0.2528];8901.55561;1;0;[0.683];[-0.267];8818.08094;200),(396507.97176;[0.6959];[-0.2541];8406.16585;1;0;[0.6821];[-0.2679];8345.82965;200),(397388.60393;[0.6542];[-0.2958];7873.19650;1;0;[0.6442];[-0.3058];7827.34881;200),(399189.59785;[0.5638];[-0.3862];7329.56102;1;0;[0.5513];[-0.3987];7293.57381;200),(399568.30215;[0.5096];[-0.4404];7111.90365;1;0;[0.501];[-0.449];7079.38204;200),(400070.03522;[0.4336];[-0.5164];6863.00466;1;0;[0.4286];[-0.5214];6833.73305;200),(400447.66545;[0.4253];[-0.5247];6838.17343;1;0;[0.4208];[-0.5292];6808.93153;200),(400766.42013;[0.4253];[-0.5247];6838.16681;1;0;[0.4209];[-0.5291];6808.90955;200),(401121.93227;[0.4253];[-0.5247];6838.16681;1;0;[0.4209];[-0.5291];6808.90955;200),(401399.65749;[0.4243];[-0.5257];6836.42955;1;0;[0.4204];[-0.5296];6807.30946;200),(402675.42458;[0.587];[-0.363];9662.54434;1;0;[0.5751];[-0.3749];9570.19143;200),(403743.05987;[0.6426];[-0.3074];9303.09974;1;0;[0.6322];[-0.3178];9194.02118;200),(404555.57799;[0.697];[-0.253];8901.35396;1;0;[0.6827];[-0.2673];8817.82802;200),(405572.12305;[0.6958];[-0.2542];8407.38162;1;0;[0.6818];[-0.2682];8347.04249;200),(406558.94470;[0.6545];[-0.2955];7876.60877;1;0;[0.6449];[-0.3051];7830.74060;200),(407568.14981;[0.4243];[-0.5257];6836.42955;1;0;[0.4204];[-0.5296];6807.30946;200),(409096.15135;[0.587];[-0.363];9662.54434;1;0;[0.5751];[-0.3749];9570.19143;200),(410077.25000;[0.6425];[-0.3075];9300.78510;1;0;[0.6323];[-0.3177];9191.89550;200),(411137.87985;[0.697];[-0.253];8901.35396;1;0;[0.6827];[-0.2673];8817.82802;200),(412115.52215;[0.7043];[-0.2457];8401.25415;1;0;[0.6903];[-0.2597];8344.18167;200),(412990.77773;[0.6545];[-0.2955];7876.60877;1;0;[0.6449];[-0.3051];7830.74060;200),(415012.99381;[0.5985];[-0.3515];7514.35105;1;0;[0.5871];[-0.3629];7474.68441;200),(415536.20672;[0.5569];[-0.3931];7302.70195;1;0;[0.5438];[-0.4062];7266.33669;200),(415863.84344;[0.5053];[-0.4447];7099.27480;1;0;[0.4978];[-0.4522];7066.62731;200),(416335.98256;[0.4999];[-0.4501];7076.57018;1;0;[0.4926];[-0.4574];7043.71501;200),(416646.62409;[0.4243];[-0.5257];6836.42955;1;0;[0.4204];[-0.5296];6807.30946;200),(417828.70126;[0.598];[-0.352];9643.22732;1;0;[0.5878];[-0.3622];9555.61392;200),(418668.85948;[0.647];[-0.303];9285.85160;1;0;[0.6371];[-0.3129];9177.97884;200),(419684.49092;[0.6972];[-0.2528];8901.55561;1;0;[0.683];[-0.267];8818.08094;200),(420572.72005;[0.7004];[-0.2496];8456.59025;1;0;[0.6861];[-0.2639];8395.30676;200),(421818.23468;[0.6538];[-0.2962];7877.85336;1;0;[0.6442];[-0.3058];7831.74967;200),(423595.13855;[0.6015];[-0.3485];7524.21150;1;0;[0.5907];[-0.3593];7484.88451;200),(424039.40892;[0.5612];[-0.3888];7320.78883;1;0;[0.5495];[-0.4005];7284.69898;200),(424473.06657;[0.5072];[-0.4428];7106.01088;1;0;[0.4991];[-0.4509];7073.22403;200),(424848.61827;[0.5046];[-0.4454];7095.98116;1;0;[0.4975];[-0.4525];7063.19822;200),(425134.11665;[0.5036];[-0.4464];7091.21274;1;0;[0.4963];[-0.4537];7058.39852;200),(425464.02907;[0.4985];[-0.4515];7071.02594;1;0;[0.4913];[-0.4587];7038.08270;200),(427222.50342;[0.6006];[-0.3494];9629.48707;1;0;[0.5913];[-0.3587];9542.82551;200),(428147.73345;[0.642];[-0.308];9289.48540;1;0;[0.6312];[-0.3188];9179.22494;200),(429194.83805;[0.6972];[-0.2528];8901.55561;1;0;[0.683];[-0.267];8818.08094;200),(430259.25159;[0.701];[-0.249];8463.99933;1;0;[0.687];[-0.263];8402.67750;200),(431107.52988;[0.6618];[-0.2882];7886.86122;1;0;[0.6516];[-0.2984];7842.07045;200),(433110.57544;[0.6021];[-0.3479];7528.36555;1;0;[0.5915];[-0.3585];7488.96863;200),(433683.04801;[0.5619];[-0.3881];7322.70651;1;0;[0.55];[-0.4];7286.68681;200),(434096.49420;[0.5054];[-0.4446];7101.52634;1;0;[0.498];[-0.452];7068.65804;200),(434430.30190;[0.5047];[-0.4453];7095.86295;1;0;[0.4973];[-0.4527];7063.13654;200),(434846.95292;[0.5036];[-0.4464];7091.21274;1;0;[0.4963];[-0.4537];7058.39852;200),(435444.35835;[0.4985];[-0.4515];7071.02594;1;0;[0.4913];[-0.4587];7038.08270;200),(437347.39327;[0.6227];[-0.3273];9604.84680;1;0;[0.6135];[-0.3365];9524.55149;200),(438301.11742;[0.644];[-0.306];9270.37763;1;0;[0.6346];[-0.3154];9160.81257;200),(439440.87195;[0.7011];[-0.2489];8875.77617;1;0;[0.686];[-0.264];8794.06141;200),(440609.47967;[0.699];[-0.251];8383.49108;1;0;[0.6845];[-0.2655];8324.55181;200),(441625.68164;[0.664];[-0.286];7894.64590;1;0;[0.6531];[-0.2969];7850.04701;200),(443347.06283;[0.6027];[-0.3473];7529.07254;1;0;[0.5918];[-0.3582];7489.77823;200),(443759.85956;[0.5935];[-0.3565];7491.95892;1;0;[0.5827];[-0.3673];7452.29245;200),(444072.81280;[0.5051];[-0.4449];7097.83957;1;0;[0.4976];[-0.4524];7065.32550;200),(444450.47069;[0.5047];[-0.4453];7095.86295;1;0;[0.4973];[-0.4527];7063.13654;200),(444979.66957;[0.5036];[-0.4464];7091.21274;1;0;[0.4963];[-0.4537];7058.39852;200),(445249.05109;[0.5036];[-0.4464];7091.21274;1;0;[0.4963];[-0.4537];7058.39852;200),(445559.80468;[0.5036];[-0.4464];7091.21274;1;0;[0.4963];[-0.4537];7058.39852;200),(446490.24081;[0.607];[-0.343];9608.42700;1;0;[0.5956];[-0.3544];9516.89970;200),(447830.42622;[0.6439];[-0.3061];9265.73250;1;0;[0.6342];[-0.3158];9156.84609;200),(448668.98394;[0.7007];[-0.2493];8877.04755;1;0;[0.6855];[-0.2645];8795.18306;200),(449836.67850;[0.6943];[-0.2557];8399.83751;1;0;[0.6807];[-0.2693];8339.37074;200),(450759.13072;[0.6708];[-0.2792];8019.28149;1;0;[0.6594];[-0.2906];7969.95275;200),(451563.86900;[0.5036];[-0.4464];7091.21274;1;0;[0.4963];[-0.4537];7058.39852;200),(453230.39460;[0.607];[-0.343];9608.42700;1;0;[0.5956];[-0.3544];9516.89970;200),(454357.00297;[0.6478];[-0.3022];9253.63347;1;0;[0.6384];[-0.3116];9144.90955;200),(455173.05565;[0.7007];[-0.2493];8877.04755;1;0;[0.6855];[-0.2645];8795.18306;200),(456291.37397;[0.6943];[-0.2557];8399.83751;1;0;[0.6807];[-0.2693];8339.37074;200),(457124.72010;[0.6708];[-0.2792];8019.28149;1;0;[0.6594];[-0.2906];7969.95275;200),(458654.14453;[0.6249];[-0.3251];7685.13142;1;0;[0.6162];[-0.3338];7641.85069;200),(459014.77790;[0.5989];[-0.3511];7513.06818;1;0;[0.587];[-0.363];7473.61286;200),(459304.44074;[0.5036];[-0.4464];7091.21274;1;0;[0.4963];[-0.4537];7058.39852;200),(459798.43807;[0.5036];[-0.4464];7091.21274;1;0;[0.4963];[-0.4537];7058.39852;200),(461259.43494;[0.607];[-0.343];9608.42700;1;0;[0.5956];[-0.3544];9516.89970;200),(462320.93740;[0.6477];[-0.3023];9251.43378;1;0;[0.6388];[-0.3112];9143.10320;200),(463160.87294;[0.7007];[-0.2493];8877.04755;1;0;[0.6855];[-0.2645];8795.18306;200),(464011.98888;[0.6951];[-0.2549];8406.44083;1;0;[0.6817];[-0.2683];8346.00508;200),(464798.28882;[0.6725];[-0.2775];8025.39545;1;0;[0.6606];[-0.2894];7976.17996;200),(466790.86947;[0.6287];[-0.3213];7701.72561;1;0;[0.6197];[-0.3303];7658.67018;200),(467129.31752;[0.6009];[-0.3491];7521.73267;1;0;[0.59];[-0.36];7482.33402;200),(467468.99724;[0.5557];[-0.3943];7297.86280;1;0;[0.5423];[-0.4077];7261.41468;200),(467833.61864;[0.5557];[-0.3943];7297.86280;1;0;[0.5423];[-0.4077];7261.41468;200),(468181.08368;[0.5557];[-0.3943];7297.86280;1;0;[0.5423];[-0.4077];7261.41468;200),(469201.58458;[0.607];[-0.343];9608.42700;1;0;[0.5956];[-0.3544];9516.89970;200),(470068.33959;[0.6515];[-0.2985];9234.80154;1;0;[0.6412];[-0.3088];9127.25248;200),(471328.50599;[0.697];[-0.253];8848.19548;1;0;[0.6823];[-0.2677];8766.17598;200),(472467.24939;[0.7042];[-0.2458];8400.36095;1;0;[0.6898];[-0.2602];8343.21961;200),(473441.34426;[0.672];[-0.278];8026.87765;1;0;[0.66];[-0.29];7977.50230;200),(474603.03426;[0.5557];[-0.3943];7297.86280;1;0;[0.5423];[-0.4077];7261.41468;200),(476022.55678;[0.607];[-0.343];9608.42700;1;0;[0.5956];[-0.3544];9516.89970;200),(476999.42422;[0.6515];[-0.2985];9234.80154;1;0;[0.6412];[-0.3088];9127.25248;200),(478404.97184;[0.688];[-0.262];8757.92876;1;0;[0.672];[-0.278];8678.39560;200),(479400.56300;[0.7042];[-0.2458];8400.36095;1;0;[0.6898];[-0.2602];8343.21961;200),(480286.47447;[0.672];[-0.278];8026.87765;1;0;[0.66];[-0.29];7977.50230;200),(482297.97935;[0.63];[-0.32];7707.62228;1;0;[0.6206];[-0.3294];7664.62960;200),(482705.89471;[0.6015];[-0.3485];7524.21150;1;0;[0.5907];[-0.3593];7484.88451;200),(483285.18748;[0.557];[-0.393];7302.22744;1;0;[0.5438];[-0.4062];7265.91894;200),(483708.21643;[0.5557];[-0.3943];7297.86280;1;0;[0.5423];[-0.4077];7261.41468;200),(484084.81646;[0.5557];[-0.3943];7297.86280;1;0;[0.5423];[-0.4077];7261.41468;200),(485258.79788;[0.607];[-0.343];9608.42700;1;0;[0.5956];[-0.3544];9516.89970;200),(486171.09060;[0.6511];[-0.2989];9233.76483;1;0;[0.6409];[-0.3091];9126.14125;200),(487319.59629;[0.7007];[-0.2493];8867.93033;1;0;[0.685];[-0.265];8786.22239;200),(488451.64275;[0.701];[-0.249];8458.86726;1;0;[0.6865];[-0.2635];8397.66618;200),(490041.59665;[0.6723];[-0.2777];8027.62970;1;0;[0.6604];[-0.2896];7978.30358;200),(491727.84638;[0.6301];[-0.3199];7709.29797;1;0;[0.621];[-0.329];7666.35269;200),(492188.93838;[0.6017];[-0.3483];7524.99789;1;0;[0.5908];[-0.3592];7485.66320;200),(492548.62571;[0.5981];[-0.3519];7509.76344;1;0;[0.5863];[-0.3637];7470.22878;200),(493099.24436;[0.5935];[-0.3565];7491.95892;1;0;[0.5827];[-0.3673];7452.29245;200),(494612.18143;[0.6102];[-0.3398];9604.65305;1;0;[0.6009];[-0.3491];9513.99305;200),(495493.39080;[0.6602];[-0.2898];9206.60368;1;0;[0.6491];[-0.3009];9103.63800;200),(496459.11407;[0.7011];[-0.2489];8874.39660;1;0;[0.6863];[-0.2637];8792.82506;200),(498515.55157;[0.7018];[-0.2482];8466.99683;1;0;[0.6876];[-0.2624];8405.81905;200),(499529.17218;[0.6723];[-0.2777];8027.62970;1;0;[0.6604];[-0.2896];7978.30358;200),(501365.61990;[0.6304];[-0.3196];7709.78600;1;0;[0.6216];[-0.3284];7666.99523;200),(501891.13808;[0.6015];[-0.3485];7526.00341;1;0;[0.5909];[-0.3591];7486.55341;200),(502238.78074;[0.5989];[-0.3511];7513.06818;1;0;[0.587];[-0.363];7473.61286;200),(502556.92530;[0.5981];[-0.3519];7509.76344;1;0;[0.5863];[-0.3637];7470.22878;200),(503277.37093;[0.597];[-0.353];7505.21746;1;0;[0.5855];[-0.3645];7465.59552;200),(503715.69705;[0.597];[-0.353];7505.21746;1;0;[0.5855];[-0.3645];7465.59552;200),(504482.93710;[0.6171];[-0.3329];9596.43505;1;0;[0.6062];[-0.3438];9506.79254;200),(505861.29069;[0.6594];[-0.2906];9213.39883;1;0;[0.6486];[-0.3014];9111.61167;200),(506894.20867;[0.7011];[-0.2489];8874.39660;1;0;[0.6863];[-0.2637];8792.82506;200),(507817.77763;[0.7019];[-0.2481];8469.33480;1;0;[0.6881];[-0.2619];8408.20300;200),(509202.25835;[0.6789];[-0.2711];8032.99213;1;0;[0.6669];[-0.2831];7984.90404;200),(510114.38131;[0.597];[-0.353];7505.21746;1;0;[0.5855];[-0.3645];7465.59552;200),(512183.70366;[0.6217];[-0.3283];9586.36956;1;0;[0.6107];[-0.3393];9497.87868;200),(513083.59861;[0.6628];[-0.2872];9197.19847;1;0;[0.6516];[-0.2984];9095.95544;200),(514323.85182;[0.6921];[-0.2579];8738.75365;1;0;[0.6767];[-0.2733];8661.01977;200),(515397.94803;[0.7027];[-0.2473];8383.13208;1;0;[0.6887];[-0.2613];8325.52795;200),(516522.08996;[0.6671];[-0.2829];7999.76991;1;0;[0.6552];[-0.2948];7950.15181;200),(519159.85775;[0.6217];[-0.3283];9586.36956;1;0;[0.6107];[-0.3393];9497.87868;200),(520442.28745;[0.6594];[-0.2906];9213.39883;1;0;[0.6486];[-0.3014];9111.61167;200),(521502.39277;[0.7011];[-0.2489];8874.39660;1;0;[0.6863];[-0.2637];8792.82506;200),(522296.54765;[0.7019];[-0.2481];8469.33480;1;0;[0.6881];[-0.2619];8408.20300;200),(523502.85792;[0.6789];[-0.2711];8032.99213;1;0;[0.6669];[-0.2831];7984.90404;200),(524630.74923;[0.6299];[-0.3201];7711.21576;1;0;[0.6208];[-0.3292];7668.11268;200),(524950.11377;[0.6239];[-0.3261];7680.48285;1;0;[0.6154];[-0.3346];7637.19078;200),(525254.38905;[0.5981];[-0.3519];7509.76344;1;0;[0.5863];[-0.3637];7470.22878;200),(525729.75183;[0.597];[-0.353];7505.21746;1;0;[0.5855];[-0.3645];7465.59552;200),(526201.87235;[0.597];[-0.353];7505.21746;1;0;[0.5855];[-0.3645];7465.59552;200),(527316.96558;[0.6326];[-0.3174];9576.49958;1;0;[0.6221];[-0.3279];9490.85193;200),(528178.63250;[0.6628];[-0.2872];9197.19847;1;0;[0.6516];[-0.2984];9095.95544;200),(529437.61301;[0.6921];[-0.2579];8738.75365;1;0;[0.6767];[-0.2733];8661.01977;200),(530746.27876;[0.6943];[-0.2557];8399.83751;1;0;[0.6807];[-0.2693];8339.37074;200),(531569.86666;[0.6703];[-0.2797];8016.92120;1;0;[0.659];[-0.291];7967.52231;200),(534030.43365;[0.6326];[-0.3174];9576.49958;1;0;[0.6221];[-0.3279];9490.85193;200),(534916.60333;[0.6628];[-0.2872];9197.19847;1;0;[0.6516];[-0.2984];9095.95544;200),(536020.67304;[0.701];[-0.249];8875.29723;1;0;[0.6857];[-0.2643];8793.52847;200),(536909.98411;[0.7019];[-0.2481];8469.33480;1;0;[0.6881];[-0.2619];8408.20300;200),(538049.98350;[0.6816];[-0.2684];8040.72222;1;0;[0.6683];[-0.2817];7992.74256;200),(538890.94591;[0.6515];[-0.2985];7862.89121;1;0;[0.6421];[-0.3079];7816.91337;200),(539333.08172;[0.6249];[-0.3251];7685.13142;1;0;[0.6162];[-0.3338];7641.85069;200),(539630.79977;[0.597];[-0.353];7505.21746;1;0;[0.5855];[-0.3645];7465.59552;200),(540971.66944;[0.6519];[-0.2981];9549.89528;1;0;[0.6415];[-0.3085];9468.85526;200),(542073.53234;[0.6725];[-0.2775];9170.69643;1;0;[0.6591];[-0.2909];9073.66957;200),(543331.57611;[0.6921];[-0.2579];8738.75365;1;0;[0.6767];[-0.2733];8661.01977;200),(544212.06832;[0.6951];[-0.2549];8406.44083;1;0;[0.6817];[-0.2683];8346.00508;200),(545299.53504;[0.6712];[-0.2788];8021.02354;1;0;[0.6597];[-0.2903];7971.68755;200),(547794.98816;[0.6519];[-0.2981];9549.89528;1;0;[0.6415];[-0.3085];9468.85526;200),(548682.66487;[0.6725];[-0.2775];9170.69643;1;0;[0.6591];[-0.2909];9073.66957;200),(549878.03817;[0.6921];[-0.2579];8738.75365;1;0;[0.6767];[-0.2733];8661.01977;200),(550774.79911;[0.7018];[-0.2482];8470.39153;1;0;[0.6873];[-0.2627];8408.91502;200),(551634.00269;[0.6839];[-0.2661];8149.71499;1;0;[0.6705];[-0.2795];8097.18923;200),(552567.45386;[0.6533];[-0.2967];7870.56524;1;0;[0.6431];[-0.3069];7824.53818;200),(552973.70410;[0.6277];[-0.3223];7699.25965;1;0;[0.6192];[-0.3308];7656.12942;200),(553360.52918;[0.6002];[-0.3498];7521.88185;1;0;[0.5896];[-0.3604];7482.37077;200),(553672.80579;[0.5989];[-0.3511];7513.06818;1;0;[0.587];[-0.363];7473.61286;200),(554042.04512;[0.5981];[-0.3519];7509.76344;1;0;[0.5863];[-0.3637];7470.22878;200),(554286.45849;[0.5981];[-0.3519];7509.76344;1;0;[0.5863];[-0.3637];7470.22878;200),(554595.22915;[0.597];[-0.353];7505.21746;1;0;[0.5855];[-0.3645];7465.59552;200),(555031.24976;[0.597];[-0.353];7505.21746;1;0;[0.5855];[-0.3645];7465.59552;200),(555809.51047;[0.6589];[-0.2911];9535.54988;1;0;[0.6494];[-0.3006];9455.60863;200),(556750.90384;[0.6758];[-0.2742];9149.08485;1;0;[0.6618];[-0.2882];9053.49669;200),(557811.50818;[0.691];[-0.259];8734.94492;1;0;[0.6758];[-0.2742];8657.05325;200),(558684.47709;[0.6994];[-0.2506];8454.21526;1;0;[0.6851];[-0.2649];8392.73927;200),(559553.69592;[0.6725];[-0.2775];8025.39545;1;0;[0.6606];[-0.2894];7976.17996;200),(560394.80615;[0.597];[-0.353];7505.21746;1;0;[0.5855];[-0.3645];7465.59552;200),(561216.10737;[0.597];[-0.353];7505.21746;1;0;[0.5855];[-0.3645];7465.59552;200),(562078.79400;[0.6805];[-0.2695];9511.86318;1;0;[0.6684];[-0.2816];9435.45110;200),(563116.54329;[0.6758];[-0.2742];9149.08485;1;0;[0.6618];[-0.2882];9053.49669;200),(564061.86581;[0.691];[-0.259];8734.94492;1;0;[0.6758];[-0.2742];8657.05325;200),(565212.45956;[0.6994];[-0.2506];8454.21526;1;0;[0.6851];[-0.2649];8392.73927;200),(566012.32243;[0.6725];[-0.2775];8025.39545;1;0;[0.6606];[-0.2894];7976.17996;200),(566793.10560;[0.597];[-0.353];7505.21746;1;0;[0.5855];[-0.3645];7465.59552;200),(568252.38395;[0.6805];[-0.2695];9511.86318;1;0;[0.6684];[-0.2816];9435.45110;200),(569169.73400;[0.6758];[-0.2742];9149.08485;1;0;[0.6618];[-0.2882];9053.49669;200),(570024.68538;[0.691];[-0.259];8734.94492;1;0;[0.6758];[-0.2742];8657.05325;200),(571013.82351;[0.6994];[-0.2506];8454.21526;1;0;[0.6851];[-0.2649];8392.73927;200),(571896.39997;[0.6725];[-0.2775];8025.39545;1;0;[0.6606];[-0.2894];7976.17996;200),(574145.84160;[0.6805];[-0.2695];9511.86318;1;0;[0.6684];[-0.2816];9435.45110;200),(575057.78956;[0.6758];[-0.2742];9149.08485;1;0;[0.6618];[-0.2882];9053.49669;200),(576180.46761;[0.6921];[-0.2579];8738.75365;1;0;[0.6767];[-0.2733];8661.01977;200),(577278.66673;[0.6964];[-0.2536];8479.87800;1;0;[0.6815];[-0.2685];8416.81385;200),(578111.62066;[0.6851];[-0.2649];8157.91443;1;0;[0.6724];[-0.2776];8105.52127;200),(578902.20833;[0.6543];[-0.2957];7872.56359;1;0;[0.6443];[-0.3057];7826.70914;200),(579254.09460;[0.6287];[-0.3213];7701.72561;1;0;[0.6197];[-0.3303];7658.67018;200),(579579.64754;[0.6239];[-0.3261];7680.48285;1;0;[0.6154];[-0.3346];7637.19078;200),(579890.09619;[0.5989];[-0.3511];7513.06818;1;0;[0.587];[-0.363];7473.61286;200),(580158.05292;[0.5981];[-0.3519];7509.76344;1;0;[0.5863];[-0.3637];7470.22878;200),(580406.71682;[0.597];[-0.353];7505.21746;1;0;[0.5855];[-0.3645];7465.59552;200),(581777.31586;[0.6804];[-0.2696];9485.64298;1;0;[0.6684];[-0.2816];9408.87967;200),(582898.36884;[0.6849];[-0.2651];9122.26277;1;0;[0.6714];[-0.2786];9034.53957;200),(583706.84624;[0.6918];[-0.2582];8737.13144;1;0;[0.6764];[-0.2736];8659.38214;200),(584755.84674;[0.7015];[-0.2485];8466.12517;1;0;[0.6875];[-0.2625];8404.87873;200),(585571.57254;[0.673];[-0.277];8025.53284;1;0;[0.661];[-0.289];7976.47174;200),(587700.24896;[0.6804];[-0.2696];9485.64298;1;0;[0.6684];[-0.2816];9408.87967;200),(588814.16011;[0.6849];[-0.2651];9122.26277;1;0;[0.6714];[-0.2786];9034.53957;200),(589676.92566;[0.6918];[-0.2582];8737.13144;1;0;[0.6764];[-0.2736];8659.38214;200),(590744.54308;[0.7015];[-0.2485];8466.12517;1;0;[0.6875];[-0.2625];8404.87873;200),(591630.02801;[0.685];[-0.265];8159.16590;1;0;[0.6718];[-0.2782];8106.56567;200),(592550.38571;[0.6542];[-0.2958];7873.19650;1;0;[0.6442];[-0.3058];7827.34881;200),(593168.25700;[0.6287];[-0.3213];7701.72561;1;0;[0.6197];[-0.3303];7658.67018;200),(593563.83395;[0.6249];[-0.3251];7685.13142;1;0;[0.6162];[-0.3338];7641.85069;200),(593895.65802;[0.5981];[-0.3519];7509.76344;1;0;[0.5863];[-0.3637];7470.22878;200),(594348.68145;[0.5981];[-0.3519];7509.76344;1;0;[0.5863];[-0.3637];7470.22878;200),(594652.03834;[0.5981];[-0.3519];7509.76344;1;0;[0.5863];[-0.3637];7470.22878;200),(594991.21547;[0.597];[-0.353];7505.21746;1;0;[0.5855];[-0.3645];7465.59552;200),(595312.34694;[0.597];[-0.353];7505.21746;1;0;[0.5855];[-0.3645];7465.59552;200),(596089.21766;[0.6847];[-0.2653];9477.01406;1;0;[0.6752];[-0.2748];9400.93334;200),(597404.73294;[0.6887];[-0.2613];9100.63363;1;0;[0.6752];[-0.2748];9014.26834;200),(598320.27912;[0.6963];[-0.2537];8713.26541;1;0;[0.6805];[-0.2695];8638.37508;200),(599326.17021;[0.7034];[-0.2466];8381.66095;1;0;[0.6895];[-0.2605];8324.21719;200)]"
