Hardness,Seed,Objective,ObjRatio,deter_feas,prob_feas,feas,surplus,Runtime,solutions
0,6,19613.21463833538,0.97814,1,1,[1.],[0.05],30049.94034767151,[(29811.03253;[0.9999];[0.0499];19716.86886;1;1;[1.];[0.05];19613.21464;100)]
0,4,19676.54227610379,0.9813,1,1,[0.9752],[0.0252],30096.186876296997,[(29856.66132;[0.9759];[0.0259];19959.00261;1;1;[0.9752];[0.0252];19676.54228;100)]
0,3,19007.33073316298,0.94793,1,1,[0.9669],[0.0169],30172.860383987427,[(29926.12910;[0.9669];[0.0169];18979.53627;1;1;[0.9669];[0.0169];19007.33073;100)]
1,3,14322.510492531586,0.95436,1,1,[0.975],[0.025],29946.40827178955,[(29669.44480;[0.9758];[0.0258];14342.94655;1;1;[0.975];[0.025];14322.51049;100)]
1,4,14327.10889254873,0.95467,1,1,[0.9807],[0.0307],30333.92906188965,[(30090.77597;[0.9822];[0.0322];14529.12535;1;1;[0.9807];[0.0307];14327.10889;100)]
1,6,14591.134740438803,0.97226,1,1,[1.],[0.05],30407.79733657837,[(30168.12372;[1.];[0.05];14666.49899;1;1;[1.];[0.05];14591.13474;100)]
0,1,19265.27638691096,0.96079,1,1,[0.9905],[0.0405],62119.06576156616,"[(30618.16239;[0.9455];[-0.0045];19790.44353;1;0;[0.9456];[-0.0044];19667.00892;100),(41168.99729;[0.9475];[-0.0025];19795.72013;1;0;[0.9483];[-0.0017];19673.20412;100),(45623.48413;[0.9475];[-0.0025];19795.72013;1;0;[0.9483];[-0.0017];19673.20412;100),(50831.06399;[0.9475];[-0.0025];19795.72013;1;0;[0.9483];[-0.0017];19673.20412;100),(56079.20122;[0.9475];[-0.0025];19795.72013;1;0;[0.9483];[-0.0017];19673.20412;100),(61260.02407;[0.9475];[-0.0025];19795.72013;1;0;[0.9483];[-0.0017];19673.20412;100),(61883.08525;[0.9911];[0.0411];19368.16695;1;1;[0.9905];[0.0405];19265.27639;100)]"
1,1,14611.043395276138,0.97359,1,1,[0.9705],[0.0205],69804.35752868652,"[(32206.78949;[0.9];[-0.05];14999.76718;1;0;[0.9026];[-0.0474];14905.34274;100),(43018.61310;[0.9];[-0.05];14999.76718;1;0;[0.9026];[-0.0474];14905.34274;100),(47941.79201;[0.9];[-0.05];14999.76718;1;0;[0.9026];[-0.0474];14905.34274;100),(56312.98804;[0.9];[-0.05];14999.76718;1;0;[0.9026];[-0.0474];14905.34274;100),(62764.65893;[0.9];[-0.05];14999.76718;1;0;[0.9026];[-0.0474];14905.34274;100),(68278.45120;[0.9];[-0.05];14999.76718;1;0;[0.9026];[-0.0474];14905.34274;100),(69561.72490;[0.972];[0.022];14685.84517;1;1;[0.9705];[0.0205];14611.04340;100)]"
2,3,10989.478848786473,0.96893,1,1,[0.9582],[0.0082],29515.92707633972,[(29281.58522;[0.9571];[0.0071];11006.09232;1;1;[0.9582];[0.0082];10989.47885;100)]
2,2,10807.531282916532,0.95289,1,1,[0.9583],[0.0083],63694.95511054993,"[(29719.52200;[0.7588];[-0.1912];11390.84470;1;0;[0.7521];[-0.1979];11280.72277;100),(40456.36225;[0.7588];[-0.1912];11390.84470;1;0;[0.7521];[-0.1979];11280.72277;100),(45067.57426;[0.7588];[-0.1912];11390.84470;1;0;[0.7521];[-0.1979];11280.72277;100),(50630.33795;[0.7588];[-0.1912];11390.84470;1;0;[0.7521];[-0.1979];11280.72277;100),(56165.37189;[0.7588];[-0.1912];11390.84470;1;0;[0.7521];[-0.1979];11280.72277;100),(60379.64439;[0.7588];[-0.1912];11390.84470;1;0;[0.7521];[-0.1979];11280.72277;100),(62346.48514;[0.9028];[-0.0472];11227.59574;1;0;[0.9039];[-0.0461];11104.09392;100),(63454.65279;[0.9579];[0.0079];10957.42337;1;1;[0.9583];[0.0083];10807.53128;100)]"
2,1,11000.256096158984,0.96988,1,1,[0.9511],[0.0011],65812.18576431274,"[(29248.32320;[0.8957];[-0.0543];11252.66367;1;0;[0.8994];[-0.0506];11188.85407;100),(39103.47557;[0.8957];[-0.0543];11252.66367;1;0;[0.8994];[-0.0506];11188.85407;100),(45069.49067;[0.8956];[-0.0544];11253.03437;1;0;[0.8994];[-0.0506];11189.20536;100),(50752.28310;[0.8956];[-0.0544];11253.03437;1;0;[0.8994];[-0.0506];11189.20536;100),(56088.90057;[0.8956];[-0.0544];11253.03437;1;0;[0.8994];[-0.0506];11189.20536;100),(60437.13260;[0.8956];[-0.0544];11253.03437;1;0;[0.8994];[-0.0506];11189.20536;100),(60909.14822;[0.95];[0.];11047.88271;1;1;[0.9511];[0.0011];11000.25610;100),(63060.38141;[0.9777];[0.0277];10632.29201;1;1;[0.977];[0.027];10593.58643;100),(65572.72196;[0.9906];[0.0406];10852.73015;1;1;[0.9898];[0.0398];10813.40541;100)]"
2,4,10994.760682179582,0.9694,1,1,[0.9554],[0.0054],29167.211771011353,[(28930.66549;[0.9538];[0.0038];11153.54444;1;1;[0.9554];[0.0054];10994.76068;100)]
2,6,11137.324737731302,0.98197,1,1,[1.],[0.05],31659.229516983032,[(31416.33248;[1.];[0.05];11195.67459;1;1;[1.];[0.05];11137.32474;100)]
1,5,14332.35593237346,0.95502,1,1,[0.9825],[0.0325],193891.23034477234,"[(30526.45040;[0.8495];[-0.1005];14744.87004;1;0;[0.8476];[-0.1024];14917.91308;100),(40546.16022;[0.8491];[-0.1009];14745.30643;1;0;[0.8471];[-0.1029];14917.60675;100),(56196.15602;[0.8581];[-0.0919];14644.15605;1;0;[0.8543];[-0.0957];14800.11923;200),(87730.45993;[0.8276];[-0.1224];14852.76629;1;0;[0.8247];[-0.1253];15005.04001;400),(105240.56911;[0.8276];[-0.1224];14852.76629;1;0;[0.8247];[-0.1253];15005.04001;400),(122527.05812;[0.8276];[-0.1224];14852.76629;1;0;[0.8247];[-0.1253];15005.04001;400),(140434.73983;[0.8276];[-0.1224];14852.76629;1;0;[0.8247];[-0.1253];15005.04001;400),(157641.92080;[0.8276];[-0.1224];14852.76629;1;0;[0.8247];[-0.1253];15005.04001;400),(174995.60714;[0.8276];[-0.1224];14852.76629;1;0;[0.8247];[-0.1253];15005.04001;400),(192730.01552;[0.8276];[-0.1224];14852.76629;1;0;[0.8247];[-0.1253];15005.04001;400),(193192.66939;[0.9476];[-0.0024];14609.03529;1;0;[0.9478];[-0.0022];14713.81391;400),(193648.87547;[0.9863];[0.0363];14253.22594;1;1;[0.9825];[0.0325];14332.35593;400)]"
2,5,10769.251123498228,0.94951,1,1,[0.9868],[0.0368],62939.457654953,"[(29604.06184;[0.8176];[-0.1324];11209.04718;1;0;[0.8157];[-0.1343];11319.21442;100),(38973.71435;[0.8177];[-0.1323];11210.36941;1;0;[0.8156];[-0.1344];11320.27205;100),(44562.77347;[0.8177];[-0.1323];11210.36941;1;0;[0.8156];[-0.1344];11320.27205;100),(49842.11278;[0.8177];[-0.1323];11210.36941;1;0;[0.8156];[-0.1344];11320.27205;100),(55031.20279;[0.8177];[-0.1323];11210.36941;1;0;[0.8156];[-0.1344];11320.27205;100),(59361.97257;[0.8177];[-0.1323];11210.36941;1;0;[0.8156];[-0.1344];11320.27205;100),(62256.29306;[0.9201];[-0.0299];10881.32674;1;0;[0.9186];[-0.0314];10958.62124;100),(62676.90301;[0.9906];[0.0406];10718.72048;1;1;[0.9868];[0.0368];10769.25112;100)]"
0,5,19680.39186023892,0.98149,1,1,[0.9726],[0.0226],247500.57339668274,"[(29876.00899;[0.8114];[-0.1386];19695.07901;1;0;[0.804];[-0.146];19947.13518;100),(39983.78992;[0.8116];[-0.1384];19695.06183;1;0;[0.8045];[-0.1455];19946.94115;100),(56423.03205;[0.8128];[-0.1372];19696.45702;1;0;[0.8055];[-0.1445];19947.05157;200),(66793.37621;[0.8128];[-0.1372];19696.45702;1;0;[0.8055];[-0.1445];19947.05157;200),(76330.70421;[0.8128];[-0.1372];19696.45702;1;0;[0.8055];[-0.1445];19947.05157;200),(85580.22118;[0.8128];[-0.1372];19696.45702;1;0;[0.8055];[-0.1445];19947.05157;200),(93605.59201;[0.8128];[-0.1372];19696.45702;1;0;[0.8055];[-0.1445];19947.05157;200),(102654.53100;[0.8128];[-0.1372];19696.45702;1;0;[0.8055];[-0.1445];19947.05157;200),(108000.51332;[0.9242];[-0.0258];19392.20169;1;0;[0.9215];[-0.0285];19568.62597;200),(142112.28538;[0.8623];[-0.0877];19823.66974;1;0;[0.8603];[-0.0897];20047.93203;400),(158540.84349;[0.8623];[-0.0877];19823.66974;1;0;[0.8603];[-0.0897];20047.93203;400),(176193.14504;[0.8623];[-0.0877];19823.66974;1;0;[0.8603];[-0.0897];20047.93203;400),(193371.28854;[0.8623];[-0.0877];19823.66974;1;0;[0.8603];[-0.0897];20047.93203;400),(209313.21073;[0.8623];[-0.0877];19823.66974;1;0;[0.8603];[-0.0897];20047.93203;400),(225835.42252;[0.8623];[-0.0877];19823.66974;1;0;[0.8603];[-0.0897];20047.93203;400),(244912.59766;[0.8623];[-0.0877];19823.66974;1;0;[0.8603];[-0.0897];20047.93203;400),(247261.57212;[0.9768];[0.0268];19526.35377;1;1;[0.9726];[0.0226];19680.39186;400)]"
0,8,19553.800853860033,0.97518,1,1,[0.9514],[0.0014],279557.22522735596,"[(29733.79254;[0.8028];[-0.1472];20448.66711;1;0;[0.7922];[-0.1578];19932.97446;100),(40357.53465;[0.8028];[-0.1472];20448.66711;1;0;[0.7922];[-0.1578];19932.97446;100),(45147.02630;[0.8028];[-0.1472];20448.66711;1;0;[0.7922];[-0.1578];19932.97446;100),(50716.91346;[0.8028];[-0.1472];20448.66711;1;0;[0.7922];[-0.1578];19932.97446;100),(56239.49313;[0.8028];[-0.1472];20448.66711;1;0;[0.7922];[-0.1578];19932.97446;100),(61642.50708;[0.8028];[-0.1472];20448.66711;1;0;[0.7922];[-0.1578];19932.97446;100),(62160.67886;[0.8925];[-0.0575];20385.50419;1;0;[0.8836];[-0.0664];19890.47863;100),(64632.80058;[0.9259];[-0.0241];19913.00247;1;0;[0.9202];[-0.0298];19446.35477;100),(65221.59767;[0.9424];[-0.0076];19866.45913;1;0;[0.9378];[-0.0122];19455.71872;100),(81266.82830;[0.807];[-0.143];20454.40930;1;0;[0.7961];[-0.1539];19945.24738;200),(90520.03503;[0.807];[-0.143];20454.40930;1;0;[0.7961];[-0.1539];19945.24738;200),(100533.89430;[0.807];[-0.143];20454.40930;1;0;[0.7961];[-0.1539];19945.24738;200),(108861.87673;[0.807];[-0.143];20454.40930;1;0;[0.7961];[-0.1539];19945.24738;200),(117704.42677;[0.807];[-0.143];20454.40930;1;0;[0.7961];[-0.1539];19945.24738;200),(129969.48171;[0.807];[-0.143];20454.40930;1;0;[0.7961];[-0.1539];19945.24738;200),(130546.56911;[0.9012];[-0.0488];20399.76428;1;0;[0.8928];[-0.0572];19920.39509;200),(131248.25811;[0.9366];[-0.0134];20113.55265;1;0;[0.9328];[-0.0172];19661.04626;200),(133208.68707;[0.9528];[0.0028];19955.98894;1;1;[0.9514];[0.0014];19553.80085;200),(168074.22781;[0.8516];[-0.0984];20523.02871;1;0;[0.8469];[-0.1031];20023.64917;400),(186290.16924;[0.8516];[-0.0984];20523.02871;1;0;[0.8469];[-0.1031];20023.64917;400),(205829.71525;[0.8516];[-0.0984];20523.02871;1;0;[0.8469];[-0.1031];20023.64917;400),(224443.19463;[0.8516];[-0.0984];20523.02871;1;0;[0.8469];[-0.1031];20023.64917;400),(241226.46403;[0.8516];[-0.0984];20523.02871;1;0;[0.8469];[-0.1031];20023.64917;400),(258871.28854;[0.8516];[-0.0984];20523.02871;1;0;[0.8469];[-0.1031];20023.64917;400),(276180.38106;[0.8516];[-0.0984];20523.02871;1;0;[0.8469];[-0.1031];20023.64917;400),(278450.02437;[0.9228];[-0.0272];20106.77927;1;0;[0.9175];[-0.0325];19679.84608;400),(279314.99243;[0.9597];[0.0097];19582.90005;1;1;[0.9583];[0.0083];19186.53363;400)]"
2,7,10991.089435014106,0.96907,1,1,[0.9541],[0.0041],191514.47439193726,"[(30089.90169;[0.8676];[-0.0824];11138.80608;1;0;[0.8676];[-0.0824];11138.80608;100),(39542.63067;[0.8694];[-0.0806];11146.21515;1;0;[0.8694];[-0.0806];11146.21515;100),(56468.39213;[0.948];[-0.002];11173.64804;1;0;[0.948];[-0.002];11173.64804;200),(88115.19933;[0.9166];[-0.0334];11197.37765;1;0;[0.9166];[-0.0334];11197.37765;400),(105101.15385;[0.9163];[-0.0337];11198.83965;1;0;[0.9163];[-0.0337];11198.83965;400),(123433.92277;[0.9163];[-0.0337];11198.83965;1;0;[0.9163];[-0.0337];11198.83965;400),(141684.36217;[0.9163];[-0.0337];11198.83965;1;0;[0.9163];[-0.0337];11198.83965;400),(157647.95518;[0.9163];[-0.0337];11198.83965;1;0;[0.9163];[-0.0337];11198.83965;400),(174187.84499;[0.9163];[-0.0337];11198.83965;1;0;[0.9163];[-0.0337];11198.83965;400),(190747.41054;[0.9163];[-0.0337];11198.83965;1;0;[0.9163];[-0.0337];11198.83965;400),(191272.49479;[0.9541];[0.0041];10991.08944;1;1;[0.9541];[0.0041];10991.08944;400)]"
3,3,8001.595814687311,0.93509,1,1,[0.9754],[0.0254],67692.61145591736,"[(30615.70406;[0.8998];[-0.0502];8395.00427;1;0;[0.901];[-0.049];8379.77296;100),(40689.70275;[0.8998];[-0.0502];8395.00427;1;0;[0.901];[-0.049];8379.77296;100),(45005.77736;[0.8998];[-0.0502];8395.00427;1;0;[0.901];[-0.049];8379.77296;100),(50091.93182;[0.8998];[-0.0502];8395.00427;1;0;[0.901];[-0.049];8379.77296;100),(55133.48198;[0.8998];[-0.0502];8395.00427;1;0;[0.901];[-0.049];8379.77296;100),(60813.08913;[0.8998];[-0.0502];8395.00427;1;0;[0.901];[-0.049];8379.77296;100),(63148.13375;[0.9552];[0.0052];7801.11425;1;1;[0.9547];[0.0047];7789.34708;100),(64375.31972;[0.9169];[-0.0331];8265.23844;1;0;[0.918];[-0.032];8251.33119;100),(65706.78926;[0.9621];[0.0121];7956.99316;1;1;[0.962];[0.012];7945.91404;100),(67231.15873;[0.9776];[0.0276];8011.87492;1;1;[0.9754];[0.0254];8001.59581;100)]"
2,9,10999.474632185344,0.96981,1,1,[0.9583],[0.0083],268533.9889526367,"[(32354.12216;[0.7807];[-0.1693];11275.51542;1;0;[0.7757];[-0.1743];11331.83741;100),(42043.07771;[0.7807];[-0.1693];11275.51542;1;0;[0.7757];[-0.1743];11331.83741;100),(47105.10135;[0.7807];[-0.1693];11275.51542;1;0;[0.7757];[-0.1743];11331.83741;100),(52251.47295;[0.7807];[-0.1693];11275.51542;1;0;[0.7757];[-0.1743];11331.83741;100),(56574.97001;[0.7807];[-0.1693];11275.51542;1;0;[0.7757];[-0.1743];11331.83741;100),(61615.11326;[0.7807];[-0.1693];11275.51542;1;0;[0.7757];[-0.1743];11331.83741;100),(62506.83498;[0.8791];[-0.0709];11156.97150;1;0;[0.8776];[-0.0724];11183.00319;100),(79245.91374;[0.6799];[-0.2701];11178.53036;1;0;[0.6752];[-0.2748];11270.38581;200),(86843.20951;[0.6799];[-0.2701];11178.53036;1;0;[0.6752];[-0.2748];11270.38581;200),(98015.99598;[0.6799];[-0.2701];11178.53036;1;0;[0.6752];[-0.2748];11270.38581;200),(111899.04141;[0.7963];[-0.1537];11278.85633;1;0;[0.7906];[-0.1594];11334.44056;200),(121431.46110;[0.7963];[-0.1537];11278.85633;1;0;[0.7906];[-0.1594];11334.44056;200),(128950.82998;[0.7963];[-0.1537];11278.85633;1;0;[0.7906];[-0.1594];11334.44056;200),(130788.85794;[0.9148];[-0.0352];11082.33072;1;0;[0.9113];[-0.0387];11108.34789;200),(164316.99657;[0.9313];[-0.0187];11173.65398;1;0;[0.9304];[-0.0196];11199.80221;400),(182409.04617;[0.9313];[-0.0187];11173.65398;1;0;[0.9304];[-0.0196];11199.80221;400),(199849.02215;[0.9313];[-0.0187];11173.65398;1;0;[0.9304];[-0.0196];11199.80221;400),(218153.01657;[0.9313];[-0.0187];11173.65398;1;0;[0.9304];[-0.0196];11199.80221;400),(235778.35822;[0.9313];[-0.0187];11173.65398;1;0;[0.9304];[-0.0196];11199.80221;400),(251611.78970;[0.9313];[-0.0187];11173.65398;1;0;[0.9304];[-0.0196];11199.80221;400),(267855.16763;[0.9313];[-0.0187];11173.65398;1;0;[0.9304];[-0.0196];11199.80221;400),(268294.45910;[0.9569];[0.0069];11004.57737;1;1;[0.9583];[0.0083];10999.47463;400)]"
1,10,14541.762316773837,0.96897,1,1,[0.9558],[0.0058],498330.7249546051,"[(29708.69088;[0.5758];[-0.3742];14557.04250;1;0;[0.5704];[-0.3796];14101.96854;100),(30342.84306;[0.5773];[-0.3727];14570.75306;1;0;[0.5724];[-0.3776];14116.16175;200),(31080.20496;[0.6352];[-0.3148];14897.74073;1;0;[0.6306];[-0.3194];14454.45435;400),(64236.05728;[0.6352];[-0.3148];14897.74073;1;0;[0.6306];[-0.3194];14454.45435;400),(82104.87199;[0.6352];[-0.3148];14897.74073;1;0;[0.6306];[-0.3194];14454.45435;400),(101400.54059;[0.6352];[-0.3148];14897.74073;1;0;[0.6306];[-0.3194];14454.45435;400),(119060.77123;[0.6352];[-0.3148];14897.74073;1;0;[0.6306];[-0.3194];14454.45435;400),(134798.12670;[0.6352];[-0.3148];14897.74073;1;0;[0.6306];[-0.3194];14454.45435;400),(154689.21733;[0.6352];[-0.3148];14897.74073;1;0;[0.6306];[-0.3194];14454.45435;400),(174958.45008;[0.6352];[-0.3148];14897.74073;1;0;[0.6306];[-0.3194];14454.45435;400),(175531.21018;[0.8706];[-0.0794];15232.30694;1;0;[0.8713];[-0.0787];14891.31218;400),(178810.83155;[0.9525];[0.0025];14806.80303;1;1;[0.9558];[0.0058];14541.76232;400),(246977.17953;[0.8115];[-0.1385];15370.85874;1;0;[0.8104];[-0.1396];14998.60746;800),(283553.55835;[0.8115];[-0.1385];15370.85874;1;0;[0.8104];[-0.1396];14998.60746;800),(321301.64289;[0.8115];[-0.1385];15370.85874;1;0;[0.8104];[-0.1396];14998.60746;800),(357588.69028;[0.8115];[-0.1385];15370.85874;1;0;[0.8104];[-0.1396];14998.60746;800),(390945.94598;[0.8115];[-0.1385];15370.85874;1;0;[0.8104];[-0.1396];14998.60746;800),(426491.05954;[0.8115];[-0.1385];15370.85874;1;0;[0.8104];[-0.1396];14998.60746;800),(461192.94810;[0.8115];[-0.1385];15370.85874;1;0;[0.8104];[-0.1396];14998.60746;800),(494689.54825;[0.8115];[-0.1385];15370.85874;1;0;[0.8104];[-0.1396];14998.60746;800),(495305.77183;[0.8739];[-0.0761];15239.23275;1;0;[0.8746];[-0.0754];14900.15356;800),(497597.94164;[0.9492];[-0.0008];14853.66407;1;1;[0.9518];[0.0018];14582.75433;800),(498043.97678;[0.9732];[0.0232];14540.15216;1;1;[0.972];[0.022];14324.01856;800)]"
2,10,10893.134993164047,0.96044,1,1,[0.9549],[0.0049],352766.89195632935,"[(28632.82061;[0.5507];[-0.3993];11146.01885;1;0;[0.5434];[-0.4066];10804.55422;100),(29232.89299;[0.5532];[-0.3968];11155.20000;1;0;[0.5452];[-0.4048];10813.43878;200),(29954.28586;[0.5543];[-0.3957];11163.34154;1;0;[0.547];[-0.403];10824.58817;400),(30841.99977;[0.6693];[-0.2807];11574.11335;1;0;[0.6649];[-0.2851];11263.56918;800),(94689.36467;[0.6693];[-0.2807];11574.11335;1;0;[0.6649];[-0.2851];11263.56918;800),(128755.80335;[0.6693];[-0.2807];11574.11335;1;0;[0.6649];[-0.2851];11263.56918;800),(169091.19225;[0.6693];[-0.2807];11574.11335;1;0;[0.6649];[-0.2851];11263.56918;800),(210692.69657;[0.6693];[-0.2807];11574.11335;1;0;[0.6649];[-0.2851];11263.56918;800),(246219.51914;[0.6693];[-0.2807];11574.11335;1;0;[0.6649];[-0.2851];11263.56918;800),(279548.78044;[0.6693];[-0.2807];11574.11335;1;0;[0.6649];[-0.2851];11263.56918;800),(314706.02417;[0.6693];[-0.2807];11574.11335;1;0;[0.6649];[-0.2851];11263.56918;800),(348789.33024;[0.6693];[-0.2807];11574.11335;1;0;[0.6649];[-0.2851];11263.56918;800),(350499.21679;[0.8888];[-0.0612];11408.72240;1;0;[0.8933];[-0.0567];11183.77875;800),(352524.04666;[0.9526];[0.0026];11048.22521;1;1;[0.9549];[0.0049];10893.13499;800)]"
3,6,8334.80837413901,0.97403,1,1,[0.9976],[0.0476],33177.470445632935,[(32933.55036;[0.9969];[0.0469];8388.07304;1;1;[0.9976];[0.0476];8334.80837;100)]
1,2,14632.1684809259,0.97499,1,0,[0.9234],[-0.0266],600773.3819484711,"[(29636.02304;[0.7992];[-0.1508];15058.00720;1;0;[0.7935];[-0.1565];14940.66716;100),(40044.00539;[0.7992];[-0.1508];15058.00720;1;0;[0.7935];[-0.1565];14940.66716;100),(44659.24907;[0.7996];[-0.1504];15059.70383;1;0;[0.7938];[-0.1562];14942.90594;100),(50258.19230;[0.7996];[-0.1504];15059.70383;1;0;[0.7938];[-0.1562];14942.90594;100),(55587.01372;[0.7996];[-0.1504];15059.70383;1;0;[0.7938];[-0.1562];14942.90594;100),(61141.35647;[0.7996];[-0.1504];15059.70383;1;0;[0.7938];[-0.1562];14942.90594;100),(63718.36758;[0.9126];[-0.0374];14791.68993;1;0;[0.9124];[-0.0376];14586.56052;100),(80276.08013;[0.8051];[-0.1449];15076.75373;1;0;[0.7979];[-0.1521];14961.89724;200),(90938.64465;[0.8051];[-0.1449];15076.75373;1;0;[0.7979];[-0.1521];14961.89724;200),(103588.95683;[0.8051];[-0.1449];15076.75373;1;0;[0.7979];[-0.1521];14961.89724;200),(111508.03995;[0.8051];[-0.1449];15076.75373;1;0;[0.7979];[-0.1521];14961.89724;200),(120147.58396;[0.8051];[-0.1449];15076.75373;1;0;[0.7979];[-0.1521];14961.89724;200),(129182.66487;[0.8051];[-0.1449];15076.75373;1;0;[0.7979];[-0.1521];14961.89724;200),(129819.94224;[0.9193];[-0.0307];14821.64844;1;0;[0.92];[-0.03];14624.02138;200),(164735.06284;[0.728];[-0.222];14941.33940;1;0;[0.7267];[-0.2233];14875.10976;400),(183167.09208;[0.728];[-0.222];14941.33940;1;0;[0.7267];[-0.2233];14875.10976;400),(202390.19799;[0.728];[-0.222];14941.33940;1;0;[0.7267];[-0.2233];14875.10976;400),(224342.22412;[0.803];[-0.147];15070.07331;1;0;[0.7963];[-0.1537];14954.46564;400),(241579.59461;[0.803];[-0.147];15070.07331;1;0;[0.7963];[-0.1537];14954.46564;400),(259750.94652;[0.803];[-0.147];15070.07331;1;0;[0.7963];[-0.1537];14954.46564;400),(277109.73716;[0.803];[-0.147];15070.07331;1;0;[0.7963];[-0.1537];14954.46564;400),(278119.43984;[0.9228];[-0.0272];14827.09670;1;0;[0.9234];[-0.0266];14632.16848;400),(343983.01911;[0.8777];[-0.0723];15054.47241;1;0;[0.8753];[-0.0747];14898.78290;800),(379738.01422;[0.8777];[-0.0723];15054.47241;1;0;[0.8753];[-0.0747];14898.78290;800),(417723.90461;[0.8777];[-0.0723];15054.47241;1;0;[0.8753];[-0.0747];14898.78290;800),(455369.21978;[0.8777];[-0.0723];15054.47241;1;0;[0.8753];[-0.0747];14898.78290;800),(493090.53588;[0.8777];[-0.0723];15054.47241;1;0;[0.8753];[-0.0747];14898.78290;800),(527695.10031;[0.8777];[-0.0723];15054.47241;1;0;[0.8753];[-0.0747];14898.78290;800),(563869.64798;[0.8777];[-0.0723];15054.47241;1;0;[0.8753];[-0.0747];14898.78290;800)]"
0,9,19655.907182636965,0.98027,1,1,[0.9692],[0.0192],611196.6042518616,"[(29336.16328;[0.8531];[-0.0969];19889.31474;1;0;[0.8524];[-0.0976];20038.69352;100),(40577.10028;[0.8531];[-0.0969];19889.31474;1;0;[0.8524];[-0.0976];20038.69352;100),(46237.96892;[0.8531];[-0.0969];19889.31474;1;0;[0.8524];[-0.0976];20038.69352;100),(55407.27186;[0.8531];[-0.0969];19889.31474;1;0;[0.8524];[-0.0976];20038.69352;100),(61025.17533;[0.8531];[-0.0969];19889.31474;1;0;[0.8524];[-0.0976];20038.69352;100),(66580.68919;[0.8531];[-0.0969];19889.31474;1;0;[0.8524];[-0.0976];20038.69352;100),(67250.82302;[0.9016];[-0.0484];19821.63045;1;0;[0.8988];[-0.0512];19914.02524;100),(67740.77582;[0.9352];[-0.0148];19586.25013;1;0;[0.9338];[-0.0162];19648.25831;100),(68230.53193;[0.9399];[-0.0101];19562.17092;1;0;[0.9393];[-0.0107];19625.90013;100),(85418.33735;[0.8614];[-0.0886];19896.40102;1;0;[0.8605];[-0.0895];20045.16903;200),(95027.73952;[0.8614];[-0.0886];19896.40102;1;0;[0.8605];[-0.0895];20045.16903;200),(105633.75878;[0.8614];[-0.0886];19896.40102;1;0;[0.8605];[-0.0895];20045.16903;200),(114477.69284;[0.8614];[-0.0886];19896.40102;1;0;[0.8605];[-0.0895];20045.16903;200),(124044.85989;[0.8614];[-0.0886];19896.40102;1;0;[0.8605];[-0.0895];20045.16903;200),(133648.00668;[0.8614];[-0.0886];19896.40102;1;0;[0.8605];[-0.0895];20045.16903;200),(136081.10857;[0.941];[-0.009];19593.40936;1;0;[0.9402];[-0.0098];19656.44372;200),(168656.43358;[0.9268];[-0.0232];19840.30924;1;0;[0.9254];[-0.0246];19932.51831;400),(186756.73676;[0.9268];[-0.0232];19840.30924;1;0;[0.9254];[-0.0246];19932.51831;400),(205589.05578;[0.9268];[-0.0232];19840.30924;1;0;[0.9254];[-0.0246];19932.51831;400),(225609.67326;[0.9268];[-0.0232];19840.30924;1;0;[0.9254];[-0.0246];19932.51831;400),(245700.09089;[0.9268];[-0.0232];19840.30924;1;0;[0.9254];[-0.0246];19932.51831;400),(263614.29477;[0.9268];[-0.0232];19840.30924;1;0;[0.9254];[-0.0246];19932.51831;400),(280712.99696;[0.9268];[-0.0232];19840.30924;1;0;[0.9254];[-0.0246];19932.51831;400),(281773.17500;[0.9708];[0.0208];19593.81404;1;1;[0.9692];[0.0192];19655.90718;400),(349150.59590;[0.8593];[-0.0907];19900.53260;1;0;[0.8583];[-0.0917];20049.17733;800),(384098.37341;[0.8593];[-0.0907];19900.53260;1;0;[0.8583];[-0.0917];20049.17733;800),(422381.48642;[0.8593];[-0.0907];19900.53260;1;0;[0.8583];[-0.0917];20049.17733;800),(459217.14735;[0.8593];[-0.0907];19900.53260;1;0;[0.8583];[-0.0917];20049.17733;800),(495566.52832;[0.8593];[-0.0907];19900.53260;1;0;[0.8583];[-0.0917];20049.17733;800),(531731.55785;[0.8593];[-0.0907];19900.53260;1;0;[0.8583];[-0.0917];20049.17733;800),(576777.40192;[0.8593];[-0.0907];19900.53260;1;0;[0.8583];[-0.0917];20049.17733;800)]"
0,10,19324.157153383538,0.96373,1,1,[0.9569],[0.0069],622310.2850914001,"[(31109.62868;[0.6757];[-0.2743];19844.07494;1;0;[0.669];[-0.281];19283.01986;100),(31792.09232;[0.7231];[-0.2269];20157.57756;1;0;[0.7235];[-0.2265];19601.81439;200),(33537.77862;[0.7234];[-0.2266];20162.69192;1;0;[0.7241];[-0.2259];19610.14556;400),(66409.11365;[0.7234];[-0.2266];20162.69192;1;0;[0.7241];[-0.2259];19610.14556;400),(84091.97903;[0.7234];[-0.2266];20162.69192;1;0;[0.7241];[-0.2259];19610.14556;400),(102826.45011;[0.7234];[-0.2266];20162.69192;1;0;[0.7241];[-0.2259];19610.14556;400),(119942.12389;[0.7234];[-0.2266];20162.69192;1;0;[0.7241];[-0.2259];19610.14556;400),(137503.16262;[0.7234];[-0.2266];20162.69192;1;0;[0.7241];[-0.2259];19610.14556;400),(154364.01081;[0.7234];[-0.2266];20162.69192;1;0;[0.7241];[-0.2259];19610.14556;400),(168950.53148;[0.7234];[-0.2266];20162.69192;1;0;[0.7241];[-0.2259];19610.14556;400),(169415.90047;[0.8996];[-0.0504];20347.48620;1;0;[0.9038];[-0.0462];19910.27656;400),(171973.92511;[0.9573];[0.0073];19539.23118;1;1;[0.9593];[0.0093];19174.29836;400),(233507.78437;[0.8487];[-0.1013];20504.68164;1;0;[0.8523];[-0.0977];20041.17550;800),(267532.64928;[0.8487];[-0.1013];20504.68164;1;0;[0.8523];[-0.0977];20041.17550;800),(302349.04933;[0.8487];[-0.1013];20504.68164;1;0;[0.8523];[-0.0977];20041.17550;800),(336905.33876;[0.8487];[-0.1013];20504.68164;1;0;[0.8523];[-0.0977];20041.17550;800),(370418.95843;[0.8487];[-0.1013];20504.68164;1;0;[0.8523];[-0.0977];20041.17550;800),(408845.40629;[0.8487];[-0.1013];20504.68164;1;0;[0.8523];[-0.0977];20041.17550;800),(443463.92131;[0.8487];[-0.1013];20504.68164;1;0;[0.8523];[-0.0977];20041.17550;800),(476181.83351;[0.8487];[-0.1013];20504.68164;1;0;[0.8523];[-0.0977];20041.17550;800),(476735.32963;[0.8982];[-0.0518];20363.70714;1;0;[0.9023];[-0.0477];19923.38742;800),(482164.72864;[0.954];[0.004];19686.54182;1;1;[0.9569];[0.0069];19324.15715;800)]"
0,2,19262.578673141474,0.96066,1,1,[0.9615],[0.0115],651319.3483352661,"[(29307.34730;[0.8152];[-0.1348];19908.63511;1;0;[0.8091];[-0.1409];19745.34942;100),(39558.33554;[0.8152];[-0.1348];19908.63511;1;0;[0.8091];[-0.1409];19745.34942;100),(43932.31630;[0.8152];[-0.1348];19908.63511;1;0;[0.8091];[-0.1409];19745.34942;100),(49075.49548;[0.8152];[-0.1348];19908.63511;1;0;[0.8091];[-0.1409];19745.34942;100),(53980.77941;[0.8152];[-0.1348];19908.63511;1;0;[0.8091];[-0.1409];19745.34942;100),(58991.82367;[0.8152];[-0.1348];19908.63511;1;0;[0.8091];[-0.1409];19745.34942;100),(59487.18643;[0.9129];[-0.0371];19805.77977;1;0;[0.9149];[-0.0351];19577.01967;100),(64261.85369;[0.9567];[0.0067];19486.93741;1;1;[0.9573];[0.0073];19316.83957;100),(79899.05381;[0.8438];[-0.1062];20138.28440;1;0;[0.8419];[-0.1081];20003.82296;200),(88775.22969;[0.8438];[-0.1062];20138.28440;1;0;[0.8419];[-0.1081];20003.82296;200),(98117.66768;[0.8438];[-0.1062];20138.28440;1;0;[0.8419];[-0.1081];20003.82296;200),(106070.07170;[0.8438];[-0.1062];20138.28440;1;0;[0.8419];[-0.1081];20003.82296;200),(116297.29962;[0.8438];[-0.1062];20138.28440;1;0;[0.8419];[-0.1081];20003.82296;200),(125183.01439;[0.8438];[-0.1062];20138.28440;1;0;[0.8419];[-0.1081];20003.82296;200),(125869.77601;[0.9175];[-0.0325];19845.82193;1;0;[0.9205];[-0.0295];19624.22191;200),(126528.31364;[0.9583];[0.0083];19462.75035;1;1;[0.9592];[0.0092];19222.35886;200),(158617.50817;[0.77];[-0.18];19898.23017;1;0;[0.7697];[-0.1803];19754.01707;400),(176361.00769;[0.77];[-0.18];19898.23017;1;0;[0.7697];[-0.1803];19754.01707;400),(194566.22481;[0.77];[-0.18];19898.23017;1;0;[0.7697];[-0.1803];19754.01707;400),(212762.43401;[0.77];[-0.18];19898.23017;1;0;[0.7697];[-0.1803];19754.01707;400),(231250.16475;[0.7922];[-0.1578];20028.79060;1;0;[0.7879];[-0.1621];19905.02068;400),(249540.46679;[0.8023];[-0.1477];20056.30147;1;0;[0.7967];[-0.1533];19940.00741;400),(268833.48298;[0.8427];[-0.1073];20132.71643;1;0;[0.8403];[-0.1097];19997.79793;400),(269514.73212;[0.9233];[-0.0267];19869.31849;1;0;[0.9261];[-0.0239];19655.38198;400),(270158.16045;[0.9618];[0.0118];19487.88109;1;1;[0.9615];[0.0115];19262.57867;400),(334114.61687;[0.8541];[-0.0959];20162.42456;1;0;[0.8524];[-0.0976];20035.65341;800),(368158.71048;[0.8541];[-0.0959];20162.42456;1;0;[0.8524];[-0.0976];20035.65341;800),(404269.00148;[0.8541];[-0.0959];20162.42456;1;0;[0.8524];[-0.0976];20035.65341;800),(438867.68413;[0.8541];[-0.0959];20162.42456;1;0;[0.8524];[-0.0976];20035.65341;800),(472531.77619;[0.8541];[-0.0959];20162.42456;1;0;[0.8524];[-0.0976];20035.65341;800),(506803.38359;[0.8541];[-0.0959];20162.42456;1;0;[0.8524];[-0.0976];20035.65341;800),(541131.20699;[0.8541];[-0.0959];20162.42456;1;0;[0.8524];[-0.0976];20035.65341;800),(577238.39951;[0.8541];[-0.0959];20162.42456;1;0;[0.8524];[-0.0976];20035.65341;800),(578025.84338;[0.9351];[-0.0149];19854.68185;1;0;[0.9379];[-0.0121];19652.87908;800)]"
0,7,19686.323537398603,0.98179,1,1,[0.9631],[0.0131],663284.6312522888,"[(29775.10023;[0.944];[-0.006];19628.62072;1;0;[0.944];[-0.006];19628.62072;100),(39487.33473;[0.944];[-0.006];19624.59441;1;0;[0.944];[-0.006];19624.59441;100),(54890.04612;[0.9327];[-0.0173];19904.46743;1;0;[0.9327];[-0.0173];19904.46743;200),(64024.80245;[0.9327];[-0.0173];19904.46743;1;0;[0.9327];[-0.0173];19904.46743;200),(73483.87051;[0.9327];[-0.0173];19904.46743;1;0;[0.9327];[-0.0173];19904.46743;200),(82576.38001;[0.9327];[-0.0173];19904.46743;1;0;[0.9327];[-0.0173];19904.46743;200),(90656.08335;[0.9318];[-0.0182];19907.10834;1;0;[0.9318];[-0.0182];19907.10834;200),(100955.47843;[0.9804];[0.0304];19662.61526;1;1;[0.9804];[0.0304];19662.61526;200),(140134.83334;[0.9211];[-0.0289];19931.53578;1;0;[0.9211];[-0.0289];19931.53578;400),(157643.90349;[0.9211];[-0.0289];19931.53578;1;0;[0.9211];[-0.0289];19931.53578;400),(176687.21724;[0.9211];[-0.0289];19931.53578;1;0;[0.9211];[-0.0289];19931.53578;400),(194821.15746;[0.9211];[-0.0289];19931.53578;1;0;[0.9211];[-0.0289];19931.53578;400),(211503.67141;[0.9211];[-0.0289];19931.53578;1;0;[0.9211];[-0.0289];19931.53578;400),(230915.80510;[0.9622];[0.0122];19680.60767;1;1;[0.9622];[0.0122];19680.60767;400),(296816.27059;[0.9227];[-0.0273];19936.61244;1;0;[0.9227];[-0.0273];19936.61244;800),(333008.47292;[0.9227];[-0.0273];19936.61244;1;0;[0.9227];[-0.0273];19936.61244;800),(370875.20957;[0.9227];[-0.0273];19936.61244;1;0;[0.9227];[-0.0273];19936.61244;800),(409185.68277;[0.9227];[-0.0273];19936.61244;1;0;[0.9227];[-0.0273];19936.61244;800),(445709.06401;[0.9227];[-0.0273];19936.61244;1;0;[0.9227];[-0.0273];19936.61244;800),(482772.71175;[0.9178];[-0.0322];19857.22057;1;0;[0.9178];[-0.0322];19857.22057;800),(519686.60951;[0.9631];[0.0131];19686.32354;1;1;[0.9631];[0.0131];19686.32354;800)]"
1,9,14719.313529134695,0.9808,1,0,[0.9441],[-0.0059],631168.6680316925,"[(29939.18276;[0.8189];[-0.1311];14907.55941;1;0;[0.8131];[-0.1369];14998.74546;100),(39293.35403;[0.8189];[-0.1311];14906.53958;1;0;[0.8132];[-0.1368];14997.70354;100),(44721.15278;[0.8189];[-0.1311];14906.53958;1;0;[0.8132];[-0.1368];14997.70354;100),(50018.39685;[0.8189];[-0.1311];14906.53958;1;0;[0.8132];[-0.1368];14997.70354;100),(54287.38546;[0.8189];[-0.1311];14906.53958;1;0;[0.8132];[-0.1368];14997.70354;100),(59369.31276;[0.8189];[-0.1311];14906.53958;1;0;[0.8132];[-0.1368];14997.70354;100),(60447.60442;[0.8905];[-0.0595];14841.93488;1;0;[0.8886];[-0.0614];14901.02982;100),(62916.98790;[0.9377];[-0.0123];14686.83030;1;0;[0.9379];[-0.0121];14711.35520;100),(79738.01637;[0.8305];[-0.1195];14910.15608;1;0;[0.8255];[-0.1245];15000.65676;200),(87529.08373;[0.8305];[-0.1195];14910.15608;1;0;[0.8255];[-0.1245];15000.65676;200),(96311.17272;[0.8305];[-0.1195];14910.15608;1;0;[0.8255];[-0.1245];15000.65676;200),(104987.68449;[0.8305];[-0.1195];14910.15608;1;0;[0.8255];[-0.1245];15000.65676;200),(112717.09228;[0.8305];[-0.1195];14910.15608;1;0;[0.8255];[-0.1245];15000.65676;200),(125527.37713;[0.8305];[-0.1195];14910.15608;1;0;[0.8255];[-0.1245];15000.65676;200),(127803.77865;[0.9121];[-0.0379];14537.91088;1;0;[0.9077];[-0.0423];14597.01433;200),(164791.32032;[0.926];[-0.024];14856.10779;1;0;[0.9224];[-0.0276];14915.53160;400),(235161.85498;[0.8251];[-0.1249];14917.29091;1;0;[0.8186];[-0.1314];15007.43351;800),(270123.25764;[0.8251];[-0.1249];14917.29091;1;0;[0.8186];[-0.1314];15007.43351;800),(306877.41399;[0.8251];[-0.1249];14917.29091;1;0;[0.8186];[-0.1314];15007.43351;800),(340516.46900;[0.8251];[-0.1249];14917.29091;1;0;[0.8186];[-0.1314];15007.43351;800),(373418.27464;[0.8251];[-0.1249];14917.29091;1;0;[0.8186];[-0.1314];15007.43351;800),(407685.15754;[0.8251];[-0.1249];14917.29091;1;0;[0.8186];[-0.1314];15007.43351;800),(442066.84637;[0.8251];[-0.1249];14917.29091;1;0;[0.8186];[-0.1314];15007.43351;800),(476189.62550;[0.8251];[-0.1249];14917.29091;1;0;[0.8186];[-0.1314];15007.43351;800),(476778.68295;[0.9432];[-0.0068];14694.07968;1;0;[0.9441];[-0.0059];14719.31353;800)]"
1,8,14708.766761675635,0.9801,1,0,[0.9353],[-0.0147],673269.439458847,"[(30418.95008;[0.7391];[-0.2109];15295.05034;1;0;[0.7321];[-0.2179];14901.41826;100),(39730.70264;[0.7391];[-0.2109];15295.05034;1;0;[0.7321];[-0.2179];14901.41826;100),(44867.05589;[0.7391];[-0.2109];15295.05034;1;0;[0.7321];[-0.2179];14901.41826;100),(50190.57059;[0.7391];[-0.2109];15295.05034;1;0;[0.7321];[-0.2179];14901.41826;100),(54686.40780;[0.7391];[-0.2109];15295.05034;1;0;[0.7321];[-0.2179];14901.41826;100),(59818.77851;[0.7391];[-0.2109];15295.05034;1;0;[0.7321];[-0.2179];14901.41826;100),(60485.56447;[0.8761];[-0.0739];15055.82661;1;0;[0.8682];[-0.0818];14687.51754;100),(65127.03443;[0.915];[-0.035];14743.44218;1;0;[0.9078];[-0.0422];14439.17970;100),(82617.58399;[0.7439];[-0.2061];15300.72594;1;0;[0.7364];[-0.2136];14913.81677;200),(91040.63034;[0.7439];[-0.2061];15300.72594;1;0;[0.7364];[-0.2136];14913.81677;200),(100070.94431;[0.7439];[-0.2061];15300.72594;1;0;[0.7364];[-0.2136];14913.81677;200),(108822.45612;[0.7439];[-0.2061];15300.72594;1;0;[0.7364];[-0.2136];14913.81677;200),(116327.87442;[0.7439];[-0.2061];15300.72594;1;0;[0.7364];[-0.2136];14913.81677;200),(127090.03258;[0.7439];[-0.2061];15300.72594;1;0;[0.7364];[-0.2136];14913.81677;200),(127703.70340;[0.8791];[-0.0709];15264.79301;1;0;[0.8703];[-0.0797];14891.36597;200),(128349.66969;[0.9379];[-0.0121];15027.43323;1;0;[0.9353];[-0.0147];14708.76676;200),(164256.33955;[0.7417];[-0.2083];15300.50428;1;0;[0.7341];[-0.2159];14911.02046;400),(181703.66311;[0.7417];[-0.2083];15300.50428;1;0;[0.7341];[-0.2159];14911.02046;400),(200821.13457;[0.7417];[-0.2083];15300.50428;1;0;[0.7341];[-0.2159];14911.02046;400),(219511.05022;[0.7417];[-0.2083];15300.50428;1;0;[0.7341];[-0.2159];14911.02046;400),(237695.22119;[0.7417];[-0.2083];15300.50428;1;0;[0.7341];[-0.2159];14911.02046;400),(254437.93488;[0.7417];[-0.2083];15300.50428;1;0;[0.7341];[-0.2159];14911.02046;400),(271233.47950;[0.7417];[-0.2083];15300.50428;1;0;[0.7341];[-0.2159];14911.02046;400),(273051.24235;[0.9075];[-0.0425];15203.44102;1;0;[0.9024];[-0.0476];14870.29722;400),(341662.42504;[0.739];[-0.211];15297.70268;1;0;[0.732];[-0.218];14900.68974;800),(376261.04164;[0.739];[-0.211];15297.70268;1;0;[0.732];[-0.218];14900.68974;800),(414737.07390;[0.739];[-0.211];15297.70268;1;0;[0.732];[-0.218];14900.68974;800),(452923.93470;[0.739];[-0.211];15297.70268;1;0;[0.732];[-0.218];14900.68974;800),(489405.16424;[0.739];[-0.211];15297.70268;1;0;[0.732];[-0.218];14900.68974;800),(527297.32895;[0.739];[-0.211];15297.70268;1;0;[0.732];[-0.218];14900.68974;800),(561679.63314;[0.739];[-0.211];15297.70268;1;0;[0.732];[-0.218];14900.68974;800),(596142.25698;[0.739];[-0.211];15297.70268;1;0;[0.732];[-0.218];14900.68974;800),(598415.64965;[0.9124];[-0.0376];15185.24319;1;0;[0.9056];[-0.0444];14858.65573;800)]"
1,7,14712.433213168264,0.98034,1,0,[0.9459],[-0.0041],734219.2804813385,"[(29991.37592;[0.938];[-0.012];14679.03210;1;0;[0.938];[-0.012];14679.03210;100),(39379.23646;[0.938];[-0.012];14679.03210;1;0;[0.938];[-0.012];14679.03210;100),(57423.43545;[0.9338];[-0.0162];14888.59161;1;0;[0.9338];[-0.0162];14888.59161;200),(88525.93303;[0.9126];[-0.0374];14906.99665;1;0;[0.9126];[-0.0374];14906.99665;400),(153540.77530;[0.9459];[-0.0041];14712.43321;1;0;[0.9459];[-0.0041];14712.43321;800),(293355.72243;[0.9162];[-0.0338];14919.92408;1;0;[0.9162];[-0.0338];14919.92408;1600),(581927.22750;[0.8214];[-0.1286];15008.15025;1;0;[0.8214];[-0.1286];15008.15025;3200)]"
2,8,10973.8354714031,0.96755,1,1,[0.9514],[0.0014],595816.4744377136,"[(30268.61429;[0.6742];[-0.2758];11555.69209;1;0;[0.6619];[-0.2881];11255.90649;100),(40173.51866;[0.6742];[-0.2758];11555.69209;1;0;[0.6619];[-0.2881];11255.90649;100),(44810.82559;[0.6742];[-0.2758];11555.69209;1;0;[0.6619];[-0.2881];11255.90649;100),(51614.24494;[0.6742];[-0.2758];11555.69209;1;0;[0.6619];[-0.2881];11255.90649;100),(56789.86216;[0.6742];[-0.2758];11555.69209;1;0;[0.6619];[-0.2881];11255.90649;100),(61016.26658;[0.6742];[-0.2758];11555.69209;1;0;[0.6619];[-0.2881];11255.90649;100),(63517.03215;[0.8645];[-0.0855];11353.60102;1;0;[0.8599];[-0.0901];11079.81875;100),(79357.56731;[0.6787];[-0.2713];11559.64399;1;0;[0.6674];[-0.2826];11267.06149;200),(88066.99753;[0.6787];[-0.2713];11559.64399;1;0;[0.6674];[-0.2826];11267.06149;200),(95685.76670;[0.6787];[-0.2713];11559.64399;1;0;[0.6674];[-0.2826];11267.06149;200),(104528.36418;[0.6787];[-0.2713];11559.64399;1;0;[0.6674];[-0.2826];11267.06149;200),(112960.21271;[0.6787];[-0.2713];11559.64399;1;0;[0.6674];[-0.2826];11267.06149;200),(121549.19434;[0.6787];[-0.2713];11559.64399;1;0;[0.6674];[-0.2826];11267.06149;200),(122251.68777;[0.8678];[-0.0822];11457.04864;1;0;[0.8616];[-0.0884];11179.03090;200),(154714.70451;[0.675];[-0.275];11558.03089;1;0;[0.6632];[-0.2868];11261.55002;400),(172736.38344;[0.675];[-0.275];11558.03089;1;0;[0.6632];[-0.2868];11261.55002;400),(190280.49231;[0.675];[-0.275];11558.03089;1;0;[0.6632];[-0.2868];11261.55002;400),(206986.64331;[0.675];[-0.275];11558.03089;1;0;[0.6632];[-0.2868];11261.55002;400),(223584.43642;[0.675];[-0.275];11558.03089;1;0;[0.6632];[-0.2868];11261.55002;400),(241122.27416;[0.675];[-0.275];11558.03089;1;0;[0.6632];[-0.2868];11261.55002;400),(259863.31797;[0.675];[-0.275];11558.03089;1;0;[0.6632];[-0.2868];11261.55002;400),(260581.47812;[0.8896];[-0.0604];11445.28219;1;0;[0.8817];[-0.0683];11189.36345;400),(332245.22662;[0.6748];[-0.2752];11555.56481;1;0;[0.6631];[-0.2869];11252.52522;800),(369096.95935;[0.6748];[-0.2752];11555.56481;1;0;[0.6631];[-0.2869];11252.52522;800),(409914.29758;[0.6748];[-0.2752];11555.56481;1;0;[0.6631];[-0.2869];11252.52522;800),(447884.58347;[0.6748];[-0.2752];11555.56481;1;0;[0.6631];[-0.2869];11252.52522;800),(483778.27334;[0.6748];[-0.2752];11555.56481;1;0;[0.6631];[-0.2869];11252.52522;800),(521816.33711;[0.6748];[-0.2752];11555.56481;1;0;[0.6631];[-0.2869];11252.52522;800),(556048.77949;[0.6748];[-0.2752];11555.56481;1;0;[0.6631];[-0.2869];11252.52522;800),(593271.70324;[0.6748];[-0.2752];11556.87915;1;0;[0.6631];[-0.2869];11254.13927;800),(594925.18592;[0.8908];[-0.0592];11444.42636;1;0;[0.8835];[-0.0665];11187.15925;800),(595491.33015;[0.9528];[0.0028];11182.77673;1;1;[0.9514];[0.0014];10973.83547;800)]"
3,1,7811.604754323636,0.91289,1,1,[0.9534],[0.0034],623271.6579437256,"[(28639.65702;[0.7557];[-0.1943];8603.03105;1;0;[0.7544];[-0.1956];8550.13381;100),(38529.41418;[0.7557];[-0.1943];8603.03105;1;0;[0.7544];[-0.1956];8550.13381;100),(42907.56273;[0.7557];[-0.1943];8603.03105;1;0;[0.7544];[-0.1956];8550.13381;100),(48402.04787;[0.7557];[-0.1943];8603.03105;1;0;[0.7544];[-0.1956];8550.13381;100),(53442.76690;[0.7557];[-0.1943];8603.03105;1;0;[0.7544];[-0.1956];8550.13381;100),(58762.69269;[0.7557];[-0.1943];8603.03105;1;0;[0.7544];[-0.1956];8550.13381;100),(59664.17432;[0.9165];[-0.0335];8234.14101;1;0;[0.918];[-0.032];8204.21875;100),(62786.53383;[0.9799];[0.0299];7281.71690;1;1;[0.9791];[0.0291];7260.57155;100),(64315.27948;[0.9521];[0.0021];7836.94703;1;1;[0.9534];[0.0034];7810.66009;100),(65429.88420;[0.9345];[-0.0155];7959.34678;1;0;[0.9361];[-0.0139];7930.05330;100),(67461.09390;[0.9465];[-0.0035];7916.23925;1;0;[0.9487];[-0.0013];7889.26049;100),(68322.13020;[0.9471];[-0.0029];7879.92313;1;0;[0.9489];[-0.0011];7853.14466;100),(69098.01555;[0.9477];[-0.0023];7857.88415;1;0;[0.9496];[-0.0004];7831.21683;100),(69826.25556;[0.9483];[-0.0017];7848.67461;1;1;[0.9501];[0.0001];7822.06283;100),(70867.22064;[0.9472];[-0.0028];7843.68710;1;0;[0.9493];[-0.0007];7817.00271;100),(72740.71145;[0.9474];[-0.0026];7839.48079;1;0;[0.9495];[-0.0005];7812.86925;100),(74660.61497;[0.952];[0.002];7837.87933;1;1;[0.9534];[0.0034];7811.60475;100),(75250.62537;[0.9474];[-0.0026];7839.48079;1;0;[0.9495];[-0.0005];7812.86925;100),(75738.25574;[0.9474];[-0.0026];7839.48079;1;0;[0.9495];[-0.0005];7812.86925;100),(77574.88251;[0.952];[0.002];7837.87933;1;1;[0.9534];[0.0034];7811.60475;100),(78028.32747;[0.9474];[-0.0026];7839.48079;1;0;[0.9495];[-0.0005];7812.86925;100),(78455.46174;[0.9474];[-0.0026];7839.48079;1;0;[0.9495];[-0.0005];7812.86925;100),(94349.47538;[0.8914];[-0.0586];8420.45767;1;0;[0.8948];[-0.0552];8386.69454;200),(103143.21327;[0.8914];[-0.0586];8420.45767;1;0;[0.8948];[-0.0552];8386.69454;200),(112616.03856;[0.8914];[-0.0586];8420.45767;1;0;[0.8948];[-0.0552];8386.69454;200),(120429.32940;[0.8914];[-0.0586];8420.45767;1;0;[0.8948];[-0.0552];8386.69454;200),(128600.17562;[0.8914];[-0.0586];8420.45767;1;0;[0.8948];[-0.0552];8386.69454;200),(137177.05870;[0.8914];[-0.0586];8420.45767;1;0;[0.8948];[-0.0552];8386.69454;200),(138040.93146;[0.9163];[-0.0337];8317.68847;1;0;[0.9177];[-0.0323];8287.25153;200),(139241.71972;[0.9756];[0.0256];7317.49820;1;1;[0.9747];[0.0247];7295.57712;200),(140913.85794;[0.9452];[-0.0048];7895.68505;1;0;[0.9475];[-0.0025];7868.61202;200),(141938.19499;[0.9555];[0.0055];7691.67689;1;1;[0.9554];[0.0054];7666.33327;200),(144022.84408;[0.9473];[-0.0027];7809.75363;1;0;[0.949];[-0.001];7783.23043;200),(146465.61146;[0.9504];[0.0004];7753.27762;1;1;[0.952];[0.002];7727.29387;200),(148076.13778;[0.9527];[0.0027];7783.08863;1;1;[0.9533];[0.0033];7757.07665;200),(148766.88933;[0.9509];[0.0009];7797.58460;1;1;[0.9527];[0.0027];7771.42549;200),(149575.67239;[0.9508];[0.0008];7803.34442;1;1;[0.9522];[0.0022];7777.13262;200),(150345.82520;[0.9503];[0.0003];7806.51414;1;1;[0.9517];[0.0017];7780.23030;200),(150927.34957;[0.9499];[-0.0001];7808.68966;1;1;[0.9516];[0.0016];7782.39980;200),(153333.70304;[0.9499];[-0.0001];7807.11534;1;1;[0.9516];[0.0016];7780.81105;200),(155182.14107;[0.9499];[-0.0001];7807.61125;1;1;[0.9516];[0.0016];7781.30471;200),(157439.72778;[0.9503];[0.0003];7806.51414;1;1;[0.9517];[0.0017];7780.23030;200),(158101.90225;[0.9503];[0.0003];7806.51414;1;1;[0.9517];[0.0017];7780.23030;200),(158762.34674;[0.9503];[0.0003];7806.51414;1;1;[0.9517];[0.0017];7780.23030;200),(188535.99906;[0.7662];[-0.1838];8609.15623;1;0;[0.765];[-0.185];8557.07923;400),(252423.08426;[0.6067];[-0.3433];8463.31962;1;0;[0.5976];[-0.3524];8350.22326;800),(288152.82512;[0.6067];[-0.3433];8463.31962;1;0;[0.5976];[-0.3524];8350.22326;800),(324720.16072;[0.7479];[-0.2021];8587.53597;1;0;[0.745];[-0.205];8489.35489;800),(460867.82336;[0.4909];[-0.4591];8366.13765;1;0;[0.4858];[-0.4642];8261.45361;1600),(542523.36884;[0.607];[-0.343];8464.70079;1;0;[0.5981];[-0.3519];8352.74773;1600)]"
3,5,8359.50772185724,0.97692,1,1,[0.9566],[0.0066],400738.0063533783,"[(29282.94301;[0.773];[-0.177];8481.12240;1;0;[0.7691];[-0.1809];8552.76376;100),(39796.09489;[0.773];[-0.177];8481.12240;1;0;[0.7691];[-0.1809];8552.76376;100),(45036.00001;[0.773];[-0.177];8481.12240;1;0;[0.7691];[-0.1809];8552.76376;100),(50953.69315;[0.7734];[-0.1766];8483.63750;1;0;[0.7693];[-0.1807];8555.29473;100),(56134.05538;[0.7734];[-0.1766];8483.63750;1;0;[0.7693];[-0.1807];8555.29473;100),(61187.96396;[0.7734];[-0.1766];8483.63750;1;0;[0.7693];[-0.1807];8555.29473;100),(62024.69254;[0.9204];[-0.0296];8191.92727;1;0;[0.9193];[-0.0307];8231.79596;100),(63005.87320;[1.];[0.05];7251.73247;1;1;[1.];[0.05];7279.65994;100),(64013.51094;[0.9525];[0.0025];7805.27731;1;1;[0.9515];[0.0015];7838.97169;100),(65200.74296;[0.9986];[0.0486];7895.43976;1;1;[0.9986];[0.0486];7932.13393;100),(67979.02560;[1.];[0.05];7940.68725;1;1;[1.];[0.05];7978.90245;100),(69914.52217;[0.909];[-0.041];8049.39214;1;0;[0.906];[-0.044];8089.01274;100),(74372.69497;[1.];[0.05];7951.84915;1;1;[1.];[0.05];7989.97078;100),(75508.73637;[1.];[0.05];7959.68932;1;1;[1.];[0.05];7997.80364;100),(78752.92778;[1.];[0.05];7955.20477;1;1;[1.];[0.05];7993.96120;100),(81419.92021;[1.];[0.05];7960.99703;1;1;[1.];[0.05];7999.21769;100),(83807.75642;[0.908];[-0.042];8040.32092;1;0;[0.9054];[-0.0446];8079.91204;100),(86503.33190;[1.];[0.05];7962.29683;1;1;[1.];[0.05];8000.53753;100),(88835.95228;[1.];[0.05];7962.29683;1;1;[1.];[0.05];8000.53753;100),(91035.69245;[0.9066];[-0.0434];8039.08808;1;0;[0.9035];[-0.0465];8078.68189;100),(94192.78908;[1.];[0.05];7962.29683;1;1;[1.];[0.05];8000.53753;100),(96711.66849;[0.9066];[-0.0434];8039.08808;1;0;[0.9035];[-0.0465];8078.68189;100),(113849.06435;[0.7763];[-0.1737];8480.67347;1;0;[0.7744];[-0.1756];8551.13723;200),(121916.38184;[0.7763];[-0.1737];8480.67347;1;0;[0.7744];[-0.1756];8551.13723;200),(131032.96399;[0.7763];[-0.1737];8480.67347;1;0;[0.7744];[-0.1756];8551.13723;200),(139973.77443;[0.7763];[-0.1737];8480.67347;1;0;[0.7744];[-0.1756];8551.13723;200),(147755.51033;[0.7763];[-0.1737];8480.67347;1;0;[0.7744];[-0.1756];8551.13723;200),(156198.36378;[0.7763];[-0.1737];8480.67347;1;0;[0.7744];[-0.1756];8551.13723;200),(156852.08392;[0.9224];[-0.0276];8238.95795;1;0;[0.9213];[-0.0287];8279.01080;200),(158293.97774;[1.];[0.05];7278.68522;1;1;[1.];[0.05];7307.35935;200),(159848.45829;[0.9466];[-0.0034];7842.14479;1;0;[0.9469];[-0.0031];7876.09059;200),(160958.76837;[0.9548];[0.0048];7660.45639;1;1;[0.9546];[0.0046];7692.55381;200),(162547.38617;[0.953];[0.003];7765.72306;1;1;[0.9528];[0.0028];7798.92748;200),(163603.37186;[0.9509];[0.0009];7805.81594;1;0;[0.9497];[-0.0003];7839.52229;200),(164244.04955;[0.9512];[0.0012];7822.94924;1;1;[0.9502];[0.0002];7856.81173;200),(165964.16998;[0.9501];[0.0001];7830.14176;1;0;[0.9494];[-0.0006];7864.00816;200),(167390.15722;[0.9469];[-0.0031];7838.72069;1;0;[0.9475];[-0.0025];7872.66991;200),(169345.14546;[0.9515];[0.0015];7831.88466;1;1;[0.9505];[0.0005];7865.93369;200),(170674.32809;[0.9473];[-0.0027];7836.71146;1;0;[0.9477];[-0.0023];7870.62931;200),(173399.48320;[0.9494];[-0.0006];7835.49109;1;0;[0.949];[-0.001];7869.62436;200),(174783.92625;[0.9494];[-0.0006];7835.49109;1;0;[0.949];[-0.001];7869.62436;200),(176840.56664;[0.9515];[0.0015];7831.88466;1;1;[0.9505];[0.0005];7865.93369;200),(178416.86440;[0.9515];[0.0015];7831.88466;1;1;[0.9505];[0.0005];7865.93369;200),(179992.56539;[0.9515];[0.0015];7831.88466;1;1;[0.9505];[0.0005];7865.93369;200),(212315.77611;[0.9009];[-0.0491];8340.16297;1;0;[0.8975];[-0.0525];8387.61645;400),(228861.02128;[0.9009];[-0.0491];8340.16297;1;0;[0.8975];[-0.0525];8387.61645;400),(246809.74722;[0.9009];[-0.0491];8340.16297;1;0;[0.8975];[-0.0525];8387.61645;400),(265220.38984;[0.9009];[-0.0491];8340.16297;1;0;[0.8975];[-0.0525];8387.61645;400),(282262.41684;[0.9009];[-0.0491];8340.16297;1;0;[0.8975];[-0.0525];8387.61645;400),(298080.71947;[0.9009];[-0.0491];8340.16297;1;0;[0.8975];[-0.0525];8387.61645;400),(313789.00933;[0.9009];[-0.0491];8340.16297;1;0;[0.8975];[-0.0525];8387.61645;400),(317225.82817;[0.9064];[-0.0436];7974.75213;1;0;[0.903];[-0.047];8014.11461;400),(319405.73430;[0.9822];[0.0322];7248.88395;1;1;[0.9776];[0.0276];7276.29614;400),(321418.75744;[0.953];[0.003];7765.72306;1;1;[0.9528];[0.0028];7798.92748;400),(322411.55529;[0.9412];[-0.0088];7887.01790;1;0;[0.9408];[-0.0092];7921.76387;400),(324832.50761;[0.9466];[-0.0034];7842.14479;1;0;[0.9469];[-0.0031];7876.09059;400),(325630.60665;[0.9509];[0.0009];7805.81594;1;0;[0.9497];[-0.0003];7839.52229;400),(326314.78524;[0.9491];[-0.0009];7822.80084;1;0;[0.9487];[-0.0013];7856.52733;400),(327068.82477;[0.949];[-0.001];7814.54788;1;0;[0.9488];[-0.0012];7848.25151;400),(327710.46424;[0.9467];[-0.0033];7811.14861;1;0;[0.947];[-0.003];7844.72233;400),(328418.32018;[0.9468];[-0.0032];7808.63002;1;0;[0.9472];[-0.0028];7842.29915;400),(329054.42023;[0.9468];[-0.0032];7808.63002;1;0;[0.9472];[-0.0028];7842.29915;400),(329974.67494;[0.9509];[0.0009];7805.81594;1;0;[0.9497];[-0.0003];7839.52229;400),(330532.12738;[0.9469];[-0.0031];7807.04709;1;0;[0.9472];[-0.0028];7840.70573;400),(330995.16010;[0.9469];[-0.0031];7807.04709;1;0;[0.9472];[-0.0028];7840.70573;400),(331952.23069;[0.9509];[0.0009];7805.81594;1;0;[0.9497];[-0.0003];7839.52229;400),(332693.16006;[0.9509];[0.0009];7805.81594;1;0;[0.9497];[-0.0003];7839.52229;400),(400444.34667;[0.9581];[0.0081];8314.04695;1;1;[0.9566];[0.0066];8359.50772;800)]"
3,2,7321.558952989961,0.85562,1,1,[0.9593],[0.0093],617176.4223575592,"[(30140.07688;[0.5641];[-0.3859];8390.45971;1;0;[0.5609];[-0.3891];8317.98352;100),(30783.62513;[0.7487];[-0.2013];8637.30379;1;0;[0.7404];[-0.2096];8532.30450;200),(47792.42277;[0.7487];[-0.2013];8637.30379;1;0;[0.7404];[-0.2096];8532.30450;200),(56578.89724;[0.7487];[-0.2013];8637.30379;1;0;[0.7404];[-0.2096];8532.30450;200),(66398.60940;[0.7487];[-0.2013];8637.07514;1;0;[0.7404];[-0.2096];8532.26383;200),(75226.24922;[0.7487];[-0.2013];8637.07514;1;0;[0.7404];[-0.2096];8532.26383;200),(84054.60548;[0.7487];[-0.2013];8637.07514;1;0;[0.7404];[-0.2096];8532.26383;200),(91845.14689;[0.7487];[-0.2013];8637.07514;1;0;[0.7404];[-0.2096];8532.26383;200),(92584.54680;[0.9117];[-0.0383];8421.81858;1;0;[0.9089];[-0.0411];8311.49827;200),(94522.02272;[0.9641];[0.0141];7397.77304;1;1;[0.9641];[0.0141];7316.47556;200),(95225.05832;[0.9389];[-0.0111];7996.97092;1;0;[0.9402];[-0.0098];7897.97149;200),(97643.60905;[0.9415];[-0.0085];7832.47968;1;0;[0.9426];[-0.0074];7739.19155;200),(98839.36954;[0.9416];[-0.0084];7699.06803;1;0;[0.9429];[-0.0071];7608.44670;200),(100879.95386;[0.9249];[-0.0251];7522.93467;1;0;[0.9255];[-0.0245];7431.15505;200),(101595.41893;[0.9563];[0.0063];7399.26185;1;1;[0.9575];[0.0075];7315.13270;200),(103003.18003;[0.9271];[-0.0229];7428.05809;1;0;[0.9266];[-0.0234];7337.76314;200),(106301.88203;[0.9591];[0.0091];7402.50327;1;1;[0.9597];[0.0097];7318.65243;200),(108337.92615;[0.9586];[0.0086];7405.29930;1;1;[0.9593];[0.0093];7321.55895;200),(111401.26061;[0.9262];[-0.0238];7406.61148;1;0;[0.9261];[-0.0239];7316.58564;200),(114526.54004;[0.9581];[0.0081];7404.33945;1;1;[0.9587];[0.0087];7320.37627;200),(116662.43601;[0.9256];[-0.0244];7403.06634;1;0;[0.9259];[-0.0241];7313.03146;200),(118648.11468;[0.9583];[0.0083];7404.85140;1;1;[0.9588];[0.0088];7320.82964;200),(120629.54235;[0.9583];[0.0083];7404.85140;1;1;[0.9588];[0.0088];7320.82964;200),(123244.26150;[0.9583];[0.0083];7404.85140;1;1;[0.9588];[0.0088];7320.82964;200),(153624.54891;[0.5709];[-0.3791];8430.55379;1;0;[0.569];[-0.381];8363.92284;400),(171247.64037;[0.5777];[-0.3723];8447.24416;1;0;[0.574];[-0.376];8382.99068;400),(190281.70156;[0.7415];[-0.2085];8620.60047;1;0;[0.7337];[-0.2163];8512.94324;400),(207000.08702;[0.7415];[-0.2085];8620.60047;1;0;[0.7337];[-0.2163];8512.94324;400),(223595.76631;[0.7415];[-0.2085];8620.60047;1;0;[0.7337];[-0.2163];8512.94324;400),(239598.73247;[0.7415];[-0.2085];8620.60047;1;0;[0.7337];[-0.2163];8512.94324;400),(254362.27942;[0.742];[-0.208];8620.81250;1;0;[0.7342];[-0.2158];8514.23079;400),(255881.79612;[0.9142];[-0.0358];8360.76806;1;0;[0.9124];[-0.0376];8253.68873;400),(257439.13937;[0.963];[0.013];7373.76258;1;1;[0.9628];[0.0128];7293.45568;400),(259084.97643;[0.9386];[-0.0114];7947.71066;1;0;[0.9394];[-0.0106];7849.55838;400),(260215.46960;[0.9441];[-0.0059];7761.09795;1;0;[0.9457];[-0.0043];7670.09286;400),(262297.55783;[0.9261];[-0.0239];7528.76231;1;0;[0.9265];[-0.0235];7437.07012;400),(263598.48475;[0.9557];[0.0057];7382.12858;1;1;[0.9565];[0.0065];7298.54506;400),(266432.47986;[0.957];[0.007];7397.51803;1;1;[0.9577];[0.0077];7313.68900;400),(267111.48357;[0.9258];[-0.0242];7478.93710;1;0;[0.9259];[-0.0241];7387.90333;400),(270133.03399;[0.9263];[-0.0237];7426.18096;1;0;[0.9264];[-0.0236];7335.85263;400),(273259.65953;[0.9571];[0.0071];7397.51628;1;1;[0.9577];[0.0077];7313.63284;400),(275713.27829;[0.9256];[-0.0244];7403.90745;1;0;[0.9259];[-0.0241];7313.84871;400),(278279.43754;[0.9259];[-0.0241];7384.69774;1;0;[0.9258];[-0.0242];7294.72364;400),(279610.10003;[0.9571];[0.0071];7398.41418;1;1;[0.958];[0.008];7314.46895;400),(281861.55725;[0.9571];[0.0071];7398.41418;1;1;[0.958];[0.008];7314.46895;400),(283789.18290;[0.9259];[-0.0241];7384.69774;1;0;[0.9258];[-0.0242];7294.72364;400),(284975.65222;[0.9571];[0.0071];7398.41418;1;1;[0.958];[0.008];7314.46895;400),(347115.06963;[0.7669];[-0.1831];8652.85244;1;0;[0.7574];[-0.1926];8555.10823;800),(381212.53157;[0.7669];[-0.1831];8652.85244;1;0;[0.7574];[-0.1926];8555.10823;800),(417839.71930;[0.7669];[-0.1831];8652.85244;1;0;[0.7574];[-0.1926];8555.10823;800),(456341.65311;[0.7669];[-0.1831];8652.85244;1;0;[0.7574];[-0.1926];8555.10823;800),(495460.31332;[0.7669];[-0.1831];8652.85244;1;0;[0.7574];[-0.1926];8555.10823;800),(535725.57688;[0.7669];[-0.1831];8652.85244;1;0;[0.7574];[-0.1926];8555.10823;800),(576691.42079;[0.7669];[-0.1831];8652.85244;1;0;[0.7574];[-0.1926];8555.10823;800)]"
3,4,7350.656341264901,0.85902,1,1,[0.9879],[0.0379],647873.0626106262,"[(30157.58848;[0.9019];[-0.0481];8495.47124;1;0;[0.9012];[-0.0488];8374.48500;100),(40409.04665;[0.9029];[-0.0471];8495.54011;1;0;[0.9027];[-0.0473];8374.90838;100),(56200.47164;[0.9274];[-0.0226];8490.50424;1;0;[0.9271];[-0.0229];8376.79807;200),(65113.54852;[0.9274];[-0.0226];8490.50424;1;0;[0.9271];[-0.0229];8376.79807;200),(74556.15401;[0.9274];[-0.0226];8490.50424;1;0;[0.9271];[-0.0229];8376.79807;200),(82599.60079;[0.9274];[-0.0226];8490.50424;1;0;[0.9271];[-0.0229];8376.79807;200),(91452.60787;[0.9274];[-0.0226];8490.50424;1;0;[0.9271];[-0.0229];8376.79807;200),(100162.26578;[0.9274];[-0.0226];8490.50424;1;0;[0.9271];[-0.0229];8376.79807;200),(102796.87762;[0.948];[-0.002];7832.63841;1;0;[0.9498];[-0.0002];7738.82905;200),(103862.39266;[0.9813];[0.0313];7227.47840;1;1;[0.9803];[0.0303];7152.42339;200),(105213.77087;[0.9938];[0.0438];7385.40400;1;1;[0.9932];[0.0432];7309.64127;200),(107703.60303;[0.9485];[-0.0015];7639.66199;1;0;[0.9497];[-0.0003];7550.27490;200),(110232.92780;[0.9986];[0.0486];7411.46185;1;1;[0.998];[0.048];7335.89295;200),(110973.31238;[0.9413];[-0.0087];7543.70632;1;0;[0.9432];[-0.0068];7454.09978;200),(111613.25669;[0.9318];[-0.0182];7476.34527;1;0;[0.9331];[-0.0169];7385.44317;200),(112322.55149;[1.];[0.05];7411.67152;1;1;[1.];[0.05];7339.59041;200),(113046.27347;[0.932];[-0.018];7452.36987;1;0;[0.9336];[-0.0164];7361.93771;200),(113851.37582;[0.932];[-0.018];7445.60654;1;0;[0.9335];[-0.0165];7355.24258;200),(114526.20625;[1.];[0.05];7413.06941;1;1;[1.];[0.05];7340.91024;200),(114992.83361;[1.];[0.05];7413.06941;1;1;[1.];[0.05];7340.91024;200),(115492.39445;[1.];[0.05];7413.06941;1;1;[1.];[0.05];7340.91024;200),(116148.88287;[0.932];[-0.018];7444.87390;1;0;[0.9335];[-0.0165];7354.53707;200),(116935.80127;[1.];[0.05];7413.06941;1;1;[1.];[0.05];7340.91024;200),(146132.89309;[0.7712];[-0.1788];8679.41638;1;0;[0.7639];[-0.1861];8552.33657;400),(211263.54218;[0.7689];[-0.1811];8694.61411;1;0;[0.7621];[-0.1879];8556.29751;800),(246187.02602;[0.7689];[-0.1811];8694.61411;1;0;[0.7621];[-0.1879];8556.29751;800),(283768.83054;[0.7771];[-0.1729];8674.28470;1;0;[0.7698];[-0.1802];8539.86271;800),(321890.44762;[0.8905];[-0.0595];8515.04330;1;0;[0.8896];[-0.0604];8389.66188;800),(355145.40601;[0.8905];[-0.0595];8515.04330;1;0;[0.8896];[-0.0604];8389.66188;800),(388683.25400;[0.8905];[-0.0595];8515.04330;1;0;[0.8896];[-0.0604];8389.66188;800),(424422.52064;[0.8905];[-0.0595];8515.04330;1;0;[0.8896];[-0.0604];8389.66188;800),(460280.74765;[0.8972];[-0.0528];8510.72465;1;0;[0.896];[-0.054];8387.32126;800),(462941.02120;[0.926];[-0.024];7457.47282;1;0;[0.9264];[-0.0236];7364.72745;800),(464412.63771;[0.9806];[0.0306];7003.62502;1;1;[0.9788];[0.0288];6932.26728;800),(468975.98457;[0.9777];[0.0277];7298.52438;1;1;[0.9774];[0.0274];7221.41141;800),(472029.56581;[0.9709];[0.0209];7374.40500;1;1;[0.9716];[0.0216];7292.91932;800),(472857.03874;[0.9948];[0.0448];7401.84550;1;1;[0.994];[0.044];7325.77444;800),(476293.10083;[0.9925];[0.0425];7416.48186;1;1;[0.9917];[0.0417];7338.96889;800),(478619.33589;[0.9889];[0.0389];7427.81475;1;1;[0.9892];[0.0392];7347.16260;800),(481733.27780;[0.9883];[0.0383];7430.50548;1;1;[0.9882];[0.0382];7349.58649;800),(482762.24351;[0.9262];[-0.0238];7429.98487;1;0;[0.9266];[-0.0234];7337.76314;800),(484943.78352;[0.9881];[0.0381];7431.65370;1;1;[0.9879];[0.0379];7350.65634;800),(485713.84692;[0.926];[-0.024];7426.90794;1;0;[0.9265];[-0.0235];7334.69323;800),(488105.50475;[0.9881];[0.0381];7431.65370;1;1;[0.9879];[0.0379];7350.65634;800),(490369.38667;[0.9881];[0.0381];7431.65370;1;1;[0.9879];[0.0379];7350.65634;800),(492778.76472;[0.926];[-0.024];7424.72392;1;0;[0.9265];[-0.0235];7332.53975;800),(497109.81512;[0.9881];[0.0381];7431.65370;1;1;[0.9879];[0.0379];7350.65634;800)]"
3,8,8409.625373904471,0.98278,1,0,[0.7602],[-0.1898],605780.6370258331,"[(30932.38187;[0.4946];[-0.4554];8523.03030;1;0;[0.4833];[-0.4667];8275.84181;100),(40964.86545;[0.4946];[-0.4554];8522.83649;1;0;[0.4833];[-0.4667];8275.64796;100),(45520.55335;[0.4946];[-0.4554];8522.83649;1;0;[0.4833];[-0.4667];8275.64796;100),(50703.52268;[0.4946];[-0.4554];8522.83649;1;0;[0.4833];[-0.4667];8275.64796;100),(55808.83741;[0.4946];[-0.4554];8522.83649;1;0;[0.4833];[-0.4667];8275.64796;100),(60808.75921;[0.4946];[-0.4554];8522.83649;1;0;[0.4833];[-0.4667];8275.64796;100),(61406.20542;[0.7544];[-0.1956];8647.60536;1;0;[0.7451];[-0.2049];8448.34654;100),(77491.68491;[0.759];[-0.191];8748.40727;1;0;[0.7493];[-0.2007];8547.32046;200),(113973.01841;[0.4957];[-0.4543];8529.26578;1;0;[0.4842];[-0.4658];8291.22958;400),(130855.67260;[0.4957];[-0.4543];8529.26578;1;0;[0.4842];[-0.4658];8291.22958;400),(148668.50281;[0.4957];[-0.4543];8529.26578;1;0;[0.4842];[-0.4658];8291.22958;400),(166319.51451;[0.4957];[-0.4543];8529.26578;1;0;[0.4842];[-0.4658];8291.22958;400),(183572.75057;[0.4957];[-0.4543];8529.26578;1;0;[0.4842];[-0.4658];8291.22958;400),(200611.07373;[0.4957];[-0.4543];8529.26578;1;0;[0.4842];[-0.4658];8291.22958;400),(216948.73595;[0.4957];[-0.4543];8529.26578;1;0;[0.4842];[-0.4658];8291.22958;400),(218588.01150;[0.769];[-0.181];8595.17497;1;0;[0.7602];[-0.1898];8409.62537;400),(287841.44783;[0.7541];[-0.1959];8743.28272;1;0;[0.7448];[-0.2052];8531.00933;800),(440755.46432;[0.7524];[-0.1976];8748.06649;1;0;[0.7428];[-0.2072];8539.19368;1600)]"
3,10,7335.861452837945,0.85729,1,1,[0.9584],[0.0084],601474.1849899292,"[(29696.28119;[0.4885];[-0.4615];8526.94589;1;0;[0.479];[-0.471];8250.65848;100),(30341.04085;[0.4911];[-0.4589];8540.27750;1;0;[0.4816];[-0.4684];8264.90812;200),(31031.61597;[0.4901];[-0.4599];8535.94637;1;0;[0.4809];[-0.4691];8261.21242;400),(63072.62564;[0.4901];[-0.4599];8535.94637;1;0;[0.4809];[-0.4691];8261.21242;400),(80223.31023;[0.4901];[-0.4599];8535.94637;1;0;[0.4809];[-0.4691];8261.21242;400),(98568.75253;[0.4901];[-0.4599];8535.94637;1;0;[0.4809];[-0.4691];8261.21242;400),(115368.39962;[0.4901];[-0.4599];8535.94637;1;0;[0.4809];[-0.4691];8261.21242;400),(135940.77849;[0.4901];[-0.4599];8535.94637;1;0;[0.4809];[-0.4691];8261.21242;400),(158379.98581;[0.4901];[-0.4599];8535.94637;1;0;[0.4809];[-0.4691];8261.21242;400),(181505.52392;[0.4901];[-0.4599];8535.94637;1;0;[0.4809];[-0.4691];8261.21242;400),(183522.04347;[0.7769];[-0.1731];8428.60626;1;0;[0.7758];[-0.1742];8258.86280;400),(184593.43338;[0.9282];[-0.0218];7978.86422;1;0;[0.9347];[-0.0153];7878.01518;400),(185513.83781;[0.9746];[0.0246];7231.56187;1;1;[0.975];[0.025];7161.19521;400),(187248.83699;[0.923];[-0.027];7521.51468;1;0;[0.9291];[-0.0209];7431.58635;400),(188085.02817;[0.9636];[0.0136];7349.15381;1;1;[0.9642];[0.0142];7271.14762;400),(189448.69924;[0.9586];[0.0086];7390.64660;1;1;[0.9603];[0.0103];7308.16620;400),(192620.13483;[0.9566];[0.0066];7410.08037;1;1;[0.9587];[0.0087];7326.89204;400),(195539.04247;[0.9543];[0.0043];7418.76243;1;1;[0.9569];[0.0069];7334.52342;400),(197295.78185;[0.9244];[-0.0256];7464.94606;1;0;[0.9297];[-0.0203];7376.14367;400),(200370.32413;[0.9212];[-0.0288];7426.35081;1;0;[0.9266];[-0.0234];7337.76314;400),(203432.59192;[0.9565];[0.0065];7420.42607;1;1;[0.9584];[0.0084];7335.86145;400),(205173.82789;[0.92];[-0.03];7422.09352;1;0;[0.9262];[-0.0238];7333.44141;400),(208711.73668;[0.9544];[0.0044];7418.02605;1;1;[0.9565];[0.0065];7333.36405;400),(211643.10241;[0.9537];[0.0037];7418.93349;1;1;[0.956];[0.006];7333.63016;400),(213894.53077;[0.9537];[0.0037];7418.93349;1;1;[0.956];[0.006];7333.63016;400),(216228.33538;[0.9537];[0.0037];7418.93349;1;1;[0.956];[0.006];7333.63016;400),(218156.36396;[0.9199];[-0.0301];7420.08700;1;0;[0.9262];[-0.0238];7331.46291;400),(291365.55862;[0.7513];[-0.1987];8738.77349;1;0;[0.7472];[-0.2028];8545.59816;800),(440363.54566;[0.7606];[-0.1894];8741.91785;1;0;[0.7583];[-0.1917];8555.76291;1600),(518355.63374;[0.7606];[-0.1894];8741.91785;1;0;[0.7583];[-0.1917];8555.76291;1600)]"
4,1,4604.087535965211,0.72372,1,1,[0.9719],[0.0219],600264.3196582794,"[(29614.75825;[0.5248];[-0.4252];6333.95814;1;0;[0.5193];[-0.4307];6291.85519;100),(39796.53311;[0.5248];[-0.4252];6333.95814;1;0;[0.5193];[-0.4307];6291.85519;100),(44222.70298;[0.525];[-0.425];6334.44910;1;0;[0.5191];[-0.4309];6292.45440;100),(49385.49137;[0.525];[-0.425];6334.44910;1;0;[0.5191];[-0.4309];6292.45440;100),(54480.40032;[0.525];[-0.425];6334.44910;1;0;[0.5191];[-0.4309];6292.45440;100),(58691.05697;[0.525];[-0.425];6334.44910;1;0;[0.5191];[-0.4309];6292.45440;100),(60436.15365;[0.7927];[-0.1573];5844.56246;1;0;[0.791];[-0.159];5826.13556;100),(62754.56977;[0.8915];[-0.0585];4535.85021;1;0;[0.8947];[-0.0553];4530.46481;100),(63996.52386;[0.9368];[-0.0132];4281.95063;1;0;[0.9376];[-0.0124];4278.47733;100),(64841.69126;[0.8737];[-0.0763];4134.23567;1;0;[0.8763];[-0.0737];4130.92427;100),(66860.64434;[0.7444];[-0.2056];3956.67021;1;0;[0.7442];[-0.2058];3953.65801;100),(67748.28434;[0.6852];[-0.2648];3877.69766;1;0;[0.6847];[-0.2653];3874.77081;100),(69317.24906;[0.6675];[-0.2825];3844.84964;1;0;[0.6669];[-0.2831];3842.09661;100),(71094.30623;[0.6657];[-0.2843];3839.01413;1;0;[0.6661];[-0.2839];3836.33067;100),(73597.20874;[0.6431];[-0.3069];3802.08097;1;0;[0.6407];[-0.3093];3799.55607;100),(74722.35250;[0.643];[-0.307];3799.51182;1;0;[0.6402];[-0.3098];3797.03620;100),(80777.70591;[0.7273];[-0.2227];6384.29728;1;0;[0.7273];[-0.2227];6357.21620;100),(86757.15923;[0.9695];[0.0195];4609.45483;1;1;[0.9719];[0.0219];4604.08754;100),(92406.73161;[0.8413];[-0.1087];5403.57617;1;0;[0.8413];[-0.1087];5390.13439;100),(98706.19082;[0.8347];[-0.1153];5230.18906;1;0;[0.835];[-0.115];5217.77906;100),(104450.15836;[0.8243];[-0.1257];5005.30432;1;0;[0.8235];[-0.1265];4994.11879;100),(107030.29680;[0.8945];[-0.0555];4508.68888;1;0;[0.8977];[-0.0523];4503.56238;100),(109948.59242;[0.9564];[0.0064];4360.33146;1;1;[0.9576];[0.0076];4356.62869;100),(110922.92762;[0.9108];[-0.0392];4438.69214;1;0;[0.9127];[-0.0373];4434.10362;100),(113010.48541;[0.9587];[0.0087];4400.52568;1;1;[0.9603];[0.0103];4396.59440;100),(114449.87106;[0.915];[-0.035];4418.76725;1;0;[0.9159];[-0.0341];4414.30819;100),(116112.90860;[0.9198];[-0.0302];4410.99761;1;0;[0.9201];[-0.0299];4406.65655;100),(118355.24964;[0.9241];[-0.0259];4405.46366;1;0;[0.9255];[-0.0245];4401.19528;100),(120919.19470;[0.9585];[0.0085];4402.93683;1;1;[0.9586];[0.0086];4399.01758;100),(122678.62272;[0.9213];[-0.0287];4404.22471;1;0;[0.9235];[-0.0265];4399.95414;100),(123907.92274;[0.9213];[-0.0287];4404.22471;1;0;[0.9235];[-0.0265];4399.95414;100),(126577.60215;[0.9345];[-0.0155];4402.06792;1;0;[0.9352];[-0.0148];4397.92245;100),(129064.79764;[0.9585];[0.0085];4402.93683;1;1;[0.9586];[0.0086];4399.01758;100),(130340.09910;[0.9345];[-0.0155];4402.06792;1;0;[0.9352];[-0.0148];4397.92245;100),(135363.87825;[0.7273];[-0.2227];6384.29728;1;0;[0.7273];[-0.2227];6357.21620;100),(140264.56594;[0.8481];[-0.1019];5366.76802;1;0;[0.847];[-0.103];5353.83382;100),(148356.34899;[0.8678];[-0.0822];4559.07192;1;0;[0.8695];[-0.0805];4553.14902;100),(156018.93735;[0.9259];[-0.0241];4432.79557;1;0;[0.9274];[-0.0226];4428.38145;100),(163422.34683;[0.9214];[-0.0286];4374.75746;1;0;[0.923];[-0.027];4370.58701;100),(164566.12539;[0.9405];[-0.0095];4310.76018;1;0;[0.9408];[-0.0092];4307.19266;100),(167070.93096;[0.9461];[-0.0039];4265.45856;1;0;[0.9465];[-0.0035];4262.13365;100),(169245.39638;[0.9089];[-0.0411];4221.29165;1;0;[0.9107];[-0.0393];4217.86227;100),(170028.32723;[0.9191];[-0.0309];4197.43983;1;0;[0.9209];[-0.0291];4194.25940;100),(173078.39513;[0.873];[-0.077];4148.49208;1;0;[0.8782];[-0.0718];4145.23867;100),(183112.85186;[0.8719];[-0.0781];4147.48822;1;0;[0.877];[-0.073];4144.28705;100),(183565.12094;[0.8719];[-0.0781];4147.48822;1;0;[0.877];[-0.073];4144.28705;100),(202522.68100;[0.7487];[-0.2013];6385.89913;1;0;[0.7469];[-0.2031];6360.21472;200),(211150.41041;[0.7487];[-0.2013];6385.89913;1;0;[0.7469];[-0.2031];6360.21472;200),(219813.42006;[0.7487];[-0.2013];6385.89913;1;0;[0.7469];[-0.2031];6360.21472;200),(227007.97915;[0.7487];[-0.2013];6385.89913;1;0;[0.7469];[-0.2031];6360.21472;200),(236585.66546;[0.7487];[-0.2013];6385.89913;1;0;[0.7469];[-0.2031];6360.21472;200),(246878.90482;[0.7487];[-0.2013];6385.89913;1;0;[0.7469];[-0.2031];6360.21472;200),(247864.80665;[0.7955];[-0.1545];5914.77555;1;0;[0.7949];[-0.1551];5895.58372;200),(249413.34343;[0.8866];[-0.0634];4548.71105;1;0;[0.8906];[-0.0594];4543.13174;200),(250626.19925;[0.9495];[-0.0005];4303.63582;1;0;[0.9492];[-0.0008];4300.17473;200),(251699.75424;[0.9113];[-0.0387];4173.24161;1;0;[0.9117];[-0.0383];4170.20459;200),(253152.17900;[0.8277];[-0.1223];4050.81723;1;0;[0.8288];[-0.1212];4047.83435;200),(253933.53987;[0.6852];[-0.2648];3877.69766;1;0;[0.6847];[-0.2653];3874.77081;200),(255305.00126;[0.6675];[-0.2825];3844.84964;1;0;[0.6669];[-0.2831];3842.09661;200),(256254.47249;[0.6644];[-0.2856];3840.42433;1;0;[0.6648];[-0.2852];3837.69829;200),(256923.28143;[0.6657];[-0.2843];3839.01413;1;0;[0.6661];[-0.2839];3836.33067;200),(257881.55365;[0.6609];[-0.2891];3834.11473;1;0;[0.6616];[-0.2884];3831.42446;200),(268121.58251;[0.7487];[-0.2013];6385.89913;1;0;[0.7469];[-0.2031];6360.21472;200),(279690.30046;[0.8294];[-0.1206];5267.45948;1;0;[0.8285];[-0.1215];5254.69914;200),(292819.79918;[0.8977];[-0.0523];4500.73957;1;0;[0.9001];[-0.0499];4495.65770;200),(301798.75088;[0.9231];[-0.0269];4310.63002;1;0;[0.9243];[-0.0257];4306.80403;200),(311050.55571;[0.8702];[-0.0798];4103.68374;1;0;[0.8737];[-0.0763];4100.63130;200),(337883.98218;[0.7487];[-0.2013];6385.89913;1;0;[0.7469];[-0.2031];6360.21472;200),(352263.10706;[0.8196];[-0.1304];5298.85165;1;0;[0.8191];[-0.1309];5285.41996;200),(368727.11396;[0.8749];[-0.0751];4520.39180;1;0;[0.8796];[-0.0704];4514.85492;200),(381785.92205;[0.9134];[-0.0366];4349.70276;1;0;[0.9166];[-0.0334];4345.58520;200),(392101.87483;[0.9131];[-0.0369];4203.08055;1;0;[0.9156];[-0.0344];4199.79892;200),(405375.37646;[0.7949];[-0.1551];4006.60866;1;0;[0.7938];[-0.1562];4003.68161;200),(406174.76439;[0.6833];[-0.2667];3875.81963;1;0;[0.6822];[-0.2678];3872.87601;200),(408259.77826;[0.6658];[-0.2842];3840.42536;1;0;[0.6663];[-0.2837];3837.72877;200),(409265.95402;[0.6657];[-0.2843];3839.01413;1;0;[0.6661];[-0.2839];3836.33067;200),(409695.98150;[0.6657];[-0.2843];3839.01413;1;0;[0.6661];[-0.2839];3836.33067;200),(421723.72055;[0.7487];[-0.2013];6385.89913;1;0;[0.7469];[-0.2031];6360.21472;200),(432581.50434;[0.8296];[-0.1204];5269.42504;1;0;[0.8289];[-0.1211];5256.69760;200),(445756.88100;[0.891];[-0.059];4511.30331;1;0;[0.8953];[-0.0547];4506.13033;200),(455554.80003;[0.9207];[-0.0293];4330.51276;1;0;[0.9223];[-0.0277];4326.61504;200),(466542.75179;[0.8726];[-0.0774];4164.45209;1;0;[0.8763];[-0.0737];4161.02121;200),(486125.03338;[0.7808];[-0.1692];4027.11749;1;0;[0.7806];[-0.1694];4023.83137;200),(487555.94730;[0.6858];[-0.2642];3880.71515;1;0;[0.6864];[-0.2636];3877.75027;200),(488290.31968;[0.6657];[-0.2843];3839.01413;1;0;[0.6661];[-0.2839];3836.33067;200),(497761.05738;[0.7487];[-0.2013];6385.89913;1;0;[0.7469];[-0.2031];6360.21472;200),(509116.31680;[0.8256];[-0.1244];5272.15217;1;0;[0.8237];[-0.1263];5259.23447;200),(522019.37270;[0.891];[-0.059];4511.30331;1;0;[0.8953];[-0.0547];4506.13033;200),(532229.15435;[0.9361];[-0.0139];4331.39848;1;0;[0.9359];[-0.0141];4327.61534;200),(542571.79141;[0.8787];[-0.0713];4171.13929;1;0;[0.8835];[-0.0665];4167.73864;200),(561925.42672;[0.8286];[-0.1214];4043.85557;1;0;[0.8304];[-0.1196];4040.94938;200),(562599.53165;[0.7007];[-0.2493];3916.95141;1;0;[0.7012];[-0.2488];3913.72789;200),(564664.19196;[0.6657];[-0.2843];3839.01413;1;0;[0.6661];[-0.2839];3836.33067;200),(567272.05420;[0.6657];[-0.2843];3839.01413;1;0;[0.6661];[-0.2839];3836.33067;200),(575294.75975;[0.7487];[-0.2013];6385.89913;1;0;[0.7469];[-0.2031];6360.21472;200),(586892.29131;[0.824];[-0.126];5257.82062;1;0;[0.822];[-0.128];5244.94756;200),(600026.63422;[0.8977];[-0.0523];4500.73957;1;0;[0.9001];[-0.0499];4495.65770;200)]"
4,2,4300.0476252230765,0.67593,1,0,[0.8742],[-0.0758],601250.4260540009,"[(31826.86925;[0.4112];[-0.5388];6245.62600;1;0;[0.4083];[-0.5417];6218.65967;100),(32456.21371;[0.5003];[-0.4497];6329.43319;1;0;[0.4954];[-0.4546];6250.65171;200),(49154.54149;[0.5003];[-0.4497];6329.43319;1;0;[0.4954];[-0.4546];6250.65171;200),(58081.02703;[0.5003];[-0.4497];6329.43319;1;0;[0.4954];[-0.4546];6250.65171;200),(67079.48208;[0.5003];[-0.4497];6329.43319;1;0;[0.4954];[-0.4546];6250.65171;200),(75264.48250;[0.5003];[-0.4497];6329.43319;1;0;[0.4954];[-0.4546];6250.65171;200),(84044.47603;[0.5003];[-0.4497];6329.43319;1;0;[0.4954];[-0.4546];6250.65171;200),(92616.53852;[0.5003];[-0.4497];6329.43319;1;0;[0.4954];[-0.4546];6250.65171;200),(95618.49546;[0.7764];[-0.1736];6068.08059;1;0;[0.7688];[-0.1812];5994.07782;200),(96551.89085;[0.8271];[-0.1229];4577.18838;1;0;[0.8244];[-0.1256];4554.76605;200),(98207.19814;[0.871];[-0.079];4347.61568;1;0;[0.8699];[-0.0801];4333.23936;200),(99161.37767;[0.7314];[-0.2186];3989.13270;1;0;[0.7209];[-0.2291];3977.09742;200),(100044.40188;[0.6962];[-0.2538];3895.96052;1;0;[0.6884];[-0.2616];3884.94962;200),(104174.17288;[0.6774];[-0.2726];3857.23677;1;0;[0.6687];[-0.2813];3846.68589;200),(105620.44930;[0.6774];[-0.2726];3857.23677;1;0;[0.6687];[-0.2813];3846.68589;200),(113194.52953;[0.7161];[-0.2339];6430.99519;1;0;[0.7046];[-0.2454];6329.97813;200),(145172.79840;[0.4134];[-0.5366];6255.34330;1;0;[0.4106];[-0.5394];6229.81146;400),(164377.87938;[0.418];[-0.532];6281.19481;1;0;[0.4145];[-0.5355];6262.29051;400),(183048.00725;[0.4964];[-0.4536];6317.27067;1;0;[0.4925];[-0.4575];6236.67355;400),(201277.71401;[0.4964];[-0.4536];6317.27067;1;0;[0.4925];[-0.4575];6236.67355;400),(218464.98060;[0.4964];[-0.4536];6317.27067;1;0;[0.4925];[-0.4575];6236.67355;400),(234869.08937;[0.4964];[-0.4536];6317.27067;1;0;[0.4925];[-0.4575];6236.67355;400),(252464.39385;[0.4979];[-0.4521];6318.01286;1;0;[0.4942];[-0.4558];6237.32509;400),(256577.36874;[0.7739];[-0.1761];6032.29651;1;0;[0.767];[-0.183];5958.54965;400),(257614.46261;[0.8353];[-0.1147];4556.81801;1;0;[0.8316];[-0.1184];4535.21495;400),(258228.12033;[0.8752];[-0.0748];4313.40707;1;0;[0.8742];[-0.0758];4300.04763;400),(259806.89692;[0.8221];[-0.1279];4186.92661;1;0;[0.8196];[-0.1304];4174.50182;400),(261182.77526;[0.7584];[-0.1916];4075.35706;1;0;[0.7461];[-0.2039];4062.01593;400),(262370.18132;[0.7345];[-0.2155];4008.66219;1;0;[0.7248];[-0.2252];3996.24222;400),(263612.92052;[0.7221];[-0.2279];3958.08740;1;0;[0.7109];[-0.2391];3946.46960;400),(264654.94418;[0.7061];[-0.2439];3924.87412;1;0;[0.6989];[-0.2511];3913.44533;400),(265408.04768;[0.6962];[-0.2538];3895.96052;1;0;[0.6884];[-0.2616];3884.94962;400),(267329.36573;[0.6738];[-0.2762];3851.47290;1;0;[0.6637];[-0.2863];3840.90590;400),(269875.08225;[0.6349];[-0.3151];3792.82225;1;0;[0.627];[-0.323];3783.01674;400),(271269.27781;[0.6349];[-0.3151];3792.10482;1;0;[0.6266];[-0.3234];3782.32414;400),(288743.74270;[0.7085];[-0.2415];6421.30859;1;0;[0.6999];[-0.2501];6317.88167;400),(307404.38366;[0.8093];[-0.1407];5376.11403;1;0;[0.8038];[-0.1462];5329.22854;400),(327854.11406;[0.8571];[-0.0929];4528.66144;1;0;[0.857];[-0.093];4510.33147;400),(345632.22218;[0.8701];[-0.0799];4354.19952;1;0;[0.8685];[-0.0815];4339.65453;400),(362483.41584;[0.8556];[-0.0944];4209.34951;1;0;[0.8556];[-0.0944];4197.49547;400),(379376.66941;[0.7425];[-0.2075];4041.98826;1;0;[0.7332];[-0.2168];4028.96829;400),(413902.08054;[0.7226];[-0.2274];3957.85875;1;0;[0.7111];[-0.2389];3946.26508;400),(414782.34816;[0.7041];[-0.2459];3921.55184;1;0;[0.6969];[-0.2531];3910.14926;400),(417453.69554;[0.6774];[-0.2726];3857.95420;1;0;[0.669];[-0.281];3847.37848;400),(419390.57279;[0.6738];[-0.2762];3851.47290;1;0;[0.6637];[-0.2863];3840.90590;400),(422232.55587;[0.6349];[-0.3151];3792.10482;1;0;[0.6266];[-0.3234];3782.32414;400),(437702.52776;[0.7081];[-0.2419];6419.27377;1;0;[0.6992];[-0.2508];6315.29767;400),(454782.24826;[0.8003];[-0.1497];5358.63650;1;0;[0.7931];[-0.1569];5310.31655;400),(474439.80074;[0.8468];[-0.1032];4526.05004;1;0;[0.8459];[-0.1041];4507.24196;400),(491955.72615;[0.8701];[-0.0799];4354.19952;1;0;[0.8685];[-0.0815];4339.65453;400),(508912.02354;[0.8549];[-0.0951];4209.25130;1;0;[0.8546];[-0.0954];4197.36839;400),(526165.13228;[0.7469];[-0.2031];4046.60567;1;0;[0.7369];[-0.2131];4033.70629;400),(545141.44373;[0.6349];[-0.3151];3792.10482;1;0;[0.6266];[-0.3234];3782.32414;400),(565890.96403;[0.7085];[-0.2415];6421.30859;1;0;[0.6999];[-0.2501];6317.88167;400),(583518.81051;[0.807];[-0.143];5367.95918;1;0;[0.8007];[-0.1493];5321.10777;400)]"
3,9,8381.918063390058,0.97954,1,0,[0.8981],[-0.0519],683426.050901413,"[(29997.14780;[0.5961];[-0.3539];8344.46880;1;0;[0.592];[-0.358];8405.50968;100),(39392.63296;[0.596];[-0.354];8344.60000;1;0;[0.592];[-0.358];8405.64057;100),(44629.12512;[0.596];[-0.354];8344.60000;1;0;[0.592];[-0.358];8405.64057;100),(49875.23150;[0.596];[-0.354];8344.60000;1;0;[0.592];[-0.358];8405.64057;100),(54169.53659;[0.596];[-0.354];8344.60000;1;0;[0.592];[-0.358];8405.64057;100),(59243.48879;[0.596];[-0.354];8344.60000;1;0;[0.592];[-0.358];8405.64057;100),(61699.84627;[0.7885];[-0.1615];8201.75800;1;0;[0.7855];[-0.1645];8226.74997;100),(78818.38870;[0.5047];[-0.4453];8205.48798;1;0;[0.4941];[-0.4559];8302.23251;200),(86451.32160;[0.5047];[-0.4453];8205.48798;1;0;[0.4941];[-0.4559];8302.23251;200),(95378.51691;[0.6041];[-0.3459];8356.10434;1;0;[0.6007];[-0.3493];8416.43481;200),(103817.33584;[0.6041];[-0.3459];8356.10434;1;0;[0.6007];[-0.3493];8416.43481;200),(111800.05574;[0.6041];[-0.3459];8356.10434;1;0;[0.6007];[-0.3493];8416.43481;200),(120368.98279;[0.6041];[-0.3459];8356.10434;1;0;[0.6007];[-0.3493];8416.43481;200),(122913.37800;[0.8993];[-0.0507];8388.74415;1;0;[0.8981];[-0.0519];8381.91806;200),(157076.69210;[0.7749];[-0.1751];8530.52628;1;0;[0.7691];[-0.1809];8555.52542;400),(228103.72853;[0.7714];[-0.1786];8530.87208;1;0;[0.7658];[-0.1842];8555.67845;800),(375388.78393;[0.7705];[-0.1795];8530.27205;1;0;[0.7651];[-0.1849];8554.90921;1600)]"
4,4,4335.767755770023,0.68154,1,0,[0.9344],[-0.0156],603565.1278495789,"[(30029.67620;[0.7588];[-0.1912];6442.94833;1;0;[0.7498];[-0.2002];6352.31409;100),(41012.27403;[0.7588];[-0.1912];6442.94833;1;0;[0.7498];[-0.2002];6352.31409;100),(58701.22170;[0.7607];[-0.1893];6445.42871;1;0;[0.7517];[-0.1983];6356.31373;200),(67112.78796;[0.7607];[-0.1893];6445.42871;1;0;[0.7517];[-0.1983];6356.31373;200),(76909.41024;[0.7607];[-0.1893];6445.42871;1;0;[0.7517];[-0.1983];6356.31373;200),(87034.25002;[0.7607];[-0.1893];6445.42871;1;0;[0.7517];[-0.1983];6356.31373;200),(95983.44135;[0.7607];[-0.1893];6445.42871;1;0;[0.7517];[-0.1983];6356.31373;200),(105131.38843;[0.7607];[-0.1893];6445.42871;1;0;[0.7517];[-0.1983];6356.31373;200),(107710.46567;[0.8385];[-0.1115];5197.29213;1;0;[0.8323];[-0.1177];5154.61767;200),(110308.11095;[0.8348];[-0.1152];4087.48557;1;0;[0.8288];[-0.1212];4076.27539;200),(112440.00363;[0.7555];[-0.1945];3967.24443;1;0;[0.7434];[-0.2066];3955.92666;200),(114286.47804;[0.7119];[-0.2381];3926.28739;1;0;[0.701];[-0.249];3914.16919;200),(115279.93274;[0.697];[-0.253];3889.21030;1;0;[0.6864];[-0.2636];3877.75027;200),(117602.98514;[0.675];[-0.275];3848.92292;1;0;[0.6645];[-0.2855];3838.06412;200),(119968.78290;[0.673];[-0.277];3842.75441;1;0;[0.6617];[-0.2883];3831.99478;200),(121030.25603;[0.6638];[-0.2862];3832.87503;1;0;[0.6547];[-0.2953];3822.11340;200),(122343.11628;[0.6532];[-0.2968];3815.29884;1;0;[0.6418];[-0.3082];3804.75909;200),(123017.52758;[0.6532];[-0.2968];3815.29884;1;0;[0.6418];[-0.3082];3804.75909;200),(131845.32642;[0.7607];[-0.1893];6445.42871;1;0;[0.7517];[-0.1983];6356.31373;200),(143839.23006;[0.8313];[-0.1187];5307.91725;1;0;[0.8233];[-0.1267];5261.91118;200),(162366.82320;[0.8959];[-0.0541];4524.01293;1;0;[0.8953];[-0.0547];4506.13033;200),(176257.64680;[0.9062];[-0.0438];4332.01433;1;0;[0.9067];[-0.0433];4318.26565;200),(188333.72283;[0.8381];[-0.1119];4099.25393;1;0;[0.8323];[-0.1177];4087.94065;200),(206713.24229;[0.6532];[-0.2968];3815.29884;1;0;[0.6418];[-0.3082];3804.75909;200),(221403.64814;[0.7607];[-0.1893];6445.42871;1;0;[0.7517];[-0.1983];6356.31373;200),(234239.12024;[0.8312];[-0.1188];5326.80017;1;0;[0.8245];[-0.1255];5280.44025;200),(247571.92564;[0.8803];[-0.0697];4533.65374;1;0;[0.8796];[-0.0704];4514.85492;200),(260198.03452;[0.9318];[-0.0182];4351.90194;1;0;[0.9317];[-0.0183];4338.68356;200),(270440.21773;[0.8743];[-0.0757];4167.58078;1;0;[0.871];[-0.079];4156.13305;200),(288748.64960;[0.7678];[-0.1822];4007.39244;1;0;[0.757];[-0.193];3995.48414;200),(289514.12916;[0.7119];[-0.2381];3926.28739;1;0;[0.701];[-0.249];3914.16919;200),(290176.78308;[0.6959];[-0.2541];3886.06812;1;0;[0.6847];[-0.2653];3874.77081;200),(291608.19340;[0.6728];[-0.2772];3842.15529;1;0;[0.6616];[-0.2884];3831.42446;200),(295085.25825;[0.6728];[-0.2772];3842.15529;1;0;[0.6616];[-0.2884];3831.42446;200),(304583.47964;[0.7607];[-0.1893];6445.42871;1;0;[0.7517];[-0.1983];6356.31373;200),(316063.97367;[0.8337];[-0.1163];5306.95205;1;0;[0.8275];[-0.1225];5261.36783;200),(334166.21065;[0.8863];[-0.0637];4528.64161;1;0;[0.8873];[-0.0627];4510.35226;200),(344836.44986;[0.9342];[-0.0158];4348.92049;1;0;[0.9346];[-0.0154];4335.89960;200),(354265.43593;[0.8785];[-0.0715];4172.43195;1;0;[0.8763];[-0.0737];4161.02121;200),(362881.28018;[0.6728];[-0.2772];3842.15529;1;0;[0.6616];[-0.2884];3831.42446;200),(375767.88735;[0.7607];[-0.1893];6445.42871;1;0;[0.7517];[-0.1983];6356.31373;200),(388570.06359;[0.8337];[-0.1163];5306.95205;1;0;[0.8275];[-0.1225];5261.36783;200),(400699.10407;[0.8863];[-0.0637];4528.64161;1;0;[0.8873];[-0.0627];4510.35226;200),(410131.19555;[0.9342];[-0.0158];4348.92049;1;0;[0.9346];[-0.0154];4335.89960;200),(418818.35914;[0.8785];[-0.0715];4172.43195;1;0;[0.8763];[-0.0737];4161.02121;200),(438176.60928;[0.7697];[-0.1803];4014.32032;1;0;[0.7585];[-0.1915];4002.33686;200),(439035.46810;[0.7119];[-0.2381];3926.28739;1;0;[0.701];[-0.249];3914.16919;200),(439831.72226;[0.6943];[-0.2557];3884.22340;1;0;[0.6822];[-0.2678];3872.87601;200),(443173.89631;[0.6728];[-0.2772];3842.15529;1;0;[0.6616];[-0.2884];3831.42446;200),(443644.20938;[0.6728];[-0.2772];3842.15529;1;0;[0.6616];[-0.2884];3831.42446;200),(452622.99681;[0.7607];[-0.1893];6445.42871;1;0;[0.7517];[-0.1983];6356.31373;200),(464619.32278;[0.8337];[-0.1163];5306.95205;1;0;[0.8275];[-0.1225];5261.36783;200),(476063.39860;[0.8935];[-0.0565];4528.12911;1;0;[0.8938];[-0.0562];4510.10869;200),(485465.00492;[0.9354];[-0.0146];4348.80774;1;0;[0.9344];[-0.0156];4335.76776;200),(494865.20624;[0.876];[-0.074];4177.12262;1;0;[0.8732];[-0.0768];4165.54446;200),(514773.95988;[0.7868];[-0.1632];4022.06401;1;0;[0.7775];[-0.1725];4010.58821;200),(515726.70245;[0.7238];[-0.2262];3929.56199;1;0;[0.7127];[-0.2373];3918.09060;200),(516498.46411;[0.6943];[-0.2557];3884.22340;1;0;[0.6822];[-0.2678];3872.87601;200),(517674.44658;[0.6638];[-0.2862];3832.87503;1;0;[0.6547];[-0.2953];3822.11340;200),(526804.83556;[0.7607];[-0.1893];6445.42871;1;0;[0.7517];[-0.1983];6356.31373;200),(538169.06691;[0.8288];[-0.1212];5290.76067;1;0;[0.822];[-0.128];5244.94756;200),(550641.40391;[0.8993];[-0.0507];4517.13978;1;0;[0.8976];[-0.0524];4499.50417;200),(560289.41464;[0.9223];[-0.0277];4346.88171;1;0;[0.9218];[-0.0282];4333.49575;200),(570594.95711;[0.8759];[-0.0741];4178.24014;1;0;[0.8722];[-0.0778];4166.62146;200),(590213.05513;[0.7729];[-0.1771];4030.29959;1;0;[0.7626];[-0.1874];4017.94999;200),(590958.06074;[0.7309];[-0.2191];3941.98229;1;0;[0.7182];[-0.2318];3930.33096;200),(592938.15303;[0.7119];[-0.2381];3926.28739;1;0;[0.701];[-0.249];3914.16919;200),(593561.55086;[0.6991];[-0.2509];3896.59192;1;0;[0.6884];[-0.2616];3884.94962;200),(594260.39696;[0.697];[-0.253];3889.21030;1;0;[0.6864];[-0.2636];3877.75027;200)]"
3,7,7829.3085340057905,0.91496,1,1,[0.9507],[0.0007],747932.103395462,"[(29550.68994;[0.7536];[-0.1964];8507.27107;1;0;[0.7536];[-0.1964];8507.27107;100),(39929.85773;[0.7541];[-0.1959];8510.52392;1;0;[0.7541];[-0.1959];8510.52392;100),(56486.95445;[0.7645];[-0.1855];8529.33462;1;0;[0.7645];[-0.1855];8529.33462;200),(88848.71101;[0.7668];[-0.1832];8542.44389;1;0;[0.7668];[-0.1832];8542.44389;400),(155942.26623;[0.8961];[-0.0539];8387.39136;1;0;[0.8961];[-0.0539];8387.39136;800),(189872.04003;[0.8961];[-0.0539];8387.39136;1;0;[0.8961];[-0.0539];8387.39136;800),(226076.95055;[0.8961];[-0.0539];8387.39136;1;0;[0.8961];[-0.0539];8387.39136;800),(263319.87929;[0.8961];[-0.0539];8387.39136;1;0;[0.8961];[-0.0539];8387.39136;800),(301807.65414;[0.8961];[-0.0539];8387.39136;1;0;[0.8961];[-0.0539];8387.39136;800),(341655.47037;[0.8961];[-0.0539];8387.39136;1;0;[0.8961];[-0.0539];8387.39136;800),(380854.33006;[0.8961];[-0.0539];8387.39136;1;0;[0.8961];[-0.0539];8387.39136;800),(417884.46903;[0.8961];[-0.0539];8387.39136;1;0;[0.8961];[-0.0539];8387.39136;800),(418637.84361;[0.9174];[-0.0326];8201.43331;1;0;[0.9174];[-0.0326];8201.43331;800),(419447.43085;[0.9731];[0.0231];7292.02636;1;1;[0.9731];[0.0231];7292.02636;800),(420308.01129;[0.9493];[-0.0007];7843.12638;1;0;[0.9493];[-0.0007];7843.12638;800),(421009.13858;[0.955];[0.005];7631.16286;1;1;[0.955];[0.005];7631.16286;800),(423031.15082;[0.9534];[0.0034];7753.67273;1;1;[0.9534];[0.0034];7753.67273;800),(424394.59348;[0.9504];[0.0004];7804.84219;1;1;[0.9504];[0.0004];7804.84219;800),(424817.72566;[0.9501];[0.0001];7825.84624;1;1;[0.9501];[0.0001];7825.84624;800),(425483.34551;[0.9478];[-0.0022];7834.19907;1;0;[0.9478];[-0.0022];7834.19907;800),(426232.72705;[0.9502];[0.0002];7828.79237;1;1;[0.9502];[0.0002];7828.79237;800),(427135.71692;[0.9497];[-0.0003];7830.05491;1;0;[0.9497];[-0.0003];7830.05491;800),(428177.94609;[0.9485];[-0.0015];7828.68580;1;0;[0.9485];[-0.0015];7828.68580;800),(429134.41706;[0.9502];[0.0002];7828.79237;1;1;[0.9502];[0.0002];7828.79237;800),(429908.48041;[0.9507];[0.0007];7829.30853;1;1;[0.9507];[0.0007];7829.30853;800),(430808.87318;[0.9507];[0.0007];7829.30853;1;1;[0.9507];[0.0007];7829.30853;800),(431803.39146;[0.9507];[0.0007];7829.30853;1;1;[0.9507];[0.0007];7829.30853;800),(432848.39201;[0.9507];[0.0007];7829.30853;1;1;[0.9507];[0.0007];7829.30853;800),(578061.28693;[0.7694];[-0.1806];8555.32052;1;0;[0.7694];[-0.1806];8555.32052;1600)]"
4,3,4396.594396931056,0.6911,1,1,[0.9603],[0.0103],604172.4753379822,"[(30939.57305;[0.7573];[-0.1927];6366.71042;1;0;[0.7517];[-0.1983];6356.31373;100),(41494.70043;[0.7573];[-0.1927];6366.71042;1;0;[0.7517];[-0.1983];6356.31373;100),(45785.11882;[0.7573];[-0.1927];6366.71042;1;0;[0.7517];[-0.1983];6356.31373;100),(51356.45318;[0.7573];[-0.1927];6366.71042;1;0;[0.7517];[-0.1983];6356.31373;100),(59660.74228;[0.7573];[-0.1927];6366.71042;1;0;[0.7517];[-0.1983];6356.31373;100),(63700.50430;[0.7573];[-0.1927];6366.71042;1;0;[0.7517];[-0.1983];6356.31373;100),(66483.76894;[0.8363];[-0.1137];5181.04108;1;0;[0.8344];[-0.1156];5175.44891;100),(67426.55420;[0.9157];[-0.0343];4147.17235;1;0;[0.9162];[-0.0338];4146.29956;100),(68893.16010;[0.8519];[-0.0981];4030.50404;1;0;[0.848];[-0.102];4029.56099;100),(70076.50685;[0.7447];[-0.2053];3908.51473;1;0;[0.7393];[-0.2107];3907.17709;100),(71474.33686;[0.7246];[-0.2254];3893.68069;1;0;[0.7197];[-0.2303];3892.20474;100),(72105.28159;[0.6962];[-0.2538];3868.75357;1;0;[0.6939];[-0.2561];3867.15489;100),(73087.05997;[0.6964];[-0.2536];3868.17616;1;0;[0.6938];[-0.2562];3866.58457;100),(79804.40068;[0.7573];[-0.1927];6366.71042;1;0;[0.7517];[-0.1983];6356.31373;100),(86515.43474;[0.8207];[-0.1293];5312.49247;1;0;[0.8182];[-0.1318];5306.32083;100),(95250.12732;[0.9237];[-0.0263];4475.99020;1;0;[0.9255];[-0.0245];4474.41045;100),(100751.26362;[0.9447];[-0.0053];4269.00092;1;0;[0.945];[-0.005];4267.89983;100),(112864.87579;[0.8962];[-0.0538];4094.31544;1;0;[0.8963];[-0.0537];4093.44745;100),(114883.42214;[0.8409];[-0.1091];4014.33411;1;0;[0.8371];[-0.1129];4013.38751;100),(115479.29215;[0.7627];[-0.1873];3946.16409;1;0;[0.7552];[-0.1948];3944.75864;100),(116671.08536;[0.7242];[-0.2258];3894.85358;1;0;[0.7193];[-0.2307];3893.36414;100),(117804.65245;[0.6962];[-0.2538];3868.75357;1;0;[0.6939];[-0.2561];3867.15489;100),(118329.80084;[0.6964];[-0.2536];3868.17616;1;0;[0.6938];[-0.2562];3866.58457;100),(119808.48765;[0.6964];[-0.2536];3868.17616;1;0;[0.6938];[-0.2562];3866.58457;100),(124250.74029;[0.7573];[-0.1927];6366.71042;1;0;[0.7517];[-0.1983];6356.31373;100),(131192.86275;[0.8143];[-0.1357];5320.71100;1;0;[0.8102];[-0.1398];5314.34622;100),(139990.81016;[0.9124];[-0.0376];4481.16561;1;0;[0.9118];[-0.0382];4479.30170;100),(145793.55764;[0.9413];[-0.0087];4278.59514;1;0;[0.9407];[-0.0093];4277.43667;100),(151610.66484;[0.6964];[-0.2536];3868.17616;1;0;[0.6938];[-0.2562];3866.58457;100),(153221.00663;[0.6964];[-0.2536];3868.17616;1;0;[0.6938];[-0.2562];3866.58457;100),(158439.12125;[0.7573];[-0.1927];6366.71042;1;0;[0.7517];[-0.1983];6356.31373;100),(165194.99946;[0.8143];[-0.1357];5320.71100;1;0;[0.8102];[-0.1398];5314.34622;100),(173540.27987;[0.9124];[-0.0376];4481.16561;1;0;[0.9118];[-0.0382];4479.30170;100),(180999.43757;[0.9413];[-0.0087];4278.59514;1;0;[0.9407];[-0.0093];4277.43667;100),(187550.74120;[0.6964];[-0.2536];3868.17616;1;0;[0.6938];[-0.2562];3866.58457;100),(194125.00286;[0.7573];[-0.1927];6366.71042;1;0;[0.7517];[-0.1983];6356.31373;100),(203411.23629;[0.8218];[-0.1282];5295.91208;1;0;[0.8183];[-0.1317];5289.76357;100),(212213.07111;[0.9124];[-0.0376];4481.16561;1;0;[0.9118];[-0.0382];4479.30170;100),(218805.46927;[0.9413];[-0.0087];4278.59514;1;0;[0.9407];[-0.0093];4277.43667;100),(229319.64231;[0.8958];[-0.0542];4112.19111;1;0;[0.8957];[-0.0543];4111.25695;100),(231092.01145;[0.8999];[-0.0501];4036.13392;1;0;[0.9008];[-0.0492];4035.50749;100),(232196.13266;[0.8114];[-0.1386];3957.46550;1;0;[0.8049];[-0.1451];3956.51664;100),(233506.92916;[0.7242];[-0.2258];3894.85358;1;0;[0.7193];[-0.2307];3893.36414;100),(234069.28468;[0.7246];[-0.2254];3893.68069;1;0;[0.7197];[-0.2303];3892.20474;100),(239921.02146;[0.7573];[-0.1927];6366.71042;1;0;[0.7517];[-0.1983];6356.31373;100),(245711.66539;[0.8278];[-0.1222];5310.56192;1;0;[0.8247];[-0.1253];5304.58191;100),(254069.98396;[0.8962];[-0.0538];4489.03480;1;0;[0.8963];[-0.0537];4487.11202;100),(259876.94716;[0.9757];[0.0257];4289.56964;1;1;[0.9741];[0.0241];4288.72403;100),(265173.90060;[0.9263];[-0.0237];4362.39014;1;0;[0.9278];[-0.0222];4360.93734;100),(265759.26542;[0.9208];[-0.0292];4167.76201;1;0;[0.9217];[-0.0283];4166.88618;100),(266812.74009;[0.8542];[-0.0958];4062.45194;1;0;[0.8504];[-0.0996];4061.38463;100),(267721.20786;[0.8409];[-0.1091];4014.33411;1;0;[0.8371];[-0.1129];4013.38751;100),(268617.48934;[0.842];[-0.108];4014.01802;1;0;[0.8379];[-0.1121];4013.07947;100),(269519.24443;[0.842];[-0.108];4014.01802;1;0;[0.8379];[-0.1121];4013.07947;100),(274942.85583;[0.7573];[-0.1927];6366.71042;1;0;[0.7517];[-0.1983];6356.31373;100),(280706.17366;[0.8215];[-0.1285];5314.60039;1;0;[0.818];[-0.132];5308.35841;100),(289297.66035;[0.8912];[-0.0588];4467.39572;1;0;[0.892];[-0.058];4465.32727;100),(295203.57847;[0.975];[0.025];4282.77164;1;1;[0.974];[0.024];4282.00658;100),(301537.76598;[0.9397];[-0.0103];4363.61113;1;0;[0.9397];[-0.0103];4362.23767;100),(302539.28685;[0.8731];[-0.0769];4102.01774;1;0;[0.8733];[-0.0767];4100.93935;100),(303950.41680;[0.8718];[-0.0782];4079.68885;1;0;[0.8734];[-0.0766];4078.69794;100),(304977.12111;[0.8718];[-0.0782];4079.68885;1;0;[0.8734];[-0.0766];4078.69794;100),(310695.70661;[0.7573];[-0.1927];6366.71042;1;0;[0.7517];[-0.1983];6356.31373;100),(320135.70070;[0.8199];[-0.1301];5308.33981;1;0;[0.8157];[-0.1343];5301.94662;100),(329032.23443;[0.8912];[-0.0588];4467.39572;1;0;[0.892];[-0.058];4465.32727;100),(336163.45453;[0.9056];[-0.0444];4250.75085;1;0;[0.907];[-0.043];4249.30412;100),(346798.33484;[0.7573];[-0.1927];6366.71042;1;0;[0.7517];[-0.1983];6356.31373;100),(352948.67373;[0.8174];[-0.1326];5335.42050;1;0;[0.8129];[-0.1371];5329.08459;100),(362763.62252;[0.8967];[-0.0533];4502.22734;1;0;[0.897];[-0.053];4500.31835;100),(367960.97517;[0.9655];[0.0155];4309.34729;1;1;[0.9645];[0.0145];4308.33987;100),(374016.91365;[0.9603];[0.0103];4397.76157;1;1;[0.9603];[0.0103];4396.59440;100),(382298.22779;[0.8989];[-0.0511];4430.08301;1;0;[0.8987];[-0.0513];4428.19365;100),(383345.54482;[0.9407];[-0.0093];4308.40625;1;0;[0.9408];[-0.0092];4307.19266;100),(384850.20661;[0.9255];[-0.0245];4259.24567;1;0;[0.9268];[-0.0232];4258.07481;100),(386434.47185;[0.912];[-0.038];4208.13355;1;0;[0.914];[-0.036];4207.00944;100),(387142.48729;[0.8805];[-0.0695];4181.11711;1;0;[0.88];[-0.07];4179.73856;100),(388817.51060;[0.877];[-0.073];4146.45919;1;0;[0.8782];[-0.0718];4145.23867;100),(399795.30716;[0.7573];[-0.1927];6366.71042;1;0;[0.7517];[-0.1983];6356.31373;100),(407207.00908;[0.8188];[-0.1312];5338.87084;1;0;[0.8151];[-0.1349];5332.79583;100),(415728.85966;[0.898];[-0.052];4501.40134;1;0;[0.8976];[-0.0524];4499.50417;100),(421696.79046;[0.9176];[-0.0324];4345.08690;1;0;[0.9188];[-0.0312];4343.46401;100),(435492.45548;[0.877];[-0.073];4146.45919;1;0;[0.8782];[-0.0718];4145.23867;100),(440991.07647;[0.7573];[-0.1927];6366.71042;1;0;[0.7517];[-0.1983];6356.31373;100),(447152.49228;[0.7993];[-0.1507];5848.04063;1;0;[0.7906];[-0.1594];5839.02273;100),(452420.90154;[0.8975];[-0.0525];4525.28972;1;0;[0.8981];[-0.0519];4523.59008;100),(458795.49503;[0.9154];[-0.0346];4388.75260;1;0;[0.9166];[-0.0334];4387.09763;100),(465024.68634;[0.9702];[0.0202];4295.64907;1;1;[0.9696];[0.0196];4294.76011;100),(466984.04908;[0.9085];[-0.0415];4228.67533;1;0;[0.9091];[-0.0409];4227.46918;100),(470082.32355;[0.9181];[-0.0319];4195.28926;1;0;[0.9209];[-0.0291];4194.25940;100),(472214.18500;[0.8798];[-0.0702];4182.64042;1;0;[0.879];[-0.071];4181.25204;100),(472934.00788;[0.877];[-0.073];4146.45919;1;0;[0.8782];[-0.0718];4145.23867;100),(473788.26809;[0.877];[-0.073];4146.45919;1;0;[0.8782];[-0.0718];4145.23867;100),(479737.05769;[0.7573];[-0.1927];6366.71042;1;0;[0.7517];[-0.1983];6356.31373;100),(489143.19968;[0.817];[-0.133];5349.25774;1;0;[0.812];[-0.138];5343.17718;100),(495094.68913;[0.8869];[-0.0631];4531.48379;1;0;[0.888];[-0.062];4529.51001;100),(500642.95006;[0.915];[-0.035];4393.76158;1;0;[0.9158];[-0.0342];4392.02792;100),(505241.36567;[0.9276];[-0.0224];4297.76777;1;0;[0.9286];[-0.0214];4296.41797;100),(507934.23152;[0.9069];[-0.0431];4241.83666;1;0;[0.9075];[-0.0425];4240.47823;100),(510088.03082;[0.912];[-0.038];4208.13355;1;0;[0.914];[-0.036];4207.00944;100),(513126.53899;[0.9181];[-0.0319];4195.28926;1;0;[0.9209];[-0.0291];4194.25940;100),(513730.38316;[0.8784];[-0.0716];4187.89216;1;0;[0.8773];[-0.0727];4186.46431;100),(514268.91756;[0.8798];[-0.0702];4182.64042;1;0;[0.879];[-0.071];4181.25204;100),(520210.89387;[0.7573];[-0.1927];6366.71042;1;0;[0.7517];[-0.1983];6356.31373;100),(526196.71035;[0.8171];[-0.1329];5335.99644;1;0;[0.8126];[-0.1374];5329.64879;100),(535548.50411;[0.8948];[-0.0552];4508.13426;1;0;[0.8953];[-0.0547];4506.13033;100),(540665.71712;[0.9106];[-0.0394];4351.73495;1;0;[0.9117];[-0.0383];4350.03705;100),(548428.41840;[0.8798];[-0.0702];4182.64042;1;0;[0.879];[-0.071];4181.25204;100),(553469.43665;[0.7573];[-0.1927];6366.71042;1;0;[0.7517];[-0.1983];6356.31373;100),(558168.23554;[0.7946];[-0.1554];5862.81970;1;0;[0.7875];[-0.1625];5853.48343;100),(565824.35513;[0.8863];[-0.0637];4534.26642;1;0;[0.8877];[-0.0623];4532.18672;100),(572163.88822;[0.9254];[-0.0246];4395.31854;1;0;[0.9262];[-0.0238];4393.77474;100),(577167.07444;[0.9253];[-0.0247];4299.91704;1;0;[0.9259];[-0.0241];4298.53916;100),(579709.21302;[0.9056];[-0.0444];4250.75085;1;0;[0.907];[-0.043];4249.30412;100),(581655.56264;[0.893];[-0.057];4216.52988;1;0;[0.8937];[-0.0563];4215.09864;100),(584370.64409;[0.9181];[-0.0319];4195.28926;1;0;[0.9209];[-0.0291];4194.25940;100),(588520.77651;[0.8784];[-0.0716];4187.89216;1;0;[0.8773];[-0.0727];4186.46431;100),(590956.56395;[0.8798];[-0.0702];4182.64042;1;0;[0.879];[-0.071];4181.25204;100),(598703.59182;[0.7573];[-0.1927];6366.71042;1;0;[0.7517];[-0.1983];6356.31373;100)]"
4,5,5387.697693319133,0.8469,1,1,[0.9986],[0.0486],608082.2730064392,"[(32311.02061;[0.411];[-0.539];6181.81216;1;0;[0.4119];[-0.5381];6261.36607;100),(44240.34119;[0.411];[-0.539];6181.81216;1;0;[0.4119];[-0.5381];6261.36607;100),(49988.83605;[0.411];[-0.539];6181.81216;1;0;[0.4119];[-0.5381];6261.36607;100),(55717.65566;[0.411];[-0.539];6181.81216;1;0;[0.4119];[-0.5381];6261.36607;100),(60480.43203;[0.411];[-0.539];6181.81216;1;0;[0.4119];[-0.5381];6261.36607;100),(66106.31895;[0.411];[-0.539];6181.81216;1;0;[0.4119];[-0.5381];6261.36607;100),(66689.97049;[0.7641];[-0.1859];6294.98314;1;0;[0.7636];[-0.1864];6328.14160;100),(68731.70328;[0.8018];[-0.1482];4938.57425;1;0;[0.7999];[-0.1501];4951.40659;100),(69517.18235;[0.9267];[-0.0233];4468.62044;1;0;[0.9255];[-0.0245];4474.41045;100),(70311.19537;[0.9657];[0.0157];4302.80833;1;1;[0.9643];[0.0143];4306.89185;100),(71963.00149;[0.9583];[0.0083];4393.97219;1;1;[0.9586];[0.0086];4399.01758;100),(73447.55530;[0.9395];[-0.0105];4429.53247;1;0;[0.9392];[-0.0108];4435.10739;100),(75049.74008;[0.9458];[-0.0042];4411.16281;1;0;[0.9464];[-0.0036];4416.52050;100),(75881.97780;[0.9219];[-0.0281];4407.34426;1;0;[0.9188];[-0.0312];4412.48825;100),(76966.84003;[0.9246];[-0.0254];4401.88435;1;0;[0.923];[-0.027];4406.98443;100),(78070.71018;[0.9286];[-0.0214];4398.60670;1;0;[0.9271];[-0.0229];4403.65630;100),(80020.65015;[0.9583];[0.0083];4393.97219;1;1;[0.9586];[0.0086];4399.01758;100),(80836.97152;[0.9286];[-0.0214];4398.60670;1;0;[0.9271];[-0.0229];4403.65630;100),(82135.40602;[0.9583];[0.0083];4393.97219;1;1;[0.9586];[0.0086];4399.01758;100),(83207.99994;[0.9583];[0.0083];4393.97219;1;1;[0.9586];[0.0086];4399.01758;100),(84169.15321;[0.9286];[-0.0214];4398.60670;1;0;[0.9271];[-0.0229];4403.65630;100),(89702.02184;[0.7536];[-0.1964];6317.11803;1;0;[0.752];[-0.198];6352.17011;100),(96426.00799;[0.9773];[0.0273];5306.80528;1;1;[0.9778];[0.0278];5324.22135;100),(102414.70027;[0.8474];[-0.1026];6022.25232;1;0;[0.8438];[-0.1062];6050.96085;100),(108331.56562;[0.7988];[-0.1512];5837.87254;1;0;[0.7993];[-0.1507];5862.44341;100),(114382.16996;[0.9851];[0.0351];5355.69470;1;1;[0.9836];[0.0336];5373.88036;100),(120550.69804;[0.9988];[0.0488];5368.87234;1;1;[0.9986];[0.0486];5387.69769;100),(124466.73274;[0.9171];[-0.0329];4491.32538;1;0;[0.9153];[-0.0347];4497.35611;100),(126402.53639;[0.9593];[0.0093];4391.45360;1;1;[0.9603];[0.0103];4396.59440;100),(127426.20826;[0.9368];[-0.0132];4442.48811;1;0;[0.9354];[-0.0146];4447.99489;100),(128821.11311;[0.9343];[-0.0157];4417.16438;1;0;[0.9322];[-0.0178];4422.39292;100),(129581.43926;[0.9491];[-0.0009];4405.56670;1;0;[0.9495];[-0.0005];4410.81182;100),(131143.36205;[0.9286];[-0.0214];4398.60670;1;0;[0.9271];[-0.0229];4403.65630;100),(132362.88691;[0.9583];[0.0083];4393.97219;1;1;[0.9586];[0.0086];4399.01758;100),(133384.85694;[0.9286];[-0.0214];4398.60670;1;0;[0.9271];[-0.0229];4403.65630;100),(134737.87904;[0.9583];[0.0083];4393.97219;1;1;[0.9586];[0.0086];4399.01758;100),(135774.67394;[0.9583];[0.0083];4393.97219;1;1;[0.9586];[0.0086];4399.01758;100),(136683.84409;[0.955];[0.005];4395.96177;1;1;[0.9553];[0.0053];4401.03640;100),(137471.60721;[0.955];[0.005];4395.96177;1;1;[0.9553];[0.0053];4401.03640;100),(155209.96785;[0.7585];[-0.1915];6318.17535;1;0;[0.757];[-0.193];6351.80623;200),(164993.80636;[0.7585];[-0.1915];6318.17535;1;0;[0.757];[-0.193];6351.80623;200),(173961.17854;[0.7585];[-0.1915];6318.17535;1;0;[0.757];[-0.193];6351.80623;200),(184199.80168;[0.7585];[-0.1915];6318.17535;1;0;[0.757];[-0.193];6351.80623;200),(193690.75298;[0.7585];[-0.1915];6318.17535;1;0;[0.757];[-0.193];6351.80623;200),(201907.40585;[0.7585];[-0.1915];6318.17535;1;0;[0.757];[-0.193];6351.80623;200),(202250.96321;[0.7585];[-0.1915];6318.17535;1;0;[0.757];[-0.193];6351.80623;200),(203543.81466;[0.8295];[-0.1205];5014.57107;1;0;[0.8257];[-0.1243];5027.65325;200),(206937.94179;[0.9012];[-0.0488];4498.40082;1;0;[0.8967];[-0.0533];4504.37656;200),(209117.93447;[0.9207];[-0.0293];4339.28950;1;0;[0.9188];[-0.0312];4343.46401;200),(211594.90252;[0.9363];[-0.0137];4209.24351;1;0;[0.9367];[-0.0133];4213.05372;200),(212036.82566;[0.833];[-0.117];4091.87296;1;0;[0.8331];[-0.1169];4095.33252;200),(214252.90799;[0.7507];[-0.1993];3962.92555;1;0;[0.7479];[-0.2021];3966.01662;200),(215042.23704;[0.7004];[-0.2496];3908.54174;1;0;[0.6992];[-0.2508];3911.37291;200),(215723.49310;[0.6799];[-0.2701];3863.32529;1;0;[0.6775];[-0.2725];3865.97244;200),(219983.29329;[0.6601];[-0.2899];3828.92256;1;0;[0.6616];[-0.2884];3831.42446;200),(221360.36849;[0.6601];[-0.2899];3828.92256;1;0;[0.6616];[-0.2884];3831.42446;200),(231350.00157;[0.7585];[-0.1915];6318.17535;1;0;[0.757];[-0.193];6351.80623;200),(243231.34041;[0.8329];[-0.1171];5228.59958;1;0;[0.8301];[-0.1199];5243.65164;200),(256509.64093;[0.9288];[-0.0212];4482.45150;1;0;[0.9279];[-0.0221];4488.49547;200),(265715.93261;[0.9657];[0.0157];4302.80833;1;1;[0.9643];[0.0143];4306.89185;200),(275349.78724;[0.9593];[0.0093];4391.45360;1;1;[0.9603];[0.0103];4396.59440;200),(285742.94496;[0.9265];[-0.0235];4431.21653;1;0;[0.9258];[-0.0242];4436.65933;200),(294367.85054;[0.9228];[-0.0272];4406.14076;1;0;[0.9205];[-0.0295];4411.27436;200),(295121.07730;[0.9603];[0.0103];4277.72150;1;1;[0.9604];[0.0104];4281.53466;200),(296839.73074;[0.9693];[0.0193];4348.48248;1;1;[0.9666];[0.0166];4352.95695;200),(298286.85927;[0.9377];[-0.0123];4378.16204;1;0;[0.9366];[-0.0134];4383.00526;200),(300359.50732;[0.9584];[0.0084];4363.02380;1;1;[0.9592];[0.0092];4367.93609;200),(301123.97599;[0.9423];[-0.0077];4371.31069;1;0;[0.9414];[-0.0086];4376.11744;200),(303157.76968;[0.955];[0.005];4365.54812;1;1;[0.9557];[0.0057];4370.48743;200),(303845.98947;[0.9353];[-0.0147];4370.98436;1;0;[0.9352];[-0.0148];4375.90646;200),(306229.44069;[0.9231];[-0.0269];4368.04909;1;0;[0.9212];[-0.0288];4372.70820;200),(307216.63594;[0.9231];[-0.0269];4368.04909;1;0;[0.9212];[-0.0288];4372.70820;200),(308142.75193;[0.9231];[-0.0269];4368.04909;1;0;[0.9212];[-0.0288];4372.70820;200),(310496.03772;[0.955];[0.005];4365.54812;1;1;[0.9557];[0.0057];4370.48743;200),(319297.05119;[0.7585];[-0.1915];6318.17535;1;0;[0.757];[-0.193];6351.80623;200),(328852.39506;[0.8717];[-0.0783];5343.98146;1;0;[0.8696];[-0.0804];5361.29251;200),(339299.02983;[1.];[0.05];4573.23401;1;1;[1.];[0.05];4581.15436;200),(350069.38148;[0.8338];[-0.1162];5164.05471;1;0;[0.8312];[-0.1188];5178.26968;200),(360985.12602;[1.];[0.05];4605.69325;1;1;[1.];[0.05];4614.46120;200),(371441.43128;[0.8295];[-0.1205];5014.57107;1;0;[0.8257];[-0.1243];5027.65325;200),(375449.67794;[0.9034];[-0.0466];4496.31485;1;0;[0.8984];[-0.0516];4502.26074;200),(377887.21561;[0.9567];[0.0067];4357.50975;1;1;[0.9571];[0.0071];4362.04712;200),(378710.10017;[0.9249];[-0.0251];4434.08069;1;0;[0.9235];[-0.0265];4439.51745;200),(380385.77223;[0.9583];[0.0083];4393.97219;1;1;[0.9586];[0.0086];4399.01758;200),(381473.91033;[0.9352];[-0.0148];4414.64579;1;0;[0.9339];[-0.0161];4419.96973;200),(382693.18080;[0.9219];[-0.0281];4407.34426;1;0;[0.9188];[-0.0312];4412.48825;200),(384583.81343;[0.9252];[-0.0248];4401.10272;1;0;[0.9236];[-0.0264];4406.19258;200),(386342.53025;[0.9286];[-0.0214];4398.60670;1;0;[0.9271];[-0.0229];4403.65630;200),(388353.33180;[0.9583];[0.0083];4393.97219;1;1;[0.9586];[0.0086];4399.01758;200),(389302.18220;[0.9286];[-0.0214];4398.60670;1;0;[0.9271];[-0.0229];4403.65630;200),(390036.04293;[0.9286];[-0.0214];4398.60670;1;0;[0.9271];[-0.0229];4403.65630;200),(390702.37470;[0.9286];[-0.0214];4398.60670;1;0;[0.9271];[-0.0229];4403.65630;200),(424283.36167;[0.7532];[-0.1968];6322.19023;1;0;[0.7517];[-0.1983];6356.31373;400),(444120.46099;[0.7532];[-0.1968];6322.19023;1;0;[0.7517];[-0.1983];6356.31373;400),(463109.17544;[0.7532];[-0.1968];6322.19023;1;0;[0.7517];[-0.1983];6356.31373;400),(480954.79107;[0.7532];[-0.1968];6322.19023;1;0;[0.7517];[-0.1983];6356.31373;400),(498995.79477;[0.7532];[-0.1968];6322.19023;1;0;[0.7517];[-0.1983];6356.31373;400),(516322.77918;[0.7532];[-0.1968];6322.19023;1;0;[0.7517];[-0.1983];6356.31373;400),(534247.26629;[0.7532];[-0.1968];6322.19023;1;0;[0.7517];[-0.1983];6356.31373;400),(535398.94366;[0.7548];[-0.1952];6279.61135;1;0;[0.7535];[-0.1965];6311.16991;400),(537329.77390;[0.7997];[-0.1503];4916.46865;1;0;[0.7998];[-0.1502];4929.37282;400),(539159.81603;[0.905];[-0.045];4463.00087;1;0;[0.9014];[-0.0486];4468.55174;400),(539840.61170;[0.9295];[-0.0205];4297.27376;1;0;[0.9277];[-0.0223];4301.03578;400),(540900.23589;[0.8739];[-0.0761];4116.90908;1;0;[0.8724];[-0.0776];4120.43288;400),(543213.58991;[0.6679];[-0.2821];3841.00608;1;0;[0.6678];[-0.2822];3843.53954;400),(546197.83854;[0.6601];[-0.2899];3828.92256;1;0;[0.6616];[-0.2884];3831.42446;400),(548564.00442;[0.6403];[-0.3097];3802.48083;1;0;[0.6418];[-0.3082];3804.75909;400),(550109.23791;[0.6382];[-0.3118];3799.26580;1;0;[0.6394];[-0.3106];3801.53451;400),(568712.39400;[0.7532];[-0.1968];6322.19023;1;0;[0.7517];[-0.1983];6356.31373;400),(589054.28720;[0.8175];[-0.1325];5293.91407;1;0;[0.8168];[-0.1332];5309.81617;400)]"
4,7,4380.565731200904,0.68859,1,0,[0.9315],[-0.0185],612916.565656662,"[(30025.85554;[0.7275];[-0.2225];6315.04650;1;0;[0.7275];[-0.2225];6315.04650;100),(40523.56100;[0.7275];[-0.2225];6315.04650;1;0;[0.7275];[-0.2225];6315.04650;100),(58240.84902;[0.7421];[-0.2079];6337.23448;1;0;[0.7421];[-0.2079];6337.23448;200),(89505.82695;[0.7446];[-0.2054];6347.50898;1;0;[0.7446];[-0.2054];6347.50898;400),(106677.02007;[0.7446];[-0.2054];6347.50898;1;0;[0.7446];[-0.2054];6347.50898;400),(125957.66926;[0.7446];[-0.2054];6347.50898;1;0;[0.7446];[-0.2054];6347.50898;400),(142152.96721;[0.7446];[-0.2054];6347.50898;1;0;[0.7446];[-0.2054];6347.50898;400),(158193.02225;[0.7446];[-0.2054];6347.50898;1;0;[0.7446];[-0.2054];6347.50898;400),(174181.09632;[0.7446];[-0.2054];6347.50898;1;0;[0.7446];[-0.2054];6347.50898;400),(189631.40416;[0.7446];[-0.2054];6347.50898;1;0;[0.7446];[-0.2054];6347.50898;400),(192137.29024;[0.8355];[-0.1145];5112.25849;1;0;[0.8355];[-0.1145];5112.25849;400),(192932.79362;[0.7773];[-0.1727];4011.28080;1;0;[0.7773];[-0.1727];4011.28080;400),(194907.72438;[0.6277];[-0.3223];3780.87587;1;0;[0.6277];[-0.3223];3780.87587;400),(199226.75300;[0.6249];[-0.3251];3778.48439;1;0;[0.6249];[-0.3251];3778.48439;400),(199802.46568;[0.6249];[-0.3251];3778.48439;1;0;[0.6249];[-0.3251];3778.48439;400),(217120.02730;[0.7446];[-0.2054];6347.50898;1;0;[0.7446];[-0.2054];6347.50898;400),(234905.26891;[0.8151];[-0.1349];5332.79583;1;0;[0.8151];[-0.1349];5332.79583;400),(253790.60340;[0.8892];[-0.0608];4544.75622;1;0;[0.8892];[-0.0608];4544.75622;400),(272015.62643;[0.9315];[-0.0185];4380.56573;1;0;[0.9315];[-0.0185];4380.56573;400),(288365.71836;[0.9262];[-0.0238];4216.89865;1;0;[0.9262];[-0.0238];4216.89865;400),(305405.91669;[0.7995];[-0.1505];4038.62204;1;0;[0.7995];[-0.1505];4038.62204;400),(338561.85341;[0.7182];[-0.2318];3930.33096;1;0;[0.7182];[-0.2318];3930.33096;400),(339940.66644;[0.6864];[-0.2636];3877.75027;1;0;[0.6864];[-0.2636];3877.75027;400),(342276.19314;[0.6277];[-0.3223];3780.87587;1;0;[0.6277];[-0.3223];3780.87587;400),(346348.34290;[0.6249];[-0.3251];3778.48439;1;0;[0.6249];[-0.3251];3778.48439;400),(364858.34980;[0.7436];[-0.2064];6347.87221;1;0;[0.7436];[-0.2064];6347.87221;400),(382816.59079;[0.8089];[-0.1411];5317.87506;1;0;[0.8089];[-0.1411];5317.87506;400),(401748.35348;[0.8899];[-0.0601];4544.19203;1;0;[0.8899];[-0.0601];4544.19203;400),(420180.39131;[0.9193];[-0.0307];4379.14707;1;0;[0.9193];[-0.0307];4379.14707;400),(439354.86436;[0.9262];[-0.0238];4216.89865;1;0;[0.9262];[-0.0238];4216.89865;400),(456303.57981;[0.8304];[-0.1196];4040.94938;1;0;[0.8304];[-0.1196];4040.94938;400),(492687.05750;[0.7164];[-0.2336];3931.11979;1;0;[0.7164];[-0.2336];3931.11979;400),(494136.86991;[0.6863];[-0.2637];3878.37209;1;0;[0.6863];[-0.2637];3878.37209;400),(496110.55088;[0.6729];[-0.2771];3849.34695;1;0;[0.6729];[-0.2771];3849.34695;400),(497836.74645;[0.6523];[-0.2977];3818.76417;1;0;[0.6523];[-0.2977];3818.76417;400),(499422.47677;[0.6281];[-0.3219];3782.55354;1;0;[0.6281];[-0.3219];3782.55354;400),(501063.44771;[0.6255];[-0.3245];3779.29342;1;0;[0.6255];[-0.3245];3779.29342;400),(502879.02737;[0.6249];[-0.3251];3778.48439;1;0;[0.6249];[-0.3251];3778.48439;400),(518349.28656;[0.7436];[-0.2064];6347.87221;1;0;[0.7436];[-0.2064];6347.87221;400),(536922.23501;[0.8108];[-0.1392];5325.42083;1;0;[0.8108];[-0.1392];5325.42083;400),(556693.55845;[0.8784];[-0.0716];4541.67359;1;0;[0.8784];[-0.0716];4541.67359;400),(576280.55453;[0.9206];[-0.0294];4377.90678;1;0;[0.9206];[-0.0294];4377.90678;400),(594530.23243;[0.8877];[-0.0623];4217.39685;1;0;[0.8877];[-0.0623];4217.39685;400)]"
4,6,5371.624633186447,0.84437,1,1,[0.9916],[0.0416],610645.4062461853,"[(29321.47717;[0.7736];[-0.1764];6386.15369;1;0;[0.7682];[-0.1818];6338.99328;100),(39444.58461;[0.7736];[-0.1764];6386.15369;1;0;[0.7682];[-0.1818];6338.99328;100),(44739.52794;[0.7736];[-0.1764];6386.15369;1;0;[0.7682];[-0.1818];6338.99328;100),(49541.66245;[0.7736];[-0.1764];6386.15369;1;0;[0.7682];[-0.1818];6338.99328;100),(54965.15751;[0.7736];[-0.1764];6386.15369;1;0;[0.7682];[-0.1818];6338.99328;100),(60351.84741;[0.7736];[-0.1764];6386.15369;1;0;[0.7682];[-0.1818];6338.99328;100),(61307.19805;[0.9284];[-0.0216];5194.42156;1;0;[0.927];[-0.023];5175.48582;100),(62035.78949;[0.9497];[-0.0003];4266.43055;1;0;[0.9442];[-0.0058];4259.86665;100),(63615.29684;[0.8862];[-0.0638];4111.89917;1;0;[0.8812];[-0.0688];4105.87638;100),(65955.75929;[0.7579];[-0.1921];3990.59905;1;0;[0.7518];[-0.1982];3983.25043;100),(66980.96657;[0.738];[-0.212];3933.57907;1;0;[0.733];[-0.217];3926.71367;100),(67638.37337;[0.6935];[-0.2565];3869.82781;1;0;[0.6894];[-0.2606];3862.73243;100),(69674.84260;[0.6738];[-0.2762];3829.62527;1;0;[0.6695];[-0.2805];3822.94823;100),(76019.52457;[0.7736];[-0.1764];6386.15369;1;0;[0.7682];[-0.1818];6338.99328;100),(81803.25007;[1.];[0.05];4625.15247;1;1;[1.];[0.05];4625.68377;100),(87810.92620;[0.9935];[0.0435];5387.40604;1;1;[0.9928];[0.0428];5368.51560;100),(95651.74437;[0.8233];[-0.1267];6030.38374;1;0;[0.8205];[-0.1295];5994.14233;100),(101166.77833;[0.799];[-0.151];5784.35681;1;0;[0.7935];[-0.1565];5748.02057;100),(103560.40978;[1.];[0.05];4530.40218;1;1;[1.];[0.05];4523.79938;100),(105825.57154;[0.8848];[-0.0652];5248.39503;1;0;[0.88];[-0.07];5226.68198;100),(106422.92309;[1.];[0.05];4613.83755;1;1;[1.];[0.05];4612.47765;100),(109091.20464;[0.8492];[-0.1008];5193.78776;1;0;[0.8437];[-0.1063];5170.28302;100),(111634.18174;[0.8466];[-0.1034];5125.60172;1;0;[0.8411];[-0.1089];5102.82062;100),(114169.84987;[0.84];[-0.11];5066.37976;1;0;[0.834];[-0.116];5044.11464;100),(115136.22522;[1.];[0.05];4611.79230;1;1;[1.];[0.05];4611.13562;100),(115811.21659;[0.8389];[-0.1111];5035.35737;1;0;[0.8341];[-0.1159];5013.41878;100),(116663.42139;[1.];[0.05];4617.25490;1;1;[1.];[0.05];4616.18631;100),(117645.89477;[1.];[0.05];4617.25490;1;1;[1.];[0.05];4616.18631;100),(120622.62893;[1.];[0.05];4612.97551;1;1;[1.];[0.05];4612.61155;100),(121238.78241;[0.8389];[-0.1111];5035.35737;1;0;[0.8341];[-0.1159];5013.41878;100),(124614.08854;[1.];[0.05];4612.97551;1;1;[1.];[0.05];4612.61155;100),(125277.57716;[0.8389];[-0.1111];5035.35737;1;0;[0.8341];[-0.1159];5013.41878;100),(142064.94856;[0.7658];[-0.1842];6393.75871;1;0;[0.761];[-0.189];6345.87317;200),(150789.33358;[0.7658];[-0.1842];6393.75871;1;0;[0.761];[-0.189];6345.87317;200),(158459.79524;[0.7658];[-0.1842];6393.75871;1;0;[0.761];[-0.189];6345.87317;200),(167033.49900;[0.7658];[-0.1842];6393.75871;1;0;[0.761];[-0.189];6345.87317;200),(175259.78494;[0.7658];[-0.1842];6393.75871;1;0;[0.761];[-0.189];6345.87317;200),(182825.49953;[0.7658];[-0.1842];6393.75871;1;0;[0.761];[-0.189];6345.87317;200),(185265.23900;[0.8575];[-0.0925];5121.02747;1;0;[0.8523];[-0.0977];5099.11215;200),(187195.81723;[0.8787];[-0.0713];4084.57318;1;0;[0.8734];[-0.0766];4078.69794;200),(188117.31458;[0.7381];[-0.2119];3899.22400;1;0;[0.7315];[-0.2185];3892.92459;200),(189436.88393;[0.6198];[-0.3302];3764.09405;1;0;[0.6128];[-0.3372];3757.29190;200),(193294.85440;[0.5257];[-0.4243];3655.58322;1;0;[0.5204];[-0.4296];3649.98963;200),(194720.09206;[0.5023];[-0.4477];3636.40773;1;0;[0.4978];[-0.4522];3631.61823;200),(197475.82269;[0.497];[-0.453];3632.03467;1;0;[0.4919];[-0.4581];3627.28187;200),(207631.96540;[0.766];[-0.184];6393.27085;1;0;[0.7614];[-0.1886];6345.36396;200),(217208.19497;[1.];[0.05];4631.86137;1;1;[1.];[0.05];4629.64523;200),(227042.52911;[0.9922];[0.0422];5390.65762;1;1;[0.9916];[0.0416];5371.62463;200),(235272.89796;[0.8504];[-0.0996];6057.39159;1;0;[0.8448];[-0.1052];6023.92001;200),(244647.33219;[0.8062];[-0.1438];5931.38471;1;0;[0.8005];[-0.1495];5893.61314;200),(256088.15098;[0.8023];[-0.1477];5810.19925;1;0;[0.797];[-0.153];5773.90549;200),(260997.68400;[0.9279];[-0.0221];4522.15133;1;0;[0.9234];[-0.0266];4512.40966;200),(261652.93574;[0.9718];[0.0218];4306.52560;1;1;[0.969];[0.019];4300.00580;200),(263410.58969;[0.936];[-0.014];4436.57611;1;0;[0.9302];[-0.0198];4427.75657;200),(264985.12769;[0.9478];[-0.0022];4384.10660;1;0;[0.9414];[-0.0086];4376.11744;200),(268029.77943;[0.9571];[0.0071];4344.30760;1;1;[0.9522];[0.0022];4337.03913;200),(269157.30190;[0.9603];[0.0103];4369.53732;1;1;[0.9571];[0.0071];4362.04712;200),(269914.56389;[0.9855];[0.0355];4368.69244;1;1;[0.9845];[0.0345];4361.85903;200),(270849.55168;[0.9616];[0.0116];4375.49799;1;1;[0.9592];[0.0092];4367.93609;200),(271695.76287;[0.9846];[0.0346];4373.80012;1;1;[0.9839];[0.0339];4366.90157;200),(272236.89938;[0.9478];[-0.0022];4384.10660;1;0;[0.9414];[-0.0086];4376.11744;200),(274157.63712;[0.9585];[0.0085];4378.16536;1;1;[0.9557];[0.0057];4370.48743;200),(274738.49344;[0.9478];[-0.0022];4384.10660;1;0;[0.9414];[-0.0086];4376.11744;200),(275190.55128;[0.9478];[-0.0022];4384.10660;1;0;[0.9414];[-0.0086];4376.11744;200),(306127.61641;[0.7535];[-0.1965];6410.71195;1;0;[0.7481];[-0.2019];6360.11003;400),(323878.46899;[0.7535];[-0.1965];6410.71195;1;0;[0.7481];[-0.2019];6360.11003;400),(343759.25589;[0.7535];[-0.1965];6410.71195;1;0;[0.7481];[-0.2019];6360.11003;400),(361423.91896;[0.7535];[-0.1965];6410.71195;1;0;[0.7481];[-0.2019];6360.11003;400),(378107.14650;[0.7535];[-0.1965];6410.71195;1;0;[0.7481];[-0.2019];6360.11003;400),(395899.65081;[0.7535];[-0.1965];6410.71195;1;0;[0.7481];[-0.2019];6360.11003;400),(412739.90917;[0.7535];[-0.1965];6410.71195;1;0;[0.7481];[-0.2019];6360.11003;400),(413948.29082;[0.8321];[-0.1179];5054.21884;1;0;[0.8273];[-0.1227];5031.61239;400),(416103.69039;[0.9008];[-0.0492];4519.47415;1;0;[0.8946];[-0.0554];4508.80704;400),(417243.24489;[0.9728];[0.0228];4355.56355;1;1;[0.9693];[0.0193];4348.48861;400),(418478.55544;[0.9467];[-0.0033];4442.74032;1;0;[0.9401];[-0.0099];4434.05186;400),(419414.31117;[0.962];[0.012];4404.42162;1;1;[0.9603];[0.0103];4396.59440;400),(420669.76237;[0.9322];[-0.0178];4423.80605;1;0;[0.9266];[-0.0234];4415.13010;400),(421680.77374;[0.9274];[-0.0226];4415.79608;1;0;[0.923];[-0.027];4406.98443;400),(422837.13269;[0.9287];[-0.0213];4409.92594;1;0;[0.9255];[-0.0245];4401.19528;400),(424611.70340;[0.9361];[-0.0139];4406.11987;1;0;[0.9301];[-0.0199];4397.60542;400),(426494.77410;[0.962];[0.012];4404.42162;1;1;[0.9603];[0.0103];4396.59440;400),(427481.03166;[0.962];[0.012];4404.42162;1;1;[0.9603];[0.0103];4396.59440;400),(428481.78315;[0.9311];[-0.0189];4406.40522;1;0;[0.9252];[-0.0248];4397.83295;400),(429499.63284;[0.9311];[-0.0189];4406.40522;1;0;[0.9252];[-0.0248];4397.83295;400),(430371.49787;[0.9311];[-0.0189];4406.40522;1;0;[0.9252];[-0.0248];4397.83295;400),(431431.46944;[0.9311];[-0.0189];4406.40522;1;0;[0.9252];[-0.0248];4397.83295;400),(446758.49414;[0.7535];[-0.1965];6410.71195;1;0;[0.7481];[-0.2019];6360.11003;400),(465364.76922;[0.8938];[-0.0562];5421.33563;1;0;[0.8889];[-0.0611];5398.98594;400),(484932.66225;[0.832];[-0.118];5056.74380;1;0;[0.8268];[-0.1232];5034.01340;400),(503689.20541;[0.9998];[0.0498];4569.20050;1;1;[0.9997];[0.0497];4561.62660;400),(522305.53150;[0.9957];[0.0457];4621.80274;1;1;[0.9969];[0.0469];4613.52225;400),(541704.52476;[1.];[0.05];4636.87199;1;1;[1.];[0.05];4631.60870;400),(561249.83835;[0.7934];[-0.1566];4926.60093;1;0;[0.7867];[-0.1633];4903.19751;400),(579003.49879;[1.];[0.05];4637.97527;1;1;[1.];[0.05];4632.95671;400),(580325.30093;[0.9111];[-0.0389];4487.78561;1;0;[0.9062];[-0.0438];4477.69198;400),(581241.72235;[0.9499];[-0.0001];4321.81604;1;0;[0.9439];[-0.0061];4314.69599;400),(583961.34281;[0.8423];[-0.1077];4138.83655;1;0;[0.8385];[-0.1115];4131.34711;400),(587001.20664;[0.7916];[-0.1584];4042.24124;1;0;[0.786];[-0.164];4035.02798;400),(590004.49157;[0.7861];[-0.1639];4033.43313;1;0;[0.7806];[-0.1694];4026.13582;400),(592564.00156;[0.7464];[-0.2036];3994.55116;1;0;[0.7396];[-0.2104];3986.59517;400),(592995.51249;[0.7464];[-0.2036];3994.55116;1;0;[0.7396];[-0.2104];3986.59517;400),(594329.31328;[0.7439];[-0.2061];3992.62964;1;0;[0.7378];[-0.2122];3984.64719;400),(594825.33193;[0.7439];[-0.2061];3992.62964;1;0;[0.7378];[-0.2122];3984.64719;400)]"
4,8,4357.070526459559,0.68489,1,0,[0.8924],[-0.0576],612316.6229724884,"[(31092.23819;[0.4134];[-0.5366];6243.41610;1;0;[0.4071];[-0.5429];6067.41378;100),(45446.28501;[0.4134];[-0.5366];6243.41610;1;0;[0.4071];[-0.5429];6067.41378;100),(51464.86163;[0.4134];[-0.5366];6243.41610;1;0;[0.4071];[-0.5429];6067.41378;100),(57500.90337;[0.4134];[-0.5366];6243.41610;1;0;[0.4071];[-0.5429];6067.41378;100),(62870.70131;[0.4134];[-0.5366];6243.41610;1;0;[0.4071];[-0.5429];6067.41378;100),(67293.76030;[0.4134];[-0.5366];6243.41610;1;0;[0.4071];[-0.5429];6067.41378;100),(67737.17380;[0.7238];[-0.2262];6480.70704;1;0;[0.7138];[-0.2362];6344.59792;100),(85435.21690;[0.4191];[-0.5309];6451.65338;1;0;[0.4154];[-0.5346];6273.75748;200),(94975.59690;[0.4191];[-0.5309];6451.65338;1;0;[0.4154];[-0.5346];6273.75748;200),(103856.09961;[0.4191];[-0.5309];6451.65338;1;0;[0.4154];[-0.5346];6273.75748;200),(114700.26970;[0.4191];[-0.5309];6451.65338;1;0;[0.4154];[-0.5346];6273.75748;200),(124330.41549;[0.4191];[-0.5309];6451.65338;1;0;[0.4154];[-0.5346];6273.75748;200),(132261.85346;[0.4191];[-0.5309];6451.65338;1;0;[0.4154];[-0.5346];6273.75748;200),(132689.09049;[0.7346];[-0.2154];6485.13437;1;0;[0.7239];[-0.2261];6354.10234;200),(166650.55394;[0.4135];[-0.5365];6441.27535;1;0;[0.4111];[-0.5389];6258.28758;400),(185980.00360;[0.4135];[-0.5365];6441.27535;1;0;[0.4111];[-0.5389];6258.28758;400),(203593.59813;[0.4135];[-0.5365];6441.27535;1;0;[0.4111];[-0.5389];6258.28758;400),(222128.17740;[0.4135];[-0.5365];6441.27535;1;0;[0.4111];[-0.5389];6258.28758;400),(240813.91501;[0.4135];[-0.5365];6441.27535;1;0;[0.4111];[-0.5389];6258.28758;400),(259204.93555;[0.4135];[-0.5365];6441.27535;1;0;[0.4111];[-0.5389];6258.28758;400),(275568.56036;[0.4147];[-0.5353];6445.76768;1;0;[0.4126];[-0.5374];6263.36095;400),(276094.60402;[0.735];[-0.215];6486.06705;1;0;[0.7247];[-0.2253];6355.00354;400),(278321.77281;[0.8222];[-0.1278];5150.83371;1;0;[0.812];[-0.138];5100.04561;400),(279348.47522;[0.712];[-0.238];3928.09974;1;0;[0.7012];[-0.2488];3913.72789;400),(282062.55031;[0.6879];[-0.2621];3887.41976;1;0;[0.6788];[-0.2712];3873.58538;400),(283650.52152;[0.6316];[-0.3184];3790.17689;1;0;[0.6237];[-0.3263];3778.09952;400),(305105.66711;[0.735];[-0.215];6487.43301;1;0;[0.7255];[-0.2245];6356.48877;400),(329181.39362;[0.8225];[-0.1275];5356.00255;1;0;[0.8124];[-0.1376];5299.42137;400),(349074.43905;[0.8941];[-0.0559];4552.41391;1;0;[0.888];[-0.062];4529.51001;400),(372905.91192;[0.899];[-0.051];4375.57704;1;0;[0.8924];[-0.0576];4357.07053;400),(392186.93137;[0.8592];[-0.0908];4215.51209;1;0;[0.8521];[-0.0979];4199.36619;400),(413047.82367;[0.7601];[-0.1899];4037.18386;1;0;[0.7479];[-0.2021];4021.33263;400),(449387.14147;[0.7212];[-0.2288];3958.65854;1;0;[0.7089];[-0.2411];3943.50242;400),(451013.60226;[0.6995];[-0.2505];3899.36816;1;0;[0.6896];[-0.2604];3885.55767;400),(454842.13018;[0.6772];[-0.2728];3860.57998;1;0;[0.669];[-0.281];3847.37848;400),(455871.83690;[0.6611];[-0.2889];3834.99062;1;0;[0.6547];[-0.2953];3822.11340;400),(458016.35242;[0.654];[-0.296];3825.67687;1;0;[0.6466];[-0.3034];3812.83440;400),(476363.49010;[0.735];[-0.215];6487.43301;1;0;[0.7255];[-0.2245];6356.48877;400),(499528.34535;[0.8236];[-0.1264];5349.86100;1;0;[0.8142];[-0.1358];5293.53210;400),(522295.09592;[0.8706];[-0.0794];4549.50999;1;0;[0.8641];[-0.0859];4525.03872;400),(540855.37767;[0.8869];[-0.0631];4374.80842;1;0;[0.8796];[-0.0704];4355.75921;400),(557681.55146;[0.8592];[-0.0908];4215.51209;1;0;[0.8521];[-0.0979];4199.36619;400),(576161.91745;[0.7587];[-0.1913];4043.73330;1;0;[0.746];[-0.204];4027.55115;400)]"
4,9,4339.353855605571,0.68211,1,0,[0.9212],[-0.0288],601014.5318508148,"[(32057.63865;[0.4158];[-0.5342];6213.19542;1;0;[0.4162];[-0.5338];6277.21411;100),(42251.72305;[0.4158];[-0.5342];6213.19542;1;0;[0.4162];[-0.5338];6277.21411;100),(46887.42065;[0.4158];[-0.5342];6213.19542;1;0;[0.4162];[-0.5338];6277.21411;100),(52244.63391;[0.4158];[-0.5342];6213.19542;1;0;[0.4162];[-0.5338];6277.21411;100),(57706.63691;[0.4158];[-0.5342];6213.19542;1;0;[0.4162];[-0.5338];6277.21411;100),(62370.20707;[0.4158];[-0.5342];6213.19542;1;0;[0.4162];[-0.5338];6277.21411;100),(62873.65341;[0.7302];[-0.2198];6359.57800;1;0;[0.7289];[-0.2211];6350.90407;100),(81423.15555;[0.4209];[-0.5291];6220.12483;1;0;[0.42];[-0.53];6283.38884;200),(90816.36906;[0.4209];[-0.5291];6220.12483;1;0;[0.42];[-0.53];6283.38884;200),(98660.51221;[0.4209];[-0.5291];6220.12483;1;0;[0.42];[-0.53];6283.38884;200),(107773.62633;[0.4209];[-0.5291];6220.12483;1;0;[0.42];[-0.53];6283.38884;200),(116100.09050;[0.4209];[-0.5291];6220.12483;1;0;[0.42];[-0.53];6283.38884;200),(123880.51701;[0.4209];[-0.5291];6220.12483;1;0;[0.42];[-0.53];6283.38884;200),(124287.36210;[0.7525];[-0.1975];6362.33358;1;0;[0.7511];[-0.1989];6355.70166;200),(127017.29465;[0.8236];[-0.1264];5167.36927;1;0;[0.8195];[-0.1305];5163.45707;200),(127956.18415;[0.8032];[-0.1468];4032.60899;1;0;[0.7988];[-0.1512];4032.32952;200),(129452.30556;[0.7105];[-0.2395];3944.10687;1;0;[0.7089];[-0.2411];3943.50242;200),(131612.53476;[0.702];[-0.248];3916.49187;1;0;[0.7005];[-0.2495];3915.86357;200),(132050.44675;[0.7028];[-0.2472];3914.34068;1;0;[0.7012];[-0.2488];3913.72789;200),(132970.91103;[0.69];[-0.26];3885.57631;1;0;[0.6884];[-0.2616];3884.94962;200),(135595.97349;[0.6881];[-0.2619];3878.37634;1;0;[0.6864];[-0.2636];3877.75027;200),(138547.15633;[0.6879];[-0.2621];3877.56332;1;0;[0.686];[-0.264];3876.94124;200),(149029.65713;[0.7525];[-0.1975];6362.33358;1;0;[0.7511];[-0.1989];6355.70166;200),(161139.14132;[0.8085];[-0.1415];5317.72658;1;0;[0.8053];[-0.1447];5313.93266;200),(172944.25273;[0.8683];[-0.0817];4521.37588;1;0;[0.8679];[-0.0821];4521.00265;200),(183050.61197;[0.9222];[-0.0278];4339.60410;1;0;[0.9212];[-0.0288];4339.35386;200),(191683.83312;[0.8412];[-0.1088];4131.59112;1;0;[0.8377];[-0.1123];4131.37116;200),(208326.78771;[0.6879];[-0.2621];3877.56332;1;0;[0.686];[-0.264];3876.94124;200),(224127.11930;[0.7525];[-0.1975];6362.33358;1;0;[0.7511];[-0.1989];6355.70166;200),(234283.31351;[0.8041];[-0.1459];5329.63591;1;0;[0.7997];[-0.1503];5325.80850;200),(246140.92112;[0.8665];[-0.0835];4530.68314;1;0;[0.8648];[-0.0852];4530.33794;200),(256015.87534;[0.8812];[-0.0688];4356.35492;1;0;[0.8796];[-0.0704];4355.75921;200),(264855.74770;[0.8804];[-0.0696];4194.90922;1;0;[0.8773];[-0.0727];4194.69258;200),(283219.30861;[0.7826];[-0.1674];4037.84612;1;0;[0.7799];[-0.1701];4037.56446;200),(284568.77446;[0.7426];[-0.2074];3955.99797;1;0;[0.7423];[-0.2077];3955.50405;200),(286312.72960;[0.7025];[-0.2475];3917.49760;1;0;[0.7006];[-0.2494];3916.85990;200),(286778.93257;[0.7027];[-0.2473];3914.78764;1;0;[0.701];[-0.249];3914.16919;200),(287855.39079;[0.69];[-0.26];3885.57631;1;0;[0.6884];[-0.2616];3884.94962;200),(289704.60320;[0.6879];[-0.2621];3877.56332;1;0;[0.686];[-0.264];3876.94124;200),(302200.15121;[0.7525];[-0.1975];6362.33358;1;0;[0.7511];[-0.1989];6355.70166;200),(315406.81887;[0.8027];[-0.1473];5316.21580;1;0;[0.7989];[-0.1511];5312.19374;200),(327050.22478;[0.8733];[-0.0767];4527.96356;1;0;[0.8732];[-0.0768];4527.62408;200),(335991.03642;[0.9123];[-0.0377];4355.42908;1;0;[0.9105];[-0.0395];4355.10751;200),(345026.06010;[0.8589];[-0.0911];4193.28561;1;0;[0.8566];[-0.0934];4192.94197;200),(363841.65502;[0.7826];[-0.1674];4037.84612;1;0;[0.7799];[-0.1701];4037.56446;200),(364741.17541;[0.7105];[-0.2395];3944.10687;1;0;[0.7089];[-0.2411];3943.50242;200),(365331.06589;[0.7027];[-0.2473];3914.78764;1;0;[0.701];[-0.249];3914.16919;200),(366820.77479;[0.7028];[-0.2472];3914.34068;1;0;[0.7012];[-0.2488];3913.72789;200),(367763.85880;[0.7003];[-0.2497];3911.99110;1;0;[0.6992];[-0.2508];3911.37291;200),(378760.32519;[0.7525];[-0.1975];6362.33358;1;0;[0.7511];[-0.1989];6355.70166;200),(393648.59176;[0.8085];[-0.1415];5317.72658;1;0;[0.8053];[-0.1447];5313.93266;200),(406167.88602;[0.8657];[-0.0843];4525.86751;1;0;[0.8647];[-0.0853];4525.46079;200),(416379.51469;[0.9123];[-0.0377];4355.42908;1;0;[0.9105];[-0.0395];4355.10751;200),(426130.88083;[0.8589];[-0.0911];4193.28561;1;0;[0.8566];[-0.0934];4192.94197;200),(444402.88448;[0.7823];[-0.1677];4038.05534;1;0;[0.7795];[-0.1705];4037.76898;200),(445669.12055;[0.7105];[-0.2395];3944.10687;1;0;[0.7089];[-0.2411];3943.50242;200),(446196.91658;[0.7027];[-0.2473];3914.78764;1;0;[0.701];[-0.249];3914.16919;200),(447052.73175;[0.7028];[-0.2472];3914.34068;1;0;[0.7012];[-0.2488];3913.72789;200),(447817.12699;[0.7003];[-0.2497];3911.99110;1;0;[0.6992];[-0.2508];3911.37291;200),(458958.82773;[0.7525];[-0.1975];6362.33358;1;0;[0.7511];[-0.1989];6355.70166;200),(474638.29279;[0.8183];[-0.1317];5310.17971;1;0;[0.8144];[-0.1356];5306.58601;200),(487059.64923;[0.8707];[-0.0793];4513.42464;1;0;[0.8704];[-0.0796];4512.98175;200),(497263.05795;[0.9123];[-0.0377];4355.42908;1;0;[0.9105];[-0.0395];4355.10751;200),(506622.76196;[0.8589];[-0.0911];4193.28561;1;0;[0.8566];[-0.0934];4192.94197;200),(516167.39154;[0.7003];[-0.2497];3911.99110;1;0;[0.6992];[-0.2508];3911.37291;200),(518434.44657;[0.7003];[-0.2497];3911.99110;1;0;[0.6992];[-0.2508];3911.37291;200),(529659.62458;[0.7525];[-0.1975];6362.33358;1;0;[0.7511];[-0.1989];6355.70166;200),(547102.95153;[0.8183];[-0.1317];5310.17971;1;0;[0.8144];[-0.1356];5306.58601;200),(561123.32678;[0.8707];[-0.0793];4513.42464;1;0;[0.8704];[-0.0796];4512.98175;200),(571185.69374;[0.9123];[-0.0377];4355.42908;1;0;[0.9105];[-0.0395];4355.10751;200),(581640.64217;[0.8589];[-0.0911];4193.28561;1;0;[0.8566];[-0.0934];4192.94197;200),(590982.70798;[0.7003];[-0.2497];3911.99110;1;0;[0.6992];[-0.2508];3911.37291;200)]"
4,10,4371.376654695255,0.68714,1,0,[0.8862],[-0.0638],605424.4015216827,"[(33315.10210;[0.4132];[-0.5368];6432.35936;1;0;[0.4083];[-0.5417];6230.49179;100),(34010.24532;[0.4139];[-0.5361];6336.35684;1;0;[0.4065];[-0.5435];6122.02705;200),(36201.26748;[0.4157];[-0.5343];6442.61713;1;0;[0.4103];[-0.5397];6241.31490;400),(71071.59424;[0.4157];[-0.5343];6442.61713;1;0;[0.4103];[-0.5397];6241.31490;400),(89082.74984;[0.4157];[-0.5343];6442.61713;1;0;[0.4103];[-0.5397];6241.31490;400),(107729.89511;[0.4157];[-0.5343];6442.61713;1;0;[0.4103];[-0.5397];6241.31490;400),(126350.97170;[0.4157];[-0.5343];6442.61713;1;0;[0.4103];[-0.5397];6241.31490;400),(144351.13287;[0.4157];[-0.5343];6442.61713;1;0;[0.4103];[-0.5397];6241.31490;400),(162521.92092;[0.4157];[-0.5343];6442.61713;1;0;[0.4103];[-0.5397];6241.31490;400),(179478.94716;[0.4157];[-0.5343];6442.61713;1;0;[0.4103];[-0.5397];6241.31490;400),(180225.67677;[0.7511];[-0.1989];6408.72802;1;0;[0.7481];[-0.2019];6318.03764;400),(181041.94045;[0.7886];[-0.1614];4993.47630;1;0;[0.7884];[-0.1616];4955.38885;400),(182404.16694;[0.8601];[-0.0899];4481.36765;1;0;[0.865];[-0.085];4463.07469;400),(183059.51285;[0.8715];[-0.0785];4308.42087;1;0;[0.8757];[-0.0743];4294.49314;400),(183948.69900;[0.7995];[-0.1505];4137.52727;1;0;[0.8];[-0.15];4124.95078;400),(184541.72182;[0.7143];[-0.2357];3948.41690;1;0;[0.7074];[-0.2426];3937.28818;400),(185677.43802;[0.583];[-0.367];3722.46793;1;0;[0.5795];[-0.3705];3714.76607;400),(186916.88514;[0.5806];[-0.3694];3717.66443;1;0;[0.5768];[-0.3732];3710.09483;400),(206979.42495;[0.7116];[-0.2384];6441.73134;1;0;[0.7065];[-0.2435];6334.12209;400),(227289.96181;[0.7694];[-0.1806];5758.14109;1;0;[0.7684];[-0.1816];5694.59251;400),(246571.13767;[0.8361];[-0.1139];4573.17364;1;0;[0.8418];[-0.1082];4551.96410;400),(266537.59837;[0.8706];[-0.0794];4385.31322;1;0;[0.8741];[-0.0759];4369.71666;400),(285334.19752;[0.8691];[-0.0809];4230.84364;1;0;[0.8723];[-0.0777];4218.43805;400),(303397.69125;[0.7545];[-0.1955];4039.46613;1;0;[0.7492];[-0.2008];4027.40313;400),(338744.35067;[0.7065];[-0.2435];3924.77894;1;0;[0.701];[-0.249];3914.16919;400),(340872.89500;[0.6491];[-0.3009];3816.57031;1;0;[0.6433];[-0.3067];3807.41561;400),(341446.23518;[0.6262];[-0.3238];3779.08383;1;0;[0.6196];[-0.3304];3770.58750;400),(342356.39763;[0.5806];[-0.3694];3717.66443;1;0;[0.5768];[-0.3732];3710.09483;400),(363283.01501;[0.7115];[-0.2385];6440.93068;1;0;[0.7065];[-0.2435];6333.24630;400),(381936.68294;[0.7845];[-0.1655];5416.83743;1;0;[0.7835];[-0.1665];5366.08377;400),(400302.29306;[0.8361];[-0.1139];4573.17364;1;0;[0.8418];[-0.1082];4551.96410;400),(419078.01819;[0.8806];[-0.0694];4387.20742;1;0;[0.8862];[-0.0638];4371.37665;400),(439196.30194;[0.8685];[-0.0815];4232.42899;1;0;[0.8709];[-0.0791];4219.93476;400),(456214.78558;[0.7573];[-0.1927];4050.20663;1;0;[0.7524];[-0.1976];4037.89153;400),(490602.01192;[0.7069];[-0.2431];3933.80805;1;0;[0.7014];[-0.2486];3922.87021;400),(492571.65551;[0.6699];[-0.2801];3847.11264;1;0;[0.6648];[-0.2852];3837.69829;400),(493460.89292;[0.6262];[-0.3238];3779.67532;1;0;[0.6197];[-0.3303];3771.15783;400),(494841.94684;[0.6262];[-0.3238];3779.08383;1;0;[0.6196];[-0.3304];3770.58750;400),(495268.12434;[0.6262];[-0.3238];3779.08383;1;0;[0.6196];[-0.3304];3770.58750;400),(495691.28346;[0.6262];[-0.3238];3779.08383;1;0;[0.6196];[-0.3304];3770.58750;400),(513203.72510;[0.7063];[-0.2437];6432.88765;1;0;[0.7014];[-0.2486];6322.01942;400),(531520.33329;[0.7894];[-0.1606];5420.29394;1;0;[0.7864];[-0.1636];5369.89110;400),(549431.55146;[0.8361];[-0.1139];4573.17364;1;0;[0.8418];[-0.1082];4551.96410;400),(568456.15935;[0.8806];[-0.0694];4387.20742;1;0;[0.8862];[-0.0638];4371.37665;400),(587608.47998;[0.8681];[-0.0819];4236.61903;1;0;[0.8711];[-0.0789];4224.06845;400)]"
5,1,4708.348988998482,0.99916,1,0,[0.4553],[-0.4947],600903.4428596497,"[(30391.76822;[0.4386];[-0.5114];4725.31157;1;0;[0.4369];[-0.5131];4705.33954;100),(39744.30037;[0.4386];[-0.5114];4725.31157;1;0;[0.4369];[-0.5131];4705.33954;100),(47537.76217;[0.4386];[-0.5114];4725.31157;1;0;[0.4369];[-0.5131];4705.33954;100),(53084.11932;[0.4386];[-0.5114];4725.31157;1;0;[0.4369];[-0.5131];4705.33954;100),(58844.14935;[0.4386];[-0.5114];4725.31157;1;0;[0.4369];[-0.5131];4705.33954;100),(63220.95466;[0.4386];[-0.5114];4725.31157;1;0;[0.4369];[-0.5131];4705.33954;100),(65011.40785;[0.3479];[-0.6021];4153.24981;1;0;[0.3469];[-0.6031];4142.15186;100),(66638.19957;[0.112];[-0.838];3556.49536;1;0;[0.1068];[-0.8432];3552.09948;100),(67255.75209;[0.0177];[-0.9323];3341.79683;1;0;[0.0161];[-0.9339];3339.05986;100),(67972.56875;[0.0004];[-0.9496];2905.40418;1;0;[0.0006];[-0.9494];2903.30146;100),(68726.02844;[0.0001];[-0.9499];2831.46484;1;0;[0.0001];[-0.9499];2829.71121;100),(69818.93969;[0.];[-0.95];2788.91964;1;0;[0.];[-0.95];2787.38598;100),(70515.67578;[0.];[-0.95];2788.91964;1;0;[0.];[-0.95];2787.38598;100),(75837.62622;[0.4386];[-0.5114];4725.31157;1;0;[0.4369];[-0.5131];4705.33954;100),(81694.97871;[0.1403];[-0.8097];3602.64673;1;0;[0.1355];[-0.8145];3597.56778;100),(88551.38803;[0.0328];[-0.9172];3393.61301;1;0;[0.0322];[-0.9178];3390.49917;100),(95020.05076;[0.0079];[-0.9421];3212.53989;1;0;[0.0076];[-0.9424];3209.82872;100),(100410.17723;[0.];[-0.95];2788.91964;1;0;[0.];[-0.95];2787.38598;100),(106619.74144;[0.4386];[-0.5114];4725.64403;1;0;[0.4376];[-0.5124];4705.66938;100),(115598.55938;[0.1295];[-0.8205];3587.86277;1;0;[0.1263];[-0.8237];3583.13781;100),(123586.42769;[0.0249];[-0.9251];3372.56177;1;0;[0.0237];[-0.9263];3369.71762;100),(130883.33106;[0.0037];[-0.9463];3128.46690;1;0;[0.0039];[-0.9461];3126.10937;100),(142729.64883;[0.];[-0.95];2788.91964;1;0;[0.];[-0.95];2787.38598;100),(148330.29628;[0.4386];[-0.5114];4725.31157;1;0;[0.4369];[-0.5131];4705.33954;100),(153224.83635;[0.1336];[-0.8164];3614.06929;1;0;[0.1298];[-0.8202];3609.35890;100),(161418.46538;[0.0403];[-0.9097];3418.68342;1;0;[0.0384];[-0.9116];3415.50992;100),(166902.89950;[0.0091];[-0.9409];3269.20060;1;0;[0.009];[-0.941];3266.71373;100),(172292.62280;[0.0017];[-0.9483];3026.49150;1;0;[0.0028];[-0.9472];3024.08697;100),(173159.79576;[0.001];[-0.949];2948.27405;1;0;[0.0011];[-0.9489];2945.92979;100),(173824.49412;[0.0004];[-0.9496];2901.64606;1;0;[0.0006];[-0.9494];2899.53978;100),(174483.66594;[0.0002];[-0.9498];2868.13231;1;0;[0.0002];[-0.9498];2866.23297;100),(175251.35016;[0.0002];[-0.9498];2867.20049;1;0;[0.0002];[-0.9498];2865.30815;100),(180122.49899;[0.4392];[-0.5108];4725.90130;1;0;[0.4381];[-0.5119];4705.86739;100),(187097.46242;[0.1252];[-0.8248];3589.84652;1;0;[0.1218];[-0.8282];3585.33070;100),(196260.55574;[0.0326];[-0.9174];3395.20607;1;0;[0.0316];[-0.9184];3392.17880;100),(202852.82707;[0.0075];[-0.9425];3224.34695;1;0;[0.0073];[-0.9427];3221.78712;100),(213881.34933;[0.0017];[-0.9483];3040.02340;1;0;[0.0025];[-0.9475];3037.73732;100),(215161.99255;[0.001];[-0.949];2949.15531;1;0;[0.0011];[-0.9489];2946.83091;100),(216023.41127;[0.0004];[-0.9496];2901.64606;1;0;[0.0006];[-0.9494];2899.53978;100),(216860.76522;[0.0002];[-0.9498];2871.53706;1;0;[0.0002];[-0.9498];2869.61109;100),(217550.15922;[0.0002];[-0.9498];2871.02340;1;0;[0.0002];[-0.9498];2869.10272;100),(218179.20899;[0.0002];[-0.9498];2868.13231;1;0;[0.0002];[-0.9498];2866.23297;100),(218823.50874;[0.0002];[-0.9498];2867.20049;1;0;[0.0002];[-0.9498];2865.30815;100),(223226.72796;[0.4401];[-0.5099];4727.50792;1;0;[0.4387];[-0.5113];4707.96726;100),(229622.53118;[0.1275];[-0.8225];3594.73080;1;0;[0.1243];[-0.8257];3590.19646;100),(237798.48742;[0.0403];[-0.9097];3399.45231;1;0;[0.0388];[-0.9112];3396.07837;100),(244725.38924;[0.0054];[-0.9446];3232.03320;1;0;[0.0052];[-0.9448];3229.87419;100),(254821.24043;[0.0017];[-0.9483];3059.99632;1;0;[0.0029];[-0.9471];3057.62612;100),(255851.45092;[0.0012];[-0.9488];2975.32934;1;0;[0.0015];[-0.9485];2973.05028;100),(256672.96576;[0.0004];[-0.9496];2903.76301;1;0;[0.0006];[-0.9494];2901.67518;100),(258253.83401;[0.0002];[-0.9498];2871.53706;1;0;[0.0002];[-0.9498];2869.61109;100),(258680.39036;[0.0002];[-0.9498];2871.02340;1;0;[0.0002];[-0.9498];2869.10272;100),(259425.56286;[0.0002];[-0.9498];2867.20049;1;0;[0.0002];[-0.9498];2865.30815;100),(265865.16094;[0.4427];[-0.5073];4729.97869;1;0;[0.4413];[-0.5087];4710.14710;100),(272804.16346;[0.121];[-0.829];3584.03954;1;0;[0.1172];[-0.8328];3579.56836;100),(281399.92595;[0.0238];[-0.9262];3378.12967;1;0;[0.022];[-0.928];3375.36320;100),(289373.54279;[0.0078];[-0.9422];3238.25258;1;0;[0.0076];[-0.9424];3235.74533;100),(301816.25223;[0.0044];[-0.9456];3070.13217;1;0;[0.0049];[-0.9451];3067.43288;100),(303199.12100;[0.0017];[-0.9483];2981.93256;1;0;[0.0028];[-0.9472];2979.34538;100),(304060.33731;[0.0004];[-0.9496];2901.64606;1;0;[0.0006];[-0.9494];2899.53978;100),(304898.74935;[0.0002];[-0.9498];2868.13231;1;0;[0.0002];[-0.9498];2866.23297;100),(305892.45033;[0.0002];[-0.9498];2867.20049;1;0;[0.0002];[-0.9498];2865.30815;100),(311443.93492;[0.4442];[-0.5058];4728.80864;1;0;[0.4431];[-0.5069];4709.72900;100),(318025.01154;[0.1308];[-0.8192];3589.19621;1;0;[0.127];[-0.823];3584.54054;100),(325054.69418;[0.0283];[-0.9217];3381.76738;1;0;[0.0274];[-0.9226];3378.78793;100),(331783.78701;[0.0099];[-0.9401];3245.72998;1;0;[0.0098];[-0.9402];3243.00724;100),(343294.55566;[0.0043];[-0.9457];3089.17712;1;0;[0.0045];[-0.9455];3086.54833;100),(344361.60851;[0.0017];[-0.9483];3001.51328;1;0;[0.0027];[-0.9473];2999.07215;100),(345145.02096;[0.0002];[-0.9498];2871.02340;1;0;[0.0002];[-0.9498];2869.10272;100),(346367.45405;[0.0002];[-0.9498];2868.13231;1;0;[0.0002];[-0.9498];2866.23297;100),(346904.70958;[0.0002];[-0.9498];2867.20049;1;0;[0.0002];[-0.9498];2865.30815;100),(351922.81508;[0.4447];[-0.5053];4728.81776;1;0;[0.4437];[-0.5063];4709.58963;100),(359057.08194;[0.1237];[-0.8263];3581.14905;1;0;[0.1194];[-0.8306];3576.54131;100),(366839.27989;[0.0303];[-0.9197];3386.31493;1;0;[0.0299];[-0.9201];3383.28045;100),(371360.51631;[0.0076];[-0.9424];3254.29663;1;0;[0.0073];[-0.9427];3251.87906;100),(376748.21830;[0.0002];[-0.9498];2867.20049;1;0;[0.0002];[-0.9498];2865.30815;100),(378263.10420;[0.0002];[-0.9498];2867.20049;1;0;[0.0002];[-0.9498];2865.30815;100),(383474.17068;[0.4447];[-0.5053];4728.81776;1;0;[0.4437];[-0.5063];4709.58963;100),(389885.40149;[0.1237];[-0.8263];3581.14905;1;0;[0.1194];[-0.8306];3576.54131;100),(397964.32710;[0.0322];[-0.9178];3387.49780;1;0;[0.0313];[-0.9187];3384.36170;100),(403951.14994;[0.0076];[-0.9424];3254.29663;1;0;[0.0073];[-0.9427];3251.87906;100),(409724.61557;[0.0002];[-0.9498];2867.20049;1;0;[0.0002];[-0.9498];2865.30815;100),(415437.96587;[0.4479];[-0.5021];4730.43813;1;0;[0.4484];[-0.5016];4711.53332;100),(422290.19380;[0.1237];[-0.8263];3581.14905;1;0;[0.1194];[-0.8306];3576.54131;100),(430686.95211;[0.0322];[-0.9178];3387.49780;1;0;[0.0313];[-0.9187];3384.36170;100),(435093.99009;[0.0076];[-0.9424];3254.29663;1;0;[0.0073];[-0.9427];3251.87906;100),(446557.20568;[0.0041];[-0.9459];3106.54632;1;0;[0.0045];[-0.9455];3104.00544;100),(447377.68054;[0.0017];[-0.9483];3023.46034;1;0;[0.0028];[-0.9472];3021.04893;100),(447982.33652;[0.001];[-0.949];2974.75229;1;0;[0.0012];[-0.9488];2972.47995;100),(449410.67839;[0.0004];[-0.9496];2899.78239;1;0;[0.0006];[-0.9494];2897.68391;100),(450250.93389;[0.0004];[-0.9496];2898.65761;1;0;[0.0006];[-0.9494];2896.55954;100),(455825.80113;[0.4492];[-0.5008];4729.29271;1;0;[0.4499];[-0.5001];4710.75889;100),(461991.71090;[0.1207];[-0.8293];3572.83665;1;0;[0.1169];[-0.8331];3568.15491;100),(469310.78005;[0.0239];[-0.9261];3370.97656;1;0;[0.0221];[-0.9279];3368.14663;100),(475540.65013;[0.0078];[-0.9422];3205.53267;1;0;[0.0076];[-0.9424];3202.85569;100),(487058.22611;[0.4492];[-0.5008];4729.29271;1;0;[0.4499];[-0.5001];4710.75889;100),(494066.70642;[0.1286];[-0.8214];3586.05247;1;0;[0.1244];[-0.8256];3581.34680;100),(501618.24059;[0.0259];[-0.9241];3390.51604;1;0;[0.0246];[-0.9254];3387.74886;100),(507025.02084;[0.0081];[-0.9419];3260.21643;1;0;[0.0079];[-0.9421];3257.76117;100),(514319.12160;[0.0031];[-0.9469];3117.90073;1;0;[0.0034];[-0.9466];3115.53145;100),(515142.02046;[0.0017];[-0.9483];3026.86273;1;0;[0.0028];[-0.9472];3024.45280;100),(515844.68985;[0.0017];[-0.9483];2981.11585;1;0;[0.0028];[-0.9472];2978.53635;100),(516584.77950;[0.0008];[-0.9492];2937.56023;1;0;[0.0009];[-0.9491];2935.29710;100),(517829.34594;[0.0008];[-0.9492];2937.56023;1;0;[0.0009];[-0.9491];2935.29710;100),(523076.53022;[0.4501];[-0.4999];4729.69650;1;0;[0.4506];[-0.4994];4711.12535;100),(531235.92591;[0.1254];[-0.8246];3578.96932;1;0;[0.121];[-0.829];3574.24546;100),(539763.18741;[0.0252];[-0.9248];3374.93712;1;0;[0.024];[-0.926];3372.05598;100),(545855.96585;[0.0069];[-0.9431];3217.77976;1;0;[0.0069];[-0.9431];3215.29983;100),(550973.50979;[0.0008];[-0.9492];2937.56023;1;0;[0.0009];[-0.9491];2935.29710;100),(557814.24522;[0.4554];[-0.4946];4726.29340;1;0;[0.4553];[-0.4947];4708.34899;100),(564972.45431;[0.1099];[-0.8401];3564.75999;1;0;[0.1053];[-0.8447];3560.48599;100),(573684.09705;[0.0252];[-0.9248];3374.93712;1;0;[0.024];[-0.926];3372.05598;100),(578787.23478;[0.0069];[-0.9431];3217.77976;1;0;[0.0069];[-0.9431];3215.29983;100),(586900.75421;[0.0008];[-0.9492];2937.56023;1;0;[0.0009];[-0.9491];2935.29710;100),(592560.06932;[0.4554];[-0.4946];4726.29340;1;0;[0.4553];[-0.4947];4708.34899;100),(600663.44404;[0.1254];[-0.8246];3578.96932;1;0;[0.121];[-0.829];3574.24546;100)]"
5,2,4679.508754935371,0.99304,1,0,[0.4293],[-0.5207],600190.5453205109,"[(30486.82737;[0.3106];[-0.6394];4508.93158;1;0;[0.3023];[-0.6477];4453.45115;100),(32092.46707;[0.4328];[-0.5172];4754.62507;1;0;[0.4293];[-0.5207];4679.50875;200),(49700.25754;[0.4328];[-0.5172];4754.62507;1;0;[0.4293];[-0.5207];4679.50875;200),(59859.24196;[0.4328];[-0.5172];4754.62507;1;0;[0.4293];[-0.5207];4679.50875;200),(69490.81206;[0.4328];[-0.5172];4754.62507;1;0;[0.4293];[-0.5207];4679.50875;200),(77340.63435;[0.4328];[-0.5172];4754.62507;1;0;[0.4293];[-0.5207];4679.50875;200),(86206.77543;[0.4328];[-0.5172];4754.62507;1;0;[0.4293];[-0.5207];4679.50875;200),(94712.81266;[0.4328];[-0.5172];4754.62507;1;0;[0.4293];[-0.5207];4679.50875;200),(96141.73913;[0.3653];[-0.5847];4202.09272;1;0;[0.3615];[-0.5885];4162.29121;200),(97604.87723;[0.1179];[-0.8321];3529.38243;1;0;[0.1117];[-0.8383];3513.59611;200),(98685.94480;[0.0214];[-0.9286];3282.02382;1;0;[0.018];[-0.932];3272.90452;200),(99694.60535;[0.0129];[-0.9371];3096.99932;1;0;[0.0111];[-0.9389];3086.54747;200),(101429.26073;[0.0017];[-0.9483];2963.06517;1;0;[0.0013];[-0.9487];2954.34749;200),(101959.55873;[0.0002];[-0.9498];2841.78898;1;0;[0.0001];[-0.9499];2834.72783;200),(103203.68171;[0.0002];[-0.9498];2840.94787;1;0;[0.0001];[-0.9499];2833.91058;200),(111358.05035;[0.4328];[-0.5172];4754.62507;1;0;[0.4293];[-0.5207];4679.50875;200),(121629.29130;[0.3662];[-0.5838];4212.48617;1;0;[0.3626];[-0.5874];4172.63042;200),(132937.89721;[0.0882];[-0.8618];3484.39675;1;0;[0.0817];[-0.8683];3471.11757;200),(143289.01124;[0.0239];[-0.9261];3314.95000;1;0;[0.0228];[-0.9272];3305.67046;200),(153010.72097;[0.0174];[-0.9326];3128.46200;1;0;[0.0153];[-0.9347];3117.59730;200),(172633.97884;[0.0002];[-0.9498];2840.94787;1;0;[0.0001];[-0.9499];2833.91058;200),(180588.41753;[0.4328];[-0.5172];4754.62507;1;0;[0.4293];[-0.5207];4679.50875;200),(191128.18265;[0.3772];[-0.5728];4259.44883;1;0;[0.3732];[-0.5768];4218.76412;200),(203211.14802;[0.0887];[-0.8613];3508.85010;1;0;[0.0834];[-0.8666];3495.93777;200),(211858.86812;[0.0297];[-0.9203];3347.38967;1;0;[0.0283];[-0.9217];3337.91796;200),(222774.31083;[0.0151];[-0.9349];3225.94765;1;0;[0.0132];[-0.9368];3217.18592;200),(234160.83694;[0.0072];[-0.9428];3056.62527;1;0;[0.0069];[-0.9431];3046.88079;200),(237596.47202;[0.001];[-0.949];2931.05041;1;0;[0.0006];[-0.9494];2922.77876;200),(238567.38949;[0.0002];[-0.9498];2873.26415;1;0;[0.0002];[-0.9498];2865.74567;200),(239940.20844;[0.0002];[-0.9498];2841.78898;1;0;[0.0001];[-0.9499];2834.72783;200),(240304.42929;[0.0002];[-0.9498];2841.78898;1;0;[0.0001];[-0.9499];2834.72783;200),(241001.55807;[0.0002];[-0.9498];2840.94787;1;0;[0.0001];[-0.9499];2833.91058;200),(251292.44733;[0.4328];[-0.5172];4754.62507;1;0;[0.4293];[-0.5207];4679.50875;200),(261806.40960;[0.3663];[-0.5837];4220.37791;1;0;[0.3627];[-0.5873];4180.97392;200),(273772.01796;[0.0999];[-0.8501];3493.51415;1;0;[0.0936];[-0.8564];3479.41875;200),(284125.15044;[0.0242];[-0.9258];3332.10645;1;0;[0.023];[-0.927];3323.12148;200),(293722.25595;[0.0162];[-0.9338];3188.78128;1;0;[0.014];[-0.936];3179.11121;200),(303689.86487;[0.0002];[-0.9498];2840.94787;1;0;[0.0001];[-0.9499];2833.91058;200),(317653.89562;[0.4328];[-0.5172];4754.62507;1;0;[0.4293];[-0.5207];4679.50875;200),(332243.55912;[0.3645];[-0.5855];4222.35200;1;0;[0.3616];[-0.5884];4183.53539;200),(343881.90055;[0.0999];[-0.8501];3493.51415;1;0;[0.0936];[-0.8564];3479.41875;200),(353453.51672;[0.0242];[-0.9258];3332.10645;1;0;[0.023];[-0.927];3323.12148;200),(362486.19366;[0.0162];[-0.9338];3188.78128;1;0;[0.014];[-0.936];3179.11121;200),(381635.82754;[0.0072];[-0.9428];3060.34725;1;0;[0.0069];[-0.9431];3050.65318;200),(383819.68355;[0.0017];[-0.9483];2963.06517;1;0;[0.0013];[-0.9487];2954.34749;200),(384864.82334;[0.0002];[-0.9498];2874.74809;1;0;[0.0002];[-0.9498];2867.18961;200),(385798.45929;[0.0002];[-0.9498];2874.10999;1;0;[0.0002];[-0.9498];2866.56950;200),(386383.30507;[0.0002];[-0.9498];2871.93053;1;0;[0.0002];[-0.9498];2864.35296;200),(387068.23444;[0.0002];[-0.9498];2840.94787;1;0;[0.0001];[-0.9499];2833.91058;200),(395566.66780;[0.4328];[-0.5172];4754.62507;1;0;[0.4293];[-0.5207];4679.50875;200),(404757.49969;[0.3706];[-0.5794];4223.54448;1;0;[0.3661];[-0.5839];4182.85838;200),(416505.05209;[0.0999];[-0.8501];3493.51415;1;0;[0.0936];[-0.8564];3479.41875;200),(425860.10075;[0.0242];[-0.9258];3332.10645;1;0;[0.023];[-0.927];3323.12148;200),(434754.92668;[0.017];[-0.933];3191.43696;1;0;[0.015];[-0.935];3181.66423;200),(443049.42489;[0.0002];[-0.9498];2840.94787;1;0;[0.0001];[-0.9499];2833.91058;200),(453104.92086;[0.4328];[-0.5172];4754.62507;1;0;[0.4293];[-0.5207];4679.50875;200),(462967.10110;[0.363];[-0.587];4202.57280;1;0;[0.3604];[-0.5896];4163.18456;200),(473037.93192;[0.0882];[-0.8618];3484.39675;1;0;[0.0817];[-0.8683];3471.11757;200),(482633.37255;[0.0242];[-0.9258];3332.10645;1;0;[0.023];[-0.927];3323.12148;200),(491690.41777;[0.017];[-0.933];3191.43696;1;0;[0.015];[-0.935];3181.66423;200),(508680.90034;[0.01];[-0.94];3079.56229;1;0;[0.009];[-0.941];3069.47819;200),(512388.66878;[0.0017];[-0.9483];2964.77909;1;0;[0.0013];[-0.9487];2956.07777;200),(517329.09799;[0.0008];[-0.9492];2907.16677;1;0;[0.0006];[-0.9494];2899.19377;200),(519816.81919;[0.0002];[-0.9498];2874.10999;1;0;[0.0002];[-0.9498];2866.56950;200),(522023.28157;[0.0002];[-0.9498];2871.93053;1;0;[0.0002];[-0.9498];2864.35296;200),(532774.19353;[0.4328];[-0.5172];4754.62507;1;0;[0.4293];[-0.5207];4679.50875;200),(542693.87174;[0.3637];[-0.5863];4213.44270;1;0;[0.361];[-0.589];4174.20340;200),(552897.75705;[0.0848];[-0.8652];3487.53535;1;0;[0.0786];[-0.8714];3474.38878;200),(562190.52243;[0.0245];[-0.9255];3333.24662;1;0;[0.0233];[-0.9267];3324.22885;200),(570995.10193;[0.0175];[-0.9325];3195.09499;1;0;[0.0153];[-0.9347];3185.23138;200),(590340.44862;[0.0103];[-0.9397];3080.64496;1;0;[0.0094];[-0.9406];3070.48984;200),(592725.65508;[0.003];[-0.947];2996.63436;1;0;[0.0029];[-0.9471];2987.49050;200),(598657.04346;[0.0017];[-0.9483];2963.06517;1;0;[0.0013];[-0.9487];2954.34749;200),(599376.52612;[0.0017];[-0.9483];2963.06517;1;0;[0.0013];[-0.9487];2954.34749;200),(599959.07021;[0.0017];[-0.9483];2963.06517;1;0;[0.0013];[-0.9487];2954.34749;200)]"
5,3,4708.123078166436,0.99911,1,0,[0.4551],[-0.4949],601981.703042984,"[(30811.55324;[0.4542];[-0.4958];4715.47658;1;0;[0.4551];[-0.4949];4708.12308;100),(40185.33492;[0.4538];[-0.4962];4715.14838;1;0;[0.4553];[-0.4947];4707.94387;100),(45528.73087;[0.4538];[-0.4962];4715.14838;1;0;[0.4553];[-0.4947];4707.94387;100),(50753.96895;[0.4538];[-0.4962];4715.14838;1;0;[0.4553];[-0.4947];4707.94387;100),(56303.03979;[0.4538];[-0.4962];4715.14838;1;0;[0.4553];[-0.4947];4707.94387;100),(60820.47462;[0.4538];[-0.4962];4715.14838;1;0;[0.4553];[-0.4947];4707.94387;100),(62491.23192;[0.3177];[-0.6323];4059.92835;1;0;[0.3212];[-0.6288];4055.45522;100),(63827.84009;[0.0653];[-0.8847];3476.48321;1;0;[0.0643];[-0.8857];3475.41784;100),(66250.28324;[0.0211];[-0.9289];3353.51133;1;0;[0.0176];[-0.9324];3353.09852;100),(66722.80121;[0.0091];[-0.9409];3251.64870;1;0;[0.009];[-0.941];3251.17925;100),(68793.71881;[0.0023];[-0.9477];3128.75728;1;0;[0.0025];[-0.9475];3128.43351;100),(69811.07163;[0.0007];[-0.9493];3001.87732;1;0;[0.0006];[-0.9494];3001.24275;100),(70885.38623;[0.001];[-0.949];2948.04253;1;0;[0.0006];[-0.9494];2946.99084;100),(71845.17050;[0.0001];[-0.9499];2834.62425;1;0;[0.0001];[-0.9499];2833.53529;100),(73675.49062;[0.];[-0.95];2833.80139;1;0;[0.0001];[-0.9499];2832.71804;100),(74088.71078;[0.];[-0.95];2833.80139;1;0;[0.0001];[-0.9499];2832.71804;100),(79113.76905;[0.4538];[-0.4962];4715.14838;1;0;[0.4553];[-0.4947];4707.94387;100),(85413.61022;[0.3532];[-0.5968];4166.12009;1;0;[0.3527];[-0.5973];4161.02424;100),(91814.19206;[0.0641];[-0.8859];3475.36996;1;0;[0.0637];[-0.8863];3474.30678;100),(97452.66795;[0.0087];[-0.9413];3286.56315;1;0;[0.0086];[-0.9414];3286.47765;100),(103139.32109;[0.];[-0.95];2833.80139;1;0;[0.0001];[-0.9499];2832.71804;100),(105413.11121;[0.];[-0.95];2833.80139;1;0;[0.0001];[-0.9499];2832.71804;100),(110768.42761;[0.4538];[-0.4962];4715.14838;1;0;[0.4553];[-0.4947];4707.94387;100),(118354.97975;[0.3322];[-0.6178];4093.56806;1;0;[0.3351];[-0.6149];4088.60411;100),(124877.45905;[0.0543];[-0.8957];3451.35873;1;0;[0.0537];[-0.8963];3450.43435;100),(130663.74779;[0.005];[-0.945];3229.94058;1;0;[0.0051];[-0.9449];3229.85013;100),(140445.47772;[0.];[-0.95];2833.80139;1;0;[0.0001];[-0.9499];2832.71804;100),(148230.64756;[0.4538];[-0.4962];4715.14838;1;0;[0.4553];[-0.4947];4707.94387;100),(153948.42982;[0.3532];[-0.5968];4166.12009;1;0;[0.3527];[-0.5973];4161.02424;100),(161612.53262;[0.0622];[-0.8878];3476.09208;1;0;[0.0616];[-0.8884];3475.17078;100),(167842.31663;[0.0087];[-0.9413];3286.56315;1;0;[0.0086];[-0.9414];3286.47765;100),(181666.90636;[0.0024];[-0.9476];3124.54655;1;0;[0.0025];[-0.9475];3124.17149;100),(184786.90767;[0.0007];[-0.9493];3047.31450;1;0;[0.0006];[-0.9494];3047.00898;100),(186605.42297;[0.0009];[-0.9491];2993.22898;1;0;[0.0006];[-0.9494];2992.43723;100),(189848.88768;[0.0007];[-0.9493];2962.41864;1;0;[0.0006];[-0.9494];2961.49875;100),(193156.17847;[0.001];[-0.949];2946.63083;1;0;[0.0006];[-0.9494];2945.59274;100),(198539.35361;[0.0003];[-0.9497];2870.28780;1;0;[0.0002];[-0.9498];2869.10272;100),(203496.47498;[0.4538];[-0.4962];4715.14838;1;0;[0.4553];[-0.4947];4707.94387;100),(210737.89382;[0.3448];[-0.6052];4126.07396;1;0;[0.345];[-0.605];4120.81465;100),(216471.47274;[0.0648];[-0.8852];3484.56934;1;0;[0.0639];[-0.8861];3483.63743;100),(221807.48844;[0.0131];[-0.9369];3298.34362;1;0;[0.0119];[-0.9381];3297.94949;100),(228635.81944;[0.0003];[-0.9497];2870.28780;1;0;[0.0002];[-0.9498];2869.10272;100),(239095.74914;[0.0002];[-0.9498];2866.47501;1;0;[0.0002];[-0.9498];2865.30815;100),(244987.08963;[0.4538];[-0.4962];4715.14838;1;0;[0.4553];[-0.4947];4707.94387;100),(251382.50589;[0.3448];[-0.6052];4126.07396;1;0;[0.345];[-0.605];4120.81465;100),(258357.97954;[0.0648];[-0.8852];3484.56934;1;0;[0.0639];[-0.8861];3483.63743;100),(263817.22975;[0.0131];[-0.9369];3298.34362;1;0;[0.0119];[-0.9381];3297.94949;100),(273327.73590;[0.0002];[-0.9498];2866.47501;1;0;[0.0002];[-0.9498];2865.30815;100),(286612.90097;[0.4538];[-0.4962];4715.14838;1;0;[0.4553];[-0.4947];4707.94387;100),(294156.06189;[0.3448];[-0.6052];4126.07396;1;0;[0.345];[-0.605];4120.81465;100),(301126.96314;[0.0648];[-0.8852];3484.56934;1;0;[0.0639];[-0.8861];3483.63743;100),(305796.59367;[0.0131];[-0.9369];3298.34362;1;0;[0.0119];[-0.9381];3297.94949;100),(320313.05385;[0.0026];[-0.9474];3152.13218;1;0;[0.0027];[-0.9473];3151.88941;100),(324112.62226;[0.0016];[-0.9484];3083.29819;1;0;[0.001];[-0.949];3082.91199;100),(325665.50708;[0.001];[-0.949];3035.67328;1;0;[0.0006];[-0.9494];3035.28090;100),(328248.41428;[0.0007];[-0.9493];2989.27213;1;0;[0.0006];[-0.9494];2988.51126;100),(330478.74928;[0.0007];[-0.9493];2965.83096;1;0;[0.0006];[-0.9494];2964.90983;100),(334097.95070;[0.0007];[-0.9493];2962.41864;1;0;[0.0006];[-0.9494];2961.49875;100),(336511.72924;[0.001];[-0.949];2946.63083;1;0;[0.0006];[-0.9494];2945.59274;100),(337048.32268;[0.001];[-0.949];2946.63083;1;0;[0.0006];[-0.9494];2945.59274;100),(342347.40949;[0.4538];[-0.4962];4715.14838;1;0;[0.4553];[-0.4947];4707.94387;100),(349541.11457;[0.3271];[-0.6229];4082.46465;1;0;[0.3314];[-0.6186];4077.60255;100),(356275.59710;[0.0572];[-0.8928];3465.19294;1;0;[0.0573];[-0.8927];3464.23440;100),(361066.12706;[0.0142];[-0.9358];3304.29627;1;0;[0.0128];[-0.9372];3303.82903;100),(368702.40951;[0.001];[-0.949];2946.63083;1;0;[0.0006];[-0.9494];2945.59274;100),(381311.76114;[0.4538];[-0.4962];4715.14838;1;0;[0.4553];[-0.4947];4707.94387;100),(388364.80546;[0.3271];[-0.6229];4082.46465;1;0;[0.3314];[-0.6186];4077.60255;100),(394237.31518;[0.0572];[-0.8928];3465.19294;1;0;[0.0573];[-0.8927];3464.23440;100),(400060.59265;[0.0142];[-0.9358];3304.29627;1;0;[0.0128];[-0.9372];3303.82903;100),(412068.84432;[0.0036];[-0.9464];3176.72674;1;0;[0.0037];[-0.9463];3176.39546;100),(415661.97300;[0.0016];[-0.9484];3102.58068;1;0;[0.0012];[-0.9488];3102.27239;100),(419085.80494;[0.0007];[-0.9493];3047.31450;1;0;[0.0006];[-0.9494];3047.00898;100),(421591.15672;[0.0005];[-0.9495];3000.84534;1;0;[0.0006];[-0.9494];3000.24749;100),(424017.96103;[0.0007];[-0.9493];2965.83096;1;0;[0.0006];[-0.9494];2964.90983;100),(428799.89696;[0.0007];[-0.9493];2962.41864;1;0;[0.0006];[-0.9494];2961.49875;100),(435411.14950;[0.4538];[-0.4962];4715.14838;1;0;[0.4553];[-0.4947];4707.94387;100),(442232.07688;[0.3407];[-0.6093];4117.99614;1;0;[0.3422];[-0.6078];4112.82535;100),(449795.53628;[0.064];[-0.886];3472.62357;1;0;[0.0637];[-0.8863];3471.63443;100),(454819.39054;[0.0131];[-0.9369];3316.51526;1;0;[0.0122];[-0.9378];3316.22570;100),(468599.20001;[0.0053];[-0.9447];3196.96882;1;0;[0.0054];[-0.9446];3196.56004;100),(472942.59429;[0.0024];[-0.9476];3132.04836;1;0;[0.0025];[-0.9475];3131.71172;100),(474449.10765;[0.0016];[-0.9484];3082.98210;1;0;[0.001];[-0.949];3082.60394;100),(478266.36791;[0.001];[-0.949];3036.37307;1;0;[0.0006];[-0.9494];3035.97350;100),(480022.91489;[0.0007];[-0.9493];2988.67665;1;0;[0.0006];[-0.9494];2987.92219;100),(483178.09892;[0.0007];[-0.9493];2987.86043;1;0;[0.0006];[-0.9494];2987.11316;100),(485465.26074;[0.0007];[-0.9493];2987.86043;1;0;[0.0006];[-0.9494];2987.11316;100),(489680.28855;[0.4538];[-0.4962];4715.14838;1;0;[0.4553];[-0.4947];4707.94387;100),(495408.82087;[0.3274];[-0.6226];4063.72209;1;0;[0.3314];[-0.6186];4058.55644;100),(501562.23321;[0.0673];[-0.8827];3478.63247;1;0;[0.0673];[-0.8827];3477.53903;100),(506228.98912;[0.0127];[-0.9373];3325.89114;1;0;[0.0121];[-0.9379];3325.71732;100),(512553.35975;[0.0007];[-0.9493];2987.86043;1;0;[0.0006];[-0.9494];2987.11316;100),(525627.82192;[0.4538];[-0.4962];4715.14838;1;0;[0.4553];[-0.4947];4707.94387;100),(531341.98737;[0.3274];[-0.6226];4063.72209;1;0;[0.3314];[-0.6186];4058.55644;100),(537307.87754;[0.0673];[-0.8827];3478.63247;1;0;[0.0673];[-0.8827];3477.53903;100),(542864.27736;[0.0187];[-0.9313];3324.33858;1;0;[0.0158];[-0.9342];3323.78114;100),(554598.73557;[0.0055];[-0.9445];3205.11130;1;0;[0.0058];[-0.9442];3204.72605;100),(557248.31581;[0.0024];[-0.9476];3148.36916;1;0;[0.0025];[-0.9475];3148.16295;100),(559595.51382;[0.0016];[-0.9484];3082.98210;1;0;[0.001];[-0.949];3082.60394;100),(564772.13836;[0.001];[-0.949];3036.37307;1;0;[0.0006];[-0.9494];3035.97350;100),(568771.99554;[0.001];[-0.949];3034.65733;1;0;[0.0006];[-0.9494];3034.21400;100),(571074.19515;[0.0007];[-0.9493];2988.67665;1;0;[0.0006];[-0.9494];2987.92219;100),(574152.44198;[0.0007];[-0.9493];2987.86043;1;0;[0.0006];[-0.9494];2987.11316;100),(578944.19479;[0.4538];[-0.4962];4715.14838;1;0;[0.4553];[-0.4947];4707.94387;100),(584513.80801;[0.1207];[-0.8293];3642.56819;1;0;[0.1263];[-0.8237];3642.26156;100),(592561.12003;[0.0583];[-0.8917];3460.01022;1;0;[0.058];[-0.892];3458.94450;100),(596834.17082;[0.0113];[-0.9387];3292.11879;1;0;[0.011];[-0.939];3291.75906;100)]"
5,4,4705.57042067131,0.99857,1,0,[0.4506],[-0.4994],601941.2820339203,"[(30999.47691;[0.4591];[-0.4909];4773.18783;1;0;[0.4506];[-0.4994];4705.57042;100),(41166.84008;[0.4591];[-0.4909];4773.18783;1;0;[0.4506];[-0.4994];4705.57042;100),(46178.64823;[0.4591];[-0.4909];4773.18783;1;0;[0.4506];[-0.4994];4705.57042;100),(50398.54670;[0.4591];[-0.4909];4773.18783;1;0;[0.4506];[-0.4994];4705.57042;100),(55567.37089;[0.4591];[-0.4909];4773.18783;1;0;[0.4506];[-0.4994];4705.57042;100),(60793.46681;[0.4591];[-0.4909];4773.18783;1;0;[0.4506];[-0.4994];4705.57042;100),(61451.49469;[0.3296];[-0.6204];4096.68849;1;0;[0.3261];[-0.6239];4059.35155;100),(63216.06970;[0.047];[-0.903];3431.78249;1;0;[0.0467];[-0.9033];3420.38527;100),(63830.28054;[0.0104];[-0.9396];3255.12156;1;0;[0.0084];[-0.9416];3247.21389;100),(65727.42414;[0.0128];[-0.9372];3168.16926;1;0;[0.0113];[-0.9387];3157.74171;100),(68798.50483;[0.0066];[-0.9434];3088.04026;1;0;[0.0062];[-0.9438];3078.22035;100),(71278.69749;[0.0047];[-0.9453];3025.86739;1;0;[0.0046];[-0.9454];3015.75111;100),(73341.05468;[0.0023];[-0.9477];2978.64936;1;0;[0.0026];[-0.9474];2969.24356;100),(77132.48968;[0.0005];[-0.9495];2907.62787;1;0;[0.0006];[-0.9494];2899.31019;100),(78735.46529;[0.0005];[-0.9495];2905.59418;1;0;[0.0006];[-0.9494];2897.28722;100),(81316.92243;[0.0005];[-0.9495];2905.59418;1;0;[0.0006];[-0.9494];2897.28722;100),(87184.09514;[0.4591];[-0.4909];4773.18783;1;0;[0.4506];[-0.4994];4705.57042;100),(92650.09165;[0.1126];[-0.8374];3651.36704;1;0;[0.1102];[-0.8398];3638.80555;100),(99569.97943;[0.069];[-0.881];3480.27264;1;0;[0.0631];[-0.8869];3467.67553;100),(105101.03822;[0.0122];[-0.9378];3281.52720;1;0;[0.0105];[-0.9395];3273.54221;100),(117772.07685;[0.0116];[-0.9384];3157.14123;1;0;[0.0095];[-0.9405];3147.10207;100),(119517.90094;[0.0046];[-0.9454];3025.57606;1;0;[0.0046];[-0.9454];3015.48144;100),(123965.05189;[0.003];[-0.947];2999.76194;1;0;[0.0029];[-0.9471];2990.14856;100),(126780.86591;[0.0014];[-0.9486];2965.07987;1;0;[0.0013];[-0.9487];2956.07777;100),(134867.50793;[0.0014];[-0.9486];2963.39137;1;0;[0.0013];[-0.9487];2954.34749;100),(140773.77915;[0.4591];[-0.4909];4773.18783;1;0;[0.4506];[-0.4994];4705.57042;100),(145911.90767;[0.1126];[-0.8374];3651.36704;1;0;[0.1102];[-0.8398];3638.80555;100),(153534.00612;[0.069];[-0.881];3480.27264;1;0;[0.0631];[-0.8869];3467.67553;100),(163416.22567;[0.0125];[-0.9375];3284.79712;1;0;[0.0112];[-0.9388];3276.69441;100),(171933.77376;[0.0014];[-0.9486];2963.39137;1;0;[0.0013];[-0.9487];2954.34749;100),(189271.57307;[0.4591];[-0.4909];4773.18783;1;0;[0.4506];[-0.4994];4705.57042;100),(194757.01141;[0.1126];[-0.8374];3651.36704;1;0;[0.1102];[-0.8398];3638.80555;100),(203652.81129;[0.069];[-0.881];3480.27264;1;0;[0.0631];[-0.8869];3467.67553;100),(208843.08290;[0.0125];[-0.9375];3284.79712;1;0;[0.0112];[-0.9388];3276.69441;100),(223721.99321;[0.0117];[-0.9383];3161.24000;1;0;[0.0099];[-0.9401];3151.17323;100),(225646.97170;[0.003];[-0.947];2999.76194;1;0;[0.0029];[-0.9471];2990.14856;100),(232265.83767;[0.0028];[-0.9472];2997.20956;1;0;[0.0028];[-0.9472];2987.65123;100),(234137.29858;[0.0027];[-0.9473];2991.85940;1;0;[0.0026];[-0.9474];2982.36880;100),(239079.58555;[0.4591];[-0.4909];4773.18783;1;0;[0.4506];[-0.4994];4705.57042;100),(246122.91265;[0.1071];[-0.8429];3638.31274;1;0;[0.1025];[-0.8475];3626.09955;100),(253480.68237;[0.0577];[-0.8923];3479.94718;1;0;[0.0556];[-0.8944];3468.43014;100),(259766.81781;[0.0155];[-0.9345];3288.59081;1;0;[0.0137];[-0.9363];3279.65668;100),(265994.74931;[0.0027];[-0.9473];2991.85940;1;0;[0.0026];[-0.9474];2982.36880;100),(273268.69583;[0.0027];[-0.9473];2991.85940;1;0;[0.0026];[-0.9474];2982.36880;100),(278530.11417;[0.4591];[-0.4909];4773.18783;1;0;[0.4506];[-0.4994];4705.57042;100),(285511.55758;[0.1071];[-0.8429];3638.31274;1;0;[0.1025];[-0.8475];3626.09955;100),(291830.85465;[0.0577];[-0.8923];3479.94718;1;0;[0.0556];[-0.8944];3468.43014;100),(297836.35783;[0.0155];[-0.9345];3288.59081;1;0;[0.0137];[-0.9363];3279.65668;100),(304565.84334;[0.0027];[-0.9473];2991.85940;1;0;[0.0026];[-0.9474];2982.36880;100),(317293.82944;[0.4591];[-0.4909];4773.18783;1;0;[0.4506];[-0.4994];4705.57042;100),(324202.70467;[0.1071];[-0.8429];3638.31274;1;0;[0.1025];[-0.8475];3626.09955;100),(331118.35909;[0.0577];[-0.8923];3479.94718;1;0;[0.0556];[-0.8944];3468.43014;100),(337119.66848;[0.0155];[-0.9345];3288.59081;1;0;[0.0137];[-0.9363];3279.65668;100),(349336.53140;[0.0128];[-0.9372];3167.83013;1;0;[0.0111];[-0.9389];3157.43366;100),(351385.32448;[0.0074];[-0.9426];3105.79865;1;0;[0.0067];[-0.9433];3095.95118;100),(353714.74624;[0.0076];[-0.9424];3054.69141;1;0;[0.007];[-0.943];3043.92910;100),(355536.51786;[0.0046];[-0.9454];3025.57606;1;0;[0.0046];[-0.9454];3015.48144;100),(360023.64731;[0.0045];[-0.9455];3025.06559;1;0;[0.0044];[-0.9456];3014.99335;100),(363022.40872;[0.0044];[-0.9456];3024.33294;1;0;[0.0043];[-0.9457];3014.28784;100),(364770.65134;[0.0046];[-0.9454];3023.44961;1;0;[0.0046];[-0.9454];3013.32399;100),(370575.69551;[0.4591];[-0.4909];4773.18783;1;0;[0.4506];[-0.4994];4705.57042;100),(375624.62544;[0.1428];[-0.8072];3634.22884;1;0;[0.1408];[-0.8092];3617.76065;100),(383420.63999;[0.0561];[-0.8939];3462.18086;1;0;[0.0537];[-0.8963];3450.43435;100),(389749.44687;[0.0168];[-0.9332];3293.55621;1;0;[0.0152];[-0.9348];3284.48736;100),(396752.93517;[0.0046];[-0.9454];3023.44961;1;0;[0.0046];[-0.9454];3013.32399;100),(409104.46835;[0.4591];[-0.4909];4773.18783;1;0;[0.4506];[-0.4994];4705.57042;100),(415438.42053;[0.1428];[-0.8072];3634.22884;1;0;[0.1408];[-0.8092];3617.76065;100),(423670.73536;[0.0561];[-0.8939];3462.18086;1;0;[0.0537];[-0.8963];3450.43435;100),(429235.77929;[0.0168];[-0.9332];3293.55621;1;0;[0.0152];[-0.9348];3284.48736;100),(441408.67543;[0.0103];[-0.9397];3183.01309;1;0;[0.0079];[-0.9421];3173.98781;100),(443145.85328;[0.0116];[-0.9384];3118.39992;1;0;[0.0098];[-0.9402];3107.66494;100),(445177.45185;[0.0076];[-0.9424];3054.69141;1;0;[0.007];[-0.943];3043.92910;100),(445643.64457;[0.0045];[-0.9455];3025.06559;1;0;[0.0044];[-0.9456];3014.99335;100),(450136.97624;[0.0044];[-0.9456];3024.33294;1;0;[0.0043];[-0.9457];3014.28784;100),(454676.65935;[0.4591];[-0.4909];4773.18783;1;0;[0.4506];[-0.4994];4705.57042;100),(460001.22452;[0.1464];[-0.8036];3629.91565;1;0;[0.1439];[-0.8061];3612.86453;100),(468541.44335;[0.0498];[-0.9002];3462.42670;1;0;[0.0488];[-0.9012];3451.47912;100),(474300.45342;[0.0123];[-0.9377];3295.68719;1;0;[0.0105];[-0.9395];3287.94299;100),(479163.16247;[0.0044];[-0.9456];3024.33294;1;0;[0.0043];[-0.9457];3014.28784;100),(487862.11801;[0.4591];[-0.4909];4773.18783;1;0;[0.4506];[-0.4994];4705.57042;100),(493326.61510;[0.1464];[-0.8036];3629.91565;1;0;[0.1439];[-0.8061];3612.86453;100),(500382.68185;[0.0498];[-0.9002];3462.42670;1;0;[0.0488];[-0.9012];3451.47912;100),(507117.68603;[0.0123];[-0.9377];3295.68719;1;0;[0.0105];[-0.9395];3287.94299;100),(518273.56911;[0.011];[-0.939];3189.72708;1;0;[0.0089];[-0.9411];3180.41962;100),(519930.49097;[0.0125];[-0.9375];3121.43774;1;0;[0.0107];[-0.9393];3110.43287;100),(521582.93819;[0.0071];[-0.9429];3049.72182;1;0;[0.0067];[-0.9433];3039.13838;100),(523622.32995;[0.0046];[-0.9454];3025.57606;1;0;[0.0046];[-0.9454];3015.48144;100),(526176.20111;[0.0044];[-0.9456];3024.33294;1;0;[0.0043];[-0.9457];3014.28784;100),(533151.49498;[0.4591];[-0.4909];4773.18783;1;0;[0.4506];[-0.4994];4705.57042;100),(539200.16241;[0.1492];[-0.8008];3633.40095;1;0;[0.1463];[-0.8037];3616.15710;100),(546878.92795;[0.0524];[-0.8976];3468.64471;1;0;[0.0508];[-0.8992];3457.55921;100),(552035.91037;[0.0132];[-0.9368];3305.88549;1;0;[0.0119];[-0.9381];3297.94949;100),(563879.64845;[0.0088];[-0.9412];3196.31602;1;0;[0.0073];[-0.9427];3187.81451;100),(565669.08932;[0.0129];[-0.9371];3130.38910;1;0;[0.0117];[-0.9383];3119.27276;100),(567095.29376;[0.0071];[-0.9429];3049.52641;1;0;[0.0066];[-0.9434];3038.96473;100),(570902.60792;[0.0068];[-0.9432];3049.11323;1;0;[0.0066];[-0.9434];3038.57279;100),(572710.82950;[0.0066];[-0.9434];3048.48531;1;0;[0.0065];[-0.9435];3037.96826;100),(574088.29999;[0.0044];[-0.9456];3024.33294;1;0;[0.0043];[-0.9457];3014.28784;100),(578440.35554;[0.4591];[-0.4909];4773.18783;1;0;[0.4506];[-0.4994];4705.57042;100),(584064.91137;[0.1338];[-0.8162];3621.23356;1;0;[0.1305];[-0.8195];3605.60154;100),(592221.97819;[0.0509];[-0.8991];3449.36229;1;0;[0.05];[-0.9];3437.94233;100),(597714.96415;[0.0123];[-0.9377];3271.47987;1;0;[0.0108];[-0.9392];3263.17267;100)]"
5,8,4704.795930536792,0.99841,1,0,[0.4417],[-0.5083],606226.8557548523,"[(31587.70180;[0.335];[-0.615];4621.80923;1;0;[0.3293];[-0.6207];4508.14490;100),(42841.21275;[0.335];[-0.615];4621.87910;1;0;[0.3293];[-0.6207];4508.23507;100),(48426.34940;[0.3349];[-0.6151];4622.57578;1;0;[0.3293];[-0.6207];4508.74093;100),(53115.18955;[0.3349];[-0.6151];4622.57578;1;0;[0.3293];[-0.6207];4508.74093;100),(60070.47200;[0.3349];[-0.6151];4622.57578;1;0;[0.3293];[-0.6207];4508.74093;100),(65350.43931;[0.3349];[-0.6151];4622.57578;1;0;[0.3293];[-0.6207];4508.74093;100),(67172.19234;[0.2936];[-0.6564];3854.51315;1;0;[0.287];[-0.663];3808.22060;100),(70237.28347;[0.0761];[-0.8739];3415.58533;1;0;[0.07];[-0.88];3397.48639;100),(71245.71967;[0.0287];[-0.9213];3283.69363;1;0;[0.0239];[-0.9261];3270.25074;100),(71954.04720;[0.022];[-0.928];3183.07846;1;0;[0.0162];[-0.9338];3168.96342;100),(73396.62933;[0.0138];[-0.9362];3100.97308;1;0;[0.0119];[-0.9381];3086.99525;100),(75199.29838;[0.0074];[-0.9426];3051.95351;1;0;[0.007];[-0.943];3039.13080;100),(79754.56166;[0.0071];[-0.9429];3051.19127;1;0;[0.0066];[-0.9434];3038.57279;100),(81373.79694;[0.0071];[-0.9429];3049.00698;1;0;[0.0067];[-0.9433];3036.30666;100),(89867.90633;[0.4471];[-0.5029];4795.37865;1;0;[0.4395];[-0.5105];4696.77150;100),(110317.45815;[0.4497];[-0.5003];4799.51169;1;0;[0.4417];[-0.5083];4704.79593;200),(146600.24071;[0.339];[-0.611];4726.70524;1;0;[0.3278];[-0.6222];4608.44217;400),(165286.27062;[0.339];[-0.611];4726.70524;1;0;[0.3278];[-0.6222];4608.44217;400),(186033.31208;[0.339];[-0.611];4726.70524;1;0;[0.3278];[-0.6222];4608.44217;400),(204478.04189;[0.339];[-0.611];4726.70524;1;0;[0.3278];[-0.6222];4608.44217;400),(221887.79068;[0.339];[-0.611];4726.70524;1;0;[0.3278];[-0.6222];4608.44217;400),(239098.50574;[0.339];[-0.611];4726.70524;1;0;[0.3278];[-0.6222];4608.44217;400),(255592.43417;[0.339];[-0.611];4726.70524;1;0;[0.3278];[-0.6222];4608.44217;400),(258001.36876;[0.1339];[-0.8161];3587.41733;1;0;[0.129];[-0.821];3564.74954;400),(259101.79830;[0.0239];[-0.9261];3284.66957;1;0;[0.0177];[-0.9323];3272.23064;400),(259653.96833;[0.0089];[-0.9411];3062.32112;1;0;[0.0075];[-0.9425];3049.22402;400),(260346.58766;[0.0005];[-0.9495];2878.92409;1;0;[0.0002];[-0.9498];2869.61109;400),(261404.35791;[0.0005];[-0.9495];2875.90544;1;0;[0.0002];[-0.9498];2866.56950;400),(262213.79781;[0.0002];[-0.9498];2854.59286;1;0;[0.0002];[-0.9498];2845.31479;400),(262990.16738;[0.0001];[-0.9499];2817.75646;1;0;[0.0001];[-0.9499];2809.26624;400),(263455.34515;[0.0001];[-0.9499];2817.75646;1;0;[0.0001];[-0.9499];2809.26624;400),(280250.10228;[0.4462];[-0.5038];4798.93829;1;0;[0.4388];[-0.5112];4702.43853;400),(298832.14211;[0.359];[-0.591];4192.19393;1;0;[0.3518];[-0.5982];4145.57142;400),(318840.27100;[0.1012];[-0.8488];3534.63540;1;0;[0.0957];[-0.8543];3516.49335;400),(339722.50915;[0.0368];[-0.9132];3362.02832;1;0;[0.0322];[-0.9178];3348.85105;400),(356763.77630;[0.0156];[-0.9344];3217.50444;1;0;[0.0128];[-0.9372];3205.32440;400),(374301.82552;[0.0091];[-0.9409];3062.49223;1;0;[0.0077];[-0.9423];3049.36467;400),(390698.18044;[0.0001];[-0.9499];2817.75646;1;0;[0.0001];[-0.9499];2809.26624;400),(408119.90190;[0.4462];[-0.5038];4798.93829;1;0;[0.4388];[-0.5112];4702.43853;400),(425663.89561;[0.359];[-0.591];4192.19393;1;0;[0.3518];[-0.5982];4145.57142;400),(445989.41016;[0.1012];[-0.8488];3534.63540;1;0;[0.0957];[-0.8543];3516.49335;400),(466798.37537;[0.0368];[-0.9132];3362.02832;1;0;[0.0322];[-0.9178];3348.85105;400),(483994.86017;[0.0153];[-0.9347];3216.61033;1;0;[0.0122];[-0.9378];3204.47248;400),(501707.09825;[0.0091];[-0.9409];3062.49223;1;0;[0.0077];[-0.9423];3049.36467;400),(534188.06410;[0.0022];[-0.9478];2967.93264;1;0;[0.0014];[-0.9486];2957.07424;400),(535094.95878;[0.0014];[-0.9486];2907.53855;1;0;[0.0006];[-0.9494];2897.50463;400),(536196.57779;[0.0005];[-0.9495];2876.55425;1;0;[0.0002];[-0.9498];2867.18961;400),(536765.19322;[0.0005];[-0.9495];2873.74983;1;0;[0.0002];[-0.9498];2864.35296;400),(538387.32338;[0.0002];[-0.9498];2852.53116;1;0;[0.0002];[-0.9498];2843.28516;400),(554353.41263;[0.4462];[-0.5038];4798.93829;1;0;[0.4388];[-0.5112];4702.43853;400),(573576.13444;[0.3554];[-0.5946];4174.63477;1;0;[0.3486];[-0.6014];4127.95264;400),(591954.70238;[0.1012];[-0.8488];3534.63540;1;0;[0.0957];[-0.8543];3516.49335;400)]"
5,7,4685.9478738548805,0.99441,1,0,[0.4406],[-0.5094],600467.4434661865,"[(31982.34653;[0.44];[-0.51];4660.96443;1;0;[0.44];[-0.51];4660.96443;100),(43318.26425;[0.44];[-0.51];4660.96443;1;0;[0.44];[-0.51];4660.96443;100),(60541.71181;[0.4406];[-0.5094];4685.94787;1;0;[0.4406];[-0.5094];4685.94787;200),(70003.19457;[0.4406];[-0.5094];4685.94787;1;0;[0.4406];[-0.5094];4685.94787;200),(79901.22104;[0.4406];[-0.5094];4685.94787;1;0;[0.4406];[-0.5094];4685.94787;200),(88943.99285;[0.4406];[-0.5094];4685.94787;1;0;[0.4406];[-0.5094];4685.94787;200),(98222.23973;[0.4406];[-0.5094];4685.94787;1;0;[0.4406];[-0.5094];4685.94787;200),(108170.07446;[0.4406];[-0.5094];4685.94787;1;0;[0.4406];[-0.5094];4685.94787;200),(109372.77389;[0.3249];[-0.6251];4052.60267;1;0;[0.3249];[-0.6251];4052.60267;200),(111303.97320;[0.051];[-0.899];3434.77927;1;0;[0.051];[-0.899];3434.77927;200),(113591.85815;[0.0131];[-0.9369];3291.13196;1;0;[0.0131];[-0.9369];3291.13196;200),(114292.15264;[0.0065];[-0.9435];3204.02387;1;0;[0.0065];[-0.9435];3204.02387;200),(116010.55765;[0.0039];[-0.9461];3104.97755;1;0;[0.0039];[-0.9461];3104.97755;200),(116773.98229;[0.0033];[-0.9467];3037.61626;1;0;[0.0033];[-0.9467];3037.61626;200),(117540.14587;[0.0026];[-0.9474];3001.59624;1;0;[0.0026];[-0.9474];3001.59624;200),(118671.88859;[0.0013];[-0.9487];2957.35292;1;0;[0.0013];[-0.9487];2957.35292;200),(119773.17071;[0.0009];[-0.9491];2930.82065;1;0;[0.0009];[-0.9491];2930.82065;200),(120376.21641;[0.0006];[-0.9494];2920.03337;1;0;[0.0006];[-0.9494];2920.03337;200),(120851.66645;[0.0006];[-0.9494];2896.55954;1;0;[0.0006];[-0.9494];2896.55954;200),(121412.10485;[0.0002];[-0.9498];2863.59218;1;0;[0.0002];[-0.9498];2863.59218;200),(122222.20898;[0.0002];[-0.9498];2858.47002;1;0;[0.0002];[-0.9498];2858.47002;200),(131651.31950;[0.4406];[-0.5094];4685.94787;1;0;[0.4406];[-0.5094];4685.94787;200),(140726.11785;[0.3302];[-0.6198];4063.20588;1;0;[0.3302];[-0.6198];4063.20588;200),(153199.63455;[0.0661];[-0.8839];3475.83359;1;0;[0.0661];[-0.8839];3475.83359;200),(162677.22869;[0.015];[-0.935];3317.06370;1;0;[0.015];[-0.935];3317.06370;200),(173675.07553;[0.0043];[-0.9457];3103.63961;1;0;[0.0043];[-0.9457];3103.63961;200),(201625.33069;[0.4406];[-0.5094];4685.94787;1;0;[0.4406];[-0.5094];4685.94787;200),(211375.88549;[0.3401];[-0.6099];4122.16523;1;0;[0.3401];[-0.6099];4122.16523;200),(223147.46928;[0.0741];[-0.8759];3496.76116;1;0;[0.0741];[-0.8759];3496.76116;200),(234626.43027;[0.0169];[-0.9331];3342.19125;1;0;[0.0169];[-0.9331];3342.19125;200),(243109.82108;[0.0066];[-0.9434];3205.69316;1;0;[0.0066];[-0.9434];3205.69316;200),(252353.32727;[0.0046];[-0.9454];3037.36039;1;0;[0.0046];[-0.9454];3037.36039;200),(254636.36351;[0.0026];[-0.9474];2985.07799;1;0;[0.0026];[-0.9474];2985.07799;200),(255580.88422;[0.0014];[-0.9486];2956.68230;1;0;[0.0014];[-0.9486];2956.68230;200),(257263.47017;[0.0006];[-0.9494];2920.50018;1;0;[0.0006];[-0.9494];2920.50018;200),(257987.59913;[0.0006];[-0.9494];2920.03337;1;0;[0.0006];[-0.9494];2920.03337;200),(258510.17570;[0.0006];[-0.9494];2894.22141;1;0;[0.0006];[-0.9494];2894.22141;200),(267499.87960;[0.4406];[-0.5094];4685.94787;1;0;[0.4406];[-0.5094];4685.94787;200),(275666.28599;[0.3306];[-0.6194];4074.82622;1;0;[0.3306];[-0.6194];4074.82622;200),(287375.55718;[0.0653];[-0.8847];3483.34980;1;0;[0.0653];[-0.8847];3483.34980;200),(296572.28756;[0.0163];[-0.9337];3325.05882;1;0;[0.0163];[-0.9337];3325.05882;200),(306969.15412;[0.0058];[-0.9442];3168.31848;1;0;[0.0058];[-0.9442];3168.31848;200),(323871.58966;[0.0025];[-0.9475];3046.42032;1;0;[0.0025];[-0.9475];3046.42032;200),(327539.10804;[0.0028];[-0.9472];2987.65123;1;0;[0.0028];[-0.9472];2987.65123;200),(328358.25205;[0.0013];[-0.9487];2955.26052;1;0;[0.0013];[-0.9487];2955.26052;200),(331068.95280;[0.0012];[-0.9488];2949.65107;1;0;[0.0012];[-0.9488];2949.65107;200),(331866.16278;[0.0006];[-0.9494];2920.03337;1;0;[0.0006];[-0.9494];2920.03337;200),(332421.02742;[0.0006];[-0.9494];2920.03337;1;0;[0.0006];[-0.9494];2920.03337;200),(345608.72173;[0.4406];[-0.5094];4685.94787;1;0;[0.4406];[-0.5094];4685.94787;200),(355202.21615;[0.3275];[-0.6225];4054.64801;1;0;[0.3275];[-0.6225];4054.64801;200),(366877.30169;[0.0677];[-0.8823];3477.06118;1;0;[0.0677];[-0.8823];3477.06118;200),(376795.05920;[0.0163];[-0.9337];3325.05882;1;0;[0.0163];[-0.9337];3325.05882;200),(387358.23679;[0.0065];[-0.9435];3173.62671;1;0;[0.0065];[-0.9435];3173.62671;200),(405831.84123;[0.0041];[-0.9459];3055.49330;1;0;[0.0041];[-0.9459];3055.49330;200),(407580.97410;[0.0029];[-0.9471];2990.14856;1;0;[0.0029];[-0.9471];2990.14856;200),(408889.60981;[0.0013];[-0.9487];2956.07777;1;0;[0.0013];[-0.9487];2956.07777;200),(411197.60060;[0.0006];[-0.9494];2920.03337;1;0;[0.0006];[-0.9494];2920.03337;200),(422050.54712;[0.4406];[-0.5094];4685.94787;1;0;[0.4406];[-0.5094];4685.94787;200),(430246.30427;[0.109];[-0.841];3637.88114;1;0;[0.109];[-0.841];3637.88114;200),(440102.04697;[0.0634];[-0.8866];3473.89806;1;0;[0.0634];[-0.8866];3473.89806;200),(449041.25142;[0.0163];[-0.9337];3325.05882;1;0;[0.0163];[-0.9337];3325.05882;200),(458704.23222;[0.0067];[-0.9433];3174.27254;1;0;[0.0067];[-0.9433];3174.27254;200),(478884.84812;[0.0042];[-0.9458];3055.88524;1;0;[0.0042];[-0.9458];3055.88524;200),(480219.79713;[0.0029];[-0.9471];2990.14856;1;0;[0.0029];[-0.9471];2990.14856;200),(482940.52863;[0.0026];[-0.9474];2982.36880;1;0;[0.0026];[-0.9474];2982.36880;200),(484030.31850;[0.0012];[-0.9488];2955.06403;1;0;[0.0012];[-0.9488];2955.06403;200),(485331.79212;[0.0012];[-0.9488];2950.46010;1;0;[0.0012];[-0.9488];2950.46010;200),(488670.36343;[0.0012];[-0.9488];2949.65107;1;0;[0.0012];[-0.9488];2949.65107;200),(498069.79680;[0.4406];[-0.5094];4685.94787;1;0;[0.4406];[-0.5094];4685.94787;200),(506449.73135;[0.1078];[-0.8422];3636.82085;1;0;[0.1078];[-0.8422];3636.82085;200),(516456.69484;[0.0634];[-0.8866];3473.89806;1;0;[0.0634];[-0.8866];3473.89806;200),(525019.66333;[0.0163];[-0.9337];3325.05882;1;0;[0.0163];[-0.9337];3325.05882;200),(533980.27730;[0.0091];[-0.9409];3180.65642;1;0;[0.0091];[-0.9409];3180.65642;200),(543561.28645;[0.0012];[-0.9488];2949.65107;1;0;[0.0012];[-0.9488];2949.65107;200),(557247.18118;[0.4406];[-0.5094];4685.94787;1;0;[0.4406];[-0.5094];4685.94787;200),(565798.89441;[0.1078];[-0.8422];3636.82085;1;0;[0.1078];[-0.8422];3636.82085;200),(575545.72034;[0.0634];[-0.8866];3473.89806;1;0;[0.0634];[-0.8866];3473.89806;200),(584001.28603;[0.0163];[-0.9337];3325.05882;1;0;[0.0163];[-0.9337];3325.05882;200),(593386.36494;[0.0091];[-0.9409];3180.65642;1;0;[0.0091];[-0.9409];3180.65642;200)]"
5,5,4697.878076844052,0.99694,1,0,[0.4572],[-0.4928],603786.612033844,"[(30283.15306;[0.2761];[-0.6739];4482.43848;1;0;[0.2794];[-0.6706];4535.44697;100),(40650.36821;[0.2761];[-0.6739];4482.43848;1;0;[0.2794];[-0.6706];4535.44697;100),(46858.83856;[0.2761];[-0.6739];4482.43848;1;0;[0.2794];[-0.6706];4535.44697;100),(51458.46772;[0.2761];[-0.6739];4482.43848;1;0;[0.2794];[-0.6706];4535.44697;100),(57015.30099;[0.2761];[-0.6739];4482.43848;1;0;[0.2794];[-0.6706];4535.44697;100),(62325.68455;[0.2761];[-0.6739];4482.43848;1;0;[0.2794];[-0.6706];4535.44697;100),(63443.07399;[0.0441];[-0.9059];3585.02668;1;0;[0.0482];[-0.9018];3592.84013;100),(66213.65809;[0.0233];[-0.9267];3386.77032;1;0;[0.0248];[-0.9252];3390.71311;100),(68445.22023;[0.0027];[-0.9473];3029.19172;1;0;[0.0029];[-0.9471];3031.86150;100),(69306.57792;[0.0018];[-0.9482];2951.94508;1;0;[0.0013];[-0.9487];2954.34749;100),(69844.04230;[0.0005];[-0.9495];2899.97940;1;0;[0.0006];[-0.9494];2902.09856;100),(70540.78841;[0.0001];[-0.9499];2867.67657;1;0;[0.0002];[-0.9498];2869.61109;100),(71171.36812;[0.0001];[-0.9499];2832.10939;1;0;[0.0001];[-0.9499];2833.91058;100),(72177.05035;[0.0001];[-0.9499];2830.29853;1;0;[0.0001];[-0.9499];2832.10584;100),(72740.70287;[0.0001];[-0.9499];2829.27386;1;0;[0.0001];[-0.9499];2831.07751;100),(77112.67972;[0.4447];[-0.5053];4680.28979;1;0;[0.4494];[-0.5006];4707.80636;100),(84283.15711;[0.065];[-0.885];3607.84451;1;0;[0.0658];[-0.8842];3615.68292;100),(92115.99350;[0.0543];[-0.8957];3449.62012;1;0;[0.0558];[-0.8942];3454.27826;100),(98194.02313;[0.0068];[-0.9432];3248.43256;1;0;[0.0073];[-0.9427];3251.87906;100),(102862.82444;[0.0001];[-0.9499];2829.27386;1;0;[0.0001];[-0.9499];2831.07751;100),(110227.40459;[0.4447];[-0.5053];4680.28979;1;0;[0.4494];[-0.5006];4707.80636;100),(116678.95007;[0.0934];[-0.8566];3607.11881;1;0;[0.095];[-0.855];3614.50158;100),(124011.24096;[0.0372];[-0.9128];3423.09733;1;0;[0.0386];[-0.9114];3427.42110;100),(130980.86500;[0.0073];[-0.9427];3171.39158;1;0;[0.008];[-0.942];3174.63363;100),(148390.59353;[0.4447];[-0.5053];4680.28979;1;0;[0.4494];[-0.5006];4707.80636;100),(153956.11191;[0.0625];[-0.8875];3621.62075;1;0;[0.0639];[-0.8861];3629.72701;100),(160794.84010;[0.0631];[-0.8869];3469.47967;1;0;[0.0637];[-0.8863];3474.30678;100),(165691.94698;[0.0129];[-0.9371];3300.43525;1;0;[0.0128];[-0.9372];3303.82903;100),(173795.53485;[0.0028];[-0.9472];3038.70816;1;0;[0.003];[-0.947];3041.46274;100),(174483.54578;[0.0001];[-0.9499];2867.17132;1;0;[0.0002];[-0.9498];2869.10272;100),(175669.62242;[0.0001];[-0.9499];2831.86379;1;0;[0.0001];[-0.9499];2833.66684;100),(176401.04318;[0.0001];[-0.9499];2830.29853;1;0;[0.0001];[-0.9499];2832.10584;100),(176826.45011;[0.0001];[-0.9499];2830.29853;1;0;[0.0001];[-0.9499];2832.10584;100),(181909.27601;[0.4447];[-0.5053];4680.28979;1;0;[0.4494];[-0.5006];4707.80636;100),(187099.83444;[0.0495];[-0.9005];3590.70647;1;0;[0.0534];[-0.8966];3598.67039;100),(195049.06583;[0.0561];[-0.8939];3452.94692;1;0;[0.0571];[-0.8929];3457.53583;100),(200847.56136;[0.0087];[-0.9413];3264.85406;1;0;[0.009];[-0.941];3268.29290;100),(206918.43367;[0.0001];[-0.9499];2830.29853;1;0;[0.0001];[-0.9499];2832.10584;100),(208423.53630;[0.0001];[-0.9499];2829.27386;1;0;[0.0001];[-0.9499];2831.07751;100),(212616.27436;[0.4447];[-0.5053];4680.28979;1;0;[0.4494];[-0.5006];4707.80636;100),(218670.11523;[0.0495];[-0.9005];3590.70647;1;0;[0.0534];[-0.8966];3598.67039;100),(225947.82162;[0.0561];[-0.8939];3452.94692;1;0;[0.0571];[-0.8929];3457.53583;100),(230671.25154;[0.0087];[-0.9413];3264.85406;1;0;[0.009];[-0.941];3268.29290;100),(236567.81077;[0.0001];[-0.9499];2829.27386;1;0;[0.0001];[-0.9499];2831.07751;100),(243133.57544;[0.4447];[-0.5053];4680.28979;1;0;[0.4494];[-0.5006];4707.80636;100),(249932.94692;[0.0495];[-0.9005];3590.70647;1;0;[0.0534];[-0.8966];3598.67039;100),(255130.47266;[0.0561];[-0.8939];3452.94692;1;0;[0.0571];[-0.8929];3457.53583;100),(260864.42828;[0.0087];[-0.9413];3264.85406;1;0;[0.009];[-0.941];3268.29290;100),(272089.00046;[0.0036];[-0.9464];3078.87661;1;0;[0.004];[-0.946];3081.77773;100),(273080.77526;[0.0001];[-0.9499];2870.47444;1;0;[0.0002];[-0.9498];2872.37147;100),(273960.68954;[0.0001];[-0.9499];2867.17132;1;0;[0.0002];[-0.9498];2869.10272;100),(275009.96733;[0.0001];[-0.9499];2863.37855;1;0;[0.0002];[-0.9498];2865.30815;100),(280866.67800;[0.4464];[-0.5036];4675.74690;1;0;[0.451];[-0.499];4702.63410;100),(286513.56912;[0.048];[-0.902];3579.40109;1;0;[0.0515];[-0.8985];3586.94967;100),(293237.20217;[0.0377];[-0.9123];3424.41242;1;0;[0.0393];[-0.9107];3428.63040;100),(298606.86731;[0.0106];[-0.9394];3276.75470;1;0;[0.0111];[-0.9389];3280.09949;100),(311438.86375;[0.0027];[-0.9473];3091.53947;1;0;[0.0028];[-0.9472];3094.57279;100),(312145.85662;[0.0001];[-0.9499];2867.17132;1;0;[0.0002];[-0.9498];2869.10272;100),(313292.56105;[0.0001];[-0.9499];2863.37855;1;0;[0.0002];[-0.9498];2865.30815;100),(318551.13912;[0.4492];[-0.5008];4679.19542;1;0;[0.4536];[-0.4964];4705.50171;100),(323971.12131;[0.0655];[-0.8845];3587.95859;1;0;[0.0655];[-0.8845];3595.38600;100),(331662.91714;[0.0385];[-0.9115];3425.61592;1;0;[0.0401];[-0.9099];3429.84429;100),(337010.73575;[0.0108];[-0.9392];3279.78743;1;0;[0.0111];[-0.9389];3283.02244;100),(349922.18089;[0.0036];[-0.9464];3118.70458;1;0;[0.0041];[-0.9459];3121.77122;100),(351888.90982;[0.0027];[-0.9473];3054.76810;1;0;[0.0029];[-0.9471];3057.62612;100),(353702.87132;[0.0026];[-0.9474];3006.21165;1;0;[0.0026];[-0.9474];3008.81201;100),(356754.93169;[0.0001];[-0.9499];2868.99113;1;0;[0.0002];[-0.9498];2870.89425;100),(359270.83683;[0.0001];[-0.9499];2867.67657;1;0;[0.0002];[-0.9498];2869.61109;100),(359791.08763;[0.0001];[-0.9499];2867.17132;1;0;[0.0002];[-0.9498];2869.10272;100),(360315.85097;[0.0001];[-0.9499];2867.17132;1;0;[0.0002];[-0.9498];2869.10272;100),(367134.52983;[0.4506];[-0.4994];4676.62735;1;0;[0.4553];[-0.4947];4702.42033;100),(372263.13806;[0.0729];[-0.8771];3580.62066;1;0;[0.0732];[-0.8768];3587.61606;100),(380041.41331;[0.0436];[-0.9064];3428.56104;1;0;[0.0463];[-0.9037];3432.77713;100),(385621.39106;[0.0105];[-0.9395];3288.32472;1;0;[0.011];[-0.939];3291.75906;100),(398110.21900;[0.0057];[-0.9443];3150.38317;1;0;[0.0064];[-0.9436];3153.60933;100),(399912.15587;[0.0038];[-0.9462];3083.46204;1;0;[0.0045];[-0.9455];3086.35375;100),(401555.65023;[0.0027];[-0.9473];3028.82933;1;0;[0.0028];[-0.9472];3031.49567;100),(403968.33229;[0.0017];[-0.9483];2977.80473;1;0;[0.0012];[-0.9488];2980.28468;100),(419822.50738;[0.4514];[-0.4986];4675.71797;1;0;[0.456];[-0.494];4701.26300;100),(424640.70415;[0.0741];[-0.8759];3584.21655;1;0;[0.0751];[-0.8749];3591.31532;100),(432714.32734;[0.0414];[-0.9086];3430.65396;1;0;[0.0436];[-0.9064];3434.92607;100),(438726.73678;[0.0137];[-0.9363];3295.18859;1;0;[0.0139];[-0.9361];3298.35096;100),(452192.79647;[0.006];[-0.944];3170.78823;1;0;[0.0066];[-0.9434];3174.06802;100),(455445.59741;[0.0056];[-0.9444];3105.48056;1;0;[0.0064];[-0.9436];3108.42656;100),(458582.26085;[0.0037];[-0.9463];3061.06979;1;0;[0.0043];[-0.9457];3063.86640;100),(460816.56837;[0.0026];[-0.9474];3006.92307;1;0;[0.0026];[-0.9474];3009.52054;100),(464870.18418;[0.0026];[-0.9474];3006.21165;1;0;[0.0026];[-0.9474];3008.81201;100),(466788.84840;[0.0027];[-0.9473];3005.92229;1;0;[0.0028];[-0.9472];3008.51941;100),(468586.90953;[0.0027];[-0.9473];3005.23453;1;0;[0.0028];[-0.9472];3007.82682;100),(469112.57386;[0.0027];[-0.9473];3005.23453;1;0;[0.0028];[-0.9472];3007.82682;100),(474536.17501;[0.4519];[-0.4981];4672.83970;1;0;[0.4572];[-0.4928];4697.87808;100),(480376.78099;[0.0716];[-0.8784];3572.78125;1;0;[0.0713];[-0.8787];3579.61257;100),(487809.07154;[0.0311];[-0.9189];3409.46891;1;0;[0.034];[-0.916];3413.84417;100),(493112.57339;[0.0087];[-0.9413];3264.85406;1;0;[0.009];[-0.941];3268.29290;100),(499440.55295;[0.0027];[-0.9473];3005.23453;1;0;[0.0028];[-0.9472];3007.82682;100),(511387.77208;[0.4519];[-0.4981];4672.83970;1;0;[0.4572];[-0.4928];4697.87808;100),(516286.32951;[0.0716];[-0.8784];3572.78125;1;0;[0.0713];[-0.8787];3579.61257;100),(524132.59554;[0.0311];[-0.9189];3409.46891;1;0;[0.034];[-0.916];3413.84417;100),(529386.73997;[0.0087];[-0.9413];3264.85406;1;0;[0.009];[-0.941];3268.29290;100),(542289.63423;[0.0027];[-0.9473];3005.23453;1;0;[0.0028];[-0.9472];3007.82682;100),(547372.21766;[0.4519];[-0.4981];4672.83970;1;0;[0.4572];[-0.4928];4697.87808;100),(552833.64391;[0.0726];[-0.8774];3585.77229;1;0;[0.0722];[-0.8778];3592.98412;100),(559433.16174;[0.0471];[-0.9029];3436.15361;1;0;[0.0493];[-0.9007];3440.71974;100),(564911.27300;[0.0129];[-0.9371];3300.43525;1;0;[0.0128];[-0.9372];3303.82903;100),(570571.85149;[0.0071];[-0.9429];3188.77891;1;0;[0.0077];[-0.9423];3192.00908;100),(573882.35664;[0.006];[-0.944];3115.31681;1;0;[0.0067];[-0.9433];3118.36789;100),(576262.55870;[0.0037];[-0.9463];3060.90336;1;0;[0.0044];[-0.9456];3063.69855;100),(579492.17200;[0.0027];[-0.9473];3028.24590;1;0;[0.0028];[-0.9472];3030.90660;100),(581186.36608;[0.0026];[-0.9474];3006.21165;1;0;[0.0026];[-0.9474];3008.81201;100),(582858.82664;[0.0027];[-0.9473];3005.92229;1;0;[0.0028];[-0.9472];3008.51941;100),(584606.82845;[0.0027];[-0.9473];3005.23453;1;0;[0.0028];[-0.9472];3007.82682;100),(591609.59196;[0.4488];[-0.5012];4622.61289;1;0;[0.4529];[-0.4971];4646.03799;100),(599009.04107;[0.0628];[-0.8872];3561.81986;1;0;[0.0631];[-0.8869];3568.62233;100)]"
5,6,4690.307064768892,0.99533,1,0,[0.4566],[-0.4934],601140.1274204254,"[(32483.82378;[0.4587];[-0.4913];4724.59677;1;0;[0.4513];[-0.4987];4692.68122;100),(42529.56152;[0.4592];[-0.4908];4725.79229;1;0;[0.4516];[-0.4984];4693.70018;100),(47068.06421;[0.4592];[-0.4908];4725.79229;1;0;[0.4516];[-0.4984];4693.70018;100),(52634.88173;[0.4592];[-0.4908];4725.79229;1;0;[0.4516];[-0.4984];4693.70018;100),(57874.99785;[0.4592];[-0.4908];4725.79229;1;0;[0.4516];[-0.4984];4693.70018;100),(62160.11214;[0.4592];[-0.4908];4725.79229;1;0;[0.4516];[-0.4984];4693.70018;100),(63544.92569;[0.3449];[-0.6051];4150.59241;1;0;[0.3392];[-0.6108];4130.68758;100),(64468.68443;[0.014];[-0.936];3488.58826;1;0;[0.0155];[-0.9345];3489.80318;100),(65211.56836;[0.0108];[-0.9392];3311.13827;1;0;[0.0107];[-0.9393];3307.51771;100),(65946.91586;[0.0018];[-0.9482];3074.50484;1;0;[0.003];[-0.947];3070.11680;100),(67588.61613;[0.];[-0.95];2917.87126;1;0;[0.0002];[-0.9498];2913.21857;100),(68431.53691;[0.];[-0.95];2881.36312;1;0;[0.0001];[-0.9499];2877.09474;100),(69264.41765;[0.];[-0.95];2823.52883;1;0;[0.];[-0.95];2819.27965;100),(69700.02794;[0.];[-0.95];2820.71911;1;0;[0.];[-0.95];2816.53897;100),(70282.55463;[0.];[-0.95];2820.71911;1;0;[0.];[-0.95];2816.53897;100),(76668.02287;[0.4587];[-0.4913];4724.59677;1;0;[0.4513];[-0.4987];4692.68122;100),(83749.13239;[0.0395];[-0.9105];3599.36759;1;0;[0.0423];[-0.9077];3599.44051;100),(90162.88114;[0.0563];[-0.8937];3477.01300;1;0;[0.0569];[-0.8931];3470.85332;100),(94953.14932;[0.0123];[-0.9377];3321.78757;1;0;[0.0126];[-0.9374];3317.73918;100),(108148.36574;[0.0073];[-0.9427];3184.12468;1;0;[0.008];[-0.942];3179.10470;100),(109711.46393;[0.0017];[-0.9483];3025.49376;1;0;[0.0026];[-0.9474];3020.35074;100),(113148.87071;[0.];[-0.95];2896.23160;1;0;[0.0002];[-0.9498];2891.24733;100),(114372.14375;[0.];[-0.95];2858.77136;1;0;[0.0001];[-0.9499];2854.20332;100),(115469.36011;[0.];[-0.95];2856.73996;1;0;[0.0001];[-0.9499];2852.14517;100),(116090.76762;[0.];[-0.95];2855.69220;1;0;[0.0001];[-0.9499];2851.11683;100),(120319.69237;[0.4592];[-0.4908];4725.79229;1;0;[0.4516];[-0.4984];4693.70018;100),(126081.26450;[0.0374];[-0.9126];3593.93617;1;0;[0.0407];[-0.9093];3594.17319;100),(133601.30787;[0.0556];[-0.8944];3474.95574;1;0;[0.0556];[-0.8944];3468.84759;100),(139374.49241;[0.0107];[-0.9393];3320.84278;1;0;[0.0108];[-0.9392];3317.22052;100),(143735.40211;[0.];[-0.95];2855.69220;1;0;[0.0001];[-0.9499];2851.11683;100),(150497.83111;[0.4587];[-0.4913];4724.59677;1;0;[0.4513];[-0.4987];4692.68122;100),(156833.51350;[0.0374];[-0.9126];3593.93617;1;0;[0.0407];[-0.9093];3594.17319;100),(163089.55622;[0.0556];[-0.8944];3474.95574;1;0;[0.0556];[-0.8944];3468.84759;100),(168658.63371;[0.0136];[-0.9364];3324.01326;1;0;[0.0141];[-0.9359];3319.81555;100),(180213.46426;[0.0073];[-0.9427];3200.65402;1;0;[0.0079];[-0.9421];3195.81371;100),(180819.75269;[0.003];[-0.947];3056.21772;1;0;[0.0039];[-0.9461];3050.75014;100),(184005.65934;[0.0011];[-0.9489];2996.05995;1;0;[0.0011];[-0.9489];2991.10686;100),(186523.63396;[0.0012];[-0.9488];2974.17607;1;0;[0.0011];[-0.9489];2968.88277;100),(193872.55168;[0.4592];[-0.4908];4725.79229;1;0;[0.4516];[-0.4984];4693.70018;100),(200621.52076;[0.0399];[-0.9101];3584.67807;1;0;[0.0418];[-0.9082];3584.22369;100),(207234.33685;[0.0493];[-0.9007];3469.65413;1;0;[0.0499];[-0.9001];3464.19570;100),(212292.49191;[0.0128];[-0.9372];3327.98916;1;0;[0.0132];[-0.9368];3323.78936;100),(225032.52196;[0.0101];[-0.9399];3220.02897;1;0;[0.0104];[-0.9396];3214.96413;100),(225785.68459;[0.0028];[-0.9472];3076.36702;1;0;[0.0039];[-0.9461];3071.36810;100),(226531.25882;[0.003];[-0.947];3056.21772;1;0;[0.0039];[-0.9461];3050.75014;100),(229677.35791;[0.0029];[-0.9471];3033.37638;1;0;[0.0039];[-0.9461];3027.59970;100),(230737.15472;[0.0029];[-0.9471];3033.37638;1;0;[0.0039];[-0.9461];3027.59970;100),(235095.14403;[0.4587];[-0.4913];4724.59677;1;0;[0.4513];[-0.4987];4692.68122;100),(240999.29500;[0.035];[-0.915];3582.22499;1;0;[0.0374];[-0.9126];3582.12696;100),(247087.51893;[0.0498];[-0.9002];3471.38498;1;0;[0.0501];[-0.8999];3465.72553;100),(252696.53296;[0.0112];[-0.9388];3326.39807;1;0;[0.0115];[-0.9385];3322.65192;100),(257824.95522;[0.0029];[-0.9471];3033.37638;1;0;[0.0039];[-0.9461];3027.59970;100),(263157.43518;[0.0017];[-0.9483];3020.12106;1;0;[0.0026];[-0.9474];3014.98989;100),(268387.64930;[0.4637];[-0.4863];4731.95207;1;0;[0.4565];[-0.4935];4698.69366;100),(273796.60916;[0.0374];[-0.9126];3574.36001;1;0;[0.0389];[-0.9111];3573.63923;100),(280546.19956;[0.039];[-0.911];3449.18971;1;0;[0.0394];[-0.9106];3443.97640;100),(286257.15065;[0.0128];[-0.9372];3327.98916;1;0;[0.0132];[-0.9368];3323.78936;100),(293341.35747;[0.0017];[-0.9483];3020.12106;1;0;[0.0026];[-0.9474];3014.98989;100),(301250.61750;[0.4637];[-0.4863];4731.95207;1;0;[0.4565];[-0.4935];4698.69366;100),(306704.56648;[0.0374];[-0.9126];3574.36001;1;0;[0.0389];[-0.9111];3573.63923;100),(314491.21261;[0.039];[-0.911];3449.18971;1;0;[0.0394];[-0.9106];3443.97640;100),(320290.46774;[0.0128];[-0.9372];3327.98916;1;0;[0.0132];[-0.9368];3323.78936;100),(331615.14616;[0.0097];[-0.9403];3231.59789;1;0;[0.0098];[-0.9402];3226.78366;100),(332352.86808;[0.0032];[-0.9468];3056.80644;1;0;[0.0039];[-0.9461];3051.32047;100),(334024.97983;[0.003];[-0.947];3056.21772;1;0;[0.0039];[-0.9461];3050.75014;100),(334407.16743;[0.003];[-0.947];3056.21772;1;0;[0.0039];[-0.9461];3050.75014;100),(340463.70339;[0.4639];[-0.4861];4723.94607;1;0;[0.4566];[-0.4934];4690.30706;100),(345312.34694;[0.0359];[-0.9141];3571.80332;1;0;[0.0378];[-0.9122];3571.12648;100),(352786.03411;[0.039];[-0.911];3449.18971;1;0;[0.0394];[-0.9106];3443.97640;100),(358340.00278;[0.0139];[-0.9361];3332.41326;1;0;[0.014];[-0.936];3328.19714;100),(368967.49568;[0.0068];[-0.9432];3231.91940;1;0;[0.0076];[-0.9424];3227.51838;100),(371845.46566;[0.0042];[-0.9458];3153.29500;1;0;[0.0061];[-0.9439];3148.76704;100),(373423.79713;[0.0026];[-0.9474];3129.67479;1;0;[0.0035];[-0.9465];3125.54285;100),(373928.88880;[0.0028];[-0.9472];3098.03342;1;0;[0.0037];[-0.9463];3093.40588;100),(375715.77835;[0.003];[-0.947];3056.21772;1;0;[0.0039];[-0.9461];3050.75014;100),(376066.57839;[0.003];[-0.947];3056.21772;1;0;[0.0039];[-0.9461];3050.75014;100),(382271.08836;[0.4633];[-0.4867];4710.84919;1;0;[0.4558];[-0.4942];4676.93111;100),(389224.62153;[0.0546];[-0.8954];3576.09094;1;0;[0.054];[-0.896];3573.30578;100),(396507.17998;[0.0385];[-0.9115];3450.07149;1;0;[0.0392];[-0.9108];3444.92620;100),(402377.30980;[0.0124];[-0.9376];3333.93563;1;0;[0.0127];[-0.9373];3330.12510;100),(413714.08176;[0.0062];[-0.9438];3239.28565;1;0;[0.0073];[-0.9427];3235.09950;100),(416263.72766;[0.0074];[-0.9426];3179.10824;1;0;[0.0079];[-0.9421];3173.98781;100),(418007.33066;[0.0026];[-0.9474];3129.67479;1;0;[0.0035];[-0.9465];3125.54285;100),(420925.42148;[0.0026];[-0.9474];3112.84454;1;0;[0.0035];[-0.9465];3108.56596;100),(422619.41385;[0.0028];[-0.9472];3098.03342;1;0;[0.0037];[-0.9463];3093.40588;100),(425489.96925;[0.003];[-0.947];3056.21772;1;0;[0.0039];[-0.9461];3050.75014;100),(425985.39805;[0.003];[-0.947];3056.21772;1;0;[0.0039];[-0.9461];3050.75014;100),(430383.37660;[0.462];[-0.488];4689.80939;1;0;[0.4542];[-0.4958];4655.24918;100),(436089.18214;[0.0551];[-0.8949];3577.57645;1;0;[0.0552];[-0.8948];3574.86516;100),(443879.69613;[0.0385];[-0.9115];3450.07149;1;0;[0.0392];[-0.9108];3444.92620;100),(448633.84581;[0.0168];[-0.9332];3343.55579;1;0;[0.0161];[-0.9339];3339.05986;100),(454000.26178;[0.003];[-0.947];3056.21772;1;0;[0.0039];[-0.9461];3050.75014;100),(458080.09505;[0.003];[-0.947];3056.21772;1;0;[0.0039];[-0.9461];3050.75014;100),(464881.04296;[0.3432];[-0.6068];4389.21895;1;0;[0.3385];[-0.6115];4380.30751;100),(471475.07977;[0.0571];[-0.8929];3568.56446;1;0;[0.057];[-0.893];3565.22312;100),(479336.45010;[0.036];[-0.914];3433.96358;1;0;[0.0372];[-0.9128];3428.77129;100),(484816.82062;[0.0099];[-0.9401];3301.69592;1;0;[0.0099];[-0.9401];3297.86911;100),(490534.19876;[0.003];[-0.947];3056.21772;1;0;[0.0039];[-0.9461];3050.75014;100),(497869.17996;[0.3432];[-0.6068];4389.21895;1;0;[0.3385];[-0.6115];4380.30751;100),(504595.69621;[0.0571];[-0.8929];3568.56446;1;0;[0.057];[-0.893];3565.22312;100),(512009.85646;[0.036];[-0.914];3433.96358;1;0;[0.0372];[-0.9128];3428.77129;100),(516537.03570;[0.0099];[-0.9401];3301.69592;1;0;[0.0099];[-0.9401];3297.86911;100),(524246.84787;[0.003];[-0.947];3056.21772;1;0;[0.0039];[-0.9461];3050.75014;100),(529646.63577;[0.3432];[-0.6068];4389.21895;1;0;[0.3385];[-0.6115];4380.30751;100),(534963.16695;[0.0551];[-0.8949];3577.57645;1;0;[0.0552];[-0.8948];3574.86516;100),(541408.46896;[0.0385];[-0.9115];3450.07149;1;0;[0.0392];[-0.9108];3444.92620;100),(546549.79205;[0.0168];[-0.9332];3343.55579;1;0;[0.0161];[-0.9339];3339.05986;100),(551911.61084;[0.0055];[-0.9445];3249.02501;1;0;[0.0066];[-0.9434];3245.18021;100),(554674.42536;[0.0049];[-0.9451];3196.15425;1;0;[0.0064];[-0.9436];3191.79890;100),(556250.72837;[0.0038];[-0.9462];3149.64488;1;0;[0.0052];[-0.9448];3145.23190;100),(557851.53604;[0.0026];[-0.9474];3112.84454;1;0;[0.0035];[-0.9465];3108.56596;100),(563381.44517;[0.0028];[-0.9472];3098.03342;1;0;[0.0037];[-0.9463];3093.40588;100),(570725.64507;[0.3627];[-0.5873];4387.48765;1;0;[0.3546];[-0.5954];4373.75054;100),(577704.18310;[0.0624];[-0.8876];3561.81861;1;0;[0.0626];[-0.8874];3557.59230;100),(584997.80393;[0.0318];[-0.9182];3433.91180;1;0;[0.034];[-0.916];3428.98514;100),(589063.56382;[0.0108];[-0.9392];3307.59844;1;0;[0.011];[-0.939];3303.74866;100)]"
5,9,4704.978173065685,0.99845,1,0,[0.456],[-0.494],602577.1472454071,"[(31357.02991;[0.3304];[-0.6196];4568.19090;1;0;[0.3298];[-0.6202];4592.45196;100),(46806.80442;[0.3304];[-0.6196];4568.75371;1;0;[0.3298];[-0.6202];4593.74700;100),(52594.59758;[0.3304];[-0.6196];4568.75371;1;0;[0.3298];[-0.6202];4593.74700;100),(57387.90965;[0.3304];[-0.6196];4568.75371;1;0;[0.3298];[-0.6202];4593.74700;100),(62961.24387;[0.3304];[-0.6196];4568.75371;1;0;[0.3298];[-0.6202];4593.74700;100),(68509.07016;[0.3304];[-0.6196];4568.75371;1;0;[0.3298];[-0.6202];4593.74700;100),(69426.25713;[0.1544];[-0.7956];3604.31794;1;0;[0.1571];[-0.7929];3604.12293;100),(70121.47903;[0.0267];[-0.9233];3301.30704;1;0;[0.0248];[-0.9252];3300.98579;100),(71162.18758;[0.0205];[-0.9295];3186.11857;1;0;[0.0181];[-0.9319];3185.64295;100),(72654.89197;[0.0183];[-0.9317];3126.39118;1;0;[0.016];[-0.934];3125.88435;100),(76249.00174;[0.0135];[-0.9365];3096.36529;1;0;[0.0123];[-0.9377];3095.87215;100),(77870.74971;[0.01];[-0.94];3079.93048;1;0;[0.01];[-0.94];3079.48517;100),(79638.27872;[0.009];[-0.941];3065.27678;1;0;[0.0086];[-0.9414];3064.82711;100),(83842.19456;[0.0074];[-0.9426];3053.39724;1;0;[0.0071];[-0.9429];3052.99812;100),(86575.61040;[0.0046];[-0.9454];3014.52277;1;0;[0.0046];[-0.9454];3014.02950;100),(92590.44552;[0.4512];[-0.4988];4709.17042;1;0;[0.4484];[-0.5016];4702.40298;100),(114176.29862;[0.3292];[-0.6208];4572.92487;1;0;[0.3279];[-0.6221];4601.25934;200),(125191.96224;[0.3292];[-0.6208];4572.92487;1;0;[0.3279];[-0.6221];4601.25934;200),(134847.30291;[0.3292];[-0.6208];4572.92487;1;0;[0.3279];[-0.6221];4601.25934;200),(145599.06793;[0.3292];[-0.6208];4574.66082;1;0;[0.3279];[-0.6221];4602.66146;200),(156056.21696;[0.3292];[-0.6208];4574.66082;1;0;[0.3279];[-0.6221];4602.66146;200),(166026.90554;[0.3292];[-0.6208];4574.66082;1;0;[0.3279];[-0.6221];4602.66146;200),(167236.07087;[0.1445];[-0.8055];3591.06890;1;0;[0.1477];[-0.8023];3590.86095;200),(169971.80104;[0.0231];[-0.9269];3334.02749;1;0;[0.0217];[-0.9283];3333.98280;200),(172013.20815;[0.0087];[-0.9413];3140.48489;1;0;[0.0084];[-0.9416];3140.29708;200),(173720.69931;[0.0045];[-0.9455];3015.97060;1;0;[0.0046];[-0.9454];3015.48144;200),(176312.96015;[0.0011];[-0.9489];2903.70498;1;0;[0.0006];[-0.9494];2903.29216;200),(177799.33000;[0.0004];[-0.9496];2870.12355;1;0;[0.0002];[-0.9498];2869.73573;200),(178733.03199;[0.0003];[-0.9497];2869.98471;1;0;[0.0002];[-0.9498];2869.61109;200),(179285.06637;[0.0003];[-0.9497];2869.47606;1;0;[0.0002];[-0.9498];2869.10272;200),(179707.12829;[0.0003];[-0.9497];2869.47606;1;0;[0.0002];[-0.9498];2869.10272;200),(187774.35040;[0.4574];[-0.4926];4711.00747;1;0;[0.4554];[-0.4946];4705.55818;200),(197523.00525;[0.3594];[-0.5906];4190.43605;1;0;[0.3622];[-0.5878];4186.88410;200),(209114.24947;[0.0939];[-0.8561];3516.58152;1;0;[0.0957];[-0.8543];3516.49335;200),(219285.33769;[0.0293];[-0.9207];3340.49631;1;0;[0.0291];[-0.9209];3340.29459;200),(230564.36706;[0.0096];[-0.9404];3146.98613;1;0;[0.0093];[-0.9407];3146.76429;200),(246350.93474;[0.0003];[-0.9497];2869.47606;1;0;[0.0002];[-0.9498];2869.10272;200),(248024.17159;[0.0003];[-0.9497];2869.47606;1;0;[0.0002];[-0.9498];2869.10272;200),(256428.24435;[0.4577];[-0.4923];4710.50452;1;0;[0.456];[-0.494];4704.97817;200),(265864.01868;[0.3625];[-0.5875];4205.47210;1;0;[0.3657];[-0.5843];4201.97565;200),(276786.03601;[0.0975];[-0.8525];3523.81652;1;0;[0.1002];[-0.8498];3523.65152;200),(286474.56121;[0.0281];[-0.9219];3361.96936;1;0;[0.0274];[-0.9226];3361.96524;200),(295626.32298;[0.0114];[-0.9386];3201.79519;1;0;[0.0114];[-0.9386];3201.67289;200),(304759.82428;[0.0003];[-0.9497];2869.47606;1;0;[0.0002];[-0.9498];2869.10272;200),(315096.50302;[0.4577];[-0.4923];4710.50452;1;0;[0.456];[-0.494];4704.97817;200),(324430.89104;[0.3625];[-0.5875];4205.47210;1;0;[0.3657];[-0.5843];4201.97565;200),(336006.08611;[0.0975];[-0.8525];3523.81652;1;0;[0.1002];[-0.8498];3523.65152;200),(346717.74983;[0.0281];[-0.9219];3361.96936;1;0;[0.0274];[-0.9226];3361.96524;200),(355560.70161;[0.0112];[-0.9388];3202.13241;1;0;[0.011];[-0.939];3201.98205;200),(374681.69594;[0.0061];[-0.9439];3060.32959;1;0;[0.0064];[-0.9436];3059.92097;200),(376962.28266;[0.0031];[-0.9469];2991.14229;1;0;[0.0029];[-0.9471];2990.61537;200),(379196.87748;[0.001];[-0.949];2900.65182;1;0;[0.0006];[-0.9494];2900.22497;200),(381141.84713;[0.0003];[-0.9497];2869.98471;1;0;[0.0002];[-0.9498];2869.61109;200),(383832.46088;[0.0003];[-0.9497];2869.47606;1;0;[0.0002];[-0.9498];2869.10272;200),(395718.67847;[0.4574];[-0.4926];4711.00747;1;0;[0.4554];[-0.4946];4705.55818;200),(404554.16512;[0.3597];[-0.5903];4192.17139;1;0;[0.3628];[-0.5872];4188.63550;200),(415486.88054;[0.0967];[-0.8533];3522.55479;1;0;[0.0989];[-0.8511];3522.37119;200),(425366.43839;[0.0281];[-0.9219];3361.96936;1;0;[0.0274];[-0.9226];3361.96524;200),(434104.00677;[0.0129];[-0.9371];3209.95074;1;0;[0.0124];[-0.9376];3209.79556;200),(454596.73476;[0.0032];[-0.9468];3065.34004;1;0;[0.0031];[-0.9469];3065.10381;200),(457261.08742;[0.0031];[-0.9469];2991.14229;1;0;[0.0029];[-0.9471];2990.61537;200),(461830.64795;[0.0018];[-0.9482];2956.59407;1;0;[0.0013];[-0.9487];2956.07777;200),(464304.93021;[0.0003];[-0.9497];2869.47606;1;0;[0.0002];[-0.9498];2869.10272;200),(467419.82055;[0.0003];[-0.9497];2869.47606;1;0;[0.0002];[-0.9498];2869.10272;200),(476212.14795;[0.4577];[-0.4923];4710.50452;1;0;[0.456];[-0.494];4704.97817;200),(484876.36018;[0.3611];[-0.5889];4196.36919;1;0;[0.364];[-0.586];4192.79802;200),(495194.71288;[0.0969];[-0.8531];3521.75005;1;0;[0.0994];[-0.8506];3521.59772;200),(504718.76836;[0.0284];[-0.9216];3362.17679;1;0;[0.0278];[-0.9222];3362.18724;200),(514221.39502;[0.0144];[-0.9356];3211.56639;1;0;[0.0133];[-0.9367];3211.37893;200),(534614.27093;[0.0039];[-0.9461];3077.08274;1;0;[0.004];[-0.946];3076.79303;200),(536291.99743;[0.0031];[-0.9469];3008.97685;1;0;[0.0028];[-0.9472];3008.51941;200),(539271.64435;[0.0031];[-0.9469];2990.67205;1;0;[0.0029];[-0.9471];2990.14856;200),(543008.10242;[0.0017];[-0.9483];2955.58695;1;0;[0.0012];[-0.9488];2955.06403;200),(549860.96740;[0.0019];[-0.9481];2954.88068;1;0;[0.0013];[-0.9487];2954.34749;200),(557535.20656;[0.4577];[-0.4923];4710.50452;1;0;[0.456];[-0.494];4704.97817;200),(566582.03077;[0.3579];[-0.5921];4175.78378;1;0;[0.3614];[-0.5886];4172.00307;200),(577925.89331;[0.0925];[-0.8575];3513.31395;1;0;[0.0935];[-0.8565];3513.23577;200),(587010.00500;[0.029];[-0.921];3364.11116;1;0;[0.0293];[-0.9207];3364.08643;200),(595309.66473;[0.0145];[-0.9355];3217.39168;1;0;[0.0132];[-0.9368];3217.18592;200)]"
5,10,4652.580569989333,0.98733,1,0,[0.4203],[-0.5297],605019.2773342133,"[(31796.05508;[0.3124];[-0.6376];4648.61839;1;0;[0.3068];[-0.6432];4498.42286;100),(32538.36513;[0.3126];[-0.6374];4651.00378;1;0;[0.3073];[-0.6427];4499.31907;200),(52384.46498;[0.3126];[-0.6374];4651.00378;1;0;[0.3073];[-0.6427];4499.31907;200),(62678.18284;[0.3126];[-0.6374];4651.00378;1;0;[0.3073];[-0.6427];4499.31907;200),(72144.60731;[0.3126];[-0.6374];4651.00378;1;0;[0.3073];[-0.6427];4499.31907;200),(83279.29735;[0.3126];[-0.6374];4651.00378;1;0;[0.3073];[-0.6427];4499.31907;200),(92856.50158;[0.3126];[-0.6374];4651.00378;1;0;[0.3073];[-0.6427];4499.31907;200),(100526.97372;[0.3126];[-0.6374];4651.00378;1;0;[0.3073];[-0.6427];4499.31907;200),(102593.58239;[0.1896];[-0.7604];3666.56733;1;0;[0.1814];[-0.7686];3638.78769;200),(104375.34881;[0.0998];[-0.8502];3477.80765;1;0;[0.09];[-0.86];3460.71088;200),(105245.61906;[0.0226];[-0.9274];3309.62934;1;0;[0.0196];[-0.9304];3298.55514;200),(107788.78975;[0.0074];[-0.9426];3058.55773;1;0;[0.0069];[-0.9431];3048.96203;200),(108595.57295;[0.0003];[-0.9497];2878.08205;1;0;[0.0002];[-0.9498];2871.21295;200),(109733.14667;[0.0002];[-0.9498];2841.59495;1;0;[0.0001];[-0.9499];2835.33236;200),(110408.26702;[0.];[-0.95];2804.38696;1;0;[0.];[-0.95];2798.76598;200),(111452.70848;[0.];[-0.95];2759.16027;1;0;[0.];[-0.95];2754.19299;200),(112458.10413;[0.];[-0.95];2755.95592;1;0;[0.];[-0.95];2751.01576;200),(113990.50093;[0.];[-0.95];2755.01281;1;0;[0.];[-0.95];2750.09499;200),(122999.97354;[0.437];[-0.513];4739.37023;1;0;[0.4203];[-0.5297];4652.58057;200),(136526.28231;[0.4067];[-0.5433];4344.56251;1;0;[0.3931];[-0.5569];4301.63670;200),(147499.66192;[0.1214];[-0.8286];3558.98647;1;0;[0.1148];[-0.8352];3542.39886;200),(158573.22574;[0.0328];[-0.9172];3353.14085;1;0;[0.0299];[-0.9201];3342.53576;200),(169214.48469;[0.0077];[-0.9423];3060.53432;1;0;[0.0071];[-0.9429];3050.96123;200),(185760.20598;[0.];[-0.95];2755.01281;1;0;[0.];[-0.95];2750.09499;200),(199377.06900;[0.437];[-0.513];4739.37023;1;0;[0.4203];[-0.5297];4652.58057;200),(214136.36231;[0.4099];[-0.5401];4360.82465;1;0;[0.3954];[-0.5546];4318.00954;200),(224066.38789;[0.1269];[-0.8231];3564.57585;1;0;[0.1219];[-0.8281];3546.81411;200),(235104.45046;[0.0364];[-0.9136];3375.27452;1;0;[0.0339];[-0.9161];3364.38166;200),(245471.03739;[0.0158];[-0.9342];3151.44716;1;0;[0.0144];[-0.9356];3140.74578;200),(262937.44588;[0.0012];[-0.9488];2939.77066;1;0;[0.0011];[-0.9489];2931.89552;200),(263947.55387;[0.0002];[-0.9498];2842.00454;1;0;[0.0001];[-0.9499];2835.72430;200),(264830.66630;[0.];[-0.95];2806.05097;1;0;[0.];[-0.95];2800.40399;200),(265437.31856;[0.];[-0.95];2798.65524;1;0;[0.];[-0.95];2793.03781;200),(266124.73154;[0.];[-0.95];2755.01281;1;0;[0.];[-0.95];2750.09499;200),(274998.00611;[0.437];[-0.513];4739.37023;1;0;[0.4203];[-0.5297];4652.58057;200),(288338.91964;[0.4068];[-0.5432];4355.15301;1;0;[0.3933];[-0.5567];4312.69520;200),(298426.69010;[0.1261];[-0.8239];3576.83399;1;0;[0.1198];[-0.8302];3560.86409;200),(309023.81802;[0.0395];[-0.9105];3382.38129;1;0;[0.0368];[-0.9132];3371.15782;200),(319244.89689;[0.0139];[-0.9361];3183.38376;1;0;[0.0127];[-0.9373];3173.33244;200),(336170.25399;[0.0015];[-0.9485];2965.19915;1;0;[0.0014];[-0.9486];2957.23190;200),(337918.92767;[0.0002];[-0.9498];2842.71724;1;0;[0.0001];[-0.9499];2836.50889;200),(338795.71390;[0.0002];[-0.9498];2840.96974;1;0;[0.0001];[-0.9499];2834.72783;200),(339522.77613;[0.];[-0.95];2780.92184;1;0;[0.];[-0.95];2775.51379;200),(348973.35029;[0.437];[-0.513];4739.37023;1;0;[0.4203];[-0.5297];4652.58057;200),(361511.94358;[0.4089];[-0.5411];4362.58039;1;0;[0.3941];[-0.5559];4320.29497;200),(371183.23708;[0.1338];[-0.8162];3565.97934;1;0;[0.1292];[-0.8208];3547.41745;200),(382293.18428;[0.0498];[-0.9002];3384.24058;1;0;[0.047];[-0.903];3372.10911;200),(392146.90328;[0.0124];[-0.9376];3211.02935;1;0;[0.0114];[-0.9386];3201.67289;200),(410791.10718;[0.0055];[-0.9445];3023.12362;1;0;[0.0046];[-0.9454];3014.02950;200),(411456.74324;[0.0006];[-0.9494];2910.16746;1;0;[0.0006];[-0.9494];2902.80407;200),(413121.87791;[0.0002];[-0.9498];2842.00454;1;0;[0.0001];[-0.9499];2835.72430;200),(413912.41550;[0.0002];[-0.9498];2840.96974;1;0;[0.0001];[-0.9499];2834.72783;200),(414376.22333;[0.0002];[-0.9498];2840.13106;1;0;[0.0001];[-0.9499];2833.91058;200),(414971.34757;[0.0002];[-0.9498];2840.13106;1;0;[0.0001];[-0.9499];2833.91058;200),(423356.54521;[0.437];[-0.513];4739.37023;1;0;[0.4203];[-0.5297];4652.58057;200),(436930.83382;[0.4068];[-0.5432];4349.56820;1;0;[0.3934];[-0.5566];4306.95597;200),(447070.92738;[0.1278];[-0.8222];3566.03809;1;0;[0.1207];[-0.8293];3549.66998;200),(458231.39191;[0.0437];[-0.9063];3395.62084;1;0;[0.0397];[-0.9103];3384.30034;200),(468699.20945;[0.0141];[-0.9359];3226.96835;1;0;[0.0133];[-0.9367];3217.20998;200),(476495.56828;[0.0002];[-0.9498];2840.13106;1;0;[0.0001];[-0.9499];2833.91058;200),(485635.92553;[0.437];[-0.513];4739.37023;1;0;[0.4203];[-0.5297];4652.58057;200),(497624.58372;[0.4068];[-0.5432];4349.56820;1;0;[0.3934];[-0.5566];4306.95597;200),(507093.46843;[0.1278];[-0.8222];3566.03809;1;0;[0.1207];[-0.8293];3549.66998;200),(516509.92846;[0.0437];[-0.9063];3395.62084;1;0;[0.0397];[-0.9103];3384.30034;200),(525478.39379;[0.0141];[-0.9359];3226.96835;1;0;[0.0133];[-0.9367];3217.20998;200),(542447.93224;[0.0056];[-0.9444];3032.11790;1;0;[0.005];[-0.945];3023.04356;200),(543371.70339;[0.0006];[-0.9494];2910.96331;1;0;[0.0006];[-0.9494];2903.56183;200),(543967.49139;[0.0003];[-0.9497];2875.88075;1;0;[0.0002];[-0.9498];2869.10272;200),(544562.68358;[0.0002];[-0.9498];2840.96974;1;0;[0.0001];[-0.9499];2834.72783;200),(545090.51299;[0.0002];[-0.9498];2840.13106;1;0;[0.0001];[-0.9499];2833.91058;200),(552668.86163;[0.437];[-0.513];4739.37023;1;0;[0.4203];[-0.5297];4652.58057;200),(565253.36933;[0.4068];[-0.5432];4358.32602;1;0;[0.393];[-0.557];4316.16703;200),(573961.20906;[0.1285];[-0.8215];3567.68122;1;0;[0.1218];[-0.8282];3551.11075;200),(583827.86727;[0.0425];[-0.9075];3403.15960;1;0;[0.0382];[-0.9118];3392.09683;200),(591738.46483;[0.0171];[-0.9329];3241.28518;1;0;[0.0155];[-0.9345];3231.15590;200)]"
